  0
SECTION
  2
HEADER
  9
$ANGBASE
  50
0.0
  9
$ANGDIR
  70
1
  9
$MEASUREMENT
  70
0
  0
ENDSEC
  0
SECTION
  2
TABLES
  0
TABLE
  2
LTYPE
  70
4
  0
LTYPE
  5
40F
  2
CONTINUOUS
  70
0
  3
Solid line
  72
65
  73
0
  40
0.0
  0
LTYPE
  5
410
  2
DASHDOT
 70
0
  3
Dash Dot ____ _ ____ _
 72
65
 73
4
 40
2.0
 49
1.25
 49
-0.25
 49
0.25
 49
-0.25
  0
LTYPE
  5
411
  2
DASHED
 70
0
  3
Dashed __ __ __ __ __
 72
65
 73
2
 40
0.75
 49
0.5
 49
-0.25
  0
LTYPE
  5
43B
  2
DOTTED
 70
0
  3
Dotted .  .  .  .
 72
65
 73
2
 40
0.2
 49
0.0
 49
-0.2
  0
ENDTAB
  0
TABLE
  2
STYLE
  70
4
  0
STYLE
  2
KICAD
  70
0
  40
0
  41
1
  42
1
  50
0
  71
0
  3
isocp.shx
  0
STYLE
  2
KICADB
  70
0
  40
0
  41
1
  42
1
  50
0
  71
0
  3
isocp.shx
  0
STYLE
  2
KICADI
  70
0
  40
0
  41
1
  42
1
  50
15
  71
0
  3
isocp.shx
  0
STYLE
  2
KICADBI
  70
0
  40
0
  41
1
  42
1
  50
15
  71
0
  3
isocp.shx
  0
ENDTAB
  0
TABLE
  2
LAYER
  70
1
  0
LAYER
  2
BLACK
  70
0
  62
7
  6
CONTINUOUS
  0
ENDTAB
  0
ENDSEC
  0
SECTION
  2
ENTITIES
0
LINE
8
BLACK
6
CONTINUOUS
10
5.1476377952755907
20
-3.6387795275590551
11
5.1549870866141729
21
-3.6394225196850392
0
LINE
8
BLACK
6
CONTINUOUS
10
5.1549870866141729
20
-3.6394225196850392
11
5.162113070866142
21
-3.6413318897637796
0
LINE
8
BLACK
6
CONTINUOUS
10
5.162113070866142
20
-3.6413318897637796
11
5.168799212598425
21
-3.6444497244094487
0
LINE
8
BLACK
6
CONTINUOUS
10
5.168799212598425
20
-3.6444497244094487
11
5.1748424015748027
21
-3.6486811811023623
0
LINE
8
BLACK
6
CONTINUOUS
10
5.1748424015748027
20
-3.6486811811023623
11
5.1800589763779525
21
-3.6538977559055117
0
LINE
8
BLACK
6
CONTINUOUS
10
5.1800589763779525
20
-3.6538977559055117
11
5.1842904330708661
21
-3.6599409448818898
0
LINE
8
BLACK
6
CONTINUOUS
10
5.1842904330708661
20
-3.6599409448818898
11
5.1874082677165356
21
-3.6666270866141732
0
LINE
8
BLACK
6
CONTINUOUS
10
5.1874082677165356
20
-3.6666270866141732
11
5.1893176377952752
21
-3.6737530708661414
0
LINE
8
BLACK
6
CONTINUOUS
10
5.1893176377952752
20
-3.6737530708661414
11
5.1899606299212593
21
-3.6811023622047245
0
LINE
8
BLACK
6
CONTINUOUS
10
5.1899606299212593
20
-3.6811023622047245
11
5.1899606299212593
21
-3.9862204724409449
0
LINE
8
BLACK
6
CONTINUOUS
10
5.1899606299212593
20
-3.9862204724409449
11
5.1893176377952752
21
-3.9935697637795275
0
LINE
8
BLACK
6
CONTINUOUS
10
5.1893176377952752
20
-3.9935697637795275
11
5.1874082677165356
21
-4.0006957480314957
0
LINE
8
BLACK
6
CONTINUOUS
10
5.1874082677165356
20
-4.0006957480314957
11
5.1842904330708661
21
-4.0073818897637796
0
LINE
8
BLACK
6
CONTINUOUS
10
5.1842904330708661
20
-4.0073818897637796
11
5.1800589763779525
21
-4.0134250787401573
0
LINE
8
BLACK
6
CONTINUOUS
10
5.1800589763779525
20
-4.0134250787401573
11
5.1748424015748027
21
-4.0186416535433072
0
LINE
8
BLACK
6
CONTINUOUS
10
5.1748424015748027
20
-4.0186416535433072
11
5.168799212598425
21
-4.0228731102362207
0
LINE
8
BLACK
6
CONTINUOUS
10
5.168799212598425
20
-4.0228731102362207
11
5.162113070866142
21
-4.0259909448818894
0
LINE
8
BLACK
6
CONTINUOUS
10
5.162113070866142
20
-4.0259909448818894
11
5.1549870866141729
21
-4.0279003149606298
0
LINE
8
BLACK
6
CONTINUOUS
10
5.1549870866141729
20
-4.0279003149606298
11
5.1476377952755907
21
-4.0285433070866139
0
LINE
8
BLACK
6
CONTINUOUS
10
5.1476377952755907
20
-4.0285433070866139
11
4.9704724409448815
21
-4.0285433070866139
0
LINE
8
BLACK
6
CONTINUOUS
10
4.9704724409448815
20
-4.0285433070866139
11
4.9698963779527556
21
-4.0284865748031491
0
LINE
8
BLACK
6
CONTINUOUS
10
4.9698963779527556
20
-4.0284865748031491
11
4.9688319685039373
21
-4.0280456692913384
0
LINE
8
BLACK
6
CONTINUOUS
10
4.9688319685039373
20
-4.0280456692913384
11
4.9680173228346458
21
-4.027231023622047
0
LINE
8
BLACK
6
CONTINUOUS
10
4.9680173228346458
20
-4.027231023622047
11
4.9675764173228343
21
-4.0261666141732286
0
LINE
8
BLACK
6
CONTINUOUS
10
4.9675764173228343
20
-4.0261666141732286
11
4.9675764173228343
21
-4.025014488188976
0
LINE
8
BLACK
6
CONTINUOUS
10
4.9675764173228343
20
-4.025014488188976
11
4.9680173228346458
21
-4.0239500787401576
0
LINE
8
BLACK
6
CONTINUOUS
10
4.9680173228346458
20
-4.0239500787401576
11
4.9688319685039373
21
-4.0231354330708662
0
LINE
8
BLACK
6
CONTINUOUS
10
4.9688319685039373
20
-4.0231354330708662
11
4.9698963779527556
21
-4.0226945275590547
0
LINE
8
BLACK
6
CONTINUOUS
10
4.9698963779527556
20
-4.0226945275590547
11
4.9704724409448815
21
-4.0226377952755907
0
LINE
8
BLACK
6
CONTINUOUS
10
4.9704724409448815
20
-4.0226377952755907
11
5.1476377952755907
21
-4.0226377952755907
0
LINE
8
BLACK
6
CONTINUOUS
10
5.1476377952755907
20
-4.0226377952755907
11
5.1508238976377951
21
-4.0226377952755907
0
LINE
8
BLACK
6
CONTINUOUS
10
5.1508238976377951
20
-4.0226377952755907
11
5.1570992913385822
21
-4.0215312598425195
0
LINE
8
BLACK
6
CONTINUOUS
10
5.1570992913385822
20
-4.0215312598425195
11
5.163087204724409
21
-4.0193518503937007
0
LINE
8
BLACK
6
CONTINUOUS
10
5.163087204724409
20
-4.0193518503937007
11
5.168605708661417
21
-4.0161657480314963
0
LINE
8
BLACK
6
CONTINUOUS
10
5.168605708661417
20
-4.0161657480314963
11
5.1734870866141733
21
-4.0120697637795271
0
LINE
8
BLACK
6
CONTINUOUS
10
5.1734870866141733
20
-4.0120697637795271
11
5.1775830708661417
21
-4.0071883858267716
0
LINE
8
BLACK
6
CONTINUOUS
10
5.1775830708661417
20
-4.0071883858267716
11
5.1807691732283461
21
-4.0016698818897636
0
LINE
8
BLACK
6
CONTINUOUS
10
5.1807691732283461
20
-4.0016698818897636
11
5.1829485826771649
21
-3.9956819685039369
0
LINE
8
BLACK
6
CONTINUOUS
10
5.1829485826771649
20
-3.9956819685039369
11
5.1840551181102361
21
-3.9894065748031493
0
LINE
8
BLACK
6
CONTINUOUS
10
5.1840551181102361
20
-3.9894065748031493
11
5.1840551181102361
21
-3.9862204724409449
0
LINE
8
BLACK
6
CONTINUOUS
10
5.1840551181102361
20
-3.9862204724409449
11
5.1840551181102361
21
-3.6811023622047245
0
LINE
8
BLACK
6
CONTINUOUS
10
5.1840551181102361
20
-3.6811023622047245
11
5.1840551181102361
21
-3.6779162598425197
0
LINE
8
BLACK
6
CONTINUOUS
10
5.1840551181102361
20
-3.6779162598425197
11
5.1829485826771649
21
-3.6716408661417321
0
LINE
8
BLACK
6
CONTINUOUS
10
5.1829485826771649
20
-3.6716408661417321
11
5.1807691732283461
21
-3.6656529527559054
0
LINE
8
BLACK
6
CONTINUOUS
10
5.1807691732283461
20
-3.6656529527559054
11
5.1775830708661417
21
-3.6601344488188974
0
LINE
8
BLACK
6
CONTINUOUS
10
5.1775830708661417
20
-3.6601344488188974
11
5.1734870866141733
21
-3.6552530708661415
0
LINE
8
BLACK
6
CONTINUOUS
10
5.1734870866141733
20
-3.6552530708661415
11
5.168605708661417
21
-3.6511570866141732
0
LINE
8
BLACK
6
CONTINUOUS
10
5.168605708661417
20
-3.6511570866141732
11
5.163087204724409
21
-3.6479709842519683
0
LINE
8
BLACK
6
CONTINUOUS
10
5.163087204724409
20
-3.6479709842519683
11
5.1570992913385822
21
-3.6457915748031495
0
LINE
8
BLACK
6
CONTINUOUS
10
5.1570992913385822
20
-3.6457915748031495
11
5.1508238976377951
21
-3.6446850393700787
0
LINE
8
BLACK
6
CONTINUOUS
10
5.1508238976377951
20
-3.6446850393700787
11
5.1476377952755907
21
-3.6446850393700787
0
LINE
8
BLACK
6
CONTINUOUS
10
5.1476377952755907
20
-3.6446850393700787
11
4.9704724409448815
21
-3.6446850393700787
0
LINE
8
BLACK
6
CONTINUOUS
10
4.9704724409448815
20
-3.6446850393700787
11
4.9698963779527556
21
-3.6446283070866139
0
LINE
8
BLACK
6
CONTINUOUS
10
4.9698963779527556
20
-3.6446283070866139
11
4.9688319685039373
21
-3.6441874015748033
0
LINE
8
BLACK
6
CONTINUOUS
10
4.9688319685039373
20
-3.6441874015748033
11
4.9680173228346458
21
-3.6433727559055118
0
LINE
8
BLACK
6
CONTINUOUS
10
4.9680173228346458
20
-3.6433727559055118
11
4.9675764173228343
21
-3.642308346456693
0
LINE
8
BLACK
6
CONTINUOUS
10
4.9675764173228343
20
-3.642308346456693
11
4.9675764173228343
21
-3.6411562204724408
0
LINE
8
BLACK
6
CONTINUOUS
10
4.9675764173228343
20
-3.6411562204724408
11
4.9680173228346458
21
-3.640091811023622
0
LINE
8
BLACK
6
CONTINUOUS
10
4.9680173228346458
20
-3.640091811023622
11
4.9688319685039373
21
-3.6392771653543305
0
LINE
8
BLACK
6
CONTINUOUS
10
4.9688319685039373
20
-3.6392771653543305
11
4.9698963779527556
21
-3.6388362598425195
0
LINE
8
BLACK
6
CONTINUOUS
10
4.9698963779527556
20
-3.6388362598425195
11
4.9704724409448815
21
-3.6387795275590551
0
LINE
8
BLACK
6
CONTINUOUS
10
4.9704724409448815
20
-3.6387795275590551
11
5.1476377952755907
21
-3.6387795275590551
0
LINE
8
BLACK
6
CONTINUOUS
10
6.1808033858267715
20
-3.9554102362204722
11
6.1809011417322832
21
-3.9554008267716534
0
LINE
8
BLACK
6
CONTINUOUS
10
6.1809011417322832
20
-3.9554008267716534
11
6.1810868503937009
21
-3.9554381496062989
0
LINE
8
BLACK
6
CONTINUOUS
10
6.1810868503937009
20
-3.9554381496062989
11
6.1812753937007869
21
-3.9554567322834644
0
LINE
8
BLACK
6
CONTINUOUS
10
6.1812753937007869
20
-3.9554567322834644
11
6.1813661023622046
21
-3.9554942913385824
0
LINE
8
BLACK
6
CONTINUOUS
10
6.1813661023622046
20
-3.9554942913385824
11
6.1816577952755907
21
-3.9555529527559052
0
LINE
8
BLACK
6
CONTINUOUS
10
6.1816577952755907
20
-3.9555529527559052
11
6.1884069291338584
21
-3.9576151968503934
0
LINE
8
BLACK
6
CONTINUOUS
10
6.1884069291338584
20
-3.9576151968503934
11
6.1891193700787399
21
-3.9579119685039368
0
LINE
8
BLACK
6
CONTINUOUS
10
6.1891193700787399
20
-3.9579119685039368
11
6.1903048425196845
21
-3.9588888976377952
0
LINE
8
BLACK
6
CONTINUOUS
10
6.1903048425196845
20
-3.9588888976377952
11
6.1910262204724411
21
-3.9602451181102363
0
LINE
8
BLACK
6
CONTINUOUS
10
6.1910262204724411
20
-3.9602451181102363
11
6.1911737401574802
21
-3.9617741732283465
0
LINE
8
BLACK
6
CONTINUOUS
10
6.1911737401574802
20
-3.9617741732283465
11
6.1907248425196846
21
-3.9632432677165355
0
LINE
8
BLACK
6
CONTINUOUS
10
6.1907248425196846
20
-3.9632432677165355
11
6.1897479133858262
21
-3.96442874015748
0
LINE
8
BLACK
6
CONTINUOUS
10
6.1897479133858262
20
-3.96442874015748
11
6.1883916929133855
21
-3.965150157480315
0
LINE
8
BLACK
6
CONTINUOUS
10
6.1883916929133855
20
-3.965150157480315
11
6.1868626377952758
21
-3.9652976377952753
0
LINE
8
BLACK
6
CONTINUOUS
10
6.1868626377952758
20
-3.9652976377952753
11
6.1861059842519683
21
-3.9651455118110235
0
LINE
8
BLACK
6
CONTINUOUS
10
6.1861059842519683
20
-3.9651455118110235
11
6.1799192519685038
21
-3.963255118110236
0
LINE
8
BLACK
6
CONTINUOUS
10
6.1799192519685038
20
-3.963255118110236
11
6.1701179133858268
21
-3.963255118110236
0
LINE
8
BLACK
6
CONTINUOUS
10
6.1701179133858268
20
-3.963255118110236
11
6.1669629133858264
21
-3.9647011417322835
0
LINE
8
BLACK
6
CONTINUOUS
10
6.1669629133858264
20
-3.9647011417322835
11
6.1656523622047246
21
-3.9659024409448818
0
LINE
8
BLACK
6
CONTINUOUS
10
6.1656523622047246
20
-3.9659024409448818
11
6.1641968503937008
21
-3.9685709842519685
0
LINE
8
BLACK
6
CONTINUOUS
10
6.1641968503937008
20
-3.9685709842519685
11
6.1641968503937008
21
-3.9706876377952756
0
LINE
8
BLACK
6
CONTINUOUS
10
6.1641968503937008
20
-3.9706876377952756
11
6.1656523622047246
21
-3.9733561811023623
0
LINE
8
BLACK
6
CONTINUOUS
10
6.1656523622047246
20
-3.9733561811023623
11
6.1669629133858264
21
-3.9745574803149606
0
LINE
8
BLACK
6
CONTINUOUS
10
6.1669629133858264
20
-3.9745574803149606
11
6.1705317716535433
21
-3.9761932283464567
0
LINE
8
BLACK
6
CONTINUOUS
10
6.1705317716535433
20
-3.9761932283464567
11
6.179137007874016
21
-3.978165275590551
0
LINE
8
BLACK
6
CONTINUOUS
10
6.179137007874016
20
-3.978165275590551
11
6.1791574015748028
21
-3.978172086614173
0
LINE
8
BLACK
6
CONTINUOUS
10
6.1791574015748028
20
-3.978172086614173
11
6.1791682283464562
21
-3.9781725196850393
0
LINE
8
BLACK
6
CONTINUOUS
10
6.1791682283464562
20
-3.9781725196850393
11
6.1795205118110239
21
-3.9782938188976376
0
LINE
8
BLACK
6
CONTINUOUS
10
6.1795205118110239
20
-3.9782938188976376
11
6.1798687795275589
21
-3.9784105511811023
0
LINE
8
BLACK
6
CONTINUOUS
10
6.1798687795275589
20
-3.9784105511811023
11
6.1798774409448818
21
-3.978416692913386
0
LINE
8
BLACK
6
CONTINUOUS
10
6.1798774409448818
20
-3.978416692913386
11
6.1798979527559057
21
-3.9784237795275588
0
LINE
8
BLACK
6
CONTINUOUS
10
6.1798979527559057
20
-3.9784237795275588
11
6.1843974015748033
21
-3.980486023622047
0
LINE
8
BLACK
6
CONTINUOUS
10
6.1843974015748033
20
-3.980486023622047
11
6.1847030708661412
21
-3.9806642519685038
0
LINE
8
BLACK
6
CONTINUOUS
10
6.1847030708661412
20
-3.9806642519685038
11
6.1848001181102363
21
-3.9806996062992126
0
LINE
8
BLACK
6
CONTINUOUS
10
6.1848001181102363
20
-3.9806996062992126
11
6.184927047244094
21
-3.9807948425196851
0
LINE
8
BLACK
6
CONTINUOUS
10
6.184927047244094
20
-3.9807948425196851
11
6.1850641338582673
21
-3.9808748031496064
0
LINE
8
BLACK
6
CONTINUOUS
10
6.1850641338582673
20
-3.9808748031496064
11
6.1851343700787398
21
-3.9809504724409446
0
LINE
8
BLACK
6
CONTINUOUS
10
6.1851343700787398
20
-3.9809504724409446
11
6.1854174015748029
21
-3.9811628740157481
0
LINE
8
BLACK
6
CONTINUOUS
10
6.1854174015748029
20
-3.9811628740157481
11
6.187667086614173
21
-3.9832251181102363
0
LINE
8
BLACK
6
CONTINUOUS
10
6.187667086614173
20
-3.9832251181102363
11
6.1879486614173231
21
-3.9835392913385825
0
LINE
8
BLACK
6
CONTINUOUS
10
6.1879486614173231
20
-3.9835392913385825
11
6.1880288188976378
21
-3.9836039763779527
0
LINE
8
BLACK
6
CONTINUOUS
10
6.1880288188976378
20
-3.9836039763779527
11
6.1880988976377953
21
-3.9837069685039368
0
LINE
8
BLACK
6
CONTINUOUS
10
6.1880988976377953
20
-3.9837069685039368
11
6.1881821653543305
21
-3.9837998818897637
0
LINE
8
BLACK
6
CONTINUOUS
10
6.1881821653543305
20
-3.9837998818897637
11
6.1882256692913389
21
-3.9838932677165353
0
LINE
8
BLACK
6
CONTINUOUS
10
6.1882256692913389
20
-3.9838932677165353
11
6.1884630314960631
21
-3.9842420472440945
0
LINE
8
BLACK
6
CONTINUOUS
10
6.1884630314960631
20
-3.9842420472440945
11
6.1907127165354332
21
-3.9883665354330708
0
LINE
8
BLACK
6
CONTINUOUS
10
6.1907127165354332
20
-3.9883665354330708
11
6.1910141338582676
21
-3.9890770078740156
0
LINE
8
BLACK
6
CONTINUOUS
10
6.1910141338582676
20
-3.9890770078740156
11
6.1910366929133858
21
-3.9892877952755903
0
LINE
8
BLACK
6
CONTINUOUS
10
6.1910366929133858
20
-3.9892877952755903
11
6.1911178346456692
21
-3.9894837007874013
0
LINE
8
BLACK
6
CONTINUOUS
10
6.1911178346456692
20
-3.9894837007874013
11
6.1911934645669291
21
-3.9902517716535431
0
LINE
8
BLACK
6
CONTINUOUS
10
6.1911934645669291
20
-3.9902517716535431
11
6.1911934645669291
21
-3.9943762598425194
0
LINE
8
BLACK
6
CONTINUOUS
10
6.1911934645669291
20
-3.9943762598425194
11
6.1911178346456692
21
-3.9951443307086612
0
LINE
8
BLACK
6
CONTINUOUS
10
6.1911178346456692
20
-3.9951443307086612
11
6.1910366929133858
21
-3.9953401968503934
0
LINE
8
BLACK
6
CONTINUOUS
10
6.1910366929133858
20
-3.9953401968503934
11
6.1910141338582676
21
-3.9955510236220473
0
LINE
8
BLACK
6
CONTINUOUS
10
6.1910141338582676
20
-3.9955510236220473
11
6.1907127165354332
21
-3.9962614960629921
0
LINE
8
BLACK
6
CONTINUOUS
10
6.1907127165354332
20
-3.9962614960629921
11
6.1884630314960631
21
-4.0003859842519685
0
LINE
8
BLACK
6
CONTINUOUS
10
6.1884630314960631
20
-4.0003859842519685
11
6.1882256692913389
21
-4.0007347244094484
0
LINE
8
BLACK
6
CONTINUOUS
10
6.1882256692913389
20
-4.0007347244094484
11
6.1881821653543305
21
-4.0008281496062992
0
LINE
8
BLACK
6
CONTINUOUS
10
6.1881821653543305
20
-4.0008281496062992
11
6.1880988976377953
21
-4.0009210236220474
0
LINE
8
BLACK
6
CONTINUOUS
10
6.1880988976377953
20
-4.0009210236220474
11
6.1880288188976378
21
-4.0010240551181102
0
LINE
8
BLACK
6
CONTINUOUS
10
6.1880288188976378
20
-4.0010240551181102
11
6.1879486614173231
21
-4.0010887007874016
0
LINE
8
BLACK
6
CONTINUOUS
10
6.1879486614173231
20
-4.0010887007874016
11
6.187667086614173
21
-4.0014029133858271
0
LINE
8
BLACK
6
CONTINUOUS
10
6.187667086614173
20
-4.0014029133858271
11
6.1854174015748029
21
-4.0034651574803153
0
LINE
8
BLACK
6
CONTINUOUS
10
6.1854174015748029
20
-4.0034651574803153
11
6.1851343700787398
21
-4.0036775196850396
0
LINE
8
BLACK
6
CONTINUOUS
10
6.1851343700787398
20
-4.0036775196850396
11
6.1850641338582673
21
-4.003753228346457
0
LINE
8
BLACK
6
CONTINUOUS
10
6.1850641338582673
20
-4.003753228346457
11
6.184927047244094
21
-4.0038331496062991
0
LINE
8
BLACK
6
CONTINUOUS
10
6.184927047244094
20
-4.0038331496062991
11
6.1848001181102363
21
-4.0039284251968503
0
LINE
8
BLACK
6
CONTINUOUS
10
6.1848001181102363
20
-4.0039284251968503
11
6.1847030708661412
21
-4.0039637401574799
0
LINE
8
BLACK
6
CONTINUOUS
10
6.1847030708661412
20
-4.0039637401574799
11
6.1843974015748033
21
-4.004142007874016
0
LINE
8
BLACK
6
CONTINUOUS
10
6.1843974015748033
20
-4.004142007874016
11
6.1798979527559057
21
-4.0062042125984254
0
LINE
8
BLACK
6
CONTINUOUS
10
6.1798979527559057
20
-4.0062042125984254
11
6.1791681889763774
21
-4.0064554724409449
0
LINE
8
BLACK
6
CONTINUOUS
10
6.1791681889763774
20
-4.0064554724409449
11
6.1790940944881889
21
-4.006458188976378
0
LINE
8
BLACK
6
CONTINUOUS
10
6.1790940944881889
20
-4.006458188976378
11
6.1790256692913381
21
-4.0064865748031497
0
LINE
8
BLACK
6
CONTINUOUS
10
6.1790256692913381
20
-4.0064865748031497
11
6.1782575984251968
21
-4.0065622047244096
0
LINE
8
BLACK
6
CONTINUOUS
10
6.1782575984251968
20
-4.0065622047244096
11
6.1670090157480315
21
-4.0065622047244096
0
LINE
8
BLACK
6
CONTINUOUS
10
6.1670090157480315
20
-4.0065622047244096
11
6.1667129527559057
21
-4.0065330314960628
0
LINE
8
BLACK
6
CONTINUOUS
10
6.1667129527559057
20
-4.0065330314960628
11
6.1666152362204727
21
-4.0065424803149607
0
LINE
8
BLACK
6
CONTINUOUS
10
6.1666152362204727
20
-4.0065424803149607
11
6.166429527559055
21
-4.006505118110236
0
LINE
8
BLACK
6
CONTINUOUS
10
6.166429527559055
20
-4.006505118110236
11
6.1662409448818893
21
-4.0064865748031497
0
LINE
8
BLACK
6
CONTINUOUS
10
6.1662409448818893
20
-4.0064865748031497
11
6.166150157480315
21
-4.0064489763779525
0
LINE
8
BLACK
6
CONTINUOUS
10
6.166150157480315
20
-4.0064489763779525
11
6.1658585826771652
21
-4.0063903543307084
0
LINE
8
BLACK
6
CONTINUOUS
10
6.1658585826771652
20
-4.0063903543307084
11
6.1591094094488188
21
-4.004328149606299
0
LINE
8
BLACK
6
CONTINUOUS
10
6.1591094094488188
20
-4.004328149606299
11
6.1583969685039373
21
-4.0040313779527557
0
LINE
8
BLACK
6
CONTINUOUS
10
6.1583969685039373
20
-4.0040313779527557
11
6.157211456692913
21
-4.0030544488188973
0
LINE
8
BLACK
6
CONTINUOUS
10
6.157211456692913
20
-4.0030544488188973
11
6.1564900787401573
21
-4.0016982283464566
0
LINE
8
BLACK
6
CONTINUOUS
10
6.1564900787401573
20
-4.0016982283464566
11
6.1563425590551182
21
-4.0001692125984247
0
LINE
8
BLACK
6
CONTINUOUS
10
6.1563425590551182
20
-4.0001692125984247
11
6.1567914566929129
21
-3.9987001181102362
0
LINE
8
BLACK
6
CONTINUOUS
10
6.1567914566929129
20
-3.9987001181102362
11
6.1577683858267713
21
-3.9975146062992124
0
LINE
8
BLACK
6
CONTINUOUS
10
6.1577683858267713
20
-3.9975146062992124
11
6.1591246062992129
21
-3.9967932283464567
0
LINE
8
BLACK
6
CONTINUOUS
10
6.1591246062992129
20
-3.9967932283464567
11
6.1606536220472439
21
-3.9966457086614171
0
LINE
8
BLACK
6
CONTINUOUS
10
6.1606536220472439
20
-3.9966457086614171
11
6.1614102755905513
21
-3.9967978346456694
0
LINE
8
BLACK
6
CONTINUOUS
10
6.1614102755905513
20
-3.9967978346456694
11
6.1675970078740159
21
-3.9986881889763777
0
LINE
8
BLACK
6
CONTINUOUS
10
6.1675970078740159
20
-3.9986881889763777
11
6.1773983464566928
21
-3.9986881889763777
0
LINE
8
BLACK
6
CONTINUOUS
10
6.1773983464566928
20
-3.9986881889763777
11
6.1805534251968499
21
-3.9972420866141731
0
LINE
8
BLACK
6
CONTINUOUS
10
6.1805534251968499
20
-3.9972420866141731
11
6.1818638582677163
21
-3.9960408661417324
0
LINE
8
BLACK
6
CONTINUOUS
10
6.1818638582677163
20
-3.9960408661417324
11
6.1833194488188976
21
-3.9933722834645669
0
LINE
8
BLACK
6
CONTINUOUS
10
6.1833194488188976
20
-3.9933722834645669
11
6.1833194488188976
21
-3.9912557086614173
0
LINE
8
BLACK
6
CONTINUOUS
10
6.1833194488188976
20
-3.9912557086614173
11
6.1818638582677163
21
-3.9885871259842518
0
LINE
8
BLACK
6
CONTINUOUS
10
6.1818638582677163
20
-3.9885871259842518
11
6.1805533858267712
21
-3.9873858267716535
0
LINE
8
BLACK
6
CONTINUOUS
10
6.1805533858267712
20
-3.9873858267716535
11
6.1769843307086614
21
-3.9857500393700787
0
LINE
8
BLACK
6
CONTINUOUS
10
6.1769843307086614
20
-3.9857500393700787
11
6.1683792519685037
21
-3.9837780708661414
0
LINE
8
BLACK
6
CONTINUOUS
10
6.1683792519685037
20
-3.9837780708661414
11
6.1683588188976373
21
-3.9837712204724407
0
LINE
8
BLACK
6
CONTINUOUS
10
6.1683588188976373
20
-3.9837712204724407
11
6.1683480314960626
21
-3.9837708267716536
0
LINE
8
BLACK
6
CONTINUOUS
10
6.1683480314960626
20
-3.9837708267716536
11
6.16799779527559
21
-3.9836501968503937
0
LINE
8
BLACK
6
CONTINUOUS
10
6.16799779527559
20
-3.9836501968503937
11
6.1676474803149608
21
-3.9835327952755906
0
LINE
8
BLACK
6
CONTINUOUS
10
6.1676474803149608
20
-3.9835327952755906
11
6.1676386614173229
21
-3.9835265354330707
0
LINE
8
BLACK
6
CONTINUOUS
10
6.1676386614173229
20
-3.9835265354330707
11
6.167618307086614
21
-3.9835195275590549
0
LINE
8
BLACK
6
CONTINUOUS
10
6.167618307086614
20
-3.9835195275590549
11
6.1631188976377951
21
-3.9814572834645667
0
LINE
8
BLACK
6
CONTINUOUS
10
6.1631188976377951
20
-3.9814572834645667
11
6.1628133070866138
21
-3.9812790551181103
0
LINE
8
BLACK
6
CONTINUOUS
10
6.1628133070866138
20
-3.9812790551181103
11
6.1627162598425196
21
-3.9812437401574803
0
LINE
8
BLACK
6
CONTINUOUS
10
6.1627162598425196
20
-3.9812437401574803
11
6.1625892125984247
21
-3.9811483858267716
0
LINE
8
BLACK
6
CONTINUOUS
10
6.1625892125984247
20
-3.9811483858267716
11
6.162452204724409
21
-3.9810685039370077
0
LINE
8
BLACK
6
CONTINUOUS
10
6.162452204724409
20
-3.9810685039370077
11
6.1623819685039365
21
-3.9809928740157479
0
LINE
8
BLACK
6
CONTINUOUS
10
6.1623819685039365
20
-3.9809928740157479
11
6.1620989370078743
21
-3.9807804724409448
0
LINE
8
BLACK
6
CONTINUOUS
10
6.1620989370078743
20
-3.9807804724409448
11
6.1598492519685042
21
-3.9787182283464566
0
LINE
8
BLACK
6
CONTINUOUS
10
6.1598492519685042
20
-3.9787182283464566
11
6.159567677165354
21
-3.9784040551181103
0
LINE
8
BLACK
6
CONTINUOUS
10
6.159567677165354
20
-3.9784040551181103
11
6.1594874803149606
21
-3.9783393700787402
0
LINE
8
BLACK
6
CONTINUOUS
10
6.1594874803149606
20
-3.9783393700787402
11
6.1594173228346456
21
-3.9782362992125981
0
LINE
8
BLACK
6
CONTINUOUS
10
6.1594173228346456
20
-3.9782362992125981
11
6.1593341732283466
21
-3.9781435039370079
0
LINE
8
BLACK
6
CONTINUOUS
10
6.1593341732283466
20
-3.9781435039370079
11
6.1592906299212595
21
-3.9780501181102363
0
LINE
8
BLACK
6
CONTINUOUS
10
6.1592906299212595
20
-3.9780501181102363
11
6.1590532677165353
21
-3.9777012992125984
0
LINE
8
BLACK
6
CONTINUOUS
10
6.1590532677165353
20
-3.9777012992125984
11
6.1568035433070865
21
-3.973576811023622
0
LINE
8
BLACK
6
CONTINUOUS
10
6.1568035433070865
20
-3.973576811023622
11
6.1565021653543308
21
-3.9728663385826772
0
LINE
8
BLACK
6
CONTINUOUS
10
6.1565021653543308
20
-3.9728663385826772
11
6.1564795669291339
21
-3.9726555118110234
0
LINE
8
BLACK
6
CONTINUOUS
10
6.1564795669291339
20
-3.9726555118110234
11
6.1563984645669292
21
-3.9724596456692911
0
LINE
8
BLACK
6
CONTINUOUS
10
6.1563984645669292
20
-3.9724596456692911
11
6.1563228346456693
21
-3.9716915748031494
0
LINE
8
BLACK
6
CONTINUOUS
10
6.1563228346456693
20
-3.9716915748031494
11
6.1563228346456693
21
-3.967567086614173
0
LINE
8
BLACK
6
CONTINUOUS
10
6.1563228346456693
20
-3.967567086614173
11
6.1563984645669292
21
-3.9667990157480313
0
LINE
8
BLACK
6
CONTINUOUS
10
6.1563984645669292
20
-3.9667990157480313
11
6.1564795669291339
21
-3.9666031102362203
0
LINE
8
BLACK
6
CONTINUOUS
10
6.1564795669291339
20
-3.9666031102362203
11
6.1565021653543308
21
-3.9663923228346456
0
LINE
8
BLACK
6
CONTINUOUS
10
6.1565021653543308
20
-3.9663923228346456
11
6.1568035433070865
21
-3.9656818503937008
0
LINE
8
BLACK
6
CONTINUOUS
10
6.1568035433070865
20
-3.9656818503937008
11
6.1590532677165353
21
-3.9615573622047244
0
LINE
8
BLACK
6
CONTINUOUS
10
6.1590532677165353
20
-3.9615573622047244
11
6.1592906299212595
21
-3.9612085039370077
0
LINE
8
BLACK
6
CONTINUOUS
10
6.1592906299212595
20
-3.9612085039370077
11
6.1593341732283466
21
-3.961115157480315
0
LINE
8
BLACK
6
CONTINUOUS
10
6.1593341732283466
20
-3.961115157480315
11
6.1594173228346456
21
-3.9610223228346455
0
LINE
8
BLACK
6
CONTINUOUS
10
6.1594173228346456
20
-3.9610223228346455
11
6.1594874803149606
21
-3.9609192913385827
0
LINE
8
BLACK
6
CONTINUOUS
10
6.1594874803149606
20
-3.9609192913385827
11
6.159567677165354
21
-3.9608545669291337
0
LINE
8
BLACK
6
CONTINUOUS
10
6.159567677165354
20
-3.9608545669291337
11
6.1598492519685042
21
-3.9605404330708662
0
LINE
8
BLACK
6
CONTINUOUS
10
6.1598492519685042
20
-3.9605404330708662
11
6.1620989370078743
21
-3.958478188976378
0
LINE
8
BLACK
6
CONTINUOUS
10
6.1620989370078743
20
-3.958478188976378
11
6.1623819685039365
21
-3.9582657480314958
0
LINE
8
BLACK
6
CONTINUOUS
10
6.1623819685039365
20
-3.9582657480314958
11
6.162452204724409
21
-3.9581901574803147
0
LINE
8
BLACK
6
CONTINUOUS
10
6.162452204724409
20
-3.9581901574803147
11
6.1625892125984247
21
-3.9581102362204725
0
LINE
8
BLACK
6
CONTINUOUS
10
6.1625892125984247
20
-3.9581102362204725
11
6.1627162598425196
21
-3.9580149212598426
0
LINE
8
BLACK
6
CONTINUOUS
10
6.1627162598425196
20
-3.9580149212598426
11
6.1628133070866138
21
-3.9579795669291338
0
LINE
8
BLACK
6
CONTINUOUS
10
6.1628133070866138
20
-3.9579795669291338
11
6.1631188976377951
21
-3.9578013779527557
0
LINE
8
BLACK
6
CONTINUOUS
10
6.1631188976377951
20
-3.9578013779527557
11
6.167618307086614
21
-3.9557391338582675
0
LINE
8
BLACK
6
CONTINUOUS
10
6.167618307086614
20
-3.9557391338582675
11
6.1683480314960626
21
-3.9554878346456692
0
LINE
8
BLACK
6
CONTINUOUS
10
6.1683480314960626
20
-3.9554878346456692
11
6.1684221653543307
21
-3.9554850787401574
0
LINE
8
BLACK
6
CONTINUOUS
10
6.1684221653543307
20
-3.9554850787401574
11
6.1684906299212594
21
-3.9554567322834644
0
LINE
8
BLACK
6
CONTINUOUS
10
6.1684906299212594
20
-3.9554567322834644
11
6.1692587007874016
21
-3.9553811023622045
0
LINE
8
BLACK
6
CONTINUOUS
10
6.1692587007874016
20
-3.9553811023622045
11
6.1805073228346457
21
-3.9553811023622045
0
LINE
8
BLACK
6
CONTINUOUS
10
6.1805073228346457
20
-3.9553811023622045
11
6.1808033858267715
21
-3.9554102362204722
0
LINE
8
BLACK
6
CONTINUOUS
10
6.2915116141732286
20
-3.9554567322834644
11
6.2915800393700785
21
-3.9554850787401574
0
LINE
8
BLACK
6
CONTINUOUS
10
6.2915800393700785
20
-3.9554850787401574
11
6.2916541732283466
21
-3.9554878346456692
0
LINE
8
BLACK
6
CONTINUOUS
10
6.2916541732283466
20
-3.9554878346456692
11
6.2923838976377953
21
-3.9557390944881887
0
LINE
8
BLACK
6
CONTINUOUS
10
6.2923838976377953
20
-3.9557390944881887
11
6.2968833464566929
21
-3.9578013385826769
0
LINE
8
BLACK
6
CONTINUOUS
10
6.2968833464566929
20
-3.9578013385826769
11
6.2971890944881892
21
-3.9579796062992125
0
LINE
8
BLACK
6
CONTINUOUS
10
6.2971890944881892
20
-3.9579796062992125
11
6.2972860236220471
21
-3.9580149212598426
0
LINE
8
BLACK
6
CONTINUOUS
10
6.2972860236220471
20
-3.9580149212598426
11
6.2974127952755907
21
-3.9581100787401575
0
LINE
8
BLACK
6
CONTINUOUS
10
6.2974127952755907
20
-3.9581100787401575
11
6.2975500787401577
21
-3.9581901181102359
0
LINE
8
BLACK
6
CONTINUOUS
10
6.2975500787401577
20
-3.9581901181102359
11
6.2976203937007869
21
-3.958265866141732
0
LINE
8
BLACK
6
CONTINUOUS
10
6.2976203937007869
20
-3.958265866141732
11
6.2979033070866137
21
-3.958478188976378
0
LINE
8
BLACK
6
CONTINUOUS
10
6.2979033070866137
20
-3.958478188976378
11
6.3001530314960625
21
-3.9605403937007875
0
LINE
8
BLACK
6
CONTINUOUS
10
6.3001530314960625
20
-3.9605403937007875
11
6.3004345275590552
21
-3.9608544881889762
0
LINE
8
BLACK
6
CONTINUOUS
10
6.3004345275590552
20
-3.9608544881889762
11
6.3005148425196849
21
-3.9609192913385827
0
LINE
8
BLACK
6
CONTINUOUS
10
6.3005148425196849
20
-3.9609192913385827
11
6.3005850393700786
21
-3.9610224803149605
0
LINE
8
BLACK
6
CONTINUOUS
10
6.3005850393700786
20
-3.9610224803149605
11
6.3006681102362201
21
-3.961115157480315
0
LINE
8
BLACK
6
CONTINUOUS
10
6.3006681102362201
20
-3.961115157480315
11
6.3007115354330709
21
-3.9612083858267715
0
LINE
8
BLACK
6
CONTINUOUS
10
6.3007115354330709
20
-3.9612083858267715
11
6.3009490157480315
21
-3.9615573622047244
0
LINE
8
BLACK
6
CONTINUOUS
10
6.3009490157480315
20
-3.9615573622047244
11
6.3031987007874015
21
-3.9656818897637796
0
LINE
8
BLACK
6
CONTINUOUS
10
6.3031987007874015
20
-3.9656818897637796
11
6.303237874015748
21
-3.9657742125984252
0
LINE
8
BLACK
6
CONTINUOUS
10
6.303237874015748
20
-3.9657742125984252
11
6.3032656299212597
21
-3.9658100787401573
0
LINE
8
BLACK
6
CONTINUOUS
10
6.3032656299212597
20
-3.9658100787401573
11
6.3033775196850392
21
-3.9661034645669289
0
LINE
8
BLACK
6
CONTINUOUS
10
6.3033775196850392
20
-3.9661034645669289
11
6.3035000787401572
21
-3.9663923622047244
0
LINE
8
BLACK
6
CONTINUOUS
10
6.3035000787401572
20
-3.9663923622047244
11
6.3035048818897632
21
-3.9664373622047244
0
LINE
8
BLACK
6
CONTINUOUS
10
6.3035048818897632
20
-3.9664373622047244
11
6.3035406692913387
21
-3.9665311811023622
0
LINE
8
BLACK
6
CONTINUOUS
10
6.3035406692913387
20
-3.9665311811023622
11
6.3057903937007875
21
-3.974780157480315
0
LINE
8
BLACK
6
CONTINUOUS
10
6.3057903937007875
20
-3.974780157480315
11
6.3058235826771654
21
-3.974975748031496
0
LINE
8
BLACK
6
CONTINUOUS
10
6.3058235826771654
20
-3.974975748031496
11
6.3058535039370076
21
-3.975047992125984
0
LINE
8
BLACK
6
CONTINUOUS
10
6.3058535039370076
20
-3.975047992125984
11
6.3058778740157475
21
-3.9752957874015746
0
LINE
8
BLACK
6
CONTINUOUS
10
6.3058778740157475
20
-3.9752957874015746
11
6.3059195275590554
21
-3.975541062992126
0
LINE
8
BLACK
6
CONTINUOUS
10
6.3059195275590554
20
-3.975541062992126
11
6.3059096456692911
21
-3.975618503937008
0
LINE
8
BLACK
6
CONTINUOUS
10
6.3059096456692911
20
-3.975618503937008
11
6.3059291338582675
21
-3.9758160629921258
0
LINE
8
BLACK
6
CONTINUOUS
10
6.3059291338582675
20
-3.9758160629921258
11
6.3059291338582675
21
-3.9861272834645667
0
LINE
8
BLACK
6
CONTINUOUS
10
6.3059291338582675
20
-3.9861272834645667
11
6.3059096456692911
21
-3.9863248031496061
0
LINE
8
BLACK
6
CONTINUOUS
10
6.3059096456692911
20
-3.9863248031496061
11
6.3059195275590554
21
-3.9864022834645669
0
LINE
8
BLACK
6
CONTINUOUS
10
6.3059195275590554
20
-3.9864022834645669
11
6.3058778740157475
21
-3.9866475196850395
0
LINE
8
BLACK
6
CONTINUOUS
10
6.3058778740157475
20
-3.9866475196850395
11
6.3058535039370076
21
-3.9868953543307084
0
LINE
8
BLACK
6
CONTINUOUS
10
6.3058535039370076
20
-3.9868953543307084
11
6.3058235826771654
21
-3.9869675590551181
0
LINE
8
BLACK
6
CONTINUOUS
10
6.3058235826771654
20
-3.9869675590551181
11
6.3057903937007875
21
-3.9871631889763779
0
LINE
8
BLACK
6
CONTINUOUS
10
6.3057903937007875
20
-3.9871631889763779
11
6.3035406692913387
21
-3.9954121653543306
0
LINE
8
BLACK
6
CONTINUOUS
10
6.3035406692913387
20
-3.9954121653543306
11
6.3035048818897632
21
-3.9955059448818897
0
LINE
8
BLACK
6
CONTINUOUS
10
6.3035048818897632
20
-3.9955059448818897
11
6.3035000787401572
21
-3.9955509842519685
0
LINE
8
BLACK
6
CONTINUOUS
10
6.3035000787401572
20
-3.9955509842519685
11
6.3033775196850392
21
-3.9958398425196848
0
LINE
8
BLACK
6
CONTINUOUS
10
6.3033775196850392
20
-3.9958398425196848
11
6.3032656299212597
21
-3.9961332677165355
0
LINE
8
BLACK
6
CONTINUOUS
10
6.3032656299212597
20
-3.9961332677165355
11
6.303237874015748
21
-3.9961690944881889
0
LINE
8
BLACK
6
CONTINUOUS
10
6.303237874015748
20
-3.9961690944881889
11
6.3031987007874015
21
-3.9962614566929133
0
LINE
8
BLACK
6
CONTINUOUS
10
6.3031987007874015
20
-3.9962614566929133
11
6.3009490157480315
21
-4.0003859842519685
0
LINE
8
BLACK
6
CONTINUOUS
10
6.3009490157480315
20
-4.0003859842519685
11
6.3007115354330709
21
-4.0007349212598422
0
LINE
8
BLACK
6
CONTINUOUS
10
6.3007115354330709
20
-4.0007349212598422
11
6.3006681102362201
21
-4.0008281889763779
0
LINE
8
BLACK
6
CONTINUOUS
10
6.3006681102362201
20
-4.0008281889763779
11
6.3005850393700786
21
-4.0009208267716536
0
LINE
8
BLACK
6
CONTINUOUS
10
6.3005850393700786
20
-4.0009208267716536
11
6.3005148425196849
21
-4.0010240551181102
0
LINE
8
BLACK
6
CONTINUOUS
10
6.3005148425196849
20
-4.0010240551181102
11
6.3004345275590552
21
-4.0010888188976379
0
LINE
8
BLACK
6
CONTINUOUS
10
6.3004345275590552
20
-4.0010888188976379
11
6.3001530314960625
21
-4.0014029527559059
0
LINE
8
BLACK
6
CONTINUOUS
10
6.3001530314960625
20
-4.0014029527559059
11
6.2979033070866137
21
-4.0034651574803153
0
LINE
8
BLACK
6
CONTINUOUS
10
6.2979033070866137
20
-4.0034651574803153
11
6.2976203937007869
21
-4.0036774409448821
0
LINE
8
BLACK
6
CONTINUOUS
10
6.2976203937007869
20
-4.0036774409448821
11
6.2975500787401577
21
-4.003753228346457
0
LINE
8
BLACK
6
CONTINUOUS
10
6.2975500787401577
20
-4.003753228346457
11
6.2974127952755907
21
-4.0038332283464566
0
LINE
8
BLACK
6
CONTINUOUS
10
6.2974127952755907
20
-4.0038332283464566
11
6.2972860236220471
21
-4.0039284251968503
0
LINE
8
BLACK
6
CONTINUOUS
10
6.2972860236220471
20
-4.0039284251968503
11
6.2971890944881892
21
-4.0039637007874012
0
LINE
8
BLACK
6
CONTINUOUS
10
6.2971890944881892
20
-4.0039637007874012
11
6.2968833464566929
21
-4.004142007874016
0
LINE
8
BLACK
6
CONTINUOUS
10
6.2968833464566929
20
-4.004142007874016
11
6.2923838976377953
21
-4.0062042125984254
0
LINE
8
BLACK
6
CONTINUOUS
10
6.2923838976377953
20
-4.0062042125984254
11
6.2916541338582679
21
-4.0064554724409449
0
LINE
8
BLACK
6
CONTINUOUS
10
6.2916541338582679
20
-4.0064554724409449
11
6.2915800393700785
21
-4.006458188976378
0
LINE
8
BLACK
6
CONTINUOUS
10
6.2915800393700785
20
-4.006458188976378
11
6.2915116141732286
21
-4.0064865748031497
0
LINE
8
BLACK
6
CONTINUOUS
10
6.2915116141732286
20
-4.0064865748031497
11
6.2907435433070864
21
-4.0065622047244096
0
LINE
8
BLACK
6
CONTINUOUS
10
6.2907435433070864
20
-4.0065622047244096
11
6.2862440944881888
21
-4.0065622047244096
0
LINE
8
BLACK
6
CONTINUOUS
10
6.2862440944881888
20
-4.0065622047244096
11
6.2854760236220475
21
-4.0064865748031497
0
LINE
8
BLACK
6
CONTINUOUS
10
6.2854760236220475
20
-4.0064865748031497
11
6.2854075590551179
21
-4.006458188976378
0
LINE
8
BLACK
6
CONTINUOUS
10
6.2854075590551179
20
-4.006458188976378
11
6.2853334645669294
21
-4.0064554724409449
0
LINE
8
BLACK
6
CONTINUOUS
10
6.2853334645669294
20
-4.0064554724409449
11
6.2846037401574799
21
-4.0062042125984254
0
LINE
8
BLACK
6
CONTINUOUS
10
6.2846037401574799
20
-4.0062042125984254
11
6.280104330708661
21
-4.004142007874016
0
LINE
8
BLACK
6
CONTINUOUS
10
6.280104330708661
20
-4.004142007874016
11
6.2797985826771656
21
-4.0039637007874012
0
LINE
8
BLACK
6
CONTINUOUS
10
6.2797985826771656
20
-4.0039637007874012
11
6.2797016535433068
21
-4.0039284251968503
0
LINE
8
BLACK
6
CONTINUOUS
10
6.2797016535433068
20
-4.0039284251968503
11
6.2795748031496066
21
-4.0038332283464566
0
LINE
8
BLACK
6
CONTINUOUS
10
6.2795748031496066
20
-4.0038332283464566
11
6.2794375984251971
21
-4.003753228346457
0
LINE
8
BLACK
6
CONTINUOUS
10
6.2794375984251971
20
-4.003753228346457
11
6.2793672834645671
21
-4.0036774803149608
0
LINE
8
BLACK
6
CONTINUOUS
10
6.2793672834645671
20
-4.0036774803149608
11
6.2790843307086615
21
-4.0034651574803153
0
LINE
8
BLACK
6
CONTINUOUS
10
6.2790843307086615
20
-4.0034651574803153
11
6.2768346456692914
21
-4.0014029133858271
0
LINE
8
BLACK
6
CONTINUOUS
10
6.2768346456692914
20
-4.0014029133858271
11
6.2765530708661412
21
-4.0010887401574804
0
LINE
8
BLACK
6
CONTINUOUS
10
6.2765530708661412
20
-4.0010887401574804
11
6.2764728740157478
21
-4.0010240551181102
0
LINE
8
BLACK
6
CONTINUOUS
10
6.2764728740157478
20
-4.0010240551181102
11
6.2764027165354328
21
-4.0009209842519686
0
LINE
8
BLACK
6
CONTINUOUS
10
6.2764027165354328
20
-4.0009209842519686
11
6.2763195669291338
21
-4.0008281889763779
0
LINE
8
BLACK
6
CONTINUOUS
10
6.2763195669291338
20
-4.0008281889763779
11
6.2762760236220467
21
-4.0007348031496059
0
LINE
8
BLACK
6
CONTINUOUS
10
6.2762760236220467
20
-4.0007348031496059
11
6.2760386614173225
21
-4.0003859842519685
0
LINE
8
BLACK
6
CONTINUOUS
10
6.2760386614173225
20
-4.0003859842519685
11
6.2737889370078737
21
-3.9962614960629921
0
LINE
8
BLACK
6
CONTINUOUS
10
6.2737889370078737
20
-3.9962614960629921
11
6.2737496850393697
21
-3.9961689370078739
0
LINE
8
BLACK
6
CONTINUOUS
10
6.2737496850393697
20
-3.9961689370078739
11
6.2737220078740155
21
-3.9961332283464568
0
LINE
8
BLACK
6
CONTINUOUS
10
6.2737220078740155
20
-3.9961332283464568
11
6.2736101968503935
21
-3.9958401968503936
0
LINE
8
BLACK
6
CONTINUOUS
10
6.2736101968503935
20
-3.9958401968503936
11
6.273487559055118
21
-3.9955510236220473
0
LINE
8
BLACK
6
CONTINUOUS
10
6.273487559055118
20
-3.9955510236220473
11
6.2734827165354332
21
-3.9955059842519685
0
LINE
8
BLACK
6
CONTINUOUS
10
6.2734827165354332
20
-3.9955059842519685
11
6.2734469291338577
21
-3.9954121259842519
0
LINE
8
BLACK
6
CONTINUOUS
10
6.2734469291338577
20
-3.9954121259842519
11
6.2711972440944876
21
-3.9871631889763779
0
LINE
8
BLACK
6
CONTINUOUS
10
6.2711972440944876
20
-3.9871631889763779
11
6.2711640157480311
21
-3.9869675590551181
0
LINE
8
BLACK
6
CONTINUOUS
10
6.2711640157480311
20
-3.9869675590551181
11
6.2711341338582676
21
-3.9868953543307084
0
LINE
8
BLACK
6
CONTINUOUS
10
6.2711341338582676
20
-3.9868953543307084
11
6.2711097244094489
21
-3.9866475196850395
0
LINE
8
BLACK
6
CONTINUOUS
10
6.2711097244094489
20
-3.9866475196850395
11
6.2710681102362207
21
-3.9864022834645669
0
LINE
8
BLACK
6
CONTINUOUS
10
6.2710681102362207
20
-3.9864022834645669
11
6.2710779527559053
21
-3.9863248031496061
0
LINE
8
BLACK
6
CONTINUOUS
10
6.2710779527559053
20
-3.9863248031496061
11
6.2710585039370077
21
-3.9861272834645667
0
LINE
8
BLACK
6
CONTINUOUS
10
6.2710585039370077
20
-3.9861272834645667
11
6.2710585039370077
21
-3.9758160629921258
0
LINE
8
BLACK
6
CONTINUOUS
10
6.2710585039370077
20
-3.9758160629921258
11
6.2710779527559053
21
-3.975618503937008
0
LINE
8
BLACK
6
CONTINUOUS
10
6.2710779527559053
20
-3.975618503937008
11
6.2710681102362207
21
-3.975541062992126
0
LINE
8
BLACK
6
CONTINUOUS
10
6.2710681102362207
20
-3.975541062992126
11
6.2711097244094489
21
-3.9752957874015746
0
LINE
8
BLACK
6
CONTINUOUS
10
6.2711097244094489
20
-3.9752957874015746
11
6.2711341338582676
21
-3.975047992125984
0
LINE
8
BLACK
6
CONTINUOUS
10
6.2711341338582676
20
-3.975047992125984
11
6.2711640157480311
21
-3.974975748031496
0
LINE
8
BLACK
6
CONTINUOUS
10
6.2711640157480311
20
-3.974975748031496
11
6.2711972440944876
21
-3.974780157480315
0
LINE
8
BLACK
6
CONTINUOUS
10
6.2711972440944876
20
-3.974780157480315
11
6.2734469291338577
21
-3.966531220472441
0
LINE
8
BLACK
6
CONTINUOUS
10
6.2734469291338577
20
-3.966531220472441
11
6.2734827165354332
21
-3.9664373228346457
0
LINE
8
BLACK
6
CONTINUOUS
10
6.2734827165354332
20
-3.9664373228346457
11
6.273487559055118
21
-3.9663923228346456
0
LINE
8
BLACK
6
CONTINUOUS
10
6.273487559055118
20
-3.9663923228346456
11
6.2736101968503935
21
-3.9661031102362205
0
LINE
8
BLACK
6
CONTINUOUS
10
6.2736101968503935
20
-3.9661031102362205
11
6.2737220078740155
21
-3.9658101181102361
0
LINE
8
BLACK
6
CONTINUOUS
10
6.2737220078740155
20
-3.9658101181102361
11
6.2737496850393697
21
-3.9657743700787402
0
LINE
8
BLACK
6
CONTINUOUS
10
6.2737496850393697
20
-3.9657743700787402
11
6.2737889370078737
21
-3.9656818503937008
0
LINE
8
BLACK
6
CONTINUOUS
10
6.2737889370078737
20
-3.9656818503937008
11
6.2760386614173225
21
-3.9615573622047244
0
LINE
8
BLACK
6
CONTINUOUS
10
6.2760386614173225
20
-3.9615573622047244
11
6.2762760236220467
21
-3.9612085039370077
0
LINE
8
BLACK
6
CONTINUOUS
10
6.2762760236220467
20
-3.9612085039370077
11
6.2763195669291338
21
-3.961115157480315
0
LINE
8
BLACK
6
CONTINUOUS
10
6.2763195669291338
20
-3.961115157480315
11
6.2764027165354328
21
-3.9610223228346455
0
LINE
8
BLACK
6
CONTINUOUS
10
6.2764027165354328
20
-3.9610223228346455
11
6.2764728740157478
21
-3.9609192913385827
0
LINE
8
BLACK
6
CONTINUOUS
10
6.2764728740157478
20
-3.9609192913385827
11
6.2765530708661412
21
-3.9608545669291337
0
LINE
8
BLACK
6
CONTINUOUS
10
6.2765530708661412
20
-3.9608545669291337
11
6.2768346456692914
21
-3.9605404330708662
0
LINE
8
BLACK
6
CONTINUOUS
10
6.2768346456692914
20
-3.9605404330708662
11
6.2790843307086615
21
-3.958478188976378
0
LINE
8
BLACK
6
CONTINUOUS
10
6.2790843307086615
20
-3.958478188976378
11
6.2793673622047246
21
-3.9582657480314958
0
LINE
8
BLACK
6
CONTINUOUS
10
6.2793673622047246
20
-3.9582657480314958
11
6.2794375984251971
21
-3.9581901574803147
0
LINE
8
BLACK
6
CONTINUOUS
10
6.2794375984251971
20
-3.9581901574803147
11
6.2795746062992128
21
-3.9581102362204725
0
LINE
8
BLACK
6
CONTINUOUS
10
6.2795746062992128
20
-3.9581102362204725
11
6.2797016535433068
21
-3.9580149212598426
0
LINE
8
BLACK
6
CONTINUOUS
10
6.2797016535433068
20
-3.9580149212598426
11
6.279798700787401
21
-3.9579795669291338
0
LINE
8
BLACK
6
CONTINUOUS
10
6.279798700787401
20
-3.9579795669291338
11
6.2801042913385823
21
-3.9578013779527557
0
LINE
8
BLACK
6
CONTINUOUS
10
6.2801042913385823
20
-3.9578013779527557
11
6.2846037007874012
21
-3.9557391338582675
0
LINE
8
BLACK
6
CONTINUOUS
10
6.2846037007874012
20
-3.9557391338582675
11
6.2853334251968507
21
-3.9554878346456692
0
LINE
8
BLACK
6
CONTINUOUS
10
6.2853334251968507
20
-3.9554878346456692
11
6.2854075590551179
21
-3.9554850787401574
0
LINE
8
BLACK
6
CONTINUOUS
10
6.2854075590551179
20
-3.9554850787401574
11
6.2854760236220475
21
-3.9554567322834644
0
LINE
8
BLACK
6
CONTINUOUS
10
6.2854760236220475
20
-3.9554567322834644
11
6.2862440944881888
21
-3.9553811023622045
0
LINE
8
BLACK
6
CONTINUOUS
10
6.2862440944881888
20
-3.9553811023622045
11
6.2907435433070864
21
-3.9553811023622045
0
LINE
8
BLACK
6
CONTINUOUS
10
6.2907435433070864
20
-3.9553811023622045
11
6.2915116141732286
21
-3.9554567322834644
0
LINE
8
BLACK
6
CONTINUOUS
10
6.2839483070866144
20
-3.9647011417322835
11
6.2826377559055118
21
-3.9659024409448818
0
LINE
8
BLACK
6
CONTINUOUS
10
6.2826377559055118
20
-3.9659024409448818
11
6.2809221653543306
21
-3.9690477559055117
0
LINE
8
BLACK
6
CONTINUOUS
10
6.2809221653543306
20
-3.9690477559055117
11
6.2789325196850392
21
-3.9763432283464568
0
LINE
8
BLACK
6
CONTINUOUS
10
6.2789325196850392
20
-3.9763432283464568
11
6.2789325196850392
21
-3.9856000787401573
0
LINE
8
BLACK
6
CONTINUOUS
10
6.2789325196850392
20
-3.9856000787401573
11
6.2809221653543306
21
-3.9928955511811024
0
LINE
8
BLACK
6
CONTINUOUS
10
6.2809221653543306
20
-3.9928955511811024
11
6.2826377559055118
21
-3.9960408661417324
0
LINE
8
BLACK
6
CONTINUOUS
10
6.2826377559055118
20
-3.9960408661417324
11
6.2839482283464569
21
-3.9972420866141731
0
LINE
8
BLACK
6
CONTINUOUS
10
6.2839482283464569
20
-3.9972420866141731
11
6.2871033464566928
21
-3.9986881889763777
0
LINE
8
BLACK
6
CONTINUOUS
10
6.2871033464566928
20
-3.9986881889763777
11
6.2898842913385824
21
-3.9986881889763777
0
LINE
8
BLACK
6
CONTINUOUS
10
6.2898842913385824
20
-3.9986881889763777
11
6.2930394488188979
21
-3.9972420472440944
0
LINE
8
BLACK
6
CONTINUOUS
10
6.2930394488188979
20
-3.9972420472440944
11
6.2943498031496059
21
-3.9960409055118111
0
LINE
8
BLACK
6
CONTINUOUS
10
6.2943498031496059
20
-3.9960409055118111
11
6.2960653937007871
21
-3.9928955905511812
0
LINE
8
BLACK
6
CONTINUOUS
10
6.2960653937007871
20
-3.9928955905511812
11
6.298055118110236
21
-3.9855999606299211
0
LINE
8
BLACK
6
CONTINUOUS
10
6.298055118110236
20
-3.9855999606299211
11
6.298055118110236
21
-3.9763433464566926
0
LINE
8
BLACK
6
CONTINUOUS
10
6.298055118110236
20
-3.9763433464566926
11
6.2960653937007871
21
-3.969047716535433
0
LINE
8
BLACK
6
CONTINUOUS
10
6.2960653937007871
20
-3.969047716535433
11
6.2943498031496059
21
-3.965902401574803
0
LINE
8
BLACK
6
CONTINUOUS
10
6.2943498031496059
20
-3.965902401574803
11
6.2930394094488191
21
-3.9647011811023622
0
LINE
8
BLACK
6
CONTINUOUS
10
6.2930394094488191
20
-3.9647011811023622
11
6.2898842913385824
21
-3.963255118110236
0
LINE
8
BLACK
6
CONTINUOUS
10
6.2898842913385824
20
-3.963255118110236
11
6.287103307086614
21
-3.963255118110236
0
LINE
8
BLACK
6
CONTINUOUS
10
6.287103307086614
20
-3.963255118110236
11
6.2839483070866144
21
-3.9647011417322835
0
LINE
8
BLACK
6
CONTINUOUS
10
6.333946102362205
20
-3.9554567322834644
11
6.3342562598425198
21
-3.9554567322834644
0
LINE
8
BLACK
6
CONTINUOUS
10
6.3342562598425198
20
-3.9554567322834644
11
6.334685866141732
21
-3.95563468503937
0
LINE
8
BLACK
6
CONTINUOUS
10
6.334685866141732
20
-3.95563468503937
11
6.3351381889763774
21
-3.9557435039370077
0
LINE
8
BLACK
6
CONTINUOUS
10
6.3351381889763774
20
-3.9557435039370077
11
6.3353890551181102
21
-3.9559259448818898
0
LINE
8
BLACK
6
CONTINUOUS
10
6.3353890551181102
20
-3.9559259448818898
11
6.3356754724409443
21
-3.9560446062992125
0
LINE
8
BLACK
6
CONTINUOUS
10
6.3356754724409443
20
-3.9560446062992125
11
6.3360042519685038
21
-3.9563733858267716
0
LINE
8
BLACK
6
CONTINUOUS
10
6.3360042519685038
20
-3.9563733858267716
11
6.3363805118110239
21
-3.9566470472440942
0
LINE
8
BLACK
6
CONTINUOUS
10
6.3363805118110239
20
-3.9566470472440942
11
6.3365424409448821
21
-3.9569115748031494
0
LINE
8
BLACK
6
CONTINUOUS
10
6.3365424409448821
20
-3.9569115748031494
11
6.3367616929133854
21
-3.9571308267716536
0
LINE
8
BLACK
6
CONTINUOUS
10
6.3367616929133854
20
-3.9571308267716536
11
6.3369396456692915
21
-3.957560472440945
0
LINE
8
BLACK
6
CONTINUOUS
10
6.3369396456692915
20
-3.957560472440945
11
6.3371825196850393
21
-3.9579572047244094
0
LINE
8
BLACK
6
CONTINUOUS
10
6.3371825196850393
20
-3.9579572047244094
11
6.3372308661417325
21
-3.9582635039370078
0
LINE
8
BLACK
6
CONTINUOUS
10
6.3372308661417325
20
-3.9582635039370078
11
6.3373495669291335
21
-3.9585500393700785
0
LINE
8
BLACK
6
CONTINUOUS
10
6.3373495669291335
20
-3.9585500393700785
11
6.3374251968503934
21
-3.9593181102362203
0
LINE
8
BLACK
6
CONTINUOUS
10
6.3374251968503934
20
-3.9593181102362203
11
6.3374251968503934
21
-3.9986881889763777
0
LINE
8
BLACK
6
CONTINUOUS
10
6.3374251968503934
20
-3.9986881889763777
11
6.3469864960629918
21
-3.9986881889763777
0
LINE
8
BLACK
6
CONTINUOUS
10
6.3469864960629918
20
-3.9986881889763777
11
6.347754566929134
21
-3.9987638188976375
0
LINE
8
BLACK
6
CONTINUOUS
10
6.347754566929134
20
-3.9987638188976375
11
6.3491737795275593
21
-3.9993516929133857
0
LINE
8
BLACK
6
CONTINUOUS
10
6.3491737795275593
20
-3.9993516929133857
11
6.3502599999999996
21
-4.0004379133858263
0
LINE
8
BLACK
6
CONTINUOUS
10
6.3502599999999996
20
-4.0004379133858263
11
6.3508478740157477
21
-4.0018571259842517
0
LINE
8
BLACK
6
CONTINUOUS
10
6.3508478740157477
20
-4.0018571259842517
11
6.3508478740157477
21
-4.0033932677165351
0
LINE
8
BLACK
6
CONTINUOUS
10
6.3508478740157477
20
-4.0033932677165351
11
6.3502599999999996
21
-4.0048124803149605
0
LINE
8
BLACK
6
CONTINUOUS
10
6.3502599999999996
20
-4.0048124803149605
11
6.3491737795275593
21
-4.0058987007874016
0
LINE
8
BLACK
6
CONTINUOUS
10
6.3491737795275593
20
-4.0058987007874016
11
6.347754566929134
21
-4.0064865748031497
0
LINE
8
BLACK
6
CONTINUOUS
10
6.347754566929134
20
-4.0064865748031497
11
6.3469864960629918
21
-4.0065622047244096
0
LINE
8
BLACK
6
CONTINUOUS
10
6.3469864960629918
20
-4.0065622047244096
11
6.3199898818897635
21
-4.0065622047244096
0
LINE
8
BLACK
6
CONTINUOUS
10
6.3199898818897635
20
-4.0065622047244096
11
6.3192218110236222
21
-4.0064865748031497
0
LINE
8
BLACK
6
CONTINUOUS
10
6.3192218110236222
20
-4.0064865748031497
11
6.3178025984251969
21
-4.0058987007874016
0
LINE
8
BLACK
6
CONTINUOUS
10
6.3178025984251969
20
-4.0058987007874016
11
6.3167163779527558
21
-4.0048124803149605
0
LINE
8
BLACK
6
CONTINUOUS
10
6.3167163779527558
20
-4.0048124803149605
11
6.3161285039370076
21
-4.0033932677165351
0
LINE
8
BLACK
6
CONTINUOUS
10
6.3161285039370076
20
-4.0033932677165351
11
6.3161285039370076
21
-4.0018571259842517
0
LINE
8
BLACK
6
CONTINUOUS
10
6.3161285039370076
20
-4.0018571259842517
11
6.3167163779527558
21
-4.0004379133858263
0
LINE
8
BLACK
6
CONTINUOUS
10
6.3167163779527558
20
-4.0004379133858263
11
6.3178025984251969
21
-3.9993516929133857
0
LINE
8
BLACK
6
CONTINUOUS
10
6.3178025984251969
20
-3.9993516929133857
11
6.3192218110236222
21
-3.9987638188976375
0
LINE
8
BLACK
6
CONTINUOUS
10
6.3192218110236222
20
-3.9987638188976375
11
6.3199898818897635
21
-3.9986881889763777
0
LINE
8
BLACK
6
CONTINUOUS
10
6.3199898818897635
20
-3.9986881889763777
11
6.3295511811023619
21
-3.9986881889763777
0
LINE
8
BLACK
6
CONTINUOUS
10
6.3295511811023619
20
-3.9986881889763777
11
6.3295511811023619
21
-3.9703300787401572
0
LINE
8
BLACK
6
CONTINUOUS
10
6.3295511811023619
20
-3.9703300787401572
11
6.3271496850393696
21
-3.9725314960629921
0
LINE
8
BLACK
6
CONTINUOUS
10
6.3271496850393696
20
-3.9725314960629921
11
6.3268666535433074
21
-3.9727438582677164
0
LINE
8
BLACK
6
CONTINUOUS
10
6.3268666535433074
20
-3.9727438582677164
11
6.3267964173228348
21
-3.9728195669291337
0
LINE
8
BLACK
6
CONTINUOUS
10
6.3267964173228348
20
-3.9728195669291337
11
6.3266593307086616
21
-3.9728994881889763
0
LINE
8
BLACK
6
CONTINUOUS
10
6.3266593307086616
20
-3.9728994881889763
11
6.326532401574803
21
-3.9729947637795275
0
LINE
8
BLACK
6
CONTINUOUS
10
6.326532401574803
20
-3.9729947637795275
11
6.3264353543307088
21
-3.9730300787401576
0
LINE
8
BLACK
6
CONTINUOUS
10
6.3264353543307088
20
-3.9730300787401576
11
6.32612968503937
21
-3.9732083464566927
0
LINE
8
BLACK
6
CONTINUOUS
10
6.32612968503937
20
-3.9732083464566927
11
6.3216302362204724
21
-3.9752705905511809
0
LINE
8
BLACK
6
CONTINUOUS
10
6.3216302362204724
20
-3.9752705905511809
11
6.3209005118110237
21
-3.9755218503937009
0
LINE
8
BLACK
6
CONTINUOUS
10
6.3209005118110237
20
-3.9755218503937009
11
6.3193654330708657
21
-3.9755787401574803
0
LINE
8
BLACK
6
CONTINUOUS
10
6.3193654330708657
20
-3.9755787401574803
11
6.3179253937007873
21
-3.9750438582677163
0
LINE
8
BLACK
6
CONTINUOUS
10
6.3179253937007873
20
-3.9750438582677163
11
6.316799645669291
21
-3.9739986614173226
0
LINE
8
BLACK
6
CONTINUOUS
10
6.316799645669291
20
-3.9739986614173226
11
6.3161596062992125
21
-3.9726022047244092
0
LINE
8
BLACK
6
CONTINUOUS
10
6.3161596062992125
20
-3.9726022047244092
11
6.3161027165354326
21
-3.971067125984252
0
LINE
8
BLACK
6
CONTINUOUS
10
6.3161027165354326
20
-3.971067125984252
11
6.3166375984251966
21
-3.9696270866141732
0
LINE
8
BLACK
6
CONTINUOUS
10
6.3166375984251966
20
-3.9696270866141732
11
6.3176827952755907
21
-3.9685013385826773
0
LINE
8
BLACK
6
CONTINUOUS
10
6.3176827952755907
20
-3.9685013385826773
11
6.3183495275590547
21
-3.9681125590551178
0
LINE
8
BLACK
6
CONTINUOUS
10
6.3183495275590547
20
-3.9681125590551178
11
6.3222856692913387
21
-3.9663085039370078
0
LINE
8
BLACK
6
CONTINUOUS
10
6.3222856692913387
20
-3.9663085039370078
11
6.3260370866141731
21
-3.9628696456692913
0
LINE
8
BLACK
6
CONTINUOUS
10
6.3260370866141731
20
-3.9628696456692913
11
6.3303041732283463
21
-3.9570024803149604
0
LINE
8
BLACK
6
CONTINUOUS
10
6.3303041732283463
20
-3.9570024803149604
11
6.3308171259842521
21
-3.9564257874015749
0
LINE
8
BLACK
6
CONTINUOUS
10
6.3308171259842521
20
-3.9564257874015749
11
6.3310816535433068
21
-3.9562638188976376
0
LINE
8
BLACK
6
CONTINUOUS
10
6.3310816535433068
20
-3.9562638188976376
11
6.331300905511811
21
-3.9560446062992125
0
LINE
8
BLACK
6
CONTINUOUS
10
6.331300905511811
20
-3.9560446062992125
11
6.331730551181102
21
-3.9558666141732282
0
LINE
8
BLACK
6
CONTINUOUS
10
6.331730551181102
20
-3.9558666141732282
11
6.3321272834645672
21
-3.9556237795275591
0
LINE
8
BLACK
6
CONTINUOUS
10
6.3321272834645672
20
-3.9556237795275591
11
6.3324335826771652
21
-3.9555753937007871
0
LINE
8
BLACK
6
CONTINUOUS
10
6.3324335826771652
20
-3.9555753937007871
11
6.3327201181102364
21
-3.9554567322834644
0
LINE
8
BLACK
6
CONTINUOUS
10
6.3327201181102364
20
-3.9554567322834644
11
6.3331853149606294
21
-3.9554567322834644
0
LINE
8
BLACK
6
CONTINUOUS
10
6.3331853149606294
20
-3.9554567322834644
11
6.333644645669291
21
-3.9553842125984251
0
LINE
8
BLACK
6
CONTINUOUS
10
6.333644645669291
20
-3.9553842125984251
11
6.333946102362205
21
-3.9554567322834644
0
LINE
8
BLACK
6
CONTINUOUS
10
6.38552779527559
20
-3.9554102362204722
11
6.3856255511811026
21
-3.9554008267716534
0
LINE
8
BLACK
6
CONTINUOUS
10
6.3856255511811026
20
-3.9554008267716534
11
6.3858112598425194
21
-3.9554381496062989
0
LINE
8
BLACK
6
CONTINUOUS
10
6.3858112598425194
20
-3.9554381496062989
11
6.3859998031496064
21
-3.9554567322834644
0
LINE
8
BLACK
6
CONTINUOUS
10
6.3859998031496064
20
-3.9554567322834644
11
6.3860905118110232
21
-3.9554942913385824
0
LINE
8
BLACK
6
CONTINUOUS
10
6.3860905118110232
20
-3.9554942913385824
11
6.3863822047244092
21
-3.9555529527559052
0
LINE
8
BLACK
6
CONTINUOUS
10
6.3863822047244092
20
-3.9555529527559052
11
6.3931313385826769
21
-3.9576151968503934
0
LINE
8
BLACK
6
CONTINUOUS
10
6.3931313385826769
20
-3.9576151968503934
11
6.3938437795275593
21
-3.9579119685039368
0
LINE
8
BLACK
6
CONTINUOUS
10
6.3938437795275593
20
-3.9579119685039368
11
6.3939249999999994
21
-3.957978897637795
0
LINE
8
BLACK
6
CONTINUOUS
10
6.3939249999999994
20
-3.957978897637795
11
6.394023897637795
21
-3.9580149212598426
0
LINE
8
BLACK
6
CONTINUOUS
10
6.394023897637795
20
-3.9580149212598426
11
6.3946411811023625
21
-3.958478188976378
0
LINE
8
BLACK
6
CONTINUOUS
10
6.3946411811023625
20
-3.958478188976378
11
6.3968909055118113
21
-3.9605403937007875
0
LINE
8
BLACK
6
CONTINUOUS
10
6.3968909055118113
20
-3.9605403937007875
11
6.3974059842519679
21
-3.961115157480315
0
LINE
8
BLACK
6
CONTINUOUS
10
6.3974059842519679
20
-3.961115157480315
11
6.3980549212598428
21
-3.9625075196850394
0
LINE
8
BLACK
6
CONTINUOUS
10
6.3980549212598428
20
-3.9625075196850394
11
6.3981216535433072
21
-3.9640422047244095
0
LINE
8
BLACK
6
CONTINUOUS
10
6.3981216535433072
20
-3.9640422047244095
11
6.3975960236220475
21
-3.9654856299212597
0
LINE
8
BLACK
6
CONTINUOUS
10
6.3975960236220475
20
-3.9654856299212597
11
6.3965579921259845
21
-3.9666179921259843
0
LINE
8
BLACK
6
CONTINUOUS
10
6.3965579921259845
20
-3.9666179921259843
11
6.3951656692913383
21
-3.9672669291338583
0
LINE
8
BLACK
6
CONTINUOUS
10
6.3951656692913383
20
-3.9672669291338583
11
6.39363094488189
21
-3.9673336614173227
0
LINE
8
BLACK
6
CONTINUOUS
10
6.39363094488189
20
-3.9673336614173227
11
6.3921875590551176
21
-3.966808031496063
0
LINE
8
BLACK
6
CONTINUOUS
10
6.3921875590551176
20
-3.966808031496063
11
6.3915702362204723
21
-3.9663447637795275
0
LINE
8
BLACK
6
CONTINUOUS
10
6.3915702362204723
20
-3.9663447637795275
11
6.3899777559055115
21
-3.964884960629921
0
LINE
8
BLACK
6
CONTINUOUS
10
6.3899777559055115
20
-3.964884960629921
11
6.3846436614173223
21
-3.963255118110236
0
LINE
8
BLACK
6
CONTINUOUS
10
6.3846436614173223
20
-3.963255118110236
11
6.3813203543307084
21
-3.963255118110236
0
LINE
8
BLACK
6
CONTINUOUS
10
6.3813203543307084
20
-3.963255118110236
11
6.3759862204724405
21
-3.964884960629921
0
LINE
8
BLACK
6
CONTINUOUS
10
6.3759862204724405
20
-3.964884960629921
11
6.3726264960629919
21
-3.9679647244094487
0
LINE
8
BLACK
6
CONTINUOUS
10
6.3726264960629919
20
-3.9679647244094487
11
6.3709109055118107
21
-3.9711099999999999
0
LINE
8
BLACK
6
CONTINUOUS
10
6.3709109055118107
20
-3.9711099999999999
11
6.3689212598425193
21
-3.978405472440945
0
LINE
8
BLACK
6
CONTINUOUS
10
6.3689212598425193
20
-3.978405472440945
11
6.3689212598425193
21
-3.9835378346456691
0
LINE
8
BLACK
6
CONTINUOUS
10
6.3689212598425193
20
-3.9835378346456691
11
6.3709109055118107
21
-3.9908333070866142
0
LINE
8
BLACK
6
CONTINUOUS
10
6.3709109055118107
20
-3.9908333070866142
11
6.3726264960629919
21
-3.9939785826771654
0
LINE
8
BLACK
6
CONTINUOUS
10
6.3726264960629919
20
-3.9939785826771654
11
6.3759862204724405
21
-3.9970583464566927
0
LINE
8
BLACK
6
CONTINUOUS
10
6.3759862204724405
20
-3.9970583464566927
11
6.3813202755905509
21
-3.9986881889763777
0
LINE
8
BLACK
6
CONTINUOUS
10
6.3813202755905509
20
-3.9986881889763777
11
6.3846437401574798
21
-3.9986881889763777
0
LINE
8
BLACK
6
CONTINUOUS
10
6.3846437401574798
20
-3.9986881889763777
11
6.3899777559055115
21
-3.9970583464566927
0
LINE
8
BLACK
6
CONTINUOUS
10
6.3899777559055115
20
-3.9970583464566927
11
6.3915702362204723
21
-3.9955985826771654
0
LINE
8
BLACK
6
CONTINUOUS
10
6.3915702362204723
20
-3.9955985826771654
11
6.3921875590551176
21
-3.9951353149606299
0
LINE
8
BLACK
6
CONTINUOUS
10
6.3921875590551176
20
-3.9951353149606299
11
6.39363094488189
21
-3.9946096850393702
0
LINE
8
BLACK
6
CONTINUOUS
10
6.39363094488189
20
-3.9946096850393702
11
6.3951656692913383
21
-3.9946764173228346
0
LINE
8
BLACK
6
CONTINUOUS
10
6.3951656692913383
20
-3.9946764173228346
11
6.3965579921259845
21
-3.9953253543307086
0
LINE
8
BLACK
6
CONTINUOUS
10
6.3965579921259845
20
-3.9953253543307086
11
6.3975960236220475
21
-3.9964577165354331
0
LINE
8
BLACK
6
CONTINUOUS
10
6.3975960236220475
20
-3.9964577165354331
11
6.3981216535433072
21
-3.9979011417322834
0
LINE
8
BLACK
6
CONTINUOUS
10
6.3981216535433072
20
-3.9979011417322834
11
6.3980549212598428
21
-3.9994358267716534
0
LINE
8
BLACK
6
CONTINUOUS
10
6.3980549212598428
20
-3.9994358267716534
11
6.3974059842519679
21
-4.0008281889763779
0
LINE
8
BLACK
6
CONTINUOUS
10
6.3974059842519679
20
-4.0008281889763779
11
6.3968909055118113
21
-4.0014029527559059
0
LINE
8
BLACK
6
CONTINUOUS
10
6.3968909055118113
20
-4.0014029527559059
11
6.3946411811023625
21
-4.0034651574803153
0
LINE
8
BLACK
6
CONTINUOUS
10
6.3946411811023625
20
-4.0034651574803153
11
6.394023897637795
21
-4.0039284251968503
0
LINE
8
BLACK
6
CONTINUOUS
10
6.394023897637795
20
-4.0039284251968503
11
6.3939249999999994
21
-4.0039644094488187
0
LINE
8
BLACK
6
CONTINUOUS
10
6.3939249999999994
20
-4.0039644094488187
11
6.3938437795275593
21
-4.0040313779527557
0
LINE
8
BLACK
6
CONTINUOUS
10
6.3938437795275593
20
-4.0040313779527557
11
6.3931313385826769
21
-4.004328149606299
0
LINE
8
BLACK
6
CONTINUOUS
10
6.3931313385826769
20
-4.004328149606299
11
6.3863821653543305
21
-4.0063903543307084
0
LINE
8
BLACK
6
CONTINUOUS
10
6.3863821653543305
20
-4.0063903543307084
11
6.3860905118110232
21
-4.0064489763779525
0
LINE
8
BLACK
6
CONTINUOUS
10
6.3860905118110232
20
-4.0064489763779525
11
6.3859998031496064
21
-4.0064865748031497
0
LINE
8
BLACK
6
CONTINUOUS
10
6.3859998031496064
20
-4.0064865748031497
11
6.3858112598425194
21
-4.006505118110236
0
LINE
8
BLACK
6
CONTINUOUS
10
6.3858112598425194
20
-4.006505118110236
11
6.3856255511811026
21
-4.0065424803149607
0
LINE
8
BLACK
6
CONTINUOUS
10
6.3856255511811026
20
-4.0065424803149607
11
6.38552779527559
21
-4.0065330314960628
0
LINE
8
BLACK
6
CONTINUOUS
10
6.38552779527559
20
-4.0065330314960628
11
6.3852317322834642
21
-4.0065622047244096
0
LINE
8
BLACK
6
CONTINUOUS
10
6.3852317322834642
20
-4.0065622047244096
11
6.3807322834645666
21
-4.0065622047244096
0
LINE
8
BLACK
6
CONTINUOUS
10
6.3807322834645666
20
-4.0065622047244096
11
6.3804362204724407
21
-4.0065330314960628
0
LINE
8
BLACK
6
CONTINUOUS
10
6.3804362204724407
20
-4.0065330314960628
11
6.3803385039370077
21
-4.0065424803149607
0
LINE
8
BLACK
6
CONTINUOUS
10
6.3803385039370077
20
-4.0065424803149607
11
6.3801527952755901
21
-4.006505118110236
0
LINE
8
BLACK
6
CONTINUOUS
10
6.3801527952755901
20
-4.006505118110236
11
6.3799642125984253
21
-4.0064865748031497
0
LINE
8
BLACK
6
CONTINUOUS
10
6.3799642125984253
20
-4.0064865748031497
11
6.3798734251968501
21
-4.0064489763779525
0
LINE
8
BLACK
6
CONTINUOUS
10
6.3798734251968501
20
-4.0064489763779525
11
6.3795818503937003
21
-4.0063903543307084
0
LINE
8
BLACK
6
CONTINUOUS
10
6.3795818503937003
20
-4.0063903543307084
11
6.3728326771653538
21
-4.004328149606299
0
LINE
8
BLACK
6
CONTINUOUS
10
6.3728326771653538
20
-4.004328149606299
11
6.3721202362204723
21
-4.0040313779527557
0
LINE
8
BLACK
6
CONTINUOUS
10
6.3721202362204723
20
-4.0040313779527557
11
6.3720390551181101
21
-4.0039644488188975
0
LINE
8
BLACK
6
CONTINUOUS
10
6.3720390551181101
20
-4.0039644488188975
11
6.3719400393700782
21
-4.0039284251968503
0
LINE
8
BLACK
6
CONTINUOUS
10
6.3719400393700782
20
-4.0039284251968503
11
6.3713227559055117
21
-4.0034651574803153
0
LINE
8
BLACK
6
CONTINUOUS
10
6.3713227559055117
20
-4.0034651574803153
11
6.3668233464566928
21
-3.9993406692913385
0
LINE
8
BLACK
6
CONTINUOUS
10
6.3668233464566928
20
-3.9993406692913385
11
6.3665417322834648
21
-3.9990264566929135
0
LINE
8
BLACK
6
CONTINUOUS
10
6.3665417322834648
20
-3.9990264566929135
11
6.366461614173228
21
-3.998961811023622
0
LINE
8
BLACK
6
CONTINUOUS
10
6.366461614173228
20
-3.998961811023622
11
6.3663914960629917
21
-3.9988587795275587
0
LINE
8
BLACK
6
CONTINUOUS
10
6.3663914960629917
20
-3.9988587795275587
11
6.3663082677165352
21
-3.998765905511811
0
LINE
8
BLACK
6
CONTINUOUS
10
6.3663082677165352
20
-3.998765905511811
11
6.366264724409449
21
-3.9986724803149607
0
LINE
8
BLACK
6
CONTINUOUS
10
6.366264724409449
20
-3.9986724803149607
11
6.3660274015748026
21
-3.9983237401574803
0
LINE
8
BLACK
6
CONTINUOUS
10
6.3660274015748026
20
-3.9983237401574803
11
6.3637776771653538
21
-3.9941992519685039
0
LINE
8
BLACK
6
CONTINUOUS
10
6.3637776771653538
20
-3.9941992519685039
11
6.3637384251968498
21
-3.9941066929133857
0
LINE
8
BLACK
6
CONTINUOUS
10
6.3637384251968498
20
-3.9941066929133857
11
6.3637107480314956
21
-3.9940709842519686
0
LINE
8
BLACK
6
CONTINUOUS
10
6.3637107480314956
20
-3.9940709842519686
11
6.3635989370078736
21
-3.9937779527559054
0
LINE
8
BLACK
6
CONTINUOUS
10
6.3635989370078736
20
-3.9937779527559054
11
6.3634762992125982
21
-3.9934887795275591
0
LINE
8
BLACK
6
CONTINUOUS
10
6.3634762992125982
20
-3.9934887795275591
11
6.3634714566929134
21
-3.9934437401574803
0
LINE
8
BLACK
6
CONTINUOUS
10
6.3634714566929134
20
-3.9934437401574803
11
6.3634356692913387
21
-3.9933498818897637
0
LINE
8
BLACK
6
CONTINUOUS
10
6.3634356692913387
20
-3.9933498818897637
11
6.3611859842519687
21
-3.9851009448818897
0
LINE
8
BLACK
6
CONTINUOUS
10
6.3611859842519687
20
-3.9851009448818897
11
6.3611527559055121
21
-3.9849053149606299
0
LINE
8
BLACK
6
CONTINUOUS
10
6.3611527559055121
20
-3.9849053149606299
11
6.3611228740157477
21
-3.9848331102362202
0
LINE
8
BLACK
6
CONTINUOUS
10
6.3611228740157477
20
-3.9848331102362202
11
6.3610984645669291
21
-3.9845852755905513
0
LINE
8
BLACK
6
CONTINUOUS
10
6.3610984645669291
20
-3.9845852755905513
11
6.3610568503937008
21
-3.9843400393700787
0
LINE
8
BLACK
6
CONTINUOUS
10
6.3610568503937008
20
-3.9843400393700787
11
6.3610666929133854
21
-3.9842625590551179
0
LINE
8
BLACK
6
CONTINUOUS
10
6.3610666929133854
20
-3.9842625590551179
11
6.3610472440944879
21
-3.9840650393700785
0
LINE
8
BLACK
6
CONTINUOUS
10
6.3610472440944879
20
-3.9840650393700785
11
6.3610472440944879
21
-3.9778783070866139
0
LINE
8
BLACK
6
CONTINUOUS
10
6.3610472440944879
20
-3.9778783070866139
11
6.3610666929133854
21
-3.9776807480314962
0
LINE
8
BLACK
6
CONTINUOUS
10
6.3610666929133854
20
-3.9776807480314962
11
6.3610568503937008
21
-3.9776033070866141
0
LINE
8
BLACK
6
CONTINUOUS
10
6.3610568503937008
20
-3.9776033070866141
11
6.3610984645669291
21
-3.9773580314960628
0
LINE
8
BLACK
6
CONTINUOUS
10
6.3610984645669291
20
-3.9773580314960628
11
6.3611228740157477
21
-3.9771102362204722
0
LINE
8
BLACK
6
CONTINUOUS
10
6.3611228740157477
20
-3.9771102362204722
11
6.3611527559055121
21
-3.9770379921259842
0
LINE
8
BLACK
6
CONTINUOUS
10
6.3611527559055121
20
-3.9770379921259842
11
6.3611859842519687
21
-3.9768424015748032
0
LINE
8
BLACK
6
CONTINUOUS
10
6.3611859842519687
20
-3.9768424015748032
11
6.3634356692913387
21
-3.9685934645669292
0
LINE
8
BLACK
6
CONTINUOUS
10
6.3634356692913387
20
-3.9685934645669292
11
6.3634714566929134
21
-3.9684995669291339
0
LINE
8
BLACK
6
CONTINUOUS
10
6.3634714566929134
20
-3.9684995669291339
11
6.3634762992125982
21
-3.9684545669291338
0
LINE
8
BLACK
6
CONTINUOUS
10
6.3634762992125982
20
-3.9684545669291338
11
6.3635989370078736
21
-3.9681653543307087
0
LINE
8
BLACK
6
CONTINUOUS
10
6.3635989370078736
20
-3.9681653543307087
11
6.3637107480314956
21
-3.9678723622047243
0
LINE
8
BLACK
6
CONTINUOUS
10
6.3637107480314956
20
-3.9678723622047243
11
6.3637384251968498
21
-3.9678366141732284
0
LINE
8
BLACK
6
CONTINUOUS
10
6.3637384251968498
20
-3.9678366141732284
11
6.3637776771653538
21
-3.967744094488189
0
LINE
8
BLACK
6
CONTINUOUS
10
6.3637776771653538
20
-3.967744094488189
11
6.3660274015748026
21
-3.9636196062992126
0
LINE
8
BLACK
6
CONTINUOUS
10
6.3660274015748026
20
-3.9636196062992126
11
6.366264724409449
21
-3.9632708267716534
0
LINE
8
BLACK
6
CONTINUOUS
10
6.366264724409449
20
-3.9632708267716534
11
6.3663082677165352
21
-3.9631774409448819
0
LINE
8
BLACK
6
CONTINUOUS
10
6.3663082677165352
20
-3.9631774409448819
11
6.3663914960629917
21
-3.9630845275590549
0
LINE
8
BLACK
6
CONTINUOUS
10
6.3663914960629917
20
-3.9630845275590549
11
6.366461614173228
21
-3.9629815354330709
0
LINE
8
BLACK
6
CONTINUOUS
10
6.366461614173228
20
-3.9629815354330709
11
6.3665417322834648
21
-3.9629168503937007
0
LINE
8
BLACK
6
CONTINUOUS
10
6.3665417322834648
20
-3.9629168503937007
11
6.3668233464566928
21
-3.9626026771653544
0
LINE
8
BLACK
6
CONTINUOUS
10
6.3668233464566928
20
-3.9626026771653544
11
6.3713227559055117
21
-3.958478188976378
0
LINE
8
BLACK
6
CONTINUOUS
10
6.3713227559055117
20
-3.958478188976378
11
6.3719400393700782
21
-3.9580149212598426
0
LINE
8
BLACK
6
CONTINUOUS
10
6.3719400393700782
20
-3.9580149212598426
11
6.3720389763779526
21
-3.9579788582677162
0
LINE
8
BLACK
6
CONTINUOUS
10
6.3720389763779526
20
-3.9579788582677162
11
6.3721201968503935
21
-3.9579119685039368
0
LINE
8
BLACK
6
CONTINUOUS
10
6.3721201968503935
20
-3.9579119685039368
11
6.3728326377952751
21
-3.9576151968503934
0
LINE
8
BLACK
6
CONTINUOUS
10
6.3728326377952751
20
-3.9576151968503934
11
6.3795818110236215
21
-3.9555529527559052
0
LINE
8
BLACK
6
CONTINUOUS
10
6.3795818110236215
20
-3.9555529527559052
11
6.3798734645669288
21
-3.9554942913385824
0
LINE
8
BLACK
6
CONTINUOUS
10
6.3798734645669288
20
-3.9554942913385824
11
6.3799642125984253
21
-3.9554567322834644
0
LINE
8
BLACK
6
CONTINUOUS
10
6.3799642125984253
20
-3.9554567322834644
11
6.3801527165354326
21
-3.9554381496062989
0
LINE
8
BLACK
6
CONTINUOUS
10
6.3801527165354326
20
-3.9554381496062989
11
6.380338464566929
21
-3.9554008267716534
0
LINE
8
BLACK
6
CONTINUOUS
10
6.380338464566929
20
-3.9554008267716534
11
6.380436181102362
21
-3.9554102362204722
0
LINE
8
BLACK
6
CONTINUOUS
10
6.380436181102362
20
-3.9554102362204722
11
6.3807322834645666
21
-3.9553811023622045
0
LINE
8
BLACK
6
CONTINUOUS
10
6.3807322834645666
20
-3.9553811023622045
11
6.3852317322834642
21
-3.9553811023622045
0
LINE
8
BLACK
6
CONTINUOUS
10
6.3852317322834642
20
-3.9553811023622045
11
6.38552779527559
21
-3.9554102362204722
0
LINE
8
BLACK
6
CONTINUOUS
10
6.2579327952755905
20
-3.9554937795275591
11
6.2593251574803146
21
-3.956142716535433
0
LINE
8
BLACK
6
CONTINUOUS
10
6.2593251574803146
20
-3.956142716535433
11
6.2603631889763776
21
-3.9572750787401576
0
LINE
8
BLACK
6
CONTINUOUS
10
6.2603631889763776
20
-3.9572750787401576
11
6.2608888188976373
21
-3.9587185039370079
0
LINE
8
BLACK
6
CONTINUOUS
10
6.2608888188976373
20
-3.9587185039370079
11
6.2608220866141728
21
-3.9602531889763779
0
LINE
8
BLACK
6
CONTINUOUS
10
6.2608220866141728
20
-3.9602531889763779
11
6.2601731496062989
21
-3.9616455511811024
0
LINE
8
BLACK
6
CONTINUOUS
10
6.2601731496062989
20
-3.9616455511811024
11
6.2596580708661413
21
-3.9622203149606299
0
LINE
8
BLACK
6
CONTINUOUS
10
6.2596580708661413
20
-3.9622203149606299
11
6.2421540551181103
21
-3.9782656299212595
0
LINE
8
BLACK
6
CONTINUOUS
10
6.2421540551181103
20
-3.9782656299212595
11
6.2600448031496061
21
-4.0001321259842522
0
LINE
8
BLACK
6
CONTINUOUS
10
6.2600448031496061
20
-4.0001321259842522
11
6.2604726377952753
21
-4.0007744488188974
0
LINE
8
BLACK
6
CONTINUOUS
10
6.2604726377952753
20
-4.0007744488188974
11
6.2609163779527561
21
-4.0022451574803153
0
LINE
8
BLACK
6
CONTINUOUS
10
6.2609163779527561
20
-4.0022451574803153
11
6.2607635039370075
21
-4.0037736614173225
0
LINE
8
BLACK
6
CONTINUOUS
10
6.2607635039370075
20
-4.0037736614173225
11
6.2600373622047245
21
-4.0051273622047248
0
LINE
8
BLACK
6
CONTINUOUS
10
6.2600373622047245
20
-4.0051273622047248
11
6.2588484645669293
21
-4.0061000787401575
0
LINE
8
BLACK
6
CONTINUOUS
10
6.2588484645669293
20
-4.0061000787401575
11
6.2573777952755902
21
-4.0065438188976374
0
LINE
8
BLACK
6
CONTINUOUS
10
6.2573777952755902
20
-4.0065438188976374
11
6.2558492519685034
21
-4.0063909448818897
0
LINE
8
BLACK
6
CONTINUOUS
10
6.2558492519685034
20
-4.0063909448818897
11
6.2544955905511808
21
-4.0056648031496058
0
LINE
8
BLACK
6
CONTINUOUS
10
6.2544955905511808
20
-4.0056648031496058
11
6.2539506692913385
21
-4.0051182283464568
0
LINE
8
BLACK
6
CONTINUOUS
10
6.2539506692913385
20
-4.0051182283464568
11
6.2363405118110231
21
-3.9835947637795273
0
LINE
8
BLACK
6
CONTINUOUS
10
6.2363405118110231
20
-3.9835947637795273
11
6.2339381496062991
21
-3.985796929133858
0
LINE
8
BLACK
6
CONTINUOUS
10
6.2339381496062991
20
-3.985796929133858
11
6.2339381496062991
21
-4.0026251968503939
0
LINE
8
BLACK
6
CONTINUOUS
10
6.2339381496062991
20
-4.0026251968503939
11
6.2338625196850392
21
-4.0033932677165351
0
LINE
8
BLACK
6
CONTINUOUS
10
6.2338625196850392
20
-4.0033932677165351
11
6.2332746456692911
21
-4.0048124803149605
0
LINE
8
BLACK
6
CONTINUOUS
10
6.2332746456692911
20
-4.0048124803149605
11
6.23218842519685
21
-4.0058987007874016
0
LINE
8
BLACK
6
CONTINUOUS
10
6.23218842519685
20
-4.0058987007874016
11
6.2307692125984246
21
-4.0064865748031497
0
LINE
8
BLACK
6
CONTINUOUS
10
6.2307692125984246
20
-4.0064865748031497
11
6.2292330708661412
21
-4.0064865748031497
0
LINE
8
BLACK
6
CONTINUOUS
10
6.2292330708661412
20
-4.0064865748031497
11
6.2278138582677167
21
-4.0058987007874016
0
LINE
8
BLACK
6
CONTINUOUS
10
6.2278138582677167
20
-4.0058987007874016
11
6.2267276377952756
21
-4.0048124803149605
0
LINE
8
BLACK
6
CONTINUOUS
10
6.2267276377952756
20
-4.0048124803149605
11
6.2261397637795275
21
-4.0033932677165351
0
LINE
8
BLACK
6
CONTINUOUS
10
6.2261397637795275
20
-4.0033932677165351
11
6.2260641338582676
21
-4.0026251968503939
0
LINE
8
BLACK
6
CONTINUOUS
10
6.2260641338582676
20
-4.0026251968503939
11
6.2260641338582676
21
-3.9593181102362203
0
LINE
8
BLACK
6
CONTINUOUS
10
6.2260641338582676
20
-3.9593181102362203
11
6.2261397637795275
21
-3.9585500393700785
0
LINE
8
BLACK
6
CONTINUOUS
10
6.2261397637795275
20
-3.9585500393700785
11
6.2267276377952756
21
-3.9571308267716536
0
LINE
8
BLACK
6
CONTINUOUS
10
6.2267276377952756
20
-3.9571308267716536
11
6.2278138582677167
21
-3.9560446062992125
0
LINE
8
BLACK
6
CONTINUOUS
10
6.2278138582677167
20
-3.9560446062992125
11
6.2292330708661412
21
-3.9554567322834644
0
LINE
8
BLACK
6
CONTINUOUS
10
6.2292330708661412
20
-3.9554567322834644
11
6.2307692125984246
21
-3.9554567322834644
0
LINE
8
BLACK
6
CONTINUOUS
10
6.2307692125984246
20
-3.9554567322834644
11
6.23218842519685
21
-3.9560446062992125
0
LINE
8
BLACK
6
CONTINUOUS
10
6.23218842519685
20
-3.9560446062992125
11
6.2332746456692911
21
-3.9571308267716536
0
LINE
8
BLACK
6
CONTINUOUS
10
6.2332746456692911
20
-3.9571308267716536
11
6.2338625196850392
21
-3.9585500393700785
0
LINE
8
BLACK
6
CONTINUOUS
10
6.2338625196850392
20
-3.9585500393700785
11
6.2339381496062991
21
-3.9593181102362203
0
LINE
8
BLACK
6
CONTINUOUS
10
6.2339381496062991
20
-3.9593181102362203
11
6.2339381496062991
21
-3.975115275590551
0
LINE
8
BLACK
6
CONTINUOUS
10
6.2339381496062991
20
-3.975115275590551
11
6.2543374015748032
21
-3.9564159448818899
0
LINE
8
BLACK
6
CONTINUOUS
10
6.2543374015748032
20
-3.9564159448818899
11
6.2549546850393698
21
-3.9559526771653544
0
LINE
8
BLACK
6
CONTINUOUS
10
6.2549546850393698
20
-3.9559526771653544
11
6.2563981102362201
21
-3.9554270472440942
0
LINE
8
BLACK
6
CONTINUOUS
10
6.2563981102362201
20
-3.9554270472440942
11
6.2579327952755905
21
-3.9554937795275591
0
LINE
8
BLACK
6
CONTINUOUS
10
6.1070346850393697
20
-3.9554567322834644
11
6.1084538976377951
21
-3.9560446062992125
0
LINE
8
BLACK
6
CONTINUOUS
10
6.1084538976377951
20
-3.9560446062992125
11
6.1095401181102362
21
-3.9571308267716536
0
LINE
8
BLACK
6
CONTINUOUS
10
6.1095401181102362
20
-3.9571308267716536
11
6.1101279921259843
21
-3.9585500393700785
0
LINE
8
BLACK
6
CONTINUOUS
10
6.1101279921259843
20
-3.9585500393700785
11
6.1101279921259843
21
-3.960086181102362
0
LINE
8
BLACK
6
CONTINUOUS
10
6.1101279921259843
20
-3.960086181102362
11
6.1095401181102362
21
-3.9615053937007874
0
LINE
8
BLACK
6
CONTINUOUS
10
6.1095401181102362
20
-3.9615053937007874
11
6.1084538976377951
21
-3.9625916141732285
0
LINE
8
BLACK
6
CONTINUOUS
10
6.1084538976377951
20
-3.9625916141732285
11
6.1070346850393697
21
-3.9631794881889761
0
LINE
8
BLACK
6
CONTINUOUS
10
6.1070346850393697
20
-3.9631794881889761
11
6.1062666141732285
21
-3.963255118110236
0
LINE
8
BLACK
6
CONTINUOUS
10
6.1062666141732285
20
-3.963255118110236
11
6.0967052755905513
21
-3.963255118110236
0
LINE
8
BLACK
6
CONTINUOUS
10
6.0967052755905513
20
-3.963255118110236
11
6.0967052755905513
21
-4.0026251968503939
0
LINE
8
BLACK
6
CONTINUOUS
10
6.0967052755905513
20
-4.0026251968503939
11
6.0966296456692914
21
-4.0033932677165351
0
LINE
8
BLACK
6
CONTINUOUS
10
6.0966296456692914
20
-4.0033932677165351
11
6.0960417716535433
21
-4.0048124803149605
0
LINE
8
BLACK
6
CONTINUOUS
10
6.0960417716535433
20
-4.0048124803149605
11
6.0949555511811022
21
-4.0058987007874016
0
LINE
8
BLACK
6
CONTINUOUS
10
6.0949555511811022
20
-4.0058987007874016
11
6.0935363385826768
21
-4.0064865748031497
0
LINE
8
BLACK
6
CONTINUOUS
10
6.0935363385826768
20
-4.0064865748031497
11
6.0920001968503934
21
-4.0064865748031497
0
LINE
8
BLACK
6
CONTINUOUS
10
6.0920001968503934
20
-4.0064865748031497
11
6.090580984251968
21
-4.0058987007874016
0
LINE
8
BLACK
6
CONTINUOUS
10
6.090580984251968
20
-4.0058987007874016
11
6.0894947637795278
21
-4.0048124803149605
0
LINE
8
BLACK
6
CONTINUOUS
10
6.0894947637795278
20
-4.0048124803149605
11
6.0889068897637797
21
-4.0033932677165351
0
LINE
8
BLACK
6
CONTINUOUS
10
6.0889068897637797
20
-4.0033932677165351
11
6.0888312598425198
21
-4.0026251968503939
0
LINE
8
BLACK
6
CONTINUOUS
10
6.0888312598425198
20
-4.0026251968503939
11
6.0888312598425198
21
-3.963255118110236
0
LINE
8
BLACK
6
CONTINUOUS
10
6.0888312598425198
20
-3.963255118110236
11
6.0792699606299214
21
-3.963255118110236
0
LINE
8
BLACK
6
CONTINUOUS
10
6.0792699606299214
20
-3.963255118110236
11
6.0785018897637793
21
-3.9631794881889761
0
LINE
8
BLACK
6
CONTINUOUS
10
6.0785018897637793
20
-3.9631794881889761
11
6.0770826771653539
21
-3.9625916141732285
0
LINE
8
BLACK
6
CONTINUOUS
10
6.0770826771653539
20
-3.9625916141732285
11
6.0759964566929137
21
-3.9615053937007874
0
LINE
8
BLACK
6
CONTINUOUS
10
6.0759964566929137
20
-3.9615053937007874
11
6.0754085826771655
21
-3.960086181102362
0
LINE
8
BLACK
6
CONTINUOUS
10
6.0754085826771655
20
-3.960086181102362
11
6.0754085826771655
21
-3.9585500393700785
0
LINE
8
BLACK
6
CONTINUOUS
10
6.0754085826771655
20
-3.9585500393700785
11
6.0759964566929137
21
-3.9571308267716536
0
LINE
8
BLACK
6
CONTINUOUS
10
6.0759964566929137
20
-3.9571308267716536
11
6.0770826771653539
21
-3.9560446062992125
0
LINE
8
BLACK
6
CONTINUOUS
10
6.0770826771653539
20
-3.9560446062992125
11
6.0785018897637793
21
-3.9554567322834644
0
LINE
8
BLACK
6
CONTINUOUS
10
6.0785018897637793
20
-3.9554567322834644
11
6.0792699606299214
21
-3.9553811023622045
0
LINE
8
BLACK
6
CONTINUOUS
10
6.0792699606299214
20
-3.9553811023622045
11
6.1062666141732285
21
-3.9553811023622045
0
LINE
8
BLACK
6
CONTINUOUS
10
6.1062666141732285
20
-3.9553811023622045
11
6.1070346850393697
21
-3.9554567322834644
0
LINE
8
BLACK
6
CONTINUOUS
10
6.1452798818897634
20
-3.9554567322834644
11
6.1466990944881887
21
-3.9560446062992125
0
LINE
8
BLACK
6
CONTINUOUS
10
6.1466990944881887
20
-3.9560446062992125
11
6.1477853149606299
21
-3.9571308267716536
0
LINE
8
BLACK
6
CONTINUOUS
10
6.1477853149606299
20
-3.9571308267716536
11
6.148373188976378
21
-3.9585500393700785
0
LINE
8
BLACK
6
CONTINUOUS
10
6.148373188976378
20
-3.9585500393700785
11
6.148373188976378
21
-3.960086181102362
0
LINE
8
BLACK
6
CONTINUOUS
10
6.148373188976378
20
-3.960086181102362
11
6.1477853149606299
21
-3.9615053937007874
0
LINE
8
BLACK
6
CONTINUOUS
10
6.1477853149606299
20
-3.9615053937007874
11
6.1466990944881887
21
-3.9625916141732285
0
LINE
8
BLACK
6
CONTINUOUS
10
6.1466990944881887
20
-3.9625916141732285
11
6.1452798818897634
21
-3.9631794881889761
0
LINE
8
BLACK
6
CONTINUOUS
10
6.1452798818897634
20
-3.9631794881889761
11
6.1445118110236221
21
-3.963255118110236
0
LINE
8
BLACK
6
CONTINUOUS
10
6.1445118110236221
20
-3.963255118110236
11
6.1259516535433072
21
-3.963255118110236
0
LINE
8
BLACK
6
CONTINUOUS
10
6.1259516535433072
20
-3.963255118110236
11
6.1259516535433072
21
-3.9760035433070864
0
LINE
8
BLACK
6
CONTINUOUS
10
6.1259516535433072
20
-3.9760035433070864
11
6.1377626771653544
21
-3.9760035433070864
0
LINE
8
BLACK
6
CONTINUOUS
10
6.1377626771653544
20
-3.9760035433070864
11
6.1385307480314957
21
-3.9760791732283463
0
LINE
8
BLACK
6
CONTINUOUS
10
6.1385307480314957
20
-3.9760791732283463
11
6.139949960629921
21
-3.9766670472440944
0
LINE
8
BLACK
6
CONTINUOUS
10
6.139949960629921
20
-3.9766670472440944
11
6.1410361811023622
21
-3.9777532677165355
0
LINE
8
BLACK
6
CONTINUOUS
10
6.1410361811023622
20
-3.9777532677165355
11
6.1416240551181103
21
-3.9791724803149604
0
LINE
8
BLACK
6
CONTINUOUS
10
6.1416240551181103
20
-3.9791724803149604
11
6.1416240551181103
21
-3.9807086220472438
0
LINE
8
BLACK
6
CONTINUOUS
10
6.1416240551181103
20
-3.9807086220472438
11
6.1410361811023622
21
-3.9821278346456692
0
LINE
8
BLACK
6
CONTINUOUS
10
6.1410361811023622
20
-3.9821278346456692
11
6.139949960629921
21
-3.9832140551181103
0
LINE
8
BLACK
6
CONTINUOUS
10
6.139949960629921
20
-3.9832140551181103
11
6.1385307480314957
21
-3.983801929133858
0
LINE
8
BLACK
6
CONTINUOUS
10
6.1385307480314957
20
-3.983801929133858
11
6.1377626771653544
21
-3.9838775590551179
0
LINE
8
BLACK
6
CONTINUOUS
10
6.1377626771653544
20
-3.9838775590551179
11
6.1259516535433072
21
-3.9838775590551179
0
LINE
8
BLACK
6
CONTINUOUS
10
6.1259516535433072
20
-3.9838775590551179
11
6.1259516535433072
21
-4.0026251968503939
0
LINE
8
BLACK
6
CONTINUOUS
10
6.1259516535433072
20
-4.0026251968503939
11
6.1258760236220473
21
-4.0033932677165351
0
LINE
8
BLACK
6
CONTINUOUS
10
6.1258760236220473
20
-4.0033932677165351
11
6.1252881496062992
21
-4.0048124803149605
0
LINE
8
BLACK
6
CONTINUOUS
10
6.1252881496062992
20
-4.0048124803149605
11
6.1242019291338581
21
-4.0058987007874016
0
LINE
8
BLACK
6
CONTINUOUS
10
6.1242019291338581
20
-4.0058987007874016
11
6.1227827165354327
21
-4.0064865748031497
0
LINE
8
BLACK
6
CONTINUOUS
10
6.1227827165354327
20
-4.0064865748031497
11
6.1212465748031493
21
-4.0064865748031497
0
LINE
8
BLACK
6
CONTINUOUS
10
6.1212465748031493
20
-4.0064865748031497
11
6.1198273622047239
21
-4.0058987007874016
0
LINE
8
BLACK
6
CONTINUOUS
10
6.1198273622047239
20
-4.0058987007874016
11
6.1187411417322837
21
-4.0048124803149605
0
LINE
8
BLACK
6
CONTINUOUS
10
6.1187411417322837
20
-4.0048124803149605
11
6.1181532677165356
21
-4.0033932677165351
0
LINE
8
BLACK
6
CONTINUOUS
10
6.1181532677165356
20
-4.0033932677165351
11
6.1180776377952757
21
-4.0026251968503939
0
LINE
8
BLACK
6
CONTINUOUS
10
6.1180776377952757
20
-4.0026251968503939
11
6.1180776377952757
21
-3.9593181102362203
0
LINE
8
BLACK
6
CONTINUOUS
10
6.1180776377952757
20
-3.9593181102362203
11
6.1181532677165356
21
-3.9585500393700785
0
LINE
8
BLACK
6
CONTINUOUS
10
6.1181532677165356
20
-3.9585500393700785
11
6.1187411417322837
21
-3.9571308267716536
0
LINE
8
BLACK
6
CONTINUOUS
10
6.1187411417322837
20
-3.9571308267716536
11
6.1198273622047239
21
-3.9560446062992125
0
LINE
8
BLACK
6
CONTINUOUS
10
6.1198273622047239
20
-3.9560446062992125
11
6.1212465748031493
21
-3.9554567322834644
0
LINE
8
BLACK
6
CONTINUOUS
10
6.1212465748031493
20
-3.9554567322834644
11
6.1220146456692914
21
-3.9553811023622045
0
LINE
8
BLACK
6
CONTINUOUS
10
6.1220146456692914
20
-3.9553811023622045
11
6.1445118110236221
21
-3.9553811023622045
0
LINE
8
BLACK
6
CONTINUOUS
10
6.1445118110236221
20
-3.9553811023622045
11
6.1452798818897634
21
-3.9554567322834644
0
LINE
8
BLACK
6
CONTINUOUS
10
6.2096912204724406
20
-3.9560446062992125
11
6.2107774409448817
21
-3.9571308267716536
0
LINE
8
BLACK
6
CONTINUOUS
10
6.2107774409448817
20
-3.9571308267716536
11
6.2113653149606298
21
-3.9585500393700785
0
LINE
8
BLACK
6
CONTINUOUS
10
6.2113653149606298
20
-3.9585500393700785
11
6.2114409448818897
21
-3.9593181102362203
0
LINE
8
BLACK
6
CONTINUOUS
10
6.2114409448818897
20
-3.9593181102362203
11
6.2114409448818897
21
-4.0026251968503939
0
LINE
8
BLACK
6
CONTINUOUS
10
6.2114409448818897
20
-4.0026251968503939
11
6.2113653149606298
21
-4.0033932677165351
0
LINE
8
BLACK
6
CONTINUOUS
10
6.2113653149606298
20
-4.0033932677165351
11
6.2107774409448817
21
-4.0048124803149605
0
LINE
8
BLACK
6
CONTINUOUS
10
6.2107774409448817
20
-4.0048124803149605
11
6.2096912204724406
21
-4.0058987007874016
0
LINE
8
BLACK
6
CONTINUOUS
10
6.2096912204724406
20
-4.0058987007874016
11
6.2082720078740152
21
-4.0064865748031497
0
LINE
8
BLACK
6
CONTINUOUS
10
6.2082720078740152
20
-4.0064865748031497
11
6.2067358661417318
21
-4.0064865748031497
0
LINE
8
BLACK
6
CONTINUOUS
10
6.2067358661417318
20
-4.0064865748031497
11
6.2053166535433073
21
-4.0058987007874016
0
LINE
8
BLACK
6
CONTINUOUS
10
6.2053166535433073
20
-4.0058987007874016
11
6.2042304330708662
21
-4.0048124803149605
0
LINE
8
BLACK
6
CONTINUOUS
10
6.2042304330708662
20
-4.0048124803149605
11
6.2036425590551181
21
-4.0033932677165351
0
LINE
8
BLACK
6
CONTINUOUS
10
6.2036425590551181
20
-4.0033932677165351
11
6.2035669291338582
21
-4.0026251968503939
0
LINE
8
BLACK
6
CONTINUOUS
10
6.2035669291338582
20
-4.0026251968503939
11
6.2035669291338582
21
-3.9593181102362203
0
LINE
8
BLACK
6
CONTINUOUS
10
6.2035669291338582
20
-3.9593181102362203
11
6.2036425590551181
21
-3.9585500393700785
0
LINE
8
BLACK
6
CONTINUOUS
10
6.2036425590551181
20
-3.9585500393700785
11
6.2042304330708662
21
-3.9571308267716536
0
LINE
8
BLACK
6
CONTINUOUS
10
6.2042304330708662
20
-3.9571308267716536
11
6.2053166535433073
21
-3.9560446062992125
0
LINE
8
BLACK
6
CONTINUOUS
10
6.2053166535433073
20
-3.9560446062992125
11
6.2067358661417318
21
-3.9554567322834644
0
LINE
8
BLACK
6
CONTINUOUS
10
6.2067358661417318
20
-3.9554567322834644
11
6.2082720078740152
21
-3.9554567322834644
0
LINE
8
BLACK
6
CONTINUOUS
10
6.2082720078740152
20
-3.9554567322834644
11
6.2096912204724406
21
-3.9560446062992125
0
LINE
8
BLACK
6
CONTINUOUS
10
5.6796075590551176
20
-3.5790724803149607
11
5.6806719685039369
21
-3.5795133858267714
0
LINE
8
BLACK
6
CONTINUOUS
10
5.6806719685039369
20
-3.5795133858267714
11
5.6814866141732283
21
-3.5803280314960628
0
LINE
8
BLACK
6
CONTINUOUS
10
5.6814866141732283
20
-3.5803280314960628
11
5.681927519685039
21
-3.5813924409448816
0
LINE
8
BLACK
6
CONTINUOUS
10
5.681927519685039
20
-3.5813924409448816
11
5.6819842519685038
21
-3.5819685039370079
0
LINE
8
BLACK
6
CONTINUOUS
10
5.6819842519685038
20
-3.5819685039370079
11
5.6819842519685038
21
-3.7149685039370079
0
LINE
8
BLACK
6
CONTINUOUS
10
5.6819842519685038
20
-3.7149685039370079
11
5.6819842519685038
21
-3.847968503937008
0
LINE
8
BLACK
6
CONTINUOUS
10
5.6819842519685038
20
-3.847968503937008
11
5.6819842519685038
21
-3.980968503937008
0
LINE
8
BLACK
6
CONTINUOUS
10
5.6819842519685038
20
-3.980968503937008
11
5.681927519685039
21
-3.9815445669291338
0
LINE
8
BLACK
6
CONTINUOUS
10
5.681927519685039
20
-3.9815445669291338
11
5.6814866141732283
21
-3.9826089763779526
0
LINE
8
BLACK
6
CONTINUOUS
10
5.6814866141732283
20
-3.9826089763779526
11
5.6806719685039369
21
-3.9834236220472441
0
LINE
8
BLACK
6
CONTINUOUS
10
5.6806719685039369
20
-3.9834236220472441
11
5.6796075590551176
21
-3.9838645275590552
0
LINE
8
BLACK
6
CONTINUOUS
10
5.6796075590551176
20
-3.9838645275590552
11
5.6790314960629917
21
-3.9839212598425195
0
LINE
8
BLACK
6
CONTINUOUS
10
5.6790314960629917
20
-3.9839212598425195
11
5.2610314960629916
21
-3.9839212598425195
0
LINE
8
BLACK
6
CONTINUOUS
10
5.2610314960629916
20
-3.9839212598425195
11
5.2604554330708657
21
-3.9838645275590552
0
LINE
8
BLACK
6
CONTINUOUS
10
5.2604554330708657
20
-3.9838645275590552
11
5.2593910236220474
21
-3.9834236220472441
0
LINE
8
BLACK
6
CONTINUOUS
10
5.2593910236220474
20
-3.9834236220472441
11
5.2585763779527559
21
-3.9826089763779526
0
LINE
8
BLACK
6
CONTINUOUS
10
5.2585763779527559
20
-3.9826089763779526
11
5.2581354724409444
21
-3.9815445669291338
0
LINE
8
BLACK
6
CONTINUOUS
10
5.2581354724409444
20
-3.9815445669291338
11
5.2580787401574804
21
-3.980968503937008
0
LINE
8
BLACK
6
CONTINUOUS
10
5.2580787401574804
20
-3.980968503937008
11
5.2580787401574804
21
-3.847968503937008
0
LINE
8
BLACK
6
CONTINUOUS
10
5.2580787401574804
20
-3.847968503937008
11
5.2580787401574804
21
-3.7149685039370079
0
LINE
8
BLACK
6
CONTINUOUS
10
5.2580787401574804
20
-3.7149685039370079
11
5.2580787401574804
21
-3.5819685039370079
0
LINE
8
BLACK
6
CONTINUOUS
10
5.2580787401574804
20
-3.5819685039370079
11
5.2581354724409444
21
-3.5813924409448816
0
LINE
8
BLACK
6
CONTINUOUS
10
5.2581354724409444
20
-3.5813924409448816
11
5.2585763779527559
21
-3.5803280314960628
0
LINE
8
BLACK
6
CONTINUOUS
10
5.2585763779527559
20
-3.5803280314960628
11
5.2593910236220474
21
-3.5795133858267714
0
LINE
8
BLACK
6
CONTINUOUS
10
5.2593910236220474
20
-3.5795133858267714
11
5.2604554330708657
21
-3.5790724803149607
0
LINE
8
BLACK
6
CONTINUOUS
10
5.2604554330708657
20
-3.5790724803149607
11
5.2610314960629916
21
-3.5790157480314959
0
LINE
8
BLACK
6
CONTINUOUS
10
5.2610314960629916
20
-3.5790157480314959
11
5.6790314960629917
21
-3.5790157480314959
0
LINE
8
BLACK
6
CONTINUOUS
10
5.6790314960629917
20
-3.5790157480314959
11
5.6796075590551176
21
-3.5790724803149607
0
LINE
8
BLACK
6
CONTINUOUS
10
5.1250086614173229
20
-3.9452214173228346
11
5.1260730708661413
21
-3.9456623228346457
0
LINE
8
BLACK
6
CONTINUOUS
10
5.1260730708661413
20
-3.9456623228346457
11
5.1268877165354327
21
-3.9464769685039367
0
LINE
8
BLACK
6
CONTINUOUS
10
5.1268877165354327
20
-3.9464769685039367
11
5.1273286220472443
21
-3.9475413779527559
0
LINE
8
BLACK
6
CONTINUOUS
10
5.1273286220472443
20
-3.9475413779527559
11
5.1273286220472443
21
-3.9486935039370077
0
LINE
8
BLACK
6
CONTINUOUS
10
5.1273286220472443
20
-3.9486935039370077
11
5.1268877165354327
21
-3.9497579133858265
0
LINE
8
BLACK
6
CONTINUOUS
10
5.1268877165354327
20
-3.9497579133858265
11
5.1260730708661413
21
-3.9505725590551179
0
LINE
8
BLACK
6
CONTINUOUS
10
5.1260730708661413
20
-3.9505725590551179
11
5.1250086614173229
21
-3.951013464566929
0
LINE
8
BLACK
6
CONTINUOUS
10
5.1250086614173229
20
-3.951013464566929
11
5.124432598425197
21
-3.9510701968503934
0
LINE
8
BLACK
6
CONTINUOUS
10
5.124432598425197
20
-3.9510701968503934
11
5.112106692913386
21
-3.9510701968503934
0
LINE
8
BLACK
6
CONTINUOUS
10
5.112106692913386
20
-3.9510701968503934
11
5.1114802362204728
21
-3.9573345669291338
0
LINE
8
BLACK
6
CONTINUOUS
10
5.1114802362204728
20
-3.9573345669291338
11
5.1116542125984248
21
-3.9572680314960631
0
LINE
8
BLACK
6
CONTINUOUS
10
5.1116542125984248
20
-3.9572680314960631
11
5.1117600000000003
21
-3.9572605118110236
0
LINE
8
BLACK
6
CONTINUOUS
10
5.1117600000000003
20
-3.9572605118110236
11
5.1118580314960624
21
-3.9572199212598425
0
LINE
8
BLACK
6
CONTINUOUS
10
5.1118580314960624
20
-3.9572199212598425
11
5.1124340944881892
21
-3.9571631889763776
0
LINE
8
BLACK
6
CONTINUOUS
10
5.1124340944881892
20
-3.9571631889763776
11
5.1199331496062994
21
-3.9571631889763776
0
LINE
8
BLACK
6
CONTINUOUS
10
5.1199331496062994
20
-3.9571631889763776
11
5.1205092125984253
21
-3.9572199212598425
0
LINE
8
BLACK
6
CONTINUOUS
10
5.1205092125984253
20
-3.9572199212598425
11
5.1206072047244096
21
-3.9572605118110236
0
LINE
8
BLACK
6
CONTINUOUS
10
5.1206072047244096
20
-3.9572605118110236
11
5.1207130314960629
21
-3.9572680314960631
0
LINE
8
BLACK
6
CONTINUOUS
10
5.1207130314960629
20
-3.9572680314960631
11
5.121253661417323
21
-3.9574749212598426
0
LINE
8
BLACK
6
CONTINUOUS
10
5.121253661417323
20
-3.9574749212598426
11
5.1242533070866143
21
-3.9589747244094489
0
LINE
8
BLACK
6
CONTINUOUS
10
5.1242533070866143
20
-3.9589747244094489
11
5.1245012992125982
21
-3.9591307874015746
0
LINE
8
BLACK
6
CONTINUOUS
10
5.1245012992125982
20
-3.9591307874015746
11
5.124573267716535
21
-3.9591606299212598
0
LINE
8
BLACK
6
CONTINUOUS
10
5.124573267716535
20
-3.9591606299212598
11
5.1246542125984247
21
-3.959227086614173
0
LINE
8
BLACK
6
CONTINUOUS
10
5.1246542125984247
20
-3.959227086614173
11
5.1247431889763781
21
-3.9592830708661415
0
LINE
8
BLACK
6
CONTINUOUS
10
5.1247431889763781
20
-3.9592830708661415
11
5.124794330708661
21
-3.9593420472440943
0
LINE
8
BLACK
6
CONTINUOUS
10
5.124794330708661
20
-3.9593420472440943
11
5.1250207086614168
21
-3.959527834645669
0
LINE
8
BLACK
6
CONTINUOUS
10
5.1250207086614168
20
-3.959527834645669
11
5.1265205118110231
21
-3.9610276377952753
0
LINE
8
BLACK
6
CONTINUOUS
10
5.1265205118110231
20
-3.9610276377952753
11
5.1267062598425195
21
-3.9612539763779528
0
LINE
8
BLACK
6
CONTINUOUS
10
5.1267062598425195
20
-3.9612539763779528
11
5.1267652755905511
21
-3.9613051574803149
0
LINE
8
BLACK
6
CONTINUOUS
10
5.1267652755905511
20
-3.9613051574803149
11
5.1268212204724408
21
-3.9613940944881887
0
LINE
8
BLACK
6
CONTINUOUS
10
5.1268212204724408
20
-3.9613940944881887
11
5.1268877165354327
21
-3.9614750787401576
0
LINE
8
BLACK
6
CONTINUOUS
10
5.1268877165354327
20
-3.9614750787401576
11
5.1269175196850396
21
-3.9615470078740156
0
LINE
8
BLACK
6
CONTINUOUS
10
5.1269175196850396
20
-3.9615470078740156
11
5.1270736220472442
21
-3.9617950393700787
0
LINE
8
BLACK
6
CONTINUOUS
10
5.1270736220472442
20
-3.9617950393700787
11
5.1285734251968504
21
-3.96479468503937
0
LINE
8
BLACK
6
CONTINUOUS
10
5.1285734251968504
20
-3.96479468503937
11
5.1287803149606299
21
-3.9653353149606296
0
LINE
8
BLACK
6
CONTINUOUS
10
5.1287803149606299
20
-3.9653353149606296
11
5.1287877952755903
21
-3.9654411023622047
0
LINE
8
BLACK
6
CONTINUOUS
10
5.1287877952755903
20
-3.9654411023622047
11
5.1288284251968506
21
-3.9655391338582677
0
LINE
8
BLACK
6
CONTINUOUS
10
5.1288284251968506
20
-3.9655391338582677
11
5.1288851574803145
21
-3.9661151968503936
0
LINE
8
BLACK
6
CONTINUOUS
10
5.1288851574803145
20
-3.9661151968503936
11
5.1288851574803145
21
-3.9736142519685038
0
LINE
8
BLACK
6
CONTINUOUS
10
5.1288851574803145
20
-3.9736142519685038
11
5.1288284251968506
21
-3.9741903149606297
0
LINE
8
BLACK
6
CONTINUOUS
10
5.1288284251968506
20
-3.9741903149606297
11
5.1287877952755903
21
-3.974288307086614
0
LINE
8
BLACK
6
CONTINUOUS
10
5.1287877952755903
20
-3.974288307086614
11
5.1287803149606299
21
-3.9743941338582678
0
LINE
8
BLACK
6
CONTINUOUS
10
5.1287803149606299
20
-3.9743941338582678
11
5.1285734251968504
21
-3.9749347637795274
0
LINE
8
BLACK
6
CONTINUOUS
10
5.1285734251968504
20
-3.9749347637795274
11
5.1270736220472442
21
-3.97793437007874
0
LINE
8
BLACK
6
CONTINUOUS
10
5.1270736220472442
20
-3.97793437007874
11
5.1269175590551184
21
-3.9781822440944881
0
LINE
8
BLACK
6
CONTINUOUS
10
5.1269175590551184
20
-3.9781822440944881
11
5.1268877559055115
21
-3.9782542913385828
0
LINE
8
BLACK
6
CONTINUOUS
10
5.1268877559055115
20
-3.9782542913385828
11
5.1268212204724408
21
-3.97833531496063
0
LINE
8
BLACK
6
CONTINUOUS
10
5.1268212204724408
20
-3.97833531496063
11
5.1267652755905511
21
-3.9784242519685038
0
LINE
8
BLACK
6
CONTINUOUS
10
5.1267652755905511
20
-3.9784242519685038
11
5.1267062598425195
21
-3.9784753937007875
0
LINE
8
BLACK
6
CONTINUOUS
10
5.1267062598425195
20
-3.9784753937007875
11
5.1265205511811018
21
-3.9787017322834646
0
LINE
8
BLACK
6
CONTINUOUS
10
5.1265205511811018
20
-3.9787017322834646
11
5.1250207480314955
21
-3.9802015748031496
0
LINE
8
BLACK
6
CONTINUOUS
10
5.1250207480314955
20
-3.9802015748031496
11
5.1247943700787397
21
-3.9803873228346456
0
LINE
8
BLACK
6
CONTINUOUS
10
5.1247943700787397
20
-3.9803873228346456
11
5.1247431889763781
21
-3.9804463779527559
0
LINE
8
BLACK
6
CONTINUOUS
10
5.1247431889763781
20
-3.9804463779527559
11
5.1246542125984247
21
-3.9805023622047244
0
LINE
8
BLACK
6
CONTINUOUS
10
5.1246542125984247
20
-3.9805023622047244
11
5.124573267716535
21
-3.9805688188976376
0
LINE
8
BLACK
6
CONTINUOUS
10
5.124573267716535
20
-3.9805688188976376
11
5.1245012992125982
21
-3.980598622047244
0
LINE
8
BLACK
6
CONTINUOUS
10
5.1245012992125982
20
-3.980598622047244
11
5.1242533070866143
21
-3.9807547244094486
0
LINE
8
BLACK
6
CONTINUOUS
10
5.1242533070866143
20
-3.9807547244094486
11
5.121253661417323
21
-3.9822545275590548
0
LINE
8
BLACK
6
CONTINUOUS
10
5.121253661417323
20
-3.9822545275590548
11
5.1207130314960629
21
-3.9824614173228348
0
LINE
8
BLACK
6
CONTINUOUS
10
5.1207130314960629
20
-3.9824614173228348
11
5.1206072047244096
21
-3.9824688976377951
0
LINE
8
BLACK
6
CONTINUOUS
10
5.1206072047244096
20
-3.9824688976377951
11
5.1205092125984253
21
-3.982509527559055
0
LINE
8
BLACK
6
CONTINUOUS
10
5.1205092125984253
20
-3.982509527559055
11
5.1199331496062994
21
-3.9825662598425198
0
LINE
8
BLACK
6
CONTINUOUS
10
5.1199331496062994
20
-3.9825662598425198
11
5.1124340944881892
21
-3.9825662598425198
0
LINE
8
BLACK
6
CONTINUOUS
10
5.1124340944881892
20
-3.9825662598425198
11
5.1118580314960624
21
-3.982509527559055
0
LINE
8
BLACK
6
CONTINUOUS
10
5.1118580314960624
20
-3.982509527559055
11
5.1117600000000003
21
-3.9824688976377951
0
LINE
8
BLACK
6
CONTINUOUS
10
5.1117600000000003
20
-3.9824688976377951
11
5.1116542125984248
21
-3.9824614173228348
0
LINE
8
BLACK
6
CONTINUOUS
10
5.1116542125984248
20
-3.9824614173228348
11
5.1111135826771656
21
-3.9822545275590548
0
LINE
8
BLACK
6
CONTINUOUS
10
5.1111135826771656
20
-3.9822545275590548
11
5.1081139763779531
21
-3.9807547244094486
0
LINE
8
BLACK
6
CONTINUOUS
10
5.1081139763779531
20
-3.9807547244094486
11
5.1078661417322833
21
-3.9805987007874015
0
LINE
8
BLACK
6
CONTINUOUS
10
5.1078661417322833
20
-3.9805987007874015
11
5.1077940157480315
21
-3.9805688582677163
0
LINE
8
BLACK
6
CONTINUOUS
10
5.1077940157480315
20
-3.9805688582677163
11
5.1077128346456693
21
-3.9805022440944882
0
LINE
8
BLACK
6
CONTINUOUS
10
5.1077128346456693
20
-3.9805022440944882
11
5.1076240944881892
21
-3.9804463779527559
0
LINE
8
BLACK
6
CONTINUOUS
10
5.1076240944881892
20
-3.9804463779527559
11
5.1075729527559055
21
-3.9803874409448818
0
LINE
8
BLACK
6
CONTINUOUS
10
5.1075729527559055
20
-3.9803874409448818
11
5.1073465748031497
21
-3.9802016141732284
0
LINE
8
BLACK
6
CONTINUOUS
10
5.1073465748031497
20
-3.9802016141732284
11
5.1058467322834646
21
-3.9787017716535433
0
LINE
8
BLACK
6
CONTINUOUS
10
5.1058467322834646
20
-3.9787017716535433
11
5.105479527559055
21
-3.9782543307086615
0
LINE
8
BLACK
6
CONTINUOUS
10
5.105479527559055
20
-3.9782543307086615
11
5.1050386220472443
21
-3.9771898818897635
0
LINE
8
BLACK
6
CONTINUOUS
10
5.1050386220472443
20
-3.9771898818897635
11
5.1050386220472443
21
-3.9760378346456693
0
LINE
8
BLACK
6
CONTINUOUS
10
5.1050386220472443
20
-3.9760378346456693
11
5.105479527559055
21
-3.9749733858267717
0
LINE
8
BLACK
6
CONTINUOUS
10
5.105479527559055
20
-3.9749733858267717
11
5.1062941732283464
21
-3.9741587401574803
0
LINE
8
BLACK
6
CONTINUOUS
10
5.1062941732283464
20
-3.9741587401574803
11
5.1073586220472436
21
-3.9737178346456692
0
LINE
8
BLACK
6
CONTINUOUS
10
5.1073586220472436
20
-3.9737178346456692
11
5.1085106692913387
21
-3.9737178346456692
0
LINE
8
BLACK
6
CONTINUOUS
10
5.1085106692913387
20
-3.9737178346456692
11
5.1095751181102358
21
-3.9741587401574803
0
LINE
8
BLACK
6
CONTINUOUS
10
5.1095751181102358
20
-3.9741587401574803
11
5.1100225590551176
21
-3.9745259448818895
0
LINE
8
BLACK
6
CONTINUOUS
10
5.1100225590551176
20
-3.9745259448818895
11
5.1111835826771657
21
-3.9756869685039371
0
LINE
8
BLACK
6
CONTINUOUS
10
5.1111835826771657
20
-3.9756869685039371
11
5.1131311417322838
21
-3.9766607480314962
0
LINE
8
BLACK
6
CONTINUOUS
10
5.1131311417322838
20
-3.9766607480314962
11
5.1192361023622048
21
-3.9766607480314962
0
LINE
8
BLACK
6
CONTINUOUS
10
5.1192361023622048
20
-3.9766607480314962
11
5.121183661417323
21
-3.9756869685039371
0
LINE
8
BLACK
6
CONTINUOUS
10
5.121183661417323
20
-3.9756869685039371
11
5.1220058267716535
21
-3.9748647637795274
0
LINE
8
BLACK
6
CONTINUOUS
10
5.1220058267716535
20
-3.9748647637795274
11
5.1229796456692913
21
-3.9729172047244092
0
LINE
8
BLACK
6
CONTINUOUS
10
5.1229796456692913
20
-3.9729172047244092
11
5.1229796456692913
21
-3.9668122047244094
0
LINE
8
BLACK
6
CONTINUOUS
10
5.1229796456692913
20
-3.9668122047244094
11
5.1220058267716535
21
-3.9648646062992126
0
LINE
8
BLACK
6
CONTINUOUS
10
5.1220058267716535
20
-3.9648646062992126
11
5.1211837007874017
21
-3.9640424803149608
0
LINE
8
BLACK
6
CONTINUOUS
10
5.1211837007874017
20
-3.9640424803149608
11
5.1192361023622048
21
-3.9630687007874017
0
LINE
8
BLACK
6
CONTINUOUS
10
5.1192361023622048
20
-3.9630687007874017
11
5.1131311417322838
21
-3.9630687007874017
0
LINE
8
BLACK
6
CONTINUOUS
10
5.1131311417322838
20
-3.9630687007874017
11
5.1111835433070869
21
-3.9640424803149608
0
LINE
8
BLACK
6
CONTINUOUS
10
5.1111835433070869
20
-3.9640424803149608
11
5.1100225196850388
21
-3.9652035039370079
0
LINE
8
BLACK
6
CONTINUOUS
10
5.1100225196850388
20
-3.9652035039370079
11
5.109575078740157
21
-3.9655707086614171
0
LINE
8
BLACK
6
CONTINUOUS
10
5.109575078740157
20
-3.9655707086614171
11
5.1094377165354325
21
-3.9656275590551182
0
LINE
8
BLACK
6
CONTINUOUS
10
5.1094377165354325
20
-3.9656275590551182
11
5.1093226771653546
21
-3.9657217322834644
0
LINE
8
BLACK
6
CONTINUOUS
10
5.1093226771653546
20
-3.9657217322834644
11
5.1089092913385823
21
-3.9658464566929132
0
LINE
8
BLACK
6
CONTINUOUS
10
5.1089092913385823
20
-3.9658464566929132
11
5.1085106299212599
21
-3.9660115748031495
0
LINE
8
BLACK
6
CONTINUOUS
10
5.1085106299212599
20
-3.9660115748031495
11
5.1083620472440945
21
-3.9660115748031495
0
LINE
8
BLACK
6
CONTINUOUS
10
5.1083620472440945
20
-3.9660115748031495
11
5.1082196850393702
21
-3.9660545275590549
0
LINE
8
BLACK
6
CONTINUOUS
10
5.1082196850393702
20
-3.9660545275590549
11
5.1077901574803146
21
-3.9660115748031495
0
LINE
8
BLACK
6
CONTINUOUS
10
5.1077901574803146
20
-3.9660115748031495
11
5.1073585826771648
21
-3.9660115748031495
0
LINE
8
BLACK
6
CONTINUOUS
10
5.1073585826771648
20
-3.9660115748031495
11
5.1072212204724412
21
-3.9659546456692913
0
LINE
8
BLACK
6
CONTINUOUS
10
5.1072212204724412
20
-3.9659546456692913
11
5.1070732677165349
21
-3.9659398818897635
0
LINE
8
BLACK
6
CONTINUOUS
10
5.1070732677165349
20
-3.9659398818897635
11
5.1066929527559051
21
-3.9657358267716534
0
LINE
8
BLACK
6
CONTINUOUS
10
5.1066929527559051
20
-3.9657358267716534
11
5.1062941732283464
21
-3.9655706692913384
0
LINE
8
BLACK
6
CONTINUOUS
10
5.1062941732283464
20
-3.9655706692913384
11
5.1061889763779522
21
-3.9654654724409446
0
LINE
8
BLACK
6
CONTINUOUS
10
5.1061889763779522
20
-3.9654654724409446
11
5.1060580314960626
21
-3.9653952362204725
0
LINE
8
BLACK
6
CONTINUOUS
10
5.1060580314960626
20
-3.9653952362204725
11
5.1057847637795275
21
-3.9650612598425194
0
LINE
8
BLACK
6
CONTINUOUS
10
5.1057847637795275
20
-3.9650612598425194
11
5.1054794881889762
21
-3.9647559842519686
0
LINE
8
BLACK
6
CONTINUOUS
10
5.1054794881889762
20
-3.9647559842519686
11
5.1054225984251964
21
-3.9646186220472441
0
LINE
8
BLACK
6
CONTINUOUS
10
5.1054225984251964
20
-3.9646186220472441
11
5.105328464566929
21
-3.9645035826771653
0
LINE
8
BLACK
6
CONTINUOUS
10
5.105328464566929
20
-3.9645035826771653
11
5.1052037007874018
21
-3.9640901968503934
0
LINE
8
BLACK
6
CONTINUOUS
10
5.1052037007874018
20
-3.9640901968503934
11
5.1050386220472443
21
-3.9636915354330706
0
LINE
8
BLACK
6
CONTINUOUS
10
5.1050386220472443
20
-3.9636915354330706
11
5.1050386220472443
21
-3.9635429133858269
0
LINE
8
BLACK
6
CONTINUOUS
10
5.1050386220472443
20
-3.9635429133858269
11
5.1049956692913385
21
-3.9634005905511809
0
LINE
8
BLACK
6
CONTINUOUS
10
5.1049956692913385
20
-3.9634005905511809
11
5.1049965354330711
21
-3.9628217322834645
0
LINE
8
BLACK
6
CONTINUOUS
10
5.1049965354330711
20
-3.9628217322834645
11
5.1064963779527561
21
-3.947823622047244
0
LINE
8
BLACK
6
CONTINUOUS
10
5.1064963779527561
20
-3.947823622047244
11
5.1065384645669294
21
-3.9476136614173227
0
LINE
8
BLACK
6
CONTINUOUS
10
5.1065384645669294
20
-3.9476136614173227
11
5.1065384645669294
21
-3.9475413779527559
0
LINE
8
BLACK
6
CONTINUOUS
10
5.1065384645669294
20
-3.9475413779527559
11
5.1065665354330712
21
-3.9474735433070864
0
LINE
8
BLACK
6
CONTINUOUS
10
5.1065665354330712
20
-3.9474735433070864
11
5.1066101574803149
21
-3.9472560629921261
0
LINE
8
BLACK
6
CONTINUOUS
10
5.1066101574803149
20
-3.9472560629921261
11
5.1068141732283463
21
-3.9468757480314958
0
LINE
8
BLACK
6
CONTINUOUS
10
5.1068141732283463
20
-3.9468757480314958
11
5.10697937007874
21
-3.9464769685039367
0
LINE
8
BLACK
6
CONTINUOUS
10
5.10697937007874
20
-3.9464769685039367
11
5.1070845275590546
21
-3.9463717716535434
0
LINE
8
BLACK
6
CONTINUOUS
10
5.1070845275590546
20
-3.9463717716535434
11
5.1071548031496059
21
-3.9462408267716533
0
LINE
8
BLACK
6
CONTINUOUS
10
5.1071548031496059
20
-3.9462408267716533
11
5.1074887401574802
21
-3.9459675590551182
0
LINE
8
BLACK
6
CONTINUOUS
10
5.1074887401574802
20
-3.9459675590551182
11
5.1077940157480315
21
-3.9456623228346457
0
LINE
8
BLACK
6
CONTINUOUS
10
5.1077940157480315
20
-3.9456623228346457
11
5.1079313385826772
21
-3.9456053937007871
0
LINE
8
BLACK
6
CONTINUOUS
10
5.1079313385826772
20
-3.9456053937007871
11
5.1080464566929136
21
-3.9455112598425197
0
LINE
8
BLACK
6
CONTINUOUS
10
5.1080464566929136
20
-3.9455112598425197
11
5.1084597244094487
21
-3.9453865354330708
0
LINE
8
BLACK
6
CONTINUOUS
10
5.1084597244094487
20
-3.9453865354330708
11
5.1088584251968499
21
-3.9452214173228346
0
LINE
8
BLACK
6
CONTINUOUS
10
5.1088584251968499
20
-3.9452214173228346
11
5.1090790944881892
21
-3.945199645669291
0
LINE
8
BLACK
6
CONTINUOUS
10
5.1090790944881892
20
-3.945199645669291
11
5.1091494488188971
21
-3.9451784645669292
0
LINE
8
BLACK
6
CONTINUOUS
10
5.1091494488188971
20
-3.9451784645669292
11
5.1092214173228347
21
-3.9451856299212595
0
LINE
8
BLACK
6
CONTINUOUS
10
5.1092214173228347
20
-3.9451856299212595
11
5.1094344881889766
21
-3.9451646850393698
0
LINE
8
BLACK
6
CONTINUOUS
10
5.1094344881889766
20
-3.9451646850393698
11
5.124432598425197
21
-3.9451646850393698
0
LINE
8
BLACK
6
CONTINUOUS
10
5.124432598425197
20
-3.9451646850393698
11
5.1250086614173229
21
-3.9452214173228346
0
LINE
8
BLACK
6
CONTINUOUS
10
5.1573909842519683
20
-3.9455522047244092
11
5.158261338582677
21
-3.9463070472440944
0
LINE
8
BLACK
6
CONTINUOUS
10
5.158261338582677
20
-3.9463070472440944
11
5.1587765748031496
21
-3.9473375196850391
0
LINE
8
BLACK
6
CONTINUOUS
10
5.1587765748031496
20
-3.9473375196850391
11
5.1588582283464568
21
-3.9484867322834645
0
LINE
8
BLACK
6
CONTINUOUS
10
5.1588582283464568
20
-3.9484867322834645
11
5.158729881889764
21
-3.9490511811023623
0
LINE
8
BLACK
6
CONTINUOUS
10
5.158729881889764
20
-3.9490511811023623
11
5.1482312204724412
21
-3.9805472440944882
0
LINE
8
BLACK
6
CONTINUOUS
10
5.1482312204724412
20
-3.9805472440944882
11
5.1479952362204724
21
-3.9810757874015748
0
LINE
8
BLACK
6
CONTINUOUS
10
5.1479952362204724
20
-3.9810757874015748
11
5.1478570078740153
21
-3.9812351181102361
0
LINE
8
BLACK
6
CONTINUOUS
10
5.1478570078740153
20
-3.9812351181102361
11
5.1477626771653542
21
-3.9814238582677164
0
LINE
8
BLACK
6
CONTINUOUS
10
5.1477626771653542
20
-3.9814238582677164
11
5.1474829133858266
21
-3.9816664960629922
0
LINE
8
BLACK
6
CONTINUOUS
10
5.1474829133858266
20
-3.9816664960629922
11
5.1472403543307088
21
-3.9819461811023622
0
LINE
8
BLACK
6
CONTINUOUS
10
5.1472403543307088
20
-3.9819461811023622
11
5.1470516929133856
21
-3.9820404724409446
0
LINE
8
BLACK
6
CONTINUOUS
10
5.1470516929133856
20
-3.9820404724409446
11
5.1468923228346455
21
-3.9821787401574804
0
LINE
8
BLACK
6
CONTINUOUS
10
5.1468923228346455
20
-3.9821787401574804
11
5.1465409842519687
21
-3.9822958267716535
0
LINE
8
BLACK
6
CONTINUOUS
10
5.1465409842519687
20
-3.9822958267716535
11
5.1462099212598424
21
-3.982461377952756
0
LINE
8
BLACK
6
CONTINUOUS
10
5.1462099212598424
20
-3.982461377952756
11
5.1459994881889761
21
-3.9824762992125984
0
LINE
8
BLACK
6
CONTINUOUS
10
5.1459994881889761
20
-3.9824762992125984
11
5.1457992913385828
21
-3.9825430708661416
0
LINE
8
BLACK
6
CONTINUOUS
10
5.1457992913385828
20
-3.9825430708661416
11
5.1454300000000002
21
-3.982516811023622
0
LINE
8
BLACK
6
CONTINUOUS
10
5.1454300000000002
20
-3.982516811023622
11
5.1450607086614175
21
-3.9825430708661416
0
LINE
8
BLACK
6
CONTINUOUS
10
5.1450607086614175
20
-3.9825430708661416
11
5.1448604724409446
21
-3.9824762992125984
0
LINE
8
BLACK
6
CONTINUOUS
10
5.1448604724409446
20
-3.9824762992125984
11
5.144650078740157
21
-3.982461377952756
0
LINE
8
BLACK
6
CONTINUOUS
10
5.144650078740157
20
-3.982461377952756
11
5.1443189370078741
21
-3.9822957874015747
0
LINE
8
BLACK
6
CONTINUOUS
10
5.1443189370078741
20
-3.9822957874015747
11
5.1439677165354327
21
-3.9821787401574804
0
LINE
8
BLACK
6
CONTINUOUS
10
5.1439677165354327
20
-3.9821787401574804
11
5.1438083464566926
21
-3.9820405118110234
0
LINE
8
BLACK
6
CONTINUOUS
10
5.1438083464566926
20
-3.9820405118110234
11
5.1436196456692915
21
-3.9819461811023622
0
LINE
8
BLACK
6
CONTINUOUS
10
5.1436196456692915
20
-3.9819461811023622
11
5.1433770078740153
21
-3.9816664566929134
0
LINE
8
BLACK
6
CONTINUOUS
10
5.1433770078740153
20
-3.9816664566929134
11
5.1430973228346453
21
-3.9814238582677164
0
LINE
8
BLACK
6
CONTINUOUS
10
5.1430973228346453
20
-3.9814238582677164
11
5.1430029527559054
21
-3.9812351181102361
0
LINE
8
BLACK
6
CONTINUOUS
10
5.1430029527559054
20
-3.9812351181102361
11
5.1428647637795271
21
-3.9810757874015748
0
LINE
8
BLACK
6
CONTINUOUS
10
5.1428647637795271
20
-3.9810757874015748
11
5.1426287795275591
21
-3.9805472440944882
0
LINE
8
BLACK
6
CONTINUOUS
10
5.1426287795275591
20
-3.9805472440944882
11
5.1321300787401576
21
-3.9490511811023623
0
LINE
8
BLACK
6
CONTINUOUS
10
5.1321300787401576
20
-3.9490511811023623
11
5.1320017322834648
21
-3.9484867322834645
0
LINE
8
BLACK
6
CONTINUOUS
10
5.1320017322834648
20
-3.9484867322834645
11
5.1320834251968499
21
-3.9473375196850391
0
LINE
8
BLACK
6
CONTINUOUS
10
5.1320834251968499
20
-3.9473375196850391
11
5.1325986220472437
21
-3.9463070866141732
0
LINE
8
BLACK
6
CONTINUOUS
10
5.1325986220472437
20
-3.9463070866141732
11
5.1334689763779524
21
-3.9455522047244092
0
LINE
8
BLACK
6
CONTINUOUS
10
5.1334689763779524
20
-3.9455522047244092
11
5.134562007874016
21
-3.945187874015748
0
LINE
8
BLACK
6
CONTINUOUS
10
5.134562007874016
20
-3.945187874015748
11
5.1357112204724409
21
-3.9452695669291336
0
LINE
8
BLACK
6
CONTINUOUS
10
5.1357112204724409
20
-3.9452695669291336
11
5.1367416535433073
21
-3.9457847637795274
0
LINE
8
BLACK
6
CONTINUOUS
10
5.1367416535433073
20
-3.9457847637795274
11
5.1374965354330708
21
-3.9466551181102361
0
LINE
8
BLACK
6
CONTINUOUS
10
5.1374965354330708
20
-3.9466551181102361
11
5.1377325196850396
21
-3.9471837007874013
0
LINE
8
BLACK
6
CONTINUOUS
10
5.1377325196850396
20
-3.9471837007874013
11
5.1454299606299214
21
-3.9702760629921259
0
LINE
8
BLACK
6
CONTINUOUS
10
5.1454299606299214
20
-3.9702760629921259
11
5.153127440944882
21
-3.9471837007874013
0
LINE
8
BLACK
6
CONTINUOUS
10
5.153127440944882
20
-3.9471837007874013
11
5.1533634251968499
21
-3.9466551181102361
0
LINE
8
BLACK
6
CONTINUOUS
10
5.1533634251968499
20
-3.9466551181102361
11
5.1541183070866143
21
-3.9457847637795274
0
LINE
8
BLACK
6
CONTINUOUS
10
5.1541183070866143
20
-3.9457847637795274
11
5.1551487401574798
21
-3.9452695275590552
0
LINE
8
BLACK
6
CONTINUOUS
10
5.1551487401574798
20
-3.9452695275590552
11
5.1562979527559056
21
-3.945187874015748
0
LINE
8
BLACK
6
CONTINUOUS
10
5.1562979527559056
20
-3.945187874015748
11
5.1573909842519683
21
-3.9455522047244092
0
LINE
8
BLACK
6
CONTINUOUS
10
5.0840783464566925
20
-3.9531613779527559
11
5.084892992125984
21
-3.9539760236220474
0
LINE
8
BLACK
6
CONTINUOUS
10
5.084892992125984
20
-3.9539760236220474
11
5.0853338976377955
21
-3.9550404330708662
0
LINE
8
BLACK
6
CONTINUOUS
10
5.0853338976377955
20
-3.9550404330708662
11
5.0853906299212595
21
-3.955616496062992
0
LINE
8
BLACK
6
CONTINUOUS
10
5.0853906299212595
20
-3.955616496062992
11
5.0853906299212595
21
-3.9646622440944883
0
LINE
8
BLACK
6
CONTINUOUS
10
5.0853906299212595
20
-3.9646622440944883
11
5.0944363779527562
21
-3.9646622440944883
0
LINE
8
BLACK
6
CONTINUOUS
10
5.0944363779527562
20
-3.9646622440944883
11
5.095012440944882
21
-3.9647189763779527
0
LINE
8
BLACK
6
CONTINUOUS
10
5.095012440944882
20
-3.9647189763779527
11
5.0960768503937004
21
-3.9651598818897638
0
LINE
8
BLACK
6
CONTINUOUS
10
5.0960768503937004
20
-3.9651598818897638
11
5.0968914960629919
21
-3.9659745275590552
0
LINE
8
BLACK
6
CONTINUOUS
10
5.0968914960629919
20
-3.9659745275590552
11
5.0973324015748034
21
-3.967038937007874
0
LINE
8
BLACK
6
CONTINUOUS
10
5.0973324015748034
20
-3.967038937007874
11
5.0973324015748034
21
-3.9681910629921258
0
LINE
8
BLACK
6
CONTINUOUS
10
5.0973324015748034
20
-3.9681910629921258
11
5.0968914960629919
21
-3.969255472440945
0
LINE
8
BLACK
6
CONTINUOUS
10
5.0968914960629919
20
-3.969255472440945
11
5.0960768503937004
21
-3.970070118110236
0
LINE
8
BLACK
6
CONTINUOUS
10
5.0960768503937004
20
-3.970070118110236
11
5.095012440944882
21
-3.9705110236220471
0
LINE
8
BLACK
6
CONTINUOUS
10
5.095012440944882
20
-3.9705110236220471
11
5.0944363779527562
21
-3.9705677559055119
0
LINE
8
BLACK
6
CONTINUOUS
10
5.0944363779527562
20
-3.9705677559055119
11
5.0853906299212595
21
-3.9705677559055119
0
LINE
8
BLACK
6
CONTINUOUS
10
5.0853906299212595
20
-3.9705677559055119
11
5.0853906299212595
21
-3.9796135039370077
0
LINE
8
BLACK
6
CONTINUOUS
10
5.0853906299212595
20
-3.9796135039370077
11
5.0853338976377955
21
-3.9801895669291336
0
LINE
8
BLACK
6
CONTINUOUS
10
5.0853338976377955
20
-3.9801895669291336
11
5.084892992125984
21
-3.9812539763779529
0
LINE
8
BLACK
6
CONTINUOUS
10
5.084892992125984
20
-3.9812539763779529
11
5.0840783464566925
21
-3.9820686220472439
0
LINE
8
BLACK
6
CONTINUOUS
10
5.0840783464566925
20
-3.9820686220472439
11
5.0830139370078742
21
-3.982509527559055
0
LINE
8
BLACK
6
CONTINUOUS
10
5.0830139370078742
20
-3.982509527559055
11
5.0818618110236216
21
-3.982509527559055
0
LINE
8
BLACK
6
CONTINUOUS
10
5.0818618110236216
20
-3.982509527559055
11
5.0807974015748032
21
-3.9820686220472439
0
LINE
8
BLACK
6
CONTINUOUS
10
5.0807974015748032
20
-3.9820686220472439
11
5.0799827559055117
21
-3.9812539763779529
0
LINE
8
BLACK
6
CONTINUOUS
10
5.0799827559055117
20
-3.9812539763779529
11
5.0795418503937011
21
-3.9801895669291336
0
LINE
8
BLACK
6
CONTINUOUS
10
5.0795418503937011
20
-3.9801895669291336
11
5.0794851181102363
21
-3.9796135039370077
0
LINE
8
BLACK
6
CONTINUOUS
10
5.0794851181102363
20
-3.9796135039370077
11
5.0794851181102363
21
-3.9705677559055119
0
LINE
8
BLACK
6
CONTINUOUS
10
5.0794851181102363
20
-3.9705677559055119
11
5.0704393700787405
21
-3.9705677559055119
0
LINE
8
BLACK
6
CONTINUOUS
10
5.0704393700787405
20
-3.9705677559055119
11
5.0698633070866137
21
-3.9705110236220471
0
LINE
8
BLACK
6
CONTINUOUS
10
5.0698633070866137
20
-3.9705110236220471
11
5.0687988976377953
21
-3.970070118110236
0
LINE
8
BLACK
6
CONTINUOUS
10
5.0687988976377953
20
-3.970070118110236
11
5.0679842519685039
21
-3.969255472440945
0
LINE
8
BLACK
6
CONTINUOUS
10
5.0679842519685039
20
-3.969255472440945
11
5.0675433464566924
21
-3.9681910629921258
0
LINE
8
BLACK
6
CONTINUOUS
10
5.0675433464566924
20
-3.9681910629921258
11
5.0675433464566924
21
-3.967038937007874
0
LINE
8
BLACK
6
CONTINUOUS
10
5.0675433464566924
20
-3.967038937007874
11
5.0679842519685039
21
-3.9659745275590552
0
LINE
8
BLACK
6
CONTINUOUS
10
5.0679842519685039
20
-3.9659745275590552
11
5.0687988976377953
21
-3.9651598818897638
0
LINE
8
BLACK
6
CONTINUOUS
10
5.0687988976377953
20
-3.9651598818897638
11
5.0698633070866137
21
-3.9647189763779527
0
LINE
8
BLACK
6
CONTINUOUS
10
5.0698633070866137
20
-3.9647189763779527
11
5.0704393700787405
21
-3.9646622440944883
0
LINE
8
BLACK
6
CONTINUOUS
10
5.0704393700787405
20
-3.9646622440944883
11
5.0794851181102363
21
-3.9646622440944883
0
LINE
8
BLACK
6
CONTINUOUS
10
5.0794851181102363
20
-3.9646622440944883
11
5.0794851181102363
21
-3.955616496062992
0
LINE
8
BLACK
6
CONTINUOUS
10
5.0794851181102363
20
-3.955616496062992
11
5.0795418503937011
21
-3.9550404330708662
0
LINE
8
BLACK
6
CONTINUOUS
10
5.0795418503937011
20
-3.9550404330708662
11
5.0799827559055117
21
-3.9539760236220474
0
LINE
8
BLACK
6
CONTINUOUS
10
5.0799827559055117
20
-3.9539760236220474
11
5.0807974015748032
21
-3.9531613779527559
0
LINE
8
BLACK
6
CONTINUOUS
10
5.0807974015748032
20
-3.9531613779527559
11
5.0818618110236216
21
-3.9527204724409448
0
LINE
8
BLACK
6
CONTINUOUS
10
5.0818618110236216
20
-3.9527204724409448
11
5.0830139370078742
21
-3.9527204724409448
0
LINE
8
BLACK
6
CONTINUOUS
10
5.0830139370078742
20
-3.9527204724409448
11
5.0840783464566925
21
-3.9531613779527559
0
LINE
8
BLACK
6
CONTINUOUS
10
5.12106031496063
20
-3.8946813779527556
11
5.1220189370078737
21
-3.8953204330708662
0
LINE
8
BLACK
6
CONTINUOUS
10
5.1220189370078737
20
-3.8953204330708662
11
5.1226599999999998
21
-3.8962777165354332
0
LINE
8
BLACK
6
CONTINUOUS
10
5.1226599999999998
20
-3.8962777165354332
11
5.1228859448818893
21
-3.8974074409448818
0
LINE
8
BLACK
6
CONTINUOUS
10
5.1228859448818893
20
-3.8974074409448818
11
5.122662362204724
21
-3.8985376377952754
0
LINE
8
BLACK
6
CONTINUOUS
10
5.122662362204724
20
-3.8985376377952754
11
5.122390039370079
21
-3.8990484251968502
0
LINE
8
BLACK
6
CONTINUOUS
10
5.122390039370079
20
-3.8990484251968502
11
5.112983267716535
21
-3.9131585826771653
0
LINE
8
BLACK
6
CONTINUOUS
10
5.112983267716535
20
-3.9131585826771653
11
5.122390039370079
21
-3.9272687401574804
0
LINE
8
BLACK
6
CONTINUOUS
10
5.122390039370079
20
-3.9272687401574804
11
5.122662362204724
21
-3.9277795275590552
0
LINE
8
BLACK
6
CONTINUOUS
10
5.122662362204724
20
-3.9277795275590552
11
5.1228859448818893
21
-3.9289097244094489
0
LINE
8
BLACK
6
CONTINUOUS
10
5.1228859448818893
20
-3.9289097244094489
11
5.1226599999999998
21
-3.9300394488188974
0
LINE
8
BLACK
6
CONTINUOUS
10
5.1226599999999998
20
-3.9300394488188974
11
5.1220189370078737
21
-3.9309967322834645
0
LINE
8
BLACK
6
CONTINUOUS
10
5.1220189370078737
20
-3.9309967322834645
11
5.12106031496063
21
-3.9316357874015746
0
LINE
8
BLACK
6
CONTINUOUS
10
5.12106031496063
20
-3.9316357874015746
11
5.1199300787401576
21
-3.9318593700787399
0
LINE
8
BLACK
6
CONTINUOUS
10
5.1199300787401576
20
-3.9318593700787399
11
5.1188003937007869
21
-3.9316334251968503
0
LINE
8
BLACK
6
CONTINUOUS
10
5.1188003937007869
20
-3.9316334251968503
11
5.1178431102362207
21
-3.9309923622047243
0
LINE
8
BLACK
6
CONTINUOUS
10
5.1178431102362207
20
-3.9309923622047243
11
5.1174763385826774
21
-3.9305445275590549
0
LINE
8
BLACK
6
CONTINUOUS
10
5.1174763385826774
20
-3.9305445275590549
11
5.1094344488188979
21
-3.9184817322834644
0
LINE
8
BLACK
6
CONTINUOUS
10
5.1094344488188979
20
-3.9184817322834644
11
5.1013926377952759
21
-3.9305445275590549
0
LINE
8
BLACK
6
CONTINUOUS
10
5.1013926377952759
20
-3.9305445275590549
11
5.1010258661417325
21
-3.9309923622047243
0
LINE
8
BLACK
6
CONTINUOUS
10
5.1010258661417325
20
-3.9309923622047243
11
5.1000685826771655
21
-3.9316334251968503
0
LINE
8
BLACK
6
CONTINUOUS
10
5.1000685826771655
20
-3.9316334251968503
11
5.0989388976377947
21
-3.9318593700787399
0
LINE
8
BLACK
6
CONTINUOUS
10
5.0989388976377947
20
-3.9318593700787399
11
5.0978086614173224
21
-3.9316357874015746
0
LINE
8
BLACK
6
CONTINUOUS
10
5.0978086614173224
20
-3.9316357874015746
11
5.0968500393700786
21
-3.9309966929133857
0
LINE
8
BLACK
6
CONTINUOUS
10
5.0968500393700786
20
-3.9309966929133857
11
5.0962089763779526
21
-3.9300394094488187
0
LINE
8
BLACK
6
CONTINUOUS
10
5.0962089763779526
20
-3.9300394094488187
11
5.095983031496063
21
-3.9289097244094489
0
LINE
8
BLACK
6
CONTINUOUS
10
5.095983031496063
20
-3.9289097244094489
11
5.0962066141732283
21
-3.9277794881889765
0
LINE
8
BLACK
6
CONTINUOUS
10
5.0962066141732283
20
-3.9277794881889765
11
5.0964789370078742
21
-3.9272687007874016
0
LINE
8
BLACK
6
CONTINUOUS
10
5.0964789370078742
20
-3.9272687007874016
11
5.1058856692913386
21
-3.9131585826771653
0
LINE
8
BLACK
6
CONTINUOUS
10
5.1058856692913386
20
-3.9131585826771653
11
5.0964789370078742
21
-3.899048464566929
0
LINE
8
BLACK
6
CONTINUOUS
10
5.0964789370078742
20
-3.899048464566929
11
5.0962066141732283
21
-3.8985376771653542
0
LINE
8
BLACK
6
CONTINUOUS
10
5.0962066141732283
20
-3.8985376771653542
11
5.095983031496063
21
-3.8974074409448818
0
LINE
8
BLACK
6
CONTINUOUS
10
5.095983031496063
20
-3.8974074409448818
11
5.0962089763779526
21
-3.8962777559055115
0
LINE
8
BLACK
6
CONTINUOUS
10
5.0962089763779526
20
-3.8962777559055115
11
5.0968500393700786
21
-3.8953204724409449
0
LINE
8
BLACK
6
CONTINUOUS
10
5.0968500393700786
20
-3.8953204724409449
11
5.0978086614173224
21
-3.8946813779527556
0
LINE
8
BLACK
6
CONTINUOUS
10
5.0978086614173224
20
-3.8946813779527556
11
5.0989388976377947
21
-3.8944577952755903
0
LINE
8
BLACK
6
CONTINUOUS
10
5.0989388976377947
20
-3.8944577952755903
11
5.1000685826771655
21
-3.8946837401574803
0
LINE
8
BLACK
6
CONTINUOUS
10
5.1000685826771655
20
-3.8946837401574803
11
5.1010258661417325
21
-3.8953248031496064
0
LINE
8
BLACK
6
CONTINUOUS
10
5.1010258661417325
20
-3.8953248031496064
11
5.1013926377952759
21
-3.8957726377952757
0
LINE
8
BLACK
6
CONTINUOUS
10
5.1013926377952759
20
-3.8957726377952757
11
5.1094344488188979
21
-3.9078353937007875
0
LINE
8
BLACK
6
CONTINUOUS
10
5.1094344488188979
20
-3.9078353937007875
11
5.1174763385826774
21
-3.8957726377952757
0
LINE
8
BLACK
6
CONTINUOUS
10
5.1174763385826774
20
-3.8957726377952757
11
5.1178431102362207
21
-3.8953248031496064
0
LINE
8
BLACK
6
CONTINUOUS
10
5.1178431102362207
20
-3.8953248031496064
11
5.1188003937007869
21
-3.8946837401574803
0
LINE
8
BLACK
6
CONTINUOUS
10
5.1188003937007869
20
-3.8946837401574803
11
5.1199300787401576
21
-3.8944577952755903
0
LINE
8
BLACK
6
CONTINUOUS
10
5.1199300787401576
20
-3.8944577952755903
11
5.12106031496063
21
-3.8946813779527556
0
LINE
8
BLACK
6
CONTINUOUS
10
5.0830139370078742
20
-3.8945145275590551
11
5.0831119291338585
21
-3.8945551181102362
0
LINE
8
BLACK
6
CONTINUOUS
10
5.0831119291338585
20
-3.8945551181102362
11
5.0832177559055118
21
-3.8945626377952753
0
LINE
8
BLACK
6
CONTINUOUS
10
5.0832177559055118
20
-3.8945626377952753
11
5.0837583858267719
21
-3.8947695275590548
0
LINE
8
BLACK
6
CONTINUOUS
10
5.0837583858267719
20
-3.8947695275590548
11
5.0867579921259845
21
-3.8962693307086615
0
LINE
8
BLACK
6
CONTINUOUS
10
5.0867579921259845
20
-3.8962693307086615
11
5.0870059842519684
21
-3.8964253937007873
0
LINE
8
BLACK
6
CONTINUOUS
10
5.0870059842519684
20
-3.8964253937007873
11
5.0870779527559051
21
-3.8964552362204725
0
LINE
8
BLACK
6
CONTINUOUS
10
5.0870779527559051
20
-3.8964552362204725
11
5.0871588976377948
21
-3.8965216929133857
0
LINE
8
BLACK
6
CONTINUOUS
10
5.0871588976377948
20
-3.8965216929133857
11
5.0872478740157483
21
-3.8965776771653542
0
LINE
8
BLACK
6
CONTINUOUS
10
5.0872478740157483
20
-3.8965776771653542
11
5.0872990157480311
21
-3.896636653543307
0
LINE
8
BLACK
6
CONTINUOUS
10
5.0872990157480311
20
-3.896636653543307
11
5.0875253937007869
21
-3.8968224409448817
0
LINE
8
BLACK
6
CONTINUOUS
10
5.0875253937007869
20
-3.8968224409448817
11
5.0890251968503932
21
-3.898322244094488
0
LINE
8
BLACK
6
CONTINUOUS
10
5.0890251968503932
20
-3.898322244094488
11
5.0892110236220471
21
-3.8985487007874013
0
LINE
8
BLACK
6
CONTINUOUS
10
5.0892110236220471
20
-3.8985487007874013
11
5.0892699212598425
21
-3.8985997637795275
0
LINE
8
BLACK
6
CONTINUOUS
10
5.0892699212598425
20
-3.8985997637795275
11
5.0893257874015747
21
-3.8986885039370076
0
LINE
8
BLACK
6
CONTINUOUS
10
5.0893257874015747
20
-3.8986885039370076
11
5.0893924015748029
21
-3.8987696850393698
0
LINE
8
BLACK
6
CONTINUOUS
10
5.0893924015748029
20
-3.8987696850393698
11
5.0894222440944885
21
-3.8988417322834645
0
LINE
8
BLACK
6
CONTINUOUS
10
5.0894222440944885
20
-3.8988417322834645
11
5.0895783070866143
21
-3.8990896456692914
0
LINE
8
BLACK
6
CONTINUOUS
10
5.0895783070866143
20
-3.8990896456692914
11
5.0910781496062993
21
-3.902089251968504
0
LINE
8
BLACK
6
CONTINUOUS
10
5.0910781496062993
20
-3.902089251968504
11
5.0912850393700788
21
-3.9026298818897636
0
LINE
8
BLACK
6
CONTINUOUS
10
5.0912850393700788
20
-3.9026298818897636
11
5.0912925590551179
21
-3.9027357480314961
0
LINE
8
BLACK
6
CONTINUOUS
10
5.0912925590551179
20
-3.9027357480314961
11
5.0913331496062995
21
-3.9028337401574804
0
LINE
8
BLACK
6
CONTINUOUS
10
5.0913331496062995
20
-3.9028337401574804
11
5.0913898818897634
21
-3.9034098031496063
0
LINE
8
BLACK
6
CONTINUOUS
10
5.0913898818897634
20
-3.9034098031496063
11
5.0913898818897634
21
-3.9079092125984252
0
LINE
8
BLACK
6
CONTINUOUS
10
5.0913898818897634
20
-3.9079092125984252
11
5.0913331496062995
21
-3.908485275590551
0
LINE
8
BLACK
6
CONTINUOUS
10
5.0913331496062995
20
-3.908485275590551
11
5.0912925590551179
21
-3.9085832283464566
0
LINE
8
BLACK
6
CONTINUOUS
10
5.0912925590551179
20
-3.9085832283464566
11
5.0912850393700788
21
-3.9086891338582674
0
LINE
8
BLACK
6
CONTINUOUS
10
5.0912850393700788
20
-3.9086891338582674
11
5.0910781496062993
21
-3.9092297637795275
0
LINE
8
BLACK
6
CONTINUOUS
10
5.0910781496062993
20
-3.9092297637795275
11
5.0895783070866143
21
-3.9122293700787401
0
LINE
8
BLACK
6
CONTINUOUS
10
5.0895783070866143
20
-3.9122293700787401
11
5.0894222440944885
21
-3.9124772440944882
0
LINE
8
BLACK
6
CONTINUOUS
10
5.0894222440944885
20
-3.9124772440944882
11
5.0893924015748029
21
-3.9125493307086612
0
LINE
8
BLACK
6
CONTINUOUS
10
5.0893924015748029
20
-3.9125493307086612
11
5.0893257874015747
21
-3.9126304724409446
0
LINE
8
BLACK
6
CONTINUOUS
10
5.0893257874015747
20
-3.9126304724409446
11
5.0892699212598425
21
-3.9127192519685039
0
LINE
8
BLACK
6
CONTINUOUS
10
5.0892699212598425
20
-3.9127192519685039
11
5.0892110236220471
21
-3.9127702755905509
0
LINE
8
BLACK
6
CONTINUOUS
10
5.0892110236220471
20
-3.9127702755905509
11
5.0890251968503932
21
-3.9129967716535434
0
LINE
8
BLACK
6
CONTINUOUS
10
5.0890251968503932
20
-3.9129967716535434
11
5.0875253937007869
21
-3.9144965748031497
0
LINE
8
BLACK
6
CONTINUOUS
10
5.0875253937007869
20
-3.9144965748031497
11
5.0872990157480311
21
-3.9146823228346457
0
LINE
8
BLACK
6
CONTINUOUS
10
5.0872990157480311
20
-3.9146823228346457
11
5.0872478740157483
21
-3.9147413385826773
0
LINE
8
BLACK
6
CONTINUOUS
10
5.0872478740157483
20
-3.9147413385826773
11
5.0871588976377948
21
-3.914797283464567
0
LINE
8
BLACK
6
CONTINUOUS
10
5.0871588976377948
20
-3.914797283464567
11
5.0870779527559051
21
-3.9148637795275589
0
LINE
8
BLACK
6
CONTINUOUS
10
5.0870779527559051
20
-3.9148637795275589
11
5.0870059842519684
21
-3.9148935826771654
0
LINE
8
BLACK
6
CONTINUOUS
10
5.0870059842519684
20
-3.9148935826771654
11
5.0867579921259845
21
-3.9150496850393699
0
LINE
8
BLACK
6
CONTINUOUS
10
5.0867579921259845
20
-3.9150496850393699
11
5.0837583858267719
21
-3.9165494881889762
0
LINE
8
BLACK
6
CONTINUOUS
10
5.0837583858267719
20
-3.9165494881889762
11
5.0834689370078738
21
-3.9166602362204723
0
LINE
8
BLACK
6
CONTINUOUS
10
5.0834689370078738
20
-3.9166602362204723
11
5.0908561023622045
21
-3.927213307086614
0
LINE
8
BLACK
6
CONTINUOUS
10
5.0908561023622045
20
-3.927213307086614
11
5.0911400000000002
21
-3.9277177559055119
0
LINE
8
BLACK
6
CONTINUOUS
10
5.0911400000000002
20
-3.9277177559055119
11
5.0913891732283467
21
-3.9288425984251969
0
LINE
8
BLACK
6
CONTINUOUS
10
5.0913891732283467
20
-3.9288425984251969
11
5.0911889763779525
21
-3.9299771653543307
0
LINE
8
BLACK
6
CONTINUOUS
10
5.0911889763779525
20
-3.9299771653543307
11
5.0905698031496058
21
-3.9309487795275588
0
LINE
8
BLACK
6
CONTINUOUS
10
5.0905698031496058
20
-3.9309487795275588
11
5.0896259448818899
21
-3.9316094881889763
0
LINE
8
BLACK
6
CONTINUOUS
10
5.0896259448818899
20
-3.9316094881889763
11
5.0885011023622049
21
-3.9318586614173228
0
LINE
8
BLACK
6
CONTINUOUS
10
5.0885011023622049
20
-3.9318586614173228
11
5.0873665748031494
21
-3.931658464566929
0
LINE
8
BLACK
6
CONTINUOUS
10
5.0873665748031494
20
-3.931658464566929
11
5.0863949606299208
21
-3.9310392913385828
0
LINE
8
BLACK
6
CONTINUOUS
10
5.0863949606299208
20
-3.9310392913385828
11
5.0860181102362203
21
-3.9305998818897638
0
LINE
8
BLACK
6
CONTINUOUS
10
5.0860181102362203
20
-3.9305998818897638
11
5.0764010629921259
21
-3.9168612204724407
0
LINE
8
BLACK
6
CONTINUOUS
10
5.0764010629921259
20
-3.9168612204724407
11
5.0733921259842516
21
-3.9168612204724407
0
LINE
8
BLACK
6
CONTINUOUS
10
5.0733921259842516
20
-3.9168612204724407
11
5.0733921259842516
21
-3.9289066141732283
0
LINE
8
BLACK
6
CONTINUOUS
10
5.0733921259842516
20
-3.9289066141732283
11
5.0733353937007877
21
-3.9294826771653542
0
LINE
8
BLACK
6
CONTINUOUS
10
5.0733353937007877
20
-3.9294826771653542
11
5.0728944881889761
21
-3.930547086614173
0
LINE
8
BLACK
6
CONTINUOUS
10
5.0728944881889761
20
-3.930547086614173
11
5.0720798425196847
21
-3.9313617322834644
0
LINE
8
BLACK
6
CONTINUOUS
10
5.0720798425196847
20
-3.9313617322834644
11
5.0710154330708663
21
-3.9318026377952755
0
LINE
8
BLACK
6
CONTINUOUS
10
5.0710154330708663
20
-3.9318026377952755
11
5.0698633070866137
21
-3.9318026377952755
0
LINE
8
BLACK
6
CONTINUOUS
10
5.0698633070866137
20
-3.9318026377952755
11
5.0687988976377953
21
-3.9313617322834644
0
LINE
8
BLACK
6
CONTINUOUS
10
5.0687988976377953
20
-3.9313617322834644
11
5.0679842519685039
21
-3.930547086614173
0
LINE
8
BLACK
6
CONTINUOUS
10
5.0679842519685039
20
-3.930547086614173
11
5.0675433464566924
21
-3.9294826771653542
0
LINE
8
BLACK
6
CONTINUOUS
10
5.0675433464566924
20
-3.9294826771653542
11
5.0674866141732284
21
-3.9289066141732283
0
LINE
8
BLACK
6
CONTINUOUS
10
5.0674866141732284
20
-3.9289066141732283
11
5.0674866141732284
21
-3.8974105511811024
0
LINE
8
BLACK
6
CONTINUOUS
10
5.0674866141732284
20
-3.8974105511811024
11
5.0675433464566924
21
-3.8968344881889765
0
LINE
8
BLACK
6
CONTINUOUS
10
5.0675433464566924
20
-3.8968344881889765
11
5.0679842519685039
21
-3.8957700787401572
0
LINE
8
BLACK
6
CONTINUOUS
10
5.0679842519685039
20
-3.8957700787401572
11
5.0687988976377953
21
-3.8949554330708662
0
LINE
8
BLACK
6
CONTINUOUS
10
5.0687988976377953
20
-3.8949554330708662
11
5.0698633070866137
21
-3.8945145275590551
0
LINE
8
BLACK
6
CONTINUOUS
10
5.0698633070866137
20
-3.8945145275590551
11
5.0704393700787405
21
-3.8944577952755903
0
LINE
8
BLACK
6
CONTINUOUS
10
5.0704393700787405
20
-3.8944577952755903
11
5.0824378740157483
21
-3.8944577952755903
0
LINE
8
BLACK
6
CONTINUOUS
10
5.0824378740157483
20
-3.8944577952755903
11
5.0830139370078742
21
-3.8945145275590551
0
LINE
8
BLACK
6
CONTINUOUS
10
5.0733921259842516
20
-3.9109557086614171
11
5.0817408267716537
21
-3.9109557086614171
0
LINE
8
BLACK
6
CONTINUOUS
10
5.0817408267716537
20
-3.9109557086614171
11
5.0836883858267718
21
-3.909981929133858
0
LINE
8
BLACK
6
CONTINUOUS
10
5.0836883858267718
20
-3.909981929133858
11
5.0845105511811024
21
-3.9091597244094487
0
LINE
8
BLACK
6
CONTINUOUS
10
5.0845105511811024
20
-3.9091597244094487
11
5.0854843700787402
21
-3.9072121259842518
0
LINE
8
BLACK
6
CONTINUOUS
10
5.0854843700787402
20
-3.9072121259842518
11
5.0854843700787402
21
-3.9041068503937009
0
LINE
8
BLACK
6
CONTINUOUS
10
5.0854843700787402
20
-3.9041068503937009
11
5.0845105511811024
21
-3.902159251968504
0
LINE
8
BLACK
6
CONTINUOUS
10
5.0845105511811024
20
-3.902159251968504
11
5.0836883858267718
21
-3.901337086614173
0
LINE
8
BLACK
6
CONTINUOUS
10
5.0836883858267718
20
-3.901337086614173
11
5.0817408267716537
21
-3.9003633070866139
0
LINE
8
BLACK
6
CONTINUOUS
10
5.0817408267716537
20
-3.9003633070866139
11
5.0733921259842516
21
-3.9003633070866139
0
LINE
8
BLACK
6
CONTINUOUS
10
5.0733921259842516
20
-3.9003633070866139
11
5.0733921259842516
21
-3.9109557086614171
0
LINE
8
BLACK
6
CONTINUOUS
10
6.5029563385826767
20
-3.8833668897637796
11
6.5040469291338585
21
-3.8839121653543307
0
LINE
8
BLACK
6
CONTINUOUS
10
6.5040469291338585
20
-3.8839121653543307
11
6.5048458267716533
21
-3.8848333070866139
0
LINE
8
BLACK
6
CONTINUOUS
10
6.5048458267716533
20
-3.8848333070866139
11
6.5052314173228343
21
-3.8859900393700788
0
LINE
8
BLACK
6
CONTINUOUS
10
6.5052314173228343
20
-3.8859900393700788
11
6.505144960629921
21
-3.8872062992125982
0
LINE
8
BLACK
6
CONTINUOUS
10
6.505144960629921
20
-3.8872062992125982
11
6.5045996850393699
21
-3.8882968897637795
0
LINE
8
BLACK
6
CONTINUOUS
10
6.5045996850393699
20
-3.8882968897637795
11
6.5036785433070863
21
-3.8890957874015748
0
LINE
8
BLACK
6
CONTINUOUS
10
6.5036785433070863
20
-3.8890957874015748
11
6.5031191732283462
21
-3.8893455511811021
0
LINE
8
BLACK
6
CONTINUOUS
10
6.5031191732283462
20
-3.8893455511811021
11
6.4909702362204724
21
-3.8933951968503937
0
LINE
8
BLACK
6
CONTINUOUS
10
6.4909702362204724
20
-3.8933951968503937
11
6.4909702362204724
21
-3.9126999606299213
0
LINE
8
BLACK
6
CONTINUOUS
10
6.4909702362204724
20
-3.9126999606299213
11
6.5031191338582675
21
-3.9167496062992124
0
LINE
8
BLACK
6
CONTINUOUS
10
6.5031191338582675
20
-3.9167496062992124
11
6.5036785039370075
21
-3.9169993700787402
0
LINE
8
BLACK
6
CONTINUOUS
10
6.5036785039370075
20
-3.9169993700787402
11
6.5045996456692912
21
-3.9177982677165355
0
LINE
8
BLACK
6
CONTINUOUS
10
6.5045996456692912
20
-3.9177982677165355
11
6.505144960629921
21
-3.9188888582677164
0
LINE
8
BLACK
6
CONTINUOUS
10
6.505144960629921
20
-3.9188888582677164
11
6.5052313779527555
21
-3.9201051181102362
0
LINE
8
BLACK
6
CONTINUOUS
10
6.5052313779527555
20
-3.9201051181102362
11
6.5048458267716533
21
-3.9212618503937007
0
LINE
8
BLACK
6
CONTINUOUS
10
6.5048458267716533
20
-3.9212618503937007
11
6.5040469291338585
21
-3.9221829527559056
0
LINE
8
BLACK
6
CONTINUOUS
10
6.5040469291338585
20
-3.9221829527559056
11
6.502956299212598
21
-3.9227282677165354
0
LINE
8
BLACK
6
CONTINUOUS
10
6.502956299212598
20
-3.9227282677165354
11
6.5017400787401574
21
-3.9228147244094487
0
LINE
8
BLACK
6
CONTINUOUS
10
6.5017400787401574
20
-3.9228147244094487
11
6.5011427165354325
21
-3.9226788976377951
0
LINE
8
BLACK
6
CONTINUOUS
10
6.5011427165354325
20
-3.9226788976377951
11
6.4511427165354327
21
-3.9060122440944882
0
LINE
8
BLACK
6
CONTINUOUS
10
6.4511427165354327
20
-3.9060122440944882
11
6.4505833464566926
21
-3.9057624803149604
0
LINE
8
BLACK
6
CONTINUOUS
10
6.4505833464566926
20
-3.9057624803149604
11
6.4504145669291333
21
-3.9056161023622047
0
LINE
8
BLACK
6
CONTINUOUS
10
6.4504145669291333
20
-3.9056161023622047
11
6.4502149606299213
21
-3.9055162992125982
0
LINE
8
BLACK
6
CONTINUOUS
10
6.4502149606299213
20
-3.9055162992125982
11
6.4499582283464569
21
-3.9052202755905512
0
LINE
8
BLACK
6
CONTINUOUS
10
6.4499582283464569
20
-3.9052202755905512
11
6.4496622440944877
21
-3.9049635826771651
0
LINE
8
BLACK
6
CONTINUOUS
10
6.4496622440944877
20
-3.9049635826771651
11
6.449562401574803
21
-3.9047639370078739
0
LINE
8
BLACK
6
CONTINUOUS
10
6.449562401574803
20
-3.9047639370078739
11
6.4494160629921256
21
-3.9045951968503938
0
LINE
8
BLACK
6
CONTINUOUS
10
6.4494160629921256
20
-3.9045951968503938
11
6.4492920866141734
21
-3.9042233070866139
0
LINE
8
BLACK
6
CONTINUOUS
10
6.4492920866141734
20
-3.9042233070866139
11
6.4491169291338579
21
-3.9038729921259843
0
LINE
8
BLACK
6
CONTINUOUS
10
6.4491169291338579
20
-3.9038729921259843
11
6.4491011023622047
21
-3.9036503149606299
0
LINE
8
BLACK
6
CONTINUOUS
10
6.4491011023622047
20
-3.9036503149606299
11
6.4490304724409446
21
-3.9034384645669289
0
LINE
8
BLACK
6
CONTINUOUS
10
6.4490304724409446
20
-3.9034384645669289
11
6.4490582283464564
21
-3.9030475984251969
0
LINE
8
BLACK
6
CONTINUOUS
10
6.4490582283464564
20
-3.9030475984251969
11
6.4490304724409446
21
-3.9026567322834644
0
LINE
8
BLACK
6
CONTINUOUS
10
6.4490304724409446
20
-3.9026567322834644
11
6.4491011023622047
21
-3.9024448425196852
0
LINE
8
BLACK
6
CONTINUOUS
10
6.4491011023622047
20
-3.9024448425196852
11
6.4491169291338579
21
-3.9022222047244095
0
LINE
8
BLACK
6
CONTINUOUS
10
6.4491169291338579
20
-3.9022222047244095
11
6.4492920866141734
21
-3.9018718503937007
0
LINE
8
BLACK
6
CONTINUOUS
10
6.4492920866141734
20
-3.9018718503937007
11
6.4494160629921256
21
-3.9015
0
LINE
8
BLACK
6
CONTINUOUS
10
6.4494160629921256
20
-3.9015
11
6.449562401574803
21
-3.9013312204724411
0
LINE
8
BLACK
6
CONTINUOUS
10
6.449562401574803
20
-3.9013312204724411
11
6.4496622440944877
21
-3.9011316141732282
0
LINE
8
BLACK
6
CONTINUOUS
10
6.4496622440944877
20
-3.9011316141732282
11
6.4499582283464569
21
-3.9008748818897638
0
LINE
8
BLACK
6
CONTINUOUS
10
6.4499582283464569
20
-3.9008748818897638
11
6.4502149606299213
21
-3.9005788976377951
0
LINE
8
BLACK
6
CONTINUOUS
10
6.4502149606299213
20
-3.9005788976377951
11
6.4504145669291333
21
-3.9004790551181103
0
LINE
8
BLACK
6
CONTINUOUS
10
6.4504145669291333
20
-3.9004790551181103
11
6.4505833464566926
21
-3.9003327165354329
0
LINE
8
BLACK
6
CONTINUOUS
10
6.4505833464566926
20
-3.9003327165354329
11
6.4511427165354327
21
-3.9000829527559056
0
LINE
8
BLACK
6
CONTINUOUS
10
6.4511427165354327
20
-3.9000829527559056
11
6.5011427559055113
21
-3.8834162598425195
0
LINE
8
BLACK
6
CONTINUOUS
10
6.5011427559055113
20
-3.8834162598425195
11
6.5017400787401574
21
-3.8832804330708659
0
LINE
8
BLACK
6
CONTINUOUS
10
6.5017400787401574
20
-3.8832804330708659
11
6.5029563385826767
21
-3.8833668897637796
0
LINE
8
BLACK
6
CONTINUOUS
10
6.4620130708661412
20
-3.9030475590551181
11
6.4847202362204719
21
-3.9106166141732284
0
LINE
8
BLACK
6
CONTINUOUS
10
6.4847202362204719
20
-3.9106166141732284
11
6.4847202362204719
21
-3.8954785039370079
0
LINE
8
BLACK
6
CONTINUOUS
10
6.4847202362204719
20
-3.8954785039370079
11
6.4620130708661412
21
-3.9030475590551181
0
LINE
8
BLACK
6
CONTINUOUS
10
5.9298294881889761
20
-3.7057929133858267
11
5.9314059842519686
21
-3.7060064566929132
0
LINE
8
BLACK
6
CONTINUOUS
10
5.9314059842519686
20
-3.7060064566929132
11
5.9328765748031493
21
-3.7063491338582675
0
LINE
8
BLACK
6
CONTINUOUS
10
5.9328765748031493
20
-3.7063491338582675
11
5.9336680708661413
21
-3.706636023622047
0
LINE
8
BLACK
6
CONTINUOUS
10
5.9336680708661413
20
-3.706636023622047
11
5.935229015748031
21
-3.7077872834645667
0
LINE
8
BLACK
6
CONTINUOUS
10
5.935229015748031
20
-3.7077872834645667
11
5.9363348818897634
21
-3.7094314173228344
0
LINE
8
BLACK
6
CONTINUOUS
10
5.9363348818897634
20
-3.7094314173228344
11
5.9369649999999998
21
-3.711404527559055
0
LINE
8
BLACK
6
CONTINUOUS
10
5.9369649999999998
20
-3.711404527559055
11
5.9370987007874012
21
-3.7135426771653544
0
LINE
8
BLACK
6
CONTINUOUS
10
5.9370987007874012
20
-3.7135426771653544
11
5.9367153149606295
21
-3.7156820078740158
0
LINE
8
BLACK
6
CONTINUOUS
10
5.9367153149606295
20
-3.7156820078740158
11
5.9357941732283459
21
-3.7176586614173228
0
LINE
8
BLACK
6
CONTINUOUS
10
5.9357941732283459
20
-3.7176586614173228
11
5.9351636220472441
21
-3.7184916535433068
0
LINE
8
BLACK
6
CONTINUOUS
10
5.9351636220472441
20
-3.7184916535433068
11
5.9336903543307082
21
-3.7197069291338583
0
LINE
8
BLACK
6
CONTINUOUS
10
5.9336903543307082
20
-3.7197069291338583
11
5.9317958661417318
21
-3.7204146456692913
0
LINE
8
BLACK
6
CONTINUOUS
10
5.9317958661417318
20
-3.7204146456692913
11
5.9293604330708662
21
-3.7206583858267717
0
LINE
8
BLACK
6
CONTINUOUS
10
5.9293604330708662
20
-3.7206583858267717
11
5.9292086614173227
21
-3.720659212598425
0
LINE
8
BLACK
6
CONTINUOUS
10
5.9292086614173227
20
-3.720659212598425
11
5.927338582677165
21
-3.7206614173228347
0
LINE
8
BLACK
6
CONTINUOUS
10
5.927338582677165
20
-3.7206614173228347
11
5.927338582677165
21
-3.7131271653543307
0
LINE
8
BLACK
6
CONTINUOUS
10
5.927338582677165
20
-3.7131271653543307
11
5.927338582677165
21
-3.7055929527559055
0
LINE
8
BLACK
6
CONTINUOUS
10
5.927338582677165
20
-3.7055929527559055
11
5.9298294881889761
21
-3.7057929133858267
0
LINE
8
BLACK
6
CONTINUOUS
10
5.9068003149606296
20
-3.7071558661417323
11
5.9069754330708664
21
-3.7077438188976375
0
LINE
8
BLACK
6
CONTINUOUS
10
5.9069754330708664
20
-3.7077438188976375
11
5.9073442125984252
21
-3.7088929921259841
0
LINE
8
BLACK
6
CONTINUOUS
10
5.9073442125984252
20
-3.7088929921259841
11
5.9078468897637793
21
-3.710419212598425
0
LINE
8
BLACK
6
CONTINUOUS
10
5.9078468897637793
20
-3.710419212598425
11
5.9082506692913386
21
-3.7116258267716535
0
LINE
8
BLACK
6
CONTINUOUS
10
5.9082506692913386
20
-3.7116258267716535
11
5.909569921259842
21
-3.7155433070866142
0
LINE
8
BLACK
6
CONTINUOUS
10
5.909569921259842
20
-3.7155433070866142
11
5.9066870472440947
21
-3.7155433070866142
0
LINE
8
BLACK
6
CONTINUOUS
10
5.9066870472440947
20
-3.7155433070866142
11
5.9038042125984251
21
-3.7155433070866142
0
LINE
8
BLACK
6
CONTINUOUS
10
5.9038042125984251
20
-3.7155433070866142
11
5.9052367322834645
21
-3.711073346456693
0
LINE
8
BLACK
6
CONTINUOUS
10
5.9052367322834645
20
-3.711073346456693
11
5.9057956692913383
21
-3.7094031102362206
0
LINE
8
BLACK
6
CONTINUOUS
10
5.9057956692913383
20
-3.7094031102362206
11
5.9062747637795274
21
-3.7081094094488187
0
LINE
8
BLACK
6
CONTINUOUS
10
5.9062747637795274
20
-3.7081094094488187
11
5.9066248818897638
21
-3.7073153543307087
0
LINE
8
BLACK
6
CONTINUOUS
10
5.9066248818897638
20
-3.7073153543307087
11
5.9067968503937003
21
-3.7071441338582676
0
LINE
8
BLACK
6
CONTINUOUS
10
5.9067968503937003
20
-3.7071441338582676
11
5.9068003149606296
21
-3.7071558661417323
0
LINE
8
BLACK
6
CONTINUOUS
10
5.9381787795275587
20
-3.6024638582677166
11
5.9418970078740152
21
-3.6025165748031496
0
LINE
8
BLACK
6
CONTINUOUS
10
5.9418970078740152
20
-3.6025165748031496
11
5.9453378740157481
21
-3.6026169291338581
0
LINE
8
BLACK
6
CONTINUOUS
10
5.9453378740157481
20
-3.6026169291338581
11
5.9483241732283467
21
-3.6027648425196848
0
LINE
8
BLACK
6
CONTINUOUS
10
5.9483241732283467
20
-3.6027648425196848
11
5.9501732283464568
21
-3.6029084251968504
0
LINE
8
BLACK
6
CONTINUOUS
10
5.9501732283464568
20
-3.6029084251968504
11
5.9615474015748031
21
-3.604378779527559
0
LINE
8
BLACK
6
CONTINUOUS
10
5.9615474015748031
20
-3.604378779527559
11
5.9726408267716531
21
-3.6065846062992124
0
LINE
8
BLACK
6
CONTINUOUS
10
5.9726408267716531
20
-3.6065846062992124
11
5.9834482283464565
21
-3.6095237401574805
0
LINE
8
BLACK
6
CONTINUOUS
10
5.9834482283464565
20
-3.6095237401574805
11
5.9939642125984252
21
-3.6131939763779526
0
LINE
8
BLACK
6
CONTINUOUS
10
5.9939642125984252
20
-3.6131939763779526
11
6.0041835039370079
21
-3.6175931496062992
0
LINE
8
BLACK
6
CONTINUOUS
10
6.0041835039370079
20
-3.6175931496062992
11
6.0141007480314963
21
-3.6227190944881889
0
LINE
8
BLACK
6
CONTINUOUS
10
6.0141007480314963
20
-3.6227190944881889
11
6.0237106692913382
21
-3.6285696456692911
0
LINE
8
BLACK
6
CONTINUOUS
10
6.0237106692913382
20
-3.6285696456692911
11
6.0330079921259845
21
-3.6351425590551179
0
LINE
8
BLACK
6
CONTINUOUS
10
6.0330079921259845
20
-3.6351425590551179
11
6.0375748031496066
21
-3.6387293700787402
0
LINE
8
BLACK
6
CONTINUOUS
10
6.0375748031496066
20
-3.6387293700787402
11
6.0398347637795275
21
-3.6406558661417323
0
LINE
8
BLACK
6
CONTINUOUS
10
6.0398347637795275
20
-3.6406558661417323
11
6.0424709448818898
21
-3.6430513385826773
0
LINE
8
BLACK
6
CONTINUOUS
10
6.0424709448818898
20
-3.6430513385826773
11
6.0453510629921254
21
-3.6457836220472442
0
LINE
8
BLACK
6
CONTINUOUS
10
6.0453510629921254
20
-3.6457836220472442
11
6.0483428740157477
21
-3.648720472440945
0
LINE
8
BLACK
6
CONTINUOUS
10
6.0483428740157477
20
-3.648720472440945
11
6.0513141338582672
21
-3.6517296850393701
0
LINE
8
BLACK
6
CONTINUOUS
10
6.0513141338582672
20
-3.6517296850393701
11
6.0541325196850391
21
-3.6546790551181103
0
LINE
8
BLACK
6
CONTINUOUS
10
6.0541325196850391
20
-3.6546790551181103
11
6.0566658661417323
21
-3.6574363385826771
0
LINE
8
BLACK
6
CONTINUOUS
10
6.0566658661417323
20
-3.6574363385826771
11
6.0587818897637797
21
-3.6598692913385826
0
LINE
8
BLACK
6
CONTINUOUS
10
6.0587818897637797
20
-3.6598692913385826
11
6.0590799999999998
21
-3.6602283464566927
0
LINE
8
BLACK
6
CONTINUOUS
10
6.0590799999999998
20
-3.6602283464566927
11
6.0659075590551179
21
-3.6691259842519686
0
LINE
8
BLACK
6
CONTINUOUS
10
6.0659075590551179
20
-3.6691259842519686
11
6.0720574015748028
21
-3.6784059448818898
0
LINE
8
BLACK
6
CONTINUOUS
10
6.0720574015748028
20
-3.6784059448818898
11
6.0775195669291335
21
-3.688033188976378
0
LINE
8
BLACK
6
CONTINUOUS
10
6.0775195669291335
20
-3.688033188976378
11
6.0822840157480318
21
-3.697972677165354
0
LINE
8
BLACK
6
CONTINUOUS
10
6.0822840157480318
20
-3.697972677165354
11
6.0863407874015749
21
-3.7081892913385825
0
LINE
8
BLACK
6
CONTINUOUS
10
6.0863407874015749
20
-3.7081892913385825
11
6.0896798818897633
21
-3.7186480708661418
0
LINE
8
BLACK
6
CONTINUOUS
10
6.0896798818897633
20
-3.7186480708661418
11
6.0922912598425194
21
-3.7293138976377951
0
LINE
8
BLACK
6
CONTINUOUS
10
6.0922912598425194
20
-3.7293138976377951
11
6.0941649212598428
21
-3.7401517322834645
0
LINE
8
BLACK
6
CONTINUOUS
10
6.0941649212598428
20
-3.7401517322834645
11
6.0952909055118107
21
-3.7511265748031497
0
LINE
8
BLACK
6
CONTINUOUS
10
6.0952909055118107
20
-3.7511265748031497
11
6.0956592125984255
21
-3.7622033464566926
0
LINE
8
BLACK
6
CONTINUOUS
10
6.0956592125984255
20
-3.7622033464566926
11
6.0952597637795272
21
-3.7733470078740154
0
LINE
8
BLACK
6
CONTINUOUS
10
6.0952597637795272
20
-3.7733470078740154
11
6.0942336614173227
21
-3.7834194094488187
0
LINE
8
BLACK
6
CONTINUOUS
10
6.0942336614173227
20
-3.7834194094488187
11
6.0923853937007877
21
-3.7943278740157478
0
LINE
8
BLACK
6
CONTINUOUS
10
6.0923853937007877
20
-3.7943278740157478
11
6.0897905118110236
21
-3.8050296456692911
0
LINE
8
BLACK
6
CONTINUOUS
10
6.0897905118110236
20
-3.8050296456692911
11
6.0864711023622045
21
-3.8154888582677167
0
LINE
8
BLACK
6
CONTINUOUS
10
6.0864711023622045
20
-3.8154888582677167
11
6.0824492125984246
21
-3.8256696850393701
0
LINE
8
BLACK
6
CONTINUOUS
10
6.0824492125984246
20
-3.8256696850393701
11
6.0777469291338582
21
-3.8355361811023623
0
LINE
8
BLACK
6
CONTINUOUS
10
6.0777469291338582
20
-3.8355361811023623
11
6.0723862598425198
21
-3.8450525196850394
0
LINE
8
BLACK
6
CONTINUOUS
10
6.0723862598425198
20
-3.8450525196850394
11
6.0663892913385826
21
-3.8541828346456692
0
LINE
8
BLACK
6
CONTINUOUS
10
6.0663892913385826
20
-3.8541828346456692
11
6.059778070866142
21
-3.8628911811023623
0
LINE
8
BLACK
6
CONTINUOUS
10
6.059778070866142
20
-3.8628911811023623
11
6.0525746456692913
21
-3.871141771653543
0
LINE
8
BLACK
6
CONTINUOUS
10
6.0525746456692913
20
-3.871141771653543
11
6.0448011023622046
21
-3.8788986614173226
0
LINE
8
BLACK
6
CONTINUOUS
10
6.0448011023622046
20
-3.8788986614173226
11
6.036479527559055
21
-3.8861259842519682
0
LINE
8
BLACK
6
CONTINUOUS
10
6.036479527559055
20
-3.8861259842519682
11
6.0276318897637795
21
-3.8927879133858267
0
LINE
8
BLACK
6
CONTINUOUS
10
6.0276318897637795
20
-3.8927879133858267
11
6.026509527559055
21
-3.893565748031496
0
LINE
8
BLACK
6
CONTINUOUS
10
6.026509527559055
20
-3.893565748031496
11
6.0171454330708656
21
-3.8995288582677166
0
LINE
8
BLACK
6
CONTINUOUS
10
6.0171454330708656
20
-3.8995288582677166
11
6.007417716535433
21
-3.9048189370078741
0
LINE
8
BLACK
6
CONTINUOUS
10
6.007417716535433
20
-3.9048189370078741
11
5.9973749606299211
21
-3.9094183858267715
0
LINE
8
BLACK
6
CONTINUOUS
10
5.9973749606299211
20
-3.9094183858267715
11
5.9870657480314957
21
-3.9133096456692913
0
LINE
8
BLACK
6
CONTINUOUS
10
5.9870657480314957
20
-3.9133096456692913
11
5.9765387007874011
21
-3.916475118110236
0
LINE
8
BLACK
6
CONTINUOUS
10
5.9765387007874011
20
-3.916475118110236
11
5.9658424803149606
21
-3.9188972834645668
0
LINE
8
BLACK
6
CONTINUOUS
10
5.9658424803149606
20
-3.9188972834645668
11
5.9550256692913388
21
-3.9205585433070866
0
LINE
8
BLACK
6
CONTINUOUS
10
5.9550256692913388
20
-3.9205585433070866
11
5.9505669291338581
21
-3.9210156692913385
0
LINE
8
BLACK
6
CONTINUOUS
10
5.9505669291338581
20
-3.9210156692913385
11
5.9482892913385825
21
-3.9211829527559052
0
LINE
8
BLACK
6
CONTINUOUS
10
5.9482892913385825
20
-3.9211829527559052
11
5.9455490944881886
21
-3.9213333070866141
0
LINE
8
BLACK
6
CONTINUOUS
10
5.9455490944881886
20
-3.9213333070866141
11
5.9425275984251966
21
-3.9214615748031494
0
LINE
8
BLACK
6
CONTINUOUS
10
5.9425275984251966
20
-3.9214615748031494
11
5.9394060629921261
21
-3.921562716535433
0
LINE
8
BLACK
6
CONTINUOUS
10
5.9394060629921261
20
-3.921562716535433
11
5.9363656692913382
21
-3.9216315748031496
0
LINE
8
BLACK
6
CONTINUOUS
10
5.9363656692913382
20
-3.9216315748031496
11
5.9335877559055117
21
-3.9216630708661415
0
LINE
8
BLACK
6
CONTINUOUS
10
5.9335877559055117
20
-3.9216630708661415
11
5.9312535039370076
21
-3.9216521259842518
0
LINE
8
BLACK
6
CONTINUOUS
10
5.9312535039370076
20
-3.9216521259842518
11
5.9297007874015746
21
-3.9216027952755903
0
LINE
8
BLACK
6
CONTINUOUS
10
5.9297007874015746
20
-3.9216027952755903
11
5.9181977952755904
21
-3.9206336614173227
0
LINE
8
BLACK
6
CONTINUOUS
10
5.9181977952755904
20
-3.9206336614173227
11
5.9071007086614173
21
-3.9190010629921259
0
LINE
8
BLACK
6
CONTINUOUS
10
5.9071007086614173
20
-3.9190010629921259
11
5.8963739370078736
21
-3.9166936614173227
0
LINE
8
BLACK
6
CONTINUOUS
10
5.8963739370078736
20
-3.9166936614173227
11
5.8859819685039367
21
-3.9137000393700787
0
LINE
8
BLACK
6
CONTINUOUS
10
5.8859819685039367
20
-3.9137000393700787
11
5.875889212598425
21
-3.9100087795275589
0
LINE
8
BLACK
6
CONTINUOUS
10
5.875889212598425
20
-3.9100087795275589
11
5.8660601968503938
21
-3.9056084645669289
0
LINE
8
BLACK
6
CONTINUOUS
10
5.8660601968503938
20
-3.9056084645669289
11
5.8564593307086614
21
-3.9004877165354328
0
LINE
8
BLACK
6
CONTINUOUS
10
5.8564593307086614
20
-3.9004877165354328
11
5.848401574803149
21
-3.8955274803149607
0
LINE
8
BLACK
6
CONTINUOUS
10
5.848401574803149
20
-3.8955274803149607
11
5.8393855905511813
21
-3.889164960629921
0
LINE
8
BLACK
6
CONTINUOUS
10
5.8393855905511813
20
-3.889164960629921
11
5.8308716929133855
21
-3.8822170078740155
0
LINE
8
BLACK
6
CONTINUOUS
10
5.8308716929133855
20
-3.8822170078740155
11
5.8228836614173227
21
-3.8747206299212595
0
LINE
8
BLACK
6
CONTINUOUS
10
5.8228836614173227
20
-3.8747206299212595
11
5.8154451574803145
21
-3.8667128740157479
0
LINE
8
BLACK
6
CONTINUOUS
10
5.8154451574803145
20
-3.8667128740157479
11
5.8140636220472439
21
-3.8650059448818896
0
LINE
8
BLACK
6
CONTINUOUS
10
5.8140636220472439
20
-3.8650059448818896
11
5.8085798818897638
21
-3.8582306692913386
0
LINE
8
BLACK
6
CONTINUOUS
10
5.8085798818897638
20
-3.8582306692913386
11
5.8023115748031495
21
-3.8493111023622046
0
LINE
8
BLACK
6
CONTINUOUS
10
5.8023115748031495
20
-3.8493111023622046
11
5.7966639370078736
21
-3.8399911023622044
0
LINE
8
BLACK
6
CONTINUOUS
10
5.7966639370078736
20
-3.8399911023622044
11
5.7916606692913382
21
-3.8303077165354331
0
LINE
8
BLACK
6
CONTINUOUS
10
5.7916606692913382
20
-3.8303077165354331
11
5.7873255118110238
21
-3.8202979133858266
0
LINE
8
BLACK
6
CONTINUOUS
10
5.7873255118110238
20
-3.8202979133858266
11
5.7870349606299207
21
-3.8194765354330706
0
LINE
8
BLACK
6
CONTINUOUS
10
5.7870349606299207
20
-3.8194765354330706
11
5.7836821653543309
21
-3.8099987401574804
0
LINE
8
BLACK
6
CONTINUOUS
10
5.7836821653543309
20
-3.8099987401574804
11
5.7807543307086613
21
-3.7994471653543305
0
LINE
8
BLACK
6
CONTINUOUS
10
5.7807543307086613
20
-3.7994471653543305
11
5.7785657086614171
21
-3.7886802362204723
0
LINE
8
BLACK
6
CONTINUOUS
10
5.7785657086614171
20
-3.7886802362204723
11
5.7781210629921258
21
-3.7858525984251967
0
LINE
8
BLACK
6
CONTINUOUS
10
5.7781210629921258
20
-3.7858525984251967
11
5.7775994881889758
21
-3.78207874015748
0
LINE
8
BLACK
6
CONTINUOUS
10
5.7775994881889758
20
-3.78207874015748
11
5.777521929133858
21
-3.7815176377952757
0
LINE
8
BLACK
6
CONTINUOUS
10
5.777521929133858
20
-3.7815176377952757
11
5.7770730314960632
21
-3.7775516535433069
0
LINE
8
BLACK
6
CONTINUOUS
10
5.7770730314960632
20
-3.7775516535433069
11
5.7767574015748027
21
-3.7737120078740158
0
LINE
8
BLACK
6
CONTINUOUS
10
5.7767574015748027
20
-3.7737120078740158
11
5.7765580314960632
21
-3.7697561417322833
0
LINE
8
BLACK
6
CONTINUOUS
10
5.7765580314960632
20
-3.7697561417322833
11
5.7764579921259838
21
-3.7654414960629921
0
LINE
8
BLACK
6
CONTINUOUS
10
5.7764579921259838
20
-3.7654414960629921
11
5.776437913385827
21
-3.7618031496062989
0
LINE
8
BLACK
6
CONTINUOUS
10
5.776437913385827
20
-3.7618031496062989
11
5.7764711811023624
21
-3.7572455118110235
0
LINE
8
BLACK
6
CONTINUOUS
10
5.7764711811023624
20
-3.7572455118110235
11
5.7764757480314959
21
-3.7570787401574801
0
LINE
8
BLACK
6
CONTINUOUS
10
5.7764757480314959
20
-3.7570787401574801
11
5.7765810629921255
21
-3.7532413779527558
0
LINE
8
BLACK
6
CONTINUOUS
10
5.7765810629921255
20
-3.7532413779527558
11
5.7767862992125982
21
-3.7495589370078739
0
LINE
8
BLACK
6
CONTINUOUS
10
5.7767862992125982
20
-3.7495589370078739
11
5.7771055511811022
21
-3.7459664566929134
0
LINE
8
BLACK
6
CONTINUOUS
10
5.7771055511811022
20
-3.7459664566929134
11
5.7775576377952751
21
-3.7422320866141732
0
LINE
8
BLACK
6
CONTINUOUS
10
5.7775576377952751
20
-3.7422320866141732
11
5.7781611811023623
21
-3.7381240944881888
0
LINE
8
BLACK
6
CONTINUOUS
10
5.7781611811023623
20
-3.7381240944881888
11
5.7785392913385829
21
-3.7357742913385827
0
LINE
8
BLACK
6
CONTINUOUS
10
5.7785392913385829
20
-3.7357742913385827
11
5.7807400787401573
21
-3.7247954724409449
0
LINE
8
BLACK
6
CONTINUOUS
10
5.7807400787401573
20
-3.7247954724409449
11
5.7836813779527558
21
-3.7140702755905513
0
LINE
8
BLACK
6
CONTINUOUS
10
5.7836813779527558
20
-3.7140702755905513
11
5.7873496062992125
21
-3.7036256299212598
0
LINE
8
BLACK
6
CONTINUOUS
10
5.7873496062992125
20
-3.7036256299212598
11
5.791302519685039
21
-3.69448031496063
0
LINE
8
BLACK
6
CONTINUOUS
10
5.791302519685039
20
-3.69448031496063
11
5.7917312992125982
21
-3.693488346456693
0
LINE
8
BLACK
6
CONTINUOUS
10
5.7917312992125982
20
-3.693488346456693
11
5.7968128346456691
21
-3.6836853937007872
0
LINE
8
BLACK
6
CONTINUOUS
10
5.7968128346456691
20
-3.6836853937007872
11
5.8025806692913386
21
-3.6742436220472441
0
LINE
8
BLACK
6
CONTINUOUS
10
5.8025806692913386
20
-3.6742436220472441
11
5.8090212992125982
21
-3.6651899212598424
0
LINE
8
BLACK
6
CONTINUOUS
10
5.8090212992125982
20
-3.6651899212598424
11
5.8161211417322836
21
-3.6565512204724411
0
LINE
8
BLACK
6
CONTINUOUS
10
5.8161211417322836
20
-3.6565512204724411
11
5.8212361023622048
21
-3.6510129527559054
0
LINE
8
BLACK
6
CONTINUOUS
10
5.8212361023622048
20
-3.6510129527559054
11
5.8235166929133859
21
-3.6488110236220472
0
LINE
8
BLACK
6
CONTINUOUS
10
5.8235166929133859
20
-3.6488110236220472
11
5.8293471653543305
21
-3.6431816535433068
0
LINE
8
BLACK
6
CONTINUOUS
10
5.8293471653543305
20
-3.6431816535433068
11
5.8378937795275592
21
-3.6360024803149606
0
LINE
8
BLACK
6
CONTINUOUS
10
5.8378937795275592
20
-3.6360024803149606
11
5.8434249999999999
21
-3.63198031496063
0
LINE
8
BLACK
6
CONTINUOUS
10
5.8434249999999999
20
-3.63198031496063
11
5.8468573228346452
21
-3.629484409448819
0
LINE
8
BLACK
6
CONTINUOUS
10
5.8468573228346452
20
-3.629484409448819
11
5.8562192913385829
21
-3.6236362598425198
0
LINE
8
BLACK
6
CONTINUOUS
10
5.8562192913385829
20
-3.6236362598425198
11
5.8659610629921257
21
-3.6184670078740155
0
LINE
8
BLACK
6
CONTINUOUS
10
5.8659610629921257
20
-3.6184670078740155
11
5.8760640944881892
21
-3.6139854724409446
0
LINE
8
BLACK
6
CONTINUOUS
10
5.8760640944881892
20
-3.6139854724409446
11
5.8865098031496066
21
-3.6102005905511811
0
LINE
8
BLACK
6
CONTINUOUS
10
5.8865098031496066
20
-3.6102005905511811
11
5.8972796456692915
21
-3.6071212598425197
0
LINE
8
BLACK
6
CONTINUOUS
10
5.8972796456692915
20
-3.6071212598425197
11
5.9083550787401578
21
-3.6047563779527558
0
LINE
8
BLACK
6
CONTINUOUS
10
5.9083550787401578
20
-3.6047563779527558
11
5.9197174409448818
21
-3.6031148031496061
0
LINE
8
BLACK
6
CONTINUOUS
10
5.9197174409448818
20
-3.6031148031496061
11
5.921629921259842
21
-3.6029129527559056
0
LINE
8
BLACK
6
CONTINUOUS
10
5.921629921259842
20
-3.6029129527559056
11
5.9240766141732282
21
-3.602728188976378
0
LINE
8
BLACK
6
CONTINUOUS
10
5.9240766141732282
20
-3.602728188976378
11
5.927132086614173
21
-3.6025908661417323
0
LINE
8
BLACK
6
CONTINUOUS
10
5.927132086614173
20
-3.6025908661417323
11
5.9306190944881889
21
-3.6025010236220472
0
LINE
8
BLACK
6
CONTINUOUS
10
5.9306190944881889
20
-3.6025010236220472
11
5.9343603937007874
21
-3.6024586614173226
0
LINE
8
BLACK
6
CONTINUOUS
10
5.9343603937007874
20
-3.6024586614173226
11
5.9381787795275587
21
-3.6024638582677166
0
LINE
8
BLACK
6
CONTINUOUS
10
5.9867874015748033
20
-3.7655598818897635
11
5.9867861417322832
21
-3.7713688188976375
0
LINE
8
BLACK
6
CONTINUOUS
10
5.9867861417322832
20
-3.7713688188976375
11
5.9867801968503933
21
-3.7764483858267717
0
LINE
8
BLACK
6
CONTINUOUS
10
5.9867801968503933
20
-3.7764483858267717
11
5.9867661811023618
21
-3.7808566929133858
0
LINE
8
BLACK
6
CONTINUOUS
10
5.9867661811023618
20
-3.7808566929133858
11
5.9867406692913381
21
-3.7846518110236218
0
LINE
8
BLACK
6
CONTINUOUS
10
5.9867406692913381
20
-3.7846518110236218
11
5.9867002755905512
21
-3.7878918110236222
0
LINE
8
BLACK
6
CONTINUOUS
10
5.9867002755905512
20
-3.7878918110236222
11
5.9866416141732284
21
-3.79063468503937
0
LINE
8
BLACK
6
CONTINUOUS
10
5.9866416141732284
20
-3.79063468503937
11
5.9865612992125987
21
-3.7929386220472439
0
LINE
8
BLACK
6
CONTINUOUS
10
5.9865612992125987
20
-3.7929386220472439
11
5.9864559448818895
21
-3.7948615748031496
0
LINE
8
BLACK
6
CONTINUOUS
10
5.9864559448818895
20
-3.7948615748031496
11
5.9863222047244093
21
-3.7964616535433069
0
LINE
8
BLACK
6
CONTINUOUS
10
5.9863222047244093
20
-3.7964616535433069
11
5.9861566141732281
21
-3.7977969291338582
0
LINE
8
BLACK
6
CONTINUOUS
10
5.9861566141732281
20
-3.7977969291338582
11
5.9859558661417323
21
-3.7989254724409447
0
LINE
8
BLACK
6
CONTINUOUS
10
5.9859558661417323
20
-3.7989254724409447
11
5.9857164960629916
21
-3.7999053543307086
0
LINE
8
BLACK
6
CONTINUOUS
10
5.9857164960629916
20
-3.7999053543307086
11
5.9854351968503936
21
-3.8007946062992124
0
LINE
8
BLACK
6
CONTINUOUS
10
5.9854351968503936
20
-3.8007946062992124
11
5.985108503937008
21
-3.8016513385826771
0
LINE
8
BLACK
6
CONTINUOUS
10
5.985108503937008
20
-3.8016513385826771
11
5.9847331102362205
21
-3.8025335826771651
0
LINE
8
BLACK
6
CONTINUOUS
10
5.9847331102362205
20
-3.8025335826771651
11
5.984614960629921
21
-3.8028017322834646
0
LINE
8
BLACK
6
CONTINUOUS
10
5.984614960629921
20
-3.8028017322834646
11
5.9832561023622048
21
-3.8050985826771653
0
LINE
8
BLACK
6
CONTINUOUS
10
5.9832561023622048
20
-3.8050985826771653
11
5.9813722834645668
21
-3.8072183858267716
0
LINE
8
BLACK
6
CONTINUOUS
10
5.9813722834645668
20
-3.8072183858267716
11
5.9791799606299207
21
-3.8089527559055116
0
LINE
8
BLACK
6
CONTINUOUS
10
5.9791799606299207
20
-3.8089527559055116
11
5.9771295275590548
21
-3.8100089763779525
0
LINE
8
BLACK
6
CONTINUOUS
10
5.9771295275590548
20
-3.8100089763779525
11
5.9740377559055116
21
-3.8108353543307087
0
LINE
8
BLACK
6
CONTINUOUS
10
5.9740377559055116
20
-3.8108353543307087
11
5.9706799212598423
21
-3.81114905511811
0
LINE
8
BLACK
6
CONTINUOUS
10
5.9706799212598423
20
-3.81114905511811
11
5.9672914960629919
21
-3.8109596456692914
0
LINE
8
BLACK
6
CONTINUOUS
10
5.9672914960629919
20
-3.8109596456692914
11
5.9641078346456693
21
-3.810276653543307
0
LINE
8
BLACK
6
CONTINUOUS
10
5.9641078346456693
20
-3.810276653543307
11
5.9618853937007872
21
-3.8093908267716534
0
LINE
8
BLACK
6
CONTINUOUS
10
5.9618853937007872
20
-3.8093908267716534
11
5.9593915748031492
21
-3.807694094488189
0
LINE
8
BLACK
6
CONTINUOUS
10
5.9593915748031492
20
-3.807694094488189
11
5.9572375984251966
21
-3.8053304724409447
0
LINE
8
BLACK
6
CONTINUOUS
10
5.9572375984251966
20
-3.8053304724409447
11
5.955469527559055
21
-3.8023634645669291
0
LINE
8
BLACK
6
CONTINUOUS
10
5.955469527559055
20
-3.8023634645669291
11
5.9541332677165357
21
-3.7988566929133856
0
LINE
8
BLACK
6
CONTINUOUS
10
5.9541332677165357
20
-3.7988566929133856
11
5.9540426771653543
21
-3.7985415354330709
0
LINE
8
BLACK
6
CONTINUOUS
10
5.9540426771653543
20
-3.7985415354330709
11
5.9539431102362199
21
-3.7979353937007874
0
LINE
8
BLACK
6
CONTINUOUS
10
5.9539431102362199
20
-3.7979353937007874
11
5.9538520866141731
21
-3.7968363779527556
0
LINE
8
BLACK
6
CONTINUOUS
10
5.9538520866141731
20
-3.7968363779527556
11
5.9537688188976379
21
-3.7952116535433071
0
LINE
8
BLACK
6
CONTINUOUS
10
5.9537688188976379
20
-3.7952116535433071
11
5.9536925984251967
21
-3.7930282283464565
0
LINE
8
BLACK
6
CONTINUOUS
10
5.9536925984251967
20
-3.7930282283464565
11
5.953622716535433
21
-3.7902531496062992
0
LINE
8
BLACK
6
CONTINUOUS
10
5.953622716535433
20
-3.7902531496062992
11
5.9535584645669291
21
-3.7868534645669292
0
LINE
8
BLACK
6
CONTINUOUS
10
5.9535584645669291
20
-3.7868534645669292
11
5.9534990944881887
21
-3.7827962992125985
0
LINE
8
BLACK
6
CONTINUOUS
10
5.9534990944881887
20
-3.7827962992125985
11
5.953443937007874
21
-3.7780487007874015
0
LINE
8
BLACK
6
CONTINUOUS
10
5.953443937007874
20
-3.7780487007874015
11
5.953392204724409
21
-3.7725776771653541
0
LINE
8
BLACK
6
CONTINUOUS
10
5.953392204724409
20
-3.7725776771653541
11
5.953345905511811
21
-3.7667244094488188
0
LINE
8
BLACK
6
CONTINUOUS
10
5.953345905511811
20
-3.7667244094488188
11
5.9531259842519679
21
-3.7366062992125983
0
LINE
8
BLACK
6
CONTINUOUS
10
5.9531259842519679
20
-3.7366062992125983
11
5.9426929133858266
21
-3.7366062992125983
0
LINE
8
BLACK
6
CONTINUOUS
10
5.9426929133858266
20
-3.7366062992125983
11
5.9322598425196853
21
-3.7366062992125983
0
LINE
8
BLACK
6
CONTINUOUS
10
5.9322598425196853
20
-3.7366062992125983
11
5.9322598425196853
21
-3.7657401574803147
0
LINE
8
BLACK
6
CONTINUOUS
10
5.9322598425196853
20
-3.7657401574803147
11
5.932261496062992
21
-3.7715599212598425
0
LINE
8
BLACK
6
CONTINUOUS
10
5.932261496062992
20
-3.7715599212598425
11
5.9322685039370073
21
-3.7766542913385828
0
LINE
8
BLACK
6
CONTINUOUS
10
5.9322685039370073
20
-3.7766542913385828
11
5.9322836220472439
21
-3.7810851968503938
0
LINE
8
BLACK
6
CONTINUOUS
10
5.9322836220472439
20
-3.7810851968503938
11
5.9323098425196852
21
-3.7849146850393698
0
LINE
8
BLACK
6
CONTINUOUS
10
5.9323098425196852
20
-3.7849146850393698
11
5.9323499212598421
21
-3.7882046456692913
0
LINE
8
BLACK
6
CONTINUOUS
10
5.9323499212598421
20
-3.7882046456692913
11
5.9324068110236219
21
-3.7910171653543308
0
LINE
8
BLACK
6
CONTINUOUS
10
5.9324068110236219
20
-3.7910171653543308
11
5.9324833858267718
21
-3.7934141338582674
0
LINE
8
BLACK
6
CONTINUOUS
10
5.9324833858267718
20
-3.7934141338582674
11
5.9325824803149603
21
-3.7954575590551181
0
LINE
8
BLACK
6
CONTINUOUS
10
5.9325824803149603
20
-3.7954575590551181
11
5.9327070078740158
21
-3.7972094094488189
0
LINE
8
BLACK
6
CONTINUOUS
10
5.9327070078740158
20
-3.7972094094488189
11
5.932859803149606
21
-3.7987316929133859
0
LINE
8
BLACK
6
CONTINUOUS
10
5.932859803149606
20
-3.7987316929133859
11
5.9330437795275586
21
-3.8000863779527556
0
LINE
8
BLACK
6
CONTINUOUS
10
5.9330437795275586
20
-3.8000863779527556
11
5.9332618110236215
21
-3.8013354330708662
0
LINE
8
BLACK
6
CONTINUOUS
10
5.9332618110236215
20
-3.8013354330708662
11
5.9335167322834641
21
-3.8025408661417321
0
LINE
8
BLACK
6
CONTINUOUS
10
5.9335167322834641
20
-3.8025408661417321
11
5.9338114566929132
21
-3.8037646456692911
0
LINE
8
BLACK
6
CONTINUOUS
10
5.9338114566929132
20
-3.8037646456692911
11
5.9340700393700789
21
-3.8047688188976378
0
LINE
8
BLACK
6
CONTINUOUS
10
5.9340700393700789
20
-3.8047688188976378
11
5.9357147637795276
21
-3.8097789370078741
0
LINE
8
BLACK
6
CONTINUOUS
10
5.9357147637795276
20
-3.8097789370078741
11
5.9378758661417326
21
-3.8142030708661419
0
LINE
8
BLACK
6
CONTINUOUS
10
5.9378758661417326
20
-3.8142030708661419
11
5.9405629133858264
21
-3.8180494094488187
0
LINE
8
BLACK
6
CONTINUOUS
10
5.9405629133858264
20
-3.8180494094488187
11
5.9437854724409451
21
-3.8213261417322832
0
LINE
8
BLACK
6
CONTINUOUS
10
5.9437854724409451
20
-3.8213261417322832
11
5.9475531102362202
21
-3.8240413385826773
0
LINE
8
BLACK
6
CONTINUOUS
10
5.9475531102362202
20
-3.8240413385826773
11
5.9518753543307081
21
-3.8262032677165352
0
LINE
8
BLACK
6
CONTINUOUS
10
5.9518753543307081
20
-3.8262032677165352
11
5.956761771653543
21
-3.8278199606299212
0
LINE
8
BLACK
6
CONTINUOUS
10
5.956761771653543
20
-3.8278199606299212
11
5.962221968503937
21
-3.8288996850393699
0
LINE
8
BLACK
6
CONTINUOUS
10
5.962221968503937
20
-3.8288996850393699
11
5.9623779527559053
21
-3.8289215354330706
0
LINE
8
BLACK
6
CONTINUOUS
10
5.9623779527559053
20
-3.8289215354330706
11
5.9642977559055117
21
-3.8290891338582678
0
LINE
8
BLACK
6
CONTINUOUS
10
5.9642977559055117
20
-3.8290891338582678
11
5.9667796062992124
21
-3.8291622834645667
0
LINE
8
BLACK
6
CONTINUOUS
10
5.9667796062992124
20
-3.8291622834645667
11
5.9696048031496058
21
-3.8291481889763777
0
LINE
8
BLACK
6
CONTINUOUS
10
5.9696048031496058
20
-3.8291481889763777
11
5.9725544881889761
21
-3.829053937007874
0
LINE
8
BLACK
6
CONTINUOUS
10
5.9725544881889761
20
-3.829053937007874
11
5.9754100000000001
21
-3.8288866141732281
0
LINE
8
BLACK
6
CONTINUOUS
10
5.9754100000000001
20
-3.8288866141732281
11
5.9779524803149604
21
-3.8286533464566928
0
LINE
8
BLACK
6
CONTINUOUS
10
5.9779524803149604
20
-3.8286533464566928
11
5.979963228346457
21
-3.8283612598425196
0
LINE
8
BLACK
6
CONTINUOUS
10
5.979963228346457
20
-3.8283612598425196
11
5.9800352362204725
21
-3.8283473228346456
0
LINE
8
BLACK
6
CONTINUOUS
10
5.9800352362204725
20
-3.8283473228346456
11
5.9848442913385824
21
-3.8271342125984251
0
LINE
8
BLACK
6
CONTINUOUS
10
5.9848442913385824
20
-3.8271342125984251
11
5.9890929133858268
21
-3.8254648031496061
0
LINE
8
BLACK
6
CONTINUOUS
10
5.9890929133858268
20
-3.8254648031496061
11
5.9929025590551177
21
-3.8232767322834644
0
LINE
8
BLACK
6
CONTINUOUS
10
5.9929025590551177
20
-3.8232767322834644
11
5.9963946062992122
21
-3.8205076377952754
0
LINE
8
BLACK
6
CONTINUOUS
10
5.9963946062992122
20
-3.8205076377952754
11
5.9975678346456691
21
-3.8193818897637795
0
LINE
8
BLACK
6
CONTINUOUS
10
5.9975678346456691
20
-3.8193818897637795
11
5.9976642913385829
21
-3.8192893307086613
0
LINE
8
BLACK
6
CONTINUOUS
10
5.9976642913385829
20
-3.8192893307086613
11
5.9992813779527561
21
-3.8175921653543305
0
LINE
8
BLACK
6
CONTINUOUS
10
5.9992813779527561
20
-3.8175921653543305
11
6.000502204724409
21
-3.8161003149606296
0
LINE
8
BLACK
6
CONTINUOUS
10
6.000502204724409
20
-3.8161003149606296
11
6.0015327559055116
21
-3.8145247637795276
0
LINE
8
BLACK
6
CONTINUOUS
10
6.0015327559055116
20
-3.8145247637795276
11
6.0025789763779525
21
-3.812576496062992
0
LINE
8
BLACK
6
CONTINUOUS
10
6.0025789763779525
20
-3.812576496062992
11
6.0028818897637795
21
-3.8119673622047245
0
LINE
8
BLACK
6
CONTINUOUS
10
6.0028818897637795
20
-3.8119673622047245
11
6.0049784251968505
21
-3.8068988582677163
0
LINE
8
BLACK
6
CONTINUOUS
10
6.0049784251968505
20
-3.8068988582677163
11
6.0064980314960632
21
-3.801445590551181
0
LINE
8
BLACK
6
CONTINUOUS
10
6.0064980314960632
20
-3.801445590551181
11
6.0072444488188976
21
-3.79704968503937
0
LINE
8
BLACK
6
CONTINUOUS
10
6.0072444488188976
20
-3.79704968503937
11
6.0073243700787398
21
-3.7959842913385824
0
LINE
8
BLACK
6
CONTINUOUS
10
6.0073243700787398
20
-3.7959842913385824
11
6.0073970866141728
21
-3.7941787007874015
0
LINE
8
BLACK
6
CONTINUOUS
10
6.0073970866141728
20
-3.7941787007874015
11
6.0074620078740155
21
-3.7916801574803149
0
LINE
8
BLACK
6
CONTINUOUS
10
6.0074620078740155
20
-3.7916801574803149
11
6.0075184645669291
21
-3.7885359055118109
0
LINE
8
BLACK
6
CONTINUOUS
10
6.0075184645669291
20
-3.7885359055118109
11
6.0075659448818897
21
-3.7847930708661415
0
LINE
8
BLACK
6
CONTINUOUS
10
6.0075659448818897
20
-3.7847930708661415
11
6.0076037795275585
21
-3.7804988976377953
0
LINE
8
BLACK
6
CONTINUOUS
10
6.0076037795275585
20
-3.7804988976377953
11
6.0076313779527561
21
-3.7757006299212597
0
LINE
8
BLACK
6
CONTINUOUS
10
6.0076313779527561
20
-3.7757006299212597
11
6.0076481496062994
21
-3.7704454330708659
0
LINE
8
BLACK
6
CONTINUOUS
10
6.0076481496062994
20
-3.7704454330708659
11
6.0076535433070868
21
-3.7650614960629922
0
LINE
8
BLACK
6
CONTINUOUS
10
6.0076535433070868
20
-3.7650614960629922
11
6.0076535433070868
21
-3.7570859842519684
0
LINE
8
BLACK
6
CONTINUOUS
10
6.0076535433070868
20
-3.7570859842519684
11
6.0076535433070868
21
-3.7364094488188977
0
LINE
8
BLACK
6
CONTINUOUS
10
6.0076535433070868
20
-3.7364094488188977
11
5.9972204724409446
21
-3.7364094488188977
0
LINE
8
BLACK
6
CONTINUOUS
10
5.9972204724409446
20
-3.7364094488188977
11
5.9867874015748033
21
-3.7364094488188977
0
LINE
8
BLACK
6
CONTINUOUS
10
5.9867874015748033
20
-3.7364094488188977
11
5.9867874015748033
21
-3.7655598818897635
0
LINE
8
BLACK
6
CONTINUOUS
10
5.8881122047244094
20
-3.7010614566929134
11
5.8839251968503934
21
-3.7011732283464567
0
LINE
8
BLACK
6
CONTINUOUS
10
5.8839251968503934
20
-3.7011732283464567
11
5.8810776771653543
21
-3.7095052755905509
0
LINE
8
BLACK
6
CONTINUOUS
10
5.8810776771653543
20
-3.7095052755905509
11
5.8782301574803144
21
-3.7178373228346455
0
LINE
8
BLACK
6
CONTINUOUS
10
5.8782301574803144
20
-3.7178373228346455
11
5.8777390944881889
21
-3.716198188976378
0
LINE
8
BLACK
6
CONTINUOUS
10
5.8777390944881889
20
-3.716198188976378
11
5.8774500393700784
21
-3.7152931102362206
0
LINE
8
BLACK
6
CONTINUOUS
10
5.8774500393700784
20
-3.7152931102362206
11
5.8769537401574805
21
-3.7138018110236222
0
LINE
8
BLACK
6
CONTINUOUS
10
5.8769537401574805
20
-3.7138018110236222
11
5.8763031889763777
21
-3.7118811417322832
0
LINE
8
BLACK
6
CONTINUOUS
10
5.8763031889763777
20
-3.7118811417322832
11
5.8755514960629922
21
-3.7096880708661417
0
LINE
8
BLACK
6
CONTINUOUS
10
5.8755514960629922
20
-3.7096880708661417
11
5.8748868503937004
21
-3.7077677165354328
0
LINE
8
BLACK
6
CONTINUOUS
10
5.8748868503937004
20
-3.7077677165354328
11
5.8725257480314959
21
-3.700976377952756
0
LINE
8
BLACK
6
CONTINUOUS
10
5.8725257480314959
20
-3.700976377952756
11
5.8684361023622049
21
-3.700976377952756
0
LINE
8
BLACK
6
CONTINUOUS
10
5.8684361023622049
20
-3.700976377952756
11
5.8643464566929131
21
-3.700976377952756
0
LINE
8
BLACK
6
CONTINUOUS
10
5.8643464566929131
20
-3.700976377952756
11
5.8643464566929131
21
-3.7131811023622046
0
LINE
8
BLACK
6
CONTINUOUS
10
5.8643464566929131
20
-3.7131811023622046
11
5.8643464566929131
21
-3.7253858267716535
0
LINE
8
BLACK
6
CONTINUOUS
10
5.8643464566929131
20
-3.7253858267716535
11
5.8669055118110238
21
-3.7253858267716535
0
LINE
8
BLACK
6
CONTINUOUS
10
5.8669055118110238
20
-3.7253858267716535
11
5.8694645669291337
21
-3.7253858267716535
0
LINE
8
BLACK
6
CONTINUOUS
10
5.8694645669291337
20
-3.7253858267716535
11
5.8694883464566932
21
-3.7168228346456691
0
LINE
8
BLACK
6
CONTINUOUS
10
5.8694883464566932
20
-3.7168228346456691
11
5.8695121653543305
21
-3.7082598425196851
0
LINE
8
BLACK
6
CONTINUOUS
10
5.8695121653543305
20
-3.7082598425196851
11
5.8725395275590548
21
-3.7168199212598423
0
LINE
8
BLACK
6
CONTINUOUS
10
5.8725395275590548
20
-3.7168199212598423
11
5.8755669291338579
21
-3.7253799999999999
0
LINE
8
BLACK
6
CONTINUOUS
10
5.8755669291338579
20
-3.7253799999999999
11
5.8779735826771651
21
-3.7253829133858267
0
LINE
8
BLACK
6
CONTINUOUS
10
5.8779735826771651
20
-3.7253829133858267
11
5.8803802362204722
21
-3.7253858267716535
0
LINE
8
BLACK
6
CONTINUOUS
10
5.8803802362204722
20
-3.7253858267716535
11
5.882666811023622
21
-3.718791338582677
0
LINE
8
BLACK
6
CONTINUOUS
10
5.882666811023622
20
-3.718791338582677
11
5.8834670472440944
21
-3.7164872047244093
0
LINE
8
BLACK
6
CONTINUOUS
10
5.8834670472440944
20
-3.7164872047244093
11
5.884231692913386
21
-3.7142925590551181
0
LINE
8
BLACK
6
CONTINUOUS
10
5.884231692913386
20
-3.7142925590551181
11
5.8849012598425192
21
-3.7123777559055116
0
LINE
8
BLACK
6
CONTINUOUS
10
5.8849012598425192
20
-3.7123777559055116
11
5.885416141732283
21
-3.7109130708661415
0
LINE
8
BLACK
6
CONTINUOUS
10
5.885416141732283
20
-3.7109130708661415
11
5.8856592913385821
21
-3.710228346456693
0
LINE
8
BLACK
6
CONTINUOUS
10
5.8856592913385821
20
-3.710228346456693
11
5.8863652755905509
21
-3.7082598425196851
0
LINE
8
BLACK
6
CONTINUOUS
10
5.8863652755905509
20
-3.7082598425196851
11
5.8863794881889762
21
-3.7168228346456691
0
LINE
8
BLACK
6
CONTINUOUS
10
5.8863794881889762
20
-3.7168228346456691
11
5.8863937007874014
21
-3.7253858267716535
0
LINE
8
BLACK
6
CONTINUOUS
10
5.8863937007874014
20
-3.7253858267716535
11
5.8893464566929135
21
-3.7253858267716535
0
LINE
8
BLACK
6
CONTINUOUS
10
5.8893464566929135
20
-3.7253858267716535
11
5.8922992125984255
21
-3.7253858267716535
0
LINE
8
BLACK
6
CONTINUOUS
10
5.8922992125984255
20
-3.7253858267716535
11
5.8922992125984255
21
-3.7248516535433072
0
LINE
8
BLACK
6
CONTINUOUS
10
5.8922992125984255
20
-3.7248516535433072
11
5.8922992125984255
21
-3.7131677559055118
0
LINE
8
BLACK
6
CONTINUOUS
10
5.8922992125984255
20
-3.7131677559055118
11
5.8922992125984255
21
-3.7009497244094489
0
LINE
8
BLACK
6
CONTINUOUS
10
5.8922992125984255
20
-3.7009497244094489
11
5.8881122047244094
21
-3.7010614566929134
0
LINE
8
BLACK
6
CONTINUOUS
10
5.9214330708661418
20
-3.7253858267716535
11
5.9273237795275593
21
-3.7253858267716535
0
LINE
8
BLACK
6
CONTINUOUS
10
5.9273237795275593
20
-3.7253858267716535
11
5.9297390551181097
21
-3.7253708267716537
0
LINE
8
BLACK
6
CONTINUOUS
10
5.9297390551181097
20
-3.7253708267716537
11
5.9315405905511813
21
-3.7253139370078738
0
LINE
8
BLACK
6
CONTINUOUS
10
5.9315405905511813
20
-3.7253139370078738
11
5.932901614173228
21
-3.7251971653543308
0
LINE
8
BLACK
6
CONTINUOUS
10
5.932901614173228
20
-3.7251971653543308
11
5.9339955118110232
21
-3.7250025196850394
0
LINE
8
BLACK
6
CONTINUOUS
10
5.9339955118110232
20
-3.7250025196850394
11
5.9349954724409448
21
-3.7247120472440942
0
LINE
8
BLACK
6
CONTINUOUS
10
5.9349954724409448
20
-3.7247120472440942
11
5.9354731889763777
21
-3.724540748031496
0
LINE
8
BLACK
6
CONTINUOUS
10
5.9354731889763777
20
-3.724540748031496
11
5.9382069291338579
21
-3.7231451574803147
0
LINE
8
BLACK
6
CONTINUOUS
10
5.9382069291338579
20
-3.7231451574803147
11
5.9403487401574804
21
-3.721236220472441
0
LINE
8
BLACK
6
CONTINUOUS
10
5.9403487401574804
20
-3.721236220472441
11
5.9418848818897638
21
-3.7188349212598424
0
LINE
8
BLACK
6
CONTINUOUS
10
5.9418848818897638
20
-3.7188349212598424
11
5.9428017322834643
21
-3.7159622834645667
0
LINE
8
BLACK
6
CONTINUOUS
10
5.9428017322834643
20
-3.7159622834645667
11
5.9430557086614169
21
-3.7131811023622046
0
LINE
8
BLACK
6
CONTINUOUS
10
5.9430557086614169
20
-3.7131811023622046
11
5.9430866141732279
21
-3.7128427559055117
0
LINE
8
BLACK
6
CONTINUOUS
10
5.9430866141732279
20
-3.7128427559055117
11
5.9428715354330706
21
-3.7098223622047244
0
LINE
8
BLACK
6
CONTINUOUS
10
5.9428715354330706
20
-3.7098223622047244
11
5.9421987401574805
21
-3.7073316929133857
0
LINE
8
BLACK
6
CONTINUOUS
10
5.9421987401574805
20
-3.7073316929133857
11
5.941026732283464
21
-3.7052320078740157
0
LINE
8
BLACK
6
CONTINUOUS
10
5.941026732283464
20
-3.7052320078740157
11
5.940677992125984
21
-3.7047846850393702
0
LINE
8
BLACK
6
CONTINUOUS
10
5.940677992125984
20
-3.7047846850393702
11
5.9394289763779522
21
-3.703513622047244
0
LINE
8
BLACK
6
CONTINUOUS
10
5.9394289763779522
20
-3.703513622047244
11
5.9379657480314956
21
-3.7025387007874015
0
LINE
8
BLACK
6
CONTINUOUS
10
5.9379657480314956
20
-3.7025387007874015
11
5.9361791732283464
21
-3.7018290551181101
0
LINE
8
BLACK
6
CONTINUOUS
10
5.9361791732283464
20
-3.7018290551181101
11
5.9339601968503937
21
-3.7013538188976378
0
LINE
8
BLACK
6
CONTINUOUS
10
5.9339601968503937
20
-3.7013538188976378
11
5.9311996850393696
21
-3.7010820472440944
0
LINE
8
BLACK
6
CONTINUOUS
10
5.9311996850393696
20
-3.7010820472440944
11
5.9277885826771648
21
-3.7009829133858267
0
LINE
8
BLACK
6
CONTINUOUS
10
5.9277885826771648
20
-3.7009829133858267
11
5.9272401574803144
21
-3.7009810236220471
0
LINE
8
BLACK
6
CONTINUOUS
10
5.9272401574803144
20
-3.7009810236220471
11
5.9214330708661418
21
-3.700976377952756
0
LINE
8
BLACK
6
CONTINUOUS
10
5.9214330708661418
20
-3.700976377952756
11
5.9214330708661418
21
-3.7131811023622046
0
LINE
8
BLACK
6
CONTINUOUS
10
5.9214330708661418
20
-3.7131811023622046
11
5.9214330708661418
21
-3.7253858267716535
0
LINE
8
BLACK
6
CONTINUOUS
10
5.8948370866141735
20
-3.7251248425196848
11
5.8953395669291337
21
-3.7252901574803148
0
LINE
8
BLACK
6
CONTINUOUS
10
5.8953395669291337
20
-3.7252901574803148
11
5.8964109055118108
21
-3.7253694881889765
0
LINE
8
BLACK
6
CONTINUOUS
10
5.8964109055118108
20
-3.7253694881889765
11
5.8977367716535429
21
-3.7253858267716535
0
LINE
8
BLACK
6
CONTINUOUS
10
5.8977367716535429
20
-3.7253858267716535
11
5.9008964173228344
21
-3.7253858267716535
0
LINE
8
BLACK
6
CONTINUOUS
10
5.9008964173228344
20
-3.7253858267716535
11
5.9017523228346453
21
-3.7228138188976376
0
LINE
8
BLACK
6
CONTINUOUS
10
5.9017523228346453
20
-3.7228138188976376
11
5.9026082283464563
21
-3.7202418110236222
0
LINE
8
BLACK
6
CONTINUOUS
10
5.9026082283464563
20
-3.7202418110236222
11
5.9067825590551184
21
-3.7203531889763779
0
LINE
8
BLACK
6
CONTINUOUS
10
5.9067825590551184
20
-3.7203531889763779
11
5.9109568897637796
21
-3.7204645669291336
0
LINE
8
BLACK
6
CONTINUOUS
10
5.9109568897637796
20
-3.7204645669291336
11
5.9117432283464568
21
-3.7229251968503938
0
LINE
8
BLACK
6
CONTINUOUS
10
5.9117432283464568
20
-3.7229251968503938
11
5.9125295275590553
21
-3.7253858267716535
0
LINE
8
BLACK
6
CONTINUOUS
10
5.9125295275590553
20
-3.7253858267716535
11
5.9156033464566926
21
-3.7253858267716535
0
LINE
8
BLACK
6
CONTINUOUS
10
5.9156033464566926
20
-3.7253858267716535
11
5.9170464960629916
21
-3.7253521259842519
0
LINE
8
BLACK
6
CONTINUOUS
10
5.9170464960629916
20
-3.7253521259842519
11
5.9181261023622049
21
-3.7252628346456693
0
LINE
8
BLACK
6
CONTINUOUS
10
5.9181261023622049
20
-3.7252628346456693
11
5.9186536220472439
21
-3.7251353543307086
0
LINE
8
BLACK
6
CONTINUOUS
10
5.9186536220472439
20
-3.7251353543307086
11
5.9186771653543309
21
-3.7251000787401574
0
LINE
8
BLACK
6
CONTINUOUS
10
5.9186771653543309
20
-3.7251000787401574
11
5.9185499999999998
21
-3.7246725984251969
0
LINE
8
BLACK
6
CONTINUOUS
10
5.9185499999999998
20
-3.7246725984251969
11
5.9181894094488188
21
-3.7235939370078741
0
LINE
8
BLACK
6
CONTINUOUS
10
5.9181894094488188
20
-3.7235939370078741
11
5.9176267322834644
21
-3.7219544881889761
0
LINE
8
BLACK
6
CONTINUOUS
10
5.9176267322834644
20
-3.7219544881889761
11
5.9168933464566926
21
-3.7198446456692911
0
LINE
8
BLACK
6
CONTINUOUS
10
5.9168933464566926
20
-3.7198446456692911
11
5.9160205511811021
21
-3.7173547637795274
0
LINE
8
BLACK
6
CONTINUOUS
10
5.9160205511811021
20
-3.7173547637795274
11
5.9150397637795278
21
-3.7145752362204725
0
LINE
8
BLACK
6
CONTINUOUS
10
5.9150397637795278
20
-3.7145752362204725
11
5.9145454724409445
21
-3.7131811023622046
0
LINE
8
BLACK
6
CONTINUOUS
10
5.9145454724409445
20
-3.7131811023622046
11
5.9144448818897635
21
-3.7128973622047243
0
LINE
8
BLACK
6
CONTINUOUS
10
5.9144448818897635
20
-3.7128973622047243
11
5.910212598425197
21
-3.7009804330708662
0
LINE
8
BLACK
6
CONTINUOUS
10
5.910212598425197
20
-3.7009804330708662
11
5.906817716535433
21
-3.7009783858267715
0
LINE
8
BLACK
6
CONTINUOUS
10
5.906817716535433
20
-3.7009783858267715
11
5.903422834645669
21
-3.700976377952756
0
LINE
8
BLACK
6
CONTINUOUS
10
5.903422834645669
20
-3.700976377952756
11
5.8992049606299215
21
-3.7126469291338582
0
LINE
8
BLACK
6
CONTINUOUS
10
5.8992049606299215
20
-3.7126469291338582
11
5.8981617322834641
21
-3.7155325196850395
0
LINE
8
BLACK
6
CONTINUOUS
10
5.8981617322834641
20
-3.7155325196850395
11
5.8971994094488185
21
-3.7181923228346454
0
LINE
8
BLACK
6
CONTINUOUS
10
5.8971994094488185
20
-3.7181923228346454
11
5.8963519685039367
21
-3.7205325590551181
0
LINE
8
BLACK
6
CONTINUOUS
10
5.8963519685039367
20
-3.7205325590551181
11
5.8956534645669292
21
-3.7224594881889761
0
LINE
8
BLACK
6
CONTINUOUS
10
5.8956534645669292
20
-3.7224594881889761
11
5.8951378346456691
21
-3.7238792913385828
0
LINE
8
BLACK
6
CONTINUOUS
10
5.8951378346456691
20
-3.7238792913385828
11
5.8948390551181102
21
-3.7246981889763777
0
LINE
8
BLACK
6
CONTINUOUS
10
5.8948390551181102
20
-3.7246981889763777
11
5.8947821259842517
21
-3.7248516535433072
0
LINE
8
BLACK
6
CONTINUOUS
10
5.8947821259842517
20
-3.7248516535433072
11
5.8948370866141735
21
-3.7251248425196848
0
LINE
8
BLACK
6
CONTINUOUS
10
5.9162301968503934
20
-3.8823556692913384
11
5.9169905118110231
21
-3.8829948425196847
0
LINE
8
BLACK
6
CONTINUOUS
10
5.9169905118110231
20
-3.8829948425196847
11
5.9176028740157482
21
-3.8834455511811021
0
LINE
8
BLACK
6
CONTINUOUS
10
5.9176028740157482
20
-3.8834455511811021
11
5.9185560236220471
21
-3.8841393700787399
0
LINE
8
BLACK
6
CONTINUOUS
10
5.9185560236220471
20
-3.8841393700787399
11
5.919947283464567
21
-3.8851824409448819
0
LINE
8
BLACK
6
CONTINUOUS
10
5.919947283464567
20
-3.8851824409448819
11
5.9215953937007875
21
-3.8864377165354331
0
LINE
8
BLACK
6
CONTINUOUS
10
5.9215953937007875
20
-3.8864377165354331
11
5.9233192519685041
21
-3.8877680708661417
0
LINE
8
BLACK
6
CONTINUOUS
10
5.9233192519685041
20
-3.8877680708661417
11
5.9234503149606299
21
-3.8878699606299212
0
LINE
8
BLACK
6
CONTINUOUS
10
5.9234503149606299
20
-3.8878699606299212
11
5.9276329133858265
21
-3.8911244094488189
0
LINE
8
BLACK
6
CONTINUOUS
10
5.9276329133858265
20
-3.8911244094488189
11
5.9255271653543309
21
-3.8979204724409446
0
LINE
8
BLACK
6
CONTINUOUS
10
5.9255271653543309
20
-3.8979204724409446
11
5.9248502362204727
21
-3.9001308267716532
0
LINE
8
BLACK
6
CONTINUOUS
10
5.9248502362204727
20
-3.9001308267716532
11
5.9242625590551183
21
-3.9020988976377953
0
LINE
8
BLACK
6
CONTINUOUS
10
5.9242625590551183
20
-3.9020988976377953
11
5.9238018503937004
21
-3.9036943307086611
0
LINE
8
BLACK
6
CONTINUOUS
10
5.9238018503937004
20
-3.9036943307086611
11
5.9235058661417321
21
-3.9047866141732284
0
LINE
8
BLACK
6
CONTINUOUS
10
5.9235058661417321
20
-3.9047866141732284
11
5.9234114960629922
21
-3.9052318897637792
0
LINE
8
BLACK
6
CONTINUOUS
10
5.9234114960629922
20
-3.9052318897637792
11
5.923409291338583
21
-3.9054352362204723
0
LINE
8
BLACK
6
CONTINUOUS
10
5.923409291338583
20
-3.9054352362204723
11
5.9234659448818894
21
-3.905546929133858
0
LINE
8
BLACK
6
CONTINUOUS
10
5.9234659448818894
20
-3.905546929133858
11
5.923662874015748
21
-3.9055174015748029
0
LINE
8
BLACK
6
CONTINUOUS
10
5.923662874015748
20
-3.9055174015748029
11
5.9240814960629917
21
-3.9052972047244094
0
LINE
8
BLACK
6
CONTINUOUS
10
5.9240814960629917
20
-3.9052972047244094
11
5.9248031496062987
21
-3.9048368897637795
0
LINE
8
BLACK
6
CONTINUOUS
10
5.9248031496062987
20
-3.9048368897637795
11
5.9259092519685037
21
-3.904086968503937
0
LINE
8
BLACK
6
CONTINUOUS
10
5.9259092519685037
20
-3.904086968503937
11
5.9274812598425193
21
-3.9029979527559053
0
LINE
8
BLACK
6
CONTINUOUS
10
5.9274812598425193
20
-3.9029979527559053
11
5.9296005511811023
21
-3.9015203937007872
0
LINE
8
BLACK
6
CONTINUOUS
10
5.9296005511811023
20
-3.9015203937007872
11
5.9301553543307088
21
-3.9011333858267716
0
LINE
8
BLACK
6
CONTINUOUS
10
5.9301553543307088
20
-3.9011333858267716
11
5.9359249212598426
21
-3.8971090157480313
0
LINE
8
BLACK
6
CONTINUOUS
10
5.9359249212598426
20
-3.8971090157480313
11
5.9417556692913385
21
-3.9012528346456694
0
LINE
8
BLACK
6
CONTINUOUS
10
5.9417556692913385
20
-3.9012528346456694
11
5.9436498818897636
21
-3.9025905905511808
0
LINE
8
BLACK
6
CONTINUOUS
10
5.9436498818897636
20
-3.9025905905511808
11
5.9453420078740153
21
-3.9037696456692914
0
LINE
8
BLACK
6
CONTINUOUS
10
5.9453420078740153
20
-3.9037696456692914
11
5.9467201181102363
21
-3.9047133464566928
0
LINE
8
BLACK
6
CONTINUOUS
10
5.9467201181102363
20
-3.9047133464566928
11
5.9476723622047238
21
-3.9053450000000001
0
LINE
8
BLACK
6
CONTINUOUS
10
5.9476723622047238
20
-3.9053450000000001
11
5.9480750787401577
21
-3.9055841732283465
0
LINE
8
BLACK
6
CONTINUOUS
10
5.9480750787401577
20
-3.9055841732283465
11
5.9483720866141727
21
-3.9055254330708662
0
LINE
8
BLACK
6
CONTINUOUS
10
5.9483720866141727
20
-3.9055254330708662
11
5.9483024803149602
21
-3.9048992913385825
0
LINE
8
BLACK
6
CONTINUOUS
10
5.9483024803149602
20
-3.9048992913385825
11
5.9482338976377953
21
-3.9046535826771653
0
LINE
8
BLACK
6
CONTINUOUS
10
5.9482338976377953
20
-3.9046535826771653
11
5.9480101181102363
21
-3.9038848425196848
0
LINE
8
BLACK
6
CONTINUOUS
10
5.9480101181102363
20
-3.9038848425196848
11
5.9476174409448817
21
-3.9025260236220474
0
LINE
8
BLACK
6
CONTINUOUS
10
5.9476174409448817
20
-3.9025260236220474
11
5.947103976377953
21
-3.9007438188976375
0
LINE
8
BLACK
6
CONTINUOUS
10
5.947103976377953
20
-3.9007438188976375
11
5.9465178346456691
21
-3.8987050393700788
0
LINE
8
BLACK
6
CONTINUOUS
10
5.9465178346456691
20
-3.8987050393700788
11
5.9462656299212595
21
-3.8978267716535431
0
LINE
8
BLACK
6
CONTINUOUS
10
5.9462656299212595
20
-3.8978267716535431
11
5.9456811417322832
21
-3.8957959842519685
0
LINE
8
BLACK
6
CONTINUOUS
10
5.9456811417322832
20
-3.8957959842519685
11
5.9451658267716532
21
-3.8940162992125984
0
LINE
8
BLACK
6
CONTINUOUS
10
5.9451658267716532
20
-3.8940162992125984
11
5.944762165354331
21
-3.8926335826771652
0
LINE
8
BLACK
6
CONTINUOUS
10
5.944762165354331
20
-3.8926335826771652
11
5.944512598425197
21
-3.8917937007874013
0
LINE
8
BLACK
6
CONTINUOUS
10
5.944512598425197
20
-3.8917937007874013
11
5.9444606692913382
21
-3.8916281102362205
0
LINE
8
BLACK
6
CONTINUOUS
10
5.9444606692913382
20
-3.8916281102362205
11
5.9447045275590549
21
-3.8912415748031495
0
LINE
8
BLACK
6
CONTINUOUS
10
5.9447045275590549
20
-3.8912415748031495
11
5.9454866929133861
21
-3.8904605905511809
0
LINE
8
BLACK
6
CONTINUOUS
10
5.9454866929133861
20
-3.8904605905511809
11
5.9467171653543307
21
-3.8893651968503935
0
LINE
8
BLACK
6
CONTINUOUS
10
5.9467171653543307
20
-3.8893651968503935
11
5.9483057874015746
21
-3.8880355511811024
0
LINE
8
BLACK
6
CONTINUOUS
10
5.9483057874015746
20
-3.8880355511811024
11
5.9501626377952759
21
-3.8865516929133856
0
LINE
8
BLACK
6
CONTINUOUS
10
5.9501626377952759
20
-3.8865516929133856
11
5.9502159055118105
21
-3.8865099999999999
0
LINE
8
BLACK
6
CONTINUOUS
10
5.9502159055118105
20
-3.8865099999999999
11
5.9561377165354328
21
-3.8818818897637795
0
LINE
8
BLACK
6
CONTINUOUS
10
5.9561377165354328
20
-3.8818818897637795
11
5.9489231889763774
21
-3.8815740944881889
0
LINE
8
BLACK
6
CONTINUOUS
10
5.9489231889763774
20
-3.8815740944881889
11
5.9466048818897637
21
-3.8814688582677164
0
LINE
8
BLACK
6
CONTINUOUS
10
5.9466048818897637
20
-3.8814688582677164
11
5.9445522047244097
21
-3.8813637795275588
0
LINE
8
BLACK
6
CONTINUOUS
10
5.9445522047244097
20
-3.8813637795275588
11
5.9428972834645668
21
-3.8812665354330709
0
LINE
8
BLACK
6
CONTINUOUS
10
5.9428972834645668
20
-3.8812665354330709
11
5.9417721653543305
21
-3.8811848425196849
0
LINE
8
BLACK
6
CONTINUOUS
10
5.9417721653543305
20
-3.8811848425196849
11
5.9413149606299207
21
-3.8811288976377951
0
LINE
8
BLACK
6
CONTINUOUS
10
5.9413149606299207
20
-3.8811288976377951
11
5.9410552755905508
21
-3.8807316141732282
0
LINE
8
BLACK
6
CONTINUOUS
10
5.9410552755905508
20
-3.8807316141732282
11
5.9405820078740152
21
-3.8797165748031497
0
LINE
8
BLACK
6
CONTINUOUS
10
5.9405820078740152
20
-3.8797165748031497
11
5.9399473622047241
21
-3.8782071259842521
0
LINE
8
BLACK
6
CONTINUOUS
10
5.9399473622047241
20
-3.8782071259842521
11
5.9392036614173227
21
-3.8763266141732284
0
LINE
8
BLACK
6
CONTINUOUS
10
5.9392036614173227
20
-3.8763266141732284
11
5.9385680314960627
21
-3.8746453543307084
0
LINE
8
BLACK
6
CONTINUOUS
10
5.9385680314960627
20
-3.8746453543307084
11
5.9377843700787398
21
-3.8725708267716534
0
LINE
8
BLACK
6
CONTINUOUS
10
5.9377843700787398
20
-3.8725708267716534
11
5.9370805118110237
21
-3.8707805511811024
0
LINE
8
BLACK
6
CONTINUOUS
10
5.9370805118110237
20
-3.8707805511811024
11
5.936505866141732
21
-3.8693942913385824
0
LINE
8
BLACK
6
CONTINUOUS
10
5.936505866141732
20
-3.8693942913385824
11
5.936109724409449
21
-3.8685317322834645
0
LINE
8
BLACK
6
CONTINUOUS
10
5.936109724409449
20
-3.8685317322834645
11
5.9359535039370082
21
-3.868299212598425
0
LINE
8
BLACK
6
CONTINUOUS
10
5.9359535039370082
20
-3.868299212598425
11
5.9357279133858265
21
-3.8686472440944879
0
LINE
8
BLACK
6
CONTINUOUS
10
5.9357279133858265
20
-3.8686472440944879
11
5.9353009448818899
21
-3.8695973622047242
0
LINE
8
BLACK
6
CONTINUOUS
10
5.9353009448818899
20
-3.8695973622047242
11
5.9347318110236218
21
-3.8710086220472442
0
LINE
8
BLACK
6
CONTINUOUS
10
5.9347318110236218
20
-3.8710086220472442
11
5.9340795669291335
21
-3.8727400393700786
0
LINE
8
BLACK
6
CONTINUOUS
10
5.9340795669291335
20
-3.8727400393700786
11
5.9340121259842515
21
-3.8729251968503937
0
LINE
8
BLACK
6
CONTINUOUS
10
5.9340121259842515
20
-3.8729251968503937
11
5.9332935039370076
21
-3.8748963779527559
0
LINE
8
BLACK
6
CONTINUOUS
10
5.9332935039370076
20
-3.8748963779527559
11
5.932603346456693
21
-3.876776023622047
0
LINE
8
BLACK
6
CONTINUOUS
10
5.932603346456693
20
-3.876776023622047
11
5.9320233858267715
21
-3.8783425590551182
0
LINE
8
BLACK
6
CONTINUOUS
10
5.9320233858267715
20
-3.8783425590551182
11
5.9316549606299214
21
-3.8793228346456692
0
LINE
8
BLACK
6
CONTINUOUS
10
5.9316549606299214
20
-3.8793228346456692
11
5.9309778346456694
21
-3.8810944881889764
0
LINE
8
BLACK
6
CONTINUOUS
10
5.9309778346456694
20
-3.8810944881889764
11
5.92728811023622
21
-3.8813456692913384
0
LINE
8
BLACK
6
CONTINUOUS
10
5.92728811023622
20
-3.8813456692913384
11
5.9250812598425195
21
-3.8814698818897635
0
LINE
8
BLACK
6
CONTINUOUS
10
5.9250812598425195
20
-3.8814698818897635
11
5.9225617322834641
21
-3.881572401574803
0
LINE
8
BLACK
6
CONTINUOUS
10
5.9225617322834641
20
-3.881572401574803
11
5.9202042519685039
21
-3.8816346062992126
0
LINE
8
BLACK
6
CONTINUOUS
10
5.9202042519685039
20
-3.8816346062992126
11
5.9197598425196851
21
-3.8816409448818896
0
LINE
8
BLACK
6
CONTINUOUS
10
5.9197598425196851
20
-3.8816409448818896
11
5.9181308661417322
21
-3.8816877559055118
0
LINE
8
BLACK
6
CONTINUOUS
10
5.9181308661417322
20
-3.8816877559055118
11
5.9168468110236221
21
-3.8817781889763778
0
LINE
8
BLACK
6
CONTINUOUS
10
5.9168468110236221
20
-3.8817781889763778
11
5.9160759842519681
21
-3.8818973622047244
0
LINE
8
BLACK
6
CONTINUOUS
10
5.9160759842519681
20
-3.8818973622047244
11
5.9159296456692916
21
-3.88198031496063
0
LINE
8
BLACK
6
CONTINUOUS
10
5.9159296456692916
20
-3.88198031496063
11
5.9162301968503934
21
-3.8823556692913384
0
LINE
8
BLACK
6
CONTINUOUS
10
5.9788166929133855
20
-3.8654071259842517
11
5.9796422440944879
21
-3.8661333464566927
0
LINE
8
BLACK
6
CONTINUOUS
10
5.9796422440944879
20
-3.8661333464566927
11
5.9808979921259837
21
-3.8671731496062991
0
LINE
8
BLACK
6
CONTINUOUS
10
5.9808979921259837
20
-3.8671731496062991
11
5.9824856299212597
21
-3.8684450393700787
0
LINE
8
BLACK
6
CONTINUOUS
10
5.9824856299212597
20
-3.8684450393700787
11
5.9842283464566925
21
-3.8698068897637796
0
LINE
8
BLACK
6
CONTINUOUS
10
5.9842283464566925
20
-3.8698068897637796
11
5.9860420472440943
21
-3.87122562992126
0
LINE
8
BLACK
6
CONTINUOUS
10
5.9860420472440943
20
-3.87122562992126
11
5.9876180708661417
21
-3.8724915354330709
0
LINE
8
BLACK
6
CONTINUOUS
10
5.9876180708661417
20
-3.8724915354330709
11
5.9888580314960631
21
-3.8735229133858269
0
LINE
8
BLACK
6
CONTINUOUS
10
5.9888580314960631
20
-3.8735229133858269
11
5.9896636220472441
21
-3.8742380314960627
0
LINE
8
BLACK
6
CONTINUOUS
10
5.9896636220472441
20
-3.8742380314960627
11
5.9899370078740155
21
-3.874550905511811
0
LINE
8
BLACK
6
CONTINUOUS
10
5.9899370078740155
20
-3.874550905511811
11
5.9898285826771653
21
-3.8750117322834643
0
LINE
8
BLACK
6
CONTINUOUS
10
5.9898285826771653
20
-3.8750117322834643
11
5.9895327165354333
21
-3.8760775196850394
0
LINE
8
BLACK
6
CONTINUOUS
10
5.9895327165354333
20
-3.8760775196850394
11
5.9890935433070869
21
-3.877600590551181
0
LINE
8
BLACK
6
CONTINUOUS
10
5.9890935433070869
20
-3.877600590551181
11
5.9885551574803149
21
-3.8794333464566928
0
LINE
8
BLACK
6
CONTINUOUS
10
5.9885551574803149
20
-3.8794333464566928
11
5.9879616929133856
21
-3.8814281889763778
0
LINE
8
BLACK
6
CONTINUOUS
10
5.9879616929133856
20
-3.8814281889763778
11
5.9873573228346455
21
-3.883437401574803
0
LINE
8
BLACK
6
CONTINUOUS
10
5.9873573228346455
20
-3.883437401574803
11
5.9867860629921257
21
-3.8853134251968502
0
LINE
8
BLACK
6
CONTINUOUS
10
5.9867860629921257
20
-3.8853134251968502
11
5.9862921259842521
21
-3.8869085826771652
0
LINE
8
BLACK
6
CONTINUOUS
10
5.9862921259842521
20
-3.8869085826771652
11
5.9859196062992126
21
-3.8880752362204722
0
LINE
8
BLACK
6
CONTINUOUS
10
5.9859196062992126
20
-3.8880752362204722
11
5.9857363385826767
21
-3.8886069291338581
0
LINE
8
BLACK
6
CONTINUOUS
10
5.9857363385826767
20
-3.8886069291338581
11
5.9855829527559052
21
-3.8890842519685038
0
LINE
8
BLACK
6
CONTINUOUS
10
5.9855829527559052
20
-3.8890842519685038
11
5.9857564566929131
21
-3.8891294881889764
0
LINE
8
BLACK
6
CONTINUOUS
10
5.9857564566929131
20
-3.8891294881889764
11
5.9864084645669289
21
-3.8887440944881888
0
LINE
8
BLACK
6
CONTINUOUS
10
5.9864084645669289
20
-3.8887440944881888
11
5.986609488188976
21
-3.888615590551181
0
LINE
8
BLACK
6
CONTINUOUS
10
5.986609488188976
20
-3.888615590551181
11
5.9873679527559052
21
-3.888110275590551
0
LINE
8
BLACK
6
CONTINUOUS
10
5.9873679527559052
20
-3.888110275590551
11
5.9886066141732286
21
-3.8872637007874014
0
LINE
8
BLACK
6
CONTINUOUS
10
5.9886066141732286
20
-3.8872637007874014
11
5.9901622047244096
21
-3.8861883070866141
0
LINE
8
BLACK
6
CONTINUOUS
10
5.9901622047244096
20
-3.8861883070866141
11
5.9918713385826772
21
-3.8849964960629921
0
LINE
8
BLACK
6
CONTINUOUS
10
5.9918713385826772
20
-3.8849964960629921
11
5.992102362204724
21
-3.884834645669291
0
LINE
8
BLACK
6
CONTINUOUS
10
5.992102362204724
20
-3.884834645669291
11
5.9938057874015751
21
-3.8836450393700788
0
LINE
8
BLACK
6
CONTINUOUS
10
5.9938057874015751
20
-3.8836450393700788
11
5.9953638582677167
21
-3.8825656692913384
0
LINE
8
BLACK
6
CONTINUOUS
10
5.9953638582677167
20
-3.8825656692913384
11
5.9966181496062987
21
-3.8817056692913385
0
LINE
8
BLACK
6
CONTINUOUS
10
5.9966181496062987
20
-3.8817056692913385
11
5.9974103543307082
21
-3.8811741338582677
0
LINE
8
BLACK
6
CONTINUOUS
10
5.9974103543307082
20
-3.8811741338582677
11
5.9974780708661415
21
-3.881130433070866
0
LINE
8
BLACK
6
CONTINUOUS
10
5.9974780708661415
20
-3.881130433070866
11
5.9985230708661419
21
-3.8804627165354328
0
LINE
8
BLACK
6
CONTINUOUS
10
5.9985230708661419
20
-3.8804627165354328
11
6.00466311023622
21
-3.8847955905511808
0
LINE
8
BLACK
6
CONTINUOUS
10
6.00466311023622
20
-3.8847955905511808
11
6.0065633858267713
21
-3.886113346456693
0
LINE
8
BLACK
6
CONTINUOUS
10
6.0065633858267713
20
-3.886113346456693
11
6.0082241338582678
21
-3.8872206299212597
0
LINE
8
BLACK
6
CONTINUOUS
10
6.0082241338582678
20
-3.8872206299212597
11
6.009548070866142
21
-3.8880562204724409
0
LINE
8
BLACK
6
CONTINUOUS
10
6.009548070866142
20
-3.8880562204724409
11
6.010437913385827
21
-3.8885588976377954
0
LINE
8
BLACK
6
CONTINUOUS
10
6.010437913385827
20
-3.8885588976377954
11
6.0107963385826766
21
-3.8886675196850393
0
LINE
8
BLACK
6
CONTINUOUS
10
6.0107963385826766
20
-3.8886675196850393
11
6.0107992125984246
21
-3.8886547637795275
0
LINE
8
BLACK
6
CONTINUOUS
10
6.0107992125984246
20
-3.8886547637795275
11
6.0106935039370075
21
-3.8881391732283466
0
LINE
8
BLACK
6
CONTINUOUS
10
6.0106935039370075
20
-3.8881391732283466
11
6.0104024409448815
21
-3.8869977952755903
0
LINE
8
BLACK
6
CONTINUOUS
10
6.0104024409448815
20
-3.8869977952755903
11
6.0099610236220471
21
-3.885360866141732
0
LINE
8
BLACK
6
CONTINUOUS
10
6.0099610236220471
20
-3.885360866141732
11
6.0094043307086613
21
-3.883358582677165
0
LINE
8
BLACK
6
CONTINUOUS
10
6.0094043307086613
20
-3.883358582677165
11
6.0088307086614172
21
-3.8813412992125982
0
LINE
8
BLACK
6
CONTINUOUS
10
6.0088307086614172
20
-3.8813412992125982
11
6.0082035039370076
21
-3.8791527952755906
0
LINE
8
BLACK
6
CONTINUOUS
10
6.0082035039370076
20
-3.8791527952755906
11
6.0076591338582679
21
-3.8772438976377952
0
LINE
8
BLACK
6
CONTINUOUS
10
6.0076591338582679
20
-3.8772438976377952
11
6.0072319685039366
21
-3.8757358661417323
0
LINE
8
BLACK
6
CONTINUOUS
10
6.0072319685039366
20
-3.8757358661417323
11
6.0069563385826772
21
-3.8747499999999997
0
LINE
8
BLACK
6
CONTINUOUS
10
6.0069563385826772
20
-3.8747499999999997
11
6.0068661417322833
21
-3.8744080314960629
0
LINE
8
BLACK
6
CONTINUOUS
10
6.0068661417322833
20
-3.8744080314960629
11
6.0071608661417324
21
-3.8741484645669289
0
LINE
8
BLACK
6
CONTINUOUS
10
6.0071608661417324
20
-3.8741484645669289
11
6.0079803543307086
21
-3.8734833464566929
0
LINE
8
BLACK
6
CONTINUOUS
10
6.0079803543307086
20
-3.8734833464566929
11
6.0092274409448816
21
-3.8724900393700787
0
LINE
8
BLACK
6
CONTINUOUS
10
6.0092274409448816
20
-3.8724900393700787
11
6.010804921259842
21
-3.8712460236220472
0
LINE
8
BLACK
6
CONTINUOUS
10
6.010804921259842
20
-3.8712460236220472
11
6.0125748031496062
21
-3.8698605118110234
0
LINE
8
BLACK
6
CONTINUOUS
10
6.0125748031496062
20
-3.8698605118110234
11
6.0143851181102361
21
-3.8684316535433072
0
LINE
8
BLACK
6
CONTINUOUS
10
6.0143851181102361
20
-3.8684316535433072
11
6.0159588976377956
21
-3.8671581496062992
0
LINE
8
BLACK
6
CONTINUOUS
10
6.0159588976377956
20
-3.8671581496062992
11
6.0171983070866144
21
-3.8661216929133859
0
LINE
8
BLACK
6
CONTINUOUS
10
6.0171983070866144
20
-3.8661216929133859
11
6.0180056692913384
21
-3.8654039763779529
0
LINE
8
BLACK
6
CONTINUOUS
10
6.0180056692913384
20
-3.8654039763779529
11
6.0182834645669292
21
-3.8650898818897637
0
LINE
8
BLACK
6
CONTINUOUS
10
6.0182834645669292
20
-3.8650898818897637
11
6.0179100787401572
21
-3.8649850393700786
0
LINE
8
BLACK
6
CONTINUOUS
10
6.0179100787401572
20
-3.8649850393700786
11
6.0168712992125979
21
-3.8648832677165355
0
LINE
8
BLACK
6
CONTINUOUS
10
6.0168712992125979
20
-3.8648832677165355
11
6.0152890944881889
21
-3.8647916535433069
0
LINE
8
BLACK
6
CONTINUOUS
10
6.0152890944881889
20
-3.8647916535433069
11
6.013285433070866
21
-3.8647171653543304
0
LINE
8
BLACK
6
CONTINUOUS
10
6.013285433070866
20
-3.8647171653543304
11
6.0109822834645668
21
-3.8646668897637793
0
LINE
8
BLACK
6
CONTINUOUS
10
6.0109822834645668
20
-3.8646668897637793
11
6.0109325196850394
21
-3.8646661417322834
0
LINE
8
BLACK
6
CONTINUOUS
10
6.0109325196850394
20
-3.8646661417322834
11
6.0035815748031496
21
-3.8645590551181099
0
LINE
8
BLACK
6
CONTINUOUS
10
6.0035815748031496
20
-3.8645590551181099
11
6.0011610629921259
21
-3.8581668503937006
0
LINE
8
BLACK
6
CONTINUOUS
10
6.0011610629921259
20
-3.8581668503937006
11
6.0003588582677168
21
-3.8560683858267715
0
LINE
8
BLACK
6
CONTINUOUS
10
6.0003588582677168
20
-3.8560683858267715
11
5.9996429133858262
21
-3.8542333858267717
0
LINE
8
BLACK
6
CONTINUOUS
10
5.9996429133858262
20
-3.8542333858267717
11
5.9990628740157481
21
-3.852786023622047
0
LINE
8
BLACK
6
CONTINUOUS
10
5.9990628740157481
20
-3.852786023622047
11
5.998668346456693
21
-3.8518503937007873
0
LINE
8
BLACK
6
CONTINUOUS
10
5.998668346456693
20
-3.8518503937007873
11
5.9985181102362199
21
-3.851552244094488
0
LINE
8
BLACK
6
CONTINUOUS
10
5.9985181102362199
20
-3.851552244094488
11
5.9983187401574805
21
-3.8518302362204722
0
LINE
8
BLACK
6
CONTINUOUS
10
5.9983187401574805
20
-3.8518302362204722
11
5.9978994488188979
21
-3.8527377952755906
0
LINE
8
BLACK
6
CONTINUOUS
10
5.9978994488188979
20
-3.8527377952755906
11
5.9973065748031491
21
-3.8541634251968504
0
LINE
8
BLACK
6
CONTINUOUS
10
5.9973065748031491
20
-3.8541634251968504
11
5.996586535433071
21
-3.8559957874015747
0
LINE
8
BLACK
6
CONTINUOUS
10
5.996586535433071
20
-3.8559957874015747
11
5.9958155118110232
21
-3.858042874015748
0
LINE
8
BLACK
6
CONTINUOUS
10
5.9958155118110232
20
-3.858042874015748
11
5.9933353149606301
21
-3.864755905511811
0
LINE
8
BLACK
6
CONTINUOUS
10
5.9933353149606301
20
-3.864755905511811
11
5.9859274803149605
21
-3.864755905511811
0
LINE
8
BLACK
6
CONTINUOUS
10
5.9859274803149605
20
-3.864755905511811
11
5.9836100787401572
21
-3.8647720078740155
0
LINE
8
BLACK
6
CONTINUOUS
10
5.9836100787401572
20
-3.8647720078740155
11
5.9815891732283459
21
-3.8648169291338581
0
LINE
8
BLACK
6
CONTINUOUS
10
5.9815891732283459
20
-3.8648169291338581
11
5.9799862204724406
21
-3.8648853543307085
0
LINE
8
BLACK
6
CONTINUOUS
10
5.9799862204724406
20
-3.8648853543307085
11
5.9789227559055114
21
-3.8649720472440943
0
LINE
8
BLACK
6
CONTINUOUS
10
5.9789227559055114
20
-3.8649720472440943
11
5.9785203149606296
21
-3.8650717716535432
0
LINE
8
BLACK
6
CONTINUOUS
10
5.9785203149606296
20
-3.8650717716535432
11
5.9785196850393696
21
-3.8650759448818897
0
LINE
8
BLACK
6
CONTINUOUS
10
5.9785196850393696
20
-3.8650759448818897
11
5.9788166929133855
21
-3.8654071259842517
0
LINE
8
BLACK
6
CONTINUOUS
10
5.8540443700787401
20
-3.865456811023622
11
5.8548122047244089
21
-3.8661892913385825
0
LINE
8
BLACK
6
CONTINUOUS
10
5.8548122047244089
20
-3.8661892913385825
11
5.8560655511811026
21
-3.8672444488188975
0
LINE
8
BLACK
6
CONTINUOUS
10
5.8560655511811026
20
-3.8672444488188975
11
5.8578489370078737
21
-3.8686632677165353
0
LINE
8
BLACK
6
CONTINUOUS
10
5.8578489370078737
20
-3.8686632677165353
11
5.860206850393701
21
-3.8704867716535434
0
LINE
8
BLACK
6
CONTINUOUS
10
5.860206850393701
20
-3.8704867716535434
11
5.8613484251968506
21
-3.8713596456692914
0
LINE
8
BLACK
6
CONTINUOUS
10
5.8613484251968506
20
-3.8713596456692914
11
5.8625742913385821
21
-3.8723052362204724
0
LINE
8
BLACK
6
CONTINUOUS
10
5.8625742913385821
20
-3.8723052362204724
11
5.8636990551181105
21
-3.8731901968503935
0
LINE
8
BLACK
6
CONTINUOUS
10
5.8636990551181105
20
-3.8731901968503935
11
5.8642633858267716
21
-3.8736459842519686
0
LINE
8
BLACK
6
CONTINUOUS
10
5.8642633858267716
20
-3.8736459842519686
11
5.8652551181102357
21
-3.8744651968503936
0
LINE
8
BLACK
6
CONTINUOUS
10
5.8652551181102357
20
-3.8744651968503936
11
5.8631654724409445
21
-3.881323149606299
0
LINE
8
BLACK
6
CONTINUOUS
10
5.8631654724409445
20
-3.881323149606299
11
5.8624849999999995
21
-3.8835505905511809
0
LINE
8
BLACK
6
CONTINUOUS
10
5.8624849999999995
20
-3.8835505905511809
11
5.8618743307086616
21
-3.8855384645669289
0
LINE
8
BLACK
6
CONTINUOUS
10
5.8618743307086616
20
-3.8855384645669289
11
5.8613740944881885
21
-3.8871554330708662
0
LINE
8
BLACK
6
CONTINUOUS
10
5.8613740944881885
20
-3.8871554330708662
11
5.861024960629921
21
-3.8882701574803149
0
LINE
8
BLACK
6
CONTINUOUS
10
5.861024960629921
20
-3.8882701574803149
11
5.860872598425197
21
-3.8887377952755906
0
LINE
8
BLACK
6
CONTINUOUS
10
5.860872598425197
20
-3.8887377952755906
11
5.8607969685039372
21
-3.8889604330708663
0
LINE
8
BLACK
6
CONTINUOUS
10
5.8607969685039372
20
-3.8889604330708663
11
5.8608104330708661
21
-3.8890788188976377
0
LINE
8
BLACK
6
CONTINUOUS
10
5.8608104330708661
20
-3.8890788188976377
11
5.8609899212598426
21
-3.8890448031496061
0
LINE
8
BLACK
6
CONTINUOUS
10
5.8609899212598426
20
-3.8890448031496061
11
5.861412440944882
21
-3.8888102362204724
0
LINE
8
BLACK
6
CONTINUOUS
10
5.861412440944882
20
-3.8888102362204724
11
5.8621549606299208
21
-3.8883270078740155
0
LINE
8
BLACK
6
CONTINUOUS
10
5.8621549606299208
20
-3.8883270078740155
11
5.8632944488188974
21
-3.887546968503937
0
LINE
8
BLACK
6
CONTINUOUS
10
5.8632944488188974
20
-3.887546968503937
11
5.8649079133858271
21
-3.886421968503937
0
LINE
8
BLACK
6
CONTINUOUS
10
5.8649079133858271
20
-3.886421968503937
11
5.8670723228346455
21
-3.8849038582677164
0
LINE
8
BLACK
6
CONTINUOUS
10
5.8670723228346455
20
-3.8849038582677164
11
5.8676304724409452
21
-3.8845120866141731
0
LINE
8
BLACK
6
CONTINUOUS
10
5.8676304724409452
20
-3.8845120866141731
11
5.8734735433070862
21
-3.8804106692913387
0
LINE
8
BLACK
6
CONTINUOUS
10
5.8734735433070862
20
-3.8804106692913387
11
5.8766855905511806
21
-3.8826342519685038
0
LINE
8
BLACK
6
CONTINUOUS
10
5.8766855905511806
20
-3.8826342519685038
11
5.8785528740157478
21
-3.8839331496062992
0
LINE
8
BLACK
6
CONTINUOUS
10
5.8785528740157478
20
-3.8839331496062992
11
5.8806345275590548
21
-3.885390748031496
0
LINE
8
BLACK
6
CONTINUOUS
10
5.8806345275590548
20
-3.885390748031496
11
5.8825464960629921
21
-3.8867378740157479
0
LINE
8
BLACK
6
CONTINUOUS
10
5.8825464960629921
20
-3.8867378740157479
11
5.8829488188976375
21
-3.8870229527559053
0
LINE
8
BLACK
6
CONTINUOUS
10
5.8829488188976375
20
-3.8870229527559053
11
5.8842537401574804
21
-3.8879203543307086
0
LINE
8
BLACK
6
CONTINUOUS
10
5.8842537401574804
20
-3.8879203543307086
11
5.8852800787401574
21
-3.8885718897637793
0
LINE
8
BLACK
6
CONTINUOUS
10
5.8852800787401574
20
-3.8885718897637793
11
5.8858904724409449
21
-3.8888933858267714
0
LINE
8
BLACK
6
CONTINUOUS
10
5.8858904724409449
20
-3.8888933858267714
11
5.8860000000000001
21
-3.8888928346456693
0
LINE
8
BLACK
6
CONTINUOUS
10
5.8860000000000001
20
-3.8888928346456693
11
5.885896850393701
21
-3.8884376771653542
0
LINE
8
BLACK
6
CONTINUOUS
10
5.885896850393701
20
-3.8884376771653542
11
5.8856100393700785
21
-3.8873495275590551
0
LINE
8
BLACK
6
CONTINUOUS
10
5.8856100393700785
20
-3.8873495275590551
11
5.8851733464566927
21
-3.8857520472440945
0
LINE
8
BLACK
6
CONTINUOUS
10
5.8851733464566927
20
-3.8857520472440945
11
5.88462062992126
21
-3.8837690157480314
0
LINE
8
BLACK
6
CONTINUOUS
10
5.88462062992126
20
-3.8837690157480314
11
5.8841146850393695
21
-3.88198031496063
0
LINE
8
BLACK
6
CONTINUOUS
10
5.8841146850393695
20
-3.88198031496063
11
5.8839856692913388
21
-3.8815241338582678
0
LINE
8
BLACK
6
CONTINUOUS
10
5.8839856692913388
20
-3.8815241338582678
11
5.8839844094488187
21
-3.8815197637795276
0
LINE
8
BLACK
6
CONTINUOUS
10
5.8839844094488187
20
-3.8815197637795276
11
5.8819688582677161
21
-3.8744418503937008
0
LINE
8
BLACK
6
CONTINUOUS
10
5.8819688582677161
20
-3.8744418503937008
11
5.8830985826771656
21
-3.8735110236220471
0
LINE
8
BLACK
6
CONTINUOUS
10
5.8830985826771656
20
-3.8735110236220471
11
5.8838146456692915
21
-3.872937086614173
0
LINE
8
BLACK
6
CONTINUOUS
10
5.8838146456692915
20
-3.872937086614173
11
5.8850080314960627
21
-3.8719979133858269
0
LINE
8
BLACK
6
CONTINUOUS
10
5.8850080314960627
20
-3.8719979133858269
11
5.8865319291338585
21
-3.8708083070866142
0
LINE
8
BLACK
6
CONTINUOUS
10
5.8865319291338585
20
-3.8708083070866142
11
5.8882395669291334
21
-3.8694831889763779
0
LINE
8
BLACK
6
CONTINUOUS
10
5.8882395669291334
20
-3.8694831889763779
11
5.8888543307086616
21
-3.8690079921259843
0
LINE
8
BLACK
6
CONTINUOUS
10
5.8888543307086616
20
-3.8690079921259843
11
5.8904778346456688
21
-3.8677331102362205
0
LINE
8
BLACK
6
CONTINUOUS
10
5.8904778346456688
20
-3.8677331102362205
11
5.8918522440944878
21
-3.866613464566929
0
LINE
8
BLACK
6
CONTINUOUS
10
5.8918522440944878
20
-3.866613464566929
11
5.8928680708661414
21
-3.8657414566929131
0
LINE
8
BLACK
6
CONTINUOUS
10
5.8928680708661414
20
-3.8657414566929131
11
5.8934157480314964
21
-3.8652095275590552
0
LINE
8
BLACK
6
CONTINUOUS
10
5.8934157480314964
20
-3.8652095275590552
11
5.8934803149606294
21
-3.8651045275590552
0
LINE
8
BLACK
6
CONTINUOUS
10
5.8934803149606294
20
-3.8651045275590552
11
5.8933827559055114
21
-3.8650759448818897
0
LINE
8
BLACK
6
CONTINUOUS
10
5.8933827559055114
20
-3.8650759448818897
11
5.8931069291338583
21
-3.8649951181102362
0
LINE
8
BLACK
6
CONTINUOUS
10
5.8931069291338583
20
-3.8649951181102362
11
5.8920681102362202
21
-3.8648893700787399
0
LINE
8
BLACK
6
CONTINUOUS
10
5.8920681102362202
20
-3.8648893700787399
11
5.8904857480314963
21
-3.8647946062992125
0
LINE
8
BLACK
6
CONTINUOUS
10
5.8904857480314963
20
-3.8647946062992125
11
5.8884818110236221
21
-3.864718031496063
0
LINE
8
BLACK
6
CONTINUOUS
10
5.8884818110236221
20
-3.864718031496063
11
5.8861782283464565
21
-3.864666929133858
0
LINE
8
BLACK
6
CONTINUOUS
10
5.8861782283464565
20
-3.864666929133858
11
5.886124173228346
21
-3.8646661417322834
0
LINE
8
BLACK
6
CONTINUOUS
10
5.886124173228346
20
-3.8646661417322834
11
5.8787680708661414
21
-3.8645590551181099
0
LINE
8
BLACK
6
CONTINUOUS
10
5.8787680708661414
20
-3.8645590551181099
11
5.8773275196850392
21
-3.8608188976377953
0
LINE
8
BLACK
6
CONTINUOUS
10
5.8773275196850392
20
-3.8608188976377953
11
5.876554803149606
21
-3.8588072047244095
0
LINE
8
BLACK
6
CONTINUOUS
10
5.876554803149606
20
-3.8588072047244095
11
5.875737362204724
21
-3.8566703543307086
0
LINE
8
BLACK
6
CONTINUOUS
10
5.875737362204724
20
-3.8566703543307086
11
5.8750135433070865
21
-3.8547701968503936
0
LINE
8
BLACK
6
CONTINUOUS
10
5.8750135433070865
20
-3.8547701968503936
11
5.8747944094488185
21
-3.8541923228346455
0
LINE
8
BLACK
6
CONTINUOUS
10
5.8747944094488185
20
-3.8541923228346455
11
5.8742512598425192
21
-3.8528862992125985
0
LINE
8
BLACK
6
CONTINUOUS
10
5.8742512598425192
20
-3.8528862992125985
11
5.8737772440944882
21
-3.8519764960629921
0
LINE
8
BLACK
6
CONTINUOUS
10
5.8737772440944882
20
-3.8519764960629921
11
5.8734553149606299
21
-3.8516156299212598
0
LINE
8
BLACK
6
CONTINUOUS
10
5.8734553149606299
20
-3.8516156299212598
11
5.8734041338582674
21
-3.8516332677165352
0
LINE
8
BLACK
6
CONTINUOUS
10
5.8734041338582674
20
-3.8516332677165352
11
5.8731785433070867
21
-3.8520956692913386
0
LINE
8
BLACK
6
CONTINUOUS
10
5.8731785433070867
20
-3.8520956692913386
11
5.8727396850393703
21
-3.8531723228346455
0
LINE
8
BLACK
6
CONTINUOUS
10
5.8727396850393703
20
-3.8531723228346455
11
5.8721370472440944
21
-3.8547353149606298
0
LINE
8
BLACK
6
CONTINUOUS
10
5.8721370472440944
20
-3.8547353149606298
11
5.8714202362204722
21
-3.8566566141732284
0
LINE
8
BLACK
6
CONTINUOUS
10
5.8714202362204722
20
-3.8566566141732284
11
5.8708005118110238
21
-3.8583582677165356
0
LINE
8
BLACK
6
CONTINUOUS
10
5.8708005118110238
20
-3.8583582677165356
11
5.8684946850393702
21
-3.864755905511811
0
LINE
8
BLACK
6
CONTINUOUS
10
5.8684946850393702
20
-3.864755905511811
11
5.8615977165354334
21
-3.8648025196850391
0
LINE
8
BLACK
6
CONTINUOUS
10
5.8615977165354334
20
-3.8648025196850391
11
5.8593222834645671
21
-3.8648142125984251
0
LINE
8
BLACK
6
CONTINUOUS
10
5.8593222834645671
20
-3.8648142125984251
11
5.8573057874015744
21
-3.8648176377952757
0
LINE
8
BLACK
6
CONTINUOUS
10
5.8573057874015744
20
-3.8648176377952757
11
5.8556862992125982
21
-3.8648130708661417
0
LINE
8
BLACK
6
CONTINUOUS
10
5.8556862992125982
20
-3.8648130708661417
11
5.8546021259842522
21
-3.8648008661417323
0
LINE
8
BLACK
6
CONTINUOUS
10
5.8546021259842522
20
-3.8648008661417323
11
5.8542086614173225
21
-3.8647852755905512
0
LINE
8
BLACK
6
CONTINUOUS
10
5.8542086614173225
20
-3.8647852755905512
11
5.8537870866141732
21
-3.8647957874015746
0
LINE
8
BLACK
6
CONTINUOUS
10
5.8537870866141732
20
-3.8647957874015746
11
5.8537175196850395
21
-3.8650059448818896
0
LINE
8
BLACK
6
CONTINUOUS
10
5.8537175196850395
20
-3.8650059448818896
11
5.8540443700787401
21
-3.865456811023622
0
LINE
8
BLACK
6
CONTINUOUS
10
5.8082233070866138
20
-3.8198345275590548
11
5.8091173228346458
21
-3.8205892125984251
0
LINE
8
BLACK
6
CONTINUOUS
10
5.8091173228346458
20
-3.8205892125984251
11
5.8104259448818896
21
-3.8216555511811023
0
LINE
8
BLACK
6
CONTINUOUS
10
5.8104259448818896
20
-3.8216555511811023
11
5.812044921259842
21
-3.8229485433070867
0
LINE
8
BLACK
6
CONTINUOUS
10
5.812044921259842
20
-3.8229485433070867
11
5.8136783858267718
21
-3.8242335039370077
0
LINE
8
BLACK
6
CONTINUOUS
10
5.8136783858267718
20
-3.8242335039370077
11
5.8159816535433073
21
-3.8260717716535431
0
LINE
8
BLACK
6
CONTINUOUS
10
5.8159816535433073
20
-3.8260717716535431
11
5.8176462204724411
21
-3.8274899606299213
0
LINE
8
BLACK
6
CONTINUOUS
10
5.8176462204724411
20
-3.8274899606299213
11
5.8186892125984251
21
-3.8285037401574802
0
LINE
8
BLACK
6
CONTINUOUS
10
5.8186892125984251
20
-3.8285037401574802
11
5.8191276377952752
21
-3.8291288976377951
0
LINE
8
BLACK
6
CONTINUOUS
10
5.8191276377952752
20
-3.8291288976377951
11
5.819141771653543
21
-3.8292569291338583
0
LINE
8
BLACK
6
CONTINUOUS
10
5.819141771653543
20
-3.8292569291338583
11
5.8189888188976377
21
-3.829837992125984
0
LINE
8
BLACK
6
CONTINUOUS
10
5.8189888188976377
20
-3.829837992125984
11
5.8186447637795276
21
-3.8310325196850394
0
LINE
8
BLACK
6
CONTINUOUS
10
5.8186447637795276
20
-3.8310325196850394
11
5.8181506299212593
21
-3.8327017322834647
0
LINE
8
BLACK
6
CONTINUOUS
10
5.8181506299212593
20
-3.8327017322834647
11
5.817547401574803
21
-3.8347066535433072
0
LINE
8
BLACK
6
CONTINUOUS
10
5.817547401574803
20
-3.8347066535433072
11
5.8170474015748033
21
-3.8363491732283466
0
LINE
8
BLACK
6
CONTINUOUS
10
5.8170474015748033
20
-3.8363491732283466
11
5.8164133858267713
21
-3.8384718897637793
0
LINE
8
BLACK
6
CONTINUOUS
10
5.8164133858267713
20
-3.8384718897637793
11
5.8158888976377954
21
-3.8403243700787399
0
LINE
8
BLACK
6
CONTINUOUS
10
5.8158888976377954
20
-3.8403243700787399
11
5.815507559055118
21
-3.8417798818897637
0
LINE
8
BLACK
6
CONTINUOUS
10
5.815507559055118
20
-3.8417798818897637
11
5.8153028740157477
21
-3.8427116929133858
0
LINE
8
BLACK
6
CONTINUOUS
10
5.8153028740157477
20
-3.8427116929133858
11
5.8152883858267712
21
-3.8429944094488189
0
LINE
8
BLACK
6
CONTINUOUS
10
5.8152883858267712
20
-3.8429944094488189
11
5.8156603543307082
21
-3.8428455905511809
0
LINE
8
BLACK
6
CONTINUOUS
10
5.8156603543307082
20
-3.8428455905511809
11
5.8165684251968504
21
-3.8423054330708659
0
LINE
8
BLACK
6
CONTINUOUS
10
5.8165684251968504
20
-3.8423054330708659
11
5.8179085039370078
21
-3.8414410236220471
0
LINE
8
BLACK
6
CONTINUOUS
10
5.8179085039370078
20
-3.8414410236220471
11
5.8195766141732284
21
-3.8403194881889764
0
LINE
8
BLACK
6
CONTINUOUS
10
5.8195766141732284
20
-3.8403194881889764
11
5.8214525590551176
21
-3.839019212598425
0
LINE
8
BLACK
6
CONTINUOUS
10
5.8214525590551176
20
-3.839019212598425
11
5.8233525590551176
21
-3.8376946062992126
0
LINE
8
BLACK
6
CONTINUOUS
10
5.8233525590551176
20
-3.8376946062992126
11
5.8250337007874018
21
-3.8365425984251966
0
LINE
8
BLACK
6
CONTINUOUS
10
5.8250337007874018
20
-3.8365425984251966
11
5.8263896062992124
21
-3.8356344488188974
0
LINE
8
BLACK
6
CONTINUOUS
10
5.8263896062992124
20
-3.8356344488188974
11
5.8273139763779529
21
-3.8350414173228344
0
LINE
8
BLACK
6
CONTINUOUS
10
5.8273139763779529
20
-3.8350414173228344
11
5.8276983858267712
21
-3.8348346456692912
0
LINE
8
BLACK
6
CONTINUOUS
10
5.8276983858267712
20
-3.8348346456692912
11
5.828096653543307
21
-3.8350517322834645
0
LINE
8
BLACK
6
CONTINUOUS
10
5.828096653543307
20
-3.8350517322834645
11
5.829030708661417
21
-3.8356558267716534
0
LINE
8
BLACK
6
CONTINUOUS
10
5.829030708661417
20
-3.8356558267716534
11
5.8303956299212594
21
-3.836576181102362
0
LINE
8
BLACK
6
CONTINUOUS
10
5.8303956299212594
20
-3.836576181102362
11
5.8320865354330707
21
-3.8377420472440944
0
LINE
8
BLACK
6
CONTINUOUS
10
5.8320865354330707
20
-3.8377420472440944
11
5.8339985433070867
21
-3.8390826377952756
0
LINE
8
BLACK
6
CONTINUOUS
10
5.8339985433070867
20
-3.8390826377952756
11
5.8340616535433067
21
-3.8391272440944881
0
LINE
8
BLACK
6
CONTINUOUS
10
5.8340616535433067
20
-3.8391272440944881
11
5.8359635826771656
21
-3.8404634251968504
0
LINE
8
BLACK
6
CONTINUOUS
10
5.8359635826771656
20
-3.8404634251968504
11
5.8376324015748029
21
-3.8416198818897636
0
LINE
8
BLACK
6
CONTINUOUS
10
5.8376324015748029
20
-3.8416198818897636
11
5.838967244094488
21
-3.8425281102362203
0
LINE
8
BLACK
6
CONTINUOUS
10
5.838967244094488
20
-3.8425281102362203
11
5.8398674015748027
21
-3.8431195275590548
0
LINE
8
BLACK
6
CONTINUOUS
10
5.8398674015748027
20
-3.8431195275590548
11
5.8402320078740155
21
-3.8433256299212597
0
LINE
8
BLACK
6
CONTINUOUS
10
5.8402320078740155
20
-3.8433256299212597
11
5.840234330708661
21
-3.8433246456692913
0
LINE
8
BLACK
6
CONTINUOUS
10
5.840234330708661
20
-3.8433246456692913
11
5.8401623228346455
21
-3.8429353149606298
0
LINE
8
BLACK
6
CONTINUOUS
10
5.8401623228346455
20
-3.8429353149606298
11
5.8399005905511814
21
-3.8419135039370076
0
LINE
8
BLACK
6
CONTINUOUS
10
5.8399005905511814
20
-3.8419135039370076
11
5.8394824803149605
21
-3.8403819685039369
0
LINE
8
BLACK
6
CONTINUOUS
10
5.8394824803149605
20
-3.8403819685039369
11
5.8389413779527555
21
-3.8384633070866139
0
LINE
8
BLACK
6
CONTINUOUS
10
5.8389413779527555
20
-3.8384633070866139
11
5.8383956692913381
21
-3.8365714173228347
0
LINE
8
BLACK
6
CONTINUOUS
10
5.8383956692913381
20
-3.8365714173228347
11
5.8377563385826772
21
-3.8343648818897638
0
LINE
8
BLACK
6
CONTINUOUS
10
5.8377563385826772
20
-3.8343648818897638
11
5.8371906692913385
21
-3.8323909055118111
0
LINE
8
BLACK
6
CONTINUOUS
10
5.8371906692913385
20
-3.8323909055118111
11
5.8367372834645668
21
-3.830786220472441
0
LINE
8
BLACK
6
CONTINUOUS
10
5.8367372834645668
20
-3.830786220472441
11
5.8364349606299211
21
-3.8296876377952755
0
LINE
8
BLACK
6
CONTINUOUS
10
5.8364349606299211
20
-3.8296876377952755
11
5.8363266929133859
21
-3.8292594094488188
0
LINE
8
BLACK
6
CONTINUOUS
10
5.8363266929133859
20
-3.8292594094488188
11
5.8365631889763776
21
-3.828748779527559
0
LINE
8
BLACK
6
CONTINUOUS
10
5.8365631889763776
20
-3.828748779527559
11
5.8374112204724407
21
-3.8278527952755903
0
LINE
8
BLACK
6
CONTINUOUS
10
5.8374112204724407
20
-3.8278527952755903
11
5.8388860629921258
21
-3.8265572047244092
0
LINE
8
BLACK
6
CONTINUOUS
10
5.8388860629921258
20
-3.8265572047244092
11
5.8410031102362208
21
-3.8248475590551179
0
LINE
8
BLACK
6
CONTINUOUS
10
5.8410031102362208
20
-3.8248475590551179
11
5.8413149606299211
21
-3.8246030314960628
0
LINE
8
BLACK
6
CONTINUOUS
10
5.8413149606299211
20
-3.8246030314960628
11
5.8436740551181101
21
-3.8227728740157478
0
LINE
8
BLACK
6
CONTINUOUS
10
5.8436740551181101
20
-3.8227728740157478
11
5.8454322834645671
21
-3.8213954724409449
0
LINE
8
BLACK
6
CONTINUOUS
10
5.8454322834645671
20
-3.8213954724409449
11
5.8465827559055112
21
-3.8204066535433072
0
LINE
8
BLACK
6
CONTINUOUS
10
5.8465827559055112
20
-3.8204066535433072
11
5.847118464566929
21
-3.8197421653543304
0
LINE
8
BLACK
6
CONTINUOUS
10
5.847118464566929
20
-3.8197421653543304
11
5.8470325196850395
21
-3.8193377952755903
0
LINE
8
BLACK
6
CONTINUOUS
10
5.8470325196850395
20
-3.8193377952755903
11
5.8463179527559053
21
-3.8191293307086611
0
LINE
8
BLACK
6
CONTINUOUS
10
5.8463179527559053
20
-3.8191293307086611
11
5.8449678346456695
21
-3.8190525196850391
0
LINE
8
BLACK
6
CONTINUOUS
10
5.8449678346456695
20
-3.8190525196850391
11
5.8429751968503938
21
-3.8190431889763778
0
LINE
8
BLACK
6
CONTINUOUS
10
5.8429751968503938
20
-3.8190431889763778
11
5.840713464566929
21
-3.819039960629921
0
LINE
8
BLACK
6
CONTINUOUS
10
5.840713464566929
20
-3.819039960629921
11
5.8383969291338582
21
-3.8190268897637796
0
LINE
8
BLACK
6
CONTINUOUS
10
5.8383969291338582
20
-3.8190268897637796
11
5.836357440944882
21
-3.8190187795275587
0
LINE
8
BLACK
6
CONTINUOUS
10
5.836357440944882
20
-3.8190187795275587
11
5.8347234251968505
21
-3.8190157874015749
0
LINE
8
BLACK
6
CONTINUOUS
10
5.8347234251968505
20
-3.8190157874015749
11
5.8336233070866141
21
-3.8190182677165354
0
LINE
8
BLACK
6
CONTINUOUS
10
5.8336233070866141
20
-3.8190182677165354
11
5.8331872834645671
21
-3.8190261023622045
0
LINE
8
BLACK
6
CONTINUOUS
10
5.8331872834645671
20
-3.8190261023622045
11
5.8329755905511806
21
-3.818686496062992
0
LINE
8
BLACK
6
CONTINUOUS
10
5.8329755905511806
20
-3.818686496062992
11
5.8325418110236216
21
-3.8177229527559056
0
LINE
8
BLACK
6
CONTINUOUS
10
5.8325418110236216
20
-3.8177229527559056
11
5.8319338976377955
21
-3.8162512598425198
0
LINE
8
BLACK
6
CONTINUOUS
10
5.8319338976377955
20
-3.8162512598425198
11
5.8311996850393699
21
-3.8143871259842519
0
LINE
8
BLACK
6
CONTINUOUS
10
5.8311996850393699
20
-3.8143871259842519
11
5.8304369291338585
21
-3.8123798031496063
0
LINE
8
BLACK
6
CONTINUOUS
10
5.8304369291338585
20
-3.8123798031496063
11
5.8296295669291336
21
-3.8102500393700787
0
LINE
8
BLACK
6
CONTINUOUS
10
5.8296295669291336
20
-3.8102500393700787
11
5.8289071259842515
21
-3.8084009448818898
0
LINE
8
BLACK
6
CONTINUOUS
10
5.8289071259842515
20
-3.8084009448818898
11
5.8283168503937004
21
-3.8069490157480312
0
LINE
8
BLACK
6
CONTINUOUS
10
5.8283168503937004
20
-3.8069490157480312
11
5.827906023622047
21
-3.806010590551181
0
LINE
8
BLACK
6
CONTINUOUS
10
5.827906023622047
20
-3.806010590551181
11
5.8277257874015751
21
-3.8057007874015749
0
LINE
8
BLACK
6
CONTINUOUS
10
5.8277257874015751
20
-3.8057007874015749
11
5.8275250787401571
21
-3.806050708661417
0
LINE
8
BLACK
6
CONTINUOUS
10
5.8275250787401571
20
-3.806050708661417
11
5.8271104724409444
21
-3.8070169291338583
0
LINE
8
BLACK
6
CONTINUOUS
10
5.8271104724409444
20
-3.8070169291338583
11
5.8265323228346455
21
-3.808473897637795
0
LINE
8
BLACK
6
CONTINUOUS
10
5.8265323228346455
20
-3.808473897637795
11
5.8258409842519683
21
-3.8102961417322834
0
LINE
8
BLACK
6
CONTINUOUS
10
5.8258409842519683
20
-3.8102961417322834
11
5.825394566929134
21
-3.811507874015748
0
LINE
8
BLACK
6
CONTINUOUS
10
5.825394566929134
20
-3.811507874015748
11
5.8246272440944882
21
-3.8135761023622048
0
LINE
8
BLACK
6
CONTINUOUS
10
5.8246272440944882
20
-3.8135761023622048
11
5.8239114566929135
21
-3.815438503937008
0
LINE
8
BLACK
6
CONTINUOUS
10
5.8239114566929135
20
-3.815438503937008
11
5.8233075984251963
21
-3.8169427952755903
0
LINE
8
BLACK
6
CONTINUOUS
10
5.8233075984251963
20
-3.8169427952755903
11
5.8228760236220474
21
-3.8179366141732283
0
LINE
8
BLACK
6
CONTINUOUS
10
5.8228760236220474
20
-3.8179366141732283
11
5.8227400393700783
21
-3.8182007874015746
0
LINE
8
BLACK
6
CONTINUOUS
10
5.8227400393700783
20
-3.8182007874015746
11
5.8225250787401572
21
-3.8185117716535433
0
LINE
8
BLACK
6
CONTINUOUS
10
5.8225250787401572
20
-3.8185117716535433
11
5.8222375590551181
21
-3.8187398818897638
0
LINE
8
BLACK
6
CONTINUOUS
10
5.8222375590551181
20
-3.8187398818897638
11
5.8217639763779525
21
-3.8188979527559055
0
LINE
8
BLACK
6
CONTINUOUS
10
5.8217639763779525
20
-3.8188979527559055
11
5.8209907086614168
21
-3.8189988188976378
0
LINE
8
BLACK
6
CONTINUOUS
10
5.8209907086614168
20
-3.8189988188976378
11
5.8198042125984255
21
-3.8190552755905509
0
LINE
8
BLACK
6
CONTINUOUS
10
5.8198042125984255
20
-3.8190552755905509
11
5.8180909448818898
21
-3.8190801968503938
0
LINE
8
BLACK
6
CONTINUOUS
10
5.8180909448818898
20
-3.8190801968503938
11
5.8157373228346456
21
-3.8190864566929132
0
LINE
8
BLACK
6
CONTINUOUS
10
5.8157373228346456
20
-3.8190864566929132
11
5.8149046850393695
21
-3.8190866141732283
0
LINE
8
BLACK
6
CONTINUOUS
10
5.8149046850393695
20
-3.8190866141732283
11
5.8120912598425196
21
-3.8191068110236222
0
LINE
8
BLACK
6
CONTINUOUS
10
5.8120912598425196
20
-3.8191068110236222
11
5.809965984251968
21
-3.8191663385826771
0
LINE
8
BLACK
6
CONTINUOUS
10
5.809965984251968
20
-3.8191663385826771
11
5.8085570866141731
21
-3.8192637007874013
0
LINE
8
BLACK
6
CONTINUOUS
10
5.8085570866141731
20
-3.8192637007874013
11
5.8078926771653538
21
-3.8193973228346456
0
LINE
8
BLACK
6
CONTINUOUS
10
5.8078926771653538
20
-3.8193973228346456
11
5.8078480708661413
21
-3.8194765354330706
0
LINE
8
BLACK
6
CONTINUOUS
10
5.8078480708661413
20
-3.8194765354330706
11
5.8082233070866138
21
-3.8198345275590548
0
LINE
8
BLACK
6
CONTINUOUS
10
6.0245015354330711
20
-3.8197030314960627
11
6.0253336614173225
21
-3.8204194881889761
0
LINE
8
BLACK
6
CONTINUOUS
10
6.0253336614173225
20
-3.8204194881889761
11
6.0265989370078739
21
-3.8214517322834647
0
LINE
8
BLACK
6
CONTINUOUS
10
6.0265989370078739
20
-3.8214517322834647
11
6.0281999212598425
21
-3.8227203149606299
0
LINE
8
BLACK
6
CONTINUOUS
10
6.0281999212598425
20
-3.8227203149606299
11
6.0300390551181104
21
-3.8241456692913385
0
LINE
8
BLACK
6
CONTINUOUS
10
6.0300390551181104
20
-3.8241456692913385
11
6.0300834251968505
21
-3.8241797244094489
0
LINE
8
BLACK
6
CONTINUOUS
10
6.0300834251968505
20
-3.8241797244094489
11
6.0319161417322835
21
-3.8256009448818897
0
LINE
8
BLACK
6
CONTINUOUS
10
6.0319161417322835
20
-3.8256009448818897
11
6.0335020866141731
21
-3.8268614566929133
0
LINE
8
BLACK
6
CONTINUOUS
10
6.0335020866141731
20
-3.8268614566929133
11
6.0347466535433067
21
-3.8278835433070864
0
LINE
8
BLACK
6
CONTINUOUS
10
6.0347466535433067
20
-3.8278835433070864
11
6.0355552362204721
21
-3.8285894094488189
0
LINE
8
BLACK
6
CONTINUOUS
10
6.0355552362204721
20
-3.8285894094488189
11
6.0358332283464566
21
-3.8289013385826771
0
LINE
8
BLACK
6
CONTINUOUS
10
6.0358332283464566
20
-3.8289013385826771
11
6.0358322047244091
21
-3.8289041338582677
0
LINE
8
BLACK
6
CONTINUOUS
10
6.0358322047244091
20
-3.8289041338582677
11
6.0356043307086615
21
-3.8294852362204725
0
LINE
8
BLACK
6
CONTINUOUS
10
6.0356043307086615
20
-3.8294852362204725
11
6.0352250393700784
21
-3.8306353937007871
0
LINE
8
BLACK
6
CONTINUOUS
10
6.0352250393700784
20
-3.8306353937007871
11
6.0347362598425196
21
-3.8322096062992124
0
LINE
8
BLACK
6
CONTINUOUS
10
6.0347362598425196
20
-3.8322096062992124
11
6.0341798818897638
21
-3.8340630314960631
0
LINE
8
BLACK
6
CONTINUOUS
10
6.0341798818897638
20
-3.8340630314960631
11
6.0335977559055118
21
-3.836050748031496
0
LINE
8
BLACK
6
CONTINUOUS
10
6.0335977559055118
20
-3.836050748031496
11
6.0330318503937006
21
-3.8380278346456693
0
LINE
8
BLACK
6
CONTINUOUS
10
6.0330318503937006
20
-3.8380278346456693
11
6.0325240551181105
21
-3.8398493700787402
0
LINE
8
BLACK
6
CONTINUOUS
10
6.0325240551181105
20
-3.8398493700787402
11
6.0321162204724406
21
-3.841370472440945
0
LINE
8
BLACK
6
CONTINUOUS
10
6.0321162204724406
20
-3.841370472440945
11
6.0318503149606295
21
-3.8424461811023622
0
LINE
8
BLACK
6
CONTINUOUS
10
6.0318503149606295
20
-3.8424461811023622
11
6.0317681889763781
21
-3.8429315748031496
0
LINE
8
BLACK
6
CONTINUOUS
10
6.0317681889763781
20
-3.8429315748031496
11
6.0317727952755904
21
-3.8429433858267714
0
LINE
8
BLACK
6
CONTINUOUS
10
6.0317727952755904
20
-3.8429433858267714
11
6.0321480314960629
21
-3.8427980314960628
0
LINE
8
BLACK
6
CONTINUOUS
10
6.0321480314960629
20
-3.8427980314960628
11
6.0330598425196849
21
-3.842262244094488
0
LINE
8
BLACK
6
CONTINUOUS
10
6.0330598425196849
20
-3.842262244094488
11
6.0344037401574804
21
-3.8414028740157478
0
LINE
8
BLACK
6
CONTINUOUS
10
6.0344037401574804
20
-3.8414028740157478
11
6.0360752362204719
21
-3.8402866535433069
0
LINE
8
BLACK
6
CONTINUOUS
10
6.0360752362204719
20
-3.8402866535433069
11
6.0379446850393697
21
-3.838997992125984
0
LINE
8
BLACK
6
CONTINUOUS
10
6.0379446850393697
20
-3.838997992125984
11
6.0398453937007872
21
-3.8376792125984251
0
LINE
8
BLACK
6
CONTINUOUS
10
6.0398453937007872
20
-3.8376792125984251
11
6.0415261023622042
21
-3.8365325984251966
0
LINE
8
BLACK
6
CONTINUOUS
10
6.0415261023622042
20
-3.8365325984251966
11
6.0428803937007869
21
-3.8356292519685038
0
LINE
8
BLACK
6
CONTINUOUS
10
6.0428803937007869
20
-3.8356292519685038
11
6.0438018110236218
21
-3.8350401574803148
0
LINE
8
BLACK
6
CONTINUOUS
10
6.0438018110236218
20
-3.8350401574803148
11
6.0441815748031491
21
-3.8348361811023621
0
LINE
8
BLACK
6
CONTINUOUS
10
6.0441815748031491
20
-3.8348361811023621
11
6.0445768897637793
21
-3.8350541338582675
0
LINE
8
BLACK
6
CONTINUOUS
10
6.0445768897637793
20
-3.8350541338582675
11
6.0455079133858263
21
-3.8356597244094486
0
LINE
8
BLACK
6
CONTINUOUS
10
6.0455079133858263
20
-3.8356597244094486
11
6.046870196850394
21
-3.8365822440944881
0
LINE
8
BLACK
6
CONTINUOUS
10
6.046870196850394
20
-3.8365822440944881
11
6.0485592519685039
21
-3.8377508267716536
0
LINE
8
BLACK
6
CONTINUOUS
10
6.0485592519685039
20
-3.8377508267716536
11
6.0504705905511811
21
-3.8390947244094487
0
LINE
8
BLACK
6
CONTINUOUS
10
6.0504705905511811
20
-3.8390947244094487
11
6.0505499999999994
21
-3.8391509842519684
0
LINE
8
BLACK
6
CONTINUOUS
10
6.0505499999999994
20
-3.8391509842519684
11
6.0524527165354334
21
-3.8404918110236221
0
LINE
8
BLACK
6
CONTINUOUS
10
6.0524527165354334
20
-3.8404918110236221
11
6.0541218110236219
21
-3.8416531496062993
0
LINE
8
BLACK
6
CONTINUOUS
10
6.0541218110236219
20
-3.8416531496062993
11
6.0554569291338582
21
-3.8425663779527559
0
LINE
8
BLACK
6
CONTINUOUS
10
6.0554569291338582
20
-3.8425663779527559
11
6.056357716535433
21
-3.8431629527559052
0
LINE
8
BLACK
6
CONTINUOUS
10
6.056357716535433
20
-3.8431629527559052
11
6.0567238188976376
21
-3.8433742125984249
0
LINE
8
BLACK
6
CONTINUOUS
10
6.0567238188976376
20
-3.8433742125984249
11
6.0567264566929131
21
-3.8433732677165353
0
LINE
8
BLACK
6
CONTINUOUS
10
6.0567264566929131
20
-3.8433732677165353
11
6.0566491732283465
21
-3.842985905511811
0
LINE
8
BLACK
6
CONTINUOUS
10
6.0566491732283465
20
-3.842985905511811
11
6.0563801181102361
21
-3.8419607480314961
0
LINE
8
BLACK
6
CONTINUOUS
10
6.0563801181102361
20
-3.8419607480314961
11
6.0559516929133856
21
-3.8404148425196851
0
LINE
8
BLACK
6
CONTINUOUS
10
6.0559516929133856
20
-3.8404148425196851
11
6.0553964173228341
21
-3.8384651574803148
0
LINE
8
BLACK
6
CONTINUOUS
10
6.0553964173228341
20
-3.8384651574803148
11
6.0547467716535435
21
-3.8362287007874016
0
LINE
8
BLACK
6
CONTINUOUS
10
6.0547467716535435
20
-3.8362287007874016
11
6.054681811023622
21
-3.8360072440944881
0
LINE
8
BLACK
6
CONTINUOUS
10
6.054681811023622
20
-3.8360072440944881
11
6.0540203543307083
21
-3.8337527165354328
0
LINE
8
BLACK
6
CONTINUOUS
10
6.0540203543307083
20
-3.8337527165354328
11
6.0534416535433069
21
-3.8317779133858267
0
LINE
8
BLACK
6
CONTINUOUS
10
6.0534416535433069
20
-3.8317779133858267
11
6.0529797244094485
21
-3.8301990157480312
0
LINE
8
BLACK
6
CONTINUOUS
10
6.0529797244094485
20
-3.8301990157480312
11
6.0526685039370074
21
-3.8291321653543307
0
LINE
8
BLACK
6
CONTINUOUS
10
6.0526685039370074
20
-3.8291321653543307
11
6.052542007874016
21
-3.8286935433070863
0
LINE
8
BLACK
6
CONTINUOUS
10
6.052542007874016
20
-3.8286935433070863
11
6.0525408267716534
21
-3.8286887401574803
0
LINE
8
BLACK
6
CONTINUOUS
10
6.0525408267716534
20
-3.8286887401574803
11
6.0528335433070861
21
-3.8284452362204724
0
LINE
8
BLACK
6
CONTINUOUS
10
6.0528335433070861
20
-3.8284452362204724
11
6.0536507480314956
21
-3.827794527559055
0
LINE
8
BLACK
6
CONTINUOUS
10
6.0536507480314956
20
-3.827794527559055
11
6.0548954724409452
21
-3.8268129921259844
0
LINE
8
BLACK
6
CONTINUOUS
10
6.0548954724409452
20
-3.8268129921259844
11
6.0564708267716538
21
-3.8255771259842519
0
LINE
8
BLACK
6
CONTINUOUS
10
6.0564708267716538
20
-3.8255771259842519
11
6.058244094488189
21
-3.8241912204724406
0
LINE
8
BLACK
6
CONTINUOUS
10
6.058244094488189
20
-3.8241912204724406
11
6.0600545275590552
21
-3.8227618110236219
0
LINE
8
BLACK
6
CONTINUOUS
10
6.0600545275590552
20
-3.8227618110236219
11
6.0616283858267712
21
-3.8214869685039368
0
LINE
8
BLACK
6
CONTINUOUS
10
6.0616283858267712
20
-3.8214869685039368
11
6.0628678740157476
21
-3.8204485433070867
0
LINE
8
BLACK
6
CONTINUOUS
10
6.0628678740157476
20
-3.8204485433070867
11
6.0636751181102362
21
-3.8197285039370077
0
LINE
8
BLACK
6
CONTINUOUS
10
6.0636751181102362
20
-3.8197285039370077
11
6.063952755905512
21
-3.8194118897637797
0
LINE
8
BLACK
6
CONTINUOUS
10
6.063952755905512
20
-3.8194118897637797
11
6.0635807086614175
21
-3.8193034251968503
0
LINE
8
BLACK
6
CONTINUOUS
10
6.0635807086614175
20
-3.8193034251968503
11
6.0625513779527553
21
-3.81921031496063
0
LINE
8
BLACK
6
CONTINUOUS
10
6.0625513779527553
20
-3.81921031496063
11
6.0609946850393701
21
-3.8191390551181104
0
LINE
8
BLACK
6
CONTINUOUS
10
6.0609946850393701
20
-3.8191390551181104
11
6.0590406299212596
21
-3.819096181102362
0
LINE
8
BLACK
6
CONTINUOUS
10
6.0590406299212596
20
-3.819096181102362
11
6.0574822834645667
21
-3.8190866141732283
0
LINE
8
BLACK
6
CONTINUOUS
10
6.0574822834645667
20
-3.8190866141732283
11
6.054663228346457
21
-3.8190652362204722
0
LINE
8
BLACK
6
CONTINUOUS
10
6.054663228346457
20
-3.8190652362204722
11
6.0525332283464568
21
-3.8189903149606299
0
LINE
8
BLACK
6
CONTINUOUS
10
6.0525332283464568
20
-3.8189903149606299
11
6.0509948425196853
21
-3.8188453543307084
0
LINE
8
BLACK
6
CONTINUOUS
10
6.0509948425196853
20
-3.8188453543307084
11
6.04995062992126
21
-3.8186140157480315
0
LINE
8
BLACK
6
CONTINUOUS
10
6.04995062992126
20
-3.8186140157480315
11
6.0493031889763778
21
-3.8182798425196851
0
LINE
8
BLACK
6
CONTINUOUS
10
6.0493031889763778
20
-3.8182798425196851
11
6.0489550000000003
21
-3.8178264960629922
0
LINE
8
BLACK
6
CONTINUOUS
10
6.0489550000000003
20
-3.8178264960629922
11
6.0488868897637795
21
-3.8176404330708662
0
LINE
8
BLACK
6
CONTINUOUS
10
6.0488868897637795
20
-3.8176404330708662
11
6.0485922834645667
21
-3.81676062992126
0
LINE
8
BLACK
6
CONTINUOUS
10
6.0485922834645667
20
-3.81676062992126
11
6.0481008267716536
21
-3.8154133070866143
0
LINE
8
BLACK
6
CONTINUOUS
10
6.0481008267716536
20
-3.8154133070866143
11
6.0474737401574803
21
-3.8137542913385825
0
LINE
8
BLACK
6
CONTINUOUS
10
6.0474737401574803
20
-3.8137542913385825
11
6.0467722440944884
21
-3.8119393700787403
0
LINE
8
BLACK
6
CONTINUOUS
10
6.0467722440944884
20
-3.8119393700787403
11
6.0460575196850392
21
-3.8101244094488189
0
LINE
8
BLACK
6
CONTINUOUS
10
6.0460575196850392
20
-3.8101244094488189
11
6.0453908661417319
21
-3.8084652755905513
0
LINE
8
BLACK
6
CONTINUOUS
10
6.0453908661417319
20
-3.8084652755905513
11
6.0448334251968499
21
-3.8071177559055118
0
LINE
8
BLACK
6
CONTINUOUS
10
6.0448334251968499
20
-3.8071177559055118
11
6.0444464566929135
21
-3.8062377559055118
0
LINE
8
BLACK
6
CONTINUOUS
10
6.0444464566929135
20
-3.8062377559055118
11
6.0443066141732285
21
-3.8059799212598424
0
LINE
8
BLACK
6
CONTINUOUS
10
6.0443066141732285
20
-3.8059799212598424
11
6.0440786220472438
21
-3.8062250393700787
0
LINE
8
BLACK
6
CONTINUOUS
10
6.0440786220472438
20
-3.8062250393700787
11
6.0436399212598424
21
-3.8070996850393701
0
LINE
8
BLACK
6
CONTINUOUS
10
6.0436399212598424
20
-3.8070996850393701
11
6.043040078740157
21
-3.8084901968503937
0
LINE
8
BLACK
6
CONTINUOUS
10
6.043040078740157
20
-3.8084901968503937
11
6.0423287401574806
21
-3.810282992125984
0
LINE
8
BLACK
6
CONTINUOUS
10
6.0423287401574806
20
-3.810282992125984
11
6.0417291732283465
21
-3.811885433070866
0
LINE
8
BLACK
6
CONTINUOUS
10
6.0417291732283465
20
-3.811885433070866
11
6.0409362992125981
21
-3.8139868503937007
0
LINE
8
BLACK
6
CONTINUOUS
10
6.0409362992125981
20
-3.8139868503937007
11
6.0401870866141731
21
-3.8158451574803149
0
LINE
8
BLACK
6
CONTINUOUS
10
6.0401870866141731
20
-3.8158451574803149
11
6.0395397244094484
21
-3.8173254330708661
0
LINE
8
BLACK
6
CONTINUOUS
10
6.0395397244094484
20
-3.8173254330708661
11
6.0390523228346451
21
-3.8182929133858265
0
LINE
8
BLACK
6
CONTINUOUS
10
6.0390523228346451
20
-3.8182929133858265
11
6.0388353937007873
21
-3.8185944881889764
0
LINE
8
BLACK
6
CONTINUOUS
10
6.0388353937007873
20
-3.8185944881889764
11
6.038297362204724
21
-3.818792716535433
0
LINE
8
BLACK
6
CONTINUOUS
10
6.038297362204724
20
-3.818792716535433
11
6.037214330708661
21
-3.8189365748031494
0
LINE
8
BLACK
6
CONTINUOUS
10
6.037214330708661
20
-3.8189365748031494
11
6.035520157480315
21
-3.819030275590551
0
LINE
8
BLACK
6
CONTINUOUS
10
6.035520157480315
20
-3.819030275590551
11
6.0331488188976374
21
-3.8190781102362203
0
LINE
8
BLACK
6
CONTINUOUS
10
6.0331488188976374
20
-3.8190781102362203
11
6.0312003149606301
21
-3.8190866141732283
0
LINE
8
BLACK
6
CONTINUOUS
10
6.0312003149606301
20
-3.8190866141732283
11
6.0289502362204725
21
-3.8191022834645669
0
LINE
8
BLACK
6
CONTINUOUS
10
6.0289502362204725
20
-3.8191022834645669
11
6.0270009448818893
21
-3.8191458661417323
0
LINE
8
BLACK
6
CONTINUOUS
10
6.0270009448818893
20
-3.8191458661417323
11
6.0254770472440944
21
-3.819212086614173
0
LINE
8
BLACK
6
CONTINUOUS
10
6.0254770472440944
20
-3.819212086614173
11
6.0245032283464566
21
-3.8192957086614174
0
LINE
8
BLACK
6
CONTINUOUS
10
6.0245032283464566
20
-3.8192957086614174
11
6.0242000787401571
21
-3.8193818897637795
0
LINE
8
BLACK
6
CONTINUOUS
10
6.0242000787401571
20
-3.8193818897637795
11
6.0245015354330711
21
-3.8197030314960627
0
LINE
8
BLACK
6
CONTINUOUS
10
5.8643464566929131
20
-3.8277480314960628
11
5.8917086614173231
21
-3.8277480314960628
0
LINE
8
BLACK
6
CONTINUOUS
10
5.8917086614173231
20
-3.8277480314960628
11
5.9190708661417322
21
-3.8277480314960628
0
LINE
8
BLACK
6
CONTINUOUS
10
5.9190708661417322
20
-3.8277480314960628
11
5.9190708661417322
21
-3.8192834645669289
0
LINE
8
BLACK
6
CONTINUOUS
10
5.9190708661417322
20
-3.8192834645669289
11
5.9190708661417322
21
-3.810818897637795
0
LINE
8
BLACK
6
CONTINUOUS
10
5.9190708661417322
20
-3.810818897637795
11
5.9021417322834644
21
-3.810818897637795
0
LINE
8
BLACK
6
CONTINUOUS
10
5.9021417322834644
20
-3.810818897637795
11
5.8852125984251966
21
-3.810818897637795
0
LINE
8
BLACK
6
CONTINUOUS
10
5.8852125984251966
20
-3.810818897637795
11
5.8852125984251966
21
-3.8005826771653544
0
LINE
8
BLACK
6
CONTINUOUS
10
5.8852125984251966
20
-3.8005826771653544
11
5.8852125984251966
21
-3.7903464566929133
0
LINE
8
BLACK
6
CONTINUOUS
10
5.8852125984251966
20
-3.7903464566929133
11
5.8999763779527559
21
-3.7903464566929133
0
LINE
8
BLACK
6
CONTINUOUS
10
5.8999763779527559
20
-3.7903464566929133
11
5.9147401574803151
21
-3.7903464566929133
0
LINE
8
BLACK
6
CONTINUOUS
10
5.9147401574803151
20
-3.7903464566929133
11
5.9147401574803151
21
-3.7818818897637794
0
LINE
8
BLACK
6
CONTINUOUS
10
5.9147401574803151
20
-3.7818818897637794
11
5.9147401574803151
21
-3.7734173228346455
0
LINE
8
BLACK
6
CONTINUOUS
10
5.9147401574803151
20
-3.7734173228346455
11
5.8999763779527559
21
-3.7734173228346455
0
LINE
8
BLACK
6
CONTINUOUS
10
5.8999763779527559
20
-3.7734173228346455
11
5.8852125984251966
21
-3.7734173228346455
0
LINE
8
BLACK
6
CONTINUOUS
10
5.8852125984251966
20
-3.7734173228346455
11
5.8852125984251966
21
-3.7633779527559055
0
LINE
8
BLACK
6
CONTINUOUS
10
5.8852125984251966
20
-3.7633779527559055
11
5.8852125984251966
21
-3.7533385826771655
0
LINE
8
BLACK
6
CONTINUOUS
10
5.8852125984251966
20
-3.7533385826771655
11
5.9011574803149607
21
-3.7533385826771655
0
LINE
8
BLACK
6
CONTINUOUS
10
5.9011574803149607
20
-3.7533385826771655
11
5.9171023622047239
21
-3.7533385826771655
0
LINE
8
BLACK
6
CONTINUOUS
10
5.9171023622047239
20
-3.7533385826771655
11
5.9171023622047239
21
-3.7448740157480316
0
LINE
8
BLACK
6
CONTINUOUS
10
5.9171023622047239
20
-3.7448740157480316
11
5.9171023622047239
21
-3.7366062992125983
0
LINE
8
BLACK
6
CONTINUOUS
10
5.9171023622047239
20
-3.7366062992125983
11
5.9171023622047239
21
-3.7364094488188977
0
LINE
8
BLACK
6
CONTINUOUS
10
5.9171023622047239
20
-3.7364094488188977
11
5.8907244094488185
21
-3.7364094488188977
0
LINE
8
BLACK
6
CONTINUOUS
10
5.8907244094488185
20
-3.7364094488188977
11
5.8643464566929131
21
-3.7364094488188977
0
LINE
8
BLACK
6
CONTINUOUS
10
5.8643464566929131
20
-3.7364094488188977
11
5.8643464566929131
21
-3.78207874015748
0
LINE
8
BLACK
6
CONTINUOUS
10
5.8643464566929131
20
-3.78207874015748
11
5.8643464566929131
21
-3.8277480314960628
0
LINE
8
BLACK
6
CONTINUOUS
10
6.046254921259842
20
-3.7611764173228344
11
6.0480425984251971
21
-3.762561377952756
0
LINE
8
BLACK
6
CONTINUOUS
10
6.0480425984251971
20
-3.762561377952756
11
6.049636496062992
21
-3.763804212598425
0
LINE
8
BLACK
6
CONTINUOUS
10
6.049636496062992
20
-3.763804212598425
11
6.0509212992125985
21
-3.7648144094488187
0
LINE
8
BLACK
6
CONTINUOUS
10
6.0509212992125985
20
-3.7648144094488187
11
6.0517818110236217
21
-3.7655014566929133
0
LINE
8
BLACK
6
CONTINUOUS
10
6.0517818110236217
20
-3.7655014566929133
11
6.0520764173228345
21
-3.7657475590551179
0
LINE
8
BLACK
6
CONTINUOUS
10
6.0520764173228345
20
-3.7657475590551179
11
6.0522333464566929
21
-3.7660406692913386
0
LINE
8
BLACK
6
CONTINUOUS
10
6.0522333464566929
20
-3.7660406692913386
11
6.0522495275590549
21
-3.7665844881889763
0
LINE
8
BLACK
6
CONTINUOUS
10
6.0522495275590549
20
-3.7665844881889763
11
6.052103897637795
21
-3.7674803937007875
0
LINE
8
BLACK
6
CONTINUOUS
10
6.052103897637795
20
-3.7674803937007875
11
6.0517754330708664
21
-3.7688297637795274
0
LINE
8
BLACK
6
CONTINUOUS
10
6.0517754330708664
20
-3.7688297637795274
11
6.051243031496063
21
-3.7707340157480314
0
LINE
8
BLACK
6
CONTINUOUS
10
6.051243031496063
20
-3.7707340157480314
11
6.0505629133858267
21
-3.7730369291338581
0
LINE
8
BLACK
6
CONTINUOUS
10
6.0505629133858267
20
-3.7730369291338581
11
6.0498962992125982
21
-3.7752552755905513
0
LINE
8
BLACK
6
CONTINUOUS
10
6.0498962992125982
20
-3.7752552755905513
11
6.0492981496062992
21
-3.777230866141732
0
LINE
8
BLACK
6
CONTINUOUS
10
6.0492981496062992
20
-3.777230866141732
11
6.0488087007874016
21
-3.7788321653543306
0
LINE
8
BLACK
6
CONTINUOUS
10
6.0488087007874016
20
-3.7788321653543306
11
6.0484680314960633
21
-3.7799277952755905
0
LINE
8
BLACK
6
CONTINUOUS
10
6.0484680314960633
20
-3.7799277952755905
11
6.0483223228346459
21
-3.7803716141732284
0
LINE
8
BLACK
6
CONTINUOUS
10
6.0483223228346459
20
-3.7803716141732284
11
6.0482687401574804
21
-3.7808412204724409
0
LINE
8
BLACK
6
CONTINUOUS
10
6.0482687401574804
20
-3.7808412204724409
11
6.0483503543307089
21
-3.7808976377952757
0
LINE
8
BLACK
6
CONTINUOUS
10
6.0483503543307089
20
-3.7808976377952757
11
6.0487286220472436
21
-3.7806806692913386
0
LINE
8
BLACK
6
CONTINUOUS
10
6.0487286220472436
20
-3.7806806692913386
11
6.0496447637795274
21
-3.7800767322834643
0
LINE
8
BLACK
6
CONTINUOUS
10
6.0496447637795274
20
-3.7800767322834643
11
6.0509955118110232
21
-3.7791561417322832
0
LINE
8
BLACK
6
CONTINUOUS
10
6.0509955118110232
20
-3.7791561417322832
11
6.0526777559055116
21
-3.7779892519685037
0
LINE
8
BLACK
6
CONTINUOUS
10
6.0526777559055116
20
-3.7779892519685037
11
6.0545883464566925
21
-3.7766464173228345
0
LINE
8
BLACK
6
CONTINUOUS
10
6.0545883464566925
20
-3.7766464173228345
11
6.0547007874015746
21
-3.7765669291338582
0
LINE
8
BLACK
6
CONTINUOUS
10
6.0547007874015746
20
-3.7765669291338582
11
6.0566136614173223
21
-3.7752178740157478
0
LINE
8
BLACK
6
CONTINUOUS
10
6.0566136614173223
20
-3.7752178740157478
11
6.0582954724409444
21
-3.7740402755905511
0
LINE
8
BLACK
6
CONTINUOUS
10
6.0582954724409444
20
-3.7740402755905511
11
6.0596450787401572
21
-3.7731042125984251
0
LINE
8
BLACK
6
CONTINUOUS
10
6.0596450787401572
20
-3.7731042125984251
11
6.0605614173228348
21
-3.7724798031496061
0
LINE
8
BLACK
6
CONTINUOUS
10
6.0605614173228348
20
-3.7724798031496061
11
6.0609434251968501
21
-3.7722370866141732
0
LINE
8
BLACK
6
CONTINUOUS
10
6.0609434251968501
20
-3.7722370866141732
11
6.0609472440944883
21
-3.7722362204724407
0
LINE
8
BLACK
6
CONTINUOUS
10
6.0609472440944883
20
-3.7722362204724407
11
6.0612914566929135
21
-3.7724538976377953
0
LINE
8
BLACK
6
CONTINUOUS
10
6.0612914566929135
20
-3.7724538976377953
11
6.0621743700787398
21
-3.7730598425196851
0
LINE
8
BLACK
6
CONTINUOUS
10
6.0621743700787398
20
-3.7730598425196851
11
6.0634948818897634
21
-3.773983346456693
0
LINE
8
BLACK
6
CONTINUOUS
10
6.0634948818897634
20
-3.773983346456693
11
6.0651518897637793
21
-3.7751536614173227
0
LINE
8
BLACK
6
CONTINUOUS
10
6.0651518897637793
20
-3.7751536614173227
11
6.0670443307086614
21
-3.7765000393700787
0
LINE
8
BLACK
6
CONTINUOUS
10
6.0670443307086614
20
-3.7765000393700787
11
6.0671387401574801
21
-3.7765674409448819
0
LINE
8
BLACK
6
CONTINUOUS
10
6.0671387401574801
20
-3.7765674409448819
11
6.069033307086614
21
-3.7779017322834645
0
LINE
8
BLACK
6
CONTINUOUS
10
6.069033307086614
20
-3.7779017322834645
11
6.0706966141732286
21
-3.779037716535433
0
LINE
8
BLACK
6
CONTINUOUS
10
6.0706966141732286
20
-3.779037716535433
11
6.0720288976377947
21
-3.7799101968503934
0
LINE
8
BLACK
6
CONTINUOUS
10
6.0720288976377947
20
-3.7799101968503934
11
6.0729303543307083
21
-3.780453937007874
0
LINE
8
BLACK
6
CONTINUOUS
10
6.0729303543307083
20
-3.780453937007874
11
6.0733011417322835
21
-3.7806036614173228
0
LINE
8
BLACK
6
CONTINUOUS
10
6.0733011417322835
20
-3.7806036614173228
11
6.0733044094488191
21
-3.7805984645669288
0
LINE
8
BLACK
6
CONTINUOUS
10
6.0733044094488191
20
-3.7805984645669288
11
6.073232362204724
21
-3.7801410629921257
0
LINE
8
BLACK
6
CONTINUOUS
10
6.073232362204724
20
-3.7801410629921257
11
6.0729709842519686
21
-3.7790541732283462
0
LINE
8
BLACK
6
CONTINUOUS
10
6.0729709842519686
20
-3.7790541732283462
11
6.072553307086614
21
-3.7774637401574802
0
LINE
8
BLACK
6
CONTINUOUS
10
6.072553307086614
20
-3.7774637401574802
11
6.0720122834645665
21
-3.7754956692913386
0
LINE
8
BLACK
6
CONTINUOUS
10
6.0720122834645665
20
-3.7754956692913386
11
6.0714345275590551
21
-3.7734615354330709
0
LINE
8
BLACK
6
CONTINUOUS
10
6.0714345275590551
20
-3.7734615354330709
11
6.0708038188976374
21
-3.7712575590551181
0
LINE
8
BLACK
6
CONTINUOUS
10
6.0708038188976374
20
-3.7712575590551181
11
6.0702567716535434
21
-3.7693169291338582
0
LINE
8
BLACK
6
CONTINUOUS
10
6.0702567716535434
20
-3.7693169291338582
11
6.0698281496062991
21
-3.7677653937007873
0
LINE
8
BLACK
6
CONTINUOUS
10
6.0698281496062991
20
-3.7677653937007873
11
6.0695527165354326
21
-3.7667287401574803
0
LINE
8
BLACK
6
CONTINUOUS
10
6.0695527165354326
20
-3.7667287401574803
11
6.0694645669291338
21
-3.7663380314960628
0
LINE
8
BLACK
6
CONTINUOUS
10
6.0694645669291338
20
-3.7663380314960628
11
6.0697594094488192
21
-3.7660120866141731
0
LINE
8
BLACK
6
CONTINUOUS
10
6.0697594094488192
20
-3.7660120866141731
11
6.0705704330708663
21
-3.7652977952755906
0
LINE
8
BLACK
6
CONTINUOUS
10
6.0705704330708663
20
-3.7652977952755906
11
6.0717874803149607
21
-3.76428374015748
0
LINE
8
BLACK
6
CONTINUOUS
10
6.0717874803149607
20
-3.76428374015748
11
6.073300275590551
21
-3.763058622047244
0
LINE
8
BLACK
6
CONTINUOUS
10
6.073300275590551
20
-3.763058622047244
11
6.0749985826771651
21
-3.7617111417322833
0
LINE
8
BLACK
6
CONTINUOUS
10
6.0749985826771651
20
-3.7617111417322833
11
6.0767722440944878
21
-3.7603299212598422
0
LINE
8
BLACK
6
CONTINUOUS
10
6.0767722440944878
20
-3.7603299212598422
11
6.0785110236220472
21
-3.7590037007874013
0
LINE
8
BLACK
6
CONTINUOUS
10
6.0785110236220472
20
-3.7590037007874013
11
6.0794945275590546
21
-3.7582690944881887
0
LINE
8
BLACK
6
CONTINUOUS
10
6.0794945275590546
20
-3.7582690944881887
11
6.08107874015748
21
-3.7570972440944881
0
LINE
8
BLACK
6
CONTINUOUS
10
6.08107874015748
20
-3.7570972440944881
11
6.0793070866141727
21
-3.7568218897637795
0
LINE
8
BLACK
6
CONTINUOUS
10
6.0793070866141727
20
-3.7568218897637795
11
6.078262598425197
21
-3.7567192519685038
0
LINE
8
BLACK
6
CONTINUOUS
10
6.078262598425197
20
-3.7567192519685038
11
6.076632519685039
21
-3.7566295669291336
0
LINE
8
BLACK
6
CONTINUOUS
10
6.076632519685039
20
-3.7566295669291336
11
6.074618464566929
21
-3.756561023622047
0
LINE
8
BLACK
6
CONTINUOUS
10
6.074618464566929
20
-3.756561023622047
11
6.0724222047244094
21
-3.7565218503937006
0
LINE
8
BLACK
6
CONTINUOUS
10
6.0724222047244094
20
-3.7565218503937006
11
6.0718211811023624
21
-3.7565173622047245
0
LINE
8
BLACK
6
CONTINUOUS
10
6.0718211811023624
20
-3.7565173622047245
11
6.066106968503937
21
-3.7564881889763777
0
LINE
8
BLACK
6
CONTINUOUS
10
6.066106968503937
20
-3.7564881889763777
11
6.0635963779527557
21
-3.7497720472440945
0
LINE
8
BLACK
6
CONTINUOUS
10
6.0635963779527557
20
-3.7497720472440945
11
6.0627869685039366
21
-3.7476611811023619
0
LINE
8
BLACK
6
CONTINUOUS
10
6.0627869685039366
20
-3.7476611811023619
11
6.06205594488189
21
-3.7458571259842519
0
LINE
8
BLACK
6
CONTINUOUS
10
6.06205594488189
20
-3.7458571259842519
11
6.0614509448818898
21
-3.7444690157480314
0
LINE
8
BLACK
6
CONTINUOUS
10
6.0614509448818898
20
-3.7444690157480314
11
6.0610194094488188
21
-3.7436060629921259
0
LINE
8
BLACK
6
CONTINUOUS
10
6.0610194094488188
20
-3.7436060629921259
11
6.060811141732283
21
-3.7433744094488186
0
LINE
8
BLACK
6
CONTINUOUS
10
6.060811141732283
20
-3.7433744094488186
11
6.0605926771653538
21
-3.7438334645669289
0
LINE
8
BLACK
6
CONTINUOUS
10
6.0605926771653538
20
-3.7438334645669289
11
6.0601588976377947
21
-3.7449065354330706
0
LINE
8
BLACK
6
CONTINUOUS
10
6.0601588976377947
20
-3.7449065354330706
11
6.0595590157480315
21
-3.7464661023622048
0
LINE
8
BLACK
6
CONTINUOUS
10
6.0595590157480315
20
-3.7464661023622048
11
6.058842401574803
21
-3.7483845275590548
0
LINE
8
BLACK
6
CONTINUOUS
10
6.058842401574803
20
-3.7483845275590548
11
6.0582185826771653
21
-3.7500905511811022
0
LINE
8
BLACK
6
CONTINUOUS
10
6.0582185826771653
20
-3.7500905511811022
11
6.0559006299212594
21
-3.7564881889763777
0
LINE
8
BLACK
6
CONTINUOUS
10
6.0559006299212594
20
-3.7564881889763777
11
6.0499857480314958
21
-3.7565108661417321
0
LINE
8
BLACK
6
CONTINUOUS
10
6.0499857480314958
20
-3.7565108661417321
11
6.0477666535433068
21
-3.7565373228346455
0
LINE
8
BLACK
6
CONTINUOUS
10
6.0477666535433068
20
-3.7565373228346455
11
6.0457014173228343
21
-3.7565946456692911
0
LINE
8
BLACK
6
CONTINUOUS
10
6.0457014173228343
20
-3.7565946456692911
11
6.0439780314960627
21
-3.7566752362204725
0
LINE
8
BLACK
6
CONTINUOUS
10
6.0439780314960627
20
-3.7566752362204725
11
6.0427844488188978
21
-3.7567716141732284
0
LINE
8
BLACK
6
CONTINUOUS
10
6.0427844488188978
20
-3.7567716141732284
11
6.0425147637795273
21
-3.7568097637795277
0
LINE
8
BLACK
6
CONTINUOUS
10
6.0425147637795273
20
-3.7568097637795277
11
6.0409586614173225
21
-3.7570859842519684
0
LINE
8
BLACK
6
CONTINUOUS
10
6.0409586614173225
20
-3.7570859842519684
11
6.046254921259842
21
-3.7611764173228344
0
LINE
8
BLACK
6
CONTINUOUS
10
5.7967578346456694
20
-3.7615287795275592
11
5.798586141732283
21
-3.762961377952756
0
LINE
8
BLACK
6
CONTINUOUS
10
5.798586141732283
20
-3.762961377952756
11
5.800176181102362
21
-3.7642538582677165
0
LINE
8
BLACK
6
CONTINUOUS
10
5.800176181102362
20
-3.7642538582677165
11
5.8014296850393698
21
-3.7653224803149605
0
LINE
8
BLACK
6
CONTINUOUS
10
5.8014296850393698
20
-3.7653224803149605
11
5.8022483858267719
21
-3.7660835039370077
0
LINE
8
BLACK
6
CONTINUOUS
10
5.8022483858267719
20
-3.7660835039370077
11
5.802534173228346
21
-3.7664500393700786
0
LINE
8
BLACK
6
CONTINUOUS
10
5.802534173228346
20
-3.7664500393700786
11
5.8024261811023621
21
-3.7669244881889763
0
LINE
8
BLACK
6
CONTINUOUS
10
5.8024261811023621
20
-3.7669244881889763
11
5.8021322047244093
21
-3.7680032283464566
0
LINE
8
BLACK
6
CONTINUOUS
10
5.8021322047244093
20
-3.7680032283464566
11
5.8016961417322834
21
-3.7695375590551179
0
LINE
8
BLACK
6
CONTINUOUS
10
5.8016961417322834
20
-3.7695375590551179
11
5.8011620078740158
21
-3.7713787401574801
0
LINE
8
BLACK
6
CONTINUOUS
10
5.8011620078740158
20
-3.7713787401574801
11
5.8005736614173227
21
-3.773377992125984
0
LINE
8
BLACK
6
CONTINUOUS
10
5.8005736614173227
20
-3.773377992125984
11
5.7999750787401574
21
-3.7753866141732284
0
LINE
8
BLACK
6
CONTINUOUS
10
5.7999750787401574
20
-3.7753866141732284
11
5.7994102362204725
21
-3.7772558267716536
0
LINE
8
BLACK
6
CONTINUOUS
10
5.7994102362204725
20
-3.7772558267716536
11
5.7989230314960629
21
-3.7788368897637796
0
LINE
8
BLACK
6
CONTINUOUS
10
5.7989230314960629
20
-3.7788368897637796
11
5.7985574409448821
21
-3.779981062992126
0
LINE
8
BLACK
6
CONTINUOUS
10
5.7985574409448821
20
-3.779981062992126
11
5.7984112598425197
21
-3.7804055118110234
0
LINE
8
BLACK
6
CONTINUOUS
10
5.7984112598425197
20
-3.7804055118110234
11
5.7983751968503938
21
-3.7808533464566927
0
LINE
8
BLACK
6
CONTINUOUS
10
5.7983751968503938
20
-3.7808533464566927
11
5.7984499606299211
21
-3.7808976377952757
0
LINE
8
BLACK
6
CONTINUOUS
10
5.7984499606299211
20
-3.7808976377952757
11
5.7988255905511812
21
-3.7806811023622044
0
LINE
8
BLACK
6
CONTINUOUS
10
5.7988255905511812
20
-3.7806811023622044
11
5.7997396456692911
21
-3.780078307086614
0
LINE
8
BLACK
6
CONTINUOUS
10
5.7997396456692911
20
-3.780078307086614
11
5.8010891338582677
21
-3.779159527559055
0
LINE
8
BLACK
6
CONTINUOUS
10
5.8010891338582677
20
-3.779159527559055
11
5.8027709055118111
21
-3.7779949212598423
0
LINE
8
BLACK
6
CONTINUOUS
10
5.8027709055118111
20
-3.7779949212598423
11
5.8046818897637795
21
-3.7766548031496061
0
LINE
8
BLACK
6
CONTINUOUS
10
5.8046818897637795
20
-3.7766548031496061
11
5.8047919291338586
21
-3.7765772047244095
0
LINE
8
BLACK
6
CONTINUOUS
10
5.8047919291338586
20
-3.7765772047244095
11
5.8069188976377948
21
-3.77508
0
LINE
8
BLACK
6
CONTINUOUS
10
5.8069188976377948
20
-3.77508
11
5.8085031102362201
21
-3.7739864173228344
0
LINE
8
BLACK
6
CONTINUOUS
10
5.8085031102362201
20
-3.7739864173228344
11
5.8096442519685034
21
-3.7732448818897635
0
LINE
8
BLACK
6
CONTINUOUS
10
5.8096442519685034
20
-3.7732448818897635
11
5.8104420472440941
21
-3.7728037795275591
0
LINE
8
BLACK
6
CONTINUOUS
10
5.8104420472440941
20
-3.7728037795275591
11
5.8109961811023618
21
-3.7726115354330707
0
LINE
8
BLACK
6
CONTINUOUS
10
5.8109961811023618
20
-3.7726115354330707
11
5.8114064173228348
21
-3.772616535433071
0
LINE
8
BLACK
6
CONTINUOUS
10
5.8114064173228348
20
-3.772616535433071
11
5.8117724015748031
21
-3.7727671653543307
0
LINE
8
BLACK
6
CONTINUOUS
10
5.8117724015748031
20
-3.7727671653543307
11
5.8119537401574801
21
-3.7728713385826769
0
LINE
8
BLACK
6
CONTINUOUS
10
5.8119537401574801
20
-3.7728713385826769
11
5.812628307086614
21
-3.7733090157480316
0
LINE
8
BLACK
6
CONTINUOUS
10
5.812628307086614
20
-3.7733090157480316
11
5.813803622047244
21
-3.7741113779527558
0
LINE
8
BLACK
6
CONTINUOUS
10
5.813803622047244
20
-3.7741113779527558
11
5.8153416929133854
21
-3.7751825984251965
0
LINE
8
BLACK
6
CONTINUOUS
10
5.8153416929133854
20
-3.7751825984251965
11
5.8171044488188972
21
-3.7764270078740156
0
LINE
8
BLACK
6
CONTINUOUS
10
5.8171044488188972
20
-3.7764270078740156
11
5.818099409448819
21
-3.7771359448818895
0
LINE
8
BLACK
6
CONTINUOUS
10
5.818099409448819
20
-3.7771359448818895
11
5.8198276771653541
21
-3.7783413779527559
0
LINE
8
BLACK
6
CONTINUOUS
10
5.8198276771653541
20
-3.7783413779527559
11
5.8213191338582675
21
-3.779324212598425
0
LINE
8
BLACK
6
CONTINUOUS
10
5.8213191338582675
20
-3.779324212598425
11
5.8224651574803152
21
-3.7800174803149607
0
LINE
8
BLACK
6
CONTINUOUS
10
5.8224651574803152
20
-3.7800174803149607
11
5.8231570472440941
21
-3.7803541732283463
0
LINE
8
BLACK
6
CONTINUOUS
10
5.8231570472440941
20
-3.7803541732283463
11
5.8233118897637794
21
-3.7803496456692911
0
LINE
8
BLACK
6
CONTINUOUS
10
5.8233118897637794
20
-3.7803496456692911
11
5.823242440944882
21
-3.7798472047244092
0
LINE
8
BLACK
6
CONTINUOUS
10
5.823242440944882
20
-3.7798472047244092
11
5.82298405511811
21
-3.7787177952755906
0
LINE
8
BLACK
6
CONTINUOUS
10
5.82298405511811
20
-3.7787177952755906
11
5.8225694488188973
21
-3.7770901181102361
0
LINE
8
BLACK
6
CONTINUOUS
10
5.8225694488188973
20
-3.7770901181102361
11
5.8220312992125987
21
-3.7750927952755906
0
LINE
8
BLACK
6
CONTINUOUS
10
5.8220312992125987
20
-3.7750927952755906
11
5.8214506692913384
21
-3.7730236220472442
0
LINE
8
BLACK
6
CONTINUOUS
10
5.8214506692913384
20
-3.7730236220472442
11
5.8207344094488187
21
-3.77046968503937
0
LINE
8
BLACK
6
CONTINUOUS
10
5.8207344094488187
20
-3.77046968503937
11
5.8202379133858271
21
-3.7685729133858268
0
LINE
8
BLACK
6
CONTINUOUS
10
5.8202379133858271
20
-3.7685729133858268
11
5.8199425196850392
21
-3.767240118110236
0
LINE
8
BLACK
6
CONTINUOUS
10
5.8199425196850392
20
-3.767240118110236
11
5.8198294094488183
21
-3.7663780314960631
0
LINE
8
BLACK
6
CONTINUOUS
10
5.8198294094488183
20
-3.7663780314960631
11
5.8198798818897632
21
-3.7658934645669291
0
LINE
8
BLACK
6
CONTINUOUS
10
5.8198798818897632
20
-3.7658934645669291
11
5.819987086614173
21
-3.7657401574803147
0
LINE
8
BLACK
6
CONTINUOUS
10
5.819987086614173
20
-3.7657401574803147
11
5.820460433070866
21
-3.7653734251968505
0
LINE
8
BLACK
6
CONTINUOUS
10
5.820460433070866
20
-3.7653734251968505
11
5.8214381102362207
21
-3.7646176377952756
0
LINE
8
BLACK
6
CONTINUOUS
10
5.8214381102362207
20
-3.7646176377952756
11
5.8228011023622042
21
-3.7635648031496061
0
LINE
8
BLACK
6
CONTINUOUS
10
5.8228011023622042
20
-3.7635648031496061
11
5.8244303937007871
21
-3.7623067716535434
0
LINE
8
BLACK
6
CONTINUOUS
10
5.8244303937007871
20
-3.7623067716535434
11
5.8254680314960625
21
-3.7615058661417322
0
LINE
8
BLACK
6
CONTINUOUS
10
5.8254680314960625
20
-3.7615058661417322
11
5.8271765748031497
21
-3.7601749212598423
0
LINE
8
BLACK
6
CONTINUOUS
10
5.8271765748031497
20
-3.7601749212598423
11
5.8286631496062995
21
-3.7589935826771654
0
LINE
8
BLACK
6
CONTINUOUS
10
5.8286631496062995
20
-3.7589935826771654
11
5.829815787401575
21
-3.7580527952755904
0
LINE
8
BLACK
6
CONTINUOUS
10
5.829815787401575
20
-3.7580527952755904
11
5.8305223622047242
21
-3.7574433858267717
0
LINE
8
BLACK
6
CONTINUOUS
10
5.8305223622047242
20
-3.7574433858267717
11
5.83068625984252
21
-3.7572735826771653
0
LINE
8
BLACK
6
CONTINUOUS
10
5.83068625984252
20
-3.7572735826771653
11
5.8307840157480317
21
-3.7571212992125984
0
LINE
8
BLACK
6
CONTINUOUS
10
5.8307840157480317
20
-3.7571212992125984
11
5.8307974015748032
21
-3.7570058267716533
0
LINE
8
BLACK
6
CONTINUOUS
10
5.8307974015748032
20
-3.7570058267716533
11
5.8306289370078739
21
-3.7569177559055116
0
LINE
8
BLACK
6
CONTINUOUS
10
5.8306289370078739
20
-3.7569177559055116
11
5.830181023622047
21
-3.7568477165354328
0
LINE
8
BLACK
6
CONTINUOUS
10
5.830181023622047
20
-3.7568477165354328
11
5.829356220472441
21
-3.756786338582677
0
LINE
8
BLACK
6
CONTINUOUS
10
5.829356220472441
20
-3.756786338582677
11
5.8280568897637792
21
-3.756724251968504
0
LINE
8
BLACK
6
CONTINUOUS
10
5.8280568897637792
20
-3.756724251968504
11
5.8261855511811023
21
-3.7566520472440943
0
LINE
8
BLACK
6
CONTINUOUS
10
5.8261855511811023
20
-3.7566520472440943
11
5.8236446456692912
21
-3.7565603543307087
0
LINE
8
BLACK
6
CONTINUOUS
10
5.8236446456692912
20
-3.7565603543307087
11
5.8230412598425199
21
-3.7565386220472439
0
LINE
8
BLACK
6
CONTINUOUS
10
5.8230412598425199
20
-3.7565386220472439
11
5.8161849212598424
21
-3.7562913385826771
0
LINE
8
BLACK
6
CONTINUOUS
10
5.8161849212598424
20
-3.7562913385826771
11
5.8137756299212597
21
-3.7499127952755904
0
LINE
8
BLACK
6
CONTINUOUS
10
5.8137756299212597
20
-3.7499127952755904
11
5.8129762992125986
21
-3.7478166141732281
0
LINE
8
BLACK
6
CONTINUOUS
10
5.8129762992125986
20
-3.7478166141732281
11
5.8122632677165349
21
-3.7459842519685038
0
LINE
8
BLACK
6
CONTINUOUS
10
5.8122632677165349
20
-3.7459842519685038
11
5.8116860236220473
21
-3.7445400787401573
0
LINE
8
BLACK
6
CONTINUOUS
10
5.8116860236220473
20
-3.7445400787401573
11
5.8112941732283465
21
-3.7436083464566927
0
LINE
8
BLACK
6
CONTINUOUS
10
5.8112941732283465
20
-3.7436083464566927
11
5.8111464173228349
21
-3.7433143700787399
0
LINE
8
BLACK
6
CONTINUOUS
10
5.8111464173228349
20
-3.7433143700787399
11
5.8109483464566924
21
-3.7435932677165353
0
LINE
8
BLACK
6
CONTINUOUS
10
5.8109483464566924
20
-3.7435932677165353
11
5.8105313779527554
21
-3.7445018503937009
0
LINE
8
BLACK
6
CONTINUOUS
10
5.8105313779527554
20
-3.7445018503937009
11
5.8099417322834643
21
-3.7459284251968503
0
LINE
8
BLACK
6
CONTINUOUS
10
5.8099417322834643
20
-3.7459284251968503
11
5.8092257086614172
21
-3.7477612992125984
0
LINE
8
BLACK
6
CONTINUOUS
10
5.8092257086614172
20
-3.7477612992125984
11
5.8084652755905513
21
-3.7497912992125984
0
LINE
8
BLACK
6
CONTINUOUS
10
5.8084652755905513
20
-3.7497912992125984
11
5.8060040944881885
21
-3.7564881889763777
0
LINE
8
BLACK
6
CONTINUOUS
10
5.8060040944881885
20
-3.7564881889763777
11
5.8004311811023621
21
-3.7565226771653544
0
LINE
8
BLACK
6
CONTINUOUS
10
5.8004311811023621
20
-3.7565226771653544
11
5.7982231889763778
21
-3.756554212598425
0
LINE
8
BLACK
6
CONTINUOUS
10
5.7982231889763778
20
-3.756554212598425
11
5.7961210236220468
21
-3.7566161023622047
0
LINE
8
BLACK
6
CONTINUOUS
10
5.7961210236220468
20
-3.7566161023622047
11
5.7943376771653545
21
-3.7567000393700787
0
LINE
8
BLACK
6
CONTINUOUS
10
5.7943376771653545
20
-3.7567000393700787
11
5.7930862598425197
21
-3.7567975984251967
0
LINE
8
BLACK
6
CONTINUOUS
10
5.7930862598425197
20
-3.7567975984251967
11
5.7929192519685042
21
-3.7568179527559056
0
LINE
8
BLACK
6
CONTINUOUS
10
5.7929192519685042
20
-3.7568179527559056
11
5.7909802755905506
21
-3.7570787401574801
0
LINE
8
BLACK
6
CONTINUOUS
10
5.7909802755905506
20
-3.7570787401574801
11
5.7967578346456694
21
-3.7615287795275592
0
LINE
8
BLACK
6
CONTINUOUS
10
5.9470236220472437
20
-3.7253858267716535
11
5.9543070866141727
21
-3.7253858267716535
0
LINE
8
BLACK
6
CONTINUOUS
10
5.9543070866141727
20
-3.7253858267716535
11
5.9615905511811018
21
-3.7253858267716535
0
LINE
8
BLACK
6
CONTINUOUS
10
5.9615905511811018
20
-3.7253858267716535
11
5.9615905511811018
21
-3.7230236220472439
0
LINE
8
BLACK
6
CONTINUOUS
10
5.9615905511811018
20
-3.7230236220472439
11
5.9615905511811018
21
-3.7206614173228347
0
LINE
8
BLACK
6
CONTINUOUS
10
5.9615905511811018
20
-3.7206614173228347
11
5.9570629921259846
21
-3.7206614173228347
0
LINE
8
BLACK
6
CONTINUOUS
10
5.9570629921259846
20
-3.7206614173228347
11
5.9525354330708664
21
-3.7206614173228347
0
LINE
8
BLACK
6
CONTINUOUS
10
5.9525354330708664
20
-3.7206614173228347
11
5.9525354330708664
21
-3.7181023622047245
0
LINE
8
BLACK
6
CONTINUOUS
10
5.9525354330708664
20
-3.7181023622047245
11
5.9525354330708664
21
-3.7155433070866142
0
LINE
8
BLACK
6
CONTINUOUS
10
5.9525354330708664
20
-3.7155433070866142
11
5.9564724409448822
21
-3.7155433070866142
0
LINE
8
BLACK
6
CONTINUOUS
10
5.9564724409448822
20
-3.7155433070866142
11
5.9604094488188979
21
-3.7155433070866142
0
LINE
8
BLACK
6
CONTINUOUS
10
5.9604094488188979
20
-3.7155433070866142
11
5.9604094488188979
21
-3.7131811023622046
0
LINE
8
BLACK
6
CONTINUOUS
10
5.9604094488188979
20
-3.7131811023622046
11
5.9604094488188979
21
-3.7108188976377954
0
LINE
8
BLACK
6
CONTINUOUS
10
5.9604094488188979
20
-3.7108188976377954
11
5.9564724409448822
21
-3.7108188976377954
0
LINE
8
BLACK
6
CONTINUOUS
10
5.9564724409448822
20
-3.7108188976377954
11
5.9525354330708664
21
-3.7108188976377954
0
LINE
8
BLACK
6
CONTINUOUS
10
5.9525354330708664
20
-3.7108188976377954
11
5.9525354330708664
21
-3.7082598425196851
0
LINE
8
BLACK
6
CONTINUOUS
10
5.9525354330708664
20
-3.7082598425196851
11
5.9525354330708664
21
-3.7057007874015748
0
LINE
8
BLACK
6
CONTINUOUS
10
5.9525354330708664
20
-3.7057007874015748
11
5.9568661417322835
21
-3.7057007874015748
0
LINE
8
BLACK
6
CONTINUOUS
10
5.9568661417322835
20
-3.7057007874015748
11
5.9611968503937005
21
-3.7057007874015748
0
LINE
8
BLACK
6
CONTINUOUS
10
5.9611968503937005
20
-3.7057007874015748
11
5.9611968503937005
21
-3.7033385826771652
0
LINE
8
BLACK
6
CONTINUOUS
10
5.9611968503937005
20
-3.7033385826771652
11
5.9611968503937005
21
-3.700976377952756
0
LINE
8
BLACK
6
CONTINUOUS
10
5.9611968503937005
20
-3.700976377952756
11
5.9541102362204725
21
-3.700976377952756
0
LINE
8
BLACK
6
CONTINUOUS
10
5.9541102362204725
20
-3.700976377952756
11
5.9470236220472437
21
-3.700976377952756
0
LINE
8
BLACK
6
CONTINUOUS
10
5.9470236220472437
20
-3.700976377952756
11
5.9470236220472437
21
-3.7131811023622046
0
LINE
8
BLACK
6
CONTINUOUS
10
5.9470236220472437
20
-3.7131811023622046
11
5.9470236220472437
21
-3.7253858267716535
0
LINE
8
BLACK
6
CONTINUOUS
10
5.9745826771653539
20
-3.7253858267716535
11
5.9775354330708659
21
-3.7253858267716535
0
LINE
8
BLACK
6
CONTINUOUS
10
5.9775354330708659
20
-3.7253858267716535
11
5.9804881889763779
21
-3.7253858267716535
0
LINE
8
BLACK
6
CONTINUOUS
10
5.9804881889763779
20
-3.7253858267716535
11
5.9804881889763779
21
-3.7131811023622046
0
LINE
8
BLACK
6
CONTINUOUS
10
5.9804881889763779
20
-3.7131811023622046
11
5.9804881889763779
21
-3.700976377952756
0
LINE
8
BLACK
6
CONTINUOUS
10
5.9804881889763779
20
-3.700976377952756
11
5.9775354330708659
21
-3.700976377952756
0
LINE
8
BLACK
6
CONTINUOUS
10
5.9775354330708659
20
-3.700976377952756
11
5.9745826771653539
21
-3.700976377952756
0
LINE
8
BLACK
6
CONTINUOUS
10
5.9745826771653539
20
-3.700976377952756
11
5.9745826771653539
21
-3.7131811023622046
0
LINE
8
BLACK
6
CONTINUOUS
10
5.9745826771653539
20
-3.7131811023622046
11
5.9745826771653539
21
-3.7253858267716535
0
LINE
8
BLACK
6
CONTINUOUS
10
5.9856062992125985
20
-3.7253858267716535
11
5.9883622047244094
21
-3.7253858267716535
0
LINE
8
BLACK
6
CONTINUOUS
10
5.9883622047244094
20
-3.7253858267716535
11
5.9911181102362203
21
-3.7253858267716535
0
LINE
8
BLACK
6
CONTINUOUS
10
5.9911181102362203
20
-3.7253858267716535
11
5.9911253543307081
21
-3.7172165354330708
0
LINE
8
BLACK
6
CONTINUOUS
10
5.9911253543307081
20
-3.7172165354330708
11
5.9911326377952756
21
-3.7090472440944882
0
LINE
8
BLACK
6
CONTINUOUS
10
5.9911326377952756
20
-3.7090472440944882
11
5.996532874015748
21
-3.7172165354330708
0
LINE
8
BLACK
6
CONTINUOUS
10
5.996532874015748
20
-3.7172165354330708
11
6.0019331496062991
21
-3.7253858267716535
0
LINE
8
BLACK
6
CONTINUOUS
10
6.0019331496062991
20
-3.7253858267716535
11
6.0047933464566929
21
-3.7253858267716535
0
LINE
8
BLACK
6
CONTINUOUS
10
6.0047933464566929
20
-3.7253858267716535
11
6.0076535433070868
21
-3.7253858267716535
0
LINE
8
BLACK
6
CONTINUOUS
10
6.0076535433070868
20
-3.7253858267716535
11
6.0076535433070868
21
-3.7131811023622046
0
LINE
8
BLACK
6
CONTINUOUS
10
6.0076535433070868
20
-3.7131811023622046
11
6.0076535433070868
21
-3.700976377952756
0
LINE
8
BLACK
6
CONTINUOUS
10
6.0076535433070868
20
-3.700976377952756
11
6.0048976377952759
21
-3.700976377952756
0
LINE
8
BLACK
6
CONTINUOUS
10
6.0048976377952759
20
-3.700976377952756
11
6.002141732283464
21
-3.700976377952756
0
LINE
8
BLACK
6
CONTINUOUS
10
6.002141732283464
20
-3.700976377952756
11
6.002141732283464
21
-3.7089057874015747
0
LINE
8
BLACK
6
CONTINUOUS
10
6.002141732283464
20
-3.7089057874015747
11
6.002141732283464
21
-3.7168351968503934
0
LINE
8
BLACK
6
CONTINUOUS
10
6.002141732283464
20
-3.7168351968503934
11
5.996982047244094
21
-3.7089057874015747
0
LINE
8
BLACK
6
CONTINUOUS
10
5.996982047244094
20
-3.7089057874015747
11
5.9918224015748027
21
-3.700976377952756
0
LINE
8
BLACK
6
CONTINUOUS
10
5.9918224015748027
20
-3.700976377952756
11
5.9887143307086612
21
-3.700976377952756
0
LINE
8
BLACK
6
CONTINUOUS
10
5.9887143307086612
20
-3.700976377952756
11
5.9856062992125985
21
-3.700976377952756
0
LINE
8
BLACK
6
CONTINUOUS
10
5.9856062992125985
20
-3.700976377952756
11
5.9856062992125985
21
-3.7131811023622046
0
LINE
8
BLACK
6
CONTINUOUS
10
5.9856062992125985
20
-3.7131811023622046
11
5.9856062992125985
21
-3.7253858267716535
0
LINE
8
BLACK
6
CONTINUOUS
10
6.0244842913385828
20
-3.6949987401574802
11
6.0249862598425192
21
-3.6953793700787401
0
LINE
8
BLACK
6
CONTINUOUS
10
6.0249862598425192
20
-3.6953793700787401
11
6.0255603149606296
21
-3.6957849999999999
0
LINE
8
BLACK
6
CONTINUOUS
10
6.0255603149606296
20
-3.6957849999999999
11
6.0266281496062994
21
-3.6965820078740155
0
LINE
8
BLACK
6
CONTINUOUS
10
6.0266281496062994
20
-3.6965820078740155
11
6.028064330708661
21
-3.6976752755905511
0
LINE
8
BLACK
6
CONTINUOUS
10
6.028064330708661
20
-3.6976752755905511
11
6.0297435433070863
21
-3.6989696062992126
0
LINE
8
BLACK
6
CONTINUOUS
10
6.0297435433070863
20
-3.6989696062992126
11
6.0308324015748029
21
-3.6998162992125985
0
LINE
8
BLACK
6
CONTINUOUS
10
6.0308324015748029
20
-3.6998162992125985
11
6.035881220472441
21
-3.7037553149606297
0
LINE
8
BLACK
6
CONTINUOUS
10
6.035881220472441
20
-3.7037553149606297
11
6.0341699999999996
21
-3.7093540157480316
0
LINE
8
BLACK
6
CONTINUOUS
10
6.0341699999999996
20
-3.7093540157480316
11
6.0335124803149602
21
-3.7114924409448817
0
LINE
8
BLACK
6
CONTINUOUS
10
6.0335124803149602
20
-3.7114924409448817
11
6.0328855511811019
21
-3.7135084251968502
0
LINE
8
BLACK
6
CONTINUOUS
10
6.0328855511811019
20
-3.7135084251968502
11
6.0323487795275588
21
-3.7152121259842521
0
LINE
8
BLACK
6
CONTINUOUS
10
6.0323487795275588
20
-3.7152121259842521
11
6.0319616141732286
21
-3.7164137007874016
0
LINE
8
BLACK
6
CONTINUOUS
10
6.0319616141732286
20
-3.7164137007874016
11
6.0318781496062988
21
-3.7166638582677165
0
LINE
8
BLACK
6
CONTINUOUS
10
6.0318781496062988
20
-3.7166638582677165
11
6.0315574409448818
21
-3.7176979527559055
0
LINE
8
BLACK
6
CONTINUOUS
10
6.0315574409448818
20
-3.7176979527559055
11
6.0315259842519682
21
-3.7181545669291336
0
LINE
8
BLACK
6
CONTINUOUS
10
6.0315259842519682
20
-3.7181545669291336
11
6.0317810629921258
21
-3.7181874409448818
0
LINE
8
BLACK
6
CONTINUOUS
10
6.0317810629921258
20
-3.7181874409448818
11
6.0318514960629921
21
-3.7181624409448819
0
LINE
8
BLACK
6
CONTINUOUS
10
6.0318514960629921
20
-3.7181624409448819
11
6.0323403937007871
21
-3.717876653543307
0
LINE
8
BLACK
6
CONTINUOUS
10
6.0323403937007871
20
-3.717876653543307
11
6.0333585433070862
21
-3.717213307086614
0
LINE
8
BLACK
6
CONTINUOUS
10
6.0333585433070862
20
-3.717213307086614
11
6.0347918897637793
21
-3.71624905511811
0
LINE
8
BLACK
6
CONTINUOUS
10
6.0347918897637793
20
-3.71624905511811
11
6.0365264173228343
21
-3.7150605511811023
0
LINE
8
BLACK
6
CONTINUOUS
10
6.0365264173228343
20
-3.7150605511811023
11
6.038262755905512
21
-3.7138540157480313
0
LINE
8
BLACK
6
CONTINUOUS
10
6.038262755905512
20
-3.7138540157480313
11
6.044120078740157
21
-3.709758188976378
0
LINE
8
BLACK
6
CONTINUOUS
10
6.044120078740157
20
-3.709758188976378
11
6.0501978346456688
21
-3.7140266929133858
0
LINE
8
BLACK
6
CONTINUOUS
10
6.0501978346456688
20
-3.7140266929133858
11
6.0521149999999997
21
-3.7153643700787402
0
LINE
8
BLACK
6
CONTINUOUS
10
6.0521149999999997
20
-3.7153643700787402
11
6.0538103543307082
21
-3.7165307086614172
0
LINE
8
BLACK
6
CONTINUOUS
10
6.0538103543307082
20
-3.7165307086614172
11
6.0551795669291337
21
-3.7174551574803147
0
LINE
8
BLACK
6
CONTINUOUS
10
6.0551795669291337
20
-3.7174551574803147
11
6.0561182677165357
21
-3.7180674015748032
0
LINE
8
BLACK
6
CONTINUOUS
10
6.0561182677165357
20
-3.7180674015748032
11
6.0565220866141729
21
-3.7182969291338583
0
LINE
8
BLACK
6
CONTINUOUS
10
6.0565220866141729
20
-3.7182969291338583
11
6.056524960629921
21
-3.7182971653543304
0
LINE
8
BLACK
6
CONTINUOUS
10
6.056524960629921
20
-3.7182971653543304
11
6.056498346456693
21
-3.7179398818897638
0
LINE
8
BLACK
6
CONTINUOUS
10
6.056498346456693
20
-3.7179398818897638
11
6.0562759842519682
21
-3.7169438976377953
0
LINE
8
BLACK
6
CONTINUOUS
10
6.0562759842519682
20
-3.7169438976377953
11
6.055887559055118
21
-3.7154248818897635
0
LINE
8
BLACK
6
CONTINUOUS
10
6.055887559055118
20
-3.7154248818897635
11
6.0553626771653546
21
-3.7134985433070864
0
LINE
8
BLACK
6
CONTINUOUS
10
6.0553626771653546
20
-3.7134985433070864
11
6.0547311023622044
21
-3.7112806692913387
0
LINE
8
BLACK
6
CONTINUOUS
10
6.0547311023622044
20
-3.7112806692913387
11
6.0546841732283463
21
-3.7111191732283464
0
LINE
8
BLACK
6
CONTINUOUS
10
6.0546841732283463
20
-3.7111191732283464
11
6.0540034645669287
21
-3.7087015354330708
0
LINE
8
BLACK
6
CONTINUOUS
10
6.0540034645669287
20
-3.7087015354330708
11
6.0534649212598426
21
-3.7066280708661417
0
LINE
8
BLACK
6
CONTINUOUS
10
6.0534649212598426
20
-3.7066280708661417
11
6.0530929133858269
21
-3.7050038976377953
0
LINE
8
BLACK
6
CONTINUOUS
10
6.0530929133858269
20
-3.7050038976377953
11
6.0529117716535428
21
-3.7039341732283462
0
LINE
8
BLACK
6
CONTINUOUS
10
6.0529117716535428
20
-3.7039341732283462
11
6.0529284645669286
21
-3.7035361811023622
0
LINE
8
BLACK
6
CONTINUOUS
10
6.0529284645669286
20
-3.7035361811023622
11
6.0533381102362203
21
-3.7031715748031497
0
LINE
8
BLACK
6
CONTINUOUS
10
6.0533381102362203
20
-3.7031715748031497
11
6.0542624803149607
21
-3.7024150393700785
0
LINE
8
BLACK
6
CONTINUOUS
10
6.0542624803149607
20
-3.7024150393700785
11
6.0555917322834647
21
-3.7013544488188974
0
LINE
8
BLACK
6
CONTINUOUS
10
6.0555917322834647
20
-3.7013544488188974
11
6.0572161811023619
21
-3.7000774409448818
0
LINE
8
BLACK
6
CONTINUOUS
10
6.0572161811023619
20
-3.7000774409448818
11
6.0585970078740159
21
-3.6990035826771654
0
LINE
8
BLACK
6
CONTINUOUS
10
6.0585970078740159
20
-3.6990035826771654
11
6.0603456692913387
21
-3.6976372834645668
0
LINE
8
BLACK
6
CONTINUOUS
10
6.0603456692913387
20
-3.6976372834645668
11
6.0618549606299208
21
-3.6964342913385826
0
LINE
8
BLACK
6
CONTINUOUS
10
6.0618549606299208
20
-3.6964342913385826
11
6.0630231496062992
21
-3.6954774803149606
0
LINE
8
BLACK
6
CONTINUOUS
10
6.0630231496062992
20
-3.6954774803149606
11
6.0637486220472443
21
-3.6948499212598422
0
LINE
8
BLACK
6
CONTINUOUS
10
6.0637486220472443
20
-3.6948499212598422
11
6.0639418897637798
21
-3.6946408661417323
0
LINE
8
BLACK
6
CONTINUOUS
10
6.0639418897637798
20
-3.6946408661417323
11
6.0635725984251971
21
-3.6945530708661418
0
LINE
8
BLACK
6
CONTINUOUS
10
6.0635725984251971
20
-3.6945530708661418
11
6.0625397637795277
21
-3.6944510629921261
0
LINE
8
BLACK
6
CONTINUOUS
10
6.0625397637795277
20
-3.6944510629921261
11
6.0609670866141734
21
-3.694343346456693
0
LINE
8
BLACK
6
CONTINUOUS
10
6.0609670866141734
20
-3.694343346456693
11
6.0589781102362199
21
-3.6942384251968505
0
LINE
8
BLACK
6
CONTINUOUS
10
6.0589781102362199
20
-3.6942384251968505
11
6.056830118110236
21
-3.6941497244094488
0
LINE
8
BLACK
6
CONTINUOUS
10
6.056830118110236
20
-3.6941497244094488
11
6.0545378346456689
21
-3.6940585433070865
0
LINE
8
BLACK
6
CONTINUOUS
10
6.0545378346456689
20
-3.6940585433070865
11
6.0525224015748034
21
-3.6939629133858265
0
LINE
8
BLACK
6
CONTINUOUS
10
6.0525224015748034
20
-3.6939629133858265
11
6.050913858267716
21
-3.6938702362204725
0
LINE
8
BLACK
6
CONTINUOUS
10
6.050913858267716
20
-3.6938702362204725
11
6.0498422834645664
21
-3.693787992125984
0
LINE
8
BLACK
6
CONTINUOUS
10
6.0498422834645664
20
-3.693787992125984
11
6.0494422440944877
21
-3.6937277559055119
0
LINE
8
BLACK
6
CONTINUOUS
10
6.0494422440944877
20
-3.6937277559055119
11
6.0492242125984248
21
-3.6933221653543304
0
LINE
8
BLACK
6
CONTINUOUS
10
6.0492242125984248
20
-3.6933221653543304
11
6.0487861023622047
21
-3.6923007480314958
0
LINE
8
BLACK
6
CONTINUOUS
10
6.0487861023622047
20
-3.6923007480314958
11
6.0481779921259839
21
-3.6907874803149605
0
LINE
8
BLACK
6
CONTINUOUS
10
6.0481779921259839
20
-3.6907874803149605
11
6.0474498425196845
21
-3.6889061023622047
0
LINE
8
BLACK
6
CONTINUOUS
10
6.0474498425196845
20
-3.6889061023622047
11
6.0468207480314957
21
-3.6872360629921257
0
LINE
8
BLACK
6
CONTINUOUS
10
6.0468207480314957
20
-3.6872360629921257
11
6.0460355905511811
21
-3.6851648031496063
0
LINE
8
BLACK
6
CONTINUOUS
10
6.0460355905511811
20
-3.6851648031496063
11
6.0453314173228341
21
-3.6833773622047241
0
LINE
8
BLACK
6
CONTINUOUS
10
6.0453314173228341
20
-3.6833773622047241
11
6.0447576377952759
21
-3.6819935826771655
0
LINE
8
BLACK
6
CONTINUOUS
10
6.0447576377952759
20
-3.6819935826771655
11
6.0443637007874012
21
-3.6811334645669289
0
LINE
8
BLACK
6
CONTINUOUS
10
6.0443637007874012
20
-3.6811334645669289
11
6.0442108661417322
21
-3.6809029527559054
0
LINE
8
BLACK
6
CONTINUOUS
10
6.0442108661417322
20
-3.6809029527559054
11
6.0439984251968504
21
-3.6812514960629921
0
LINE
8
BLACK
6
CONTINUOUS
10
6.0439984251968504
20
-3.6812514960629921
11
6.0435669291338581
21
-3.6822213385826772
0
LINE
8
BLACK
6
CONTINUOUS
10
6.0435669291338581
20
-3.6822213385826772
11
6.0429653937007872
21
-3.6836934251968505
0
LINE
8
BLACK
6
CONTINUOUS
10
6.0429653937007872
20
-3.6836934251968505
11
6.0422426377952752
21
-3.685548661417323
0
LINE
8
BLACK
6
CONTINUOUS
10
6.0422426377952752
20
-3.685548661417323
11
6.0415853543307083
21
-3.687295275590551
0
LINE
8
BLACK
6
CONTINUOUS
10
6.0415853543307083
20
-3.687295275590551
11
6.0392135433070866
21
-3.6936929133858265
0
LINE
8
BLACK
6
CONTINUOUS
10
6.0392135433070866
20
-3.6936929133858265
11
6.0367209448818899
21
-3.6939421653543305
0
LINE
8
BLACK
6
CONTINUOUS
10
6.0367209448818899
20
-3.6939421653543305
11
6.0353201181102358
21
-3.69404468503937
0
LINE
8
BLACK
6
CONTINUOUS
10
6.0353201181102358
20
-3.69404468503937
11
6.0333951574803146
21
-3.6941352362204722
0
LINE
8
BLACK
6
CONTINUOUS
10
6.0333951574803146
20
-3.6941352362204722
11
6.0312093307086609
21
-3.6942034645669288
0
LINE
8
BLACK
6
CONTINUOUS
10
6.0312093307086609
20
-3.6942034645669288
11
6.0292086614173224
21
-3.6942374409448817
0
LINE
8
BLACK
6
CONTINUOUS
10
6.0292086614173224
20
-3.6942374409448817
11
6.0273243700787402
21
-3.6942766929133857
0
LINE
8
BLACK
6
CONTINUOUS
10
6.0273243700787402
20
-3.6942766929133857
11
6.0257627165354331
21
-3.6943511023622047
0
LINE
8
BLACK
6
CONTINUOUS
10
6.0257627165354331
20
-3.6943511023622047
11
6.0246712598425196
21
-3.6944505118110236
0
LINE
8
BLACK
6
CONTINUOUS
10
6.0246712598425196
20
-3.6944505118110236
11
6.0241975984251965
21
-3.6945648031496061
0
LINE
8
BLACK
6
CONTINUOUS
10
6.0241975984251965
20
-3.6945648031496061
11
6.0241889763779524
21
-3.694582440944882
0
LINE
8
BLACK
6
CONTINUOUS
10
6.0241889763779524
20
-3.694582440944882
11
6.0244842913385828
21
-3.6949987401574802
0
LINE
8
BLACK
6
CONTINUOUS
10
5.8134479527559053
20
-3.6991200787401572
11
5.8153139370078737
21
-3.7005980708661417
0
LINE
8
BLACK
6
CONTINUOUS
10
5.8153139370078737
20
-3.7005980708661417
11
5.8169183070866142
21
-3.7019278740157477
0
LINE
8
BLACK
6
CONTINUOUS
10
5.8169183070866142
20
-3.7019278740157477
11
5.8181704330708657
21
-3.7030294881889763
0
LINE
8
BLACK
6
CONTINUOUS
10
5.8181704330708657
20
-3.7030294881889763
11
5.8189795669291335
21
-3.7038229527559055
0
LINE
8
BLACK
6
CONTINUOUS
10
5.8189795669291335
20
-3.7038229527559055
11
5.8192550000000001
21
-3.7042282677165352
0
LINE
8
BLACK
6
CONTINUOUS
10
5.8192550000000001
20
-3.7042282677165352
11
5.8192527165354333
21
-3.7042381889763778
0
LINE
8
BLACK
6
CONTINUOUS
10
5.8192527165354333
20
-3.7042381889763778
11
5.8190305118110235
21
-3.7049084251968503
0
LINE
8
BLACK
6
CONTINUOUS
10
5.8190305118110235
20
-3.7049084251968503
11
5.8186483070866144
21
-3.7061301181102362
0
LINE
8
BLACK
6
CONTINUOUS
10
5.8186483070866144
20
-3.7061301181102362
11
5.8181503149606302
21
-3.7077553543307085
0
LINE
8
BLACK
6
CONTINUOUS
10
5.8181503149606302
20
-3.7077553543307085
11
5.8175807874015746
21
-3.7096362204724409
0
LINE
8
BLACK
6
CONTINUOUS
10
5.8175807874015746
20
-3.7096362204724409
11
5.8169839370078735
21
-3.7116248031496064
0
LINE
8
BLACK
6
CONTINUOUS
10
5.8169839370078735
20
-3.7116248031496064
11
5.8164040551181104
21
-3.7135731889763779
0
LINE
8
BLACK
6
CONTINUOUS
10
5.8164040551181104
20
-3.7135731889763779
11
5.8158853543307085
21
-3.7153334251968504
0
LINE
8
BLACK
6
CONTINUOUS
10
5.8158853543307085
20
-3.7153334251968504
11
5.8154720866141734
21
-3.7167576377952756
0
LINE
8
BLACK
6
CONTINUOUS
10
5.8154720866141734
20
-3.7167576377952756
11
5.8152085039370078
21
-3.717697874015748
0
LINE
8
BLACK
6
CONTINUOUS
10
5.8152085039370078
20
-3.717697874015748
11
5.8151350787401572
21
-3.7180039370078739
0
LINE
8
BLACK
6
CONTINUOUS
10
5.8151350787401572
20
-3.7180039370078739
11
5.8153093700787402
21
-3.7182991338582676
0
LINE
8
BLACK
6
CONTINUOUS
10
5.8153093700787402
20
-3.7182991338582676
11
5.8153125590551182
21
-3.7182992125984251
0
LINE
8
BLACK
6
CONTINUOUS
10
5.8153125590551182
20
-3.7182992125984251
11
5.8156761023622048
21
-3.7180838188976377
0
LINE
8
BLACK
6
CONTINUOUS
10
5.8156761023622048
20
-3.7180838188976377
11
5.8165779133858271
21
-3.7174851968503937
0
LINE
8
BLACK
6
CONTINUOUS
10
5.8165779133858271
20
-3.7174851968503937
11
5.8179132677165351
21
-3.7165747244094489
0
LINE
8
BLACK
6
CONTINUOUS
10
5.8179132677165351
20
-3.7165747244094489
11
5.8195774803149609
21
-3.7154237401574801
0
LINE
8
BLACK
6
CONTINUOUS
10
5.8195774803149609
20
-3.7154237401574801
11
5.8213779921259841
21
-3.7141653543307087
0
LINE
8
BLACK
6
CONTINUOUS
10
5.8213779921259841
20
-3.7141653543307087
11
5.8232799606299208
21
-3.7128467322834644
0
LINE
8
BLACK
6
CONTINUOUS
10
5.8232799606299208
20
-3.7128467322834644
11
5.8249775590551183
21
-3.7117020472440942
0
LINE
8
BLACK
6
CONTINUOUS
10
5.8249775590551183
20
-3.7117020472440942
11
5.8263600000000002
21
-3.7108033070866142
0
LINE
8
BLACK
6
CONTINUOUS
10
5.8263600000000002
20
-3.7108033070866142
11
5.8273164173228347
21
-3.7102227165354331
0
LINE
8
BLACK
6
CONTINUOUS
10
5.8273164173228347
20
-3.7102227165354331
11
5.8277277165354331
21
-3.7100314960629919
0
LINE
8
BLACK
6
CONTINUOUS
10
5.8277277165354331
20
-3.7100314960629919
11
5.8281856692913383
21
-3.710251338582677
0
LINE
8
BLACK
6
CONTINUOUS
10
5.8281856692913383
20
-3.710251338582677
11
5.8291655118110235
21
-3.7108607086614174
0
LINE
8
BLACK
6
CONTINUOUS
10
5.8291655118110235
20
-3.7108607086614174
11
5.8305535039370078
21
-3.7117842913385828
0
LINE
8
BLACK
6
CONTINUOUS
10
5.8305535039370078
20
-3.7117842913385828
11
5.8322360236220474
21
-3.7129468110236221
0
LINE
8
BLACK
6
CONTINUOUS
10
5.8322360236220474
20
-3.7129468110236221
11
5.8337201968503933
21
-3.7140000393700787
0
LINE
8
BLACK
6
CONTINUOUS
10
5.8337201968503933
20
-3.7140000393700787
11
5.835972834645669
21
-3.7156104330708661
0
LINE
8
BLACK
6
CONTINUOUS
10
5.835972834645669
20
-3.7156104330708661
11
5.8376621259842523
21
-3.7167954724409449
0
LINE
8
BLACK
6
CONTINUOUS
10
5.8376621259842523
20
-3.7167954724409449
11
5.8388604330708658
21
-3.7175943307086614
0
LINE
8
BLACK
6
CONTINUOUS
10
5.8388604330708658
20
-3.7175943307086614
11
5.8396401968503939
21
-3.7180463779527559
0
LINE
8
BLACK
6
CONTINUOUS
10
5.8396401968503939
20
-3.7180463779527559
11
5.8400737007874017
21
-3.7181907874015749
0
LINE
8
BLACK
6
CONTINUOUS
10
5.8400737007874017
20
-3.7181907874015749
11
5.8402333858267719
21
-3.7180668897637794
0
LINE
8
BLACK
6
CONTINUOUS
10
5.8402333858267719
20
-3.7180668897637794
11
5.8401915354330711
21
-3.7177139370078738
0
LINE
8
BLACK
6
CONTINUOUS
10
5.8401915354330711
20
-3.7177139370078738
11
5.840120590551181
21
-3.7174729133858269
0
LINE
8
BLACK
6
CONTINUOUS
10
5.840120590551181
20
-3.7174729133858269
11
5.8399122440944877
21
-3.7167878346456691
0
LINE
8
BLACK
6
CONTINUOUS
10
5.8399122440944877
20
-3.7167878346456691
11
5.8395277559055119
21
-3.715495118110236
0
LINE
8
BLACK
6
CONTINUOUS
10
5.8395277559055119
20
-3.715495118110236
11
5.8390109448818892
21
-3.7137432677165352
0
LINE
8
BLACK
6
CONTINUOUS
10
5.8390109448818892
20
-3.7137432677165352
11
5.8384055905511811
21
-3.7116806692913387
0
LINE
8
BLACK
6
CONTINUOUS
10
5.8384055905511811
20
-3.7116806692913387
11
5.8379520472440944
21
-3.7101291732283466
0
LINE
8
BLACK
6
CONTINUOUS
10
5.8379520472440944
20
-3.7101291732283466
11
5.836084488188976
21
-3.7037308267716536
0
LINE
8
BLACK
6
CONTINUOUS
10
5.836084488188976
20
-3.7037308267716536
11
5.8396085433070866
21
-3.700976377952756
0
LINE
8
BLACK
6
CONTINUOUS
10
5.8396085433070866
20
-3.700976377952756
11
5.8420020866141735
21
-3.6991055511811024
0
LINE
8
BLACK
6
CONTINUOUS
10
5.8420020866141735
20
-3.6991055511811024
11
5.847789015748031
21
-3.694582440944882
0
LINE
8
BLACK
6
CONTINUOUS
10
5.847789015748031
20
-3.694582440944882
11
5.8479196850393702
21
-3.69448031496063
0
LINE
8
BLACK
6
CONTINUOUS
10
5.8479196850393702
20
-3.69448031496063
11
5.8424519685039371
21
-3.6942330708661415
0
LINE
8
BLACK
6
CONTINUOUS
10
5.8424519685039371
20
-3.6942330708661415
11
5.8402502755905514
21
-3.6941367322834644
0
LINE
8
BLACK
6
CONTINUOUS
10
5.8402502755905514
20
-3.6941367322834644
11
5.838140669291338
21
-3.6940501574803148
0
LINE
8
BLACK
6
CONTINUOUS
10
5.838140669291338
20
-3.6940501574803148
11
5.836343661417323
21
-3.6939820472440945
0
LINE
8
BLACK
6
CONTINUOUS
10
5.836343661417323
20
-3.6939820472440945
11
5.8350796850393696
21
-3.6939410629921259
0
LINE
8
BLACK
6
CONTINUOUS
10
5.8350796850393696
20
-3.6939410629921259
11
5.8349501574803151
21
-3.6939377952755903
0
LINE
8
BLACK
6
CONTINUOUS
10
5.8349501574803151
20
-3.6939377952755903
11
5.8329160629921262
21
-3.6938897637795276
0
LINE
8
BLACK
6
CONTINUOUS
10
5.8329160629921262
20
-3.6938897637795276
11
5.8309712204724411
21
-3.6888700787401576
0
LINE
8
BLACK
6
CONTINUOUS
10
5.8309712204724411
20
-3.6888700787401576
11
5.8302072440944883
21
-3.6868809448818896
0
LINE
8
BLACK
6
CONTINUOUS
10
5.8302072440944883
20
-3.6868809448818896
11
5.8295066141732281
21
-3.6850253937007875
0
LINE
8
BLACK
6
CONTINUOUS
10
5.8295066141732281
20
-3.6850253937007875
11
5.8289402362204727
21
-3.6834933070866143
0
LINE
8
BLACK
6
CONTINUOUS
10
5.8289402362204727
20
-3.6834933070866143
11
5.8285790157480317
21
-3.6824746850393701
0
LINE
8
BLACK
6
CONTINUOUS
10
5.8285790157480317
20
-3.6824746850393701
11
5.8285456299212601
21
-3.6823740157480316
0
LINE
8
BLACK
6
CONTINUOUS
10
5.8285456299212601
20
-3.6823740157480316
11
5.8281719291338581
21
-3.6814386614173227
0
LINE
8
BLACK
6
CONTINUOUS
10
5.8281719291338581
20
-3.6814386614173227
11
5.8278337401574802
21
-3.68092905511811
0
LINE
8
BLACK
6
CONTINUOUS
10
5.8278337401574802
20
-3.68092905511811
11
5.8277612204724409
21
-3.6808976377952756
0
LINE
8
BLACK
6
CONTINUOUS
10
5.8277612204724409
20
-3.6808976377952756
11
5.8275325984251971
21
-3.681248464566929
0
LINE
8
BLACK
6
CONTINUOUS
10
5.8275325984251971
20
-3.681248464566929
11
5.8270912992125981
21
-3.6822199212598425
0
LINE
8
BLACK
6
CONTINUOUS
10
5.8270912992125981
20
-3.6822199212598425
11
5.8264876771653542
21
-3.6836904724409449
0
LINE
8
BLACK
6
CONTINUOUS
10
5.8264876771653542
20
-3.6836904724409449
11
5.8257720472440946
21
-3.6855386220472441
0
LINE
8
BLACK
6
CONTINUOUS
10
5.8257720472440946
20
-3.6855386220472441
11
5.8251925196850394
21
-3.6870984251968504
0
LINE
8
BLACK
6
CONTINUOUS
10
5.8251925196850394
20
-3.6870984251968504
11
5.8244245275590547
21
-3.6891751574803147
0
LINE
8
BLACK
6
CONTINUOUS
10
5.8244245275590547
20
-3.6891751574803147
11
5.8237349212598426
21
-3.6909917716535432
0
LINE
8
BLACK
6
CONTINUOUS
10
5.8237349212598426
20
-3.6909917716535432
11
5.8231740944881887
21
-3.6924192913385827
0
LINE
8
BLACK
6
CONTINUOUS
10
5.8231740944881887
20
-3.6924192913385827
11
5.8227924409448821
21
-3.6933286614173229
0
LINE
8
BLACK
6
CONTINUOUS
10
5.8227924409448821
20
-3.6933286614173229
11
5.8226561023622043
21
-3.6935911023622046
0
LINE
8
BLACK
6
CONTINUOUS
10
5.8226561023622043
20
-3.6935911023622046
11
5.8221948425196848
21
-3.6936975196850392
0
LINE
8
BLACK
6
CONTINUOUS
10
5.8221948425196848
20
-3.6936975196850392
11
5.8210735433070866
21
-3.6938190944881888
0
LINE
8
BLACK
6
CONTINUOUS
10
5.8210735433070866
20
-3.6938190944881888
11
5.8194191338582675
21
-3.6939461811023619
0
LINE
8
BLACK
6
CONTINUOUS
10
5.8194191338582675
20
-3.6939461811023619
11
5.8173585433070869
21
-3.6940689763779528
0
LINE
8
BLACK
6
CONTINUOUS
10
5.8173585433070869
20
-3.6940689763779528
11
5.8150187007874017
21
-3.6941779133858268
0
LINE
8
BLACK
6
CONTINUOUS
10
5.8150187007874017
20
-3.6941779133858268
11
5.8149256692913385
21
-3.694181653543307
0
LINE
8
BLACK
6
CONTINUOUS
10
5.8149256692913385
20
-3.694181653543307
11
5.8074666535433073
21
-3.69448031496063
0
LINE
8
BLACK
6
CONTINUOUS
10
5.8074666535433073
20
-3.69448031496063
11
5.8134479527559053
21
-3.6991200787401572
0
LINE
8
BLACK
6
CONTINUOUS
10
5.8570780708661419
20
-3.651593307086614
11
5.8587873228346457
21
-3.6529369291338583
0
LINE
8
BLACK
6
CONTINUOUS
10
5.8587873228346457
20
-3.6529369291338583
11
5.8605457874015743
21
-3.6543121259842519
0
LINE
8
BLACK
6
CONTINUOUS
10
5.8605457874015743
20
-3.6543121259842519
11
5.8621008267716537
21
-3.6555216141732281
0
LINE
8
BLACK
6
CONTINUOUS
10
5.8621008267716537
20
-3.6555216141732281
11
5.8628700787401575
21
-3.6561156692913386
0
LINE
8
BLACK
6
CONTINUOUS
10
5.8628700787401575
20
-3.6561156692913386
11
5.8639753937007875
21
-3.6570032283464564
0
LINE
8
BLACK
6
CONTINUOUS
10
5.8639753937007875
20
-3.6570032283464564
11
5.8647816141732285
21
-3.6577228346456692
0
LINE
8
BLACK
6
CONTINUOUS
10
5.8647816141732285
20
-3.6577228346456692
11
5.8651302362204722
21
-3.6581320078740158
0
LINE
8
BLACK
6
CONTINUOUS
10
5.8651302362204722
20
-3.6581320078740158
11
5.8651338582677166
21
-3.6581514960629922
0
LINE
8
BLACK
6
CONTINUOUS
10
5.8651338582677166
20
-3.6581514960629922
11
5.8650220078740158
21
-3.6586324015748031
0
LINE
8
BLACK
6
CONTINUOUS
10
5.8650220078740158
20
-3.6586324015748031
11
5.8647213385826769
21
-3.6596841338582675
0
LINE
8
BLACK
6
CONTINUOUS
10
5.8647213385826769
20
-3.6596841338582675
11
5.8642840157480309
21
-3.6611280314960628
0
LINE
8
BLACK
6
CONTINUOUS
10
5.8642840157480309
20
-3.6611280314960628
11
5.863982362204724
21
-3.6620937007874015
0
LINE
8
BLACK
6
CONTINUOUS
10
5.863982362204724
20
-3.6620937007874015
11
5.8633500787401571
21
-3.6641209842519684
0
LINE
8
BLACK
6
CONTINUOUS
10
5.8633500787401571
20
-3.6641209842519684
11
5.8626879133858267
21
-3.6662842125984252
0
LINE
8
BLACK
6
CONTINUOUS
10
5.8626879133858267
20
-3.6662842125984252
11
5.8621141338582676
21
-3.6681962598425195
0
LINE
8
BLACK
6
CONTINUOUS
10
5.8621141338582676
20
-3.6681962598425195
11
5.8619822047244092
21
-3.6686446850393701
0
LINE
8
BLACK
6
CONTINUOUS
10
5.8619822047244092
20
-3.6686446850393701
11
5.8615472440944885
21
-3.6701122440944882
0
LINE
8
BLACK
6
CONTINUOUS
10
5.8615472440944885
20
-3.6701122440944882
11
5.8611779921259846
21
-3.6713203149606297
0
LINE
8
BLACK
6
CONTINUOUS
10
5.8611779921259846
20
-3.6713203149606297
11
5.8609452362204726
21
-3.6720378740157478
0
LINE
8
BLACK
6
CONTINUOUS
10
5.8609452362204726
20
-3.6720378740157478
11
5.8609262204724404
21
-3.6720895669291336
0
LINE
8
BLACK
6
CONTINUOUS
10
5.8609262204724404
20
-3.6720895669291336
11
5.8608899606299207
21
-3.6725675196850394
0
LINE
8
BLACK
6
CONTINUOUS
10
5.8608899606299207
20
-3.6725675196850394
11
5.8609939370078736
21
-3.6726299212598423
0
LINE
8
BLACK
6
CONTINUOUS
10
5.8609939370078736
20
-3.6726299212598423
11
5.8613870078740158
21
-3.6724131102362203
0
LINE
8
BLACK
6
CONTINUOUS
10
5.8613870078740158
20
-3.6724131102362203
11
5.8623169685039365
21
-3.6718096062992127
0
LINE
8
BLACK
6
CONTINUOUS
10
5.8623169685039365
20
-3.6718096062992127
11
5.863679606299212
21
-3.670889842519685
0
LINE
8
BLACK
6
CONTINUOUS
10
5.863679606299212
20
-3.670889842519685
11
5.8653706692913383
21
-3.6697242519685038
0
LINE
8
BLACK
6
CONTINUOUS
10
5.8653706692913383
20
-3.6697242519685038
11
5.8672859055118112
21
-3.6683831889763781
0
LINE
8
BLACK
6
CONTINUOUS
10
5.8672859055118112
20
-3.6683831889763781
11
5.8673840944881892
21
-3.6683138976377951
0
LINE
8
BLACK
6
CONTINUOUS
10
5.8673840944881892
20
-3.6683138976377951
11
5.8734992519685036
21
-3.6639978740157479
0
LINE
8
BLACK
6
CONTINUOUS
10
5.8734992519685036
20
-3.6639978740157479
11
5.8753204724409445
21
-3.6652465748031493
0
LINE
8
BLACK
6
CONTINUOUS
10
5.8753204724409445
20
-3.6652465748031493
11
5.8763496850393704
21
-3.6659618897637793
0
LINE
8
BLACK
6
CONTINUOUS
10
5.8763496850393704
20
-3.6659618897637793
11
5.8778255511811022
21
-3.6670001181102361
0
LINE
8
BLACK
6
CONTINUOUS
10
5.8778255511811022
20
-3.6670001181102361
11
5.8795550393700786
21
-3.6682248818897638
0
LINE
8
BLACK
6
CONTINUOUS
10
5.8795550393700786
20
-3.6682248818897638
11
5.8813450787401571
21
-3.669499960629921
0
LINE
8
BLACK
6
CONTINUOUS
10
5.8813450787401571
20
-3.669499960629921
11
5.8814367322834649
21
-3.669565472440945
0
LINE
8
BLACK
6
CONTINUOUS
10
5.8814367322834649
20
-3.669565472440945
11
5.8830246062992124
21
-3.67068031496063
0
LINE
8
BLACK
6
CONTINUOUS
10
5.8830246062992124
20
-3.67068031496063
11
5.884372992125984
21
-3.6715888188976376
0
LINE
8
BLACK
6
CONTINUOUS
10
5.884372992125984
20
-3.6715888188976376
11
5.8853599606299207
21
-3.6722116929133857
0
LINE
8
BLACK
6
CONTINUOUS
10
5.8853599606299207
20
-3.6722116929133857
11
5.8858635433070861
21
-3.6724696456692913
0
LINE
8
BLACK
6
CONTINUOUS
10
5.8858635433070861
20
-3.6724696456692913
11
5.8858996850393703
21
-3.6724677165354329
0
LINE
8
BLACK
6
CONTINUOUS
10
5.8858996850393703
20
-3.6724677165354329
11
5.8858495669291333
21
-3.6720548031496061
0
LINE
8
BLACK
6
CONTINUOUS
10
5.8858495669291333
20
-3.6720548031496061
11
5.8856096850393698
21
-3.6710058661417322
0
LINE
8
BLACK
6
CONTINUOUS
10
5.8856096850393698
20
-3.6710058661417322
11
5.8852107086614174
21
-3.6694408267716536
0
LINE
8
BLACK
6
CONTINUOUS
10
5.8852107086614174
20
-3.6694408267716536
11
5.8846831889763775
21
-3.6674796456692911
0
LINE
8
BLACK
6
CONTINUOUS
10
5.8846831889763775
20
-3.6674796456692911
11
5.8840578346456693
21
-3.6652422047244095
0
LINE
8
BLACK
6
CONTINUOUS
10
5.8840578346456693
20
-3.6652422047244095
11
5.884028582677165
21
-3.66513937007874
0
LINE
8
BLACK
6
CONTINUOUS
10
5.884028582677165
20
-3.66513937007874
11
5.8834071653543303
21
-3.6628834251968505
0
LINE
8
BLACK
6
CONTINUOUS
10
5.8834071653543303
20
-3.6628834251968505
11
5.8828973622047247
21
-3.6608874409448817
0
LINE
8
BLACK
6
CONTINUOUS
10
5.8828973622047247
20
-3.6608874409448817
11
5.882527125984252
21
-3.6592739370078737
0
LINE
8
BLACK
6
CONTINUOUS
10
5.882527125984252
20
-3.6592739370078737
11
5.882324488188976
21
-3.6581654330708662
0
LINE
8
BLACK
6
CONTINUOUS
10
5.882324488188976
20
-3.6581654330708662
11
5.8823175590551182
21
-3.657684409448819
0
LINE
8
BLACK
6
CONTINUOUS
10
5.8823175590551182
20
-3.657684409448819
11
5.8823214960629917
21
-3.6576801574803151
0
LINE
8
BLACK
6
CONTINUOUS
10
5.8823214960629917
20
-3.6576801574803151
11
5.882727519685039
21
-3.6573513385826772
0
LINE
8
BLACK
6
CONTINUOUS
10
5.882727519685039
20
-3.6573513385826772
11
5.8836485826771652
21
-3.6566238582677166
0
LINE
8
BLACK
6
CONTINUOUS
10
5.8836485826771652
20
-3.6566238582677166
11
5.8849777559055116
21
-3.6555816141732285
0
LINE
8
BLACK
6
CONTINUOUS
10
5.8849777559055116
20
-3.6555816141732285
11
5.8866079133858262
21
-3.6543086220472438
0
LINE
8
BLACK
6
CONTINUOUS
10
5.8866079133858262
20
-3.6543086220472438
11
5.8881653543307086
21
-3.6530961811023621
0
LINE
8
BLACK
6
CONTINUOUS
10
5.8881653543307086
20
-3.6530961811023621
11
5.8936771653543305
21
-3.6488110236220472
0
LINE
8
BLACK
6
CONTINUOUS
10
5.8936771653543305
20
-3.6488110236220472
11
5.8901338582677161
21
-3.648557401574803
0
LINE
8
BLACK
6
CONTINUOUS
10
5.8901338582677161
20
-3.648557401574803
11
5.8880363385826771
21
-3.6484349606299213
0
LINE
8
BLACK
6
CONTINUOUS
10
5.8880363385826771
20
-3.6484349606299213
11
5.885593149606299
21
-3.6483335433070865
0
LINE
8
BLACK
6
CONTINUOUS
10
5.885593149606299
20
-3.6483335433070865
11
5.8832461023622047
21
-3.6482706692913385
0
LINE
8
BLACK
6
CONTINUOUS
10
5.8832461023622047
20
-3.6482706692913385
11
5.8826479527559057
21
-3.6482621259842518
0
LINE
8
BLACK
6
CONTINUOUS
10
5.8826479527559057
20
-3.6482621259842518
11
5.8787053937007876
21
-3.6482204724409448
0
LINE
8
BLACK
6
CONTINUOUS
10
5.8787053937007876
20
-3.6482204724409448
11
5.8761948031496063
21
-3.6415043307086612
0
LINE
8
BLACK
6
CONTINUOUS
10
5.8761948031496063
20
-3.6415043307086612
11
5.8753851574803146
21
-3.6393934251968503
0
LINE
8
BLACK
6
CONTINUOUS
10
5.8753851574803146
20
-3.6393934251968503
11
5.8746535826771655
21
-3.6375893307086615
0
LINE
8
BLACK
6
CONTINUOUS
10
5.8746535826771655
20
-3.6375893307086615
11
5.8740476377952753
21
-3.636201220472441
0
LINE
8
BLACK
6
CONTINUOUS
10
5.8740476377952753
20
-3.636201220472441
11
5.873615
21
-3.6353383070866139
0
LINE
8
BLACK
6
CONTINUOUS
10
5.873615
20
-3.6353383070866139
11
5.8734055118110238
21
-3.6351066929133857
0
LINE
8
BLACK
6
CONTINUOUS
10
5.8734055118110238
20
-3.6351066929133857
11
5.8731873228346458
21
-3.6355664173228344
0
LINE
8
BLACK
6
CONTINUOUS
10
5.8731873228346458
20
-3.6355664173228344
11
5.872757047244094
21
-3.636641181102362
0
LINE
8
BLACK
6
CONTINUOUS
10
5.872757047244094
20
-3.636641181102362
11
5.8721635433070869
21
-3.6382030314960629
0
LINE
8
BLACK
6
CONTINUOUS
10
5.8721635433070869
20
-3.6382030314960629
11
5.8714555118110239
21
-3.6401240551181102
0
LINE
8
BLACK
6
CONTINUOUS
10
5.8714555118110239
20
-3.6401240551181102
11
5.8708433070866137
21
-3.6418228346456694
0
LINE
8
BLACK
6
CONTINUOUS
10
5.8708433070866137
20
-3.6418228346456694
11
5.8685598031496058
21
-3.6482204724409448
0
LINE
8
BLACK
6
CONTINUOUS
10
5.8685598031496058
20
-3.6482204724409448
11
5.8647798818897634
21
-3.6482645275590548
0
LINE
8
BLACK
6
CONTINUOUS
10
5.8647798818897634
20
-3.6482645275590548
11
5.8625164173228344
21
-3.6483163779527557
0
LINE
8
BLACK
6
CONTINUOUS
10
5.8625164173228344
20
-3.6483163779527557
11
5.8599727952755902
21
-3.6484133464566928
0
LINE
8
BLACK
6
CONTINUOUS
10
5.8599727952755902
20
-3.6484133464566928
11
5.8576383070866145
21
-3.6485362204724407
0
LINE
8
BLACK
6
CONTINUOUS
10
5.8576383070866145
20
-3.6485362204724407
11
5.8572749212598421
21
-3.648559803149606
0
LINE
8
BLACK
6
CONTINUOUS
10
5.8572749212598421
20
-3.648559803149606
11
5.8535498425196852
21
-3.6488110236220472
0
LINE
8
BLACK
6
CONTINUOUS
10
5.8535498425196852
20
-3.6488110236220472
11
5.8570780708661419
21
-3.651593307086614
0
LINE
8
BLACK
6
CONTINUOUS
10
5.984129921259842
20
-3.6533261417322835
11
5.9859590157480316
21
-3.6547691338582675
0
LINE
8
BLACK
6
CONTINUOUS
10
5.9859590157480316
20
-3.6547691338582675
11
5.9875514960629923
21
-3.6560651968503937
0
LINE
8
BLACK
6
CONTINUOUS
10
5.9875514960629923
20
-3.6560651968503937
11
5.98881
21
-3.6571318897637792
0
LINE
8
BLACK
6
CONTINUOUS
10
5.98881
20
-3.6571318897637792
11
5.9896371653543303
21
-3.6578866141732282
0
LINE
8
BLACK
6
CONTINUOUS
10
5.9896371653543303
20
-3.6578866141732282
11
5.9899357480314963
21
-3.6582469291338584
0
LINE
8
BLACK
6
CONTINUOUS
10
5.9899357480314963
20
-3.6582469291338584
11
5.9899357480314963
21
-3.658247401574803
0
LINE
8
BLACK
6
CONTINUOUS
10
5.9899357480314963
20
-3.658247401574803
11
5.9898277165354328
21
-3.6587067716535433
0
LINE
8
BLACK
6
CONTINUOUS
10
5.9898277165354328
20
-3.6587067716535433
11
5.98953374015748
21
-3.6597707874015746
0
LINE
8
BLACK
6
CONTINUOUS
10
5.98953374015748
20
-3.6597707874015746
11
5.9890978346456691
21
-3.6612909842519685
0
LINE
8
BLACK
6
CONTINUOUS
10
5.9890978346456691
20
-3.6612909842519685
11
5.9885640157480315
21
-3.6631189763779526
0
LINE
8
BLACK
6
CONTINUOUS
10
5.9885640157480315
20
-3.6631189763779526
11
5.9879764173228347
21
-3.6651062992125985
0
LINE
8
BLACK
6
CONTINUOUS
10
5.9879764173228347
20
-3.6651062992125985
11
5.9873790157480311
21
-3.6671045669291336
0
LINE
8
BLACK
6
CONTINUOUS
10
5.9873790157480311
20
-3.6671045669291336
11
5.9868159055118113
21
-3.6689653543307084
0
LINE
8
BLACK
6
CONTINUOUS
10
5.9868159055118113
20
-3.6689653543307084
11
5.9863311811023623
21
-3.6705401968503937
0
LINE
8
BLACK
6
CONTINUOUS
10
5.9863311811023623
20
-3.6705401968503937
11
5.9859688188976374
21
-3.6716806692913386
0
LINE
8
BLACK
6
CONTINUOUS
10
5.9859688188976374
20
-3.6716806692913386
11
5.9858128346456692
21
-3.6721377952755905
0
LINE
8
BLACK
6
CONTINUOUS
10
5.9858128346456692
20
-3.6721377952755905
11
5.9857371259842518
21
-3.6724887007874014
0
LINE
8
BLACK
6
CONTINUOUS
10
5.9857371259842518
20
-3.6724887007874014
11
5.9859238582677161
21
-3.6725565748031497
0
LINE
8
BLACK
6
CONTINUOUS
10
5.9859238582677161
20
-3.6725565748031497
11
5.9864646062992124
21
-3.6722965748031493
0
LINE
8
BLACK
6
CONTINUOUS
10
5.9864646062992124
20
-3.6722965748031493
11
5.9874510236220475
21
-3.6716637401574803
0
LINE
8
BLACK
6
CONTINUOUS
10
5.9874510236220475
20
-3.6716637401574803
11
5.9889746456692912
21
-3.6706131102362205
0
LINE
8
BLACK
6
CONTINUOUS
10
5.9889746456692912
20
-3.6706131102362205
11
5.9890979133858266
21
-3.6705268897637793
0
LINE
8
BLACK
6
CONTINUOUS
10
5.9890979133858266
20
-3.6705268897637793
11
5.9908946062992126
21
-3.669272244094488
0
LINE
8
BLACK
6
CONTINUOUS
10
5.9908946062992126
20
-3.669272244094488
11
5.9929532677165351
21
-3.6678391732283462
0
LINE
8
BLACK
6
CONTINUOUS
10
5.9929532677165351
20
-3.6678391732283462
11
5.9948878346456693
21
-3.6664962992125982
0
LINE
8
BLACK
6
CONTINUOUS
10
5.9948878346456693
20
-3.6664962992125982
11
5.9952672047244091
21
-3.666233622047244
0
LINE
8
BLACK
6
CONTINUOUS
10
5.9952672047244091
20
-3.666233622047244
11
5.9984320472440942
21
-3.6640434251968501
0
LINE
8
BLACK
6
CONTINUOUS
10
5.9984320472440942
20
-3.6640434251968501
11
6.0045191732283465
21
-3.668324409448819
0
LINE
8
BLACK
6
CONTINUOUS
10
6.0045191732283465
20
-3.668324409448819
11
6.0064225196850396
21
-3.6696418503937007
0
LINE
8
BLACK
6
CONTINUOUS
10
6.0064225196850396
20
-3.6696418503937007
11
6.0080949212598425
21
-3.6707591338582675
0
LINE
8
BLACK
6
CONTINUOUS
10
6.0080949212598425
20
-3.6707591338582675
11
6.0094357874015749
21
-3.6716123228346458
0
LINE
8
BLACK
6
CONTINUOUS
10
6.0094357874015749
20
-3.6716123228346458
11
6.0103444881889763
21
-3.6721375984251967
0
LINE
8
BLACK
6
CONTINUOUS
10
6.0103444881889763
20
-3.6721375984251967
11
6.0107203937007876
21
-3.6722709448818898
0
LINE
8
BLACK
6
CONTINUOUS
10
6.0107203937007876
20
-3.6722709448818898
11
6.0107237795275585
21
-3.6722651968503937
0
LINE
8
BLACK
6
CONTINUOUS
10
6.0107237795275585
20
-3.6722651968503937
11
6.0106568503937003
21
-3.6717955511811025
0
LINE
8
BLACK
6
CONTINUOUS
10
6.0106568503937003
20
-3.6717955511811025
11
6.0103996850393697
21
-3.6706958267716536
0
LINE
8
BLACK
6
CONTINUOUS
10
6.0103996850393697
20
-3.6706958267716536
11
6.0099846850393703
21
-3.6690913779527556
0
LINE
8
BLACK
6
CONTINUOUS
10
6.0099846850393703
20
-3.6690913779527556
11
6.0094441732283466
21
-3.6671073622047241
0
LINE
8
BLACK
6
CONTINUOUS
10
6.0094441732283466
20
-3.6671073622047241
11
6.0088292125984246
21
-3.664933937007874
0
LINE
8
BLACK
6
CONTINUOUS
10
6.0088292125984246
20
-3.664933937007874
11
6.008210826771653
21
-3.6627118503937006
0
LINE
8
BLACK
6
CONTINUOUS
10
6.008210826771653
20
-3.6627118503937006
11
6.007706535433071
21
-3.6607555118110233
0
LINE
8
BLACK
6
CONTINUOUS
10
6.007706535433071
20
-3.6607555118110233
11
6.0073446850393699
21
-3.6591875196850392
0
LINE
8
BLACK
6
CONTINUOUS
10
6.0073446850393699
20
-3.6591875196850392
11
6.0071535433070862
21
-3.6581303543307087
0
LINE
8
BLACK
6
CONTINUOUS
10
6.0071535433070862
20
-3.6581303543307087
11
6.0071596850393698
21
-3.6577076377952755
0
LINE
8
BLACK
6
CONTINUOUS
10
6.0071596850393698
20
-3.6577076377952755
11
6.0078346456692913
21
-3.657211377952756
0
LINE
8
BLACK
6
CONTINUOUS
10
6.0078346456692913
20
-3.657211377952756
11
6.008929409448819
21
-3.6563703543307087
0
LINE
8
BLACK
6
CONTINUOUS
10
6.008929409448819
20
-3.6563703543307087
11
6.0103210236220468
21
-3.6552827165354329
0
LINE
8
BLACK
6
CONTINUOUS
10
6.0103210236220468
20
-3.6552827165354329
11
6.0118864566929133
21
-3.6540464960629921
0
LINE
8
BLACK
6
CONTINUOUS
10
6.0118864566929133
20
-3.6540464960629921
11
6.0135026377952752
21
-3.6527598818897635
0
LINE
8
BLACK
6
CONTINUOUS
10
6.0135026377952752
20
-3.6527598818897635
11
6.0150466535433074
21
-3.651520905511811
0
LINE
8
BLACK
6
CONTINUOUS
10
6.0150466535433074
20
-3.651520905511811
11
6.0163953937007877
21
-3.6504277165354329
0
LINE
8
BLACK
6
CONTINUOUS
10
6.0163953937007877
20
-3.6504277165354329
11
6.0174259055118107
21
-3.6495783464566927
0
LINE
8
BLACK
6
CONTINUOUS
10
6.0174259055118107
20
-3.6495783464566927
11
6.0180151574803151
21
-3.6490709842519684
0
LINE
8
BLACK
6
CONTINUOUS
10
6.0180151574803151
20
-3.6490709842519684
11
6.0181039763779527
21
-3.6489797637795274
0
LINE
8
BLACK
6
CONTINUOUS
10
6.0181039763779527
20
-3.6489797637795274
11
6.0179214566929131
21
-3.6487349212598423
0
LINE
8
BLACK
6
CONTINUOUS
10
6.0179214566929131
20
-3.6487349212598423
11
6.0171785433070868
21
-3.6486119685039369
0
LINE
8
BLACK
6
CONTINUOUS
10
6.0171785433070868
20
-3.6486119685039369
11
6.0170271653543308
21
-3.6486088188976376
0
LINE
8
BLACK
6
CONTINUOUS
10
6.0170271653543308
20
-3.6486088188976376
11
6.015387283464567
21
-3.6485829527559055
0
LINE
8
BLACK
6
CONTINUOUS
10
6.015387283464567
20
-3.6485829527559055
11
6.013438267716535
21
-3.648522716535433
0
LINE
8
BLACK
6
CONTINUOUS
10
6.013438267716535
20
-3.648522716535433
11
6.0113308661417317
21
-3.648436220472441
0
LINE
8
BLACK
6
CONTINUOUS
10
6.0113308661417317
20
-3.648436220472441
11
6.0092159055118106
21
-3.6483318110236218
0
LINE
8
BLACK
6
CONTINUOUS
10
6.0092159055118106
20
-3.6483318110236218
11
6.0072442125984251
21
-3.648217716535433
0
LINE
8
BLACK
6
CONTINUOUS
10
6.0072442125984251
20
-3.648217716535433
11
6.0055665354330703
21
-3.6481021259842521
0
LINE
8
BLACK
6
CONTINUOUS
10
6.0055665354330703
20
-3.6481021259842521
11
6.0043337007874014
21
-3.6479932677165352
0
LINE
8
BLACK
6
CONTINUOUS
10
6.0043337007874014
20
-3.6479932677165352
11
6.0036965354330709
21
-3.6478994488188974
0
LINE
8
BLACK
6
CONTINUOUS
10
6.0036965354330709
20
-3.6478994488188974
11
6.0036462598425198
21
-3.6478778346456693
0
LINE
8
BLACK
6
CONTINUOUS
10
6.0036462598425198
20
-3.6478778346456693
11
6.0034228346456695
21
-3.647442086614173
0
LINE
8
BLACK
6
CONTINUOUS
10
6.0034228346456695
20
-3.647442086614173
11
6.0029783464566924
21
-3.6463986614173227
0
LINE
8
BLACK
6
CONTINUOUS
10
6.0029783464566924
20
-3.6463986614173227
11
6.0023657874015743
21
-3.6448781889763779
0
LINE
8
BLACK
6
CONTINUOUS
10
6.0023657874015743
20
-3.6448781889763779
11
6.0016382283464562
21
-3.6430111417322832
0
LINE
8
BLACK
6
CONTINUOUS
10
6.0016382283464562
20
-3.6430111417322832
11
6.001147913385827
21
-3.6417244094488188
0
LINE
8
BLACK
6
CONTINUOUS
10
6.001147913385827
20
-3.6417244094488188
11
6.0003703543307081
21
-3.6396812204724407
0
LINE
8
BLACK
6
CONTINUOUS
10
6.0003703543307081
20
-3.6396812204724407
11
5.9996732283464569
21
-3.6378769291338582
0
LINE
8
BLACK
6
CONTINUOUS
10
5.9996732283464569
20
-3.6378769291338582
11
5.999110787401575
21
-3.6364498425196849
0
LINE
8
BLACK
6
CONTINUOUS
10
5.999110787401575
20
-3.6364498425196849
11
5.9987372834645667
21
-3.6355383070866143
0
LINE
8
BLACK
6
CONTINUOUS
10
5.9987372834645667
20
-3.6355383070866143
11
5.9986260236220472
21
-3.6352956299212598
0
LINE
8
BLACK
6
CONTINUOUS
10
5.9986260236220472
20
-3.6352956299212598
11
5.9985246850393699
21
-3.6351287401574801
0
LINE
8
BLACK
6
CONTINUOUS
10
5.9985246850393699
20
-3.6351287401574801
11
5.9984181889763777
21
-3.6350826377952754
0
LINE
8
BLACK
6
CONTINUOUS
10
5.9984181889763777
20
-3.6350826377952754
11
5.9982707874015748
21
-3.6352408267716534
0
LINE
8
BLACK
6
CONTINUOUS
10
5.9982707874015748
20
-3.6352408267716534
11
5.9980465354330708
21
-3.6356868897637793
0
LINE
8
BLACK
6
CONTINUOUS
10
5.9980465354330708
20
-3.6356868897637793
11
5.9977096062992121
21
-3.6365044094488188
0
LINE
8
BLACK
6
CONTINUOUS
10
5.9977096062992121
20
-3.6365044094488188
11
5.9972241732283464
21
-3.637776929133858
0
LINE
8
BLACK
6
CONTINUOUS
10
5.9972241732283464
20
-3.637776929133858
11
5.9965543307086611
21
-3.6395879921259842
0
LINE
8
BLACK
6
CONTINUOUS
10
5.9965543307086611
20
-3.6395879921259842
11
5.9956642519685035
21
-3.6420211417322834
0
LINE
8
BLACK
6
CONTINUOUS
10
5.9956642519685035
20
-3.6420211417322834
11
5.9952336220472437
21
-3.6432007874015748
0
LINE
8
BLACK
6
CONTINUOUS
10
5.9952336220472437
20
-3.6432007874015748
11
5.9934011023622045
21
-3.6482204724409448
0
LINE
8
BLACK
6
CONTINUOUS
10
5.9934011023622045
20
-3.6482204724409448
11
5.989602125984252
21
-3.6482645275590548
0
LINE
8
BLACK
6
CONTINUOUS
10
5.989602125984252
20
-3.6482645275590548
11
5.9873343307086611
21
-3.6483161417322836
0
LINE
8
BLACK
6
CONTINUOUS
10
5.9873343307086611
20
-3.6483161417322836
11
5.9847858661417321
21
-3.6484127559055115
0
LINE
8
BLACK
6
CONTINUOUS
10
5.9847858661417321
20
-3.6484127559055115
11
5.9824444094488189
21
-3.6485351574803149
0
LINE
8
BLACK
6
CONTINUOUS
10
5.9824444094488189
20
-3.6485351574803149
11
5.982062992125984
21
-3.648559803149606
0
LINE
8
BLACK
6
CONTINUOUS
10
5.982062992125984
20
-3.648559803149606
11
5.9783228346456694
21
-3.6488110236220472
0
LINE
8
BLACK
6
CONTINUOUS
10
5.9783228346456694
20
-3.6488110236220472
11
5.984129921259842
21
-3.6533261417322835
0
LINE
8
BLACK
6
CONTINUOUS
10
5.9162472834645667
20
-3.6323015748031495
11
5.9170823228346459
21
-3.6330178740157479
0
LINE
8
BLACK
6
CONTINUOUS
10
5.9170823228346459
20
-3.6330178740157479
11
5.918349724409449
21
-3.6340494094488189
0
LINE
8
BLACK
6
CONTINUOUS
10
5.918349724409449
20
-3.6340494094488189
11
5.9199514960629918
21
-3.635316496062992
0
LINE
8
BLACK
6
CONTINUOUS
10
5.9199514960629918
20
-3.635316496062992
11
5.9217896850393696
21
-3.6367394094488188
0
LINE
8
BLACK
6
CONTINUOUS
10
5.9217896850393696
20
-3.6367394094488188
11
5.9218099999999998
21
-3.636755
0
LINE
8
BLACK
6
CONTINUOUS
10
5.9218099999999998
20
-3.636755
11
5.9238561811023622
21
-3.6383296456692911
0
LINE
8
BLACK
6
CONTINUOUS
10
5.9238561811023622
20
-3.6383296456692911
11
5.9253522440944879
21
-3.6395088582677166
0
LINE
8
BLACK
6
CONTINUOUS
10
5.9253522440944879
20
-3.6395088582677166
11
5.9263767716535432
21
-3.640371181102362
0
LINE
8
BLACK
6
CONTINUOUS
10
5.9263767716535432
20
-3.640371181102362
11
5.927008267716535
21
-3.6409953149606298
0
LINE
8
BLACK
6
CONTINUOUS
10
5.927008267716535
20
-3.6409953149606298
11
5.9273253149606298
21
-3.6414598425196849
0
LINE
8
BLACK
6
CONTINUOUS
10
5.9273253149606298
20
-3.6414598425196849
11
5.9274064566929132
21
-3.6418434251968503
0
LINE
8
BLACK
6
CONTINUOUS
10
5.9274064566929132
20
-3.6418434251968503
11
5.9273302755905508
21
-3.6422246850393698
0
LINE
8
BLACK
6
CONTINUOUS
10
5.9273302755905508
20
-3.6422246850393698
11
5.9273166535433068
21
-3.6422668110236218
0
LINE
8
BLACK
6
CONTINUOUS
10
5.9273166535433068
20
-3.6422668110236218
11
5.9269195669291337
21
-3.643503346456693
0
LINE
8
BLACK
6
CONTINUOUS
10
5.9269195669291337
20
-3.643503346456693
11
5.9264005905511814
21
-3.6451607086614173
0
LINE
8
BLACK
6
CONTINUOUS
10
5.9264005905511814
20
-3.6451607086614173
11
5.9258096062992127
21
-3.6470749606299213
0
LINE
8
BLACK
6
CONTINUOUS
10
5.9258096062992127
20
-3.6470749606299213
11
5.9251963779527559
21
-3.6490821653543306
0
LINE
8
BLACK
6
CONTINUOUS
10
5.9251963779527559
20
-3.6490821653543306
11
5.9246106692913383
21
-3.6510183858267715
0
LINE
8
BLACK
6
CONTINUOUS
10
5.9246106692913383
20
-3.6510183858267715
11
5.9241023622047244
21
-3.6527196850393699
0
LINE
8
BLACK
6
CONTINUOUS
10
5.9241023622047244
20
-3.6527196850393699
11
5.923721181102362
21
-3.6540221653543306
0
LINE
8
BLACK
6
CONTINUOUS
10
5.923721181102362
20
-3.6540221653543306
11
5.9235169685039368
21
-3.6547618897637792
0
LINE
8
BLACK
6
CONTINUOUS
10
5.9235169685039368
20
-3.6547618897637792
11
5.9235044881889767
21
-3.6548149606299214
0
LINE
8
BLACK
6
CONTINUOUS
10
5.9235044881889767
20
-3.6548149606299214
11
5.9234505118110237
21
-3.6554979133858265
0
LINE
8
BLACK
6
CONTINUOUS
10
5.9234505118110237
20
-3.6554979133858265
11
5.9235732283464566
21
-3.6557007874015746
0
LINE
8
BLACK
6
CONTINUOUS
10
5.9235732283464566
20
-3.6557007874015746
11
5.9239651181102362
21
-3.6554861417322835
0
LINE
8
BLACK
6
CONTINUOUS
10
5.9239651181102362
20
-3.6554861417322835
11
5.9248946850393702
21
-3.6548896062992124
0
LINE
8
BLACK
6
CONTINUOUS
10
5.9248946850393702
20
-3.6548896062992124
11
5.9262554724409444
21
-3.6539820472440945
0
LINE
8
BLACK
6
CONTINUOUS
10
5.9262554724409444
20
-3.6539820472440945
11
5.9279410629921259
21
-3.6528344881889763
0
LINE
8
BLACK
6
CONTINUOUS
10
5.9279410629921259
20
-3.6528344881889763
11
5.929774566929134
21
-3.6515669291338582
0
LINE
8
BLACK
6
CONTINUOUS
10
5.929774566929134
20
-3.6515669291338582
11
5.9316738976377952
21
-3.6502548031496063
0
LINE
8
BLACK
6
CONTINUOUS
10
5.9316738976377952
20
-3.6502548031496063
11
5.9333525984251967
21
-3.6491143700787401
0
LINE
8
BLACK
6
CONTINUOUS
10
5.9333525984251967
20
-3.6491143700787401
11
5.9347039370078738
21
-3.6482166535433072
0
LINE
8
BLACK
6
CONTINUOUS
10
5.9347039370078738
20
-3.6482166535433072
11
5.935620984251968
21
-3.6476326771653542
0
LINE
8
BLACK
6
CONTINUOUS
10
5.935620984251968
20
-3.6476326771653542
11
5.9359939763779526
21
-3.6474330708661418
0
LINE
8
BLACK
6
CONTINUOUS
10
5.9359939763779526
20
-3.6474330708661418
11
5.9364449606299212
21
-3.647647283464567
0
LINE
8
BLACK
6
CONTINUOUS
10
5.9364449606299212
20
-3.647647283464567
11
5.9373043307086615
21
-3.6481981496062992
0
LINE
8
BLACK
6
CONTINUOUS
10
5.9373043307086615
20
-3.6481981496062992
11
5.9380078346456688
21
-3.6486934251968504
0
LINE
8
BLACK
6
CONTINUOUS
10
5.9380078346456688
20
-3.6486934251968504
11
5.939881692913386
21
-3.6500437795275591
0
LINE
8
BLACK
6
CONTINUOUS
10
5.939881692913386
20
-3.6500437795275591
11
5.9418035826771654
21
-3.6514061023622046
0
LINE
8
BLACK
6
CONTINUOUS
10
5.9418035826771654
20
-3.6514061023622046
11
5.9436611811023621
21
-3.6527032677165354
0
LINE
8
BLACK
6
CONTINUOUS
10
5.9436611811023621
20
-3.6527032677165354
11
5.9453420866141728
21
-3.653858149606299
0
LINE
8
BLACK
6
CONTINUOUS
10
5.9453420866141728
20
-3.653858149606299
11
5.9467338582677165
21
-3.6547935826771654
0
LINE
8
BLACK
6
CONTINUOUS
10
5.9467338582677165
20
-3.6547935826771654
11
5.9477242125984251
21
-3.6554325196850392
0
LINE
8
BLACK
6
CONTINUOUS
10
5.9477242125984251
20
-3.6554325196850392
11
5.9482006692913387
21
-3.6556977165354332
0
LINE
8
BLACK
6
CONTINUOUS
10
5.9482006692913387
20
-3.6556977165354332
11
5.9482175196850395
21
-3.6557007874015746
0
LINE
8
BLACK
6
CONTINUOUS
10
5.9482175196850395
20
-3.6557007874015746
11
5.948189251968504
21
-3.6553459842519684
0
LINE
8
BLACK
6
CONTINUOUS
10
5.948189251968504
20
-3.6553459842519684
11
5.9479760629921259
21
-3.6543733464566928
0
LINE
8
BLACK
6
CONTINUOUS
10
5.9479760629921259
20
-3.6543733464566928
11
5.9476151968503936
21
-3.6529203543307087
0
LINE
8
BLACK
6
CONTINUOUS
10
5.9476151968503936
20
-3.6529203543307087
11
5.9471439763779523
21
-3.6511245669291337
0
LINE
8
BLACK
6
CONTINUOUS
10
5.9471439763779523
20
-3.6511245669291337
11
5.9465996062992126
21
-3.6491234251968505
0
LINE
8
BLACK
6
CONTINUOUS
10
5.9465996062992126
20
-3.6491234251968505
11
5.9465120078740155
21
-3.6488110236220472
0
LINE
8
BLACK
6
CONTINUOUS
10
5.9465120078740155
20
-3.6488110236220472
11
5.9460194488188973
21
-3.6470545275590549
0
LINE
8
BLACK
6
CONTINUOUS
10
5.9460194488188973
20
-3.6470545275590549
11
5.9454407480314959
21
-3.6450553543307085
0
LINE
8
BLACK
6
CONTINUOUS
10
5.9454407480314959
20
-3.6450553543307085
11
5.9449007874015747
21
-3.6432634645669291
0
LINE
8
BLACK
6
CONTINUOUS
10
5.9449007874015747
20
-3.6432634645669291
11
5.9445238976377954
21
-3.6420779133858265
0
LINE
8
BLACK
6
CONTINUOUS
10
5.9445238976377954
20
-3.6420779133858265
11
5.9445006299212597
21
-3.6417235039370079
0
LINE
8
BLACK
6
CONTINUOUS
10
5.9445006299212597
20
-3.6417235039370079
11
5.9447055905511812
21
-3.6412910236220473
0
LINE
8
BLACK
6
CONTINUOUS
10
5.9447055905511812
20
-3.6412910236220473
11
5.9452154330708664
21
-3.640706377952756
0
LINE
8
BLACK
6
CONTINUOUS
10
5.9452154330708664
20
-3.640706377952756
11
5.9461066929133857
21
-3.6398955118110234
0
LINE
8
BLACK
6
CONTINUOUS
10
5.9461066929133857
20
-3.6398955118110234
11
5.9474559448818898
21
-3.6387842519685036
0
LINE
8
BLACK
6
CONTINUOUS
10
5.9474559448818898
20
-3.6387842519685036
11
5.949339724409449
21
-3.6372986220472439
0
LINE
8
BLACK
6
CONTINUOUS
10
5.949339724409449
20
-3.6372986220472439
11
5.9499683070866141
21
-3.6368093700787401
0
LINE
8
BLACK
6
CONTINUOUS
10
5.9499683070866141
20
-3.6368093700787401
11
5.9517817716535433
21
-3.6353828740157481
0
LINE
8
BLACK
6
CONTINUOUS
10
5.9517817716535433
20
-3.6353828740157481
11
5.9533581496062995
21
-3.6341090157480314
0
LINE
8
BLACK
6
CONTINUOUS
10
5.9533581496062995
20
-3.6341090157480314
11
5.9545994488188976
21
-3.6330697637795275
0
LINE
8
BLACK
6
CONTINUOUS
10
5.9545994488188976
20
-3.6330697637795275
11
5.9554075984251966
21
-3.6323471653543304
0
LINE
8
BLACK
6
CONTINUOUS
10
5.9554075984251966
20
-3.6323471653543304
11
5.9556850393700786
21
-3.6320267322834643
0
LINE
8
BLACK
6
CONTINUOUS
10
5.9556850393700786
20
-3.6320267322834643
11
5.9553124409448817
21
-3.6319155118110236
0
LINE
8
BLACK
6
CONTINUOUS
10
5.9553124409448817
20
-3.6319155118110236
11
5.9542792125984247
21
-3.6318194881889765
0
LINE
8
BLACK
6
CONTINUOUS
10
5.9542792125984247
20
-3.6318194881889765
11
5.9527120078740152
21
-3.6317448818897637
0
LINE
8
BLACK
6
CONTINUOUS
10
5.9527120078740152
20
-3.6317448818897637
11
5.9507374409448817
21
-3.631698149606299
0
LINE
8
BLACK
6
CONTINUOUS
10
5.9507374409448817
20
-3.631698149606299
11
5.9488705118110232
21
-3.6316850393700788
0
LINE
8
BLACK
6
CONTINUOUS
10
5.9488705118110232
20
-3.6316850393700788
11
5.9460455511811023
21
-3.6316635826771653
0
LINE
8
BLACK
6
CONTINUOUS
10
5.9460455511811023
20
-3.6316635826771653
11
5.9439427165354326
21
-3.6315963779527558
0
LINE
8
BLACK
6
CONTINUOUS
10
5.9439427165354326
20
-3.6315963779527558
11
5.9424978740157481
21
-3.6314792125984252
0
LINE
8
BLACK
6
CONTINUOUS
10
5.9424978740157481
20
-3.6314792125984252
11
5.9416467716535433
21
-3.6313078740157478
0
LINE
8
BLACK
6
CONTINUOUS
10
5.9416467716535433
20
-3.6313078740157478
11
5.9414135433070863
21
-3.6311929133858265
0
LINE
8
BLACK
6
CONTINUOUS
10
5.9414135433070863
20
-3.6311929133858265
11
5.9410609842519682
21
-3.6306681889763777
0
LINE
8
BLACK
6
CONTINUOUS
10
5.9410609842519682
20
-3.6306681889763777
11
5.9405063385826766
21
-3.6295403543307088
0
LINE
8
BLACK
6
CONTINUOUS
10
5.9405063385826766
20
-3.6295403543307088
11
5.9398112992125984
21
-3.6279481889763781
0
LINE
8
BLACK
6
CONTINUOUS
10
5.9398112992125984
20
-3.6279481889763781
11
5.9390376771653539
21
-3.6260304330708659
0
LINE
8
BLACK
6
CONTINUOUS
10
5.9390376771653539
20
-3.6260304330708659
11
5.9385690551181103
21
-3.6248016141732284
0
LINE
8
BLACK
6
CONTINUOUS
10
5.9385690551181103
20
-3.6248016141732284
11
5.9378014566929131
21
-3.622776968503937
0
LINE
8
BLACK
6
CONTINUOUS
10
5.9378014566929131
20
-3.622776968503937
11
5.9371097244094484
21
-3.621011535433071
0
LINE
8
BLACK
6
CONTINUOUS
10
5.9371097244094484
20
-3.621011535433071
11
5.9365477559055115
21
-3.6196382283464565
0
LINE
8
BLACK
6
CONTINUOUS
10
5.9365477559055115
20
-3.6196382283464565
11
5.9361693307086609
21
-3.618789960629921
0
LINE
8
BLACK
6
CONTINUOUS
10
5.9361693307086609
20
-3.618789960629921
11
5.9360512992125987
21
-3.6185867322834646
0
LINE
8
BLACK
6
CONTINUOUS
10
5.9360512992125987
20
-3.6185867322834646
11
5.9358423622047241
21
-3.6188478346456692
0
LINE
8
BLACK
6
CONTINUOUS
10
5.9358423622047241
20
-3.6188478346456692
11
5.9354242913385828
21
-3.6197066929133856
0
LINE
8
BLACK
6
CONTINUOUS
10
5.9354242913385828
20
-3.6197066929133856
11
5.9348531102362205
21
-3.6210196850393701
0
LINE
8
BLACK
6
CONTINUOUS
10
5.9348531102362205
20
-3.6210196850393701
11
5.934185039370079
21
-3.622643149606299
0
LINE
8
BLACK
6
CONTINUOUS
10
5.934185039370079
20
-3.622643149606299
11
5.9334761023622047
21
-3.6244335039370079
0
LINE
8
BLACK
6
CONTINUOUS
10
5.9334761023622047
20
-3.6244335039370079
11
5.9327824803149607
21
-3.6262471259842517
0
LINE
8
BLACK
6
CONTINUOUS
10
5.9327824803149607
20
-3.6262471259842517
11
5.9321602755905509
21
-3.6279403937007872
0
LINE
8
BLACK
6
CONTINUOUS
10
5.9321602755905509
20
-3.6279403937007872
11
5.9316656299212598
21
-3.6293696456692914
0
LINE
8
BLACK
6
CONTINUOUS
10
5.9316656299212598
20
-3.6293696456692914
11
5.9313546062992124
21
-3.6303912992125982
0
LINE
8
BLACK
6
CONTINUOUS
10
5.9313546062992124
20
-3.6303912992125982
11
5.9312755905511807
21
-3.6308090157480315
0
LINE
8
BLACK
6
CONTINUOUS
10
5.9312755905511807
20
-3.6308090157480315
11
5.931137440944882
21
-3.6311012204724409
0
LINE
8
BLACK
6
CONTINUOUS
10
5.931137440944882
20
-3.6311012204724409
11
5.930666338582677
21
-3.6313228740157482
0
LINE
8
BLACK
6
CONTINUOUS
10
5.930666338582677
20
-3.6313228740157482
11
5.929776968503937
21
-3.6314826771653541
0
LINE
8
BLACK
6
CONTINUOUS
10
5.929776968503937
20
-3.6314826771653541
11
5.9283842125984254
21
-3.6315892519685038
0
LINE
8
BLACK
6
CONTINUOUS
10
5.9283842125984254
20
-3.6315892519685038
11
5.9264028346456694
21
-3.6316512992125984
0
LINE
8
BLACK
6
CONTINUOUS
10
5.9264028346456694
20
-3.6316512992125984
11
5.9237476377952758
21
-3.631677401574803
0
LINE
8
BLACK
6
CONTINUOUS
10
5.9237476377952758
20
-3.631677401574803
11
5.9227125984251972
21
-3.6316796456692915
0
LINE
8
BLACK
6
CONTINUOUS
10
5.9227125984251972
20
-3.6316796456692915
11
5.920501062992126
21
-3.6316975984251969
0
LINE
8
BLACK
6
CONTINUOUS
10
5.920501062992126
20
-3.6316975984251969
11
5.9185932283464568
21
-3.6317439763779529
0
LINE
8
BLACK
6
CONTINUOUS
10
5.9185932283464568
20
-3.6317439763779529
11
5.9171154724409449
21
-3.6318132283464566
0
LINE
8
BLACK
6
CONTINUOUS
10
5.9171154724409449
20
-3.6318132283464566
11
5.9161940944881888
21
-3.6318996850393699
0
LINE
8
BLACK
6
CONTINUOUS
10
5.9161940944881888
20
-3.6318996850393699
11
5.9159424803149605
21
-3.63198031496063
0
LINE
8
BLACK
6
CONTINUOUS
10
5.9159424803149605
20
-3.63198031496063
11
5.9162472834645667
21
-3.6323015748031495
0
LINE
8
BLACK
6
CONTINUOUS
10
6.1757759448818899
20
-3.8694567322834645
11
6.1758443700787398
21
-3.8694850787401576
0
LINE
8
BLACK
6
CONTINUOUS
10
6.1758443700787398
20
-3.8694850787401576
11
6.1759185039370079
21
-3.8694878346456694
0
LINE
8
BLACK
6
CONTINUOUS
10
6.1759185039370079
20
-3.8694878346456694
11
6.1766482283464565
21
-3.8697390944881889
0
LINE
8
BLACK
6
CONTINUOUS
10
6.1766482283464565
20
-3.8697390944881889
11
6.1811476771653542
21
-3.8718013385826771
0
LINE
8
BLACK
6
CONTINUOUS
10
6.1811476771653542
20
-3.8718013385826771
11
6.181453346456693
21
-3.8719795669291339
0
LINE
8
BLACK
6
CONTINUOUS
10
6.181453346456693
20
-3.8719795669291339
11
6.1815503937007872
21
-3.8720149212598423
0
LINE
8
BLACK
6
CONTINUOUS
10
6.1815503937007872
20
-3.8720149212598423
11
6.1816773228346458
21
-3.8721101574803147
0
LINE
8
BLACK
6
CONTINUOUS
10
6.1816773228346458
20
-3.8721101574803147
11
6.181814409448819
21
-3.8721901181102361
0
LINE
8
BLACK
6
CONTINUOUS
10
6.181814409448819
20
-3.8721901181102361
11
6.1818846456692915
21
-3.8722657874015747
0
LINE
8
BLACK
6
CONTINUOUS
10
6.1818846456692915
20
-3.8722657874015747
11
6.1821676771653538
21
-3.8724781889763777
0
LINE
8
BLACK
6
CONTINUOUS
10
6.1821676771653538
20
-3.8724781889763777
11
6.1844173622047247
21
-3.8745404330708659
0
LINE
8
BLACK
6
CONTINUOUS
10
6.1844173622047247
20
-3.8745404330708659
11
6.184698937007874
21
-3.8748546062992126
0
LINE
8
BLACK
6
CONTINUOUS
10
6.184698937007874
20
-3.8748546062992126
11
6.1847790944881886
21
-3.8749192913385824
0
LINE
8
BLACK
6
CONTINUOUS
10
6.1847790944881886
20
-3.8749192913385824
11
6.1848491732283462
21
-3.8750222834645669
0
LINE
8
BLACK
6
CONTINUOUS
10
6.1848491732283462
20
-3.8750222834645669
11
6.1849324409448814
21
-3.8751151968503934
0
LINE
8
BLACK
6
CONTINUOUS
10
6.1849324409448814
20
-3.8751151968503934
11
6.1849759448818897
21
-3.8752085826771654
0
LINE
8
BLACK
6
CONTINUOUS
10
6.1849759448818897
20
-3.8752085826771654
11
6.185213307086614
21
-3.8755573622047241
0
LINE
8
BLACK
6
CONTINUOUS
10
6.185213307086614
20
-3.8755573622047241
11
6.1874629921259841
21
-3.8796818503937005
0
LINE
8
BLACK
6
CONTINUOUS
10
6.1874629921259841
20
-3.8796818503937005
11
6.1877644094488184
21
-3.8803923228346457
0
LINE
8
BLACK
6
CONTINUOUS
10
6.1877644094488184
20
-3.8803923228346457
11
6.1877869685039366
21
-3.8806031102362204
0
LINE
8
BLACK
6
CONTINUOUS
10
6.1877869685039366
20
-3.8806031102362204
11
6.1878681102362201
21
-3.8807990157480314
0
LINE
8
BLACK
6
CONTINUOUS
10
6.1878681102362201
20
-3.8807990157480314
11
6.1879437401574799
21
-3.8815670866141732
0
LINE
8
BLACK
6
CONTINUOUS
10
6.1879437401574799
20
-3.8815670866141732
11
6.1879437401574799
21
-3.8856915748031495
0
LINE
8
BLACK
6
CONTINUOUS
10
6.1879437401574799
20
-3.8856915748031495
11
6.1878940157480313
21
-3.8861964566929132
0
LINE
8
BLACK
6
CONTINUOUS
10
6.1878940157480313
20
-3.8861964566929132
11
6.1878981102362207
21
-3.8862893700787402
0
LINE
8
BLACK
6
CONTINUOUS
10
6.1878981102362207
20
-3.8862893700787402
11
6.1878765748031492
21
-3.886373346456693
0
LINE
8
BLACK
6
CONTINUOUS
10
6.1878765748031492
20
-3.886373346456693
11
6.1878681102362201
21
-3.8864596456692913
0
LINE
8
BLACK
6
CONTINUOUS
10
6.1878681102362201
20
-3.8864596456692913
11
6.1878325196850392
21
-3.8865455511811025
0
LINE
8
BLACK
6
CONTINUOUS
10
6.1878325196850392
20
-3.8865455511811025
11
6.1877066929133857
21
-3.8870370472440943
0
LINE
8
BLACK
6
CONTINUOUS
10
6.1877066929133857
20
-3.8870370472440943
11
6.1854569685039369
21
-3.8932237401574801
0
LINE
8
BLACK
6
CONTINUOUS
10
6.1854569685039369
20
-3.8932237401574801
11
6.1851234251968501
21
-3.8939197244094488
0
LINE
8
BLACK
6
CONTINUOUS
10
6.1851234251968501
20
-3.8939197244094488
11
6.1850059448818895
21
-3.8940479527559053
0
LINE
8
BLACK
6
CONTINUOUS
10
6.1850059448818895
20
-3.8940479527559053
11
6.1849324409448814
21
-3.8942057480314958
0
LINE
8
BLACK
6
CONTINUOUS
10
6.1849324409448814
20
-3.8942057480314958
11
6.1844173622047247
21
-3.8947804724409449
0
LINE
8
BLACK
6
CONTINUOUS
10
6.1844173622047247
20
-3.8947804724409449
11
6.1648816535433069
21
-3.9126881889763778
0
LINE
8
BLACK
6
CONTINUOUS
10
6.1648816535433069
20
-3.9126881889763778
11
6.1840067322834642
21
-3.9126881889763778
0
LINE
8
BLACK
6
CONTINUOUS
10
6.1840067322834642
20
-3.9126881889763778
11
6.1847748031496064
21
-3.9127638188976377
0
LINE
8
BLACK
6
CONTINUOUS
10
6.1847748031496064
20
-3.9127638188976377
11
6.1861940157480317
21
-3.9133516929133858
0
LINE
8
BLACK
6
CONTINUOUS
10
6.1861940157480317
20
-3.9133516929133858
11
6.187280236220472
21
-3.9144379133858265
0
LINE
8
BLACK
6
CONTINUOUS
10
6.187280236220472
20
-3.9144379133858265
11
6.1878681102362201
21
-3.9158571259842518
0
LINE
8
BLACK
6
CONTINUOUS
10
6.1878681102362201
20
-3.9158571259842518
11
6.1878681102362201
21
-3.9173932677165353
0
LINE
8
BLACK
6
CONTINUOUS
10
6.1878681102362201
20
-3.9173932677165353
11
6.187280236220472
21
-3.9188124803149607
0
LINE
8
BLACK
6
CONTINUOUS
10
6.187280236220472
20
-3.9188124803149607
11
6.1861940157480317
21
-3.9198987007874013
0
LINE
8
BLACK
6
CONTINUOUS
10
6.1861940157480317
20
-3.9198987007874013
11
6.1847748031496064
21
-3.9204865748031494
0
LINE
8
BLACK
6
CONTINUOUS
10
6.1847748031496064
20
-3.9204865748031494
11
6.1840067322834642
21
-3.9205622047244093
0
LINE
8
BLACK
6
CONTINUOUS
10
6.1840067322834642
20
-3.9205622047244093
11
6.1547603937007871
21
-3.9205622047244093
0
LINE
8
BLACK
6
CONTINUOUS
10
6.1547603937007871
20
-3.9205622047244093
11
6.1539923228346458
21
-3.9204865748031494
0
LINE
8
BLACK
6
CONTINUOUS
10
6.1539923228346458
20
-3.9204865748031494
11
6.153912047244094
21
-3.9204533070866141
0
LINE
8
BLACK
6
CONTINUOUS
10
6.153912047244094
20
-3.9204533070866141
11
6.1538253149606295
21
-3.9204495669291339
0
LINE
8
BLACK
6
CONTINUOUS
10
6.1538253149606295
20
-3.9204495669291339
11
6.1532047637795273
21
-3.9201603149606297
0
LINE
8
BLACK
6
CONTINUOUS
10
6.1532047637795273
20
-3.9201603149606297
11
6.1525731102362204
21
-3.9198987007874013
0
LINE
8
BLACK
6
CONTINUOUS
10
6.1525731102362204
20
-3.9198987007874013
11
6.1525117716535433
21
-3.9198373622047242
0
LINE
8
BLACK
6
CONTINUOUS
10
6.1525117716535433
20
-3.9198373622047242
11
6.1524329527559054
21
-3.9198006299212595
0
LINE
8
BLACK
6
CONTINUOUS
10
6.1524329527559054
20
-3.9198006299212595
11
6.1519701968503933
21
-3.9192957874015746
0
LINE
8
BLACK
6
CONTINUOUS
10
6.1519701968503933
20
-3.9192957874015746
11
6.1514868897637793
21
-3.9188124803149607
0
LINE
8
BLACK
6
CONTINUOUS
10
6.1514868897637793
20
-3.9188124803149607
11
6.1514536614173227
21
-3.9187322440944881
0
LINE
8
BLACK
6
CONTINUOUS
10
6.1514536614173227
20
-3.9187322440944881
11
6.1513949606299212
21
-3.9186682283464567
0
LINE
8
BLACK
6
CONTINUOUS
10
6.1513949606299212
20
-3.9186682283464567
11
6.15116094488189
21
-3.9180255905511809
0
LINE
8
BLACK
6
CONTINUOUS
10
6.15116094488189
20
-3.9180255905511809
11
6.1508990157480312
21
-3.9173932677165353
0
LINE
8
BLACK
6
CONTINUOUS
10
6.1508990157480312
20
-3.9173932677165353
11
6.1508990157480312
21
-3.9173062992125982
0
LINE
8
BLACK
6
CONTINUOUS
10
6.1508990157480312
20
-3.9173062992125982
11
6.1508693307086615
21
-3.9172248031496064
0
LINE
8
BLACK
6
CONTINUOUS
10
6.1508693307086615
20
-3.9172248031496064
11
6.1508990157480312
21
-3.9165416929133858
0
LINE
8
BLACK
6
CONTINUOUS
10
6.1508990157480312
20
-3.9165416929133858
11
6.1508990157480312
21
-3.9158571259842518
0
LINE
8
BLACK
6
CONTINUOUS
10
6.1508990157480312
20
-3.9158571259842518
11
6.1509322440944878
21
-3.9157768503937005
0
LINE
8
BLACK
6
CONTINUOUS
10
6.1509322440944878
20
-3.9157768503937005
11
6.1509360236220472
21
-3.9156901181102359
0
LINE
8
BLACK
6
CONTINUOUS
10
6.1509360236220472
20
-3.9156901181102359
11
6.1512252362204727
21
-3.9150695669291338
0
LINE
8
BLACK
6
CONTINUOUS
10
6.1512252362204727
20
-3.9150695669291338
11
6.1514868897637793
21
-3.9144379133858265
0
LINE
8
BLACK
6
CONTINUOUS
10
6.1514868897637793
20
-3.9144379133858265
11
6.1515481889763777
21
-3.9143765748031494
0
LINE
8
BLACK
6
CONTINUOUS
10
6.1515481889763777
20
-3.9143765748031494
11
6.1515849606299211
21
-3.9142977559055119
0
LINE
8
BLACK
6
CONTINUOUS
10
6.1515849606299211
20
-3.9142977559055119
11
6.1521000787401574
21
-3.9137230314960627
0
LINE
8
BLACK
6
CONTINUOUS
10
6.1521000787401574
20
-3.9137230314960627
11
6.1783863385826772
21
-3.8896272047244094
0
LINE
8
BLACK
6
CONTINUOUS
10
6.1783863385826772
20
-3.8896272047244094
11
6.1800697244094485
21
-3.8849979921259843
0
LINE
8
BLACK
6
CONTINUOUS
10
6.1800697244094485
20
-3.8849979921259843
11
6.1800697244094485
21
-3.882571023622047
0
LINE
8
BLACK
6
CONTINUOUS
10
6.1800697244094485
20
-3.882571023622047
11
6.1786141338582672
21
-3.8799024409448819
0
LINE
8
BLACK
6
CONTINUOUS
10
6.1786141338582672
20
-3.8799024409448819
11
6.1773036614173229
21
-3.8787011417322832
0
LINE
8
BLACK
6
CONTINUOUS
10
6.1773036614173229
20
-3.8787011417322832
11
6.1741486220472437
21
-3.8772551181102362
0
LINE
8
BLACK
6
CONTINUOUS
10
6.1741486220472437
20
-3.8772551181102362
11
6.1646185826771651
21
-3.8772551181102362
0
LINE
8
BLACK
6
CONTINUOUS
10
6.1646185826771651
20
-3.8772551181102362
11
6.1614633858267718
21
-3.8787012204724407
0
LINE
8
BLACK
6
CONTINUOUS
10
6.1614633858267718
20
-3.8787012204724407
11
6.1596704330708656
21
-3.8803447637795276
0
LINE
8
BLACK
6
CONTINUOUS
10
6.1596704330708656
20
-3.8803447637795276
11
6.159053149606299
21
-3.8808080314960627
0
LINE
8
BLACK
6
CONTINUOUS
10
6.159053149606299
20
-3.8808080314960627
11
6.1576097244094488
21
-3.8813336614173228
0
LINE
8
BLACK
6
CONTINUOUS
10
6.1576097244094488
20
-3.8813336614173228
11
6.1560750393700783
21
-3.8812669685039367
0
LINE
8
BLACK
6
CONTINUOUS
10
6.1560750393700783
20
-3.8812669685039367
11
6.1546826771653542
21
-3.880617992125984
0
LINE
8
BLACK
6
CONTINUOUS
10
6.1546826771653542
20
-3.880617992125984
11
6.15364468503937
21
-3.8794856299212599
0
LINE
8
BLACK
6
CONTINUOUS
10
6.15364468503937
20
-3.8794856299212599
11
6.1531190551181103
21
-3.8780422047244092
0
LINE
8
BLACK
6
CONTINUOUS
10
6.1531190551181103
20
-3.8780422047244092
11
6.153185748031496
21
-3.8765075196850391
0
LINE
8
BLACK
6
CONTINUOUS
10
6.153185748031496
20
-3.8765075196850391
11
6.1538347244094487
21
-3.8751151574803147
0
LINE
8
BLACK
6
CONTINUOUS
10
6.1538347244094487
20
-3.8751151574803147
11
6.1543498031496062
21
-3.8745404330708659
0
LINE
8
BLACK
6
CONTINUOUS
10
6.1543498031496062
20
-3.8745404330708659
11
6.1565994881889763
21
-3.8724781889763777
0
LINE
8
BLACK
6
CONTINUOUS
10
6.1565994881889763
20
-3.8724781889763777
11
6.1568824409448819
21
-3.8722658267716534
0
LINE
8
BLACK
6
CONTINUOUS
10
6.1568824409448819
20
-3.8722658267716534
11
6.1569527559055119
21
-3.8721901181102361
0
LINE
8
BLACK
6
CONTINUOUS
10
6.1569527559055119
20
-3.8721901181102361
11
6.1570899606299214
21
-3.8721100787401572
0
LINE
8
BLACK
6
CONTINUOUS
10
6.1570899606299214
20
-3.8721100787401572
11
6.1572168110236216
21
-3.8720149212598423
0
LINE
8
BLACK
6
CONTINUOUS
10
6.1572168110236216
20
-3.8720149212598423
11
6.1573137401574805
21
-3.8719796062992127
0
LINE
8
BLACK
6
CONTINUOUS
10
6.1573137401574805
20
-3.8719796062992127
11
6.1576194881889759
21
-3.8718013385826771
0
LINE
8
BLACK
6
CONTINUOUS
10
6.1576194881889759
20
-3.8718013385826771
11
6.1621188976377947
21
-3.8697391338582676
0
LINE
8
BLACK
6
CONTINUOUS
10
6.1621188976377947
20
-3.8697391338582676
11
6.162848661417323
21
-3.8694878346456694
0
LINE
8
BLACK
6
CONTINUOUS
10
6.162848661417323
20
-3.8694878346456694
11
6.1629227559055115
21
-3.8694850787401576
0
LINE
8
BLACK
6
CONTINUOUS
10
6.1629227559055115
20
-3.8694850787401576
11
6.1629912204724411
21
-3.8694567322834645
0
LINE
8
BLACK
6
CONTINUOUS
10
6.1629912204724411
20
-3.8694567322834645
11
6.1637592913385824
21
-3.8693811023622047
0
LINE
8
BLACK
6
CONTINUOUS
10
6.1637592913385824
20
-3.8693811023622047
11
6.1750078740157477
21
-3.8693811023622047
0
LINE
8
BLACK
6
CONTINUOUS
10
6.1750078740157477
20
-3.8693811023622047
11
6.1757759448818899
21
-3.8694567322834645
0
LINE
8
BLACK
6
CONTINUOUS
10
6.2185205905511811
20
-3.8694567322834645
11
6.218589015748031
21
-3.8694850787401576
0
LINE
8
BLACK
6
CONTINUOUS
10
6.218589015748031
20
-3.8694850787401576
11
6.2186631496062992
21
-3.8694878346456694
0
LINE
8
BLACK
6
CONTINUOUS
10
6.2186631496062992
20
-3.8694878346456694
11
6.2193928740157478
21
-3.8697390944881889
0
LINE
8
BLACK
6
CONTINUOUS
10
6.2193928740157478
20
-3.8697390944881889
11
6.2238923228346454
21
-3.8718013385826771
0
LINE
8
BLACK
6
CONTINUOUS
10
6.2238923228346454
20
-3.8718013385826771
11
6.2241980708661417
21
-3.8719796062992127
0
LINE
8
BLACK
6
CONTINUOUS
10
6.2241980708661417
20
-3.8719796062992127
11
6.2242949999999997
21
-3.8720149212598423
0
LINE
8
BLACK
6
CONTINUOUS
10
6.2242949999999997
20
-3.8720149212598423
11
6.2244217716535433
21
-3.8721100787401572
0
LINE
8
BLACK
6
CONTINUOUS
10
6.2244217716535433
20
-3.8721100787401572
11
6.2245590551181103
21
-3.8721901181102361
0
LINE
8
BLACK
6
CONTINUOUS
10
6.2245590551181103
20
-3.8721901181102361
11
6.2246293700787403
21
-3.8722658661417322
0
LINE
8
BLACK
6
CONTINUOUS
10
6.2246293700787403
20
-3.8722658661417322
11
6.2249122834645672
21
-3.8724781889763777
0
LINE
8
BLACK
6
CONTINUOUS
10
6.2249122834645672
20
-3.8724781889763777
11
6.227162007874016
21
-3.8745403937007872
0
LINE
8
BLACK
6
CONTINUOUS
10
6.227162007874016
20
-3.8745403937007872
11
6.2274435039370077
21
-3.8748544881889764
0
LINE
8
BLACK
6
CONTINUOUS
10
6.2274435039370077
20
-3.8748544881889764
11
6.2275238188976374
21
-3.8749192913385824
0
LINE
8
BLACK
6
CONTINUOUS
10
6.2275238188976374
20
-3.8749192913385824
11
6.2275940157480312
21
-3.8750224803149607
0
LINE
8
BLACK
6
CONTINUOUS
10
6.2275940157480312
20
-3.8750224803149607
11
6.2276770866141735
21
-3.8751151574803147
0
LINE
8
BLACK
6
CONTINUOUS
10
6.2276770866141735
20
-3.8751151574803147
11
6.2277205118110235
21
-3.8752083858267716
0
LINE
8
BLACK
6
CONTINUOUS
10
6.2277205118110235
20
-3.8752083858267716
11
6.227957992125984
21
-3.8755573622047241
0
LINE
8
BLACK
6
CONTINUOUS
10
6.227957992125984
20
-3.8755573622047241
11
6.2302076771653541
21
-3.8796818897637793
0
LINE
8
BLACK
6
CONTINUOUS
10
6.2302076771653541
20
-3.8796818897637793
11
6.2302468503937005
21
-3.8797742125984249
0
LINE
8
BLACK
6
CONTINUOUS
10
6.2302468503937005
20
-3.8797742125984249
11
6.2302746062992123
21
-3.8798100787401575
0
LINE
8
BLACK
6
CONTINUOUS
10
6.2302746062992123
20
-3.8798100787401575
11
6.2303864960629918
21
-3.880103464566929
0
LINE
8
BLACK
6
CONTINUOUS
10
6.2303864960629918
20
-3.880103464566929
11
6.2305090551181097
21
-3.8803923622047245
0
LINE
8
BLACK
6
CONTINUOUS
10
6.2305090551181097
20
-3.8803923622047245
11
6.2305138582677166
21
-3.8804373622047241
0
LINE
8
BLACK
6
CONTINUOUS
10
6.2305138582677166
20
-3.8804373622047241
11
6.2305496456692913
21
-3.8805311811023619
0
LINE
8
BLACK
6
CONTINUOUS
10
6.2305496456692913
20
-3.8805311811023619
11
6.2327993700787401
21
-3.8887801574803147
0
LINE
8
BLACK
6
CONTINUOUS
10
6.2327993700787401
20
-3.8887801574803147
11
6.2328325590551179
21
-3.8889757480314961
0
LINE
8
BLACK
6
CONTINUOUS
10
6.2328325590551179
20
-3.8889757480314961
11
6.2328624803149602
21
-3.8890479921259842
0
LINE
8
BLACK
6
CONTINUOUS
10
6.2328624803149602
20
-3.8890479921259842
11
6.2328868503937009
21
-3.8892957874015748
0
LINE
8
BLACK
6
CONTINUOUS
10
6.2328868503937009
20
-3.8892957874015748
11
6.2329285039370079
21
-3.8895410629921261
0
LINE
8
BLACK
6
CONTINUOUS
10
6.2329285039370079
20
-3.8895410629921261
11
6.2329186220472437
21
-3.8896185039370077
0
LINE
8
BLACK
6
CONTINUOUS
10
6.2329186220472437
20
-3.8896185039370077
11
6.23293811023622
21
-3.8898160629921259
0
LINE
8
BLACK
6
CONTINUOUS
10
6.23293811023622
20
-3.8898160629921259
11
6.23293811023622
21
-3.9001272834645668
0
LINE
8
BLACK
6
CONTINUOUS
10
6.23293811023622
20
-3.9001272834645668
11
6.2329186220472437
21
-3.9003248031496063
0
LINE
8
BLACK
6
CONTINUOUS
10
6.2329186220472437
20
-3.9003248031496063
11
6.2329285039370079
21
-3.9004022834645666
0
LINE
8
BLACK
6
CONTINUOUS
10
6.2329285039370079
20
-3.9004022834645666
11
6.2328868503937009
21
-3.9006475196850392
0
LINE
8
BLACK
6
CONTINUOUS
10
6.2328868503937009
20
-3.9006475196850392
11
6.2328624803149602
21
-3.9008953543307086
0
LINE
8
BLACK
6
CONTINUOUS
10
6.2328624803149602
20
-3.9008953543307086
11
6.2328325590551179
21
-3.9009675590551178
0
LINE
8
BLACK
6
CONTINUOUS
10
6.2328325590551179
20
-3.9009675590551178
11
6.2327993700787401
21
-3.901163188976378
0
LINE
8
BLACK
6
CONTINUOUS
10
6.2327993700787401
20
-3.901163188976378
11
6.2305496456692913
21
-3.9094121653543308
0
LINE
8
BLACK
6
CONTINUOUS
10
6.2305496456692913
20
-3.9094121653543308
11
6.2305138582677166
21
-3.9095059448818898
0
LINE
8
BLACK
6
CONTINUOUS
10
6.2305138582677166
20
-3.9095059448818898
11
6.2305090551181097
21
-3.9095509842519682
0
LINE
8
BLACK
6
CONTINUOUS
10
6.2305090551181097
20
-3.9095509842519682
11
6.2303864960629918
21
-3.909839842519685
0
LINE
8
BLACK
6
CONTINUOUS
10
6.2303864960629918
20
-3.909839842519685
11
6.2302746062992123
21
-3.9101332677165352
0
LINE
8
BLACK
6
CONTINUOUS
10
6.2302746062992123
20
-3.9101332677165352
11
6.2302468503937005
21
-3.9101690944881891
0
LINE
8
BLACK
6
CONTINUOUS
10
6.2302468503937005
20
-3.9101690944881891
11
6.2302076771653541
21
-3.9102614566929135
0
LINE
8
BLACK
6
CONTINUOUS
10
6.2302076771653541
20
-3.9102614566929135
11
6.227957992125984
21
-3.9143859842519686
0
LINE
8
BLACK
6
CONTINUOUS
10
6.227957992125984
20
-3.9143859842519686
11
6.2277205118110235
21
-3.9147349212598423
0
LINE
8
BLACK
6
CONTINUOUS
10
6.2277205118110235
20
-3.9147349212598423
11
6.2276770866141735
21
-3.9148281889763781
0
LINE
8
BLACK
6
CONTINUOUS
10
6.2276770866141735
20
-3.9148281889763781
11
6.2275940157480312
21
-3.9149208267716533
0
LINE
8
BLACK
6
CONTINUOUS
10
6.2275940157480312
20
-3.9149208267716533
11
6.2275238188976374
21
-3.9150240551181104
0
LINE
8
BLACK
6
CONTINUOUS
10
6.2275238188976374
20
-3.9150240551181104
11
6.2274435039370077
21
-3.9150888188976376
0
LINE
8
BLACK
6
CONTINUOUS
10
6.2274435039370077
20
-3.9150888188976376
11
6.227162007874016
21
-3.9154029527559056
0
LINE
8
BLACK
6
CONTINUOUS
10
6.227162007874016
20
-3.9154029527559056
11
6.2249122834645672
21
-3.917465157480315
0
LINE
8
BLACK
6
CONTINUOUS
10
6.2249122834645672
20
-3.917465157480315
11
6.2246293700787403
21
-3.9176774409448818
0
LINE
8
BLACK
6
CONTINUOUS
10
6.2246293700787403
20
-3.9176774409448818
11
6.2245590551181103
21
-3.9177532283464567
0
LINE
8
BLACK
6
CONTINUOUS
10
6.2245590551181103
20
-3.9177532283464567
11
6.2244217716535433
21
-3.9178332283464568
0
LINE
8
BLACK
6
CONTINUOUS
10
6.2244217716535433
20
-3.9178332283464568
11
6.2242949999999997
21
-3.9179284251968505
0
LINE
8
BLACK
6
CONTINUOUS
10
6.2242949999999997
20
-3.9179284251968505
11
6.2241980708661417
21
-3.9179637007874013
0
LINE
8
BLACK
6
CONTINUOUS
10
6.2241980708661417
20
-3.9179637007874013
11
6.2238923228346454
21
-3.9181420078740157
0
LINE
8
BLACK
6
CONTINUOUS
10
6.2238923228346454
20
-3.9181420078740157
11
6.2193928740157478
21
-3.9202042125984251
0
LINE
8
BLACK
6
CONTINUOUS
10
6.2193928740157478
20
-3.9202042125984251
11
6.2186631102362204
21
-3.9204554724409446
0
LINE
8
BLACK
6
CONTINUOUS
10
6.2186631102362204
20
-3.9204554724409446
11
6.218589015748031
21
-3.9204581889763777
0
LINE
8
BLACK
6
CONTINUOUS
10
6.218589015748031
20
-3.9204581889763777
11
6.2185205905511811
21
-3.9204865748031494
0
LINE
8
BLACK
6
CONTINUOUS
10
6.2185205905511811
20
-3.9204865748031494
11
6.2177525196850389
21
-3.9205622047244093
0
LINE
8
BLACK
6
CONTINUOUS
10
6.2177525196850389
20
-3.9205622047244093
11
6.2132530708661413
21
-3.9205622047244093
0
LINE
8
BLACK
6
CONTINUOUS
10
6.2132530708661413
20
-3.9205622047244093
11
6.212485
21
-3.9204865748031494
0
LINE
8
BLACK
6
CONTINUOUS
10
6.212485
20
-3.9204865748031494
11
6.2124165354330705
21
-3.9204581889763777
0
LINE
8
BLACK
6
CONTINUOUS
10
6.2124165354330705
20
-3.9204581889763777
11
6.212342440944882
21
-3.9204554724409446
0
LINE
8
BLACK
6
CONTINUOUS
10
6.212342440944882
20
-3.9204554724409446
11
6.2116127165354333
21
-3.9202042125984251
0
LINE
8
BLACK
6
CONTINUOUS
10
6.2116127165354333
20
-3.9202042125984251
11
6.2071133070866145
21
-3.9181420078740157
0
LINE
8
BLACK
6
CONTINUOUS
10
6.2071133070866145
20
-3.9181420078740157
11
6.2068075590551182
21
-3.9179637007874013
0
LINE
8
BLACK
6
CONTINUOUS
10
6.2068075590551182
20
-3.9179637007874013
11
6.2067106299212593
21
-3.9179284251968505
0
LINE
8
BLACK
6
CONTINUOUS
10
6.2067106299212593
20
-3.9179284251968505
11
6.2065837795275591
21
-3.9178332283464568
0
LINE
8
BLACK
6
CONTINUOUS
10
6.2065837795275591
20
-3.9178332283464568
11
6.2064465748031497
21
-3.9177532283464567
0
LINE
8
BLACK
6
CONTINUOUS
10
6.2064465748031497
20
-3.9177532283464567
11
6.2063762598425196
21
-3.9176774803149605
0
LINE
8
BLACK
6
CONTINUOUS
10
6.2063762598425196
20
-3.9176774803149605
11
6.206093307086614
21
-3.917465157480315
0
LINE
8
BLACK
6
CONTINUOUS
10
6.206093307086614
20
-3.917465157480315
11
6.2038436220472439
21
-3.9154029133858268
0
LINE
8
BLACK
6
CONTINUOUS
10
6.2038436220472439
20
-3.9154029133858268
11
6.2035620472440947
21
-3.9150887401574801
0
LINE
8
BLACK
6
CONTINUOUS
10
6.2035620472440947
20
-3.9150887401574801
11
6.2034818503937004
21
-3.9150240551181104
0
LINE
8
BLACK
6
CONTINUOUS
10
6.2034818503937004
20
-3.9150240551181104
11
6.2034116929133853
21
-3.9149209842519683
0
LINE
8
BLACK
6
CONTINUOUS
10
6.2034116929133853
20
-3.9149209842519683
11
6.2033285433070864
21
-3.9148281889763781
0
LINE
8
BLACK
6
CONTINUOUS
10
6.2033285433070864
20
-3.9148281889763781
11
6.2032850000000002
21
-3.9147348031496061
0
LINE
8
BLACK
6
CONTINUOUS
10
6.2032850000000002
20
-3.9147348031496061
11
6.203047637795275
21
-3.9143859842519686
0
LINE
8
BLACK
6
CONTINUOUS
10
6.203047637795275
20
-3.9143859842519686
11
6.2007979133858262
21
-3.9102614960629922
0
LINE
8
BLACK
6
CONTINUOUS
10
6.2007979133858262
20
-3.9102614960629922
11
6.2007586614173231
21
-3.910168937007874
0
LINE
8
BLACK
6
CONTINUOUS
10
6.2007586614173231
20
-3.910168937007874
11
6.200730984251968
21
-3.9101332283464565
0
LINE
8
BLACK
6
CONTINUOUS
10
6.200730984251968
20
-3.9101332283464565
11
6.200619173228346
21
-3.9098401968503937
0
LINE
8
BLACK
6
CONTINUOUS
10
6.200619173228346
20
-3.9098401968503937
11
6.2004965354330706
21
-3.909551023622047
0
LINE
8
BLACK
6
CONTINUOUS
10
6.2004965354330706
20
-3.909551023622047
11
6.2004916929133858
21
-3.9095059842519686
0
LINE
8
BLACK
6
CONTINUOUS
10
6.2004916929133858
20
-3.9095059842519686
11
6.2004559055118111
21
-3.909412125984252
0
LINE
8
BLACK
6
CONTINUOUS
10
6.2004559055118111
20
-3.909412125984252
11
6.1982062204724411
21
-3.901163188976378
0
LINE
8
BLACK
6
CONTINUOUS
10
6.1982062204724411
20
-3.901163188976378
11
6.1981729921259845
21
-3.9009675590551178
0
LINE
8
BLACK
6
CONTINUOUS
10
6.1981729921259845
20
-3.9009675590551178
11
6.1981431102362201
21
-3.9008953543307086
0
LINE
8
BLACK
6
CONTINUOUS
10
6.1981431102362201
20
-3.9008953543307086
11
6.1981187007874015
21
-3.9006475196850392
0
LINE
8
BLACK
6
CONTINUOUS
10
6.1981187007874015
20
-3.9006475196850392
11
6.1980770866141732
21
-3.9004022834645666
0
LINE
8
BLACK
6
CONTINUOUS
10
6.1980770866141732
20
-3.9004022834645666
11
6.1980869291338578
21
-3.9003248031496063
0
LINE
8
BLACK
6
CONTINUOUS
10
6.1980869291338578
20
-3.9003248031496063
11
6.1980674803149602
21
-3.9001272834645668
0
LINE
8
BLACK
6
CONTINUOUS
10
6.1980674803149602
20
-3.9001272834645668
11
6.1980674803149602
21
-3.8898160629921259
0
LINE
8
BLACK
6
CONTINUOUS
10
6.1980674803149602
20
-3.8898160629921259
11
6.1980869291338578
21
-3.8896185039370077
0
LINE
8
BLACK
6
CONTINUOUS
10
6.1980869291338578
20
-3.8896185039370077
11
6.1980770866141732
21
-3.8895410629921261
0
LINE
8
BLACK
6
CONTINUOUS
10
6.1980770866141732
20
-3.8895410629921261
11
6.1981187007874015
21
-3.8892957874015748
0
LINE
8
BLACK
6
CONTINUOUS
10
6.1981187007874015
20
-3.8892957874015748
11
6.1981431102362201
21
-3.8890479921259842
0
LINE
8
BLACK
6
CONTINUOUS
10
6.1981431102362201
20
-3.8890479921259842
11
6.1981729921259845
21
-3.8889757480314961
0
LINE
8
BLACK
6
CONTINUOUS
10
6.1981729921259845
20
-3.8889757480314961
11
6.1982062204724411
21
-3.8887801574803147
0
LINE
8
BLACK
6
CONTINUOUS
10
6.1982062204724411
20
-3.8887801574803147
11
6.2004559055118111
21
-3.8805312204724407
0
LINE
8
BLACK
6
CONTINUOUS
10
6.2004559055118111
20
-3.8805312204724407
11
6.2004916929133858
21
-3.8804373228346454
0
LINE
8
BLACK
6
CONTINUOUS
10
6.2004916929133858
20
-3.8804373228346454
11
6.2004965354330706
21
-3.8803923228346457
0
LINE
8
BLACK
6
CONTINUOUS
10
6.2004965354330706
20
-3.8803923228346457
11
6.200619173228346
21
-3.8801031102362202
0
LINE
8
BLACK
6
CONTINUOUS
10
6.200619173228346
20
-3.8801031102362202
11
6.200730984251968
21
-3.8798101181102362
0
LINE
8
BLACK
6
CONTINUOUS
10
6.200730984251968
20
-3.8798101181102362
11
6.2007586614173231
21
-3.8797743700787399
0
LINE
8
BLACK
6
CONTINUOUS
10
6.2007586614173231
20
-3.8797743700787399
11
6.2007979133858262
21
-3.8796818503937005
0
LINE
8
BLACK
6
CONTINUOUS
10
6.2007979133858262
20
-3.8796818503937005
11
6.203047637795275
21
-3.8755573622047241
0
LINE
8
BLACK
6
CONTINUOUS
10
6.203047637795275
20
-3.8755573622047241
11
6.2032850000000002
21
-3.8752085039370079
0
LINE
8
BLACK
6
CONTINUOUS
10
6.2032850000000002
20
-3.8752085039370079
11
6.2033285433070864
21
-3.8751151574803147
0
LINE
8
BLACK
6
CONTINUOUS
10
6.2033285433070864
20
-3.8751151574803147
11
6.2034116929133853
21
-3.8750223228346456
0
LINE
8
BLACK
6
CONTINUOUS
10
6.2034116929133853
20
-3.8750223228346456
11
6.2034818503937004
21
-3.8749192913385824
0
LINE
8
BLACK
6
CONTINUOUS
10
6.2034818503937004
20
-3.8749192913385824
11
6.2035620472440947
21
-3.8748545669291339
0
LINE
8
BLACK
6
CONTINUOUS
10
6.2035620472440947
20
-3.8748545669291339
11
6.2038436220472439
21
-3.8745404330708659
0
LINE
8
BLACK
6
CONTINUOUS
10
6.2038436220472439
20
-3.8745404330708659
11
6.206093307086614
21
-3.8724781889763777
0
LINE
8
BLACK
6
CONTINUOUS
10
6.206093307086614
20
-3.8724781889763777
11
6.2063763385826771
21
-3.8722657480314959
0
LINE
8
BLACK
6
CONTINUOUS
10
6.2063763385826771
20
-3.8722657480314959
11
6.2064465748031497
21
-3.8721901574803148
0
LINE
8
BLACK
6
CONTINUOUS
10
6.2064465748031497
20
-3.8721901574803148
11
6.2065835826771654
21
-3.8721102362204722
0
LINE
8
BLACK
6
CONTINUOUS
10
6.2065835826771654
20
-3.8721102362204722
11
6.2067106299212593
21
-3.8720149212598423
0
LINE
8
BLACK
6
CONTINUOUS
10
6.2067106299212593
20
-3.8720149212598423
11
6.2068076771653544
21
-3.8719795669291339
0
LINE
8
BLACK
6
CONTINUOUS
10
6.2068076771653544
20
-3.8719795669291339
11
6.2071132677165357
21
-3.8718013779527558
0
LINE
8
BLACK
6
CONTINUOUS
10
6.2071132677165357
20
-3.8718013779527558
11
6.2116126771653546
21
-3.8697391338582676
0
LINE
8
BLACK
6
CONTINUOUS
10
6.2116126771653546
20
-3.8697391338582676
11
6.2123424015748032
21
-3.8694878346456694
0
LINE
8
BLACK
6
CONTINUOUS
10
6.2123424015748032
20
-3.8694878346456694
11
6.2124165354330705
21
-3.8694850787401576
0
LINE
8
BLACK
6
CONTINUOUS
10
6.2124165354330705
20
-3.8694850787401576
11
6.212485
21
-3.8694567322834645
0
LINE
8
BLACK
6
CONTINUOUS
10
6.212485
20
-3.8694567322834645
11
6.2132530708661413
21
-3.8693811023622047
0
LINE
8
BLACK
6
CONTINUOUS
10
6.2132530708661413
20
-3.8693811023622047
11
6.2177525196850389
21
-3.8693811023622047
0
LINE
8
BLACK
6
CONTINUOUS
10
6.2177525196850389
20
-3.8693811023622047
11
6.2185205905511811
21
-3.8694567322834645
0
LINE
8
BLACK
6
CONTINUOUS
10
6.210957283464567
20
-3.8787011417322832
11
6.2096467322834643
21
-3.8799024409448819
0
LINE
8
BLACK
6
CONTINUOUS
10
6.2096467322834643
20
-3.8799024409448819
11
6.2079311417322831
21
-3.8830477559055119
0
LINE
8
BLACK
6
CONTINUOUS
10
6.2079311417322831
20
-3.8830477559055119
11
6.2059414960629917
21
-3.8903432283464565
0
LINE
8
BLACK
6
CONTINUOUS
10
6.2059414960629917
20
-3.8903432283464565
11
6.2059414960629917
21
-3.8996000787401575
0
LINE
8
BLACK
6
CONTINUOUS
10
6.2059414960629917
20
-3.8996000787401575
11
6.2079311417322831
21
-3.9068955511811021
0
LINE
8
BLACK
6
CONTINUOUS
10
6.2079311417322831
20
-3.9068955511811021
11
6.2096467322834643
21
-3.9100408661417321
0
LINE
8
BLACK
6
CONTINUOUS
10
6.2096467322834643
20
-3.9100408661417321
11
6.2109572047244095
21
-3.9112420866141733
0
LINE
8
BLACK
6
CONTINUOUS
10
6.2109572047244095
20
-3.9112420866141733
11
6.2141123228346453
21
-3.9126881889763778
0
LINE
8
BLACK
6
CONTINUOUS
10
6.2141123228346453
20
-3.9126881889763778
11
6.2168932677165349
21
-3.9126881889763778
0
LINE
8
BLACK
6
CONTINUOUS
10
6.2168932677165349
20
-3.9126881889763778
11
6.2200484251968504
21
-3.9112420472440945
0
LINE
8
BLACK
6
CONTINUOUS
10
6.2200484251968504
20
-3.9112420472440945
11
6.2213587795275593
21
-3.9100409055118108
0
LINE
8
BLACK
6
CONTINUOUS
10
6.2213587795275593
20
-3.9100409055118108
11
6.2230743700787396
21
-3.9068955905511809
0
LINE
8
BLACK
6
CONTINUOUS
10
6.2230743700787396
20
-3.9068955905511809
11
6.2250640944881885
21
-3.8995999606299212
0
LINE
8
BLACK
6
CONTINUOUS
10
6.2250640944881885
20
-3.8995999606299212
11
6.2250640944881885
21
-3.8903433464566928
0
LINE
8
BLACK
6
CONTINUOUS
10
6.2250640944881885
20
-3.8903433464566928
11
6.2230743700787396
21
-3.8830477165354331
0
LINE
8
BLACK
6
CONTINUOUS
10
6.2230743700787396
20
-3.8830477165354331
11
6.2213587795275593
21
-3.8799024015748032
0
LINE
8
BLACK
6
CONTINUOUS
10
6.2213587795275593
20
-3.8799024015748032
11
6.2200483858267717
21
-3.878701181102362
0
LINE
8
BLACK
6
CONTINUOUS
10
6.2200483858267717
20
-3.878701181102362
11
6.2168932677165349
21
-3.8772551181102362
0
LINE
8
BLACK
6
CONTINUOUS
10
6.2168932677165349
20
-3.8772551181102362
11
6.2141122834645666
21
-3.8772551181102362
0
LINE
8
BLACK
6
CONTINUOUS
10
6.2141122834645666
20
-3.8772551181102362
11
6.210957283464567
21
-3.8787011417322832
0
LINE
8
BLACK
6
CONTINUOUS
10
6.26576468503937
20
-3.8694567322834645
11
6.2658331102362199
21
-3.8694850787401576
0
LINE
8
BLACK
6
CONTINUOUS
10
6.2658331102362199
20
-3.8694850787401576
11
6.2659072440944881
21
-3.8694878346456694
0
LINE
8
BLACK
6
CONTINUOUS
10
6.2659072440944881
20
-3.8694878346456694
11
6.2666369685039367
21
-3.8697390944881889
0
LINE
8
BLACK
6
CONTINUOUS
10
6.2666369685039367
20
-3.8697390944881889
11
6.2711364173228343
21
-3.8718013385826771
0
LINE
8
BLACK
6
CONTINUOUS
10
6.2711364173228343
20
-3.8718013385826771
11
6.2714420866141731
21
-3.8719795669291339
0
LINE
8
BLACK
6
CONTINUOUS
10
6.2714420866141731
20
-3.8719795669291339
11
6.2715391338582673
21
-3.8720149212598423
0
LINE
8
BLACK
6
CONTINUOUS
10
6.2715391338582673
20
-3.8720149212598423
11
6.2716660629921259
21
-3.8721101574803147
0
LINE
8
BLACK
6
CONTINUOUS
10
6.2716660629921259
20
-3.8721101574803147
11
6.2718031496062991
21
-3.8721901181102361
0
LINE
8
BLACK
6
CONTINUOUS
10
6.2718031496062991
20
-3.8721901181102361
11
6.2718733858267717
21
-3.8722657874015747
0
LINE
8
BLACK
6
CONTINUOUS
10
6.2718733858267717
20
-3.8722657874015747
11
6.2721564173228348
21
-3.8724781889763777
0
LINE
8
BLACK
6
CONTINUOUS
10
6.2721564173228348
20
-3.8724781889763777
11
6.2744061023622049
21
-3.8745404330708659
0
LINE
8
BLACK
6
CONTINUOUS
10
6.2744061023622049
20
-3.8745404330708659
11
6.2746876771653541
21
-3.8748546062992126
0
LINE
8
BLACK
6
CONTINUOUS
10
6.2746876771653541
20
-3.8748546062992126
11
6.2747678346456688
21
-3.8749192913385824
0
LINE
8
BLACK
6
CONTINUOUS
10
6.2747678346456688
20
-3.8749192913385824
11
6.2748379133858263
21
-3.8750222834645669
0
LINE
8
BLACK
6
CONTINUOUS
10
6.2748379133858263
20
-3.8750222834645669
11
6.2749211811023624
21
-3.8751151968503934
0
LINE
8
BLACK
6
CONTINUOUS
10
6.2749211811023624
20
-3.8751151968503934
11
6.2749646850393699
21
-3.8752085826771654
0
LINE
8
BLACK
6
CONTINUOUS
10
6.2749646850393699
20
-3.8752085826771654
11
6.2752020472440941
21
-3.8755573622047241
0
LINE
8
BLACK
6
CONTINUOUS
10
6.2752020472440941
20
-3.8755573622047241
11
6.2774517322834642
21
-3.8796818503937005
0
LINE
8
BLACK
6
CONTINUOUS
10
6.2774517322834642
20
-3.8796818503937005
11
6.2777531496062995
21
-3.8803923228346457
0
LINE
8
BLACK
6
CONTINUOUS
10
6.2777531496062995
20
-3.8803923228346457
11
6.2777757086614168
21
-3.8806031102362204
0
LINE
8
BLACK
6
CONTINUOUS
10
6.2777757086614168
20
-3.8806031102362204
11
6.2778568503937002
21
-3.8807990157480314
0
LINE
8
BLACK
6
CONTINUOUS
10
6.2778568503937002
20
-3.8807990157480314
11
6.2779324803149601
21
-3.8815670866141732
0
LINE
8
BLACK
6
CONTINUOUS
10
6.2779324803149601
20
-3.8815670866141732
11
6.2779324803149601
21
-3.8856915748031495
0
LINE
8
BLACK
6
CONTINUOUS
10
6.2779324803149601
20
-3.8856915748031495
11
6.2778827559055115
21
-3.8861964566929132
0
LINE
8
BLACK
6
CONTINUOUS
10
6.2778827559055115
20
-3.8861964566929132
11
6.2778868503937009
21
-3.8862893700787402
0
LINE
8
BLACK
6
CONTINUOUS
10
6.2778868503937009
20
-3.8862893700787402
11
6.2778653149606294
21
-3.886373346456693
0
LINE
8
BLACK
6
CONTINUOUS
10
6.2778653149606294
20
-3.886373346456693
11
6.2778568503937002
21
-3.8864596456692913
0
LINE
8
BLACK
6
CONTINUOUS
10
6.2778568503937002
20
-3.8864596456692913
11
6.2778212598425194
21
-3.8865455511811025
0
LINE
8
BLACK
6
CONTINUOUS
10
6.2778212598425194
20
-3.8865455511811025
11
6.2776954330708659
21
-3.8870370472440943
0
LINE
8
BLACK
6
CONTINUOUS
10
6.2776954330708659
20
-3.8870370472440943
11
6.275445708661417
21
-3.8932237401574801
0
LINE
8
BLACK
6
CONTINUOUS
10
6.275445708661417
20
-3.8932237401574801
11
6.2751121653543303
21
-3.8939197244094488
0
LINE
8
BLACK
6
CONTINUOUS
10
6.2751121653543303
20
-3.8939197244094488
11
6.2749946850393696
21
-3.8940479527559053
0
LINE
8
BLACK
6
CONTINUOUS
10
6.2749946850393696
20
-3.8940479527559053
11
6.2749211811023624
21
-3.8942057480314958
0
LINE
8
BLACK
6
CONTINUOUS
10
6.2749211811023624
20
-3.8942057480314958
11
6.2744061023622049
21
-3.8947804724409449
0
LINE
8
BLACK
6
CONTINUOUS
10
6.2744061023622049
20
-3.8947804724409449
11
6.254870393700787
21
-3.9126881889763778
0
LINE
8
BLACK
6
CONTINUOUS
10
6.254870393700787
20
-3.9126881889763778
11
6.2739954724409444
21
-3.9126881889763778
0
LINE
8
BLACK
6
CONTINUOUS
10
6.2739954724409444
20
-3.9126881889763778
11
6.2747635433070865
21
-3.9127638188976377
0
LINE
8
BLACK
6
CONTINUOUS
10
6.2747635433070865
20
-3.9127638188976377
11
6.2761827559055119
21
-3.9133516929133858
0
LINE
8
BLACK
6
CONTINUOUS
10
6.2761827559055119
20
-3.9133516929133858
11
6.277268976377953
21
-3.9144379133858265
0
LINE
8
BLACK
6
CONTINUOUS
10
6.277268976377953
20
-3.9144379133858265
11
6.2778568503937002
21
-3.9158571259842518
0
LINE
8
BLACK
6
CONTINUOUS
10
6.2778568503937002
20
-3.9158571259842518
11
6.2778568503937002
21
-3.9173932677165353
0
LINE
8
BLACK
6
CONTINUOUS
10
6.2778568503937002
20
-3.9173932677165353
11
6.277268976377953
21
-3.9188124803149607
0
LINE
8
BLACK
6
CONTINUOUS
10
6.277268976377953
20
-3.9188124803149607
11
6.2761827559055119
21
-3.9198987007874013
0
LINE
8
BLACK
6
CONTINUOUS
10
6.2761827559055119
20
-3.9198987007874013
11
6.2747635433070865
21
-3.9204865748031494
0
LINE
8
BLACK
6
CONTINUOUS
10
6.2747635433070865
20
-3.9204865748031494
11
6.2739954724409444
21
-3.9205622047244093
0
LINE
8
BLACK
6
CONTINUOUS
10
6.2739954724409444
20
-3.9205622047244093
11
6.2447491338582672
21
-3.9205622047244093
0
LINE
8
BLACK
6
CONTINUOUS
10
6.2447491338582672
20
-3.9205622047244093
11
6.243981062992126
21
-3.9204865748031494
0
LINE
8
BLACK
6
CONTINUOUS
10
6.243981062992126
20
-3.9204865748031494
11
6.2439007874015751
21
-3.9204533070866141
0
LINE
8
BLACK
6
CONTINUOUS
10
6.2439007874015751
20
-3.9204533070866141
11
6.2438140551181105
21
-3.9204495669291339
0
LINE
8
BLACK
6
CONTINUOUS
10
6.2438140551181105
20
-3.9204495669291339
11
6.2431935039370074
21
-3.9201603149606297
0
LINE
8
BLACK
6
CONTINUOUS
10
6.2431935039370074
20
-3.9201603149606297
11
6.2425618503937006
21
-3.9198987007874013
0
LINE
8
BLACK
6
CONTINUOUS
10
6.2425618503937006
20
-3.9198987007874013
11
6.2425005118110235
21
-3.9198373622047242
0
LINE
8
BLACK
6
CONTINUOUS
10
6.2425005118110235
20
-3.9198373622047242
11
6.2424216929133856
21
-3.9198006299212595
0
LINE
8
BLACK
6
CONTINUOUS
10
6.2424216929133856
20
-3.9198006299212595
11
6.2419589370078743
21
-3.9192957874015746
0
LINE
8
BLACK
6
CONTINUOUS
10
6.2419589370078743
20
-3.9192957874015746
11
6.2414756299212595
21
-3.9188124803149607
0
LINE
8
BLACK
6
CONTINUOUS
10
6.2414756299212595
20
-3.9188124803149607
11
6.2414424015748029
21
-3.9187322440944881
0
LINE
8
BLACK
6
CONTINUOUS
10
6.2414424015748029
20
-3.9187322440944881
11
6.2413837007874013
21
-3.9186682283464567
0
LINE
8
BLACK
6
CONTINUOUS
10
6.2413837007874013
20
-3.9186682283464567
11
6.2411496850393702
21
-3.9180255905511809
0
LINE
8
BLACK
6
CONTINUOUS
10
6.2411496850393702
20
-3.9180255905511809
11
6.2408877559055114
21
-3.9173932677165353
0
LINE
8
BLACK
6
CONTINUOUS
10
6.2408877559055114
20
-3.9173932677165353
11
6.2408877559055114
21
-3.9173062992125982
0
LINE
8
BLACK
6
CONTINUOUS
10
6.2408877559055114
20
-3.9173062992125982
11
6.2408580708661416
21
-3.9172248031496064
0
LINE
8
BLACK
6
CONTINUOUS
10
6.2408580708661416
20
-3.9172248031496064
11
6.2408877559055114
21
-3.9165416929133858
0
LINE
8
BLACK
6
CONTINUOUS
10
6.2408877559055114
20
-3.9165416929133858
11
6.2408877559055114
21
-3.9158571259842518
0
LINE
8
BLACK
6
CONTINUOUS
10
6.2408877559055114
20
-3.9158571259842518
11
6.240920984251968
21
-3.9157768503937005
0
LINE
8
BLACK
6
CONTINUOUS
10
6.240920984251968
20
-3.9157768503937005
11
6.2409247637795273
21
-3.9156901181102359
0
LINE
8
BLACK
6
CONTINUOUS
10
6.2409247637795273
20
-3.9156901181102359
11
6.2412139763779528
21
-3.9150695669291338
0
LINE
8
BLACK
6
CONTINUOUS
10
6.2412139763779528
20
-3.9150695669291338
11
6.2414756299212595
21
-3.9144379133858265
0
LINE
8
BLACK
6
CONTINUOUS
10
6.2414756299212595
20
-3.9144379133858265
11
6.2415369291338578
21
-3.9143765748031494
0
LINE
8
BLACK
6
CONTINUOUS
10
6.2415369291338578
20
-3.9143765748031494
11
6.2415737007874013
21
-3.9142977559055119
0
LINE
8
BLACK
6
CONTINUOUS
10
6.2415737007874013
20
-3.9142977559055119
11
6.2420888188976376
21
-3.9137230314960627
0
LINE
8
BLACK
6
CONTINUOUS
10
6.2420888188976376
20
-3.9137230314960627
11
6.2683750787401573
21
-3.8896272047244094
0
LINE
8
BLACK
6
CONTINUOUS
10
6.2683750787401573
20
-3.8896272047244094
11
6.2700584645669286
21
-3.8849979921259843
0
LINE
8
BLACK
6
CONTINUOUS
10
6.2700584645669286
20
-3.8849979921259843
11
6.2700584645669286
21
-3.882571023622047
0
LINE
8
BLACK
6
CONTINUOUS
10
6.2700584645669286
20
-3.882571023622047
11
6.2686028740157482
21
-3.8799024409448819
0
LINE
8
BLACK
6
CONTINUOUS
10
6.2686028740157482
20
-3.8799024409448819
11
6.2672924015748031
21
-3.8787011417322832
0
LINE
8
BLACK
6
CONTINUOUS
10
6.2672924015748031
20
-3.8787011417322832
11
6.2641373622047238
21
-3.8772551181102362
0
LINE
8
BLACK
6
CONTINUOUS
10
6.2641373622047238
20
-3.8772551181102362
11
6.2546073228346453
21
-3.8772551181102362
0
LINE
8
BLACK
6
CONTINUOUS
10
6.2546073228346453
20
-3.8772551181102362
11
6.2514521259842519
21
-3.8787012204724407
0
LINE
8
BLACK
6
CONTINUOUS
10
6.2514521259842519
20
-3.8787012204724407
11
6.2496591732283466
21
-3.8803447637795276
0
LINE
8
BLACK
6
CONTINUOUS
10
6.2496591732283466
20
-3.8803447637795276
11
6.2490418897637792
21
-3.8808080314960627
0
LINE
8
BLACK
6
CONTINUOUS
10
6.2490418897637792
20
-3.8808080314960627
11
6.2475984645669289
21
-3.8813336614173228
0
LINE
8
BLACK
6
CONTINUOUS
10
6.2475984645669289
20
-3.8813336614173228
11
6.2460637795275593
21
-3.8812669685039367
0
LINE
8
BLACK
6
CONTINUOUS
10
6.2460637795275593
20
-3.8812669685039367
11
6.2446714173228344
21
-3.880617992125984
0
LINE
8
BLACK
6
CONTINUOUS
10
6.2446714173228344
20
-3.880617992125984
11
6.2436334251968502
21
-3.8794856299212599
0
LINE
8
BLACK
6
CONTINUOUS
10
6.2436334251968502
20
-3.8794856299212599
11
6.2431077952755905
21
-3.8780422047244092
0
LINE
8
BLACK
6
CONTINUOUS
10
6.2431077952755905
20
-3.8780422047244092
11
6.2431744881889761
21
-3.8765075196850391
0
LINE
8
BLACK
6
CONTINUOUS
10
6.2431744881889761
20
-3.8765075196850391
11
6.2438234645669288
21
-3.8751151574803147
0
LINE
8
BLACK
6
CONTINUOUS
10
6.2438234645669288
20
-3.8751151574803147
11
6.2443385433070864
21
-3.8745404330708659
0
LINE
8
BLACK
6
CONTINUOUS
10
6.2443385433070864
20
-3.8745404330708659
11
6.2465882283464564
21
-3.8724781889763777
0
LINE
8
BLACK
6
CONTINUOUS
10
6.2465882283464564
20
-3.8724781889763777
11
6.2468711811023621
21
-3.8722658267716534
0
LINE
8
BLACK
6
CONTINUOUS
10
6.2468711811023621
20
-3.8722658267716534
11
6.2469414960629921
21
-3.8721901181102361
0
LINE
8
BLACK
6
CONTINUOUS
10
6.2469414960629921
20
-3.8721901181102361
11
6.2470787007874016
21
-3.8721100787401572
0
LINE
8
BLACK
6
CONTINUOUS
10
6.2470787007874016
20
-3.8721100787401572
11
6.2472055511811027
21
-3.8720149212598423
0
LINE
8
BLACK
6
CONTINUOUS
10
6.2472055511811027
20
-3.8720149212598423
11
6.2473024803149606
21
-3.8719796062992127
0
LINE
8
BLACK
6
CONTINUOUS
10
6.2473024803149606
20
-3.8719796062992127
11
6.2476082283464569
21
-3.8718013385826771
0
LINE
8
BLACK
6
CONTINUOUS
10
6.2476082283464569
20
-3.8718013385826771
11
6.2521076377952758
21
-3.8697391338582676
0
LINE
8
BLACK
6
CONTINUOUS
10
6.2521076377952758
20
-3.8697391338582676
11
6.2528374015748032
21
-3.8694878346456694
0
LINE
8
BLACK
6
CONTINUOUS
10
6.2528374015748032
20
-3.8694878346456694
11
6.2529114960629917
21
-3.8694850787401576
0
LINE
8
BLACK
6
CONTINUOUS
10
6.2529114960629917
20
-3.8694850787401576
11
6.2529799606299212
21
-3.8694567322834645
0
LINE
8
BLACK
6
CONTINUOUS
10
6.2529799606299212
20
-3.8694567322834645
11
6.2537480314960625
21
-3.8693811023622047
0
LINE
8
BLACK
6
CONTINUOUS
10
6.2537480314960625
20
-3.8693811023622047
11
6.2649966141732278
21
-3.8693811023622047
0
LINE
8
BLACK
6
CONTINUOUS
10
6.2649966141732278
20
-3.8693811023622047
11
6.26576468503937
21
-3.8694567322834645
0
LINE
8
BLACK
6
CONTINUOUS
10
6.3152585039370077
20
-3.8694567322834645
11
6.3166777165354331
21
-3.8700446062992127
0
LINE
8
BLACK
6
CONTINUOUS
10
6.3166777165354331
20
-3.8700446062992127
11
6.3177639370078742
21
-3.8711308267716533
0
LINE
8
BLACK
6
CONTINUOUS
10
6.3177639370078742
20
-3.8711308267716533
11
6.3183518110236223
21
-3.8725500393700787
0
LINE
8
BLACK
6
CONTINUOUS
10
6.3183518110236223
20
-3.8725500393700787
11
6.3183518110236223
21
-3.8740861811023621
0
LINE
8
BLACK
6
CONTINUOUS
10
6.3183518110236223
20
-3.8740861811023621
11
6.3177639370078742
21
-3.8755053937007875
0
LINE
8
BLACK
6
CONTINUOUS
10
6.3177639370078742
20
-3.8755053937007875
11
6.3166777165354331
21
-3.8765916141732282
0
LINE
8
BLACK
6
CONTINUOUS
10
6.3166777165354331
20
-3.8765916141732282
11
6.3152585039370077
21
-3.8771794881889763
0
LINE
8
BLACK
6
CONTINUOUS
10
6.3152585039370077
20
-3.8771794881889763
11
6.3144904330708664
21
-3.8772551181102362
0
LINE
8
BLACK
6
CONTINUOUS
10
6.3144904330708664
20
-3.8772551181102362
11
6.306350826771653
21
-3.8772551181102362
0
LINE
8
BLACK
6
CONTINUOUS
10
6.306350826771653
20
-3.8772551181102362
11
6.3031956692913385
21
-3.878701181102362
0
LINE
8
BLACK
6
CONTINUOUS
10
6.3031956692913385
20
-3.878701181102362
11
6.3016940157480317
21
-3.8800777165354328
0
LINE
8
BLACK
6
CONTINUOUS
10
6.3016940157480317
20
-3.8800777165354328
11
6.2978513385826771
21
-3.8853614173228346
0
LINE
8
BLACK
6
CONTINUOUS
10
6.2978513385826771
20
-3.8853614173228346
11
6.29736405511811
21
-3.8871480708661417
0
LINE
8
BLACK
6
CONTINUOUS
10
6.29736405511811
20
-3.8871480708661417
11
6.2993516929133859
21
-3.8862370866141731
0
LINE
8
BLACK
6
CONTINUOUS
10
6.2993516929133859
20
-3.8862370866141731
11
6.3000814173228346
21
-3.8859857874015749
0
LINE
8
BLACK
6
CONTINUOUS
10
6.3000814173228346
20
-3.8859857874015749
11
6.3001555511811018
21
-3.8859830314960631
0
LINE
8
BLACK
6
CONTINUOUS
10
6.3001555511811018
20
-3.8859830314960631
11
6.3002240157480314
21
-3.88595468503937
0
LINE
8
BLACK
6
CONTINUOUS
10
6.3002240157480314
20
-3.88595468503937
11
6.3009920866141726
21
-3.8858790551181102
0
LINE
8
BLACK
6
CONTINUOUS
10
6.3009920866141726
20
-3.8858790551181102
11
6.3099909842519688
21
-3.8858790551181102
0
LINE
8
BLACK
6
CONTINUOUS
10
6.3099909842519688
20
-3.8858790551181102
11
6.3107590551181101
21
-3.88595468503937
0
LINE
8
BLACK
6
CONTINUOUS
10
6.3107590551181101
20
-3.88595468503937
11
6.3108274803149609
21
-3.8859830314960631
0
LINE
8
BLACK
6
CONTINUOUS
10
6.3108274803149609
20
-3.8859830314960631
11
6.3109016141732281
21
-3.8859857874015749
0
LINE
8
BLACK
6
CONTINUOUS
10
6.3109016141732281
20
-3.8859857874015749
11
6.3116313385826768
21
-3.8862370472440944
0
LINE
8
BLACK
6
CONTINUOUS
10
6.3116313385826768
20
-3.8862370472440944
11
6.3161307874015744
21
-3.8882992913385825
0
LINE
8
BLACK
6
CONTINUOUS
10
6.3161307874015744
20
-3.8882992913385825
11
6.3164364566929132
21
-3.8884775196850394
0
LINE
8
BLACK
6
CONTINUOUS
10
6.3164364566929132
20
-3.8884775196850394
11
6.3165335039370074
21
-3.8885128740157477
0
LINE
8
BLACK
6
CONTINUOUS
10
6.3165335039370074
20
-3.8885128740157477
11
6.316660433070866
21
-3.8886081102362202
0
LINE
8
BLACK
6
CONTINUOUS
10
6.316660433070866
20
-3.8886081102362202
11
6.3167975196850392
21
-3.8886880708661415
0
LINE
8
BLACK
6
CONTINUOUS
10
6.3167975196850392
20
-3.8886880708661415
11
6.3168677559055117
21
-3.8887637401574802
0
LINE
8
BLACK
6
CONTINUOUS
10
6.3168677559055117
20
-3.8887637401574802
11
6.3171507874015749
21
-3.8889761417322832
0
LINE
8
BLACK
6
CONTINUOUS
10
6.3171507874015749
20
-3.8889761417322832
11
6.3194004724409449
21
-3.8910383858267714
0
LINE
8
BLACK
6
CONTINUOUS
10
6.3194004724409449
20
-3.8910383858267714
11
6.3196820472440942
21
-3.8913525590551181
0
LINE
8
BLACK
6
CONTINUOUS
10
6.3196820472440942
20
-3.8913525590551181
11
6.3197622047244097
21
-3.8914172440944883
0
LINE
8
BLACK
6
CONTINUOUS
10
6.3197622047244097
20
-3.8914172440944883
11
6.3198322834645664
21
-3.8915202362204724
0
LINE
8
BLACK
6
CONTINUOUS
10
6.3198322834645664
20
-3.8915202362204724
11
6.3199155511811025
21
-3.8916131496062993
0
LINE
8
BLACK
6
CONTINUOUS
10
6.3199155511811025
20
-3.8916131496062993
11
6.31995905511811
21
-3.8917065354330709
0
LINE
8
BLACK
6
CONTINUOUS
10
6.31995905511811
20
-3.8917065354330709
11
6.3201964173228342
21
-3.8920553149606296
0
LINE
8
BLACK
6
CONTINUOUS
10
6.3201964173228342
20
-3.8920553149606296
11
6.3224461023622043
21
-3.896179803149606
0
LINE
8
BLACK
6
CONTINUOUS
10
6.3224461023622043
20
-3.896179803149606
11
6.3227475196850396
21
-3.8968902755905512
0
LINE
8
BLACK
6
CONTINUOUS
10
6.3227475196850396
20
-3.8968902755905512
11
6.3227700787401577
21
-3.8971010629921259
0
LINE
8
BLACK
6
CONTINUOUS
10
6.3227700787401577
20
-3.8971010629921259
11
6.3228512204724412
21
-3.8972969685039369
0
LINE
8
BLACK
6
CONTINUOUS
10
6.3228512204724412
20
-3.8972969685039369
11
6.3229268503937011
21
-3.8980650393700786
0
LINE
8
BLACK
6
CONTINUOUS
10
6.3229268503937011
20
-3.8980650393700786
11
6.3229268503937011
21
-3.9083762598425196
0
LINE
8
BLACK
6
CONTINUOUS
10
6.3229268503937011
20
-3.9083762598425196
11
6.3228512204724412
21
-3.9091443307086613
0
LINE
8
BLACK
6
CONTINUOUS
10
6.3228512204724412
20
-3.9091443307086613
11
6.3227700787401577
21
-3.9093401968503936
0
LINE
8
BLACK
6
CONTINUOUS
10
6.3227700787401577
20
-3.9093401968503936
11
6.3227475196850396
21
-3.909551023622047
0
LINE
8
BLACK
6
CONTINUOUS
10
6.3227475196850396
20
-3.909551023622047
11
6.3224461023622043
21
-3.9102614960629922
0
LINE
8
BLACK
6
CONTINUOUS
10
6.3224461023622043
20
-3.9102614960629922
11
6.3201964173228342
21
-3.9143859842519686
0
LINE
8
BLACK
6
CONTINUOUS
10
6.3201964173228342
20
-3.9143859842519686
11
6.31995905511811
21
-3.9147347244094486
0
LINE
8
BLACK
6
CONTINUOUS
10
6.31995905511811
20
-3.9147347244094486
11
6.3199155511811025
21
-3.9148281496062993
0
LINE
8
BLACK
6
CONTINUOUS
10
6.3199155511811025
20
-3.9148281496062993
11
6.3198322834645664
21
-3.9149210236220471
0
LINE
8
BLACK
6
CONTINUOUS
10
6.3198322834645664
20
-3.9149210236220471
11
6.3197622047244097
21
-3.9150240551181104
0
LINE
8
BLACK
6
CONTINUOUS
10
6.3197622047244097
20
-3.9150240551181104
11
6.3196820472440942
21
-3.9150887007874013
0
LINE
8
BLACK
6
CONTINUOUS
10
6.3196820472440942
20
-3.9150887007874013
11
6.3194004724409449
21
-3.9154029133858268
0
LINE
8
BLACK
6
CONTINUOUS
10
6.3194004724409449
20
-3.9154029133858268
11
6.3171507874015749
21
-3.917465157480315
0
LINE
8
BLACK
6
CONTINUOUS
10
6.3171507874015749
20
-3.917465157480315
11
6.3168677559055117
21
-3.9176775196850393
0
LINE
8
BLACK
6
CONTINUOUS
10
6.3168677559055117
20
-3.9176775196850393
11
6.3167975196850392
21
-3.9177532283464567
0
LINE
8
BLACK
6
CONTINUOUS
10
6.3167975196850392
20
-3.9177532283464567
11
6.316660433070866
21
-3.9178331496062992
0
LINE
8
BLACK
6
CONTINUOUS
10
6.316660433070866
20
-3.9178331496062992
11
6.3165335039370074
21
-3.9179284251968505
0
LINE
8
BLACK
6
CONTINUOUS
10
6.3165335039370074
20
-3.9179284251968505
11
6.3164364566929132
21
-3.9179637401574801
0
LINE
8
BLACK
6
CONTINUOUS
10
6.3164364566929132
20
-3.9179637401574801
11
6.3161307874015744
21
-3.9181420078740157
0
LINE
8
BLACK
6
CONTINUOUS
10
6.3161307874015744
20
-3.9181420078740157
11
6.3116313385826768
21
-3.9202042125984251
0
LINE
8
BLACK
6
CONTINUOUS
10
6.3116313385826768
20
-3.9202042125984251
11
6.3109015748031494
21
-3.9204554724409446
0
LINE
8
BLACK
6
CONTINUOUS
10
6.3109015748031494
20
-3.9204554724409446
11
6.3108274803149609
21
-3.9204581889763777
0
LINE
8
BLACK
6
CONTINUOUS
10
6.3108274803149609
20
-3.9204581889763777
11
6.3107590551181101
21
-3.9204865748031494
0
LINE
8
BLACK
6
CONTINUOUS
10
6.3107590551181101
20
-3.9204865748031494
11
6.3099909842519688
21
-3.9205622047244093
0
LINE
8
BLACK
6
CONTINUOUS
10
6.3099909842519688
20
-3.9205622047244093
11
6.3009920866141726
21
-3.9205622047244093
0
LINE
8
BLACK
6
CONTINUOUS
10
6.3009920866141726
20
-3.9205622047244093
11
6.3002240157480314
21
-3.9204865748031494
0
LINE
8
BLACK
6
CONTINUOUS
10
6.3002240157480314
20
-3.9204865748031494
11
6.3001555511811018
21
-3.9204581889763777
0
LINE
8
BLACK
6
CONTINUOUS
10
6.3001555511811018
20
-3.9204581889763777
11
6.3000814566929133
21
-3.9204554724409446
0
LINE
8
BLACK
6
CONTINUOUS
10
6.3000814566929133
20
-3.9204554724409446
11
6.2993517322834647
21
-3.9202042125984251
0
LINE
8
BLACK
6
CONTINUOUS
10
6.2993517322834647
20
-3.9202042125984251
11
6.2948523228346458
21
-3.9181420078740157
0
LINE
8
BLACK
6
CONTINUOUS
10
6.2948523228346458
20
-3.9181420078740157
11
6.2945465748031495
21
-3.9179637007874013
0
LINE
8
BLACK
6
CONTINUOUS
10
6.2945465748031495
20
-3.9179637007874013
11
6.2944496456692915
21
-3.9179284251968505
0
LINE
8
BLACK
6
CONTINUOUS
10
6.2944496456692915
20
-3.9179284251968505
11
6.2943227952755905
21
-3.9178332283464568
0
LINE
8
BLACK
6
CONTINUOUS
10
6.2943227952755905
20
-3.9178332283464568
11
6.294185590551181
21
-3.9177532283464567
0
LINE
8
BLACK
6
CONTINUOUS
10
6.294185590551181
20
-3.9177532283464567
11
6.294115275590551
21
-3.9176774803149605
0
LINE
8
BLACK
6
CONTINUOUS
10
6.294115275590551
20
-3.9176774803149605
11
6.2938323228346453
21
-3.917465157480315
0
LINE
8
BLACK
6
CONTINUOUS
10
6.2938323228346453
20
-3.917465157480315
11
6.2915826377952753
21
-3.9154029133858268
0
LINE
8
BLACK
6
CONTINUOUS
10
6.2915826377952753
20
-3.9154029133858268
11
6.291301062992126
21
-3.9150887401574801
0
LINE
8
BLACK
6
CONTINUOUS
10
6.291301062992126
20
-3.9150887401574801
11
6.2912208661417317
21
-3.9150240551181104
0
LINE
8
BLACK
6
CONTINUOUS
10
6.2912208661417317
20
-3.9150240551181104
11
6.2911507086614176
21
-3.9149209842519683
0
LINE
8
BLACK
6
CONTINUOUS
10
6.2911507086614176
20
-3.9149209842519683
11
6.2910675590551177
21
-3.9148281889763781
0
LINE
8
BLACK
6
CONTINUOUS
10
6.2910675590551177
20
-3.9148281889763781
11
6.2910240157480315
21
-3.9147348031496061
0
LINE
8
BLACK
6
CONTINUOUS
10
6.2910240157480315
20
-3.9147348031496061
11
6.2907866535433072
21
-3.9143859842519686
0
LINE
8
BLACK
6
CONTINUOUS
10
6.2907866535433072
20
-3.9143859842519686
11
6.2885369291338584
21
-3.9102614960629922
0
LINE
8
BLACK
6
CONTINUOUS
10
6.2885369291338584
20
-3.9102614960629922
11
6.2882355511811019
21
-3.909551023622047
0
LINE
8
BLACK
6
CONTINUOUS
10
6.2882355511811019
20
-3.909551023622047
11
6.288212952755905
21
-3.9093401968503936
0
LINE
8
BLACK
6
CONTINUOUS
10
6.288212952755905
20
-3.9093401968503936
11
6.2881318503937003
21
-3.9091443307086613
0
LINE
8
BLACK
6
CONTINUOUS
10
6.2881318503937003
20
-3.9091443307086613
11
6.2880562204724404
21
-3.9083762598425196
0
LINE
8
BLACK
6
CONTINUOUS
10
6.2880562204724404
20
-3.9083762598425196
11
6.2880562204724404
21
-3.8918783070866141
0
LINE
8
BLACK
6
CONTINUOUS
10
6.2880562204724404
20
-3.8918783070866141
11
6.2880756692913389
21
-3.8916807480314959
0
LINE
8
BLACK
6
CONTINUOUS
10
6.2880756692913389
20
-3.8916807480314959
11
6.2880658267716534
21
-3.8916033070866143
0
LINE
8
BLACK
6
CONTINUOUS
10
6.2880658267716534
20
-3.8916033070866143
11
6.2881074409448816
21
-3.891358031496063
0
LINE
8
BLACK
6
CONTINUOUS
10
6.2881074409448816
20
-3.891358031496063
11
6.2881318503937003
21
-3.8911102362204724
0
LINE
8
BLACK
6
CONTINUOUS
10
6.2881318503937003
20
-3.8911102362204724
11
6.2881617322834646
21
-3.8910379921259843
0
LINE
8
BLACK
6
CONTINUOUS
10
6.2881617322834646
20
-3.8910379921259843
11
6.2881949606299212
21
-3.8908424015748029
0
LINE
8
BLACK
6
CONTINUOUS
10
6.2881949606299212
20
-3.8908424015748029
11
6.2904446456692913
21
-3.8825934645669289
0
LINE
8
BLACK
6
CONTINUOUS
10
6.2904446456692913
20
-3.8825934645669289
11
6.2906502755905507
21
-3.8820543307086615
0
LINE
8
BLACK
6
CONTINUOUS
10
6.2906502755905507
20
-3.8820543307086615
11
6.2906683464566928
21
-3.8819793307086612
0
LINE
8
BLACK
6
CONTINUOUS
10
6.2906683464566928
20
-3.8819793307086612
11
6.2906985433070863
21
-3.8819278346456692
0
LINE
8
BLACK
6
CONTINUOUS
10
6.2906985433070863
20
-3.8819278346456692
11
6.290719724409449
21
-3.8818723622047244
0
LINE
8
BLACK
6
CONTINUOUS
10
6.290719724409449
20
-3.8818723622047244
11
6.2907667322834646
21
-3.8818116535433069
0
LINE
8
BLACK
6
CONTINUOUS
10
6.2907667322834646
20
-3.8818116535433069
11
6.2910589370078736
21
-3.8813137007874015
0
LINE
8
BLACK
6
CONTINUOUS
10
6.2910589370078736
20
-3.8813137007874015
11
6.2955583858267712
21
-3.8751269685039369
0
LINE
8
BLACK
6
CONTINUOUS
10
6.2955583858267712
20
-3.8751269685039369
11
6.2955648818897636
21
-3.8751196456692911
0
LINE
8
BLACK
6
CONTINUOUS
10
6.2955648818897636
20
-3.8751196456692911
11
6.2955669685039366
21
-3.8751151968503934
0
LINE
8
BLACK
6
CONTINUOUS
10
6.2955669685039366
20
-3.8751151968503934
11
6.2958200393700787
21
-3.8748327559055116
0
LINE
8
BLACK
6
CONTINUOUS
10
6.2958200393700787
20
-3.8748327559055116
11
6.296071338582677
21
-3.874550275590551
0
LINE
8
BLACK
6
CONTINUOUS
10
6.296071338582677
20
-3.874550275590551
11
6.2960755118110239
21
-3.8745476771653542
0
LINE
8
BLACK
6
CONTINUOUS
10
6.2960755118110239
20
-3.8745476771653542
11
6.2960820472440941
21
-3.8745404330708659
0
LINE
8
BLACK
6
CONTINUOUS
10
6.2960820472440941
20
-3.8745404330708659
11
6.2983317322834642
21
-3.8724781889763777
0
LINE
8
BLACK
6
CONTINUOUS
10
6.2983317322834642
20
-3.8724781889763777
11
6.2986147244094486
21
-3.8722657874015747
0
LINE
8
BLACK
6
CONTINUOUS
10
6.2986147244094486
20
-3.8722657874015747
11
6.2986849999999999
21
-3.8721901181102361
0
LINE
8
BLACK
6
CONTINUOUS
10
6.2986849999999999
20
-3.8721901181102361
11
6.2988220472440943
21
-3.8721101574803147
0
LINE
8
BLACK
6
CONTINUOUS
10
6.2988220472440943
20
-3.8721101574803147
11
6.2989490157480317
21
-3.8720149212598423
0
LINE
8
BLACK
6
CONTINUOUS
10
6.2989490157480317
20
-3.8720149212598423
11
6.2990460236220471
21
-3.8719795669291339
0
LINE
8
BLACK
6
CONTINUOUS
10
6.2990460236220471
20
-3.8719795669291339
11
6.2993517322834647
21
-3.8718013385826771
0
LINE
8
BLACK
6
CONTINUOUS
10
6.2993517322834647
20
-3.8718013385826771
11
6.3038511417322836
21
-3.8697391338582676
0
LINE
8
BLACK
6
CONTINUOUS
10
6.3038511417322836
20
-3.8697391338582676
11
6.3045809055118109
21
-3.8694878346456694
0
LINE
8
BLACK
6
CONTINUOUS
10
6.3045809055118109
20
-3.8694878346456694
11
6.3046549999999995
21
-3.8694850787401576
0
LINE
8
BLACK
6
CONTINUOUS
10
6.3046549999999995
20
-3.8694850787401576
11
6.304723464566929
21
-3.8694567322834645
0
LINE
8
BLACK
6
CONTINUOUS
10
6.304723464566929
20
-3.8694567322834645
11
6.3054915354330703
21
-3.8693811023622047
0
LINE
8
BLACK
6
CONTINUOUS
10
6.3054915354330703
20
-3.8693811023622047
11
6.3144904330708664
21
-3.8693811023622047
0
LINE
8
BLACK
6
CONTINUOUS
10
6.3144904330708664
20
-3.8693811023622047
11
6.3152585039370077
21
-3.8694567322834645
0
LINE
8
BLACK
6
CONTINUOUS
10
6.2986962992125983
20
-3.8951990944881887
11
6.2973857480314956
21
-3.8964003937007874
0
LINE
8
BLACK
6
CONTINUOUS
10
6.2973857480314956
20
-3.8964003937007874
11
6.2959302362204719
21
-3.8990689370078737
0
LINE
8
BLACK
6
CONTINUOUS
10
6.2959302362204719
20
-3.8990689370078737
11
6.2959302362204719
21
-3.9073723228346458
0
LINE
8
BLACK
6
CONTINUOUS
10
6.2959302362204719
20
-3.9073723228346458
11
6.2973857480314956
21
-3.9100408661417321
0
LINE
8
BLACK
6
CONTINUOUS
10
6.2973857480314956
20
-3.9100408661417321
11
6.2986962204724408
21
-3.9112420866141733
0
LINE
8
BLACK
6
CONTINUOUS
10
6.2986962204724408
20
-3.9112420866141733
11
6.3018513385826767
21
-3.9126881889763778
0
LINE
8
BLACK
6
CONTINUOUS
10
6.3018513385826767
20
-3.9126881889763778
11
6.3091317322834648
21
-3.9126881889763778
0
LINE
8
BLACK
6
CONTINUOUS
10
6.3091317322834648
20
-3.9126881889763778
11
6.3122868110236219
21
-3.9112420866141733
0
LINE
8
BLACK
6
CONTINUOUS
10
6.3122868110236219
20
-3.9112420866141733
11
6.3135972440944883
21
-3.9100408661417321
0
LINE
8
BLACK
6
CONTINUOUS
10
6.3135972440944883
20
-3.9100408661417321
11
6.3150528346456696
21
-3.907372283464567
0
LINE
8
BLACK
6
CONTINUOUS
10
6.3150528346456696
20
-3.907372283464567
11
6.3150528346456696
21
-3.8990689763779525
0
LINE
8
BLACK
6
CONTINUOUS
10
6.3150528346456696
20
-3.8990689763779525
11
6.3135972440944883
21
-3.8964003937007874
0
LINE
8
BLACK
6
CONTINUOUS
10
6.3135972440944883
20
-3.8964003937007874
11
6.3122867716535431
21
-3.8951990944881887
0
LINE
8
BLACK
6
CONTINUOUS
10
6.3122867716535431
20
-3.8951990944881887
11
6.3091317322834648
21
-3.8937530708661416
0
LINE
8
BLACK
6
CONTINUOUS
10
6.3091317322834648
20
-3.8937530708661416
11
6.3018512992125979
21
-3.8937530708661416
0
LINE
8
BLACK
6
CONTINUOUS
10
6.3018512992125979
20
-3.8937530708661416
11
6.2986962992125983
21
-3.8951990944881887
0
LINE
8
BLACK
6
CONTINUOUS
10
5.0318293700787402
20
-3.8799799999999998
11
5.0320252362204725
21
-3.8800611023622045
0
LINE
8
BLACK
6
CONTINUOUS
10
5.0320252362204725
20
-3.8800611023622045
11
5.0322360629921254
21
-3.8800837007874014
0
LINE
8
BLACK
6
CONTINUOUS
10
5.0322360629921254
20
-3.8800837007874014
11
5.0329465354330711
21
-3.8803850787401575
0
LINE
8
BLACK
6
CONTINUOUS
10
5.0329465354330711
20
-3.8803850787401575
11
5.0370710236220475
21
-3.8826348031496063
0
LINE
8
BLACK
6
CONTINUOUS
10
5.0370710236220475
20
-3.8826348031496063
11
5.037419842519685
21
-3.8828721653543306
0
LINE
8
BLACK
6
CONTINUOUS
10
5.037419842519685
20
-3.8828721653543306
11
5.037513228346457
21
-3.8829157086614172
0
LINE
8
BLACK
6
CONTINUOUS
10
5.037513228346457
20
-3.8829157086614172
11
5.0376060236220468
21
-3.8829988582677166
0
LINE
8
BLACK
6
CONTINUOUS
10
5.0376060236220468
20
-3.8829988582677166
11
5.0377090944881893
21
-3.8830690157480312
0
LINE
8
BLACK
6
CONTINUOUS
10
5.0377090944881893
20
-3.8830690157480312
11
5.0377737795275586
21
-3.883149212598425
0
LINE
8
BLACK
6
CONTINUOUS
10
5.0377737795275586
20
-3.883149212598425
11
5.0380879527559053
21
-3.8834307874015748
0
LINE
8
BLACK
6
CONTINUOUS
10
5.0380879527559053
20
-3.8834307874015748
11
5.0401501968503934
21
-3.8856804724409448
0
LINE
8
BLACK
6
CONTINUOUS
10
5.0401501968503934
20
-3.8856804724409448
11
5.040362519685039
21
-3.8859634251968505
0
LINE
8
BLACK
6
CONTINUOUS
10
5.040362519685039
20
-3.8859634251968505
11
5.0404382677165351
21
-3.88603374015748
0
LINE
8
BLACK
6
CONTINUOUS
10
5.0404382677165351
20
-3.88603374015748
11
5.0405182677165357
21
-3.8861709448818895
0
LINE
8
BLACK
6
CONTINUOUS
10
5.0405182677165357
20
-3.8861709448818895
11
5.0406134645669294
21
-3.8862977952755906
0
LINE
8
BLACK
6
CONTINUOUS
10
5.0406134645669294
20
-3.8862977952755906
11
5.0406487401574802
21
-3.8863947244094486
0
LINE
8
BLACK
6
CONTINUOUS
10
5.0406487401574802
20
-3.8863947244094486
11
5.0408270472440941
21
-3.8867004724409449
0
LINE
8
BLACK
6
CONTINUOUS
10
5.0408270472440941
20
-3.8867004724409449
11
5.0428892519685036
21
-3.8911998818897637
0
LINE
8
BLACK
6
CONTINUOUS
10
5.0428892519685036
20
-3.8911998818897637
11
5.0431405118110231
21
-3.8919296062992124
0
LINE
8
BLACK
6
CONTINUOUS
10
5.0431405118110231
20
-3.8919296062992124
11
5.043143228346457
21
-3.8920037007874013
0
LINE
8
BLACK
6
CONTINUOUS
10
5.043143228346457
20
-3.8920037007874013
11
5.0431716141732279
21
-3.8920721653543304
0
LINE
8
BLACK
6
CONTINUOUS
10
5.0431716141732279
20
-3.8920721653543304
11
5.0432472440944878
21
-3.8928402362204721
0
LINE
8
BLACK
6
CONTINUOUS
10
5.0432472440944878
20
-3.8928402362204721
11
5.0432472440944878
21
-3.9018391338582674
0
LINE
8
BLACK
6
CONTINUOUS
10
5.0432472440944878
20
-3.9018391338582674
11
5.0431716141732279
21
-3.9026072047244091
0
LINE
8
BLACK
6
CONTINUOUS
10
5.0431716141732279
20
-3.9026072047244091
11
5.043143228346457
21
-3.9026756299212599
0
LINE
8
BLACK
6
CONTINUOUS
10
5.043143228346457
20
-3.9026756299212599
11
5.0431405118110231
21
-3.9027497244094489
0
LINE
8
BLACK
6
CONTINUOUS
10
5.0431405118110231
20
-3.9027497244094489
11
5.0428892519685036
21
-3.9034794881889763
0
LINE
8
BLACK
6
CONTINUOUS
10
5.0428892519685036
20
-3.9034794881889763
11
5.0408270472440941
21
-3.9079789370078739
0
LINE
8
BLACK
6
CONTINUOUS
10
5.0408270472440941
20
-3.9079789370078739
11
5.0406488188976377
21
-3.9082845275590552
0
LINE
8
BLACK
6
CONTINUOUS
10
5.0406488188976377
20
-3.9082845275590552
11
5.0406134645669294
21
-3.9083816535433069
0
LINE
8
BLACK
6
CONTINUOUS
10
5.0406134645669294
20
-3.9083816535433069
11
5.0405181102362207
21
-3.9085086614173226
0
LINE
8
BLACK
6
CONTINUOUS
10
5.0405181102362207
20
-3.9085086614173226
11
5.0404382677165351
21
-3.90864562992126
0
LINE
8
BLACK
6
CONTINUOUS
10
5.0404382677165351
20
-3.90864562992126
11
5.0403626377952753
21
-3.9087157874015745
0
LINE
8
BLACK
6
CONTINUOUS
10
5.0403626377952753
20
-3.9087157874015745
11
5.0401501968503934
21
-3.9089989370078739
0
LINE
8
BLACK
6
CONTINUOUS
10
5.0401501968503934
20
-3.9089989370078739
11
5.0380879527559053
21
-3.911248622047244
0
LINE
8
BLACK
6
CONTINUOUS
10
5.0380879527559053
20
-3.911248622047244
11
5.0377737401574798
21
-3.9115301968503937
0
LINE
8
BLACK
6
CONTINUOUS
10
5.0377737401574798
20
-3.9115301968503937
11
5.0377090944881893
21
-3.9116103543307084
0
LINE
8
BLACK
6
CONTINUOUS
10
5.0377090944881893
20
-3.9116103543307084
11
5.0376060629921255
21
-3.9116804330708659
0
LINE
8
BLACK
6
CONTINUOUS
10
5.0376060629921255
20
-3.9116804330708659
11
5.0375131889763782
21
-3.9117637007874015
0
LINE
8
BLACK
6
CONTINUOUS
10
5.0375131889763782
20
-3.9117637007874015
11
5.0374197637795275
21
-3.9118072047244095
0
LINE
8
BLACK
6
CONTINUOUS
10
5.0374197637795275
20
-3.9118072047244095
11
5.0370710236220475
21
-3.9120445669291337
0
LINE
8
BLACK
6
CONTINUOUS
10
5.0370710236220475
20
-3.9120445669291337
11
5.0329465354330711
21
-3.9142942913385825
0
LINE
8
BLACK
6
CONTINUOUS
10
5.0329465354330711
20
-3.9142942913385825
11
5.0322360629921254
21
-3.9145956692913386
0
LINE
8
BLACK
6
CONTINUOUS
10
5.0322360629921254
20
-3.9145956692913386
11
5.0320252362204725
21
-3.9146182283464568
0
LINE
8
BLACK
6
CONTINUOUS
10
5.0320252362204725
20
-3.9146182283464568
11
5.0318293700787402
21
-3.9146993700787402
0
LINE
8
BLACK
6
CONTINUOUS
10
5.0318293700787402
20
-3.9146993700787402
11
5.031061299212598
21
-3.9147750000000001
0
LINE
8
BLACK
6
CONTINUOUS
10
5.031061299212598
20
-3.9147750000000001
11
4.9960031496062989
21
-3.9147750000000001
0
LINE
8
BLACK
6
CONTINUOUS
10
4.9960031496062989
20
-3.9147750000000001
11
4.9952350787401576
21
-3.9146993700787402
0
LINE
8
BLACK
6
CONTINUOUS
10
4.9952350787401576
20
-3.9146993700787402
11
4.9938158661417322
21
-3.9141114960629921
0
LINE
8
BLACK
6
CONTINUOUS
10
4.9938158661417322
20
-3.9141114960629921
11
4.9927296456692911
21
-3.913025275590551
0
LINE
8
BLACK
6
CONTINUOUS
10
4.9927296456692911
20
-3.913025275590551
11
4.992141771653543
21
-3.9116060629921261
0
LINE
8
BLACK
6
CONTINUOUS
10
4.992141771653543
20
-3.9116060629921261
11
4.992141771653543
21
-3.9100699212598427
0
LINE
8
BLACK
6
CONTINUOUS
10
4.992141771653543
20
-3.9100699212598427
11
4.9927296456692911
21
-3.9086507086614173
0
LINE
8
BLACK
6
CONTINUOUS
10
4.9927296456692911
20
-3.9086507086614173
11
4.9938158661417322
21
-3.9075644881889762
0
LINE
8
BLACK
6
CONTINUOUS
10
4.9938158661417322
20
-3.9075644881889762
11
4.9952350787401576
21
-3.9069766141732281
0
LINE
8
BLACK
6
CONTINUOUS
10
4.9952350787401576
20
-3.9069766141732281
11
4.9960031496062989
21
-3.9069009842519686
0
LINE
8
BLACK
6
CONTINUOUS
10
4.9960031496062989
20
-3.9069009842519686
11
5.0300573622047242
21
-3.9069009842519686
0
LINE
8
BLACK
6
CONTINUOUS
10
5.0300573622047242
20
-3.9069009842519686
11
5.0327258661417318
21
-3.9054454330708661
0
LINE
8
BLACK
6
CONTINUOUS
10
5.0327258661417318
20
-3.9054454330708661
11
5.0339271259842517
21
-3.9041349606299214
0
LINE
8
BLACK
6
CONTINUOUS
10
5.0339271259842517
20
-3.9041349606299214
11
5.0353732283464563
21
-3.9009798425196851
0
LINE
8
BLACK
6
CONTINUOUS
10
5.0353732283464563
20
-3.9009798425196851
11
5.0353732283464563
21
-3.8936994881889762
0
LINE
8
BLACK
6
CONTINUOUS
10
5.0353732283464563
20
-3.8936994881889762
11
5.0339271259842517
21
-3.8905443700787399
0
LINE
8
BLACK
6
CONTINUOUS
10
5.0339271259842517
20
-3.8905443700787399
11
5.0327259055118105
21
-3.8892338976377951
0
LINE
8
BLACK
6
CONTINUOUS
10
5.0327259055118105
20
-3.8892338976377951
11
5.0300573622047242
21
-3.8877783858267714
0
LINE
8
BLACK
6
CONTINUOUS
10
5.0300573622047242
20
-3.8877783858267714
11
4.9960031496062989
21
-3.8877783858267714
0
LINE
8
BLACK
6
CONTINUOUS
10
4.9960031496062989
20
-3.8877783858267714
11
4.9952350787401576
21
-3.8877027559055115
0
LINE
8
BLACK
6
CONTINUOUS
10
4.9952350787401576
20
-3.8877027559055115
11
4.9938158661417322
21
-3.8871148818897638
0
LINE
8
BLACK
6
CONTINUOUS
10
4.9938158661417322
20
-3.8871148818897638
11
4.9927296456692911
21
-3.8860286614173227
0
LINE
8
BLACK
6
CONTINUOUS
10
4.9927296456692911
20
-3.8860286614173227
11
4.992141771653543
21
-3.8846094488188974
0
LINE
8
BLACK
6
CONTINUOUS
10
4.992141771653543
20
-3.8846094488188974
11
4.992141771653543
21
-3.8830733070866139
0
LINE
8
BLACK
6
CONTINUOUS
10
4.992141771653543
20
-3.8830733070866139
11
4.9927296456692911
21
-3.881654094488189
0
LINE
8
BLACK
6
CONTINUOUS
10
4.9927296456692911
20
-3.881654094488189
11
4.9938158661417322
21
-3.8805678740157479
0
LINE
8
BLACK
6
CONTINUOUS
10
4.9938158661417322
20
-3.8805678740157479
11
4.9952350787401576
21
-3.8799799999999998
0
LINE
8
BLACK
6
CONTINUOUS
10
4.9952350787401576
20
-3.8799799999999998
11
4.9960031496062989
21
-3.8799043700787399
0
LINE
8
BLACK
6
CONTINUOUS
10
4.9960031496062989
20
-3.8799043700787399
11
5.031061299212598
21
-3.8799043700787399
0
LINE
8
BLACK
6
CONTINUOUS
10
5.031061299212598
20
-3.8799043700787399
11
5.0318293700787402
21
-3.8799799999999998
0
LINE
8
BLACK
6
CONTINUOUS
10
5.1135612598425197
20
-3.8439744881889761
11
5.1145198818897635
21
-3.8446135433070867
0
LINE
8
BLACK
6
CONTINUOUS
10
5.1145198818897635
20
-3.8446135433070867
11
5.1151609448818895
21
-3.8455708267716533
0
LINE
8
BLACK
6
CONTINUOUS
10
5.1151609448818895
20
-3.8455708267716533
11
5.1153868897637791
21
-3.8467005511811023
0
LINE
8
BLACK
6
CONTINUOUS
10
5.1153868897637791
20
-3.8467005511811023
11
5.1151633070866138
21
-3.8478307480314959
0
LINE
8
BLACK
6
CONTINUOUS
10
5.1151633070866138
20
-3.8478307480314959
11
5.1148909842519688
21
-3.8483415354330708
0
LINE
8
BLACK
6
CONTINUOUS
10
5.1148909842519688
20
-3.8483415354330708
11
5.1054842125984248
21
-3.8624516929133859
0
LINE
8
BLACK
6
CONTINUOUS
10
5.1054842125984248
20
-3.8624516929133859
11
5.1148909842519688
21
-3.8765618503937005
0
LINE
8
BLACK
6
CONTINUOUS
10
5.1148909842519688
20
-3.8765618503937005
11
5.1151633070866138
21
-3.8770726377952753
0
LINE
8
BLACK
6
CONTINUOUS
10
5.1151633070866138
20
-3.8770726377952753
11
5.1153868897637791
21
-3.8782028346456694
0
LINE
8
BLACK
6
CONTINUOUS
10
5.1153868897637791
20
-3.8782028346456694
11
5.1151609448818895
21
-3.879332559055118
0
LINE
8
BLACK
6
CONTINUOUS
10
5.1151609448818895
20
-3.879332559055118
11
5.1145198818897635
21
-3.880289842519685
0
LINE
8
BLACK
6
CONTINUOUS
10
5.1145198818897635
20
-3.880289842519685
11
5.1135612598425197
21
-3.8809288976377951
0
LINE
8
BLACK
6
CONTINUOUS
10
5.1135612598425197
20
-3.8809288976377951
11
5.1124310236220474
21
-3.8811524803149604
0
LINE
8
BLACK
6
CONTINUOUS
10
5.1124310236220474
20
-3.8811524803149604
11
5.1113013385826767
21
-3.8809265354330709
0
LINE
8
BLACK
6
CONTINUOUS
10
5.1113013385826767
20
-3.8809265354330709
11
5.1103440551181105
21
-3.8802854724409448
0
LINE
8
BLACK
6
CONTINUOUS
10
5.1103440551181105
20
-3.8802854724409448
11
5.1099772834645671
21
-3.8798376377952755
0
LINE
8
BLACK
6
CONTINUOUS
10
5.1099772834645671
20
-3.8798376377952755
11
5.1019353937007876
21
-3.867774842519685
0
LINE
8
BLACK
6
CONTINUOUS
10
5.1019353937007876
20
-3.867774842519685
11
5.0938935826771656
21
-3.8798376377952755
0
LINE
8
BLACK
6
CONTINUOUS
10
5.0938935826771656
20
-3.8798376377952755
11
5.0935268110236223
21
-3.8802854724409448
0
LINE
8
BLACK
6
CONTINUOUS
10
5.0935268110236223
20
-3.8802854724409448
11
5.0925695275590552
21
-3.8809265354330709
0
LINE
8
BLACK
6
CONTINUOUS
10
5.0925695275590552
20
-3.8809265354330709
11
5.0914398425196845
21
-3.8811524803149604
0
LINE
8
BLACK
6
CONTINUOUS
10
5.0914398425196845
20
-3.8811524803149604
11
5.0903096062992121
21
-3.8809288976377951
0
LINE
8
BLACK
6
CONTINUOUS
10
5.0903096062992121
20
-3.8809288976377951
11
5.0893509842519684
21
-3.8802898031496063
0
LINE
8
BLACK
6
CONTINUOUS
10
5.0893509842519684
20
-3.8802898031496063
11
5.0887099212598423
21
-3.8793325196850392
0
LINE
8
BLACK
6
CONTINUOUS
10
5.0887099212598423
20
-3.8793325196850392
11
5.0884839763779528
21
-3.8782028346456694
0
LINE
8
BLACK
6
CONTINUOUS
10
5.0884839763779528
20
-3.8782028346456694
11
5.0887075590551181
21
-3.8770725984251966
0
LINE
8
BLACK
6
CONTINUOUS
10
5.0887075590551181
20
-3.8770725984251966
11
5.088979881889764
21
-3.8765618110236217
0
LINE
8
BLACK
6
CONTINUOUS
10
5.088979881889764
20
-3.8765618110236217
11
5.0983866141732284
21
-3.8624516929133859
0
LINE
8
BLACK
6
CONTINUOUS
10
5.0983866141732284
20
-3.8624516929133859
11
5.088979881889764
21
-3.8483415748031495
0
LINE
8
BLACK
6
CONTINUOUS
10
5.088979881889764
20
-3.8483415748031495
11
5.0887075590551181
21
-3.8478307874015747
0
LINE
8
BLACK
6
CONTINUOUS
10
5.0887075590551181
20
-3.8478307874015747
11
5.0884839763779528
21
-3.8467005511811023
0
LINE
8
BLACK
6
CONTINUOUS
10
5.0884839763779528
20
-3.8467005511811023
11
5.0887099212598423
21
-3.845570866141732
0
LINE
8
BLACK
6
CONTINUOUS
10
5.0887099212598423
20
-3.845570866141732
11
5.0893509842519684
21
-3.8446135826771655
0
LINE
8
BLACK
6
CONTINUOUS
10
5.0893509842519684
20
-3.8446135826771655
11
5.0903096062992121
21
-3.8439744881889761
0
LINE
8
BLACK
6
CONTINUOUS
10
5.0903096062992121
20
-3.8439744881889761
11
5.0914398425196845
21
-3.8437509055118109
0
LINE
8
BLACK
6
CONTINUOUS
10
5.0914398425196845
20
-3.8437509055118109
11
5.0925695275590552
21
-3.8439768503937009
0
LINE
8
BLACK
6
CONTINUOUS
10
5.0925695275590552
20
-3.8439768503937009
11
5.0935268110236223
21
-3.8446179133858265
0
LINE
8
BLACK
6
CONTINUOUS
10
5.0935268110236223
20
-3.8446179133858265
11
5.0938935826771656
21
-3.8450657480314958
0
LINE
8
BLACK
6
CONTINUOUS
10
5.0938935826771656
20
-3.8450657480314958
11
5.1019353937007876
21
-3.8571285039370076
0
LINE
8
BLACK
6
CONTINUOUS
10
5.1019353937007876
20
-3.8571285039370076
11
5.1099772834645671
21
-3.8450657480314958
0
LINE
8
BLACK
6
CONTINUOUS
10
5.1099772834645671
20
-3.8450657480314958
11
5.1103440551181105
21
-3.8446179133858265
0
LINE
8
BLACK
6
CONTINUOUS
10
5.1103440551181105
20
-3.8446179133858265
11
5.1113013385826767
21
-3.8439768503937009
0
LINE
8
BLACK
6
CONTINUOUS
10
5.1113013385826767
20
-3.8439768503937009
11
5.1124310236220474
21
-3.8437509055118109
0
LINE
8
BLACK
6
CONTINUOUS
10
5.1124310236220474
20
-3.8437509055118109
11
5.1135612598425197
21
-3.8439744881889761
0
LINE
8
BLACK
6
CONTINUOUS
10
5.0845137401574805
20
-3.8438076377952757
11
5.0855781496062988
21
-3.8442485433070863
0
LINE
8
BLACK
6
CONTINUOUS
10
5.0855781496062988
20
-3.8442485433070863
11
5.0863927952755903
21
-3.8450631889763778
0
LINE
8
BLACK
6
CONTINUOUS
10
5.0863927952755903
20
-3.8450631889763778
11
5.0868337007874018
21
-3.8461275984251966
0
LINE
8
BLACK
6
CONTINUOUS
10
5.0868337007874018
20
-3.8461275984251966
11
5.0868337007874018
21
-3.8472797244094488
0
LINE
8
BLACK
6
CONTINUOUS
10
5.0868337007874018
20
-3.8472797244094488
11
5.0863927952755903
21
-3.8483441338582676
0
LINE
8
BLACK
6
CONTINUOUS
10
5.0863927952755903
20
-3.8483441338582676
11
5.0855781496062988
21
-3.849158779527559
0
LINE
8
BLACK
6
CONTINUOUS
10
5.0855781496062988
20
-3.849158779527559
11
5.0845137401574805
21
-3.8495996850393701
0
LINE
8
BLACK
6
CONTINUOUS
10
5.0845137401574805
20
-3.8495996850393701
11
5.0839376771653546
21
-3.8496564173228345
0
LINE
8
BLACK
6
CONTINUOUS
10
5.0839376771653546
20
-3.8496564173228345
11
5.0778915354330705
21
-3.8496564173228345
0
LINE
8
BLACK
6
CONTINUOUS
10
5.0778915354330705
20
-3.8496564173228345
11
5.0778915354330705
21
-3.8781997244094488
0
LINE
8
BLACK
6
CONTINUOUS
10
5.0778915354330705
20
-3.8781997244094488
11
5.0778348031496066
21
-3.8787757874015747
0
LINE
8
BLACK
6
CONTINUOUS
10
5.0778348031496066
20
-3.8787757874015747
11
5.077393897637795
21
-3.8798401968503935
0
LINE
8
BLACK
6
CONTINUOUS
10
5.077393897637795
20
-3.8798401968503935
11
5.0765792519685036
21
-3.880654842519685
0
LINE
8
BLACK
6
CONTINUOUS
10
5.0765792519685036
20
-3.880654842519685
11
5.0755148425196852
21
-3.881095748031496
0
LINE
8
BLACK
6
CONTINUOUS
10
5.0755148425196852
20
-3.881095748031496
11
5.0743627165354326
21
-3.881095748031496
0
LINE
8
BLACK
6
CONTINUOUS
10
5.0743627165354326
20
-3.881095748031496
11
5.0732983070866142
21
-3.880654842519685
0
LINE
8
BLACK
6
CONTINUOUS
10
5.0732983070866142
20
-3.880654842519685
11
5.0724836614173228
21
-3.8798401968503935
0
LINE
8
BLACK
6
CONTINUOUS
10
5.0724836614173228
20
-3.8798401968503935
11
5.0720427559055121
21
-3.8787757874015747
0
LINE
8
BLACK
6
CONTINUOUS
10
5.0720427559055121
20
-3.8787757874015747
11
5.0719860236220473
21
-3.8781997244094488
0
LINE
8
BLACK
6
CONTINUOUS
10
5.0719860236220473
20
-3.8781997244094488
11
5.0719860236220473
21
-3.8496564173228345
0
LINE
8
BLACK
6
CONTINUOUS
10
5.0719860236220473
20
-3.8496564173228345
11
5.0659399212598428
21
-3.8496564173228345
0
LINE
8
BLACK
6
CONTINUOUS
10
5.0659399212598428
20
-3.8496564173228345
11
5.0653638582677161
21
-3.8495996850393701
0
LINE
8
BLACK
6
CONTINUOUS
10
5.0653638582677161
20
-3.8495996850393701
11
5.0642994488188977
21
-3.849158779527559
0
LINE
8
BLACK
6
CONTINUOUS
10
5.0642994488188977
20
-3.849158779527559
11
5.0634848031496063
21
-3.8483441338582676
0
LINE
8
BLACK
6
CONTINUOUS
10
5.0634848031496063
20
-3.8483441338582676
11
5.0630438976377947
21
-3.8472797244094488
0
LINE
8
BLACK
6
CONTINUOUS
10
5.0630438976377947
20
-3.8472797244094488
11
5.0630438976377947
21
-3.8461275984251966
0
LINE
8
BLACK
6
CONTINUOUS
10
5.0630438976377947
20
-3.8461275984251966
11
5.0634848031496063
21
-3.8450631889763778
0
LINE
8
BLACK
6
CONTINUOUS
10
5.0634848031496063
20
-3.8450631889763778
11
5.0642994488188977
21
-3.8442485433070863
0
LINE
8
BLACK
6
CONTINUOUS
10
5.0642994488188977
20
-3.8442485433070863
11
5.0653638582677161
21
-3.8438076377952757
0
LINE
8
BLACK
6
CONTINUOUS
10
5.0653638582677161
20
-3.8438076377952757
11
5.0659399212598428
21
-3.8437509055118109
0
LINE
8
BLACK
6
CONTINUOUS
10
5.0659399212598428
20
-3.8437509055118109
11
5.0839376771653546
21
-3.8437509055118109
0
LINE
8
BLACK
6
CONTINUOUS
10
5.0839376771653546
20
-3.8437509055118109
11
5.0845137401574805
21
-3.8438076377952757
0
LINE
8
BLACK
6
CONTINUOUS
10
6.5022877559055114
20
-3.8380332677165354
11
6.502349173228346
21
-3.8380254724409446
0
LINE
8
BLACK
6
CONTINUOUS
10
6.502349173228346
20
-3.8380254724409446
11
6.5024286614173228
21
-3.8380471259842519
0
LINE
8
BLACK
6
CONTINUOUS
10
6.5024286614173228
20
-3.8380471259842519
11
6.5027405905511806
21
-3.838077874015748
0
LINE
8
BLACK
6
CONTINUOUS
10
6.5027405905511806
20
-3.838077874015748
11
6.5031246850393698
21
-3.8382369685039368
0
LINE
8
BLACK
6
CONTINUOUS
10
6.5031246850393698
20
-3.8382369685039368
11
6.5035255511811023
21
-3.8383462992125983
0
LINE
8
BLACK
6
CONTINUOUS
10
6.5035255511811023
20
-3.8383462992125983
11
6.5036829921259844
21
-3.8384682283464566
0
LINE
8
BLACK
6
CONTINUOUS
10
6.5036829921259844
20
-3.8384682283464566
11
6.5038670866141732
21
-3.8385444881889761
0
LINE
8
BLACK
6
CONTINUOUS
10
6.5038670866141732
20
-3.8385444881889761
11
6.5041609448818898
21
-3.8388383464566926
0
LINE
8
BLACK
6
CONTINUOUS
10
6.5041609448818898
20
-3.8388383464566926
11
6.5044896062992121
21
-3.8390928740157477
0
LINE
8
BLACK
6
CONTINUOUS
10
6.5044896062992121
20
-3.8390928740157477
11
6.5045884251968502
21
-3.8392658267716535
0
LINE
8
BLACK
6
CONTINUOUS
10
6.5045884251968502
20
-3.8392658267716535
11
6.5047292913385828
21
-3.8394066929133857
0
LINE
8
BLACK
6
CONTINUOUS
10
6.5047292913385828
20
-3.8394066929133857
11
6.5048883070866141
21
-3.8397906299212599
0
LINE
8
BLACK
6
CONTINUOUS
10
6.5048883070866141
20
-3.8397906299212599
11
6.5050945275590548
21
-3.8401514960629921
0
LINE
8
BLACK
6
CONTINUOUS
10
6.5050945275590548
20
-3.8401514960629921
11
6.505119645669291
21
-3.8403490551181103
0
LINE
8
BLACK
6
CONTINUOUS
10
6.505119645669291
20
-3.8403490551181103
11
6.5051959055118109
21
-3.8405331889763779
0
LINE
8
BLACK
6
CONTINUOUS
10
6.5051959055118109
20
-3.8405331889763779
11
6.5051959055118109
21
-3.8409488976377952
0
LINE
8
BLACK
6
CONTINUOUS
10
6.5051959055118109
20
-3.8409488976377952
11
6.5052483070866138
21
-3.8413611023622045
0
LINE
8
BLACK
6
CONTINUOUS
10
6.5052483070866138
20
-3.8413611023622045
11
6.5051959055118109
21
-3.8415532283464566
0
LINE
8
BLACK
6
CONTINUOUS
10
6.5051959055118109
20
-3.8415532283464566
11
6.5051959055118109
21
-3.8417524803149607
0
LINE
8
BLACK
6
CONTINUOUS
10
6.5051959055118109
20
-3.8417524803149607
11
6.5050368110236221
21
-3.842136496062992
0
LINE
8
BLACK
6
CONTINUOUS
10
6.5050368110236221
20
-3.842136496062992
11
6.5049274803149606
21
-3.8425374803149603
0
LINE
8
BLACK
6
CONTINUOUS
10
6.5049274803149606
20
-3.8425374803149603
11
6.5048054724409443
21
-3.8426949606299212
0
LINE
8
BLACK
6
CONTINUOUS
10
6.5048054724409443
20
-3.8426949606299212
11
6.5047292913385828
21
-3.8428789763779525
0
LINE
8
BLACK
6
CONTINUOUS
10
6.5047292913385828
20
-3.8428789763779525
11
6.5044354330708662
21
-3.8431727952755903
0
LINE
8
BLACK
6
CONTINUOUS
10
6.5044354330708662
20
-3.8431727952755903
11
6.5041809055118112
21
-3.8435014960629919
0
LINE
8
BLACK
6
CONTINUOUS
10
6.5041809055118112
20
-3.8435014960629919
11
6.5039253543307085
21
-3.843682874015748
0
LINE
8
BLACK
6
CONTINUOUS
10
6.5039253543307085
20
-3.843682874015748
11
6.5038670866141732
21
-3.8437411811023621
0
LINE
8
BLACK
6
CONTINUOUS
10
6.5038670866141732
20
-3.8437411811023621
11
6.5038098818897634
21
-3.8437648425196849
0
LINE
8
BLACK
6
CONTINUOUS
10
6.5038098818897634
20
-3.8437648425196849
11
6.5036813779527556
21
-3.8438561023622047
0
LINE
8
BLACK
6
CONTINUOUS
10
6.5036813779527556
20
-3.8438561023622047
11
6.463898346456693
21
-3.8665892913385824
0
LINE
8
BLACK
6
CONTINUOUS
10
6.463898346456693
20
-3.8665892913385824
11
6.5021309448818894
21
-3.8665892913385824
0
LINE
8
BLACK
6
CONTINUOUS
10
6.5021309448818894
20
-3.8665892913385824
11
6.5027405905511806
21
-3.8666493307086611
0
LINE
8
BLACK
6
CONTINUOUS
10
6.5027405905511806
20
-3.8666493307086611
11
6.5038670866141732
21
-3.8671159448818897
0
LINE
8
BLACK
6
CONTINUOUS
10
6.5038670866141732
20
-3.8671159448818897
11
6.5047292913385828
21
-3.8679781496062993
0
LINE
8
BLACK
6
CONTINUOUS
10
6.5047292913385828
20
-3.8679781496062993
11
6.5051959055118109
21
-3.8691046456692915
0
LINE
8
BLACK
6
CONTINUOUS
10
6.5051959055118109
20
-3.8691046456692915
11
6.5051959055118109
21
-3.8703239370078739
0
LINE
8
BLACK
6
CONTINUOUS
10
6.5051959055118109
20
-3.8703239370078739
11
6.5047292913385828
21
-3.8714504330708661
0
LINE
8
BLACK
6
CONTINUOUS
10
6.5047292913385828
20
-3.8714504330708661
11
6.5038670866141732
21
-3.8723126377952757
0
LINE
8
BLACK
6
CONTINUOUS
10
6.5038670866141732
20
-3.8723126377952757
11
6.5027405905511806
21
-3.8727792519685038
0
LINE
8
BLACK
6
CONTINUOUS
10
6.5027405905511806
20
-3.8727792519685038
11
6.5021309448818894
21
-3.8728392913385825
0
LINE
8
BLACK
6
CONTINUOUS
10
6.5021309448818894
20
-3.8728392913385825
11
6.4521309448818895
21
-3.8728392913385825
0
LINE
8
BLACK
6
CONTINUOUS
10
6.4521309448818895
20
-3.8728392913385825
11
6.4519740944881887
21
-3.8728238188976376
0
LINE
8
BLACK
6
CONTINUOUS
10
6.4519740944881887
20
-3.8728238188976376
11
6.4519126771653541
21
-3.8728316535433072
0
LINE
8
BLACK
6
CONTINUOUS
10
6.4519126771653541
20
-3.8728316535433072
11
6.4518331102362207
21
-3.8728099606299211
0
LINE
8
BLACK
6
CONTINUOUS
10
6.4518331102362207
20
-3.8728099606299211
11
6.4515212992125983
21
-3.8727792519685038
0
LINE
8
BLACK
6
CONTINUOUS
10
6.4515212992125983
20
-3.8727792519685038
11
6.4511372440944879
21
-3.872620157480315
0
LINE
8
BLACK
6
CONTINUOUS
10
6.4511372440944879
20
-3.872620157480315
11
6.4507362992125978
21
-3.8725108267716535
0
LINE
8
BLACK
6
CONTINUOUS
10
6.4507362992125978
20
-3.8725108267716535
11
6.4505787795275591
21
-3.8723888188976376
0
LINE
8
BLACK
6
CONTINUOUS
10
6.4505787795275591
20
-3.8723888188976376
11
6.4503948031496066
21
-3.8723126377952757
0
LINE
8
BLACK
6
CONTINUOUS
10
6.4503948031496066
20
-3.8723126377952757
11
6.45010094488189
21
-3.8720187795275591
0
LINE
8
BLACK
6
CONTINUOUS
10
6.45010094488189
20
-3.8720187795275591
11
6.4497722834645668
21
-3.871764251968504
0
LINE
8
BLACK
6
CONTINUOUS
10
6.4497722834645668
20
-3.871764251968504
11
6.4496734251968499
21
-3.8715912598425195
0
LINE
8
BLACK
6
CONTINUOUS
10
6.4496734251968499
20
-3.8715912598425195
11
6.449532598425197
21
-3.8714504330708661
0
LINE
8
BLACK
6
CONTINUOUS
10
6.449532598425197
20
-3.8714504330708661
11
6.4493735433070869
21
-3.8710664566929132
0
LINE
8
BLACK
6
CONTINUOUS
10
6.4493735433070869
20
-3.8710664566929132
11
6.4491673622047241
21
-3.8707056299212597
0
LINE
8
BLACK
6
CONTINUOUS
10
6.4491673622047241
20
-3.8707056299212597
11
6.4491422047244091
21
-3.8705080314960627
0
LINE
8
BLACK
6
CONTINUOUS
10
6.4491422047244091
20
-3.8705080314960627
11
6.449065984251968
21
-3.8703239370078739
0
LINE
8
BLACK
6
CONTINUOUS
10
6.449065984251968
20
-3.8703239370078739
11
6.449065984251968
21
-3.8699081889763778
0
LINE
8
BLACK
6
CONTINUOUS
10
6.449065984251968
20
-3.8699081889763778
11
6.4490135826771651
21
-3.8694960236220473
0
LINE
8
BLACK
6
CONTINUOUS
10
6.4490135826771651
20
-3.8694960236220473
11
6.449065984251968
21
-3.8693038582677164
0
LINE
8
BLACK
6
CONTINUOUS
10
6.449065984251968
20
-3.8693038582677164
11
6.449065984251968
21
-3.8691046456692915
0
LINE
8
BLACK
6
CONTINUOUS
10
6.449065984251968
20
-3.8691046456692915
11
6.449225039370079
21
-3.868720590551181
0
LINE
8
BLACK
6
CONTINUOUS
10
6.449225039370079
20
-3.868720590551181
11
6.4493344094488192
21
-3.8683196456692914
0
LINE
8
BLACK
6
CONTINUOUS
10
6.4493344094488192
20
-3.8683196456692914
11
6.4494563779527558
21
-3.8681621259842518
0
LINE
8
BLACK
6
CONTINUOUS
10
6.4494563779527558
20
-3.8681621259842518
11
6.449532598425197
21
-3.8679781496062993
0
LINE
8
BLACK
6
CONTINUOUS
10
6.449532598425197
20
-3.8679781496062993
11
6.4498264173228348
21
-3.8676842913385827
0
LINE
8
BLACK
6
CONTINUOUS
10
6.4498264173228348
20
-3.8676842913385827
11
6.4500809842519686
21
-3.8673556299212599
0
LINE
8
BLACK
6
CONTINUOUS
10
6.4500809842519686
20
-3.8673556299212599
11
6.4503364960629916
21
-3.867174212598425
0
LINE
8
BLACK
6
CONTINUOUS
10
6.4503364960629916
20
-3.867174212598425
11
6.4503948031496066
21
-3.8671159448818897
0
LINE
8
BLACK
6
CONTINUOUS
10
6.4503948031496066
20
-3.8671159448818897
11
6.4504519685039368
21
-3.8670922440944882
0
LINE
8
BLACK
6
CONTINUOUS
10
6.4504519685039368
20
-3.8670922440944882
11
6.4505805118110233
21
-3.8670010236220471
0
LINE
8
BLACK
6
CONTINUOUS
10
6.4505805118110233
20
-3.8670010236220471
11
6.4903635433070868
21
-3.8442678346456693
0
LINE
8
BLACK
6
CONTINUOUS
10
6.4903635433070868
20
-3.8442678346456693
11
6.4521309448818895
21
-3.8442678346456693
0
LINE
8
BLACK
6
CONTINUOUS
10
6.4521309448818895
20
-3.8442678346456693
11
6.4515212992125983
21
-3.8442077952755906
0
LINE
8
BLACK
6
CONTINUOUS
10
6.4515212992125983
20
-3.8442077952755906
11
6.4503948031496066
21
-3.8437411811023621
0
LINE
8
BLACK
6
CONTINUOUS
10
6.4503948031496066
20
-3.8437411811023621
11
6.449532598425197
21
-3.8428789763779525
0
LINE
8
BLACK
6
CONTINUOUS
10
6.449532598425197
20
-3.8428789763779525
11
6.449065984251968
21
-3.8417524803149607
0
LINE
8
BLACK
6
CONTINUOUS
10
6.449065984251968
20
-3.8417524803149607
11
6.449065984251968
21
-3.8405331889763779
0
LINE
8
BLACK
6
CONTINUOUS
10
6.449065984251968
20
-3.8405331889763779
11
6.449532598425197
21
-3.8394066929133857
0
LINE
8
BLACK
6
CONTINUOUS
10
6.449532598425197
20
-3.8394066929133857
11
6.4503948031496066
21
-3.8385444881889761
0
LINE
8
BLACK
6
CONTINUOUS
10
6.4503948031496066
20
-3.8385444881889761
11
6.4515212992125983
21
-3.838077874015748
0
LINE
8
BLACK
6
CONTINUOUS
10
6.4515212992125983
20
-3.838077874015748
11
6.4521309448818895
21
-3.8380178346456693
0
LINE
8
BLACK
6
CONTINUOUS
10
6.4521309448818895
20
-3.8380178346456693
11
6.5021309448818894
21
-3.8380178346456693
0
LINE
8
BLACK
6
CONTINUOUS
10
6.5021309448818894
20
-3.8380178346456693
11
6.5022877559055114
21
-3.8380332677165354
0
LINE
8
BLACK
6
CONTINUOUS
10
5.0402471259842523
20
-3.8327733858267714
11
5.0416391732283463
21
-3.8334229921259841
0
LINE
8
BLACK
6
CONTINUOUS
10
5.0416391732283463
20
-3.8334229921259841
11
5.0426766535433067
21
-3.8345558661417321
0
LINE
8
BLACK
6
CONTINUOUS
10
5.0426766535433067
20
-3.8345558661417321
11
5.0432016141732285
21
-3.8359995275590548
0
LINE
8
BLACK
6
CONTINUOUS
10
5.0432016141732285
20
-3.8359995275590548
11
5.0431341338582678
21
-3.8375341732283466
0
LINE
8
BLACK
6
CONTINUOUS
10
5.0431341338582678
20
-3.8375341732283466
11
5.0424845275590551
21
-3.838926220472441
0
LINE
8
BLACK
6
CONTINUOUS
10
5.0424845275590551
20
-3.838926220472441
11
5.0413516535433072
21
-3.8399637007874015
0
LINE
8
BLACK
6
CONTINUOUS
10
5.0413516535433072
20
-3.8399637007874015
11
5.0406556692913389
21
-3.8402972440944882
0
LINE
8
BLACK
6
CONTINUOUS
10
5.0406556692913389
20
-3.8402972440944882
11
5.0308738188976374
21
-3.8438542519685037
0
LINE
8
BLACK
6
CONTINUOUS
10
5.0308738188976374
20
-3.8438542519685037
11
5.0308738188976374
21
-3.8608363385826769
0
LINE
8
BLACK
6
CONTINUOUS
10
5.0308738188976374
20
-3.8608363385826769
11
5.0406556692913389
21
-3.8643933858267716
0
LINE
8
BLACK
6
CONTINUOUS
10
5.0406556692913389
20
-3.8643933858267716
11
5.0413516535433072
21
-3.864726929133858
0
LINE
8
BLACK
6
CONTINUOUS
10
5.0413516535433072
20
-3.864726929133858
11
5.0424845275590551
21
-3.8657644094488188
0
LINE
8
BLACK
6
CONTINUOUS
10
5.0424845275590551
20
-3.8657644094488188
11
5.0431341338582678
21
-3.8671564566929133
0
LINE
8
BLACK
6
CONTINUOUS
10
5.0431341338582678
20
-3.8671564566929133
11
5.0432016141732285
21
-3.8686911023622046
0
LINE
8
BLACK
6
CONTINUOUS
10
5.0432016141732285
20
-3.8686911023622046
11
5.0426766535433067
21
-3.8701347637795274
0
LINE
8
BLACK
6
CONTINUOUS
10
5.0426766535433067
20
-3.8701347637795274
11
5.0416391732283463
21
-3.8712676377952757
0
LINE
8
BLACK
6
CONTINUOUS
10
5.0416391732283463
20
-3.8712676377952757
11
5.0402471259842523
21
-3.871917244094488
0
LINE
8
BLACK
6
CONTINUOUS
10
5.0402471259842523
20
-3.871917244094488
11
5.0387124803149606
21
-3.8719847244094487
0
LINE
8
BLACK
6
CONTINUOUS
10
5.0387124803149606
20
-3.8719847244094487
11
5.037964803149606
21
-3.8717933070866142
0
LINE
8
BLACK
6
CONTINUOUS
10
5.037964803149606
20
-3.8717933070866142
11
4.9946577165354329
21
-3.8560452755905512
0
LINE
8
BLACK
6
CONTINUOUS
10
4.9946577165354329
20
-3.8560452755905512
11
4.9939617322834646
21
-3.8557117322834644
0
LINE
8
BLACK
6
CONTINUOUS
10
4.9939617322834646
20
-3.8557117322834644
11
4.9938326771653543
21
-3.8555935433070867
0
LINE
8
BLACK
6
CONTINUOUS
10
4.9938326771653543
20
-3.8555935433070867
11
4.9936742125984255
21
-3.8555196062992123
0
LINE
8
BLACK
6
CONTINUOUS
10
4.9936742125984255
20
-3.8555196062992123
11
4.9932700787401574
21
-3.8550783464566929
0
LINE
8
BLACK
6
CONTINUOUS
10
4.9932700787401574
20
-3.8550783464566929
11
4.9928288582677167
21
-3.854674251968504
0
LINE
8
BLACK
6
CONTINUOUS
10
4.9928288582677167
20
-3.854674251968504
11
4.9927548818897636
21
-3.854515748031496
0
LINE
8
BLACK
6
CONTINUOUS
10
4.9927548818897636
20
-3.854515748031496
11
4.9926367322834642
21
-3.8543867322834644
0
LINE
8
BLACK
6
CONTINUOUS
10
4.9926367322834642
20
-3.8543867322834644
11
4.9924321653543302
21
-3.8538241732283463
0
LINE
8
BLACK
6
CONTINUOUS
10
4.9924321653543302
20
-3.8538241732283463
11
4.992179251968504
21
-3.8532822047244095
0
LINE
8
BLACK
6
CONTINUOUS
10
4.992179251968504
20
-3.8532822047244095
11
4.9921715354330711
21
-3.8531075196850391
0
LINE
8
BLACK
6
CONTINUOUS
10
4.9921715354330711
20
-3.8531075196850391
11
4.9921117716535433
21
-3.8529430708661416
0
LINE
8
BLACK
6
CONTINUOUS
10
4.9921117716535433
20
-3.8529430708661416
11
4.9921380314960633
21
-3.8523453149606297
0
LINE
8
BLACK
6
CONTINUOUS
10
4.9921380314960633
20
-3.8523453149606297
11
4.9921117716535433
21
-3.8517475590551182
0
LINE
8
BLACK
6
CONTINUOUS
10
4.9921117716535433
20
-3.8517475590551182
11
4.9921715354330711
21
-3.8515830708661416
0
LINE
8
BLACK
6
CONTINUOUS
10
4.9921715354330711
20
-3.8515830708661416
11
4.992179251968504
21
-3.8514084251968503
0
LINE
8
BLACK
6
CONTINUOUS
10
4.992179251968504
20
-3.8514084251968503
11
4.9924321653543302
21
-3.8508664173228344
0
LINE
8
BLACK
6
CONTINUOUS
10
4.9924321653543302
20
-3.8508664173228344
11
4.9926367322834642
21
-3.850303897637795
0
LINE
8
BLACK
6
CONTINUOUS
10
4.9926367322834642
20
-3.850303897637795
11
4.9927548818897636
21
-3.8501748425196851
0
LINE
8
BLACK
6
CONTINUOUS
10
4.9927548818897636
20
-3.8501748425196851
11
4.9928288582677167
21
-3.8500163779527559
0
LINE
8
BLACK
6
CONTINUOUS
10
4.9928288582677167
20
-3.8500163779527559
11
4.9932700787401574
21
-3.8496122440944882
0
LINE
8
BLACK
6
CONTINUOUS
10
4.9932700787401574
20
-3.8496122440944882
11
4.9936742125984255
21
-3.8491710236220471
0
LINE
8
BLACK
6
CONTINUOUS
10
4.9936742125984255
20
-3.8491710236220471
11
4.9938326771653543
21
-3.8490970472440944
0
LINE
8
BLACK
6
CONTINUOUS
10
4.9938326771653543
20
-3.8490970472440944
11
4.9939617322834646
21
-3.848978897637795
0
LINE
8
BLACK
6
CONTINUOUS
10
4.9939617322834646
20
-3.848978897637795
11
4.9946577165354329
21
-3.8486453543307086
0
LINE
8
BLACK
6
CONTINUOUS
10
4.9946577165354329
20
-3.8486453543307086
11
5.037964803149606
21
-3.8328973228346457
0
LINE
8
BLACK
6
CONTINUOUS
10
5.037964803149606
20
-3.8328973228346457
11
5.0387124803149606
21
-3.8327059055118111
0
LINE
8
BLACK
6
CONTINUOUS
10
5.0387124803149606
20
-3.8327059055118111
11
5.0402471259842523
21
-3.8327733858267714
0
LINE
8
BLACK
6
CONTINUOUS
10
5.0075234645669289
20
-3.8523453149606297
11
5.0229998031496059
21
-3.8579730708661417
0
LINE
8
BLACK
6
CONTINUOUS
10
5.0229998031496059
20
-3.8579730708661417
11
5.0229998031496059
21
-3.8467175590551181
0
LINE
8
BLACK
6
CONTINUOUS
10
5.0229998031496059
20
-3.8467175590551181
11
5.0075234645669289
21
-3.8523453149606297
0
LINE
8
BLACK
6
CONTINUOUS
10
6.5996765748031496
20
-3.8475916929133858
11
6.599989527559055
21
-3.8476311811023622
0
LINE
8
BLACK
6
CONTINUOUS
10
6.599989527559055
20
-3.8476311811023622
11
6.6044889763779526
21
-3.8491309842519685
0
LINE
8
BLACK
6
CONTINUOUS
10
6.6044889763779526
20
-3.8491309842519685
11
6.6045746062992121
21
-3.8491798031496063
0
LINE
8
BLACK
6
CONTINUOUS
10
6.6045746062992121
20
-3.8491798031496063
11
6.6046198031496059
21
-3.8491798031496063
0
LINE
8
BLACK
6
CONTINUOUS
10
6.6046198031496059
20
-3.8491798031496063
11
6.604882007874016
21
-3.8493550000000001
0
LINE
8
BLACK
6
CONTINUOUS
10
6.604882007874016
20
-3.8493550000000001
11
6.60515625984252
21
-3.8495113385826771
0
LINE
8
BLACK
6
CONTINUOUS
10
6.60515625984252
20
-3.8495113385826771
11
6.605176456692913
21
-3.8495517716535432
0
LINE
8
BLACK
6
CONTINUOUS
10
6.605176456692913
20
-3.8495517716535432
11
6.6052584251968502
21
-3.8496065354330709
0
LINE
8
BLACK
6
CONTINUOUS
10
6.6052584251968502
20
-3.8496065354330709
11
6.6082580708661416
21
-3.8526061417322834
0
LINE
8
BLACK
6
CONTINUOUS
10
6.6082580708661416
20
-3.8526061417322834
11
6.6083128346456688
21
-3.8526881102362203
0
LINE
8
BLACK
6
CONTINUOUS
10
6.6083128346456688
20
-3.8526881102362203
11
6.6083532677165353
21
-3.8527083464566929
0
LINE
8
BLACK
6
CONTINUOUS
10
6.6083532677165353
20
-3.8527083464566929
11
6.6085094094488186
21
-3.8529822834645668
0
LINE
8
BLACK
6
CONTINUOUS
10
6.6085094094488186
20
-3.8529822834645668
11
6.6086848031496057
21
-3.8532447637795273
0
LINE
8
BLACK
6
CONTINUOUS
10
6.6086848031496057
20
-3.8532447637795273
11
6.6086848031496057
21
-3.8532899606299211
0
LINE
8
BLACK
6
CONTINUOUS
10
6.6086848031496057
20
-3.8532899606299211
11
6.6087336220472439
21
-3.8533756299212598
0
LINE
8
BLACK
6
CONTINUOUS
10
6.6087336220472439
20
-3.8533756299212598
11
6.6102334251968502
21
-3.8578750393700787
0
LINE
8
BLACK
6
CONTINUOUS
10
6.6102334251968502
20
-3.8578750393700787
11
6.6102728740157479
21
-3.8581879527559053
0
LINE
8
BLACK
6
CONTINUOUS
10
6.6102728740157479
20
-3.8581879527559053
11
6.6103344488188975
21
-3.8584975196850393
0
LINE
8
BLACK
6
CONTINUOUS
10
6.6103344488188975
20
-3.8584975196850393
11
6.6103344488188975
21
-3.8614971653543306
0
LINE
8
BLACK
6
CONTINUOUS
10
6.6103344488188975
20
-3.8614971653543306
11
6.610184606299212
21
-3.862250472440945
0
LINE
8
BLACK
6
CONTINUOUS
10
6.610184606299212
20
-3.862250472440945
11
6.6091192519685036
21
-3.8633158267716534
0
LINE
8
BLACK
6
CONTINUOUS
10
6.6091192519685036
20
-3.8633158267716534
11
6.6076126377952757
21
-3.8633158267716534
0
LINE
8
BLACK
6
CONTINUOUS
10
6.6076126377952757
20
-3.8633158267716534
11
6.6065472834645664
21
-3.862250472440945
0
LINE
8
BLACK
6
CONTINUOUS
10
6.6065472834645664
20
-3.862250472440945
11
6.6063974409448818
21
-3.8614971653543306
0
LINE
8
BLACK
6
CONTINUOUS
10
6.6063974409448818
20
-3.8614971653543306
11
6.6063974409448818
21
-3.8588169291338583
0
LINE
8
BLACK
6
CONTINUOUS
10
6.6063974409448818
20
-3.8588169291338583
11
6.6051455905511807
21
-3.8550614566929133
0
LINE
8
BLACK
6
CONTINUOUS
10
6.6051455905511807
20
-3.8550614566929133
11
6.6028031496062987
21
-3.8527189763779526
0
LINE
8
BLACK
6
CONTINUOUS
10
6.6028031496062987
20
-3.8527189763779526
11
6.5990476377952758
21
-3.8514671653543306
0
LINE
8
BLACK
6
CONTINUOUS
10
6.5990476377952758
20
-3.8514671653543306
11
6.5768698818897633
21
-3.8514671653543306
0
LINE
8
BLACK
6
CONTINUOUS
10
6.5768698818897633
20
-3.8514671653543306
11
6.5761165748031498
21
-3.8513173228346456
0
LINE
8
BLACK
6
CONTINUOUS
10
6.5761165748031498
20
-3.8513173228346456
11
6.5750512204724405
21
-3.8502519685039371
0
LINE
8
BLACK
6
CONTINUOUS
10
6.5750512204724405
20
-3.8502519685039371
11
6.5750512204724405
21
-3.8487453543307084
0
LINE
8
BLACK
6
CONTINUOUS
10
6.5750512204724405
20
-3.8487453543307084
11
6.5761165748031498
21
-3.84768
0
LINE
8
BLACK
6
CONTINUOUS
10
6.5761165748031498
20
-3.84768
11
6.5768698818897633
21
-3.8475301574803149
0
LINE
8
BLACK
6
CONTINUOUS
10
6.5768698818897633
20
-3.8475301574803149
11
6.599367047244094
21
-3.8475301574803149
0
LINE
8
BLACK
6
CONTINUOUS
10
6.599367047244094
20
-3.8475301574803149
11
6.5996765748031496
21
-3.8475916929133858
0
LINE
8
BLACK
6
CONTINUOUS
10
6.5996859055118104
20
-3.8157494488188974
11
6.599835748031496
21
-3.8165027559055118
0
LINE
8
BLACK
6
CONTINUOUS
10
6.599835748031496
20
-3.8165027559055118
11
6.599835748031496
21
-3.8190337007874016
0
LINE
8
BLACK
6
CONTINUOUS
10
6.599835748031496
20
-3.8190337007874016
11
6.6083659448818892
21
-3.8190337007874016
0
LINE
8
BLACK
6
CONTINUOUS
10
6.6083659448818892
20
-3.8190337007874016
11
6.6091192519685036
21
-3.8191835433070866
0
LINE
8
BLACK
6
CONTINUOUS
10
6.6091192519685036
20
-3.8191835433070866
11
6.610184606299212
21
-3.8202488976377951
0
LINE
8
BLACK
6
CONTINUOUS
10
6.610184606299212
20
-3.8202488976377951
11
6.610184606299212
21
-3.8217555118110234
0
LINE
8
BLACK
6
CONTINUOUS
10
6.610184606299212
20
-3.8217555118110234
11
6.6091192519685036
21
-3.8228208661417322
0
LINE
8
BLACK
6
CONTINUOUS
10
6.6091192519685036
20
-3.8228208661417322
11
6.6083659448818892
21
-3.8229707086614173
0
LINE
8
BLACK
6
CONTINUOUS
10
6.6083659448818892
20
-3.8229707086614173
11
6.599835748031496
21
-3.8229707086614173
0
LINE
8
BLACK
6
CONTINUOUS
10
6.599835748031496
20
-3.8229707086614173
11
6.599835748031496
21
-3.8360003543307086
0
LINE
8
BLACK
6
CONTINUOUS
10
6.599835748031496
20
-3.8360003543307086
11
6.5996859055118104
21
-3.8367536614173225
0
LINE
8
BLACK
6
CONTINUOUS
10
6.5996859055118104
20
-3.8367536614173225
11
6.5994567716535428
21
-3.8369827559055119
0
LINE
8
BLACK
6
CONTINUOUS
10
6.5994567716535428
20
-3.8369827559055119
11
6.5993543307086613
21
-3.8372901181102361
0
LINE
8
BLACK
6
CONTINUOUS
10
6.5993543307086613
20
-3.8372901181102361
11
6.5989445669291333
21
-3.8374950000000001
0
LINE
8
BLACK
6
CONTINUOUS
10
6.5989445669291333
20
-3.8374950000000001
11
6.598620551181102
21
-3.8378190157480314
0
LINE
8
BLACK
6
CONTINUOUS
10
6.598620551181102
20
-3.8378190157480314
11
6.5982965354330707
21
-3.8378190157480314
0
LINE
8
BLACK
6
CONTINUOUS
10
6.5982965354330707
20
-3.8378190157480314
11
6.5980067716535435
21
-3.837963897637795
0
LINE
8
BLACK
6
CONTINUOUS
10
6.5980067716535435
20
-3.837963897637795
11
6.5972447244094488
21
-3.8378678346456692
0
LINE
8
BLACK
6
CONTINUOUS
10
6.5972447244094488
20
-3.8378678346456692
11
6.5747475984251968
21
-3.8303687401574802
0
LINE
8
BLACK
6
CONTINUOUS
10
6.5747475984251968
20
-3.8303687401574802
11
6.5740803149606295
21
-3.8299883858267716
0
LINE
8
BLACK
6
CONTINUOUS
10
6.5740803149606295
20
-3.8299883858267716
11
6.5734065354330706
21
-3.8286407874015747
0
LINE
8
BLACK
6
CONTINUOUS
10
6.5734065354330706
20
-3.8286407874015747
11
6.5738829527559055
21
-3.8272114960629922
0
LINE
8
BLACK
6
CONTINUOUS
10
6.5738829527559055
20
-3.8272114960629922
11
6.575230551181102
21
-3.8265377165354328
0
LINE
8
BLACK
6
CONTINUOUS
10
6.575230551181102
20
-3.8265377165354328
11
6.575992559055118
21
-3.8266337795275591
0
LINE
8
BLACK
6
CONTINUOUS
10
6.575992559055118
20
-3.8266337795275591
11
6.5958987401574802
21
-3.8332691732283464
0
LINE
8
BLACK
6
CONTINUOUS
10
6.5958987401574802
20
-3.8332691732283464
11
6.5958987401574802
21
-3.8229707086614173
0
LINE
8
BLACK
6
CONTINUOUS
10
6.5958987401574802
20
-3.8229707086614173
11
6.5873685433070861
21
-3.8229707086614173
0
LINE
8
BLACK
6
CONTINUOUS
10
6.5873685433070861
20
-3.8229707086614173
11
6.5866152362204726
21
-3.8228208661417322
0
LINE
8
BLACK
6
CONTINUOUS
10
6.5866152362204726
20
-3.8228208661417322
11
6.5855498818897633
21
-3.8217555118110234
0
LINE
8
BLACK
6
CONTINUOUS
10
6.5855498818897633
20
-3.8217555118110234
11
6.5855498818897633
21
-3.8202488976377951
0
LINE
8
BLACK
6
CONTINUOUS
10
6.5855498818897633
20
-3.8202488976377951
11
6.5866152362204726
21
-3.8191835433070866
0
LINE
8
BLACK
6
CONTINUOUS
10
6.5866152362204726
20
-3.8191835433070866
11
6.5873685433070861
21
-3.8190337007874016
0
LINE
8
BLACK
6
CONTINUOUS
10
6.5873685433070861
20
-3.8190337007874016
11
6.5958987401574802
21
-3.8190337007874016
0
LINE
8
BLACK
6
CONTINUOUS
10
6.5958987401574802
20
-3.8190337007874016
11
6.5958987401574802
21
-3.8165027559055118
0
LINE
8
BLACK
6
CONTINUOUS
10
6.5958987401574802
20
-3.8165027559055118
11
6.5960485826771649
21
-3.8157494488188974
0
LINE
8
BLACK
6
CONTINUOUS
10
6.5960485826771649
20
-3.8157494488188974
11
6.5971139370078742
21
-3.814684094488189
0
LINE
8
BLACK
6
CONTINUOUS
10
6.5971139370078742
20
-3.814684094488189
11
6.598620551181102
21
-3.814684094488189
0
LINE
8
BLACK
6
CONTINUOUS
10
6.598620551181102
20
-3.814684094488189
11
6.5996859055118104
21
-3.8157494488188974
0
LINE
8
BLACK
6
CONTINUOUS
10
5.1382224803149601
20
-3.7930727165354328
11
5.1383002362204726
21
-3.7930672047244092
0
LINE
8
BLACK
6
CONTINUOUS
10
5.1383002362204726
20
-3.7930672047244092
11
5.1384024803149604
21
-3.7930904330708661
0
LINE
8
BLACK
6
CONTINUOUS
10
5.1384024803149604
20
-3.7930904330708661
11
5.1385070078740158
21
-3.7931007480314958
0
LINE
8
BLACK
6
CONTINUOUS
10
5.1385070078740158
20
-3.7931007480314958
11
5.1385790944881888
21
-3.793130590551181
0
LINE
8
BLACK
6
CONTINUOUS
10
5.1385790944881888
20
-3.793130590551181
11
5.13886468503937
21
-3.7931955511811024
0
LINE
8
BLACK
6
CONTINUOUS
10
5.13886468503937
20
-3.7931955511811024
11
5.1433640944881889
21
-3.7946953543307087
0
LINE
8
BLACK
6
CONTINUOUS
10
5.1433640944881889
20
-3.7946953543307087
11
5.1438926771653541
21
-3.7949313385826771
0
LINE
8
BLACK
6
CONTINUOUS
10
5.1438926771653541
20
-3.7949313385826771
11
5.1447630314960628
21
-3.7956862204724406
0
LINE
8
BLACK
6
CONTINUOUS
10
5.1447630314960628
20
-3.7956862204724406
11
5.1452782283464567
21
-3.796716653543307
0
LINE
8
BLACK
6
CONTINUOUS
10
5.1452782283464567
20
-3.796716653543307
11
5.1453599212598427
21
-3.7978658661417324
0
LINE
8
BLACK
6
CONTINUOUS
10
5.1453599212598427
20
-3.7978658661417324
11
5.1449955905511811
21
-3.798958897637795
0
LINE
8
BLACK
6
CONTINUOUS
10
5.1449955905511811
20
-3.798958897637795
11
5.1442407086614175
21
-3.7998292519685037
0
LINE
8
BLACK
6
CONTINUOUS
10
5.1442407086614175
20
-3.7998292519685037
11
5.1432102755905511
21
-3.8003444488188975
0
LINE
8
BLACK
6
CONTINUOUS
10
5.1432102755905511
20
-3.8003444488188975
11
5.1420610629921262
21
-3.8004261417322835
0
LINE
8
BLACK
6
CONTINUOUS
10
5.1420610629921262
20
-3.8004261417322835
11
5.1414966141732279
21
-3.8002977952755903
0
LINE
8
BLACK
6
CONTINUOUS
10
5.1414966141732279
20
-3.8002977952755903
11
5.137451811023622
21
-3.798949527559055
0
LINE
8
BLACK
6
CONTINUOUS
10
5.137451811023622
20
-3.798949527559055
11
5.1311288976377956
21
-3.798949527559055
0
LINE
8
BLACK
6
CONTINUOUS
10
5.1311288976377956
20
-3.798949527559055
11
5.1291813385826774
21
-3.7999233070866141
0
LINE
8
BLACK
6
CONTINUOUS
10
5.1291813385826774
20
-3.7999233070866141
11
5.128359173228346
21
-3.8007454330708659
0
LINE
8
BLACK
6
CONTINUOUS
10
5.128359173228346
20
-3.8007454330708659
11
5.1273853543307082
21
-3.8026930708661415
0
LINE
8
BLACK
6
CONTINUOUS
10
5.1273853543307082
20
-3.8026930708661415
11
5.1273853543307082
21
-3.8042985433070866
0
LINE
8
BLACK
6
CONTINUOUS
10
5.1273853543307082
20
-3.8042985433070866
11
5.128359173228346
21
-3.8062461811023622
0
LINE
8
BLACK
6
CONTINUOUS
10
5.128359173228346
20
-3.8062461811023622
11
5.1291813385826774
21
-3.8070683464566928
0
LINE
8
BLACK
6
CONTINUOUS
10
5.1291813385826774
20
-3.8070683464566928
11
5.131462362204724
21
-3.8082088582677165
0
LINE
8
BLACK
6
CONTINUOUS
10
5.131462362204724
20
-3.8082088582677165
11
5.1371472440944883
21
-3.8096300787401574
0
LINE
8
BLACK
6
CONTINUOUS
10
5.1371472440944883
20
-3.8096300787401574
11
5.1371897244094491
21
-3.8096452362204722
0
LINE
8
BLACK
6
CONTINUOUS
10
5.1371897244094491
20
-3.8096452362204722
11
5.1372110236220472
21
-3.8096467716535432
0
LINE
8
BLACK
6
CONTINUOUS
10
5.1372110236220472
20
-3.8096467716535432
11
5.1374507480314957
21
-3.809738503937008
0
LINE
8
BLACK
6
CONTINUOUS
10
5.1374507480314957
20
-3.809738503937008
11
5.1376923622047244
21
-3.809824842519685
0
LINE
8
BLACK
6
CONTINUOUS
10
5.1376923622047244
20
-3.809824842519685
11
5.1377094881889764
21
-3.8098375196850394
0
LINE
8
BLACK
6
CONTINUOUS
10
5.1377094881889764
20
-3.8098375196850394
11
5.1377516141732285
21
-3.8098536614173226
0
LINE
8
BLACK
6
CONTINUOUS
10
5.1377516141732285
20
-3.8098536614173226
11
5.1407512598425198
21
-3.8113535039370077
0
LINE
8
BLACK
6
CONTINUOUS
10
5.1407512598425198
20
-3.8113535039370077
11
5.1409991338582675
21
-3.8115095275590551
0
LINE
8
BLACK
6
CONTINUOUS
10
5.1409991338582675
20
-3.8115095275590551
11
5.1410712204724405
21
-3.8115394094488186
0
LINE
8
BLACK
6
CONTINUOUS
10
5.1410712204724405
20
-3.8115394094488186
11
5.1411523622047239
21
-3.8116059842519685
0
LINE
8
BLACK
6
CONTINUOUS
10
5.1411523622047239
20
-3.8116059842519685
11
5.1412411417322836
21
-3.8116618897637795
0
LINE
8
BLACK
6
CONTINUOUS
10
5.1412411417322836
20
-3.8116618897637795
11
5.1412921653543302
21
-3.8117207480314961
0
LINE
8
BLACK
6
CONTINUOUS
10
5.1412921653543302
20
-3.8117207480314961
11
5.1415186614173223
21
-3.8119066141732283
0
LINE
8
BLACK
6
CONTINUOUS
10
5.1415186614173223
20
-3.8119066141732283
11
5.1430184645669295
21
-3.8134064173228346
0
LINE
8
BLACK
6
CONTINUOUS
10
5.1430184645669295
20
-3.8134064173228346
11
5.143204212598425
21
-3.8136327559055117
0
LINE
8
BLACK
6
CONTINUOUS
10
5.143204212598425
20
-3.8136327559055117
11
5.1432632283464566
21
-3.8136839370078741
0
LINE
8
BLACK
6
CONTINUOUS
10
5.1432632283464566
20
-3.8136839370078741
11
5.1433191732283463
21
-3.8137728740157479
0
LINE
8
BLACK
6
CONTINUOUS
10
5.1433191732283463
20
-3.8137728740157479
11
5.1433856692913382
21
-3.8138538582677164
0
LINE
8
BLACK
6
CONTINUOUS
10
5.1433856692913382
20
-3.8138538582677164
11
5.1434154724409451
21
-3.8139257874015748
0
LINE
8
BLACK
6
CONTINUOUS
10
5.1434154724409451
20
-3.8139257874015748
11
5.1435715748031496
21
-3.8141738188976375
0
LINE
8
BLACK
6
CONTINUOUS
10
5.1435715748031496
20
-3.8141738188976375
11
5.1450713779527559
21
-3.8171734251968501
0
LINE
8
BLACK
6
CONTINUOUS
10
5.1450713779527559
20
-3.8171734251968501
11
5.1452782677165354
21
-3.8177140551181101
0
LINE
8
BLACK
6
CONTINUOUS
10
5.1452782677165354
20
-3.8177140551181101
11
5.1452857480314957
21
-3.8178198425196848
0
LINE
8
BLACK
6
CONTINUOUS
10
5.1452857480314957
20
-3.8178198425196848
11
5.145326377952756
21
-3.8179178740157478
0
LINE
8
BLACK
6
CONTINUOUS
10
5.145326377952756
20
-3.8179178740157478
11
5.14538311023622
21
-3.8184939370078741
0
LINE
8
BLACK
6
CONTINUOUS
10
5.14538311023622
20
-3.8184939370078741
11
5.14538311023622
21
-3.8214935826771654
0
LINE
8
BLACK
6
CONTINUOUS
10
5.14538311023622
20
-3.8214935826771654
11
5.145326377952756
21
-3.8220696456692913
0
LINE
8
BLACK
6
CONTINUOUS
10
5.145326377952756
20
-3.8220696456692913
11
5.1452857480314957
21
-3.8221676377952756
0
LINE
8
BLACK
6
CONTINUOUS
10
5.1452857480314957
20
-3.8221676377952756
11
5.1452782677165354
21
-3.822273464566929
0
LINE
8
BLACK
6
CONTINUOUS
10
5.1452782677165354
20
-3.822273464566929
11
5.1450713779527559
21
-3.822814094488189
0
LINE
8
BLACK
6
CONTINUOUS
10
5.1450713779527559
20
-3.822814094488189
11
5.1435715748031496
21
-3.8258137007874016
0
LINE
8
BLACK
6
CONTINUOUS
10
5.1435715748031496
20
-3.8258137007874016
11
5.1434155118110239
21
-3.8260615748031497
0
LINE
8
BLACK
6
CONTINUOUS
10
5.1434155118110239
20
-3.8260615748031497
11
5.143385708661417
21
-3.8261336220472439
0
LINE
8
BLACK
6
CONTINUOUS
10
5.143385708661417
20
-3.8261336220472439
11
5.1433191732283463
21
-3.8262146456692911
0
LINE
8
BLACK
6
CONTINUOUS
10
5.1433191732283463
20
-3.8262146456692911
11
5.1432632283464566
21
-3.8263035826771654
0
LINE
8
BLACK
6
CONTINUOUS
10
5.1432632283464566
20
-3.8263035826771654
11
5.143204212598425
21
-3.8263547244094487
0
LINE
8
BLACK
6
CONTINUOUS
10
5.143204212598425
20
-3.8263547244094487
11
5.1430185039370073
21
-3.8265810629921257
0
LINE
8
BLACK
6
CONTINUOUS
10
5.1430185039370073
20
-3.8265810629921257
11
5.141518700787401
21
-3.8280809055118108
0
LINE
8
BLACK
6
CONTINUOUS
10
5.141518700787401
20
-3.8280809055118108
11
5.1412923228346452
21
-3.8282666535433072
0
LINE
8
BLACK
6
CONTINUOUS
10
5.1412923228346452
20
-3.8282666535433072
11
5.1412411417322836
21
-3.8283257086614171
0
LINE
8
BLACK
6
CONTINUOUS
10
5.1412411417322836
20
-3.8283257086614171
11
5.1411521653543302
21
-3.8283816929133856
0
LINE
8
BLACK
6
CONTINUOUS
10
5.1411521653543302
20
-3.8283816929133856
11
5.1410712204724405
21
-3.8284481496062992
0
LINE
8
BLACK
6
CONTINUOUS
10
5.1410712204724405
20
-3.8284481496062992
11
5.1409992519685037
21
-3.8284779527559056
0
LINE
8
BLACK
6
CONTINUOUS
10
5.1409992519685037
20
-3.8284779527559056
11
5.1407512598425198
21
-3.8286340551181102
0
LINE
8
BLACK
6
CONTINUOUS
10
5.1407512598425198
20
-3.8286340551181102
11
5.1377516141732285
21
-3.8301338582677165
0
LINE
8
BLACK
6
CONTINUOUS
10
5.1377516141732285
20
-3.8301338582677165
11
5.1372109842519684
21
-3.8303407480314959
0
LINE
8
BLACK
6
CONTINUOUS
10
5.1372109842519684
20
-3.8303407480314959
11
5.137105157480315
21
-3.8303482283464567
0
LINE
8
BLACK
6
CONTINUOUS
10
5.137105157480315
20
-3.8303482283464567
11
5.1370071653543308
21
-3.8303888582677166
0
LINE
8
BLACK
6
CONTINUOUS
10
5.1370071653543308
20
-3.8303888582677166
11
5.1364311023622049
21
-3.8304455905511809
0
LINE
8
BLACK
6
CONTINUOUS
10
5.1364311023622049
20
-3.8304455905511809
11
5.1289320472440947
21
-3.8304455905511809
0
LINE
8
BLACK
6
CONTINUOUS
10
5.1289320472440947
20
-3.8304455905511809
11
5.1286404724409449
21
-3.8304168503937008
0
LINE
8
BLACK
6
CONTINUOUS
10
5.1286404724409449
20
-3.8304168503937008
11
5.128562755905512
21
-3.8304224015748032
0
LINE
8
BLACK
6
CONTINUOUS
10
5.128562755905512
20
-3.8304224015748032
11
5.1284604724409446
21
-3.8303991338582675
0
LINE
8
BLACK
6
CONTINUOUS
10
5.1284604724409446
20
-3.8303991338582675
11
5.1283559842519688
21
-3.8303888582677166
0
LINE
8
BLACK
6
CONTINUOUS
10
5.1283559842519688
20
-3.8303888582677166
11
5.1282838582677162
21
-3.8303589763779526
0
LINE
8
BLACK
6
CONTINUOUS
10
5.1282838582677162
20
-3.8303589763779526
11
5.1279983070866137
21
-3.8302940551181099
0
LINE
8
BLACK
6
CONTINUOUS
10
5.1279983070866137
20
-3.8302940551181099
11
5.1234988582677161
21
-3.8287942519685036
0
LINE
8
BLACK
6
CONTINUOUS
10
5.1234988582677161
20
-3.8287942519685036
11
5.1229703149606296
21
-3.8285582677165353
0
LINE
8
BLACK
6
CONTINUOUS
10
5.1229703149606296
20
-3.8285582677165353
11
5.1220999212598421
21
-3.8278033858267717
0
LINE
8
BLACK
6
CONTINUOUS
10
5.1220999212598421
20
-3.8278033858267717
11
5.1215847244094483
21
-3.8267729527559053
0
LINE
8
BLACK
6
CONTINUOUS
10
5.1215847244094483
20
-3.8267729527559053
11
5.1215030314960632
21
-3.8256237401574804
0
LINE
8
BLACK
6
CONTINUOUS
10
5.1215030314960632
20
-3.8256237401574804
11
5.1218673622047239
21
-3.8245307480314961
0
LINE
8
BLACK
6
CONTINUOUS
10
5.1218673622047239
20
-3.8245307480314961
11
5.1226222440944884
21
-3.8236603543307086
0
LINE
8
BLACK
6
CONTINUOUS
10
5.1226222440944884
20
-3.8236603543307086
11
5.1236526771653539
21
-3.8231451574803148
0
LINE
8
BLACK
6
CONTINUOUS
10
5.1236526771653539
20
-3.8231451574803148
11
5.1248018897637797
21
-3.8230634645669292
0
LINE
8
BLACK
6
CONTINUOUS
10
5.1248018897637797
20
-3.8230634645669292
11
5.1253663385826771
21
-3.823191811023622
0
LINE
8
BLACK
6
CONTINUOUS
10
5.1253663385826771
20
-3.823191811023622
11
5.1294111811023617
21
-3.8245400787401573
0
LINE
8
BLACK
6
CONTINUOUS
10
5.1294111811023617
20
-3.8245400787401573
11
5.1357340551181103
21
-3.8245400787401573
0
LINE
8
BLACK
6
CONTINUOUS
10
5.1357340551181103
20
-3.8245400787401573
11
5.1376816141732284
21
-3.8235662992125983
0
LINE
8
BLACK
6
CONTINUOUS
10
5.1376816141732284
20
-3.8235662992125983
11
5.138503779527559
21
-3.822744094488189
0
LINE
8
BLACK
6
CONTINUOUS
10
5.138503779527559
20
-3.822744094488189
11
5.1394775984251968
21
-3.8207965354330709
0
LINE
8
BLACK
6
CONTINUOUS
10
5.1394775984251968
20
-3.8207965354330709
11
5.1394775984251968
21
-3.8191909842519682
0
LINE
8
BLACK
6
CONTINUOUS
10
5.1394775984251968
20
-3.8191909842519682
11
5.1385038188976377
21
-3.8172434251968501
0
LINE
8
BLACK
6
CONTINUOUS
10
5.1385038188976377
20
-3.8172434251968501
11
5.1376816535433072
21
-3.8164212598425196
0
LINE
8
BLACK
6
CONTINUOUS
10
5.1376816535433072
20
-3.8164212598425196
11
5.1354005118110235
21
-3.8152806692913384
0
LINE
8
BLACK
6
CONTINUOUS
10
5.1354005118110235
20
-3.8152806692913384
11
5.1297157086614176
21
-3.8138594881889762
0
LINE
8
BLACK
6
CONTINUOUS
10
5.1297157086614176
20
-3.8138594881889762
11
5.129673188976378
21
-3.8138442913385826
0
LINE
8
BLACK
6
CONTINUOUS
10
5.129673188976378
20
-3.8138442913385826
11
5.1296519685039366
21
-3.8138427952755904
0
LINE
8
BLACK
6
CONTINUOUS
10
5.1296519685039366
20
-3.8138427952755904
11
5.1294125196850393
21
-3.8137511417322836
0
LINE
8
BLACK
6
CONTINUOUS
10
5.1294125196850393
20
-3.8137511417322836
11
5.1291705905511806
21
-3.8136647244094486
0
LINE
8
BLACK
6
CONTINUOUS
10
5.1291705905511806
20
-3.8136647244094486
11
5.1291534251968507
21
-3.8136520078740155
0
LINE
8
BLACK
6
CONTINUOUS
10
5.1291534251968507
20
-3.8136520078740155
11
5.1291113385826774
21
-3.813635905511811
0
LINE
8
BLACK
6
CONTINUOUS
10
5.1291113385826774
20
-3.813635905511811
11
5.1261117322834648
21
-3.8121361023622047
0
LINE
8
BLACK
6
CONTINUOUS
10
5.1261117322834648
20
-3.8121361023622047
11
5.1258637007874013
21
-3.8119799999999997
0
LINE
8
BLACK
6
CONTINUOUS
10
5.1258637007874013
20
-3.8119799999999997
11
5.1257917716535433
21
-3.8119501968503937
0
LINE
8
BLACK
6
CONTINUOUS
10
5.1257917716535433
20
-3.8119501968503937
11
5.1257107874015748
21
-3.8118837007874014
0
LINE
8
BLACK
6
CONTINUOUS
10
5.1257107874015748
20
-3.8118837007874014
11
5.125621850393701
21
-3.8118277559055116
0
LINE
8
BLACK
6
CONTINUOUS
10
5.125621850393701
20
-3.8118277559055116
11
5.1255706692913385
21
-3.81176874015748
0
LINE
8
BLACK
6
CONTINUOUS
10
5.1255706692913385
20
-3.81176874015748
11
5.1253443307086615
21
-3.8115829921259841
0
LINE
8
BLACK
6
CONTINUOUS
10
5.1253443307086615
20
-3.8115829921259841
11
5.1238445275590552
21
-3.8100831889763778
0
LINE
8
BLACK
6
CONTINUOUS
10
5.1238445275590552
20
-3.8100831889763778
11
5.1236586614173225
21
-3.8098566929133857
0
LINE
8
BLACK
6
CONTINUOUS
10
5.1236586614173225
20
-3.8098566929133857
11
5.1235998031496059
21
-3.8098056692913387
0
LINE
8
BLACK
6
CONTINUOUS
10
5.1235998031496059
20
-3.8098056692913387
11
5.1235438976377949
21
-3.8097168897637794
0
LINE
8
BLACK
6
CONTINUOUS
10
5.1235438976377949
20
-3.8097168897637794
11
5.1234773228346455
21
-3.809635748031496
0
LINE
8
BLACK
6
CONTINUOUS
10
5.1234773228346455
20
-3.809635748031496
11
5.123447440944882
21
-3.8095636614173229
0
LINE
8
BLACK
6
CONTINUOUS
10
5.123447440944882
20
-3.8095636614173229
11
5.1232914173228341
21
-3.8093157874015748
0
LINE
8
BLACK
6
CONTINUOUS
10
5.1232914173228341
20
-3.8093157874015748
11
5.1217915748031491
21
-3.8063161417322835
0
LINE
8
BLACK
6
CONTINUOUS
10
5.1217915748031491
20
-3.8063161417322835
11
5.1215846850393696
21
-3.8057755511811022
0
LINE
8
BLACK
6
CONTINUOUS
10
5.1215846850393696
20
-3.8057755511811022
11
5.1215771259842517
21
-3.8056696456692913
0
LINE
8
BLACK
6
CONTINUOUS
10
5.1215771259842517
20
-3.8056696456692913
11
5.1215365748031498
21
-3.8055716929133858
0
LINE
8
BLACK
6
CONTINUOUS
10
5.1215365748031498
20
-3.8055716929133858
11
5.121479842519685
21
-3.8049956299212599
0
LINE
8
BLACK
6
CONTINUOUS
10
5.121479842519685
20
-3.8049956299212599
11
5.121479842519685
21
-3.8019960236220474
0
LINE
8
BLACK
6
CONTINUOUS
10
5.121479842519685
20
-3.8019960236220474
11
5.1215365748031498
21
-3.801419960629921
0
LINE
8
BLACK
6
CONTINUOUS
10
5.1215365748031498
20
-3.801419960629921
11
5.1215771259842517
21
-3.8013219685039368
0
LINE
8
BLACK
6
CONTINUOUS
10
5.1215771259842517
20
-3.8013219685039368
11
5.1215846850393696
21
-3.8012161023622046
0
LINE
8
BLACK
6
CONTINUOUS
10
5.1215846850393696
20
-3.8012161023622046
11
5.1217915748031491
21
-3.8006755118110234
0
LINE
8
BLACK
6
CONTINUOUS
10
5.1217915748031491
20
-3.8006755118110234
11
5.1232914173228341
21
-3.797675866141732
0
LINE
8
BLACK
6
CONTINUOUS
10
5.1232914173228341
20
-3.797675866141732
11
5.123447440944882
21
-3.7974279527559056
0
LINE
8
BLACK
6
CONTINUOUS
10
5.123447440944882
20
-3.7974279527559056
11
5.1234773228346455
21
-3.7973559055118109
0
LINE
8
BLACK
6
CONTINUOUS
10
5.1234773228346455
20
-3.7973559055118109
11
5.1235438976377949
21
-3.7972747244094487
0
LINE
8
BLACK
6
CONTINUOUS
10
5.1235438976377949
20
-3.7972747244094487
11
5.1235998031496059
21
-3.7971859842519686
0
LINE
8
BLACK
6
CONTINUOUS
10
5.1235998031496059
20
-3.7971859842519686
11
5.1236586614173225
21
-3.7971349212598424
0
LINE
8
BLACK
6
CONTINUOUS
10
5.1236586614173225
20
-3.7971349212598424
11
5.1238445275590552
21
-3.7969084645669291
0
LINE
8
BLACK
6
CONTINUOUS
10
5.1238445275590552
20
-3.7969084645669291
11
5.1253443307086615
21
-3.7954086614173228
0
LINE
8
BLACK
6
CONTINUOUS
10
5.1253443307086615
20
-3.7954086614173228
11
5.1255706692913385
21
-3.7952228740157481
0
LINE
8
BLACK
6
CONTINUOUS
10
5.1255706692913385
20
-3.7952228740157481
11
5.125621850393701
21
-3.7951638976377953
0
LINE
8
BLACK
6
CONTINUOUS
10
5.125621850393701
20
-3.7951638976377953
11
5.1257107874015748
21
-3.7951079133858268
0
LINE
8
BLACK
6
CONTINUOUS
10
5.1257107874015748
20
-3.7951079133858268
11
5.1257917716535433
21
-3.7950414566929132
0
LINE
8
BLACK
6
CONTINUOUS
10
5.1257917716535433
20
-3.7950414566929132
11
5.1258637007874013
21
-3.7950116141732284
0
LINE
8
BLACK
6
CONTINUOUS
10
5.1258637007874013
20
-3.7950116141732284
11
5.1261117322834648
21
-3.7948555511811022
0
LINE
8
BLACK
6
CONTINUOUS
10
5.1261117322834648
20
-3.7948555511811022
11
5.1291113385826774
21
-3.7933557480314959
0
LINE
8
BLACK
6
CONTINUOUS
10
5.1291113385826774
20
-3.7933557480314959
11
5.1296519685039366
21
-3.7931488582677164
0
LINE
8
BLACK
6
CONTINUOUS
10
5.1296519685039366
20
-3.7931488582677164
11
5.1297577559055121
21
-3.7931413385826769
0
LINE
8
BLACK
6
CONTINUOUS
10
5.1297577559055121
20
-3.7931413385826769
11
5.1298557874015751
21
-3.7931007480314958
0
LINE
8
BLACK
6
CONTINUOUS
10
5.1298557874015751
20
-3.7931007480314958
11
5.130431850393701
21
-3.7930440157480314
0
LINE
8
BLACK
6
CONTINUOUS
10
5.130431850393701
20
-3.7930440157480314
11
5.1379309448818899
21
-3.7930440157480314
0
LINE
8
BLACK
6
CONTINUOUS
10
5.1379309448818899
20
-3.7930440157480314
11
5.1382224803149601
21
-3.7930727165354328
0
LINE
8
BLACK
6
CONTINUOUS
10
5.0830139370078742
20
-3.7931007480314958
11
5.0831119291338585
21
-3.7931413385826769
0
LINE
8
BLACK
6
CONTINUOUS
10
5.0831119291338585
20
-3.7931413385826769
11
5.0832177559055118
21
-3.7931488582677164
0
LINE
8
BLACK
6
CONTINUOUS
10
5.0832177559055118
20
-3.7931488582677164
11
5.0837583858267719
21
-3.7933557480314959
0
LINE
8
BLACK
6
CONTINUOUS
10
5.0837583858267719
20
-3.7933557480314959
11
5.0867579921259845
21
-3.7948555511811022
0
LINE
8
BLACK
6
CONTINUOUS
10
5.0867579921259845
20
-3.7948555511811022
11
5.0870059842519684
21
-3.7950116141732284
0
LINE
8
BLACK
6
CONTINUOUS
10
5.0870059842519684
20
-3.7950116141732284
11
5.0870779527559051
21
-3.7950414566929132
0
LINE
8
BLACK
6
CONTINUOUS
10
5.0870779527559051
20
-3.7950414566929132
11
5.0871588976377948
21
-3.7951079133858268
0
LINE
8
BLACK
6
CONTINUOUS
10
5.0871588976377948
20
-3.7951079133858268
11
5.0872478740157483
21
-3.7951638976377953
0
LINE
8
BLACK
6
CONTINUOUS
10
5.0872478740157483
20
-3.7951638976377953
11
5.0872990157480311
21
-3.7952228740157481
0
LINE
8
BLACK
6
CONTINUOUS
10
5.0872990157480311
20
-3.7952228740157481
11
5.0875253937007869
21
-3.7954086614173228
0
LINE
8
BLACK
6
CONTINUOUS
10
5.0875253937007869
20
-3.7954086614173228
11
5.0890251968503932
21
-3.7969084645669291
0
LINE
8
BLACK
6
CONTINUOUS
10
5.0890251968503932
20
-3.7969084645669291
11
5.0892110236220471
21
-3.7971349212598424
0
LINE
8
BLACK
6
CONTINUOUS
10
5.0892110236220471
20
-3.7971349212598424
11
5.0892699212598425
21
-3.7971859842519686
0
LINE
8
BLACK
6
CONTINUOUS
10
5.0892699212598425
20
-3.7971859842519686
11
5.0893257874015747
21
-3.7972747244094487
0
LINE
8
BLACK
6
CONTINUOUS
10
5.0893257874015747
20
-3.7972747244094487
11
5.0893924015748029
21
-3.7973559055118109
0
LINE
8
BLACK
6
CONTINUOUS
10
5.0893924015748029
20
-3.7973559055118109
11
5.0894222440944885
21
-3.7974279527559056
0
LINE
8
BLACK
6
CONTINUOUS
10
5.0894222440944885
20
-3.7974279527559056
11
5.0895783070866143
21
-3.797675866141732
0
LINE
8
BLACK
6
CONTINUOUS
10
5.0895783070866143
20
-3.797675866141732
11
5.0910781496062993
21
-3.8006754724409446
0
LINE
8
BLACK
6
CONTINUOUS
10
5.0910781496062993
20
-3.8006754724409446
11
5.0912850393700788
21
-3.8012161023622046
0
LINE
8
BLACK
6
CONTINUOUS
10
5.0912850393700788
20
-3.8012161023622046
11
5.0912925590551179
21
-3.8013219685039368
0
LINE
8
BLACK
6
CONTINUOUS
10
5.0912925590551179
20
-3.8013219685039368
11
5.0913331496062995
21
-3.801419960629921
0
LINE
8
BLACK
6
CONTINUOUS
10
5.0913331496062995
20
-3.801419960629921
11
5.0913898818897634
21
-3.8019960236220474
0
LINE
8
BLACK
6
CONTINUOUS
10
5.0913898818897634
20
-3.8019960236220474
11
5.0913898818897634
21
-3.8064954330708662
0
LINE
8
BLACK
6
CONTINUOUS
10
5.0913898818897634
20
-3.8064954330708662
11
5.0913331496062995
21
-3.8070714960629921
0
LINE
8
BLACK
6
CONTINUOUS
10
5.0913331496062995
20
-3.8070714960629921
11
5.0912925590551179
21
-3.8071694488188976
0
LINE
8
BLACK
6
CONTINUOUS
10
5.0912925590551179
20
-3.8071694488188976
11
5.0912850393700788
21
-3.8072753543307085
0
LINE
8
BLACK
6
CONTINUOUS
10
5.0912850393700788
20
-3.8072753543307085
11
5.0910781496062993
21
-3.8078159842519685
0
LINE
8
BLACK
6
CONTINUOUS
10
5.0910781496062993
20
-3.8078159842519685
11
5.0895783070866143
21
-3.8108155905511811
0
LINE
8
BLACK
6
CONTINUOUS
10
5.0895783070866143
20
-3.8108155905511811
11
5.0894222440944885
21
-3.8110634645669292
0
LINE
8
BLACK
6
CONTINUOUS
10
5.0894222440944885
20
-3.8110634645669292
11
5.0893924015748029
21
-3.8111355511811023
0
LINE
8
BLACK
6
CONTINUOUS
10
5.0893924015748029
20
-3.8111355511811023
11
5.0893257874015747
21
-3.8112166929133857
0
LINE
8
BLACK
6
CONTINUOUS
10
5.0893257874015747
20
-3.8112166929133857
11
5.0892699212598425
21
-3.811305472440945
0
LINE
8
BLACK
6
CONTINUOUS
10
5.0892699212598425
20
-3.811305472440945
11
5.0892110236220471
21
-3.811356496062992
0
LINE
8
BLACK
6
CONTINUOUS
10
5.0892110236220471
20
-3.811356496062992
11
5.0890251968503932
21
-3.8115829921259841
0
LINE
8
BLACK
6
CONTINUOUS
10
5.0890251968503932
20
-3.8115829921259841
11
5.0875253937007869
21
-3.8130827952755904
0
LINE
8
BLACK
6
CONTINUOUS
10
5.0875253937007869
20
-3.8130827952755904
11
5.0872990157480311
21
-3.8132685433070863
0
LINE
8
BLACK
6
CONTINUOUS
10
5.0872990157480311
20
-3.8132685433070863
11
5.0872478740157483
21
-3.8133275590551179
0
LINE
8
BLACK
6
CONTINUOUS
10
5.0872478740157483
20
-3.8133275590551179
11
5.0871588976377948
21
-3.8133835039370076
0
LINE
8
BLACK
6
CONTINUOUS
10
5.0871588976377948
20
-3.8133835039370076
11
5.0870779527559051
21
-3.81345
0
LINE
8
BLACK
6
CONTINUOUS
10
5.0870779527559051
20
-3.81345
11
5.0870059842519684
21
-3.813479803149606
0
LINE
8
BLACK
6
CONTINUOUS
10
5.0870059842519684
20
-3.813479803149606
11
5.0867579921259845
21
-3.813635905511811
0
LINE
8
BLACK
6
CONTINUOUS
10
5.0867579921259845
20
-3.813635905511811
11
5.0837583858267719
21
-3.8151357086614173
0
LINE
8
BLACK
6
CONTINUOUS
10
5.0837583858267719
20
-3.8151357086614173
11
5.0834689370078738
21
-3.8152464566929134
0
LINE
8
BLACK
6
CONTINUOUS
10
5.0834689370078738
20
-3.8152464566929134
11
5.0908561023622045
21
-3.8257995275590551
0
LINE
8
BLACK
6
CONTINUOUS
10
5.0908561023622045
20
-3.8257995275590551
11
5.0911400000000002
21
-3.8263039763779525
0
LINE
8
BLACK
6
CONTINUOUS
10
5.0911400000000002
20
-3.8263039763779525
11
5.0913891732283467
21
-3.8274288188976375
0
LINE
8
BLACK
6
CONTINUOUS
10
5.0913891732283467
20
-3.8274288188976375
11
5.0911889763779525
21
-3.8285633858267714
0
LINE
8
BLACK
6
CONTINUOUS
10
5.0911889763779525
20
-3.8285633858267714
11
5.0905698031496058
21
-3.8295349999999999
0
LINE
8
BLACK
6
CONTINUOUS
10
5.0905698031496058
20
-3.8295349999999999
11
5.0896259448818899
21
-3.8301957086614173
0
LINE
8
BLACK
6
CONTINUOUS
10
5.0896259448818899
20
-3.8301957086614173
11
5.0885011023622049
21
-3.8304448818897638
0
LINE
8
BLACK
6
CONTINUOUS
10
5.0885011023622049
20
-3.8304448818897638
11
5.0873665748031494
21
-3.8302446850393701
0
LINE
8
BLACK
6
CONTINUOUS
10
5.0873665748031494
20
-3.8302446850393701
11
5.0863949606299208
21
-3.8296255118110234
0
LINE
8
BLACK
6
CONTINUOUS
10
5.0863949606299208
20
-3.8296255118110234
11
5.0860181102362203
21
-3.8291861023622045
0
LINE
8
BLACK
6
CONTINUOUS
10
5.0860181102362203
20
-3.8291861023622045
11
5.0764010629921259
21
-3.8154474409448818
0
LINE
8
BLACK
6
CONTINUOUS
10
5.0764010629921259
20
-3.8154474409448818
11
5.0733921259842516
21
-3.8154474409448818
0
LINE
8
BLACK
6
CONTINUOUS
10
5.0733921259842516
20
-3.8154474409448818
11
5.0733921259842516
21
-3.8274928346456694
0
LINE
8
BLACK
6
CONTINUOUS
10
5.0733921259842516
20
-3.8274928346456694
11
5.0733353937007877
21
-3.8280688976377952
0
LINE
8
BLACK
6
CONTINUOUS
10
5.0733353937007877
20
-3.8280688976377952
11
5.0728944881889761
21
-3.829133307086614
0
LINE
8
BLACK
6
CONTINUOUS
10
5.0728944881889761
20
-3.829133307086614
11
5.0720798425196847
21
-3.8299479527559055
0
LINE
8
BLACK
6
CONTINUOUS
10
5.0720798425196847
20
-3.8299479527559055
11
5.0710154330708663
21
-3.8303888582677166
0
LINE
8
BLACK
6
CONTINUOUS
10
5.0710154330708663
20
-3.8303888582677166
11
5.0698633070866137
21
-3.8303888582677166
0
LINE
8
BLACK
6
CONTINUOUS
10
5.0698633070866137
20
-3.8303888582677166
11
5.0687988976377953
21
-3.8299479527559055
0
LINE
8
BLACK
6
CONTINUOUS
10
5.0687988976377953
20
-3.8299479527559055
11
5.0679842519685039
21
-3.829133307086614
0
LINE
8
BLACK
6
CONTINUOUS
10
5.0679842519685039
20
-3.829133307086614
11
5.0675433464566924
21
-3.8280688976377952
0
LINE
8
BLACK
6
CONTINUOUS
10
5.0675433464566924
20
-3.8280688976377952
11
5.0674866141732284
21
-3.8274928346456694
0
LINE
8
BLACK
6
CONTINUOUS
10
5.0674866141732284
20
-3.8274928346456694
11
5.0674866141732284
21
-3.7959967716535434
0
LINE
8
BLACK
6
CONTINUOUS
10
5.0674866141732284
20
-3.7959967716535434
11
5.0675433464566924
21
-3.7954207086614171
0
LINE
8
BLACK
6
CONTINUOUS
10
5.0675433464566924
20
-3.7954207086614171
11
5.0679842519685039
21
-3.7943562992125983
0
LINE
8
BLACK
6
CONTINUOUS
10
5.0679842519685039
20
-3.7943562992125983
11
5.0687988976377953
21
-3.7935416535433069
0
LINE
8
BLACK
6
CONTINUOUS
10
5.0687988976377953
20
-3.7935416535433069
11
5.0698633070866137
21
-3.7931007480314958
0
LINE
8
BLACK
6
CONTINUOUS
10
5.0698633070866137
20
-3.7931007480314958
11
5.0704393700787405
21
-3.7930440157480314
0
LINE
8
BLACK
6
CONTINUOUS
10
5.0704393700787405
20
-3.7930440157480314
11
5.0824378740157483
21
-3.7930440157480314
0
LINE
8
BLACK
6
CONTINUOUS
10
5.0824378740157483
20
-3.7930440157480314
11
5.0830139370078742
21
-3.7931007480314958
0
LINE
8
BLACK
6
CONTINUOUS
10
5.0733921259842516
20
-3.8095419291338581
11
5.0817408267716537
21
-3.8095419291338581
0
LINE
8
BLACK
6
CONTINUOUS
10
5.0817408267716537
20
-3.8095419291338581
11
5.0836883858267718
21
-3.8085681496062991
0
LINE
8
BLACK
6
CONTINUOUS
10
5.0836883858267718
20
-3.8085681496062991
11
5.0845105511811024
21
-3.8077459448818898
0
LINE
8
BLACK
6
CONTINUOUS
10
5.0845105511811024
20
-3.8077459448818898
11
5.0854843700787402
21
-3.8057983464566929
0
LINE
8
BLACK
6
CONTINUOUS
10
5.0854843700787402
20
-3.8057983464566929
11
5.0854843700787402
21
-3.8026930708661415
0
LINE
8
BLACK
6
CONTINUOUS
10
5.0854843700787402
20
-3.8026930708661415
11
5.0845105511811024
21
-3.8007454724409446
0
LINE
8
BLACK
6
CONTINUOUS
10
5.0845105511811024
20
-3.8007454724409446
11
5.0836883858267718
21
-3.7999233070866141
0
LINE
8
BLACK
6
CONTINUOUS
10
5.0836883858267718
20
-3.7999233070866141
11
5.0817408267716537
21
-3.798949527559055
0
LINE
8
BLACK
6
CONTINUOUS
10
5.0817408267716537
20
-3.798949527559055
11
5.0733921259842516
21
-3.798949527559055
0
LINE
8
BLACK
6
CONTINUOUS
10
5.0733921259842516
20
-3.798949527559055
11
5.0733921259842516
21
-3.8095419291338581
0
LINE
8
BLACK
6
CONTINUOUS
10
5.1160098031496064
20
-3.7931007480314958
11
5.1170742125984248
21
-3.7935416535433069
0
LINE
8
BLACK
6
CONTINUOUS
10
5.1170742125984248
20
-3.7935416535433069
11
5.1178888582677162
21
-3.7943562992125983
0
LINE
8
BLACK
6
CONTINUOUS
10
5.1178888582677162
20
-3.7943562992125983
11
5.1183297637795278
21
-3.7954207086614171
0
LINE
8
BLACK
6
CONTINUOUS
10
5.1183297637795278
20
-3.7954207086614171
11
5.1183297637795278
21
-3.7965728346456693
0
LINE
8
BLACK
6
CONTINUOUS
10
5.1183297637795278
20
-3.7965728346456693
11
5.1178888582677162
21
-3.7976372440944881
0
LINE
8
BLACK
6
CONTINUOUS
10
5.1178888582677162
20
-3.7976372440944881
11
5.1170742125984248
21
-3.7984518897637796
0
LINE
8
BLACK
6
CONTINUOUS
10
5.1170742125984248
20
-3.7984518897637796
11
5.1160098031496064
21
-3.7988927952755907
0
LINE
8
BLACK
6
CONTINUOUS
10
5.1160098031496064
20
-3.7988927952755907
11
5.1154337401574805
21
-3.798949527559055
0
LINE
8
BLACK
6
CONTINUOUS
10
5.1154337401574805
20
-3.798949527559055
11
5.1093875984251964
21
-3.798949527559055
0
LINE
8
BLACK
6
CONTINUOUS
10
5.1093875984251964
20
-3.798949527559055
11
5.1093875984251964
21
-3.8274928346456694
0
LINE
8
BLACK
6
CONTINUOUS
10
5.1093875984251964
20
-3.8274928346456694
11
5.1093308661417325
21
-3.8280688976377952
0
LINE
8
BLACK
6
CONTINUOUS
10
5.1093308661417325
20
-3.8280688976377952
11
5.108889960629921
21
-3.829133307086614
0
LINE
8
BLACK
6
CONTINUOUS
10
5.108889960629921
20
-3.829133307086614
11
5.1080753149606295
21
-3.8299479527559055
0
LINE
8
BLACK
6
CONTINUOUS
10
5.1080753149606295
20
-3.8299479527559055
11
5.1070109055118111
21
-3.8303888582677166
0
LINE
8
BLACK
6
CONTINUOUS
10
5.1070109055118111
20
-3.8303888582677166
11
5.1058587795275585
21
-3.8303888582677166
0
LINE
8
BLACK
6
CONTINUOUS
10
5.1058587795275585
20
-3.8303888582677166
11
5.1047943700787402
21
-3.8299479527559055
0
LINE
8
BLACK
6
CONTINUOUS
10
5.1047943700787402
20
-3.8299479527559055
11
5.1039797244094487
21
-3.829133307086614
0
LINE
8
BLACK
6
CONTINUOUS
10
5.1039797244094487
20
-3.829133307086614
11
5.1035388188976381
21
-3.8280688976377952
0
LINE
8
BLACK
6
CONTINUOUS
10
5.1035388188976381
20
-3.8280688976377952
11
5.1034820866141732
21
-3.8274928346456694
0
LINE
8
BLACK
6
CONTINUOUS
10
5.1034820866141732
20
-3.8274928346456694
11
5.1034820866141732
21
-3.798949527559055
0
LINE
8
BLACK
6
CONTINUOUS
10
5.1034820866141732
20
-3.798949527559055
11
5.0974359842519688
21
-3.798949527559055
0
LINE
8
BLACK
6
CONTINUOUS
10
5.0974359842519688
20
-3.798949527559055
11
5.096859921259842
21
-3.7988927952755907
0
LINE
8
BLACK
6
CONTINUOUS
10
5.096859921259842
20
-3.7988927952755907
11
5.0957955118110236
21
-3.7984518897637796
0
LINE
8
BLACK
6
CONTINUOUS
10
5.0957955118110236
20
-3.7984518897637796
11
5.0949808661417322
21
-3.7976372440944881
0
LINE
8
BLACK
6
CONTINUOUS
10
5.0949808661417322
20
-3.7976372440944881
11
5.0945399606299215
21
-3.7965728346456693
0
LINE
8
BLACK
6
CONTINUOUS
10
5.0945399606299215
20
-3.7965728346456693
11
5.0945399606299215
21
-3.7954207086614171
0
LINE
8
BLACK
6
CONTINUOUS
10
5.0945399606299215
20
-3.7954207086614171
11
5.0949808661417322
21
-3.7943562992125983
0
LINE
8
BLACK
6
CONTINUOUS
10
5.0949808661417322
20
-3.7943562992125983
11
5.0957955118110236
21
-3.7935416535433069
0
LINE
8
BLACK
6
CONTINUOUS
10
5.0957955118110236
20
-3.7935416535433069
11
5.096859921259842
21
-3.7931007480314958
0
LINE
8
BLACK
6
CONTINUOUS
10
5.096859921259842
20
-3.7931007480314958
11
5.0974359842519688
21
-3.7930440157480314
0
LINE
8
BLACK
6
CONTINUOUS
10
5.0974359842519688
20
-3.7930440157480314
11
5.1154337401574805
21
-3.7930440157480314
0
LINE
8
BLACK
6
CONTINUOUS
10
5.1154337401574805
20
-3.7930440157480314
11
5.1160098031496064
21
-3.7931007480314958
0
LINE
8
BLACK
6
CONTINUOUS
10
6.4538670866141734
20
-3.7933064173228344
11
6.4547292913385821
21
-3.7941686220472439
0
LINE
8
BLACK
6
CONTINUOUS
10
6.4547292913385821
20
-3.7941686220472439
11
6.4551959055118111
21
-3.7952951181102361
0
LINE
8
BLACK
6
CONTINUOUS
10
6.4551959055118111
20
-3.7952951181102361
11
6.4552559448818894
21
-3.7959047637795273
0
LINE
8
BLACK
6
CONTINUOUS
10
6.4552559448818894
20
-3.7959047637795273
11
6.4552559448818894
21
-3.8070654724409447
0
LINE
8
BLACK
6
CONTINUOUS
10
6.4552559448818894
20
-3.8070654724409447
11
6.5021309448818894
21
-3.8070654724409447
0
LINE
8
BLACK
6
CONTINUOUS
10
6.5021309448818894
20
-3.8070654724409447
11
6.5027405905511806
21
-3.8071255118110234
0
LINE
8
BLACK
6
CONTINUOUS
10
6.5027405905511806
20
-3.8071255118110234
11
6.5038670866141732
21
-3.807592125984252
0
LINE
8
BLACK
6
CONTINUOUS
10
6.5038670866141732
20
-3.807592125984252
11
6.5047292913385828
21
-3.8084543307086611
0
LINE
8
BLACK
6
CONTINUOUS
10
6.5047292913385828
20
-3.8084543307086611
11
6.5051959055118109
21
-3.8095808267716533
0
LINE
8
BLACK
6
CONTINUOUS
10
6.5051959055118109
20
-3.8095808267716533
11
6.5051959055118109
21
-3.8108001181102362
0
LINE
8
BLACK
6
CONTINUOUS
10
6.5051959055118109
20
-3.8108001181102362
11
6.5047292913385828
21
-3.8119266141732284
0
LINE
8
BLACK
6
CONTINUOUS
10
6.5047292913385828
20
-3.8119266141732284
11
6.5038670866141732
21
-3.8127888188976375
0
LINE
8
BLACK
6
CONTINUOUS
10
6.5038670866141732
20
-3.8127888188976375
11
6.5027405905511806
21
-3.8132554330708661
0
LINE
8
BLACK
6
CONTINUOUS
10
6.5027405905511806
20
-3.8132554330708661
11
6.5021309448818894
21
-3.8133154724409448
0
LINE
8
BLACK
6
CONTINUOUS
10
6.5021309448818894
20
-3.8133154724409448
11
6.4552559448818894
21
-3.8133154724409448
0
LINE
8
BLACK
6
CONTINUOUS
10
6.4552559448818894
20
-3.8133154724409448
11
6.4552559448818894
21
-3.8244761811023622
0
LINE
8
BLACK
6
CONTINUOUS
10
6.4552559448818894
20
-3.8244761811023622
11
6.4551959055118111
21
-3.8250858267716534
0
LINE
8
BLACK
6
CONTINUOUS
10
6.4551959055118111
20
-3.8250858267716534
11
6.4547292913385821
21
-3.8262123228346456
0
LINE
8
BLACK
6
CONTINUOUS
10
6.4547292913385821
20
-3.8262123228346456
11
6.4538670866141734
21
-3.8270745275590552
0
LINE
8
BLACK
6
CONTINUOUS
10
6.4538670866141734
20
-3.8270745275590552
11
6.4527405905511808
21
-3.8275411417322833
0
LINE
8
BLACK
6
CONTINUOUS
10
6.4527405905511808
20
-3.8275411417322833
11
6.4515212992125983
21
-3.8275411417322833
0
LINE
8
BLACK
6
CONTINUOUS
10
6.4515212992125983
20
-3.8275411417322833
11
6.4503948031496066
21
-3.8270745275590552
0
LINE
8
BLACK
6
CONTINUOUS
10
6.4503948031496066
20
-3.8270745275590552
11
6.449532598425197
21
-3.8262123228346456
0
LINE
8
BLACK
6
CONTINUOUS
10
6.449532598425197
20
-3.8262123228346456
11
6.449065984251968
21
-3.8250858267716534
0
LINE
8
BLACK
6
CONTINUOUS
10
6.449065984251968
20
-3.8250858267716534
11
6.4490059448818897
21
-3.8244761811023622
0
LINE
8
BLACK
6
CONTINUOUS
10
6.4490059448818897
20
-3.8244761811023622
11
6.4490059448818897
21
-3.7959047637795273
0
LINE
8
BLACK
6
CONTINUOUS
10
6.4490059448818897
20
-3.7959047637795273
11
6.449065984251968
21
-3.7952951181102361
0
LINE
8
BLACK
6
CONTINUOUS
10
6.449065984251968
20
-3.7952951181102361
11
6.449532598425197
21
-3.7941686220472439
0
LINE
8
BLACK
6
CONTINUOUS
10
6.449532598425197
20
-3.7941686220472439
11
6.4503948031496066
21
-3.7933064173228344
0
LINE
8
BLACK
6
CONTINUOUS
10
6.4503948031496066
20
-3.7933064173228344
11
6.4515212992125983
21
-3.7928398031496062
0
LINE
8
BLACK
6
CONTINUOUS
10
6.4515212992125983
20
-3.7928398031496062
11
6.4527405905511808
21
-3.7928398031496062
0
LINE
8
BLACK
6
CONTINUOUS
10
6.4527405905511808
20
-3.7928398031496062
11
6.4538670866141734
21
-3.7933064173228344
0
LINE
8
BLACK
6
CONTINUOUS
10
5.0112069291338583
20
-3.7899912598425196
11
5.0114027952755906
21
-3.7900723622047243
0
LINE
8
BLACK
6
CONTINUOUS
10
5.0114027952755906
20
-3.7900723622047243
11
5.0116136220472436
21
-3.7900949606299212
0
LINE
8
BLACK
6
CONTINUOUS
10
5.0116136220472436
20
-3.7900949606299212
11
5.0123240944881893
21
-3.7903963385826769
0
LINE
8
BLACK
6
CONTINUOUS
10
5.0123240944881893
20
-3.7903963385826769
11
5.0164485826771656
21
-3.7926460629921257
0
LINE
8
BLACK
6
CONTINUOUS
10
5.0164485826771656
20
-3.7926460629921257
11
5.0167974015748031
21
-3.7928834251968504
0
LINE
8
BLACK
6
CONTINUOUS
10
5.0167974015748031
20
-3.7928834251968504
11
5.0168907874015751
21
-3.7929269685039371
0
LINE
8
BLACK
6
CONTINUOUS
10
5.0168907874015751
20
-3.7929269685039371
11
5.0169835826771649
21
-3.793010118110236
0
LINE
8
BLACK
6
CONTINUOUS
10
5.0169835826771649
20
-3.793010118110236
11
5.0170866535433074
21
-3.7930802755905511
0
LINE
8
BLACK
6
CONTINUOUS
10
5.0170866535433074
20
-3.7930802755905511
11
5.0171513385826767
21
-3.7931604724409449
0
LINE
8
BLACK
6
CONTINUOUS
10
5.0171513385826767
20
-3.7931604724409449
11
5.0174655118110234
21
-3.7934420472440946
0
LINE
8
BLACK
6
CONTINUOUS
10
5.0174655118110234
20
-3.7934420472440946
11
5.0195277559055116
21
-3.7956917322834647
0
LINE
8
BLACK
6
CONTINUOUS
10
5.0195277559055116
20
-3.7956917322834647
11
5.0197401574803147
21
-3.7959747637795274
0
LINE
8
BLACK
6
CONTINUOUS
10
5.0197401574803147
20
-3.7959747637795274
11
5.0198157874015745
21
-3.7960449999999999
0
LINE
8
BLACK
6
CONTINUOUS
10
5.0198157874015745
20
-3.7960449999999999
11
5.0198956692913388
21
-3.7961820078740156
0
LINE
8
BLACK
6
CONTINUOUS
10
5.0198956692913388
20
-3.7961820078740156
11
5.0199910236220475
21
-3.79630905511811
0
LINE
8
BLACK
6
CONTINUOUS
10
5.0199910236220475
20
-3.79630905511811
11
5.0200263385826771
21
-3.7964061023622047
0
LINE
8
BLACK
6
CONTINUOUS
10
5.0200263385826771
20
-3.7964061023622047
11
5.0202045669291335
21
-3.7967116929133859
0
LINE
8
BLACK
6
CONTINUOUS
10
5.0202045669291335
20
-3.7967116929133859
11
5.0222668110236217
21
-3.8012111023622048
0
LINE
8
BLACK
6
CONTINUOUS
10
5.0222668110236217
20
-3.8012111023622048
11
5.0224584251968505
21
-3.8017675984251968
0
LINE
8
BLACK
6
CONTINUOUS
10
5.0224584251968505
20
-3.8017675984251968
11
5.0369208267716532
21
-3.7907236220472442
0
LINE
8
BLACK
6
CONTINUOUS
10
5.0369208267716532
20
-3.7907236220472442
11
5.0375771653543309
21
-3.7903175984251969
0
LINE
8
BLACK
6
CONTINUOUS
10
5.0375771653543309
20
-3.7903175984251969
11
5.0390618897637793
21
-3.7899234645669289
0
LINE
8
BLACK
6
CONTINUOUS
10
5.0390618897637793
20
-3.7899234645669289
11
5.0405844094488188
21
-3.7901275196850395
0
LINE
8
BLACK
6
CONTINUOUS
10
5.0405844094488188
20
-3.7901275196850395
11
5.041912992125984
21
-3.7908986614173226
0
LINE
8
BLACK
6
CONTINUOUS
10
5.041912992125984
20
-3.7908986614173226
11
5.0428452755905511
21
-3.7921195669291339
0
LINE
8
BLACK
6
CONTINUOUS
10
5.0428452755905511
20
-3.7921195669291339
11
5.0432394094488187
21
-3.7936042913385828
0
LINE
8
BLACK
6
CONTINUOUS
10
5.0432394094488187
20
-3.7936042913385828
11
5.0430353543307085
21
-3.7951268110236218
0
LINE
8
BLACK
6
CONTINUOUS
10
5.0430353543307085
20
-3.7951268110236218
11
5.0422642125984254
21
-3.7964553937007874
0
LINE
8
BLACK
6
CONTINUOUS
10
5.0422642125984254
20
-3.7964553937007874
11
5.0416996456692909
21
-3.7969816535433072
0
LINE
8
BLACK
6
CONTINUOUS
10
5.0416996456692909
20
-3.7969816535433072
11
5.0226248425196847
21
-3.8115478740157478
0
LINE
8
BLACK
6
CONTINUOUS
10
5.0226248425196847
20
-3.8115478740157478
11
5.0226248425196847
21
-3.816912244094488
0
LINE
8
BLACK
6
CONTINUOUS
10
5.0226248425196847
20
-3.816912244094488
11
5.039310236220472
21
-3.816912244094488
0
LINE
8
BLACK
6
CONTINUOUS
10
5.039310236220472
20
-3.816912244094488
11
5.0400783070866142
21
-3.8169878740157479
0
LINE
8
BLACK
6
CONTINUOUS
10
5.0400783070866142
20
-3.8169878740157479
11
5.0414975196850396
21
-3.817575748031496
0
LINE
8
BLACK
6
CONTINUOUS
10
5.0414975196850396
20
-3.817575748031496
11
5.0425837401574798
21
-3.8186619685039371
0
LINE
8
BLACK
6
CONTINUOUS
10
5.0425837401574798
20
-3.8186619685039371
11
5.0431716141732279
21
-3.8200811811023621
0
LINE
8
BLACK
6
CONTINUOUS
10
5.0431716141732279
20
-3.8200811811023621
11
5.0431716141732279
21
-3.8216173228346455
0
LINE
8
BLACK
6
CONTINUOUS
10
5.0431716141732279
20
-3.8216173228346455
11
5.0425837401574798
21
-3.8230365354330709
0
LINE
8
BLACK
6
CONTINUOUS
10
5.0425837401574798
20
-3.8230365354330709
11
5.0414975196850396
21
-3.8241227559055115
0
LINE
8
BLACK
6
CONTINUOUS
10
5.0414975196850396
20
-3.8241227559055115
11
5.0400783070866142
21
-3.8247106299212597
0
LINE
8
BLACK
6
CONTINUOUS
10
5.0400783070866142
20
-3.8247106299212597
11
5.039310236220472
21
-3.8247862598425195
0
LINE
8
BLACK
6
CONTINUOUS
10
5.039310236220472
20
-3.8247862598425195
11
4.9960031496062989
21
-3.8247862598425195
0
LINE
8
BLACK
6
CONTINUOUS
10
4.9960031496062989
20
-3.8247862598425195
11
4.9952350787401576
21
-3.8247106299212597
0
LINE
8
BLACK
6
CONTINUOUS
10
4.9952350787401576
20
-3.8247106299212597
11
4.9938158661417322
21
-3.8241227559055115
0
LINE
8
BLACK
6
CONTINUOUS
10
4.9938158661417322
20
-3.8241227559055115
11
4.9927296456692911
21
-3.8230365354330709
0
LINE
8
BLACK
6
CONTINUOUS
10
4.9927296456692911
20
-3.8230365354330709
11
4.992141771653543
21
-3.8216173228346455
0
LINE
8
BLACK
6
CONTINUOUS
10
4.992141771653543
20
-3.8216173228346455
11
4.9920661417322831
21
-3.8208492519685038
0
LINE
8
BLACK
6
CONTINUOUS
10
4.9920661417322831
20
-3.8208492519685038
11
4.9920661417322831
21
-3.802851496062992
0
LINE
8
BLACK
6
CONTINUOUS
10
4.9920661417322831
20
-3.802851496062992
11
4.992141771653543
21
-3.8020834251968503
0
LINE
8
BLACK
6
CONTINUOUS
10
4.992141771653543
20
-3.8020834251968503
11
4.992170118110236
21
-3.8020149606299212
0
LINE
8
BLACK
6
CONTINUOUS
10
4.992170118110236
20
-3.8020149606299212
11
4.9921728740157478
21
-3.8019408661417322
0
LINE
8
BLACK
6
CONTINUOUS
10
4.9921728740157478
20
-3.8019408661417322
11
4.9924241732283461
21
-3.8012111023622048
0
LINE
8
BLACK
6
CONTINUOUS
10
4.9924241732283461
20
-3.8012111023622048
11
4.9944864173228343
21
-3.7967117322834647
0
LINE
8
BLACK
6
CONTINUOUS
10
4.9944864173228343
20
-3.7967117322834647
11
4.9946646062992128
21
-3.7964060629921259
0
LINE
8
BLACK
6
CONTINUOUS
10
4.9946646062992128
20
-3.7964060629921259
11
4.9946999606299212
21
-3.79630905511811
0
LINE
8
BLACK
6
CONTINUOUS
10
4.9946999606299212
20
-3.79630905511811
11
4.9947951181102361
21
-3.7961822047244094
0
LINE
8
BLACK
6
CONTINUOUS
10
4.9947951181102361
20
-3.7961822047244094
11
4.9948751574803145
21
-3.7960449999999999
0
LINE
8
BLACK
6
CONTINUOUS
10
4.9948751574803145
20
-3.7960449999999999
11
4.9949509055118106
21
-3.7959746456692911
0
LINE
8
BLACK
6
CONTINUOUS
10
4.9949509055118106
20
-3.7959746456692911
11
4.9951632283464562
21
-3.7956917716535434
0
LINE
8
BLACK
6
CONTINUOUS
10
4.9951632283464562
20
-3.7956917716535434
11
4.9972254330708656
21
-3.7934420472440946
0
LINE
8
BLACK
6
CONTINUOUS
10
4.9972254330708656
20
-3.7934420472440946
11
4.9975396456692911
21
-3.7931604330708661
0
LINE
8
BLACK
6
CONTINUOUS
10
4.9975396456692911
20
-3.7931604330708661
11
4.9976043307086613
21
-3.7930802755905511
0
LINE
8
BLACK
6
CONTINUOUS
10
4.9976043307086613
20
-3.7930802755905511
11
4.9977073622047241
21
-3.7930101574803148
0
LINE
8
BLACK
6
CONTINUOUS
10
4.9977073622047241
20
-3.7930101574803148
11
4.9978001968503936
21
-3.7929269685039371
0
LINE
8
BLACK
6
CONTINUOUS
10
4.9978001968503936
20
-3.7929269685039371
11
4.9978935433070868
21
-3.7928834251968504
0
LINE
8
BLACK
6
CONTINUOUS
10
4.9978935433070868
20
-3.7928834251968504
11
4.998242401574803
21
-3.7926460629921257
0
LINE
8
BLACK
6
CONTINUOUS
10
4.998242401574803
20
-3.7926460629921257
11
5.0023668897637794
21
-3.7903963779527556
0
LINE
8
BLACK
6
CONTINUOUS
10
5.0023668897637794
20
-3.7903963779527556
11
5.0030773622047242
21
-3.7900949606299212
0
LINE
8
BLACK
6
CONTINUOUS
10
5.0030773622047242
20
-3.7900949606299212
11
5.0032881496062993
21
-3.7900723622047243
0
LINE
8
BLACK
6
CONTINUOUS
10
5.0032881496062993
20
-3.7900723622047243
11
5.0034840551181103
21
-3.7899912598425196
0
LINE
8
BLACK
6
CONTINUOUS
10
5.0034840551181103
20
-3.7899912598425196
11
5.0042521259842516
21
-3.7899156299212597
0
LINE
8
BLACK
6
CONTINUOUS
10
5.0042521259842516
20
-3.7899156299212597
11
5.0104388582677162
21
-3.7899156299212597
0
LINE
8
BLACK
6
CONTINUOUS
10
5.0104388582677162
20
-3.7899156299212597
11
5.0112069291338583
21
-3.7899912598425196
0
LINE
8
BLACK
6
CONTINUOUS
10
5.0025874803149604
20
-3.7992451968503937
11
5.0013862204724404
21
-3.8005556299212597
0
LINE
8
BLACK
6
CONTINUOUS
10
5.0013862204724404
20
-3.8005556299212597
11
4.9999401574803146
21
-3.8037107086614173
0
LINE
8
BLACK
6
CONTINUOUS
10
4.9999401574803146
20
-3.8037107086614173
11
4.9999401574803146
21
-3.816912244094488
0
LINE
8
BLACK
6
CONTINUOUS
10
4.9999401574803146
20
-3.816912244094488
11
5.0147508267716532
21
-3.816912244094488
0
LINE
8
BLACK
6
CONTINUOUS
10
5.0147508267716532
20
-3.816912244094488
11
5.0147508267716532
21
-3.8037106692913385
0
LINE
8
BLACK
6
CONTINUOUS
10
5.0147508267716532
20
-3.8037106692913385
11
5.0133047637795274
21
-3.8005557086614172
0
LINE
8
BLACK
6
CONTINUOUS
10
5.0133047637795274
20
-3.8005557086614172
11
5.0121034645669287
21
-3.799245157480315
0
LINE
8
BLACK
6
CONTINUOUS
10
5.0121034645669287
20
-3.799245157480315
11
5.0094349212598424
21
-3.7977896456692912
0
LINE
8
BLACK
6
CONTINUOUS
10
5.0094349212598424
20
-3.7977896456692912
11
5.0052560629921254
21
-3.7977896456692912
0
LINE
8
BLACK
6
CONTINUOUS
10
5.0052560629921254
20
-3.7977896456692912
11
5.0025874803149604
21
-3.7992451968503937
0
LINE
8
BLACK
6
CONTINUOUS
10
6.4667251574803144
20
-3.7499529527559052
11
6.4668075196850392
21
-3.7499471259842521
0
LINE
8
BLACK
6
CONTINUOUS
10
6.4668075196850392
20
-3.7499471259842521
11
6.4669158661417319
21
-3.7499717322834645
0
LINE
8
BLACK
6
CONTINUOUS
10
6.4669158661417319
20
-3.7499717322834645
11
6.4670262992125984
21
-3.7499826377952754
0
LINE
8
BLACK
6
CONTINUOUS
10
6.4670262992125984
20
-3.7499826377952754
11
6.4671024803149608
21
-3.7500141732283465
0
LINE
8
BLACK
6
CONTINUOUS
10
6.4671024803149608
20
-3.7500141732283465
11
6.467404881889764
21
-3.7500829527559056
0
LINE
8
BLACK
6
CONTINUOUS
10
6.467404881889764
20
-3.7500829527559056
11
6.474547716535433
21
-3.7524639370078741
0
LINE
8
BLACK
6
CONTINUOUS
10
6.474547716535433
20
-3.7524639370078741
11
6.4751070866141731
21
-3.7527137007874014
0
LINE
8
BLACK
6
CONTINUOUS
10
6.4751070866141731
20
-3.7527137007874014
11
6.4751918503937009
21
-3.7527872440944883
0
LINE
8
BLACK
6
CONTINUOUS
10
6.4751918503937009
20
-3.7527872440944883
11
6.4752956692913388
21
-3.7528302362204724
0
LINE
8
BLACK
6
CONTINUOUS
10
6.4752956692913388
20
-3.7528302362204724
11
6.4757692125984248
21
-3.7532188582677164
0
LINE
8
BLACK
6
CONTINUOUS
10
6.4757692125984248
20
-3.7532188582677164
11
6.4990059448818895
21
-3.7764555905511812
0
LINE
8
BLACK
6
CONTINUOUS
10
6.4990059448818895
20
-3.7764555905511812
11
6.4990059448818895
21
-3.753047598425197
0
LINE
8
BLACK
6
CONTINUOUS
10
6.4990059448818895
20
-3.753047598425197
11
6.4990659842519687
21
-3.7524379527559053
0
LINE
8
BLACK
6
CONTINUOUS
10
6.4990659842519687
20
-3.7524379527559053
11
6.4995325984251968
21
-3.7513114566929131
0
LINE
8
BLACK
6
CONTINUOUS
10
6.4995325984251968
20
-3.7513114566929131
11
6.5003948031496064
21
-3.750449251968504
0
LINE
8
BLACK
6
CONTINUOUS
10
6.5003948031496064
20
-3.750449251968504
11
6.5015212992125981
21
-3.7499826377952754
0
LINE
8
BLACK
6
CONTINUOUS
10
6.5015212992125981
20
-3.7499826377952754
11
6.5027405905511806
21
-3.7499826377952754
0
LINE
8
BLACK
6
CONTINUOUS
10
6.5027405905511806
20
-3.7499826377952754
11
6.5038670866141732
21
-3.750449251968504
0
LINE
8
BLACK
6
CONTINUOUS
10
6.5038670866141732
20
-3.750449251968504
11
6.5047292913385828
21
-3.7513114566929131
0
LINE
8
BLACK
6
CONTINUOUS
10
6.5047292913385828
20
-3.7513114566929131
11
6.5051959055118109
21
-3.7524379527559053
0
LINE
8
BLACK
6
CONTINUOUS
10
6.5051959055118109
20
-3.7524379527559053
11
6.5052559448818892
21
-3.753047598425197
0
LINE
8
BLACK
6
CONTINUOUS
10
6.5052559448818892
20
-3.753047598425197
11
6.5052559448818892
21
-3.7839999999999998
0
LINE
8
BLACK
6
CONTINUOUS
10
6.5052559448818892
20
-3.7839999999999998
11
6.5051959055118109
21
-3.784609645669291
0
LINE
8
BLACK
6
CONTINUOUS
10
6.5051959055118109
20
-3.784609645669291
11
6.5047292913385828
21
-3.7857361417322832
0
LINE
8
BLACK
6
CONTINUOUS
10
6.5047292913385828
20
-3.7857361417322832
11
6.503867125984252
21
-3.7865983464566928
0
LINE
8
BLACK
6
CONTINUOUS
10
6.503867125984252
20
-3.7865983464566928
11
6.5035371653543308
21
-3.7867349999999997
0
LINE
8
BLACK
6
CONTINUOUS
10
6.5035371653543308
20
-3.7867349999999997
11
6.5027405905511806
21
-3.7870649606299214
0
LINE
8
BLACK
6
CONTINUOUS
10
6.5027405905511806
20
-3.7870649606299214
11
6.5015212992125981
21
-3.7870649606299214
0
LINE
8
BLACK
6
CONTINUOUS
10
6.5015212992125981
20
-3.7870649606299214
11
6.5008613779527558
21
-3.7867915748031495
0
LINE
8
BLACK
6
CONTINUOUS
10
6.5008613779527558
20
-3.7867915748031495
11
6.5003947637795276
21
-3.7865983464566928
0
LINE
8
BLACK
6
CONTINUOUS
10
6.5003947637795276
20
-3.7865983464566928
11
6.4999212204724408
21
-3.7862096850393701
0
LINE
8
BLACK
6
CONTINUOUS
10
6.4999212204724408
20
-3.7862096850393701
11
6.4718713779527555
21
-3.7581599212598422
0
LINE
8
BLACK
6
CONTINUOUS
10
6.4718713779527555
20
-3.7581599212598422
11
6.4659094881889763
21
-3.7561725984251968
0
LINE
8
BLACK
6
CONTINUOUS
10
6.4659094881889763
20
-3.7561725984251968
11
6.4623924409448819
21
-3.7561725984251968
0
LINE
8
BLACK
6
CONTINUOUS
10
6.4623924409448819
20
-3.7561725984251968
11
6.4587440157480316
21
-3.7579968110236219
0
LINE
8
BLACK
6
CONTINUOUS
10
6.4587440157480316
20
-3.7579968110236219
11
6.4570801574803145
21
-3.7596607086614173
0
LINE
8
BLACK
6
CONTINUOUS
10
6.4570801574803145
20
-3.7596607086614173
11
6.4552559448818894
21
-3.7633091338582676
0
LINE
8
BLACK
6
CONTINUOUS
10
6.4552559448818894
20
-3.7633091338582676
11
6.4552559448818894
21
-3.7737385039370079
0
LINE
8
BLACK
6
CONTINUOUS
10
6.4552559448818894
20
-3.7737385039370079
11
6.4570801574803145
21
-3.7773869291338582
0
LINE
8
BLACK
6
CONTINUOUS
10
6.4570801574803145
20
-3.7773869291338582
11
6.4591025590551183
21
-3.7794093307086611
0
LINE
8
BLACK
6
CONTINUOUS
10
6.4591025590551183
20
-3.7794093307086611
11
6.4594911811023623
21
-3.779882874015748
0
LINE
8
BLACK
6
CONTINUOUS
10
6.4594911811023623
20
-3.779882874015748
11
6.4599577952755904
21
-3.7810093700787402
0
LINE
8
BLACK
6
CONTINUOUS
10
6.4599577952755904
20
-3.7810093700787402
11
6.4599577952755904
21
-3.7822287401574801
0
LINE
8
BLACK
6
CONTINUOUS
10
6.4599577952755904
20
-3.7822287401574801
11
6.4594911811023623
21
-3.7833552362204723
0
LINE
8
BLACK
6
CONTINUOUS
10
6.4594911811023623
20
-3.7833552362204723
11
6.4586290157480315
21
-3.7842174015748031
0
LINE
8
BLACK
6
CONTINUOUS
10
6.4586290157480315
20
-3.7842174015748031
11
6.4575025196850389
21
-3.7846840157480313
0
LINE
8
BLACK
6
CONTINUOUS
10
6.4575025196850389
20
-3.7846840157480313
11
6.4562831496062989
21
-3.7846840157480313
0
LINE
8
BLACK
6
CONTINUOUS
10
6.4562831496062989
20
-3.7846840157480313
11
6.4551566535433071
21
-3.7842174015748031
0
LINE
8
BLACK
6
CONTINUOUS
10
6.4551566535433071
20
-3.7842174015748031
11
6.4546831102362203
21
-3.7838287795275591
0
LINE
8
BLACK
6
CONTINUOUS
10
6.4546831102362203
20
-3.7838287795275591
11
6.4523021653543307
21
-3.781447834645669
0
LINE
8
BLACK
6
CONTINUOUS
10
6.4523021653543307
20
-3.781447834645669
11
6.4521053149606296
21
-3.7812079527559055
0
LINE
8
BLACK
6
CONTINUOUS
10
6.4521053149606296
20
-3.7812079527559055
11
6.4520431496062987
21
-3.78115405511811
0
LINE
8
BLACK
6
CONTINUOUS
10
6.4520431496062987
20
-3.78115405511811
11
6.451984133858268
21
-3.7810603149606297
0
LINE
8
BLACK
6
CONTINUOUS
10
6.451984133858268
20
-3.7810603149606297
11
6.4519135433070867
21
-3.7809742913385826
0
LINE
8
BLACK
6
CONTINUOUS
10
6.4519135433070867
20
-3.7809742913385826
11
6.4518818897637793
21
-3.7808978740157477
0
LINE
8
BLACK
6
CONTINUOUS
10
6.4518818897637793
20
-3.7808978740157477
11
6.4517168110236218
21
-3.7806356299212598
0
LINE
8
BLACK
6
CONTINUOUS
10
6.4517168110236218
20
-3.7806356299212598
11
6.4493358661417322
21
-3.7758737007874017
0
LINE
8
BLACK
6
CONTINUOUS
10
6.4493358661417322
20
-3.7758737007874017
11
6.4491169291338579
21
-3.7753015748031493
0
LINE
8
BLACK
6
CONTINUOUS
10
6.4491169291338579
20
-3.7753015748031493
11
6.4491089370078738
21
-3.775189566929134
0
LINE
8
BLACK
6
CONTINUOUS
10
6.4491089370078738
20
-3.775189566929134
11
6.449065984251968
21
-3.7750858267716536
0
LINE
8
BLACK
6
CONTINUOUS
10
6.449065984251968
20
-3.7750858267716536
11
6.4490059448818897
21
-3.7744761811023619
0
LINE
8
BLACK
6
CONTINUOUS
10
6.4490059448818897
20
-3.7744761811023619
11
6.4490059448818897
21
-3.7625714173228344
0
LINE
8
BLACK
6
CONTINUOUS
10
6.4490059448818897
20
-3.7625714173228344
11
6.449065984251968
21
-3.7619617716535432
0
LINE
8
BLACK
6
CONTINUOUS
10
6.449065984251968
20
-3.7619617716535432
11
6.4491089370078738
21
-3.761857992125984
0
LINE
8
BLACK
6
CONTINUOUS
10
6.4491089370078738
20
-3.761857992125984
11
6.4491169291338579
21
-3.761746023622047
0
LINE
8
BLACK
6
CONTINUOUS
10
6.4491169291338579
20
-3.761746023622047
11
6.4493358661417322
21
-3.7611738582677163
0
LINE
8
BLACK
6
CONTINUOUS
10
6.4493358661417322
20
-3.7611738582677163
11
6.4517168110236218
21
-3.7564120078740157
0
LINE
8
BLACK
6
CONTINUOUS
10
6.4517168110236218
20
-3.7564120078740157
11
6.4518818897637793
21
-3.7561497244094486
0
LINE
8
BLACK
6
CONTINUOUS
10
6.4518818897637793
20
-3.7561497244094486
11
6.4519135433070867
21
-3.7560733464566929
0
LINE
8
BLACK
6
CONTINUOUS
10
6.4519135433070867
20
-3.7560733464566929
11
6.451984133858268
21
-3.7559872834645667
0
LINE
8
BLACK
6
CONTINUOUS
10
6.451984133858268
20
-3.7559872834645667
11
6.4520431496062987
21
-3.7558935826771651
0
LINE
8
BLACK
6
CONTINUOUS
10
6.4520431496062987
20
-3.7558935826771651
11
6.4521053149606296
21
-3.7558396456692913
0
LINE
8
BLACK
6
CONTINUOUS
10
6.4521053149606296
20
-3.7558396456692913
11
6.4523021653543307
21
-3.7555998031496061
0
LINE
8
BLACK
6
CONTINUOUS
10
6.4523021653543307
20
-3.7555998031496061
11
6.4546831102362203
21
-3.7532188582677164
0
LINE
8
BLACK
6
CONTINUOUS
10
6.4546831102362203
20
-3.7532188582677164
11
6.4549227952755901
21
-3.7530220866141732
0
LINE
8
BLACK
6
CONTINUOUS
10
6.4549227952755901
20
-3.7530220866141732
11
6.4549768503937006
21
-3.7529598425196848
0
LINE
8
BLACK
6
CONTINUOUS
10
6.4549768503937006
20
-3.7529598425196848
11
6.4550707480314955
21
-3.7529007086614175
0
LINE
8
BLACK
6
CONTINUOUS
10
6.4550707480314955
20
-3.7529007086614175
11
6.4551566535433071
21
-3.7528302362204724
0
LINE
8
BLACK
6
CONTINUOUS
10
6.4551566535433071
20
-3.7528302362204724
11
6.4552329133858271
21
-3.7527986220472438
0
LINE
8
BLACK
6
CONTINUOUS
10
6.4552329133858271
20
-3.7527986220472438
11
6.4554952755905513
21
-3.752633503937008
0
LINE
8
BLACK
6
CONTINUOUS
10
6.4554952755905513
20
-3.752633503937008
11
6.4602571653543306
21
-3.7502525196850391
0
LINE
8
BLACK
6
CONTINUOUS
10
6.4602571653543306
20
-3.7502525196850391
11
6.460829291338583
21
-3.7500335826771654
0
LINE
8
BLACK
6
CONTINUOUS
10
6.460829291338583
20
-3.7500335826771654
11
6.4609412992125979
21
-3.7500255905511812
0
LINE
8
BLACK
6
CONTINUOUS
10
6.4609412992125979
20
-3.7500255905511812
11
6.461045078740157
21
-3.7499826377952754
0
LINE
8
BLACK
6
CONTINUOUS
10
6.461045078740157
20
-3.7499826377952754
11
6.4616547244094491
21
-3.7499225984251967
0
LINE
8
BLACK
6
CONTINUOUS
10
6.4616547244094491
20
-3.7499225984251967
11
6.4664166535433072
21
-3.7499225984251967
0
LINE
8
BLACK
6
CONTINUOUS
10
6.4664166535433072
20
-3.7499225984251967
11
6.4667251574803144
21
-3.7499529527559052
0
LINE
8
BLACK
6
CONTINUOUS
10
4.9981904330708664
20
-3.7500842125984253
11
4.9992766535433066
21
-3.751170433070866
0
LINE
8
BLACK
6
CONTINUOUS
10
4.9992766535433066
20
-3.751170433070866
11
4.9998645275590547
21
-3.7525896456692913
0
LINE
8
BLACK
6
CONTINUOUS
10
4.9998645275590547
20
-3.7525896456692913
11
4.9999401574803146
21
-3.753357716535433
0
LINE
8
BLACK
6
CONTINUOUS
10
4.9999401574803146
20
-3.753357716535433
11
4.9999401574803146
21
-3.7629190157480314
0
LINE
8
BLACK
6
CONTINUOUS
10
4.9999401574803146
20
-3.7629190157480314
11
5.039310236220472
21
-3.7629190157480314
0
LINE
8
BLACK
6
CONTINUOUS
10
5.039310236220472
20
-3.7629190157480314
11
5.0400783070866142
21
-3.7629946456692913
0
LINE
8
BLACK
6
CONTINUOUS
10
5.0400783070866142
20
-3.7629946456692913
11
5.0414975196850396
21
-3.7635825196850394
0
LINE
8
BLACK
6
CONTINUOUS
10
5.0414975196850396
20
-3.7635825196850394
11
5.0425837401574798
21
-3.7646687401574801
0
LINE
8
BLACK
6
CONTINUOUS
10
5.0425837401574798
20
-3.7646687401574801
11
5.0431716141732279
21
-3.7660879527559055
0
LINE
8
BLACK
6
CONTINUOUS
10
5.0431716141732279
20
-3.7660879527559055
11
5.0431716141732279
21
-3.7676240944881889
0
LINE
8
BLACK
6
CONTINUOUS
10
5.0431716141732279
20
-3.7676240944881889
11
5.0425837401574798
21
-3.7690433070866143
0
LINE
8
BLACK
6
CONTINUOUS
10
5.0425837401574798
20
-3.7690433070866143
11
5.0414975196850396
21
-3.7701295275590549
0
LINE
8
BLACK
6
CONTINUOUS
10
5.0414975196850396
20
-3.7701295275590549
11
5.0400783070866142
21
-3.7707174015748031
0
LINE
8
BLACK
6
CONTINUOUS
10
5.0400783070866142
20
-3.7707174015748031
11
5.039310236220472
21
-3.7707930314960629
0
LINE
8
BLACK
6
CONTINUOUS
10
5.039310236220472
20
-3.7707930314960629
11
4.9999401574803146
21
-3.7707930314960629
0
LINE
8
BLACK
6
CONTINUOUS
10
4.9999401574803146
20
-3.7707930314960629
11
4.9999401574803146
21
-3.7803543307086613
0
LINE
8
BLACK
6
CONTINUOUS
10
4.9999401574803146
20
-3.7803543307086613
11
4.9998645275590547
21
-3.7811224015748031
0
LINE
8
BLACK
6
CONTINUOUS
10
4.9998645275590547
20
-3.7811224015748031
11
4.9992766535433066
21
-3.7825416141732284
0
LINE
8
BLACK
6
CONTINUOUS
10
4.9992766535433066
20
-3.7825416141732284
11
4.9981904330708664
21
-3.7836278346456691
0
LINE
8
BLACK
6
CONTINUOUS
10
4.9981904330708664
20
-3.7836278346456691
11
4.996771220472441
21
-3.7842157086614172
0
LINE
8
BLACK
6
CONTINUOUS
10
4.996771220472441
20
-3.7842157086614172
11
4.9952350787401576
21
-3.7842157086614172
0
LINE
8
BLACK
6
CONTINUOUS
10
4.9952350787401576
20
-3.7842157086614172
11
4.9938158661417322
21
-3.7836278346456691
0
LINE
8
BLACK
6
CONTINUOUS
10
4.9938158661417322
20
-3.7836278346456691
11
4.9927296456692911
21
-3.7825416141732284
0
LINE
8
BLACK
6
CONTINUOUS
10
4.9927296456692911
20
-3.7825416141732284
11
4.992141771653543
21
-3.7811224015748031
0
LINE
8
BLACK
6
CONTINUOUS
10
4.992141771653543
20
-3.7811224015748031
11
4.9920661417322831
21
-3.7803543307086613
0
LINE
8
BLACK
6
CONTINUOUS
10
4.9920661417322831
20
-3.7803543307086613
11
4.9920661417322831
21
-3.753357716535433
0
LINE
8
BLACK
6
CONTINUOUS
10
4.9920661417322831
20
-3.753357716535433
11
4.992141771653543
21
-3.7525896456692913
0
LINE
8
BLACK
6
CONTINUOUS
10
4.992141771653543
20
-3.7525896456692913
11
4.9927296456692911
21
-3.751170433070866
0
LINE
8
BLACK
6
CONTINUOUS
10
4.9927296456692911
20
-3.751170433070866
11
4.9938158661417322
21
-3.7500842125984253
0
LINE
8
BLACK
6
CONTINUOUS
10
4.9938158661417322
20
-3.7500842125984253
11
4.9952350787401576
21
-3.7494963385826772
0
LINE
8
BLACK
6
CONTINUOUS
10
4.9952350787401576
20
-3.7494963385826772
11
4.996771220472441
21
-3.7494963385826772
0
LINE
8
BLACK
6
CONTINUOUS
10
4.996771220472441
20
-3.7494963385826772
11
4.9981904330708664
21
-3.7500842125984253
0
LINE
8
BLACK
6
CONTINUOUS
10
5.0827294094488185
20
-3.7423658267716533
11
5.082807165354331
21
-3.7423603149606297
0
LINE
8
BLACK
6
CONTINUOUS
10
5.082807165354331
20
-3.7423603149606297
11
5.0829094094488187
21
-3.7423835433070867
0
LINE
8
BLACK
6
CONTINUOUS
10
5.0829094094488187
20
-3.7423835433070867
11
5.0830139370078742
21
-3.7423938582677163
0
LINE
8
BLACK
6
CONTINUOUS
10
5.0830139370078742
20
-3.7423938582677163
11
5.0830860236220472
21
-3.7424237007874015
0
LINE
8
BLACK
6
CONTINUOUS
10
5.0830860236220472
20
-3.7424237007874015
11
5.0833716141732284
21
-3.7424886614173229
0
LINE
8
BLACK
6
CONTINUOUS
10
5.0833716141732284
20
-3.7424886614173229
11
5.0878710236220472
21
-3.7439884645669292
0
LINE
8
BLACK
6
CONTINUOUS
10
5.0878710236220472
20
-3.7439884645669292
11
5.0883996062992125
21
-3.7442244488188976
0
LINE
8
BLACK
6
CONTINUOUS
10
5.0883996062992125
20
-3.7442244488188976
11
5.0884797244094484
21
-3.7442939370078738
0
LINE
8
BLACK
6
CONTINUOUS
10
5.0884797244094484
20
-3.7442939370078738
11
5.0885777165354327
21
-3.7443345275590549
0
LINE
8
BLACK
6
CONTINUOUS
10
5.0885777165354327
20
-3.7443345275590549
11
5.0890251574803145
21
-3.7447017322834646
0
LINE
8
BLACK
6
CONTINUOUS
10
5.0890251574803145
20
-3.7447017322834646
11
5.0905249999999995
21
-3.7462015354330709
0
LINE
8
BLACK
6
CONTINUOUS
10
5.0905249999999995
20
-3.7462015354330709
11
5.0908922440944879
21
-3.7466489763779527
0
LINE
8
BLACK
6
CONTINUOUS
10
5.0908922440944879
20
-3.7466489763779527
11
5.0913331496062995
21
-3.7477133858267715
0
LINE
8
BLACK
6
CONTINUOUS
10
5.0913331496062995
20
-3.7477133858267715
11
5.0913331496062995
21
-3.7488654724409449
0
LINE
8
BLACK
6
CONTINUOUS
10
5.0913331496062995
20
-3.7488654724409449
11
5.0908922834645667
21
-3.7499299212598425
0
LINE
8
BLACK
6
CONTINUOUS
10
5.0908922834645667
20
-3.7499299212598425
11
5.0900775984251965
21
-3.7507446062992127
0
LINE
8
BLACK
6
CONTINUOUS
10
5.0900775984251965
20
-3.7507446062992127
11
5.0890131889763781
21
-3.7511855118110233
0
LINE
8
BLACK
6
CONTINUOUS
10
5.0890131889763781
20
-3.7511855118110233
11
5.0878611023622042
21
-3.7511855118110233
0
LINE
8
BLACK
6
CONTINUOUS
10
5.0878611023622042
20
-3.7511855118110233
11
5.0867966929133859
21
-3.7507446456692914
0
LINE
8
BLACK
6
CONTINUOUS
10
5.0867966929133859
20
-3.7507446456692914
11
5.0863492519685041
21
-3.7503774409448818
0
LINE
8
BLACK
6
CONTINUOUS
10
5.0863492519685041
20
-3.7503774409448818
11
5.0853422440944884
21
-3.7493704724409449
0
LINE
8
BLACK
6
CONTINUOUS
10
5.0853422440944884
20
-3.7493704724409449
11
5.0819587401574804
21
-3.7482426377952756
0
LINE
8
BLACK
6
CONTINUOUS
10
5.0819587401574804
20
-3.7482426377952756
11
5.079917362204724
21
-3.7482426377952756
0
LINE
8
BLACK
6
CONTINUOUS
10
5.079917362204724
20
-3.7482426377952756
11
5.0765337795275594
21
-3.7493704724409449
0
LINE
8
BLACK
6
CONTINUOUS
10
5.0765337795275594
20
-3.7493704724409449
11
5.0743659055118107
21
-3.7515383464566927
0
LINE
8
BLACK
6
CONTINUOUS
10
5.0743659055118107
20
-3.7515383464566927
11
5.0732253543307086
21
-3.7538194488188976
0
LINE
8
BLACK
6
CONTINUOUS
10
5.0732253543307086
20
-3.7538194488188976
11
5.0718922834645666
21
-3.7591517716535434
0
LINE
8
BLACK
6
CONTINUOUS
10
5.0718922834645666
20
-3.7591517716535434
11
5.0718922834645666
21
-3.7629240157480313
0
LINE
8
BLACK
6
CONTINUOUS
10
5.0718922834645666
20
-3.7629240157480313
11
5.0732253543307086
21
-3.7682562992125983
0
LINE
8
BLACK
6
CONTINUOUS
10
5.0732253543307086
20
-3.7682562992125983
11
5.0743659055118107
21
-3.7705374015748032
0
LINE
8
BLACK
6
CONTINUOUS
10
5.0743659055118107
20
-3.7705374015748032
11
5.0765338188976381
21
-3.7727053543307085
0
LINE
8
BLACK
6
CONTINUOUS
10
5.0765338188976381
20
-3.7727053543307085
11
5.079917362204724
21
-3.7738331889763779
0
LINE
8
BLACK
6
CONTINUOUS
10
5.079917362204724
20
-3.7738331889763779
11
5.0819587401574804
21
-3.7738331889763779
0
LINE
8
BLACK
6
CONTINUOUS
10
5.0819587401574804
20
-3.7738331889763779
11
5.0853422440944884
21
-3.7727053543307085
0
LINE
8
BLACK
6
CONTINUOUS
10
5.0853422440944884
20
-3.7727053543307085
11
5.0863492125984253
21
-3.7716983858267716
0
LINE
8
BLACK
6
CONTINUOUS
10
5.0863492125984253
20
-3.7716983858267716
11
5.0867966535433071
21
-3.7713311417322832
0
LINE
8
BLACK
6
CONTINUOUS
10
5.0867966535433071
20
-3.7713311417322832
11
5.0878611023622042
21
-3.7708902755905509
0
LINE
8
BLACK
6
CONTINUOUS
10
5.0878611023622042
20
-3.7708902755905509
11
5.0890131889763781
21
-3.7708902755905509
0
LINE
8
BLACK
6
CONTINUOUS
10
5.0890131889763781
20
-3.7708902755905509
11
5.0900775984251965
21
-3.7713311417322832
0
LINE
8
BLACK
6
CONTINUOUS
10
5.0900775984251965
20
-3.7713311417322832
11
5.0908922834645667
21
-3.7721458267716534
0
LINE
8
BLACK
6
CONTINUOUS
10
5.0908922834645667
20
-3.7721458267716534
11
5.0913331496062995
21
-3.7732102362204722
0
LINE
8
BLACK
6
CONTINUOUS
10
5.0913331496062995
20
-3.7732102362204722
11
5.0913331496062995
21
-3.7743623228346457
0
LINE
8
BLACK
6
CONTINUOUS
10
5.0913331496062995
20
-3.7743623228346457
11
5.0908922834645667
21
-3.7754267716535432
0
LINE
8
BLACK
6
CONTINUOUS
10
5.0908922834645667
20
-3.7754267716535432
11
5.0905250393700783
21
-3.775874212598425
0
LINE
8
BLACK
6
CONTINUOUS
10
5.0905250393700783
20
-3.775874212598425
11
5.0890251968503932
21
-3.7773740551181101
0
LINE
8
BLACK
6
CONTINUOUS
10
5.0890251968503932
20
-3.7773740551181101
11
5.0885777559055114
21
-3.7777412598425197
0
LINE
8
BLACK
6
CONTINUOUS
10
5.0885777559055114
20
-3.7777412598425197
11
5.0884797637795272
21
-3.7777818110236221
0
LINE
8
BLACK
6
CONTINUOUS
10
5.0884797637795272
20
-3.7777818110236221
11
5.0883996062992125
21
-3.7778513779527558
0
LINE
8
BLACK
6
CONTINUOUS
10
5.0883996062992125
20
-3.7778513779527558
11
5.0878710236220472
21
-3.7780873622047242
0
LINE
8
BLACK
6
CONTINUOUS
10
5.0878710236220472
20
-3.7780873622047242
11
5.0833716141732284
21
-3.7795871653543305
0
LINE
8
BLACK
6
CONTINUOUS
10
5.0833716141732284
20
-3.7795871653543305
11
5.0830860236220472
21
-3.7796520866141732
0
LINE
8
BLACK
6
CONTINUOUS
10
5.0830860236220472
20
-3.7796520866141732
11
5.0830139370078742
21
-3.7796819685039371
0
LINE
8
BLACK
6
CONTINUOUS
10
5.0830139370078742
20
-3.7796819685039371
11
5.0829094094488187
21
-3.779692244094488
0
LINE
8
BLACK
6
CONTINUOUS
10
5.0829094094488187
20
-3.779692244094488
11
5.082807165354331
21
-3.7797155118110237
0
LINE
8
BLACK
6
CONTINUOUS
10
5.082807165354331
20
-3.7797155118110237
11
5.0827294094488185
21
-3.7797099606299214
0
LINE
8
BLACK
6
CONTINUOUS
10
5.0827294094488185
20
-3.7797099606299214
11
5.0824378740157483
21
-3.7797387007874015
0
LINE
8
BLACK
6
CONTINUOUS
10
5.0824378740157483
20
-3.7797387007874015
11
5.079438228346457
21
-3.7797387007874015
0
LINE
8
BLACK
6
CONTINUOUS
10
5.079438228346457
20
-3.7797387007874015
11
5.0791466535433072
21
-3.7797099606299214
0
LINE
8
BLACK
6
CONTINUOUS
10
5.0791466535433072
20
-3.7797099606299214
11
5.0790689370078743
21
-3.7797155118110237
0
LINE
8
BLACK
6
CONTINUOUS
10
5.0790689370078743
20
-3.7797155118110237
11
5.0789666535433069
21
-3.779692244094488
0
LINE
8
BLACK
6
CONTINUOUS
10
5.0789666535433069
20
-3.779692244094488
11
5.0788621653543302
21
-3.7796819685039371
0
LINE
8
BLACK
6
CONTINUOUS
10
5.0788621653543302
20
-3.7796819685039371
11
5.0787900393700784
21
-3.7796520866141732
0
LINE
8
BLACK
6
CONTINUOUS
10
5.0787900393700784
20
-3.7796520866141732
11
5.078504488188976
21
-3.7795871653543305
0
LINE
8
BLACK
6
CONTINUOUS
10
5.078504488188976
20
-3.7795871653543305
11
5.0740050393700784
21
-3.7780873622047242
0
LINE
8
BLACK
6
CONTINUOUS
10
5.0740050393700784
20
-3.7780873622047242
11
5.0734764960629919
21
-3.7778513779527558
0
LINE
8
BLACK
6
CONTINUOUS
10
5.0734764960629919
20
-3.7778513779527558
11
5.0733963385826772
21
-3.7777818503937008
0
LINE
8
BLACK
6
CONTINUOUS
10
5.0733963385826772
20
-3.7777818503937008
11
5.0732983070866142
21
-3.7777412598425197
0
LINE
8
BLACK
6
CONTINUOUS
10
5.0732983070866142
20
-3.7777412598425197
11
5.0728508661417324
21
-3.7773740551181101
0
LINE
8
BLACK
6
CONTINUOUS
10
5.0728508661417324
20
-3.7773740551181101
11
5.0698512598425198
21
-3.7743744094488187
0
LINE
8
BLACK
6
CONTINUOUS
10
5.0698512598425198
20
-3.7743744094488187
11
5.0696654724409447
21
-3.7741480314960629
0
LINE
8
BLACK
6
CONTINUOUS
10
5.0696654724409447
20
-3.7741480314960629
11
5.0696064960629919
21
-3.7740968897637797
0
LINE
8
BLACK
6
CONTINUOUS
10
5.0696064960629919
20
-3.7740968897637797
11
5.0695505118110233
21
-3.7740079527559054
0
LINE
8
BLACK
6
CONTINUOUS
10
5.0695505118110233
20
-3.7740079527559054
11
5.0694840157480314
21
-3.7739269291338582
0
LINE
8
BLACK
6
CONTINUOUS
10
5.0694840157480314
20
-3.7739269291338582
11
5.0694541732283467
21
-3.7738548818897635
0
LINE
8
BLACK
6
CONTINUOUS
10
5.0694541732283467
20
-3.7738548818897635
11
5.0692981496062988
21
-3.7736070078740158
0
LINE
8
BLACK
6
CONTINUOUS
10
5.0692981496062988
20
-3.7736070078740158
11
5.0677983464566925
21
-3.7706074015748032
0
LINE
8
BLACK
6
CONTINUOUS
10
5.0677983464566925
20
-3.7706074015748032
11
5.0677822047244092
21
-3.7705652755905512
0
LINE
8
BLACK
6
CONTINUOUS
10
5.0677822047244092
20
-3.7705652755905512
11
5.0677695275590553
21
-3.7705481496062991
0
LINE
8
BLACK
6
CONTINUOUS
10
5.0677695275590553
20
-3.7705481496062991
11
5.0676829527559057
21
-3.7703059448818896
0
LINE
8
BLACK
6
CONTINUOUS
10
5.0676829527559057
20
-3.7703059448818896
11
5.067591456692913
21
-3.7700667716535432
0
LINE
8
BLACK
6
CONTINUOUS
10
5.067591456692913
20
-3.7700667716535432
11
5.0675899212598425
21
-3.7700455511811022
0
LINE
8
BLACK
6
CONTINUOUS
10
5.0675899212598425
20
-3.7700455511811022
11
5.0675747637795272
21
-3.7700030708661418
0
LINE
8
BLACK
6
CONTINUOUS
10
5.0675747637795272
20
-3.7700030708661418
11
5.0660749212598422
21
-3.7640038188976379
0
LINE
8
BLACK
6
CONTINUOUS
10
5.0660749212598422
20
-3.7640038188976379
11
5.0660601181102365
21
-3.7639038582677165
0
LINE
8
BLACK
6
CONTINUOUS
10
5.0660601181102365
20
-3.7639038582677165
11
5.0660435039370082
21
-3.7638637007874016
0
LINE
8
BLACK
6
CONTINUOUS
10
5.0660435039370082
20
-3.7638637007874016
11
5.0660221259842517
21
-3.7636466929133858
0
LINE
8
BLACK
6
CONTINUOUS
10
5.0660221259842517
20
-3.7636466929133858
11
5.0659902755905515
21
-3.7634311811023622
0
LINE
8
BLACK
6
CONTINUOUS
10
5.0659902755905515
20
-3.7634311811023622
11
5.0659966535433067
21
-3.7633881496062993
0
LINE
8
BLACK
6
CONTINUOUS
10
5.0659966535433067
20
-3.7633881496062993
11
5.0659867716535434
21
-3.7632876377952753
0
LINE
8
BLACK
6
CONTINUOUS
10
5.0659867716535434
20
-3.7632876377952753
11
5.0659867716535434
21
-3.7587881889763777
0
LINE
8
BLACK
6
CONTINUOUS
10
5.0659867716535434
20
-3.7587881889763777
11
5.0659966535433067
21
-3.7586876377952754
0
LINE
8
BLACK
6
CONTINUOUS
10
5.0659966535433067
20
-3.7586876377952754
11
5.0659902755905515
21
-3.7586446456692912
0
LINE
8
BLACK
6
CONTINUOUS
10
5.0659902755905515
20
-3.7586446456692912
11
5.0660221259842517
21
-3.7584290944881888
0
LINE
8
BLACK
6
CONTINUOUS
10
5.0660221259842517
20
-3.7584290944881888
11
5.0660435039370082
21
-3.7582121259842518
0
LINE
8
BLACK
6
CONTINUOUS
10
5.0660435039370082
20
-3.7582121259842518
11
5.0660601181102365
21
-3.7581719291338582
0
LINE
8
BLACK
6
CONTINUOUS
10
5.0660601181102365
20
-3.7581719291338582
11
5.0660749212598422
21
-3.7580720078740155
0
LINE
8
BLACK
6
CONTINUOUS
10
5.0660749212598422
20
-3.7580720078740155
11
5.0675747637795272
21
-3.7520727559055116
0
LINE
8
BLACK
6
CONTINUOUS
10
5.0675747637795272
20
-3.7520727559055116
11
5.0675899212598425
21
-3.7520302362204725
0
LINE
8
BLACK
6
CONTINUOUS
10
5.0675899212598425
20
-3.7520302362204725
11
5.067591456692913
21
-3.7520090551181102
0
LINE
8
BLACK
6
CONTINUOUS
10
5.067591456692913
20
-3.7520090551181102
11
5.0676829527559057
21
-3.751769842519685
0
LINE
8
BLACK
6
CONTINUOUS
10
5.0676829527559057
20
-3.751769842519685
11
5.0677695275590553
21
-3.7515276771653543
0
LINE
8
BLACK
6
CONTINUOUS
10
5.0677695275590553
20
-3.7515276771653543
11
5.0677822047244092
21
-3.7515105118110235
0
LINE
8
BLACK
6
CONTINUOUS
10
5.0677822047244092
20
-3.7515105118110235
11
5.0677983464566925
21
-3.7514684251968502
0
LINE
8
BLACK
6
CONTINUOUS
10
5.0677983464566925
20
-3.7514684251968502
11
5.0692981496062988
21
-3.7484687795275589
0
LINE
8
BLACK
6
CONTINUOUS
10
5.0692981496062988
20
-3.7484687795275589
11
5.0694542125984254
21
-3.7482207480314962
0
LINE
8
BLACK
6
CONTINUOUS
10
5.0694542125984254
20
-3.7482207480314962
11
5.0694840551181102
21
-3.7481488188976377
0
LINE
8
BLACK
6
CONTINUOUS
10
5.0694840551181102
20
-3.7481488188976377
11
5.0695505118110233
21
-3.7480678346456693
0
LINE
8
BLACK
6
CONTINUOUS
10
5.0695505118110233
20
-3.7480678346456693
11
5.0696064960629919
21
-3.747978897637795
0
LINE
8
BLACK
6
CONTINUOUS
10
5.0696064960629919
20
-3.747978897637795
11
5.0696654724409447
21
-3.747927716535433
0
LINE
8
BLACK
6
CONTINUOUS
10
5.0696654724409447
20
-3.747927716535433
11
5.0698512598425198
21
-3.7477013779527559
0
LINE
8
BLACK
6
CONTINUOUS
10
5.0698512598425198
20
-3.7477013779527559
11
5.0728508661417324
21
-3.7447017716535433
0
LINE
8
BLACK
6
CONTINUOUS
10
5.0728508661417324
20
-3.7447017716535433
11
5.0732983070866142
21
-3.7443345275590549
0
LINE
8
BLACK
6
CONTINUOUS
10
5.0732983070866142
20
-3.7443345275590549
11
5.0733964173228348
21
-3.7442938582677163
0
LINE
8
BLACK
6
CONTINUOUS
10
5.0733964173228348
20
-3.7442938582677163
11
5.0734764960629919
21
-3.7442244488188976
0
LINE
8
BLACK
6
CONTINUOUS
10
5.0734764960629919
20
-3.7442244488188976
11
5.0740050393700784
21
-3.7439884645669292
0
LINE
8
BLACK
6
CONTINUOUS
10
5.0740050393700784
20
-3.7439884645669292
11
5.078504488188976
21
-3.7424886614173229
0
LINE
8
BLACK
6
CONTINUOUS
10
5.078504488188976
20
-3.7424886614173229
11
5.0787900393700784
21
-3.7424237007874015
0
LINE
8
BLACK
6
CONTINUOUS
10
5.0787900393700784
20
-3.7424237007874015
11
5.0788621653543302
21
-3.7423938582677163
0
LINE
8
BLACK
6
CONTINUOUS
10
5.0788621653543302
20
-3.7423938582677163
11
5.0789666535433069
21
-3.7423835433070867
0
LINE
8
BLACK
6
CONTINUOUS
10
5.0789666535433069
20
-3.7423835433070867
11
5.0790689370078743
21
-3.7423603149606297
0
LINE
8
BLACK
6
CONTINUOUS
10
5.0790689370078743
20
-3.7423603149606297
11
5.0791466535433072
21
-3.7423658267716533
0
LINE
8
BLACK
6
CONTINUOUS
10
5.0791466535433072
20
-3.7423658267716533
11
5.079438228346457
21
-3.7423371259842519
0
LINE
8
BLACK
6
CONTINUOUS
10
5.079438228346457
20
-3.7423371259842519
11
5.0824378740157483
21
-3.7423371259842519
0
LINE
8
BLACK
6
CONTINUOUS
10
5.0824378740157483
20
-3.7423371259842519
11
5.0827294094488185
21
-3.7423658267716533
0
LINE
8
BLACK
6
CONTINUOUS
10
5.1382224803149601
20
-3.7423658267716533
11
5.1383002362204726
21
-3.7423603149606297
0
LINE
8
BLACK
6
CONTINUOUS
10
5.1383002362204726
20
-3.7423603149606297
11
5.1384024803149604
21
-3.7423835433070867
0
LINE
8
BLACK
6
CONTINUOUS
10
5.1384024803149604
20
-3.7423835433070867
11
5.1385070078740158
21
-3.7423938582677163
0
LINE
8
BLACK
6
CONTINUOUS
10
5.1385070078740158
20
-3.7423938582677163
11
5.1385790944881888
21
-3.7424237007874015
0
LINE
8
BLACK
6
CONTINUOUS
10
5.1385790944881888
20
-3.7424237007874015
11
5.13886468503937
21
-3.7424886614173229
0
LINE
8
BLACK
6
CONTINUOUS
10
5.13886468503937
20
-3.7424886614173229
11
5.1433640944881889
21
-3.7439884645669292
0
LINE
8
BLACK
6
CONTINUOUS
10
5.1433640944881889
20
-3.7439884645669292
11
5.1438926771653541
21
-3.7442244488188976
0
LINE
8
BLACK
6
CONTINUOUS
10
5.1438926771653541
20
-3.7442244488188976
11
5.1447630314960628
21
-3.7449793307086612
0
LINE
8
BLACK
6
CONTINUOUS
10
5.1447630314960628
20
-3.7449793307086612
11
5.1452782283464567
21
-3.7460097637795275
0
LINE
8
BLACK
6
CONTINUOUS
10
5.1452782283464567
20
-3.7460097637795275
11
5.1453599212598427
21
-3.7471589763779525
0
LINE
8
BLACK
6
CONTINUOUS
10
5.1453599212598427
20
-3.7471589763779525
11
5.1449955905511811
21
-3.7482520078740156
0
LINE
8
BLACK
6
CONTINUOUS
10
5.1449955905511811
20
-3.7482520078740156
11
5.1442407086614175
21
-3.7491223622047243
0
LINE
8
BLACK
6
CONTINUOUS
10
5.1442407086614175
20
-3.7491223622047243
11
5.1432102755905511
21
-3.7496375590551181
0
LINE
8
BLACK
6
CONTINUOUS
10
5.1432102755905511
20
-3.7496375590551181
11
5.1420610629921262
21
-3.7497192519685036
0
LINE
8
BLACK
6
CONTINUOUS
10
5.1420610629921262
20
-3.7497192519685036
11
5.1414966141732279
21
-3.7495909055118108
0
LINE
8
BLACK
6
CONTINUOUS
10
5.1414966141732279
20
-3.7495909055118108
11
5.137451811023622
21
-3.7482426377952756
0
LINE
8
BLACK
6
CONTINUOUS
10
5.137451811023622
20
-3.7482426377952756
11
5.1311288976377956
21
-3.7482426377952756
0
LINE
8
BLACK
6
CONTINUOUS
10
5.1311288976377956
20
-3.7482426377952756
11
5.1291813385826774
21
-3.7492164173228346
0
LINE
8
BLACK
6
CONTINUOUS
10
5.1291813385826774
20
-3.7492164173228346
11
5.128359173228346
21
-3.7500385433070864
0
LINE
8
BLACK
6
CONTINUOUS
10
5.128359173228346
20
-3.7500385433070864
11
5.1273853543307082
21
-3.751986181102362
0
LINE
8
BLACK
6
CONTINUOUS
10
5.1273853543307082
20
-3.751986181102362
11
5.1273853543307082
21
-3.7535916535433071
0
LINE
8
BLACK
6
CONTINUOUS
10
5.1273853543307082
20
-3.7535916535433071
11
5.128359173228346
21
-3.7555392913385828
0
LINE
8
BLACK
6
CONTINUOUS
10
5.128359173228346
20
-3.7555392913385828
11
5.1291813385826774
21
-3.7563614566929133
0
LINE
8
BLACK
6
CONTINUOUS
10
5.1291813385826774
20
-3.7563614566929133
11
5.131462362204724
21
-3.757501968503937
0
LINE
8
BLACK
6
CONTINUOUS
10
5.131462362204724
20
-3.757501968503937
11
5.1371472440944883
21
-3.7589231889763779
0
LINE
8
BLACK
6
CONTINUOUS
10
5.1371472440944883
20
-3.7589231889763779
11
5.1371897244094491
21
-3.7589383464566928
0
LINE
8
BLACK
6
CONTINUOUS
10
5.1371897244094491
20
-3.7589383464566928
11
5.1372110236220472
21
-3.7589398818897637
0
LINE
8
BLACK
6
CONTINUOUS
10
5.1372110236220472
20
-3.7589398818897637
11
5.1374507480314957
21
-3.7590316141732281
0
LINE
8
BLACK
6
CONTINUOUS
10
5.1374507480314957
20
-3.7590316141732281
11
5.1376923622047244
21
-3.7591179527559055
0
LINE
8
BLACK
6
CONTINUOUS
10
5.1376923622047244
20
-3.7591179527559055
11
5.1377094881889764
21
-3.7591306299212599
0
LINE
8
BLACK
6
CONTINUOUS
10
5.1377094881889764
20
-3.7591306299212599
11
5.1377516141732285
21
-3.7591467716535432
0
LINE
8
BLACK
6
CONTINUOUS
10
5.1377516141732285
20
-3.7591467716535432
11
5.1407512598425198
21
-3.7606466141732282
0
LINE
8
BLACK
6
CONTINUOUS
10
5.1407512598425198
20
-3.7606466141732282
11
5.1409991338582675
21
-3.7608026377952757
0
LINE
8
BLACK
6
CONTINUOUS
10
5.1409991338582675
20
-3.7608026377952757
11
5.1410712204724405
21
-3.7608325196850392
0
LINE
8
BLACK
6
CONTINUOUS
10
5.1410712204724405
20
-3.7608325196850392
11
5.1411523622047239
21
-3.760899094488189
0
LINE
8
BLACK
6
CONTINUOUS
10
5.1411523622047239
20
-3.760899094488189
11
5.1412411417322836
21
-3.760955
0
LINE
8
BLACK
6
CONTINUOUS
10
5.1412411417322836
20
-3.760955
11
5.1412921653543302
21
-3.7610138582677166
0
LINE
8
BLACK
6
CONTINUOUS
10
5.1412921653543302
20
-3.7610138582677166
11
5.1415186614173223
21
-3.7611997244094488
0
LINE
8
BLACK
6
CONTINUOUS
10
5.1415186614173223
20
-3.7611997244094488
11
5.1430184645669295
21
-3.7626995275590551
0
LINE
8
BLACK
6
CONTINUOUS
10
5.1430184645669295
20
-3.7626995275590551
11
5.143204212598425
21
-3.7629258661417322
0
LINE
8
BLACK
6
CONTINUOUS
10
5.143204212598425
20
-3.7629258661417322
11
5.1432632283464566
21
-3.7629770472440942
0
LINE
8
BLACK
6
CONTINUOUS
10
5.1432632283464566
20
-3.7629770472440942
11
5.1433191732283463
21
-3.7630659842519685
0
LINE
8
BLACK
6
CONTINUOUS
10
5.1433191732283463
20
-3.7630659842519685
11
5.1433856692913382
21
-3.7631469685039369
0
LINE
8
BLACK
6
CONTINUOUS
10
5.1433856692913382
20
-3.7631469685039369
11
5.1434154724409451
21
-3.7632188976377954
0
LINE
8
BLACK
6
CONTINUOUS
10
5.1434154724409451
20
-3.7632188976377954
11
5.1435715748031496
21
-3.7634669291338581
0
LINE
8
BLACK
6
CONTINUOUS
10
5.1435715748031496
20
-3.7634669291338581
11
5.1450713779527559
21
-3.7664665354330706
0
LINE
8
BLACK
6
CONTINUOUS
10
5.1450713779527559
20
-3.7664665354330706
11
5.1452782677165354
21
-3.7670071653543307
0
LINE
8
BLACK
6
CONTINUOUS
10
5.1452782677165354
20
-3.7670071653543307
11
5.1452857480314957
21
-3.7671129527559053
0
LINE
8
BLACK
6
CONTINUOUS
10
5.1452857480314957
20
-3.7671129527559053
11
5.145326377952756
21
-3.7672109842519683
0
LINE
8
BLACK
6
CONTINUOUS
10
5.145326377952756
20
-3.7672109842519683
11
5.14538311023622
21
-3.7677870472440942
0
LINE
8
BLACK
6
CONTINUOUS
10
5.14538311023622
20
-3.7677870472440942
11
5.14538311023622
21
-3.7707866929133855
0
LINE
8
BLACK
6
CONTINUOUS
10
5.14538311023622
20
-3.7707866929133855
11
5.145326377952756
21
-3.7713627559055118
0
LINE
8
BLACK
6
CONTINUOUS
10
5.145326377952756
20
-3.7713627559055118
11
5.1452857480314957
21
-3.7714607480314961
0
LINE
8
BLACK
6
CONTINUOUS
10
5.1452857480314957
20
-3.7714607480314961
11
5.1452782677165354
21
-3.7715665748031495
0
LINE
8
BLACK
6
CONTINUOUS
10
5.1452782677165354
20
-3.7715665748031495
11
5.1450713779527559
21
-3.7721072047244095
0
LINE
8
BLACK
6
CONTINUOUS
10
5.1450713779527559
20
-3.7721072047244095
11
5.1435715748031496
21
-3.7751068110236221
0
LINE
8
BLACK
6
CONTINUOUS
10
5.1435715748031496
20
-3.7751068110236221
11
5.1434155118110239
21
-3.7753546850393698
0
LINE
8
BLACK
6
CONTINUOUS
10
5.1434155118110239
20
-3.7753546850393698
11
5.143385708661417
21
-3.7754267322834645
0
LINE
8
BLACK
6
CONTINUOUS
10
5.143385708661417
20
-3.7754267322834645
11
5.1433191732283463
21
-3.7755077559055117
0
LINE
8
BLACK
6
CONTINUOUS
10
5.1433191732283463
20
-3.7755077559055117
11
5.1432632283464566
21
-3.775596692913386
0
LINE
8
BLACK
6
CONTINUOUS
10
5.1432632283464566
20
-3.775596692913386
11
5.143204212598425
21
-3.7756478346456692
0
LINE
8
BLACK
6
CONTINUOUS
10
5.143204212598425
20
-3.7756478346456692
11
5.1430185039370073
21
-3.7758741732283463
0
LINE
8
BLACK
6
CONTINUOUS
10
5.1430185039370073
20
-3.7758741732283463
11
5.141518700787401
21
-3.7773740157480313
0
LINE
8
BLACK
6
CONTINUOUS
10
5.141518700787401
20
-3.7773740157480313
11
5.1412923228346452
21
-3.7775597637795273
0
LINE
8
BLACK
6
CONTINUOUS
10
5.1412923228346452
20
-3.7775597637795273
11
5.1412411417322836
21
-3.7776188188976376
0
LINE
8
BLACK
6
CONTINUOUS
10
5.1412411417322836
20
-3.7776188188976376
11
5.1411521653543302
21
-3.7776748031496061
0
LINE
8
BLACK
6
CONTINUOUS
10
5.1411521653543302
20
-3.7776748031496061
11
5.1410712204724405
21
-3.7777412598425197
0
LINE
8
BLACK
6
CONTINUOUS
10
5.1410712204724405
20
-3.7777412598425197
11
5.1409992519685037
21
-3.7777710629921257
0
LINE
8
BLACK
6
CONTINUOUS
10
5.1409992519685037
20
-3.7777710629921257
11
5.1407512598425198
21
-3.7779271653543307
0
LINE
8
BLACK
6
CONTINUOUS
10
5.1407512598425198
20
-3.7779271653543307
11
5.1377516141732285
21
-3.779426968503937
0
LINE
8
BLACK
6
CONTINUOUS
10
5.1377516141732285
20
-3.779426968503937
11
5.1372109842519684
21
-3.7796338582677165
0
LINE
8
BLACK
6
CONTINUOUS
10
5.1372109842519684
20
-3.7796338582677165
11
5.137105157480315
21
-3.7796413385826773
0
LINE
8
BLACK
6
CONTINUOUS
10
5.137105157480315
20
-3.7796413385826773
11
5.1370071653543308
21
-3.7796819685039371
0
LINE
8
BLACK
6
CONTINUOUS
10
5.1370071653543308
20
-3.7796819685039371
11
5.1364311023622049
21
-3.7797387007874015
0
LINE
8
BLACK
6
CONTINUOUS
10
5.1364311023622049
20
-3.7797387007874015
11
5.1289320472440947
21
-3.7797387007874015
0
LINE
8
BLACK
6
CONTINUOUS
10
5.1289320472440947
20
-3.7797387007874015
11
5.1286404724409449
21
-3.7797099606299214
0
LINE
8
BLACK
6
CONTINUOUS
10
5.1286404724409449
20
-3.7797099606299214
11
5.128562755905512
21
-3.7797155118110237
0
LINE
8
BLACK
6
CONTINUOUS
10
5.128562755905512
20
-3.7797155118110237
11
5.1284604724409446
21
-3.779692244094488
0
LINE
8
BLACK
6
CONTINUOUS
10
5.1284604724409446
20
-3.779692244094488
11
5.1283559842519688
21
-3.7796819685039371
0
LINE
8
BLACK
6
CONTINUOUS
10
5.1283559842519688
20
-3.7796819685039371
11
5.1282838582677162
21
-3.7796520866141732
0
LINE
8
BLACK
6
CONTINUOUS
10
5.1282838582677162
20
-3.7796520866141732
11
5.1279983070866137
21
-3.7795871653543305
0
LINE
8
BLACK
6
CONTINUOUS
10
5.1279983070866137
20
-3.7795871653543305
11
5.1234988582677161
21
-3.7780873622047242
0
LINE
8
BLACK
6
CONTINUOUS
10
5.1234988582677161
20
-3.7780873622047242
11
5.1229703149606296
21
-3.7778513779527558
0
LINE
8
BLACK
6
CONTINUOUS
10
5.1229703149606296
20
-3.7778513779527558
11
5.1220999212598421
21
-3.7770964960629922
0
LINE
8
BLACK
6
CONTINUOUS
10
5.1220999212598421
20
-3.7770964960629922
11
5.1215847244094483
21
-3.7760660629921259
0
LINE
8
BLACK
6
CONTINUOUS
10
5.1215847244094483
20
-3.7760660629921259
11
5.1215030314960632
21
-3.7749168503937005
0
LINE
8
BLACK
6
CONTINUOUS
10
5.1215030314960632
20
-3.7749168503937005
11
5.1218673622047239
21
-3.7738238582677166
0
LINE
8
BLACK
6
CONTINUOUS
10
5.1218673622047239
20
-3.7738238582677166
11
5.1226222440944884
21
-3.7729534645669291
0
LINE
8
BLACK
6
CONTINUOUS
10
5.1226222440944884
20
-3.7729534645669291
11
5.1236526771653539
21
-3.7724382677165353
0
LINE
8
BLACK
6
CONTINUOUS
10
5.1236526771653539
20
-3.7724382677165353
11
5.1248018897637797
21
-3.7723565748031493
0
LINE
8
BLACK
6
CONTINUOUS
10
5.1248018897637797
20
-3.7723565748031493
11
5.1253663385826771
21
-3.7724849212598426
0
LINE
8
BLACK
6
CONTINUOUS
10
5.1253663385826771
20
-3.7724849212598426
11
5.1294111811023617
21
-3.7738331889763779
0
LINE
8
BLACK
6
CONTINUOUS
10
5.1294111811023617
20
-3.7738331889763779
11
5.1357340551181103
21
-3.7738331889763779
0
LINE
8
BLACK
6
CONTINUOUS
10
5.1357340551181103
20
-3.7738331889763779
11
5.1376816141732284
21
-3.7728594094488188
0
LINE
8
BLACK
6
CONTINUOUS
10
5.1376816141732284
20
-3.7728594094488188
11
5.138503779527559
21
-3.7720372047244095
0
LINE
8
BLACK
6
CONTINUOUS
10
5.138503779527559
20
-3.7720372047244095
11
5.1394775984251968
21
-3.7700896456692914
0
LINE
8
BLACK
6
CONTINUOUS
10
5.1394775984251968
20
-3.7700896456692914
11
5.1394775984251968
21
-3.7684840944881888
0
LINE
8
BLACK
6
CONTINUOUS
10
5.1394775984251968
20
-3.7684840944881888
11
5.1385038188976377
21
-3.7665365354330707
0
LINE
8
BLACK
6
CONTINUOUS
10
5.1385038188976377
20
-3.7665365354330707
11
5.1376816535433072
21
-3.7657143700787401
0
LINE
8
BLACK
6
CONTINUOUS
10
5.1376816535433072
20
-3.7657143700787401
11
5.1354005118110235
21
-3.7645737795275589
0
LINE
8
BLACK
6
CONTINUOUS
10
5.1354005118110235
20
-3.7645737795275589
11
5.1297157086614176
21
-3.7631525984251968
0
LINE
8
BLACK
6
CONTINUOUS
10
5.1297157086614176
20
-3.7631525984251968
11
5.129673188976378
21
-3.7631374015748031
0
LINE
8
BLACK
6
CONTINUOUS
10
5.129673188976378
20
-3.7631374015748031
11
5.1296519685039366
21
-3.763135905511811
0
LINE
8
BLACK
6
CONTINUOUS
10
5.1296519685039366
20
-3.763135905511811
11
5.1294125196850393
21
-3.7630442519685037
0
LINE
8
BLACK
6
CONTINUOUS
10
5.1294125196850393
20
-3.7630442519685037
11
5.1291705905511806
21
-3.7629578346456691
0
LINE
8
BLACK
6
CONTINUOUS
10
5.1291705905511806
20
-3.7629578346456691
11
5.1291534251968507
21
-3.762945118110236
0
LINE
8
BLACK
6
CONTINUOUS
10
5.1291534251968507
20
-3.762945118110236
11
5.1291113385826774
21
-3.7629290157480315
0
LINE
8
BLACK
6
CONTINUOUS
10
5.1291113385826774
20
-3.7629290157480315
11
5.1261117322834648
21
-3.7614292125984252
0
LINE
8
BLACK
6
CONTINUOUS
10
5.1261117322834648
20
-3.7614292125984252
11
5.1258637007874013
21
-3.7612731102362202
0
LINE
8
BLACK
6
CONTINUOUS
10
5.1258637007874013
20
-3.7612731102362202
11
5.1257917716535433
21
-3.7612433070866143
0
LINE
8
BLACK
6
CONTINUOUS
10
5.1257917716535433
20
-3.7612433070866143
11
5.1257107874015748
21
-3.7611768110236219
0
LINE
8
BLACK
6
CONTINUOUS
10
5.1257107874015748
20
-3.7611768110236219
11
5.125621850393701
21
-3.7611208661417321
0
LINE
8
BLACK
6
CONTINUOUS
10
5.125621850393701
20
-3.7611208661417321
11
5.1255706692913385
21
-3.7610618503937006
0
LINE
8
BLACK
6
CONTINUOUS
10
5.1255706692913385
20
-3.7610618503937006
11
5.1253443307086615
21
-3.7608761023622046
0
LINE
8
BLACK
6
CONTINUOUS
10
5.1253443307086615
20
-3.7608761023622046
11
5.1238445275590552
21
-3.7593762992125983
0
LINE
8
BLACK
6
CONTINUOUS
10
5.1238445275590552
20
-3.7593762992125983
11
5.1236586614173225
21
-3.7591498031496062
0
LINE
8
BLACK
6
CONTINUOUS
10
5.1236586614173225
20
-3.7591498031496062
11
5.1235998031496059
21
-3.7590987795275588
0
LINE
8
BLACK
6
CONTINUOUS
10
5.1235998031496059
20
-3.7590987795275588
11
5.1235438976377949
21
-3.75901
0
LINE
8
BLACK
6
CONTINUOUS
10
5.1235438976377949
20
-3.75901
11
5.1234773228346455
21
-3.7589288582677165
0
LINE
8
BLACK
6
CONTINUOUS
10
5.1234773228346455
20
-3.7589288582677165
11
5.123447440944882
21
-3.758856771653543
0
LINE
8
BLACK
6
CONTINUOUS
10
5.123447440944882
20
-3.758856771653543
11
5.1232914173228341
21
-3.7586088976377954
0
LINE
8
BLACK
6
CONTINUOUS
10
5.1232914173228341
20
-3.7586088976377954
11
5.1217915748031491
21
-3.755609251968504
0
LINE
8
BLACK
6
CONTINUOUS
10
5.1217915748031491
20
-3.755609251968504
11
5.1215846850393696
21
-3.7550686614173228
0
LINE
8
BLACK
6
CONTINUOUS
10
5.1215846850393696
20
-3.7550686614173228
11
5.1215771259842517
21
-3.7549627559055119
0
LINE
8
BLACK
6
CONTINUOUS
10
5.1215771259842517
20
-3.7549627559055119
11
5.1215365748031498
21
-3.7548648031496064
0
LINE
8
BLACK
6
CONTINUOUS
10
5.1215365748031498
20
-3.7548648031496064
11
5.121479842519685
21
-3.75428874015748
0
LINE
8
BLACK
6
CONTINUOUS
10
5.121479842519685
20
-3.75428874015748
11
5.121479842519685
21
-3.7512891338582675
0
LINE
8
BLACK
6
CONTINUOUS
10
5.121479842519685
20
-3.7512891338582675
11
5.1215365748031498
21
-3.7507130708661416
0
LINE
8
BLACK
6
CONTINUOUS
10
5.1215365748031498
20
-3.7507130708661416
11
5.1215771259842517
21
-3.7506150787401573
0
LINE
8
BLACK
6
CONTINUOUS
10
5.1215771259842517
20
-3.7506150787401573
11
5.1215846850393696
21
-3.7505092125984252
0
LINE
8
BLACK
6
CONTINUOUS
10
5.1215846850393696
20
-3.7505092125984252
11
5.1217915748031491
21
-3.7499686220472439
0
LINE
8
BLACK
6
CONTINUOUS
10
5.1217915748031491
20
-3.7499686220472439
11
5.1232914173228341
21
-3.7469689763779526
0
LINE
8
BLACK
6
CONTINUOUS
10
5.1232914173228341
20
-3.7469689763779526
11
5.123447440944882
21
-3.7467210629921257
0
LINE
8
BLACK
6
CONTINUOUS
10
5.123447440944882
20
-3.7467210629921257
11
5.1234773228346455
21
-3.7466490157480314
0
LINE
8
BLACK
6
CONTINUOUS
10
5.1234773228346455
20
-3.7466490157480314
11
5.1235438976377949
21
-3.7465678346456692
0
LINE
8
BLACK
6
CONTINUOUS
10
5.1235438976377949
20
-3.7465678346456692
11
5.1235998031496059
21
-3.7464790944881887
0
LINE
8
BLACK
6
CONTINUOUS
10
5.1235998031496059
20
-3.7464790944881887
11
5.1236586614173225
21
-3.746428031496063
0
LINE
8
BLACK
6
CONTINUOUS
10
5.1236586614173225
20
-3.746428031496063
11
5.1238445275590552
21
-3.7462015748031496
0
LINE
8
BLACK
6
CONTINUOUS
10
5.1238445275590552
20
-3.7462015748031496
11
5.1253443307086615
21
-3.7447017716535433
0
LINE
8
BLACK
6
CONTINUOUS
10
5.1253443307086615
20
-3.7447017716535433
11
5.1255706692913385
21
-3.7445159842519686
0
LINE
8
BLACK
6
CONTINUOUS
10
5.1255706692913385
20
-3.7445159842519686
11
5.125621850393701
21
-3.7444570078740158
0
LINE
8
BLACK
6
CONTINUOUS
10
5.125621850393701
20
-3.7444570078740158
11
5.1257107874015748
21
-3.7444010236220473
0
LINE
8
BLACK
6
CONTINUOUS
10
5.1257107874015748
20
-3.7444010236220473
11
5.1257917716535433
21
-3.7443345669291337
0
LINE
8
BLACK
6
CONTINUOUS
10
5.1257917716535433
20
-3.7443345669291337
11
5.1258637007874013
21
-3.7443047244094489
0
LINE
8
BLACK
6
CONTINUOUS
10
5.1258637007874013
20
-3.7443047244094489
11
5.1261117322834648
21
-3.7441486614173227
0
LINE
8
BLACK
6
CONTINUOUS
10
5.1261117322834648
20
-3.7441486614173227
11
5.1291113385826774
21
-3.7426488582677164
0
LINE
8
BLACK
6
CONTINUOUS
10
5.1291113385826774
20
-3.7426488582677164
11
5.1296519685039366
21
-3.742441968503937
0
LINE
8
BLACK
6
CONTINUOUS
10
5.1296519685039366
20
-3.742441968503937
11
5.1297577559055121
21
-3.7424344488188974
0
LINE
8
BLACK
6
CONTINUOUS
10
5.1297577559055121
20
-3.7424344488188974
11
5.1298557874015751
21
-3.7423938582677163
0
LINE
8
BLACK
6
CONTINUOUS
10
5.1298557874015751
20
-3.7423938582677163
11
5.130431850393701
21
-3.7423371259842519
0
LINE
8
BLACK
6
CONTINUOUS
10
5.130431850393701
20
-3.7423371259842519
11
5.1379309448818899
21
-3.7423371259842519
0
LINE
8
BLACK
6
CONTINUOUS
10
5.1379309448818899
20
-3.7423371259842519
11
5.1382224803149601
21
-3.7423658267716533
0
LINE
8
BLACK
6
CONTINUOUS
10
5.1160098031496064
20
-3.7423938582677163
11
5.1170742125984248
21
-3.7428347637795274
0
LINE
8
BLACK
6
CONTINUOUS
10
5.1170742125984248
20
-3.7428347637795274
11
5.1178888582677162
21
-3.7436494094488189
0
LINE
8
BLACK
6
CONTINUOUS
10
5.1178888582677162
20
-3.7436494094488189
11
5.1183297637795278
21
-3.7447138188976377
0
LINE
8
BLACK
6
CONTINUOUS
10
5.1183297637795278
20
-3.7447138188976377
11
5.1183297637795278
21
-3.7458659448818898
0
LINE
8
BLACK
6
CONTINUOUS
10
5.1183297637795278
20
-3.7458659448818898
11
5.1178888582677162
21
-3.7469303543307086
0
LINE
8
BLACK
6
CONTINUOUS
10
5.1178888582677162
20
-3.7469303543307086
11
5.1170742125984248
21
-3.7477450000000001
0
LINE
8
BLACK
6
CONTINUOUS
10
5.1170742125984248
20
-3.7477450000000001
11
5.1160098031496064
21
-3.7481859055118107
0
LINE
8
BLACK
6
CONTINUOUS
10
5.1160098031496064
20
-3.7481859055118107
11
5.1154337401574805
21
-3.7482426377952756
0
LINE
8
BLACK
6
CONTINUOUS
10
5.1154337401574805
20
-3.7482426377952756
11
5.1093875984251964
21
-3.7482426377952756
0
LINE
8
BLACK
6
CONTINUOUS
10
5.1093875984251964
20
-3.7482426377952756
11
5.1093875984251964
21
-3.7767859448818895
0
LINE
8
BLACK
6
CONTINUOUS
10
5.1093875984251964
20
-3.7767859448818895
11
5.1093308661417325
21
-3.7773620078740158
0
LINE
8
BLACK
6
CONTINUOUS
10
5.1093308661417325
20
-3.7773620078740158
11
5.108889960629921
21
-3.7784264173228346
0
LINE
8
BLACK
6
CONTINUOUS
10
5.108889960629921
20
-3.7784264173228346
11
5.1080753149606295
21
-3.779241062992126
0
LINE
8
BLACK
6
CONTINUOUS
10
5.1080753149606295
20
-3.779241062992126
11
5.1070109055118111
21
-3.7796819685039371
0
LINE
8
BLACK
6
CONTINUOUS
10
5.1070109055118111
20
-3.7796819685039371
11
5.1058587795275585
21
-3.7796819685039371
0
LINE
8
BLACK
6
CONTINUOUS
10
5.1058587795275585
20
-3.7796819685039371
11
5.1047943700787402
21
-3.779241062992126
0
LINE
8
BLACK
6
CONTINUOUS
10
5.1047943700787402
20
-3.779241062992126
11
5.1039797244094487
21
-3.7784264173228346
0
LINE
8
BLACK
6
CONTINUOUS
10
5.1039797244094487
20
-3.7784264173228346
11
5.1035388188976381
21
-3.7773620078740158
0
LINE
8
BLACK
6
CONTINUOUS
10
5.1035388188976381
20
-3.7773620078740158
11
5.1034820866141732
21
-3.7767859448818895
0
LINE
8
BLACK
6
CONTINUOUS
10
5.1034820866141732
20
-3.7767859448818895
11
5.1034820866141732
21
-3.7482426377952756
0
LINE
8
BLACK
6
CONTINUOUS
10
5.1034820866141732
20
-3.7482426377952756
11
5.0974359842519688
21
-3.7482426377952756
0
LINE
8
BLACK
6
CONTINUOUS
10
5.0974359842519688
20
-3.7482426377952756
11
5.096859921259842
21
-3.7481859055118107
0
LINE
8
BLACK
6
CONTINUOUS
10
5.096859921259842
20
-3.7481859055118107
11
5.0957955118110236
21
-3.7477450000000001
0
LINE
8
BLACK
6
CONTINUOUS
10
5.0957955118110236
20
-3.7477450000000001
11
5.0949808661417322
21
-3.7469303543307086
0
LINE
8
BLACK
6
CONTINUOUS
10
5.0949808661417322
20
-3.7469303543307086
11
5.0945399606299215
21
-3.7458659448818898
0
LINE
8
BLACK
6
CONTINUOUS
10
5.0945399606299215
20
-3.7458659448818898
11
5.0945399606299215
21
-3.7447138188976377
0
LINE
8
BLACK
6
CONTINUOUS
10
5.0945399606299215
20
-3.7447138188976377
11
5.0949808661417322
21
-3.7436494094488189
0
LINE
8
BLACK
6
CONTINUOUS
10
5.0949808661417322
20
-3.7436494094488189
11
5.0957955118110236
21
-3.7428347637795274
0
LINE
8
BLACK
6
CONTINUOUS
10
5.0957955118110236
20
-3.7428347637795274
11
5.096859921259842
21
-3.7423938582677163
0
LINE
8
BLACK
6
CONTINUOUS
10
5.096859921259842
20
-3.7423938582677163
11
5.0974359842519688
21
-3.7423371259842519
0
LINE
8
BLACK
6
CONTINUOUS
10
5.0974359842519688
20
-3.7423371259842519
11
5.1154337401574805
21
-3.7423371259842519
0
LINE
8
BLACK
6
CONTINUOUS
10
5.1154337401574805
20
-3.7423371259842519
11
5.1160098031496064
21
-3.7423938582677163
0
LINE
8
BLACK
6
CONTINUOUS
10
5.0845137401574805
20
-3.6916869685039368
11
5.0846117322834647
21
-3.691727559055118
0
LINE
8
BLACK
6
CONTINUOUS
10
5.0846117322834647
20
-3.691727559055118
11
5.0847175590551181
21
-3.6917350787401575
0
LINE
8
BLACK
6
CONTINUOUS
10
5.0847175590551181
20
-3.6917350787401575
11
5.0852581889763782
21
-3.691941968503937
0
LINE
8
BLACK
6
CONTINUOUS
10
5.0852581889763782
20
-3.691941968503937
11
5.0882577952755907
21
-3.6934417716535433
0
LINE
8
BLACK
6
CONTINUOUS
10
5.0882577952755907
20
-3.6934417716535433
11
5.0887476771653546
21
-3.6937501181102363
0
LINE
8
BLACK
6
CONTINUOUS
10
5.0887476771653546
20
-3.6937501181102363
11
5.0895025196850394
21
-3.6946205118110234
0
LINE
8
BLACK
6
CONTINUOUS
10
5.0895025196850394
20
-3.6946205118110234
11
5.089866850393701
21
-3.695713464566929
0
LINE
8
BLACK
6
CONTINUOUS
10
5.089866850393701
20
-3.695713464566929
11
5.0897851968503938
21
-3.6968626771653543
0
LINE
8
BLACK
6
CONTINUOUS
10
5.0897851968503938
20
-3.6968626771653543
11
5.0892699606299212
21
-3.6978931889763778
0
LINE
8
BLACK
6
CONTINUOUS
10
5.0892699606299212
20
-3.6978931889763778
11
5.0883995669291338
21
-3.698648031496063
0
LINE
8
BLACK
6
CONTINUOUS
10
5.0883995669291338
20
-3.698648031496063
11
5.0873066141732286
21
-3.6990123622047242
0
LINE
8
BLACK
6
CONTINUOUS
10
5.0873066141732286
20
-3.6990123622047242
11
5.0861574015748028
21
-3.6989307086614174
0
LINE
8
BLACK
6
CONTINUOUS
10
5.0861574015748028
20
-3.6989307086614174
11
5.0856167716535428
21
-3.6987238188976379
0
LINE
8
BLACK
6
CONTINUOUS
10
5.0856167716535428
20
-3.6987238188976379
11
5.08324062992126
21
-3.6975357480314961
0
LINE
8
BLACK
6
CONTINUOUS
10
5.08324062992126
20
-3.6975357480314961
11
5.079917362204724
21
-3.6975357480314961
0
LINE
8
BLACK
6
CONTINUOUS
10
5.079917362204724
20
-3.6975357480314961
11
5.0765337795275594
21
-3.6986635826771654
0
LINE
8
BLACK
6
CONTINUOUS
10
5.0765337795275594
20
-3.6986635826771654
11
5.0743659055118107
21
-3.7008314566929132
0
LINE
8
BLACK
6
CONTINUOUS
10
5.0743659055118107
20
-3.7008314566929132
11
5.0732253543307086
21
-3.7031125590551182
0
LINE
8
BLACK
6
CONTINUOUS
10
5.0732253543307086
20
-3.7031125590551182
11
5.0718922834645666
21
-3.7084448818897635
0
LINE
8
BLACK
6
CONTINUOUS
10
5.0718922834645666
20
-3.7084448818897635
11
5.0718922834645666
21
-3.7122171259842518
0
LINE
8
BLACK
6
CONTINUOUS
10
5.0718922834645666
20
-3.7122171259842518
11
5.0732253543307086
21
-3.7175494094488188
0
LINE
8
BLACK
6
CONTINUOUS
10
5.0732253543307086
20
-3.7175494094488188
11
5.0743659055118107
21
-3.7198305118110238
0
LINE
8
BLACK
6
CONTINUOUS
10
5.0743659055118107
20
-3.7198305118110238
11
5.0765338188976381
21
-3.7219984645669291
0
LINE
8
BLACK
6
CONTINUOUS
10
5.0765338188976381
20
-3.7219984645669291
11
5.079917362204724
21
-3.7231262992125984
0
LINE
8
BLACK
6
CONTINUOUS
10
5.079917362204724
20
-3.7231262992125984
11
5.0819587401574804
21
-3.7231262992125984
0
LINE
8
BLACK
6
CONTINUOUS
10
5.0819587401574804
20
-3.7231262992125984
11
5.0853422440944884
21
-3.7219984645669291
0
LINE
8
BLACK
6
CONTINUOUS
10
5.0853422440944884
20
-3.7219984645669291
11
5.0854843700787402
21
-3.7218563385826773
0
LINE
8
BLACK
6
CONTINUOUS
10
5.0854843700787402
20
-3.7218563385826773
11
5.0854843700787402
21
-3.7155335039370079
0
LINE
8
BLACK
6
CONTINUOUS
10
5.0854843700787402
20
-3.7155335039370079
11
5.0824378740157483
21
-3.7155335039370079
0
LINE
8
BLACK
6
CONTINUOUS
10
5.0824378740157483
20
-3.7155335039370079
11
5.0818618110236216
21
-3.7154767716535431
0
LINE
8
BLACK
6
CONTINUOUS
10
5.0818618110236216
20
-3.7154767716535431
11
5.0807974015748032
21
-3.715035866141732
0
LINE
8
BLACK
6
CONTINUOUS
10
5.0807974015748032
20
-3.715035866141732
11
5.0799827559055117
21
-3.714221220472441
0
LINE
8
BLACK
6
CONTINUOUS
10
5.0799827559055117
20
-3.714221220472441
11
5.0795418503937011
21
-3.7131568110236222
0
LINE
8
BLACK
6
CONTINUOUS
10
5.0795418503937011
20
-3.7131568110236222
11
5.0795418503937011
21
-3.71200468503937
0
LINE
8
BLACK
6
CONTINUOUS
10
5.0795418503937011
20
-3.71200468503937
11
5.0799827559055117
21
-3.7109402755905512
0
LINE
8
BLACK
6
CONTINUOUS
10
5.0799827559055117
20
-3.7109402755905512
11
5.0807974015748032
21
-3.7101256299212597
0
LINE
8
BLACK
6
CONTINUOUS
10
5.0807974015748032
20
-3.7101256299212597
11
5.0818618110236216
21
-3.7096847244094486
0
LINE
8
BLACK
6
CONTINUOUS
10
5.0818618110236216
20
-3.7096847244094486
11
5.0824378740157483
21
-3.7096279921259843
0
LINE
8
BLACK
6
CONTINUOUS
10
5.0824378740157483
20
-3.7096279921259843
11
5.0884371259842522
21
-3.7096279921259843
0
LINE
8
BLACK
6
CONTINUOUS
10
5.0884371259842522
20
-3.7096279921259843
11
5.0890131889763781
21
-3.7096847244094486
0
LINE
8
BLACK
6
CONTINUOUS
10
5.0890131889763781
20
-3.7096847244094486
11
5.0900775984251965
21
-3.7101256299212597
0
LINE
8
BLACK
6
CONTINUOUS
10
5.0900775984251965
20
-3.7101256299212597
11
5.0908922440944879
21
-3.7109402755905512
0
LINE
8
BLACK
6
CONTINUOUS
10
5.0908922440944879
20
-3.7109402755905512
11
5.0913331496062995
21
-3.71200468503937
0
LINE
8
BLACK
6
CONTINUOUS
10
5.0913331496062995
20
-3.71200468503937
11
5.0913898818897634
21
-3.7125807480314958
0
LINE
8
BLACK
6
CONTINUOUS
10
5.0913898818897634
20
-3.7125807480314958
11
5.0913898818897634
21
-3.7230794094488187
0
LINE
8
BLACK
6
CONTINUOUS
10
5.0913898818897634
20
-3.7230794094488187
11
5.0913331496062995
21
-3.723655472440945
0
LINE
8
BLACK
6
CONTINUOUS
10
5.0913331496062995
20
-3.723655472440945
11
5.0913281496062988
21
-3.7236675196850393
0
LINE
8
BLACK
6
CONTINUOUS
10
5.0913281496062988
20
-3.7236675196850393
11
5.0908922834645667
21
-3.7247198818897638
0
LINE
8
BLACK
6
CONTINUOUS
10
5.0908922834645667
20
-3.7247198818897638
11
5.0905250393700783
21
-3.7251673228346456
0
LINE
8
BLACK
6
CONTINUOUS
10
5.0905250393700783
20
-3.7251673228346456
11
5.0890251968503932
21
-3.7266671653543306
0
LINE
8
BLACK
6
CONTINUOUS
10
5.0890251968503932
20
-3.7266671653543306
11
5.0885777559055114
21
-3.7270343700787403
0
LINE
8
BLACK
6
CONTINUOUS
10
5.0885777559055114
20
-3.7270343700787403
11
5.0884797637795272
21
-3.7270749212598426
0
LINE
8
BLACK
6
CONTINUOUS
10
5.0884797637795272
20
-3.7270749212598426
11
5.0883996062992125
21
-3.7271444881889764
0
LINE
8
BLACK
6
CONTINUOUS
10
5.0883996062992125
20
-3.7271444881889764
11
5.0878710236220472
21
-3.7273804724409447
0
LINE
8
BLACK
6
CONTINUOUS
10
5.0878710236220472
20
-3.7273804724409447
11
5.0833716141732284
21
-3.728880275590551
0
LINE
8
BLACK
6
CONTINUOUS
10
5.0833716141732284
20
-3.728880275590551
11
5.0830860236220472
21
-3.7289451968503937
0
LINE
8
BLACK
6
CONTINUOUS
10
5.0830860236220472
20
-3.7289451968503937
11
5.0830139370078742
21
-3.7289750787401572
0
LINE
8
BLACK
6
CONTINUOUS
10
5.0830139370078742
20
-3.7289750787401572
11
5.0829094094488187
21
-3.7289853543307085
0
LINE
8
BLACK
6
CONTINUOUS
10
5.0829094094488187
20
-3.7289853543307085
11
5.082807165354331
21
-3.7290086220472438
0
LINE
8
BLACK
6
CONTINUOUS
10
5.082807165354331
20
-3.7290086220472438
11
5.0827294094488185
21
-3.7290030708661415
0
LINE
8
BLACK
6
CONTINUOUS
10
5.0827294094488185
20
-3.7290030708661415
11
5.0824378740157483
21
-3.729031811023622
0
LINE
8
BLACK
6
CONTINUOUS
10
5.0824378740157483
20
-3.729031811023622
11
5.079438228346457
21
-3.729031811023622
0
LINE
8
BLACK
6
CONTINUOUS
10
5.079438228346457
20
-3.729031811023622
11
5.0791466535433072
21
-3.7290030708661415
0
LINE
8
BLACK
6
CONTINUOUS
10
5.0791466535433072
20
-3.7290030708661415
11
5.0790689370078743
21
-3.7290086220472438
0
LINE
8
BLACK
6
CONTINUOUS
10
5.0790689370078743
20
-3.7290086220472438
11
5.0789666535433069
21
-3.7289853543307085
0
LINE
8
BLACK
6
CONTINUOUS
10
5.0789666535433069
20
-3.7289853543307085
11
5.0788621653543302
21
-3.7289750787401572
0
LINE
8
BLACK
6
CONTINUOUS
10
5.0788621653543302
20
-3.7289750787401572
11
5.0787900393700784
21
-3.7289451968503937
0
LINE
8
BLACK
6
CONTINUOUS
10
5.0787900393700784
20
-3.7289451968503937
11
5.078504488188976
21
-3.728880275590551
0
LINE
8
BLACK
6
CONTINUOUS
10
5.078504488188976
20
-3.728880275590551
11
5.0740050393700784
21
-3.7273804724409447
0
LINE
8
BLACK
6
CONTINUOUS
10
5.0740050393700784
20
-3.7273804724409447
11
5.0734764960629919
21
-3.7271444881889764
0
LINE
8
BLACK
6
CONTINUOUS
10
5.0734764960629919
20
-3.7271444881889764
11
5.0733963385826772
21
-3.7270749606299214
0
LINE
8
BLACK
6
CONTINUOUS
10
5.0733963385826772
20
-3.7270749606299214
11
5.0732983070866142
21
-3.7270343700787403
0
LINE
8
BLACK
6
CONTINUOUS
10
5.0732983070866142
20
-3.7270343700787403
11
5.0728508661417324
21
-3.7266671653543306
0
LINE
8
BLACK
6
CONTINUOUS
10
5.0728508661417324
20
-3.7266671653543306
11
5.0698512598425198
21
-3.7236675196850393
0
LINE
8
BLACK
6
CONTINUOUS
10
5.0698512598425198
20
-3.7236675196850393
11
5.0696654724409447
21
-3.7234411417322835
0
LINE
8
BLACK
6
CONTINUOUS
10
5.0696654724409447
20
-3.7234411417322835
11
5.0696064960629919
21
-3.7233899999999998
0
LINE
8
BLACK
6
CONTINUOUS
10
5.0696064960629919
20
-3.7233899999999998
11
5.0695505118110233
21
-3.7233010629921259
0
LINE
8
BLACK
6
CONTINUOUS
10
5.0695505118110233
20
-3.7233010629921259
11
5.0694840157480314
21
-3.7232200393700787
0
LINE
8
BLACK
6
CONTINUOUS
10
5.0694840157480314
20
-3.7232200393700787
11
5.0694541732283467
21
-3.723147992125984
0
LINE
8
BLACK
6
CONTINUOUS
10
5.0694541732283467
20
-3.723147992125984
11
5.0692981496062988
21
-3.7229001181102364
0
LINE
8
BLACK
6
CONTINUOUS
10
5.0692981496062988
20
-3.7229001181102364
11
5.0677983464566925
21
-3.7199005118110233
0
LINE
8
BLACK
6
CONTINUOUS
10
5.0677983464566925
20
-3.7199005118110233
11
5.0677822047244092
21
-3.7198583858267718
0
LINE
8
BLACK
6
CONTINUOUS
10
5.0677822047244092
20
-3.7198583858267718
11
5.0677695275590553
21
-3.7198412598425197
0
LINE
8
BLACK
6
CONTINUOUS
10
5.0677695275590553
20
-3.7198412598425197
11
5.0676829527559057
21
-3.7195990551181102
0
LINE
8
BLACK
6
CONTINUOUS
10
5.0676829527559057
20
-3.7195990551181102
11
5.067591456692913
21
-3.7193598818897637
0
LINE
8
BLACK
6
CONTINUOUS
10
5.067591456692913
20
-3.7193598818897637
11
5.0675899212598425
21
-3.7193386614173227
0
LINE
8
BLACK
6
CONTINUOUS
10
5.0675899212598425
20
-3.7193386614173227
11
5.0675747637795272
21
-3.7192961811023619
0
LINE
8
BLACK
6
CONTINUOUS
10
5.0675747637795272
20
-3.7192961811023619
11
5.0660749212598422
21
-3.713296929133858
0
LINE
8
BLACK
6
CONTINUOUS
10
5.0660749212598422
20
-3.713296929133858
11
5.0660601181102365
21
-3.713196968503937
0
LINE
8
BLACK
6
CONTINUOUS
10
5.0660601181102365
20
-3.713196968503937
11
5.0660435039370082
21
-3.7131568110236222
0
LINE
8
BLACK
6
CONTINUOUS
10
5.0660435039370082
20
-3.7131568110236222
11
5.0660221259842517
21
-3.7129398031496064
0
LINE
8
BLACK
6
CONTINUOUS
10
5.0660221259842517
20
-3.7129398031496064
11
5.0659902755905515
21
-3.7127242913385827
0
LINE
8
BLACK
6
CONTINUOUS
10
5.0659902755905515
20
-3.7127242913385827
11
5.0659966535433067
21
-3.7126812598425194
0
LINE
8
BLACK
6
CONTINUOUS
10
5.0659966535433067
20
-3.7126812598425194
11
5.0659867716535434
21
-3.7125807480314958
0
LINE
8
BLACK
6
CONTINUOUS
10
5.0659867716535434
20
-3.7125807480314958
11
5.0659867716535434
21
-3.7080812992125982
0
LINE
8
BLACK
6
CONTINUOUS
10
5.0659867716535434
20
-3.7080812992125982
11
5.0659966535433067
21
-3.7079807480314959
0
LINE
8
BLACK
6
CONTINUOUS
10
5.0659966535433067
20
-3.7079807480314959
11
5.0659902755905515
21
-3.7079377559055118
0
LINE
8
BLACK
6
CONTINUOUS
10
5.0659902755905515
20
-3.7079377559055118
11
5.0660221259842517
21
-3.7077222047244094
0
LINE
8
BLACK
6
CONTINUOUS
10
5.0660221259842517
20
-3.7077222047244094
11
5.0660435039370082
21
-3.7075052362204723
0
LINE
8
BLACK
6
CONTINUOUS
10
5.0660435039370082
20
-3.7075052362204723
11
5.0660601181102365
21
-3.7074650393700788
0
LINE
8
BLACK
6
CONTINUOUS
10
5.0660601181102365
20
-3.7074650393700788
11
5.0660749212598422
21
-3.7073651181102361
0
LINE
8
BLACK
6
CONTINUOUS
10
5.0660749212598422
20
-3.7073651181102361
11
5.0675747637795272
21
-3.7013658661417321
0
LINE
8
BLACK
6
CONTINUOUS
10
5.0675747637795272
20
-3.7013658661417321
11
5.0675899212598425
21
-3.701323346456693
0
LINE
8
BLACK
6
CONTINUOUS
10
5.0675899212598425
20
-3.701323346456693
11
5.067591456692913
21
-3.7013021653543308
0
LINE
8
BLACK
6
CONTINUOUS
10
5.067591456692913
20
-3.7013021653543308
11
5.0676829527559057
21
-3.7010629527559056
0
LINE
8
BLACK
6
CONTINUOUS
10
5.0676829527559057
20
-3.7010629527559056
11
5.0677695275590553
21
-3.7008207874015748
0
LINE
8
BLACK
6
CONTINUOUS
10
5.0677695275590553
20
-3.7008207874015748
11
5.0677822047244092
21
-3.700803622047244
0
LINE
8
BLACK
6
CONTINUOUS
10
5.0677822047244092
20
-3.700803622047244
11
5.0677983464566925
21
-3.7007615354330707
0
LINE
8
BLACK
6
CONTINUOUS
10
5.0677983464566925
20
-3.7007615354330707
11
5.0692981496062988
21
-3.6977618897637794
0
LINE
8
BLACK
6
CONTINUOUS
10
5.0692981496062988
20
-3.6977618897637794
11
5.0694542125984254
21
-3.6975138582677163
0
LINE
8
BLACK
6
CONTINUOUS
10
5.0694542125984254
20
-3.6975138582677163
11
5.0694840551181102
21
-3.6974419291338583
0
LINE
8
BLACK
6
CONTINUOUS
10
5.0694840551181102
20
-3.6974419291338583
11
5.0695505118110233
21
-3.6973609448818898
0
LINE
8
BLACK
6
CONTINUOUS
10
5.0695505118110233
20
-3.6973609448818898
11
5.0696064960629919
21
-3.6972720078740156
0
LINE
8
BLACK
6
CONTINUOUS
10
5.0696064960629919
20
-3.6972720078740156
11
5.0696654724409447
21
-3.6972208267716535
0
LINE
8
BLACK
6
CONTINUOUS
10
5.0696654724409447
20
-3.6972208267716535
11
5.0698512598425198
21
-3.6969944881889765
0
LINE
8
BLACK
6
CONTINUOUS
10
5.0698512598425198
20
-3.6969944881889765
11
5.0728508661417324
21
-3.6939948818897639
0
LINE
8
BLACK
6
CONTINUOUS
10
5.0728508661417324
20
-3.6939948818897639
11
5.0732983070866142
21
-3.6936276377952755
0
LINE
8
BLACK
6
CONTINUOUS
10
5.0732983070866142
20
-3.6936276377952755
11
5.0733964173228348
21
-3.6935869685039369
0
LINE
8
BLACK
6
CONTINUOUS
10
5.0733964173228348
20
-3.6935869685039369
11
5.0734764960629919
21
-3.6935175590551181
0
LINE
8
BLACK
6
CONTINUOUS
10
5.0734764960629919
20
-3.6935175590551181
11
5.0740050393700784
21
-3.6932815748031493
0
LINE
8
BLACK
6
CONTINUOUS
10
5.0740050393700784
20
-3.6932815748031493
11
5.078504488188976
21
-3.691781771653543
0
LINE
8
BLACK
6
CONTINUOUS
10
5.078504488188976
20
-3.691781771653543
11
5.0787900393700784
21
-3.691716811023622
0
LINE
8
BLACK
6
CONTINUOUS
10
5.0787900393700784
20
-3.691716811023622
11
5.0788621653543302
21
-3.6916869685039368
0
LINE
8
BLACK
6
CONTINUOUS
10
5.0788621653543302
20
-3.6916869685039368
11
5.0789666535433069
21
-3.6916766535433072
0
LINE
8
BLACK
6
CONTINUOUS
10
5.0789666535433069
20
-3.6916766535433072
11
5.0790689370078743
21
-3.6916534251968502
0
LINE
8
BLACK
6
CONTINUOUS
10
5.0790689370078743
20
-3.6916534251968502
11
5.0791466535433072
21
-3.6916589370078738
0
LINE
8
BLACK
6
CONTINUOUS
10
5.0791466535433072
20
-3.6916589370078738
11
5.079438228346457
21
-3.6916302362204725
0
LINE
8
BLACK
6
CONTINUOUS
10
5.079438228346457
20
-3.6916302362204725
11
5.0839376771653546
21
-3.6916302362204725
0
LINE
8
BLACK
6
CONTINUOUS
10
5.0839376771653546
20
-3.6916302362204725
11
5.0845137401574805
21
-3.6916869685039368
0
LINE
8
BLACK
6
CONTINUOUS
10
5.142721889763779
20
-3.6916589370078738
11
5.1427996456692915
21
-3.6916534251968502
0
LINE
8
BLACK
6
CONTINUOUS
10
5.1427996456692915
20
-3.6916534251968502
11
5.1429018897637793
21
-3.6916766535433072
0
LINE
8
BLACK
6
CONTINUOUS
10
5.1429018897637793
20
-3.6916766535433072
11
5.1430064173228347
21
-3.6916869685039368
0
LINE
8
BLACK
6
CONTINUOUS
10
5.1430064173228347
20
-3.6916869685039368
11
5.1430785039370077
21
-3.691716811023622
0
LINE
8
BLACK
6
CONTINUOUS
10
5.1430785039370077
20
-3.691716811023622
11
5.1433640944881889
21
-3.691781771653543
0
LINE
8
BLACK
6
CONTINUOUS
10
5.1433640944881889
20
-3.691781771653543
11
5.1478635433070865
21
-3.6932815748031493
0
LINE
8
BLACK
6
CONTINUOUS
10
5.1478635433070865
20
-3.6932815748031493
11
5.148392086614173
21
-3.6935175590551181
0
LINE
8
BLACK
6
CONTINUOUS
10
5.148392086614173
20
-3.6935175590551181
11
5.1484722047244089
21
-3.6935870472440944
0
LINE
8
BLACK
6
CONTINUOUS
10
5.1484722047244089
20
-3.6935870472440944
11
5.1485702755905507
21
-3.6936276771653542
0
LINE
8
BLACK
6
CONTINUOUS
10
5.1485702755905507
20
-3.6936276771653542
11
5.1490177165354334
21
-3.6939948818897639
0
LINE
8
BLACK
6
CONTINUOUS
10
5.1490177165354334
20
-3.6939948818897639
11
5.152017322834646
21
-3.6969944881889765
0
LINE
8
BLACK
6
CONTINUOUS
10
5.152017322834646
20
-3.6969944881889765
11
5.152203149606299
21
-3.6972208661417323
0
LINE
8
BLACK
6
CONTINUOUS
10
5.152203149606299
20
-3.6972208661417323
11
5.1522620866141731
21
-3.6972720078740156
0
LINE
8
BLACK
6
CONTINUOUS
10
5.1522620866141731
20
-3.6972720078740156
11
5.1523179527559053
21
-3.6973607480314961
0
LINE
8
BLACK
6
CONTINUOUS
10
5.1523179527559053
20
-3.6973607480314961
11
5.1523845669291335
21
-3.6974419291338583
0
LINE
8
BLACK
6
CONTINUOUS
10
5.1523845669291335
20
-3.6974419291338583
11
5.1524144094488191
21
-3.69751405511811
0
LINE
8
BLACK
6
CONTINUOUS
10
5.1524144094488191
20
-3.69751405511811
11
5.1525704330708662
21
-3.6977618897637794
0
LINE
8
BLACK
6
CONTINUOUS
10
5.1525704330708662
20
-3.6977618897637794
11
5.1540702362204724
21
-3.7007615354330707
0
LINE
8
BLACK
6
CONTINUOUS
10
5.1540702362204724
20
-3.7007615354330707
11
5.154086338582677
21
-3.700803622047244
0
LINE
8
BLACK
6
CONTINUOUS
10
5.154086338582677
20
-3.700803622047244
11
5.1540990551181105
21
-3.7008207874015748
0
LINE
8
BLACK
6
CONTINUOUS
10
5.1540990551181105
20
-3.7008207874015748
11
5.1541855905511813
21
-3.7010629527559056
0
LINE
8
BLACK
6
CONTINUOUS
10
5.1541855905511813
20
-3.7010629527559056
11
5.1542771259842519
21
-3.7013021653543308
0
LINE
8
BLACK
6
CONTINUOUS
10
5.1542771259842519
20
-3.7013021653543308
11
5.1542786220472436
21
-3.701323346456693
0
LINE
8
BLACK
6
CONTINUOUS
10
5.1542786220472436
20
-3.701323346456693
11
5.1542938188976377
21
-3.7013658661417321
0
LINE
8
BLACK
6
CONTINUOUS
10
5.1542938188976377
20
-3.7013658661417321
11
5.1557936614173228
21
-3.7073651574803148
0
LINE
8
BLACK
6
CONTINUOUS
10
5.1557936614173228
20
-3.7073651574803148
11
5.1558084251968506
21
-3.707465
0
LINE
8
BLACK
6
CONTINUOUS
10
5.1558084251968506
20
-3.707465
11
5.1558250787401576
21
-3.7075052362204723
0
LINE
8
BLACK
6
CONTINUOUS
10
5.1558250787401576
20
-3.7075052362204723
11
5.1558464173228344
21
-3.7077222440944881
0
LINE
8
BLACK
6
CONTINUOUS
10
5.1558464173228344
20
-3.7077222440944881
11
5.1558783070866143
21
-3.7079377559055118
0
LINE
8
BLACK
6
CONTINUOUS
10
5.1558783070866143
20
-3.7079377559055118
11
5.1558718897637794
21
-3.7079807480314959
0
LINE
8
BLACK
6
CONTINUOUS
10
5.1558718897637794
20
-3.7079807480314959
11
5.1558818110236215
21
-3.7080812992125982
0
LINE
8
BLACK
6
CONTINUOUS
10
5.1558818110236215
20
-3.7080812992125982
11
5.1558818110236215
21
-3.7125807480314958
0
LINE
8
BLACK
6
CONTINUOUS
10
5.1558818110236215
20
-3.7125807480314958
11
5.1558718897637794
21
-3.7126812598425194
0
LINE
8
BLACK
6
CONTINUOUS
10
5.1558718897637794
20
-3.7126812598425194
11
5.1558783070866143
21
-3.7127242913385827
0
LINE
8
BLACK
6
CONTINUOUS
10
5.1558783070866143
20
-3.7127242913385827
11
5.1558464173228344
21
-3.7129397637795276
0
LINE
8
BLACK
6
CONTINUOUS
10
5.1558464173228344
20
-3.7129397637795276
11
5.1558250787401576
21
-3.7131568110236222
0
LINE
8
BLACK
6
CONTINUOUS
10
5.1558250787401576
20
-3.7131568110236222
11
5.1558084251968506
21
-3.7131970078740157
0
LINE
8
BLACK
6
CONTINUOUS
10
5.1558084251968506
20
-3.7131970078740157
11
5.1557936614173228
21
-3.7132968897637793
0
LINE
8
BLACK
6
CONTINUOUS
10
5.1557936614173228
20
-3.7132968897637793
11
5.1542938188976377
21
-3.7192961811023619
0
LINE
8
BLACK
6
CONTINUOUS
10
5.1542938188976377
20
-3.7192961811023619
11
5.1542786220472436
21
-3.7193386614173227
0
LINE
8
BLACK
6
CONTINUOUS
10
5.1542786220472436
20
-3.7193386614173227
11
5.1542771259842519
21
-3.7193598818897637
0
LINE
8
BLACK
6
CONTINUOUS
10
5.1542771259842519
20
-3.7193598818897637
11
5.1541855905511813
21
-3.7195990551181102
0
LINE
8
BLACK
6
CONTINUOUS
10
5.1541855905511813
20
-3.7195990551181102
11
5.1540990551181105
21
-3.7198412598425197
0
LINE
8
BLACK
6
CONTINUOUS
10
5.1540990551181105
20
-3.7198412598425197
11
5.154086338582677
21
-3.7198583858267718
0
LINE
8
BLACK
6
CONTINUOUS
10
5.154086338582677
20
-3.7198583858267718
11
5.1540702362204724
21
-3.7199005118110233
0
LINE
8
BLACK
6
CONTINUOUS
10
5.1540702362204724
20
-3.7199005118110233
11
5.1525704330708662
21
-3.7229001181102364
0
LINE
8
BLACK
6
CONTINUOUS
10
5.1525704330708662
20
-3.7229001181102364
11
5.1524143700787404
21
-3.723147992125984
0
LINE
8
BLACK
6
CONTINUOUS
10
5.1524143700787404
20
-3.723147992125984
11
5.1523845669291335
21
-3.7232200393700787
0
LINE
8
BLACK
6
CONTINUOUS
10
5.1523845669291335
20
-3.7232200393700787
11
5.1523180314960628
21
-3.7233010629921259
0
LINE
8
BLACK
6
CONTINUOUS
10
5.1523180314960628
20
-3.7233010629921259
11
5.1522620866141731
21
-3.7233899999999998
0
LINE
8
BLACK
6
CONTINUOUS
10
5.1522620866141731
20
-3.7233899999999998
11
5.1522030708661415
21
-3.7234411417322835
0
LINE
8
BLACK
6
CONTINUOUS
10
5.1522030708661415
20
-3.7234411417322835
11
5.1520173622047247
21
-3.7236674803149605
0
LINE
8
BLACK
6
CONTINUOUS
10
5.1520173622047247
20
-3.7236674803149605
11
5.1490177165354334
21
-3.7266671653543306
0
LINE
8
BLACK
6
CONTINUOUS
10
5.1490177165354334
20
-3.7266671653543306
11
5.1485702755905507
21
-3.7270343700787403
0
LINE
8
BLACK
6
CONTINUOUS
10
5.1485702755905507
20
-3.7270343700787403
11
5.1484722047244089
21
-3.7270749606299214
0
LINE
8
BLACK
6
CONTINUOUS
10
5.1484722047244089
20
-3.7270749606299214
11
5.148392086614173
21
-3.7271444881889764
0
LINE
8
BLACK
6
CONTINUOUS
10
5.148392086614173
20
-3.7271444881889764
11
5.1478635433070865
21
-3.7273804724409447
0
LINE
8
BLACK
6
CONTINUOUS
10
5.1478635433070865
20
-3.7273804724409447
11
5.1433640944881889
21
-3.728880275590551
0
LINE
8
BLACK
6
CONTINUOUS
10
5.1433640944881889
20
-3.728880275590551
11
5.1430785039370077
21
-3.7289451968503937
0
LINE
8
BLACK
6
CONTINUOUS
10
5.1430785039370077
20
-3.7289451968503937
11
5.1430064173228347
21
-3.7289750787401572
0
LINE
8
BLACK
6
CONTINUOUS
10
5.1430064173228347
20
-3.7289750787401572
11
5.1429018897637793
21
-3.7289853543307085
0
LINE
8
BLACK
6
CONTINUOUS
10
5.1429018897637793
20
-3.7289853543307085
11
5.1427996456692915
21
-3.7290086220472438
0
LINE
8
BLACK
6
CONTINUOUS
10
5.1427996456692915
20
-3.7290086220472438
11
5.142721889763779
21
-3.7290030708661415
0
LINE
8
BLACK
6
CONTINUOUS
10
5.142721889763779
20
-3.7290030708661415
11
5.1424303543307088
21
-3.729031811023622
0
LINE
8
BLACK
6
CONTINUOUS
10
5.1424303543307088
20
-3.729031811023622
11
5.1349312992125986
21
-3.729031811023622
0
LINE
8
BLACK
6
CONTINUOUS
10
5.1349312992125986
20
-3.729031811023622
11
5.1343552362204727
21
-3.7289750787401572
0
LINE
8
BLACK
6
CONTINUOUS
10
5.1343552362204727
20
-3.7289750787401572
11
5.1332908267716535
21
-3.7285341732283466
0
LINE
8
BLACK
6
CONTINUOUS
10
5.1332908267716535
20
-3.7285341732283466
11
5.132476181102362
21
-3.7277195275590551
0
LINE
8
BLACK
6
CONTINUOUS
10
5.132476181102362
20
-3.7277195275590551
11
5.1320352755905514
21
-3.7266551181102363
0
LINE
8
BLACK
6
CONTINUOUS
10
5.1320352755905514
20
-3.7266551181102363
11
5.1319785433070866
21
-3.72607905511811
0
LINE
8
BLACK
6
CONTINUOUS
10
5.1319785433070866
20
-3.72607905511811
11
5.1319785433070866
21
-3.6945829921259841
0
LINE
8
BLACK
6
CONTINUOUS
10
5.1319785433070866
20
-3.6945829921259841
11
5.1320352755905514
21
-3.6940069291338582
0
LINE
8
BLACK
6
CONTINUOUS
10
5.1320352755905514
20
-3.6940069291338582
11
5.132476181102362
21
-3.6929425196850394
0
LINE
8
BLACK
6
CONTINUOUS
10
5.132476181102362
20
-3.6929425196850394
11
5.1332908267716535
21
-3.6921278740157479
0
LINE
8
BLACK
6
CONTINUOUS
10
5.1332908267716535
20
-3.6921278740157479
11
5.1343552362204727
21
-3.6916869685039368
0
LINE
8
BLACK
6
CONTINUOUS
10
5.1343552362204727
20
-3.6916869685039368
11
5.1349312992125986
21
-3.6916302362204725
0
LINE
8
BLACK
6
CONTINUOUS
10
5.1349312992125986
20
-3.6916302362204725
11
5.1424303543307088
21
-3.6916302362204725
0
LINE
8
BLACK
6
CONTINUOUS
10
5.1424303543307088
20
-3.6916302362204725
11
5.142721889763779
21
-3.6916589370078738
0
LINE
8
BLACK
6
CONTINUOUS
10
5.1378840551181097
20
-3.7231262992125984
11
5.1419512204724409
21
-3.7231262992125984
0
LINE
8
BLACK
6
CONTINUOUS
10
5.1419512204724409
20
-3.7231262992125984
11
5.1453347244094489
21
-3.7219984645669291
0
LINE
8
BLACK
6
CONTINUOUS
10
5.1453347244094489
20
-3.7219984645669291
11
5.1475026377952755
21
-3.7198305118110238
0
LINE
8
BLACK
6
CONTINUOUS
10
5.1475026377952755
20
-3.7198305118110238
11
5.1486431889763775
21
-3.7175494488188976
0
LINE
8
BLACK
6
CONTINUOUS
10
5.1486431889763775
20
-3.7175494488188976
11
5.1499762992125984
21
-3.7122171259842518
0
LINE
8
BLACK
6
CONTINUOUS
10
5.1499762992125984
20
-3.7122171259842518
11
5.1499762992125984
21
-3.7084448818897635
0
LINE
8
BLACK
6
CONTINUOUS
10
5.1499762992125984
20
-3.7084448818897635
11
5.1486431889763775
21
-3.7031125196850394
0
LINE
8
BLACK
6
CONTINUOUS
10
5.1486431889763775
20
-3.7031125196850394
11
5.1475026377952755
21
-3.7008314566929132
0
LINE
8
BLACK
6
CONTINUOUS
10
5.1475026377952755
20
-3.7008314566929132
11
5.1453347637795277
21
-3.6986635826771654
0
LINE
8
BLACK
6
CONTINUOUS
10
5.1453347637795277
20
-3.6986635826771654
11
5.1419512204724409
21
-3.6975357480314961
0
LINE
8
BLACK
6
CONTINUOUS
10
5.1419512204724409
20
-3.6975357480314961
11
5.1378840551181097
21
-3.6975357480314961
0
LINE
8
BLACK
6
CONTINUOUS
10
5.1378840551181097
20
-3.6975357480314961
11
5.1378840551181097
21
-3.7231262992125984
0
LINE
8
BLACK
6
CONTINUOUS
10
5.1023232677165353
20
-3.6916869685039368
11
5.1025114960629923
21
-3.6916869685039368
0
LINE
8
BLACK
6
CONTINUOUS
10
5.1025114960629923
20
-3.6916869685039368
11
5.1028742913385825
21
-3.6918372440944882
0
LINE
8
BLACK
6
CONTINUOUS
10
5.1028742913385825
20
-3.6918372440944882
11
5.1032531889763781
21
-3.6919405905511811
0
LINE
8
BLACK
6
CONTINUOUS
10
5.1032531889763781
20
-3.6919405905511811
11
5.1034020078740152
21
-3.6920558267716537
0
LINE
8
BLACK
6
CONTINUOUS
10
5.1034020078740152
20
-3.6920558267716537
11
5.1035759055118106
21
-3.6921278740157479
0
LINE
8
BLACK
6
CONTINUOUS
10
5.1035759055118106
20
-3.6921278740157479
11
5.1038534645669289
21
-3.6924054330708662
0
LINE
8
BLACK
6
CONTINUOUS
10
5.1038534645669289
20
-3.6924054330708662
11
5.1041640944881888
21
-3.6926459842519685
0
LINE
8
BLACK
6
CONTINUOUS
10
5.1041640944881888
20
-3.6926459842519685
11
5.1043354330708661
21
-3.692887401574803
0
LINE
8
BLACK
6
CONTINUOUS
10
5.1043354330708661
20
-3.692887401574803
11
5.1043905511811021
21
-3.6929425196850394
0
LINE
8
BLACK
6
CONTINUOUS
10
5.1043905511811021
20
-3.6929425196850394
11
5.1044129527559052
21
-3.6929966141732282
0
LINE
8
BLACK
6
CONTINUOUS
10
5.1044129527559052
20
-3.6929966141732282
11
5.1044991338582673
21
-3.6931180314960628
0
LINE
8
BLACK
6
CONTINUOUS
10
5.1044991338582673
20
-3.6931180314960628
11
5.1169804330708661
21
-3.7149602755905513
0
LINE
8
BLACK
6
CONTINUOUS
10
5.1169804330708661
20
-3.7149602755905513
11
5.1169804330708661
21
-3.6945829921259841
0
LINE
8
BLACK
6
CONTINUOUS
10
5.1169804330708661
20
-3.6945829921259841
11
5.117037165354331
21
-3.6940069291338582
0
LINE
8
BLACK
6
CONTINUOUS
10
5.117037165354331
20
-3.6940069291338582
11
5.1174780708661416
21
-3.6929425196850394
0
LINE
8
BLACK
6
CONTINUOUS
10
5.1174780708661416
20
-3.6929425196850394
11
5.1182927165354331
21
-3.6921278740157479
0
LINE
8
BLACK
6
CONTINUOUS
10
5.1182927165354331
20
-3.6921278740157479
11
5.1193571259842514
21
-3.6916869685039368
0
LINE
8
BLACK
6
CONTINUOUS
10
5.1193571259842514
20
-3.6916869685039368
11
5.120509251968504
21
-3.6916869685039368
0
LINE
8
BLACK
6
CONTINUOUS
10
5.120509251968504
20
-3.6916869685039368
11
5.1215736614173224
21
-3.6921278740157479
0
LINE
8
BLACK
6
CONTINUOUS
10
5.1215736614173224
20
-3.6921278740157479
11
5.1223883070866139
21
-3.6929425196850394
0
LINE
8
BLACK
6
CONTINUOUS
10
5.1223883070866139
20
-3.6929425196850394
11
5.1228292125984254
21
-3.6940069291338582
0
LINE
8
BLACK
6
CONTINUOUS
10
5.1228292125984254
20
-3.6940069291338582
11
5.1228859448818893
21
-3.6945829921259841
0
LINE
8
BLACK
6
CONTINUOUS
10
5.1228859448818893
20
-3.6945829921259841
11
5.1228859448818893
21
-3.72607905511811
0
LINE
8
BLACK
6
CONTINUOUS
10
5.1228859448818893
20
-3.72607905511811
11
5.1228713385826774
21
-3.7262272047244092
0
LINE
8
BLACK
6
CONTINUOUS
10
5.1228713385826774
20
-3.7262272047244092
11
5.1228787401574802
21
-3.7262853149606299
0
LINE
8
BLACK
6
CONTINUOUS
10
5.1228787401574802
20
-3.7262853149606299
11
5.1228581889763776
21
-3.7263605118110235
0
LINE
8
BLACK
6
CONTINUOUS
10
5.1228581889763776
20
-3.7263605118110235
11
5.1228292125984254
21
-3.7266551181102363
0
LINE
8
BLACK
6
CONTINUOUS
10
5.1228292125984254
20
-3.7266551181102363
11
5.1226788976377948
21
-3.7270179133858266
0
LINE
8
BLACK
6
CONTINUOUS
10
5.1226788976377948
20
-3.7270179133858266
11
5.1225755905511807
21
-3.7273968110236217
0
LINE
8
BLACK
6
CONTINUOUS
10
5.1225755905511807
20
-3.7273968110236217
11
5.1224603149606294
21
-3.7275456299212597
0
LINE
8
BLACK
6
CONTINUOUS
10
5.1224603149606294
20
-3.7275456299212597
11
5.1223883070866139
21
-3.7277195275590551
0
LINE
8
BLACK
6
CONTINUOUS
10
5.1223883070866139
20
-3.7277195275590551
11
5.1221107086614168
21
-3.727997086614173
0
LINE
8
BLACK
6
CONTINUOUS
10
5.1221107086614168
20
-3.727997086614173
11
5.1218701968503932
21
-3.7283077165354328
0
LINE
8
BLACK
6
CONTINUOUS
10
5.1218701968503932
20
-3.7283077165354328
11
5.1217066535433071
21
-3.7284011417322835
0
LINE
8
BLACK
6
CONTINUOUS
10
5.1217066535433071
20
-3.7284011417322835
11
5.1215736614173224
21
-3.7285341732283466
0
LINE
8
BLACK
6
CONTINUOUS
10
5.1215736614173224
20
-3.7285341732283466
11
5.1212109448818897
21
-3.7286844094488187
0
LINE
8
BLACK
6
CONTINUOUS
10
5.1212109448818897
20
-3.7286844094488187
11
5.120869842519685
21
-3.7288793307086614
0
LINE
8
BLACK
6
CONTINUOUS
10
5.120869842519685
20
-3.7288793307086614
11
5.1206830708661419
21
-3.7289030314960629
0
LINE
8
BLACK
6
CONTINUOUS
10
5.1206830708661419
20
-3.7289030314960629
11
5.120509251968504
21
-3.7289750787401572
0
LINE
8
BLACK
6
CONTINUOUS
10
5.120509251968504
20
-3.7289750787401572
11
5.1201165748031494
21
-3.7289750787401572
0
LINE
8
BLACK
6
CONTINUOUS
10
5.1201165748031494
20
-3.7289750787401572
11
5.1197269291338579
21
-3.7290246062992125
0
LINE
8
BLACK
6
CONTINUOUS
10
5.1197269291338579
20
-3.7290246062992125
11
5.1195453543307083
21
-3.7289750787401572
0
LINE
8
BLACK
6
CONTINUOUS
10
5.1195453543307083
20
-3.7289750787401572
11
5.1193571259842514
21
-3.7289750787401572
0
LINE
8
BLACK
6
CONTINUOUS
10
5.1193571259842514
20
-3.7289750787401572
11
5.1189942519685037
21
-3.7288247637795275
0
LINE
8
BLACK
6
CONTINUOUS
10
5.1189942519685037
20
-3.7288247637795275
11
5.1186154724409452
21
-3.7287214566929134
0
LINE
8
BLACK
6
CONTINUOUS
10
5.1186154724409452
20
-3.7287214566929134
11
5.1184666535433072
21
-3.7286062204724408
0
LINE
8
BLACK
6
CONTINUOUS
10
5.1184666535433072
20
-3.7286062204724408
11
5.1182927165354331
21
-3.7285341732283466
0
LINE
8
BLACK
6
CONTINUOUS
10
5.1182927165354331
20
-3.7285341732283466
11
5.1180150787401573
21
-3.7282565354330708
0
LINE
8
BLACK
6
CONTINUOUS
10
5.1180150787401573
20
-3.7282565354330708
11
5.1177045275590549
21
-3.728016062992126
0
LINE
8
BLACK
6
CONTINUOUS
10
5.1177045275590549
20
-3.728016062992126
11
5.1175331496062988
21
-3.7277746062992123
0
LINE
8
BLACK
6
CONTINUOUS
10
5.1175331496062988
20
-3.7277746062992123
11
5.1174780708661416
21
-3.7277195275590551
0
LINE
8
BLACK
6
CONTINUOUS
10
5.1174780708661416
20
-3.7277195275590551
11
5.1174556299212597
21
-3.7276653937007875
0
LINE
8
BLACK
6
CONTINUOUS
10
5.1174556299212597
20
-3.7276653937007875
11
5.1173694881889764
21
-3.7275440157480313
0
LINE
8
BLACK
6
CONTINUOUS
10
5.1173694881889764
20
-3.7275440157480313
11
5.1048881889763775
21
-3.7057017322834644
0
LINE
8
BLACK
6
CONTINUOUS
10
5.1048881889763775
20
-3.7057017322834644
11
5.1048881889763775
21
-3.72607905511811
0
LINE
8
BLACK
6
CONTINUOUS
10
5.1048881889763775
20
-3.72607905511811
11
5.1048314566929136
21
-3.7266551181102363
0
LINE
8
BLACK
6
CONTINUOUS
10
5.1048314566929136
20
-3.7266551181102363
11
5.1043905511811021
21
-3.7277195275590551
0
LINE
8
BLACK
6
CONTINUOUS
10
5.1043905511811021
20
-3.7277195275590551
11
5.1035759055118106
21
-3.7285341732283466
0
LINE
8
BLACK
6
CONTINUOUS
10
5.1035759055118106
20
-3.7285341732283466
11
5.1025114960629923
21
-3.7289750787401572
0
LINE
8
BLACK
6
CONTINUOUS
10
5.1025114960629923
20
-3.7289750787401572
11
5.1013593700787396
21
-3.7289750787401572
0
LINE
8
BLACK
6
CONTINUOUS
10
5.1013593700787396
20
-3.7289750787401572
11
5.1002949606299213
21
-3.7285341732283466
0
LINE
8
BLACK
6
CONTINUOUS
10
5.1002949606299213
20
-3.7285341732283466
11
5.0994803149606298
21
-3.7277195275590551
0
LINE
8
BLACK
6
CONTINUOUS
10
5.0994803149606298
20
-3.7277195275590551
11
5.0990394094488192
21
-3.7266551181102363
0
LINE
8
BLACK
6
CONTINUOUS
10
5.0990394094488192
20
-3.7266551181102363
11
5.0989826771653544
21
-3.72607905511811
0
LINE
8
BLACK
6
CONTINUOUS
10
5.0989826771653544
20
-3.72607905511811
11
5.0989826771653544
21
-3.6945829921259841
0
LINE
8
BLACK
6
CONTINUOUS
10
5.0989826771653544
20
-3.6945829921259841
11
5.0989972440944884
21
-3.6944348031496062
0
LINE
8
BLACK
6
CONTINUOUS
10
5.0989972440944884
20
-3.6944348031496062
11
5.0989898818897634
21
-3.6943767322834646
0
LINE
8
BLACK
6
CONTINUOUS
10
5.0989898818897634
20
-3.6943767322834646
11
5.0990103937007873
21
-3.6943014960629919
0
LINE
8
BLACK
6
CONTINUOUS
10
5.0990103937007873
20
-3.6943014960629919
11
5.0990394094488192
21
-3.6940069291338582
0
LINE
8
BLACK
6
CONTINUOUS
10
5.0990394094488192
20
-3.6940069291338582
11
5.0991896850393701
21
-3.6936440944881888
0
LINE
8
BLACK
6
CONTINUOUS
10
5.0991896850393701
20
-3.6936440944881888
11
5.0992930314960629
21
-3.6932652362204723
0
LINE
8
BLACK
6
CONTINUOUS
10
5.0992930314960629
20
-3.6932652362204723
11
5.0994082677165355
21
-3.6931163779527556
0
LINE
8
BLACK
6
CONTINUOUS
10
5.0994082677165355
20
-3.6931163779527556
11
5.0994803149606298
21
-3.6929425196850394
0
LINE
8
BLACK
6
CONTINUOUS
10
5.0994803149606298
20
-3.6929425196850394
11
5.0997578740157481
21
-3.6926649212598424
0
LINE
8
BLACK
6
CONTINUOUS
10
5.0997578740157481
20
-3.6926649212598424
11
5.0999984251968504
21
-3.6923543307086613
0
LINE
8
BLACK
6
CONTINUOUS
10
5.0999984251968504
20
-3.6923543307086613
11
5.1001619291338578
21
-3.6922608661417322
0
LINE
8
BLACK
6
CONTINUOUS
10
5.1001619291338578
20
-3.6922608661417322
11
5.1002949606299213
21
-3.6921278740157479
0
LINE
8
BLACK
6
CONTINUOUS
10
5.1002949606299213
20
-3.6921278740157479
11
5.1006576377952753
21
-3.6919775984251966
0
LINE
8
BLACK
6
CONTINUOUS
10
5.1006576377952753
20
-3.6919775984251966
11
5.1009987795275586
21
-3.6917827165354331
0
LINE
8
BLACK
6
CONTINUOUS
10
5.1009987795275586
20
-3.6917827165354331
11
5.1011855118110239
21
-3.6917589763779528
0
LINE
8
BLACK
6
CONTINUOUS
10
5.1011855118110239
20
-3.6917589763779528
11
5.1013593700787396
21
-3.6916869685039368
0
LINE
8
BLACK
6
CONTINUOUS
10
5.1013593700787396
20
-3.6916869685039368
11
5.1017520472440943
21
-3.6916869685039368
0
LINE
8
BLACK
6
CONTINUOUS
10
5.1017520472440943
20
-3.6916869685039368
11
5.1021416929133858
21
-3.691637440944882
0
LINE
8
BLACK
6
CONTINUOUS
10
5.1021416929133858
20
-3.691637440944882
11
5.1023232677165353
21
-3.6916869685039368
0
LINE
8
BLACK
6
CONTINUOUS
10
5.5322641338582672
20
-3.2244850787401576
11
5.5336833464566926
21
-3.2250729527559052
0
LINE
8
BLACK
6
CONTINUOUS
10
5.5336833464566926
20
-3.2250729527559052
11
5.5347695669291337
21
-3.2261591732283463
0
LINE
8
BLACK
6
CONTINUOUS
10
5.5347695669291337
20
-3.2261591732283463
11
5.5353574409448818
21
-3.2275783858267717
0
LINE
8
BLACK
6
CONTINUOUS
10
5.5353574409448818
20
-3.2275783858267717
11
5.5353574409448818
21
-3.2291145275590551
0
LINE
8
BLACK
6
CONTINUOUS
10
5.5353574409448818
20
-3.2291145275590551
11
5.5347695669291337
21
-3.2305337401574801
0
LINE
8
BLACK
6
CONTINUOUS
10
5.5347695669291337
20
-3.2305337401574801
11
5.5336833464566926
21
-3.2316199606299212
0
LINE
8
BLACK
6
CONTINUOUS
10
5.5336833464566926
20
-3.2316199606299212
11
5.5322641338582672
21
-3.2322078346456693
0
LINE
8
BLACK
6
CONTINUOUS
10
5.5322641338582672
20
-3.2322078346456693
11
5.5314960629921259
21
-3.2322834645669292
0
LINE
8
BLACK
6
CONTINUOUS
10
5.5314960629921259
20
-3.2322834645669292
11
5.2952755905511806
21
-3.2322834645669292
0
LINE
8
BLACK
6
CONTINUOUS
10
5.2952755905511806
20
-3.2322834645669292
11
5.2945075196850393
21
-3.2322078346456693
0
LINE
8
BLACK
6
CONTINUOUS
10
5.2945075196850393
20
-3.2322078346456693
11
5.2935962204724412
21
-3.2318303543307088
0
LINE
8
BLACK
6
CONTINUOUS
10
5.2935962204724412
20
-3.2318303543307088
11
5.1683400787401572
21
-3.3378163385826771
0
LINE
8
BLACK
6
CONTINUOUS
10
5.1683400787401572
20
-3.3378163385826771
11
5.1682519685039372
21
-3.3378651181102361
0
LINE
8
BLACK
6
CONTINUOUS
10
5.1682519685039372
20
-3.3378651181102361
11
5.1682519685039372
21
-3.5367480314960629
0
LINE
8
BLACK
6
CONTINUOUS
10
5.1682519685039372
20
-3.5367480314960629
11
5.1681952362204724
21
-3.5373240944881887
0
LINE
8
BLACK
6
CONTINUOUS
10
5.1681952362204724
20
-3.5373240944881887
11
5.1677543307086609
21
-3.538388503937008
0
LINE
8
BLACK
6
CONTINUOUS
10
5.1677543307086609
20
-3.538388503937008
11
5.1669396850393703
21
-3.539203149606299
0
LINE
8
BLACK
6
CONTINUOUS
10
5.1669396850393703
20
-3.539203149606299
11
5.165875275590551
21
-3.5396440551181101
0
LINE
8
BLACK
6
CONTINUOUS
10
5.165875275590551
20
-3.5396440551181101
11
5.1652992125984252
21
-3.5397007874015749
0
LINE
8
BLACK
6
CONTINUOUS
10
5.1652992125984252
20
-3.5397007874015749
11
4.965299212598425
21
-3.5397007874015749
0
LINE
8
BLACK
6
CONTINUOUS
10
4.965299212598425
20
-3.5397007874015749
11
4.9647231496062991
21
-3.5396440551181101
0
LINE
8
BLACK
6
CONTINUOUS
10
4.9647231496062991
20
-3.5396440551181101
11
4.9636587401574799
21
-3.539203149606299
0
LINE
8
BLACK
6
CONTINUOUS
10
4.9636587401574799
20
-3.539203149606299
11
4.9628440944881893
21
-3.538388503937008
0
LINE
8
BLACK
6
CONTINUOUS
10
4.9628440944881893
20
-3.538388503937008
11
4.9624031889763778
21
-3.5373240944881887
0
LINE
8
BLACK
6
CONTINUOUS
10
4.9624031889763778
20
-3.5373240944881887
11
4.962346456692913
21
-3.5367480314960629
0
LINE
8
BLACK
6
CONTINUOUS
10
4.962346456692913
20
-3.5367480314960629
11
4.962346456692913
21
-3.236748031496063
0
LINE
8
BLACK
6
CONTINUOUS
10
4.962346456692913
20
-3.236748031496063
11
4.9624031889763778
21
-3.2361719685039367
0
LINE
8
BLACK
6
CONTINUOUS
10
4.9624031889763778
20
-3.2361719685039367
11
4.9628440944881893
21
-3.2351075590551179
0
LINE
8
BLACK
6
CONTINUOUS
10
4.9628440944881893
20
-3.2351075590551179
11
4.9636587401574799
21
-3.2342929133858269
0
LINE
8
BLACK
6
CONTINUOUS
10
4.9636587401574799
20
-3.2342929133858269
11
4.9647231496062991
21
-3.2338520078740158
0
LINE
8
BLACK
6
CONTINUOUS
10
4.9647231496062991
20
-3.2338520078740158
11
4.965299212598425
21
-3.233795275590551
0
LINE
8
BLACK
6
CONTINUOUS
10
4.965299212598425
20
-3.233795275590551
11
5.1652992125984252
21
-3.233795275590551
0
LINE
8
BLACK
6
CONTINUOUS
10
5.1652992125984252
20
-3.233795275590551
11
5.165875275590551
21
-3.2338520078740158
0
LINE
8
BLACK
6
CONTINUOUS
10
5.165875275590551
20
-3.2338520078740158
11
5.1669396850393703
21
-3.2342929133858269
0
LINE
8
BLACK
6
CONTINUOUS
10
5.1669396850393703
20
-3.2342929133858269
11
5.1677543307086609
21
-3.2351075590551179
0
LINE
8
BLACK
6
CONTINUOUS
10
5.1677543307086609
20
-3.2351075590551179
11
5.1681952362204724
21
-3.2361719685039367
0
LINE
8
BLACK
6
CONTINUOUS
10
5.1681952362204724
20
-3.2361719685039367
11
5.1682519685039372
21
-3.236748031496063
0
LINE
8
BLACK
6
CONTINUOUS
10
5.1682519685039372
20
-3.236748031496063
11
5.1682519685039372
21
-3.3337650393700788
0
LINE
8
BLACK
6
CONTINUOUS
10
5.1682519685039372
20
-3.3337650393700788
11
5.2915480314960632
21
-3.2294375984251968
0
LINE
8
BLACK
6
CONTINUOUS
10
5.2915480314960632
20
-3.2294375984251968
11
5.2914142125984247
21
-3.2291145275590551
0
LINE
8
BLACK
6
CONTINUOUS
10
5.2914142125984247
20
-3.2291145275590551
11
5.2914142125984247
21
-3.2275783858267717
0
LINE
8
BLACK
6
CONTINUOUS
10
5.2914142125984247
20
-3.2275783858267717
11
5.2920020866141728
21
-3.2261591732283463
0
LINE
8
BLACK
6
CONTINUOUS
10
5.2920020866141728
20
-3.2261591732283463
11
5.2930883070866139
21
-3.2250729527559052
0
LINE
8
BLACK
6
CONTINUOUS
10
5.2930883070866139
20
-3.2250729527559052
11
5.2945075196850393
21
-3.2244850787401576
0
LINE
8
BLACK
6
CONTINUOUS
10
5.2945075196850393
20
-3.2244850787401576
11
5.2952755905511806
21
-3.2244094488188977
0
LINE
8
BLACK
6
CONTINUOUS
10
5.2952755905511806
20
-3.2244094488188977
11
5.5314960629921259
21
-3.2244094488188977
0
LINE
8
BLACK
6
CONTINUOUS
10
5.5314960629921259
20
-3.2244094488188977
11
5.5322641338582672
21
-3.2244850787401576
0
LINE
8
BLACK
6
CONTINUOUS
10
4.968251968503937
20
-3.2397007874015746
11
4.968251968503937
21
-3.5337952755905513
0
LINE
8
BLACK
6
CONTINUOUS
10
4.968251968503937
20
-3.5337952755905513
11
5.1623464566929131
21
-3.5337952755905513
0
LINE
8
BLACK
6
CONTINUOUS
10
5.1623464566929131
20
-3.5337952755905513
11
5.1623464566929131
21
-3.2397007874015746
0
LINE
8
BLACK
6
CONTINUOUS
10
5.1623464566929131
20
-3.2397007874015746
11
4.968251968503937
21
-3.2397007874015746
0
LINE
8
BLACK
6
CONTINUOUS
10
6.1711351574803146
20
-3.3610033070866141
11
6.1729856299212598
21
-3.3610747637795275
0
LINE
8
BLACK
6
CONTINUOUS
10
6.1729856299212598
20
-3.3610747637795275
11
6.1741305511811024
21
-3.3612027165354328
0
LINE
8
BLACK
6
CONTINUOUS
10
6.1741305511811024
20
-3.3612027165354328
11
6.174652362204724
21
-3.3613940157480315
0
LINE
8
BLACK
6
CONTINUOUS
10
6.174652362204724
20
-3.3613940157480315
11
6.174705866141732
21
-3.3615040551181101
0
LINE
8
BLACK
6
CONTINUOUS
10
6.174705866141732
20
-3.3615040551181101
11
6.1746320866141735
21
-3.3620064173228346
0
LINE
8
BLACK
6
CONTINUOUS
10
6.1746320866141735
20
-3.3620064173228346
11
6.1744185039370079
21
-3.3633006299212598
0
LINE
8
BLACK
6
CONTINUOUS
10
6.1744185039370079
20
-3.3633006299212598
11
6.1740764960629919
21
-3.3653201968503934
0
LINE
8
BLACK
6
CONTINUOUS
10
6.1740764960629919
20
-3.3653201968503934
11
6.1736176377952754
21
-3.367998779527559
0
LINE
8
BLACK
6
CONTINUOUS
10
6.1736176377952754
20
-3.367998779527559
11
6.1730533858267718
21
-3.3712698818897637
0
LINE
8
BLACK
6
CONTINUOUS
10
6.1730533858267718
20
-3.3712698818897637
11
6.1723952362204724
21
-3.3750672047244095
0
LINE
8
BLACK
6
CONTINUOUS
10
6.1723952362204724
20
-3.3750672047244095
11
6.1716546850393703
21
-3.3793242519685038
0
LINE
8
BLACK
6
CONTINUOUS
10
6.1716546850393703
20
-3.3793242519685038
11
6.1708432283464569
21
-3.3839746062992124
0
LINE
8
BLACK
6
CONTINUOUS
10
6.1708432283464569
20
-3.3839746062992124
11
6.1699723622047244
21
-3.3889519291338583
0
LINE
8
BLACK
6
CONTINUOUS
10
6.1699723622047244
20
-3.3889519291338583
11
6.1690535433070863
21
-3.3941897637795275
0
LINE
8
BLACK
6
CONTINUOUS
10
6.1690535433070863
20
-3.3941897637795275
11
6.1688235039370074
21
-3.3954991338582676
0
LINE
8
BLACK
6
CONTINUOUS
10
6.1688235039370074
20
-3.3954991338582676
11
6.1678950393700784
21
-3.4007875984251967
0
LINE
8
BLACK
6
CONTINUOUS
10
6.1678950393700784
20
-3.4007875984251967
11
6.167011653543307
21
-3.4058296456692911
0
LINE
8
BLACK
6
CONTINUOUS
10
6.167011653543307
20
-3.4058296456692911
11
6.1661848818897633
21
-3.4105590944881889
0
LINE
8
BLACK
6
CONTINUOUS
10
6.1661848818897633
20
-3.4105590944881889
11
6.1654261417322838
21
-3.4149098031496061
0
LINE
8
BLACK
6
CONTINUOUS
10
6.1654261417322838
20
-3.4149098031496061
11
6.1647469291338579
21
-3.4188155905511812
0
LINE
8
BLACK
6
CONTINUOUS
10
6.1647469291338579
20
-3.4188155905511812
11
6.1641587401574798
21
-3.422210275590551
0
LINE
8
BLACK
6
CONTINUOUS
10
6.1641587401574798
20
-3.422210275590551
11
6.1636730314960628
21
-3.4250277559055116
0
LINE
8
BLACK
6
CONTINUOUS
10
6.1636730314960628
20
-3.4250277559055116
11
6.1633013385826771
21
-3.4272018110236218
0
LINE
8
BLACK
6
CONTINUOUS
10
6.1633013385826771
20
-3.4272018110236218
11
6.1630550787401575
21
-3.4286663385826772
0
LINE
8
BLACK
6
CONTINUOUS
10
6.1630550787401575
20
-3.4286663385826772
11
6.162945748031496
21
-3.429355118110236
0
LINE
8
BLACK
6
CONTINUOUS
10
6.162945748031496
20
-3.429355118110236
11
6.1629411417322837
21
-3.4293981496062993
0
LINE
8
BLACK
6
CONTINUOUS
10
6.1629411417322837
20
-3.4293981496062993
11
6.1625213779527561
21
-3.4295690944881887
0
LINE
8
BLACK
6
CONTINUOUS
10
6.1625213779527561
20
-3.4295690944881887
11
6.1613245669291334
21
-3.4297014173228346
0
LINE
8
BLACK
6
CONTINUOUS
10
6.1613245669291334
20
-3.4297014173228346
11
6.1594445669291336
21
-3.4297888582677163
0
LINE
8
BLACK
6
CONTINUOUS
10
6.1594445669291336
20
-3.4297888582677163
11
6.1569751968503938
21
-3.4298250787401572
0
LINE
8
BLACK
6
CONTINUOUS
10
6.1569751968503938
20
-3.4298250787401572
11
6.156568622047244
21
-3.4298257086614172
0
LINE
8
BLACK
6
CONTINUOUS
10
6.156568622047244
20
-3.4298257086614172
11
6.1501960629921255
21
-3.4298257086614172
0
LINE
8
BLACK
6
CONTINUOUS
10
6.1501960629921255
20
-3.4298257086614172
11
6.1504222834645672
21
-3.428627440944882
0
LINE
8
BLACK
6
CONTINUOUS
10
6.1504222834645672
20
-3.428627440944882
11
6.1505320472440941
21
-3.4280154724409448
0
LINE
8
BLACK
6
CONTINUOUS
10
6.1505320472440941
20
-3.4280154724409448
11
6.1507800787401576
21
-3.4266135826771653
0
LINE
8
BLACK
6
CONTINUOUS
10
6.1507800787401576
20
-3.4266135826771653
11
6.1511543307086614
21
-3.4244902362204725
0
LINE
8
BLACK
6
CONTINUOUS
10
6.1511543307086614
20
-3.4244902362204725
11
6.1516427165354326
21
-3.4217139763779527
0
LINE
8
BLACK
6
CONTINUOUS
10
6.1516427165354326
20
-3.4217139763779527
11
6.1522333070866138
21
-3.4183532677165354
0
LINE
8
BLACK
6
CONTINUOUS
10
6.1522333070866138
20
-3.4183532677165354
11
6.1529139763779526
21
-3.4144766141732283
0
LINE
8
BLACK
6
CONTINUOUS
10
6.1529139763779526
20
-3.4144766141732283
11
6.1536727559055118
21
-3.410152440944882
0
LINE
8
BLACK
6
CONTINUOUS
10
6.1536727559055118
20
-3.410152440944882
11
6.1544975984251966
21
-3.4054493307086613
0
LINE
8
BLACK
6
CONTINUOUS
10
6.1544975984251966
20
-3.4054493307086613
11
6.1553764566929132
21
-3.4004357086614174
0
LINE
8
BLACK
6
CONTINUOUS
10
6.1553764566929132
20
-3.4004357086614174
11
6.1562973622047243
21
-3.3951800787401574
0
LINE
8
BLACK
6
CONTINUOUS
10
6.1562973622047243
20
-3.3951800787401574
11
6.1564680314960629
21
-3.3942057480314958
0
LINE
8
BLACK
6
CONTINUOUS
10
6.1564680314960629
20
-3.3942057480314958
11
6.1622875590551178
21
-3.3609822834645668
0
LINE
8
BLACK
6
CONTINUOUS
10
6.1622875590551178
20
-3.3609822834645668
11
6.1684967322834643
21
-3.3609813385826772
0
LINE
8
BLACK
6
CONTINUOUS
10
6.1684967322834643
20
-3.3609813385826772
11
6.1711351574803146
21
-3.3610033070866141
0
LINE
8
BLACK
6
CONTINUOUS
10
6.2242372440944882
20
-3.3619607874015749
11
6.224125787401575
21
-3.3625387007874017
0
LINE
8
BLACK
6
CONTINUOUS
10
6.224125787401575
20
-3.3625387007874017
11
6.2238766535433072
21
-3.3639065748031496
0
LINE
8
BLACK
6
CONTINUOUS
10
6.2238766535433072
20
-3.3639065748031496
11
6.2235020472440947
21
-3.3659959448818895
0
LINE
8
BLACK
6
CONTINUOUS
10
6.2235020472440947
20
-3.3659959448818895
11
6.2230139763779526
21
-3.3687381889763777
0
LINE
8
BLACK
6
CONTINUOUS
10
6.2230139763779526
20
-3.3687381889763777
11
6.2224246456692915
21
-3.3720648818897638
0
LINE
8
BLACK
6
CONTINUOUS
10
6.2224246456692915
20
-3.3720648818897638
11
6.2217461023622045
21
-3.3759074409448817
0
LINE
8
BLACK
6
CONTINUOUS
10
6.2217461023622045
20
-3.3759074409448817
11
6.2209904724409446
21
-3.3801973228346456
0
LINE
8
BLACK
6
CONTINUOUS
10
6.2209904724409446
20
-3.3801973228346456
11
6.220169921259842
21
-3.3848661023622046
0
LINE
8
BLACK
6
CONTINUOUS
10
6.220169921259842
20
-3.3848661023622046
11
6.2192965354330711
21
-3.3898451574803148
0
LINE
8
BLACK
6
CONTINUOUS
10
6.2192965354330711
20
-3.3898451574803148
11
6.2183824409448816
21
-3.3950659842519686
0
LINE
8
BLACK
6
CONTINUOUS
10
6.2183824409448816
20
-3.3950659842519686
11
6.2182853543307086
21
-3.3956209055118109
0
LINE
8
BLACK
6
CONTINUOUS
10
6.2182853543307086
20
-3.3956209055118109
11
6.2173685039370081
21
-3.4008564566929134
0
LINE
8
BLACK
6
CONTINUOUS
10
6.2173685039370081
20
-3.4008564566929134
11
6.216491338582677
21
-3.4058524015748031
0
LINE
8
BLACK
6
CONTINUOUS
10
6.216491338582677
20
-3.4058524015748031
11
6.2156658661417321
21
-3.4105408661417322
0
LINE
8
BLACK
6
CONTINUOUS
10
6.2156658661417321
20
-3.4105408661417322
11
6.2149042125984248
21
-3.4148538976377951
0
LINE
8
BLACK
6
CONTINUOUS
10
6.2149042125984248
20
-3.4148538976377951
11
6.2142184645669287
21
-3.4187235826771651
0
LINE
8
BLACK
6
CONTINUOUS
10
6.2142184645669287
20
-3.4187235826771651
11
6.213620590551181
21
-3.422081968503937
0
LINE
8
BLACK
6
CONTINUOUS
10
6.213620590551181
20
-3.422081968503937
11
6.2131227559055118
21
-3.4248611417322832
0
LINE
8
BLACK
6
CONTINUOUS
10
6.2131227559055118
20
-3.4248611417322832
11
6.2127369685039371
21
-3.4269931496062993
0
LINE
8
BLACK
6
CONTINUOUS
10
6.2127369685039371
20
-3.4269931496062993
11
6.2124753149606295
21
-3.4284100787401575
0
LINE
8
BLACK
6
CONTINUOUS
10
6.2124753149606295
20
-3.4284100787401575
11
6.2123498818897636
21
-3.4290439763779528
0
LINE
8
BLACK
6
CONTINUOUS
10
6.2123498818897636
20
-3.4290439763779528
11
6.2123448818897637
21
-3.4290631889763779
0
LINE
8
BLACK
6
CONTINUOUS
10
6.2123448818897637
20
-3.4290631889763779
11
6.2121740157480314
21
-3.4293646062992127
0
LINE
8
BLACK
6
CONTINUOUS
10
6.2121740157480314
20
-3.4293646062992127
11
6.2117792913385825
21
-3.4295750393700786
0
LINE
8
BLACK
6
CONTINUOUS
10
6.2117792913385825
20
-3.4295750393700786
11
6.2110256299212594
21
-3.4297104724409446
0
LINE
8
BLACK
6
CONTINUOUS
10
6.2110256299212594
20
-3.4297104724409446
11
6.2097780314960627
21
-3.4297867322834645
0
LINE
8
BLACK
6
CONTINUOUS
10
6.2097780314960627
20
-3.4297867322834645
11
6.2079014173228346
21
-3.4298197244094486
0
LINE
8
BLACK
6
CONTINUOUS
10
6.2079014173228346
20
-3.4298197244094486
11
6.2058719685039367
21
-3.4298257086614172
0
LINE
8
BLACK
6
CONTINUOUS
10
6.2058719685039367
20
-3.4298257086614172
11
6.2034210629921258
21
-3.4298177559055119
0
LINE
8
BLACK
6
CONTINUOUS
10
6.2034210629921258
20
-3.4298177559055119
11
6.2017148425196851
21
-3.4297833070866139
0
LINE
8
BLACK
6
CONTINUOUS
10
6.2017148425196851
20
-3.4297833070866139
11
6.2006266141732285
21
-3.4297064173228344
0
LINE
8
BLACK
6
CONTINUOUS
10
6.2006266141732285
20
-3.4297064173228344
11
6.2000296850393699
21
-3.4295712204724409
0
LINE
8
BLACK
6
CONTINUOUS
10
6.2000296850393699
20
-3.4295712204724409
11
6.1997973622047242
21
-3.4293617322834646
0
LINE
8
BLACK
6
CONTINUOUS
10
6.1997973622047242
20
-3.4293617322834646
11
6.1998026377952753
21
-3.4290631889763779
0
LINE
8
BLACK
6
CONTINUOUS
10
6.1998026377952753
20
-3.4290631889763779
11
6.199904724409449
21
-3.4285204330708661
0
LINE
8
BLACK
6
CONTINUOUS
10
6.199904724409449
20
-3.4285204330708661
11
6.2001445669291337
21
-3.4271873622047244
0
LINE
8
BLACK
6
CONTINUOUS
10
6.2001445669291337
20
-3.4271873622047244
11
6.200510078740157
21
-3.425132125984252
0
LINE
8
BLACK
6
CONTINUOUS
10
6.200510078740157
20
-3.425132125984252
11
6.2009893307086612
21
-3.4224229133858266
0
LINE
8
BLACK
6
CONTINUOUS
10
6.2009893307086612
20
-3.4224229133858266
11
6.2015703149606294
21
-3.4191278740157478
0
LINE
8
BLACK
6
CONTINUOUS
10
6.2015703149606294
20
-3.4191278740157478
11
6.2022409842519686
21
-3.4153151574803147
0
LINE
8
BLACK
6
CONTINUOUS
10
6.2022409842519686
20
-3.4153151574803147
11
6.202989330708661
21
-3.4110529921259842
0
LINE
8
BLACK
6
CONTINUOUS
10
6.202989330708661
20
-3.4110529921259842
11
6.2038033858267712
21
-3.4064094881889764
0
LINE
8
BLACK
6
CONTINUOUS
10
6.2038033858267712
20
-3.4064094881889764
11
6.2046711811023618
21
-3.4014528346456694
0
LINE
8
BLACK
6
CONTINUOUS
10
6.2046711811023618
20
-3.4014528346456694
11
6.2055806299212595
21
-3.3962512204724407
0
LINE
8
BLACK
6
CONTINUOUS
10
6.2055806299212595
20
-3.3962512204724407
11
6.2056526771653546
21
-3.3958387795275589
0
LINE
8
BLACK
6
CONTINUOUS
10
6.2056526771653546
20
-3.3958387795275589
11
6.2065670866141733
21
-3.3906076771653542
0
LINE
8
BLACK
6
CONTINUOUS
10
6.2065670866141733
20
-3.3906076771653542
11
6.2074421653543306
21
-3.3856063385826771
0
LINE
8
BLACK
6
CONTINUOUS
10
6.2074421653543306
20
-3.3856063385826771
11
6.2082657480314962
21
-3.3809041732283465
0
LINE
8
BLACK
6
CONTINUOUS
10
6.2082657480314962
20
-3.3809041732283465
11
6.2090257086614171
21
-3.3765705118110234
0
LINE
8
BLACK
6
CONTINUOUS
10
6.2090257086614171
20
-3.3765705118110234
11
6.2097097637795278
21
-3.3726747637795276
0
LINE
8
BLACK
6
CONTINUOUS
10
6.2097097637795278
20
-3.3726747637795276
11
6.2103057480314963
21
-3.3692862992125985
0
LINE
8
BLACK
6
CONTINUOUS
10
6.2103057480314963
20
-3.3692862992125985
11
6.2108014960629916
21
-3.3664744881889761
0
LINE
8
BLACK
6
CONTINUOUS
10
6.2108014960629916
20
-3.3664744881889761
11
6.2111848425196845
21
-3.3643086614173225
0
LINE
8
BLACK
6
CONTINUOUS
10
6.2111848425196845
20
-3.3643086614173225
11
6.2114435039370077
21
-3.3628582677165353
0
LINE
8
BLACK
6
CONTINUOUS
10
6.2114435039370077
20
-3.3628582677165353
11
6.2115653543307081
21
-3.3621926377952756
0
LINE
8
BLACK
6
CONTINUOUS
10
6.2115653543307081
20
-3.3621926377952756
11
6.2115681496062987
21
-3.362178622047244
0
LINE
8
BLACK
6
CONTINUOUS
10
6.2115681496062987
20
-3.362178622047244
11
6.2118121259842516
21
-3.3609803937007872
0
LINE
8
BLACK
6
CONTINUOUS
10
6.2118121259842516
20
-3.3609803937007872
11
6.2244735433070861
21
-3.3609803937007872
0
LINE
8
BLACK
6
CONTINUOUS
10
6.2244735433070861
20
-3.3609803937007872
11
6.2242372440944882
21
-3.3619607874015749
0
LINE
8
BLACK
6
CONTINUOUS
10
6.2720114173228341
20
-3.3610410629921259
11
6.2731067322834644
21
-3.3610996456692912
0
LINE
8
BLACK
6
CONTINUOUS
10
6.2731067322834644
20
-3.3610996456692912
11
6.273724488188976
21
-3.3612273622047244
0
LINE
8
BLACK
6
CONTINUOUS
10
6.273724488188976
20
-3.3612273622047244
11
6.2739958267716531
21
-3.3614376771653545
0
LINE
8
BLACK
6
CONTINUOUS
10
6.2739958267716531
20
-3.3614376771653545
11
6.2740522834645667
21
-3.3617132677165356
0
LINE
8
BLACK
6
CONTINUOUS
10
6.2740522834645667
20
-3.3617132677165356
11
6.2739783070866144
21
-3.3622532283464568
0
LINE
8
BLACK
6
CONTINUOUS
10
6.2739783070866144
20
-3.3622532283464568
11
6.2737641338582675
21
-3.3635842913385825
0
LINE
8
BLACK
6
CONTINUOUS
10
6.2737641338582675
20
-3.3635842913385825
11
6.2734212992125986
21
-3.3656393700787399
0
LINE
8
BLACK
6
CONTINUOUS
10
6.2734212992125986
20
-3.3656393700787399
11
6.272961338582677
21
-3.3683514173228346
0
LINE
8
BLACK
6
CONTINUOUS
10
6.272961338582677
20
-3.3683514173228346
11
6.2723957480314958
21
-3.3716533858267717
0
LINE
8
BLACK
6
CONTINUOUS
10
6.2723957480314958
20
-3.3716533858267717
11
6.2717361023622047
21
-3.3754782677165354
0
LINE
8
BLACK
6
CONTINUOUS
10
6.2717361023622047
20
-3.3754782677165354
11
6.270993897637795
21
-3.379758897637795
0
LINE
8
BLACK
6
CONTINUOUS
10
6.270993897637795
20
-3.379758897637795
11
6.2701807480314962
21
-3.3844283464566929
0
LINE
8
BLACK
6
CONTINUOUS
10
6.2701807480314962
20
-3.3844283464566929
11
6.2693081102362207
21
-3.3894194488188973
0
LINE
8
BLACK
6
CONTINUOUS
10
6.2693081102362207
20
-3.3894194488188973
11
6.2683875590551184
21
-3.3946651968503936
0
LINE
8
BLACK
6
CONTINUOUS
10
6.2683875590551184
20
-3.3946651968503936
11
6.2681699212598421
21
-3.3959027952755907
0
LINE
8
BLACK
6
CONTINUOUS
10
6.2681699212598421
20
-3.3959027952755907
11
6.2672414566929131
21
-3.4011827165354331
0
LINE
8
BLACK
6
CONTINUOUS
10
6.2672414566929131
20
-3.4011827165354331
11
6.2663581102362205
21
-3.4062122047244094
0
LINE
8
BLACK
6
CONTINUOUS
10
6.2663581102362205
20
-3.4062122047244094
11
6.2655313385826767
21
-3.4109255118110235
0
LINE
8
BLACK
6
CONTINUOUS
10
6.2655313385826767
20
-3.4109255118110235
11
6.2647725984251963
21
-3.4152568897637794
0
LINE
8
BLACK
6
CONTINUOUS
10
6.2647725984251963
20
-3.4152568897637794
11
6.2640934251968501
21
-3.4191406692913384
0
LINE
8
BLACK
6
CONTINUOUS
10
6.2640934251968501
20
-3.4191406692913384
11
6.263505236220472
21
-3.4225111023622046
0
LINE
8
BLACK
6
CONTINUOUS
10
6.263505236220472
20
-3.4225111023622046
11
6.263019527559055
21
-3.4253024409448818
0
LINE
8
BLACK
6
CONTINUOUS
10
6.263019527559055
20
-3.4253024409448818
11
6.2626477952755906
21
-3.4274489763779528
0
LINE
8
BLACK
6
CONTINUOUS
10
6.2626477952755906
20
-3.4274489763779528
11
6.2624014960629921
21
-3.4288849999999997
0
LINE
8
BLACK
6
CONTINUOUS
10
6.2624014960629921
20
-3.4288849999999997
11
6.2622921653543306
21
-3.4295447244094488
0
LINE
8
BLACK
6
CONTINUOUS
10
6.2622921653543306
20
-3.4295447244094488
11
6.2622875590551184
21
-3.4295805905511809
0
LINE
8
BLACK
6
CONTINUOUS
10
6.2622875590551184
20
-3.4295805905511809
11
6.2618774015748029
21
-3.429667244094488
0
LINE
8
BLACK
6
CONTINUOUS
10
6.2618774015748029
20
-3.429667244094488
11
6.2607489763779522
21
-3.4297404724409448
0
LINE
8
BLACK
6
CONTINUOUS
10
6.2607489763779522
20
-3.4297404724409448
11
6.2590554724409451
21
-3.4297942519685041
0
LINE
8
BLACK
6
CONTINUOUS
10
6.2590554724409451
20
-3.4297942519685041
11
6.2569501574803148
21
-3.4298227165354329
0
LINE
8
BLACK
6
CONTINUOUS
10
6.2569501574803148
20
-3.4298227165354329
11
6.2559694881889758
21
-3.4298257086614172
0
LINE
8
BLACK
6
CONTINUOUS
10
6.2559694881889758
20
-3.4298257086614172
11
6.2537378346456691
21
-3.4298044881889762
0
LINE
8
BLACK
6
CONTINUOUS
10
6.2537378346456691
20
-3.4298044881889762
11
6.251855157480315
21
-3.4297461811023622
0
LINE
8
BLACK
6
CONTINUOUS
10
6.251855157480315
20
-3.4297461811023622
11
6.2504738976377947
21
-3.4296586220472438
0
LINE
8
BLACK
6
CONTINUOUS
10
6.2504738976377947
20
-3.4296586220472438
11
6.2497465354330703
21
-3.4295498031496061
0
LINE
8
BLACK
6
CONTINUOUS
10
6.2497465354330703
20
-3.4295498031496061
11
6.2496727559055119
21
-3.4294988976377954
0
LINE
8
BLACK
6
CONTINUOUS
10
6.2496727559055119
20
-3.4294988976377954
11
6.2497499999999997
21
-3.4290285039370079
0
LINE
8
BLACK
6
CONTINUOUS
10
6.2497499999999997
20
-3.4290285039370079
11
6.2499672440944884
21
-3.4277652755905512
0
LINE
8
BLACK
6
CONTINUOUS
10
6.2499672440944884
20
-3.4277652755905512
11
6.2503130708661416
21
-3.4257746456692915
0
LINE
8
BLACK
6
CONTINUOUS
10
6.2503130708661416
20
-3.4257746456692915
11
6.25077594488189
21
-3.4231219291338584
0
LINE
8
BLACK
6
CONTINUOUS
10
6.25077594488189
20
-3.4231219291338584
11
6.2513445275590547
21
-3.4198725196850392
0
LINE
8
BLACK
6
CONTINUOUS
10
6.2513445275590547
20
-3.4198725196850392
11
6.2520072440944876
21
-3.4160918503937006
0
LINE
8
BLACK
6
CONTINUOUS
10
6.2520072440944876
20
-3.4160918503937006
11
6.2527527559055116
21
-3.4118452755905513
0
LINE
8
BLACK
6
CONTINUOUS
10
6.2527527559055116
20
-3.4118452755905513
11
6.2535695275590548
21
-3.4071981496062991
0
LINE
8
BLACK
6
CONTINUOUS
10
6.2535695275590548
20
-3.4071981496062991
11
6.2544461023622047
21
-3.4022158661417321
0
LINE
8
BLACK
6
CONTINUOUS
10
6.2544461023622047
20
-3.4022158661417321
11
6.2553710629921255
21
-3.3969638188976377
0
LINE
8
BLACK
6
CONTINUOUS
10
6.2553710629921255
20
-3.3969638188976377
11
6.2556845275590547
21
-3.3951851574803147
0
LINE
8
BLACK
6
CONTINUOUS
10
6.2556845275590547
20
-3.3951851574803147
11
6.2616749212598428
21
-3.3611982283464568
0
LINE
8
BLACK
6
CONTINUOUS
10
6.2616749212598428
20
-3.3611982283464568
11
6.2678635826771654
21
-3.3610773622047243
0
LINE
8
BLACK
6
CONTINUOUS
10
6.2678635826771654
20
-3.3610773622047243
11
6.2703074409448813
21
-3.3610381102362203
0
LINE
8
BLACK
6
CONTINUOUS
10
6.2703074409448813
20
-3.3610381102362203
11
6.2720114173228341
21
-3.3610410629921259
0
LINE
8
BLACK
6
CONTINUOUS
10
5.3585625590551178
20
-3.3755407874015746
11
5.3596269685039371
21
-3.3759816929133857
0
LINE
8
BLACK
6
CONTINUOUS
10
5.3596269685039371
20
-3.3759816929133857
11
5.3604416141732285
21
-3.3767963385826771
0
LINE
8
BLACK
6
CONTINUOUS
10
5.3604416141732285
20
-3.3767963385826771
11
5.3608825196850391
21
-3.3778607480314959
0
LINE
8
BLACK
6
CONTINUOUS
10
5.3608825196850391
20
-3.3778607480314959
11
5.3608825196850391
21
-3.3790128740157481
0
LINE
8
BLACK
6
CONTINUOUS
10
5.3608825196850391
20
-3.3790128740157481
11
5.3604416141732285
21
-3.3800772834645669
0
LINE
8
BLACK
6
CONTINUOUS
10
5.3604416141732285
20
-3.3800772834645669
11
5.3596269685039371
21
-3.3808919291338584
0
LINE
8
BLACK
6
CONTINUOUS
10
5.3596269685039371
20
-3.3808919291338584
11
5.3585625590551178
21
-3.381332834645669
0
LINE
8
BLACK
6
CONTINUOUS
10
5.3585625590551178
20
-3.381332834645669
11
5.3579864960629919
21
-3.3813895669291338
0
LINE
8
BLACK
6
CONTINUOUS
10
5.3579864960629919
20
-3.3813895669291338
11
5.3456605905511809
21
-3.3813895669291338
0
LINE
8
BLACK
6
CONTINUOUS
10
5.3456605905511809
20
-3.3813895669291338
11
5.3450341338582676
21
-3.3876539370078738
0
LINE
8
BLACK
6
CONTINUOUS
10
5.3450341338582676
20
-3.3876539370078738
11
5.3452081102362206
21
-3.3875874015748031
0
LINE
8
BLACK
6
CONTINUOUS
10
5.3452081102362206
20
-3.3875874015748031
11
5.3453138976377952
21
-3.3875798818897636
0
LINE
8
BLACK
6
CONTINUOUS
10
5.3453138976377952
20
-3.3875798818897636
11
5.3454119291338582
21
-3.3875392913385824
0
LINE
8
BLACK
6
CONTINUOUS
10
5.3454119291338582
20
-3.3875392913385824
11
5.3459879921259841
21
-3.3874825590551181
0
LINE
8
BLACK
6
CONTINUOUS
10
5.3459879921259841
20
-3.3874825590551181
11
5.3534870472440943
21
-3.3874825590551181
0
LINE
8
BLACK
6
CONTINUOUS
10
5.3534870472440943
20
-3.3874825590551181
11
5.3540631102362202
21
-3.3875392913385824
0
LINE
8
BLACK
6
CONTINUOUS
10
5.3540631102362202
20
-3.3875392913385824
11
5.3541611023622044
21
-3.3875798818897636
0
LINE
8
BLACK
6
CONTINUOUS
10
5.3541611023622044
20
-3.3875798818897636
11
5.3542669291338578
21
-3.3875874015748031
0
LINE
8
BLACK
6
CONTINUOUS
10
5.3542669291338578
20
-3.3875874015748031
11
5.3548075590551178
21
-3.3877942913385826
0
LINE
8
BLACK
6
CONTINUOUS
10
5.3548075590551178
20
-3.3877942913385826
11
5.3578072047244092
21
-3.3892940944881889
0
LINE
8
BLACK
6
CONTINUOUS
10
5.3578072047244092
20
-3.3892940944881889
11
5.358055196850394
21
-3.3894501574803151
0
LINE
8
BLACK
6
CONTINUOUS
10
5.358055196850394
20
-3.3894501574803151
11
5.3581271653543308
21
-3.3894799999999998
0
LINE
8
BLACK
6
CONTINUOUS
10
5.3581271653543308
20
-3.3894799999999998
11
5.3582081102362205
21
-3.3895464566929134
0
LINE
8
BLACK
6
CONTINUOUS
10
5.3582081102362205
20
-3.3895464566929134
11
5.358297086614173
21
-3.3896024409448819
0
LINE
8
BLACK
6
CONTINUOUS
10
5.358297086614173
20
-3.3896024409448819
11
5.3583482283464567
21
-3.3896614173228348
0
LINE
8
BLACK
6
CONTINUOUS
10
5.3583482283464567
20
-3.3896614173228348
11
5.3585746062992126
21
-3.3898472047244095
0
LINE
8
BLACK
6
CONTINUOUS
10
5.3585746062992126
20
-3.3898472047244095
11
5.3600744094488189
21
-3.3913470078740158
0
LINE
8
BLACK
6
CONTINUOUS
10
5.3600744094488189
20
-3.3913470078740158
11
5.3602601574803153
21
-3.3915733464566928
0
LINE
8
BLACK
6
CONTINUOUS
10
5.3602601574803153
20
-3.3915733464566928
11
5.3603191732283459
21
-3.3916245275590549
0
LINE
8
BLACK
6
CONTINUOUS
10
5.3603191732283459
20
-3.3916245275590549
11
5.3603751181102357
21
-3.3917134645669291
0
LINE
8
BLACK
6
CONTINUOUS
10
5.3603751181102357
20
-3.3917134645669291
11
5.3604416141732285
21
-3.3917944488188976
0
LINE
8
BLACK
6
CONTINUOUS
10
5.3604416141732285
20
-3.3917944488188976
11
5.3604714173228345
21
-3.391866377952756
0
LINE
8
BLACK
6
CONTINUOUS
10
5.3604714173228345
20
-3.391866377952756
11
5.360627519685039
21
-3.3921144094488187
0
LINE
8
BLACK
6
CONTINUOUS
10
5.360627519685039
20
-3.3921144094488187
11
5.3621273228346453
21
-3.39511405511811
0
LINE
8
BLACK
6
CONTINUOUS
10
5.3621273228346453
20
-3.39511405511811
11
5.3623342125984248
21
-3.3956546850393701
0
LINE
8
BLACK
6
CONTINUOUS
10
5.3623342125984248
20
-3.3956546850393701
11
5.362341692913386
21
-3.3957604724409447
0
LINE
8
BLACK
6
CONTINUOUS
10
5.362341692913386
20
-3.3957604724409447
11
5.3623823228346454
21
-3.3958585039370077
0
LINE
8
BLACK
6
CONTINUOUS
10
5.3623823228346454
20
-3.3958585039370077
11
5.3624390551181103
21
-3.3964345669291336
0
LINE
8
BLACK
6
CONTINUOUS
10
5.3624390551181103
20
-3.3964345669291336
11
5.3624390551181103
21
-3.4039336220472438
0
LINE
8
BLACK
6
CONTINUOUS
10
5.3624390551181103
20
-3.4039336220472438
11
5.3623823228346454
21
-3.4045096850393701
0
LINE
8
BLACK
6
CONTINUOUS
10
5.3623823228346454
20
-3.4045096850393701
11
5.362341692913386
21
-3.4046076771653544
0
LINE
8
BLACK
6
CONTINUOUS
10
5.362341692913386
20
-3.4046076771653544
11
5.3623342125984248
21
-3.4047135039370078
0
LINE
8
BLACK
6
CONTINUOUS
10
5.3623342125984248
20
-3.4047135039370078
11
5.3621273228346453
21
-3.4052541338582678
0
LINE
8
BLACK
6
CONTINUOUS
10
5.3621273228346453
20
-3.4052541338582678
11
5.360627519685039
21
-3.4082537401574804
0
LINE
8
BLACK
6
CONTINUOUS
10
5.360627519685039
20
-3.4082537401574804
11
5.3604714566929133
21
-3.4085016141732281
0
LINE
8
BLACK
6
CONTINUOUS
10
5.3604714566929133
20
-3.4085016141732281
11
5.3604416535433073
21
-3.4085736614173228
0
LINE
8
BLACK
6
CONTINUOUS
10
5.3604416535433073
20
-3.4085736614173228
11
5.3603751181102357
21
-3.40865468503937
0
LINE
8
BLACK
6
CONTINUOUS
10
5.3603751181102357
20
-3.40865468503937
11
5.3603191732283459
21
-3.4087436220472442
0
LINE
8
BLACK
6
CONTINUOUS
10
5.3603191732283459
20
-3.4087436220472442
11
5.3602601574803153
21
-3.4087947637795275
0
LINE
8
BLACK
6
CONTINUOUS
10
5.3602601574803153
20
-3.4087947637795275
11
5.3600744488188976
21
-3.4090211023622046
0
LINE
8
BLACK
6
CONTINUOUS
10
5.3600744488188976
20
-3.4090211023622046
11
5.3585746456692913
21
-3.4105209448818896
0
LINE
8
BLACK
6
CONTINUOUS
10
5.3585746456692913
20
-3.4105209448818896
11
5.3583482677165355
21
-3.4107066929133856
0
LINE
8
BLACK
6
CONTINUOUS
10
5.3583482677165355
20
-3.4107066929133856
11
5.358297086614173
21
-3.4107657480314959
0
LINE
8
BLACK
6
CONTINUOUS
10
5.358297086614173
20
-3.4107657480314959
11
5.3582081102362205
21
-3.4108217322834644
0
LINE
8
BLACK
6
CONTINUOUS
10
5.3582081102362205
20
-3.4108217322834644
11
5.3581271653543308
21
-3.410888188976378
0
LINE
8
BLACK
6
CONTINUOUS
10
5.3581271653543308
20
-3.410888188976378
11
5.358055196850394
21
-3.410917992125984
0
LINE
8
BLACK
6
CONTINUOUS
10
5.358055196850394
20
-3.410917992125984
11
5.3578072047244092
21
-3.411074094488189
0
LINE
8
BLACK
6
CONTINUOUS
10
5.3578072047244092
20
-3.411074094488189
11
5.3548075590551178
21
-3.4125738976377953
0
LINE
8
BLACK
6
CONTINUOUS
10
5.3548075590551178
20
-3.4125738976377953
11
5.3542669291338578
21
-3.4127807874015748
0
LINE
8
BLACK
6
CONTINUOUS
10
5.3542669291338578
20
-3.4127807874015748
11
5.3541611023622044
21
-3.4127882677165355
0
LINE
8
BLACK
6
CONTINUOUS
10
5.3541611023622044
20
-3.4127882677165355
11
5.3540631102362202
21
-3.4128288976377954
0
LINE
8
BLACK
6
CONTINUOUS
10
5.3540631102362202
20
-3.4128288976377954
11
5.3534870472440943
21
-3.4128856299212598
0
LINE
8
BLACK
6
CONTINUOUS
10
5.3534870472440943
20
-3.4128856299212598
11
5.3459879921259841
21
-3.4128856299212598
0
LINE
8
BLACK
6
CONTINUOUS
10
5.3459879921259841
20
-3.4128856299212598
11
5.3454119291338582
21
-3.4128288976377954
0
LINE
8
BLACK
6
CONTINUOUS
10
5.3454119291338582
20
-3.4128288976377954
11
5.3453138976377952
21
-3.4127882677165355
0
LINE
8
BLACK
6
CONTINUOUS
10
5.3453138976377952
20
-3.4127882677165355
11
5.3452081102362206
21
-3.4127807874015748
0
LINE
8
BLACK
6
CONTINUOUS
10
5.3452081102362206
20
-3.4127807874015748
11
5.3446674803149605
21
-3.4125738976377953
0
LINE
8
BLACK
6
CONTINUOUS
10
5.3446674803149605
20
-3.4125738976377953
11
5.3416678740157479
21
-3.411074094488189
0
LINE
8
BLACK
6
CONTINUOUS
10
5.3416678740157479
20
-3.411074094488189
11
5.341420039370079
21
-3.4109180708661415
0
LINE
8
BLACK
6
CONTINUOUS
10
5.341420039370079
20
-3.4109180708661415
11
5.3413479133858264
21
-3.4108882283464568
0
LINE
8
BLACK
6
CONTINUOUS
10
5.3413479133858264
20
-3.4108882283464568
11
5.3412667322834642
21
-3.4108216141732282
0
LINE
8
BLACK
6
CONTINUOUS
10
5.3412667322834642
20
-3.4108216141732282
11
5.3411779921259841
21
-3.4107657480314959
0
LINE
8
BLACK
6
CONTINUOUS
10
5.3411779921259841
20
-3.4107657480314959
11
5.3411268503937004
21
-3.4107068110236218
0
LINE
8
BLACK
6
CONTINUOUS
10
5.3411268503937004
20
-3.4107068110236218
11
5.3409004724409446
21
-3.4105209842519684
0
LINE
8
BLACK
6
CONTINUOUS
10
5.3409004724409446
20
-3.4105209842519684
11
5.3394006299212595
21
-3.4090211417322833
0
LINE
8
BLACK
6
CONTINUOUS
10
5.3394006299212595
20
-3.4090211417322833
11
5.3390334251968499
21
-3.4085737007874015
0
LINE
8
BLACK
6
CONTINUOUS
10
5.3390334251968499
20
-3.4085737007874015
11
5.3385925196850392
21
-3.407509251968504
0
LINE
8
BLACK
6
CONTINUOUS
10
5.3385925196850392
20
-3.407509251968504
11
5.3385925196850392
21
-3.4063572047244093
0
LINE
8
BLACK
6
CONTINUOUS
10
5.3385925196850392
20
-3.4063572047244093
11
5.3390334251968499
21
-3.4052927559055117
0
LINE
8
BLACK
6
CONTINUOUS
10
5.3390334251968499
20
-3.4052927559055117
11
5.3398480708661413
21
-3.4044781102362203
0
LINE
8
BLACK
6
CONTINUOUS
10
5.3398480708661413
20
-3.4044781102362203
11
5.3409125196850393
21
-3.4040372047244092
0
LINE
8
BLACK
6
CONTINUOUS
10
5.3409125196850393
20
-3.4040372047244092
11
5.3420645669291336
21
-3.4040372047244092
0
LINE
8
BLACK
6
CONTINUOUS
10
5.3420645669291336
20
-3.4040372047244092
11
5.3431290157480316
21
-3.4044781102362203
0
LINE
8
BLACK
6
CONTINUOUS
10
5.3431290157480316
20
-3.4044781102362203
11
5.3435764566929134
21
-3.4048453149606299
0
LINE
8
BLACK
6
CONTINUOUS
10
5.3435764566929134
20
-3.4048453149606299
11
5.3447374803149605
21
-3.4060063385826771
0
LINE
8
BLACK
6
CONTINUOUS
10
5.3447374803149605
20
-3.4060063385826771
11
5.3466850393700787
21
-3.4069801181102362
0
LINE
8
BLACK
6
CONTINUOUS
10
5.3466850393700787
20
-3.4069801181102362
11
5.3527899999999997
21
-3.4069801181102362
0
LINE
8
BLACK
6
CONTINUOUS
10
5.3527899999999997
20
-3.4069801181102362
11
5.3547375590551178
21
-3.4060063385826771
0
LINE
8
BLACK
6
CONTINUOUS
10
5.3547375590551178
20
-3.4060063385826771
11
5.3555597244094484
21
-3.4051841338582678
0
LINE
8
BLACK
6
CONTINUOUS
10
5.3555597244094484
20
-3.4051841338582678
11
5.3565335433070862
21
-3.4032365748031497
0
LINE
8
BLACK
6
CONTINUOUS
10
5.3565335433070862
20
-3.4032365748031497
11
5.3565335433070862
21
-3.3971315748031494
0
LINE
8
BLACK
6
CONTINUOUS
10
5.3565335433070862
20
-3.3971315748031494
11
5.3555597244094484
21
-3.3951839763779526
0
LINE
8
BLACK
6
CONTINUOUS
10
5.3555597244094484
20
-3.3951839763779526
11
5.3547375984251966
21
-3.3943618503937008
0
LINE
8
BLACK
6
CONTINUOUS
10
5.3547375984251966
20
-3.3943618503937008
11
5.3527899999999997
21
-3.3933880708661417
0
LINE
8
BLACK
6
CONTINUOUS
10
5.3527899999999997
20
-3.3933880708661417
11
5.3466850393700787
21
-3.3933880708661417
0
LINE
8
BLACK
6
CONTINUOUS
10
5.3466850393700787
20
-3.3933880708661417
11
5.3447374409448818
21
-3.3943618503937008
0
LINE
8
BLACK
6
CONTINUOUS
10
5.3447374409448818
20
-3.3943618503937008
11
5.3435764173228346
21
-3.3955228740157479
0
LINE
8
BLACK
6
CONTINUOUS
10
5.3435764173228346
20
-3.3955228740157479
11
5.3431289763779528
21
-3.3958900787401576
0
LINE
8
BLACK
6
CONTINUOUS
10
5.3431289763779528
20
-3.3958900787401576
11
5.3429916141732283
21
-3.3959469291338582
0
LINE
8
BLACK
6
CONTINUOUS
10
5.3429916141732283
20
-3.3959469291338582
11
5.3428765748031495
21
-3.3960411023622048
0
LINE
8
BLACK
6
CONTINUOUS
10
5.3428765748031495
20
-3.3960411023622048
11
5.3424631889763781
21
-3.3961658267716537
0
LINE
8
BLACK
6
CONTINUOUS
10
5.3424631889763781
20
-3.3961658267716537
11
5.3420645275590548
21
-3.3963309448818895
0
LINE
8
BLACK
6
CONTINUOUS
10
5.3420645275590548
20
-3.3963309448818895
11
5.3419159448818894
21
-3.3963309448818895
0
LINE
8
BLACK
6
CONTINUOUS
10
5.3419159448818894
20
-3.3963309448818895
11
5.3417735826771651
21
-3.3963738976377953
0
LINE
8
BLACK
6
CONTINUOUS
10
5.3417735826771651
20
-3.3963738976377953
11
5.3413440551181104
21
-3.3963309448818895
0
LINE
8
BLACK
6
CONTINUOUS
10
5.3413440551181104
20
-3.3963309448818895
11
5.3409124803149606
21
-3.3963309448818895
0
LINE
8
BLACK
6
CONTINUOUS
10
5.3409124803149606
20
-3.3963309448818895
11
5.3407751181102361
21
-3.3962740157480313
0
LINE
8
BLACK
6
CONTINUOUS
10
5.3407751181102361
20
-3.3962740157480313
11
5.3406271653543307
21
-3.396259251968504
0
LINE
8
BLACK
6
CONTINUOUS
10
5.3406271653543307
20
-3.396259251968504
11
5.3402468503937008
21
-3.3960551968503938
0
LINE
8
BLACK
6
CONTINUOUS
10
5.3402468503937008
20
-3.3960551968503938
11
5.3398480708661413
21
-3.3958900393700788
0
LINE
8
BLACK
6
CONTINUOUS
10
5.3398480708661413
20
-3.3958900393700788
11
5.339742874015748
21
-3.395784842519685
0
LINE
8
BLACK
6
CONTINUOUS
10
5.339742874015748
20
-3.395784842519685
11
5.3396119291338584
21
-3.3957146062992125
0
LINE
8
BLACK
6
CONTINUOUS
10
5.3396119291338584
20
-3.3957146062992125
11
5.3393386614173224
21
-3.3953806299212599
0
LINE
8
BLACK
6
CONTINUOUS
10
5.3393386614173224
20
-3.3953806299212599
11
5.3390333858267711
21
-3.3950753543307086
0
LINE
8
BLACK
6
CONTINUOUS
10
5.3390333858267711
20
-3.3950753543307086
11
5.3389764960629922
21
-3.3949379921259841
0
LINE
8
BLACK
6
CONTINUOUS
10
5.3389764960629922
20
-3.3949379921259841
11
5.3388823622047239
21
-3.3948229527559053
0
LINE
8
BLACK
6
CONTINUOUS
10
5.3388823622047239
20
-3.3948229527559053
11
5.3387575984251967
21
-3.3944095669291339
0
LINE
8
BLACK
6
CONTINUOUS
10
5.3387575984251967
20
-3.3944095669291339
11
5.3385925196850392
21
-3.3940109055118111
0
LINE
8
BLACK
6
CONTINUOUS
10
5.3385925196850392
20
-3.3940109055118111
11
5.3385925196850392
21
-3.3938622834645669
0
LINE
8
BLACK
6
CONTINUOUS
10
5.3385925196850392
20
-3.3938622834645669
11
5.3385495669291334
21
-3.3937199606299213
0
LINE
8
BLACK
6
CONTINUOUS
10
5.3385495669291334
20
-3.3937199606299213
11
5.338550433070866
21
-3.3931411023622045
0
LINE
8
BLACK
6
CONTINUOUS
10
5.338550433070866
20
-3.3931411023622045
11
5.340050275590551
21
-3.378142992125984
0
LINE
8
BLACK
6
CONTINUOUS
10
5.340050275590551
20
-3.378142992125984
11
5.3400923622047243
21
-3.3779330314960627
0
LINE
8
BLACK
6
CONTINUOUS
10
5.3400923622047243
20
-3.3779330314960627
11
5.3400923622047243
21
-3.3778607480314959
0
LINE
8
BLACK
6
CONTINUOUS
10
5.3400923622047243
20
-3.3778607480314959
11
5.340120433070866
21
-3.3777929133858269
0
LINE
8
BLACK
6
CONTINUOUS
10
5.340120433070866
20
-3.3777929133858269
11
5.3401640551181098
21
-3.3775754330708661
0
LINE
8
BLACK
6
CONTINUOUS
10
5.3401640551181098
20
-3.3775754330708661
11
5.3403680708661412
21
-3.3771951181102362
0
LINE
8
BLACK
6
CONTINUOUS
10
5.3403680708661412
20
-3.3771951181102362
11
5.3405332677165349
21
-3.3767963385826771
0
LINE
8
BLACK
6
CONTINUOUS
10
5.3405332677165349
20
-3.3767963385826771
11
5.3406384251968504
21
-3.3766911417322834
0
LINE
8
BLACK
6
CONTINUOUS
10
5.3406384251968504
20
-3.3766911417322834
11
5.3407087007874017
21
-3.3765601968503938
0
LINE
8
BLACK
6
CONTINUOUS
10
5.3407087007874017
20
-3.3765601968503938
11
5.3410426377952751
21
-3.3762869291338582
0
LINE
8
BLACK
6
CONTINUOUS
10
5.3410426377952751
20
-3.3762869291338582
11
5.3413479133858264
21
-3.3759816929133857
0
LINE
8
BLACK
6
CONTINUOUS
10
5.3413479133858264
20
-3.3759816929133857
11
5.3414852362204721
21
-3.3759247637795275
0
LINE
8
BLACK
6
CONTINUOUS
10
5.3414852362204721
20
-3.3759247637795275
11
5.3416003543307085
21
-3.3758306299212597
0
LINE
8
BLACK
6
CONTINUOUS
10
5.3416003543307085
20
-3.3758306299212597
11
5.3420136220472436
21
-3.3757059055118108
0
LINE
8
BLACK
6
CONTINUOUS
10
5.3420136220472436
20
-3.3757059055118108
11
5.3424123228346456
21
-3.3755407874015746
0
LINE
8
BLACK
6
CONTINUOUS
10
5.3424123228346456
20
-3.3755407874015746
11
5.3426329921259841
21
-3.3755190157480315
0
LINE
8
BLACK
6
CONTINUOUS
10
5.3426329921259841
20
-3.3755190157480315
11
5.3427033464566929
21
-3.3754978346456692
0
LINE
8
BLACK
6
CONTINUOUS
10
5.3427033464566929
20
-3.3754978346456692
11
5.3427753149606296
21
-3.375505
0
LINE
8
BLACK
6
CONTINUOUS
10
5.3427753149606296
20
-3.375505
11
5.3429883858267715
21
-3.3754840551181102
0
LINE
8
BLACK
6
CONTINUOUS
10
5.3429883858267715
20
-3.3754840551181102
11
5.3579864960629919
21
-3.3754840551181102
0
LINE
8
BLACK
6
CONTINUOUS
10
5.3579864960629919
20
-3.3754840551181102
11
5.3585625590551178
21
-3.3755407874015746
0
LINE
8
BLACK
6
CONTINUOUS
10
5.4388444488188972
20
-3.3755407874015746
11
5.4389424409448814
21
-3.3755813779527557
0
LINE
8
BLACK
6
CONTINUOUS
10
5.4389424409448814
20
-3.3755813779527557
11
5.4390482677165357
21
-3.3755888976377952
0
LINE
8
BLACK
6
CONTINUOUS
10
5.4390482677165357
20
-3.3755888976377952
11
5.4395888976377949
21
-3.3757957874015747
0
LINE
8
BLACK
6
CONTINUOUS
10
5.4395888976377949
20
-3.3757957874015747
11
5.4425885039370074
21
-3.377295590551181
0
LINE
8
BLACK
6
CONTINUOUS
10
5.4425885039370074
20
-3.377295590551181
11
5.4430783858267713
21
-3.3776039370078741
0
LINE
8
BLACK
6
CONTINUOUS
10
5.4430783858267713
20
-3.3776039370078741
11
5.443833228346457
21
-3.3784743307086615
0
LINE
8
BLACK
6
CONTINUOUS
10
5.443833228346457
20
-3.3784743307086615
11
5.4441975590551177
21
-3.3795672834645667
0
LINE
8
BLACK
6
CONTINUOUS
10
5.4441975590551177
20
-3.3795672834645667
11
5.4441159055118105
21
-3.3807164960629921
0
LINE
8
BLACK
6
CONTINUOUS
10
5.4441159055118105
20
-3.3807164960629921
11
5.4436006692913388
21
-3.3817470078740155
0
LINE
8
BLACK
6
CONTINUOUS
10
5.4436006692913388
20
-3.3817470078740155
11
5.4427302755905513
21
-3.3825018503937008
0
LINE
8
BLACK
6
CONTINUOUS
10
5.4427302755905513
20
-3.3825018503937008
11
5.4416373228346453
21
-3.3828661811023619
0
LINE
8
BLACK
6
CONTINUOUS
10
5.4416373228346453
20
-3.3828661811023619
11
5.4404881102362204
21
-3.3827845275590551
0
LINE
8
BLACK
6
CONTINUOUS
10
5.4404881102362204
20
-3.3827845275590551
11
5.4399474803149603
21
-3.3825776377952756
0
LINE
8
BLACK
6
CONTINUOUS
10
5.4399474803149603
20
-3.3825776377952756
11
5.4375713385826767
21
-3.3813895669291338
0
LINE
8
BLACK
6
CONTINUOUS
10
5.4375713385826767
20
-3.3813895669291338
11
5.4342480708661416
21
-3.3813895669291338
0
LINE
8
BLACK
6
CONTINUOUS
10
5.4342480708661416
20
-3.3813895669291338
11
5.430864488188976
21
-3.3825174015748032
0
LINE
8
BLACK
6
CONTINUOUS
10
5.430864488188976
20
-3.3825174015748032
11
5.4286966141732282
21
-3.384685275590551
0
LINE
8
BLACK
6
CONTINUOUS
10
5.4286966141732282
20
-3.384685275590551
11
5.4275560629921262
21
-3.3869663779527559
0
LINE
8
BLACK
6
CONTINUOUS
10
5.4275560629921262
20
-3.3869663779527559
11
5.4262229921259841
21
-3.3922987007874017
0
LINE
8
BLACK
6
CONTINUOUS
10
5.4262229921259841
20
-3.3922987007874017
11
5.4262229921259841
21
-3.3960709448818895
0
LINE
8
BLACK
6
CONTINUOUS
10
5.4262229921259841
20
-3.3960709448818895
11
5.4275560629921262
21
-3.4014032283464566
0
LINE
8
BLACK
6
CONTINUOUS
10
5.4275560629921262
20
-3.4014032283464566
11
5.4286966141732282
21
-3.4036843307086615
0
LINE
8
BLACK
6
CONTINUOUS
10
5.4286966141732282
20
-3.4036843307086615
11
5.4308645275590548
21
-3.4058522834645668
0
LINE
8
BLACK
6
CONTINUOUS
10
5.4308645275590548
20
-3.4058522834645668
11
5.4342480708661416
21
-3.4069801181102362
0
LINE
8
BLACK
6
CONTINUOUS
10
5.4342480708661416
20
-3.4069801181102362
11
5.4362894488188971
21
-3.4069801181102362
0
LINE
8
BLACK
6
CONTINUOUS
10
5.4362894488188971
20
-3.4069801181102362
11
5.4396729527559051
21
-3.4058522834645668
0
LINE
8
BLACK
6
CONTINUOUS
10
5.4396729527559051
20
-3.4058522834645668
11
5.4398150787401578
21
-3.405710157480315
0
LINE
8
BLACK
6
CONTINUOUS
10
5.4398150787401578
20
-3.405710157480315
11
5.4398150787401578
21
-3.3993873228346456
0
LINE
8
BLACK
6
CONTINUOUS
10
5.4398150787401578
20
-3.3993873228346456
11
5.436768582677165
21
-3.3993873228346456
0
LINE
8
BLACK
6
CONTINUOUS
10
5.436768582677165
20
-3.3993873228346456
11
5.4361925196850391
21
-3.3993305905511808
0
LINE
8
BLACK
6
CONTINUOUS
10
5.4361925196850391
20
-3.3993305905511808
11
5.4351281102362208
21
-3.3988896850393702
0
LINE
8
BLACK
6
CONTINUOUS
10
5.4351281102362208
20
-3.3988896850393702
11
5.4343134645669293
21
-3.3980750393700787
0
LINE
8
BLACK
6
CONTINUOUS
10
5.4343134645669293
20
-3.3980750393700787
11
5.4338725590551178
21
-3.3970106299212599
0
LINE
8
BLACK
6
CONTINUOUS
10
5.4338725590551178
20
-3.3970106299212599
11
5.4338725590551178
21
-3.3958585039370077
0
LINE
8
BLACK
6
CONTINUOUS
10
5.4338725590551178
20
-3.3958585039370077
11
5.4343134645669293
21
-3.3947940944881889
0
LINE
8
BLACK
6
CONTINUOUS
10
5.4343134645669293
20
-3.3947940944881889
11
5.4351281102362208
21
-3.3939794488188975
0
LINE
8
BLACK
6
CONTINUOUS
10
5.4351281102362208
20
-3.3939794488188975
11
5.4361925196850391
21
-3.3935385433070864
0
LINE
8
BLACK
6
CONTINUOUS
10
5.4361925196850391
20
-3.3935385433070864
11
5.436768582677165
21
-3.393481811023622
0
LINE
8
BLACK
6
CONTINUOUS
10
5.436768582677165
20
-3.393481811023622
11
5.4427678346456689
21
-3.393481811023622
0
LINE
8
BLACK
6
CONTINUOUS
10
5.4427678346456689
20
-3.393481811023622
11
5.4433438976377948
21
-3.3935385433070864
0
LINE
8
BLACK
6
CONTINUOUS
10
5.4433438976377948
20
-3.3935385433070864
11
5.4444083070866141
21
-3.3939794488188975
0
LINE
8
BLACK
6
CONTINUOUS
10
5.4444083070866141
20
-3.3939794488188975
11
5.4452229527559055
21
-3.3947940944881889
0
LINE
8
BLACK
6
CONTINUOUS
10
5.4452229527559055
20
-3.3947940944881889
11
5.4456638582677162
21
-3.3958585039370077
0
LINE
8
BLACK
6
CONTINUOUS
10
5.4456638582677162
20
-3.3958585039370077
11
5.445720590551181
21
-3.3964345669291336
0
LINE
8
BLACK
6
CONTINUOUS
10
5.445720590551181
20
-3.3964345669291336
11
5.445720590551181
21
-3.4069332283464564
0
LINE
8
BLACK
6
CONTINUOUS
10
5.445720590551181
20
-3.4069332283464564
11
5.4456638582677162
21
-3.4075092913385827
0
LINE
8
BLACK
6
CONTINUOUS
10
5.4456638582677162
20
-3.4075092913385827
11
5.4456588582677163
21
-3.407521338582677
0
LINE
8
BLACK
6
CONTINUOUS
10
5.4456588582677163
20
-3.407521338582677
11
5.4452229921259843
21
-3.4085737007874015
0
LINE
8
BLACK
6
CONTINUOUS
10
5.4452229921259843
20
-3.4085737007874015
11
5.4448557480314959
21
-3.4090211417322833
0
LINE
8
BLACK
6
CONTINUOUS
10
5.4448557480314959
20
-3.4090211417322833
11
5.4433559055118108
21
-3.4105209842519684
0
LINE
8
BLACK
6
CONTINUOUS
10
5.4433559055118108
20
-3.4105209842519684
11
5.442908464566929
21
-3.410888188976378
0
LINE
8
BLACK
6
CONTINUOUS
10
5.442908464566929
20
-3.410888188976378
11
5.4428104724409447
21
-3.4109287401574804
0
LINE
8
BLACK
6
CONTINUOUS
10
5.4428104724409447
20
-3.4109287401574804
11
5.4427303149606301
21
-3.4109983070866141
0
LINE
8
BLACK
6
CONTINUOUS
10
5.4427303149606301
20
-3.4109983070866141
11
5.4422017322834648
21
-3.4112342913385825
0
LINE
8
BLACK
6
CONTINUOUS
10
5.4422017322834648
20
-3.4112342913385825
11
5.4377023228346459
21
-3.4127340944881888
0
LINE
8
BLACK
6
CONTINUOUS
10
5.4377023228346459
20
-3.4127340944881888
11
5.4374167322834648
21
-3.4127990157480315
0
LINE
8
BLACK
6
CONTINUOUS
10
5.4374167322834648
20
-3.4127990157480315
11
5.4373446456692909
21
-3.4128288976377954
0
LINE
8
BLACK
6
CONTINUOUS
10
5.4373446456692909
20
-3.4128288976377954
11
5.4372401181102363
21
-3.4128391732283463
0
LINE
8
BLACK
6
CONTINUOUS
10
5.4372401181102363
20
-3.4128391732283463
11
5.4371378740157477
21
-3.412862440944882
0
LINE
8
BLACK
6
CONTINUOUS
10
5.4371378740157477
20
-3.412862440944882
11
5.437060118110236
21
-3.4128568897637797
0
LINE
8
BLACK
6
CONTINUOUS
10
5.437060118110236
20
-3.4128568897637797
11
5.436768582677165
21
-3.4128856299212598
0
LINE
8
BLACK
6
CONTINUOUS
10
5.436768582677165
20
-3.4128856299212598
11
5.4337689370078737
21
-3.4128856299212598
0
LINE
8
BLACK
6
CONTINUOUS
10
5.4337689370078737
20
-3.4128856299212598
11
5.4334773622047239
21
-3.4128568897637797
0
LINE
8
BLACK
6
CONTINUOUS
10
5.4334773622047239
20
-3.4128568897637797
11
5.433399645669291
21
-3.412862440944882
0
LINE
8
BLACK
6
CONTINUOUS
10
5.433399645669291
20
-3.412862440944882
11
5.4332973622047245
21
-3.4128391732283463
0
LINE
8
BLACK
6
CONTINUOUS
10
5.4332973622047245
20
-3.4128391732283463
11
5.4331928740157478
21
-3.4128288976377954
0
LINE
8
BLACK
6
CONTINUOUS
10
5.4331928740157478
20
-3.4128288976377954
11
5.433120748031496
21
-3.4127990157480315
0
LINE
8
BLACK
6
CONTINUOUS
10
5.433120748031496
20
-3.4127990157480315
11
5.4328351968503936
21
-3.4127340944881888
0
LINE
8
BLACK
6
CONTINUOUS
10
5.4328351968503936
20
-3.4127340944881888
11
5.428335748031496
21
-3.4112342913385825
0
LINE
8
BLACK
6
CONTINUOUS
10
5.428335748031496
20
-3.4112342913385825
11
5.4278072047244095
21
-3.4109983070866141
0
LINE
8
BLACK
6
CONTINUOUS
10
5.4278072047244095
20
-3.4109983070866141
11
5.4277270472440939
21
-3.4109287795275591
0
LINE
8
BLACK
6
CONTINUOUS
10
5.4277270472440939
20
-3.4109287795275591
11
5.4276290157480318
21
-3.410888188976378
0
LINE
8
BLACK
6
CONTINUOUS
10
5.4276290157480318
20
-3.410888188976378
11
5.4271815748031491
21
-3.4105209842519684
0
LINE
8
BLACK
6
CONTINUOUS
10
5.4271815748031491
20
-3.4105209842519684
11
5.4241819685039365
21
-3.407521338582677
0
LINE
8
BLACK
6
CONTINUOUS
10
5.4241819685039365
20
-3.407521338582677
11
5.4239961811023623
21
-3.4072949606299212
0
LINE
8
BLACK
6
CONTINUOUS
10
5.4239961811023623
20
-3.4072949606299212
11
5.4239372047244094
21
-3.4072438188976375
0
LINE
8
BLACK
6
CONTINUOUS
10
5.4239372047244094
20
-3.4072438188976375
11
5.4238812204724409
21
-3.4071548818897637
0
LINE
8
BLACK
6
CONTINUOUS
10
5.4238812204724409
20
-3.4071548818897637
11
5.423814724409449
21
-3.4070738582677165
0
LINE
8
BLACK
6
CONTINUOUS
10
5.423814724409449
20
-3.4070738582677165
11
5.4237848818897634
21
-3.4070018110236218
0
LINE
8
BLACK
6
CONTINUOUS
10
5.4237848818897634
20
-3.4070018110236218
11
5.4236288582677163
21
-3.4067539370078741
0
LINE
8
BLACK
6
CONTINUOUS
10
5.4236288582677163
20
-3.4067539370078741
11
5.4221290551181101
21
-3.4037543307086615
0
LINE
8
BLACK
6
CONTINUOUS
10
5.4221290551181101
20
-3.4037543307086615
11
5.4221129133858268
21
-3.4037122047244095
0
LINE
8
BLACK
6
CONTINUOUS
10
5.4221129133858268
20
-3.4037122047244095
11
5.422100236220472
21
-3.4036950787401574
0
LINE
8
BLACK
6
CONTINUOUS
10
5.422100236220472
20
-3.4036950787401574
11
5.4220136614173224
21
-3.4034528740157479
0
LINE
8
BLACK
6
CONTINUOUS
10
5.4220136614173224
20
-3.4034528740157479
11
5.4219221653543306
21
-3.4032137007874015
0
LINE
8
BLACK
6
CONTINUOUS
10
5.4219221653543306
20
-3.4032137007874015
11
5.4219206299212601
21
-3.4031924803149605
0
LINE
8
BLACK
6
CONTINUOUS
10
5.4219206299212601
20
-3.4031924803149605
11
5.4219054724409448
21
-3.4031500000000001
0
LINE
8
BLACK
6
CONTINUOUS
10
5.4219054724409448
20
-3.4031500000000001
11
5.4204056299212597
21
-3.3971507480314962
0
LINE
8
BLACK
6
CONTINUOUS
10
5.4204056299212597
20
-3.3971507480314962
11
5.4203908267716532
21
-3.3970507874015747
0
LINE
8
BLACK
6
CONTINUOUS
10
5.4203908267716532
20
-3.3970507874015747
11
5.4203742125984249
21
-3.3970106299212599
0
LINE
8
BLACK
6
CONTINUOUS
10
5.4203742125984249
20
-3.3970106299212599
11
5.4203528346456693
21
-3.3967936220472441
0
LINE
8
BLACK
6
CONTINUOUS
10
5.4203528346456693
20
-3.3967936220472441
11
5.4203209842519682
21
-3.3965781102362205
0
LINE
8
BLACK
6
CONTINUOUS
10
5.4203209842519682
20
-3.3965781102362205
11
5.4203273622047243
21
-3.3965350787401576
0
LINE
8
BLACK
6
CONTINUOUS
10
5.4203273622047243
20
-3.3965350787401576
11
5.4203174803149601
21
-3.3964345669291336
0
LINE
8
BLACK
6
CONTINUOUS
10
5.4203174803149601
20
-3.3964345669291336
11
5.4203174803149601
21
-3.391935118110236
0
LINE
8
BLACK
6
CONTINUOUS
10
5.4203174803149601
20
-3.391935118110236
11
5.4203273622047243
21
-3.3918345669291337
0
LINE
8
BLACK
6
CONTINUOUS
10
5.4203273622047243
20
-3.3918345669291337
11
5.4203209842519682
21
-3.3917915748031495
0
LINE
8
BLACK
6
CONTINUOUS
10
5.4203209842519682
20
-3.3917915748031495
11
5.4203528346456693
21
-3.3915760236220471
0
LINE
8
BLACK
6
CONTINUOUS
10
5.4203528346456693
20
-3.3915760236220471
11
5.4203742125984249
21
-3.3913590551181101
0
LINE
8
BLACK
6
CONTINUOUS
10
5.4203742125984249
20
-3.3913590551181101
11
5.4203908267716532
21
-3.3913188582677165
0
LINE
8
BLACK
6
CONTINUOUS
10
5.4203908267716532
20
-3.3913188582677165
11
5.4204056299212597
21
-3.3912189370078738
0
LINE
8
BLACK
6
CONTINUOUS
10
5.4204056299212597
20
-3.3912189370078738
11
5.4219054724409448
21
-3.3852196850393699
0
LINE
8
BLACK
6
CONTINUOUS
10
5.4219054724409448
20
-3.3852196850393699
11
5.4219206299212601
21
-3.3851771653543308
0
LINE
8
BLACK
6
CONTINUOUS
10
5.4219206299212601
20
-3.3851771653543308
11
5.4219221653543306
21
-3.3851559842519685
0
LINE
8
BLACK
6
CONTINUOUS
10
5.4219221653543306
20
-3.3851559842519685
11
5.4220136614173224
21
-3.3849167716535433
0
LINE
8
BLACK
6
CONTINUOUS
10
5.4220136614173224
20
-3.3849167716535433
11
5.422100236220472
21
-3.3846746062992126
0
LINE
8
BLACK
6
CONTINUOUS
10
5.422100236220472
20
-3.3846746062992126
11
5.4221129133858268
21
-3.3846574409448817
0
LINE
8
BLACK
6
CONTINUOUS
10
5.4221129133858268
20
-3.3846574409448817
11
5.4221290551181101
21
-3.3846153543307085
0
LINE
8
BLACK
6
CONTINUOUS
10
5.4221290551181101
20
-3.3846153543307085
11
5.4236288582677163
21
-3.3816157086614171
0
LINE
8
BLACK
6
CONTINUOUS
10
5.4236288582677163
20
-3.3816157086614171
11
5.4237849212598421
21
-3.3813676771653545
0
LINE
8
BLACK
6
CONTINUOUS
10
5.4237849212598421
20
-3.3813676771653545
11
5.4238147637795278
21
-3.381295748031496
0
LINE
8
BLACK
6
CONTINUOUS
10
5.4238147637795278
20
-3.381295748031496
11
5.4238812204724409
21
-3.3812147637795276
0
LINE
8
BLACK
6
CONTINUOUS
10
5.4238812204724409
20
-3.3812147637795276
11
5.4239372047244094
21
-3.3811258267716533
0
LINE
8
BLACK
6
CONTINUOUS
10
5.4239372047244094
20
-3.3811258267716533
11
5.4239961811023623
21
-3.3810746456692913
0
LINE
8
BLACK
6
CONTINUOUS
10
5.4239961811023623
20
-3.3810746456692913
11
5.4241819685039365
21
-3.3808483070866142
0
LINE
8
BLACK
6
CONTINUOUS
10
5.4241819685039365
20
-3.3808483070866142
11
5.4271815748031491
21
-3.3778487007874016
0
LINE
8
BLACK
6
CONTINUOUS
10
5.4271815748031491
20
-3.3778487007874016
11
5.4276290157480318
21
-3.3774814566929132
0
LINE
8
BLACK
6
CONTINUOUS
10
5.4276290157480318
20
-3.3774814566929132
11
5.4277271259842514
21
-3.3774407874015746
0
LINE
8
BLACK
6
CONTINUOUS
10
5.4277271259842514
20
-3.3774407874015746
11
5.4278072047244095
21
-3.3773713779527559
0
LINE
8
BLACK
6
CONTINUOUS
10
5.4278072047244095
20
-3.3773713779527559
11
5.428335748031496
21
-3.3771353937007875
0
LINE
8
BLACK
6
CONTINUOUS
10
5.428335748031496
20
-3.3771353937007875
11
5.4328351968503936
21
-3.3756355905511812
0
LINE
8
BLACK
6
CONTINUOUS
10
5.4328351968503936
20
-3.3756355905511812
11
5.433120748031496
21
-3.3755706299212598
0
LINE
8
BLACK
6
CONTINUOUS
10
5.433120748031496
20
-3.3755706299212598
11
5.4331928740157478
21
-3.3755407874015746
0
LINE
8
BLACK
6
CONTINUOUS
10
5.4331928740157478
20
-3.3755407874015746
11
5.4332973622047245
21
-3.375530472440945
0
LINE
8
BLACK
6
CONTINUOUS
10
5.4332973622047245
20
-3.375530472440945
11
5.433399645669291
21
-3.375507244094488
0
LINE
8
BLACK
6
CONTINUOUS
10
5.433399645669291
20
-3.375507244094488
11
5.4334773622047239
21
-3.3755127559055116
0
LINE
8
BLACK
6
CONTINUOUS
10
5.4334773622047239
20
-3.3755127559055116
11
5.4337689370078737
21
-3.3754840551181102
0
LINE
8
BLACK
6
CONTINUOUS
10
5.4337689370078737
20
-3.3754840551181102
11
5.4382683858267713
21
-3.3754840551181102
0
LINE
8
BLACK
6
CONTINUOUS
10
5.4382683858267713
20
-3.3754840551181102
11
5.4388444488188972
21
-3.3755407874015746
0
LINE
8
BLACK
6
CONTINUOUS
10
5.4970525984251966
20
-3.3755127559055116
11
5.4971303543307082
21
-3.375507244094488
0
LINE
8
BLACK
6
CONTINUOUS
10
5.4971303543307082
20
-3.375507244094488
11
5.4972325984251968
21
-3.375530472440945
0
LINE
8
BLACK
6
CONTINUOUS
10
5.4972325984251968
20
-3.375530472440945
11
5.4973371259842523
21
-3.3755407874015746
0
LINE
8
BLACK
6
CONTINUOUS
10
5.4973371259842523
20
-3.3755407874015746
11
5.4974092125984253
21
-3.3755706299212598
0
LINE
8
BLACK
6
CONTINUOUS
10
5.4974092125984253
20
-3.3755706299212598
11
5.4976948031496065
21
-3.3756355905511812
0
LINE
8
BLACK
6
CONTINUOUS
10
5.4976948031496065
20
-3.3756355905511812
11
5.5021942519685041
21
-3.3771353937007875
0
LINE
8
BLACK
6
CONTINUOUS
10
5.5021942519685041
20
-3.3771353937007875
11
5.5027227952755906
21
-3.3773713779527559
0
LINE
8
BLACK
6
CONTINUOUS
10
5.5027227952755906
20
-3.3773713779527559
11
5.5028029133858265
21
-3.3774408661417321
0
LINE
8
BLACK
6
CONTINUOUS
10
5.5028029133858265
20
-3.3774408661417321
11
5.5029009842519683
21
-3.377481496062992
0
LINE
8
BLACK
6
CONTINUOUS
10
5.5029009842519683
20
-3.377481496062992
11
5.5033484251968501
21
-3.3778487007874016
0
LINE
8
BLACK
6
CONTINUOUS
10
5.5033484251968501
20
-3.3778487007874016
11
5.5063480314960627
21
-3.3808483070866142
0
LINE
8
BLACK
6
CONTINUOUS
10
5.5063480314960627
20
-3.3808483070866142
11
5.5065338582677166
21
-3.38107468503937
0
LINE
8
BLACK
6
CONTINUOUS
10
5.5065338582677166
20
-3.38107468503937
11
5.5065927952755906
21
-3.3811258267716533
0
LINE
8
BLACK
6
CONTINUOUS
10
5.5065927952755906
20
-3.3811258267716533
11
5.5066486614173229
21
-3.3812145669291338
0
LINE
8
BLACK
6
CONTINUOUS
10
5.5066486614173229
20
-3.3812145669291338
11
5.5067152755905511
21
-3.381295748031496
0
LINE
8
BLACK
6
CONTINUOUS
10
5.5067152755905511
20
-3.381295748031496
11
5.5067451181102358
21
-3.3813678740157478
0
LINE
8
BLACK
6
CONTINUOUS
10
5.5067451181102358
20
-3.3813678740157478
11
5.5069011417322837
21
-3.3816157086614171
0
LINE
8
BLACK
6
CONTINUOUS
10
5.5069011417322837
20
-3.3816157086614171
11
5.50840094488189
21
-3.3846153543307085
0
LINE
8
BLACK
6
CONTINUOUS
10
5.50840094488189
20
-3.3846153543307085
11
5.5084170472440945
21
-3.3846574409448817
0
LINE
8
BLACK
6
CONTINUOUS
10
5.5084170472440945
20
-3.3846574409448817
11
5.5084297637795272
21
-3.3846746062992126
0
LINE
8
BLACK
6
CONTINUOUS
10
5.5084297637795272
20
-3.3846746062992126
11
5.508516299212598
21
-3.3849167716535433
0
LINE
8
BLACK
6
CONTINUOUS
10
5.508516299212598
20
-3.3849167716535433
11
5.5086078346456695
21
-3.3851559842519685
0
LINE
8
BLACK
6
CONTINUOUS
10
5.5086078346456695
20
-3.3851559842519685
11
5.5086093307086612
21
-3.3851771653543308
0
LINE
8
BLACK
6
CONTINUOUS
10
5.5086093307086612
20
-3.3851771653543308
11
5.5086245275590553
21
-3.3852196850393699
0
LINE
8
BLACK
6
CONTINUOUS
10
5.5086245275590553
20
-3.3852196850393699
11
5.5101243700787403
21
-3.3912189763779526
0
LINE
8
BLACK
6
CONTINUOUS
10
5.5101243700787403
20
-3.3912189763779526
11
5.5101391338582673
21
-3.3913188188976378
0
LINE
8
BLACK
6
CONTINUOUS
10
5.5101391338582673
20
-3.3913188188976378
11
5.5101557874015743
21
-3.3913590551181101
0
LINE
8
BLACK
6
CONTINUOUS
10
5.5101557874015743
20
-3.3913590551181101
11
5.510177125984252
21
-3.3915760629921259
0
LINE
8
BLACK
6
CONTINUOUS
10
5.510177125984252
20
-3.3915760629921259
11
5.510209015748031
21
-3.3917915748031495
0
LINE
8
BLACK
6
CONTINUOUS
10
5.510209015748031
20
-3.3917915748031495
11
5.510202598425197
21
-3.3918345669291337
0
LINE
8
BLACK
6
CONTINUOUS
10
5.510202598425197
20
-3.3918345669291337
11
5.5102125196850391
21
-3.391935118110236
0
LINE
8
BLACK
6
CONTINUOUS
10
5.5102125196850391
20
-3.391935118110236
11
5.5102125196850391
21
-3.3964345669291336
0
LINE
8
BLACK
6
CONTINUOUS
10
5.5102125196850391
20
-3.3964345669291336
11
5.510202598425197
21
-3.3965350787401576
0
LINE
8
BLACK
6
CONTINUOUS
10
5.510202598425197
20
-3.3965350787401576
11
5.510209015748031
21
-3.3965781102362205
0
LINE
8
BLACK
6
CONTINUOUS
10
5.510209015748031
20
-3.3965781102362205
11
5.510177125984252
21
-3.3967935826771654
0
LINE
8
BLACK
6
CONTINUOUS
10
5.510177125984252
20
-3.3967935826771654
11
5.5101557874015743
21
-3.3970106299212599
0
LINE
8
BLACK
6
CONTINUOUS
10
5.5101557874015743
20
-3.3970106299212599
11
5.5101391338582673
21
-3.3970508267716535
0
LINE
8
BLACK
6
CONTINUOUS
10
5.5101391338582673
20
-3.3970508267716535
11
5.5101243700787403
21
-3.3971507086614174
0
LINE
8
BLACK
6
CONTINUOUS
10
5.5101243700787403
20
-3.3971507086614174
11
5.5086245275590553
21
-3.4031500000000001
0
LINE
8
BLACK
6
CONTINUOUS
10
5.5086245275590553
20
-3.4031500000000001
11
5.5086093307086612
21
-3.4031924803149605
0
LINE
8
BLACK
6
CONTINUOUS
10
5.5086093307086612
20
-3.4031924803149605
11
5.5086078346456695
21
-3.4032137007874015
0
LINE
8
BLACK
6
CONTINUOUS
10
5.5086078346456695
20
-3.4032137007874015
11
5.508516299212598
21
-3.4034528740157479
0
LINE
8
BLACK
6
CONTINUOUS
10
5.508516299212598
20
-3.4034528740157479
11
5.5084297637795272
21
-3.4036950787401574
0
LINE
8
BLACK
6
CONTINUOUS
10
5.5084297637795272
20
-3.4036950787401574
11
5.5084170472440945
21
-3.4037122047244095
0
LINE
8
BLACK
6
CONTINUOUS
10
5.5084170472440945
20
-3.4037122047244095
11
5.50840094488189
21
-3.4037543307086615
0
LINE
8
BLACK
6
CONTINUOUS
10
5.50840094488189
20
-3.4037543307086615
11
5.5069011417322837
21
-3.4067539370078741
0
LINE
8
BLACK
6
CONTINUOUS
10
5.5069011417322837
20
-3.4067539370078741
11
5.5067450787401571
21
-3.4070018110236218
0
LINE
8
BLACK
6
CONTINUOUS
10
5.5067450787401571
20
-3.4070018110236218
11
5.5067152755905511
21
-3.4070738582677165
0
LINE
8
BLACK
6
CONTINUOUS
10
5.5067152755905511
20
-3.4070738582677165
11
5.5066487401574804
21
-3.4071548818897637
0
LINE
8
BLACK
6
CONTINUOUS
10
5.5066487401574804
20
-3.4071548818897637
11
5.5065927952755906
21
-3.4072438188976375
0
LINE
8
BLACK
6
CONTINUOUS
10
5.5065927952755906
20
-3.4072438188976375
11
5.5065337795275591
21
-3.4072949606299212
0
LINE
8
BLACK
6
CONTINUOUS
10
5.5065337795275591
20
-3.4072949606299212
11
5.5063480708661414
21
-3.4075212992125983
0
LINE
8
BLACK
6
CONTINUOUS
10
5.5063480708661414
20
-3.4075212992125983
11
5.5033484251968501
21
-3.4105209842519684
0
LINE
8
BLACK
6
CONTINUOUS
10
5.5033484251968501
20
-3.4105209842519684
11
5.5029009842519683
21
-3.410888188976378
0
LINE
8
BLACK
6
CONTINUOUS
10
5.5029009842519683
20
-3.410888188976378
11
5.5028029133858265
21
-3.4109287795275591
0
LINE
8
BLACK
6
CONTINUOUS
10
5.5028029133858265
20
-3.4109287795275591
11
5.5027227952755906
21
-3.4109983070866141
0
LINE
8
BLACK
6
CONTINUOUS
10
5.5027227952755906
20
-3.4109983070866141
11
5.5021942519685041
21
-3.4112342913385825
0
LINE
8
BLACK
6
CONTINUOUS
10
5.5021942519685041
20
-3.4112342913385825
11
5.4976948031496065
21
-3.4127340944881888
0
LINE
8
BLACK
6
CONTINUOUS
10
5.4976948031496065
20
-3.4127340944881888
11
5.4974092125984253
21
-3.4127990157480315
0
LINE
8
BLACK
6
CONTINUOUS
10
5.4974092125984253
20
-3.4127990157480315
11
5.4973371259842523
21
-3.4128288976377954
0
LINE
8
BLACK
6
CONTINUOUS
10
5.4973371259842523
20
-3.4128288976377954
11
5.4972325984251968
21
-3.4128391732283463
0
LINE
8
BLACK
6
CONTINUOUS
10
5.4972325984251968
20
-3.4128391732283463
11
5.4971303543307082
21
-3.412862440944882
0
LINE
8
BLACK
6
CONTINUOUS
10
5.4971303543307082
20
-3.412862440944882
11
5.4970525984251966
21
-3.4128568897637797
0
LINE
8
BLACK
6
CONTINUOUS
10
5.4970525984251966
20
-3.4128568897637797
11
5.4967610629921255
21
-3.4128856299212598
0
LINE
8
BLACK
6
CONTINUOUS
10
5.4967610629921255
20
-3.4128856299212598
11
5.4892620078740153
21
-3.4128856299212598
0
LINE
8
BLACK
6
CONTINUOUS
10
5.4892620078740153
20
-3.4128856299212598
11
5.4886859448818894
21
-3.4128288976377954
0
LINE
8
BLACK
6
CONTINUOUS
10
5.4886859448818894
20
-3.4128288976377954
11
5.4876215354330711
21
-3.4123879921259843
0
LINE
8
BLACK
6
CONTINUOUS
10
5.4876215354330711
20
-3.4123879921259843
11
5.4868068897637796
21
-3.4115733464566929
0
LINE
8
BLACK
6
CONTINUOUS
10
5.4868068897637796
20
-3.4115733464566929
11
5.4863659842519681
21
-3.4105089370078741
0
LINE
8
BLACK
6
CONTINUOUS
10
5.4863659842519681
20
-3.4105089370078741
11
5.4863092519685042
21
-3.4099328740157477
0
LINE
8
BLACK
6
CONTINUOUS
10
5.4863092519685042
20
-3.4099328740157477
11
5.4863092519685042
21
-3.3784368110236218
0
LINE
8
BLACK
6
CONTINUOUS
10
5.4863092519685042
20
-3.3784368110236218
11
5.4863659842519681
21
-3.3778607480314959
0
LINE
8
BLACK
6
CONTINUOUS
10
5.4863659842519681
20
-3.3778607480314959
11
5.4868068897637796
21
-3.3767963385826771
0
LINE
8
BLACK
6
CONTINUOUS
10
5.4868068897637796
20
-3.3767963385826771
11
5.4876215354330711
21
-3.3759816929133857
0
LINE
8
BLACK
6
CONTINUOUS
10
5.4876215354330711
20
-3.3759816929133857
11
5.4886859448818894
21
-3.3755407874015746
0
LINE
8
BLACK
6
CONTINUOUS
10
5.4886859448818894
20
-3.3755407874015746
11
5.4892620078740153
21
-3.3754840551181102
0
LINE
8
BLACK
6
CONTINUOUS
10
5.4892620078740153
20
-3.3754840551181102
11
5.4967610629921255
21
-3.3754840551181102
0
LINE
8
BLACK
6
CONTINUOUS
10
5.4967610629921255
20
-3.3754840551181102
11
5.4970525984251966
21
-3.3755127559055116
0
LINE
8
BLACK
6
CONTINUOUS
10
5.4922147637795273
20
-3.4069801181102362
11
5.4962819291338585
21
-3.4069801181102362
0
LINE
8
BLACK
6
CONTINUOUS
10
5.4962819291338585
20
-3.4069801181102362
11
5.4996654330708656
21
-3.4058522834645668
0
LINE
8
BLACK
6
CONTINUOUS
10
5.4996654330708656
20
-3.4058522834645668
11
5.5018333464566931
21
-3.4036843307086615
0
LINE
8
BLACK
6
CONTINUOUS
10
5.5018333464566931
20
-3.4036843307086615
11
5.5029738976377951
21
-3.4014032677165353
0
LINE
8
BLACK
6
CONTINUOUS
10
5.5029738976377951
20
-3.4014032677165353
11
5.5043070078740159
21
-3.3960709448818895
0
LINE
8
BLACK
6
CONTINUOUS
10
5.5043070078740159
20
-3.3960709448818895
11
5.5043070078740159
21
-3.3922987007874017
0
LINE
8
BLACK
6
CONTINUOUS
10
5.5043070078740159
20
-3.3922987007874017
11
5.5029738976377951
21
-3.3869663385826771
0
LINE
8
BLACK
6
CONTINUOUS
10
5.5029738976377951
20
-3.3869663385826771
11
5.5018333464566931
21
-3.384685275590551
0
LINE
8
BLACK
6
CONTINUOUS
10
5.5018333464566931
20
-3.384685275590551
11
5.4996654724409444
21
-3.3825174015748032
0
LINE
8
BLACK
6
CONTINUOUS
10
5.4996654724409444
20
-3.3825174015748032
11
5.4962819291338585
21
-3.3813895669291338
0
LINE
8
BLACK
6
CONTINUOUS
10
5.4962819291338585
20
-3.3813895669291338
11
5.4922147637795273
21
-3.3813895669291338
0
LINE
8
BLACK
6
CONTINUOUS
10
5.4922147637795273
20
-3.3813895669291338
11
5.4922147637795273
21
-3.4069801181102362
0
LINE
8
BLACK
6
CONTINUOUS
10
5.4566539763779529
20
-3.3755407874015746
11
5.456842204724409
21
-3.3755407874015746
0
LINE
8
BLACK
6
CONTINUOUS
10
5.456842204724409
20
-3.3755407874015746
11
5.4572050000000001
21
-3.375691062992126
0
LINE
8
BLACK
6
CONTINUOUS
10
5.4572050000000001
20
-3.375691062992126
11
5.4575838976377948
21
-3.3757944094488188
0
LINE
8
BLACK
6
CONTINUOUS
10
5.4575838976377948
20
-3.3757944094488188
11
5.4577327165354328
21
-3.3759096456692914
0
LINE
8
BLACK
6
CONTINUOUS
10
5.4577327165354328
20
-3.3759096456692914
11
5.4579066141732282
21
-3.3759816929133857
0
LINE
8
BLACK
6
CONTINUOUS
10
5.4579066141732282
20
-3.3759816929133857
11
5.4581841732283465
21
-3.376259251968504
0
LINE
8
BLACK
6
CONTINUOUS
10
5.4581841732283465
20
-3.376259251968504
11
5.4584948031496063
21
-3.3764998031496063
0
LINE
8
BLACK
6
CONTINUOUS
10
5.4584948031496063
20
-3.3764998031496063
11
5.4586661417322837
21
-3.3767412204724407
0
LINE
8
BLACK
6
CONTINUOUS
10
5.4586661417322837
20
-3.3767412204724407
11
5.4587212598425197
21
-3.3767963385826771
0
LINE
8
BLACK
6
CONTINUOUS
10
5.4587212598425197
20
-3.3767963385826771
11
5.4587436614173228
21
-3.376850433070866
0
LINE
8
BLACK
6
CONTINUOUS
10
5.4587436614173228
20
-3.376850433070866
11
5.4588298425196848
21
-3.3769718503937005
0
LINE
8
BLACK
6
CONTINUOUS
10
5.4588298425196848
20
-3.3769718503937005
11
5.4713111417322837
21
-3.3988140944881891
0
LINE
8
BLACK
6
CONTINUOUS
10
5.4713111417322837
20
-3.3988140944881891
11
5.4713111417322837
21
-3.3784368110236218
0
LINE
8
BLACK
6
CONTINUOUS
10
5.4713111417322837
20
-3.3784368110236218
11
5.4713678740157476
21
-3.3778607480314959
0
LINE
8
BLACK
6
CONTINUOUS
10
5.4713678740157476
20
-3.3778607480314959
11
5.4718087795275592
21
-3.3767963385826771
0
LINE
8
BLACK
6
CONTINUOUS
10
5.4718087795275592
20
-3.3767963385826771
11
5.4726234251968506
21
-3.3759816929133857
0
LINE
8
BLACK
6
CONTINUOUS
10
5.4726234251968506
20
-3.3759816929133857
11
5.473687834645669
21
-3.3755407874015746
0
LINE
8
BLACK
6
CONTINUOUS
10
5.473687834645669
20
-3.3755407874015746
11
5.4748399606299207
21
-3.3755407874015746
0
LINE
8
BLACK
6
CONTINUOUS
10
5.4748399606299207
20
-3.3755407874015746
11
5.47590437007874
21
-3.3759816929133857
0
LINE
8
BLACK
6
CONTINUOUS
10
5.47590437007874
20
-3.3759816929133857
11
5.4767190157480314
21
-3.3767963385826771
0
LINE
8
BLACK
6
CONTINUOUS
10
5.4767190157480314
20
-3.3767963385826771
11
5.4771599212598421
21
-3.3778607480314959
0
LINE
8
BLACK
6
CONTINUOUS
10
5.4771599212598421
20
-3.3778607480314959
11
5.4772166535433069
21
-3.3784368110236218
0
LINE
8
BLACK
6
CONTINUOUS
10
5.4772166535433069
20
-3.3784368110236218
11
5.4772166535433069
21
-3.4099328740157477
0
LINE
8
BLACK
6
CONTINUOUS
10
5.4772166535433069
20
-3.4099328740157477
11
5.4772020472440941
21
-3.4100810236220473
0
LINE
8
BLACK
6
CONTINUOUS
10
5.4772020472440941
20
-3.4100810236220473
11
5.4772094488188978
21
-3.4101391338582676
0
LINE
8
BLACK
6
CONTINUOUS
10
5.4772094488188978
20
-3.4101391338582676
11
5.4771888976377952
21
-3.4102143307086612
0
LINE
8
BLACK
6
CONTINUOUS
10
5.4771888976377952
20
-3.4102143307086612
11
5.4771599212598421
21
-3.4105089370078741
0
LINE
8
BLACK
6
CONTINUOUS
10
5.4771599212598421
20
-3.4105089370078741
11
5.4770096062992124
21
-3.4108717322834643
0
LINE
8
BLACK
6
CONTINUOUS
10
5.4770096062992124
20
-3.4108717322834643
11
5.4769062992125983
21
-3.4112506299212599
0
LINE
8
BLACK
6
CONTINUOUS
10
5.4769062992125983
20
-3.4112506299212599
11
5.4767910236220469
21
-3.4113994488188975
0
LINE
8
BLACK
6
CONTINUOUS
10
5.4767910236220469
20
-3.4113994488188975
11
5.4767190157480314
21
-3.4115733464566929
0
LINE
8
BLACK
6
CONTINUOUS
10
5.4767190157480314
20
-3.4115733464566929
11
5.4764414173228344
21
-3.4118509055118111
0
LINE
8
BLACK
6
CONTINUOUS
10
5.4764414173228344
20
-3.4118509055118111
11
5.4762009055118108
21
-3.412161535433071
0
LINE
8
BLACK
6
CONTINUOUS
10
5.4762009055118108
20
-3.412161535433071
11
5.4760373622047247
21
-3.4122549606299213
0
LINE
8
BLACK
6
CONTINUOUS
10
5.4760373622047247
20
-3.4122549606299213
11
5.47590437007874
21
-3.4123879921259843
0
LINE
8
BLACK
6
CONTINUOUS
10
5.47590437007874
20
-3.4123879921259843
11
5.4755416535433072
21
-3.4125382283464565
0
LINE
8
BLACK
6
CONTINUOUS
10
5.4755416535433072
20
-3.4125382283464565
11
5.4752005511811026
21
-3.4127331496062991
0
LINE
8
BLACK
6
CONTINUOUS
10
5.4752005511811026
20
-3.4127331496062991
11
5.4750137795275586
21
-3.4127568503937007
0
LINE
8
BLACK
6
CONTINUOUS
10
5.4750137795275586
20
-3.4127568503937007
11
5.4748399606299207
21
-3.4128288976377954
0
LINE
8
BLACK
6
CONTINUOUS
10
5.4748399606299207
20
-3.4128288976377954
11
5.474447283464567
21
-3.4128288976377954
0
LINE
8
BLACK
6
CONTINUOUS
10
5.474447283464567
20
-3.4128288976377954
11
5.4740576377952754
21
-3.4128784251968503
0
LINE
8
BLACK
6
CONTINUOUS
10
5.4740576377952754
20
-3.4128784251968503
11
5.4738760629921259
21
-3.4128288976377954
0
LINE
8
BLACK
6
CONTINUOUS
10
5.4738760629921259
20
-3.4128288976377954
11
5.473687834645669
21
-3.4128288976377954
0
LINE
8
BLACK
6
CONTINUOUS
10
5.473687834645669
20
-3.4128288976377954
11
5.4733249606299212
21
-3.4126785826771653
0
LINE
8
BLACK
6
CONTINUOUS
10
5.4733249606299212
20
-3.4126785826771653
11
5.4729461811023619
21
-3.4125752755905512
0
LINE
8
BLACK
6
CONTINUOUS
10
5.4729461811023619
20
-3.4125752755905512
11
5.4727973622047239
21
-3.4124600393700786
0
LINE
8
BLACK
6
CONTINUOUS
10
5.4727973622047239
20
-3.4124600393700786
11
5.4726234251968506
21
-3.4123879921259843
0
LINE
8
BLACK
6
CONTINUOUS
10
5.4726234251968506
20
-3.4123879921259843
11
5.4723457874015748
21
-3.4121103543307085
0
LINE
8
BLACK
6
CONTINUOUS
10
5.4723457874015748
20
-3.4121103543307085
11
5.4720352362204725
21
-3.4118698818897637
0
LINE
8
BLACK
6
CONTINUOUS
10
5.4720352362204725
20
-3.4118698818897637
11
5.4718638582677164
21
-3.4116284251968505
0
LINE
8
BLACK
6
CONTINUOUS
10
5.4718638582677164
20
-3.4116284251968505
11
5.4718087795275592
21
-3.4115733464566929
0
LINE
8
BLACK
6
CONTINUOUS
10
5.4718087795275592
20
-3.4115733464566929
11
5.4717863385826773
21
-3.4115192125984253
0
LINE
8
BLACK
6
CONTINUOUS
10
5.4717863385826773
20
-3.4115192125984253
11
5.471700196850394
21
-3.411397834645669
0
LINE
8
BLACK
6
CONTINUOUS
10
5.471700196850394
20
-3.411397834645669
11
5.4592188976377951
21
-3.3895555511811022
0
LINE
8
BLACK
6
CONTINUOUS
10
5.4592188976377951
20
-3.3895555511811022
11
5.4592188976377951
21
-3.4099328740157477
0
LINE
8
BLACK
6
CONTINUOUS
10
5.4592188976377951
20
-3.4099328740157477
11
5.4591621653543303
21
-3.4105089370078741
0
LINE
8
BLACK
6
CONTINUOUS
10
5.4591621653543303
20
-3.4105089370078741
11
5.4587212598425197
21
-3.4115733464566929
0
LINE
8
BLACK
6
CONTINUOUS
10
5.4587212598425197
20
-3.4115733464566929
11
5.4579066141732282
21
-3.4123879921259843
0
LINE
8
BLACK
6
CONTINUOUS
10
5.4579066141732282
20
-3.4123879921259843
11
5.456842204724409
21
-3.4128288976377954
0
LINE
8
BLACK
6
CONTINUOUS
10
5.456842204724409
20
-3.4128288976377954
11
5.4556900787401572
21
-3.4128288976377954
0
LINE
8
BLACK
6
CONTINUOUS
10
5.4556900787401572
20
-3.4128288976377954
11
5.4546256692913389
21
-3.4123879921259843
0
LINE
8
BLACK
6
CONTINUOUS
10
5.4546256692913389
20
-3.4123879921259843
11
5.4538110236220474
21
-3.4115733464566929
0
LINE
8
BLACK
6
CONTINUOUS
10
5.4538110236220474
20
-3.4115733464566929
11
5.4533701181102359
21
-3.4105089370078741
0
LINE
8
BLACK
6
CONTINUOUS
10
5.4533701181102359
20
-3.4105089370078741
11
5.4533133858267719
21
-3.4099328740157477
0
LINE
8
BLACK
6
CONTINUOUS
10
5.4533133858267719
20
-3.4099328740157477
11
5.4533133858267719
21
-3.3784368110236218
0
LINE
8
BLACK
6
CONTINUOUS
10
5.4533133858267719
20
-3.3784368110236218
11
5.4533279527559051
21
-3.3782886220472439
0
LINE
8
BLACK
6
CONTINUOUS
10
5.4533279527559051
20
-3.3782886220472439
11
5.453320590551181
21
-3.3782305511811024
0
LINE
8
BLACK
6
CONTINUOUS
10
5.453320590551181
20
-3.3782305511811024
11
5.4533411023622049
21
-3.37815531496063
0
LINE
8
BLACK
6
CONTINUOUS
10
5.4533411023622049
20
-3.37815531496063
11
5.4533701181102359
21
-3.3778607480314959
0
LINE
8
BLACK
6
CONTINUOUS
10
5.4533701181102359
20
-3.3778607480314959
11
5.4535203937007877
21
-3.3774979133858265
0
LINE
8
BLACK
6
CONTINUOUS
10
5.4535203937007877
20
-3.3774979133858265
11
5.4536237401574805
21
-3.3771190551181101
0
LINE
8
BLACK
6
CONTINUOUS
10
5.4536237401574805
20
-3.3771190551181101
11
5.4537389763779522
21
-3.3769701968503938
0
LINE
8
BLACK
6
CONTINUOUS
10
5.4537389763779522
20
-3.3769701968503938
11
5.4538110236220474
21
-3.3767963385826771
0
LINE
8
BLACK
6
CONTINUOUS
10
5.4538110236220474
20
-3.3767963385826771
11
5.4540885826771648
21
-3.3765187401574801
0
LINE
8
BLACK
6
CONTINUOUS
10
5.4540885826771648
20
-3.3765187401574801
11
5.454329133858268
21
-3.376208149606299
0
LINE
8
BLACK
6
CONTINUOUS
10
5.454329133858268
20
-3.376208149606299
11
5.4544926377952754
21
-3.37611468503937
0
LINE
8
BLACK
6
CONTINUOUS
10
5.4544926377952754
20
-3.37611468503937
11
5.4546256692913389
21
-3.3759816929133857
0
LINE
8
BLACK
6
CONTINUOUS
10
5.4546256692913389
20
-3.3759816929133857
11
5.4549883464566928
21
-3.3758314173228348
0
LINE
8
BLACK
6
CONTINUOUS
10
5.4549883464566928
20
-3.3758314173228348
11
5.4553294881889762
21
-3.3756365354330709
0
LINE
8
BLACK
6
CONTINUOUS
10
5.4553294881889762
20
-3.3756365354330709
11
5.4555162204724406
21
-3.3756127952755905
0
LINE
8
BLACK
6
CONTINUOUS
10
5.4555162204724406
20
-3.3756127952755905
11
5.4556900787401572
21
-3.3755407874015746
0
LINE
8
BLACK
6
CONTINUOUS
10
5.4556900787401572
20
-3.3755407874015746
11
5.4560827559055118
21
-3.3755407874015746
0
LINE
8
BLACK
6
CONTINUOUS
10
5.4560827559055118
20
-3.3755407874015746
11
5.4564724015748034
21
-3.3754912598425197
0
LINE
8
BLACK
6
CONTINUOUS
10
5.4564724015748034
20
-3.3754912598425197
11
5.4566539763779529
21
-3.3755407874015746
0
LINE
8
BLACK
6
CONTINUOUS
10
5.3909448818897641
20
-3.3758715748031496
11
5.3918152362204728
21
-3.3766264173228344
0
LINE
8
BLACK
6
CONTINUOUS
10
5.3918152362204728
20
-3.3766264173228344
11
5.3923304724409444
21
-3.3776568897637795
0
LINE
8
BLACK
6
CONTINUOUS
10
5.3923304724409444
20
-3.3776568897637795
11
5.3924121259842517
21
-3.3788061023622045
0
LINE
8
BLACK
6
CONTINUOUS
10
5.3924121259842517
20
-3.3788061023622045
11
5.3922837795275589
21
-3.3793705511811023
0
LINE
8
BLACK
6
CONTINUOUS
10
5.3922837795275589
20
-3.3793705511811023
11
5.3817851181102361
21
-3.4108666141732282
0
LINE
8
BLACK
6
CONTINUOUS
10
5.3817851181102361
20
-3.4108666141732282
11
5.3815491338582673
21
-3.4113951574803147
0
LINE
8
BLACK
6
CONTINUOUS
10
5.3815491338582673
20
-3.4113951574803147
11
5.3814109055118111
21
-3.4115544881889761
0
LINE
8
BLACK
6
CONTINUOUS
10
5.3814109055118111
20
-3.4115544881889761
11
5.3813165748031491
21
-3.4117432283464568
0
LINE
8
BLACK
6
CONTINUOUS
10
5.3813165748031491
20
-3.4117432283464568
11
5.3810368110236215
21
-3.4119858661417322
0
LINE
8
BLACK
6
CONTINUOUS
10
5.3810368110236215
20
-3.4119858661417322
11
5.3807942519685037
21
-3.4122655511811022
0
LINE
8
BLACK
6
CONTINUOUS
10
5.3807942519685037
20
-3.4122655511811022
11
5.3806055905511814
21
-3.412359842519685
0
LINE
8
BLACK
6
CONTINUOUS
10
5.3806055905511814
20
-3.412359842519685
11
5.3804462204724413
21
-3.4124981102362204
0
LINE
8
BLACK
6
CONTINUOUS
10
5.3804462204724413
20
-3.4124981102362204
11
5.3800948818897636
21
-3.4126151968503935
0
LINE
8
BLACK
6
CONTINUOUS
10
5.3800948818897636
20
-3.4126151968503935
11
5.3797638188976373
21
-3.412780748031496
0
LINE
8
BLACK
6
CONTINUOUS
10
5.3797638188976373
20
-3.412780748031496
11
5.3795533858267719
21
-3.4127956692913384
0
LINE
8
BLACK
6
CONTINUOUS
10
5.3795533858267719
20
-3.4127956692913384
11
5.3793531889763777
21
-3.412862440944882
0
LINE
8
BLACK
6
CONTINUOUS
10
5.3793531889763777
20
-3.412862440944882
11
5.3789838976377951
21
-3.412836181102362
0
LINE
8
BLACK
6
CONTINUOUS
10
5.3789838976377951
20
-3.412836181102362
11
5.3786146062992124
21
-3.412862440944882
0
LINE
8
BLACK
6
CONTINUOUS
10
5.3786146062992124
20
-3.412862440944882
11
5.3784143700787403
21
-3.4127956692913384
0
LINE
8
BLACK
6
CONTINUOUS
10
5.3784143700787403
20
-3.4127956692913384
11
5.3782039763779528
21
-3.412780748031496
0
LINE
8
BLACK
6
CONTINUOUS
10
5.3782039763779528
20
-3.412780748031496
11
5.377872834645669
21
-3.4126151574803147
0
LINE
8
BLACK
6
CONTINUOUS
10
5.377872834645669
20
-3.4126151574803147
11
5.3775216141732285
21
-3.4124981102362204
0
LINE
8
BLACK
6
CONTINUOUS
10
5.3775216141732285
20
-3.4124981102362204
11
5.3773622440944884
21
-3.4123598818897638
0
LINE
8
BLACK
6
CONTINUOUS
10
5.3773622440944884
20
-3.4123598818897638
11
5.3771735433070864
21
-3.4122655511811022
0
LINE
8
BLACK
6
CONTINUOUS
10
5.3771735433070864
20
-3.4122655511811022
11
5.3769309055118111
21
-3.4119858267716534
0
LINE
8
BLACK
6
CONTINUOUS
10
5.3769309055118111
20
-3.4119858267716534
11
5.376651220472441
21
-3.4117432283464568
0
LINE
8
BLACK
6
CONTINUOUS
10
5.376651220472441
20
-3.4117432283464568
11
5.3765568503937002
21
-3.4115544881889761
0
LINE
8
BLACK
6
CONTINUOUS
10
5.3765568503937002
20
-3.4115544881889761
11
5.3764186614173228
21
-3.4113951574803147
0
LINE
8
BLACK
6
CONTINUOUS
10
5.3764186614173228
20
-3.4113951574803147
11
5.376182677165354
21
-3.4108666141732282
0
LINE
8
BLACK
6
CONTINUOUS
10
5.376182677165354
20
-3.4108666141732282
11
5.3656839763779525
21
-3.3793705511811023
0
LINE
8
BLACK
6
CONTINUOUS
10
5.3656839763779525
20
-3.3793705511811023
11
5.3655556299212597
21
-3.3788061023622045
0
LINE
8
BLACK
6
CONTINUOUS
10
5.3655556299212597
20
-3.3788061023622045
11
5.3656373228346457
21
-3.3776568897637795
0
LINE
8
BLACK
6
CONTINUOUS
10
5.3656373228346457
20
-3.3776568897637795
11
5.3661525196850395
21
-3.3766264566929132
0
LINE
8
BLACK
6
CONTINUOUS
10
5.3661525196850395
20
-3.3766264566929132
11
5.3670228740157482
21
-3.3758715748031496
0
LINE
8
BLACK
6
CONTINUOUS
10
5.3670228740157482
20
-3.3758715748031496
11
5.3681159055118108
21
-3.375507244094488
0
LINE
8
BLACK
6
CONTINUOUS
10
5.3681159055118108
20
-3.375507244094488
11
5.3692651181102358
21
-3.375588937007874
0
LINE
8
BLACK
6
CONTINUOUS
10
5.3692651181102358
20
-3.375588937007874
11
5.3702955511811021
21
-3.3761041338582678
0
LINE
8
BLACK
6
CONTINUOUS
10
5.3702955511811021
20
-3.3761041338582678
11
5.3710504330708657
21
-3.3769744881889765
0
LINE
8
BLACK
6
CONTINUOUS
10
5.3710504330708657
20
-3.3769744881889765
11
5.3712864173228345
21
-3.3775030708661418
0
LINE
8
BLACK
6
CONTINUOUS
10
5.3712864173228345
20
-3.3775030708661418
11
5.3789838582677163
21
-3.4005954330708659
0
LINE
8
BLACK
6
CONTINUOUS
10
5.3789838582677163
20
-3.4005954330708659
11
5.3866813385826768
21
-3.3775030708661418
0
LINE
8
BLACK
6
CONTINUOUS
10
5.3866813385826768
20
-3.3775030708661418
11
5.3869173228346456
21
-3.3769744881889765
0
LINE
8
BLACK
6
CONTINUOUS
10
5.3869173228346456
20
-3.3769744881889765
11
5.3876722047244092
21
-3.3761041338582678
0
LINE
8
BLACK
6
CONTINUOUS
10
5.3876722047244092
20
-3.3761041338582678
11
5.3887026377952756
21
-3.3755888976377952
0
LINE
8
BLACK
6
CONTINUOUS
10
5.3887026377952756
20
-3.3755888976377952
11
5.3898518503937005
21
-3.375507244094488
0
LINE
8
BLACK
6
CONTINUOUS
10
5.3898518503937005
20
-3.375507244094488
11
5.3909448818897641
21
-3.3758715748031496
0
LINE
8
BLACK
6
CONTINUOUS
10
5.3176322440944883
20
-3.3834807480314959
11
5.3184468897637798
21
-3.3842953937007874
0
LINE
8
BLACK
6
CONTINUOUS
10
5.3184468897637798
20
-3.3842953937007874
11
5.3188877952755904
21
-3.3853598031496062
0
LINE
8
BLACK
6
CONTINUOUS
10
5.3188877952755904
20
-3.3853598031496062
11
5.3189445275590552
21
-3.385935866141732
0
LINE
8
BLACK
6
CONTINUOUS
10
5.3189445275590552
20
-3.385935866141732
11
5.3189445275590552
21
-3.3949816141732283
0
LINE
8
BLACK
6
CONTINUOUS
10
5.3189445275590552
20
-3.3949816141732283
11
5.3279902755905511
21
-3.3949816141732283
0
LINE
8
BLACK
6
CONTINUOUS
10
5.3279902755905511
20
-3.3949816141732283
11
5.3285663385826769
21
-3.3950383464566927
0
LINE
8
BLACK
6
CONTINUOUS
10
5.3285663385826769
20
-3.3950383464566927
11
5.3296307480314962
21
-3.3954792519685038
0
LINE
8
BLACK
6
CONTINUOUS
10
5.3296307480314962
20
-3.3954792519685038
11
5.3304453937007876
21
-3.3962938976377952
0
LINE
8
BLACK
6
CONTINUOUS
10
5.3304453937007876
20
-3.3962938976377952
11
5.3308862992125983
21
-3.397358307086614
0
LINE
8
BLACK
6
CONTINUOUS
10
5.3308862992125983
20
-3.397358307086614
11
5.3308862992125983
21
-3.3985104330708662
0
LINE
8
BLACK
6
CONTINUOUS
10
5.3308862992125983
20
-3.3985104330708662
11
5.3304453937007876
21
-3.399574842519685
0
LINE
8
BLACK
6
CONTINUOUS
10
5.3304453937007876
20
-3.399574842519685
11
5.3296307480314962
21
-3.4003894881889765
0
LINE
8
BLACK
6
CONTINUOUS
10
5.3296307480314962
20
-3.4003894881889765
11
5.3285663385826769
21
-3.4008303937007875
0
LINE
8
BLACK
6
CONTINUOUS
10
5.3285663385826769
20
-3.4008303937007875
11
5.3279902755905511
21
-3.4008871259842519
0
LINE
8
BLACK
6
CONTINUOUS
10
5.3279902755905511
20
-3.4008871259842519
11
5.3189445275590552
21
-3.4008871259842519
0
LINE
8
BLACK
6
CONTINUOUS
10
5.3189445275590552
20
-3.4008871259842519
11
5.3189445275590552
21
-3.4099328740157477
0
LINE
8
BLACK
6
CONTINUOUS
10
5.3189445275590552
20
-3.4099328740157477
11
5.3188877952755904
21
-3.4105089370078741
0
LINE
8
BLACK
6
CONTINUOUS
10
5.3188877952755904
20
-3.4105089370078741
11
5.3184468897637798
21
-3.4115733464566929
0
LINE
8
BLACK
6
CONTINUOUS
10
5.3184468897637798
20
-3.4115733464566929
11
5.3176322440944883
21
-3.4123879921259843
0
LINE
8
BLACK
6
CONTINUOUS
10
5.3176322440944883
20
-3.4123879921259843
11
5.3165678346456691
21
-3.4128288976377954
0
LINE
8
BLACK
6
CONTINUOUS
10
5.3165678346456691
20
-3.4128288976377954
11
5.3154157086614173
21
-3.4128288976377954
0
LINE
8
BLACK
6
CONTINUOUS
10
5.3154157086614173
20
-3.4128288976377954
11
5.3143512992125981
21
-3.4123879921259843
0
LINE
8
BLACK
6
CONTINUOUS
10
5.3143512992125981
20
-3.4123879921259843
11
5.3135366535433066
21
-3.4115733464566929
0
LINE
8
BLACK
6
CONTINUOUS
10
5.3135366535433066
20
-3.4115733464566929
11
5.313095748031496
21
-3.4105089370078741
0
LINE
8
BLACK
6
CONTINUOUS
10
5.313095748031496
20
-3.4105089370078741
11
5.3130390157480312
21
-3.4099328740157477
0
LINE
8
BLACK
6
CONTINUOUS
10
5.3130390157480312
20
-3.4099328740157477
11
5.3130390157480312
21
-3.4008871259842519
0
LINE
8
BLACK
6
CONTINUOUS
10
5.3130390157480312
20
-3.4008871259842519
11
5.3039932677165353
21
-3.4008871259842519
0
LINE
8
BLACK
6
CONTINUOUS
10
5.3039932677165353
20
-3.4008871259842519
11
5.3034172047244095
21
-3.4008303937007875
0
LINE
8
BLACK
6
CONTINUOUS
10
5.3034172047244095
20
-3.4008303937007875
11
5.3023527952755902
21
-3.4003894881889765
0
LINE
8
BLACK
6
CONTINUOUS
10
5.3023527952755902
20
-3.4003894881889765
11
5.3015381496062988
21
-3.399574842519685
0
LINE
8
BLACK
6
CONTINUOUS
10
5.3015381496062988
20
-3.399574842519685
11
5.3010972440944881
21
-3.3985104330708662
0
LINE
8
BLACK
6
CONTINUOUS
10
5.3010972440944881
20
-3.3985104330708662
11
5.3010972440944881
21
-3.397358307086614
0
LINE
8
BLACK
6
CONTINUOUS
10
5.3010972440944881
20
-3.397358307086614
11
5.3015381496062988
21
-3.3962938976377952
0
LINE
8
BLACK
6
CONTINUOUS
10
5.3015381496062988
20
-3.3962938976377952
11
5.3023527952755902
21
-3.3954792519685038
0
LINE
8
BLACK
6
CONTINUOUS
10
5.3023527952755902
20
-3.3954792519685038
11
5.3034172047244095
21
-3.3950383464566927
0
LINE
8
BLACK
6
CONTINUOUS
10
5.3034172047244095
20
-3.3950383464566927
11
5.3039932677165353
21
-3.3949816141732283
0
LINE
8
BLACK
6
CONTINUOUS
10
5.3039932677165353
20
-3.3949816141732283
11
5.3130390157480312
21
-3.3949816141732283
0
LINE
8
BLACK
6
CONTINUOUS
10
5.3130390157480312
20
-3.3949816141732283
11
5.3130390157480312
21
-3.385935866141732
0
LINE
8
BLACK
6
CONTINUOUS
10
5.3130390157480312
20
-3.385935866141732
11
5.313095748031496
21
-3.3853598031496062
0
LINE
8
BLACK
6
CONTINUOUS
10
5.313095748031496
20
-3.3853598031496062
11
5.3135366535433066
21
-3.3842953937007874
0
LINE
8
BLACK
6
CONTINUOUS
10
5.3135366535433066
20
-3.3842953937007874
11
5.3143512992125981
21
-3.3834807480314959
0
LINE
8
BLACK
6
CONTINUOUS
10
5.3143512992125981
20
-3.3834807480314959
11
5.3154157086614173
21
-3.3830398425196848
0
LINE
8
BLACK
6
CONTINUOUS
10
5.3154157086614173
20
-3.3830398425196848
11
5.3165678346456691
21
-3.3830398425196848
0
LINE
8
BLACK
6
CONTINUOUS
10
5.3165678346456691
20
-3.3830398425196848
11
5.3176322440944883
21
-3.3834807480314959
0
LINE
8
BLACK
6
CONTINUOUS
10
5.3076742913385822
20
-3.3168434645669289
11
5.3077520472440947
21
-3.3168379527559053
0
LINE
8
BLACK
6
CONTINUOUS
10
5.3077520472440947
20
-3.3168379527559053
11
5.3078542913385824
21
-3.3168611811023623
0
LINE
8
BLACK
6
CONTINUOUS
10
5.3078542913385824
20
-3.3168611811023623
11
5.3079588188976379
21
-3.3168714960629919
0
LINE
8
BLACK
6
CONTINUOUS
10
5.3079588188976379
20
-3.3168714960629919
11
5.3080309055118109
21
-3.3169013385826771
0
LINE
8
BLACK
6
CONTINUOUS
10
5.3080309055118109
20
-3.3169013385826771
11
5.3083164960629921
21
-3.3169662992125986
0
LINE
8
BLACK
6
CONTINUOUS
10
5.3083164960629921
20
-3.3169662992125986
11
5.3128159055118109
21
-3.3184661023622049
0
LINE
8
BLACK
6
CONTINUOUS
10
5.3128159055118109
20
-3.3184661023622049
11
5.3133444881889762
21
-3.3187020866141732
0
LINE
8
BLACK
6
CONTINUOUS
10
5.3133444881889762
20
-3.3187020866141732
11
5.3134246062992121
21
-3.3187715748031494
0
LINE
8
BLACK
6
CONTINUOUS
10
5.3134246062992121
20
-3.3187715748031494
11
5.3135225984251964
21
-3.3188121653543305
0
LINE
8
BLACK
6
CONTINUOUS
10
5.3135225984251964
20
-3.3188121653543305
11
5.3139700393700791
21
-3.3191793700787402
0
LINE
8
BLACK
6
CONTINUOUS
10
5.3139700393700791
20
-3.3191793700787402
11
5.3154698818897632
21
-3.3206791732283465
0
LINE
8
BLACK
6
CONTINUOUS
10
5.3154698818897632
20
-3.3206791732283465
11
5.3158371259842516
21
-3.3211266141732283
0
LINE
8
BLACK
6
CONTINUOUS
10
5.3158371259842516
20
-3.3211266141732283
11
5.3162780314960632
21
-3.3221910236220471
0
LINE
8
BLACK
6
CONTINUOUS
10
5.3162780314960632
20
-3.3221910236220471
11
5.3162780314960632
21
-3.3233431102362205
0
LINE
8
BLACK
6
CONTINUOUS
10
5.3162780314960632
20
-3.3233431102362205
11
5.3158371653543304
21
-3.3244075590551181
0
LINE
8
BLACK
6
CONTINUOUS
10
5.3158371653543304
20
-3.3244075590551181
11
5.3150224803149602
21
-3.3252222440944883
0
LINE
8
BLACK
6
CONTINUOUS
10
5.3150224803149602
20
-3.3252222440944883
11
5.3139580708661418
21
-3.3256631496062989
0
LINE
8
BLACK
6
CONTINUOUS
10
5.3139580708661418
20
-3.3256631496062989
11
5.3128059842519688
21
-3.3256631496062989
0
LINE
8
BLACK
6
CONTINUOUS
10
5.3128059842519688
20
-3.3256631496062989
11
5.3117415748031496
21
-3.3252222834645671
0
LINE
8
BLACK
6
CONTINUOUS
10
5.3117415748031496
20
-3.3252222834645671
11
5.3112941338582678
21
-3.3248550787401574
0
LINE
8
BLACK
6
CONTINUOUS
10
5.3112941338582678
20
-3.3248550787401574
11
5.3102871259842521
21
-3.3238481102362205
0
LINE
8
BLACK
6
CONTINUOUS
10
5.3102871259842521
20
-3.3238481102362205
11
5.3069036220472441
21
-3.3227202755905512
0
LINE
8
BLACK
6
CONTINUOUS
10
5.3069036220472441
20
-3.3227202755905512
11
5.3048622440944877
21
-3.3227202755905512
0
LINE
8
BLACK
6
CONTINUOUS
10
5.3048622440944877
20
-3.3227202755905512
11
5.301478661417323
21
-3.3238481102362205
0
LINE
8
BLACK
6
CONTINUOUS
10
5.301478661417323
20
-3.3238481102362205
11
5.2993107874015744
21
-3.3260159842519683
0
LINE
8
BLACK
6
CONTINUOUS
10
5.2993107874015744
20
-3.3260159842519683
11
5.2981702362204723
21
-3.3282970866141732
0
LINE
8
BLACK
6
CONTINUOUS
10
5.2981702362204723
20
-3.3282970866141732
11
5.2968371653543302
21
-3.333629409448819
0
LINE
8
BLACK
6
CONTINUOUS
10
5.2968371653543302
20
-3.333629409448819
11
5.2968371653543302
21
-3.3374016535433069
0
LINE
8
BLACK
6
CONTINUOUS
10
5.2968371653543302
20
-3.3374016535433069
11
5.2981702362204723
21
-3.3427339370078739
0
LINE
8
BLACK
6
CONTINUOUS
10
5.2981702362204723
20
-3.3427339370078739
11
5.2993107874015744
21
-3.3450150393700788
0
LINE
8
BLACK
6
CONTINUOUS
10
5.2993107874015744
20
-3.3450150393700788
11
5.3014787007874018
21
-3.3471829921259841
0
LINE
8
BLACK
6
CONTINUOUS
10
5.3014787007874018
20
-3.3471829921259841
11
5.3048622440944877
21
-3.3483108267716535
0
LINE
8
BLACK
6
CONTINUOUS
10
5.3048622440944877
20
-3.3483108267716535
11
5.3069036220472441
21
-3.3483108267716535
0
LINE
8
BLACK
6
CONTINUOUS
10
5.3069036220472441
20
-3.3483108267716535
11
5.3102871259842521
21
-3.3471829921259841
0
LINE
8
BLACK
6
CONTINUOUS
10
5.3102871259842521
20
-3.3471829921259841
11
5.311294094488189
21
-3.3461760236220472
0
LINE
8
BLACK
6
CONTINUOUS
10
5.311294094488189
20
-3.3461760236220472
11
5.3117415354330708
21
-3.3458087795275588
0
LINE
8
BLACK
6
CONTINUOUS
10
5.3117415354330708
20
-3.3458087795275588
11
5.3128059842519688
21
-3.3453679133858265
0
LINE
8
BLACK
6
CONTINUOUS
10
5.3128059842519688
20
-3.3453679133858265
11
5.3139580708661418
21
-3.3453679133858265
0
LINE
8
BLACK
6
CONTINUOUS
10
5.3139580708661418
20
-3.3453679133858265
11
5.3150224803149602
21
-3.3458087795275588
0
LINE
8
BLACK
6
CONTINUOUS
10
5.3150224803149602
20
-3.3458087795275588
11
5.3158371653543304
21
-3.3466234645669291
0
LINE
8
BLACK
6
CONTINUOUS
10
5.3158371653543304
20
-3.3466234645669291
11
5.3162780314960632
21
-3.3476878740157479
0
LINE
8
BLACK
6
CONTINUOUS
10
5.3162780314960632
20
-3.3476878740157479
11
5.3162780314960632
21
-3.3488399606299213
0
LINE
8
BLACK
6
CONTINUOUS
10
5.3162780314960632
20
-3.3488399606299213
11
5.3158371653543304
21
-3.3499044094488188
0
LINE
8
BLACK
6
CONTINUOUS
10
5.3158371653543304
20
-3.3499044094488188
11
5.315469921259842
21
-3.3503518503937006
0
LINE
8
BLACK
6
CONTINUOUS
10
5.315469921259842
20
-3.3503518503937006
11
5.3139700787401569
21
-3.3518516929133857
0
LINE
8
BLACK
6
CONTINUOUS
10
5.3139700787401569
20
-3.3518516929133857
11
5.3135226377952751
21
-3.3522188976377953
0
LINE
8
BLACK
6
CONTINUOUS
10
5.3135226377952751
20
-3.3522188976377953
11
5.3134246456692908
21
-3.3522594488188977
0
LINE
8
BLACK
6
CONTINUOUS
10
5.3134246456692908
20
-3.3522594488188977
11
5.3133444881889762
21
-3.3523290157480314
0
LINE
8
BLACK
6
CONTINUOUS
10
5.3133444881889762
20
-3.3523290157480314
11
5.3128159055118109
21
-3.3525649999999998
0
LINE
8
BLACK
6
CONTINUOUS
10
5.3128159055118109
20
-3.3525649999999998
11
5.3083164960629921
21
-3.3540648031496061
0
LINE
8
BLACK
6
CONTINUOUS
10
5.3083164960629921
20
-3.3540648031496061
11
5.3080309055118109
21
-3.3541297244094488
0
LINE
8
BLACK
6
CONTINUOUS
10
5.3080309055118109
20
-3.3541297244094488
11
5.3079588188976379
21
-3.3541596062992127
0
LINE
8
BLACK
6
CONTINUOUS
10
5.3079588188976379
20
-3.3541596062992127
11
5.3078542913385824
21
-3.3541698818897636
0
LINE
8
BLACK
6
CONTINUOUS
10
5.3078542913385824
20
-3.3541698818897636
11
5.3077520472440947
21
-3.3541931496062993
0
LINE
8
BLACK
6
CONTINUOUS
10
5.3077520472440947
20
-3.3541931496062993
11
5.3076742913385822
21
-3.354187598425197
0
LINE
8
BLACK
6
CONTINUOUS
10
5.3076742913385822
20
-3.354187598425197
11
5.307382755905512
21
-3.3542163385826771
0
LINE
8
BLACK
6
CONTINUOUS
10
5.307382755905512
20
-3.3542163385826771
11
5.3043831102362207
21
-3.3542163385826771
0
LINE
8
BLACK
6
CONTINUOUS
10
5.3043831102362207
20
-3.3542163385826771
11
5.3040915354330709
21
-3.354187598425197
0
LINE
8
BLACK
6
CONTINUOUS
10
5.3040915354330709
20
-3.354187598425197
11
5.304013818897638
21
-3.3541931496062993
0
LINE
8
BLACK
6
CONTINUOUS
10
5.304013818897638
20
-3.3541931496062993
11
5.3039115354330706
21
-3.3541698818897636
0
LINE
8
BLACK
6
CONTINUOUS
10
5.3039115354330706
20
-3.3541698818897636
11
5.3038070472440948
21
-3.3541596062992127
0
LINE
8
BLACK
6
CONTINUOUS
10
5.3038070472440948
20
-3.3541596062992127
11
5.3037349212598421
21
-3.3541297244094488
0
LINE
8
BLACK
6
CONTINUOUS
10
5.3037349212598421
20
-3.3541297244094488
11
5.3034493700787397
21
-3.3540648031496061
0
LINE
8
BLACK
6
CONTINUOUS
10
5.3034493700787397
20
-3.3540648031496061
11
5.2989499212598421
21
-3.3525649999999998
0
LINE
8
BLACK
6
CONTINUOUS
10
5.2989499212598421
20
-3.3525649999999998
11
5.2984213779527556
21
-3.3523290157480314
0
LINE
8
BLACK
6
CONTINUOUS
10
5.2984213779527556
20
-3.3523290157480314
11
5.2983412204724409
21
-3.3522594881889765
0
LINE
8
BLACK
6
CONTINUOUS
10
5.2983412204724409
20
-3.3522594881889765
11
5.2982431889763779
21
-3.3522188976377953
0
LINE
8
BLACK
6
CONTINUOUS
10
5.2982431889763779
20
-3.3522188976377953
11
5.2977957480314961
21
-3.3518516929133857
0
LINE
8
BLACK
6
CONTINUOUS
10
5.2977957480314961
20
-3.3518516929133857
11
5.2947961417322835
21
-3.3488520472440944
0
LINE
8
BLACK
6
CONTINUOUS
10
5.2947961417322835
20
-3.3488520472440944
11
5.2946103543307084
21
-3.3486256692913385
0
LINE
8
BLACK
6
CONTINUOUS
10
5.2946103543307084
20
-3.3486256692913385
11
5.2945513779527555
21
-3.3485745275590548
0
LINE
8
BLACK
6
CONTINUOUS
10
5.2945513779527555
20
-3.3485745275590548
11
5.294495393700787
21
-3.348485590551181
0
LINE
8
BLACK
6
CONTINUOUS
10
5.294495393700787
20
-3.348485590551181
11
5.2944288976377951
21
-3.3484045669291338
0
LINE
8
BLACK
6
CONTINUOUS
10
5.2944288976377951
20
-3.3484045669291338
11
5.2943990551181104
21
-3.3483325196850391
0
LINE
8
BLACK
6
CONTINUOUS
10
5.2943990551181104
20
-3.3483325196850391
11
5.2942430314960625
21
-3.3480846456692914
0
LINE
8
BLACK
6
CONTINUOUS
10
5.2942430314960625
20
-3.3480846456692914
11
5.2927432283464562
21
-3.3450850393700788
0
LINE
8
BLACK
6
CONTINUOUS
10
5.2927432283464562
20
-3.3450850393700788
11
5.2927270866141729
21
-3.3450429133858268
0
LINE
8
BLACK
6
CONTINUOUS
10
5.2927270866141729
20
-3.3450429133858268
11
5.292714409448819
21
-3.3450257874015747
0
LINE
8
BLACK
6
CONTINUOUS
10
5.292714409448819
20
-3.3450257874015747
11
5.2926278346456694
21
-3.3447835826771652
0
LINE
8
BLACK
6
CONTINUOUS
10
5.2926278346456694
20
-3.3447835826771652
11
5.2925363385826767
21
-3.3445444094488188
0
LINE
8
BLACK
6
CONTINUOUS
10
5.2925363385826767
20
-3.3445444094488188
11
5.2925348031496062
21
-3.3445231889763778
0
LINE
8
BLACK
6
CONTINUOUS
10
5.2925348031496062
20
-3.3445231889763778
11
5.2925196456692909
21
-3.3444807086614174
0
LINE
8
BLACK
6
CONTINUOUS
10
5.2925196456692909
20
-3.3444807086614174
11
5.2910198031496058
21
-3.3384814566929135
0
LINE
8
BLACK
6
CONTINUOUS
10
5.2910198031496058
20
-3.3384814566929135
11
5.2910050000000002
21
-3.3383814960629921
0
LINE
8
BLACK
6
CONTINUOUS
10
5.2910050000000002
20
-3.3383814960629921
11
5.2909883858267719
21
-3.3383413385826772
0
LINE
8
BLACK
6
CONTINUOUS
10
5.2909883858267719
20
-3.3383413385826772
11
5.2909670078740154
21
-3.3381243307086614
0
LINE
8
BLACK
6
CONTINUOUS
10
5.2909670078740154
20
-3.3381243307086614
11
5.2909351574803152
21
-3.3379088188976378
0
LINE
8
BLACK
6
CONTINUOUS
10
5.2909351574803152
20
-3.3379088188976378
11
5.2909415354330704
21
-3.3378657874015749
0
LINE
8
BLACK
6
CONTINUOUS
10
5.2909415354330704
20
-3.3378657874015749
11
5.2909316535433071
21
-3.3377652755905509
0
LINE
8
BLACK
6
CONTINUOUS
10
5.2909316535433071
20
-3.3377652755905509
11
5.2909316535433071
21
-3.3332658267716533
0
LINE
8
BLACK
6
CONTINUOUS
10
5.2909316535433071
20
-3.3332658267716533
11
5.2909415354330704
21
-3.333165275590551
0
LINE
8
BLACK
6
CONTINUOUS
10
5.2909415354330704
20
-3.333165275590551
11
5.2909351574803152
21
-3.3331222834645668
0
LINE
8
BLACK
6
CONTINUOUS
10
5.2909351574803152
20
-3.3331222834645668
11
5.2909670078740154
21
-3.3329067322834645
0
LINE
8
BLACK
6
CONTINUOUS
10
5.2909670078740154
20
-3.3329067322834645
11
5.2909883858267719
21
-3.3326897637795274
0
LINE
8
BLACK
6
CONTINUOUS
10
5.2909883858267719
20
-3.3326897637795274
11
5.2910050000000002
21
-3.3326495669291338
0
LINE
8
BLACK
6
CONTINUOUS
10
5.2910050000000002
20
-3.3326495669291338
11
5.2910198031496058
21
-3.3325496456692911
0
LINE
8
BLACK
6
CONTINUOUS
10
5.2910198031496058
20
-3.3325496456692911
11
5.2925196456692909
21
-3.3265503937007872
0
LINE
8
BLACK
6
CONTINUOUS
10
5.2925196456692909
20
-3.3265503937007872
11
5.2925348031496062
21
-3.3265078740157481
0
LINE
8
BLACK
6
CONTINUOUS
10
5.2925348031496062
20
-3.3265078740157481
11
5.2925363385826767
21
-3.3264866929133858
0
LINE
8
BLACK
6
CONTINUOUS
10
5.2925363385826767
20
-3.3264866929133858
11
5.2926278346456694
21
-3.3262474803149606
0
LINE
8
BLACK
6
CONTINUOUS
10
5.2926278346456694
20
-3.3262474803149606
11
5.292714409448819
21
-3.3260053149606299
0
LINE
8
BLACK
6
CONTINUOUS
10
5.292714409448819
20
-3.3260053149606299
11
5.2927270866141729
21
-3.3259881496062991
0
LINE
8
BLACK
6
CONTINUOUS
10
5.2927270866141729
20
-3.3259881496062991
11
5.2927432283464562
21
-3.3259460629921258
0
LINE
8
BLACK
6
CONTINUOUS
10
5.2927432283464562
20
-3.3259460629921258
11
5.2942430314960625
21
-3.3229464173228345
0
LINE
8
BLACK
6
CONTINUOUS
10
5.2942430314960625
20
-3.3229464173228345
11
5.2943990944881891
21
-3.3226983858267718
0
LINE
8
BLACK
6
CONTINUOUS
10
5.2943990944881891
20
-3.3226983858267718
11
5.2944289370078739
21
-3.3226264566929133
0
LINE
8
BLACK
6
CONTINUOUS
10
5.2944289370078739
20
-3.3226264566929133
11
5.294495393700787
21
-3.3225454724409449
0
LINE
8
BLACK
6
CONTINUOUS
10
5.294495393700787
20
-3.3225454724409449
11
5.2945513779527555
21
-3.3224565354330706
0
LINE
8
BLACK
6
CONTINUOUS
10
5.2945513779527555
20
-3.3224565354330706
11
5.2946103543307084
21
-3.3224053543307086
0
LINE
8
BLACK
6
CONTINUOUS
10
5.2946103543307084
20
-3.3224053543307086
11
5.2947961417322835
21
-3.3221790157480315
0
LINE
8
BLACK
6
CONTINUOUS
10
5.2947961417322835
20
-3.3221790157480315
11
5.2977957480314961
21
-3.319179409448819
0
LINE
8
BLACK
6
CONTINUOUS
10
5.2977957480314961
20
-3.319179409448819
11
5.2982431889763779
21
-3.3188121653543305
0
LINE
8
BLACK
6
CONTINUOUS
10
5.2982431889763779
20
-3.3188121653543305
11
5.2983412992125984
21
-3.3187714960629919
0
LINE
8
BLACK
6
CONTINUOUS
10
5.2983412992125984
20
-3.3187714960629919
11
5.2984213779527556
21
-3.3187020866141732
0
LINE
8
BLACK
6
CONTINUOUS
10
5.2984213779527556
20
-3.3187020866141732
11
5.2989499212598421
21
-3.3184661023622049
0
LINE
8
BLACK
6
CONTINUOUS
10
5.2989499212598421
20
-3.3184661023622049
11
5.3034493700787397
21
-3.3169662992125986
0
LINE
8
BLACK
6
CONTINUOUS
10
5.3034493700787397
20
-3.3169662992125986
11
5.3037349212598421
21
-3.3169013385826771
0
LINE
8
BLACK
6
CONTINUOUS
10
5.3037349212598421
20
-3.3169013385826771
11
5.3038070472440948
21
-3.3168714960629919
0
LINE
8
BLACK
6
CONTINUOUS
10
5.3038070472440948
20
-3.3168714960629919
11
5.3039115354330706
21
-3.3168611811023623
0
LINE
8
BLACK
6
CONTINUOUS
10
5.3039115354330706
20
-3.3168611811023623
11
5.304013818897638
21
-3.3168379527559053
0
LINE
8
BLACK
6
CONTINUOUS
10
5.304013818897638
20
-3.3168379527559053
11
5.3040915354330709
21
-3.3168434645669289
0
LINE
8
BLACK
6
CONTINUOUS
10
5.3040915354330709
20
-3.3168434645669289
11
5.3043831102362207
21
-3.3168147637795276
0
LINE
8
BLACK
6
CONTINUOUS
10
5.3043831102362207
20
-3.3168147637795276
11
5.307382755905512
21
-3.3168147637795276
0
LINE
8
BLACK
6
CONTINUOUS
10
5.307382755905512
20
-3.3168147637795276
11
5.3076742913385822
21
-3.3168434645669289
0
LINE
8
BLACK
6
CONTINUOUS
10
5.3379550393700788
20
-3.3168714960629919
11
5.338053031496063
21
-3.316912086614173
0
LINE
8
BLACK
6
CONTINUOUS
10
5.338053031496063
20
-3.316912086614173
11
5.3381588582677164
21
-3.3169196062992126
0
LINE
8
BLACK
6
CONTINUOUS
10
5.3381588582677164
20
-3.3169196062992126
11
5.3386994881889764
21
-3.317126496062992
0
LINE
8
BLACK
6
CONTINUOUS
10
5.3386994881889764
20
-3.317126496062992
11
5.3416991338582678
21
-3.3186262992125983
0
LINE
8
BLACK
6
CONTINUOUS
10
5.3416991338582678
20
-3.3186262992125983
11
5.3419471259842517
21
-3.3187823622047241
0
LINE
8
BLACK
6
CONTINUOUS
10
5.3419471259842517
20
-3.3187823622047241
11
5.3420190944881885
21
-3.3188122047244093
0
LINE
8
BLACK
6
CONTINUOUS
10
5.3420190944881885
20
-3.3188122047244093
11
5.342100039370079
21
-3.3188786614173229
0
LINE
8
BLACK
6
CONTINUOUS
10
5.342100039370079
20
-3.3188786614173229
11
5.3421890157480316
21
-3.3189346456692914
0
LINE
8
BLACK
6
CONTINUOUS
10
5.3421890157480316
20
-3.3189346456692914
11
5.3422401574803144
21
-3.3189936220472442
0
LINE
8
BLACK
6
CONTINUOUS
10
5.3422401574803144
20
-3.3189936220472442
11
5.3424665354330712
21
-3.319179409448819
0
LINE
8
BLACK
6
CONTINUOUS
10
5.3424665354330712
20
-3.319179409448819
11
5.3439663385826774
21
-3.3206792125984252
0
LINE
8
BLACK
6
CONTINUOUS
10
5.3439663385826774
20
-3.3206792125984252
11
5.344152086614173
21
-3.3209055511811023
0
LINE
8
BLACK
6
CONTINUOUS
10
5.344152086614173
20
-3.3209055511811023
11
5.3442111023622045
21
-3.3209567322834643
0
LINE
8
BLACK
6
CONTINUOUS
10
5.3442111023622045
20
-3.3209567322834643
11
5.3442670472440943
21
-3.3210456692913386
0
LINE
8
BLACK
6
CONTINUOUS
10
5.3442670472440943
20
-3.3210456692913386
11
5.3443335433070862
21
-3.3211266535433071
0
LINE
8
BLACK
6
CONTINUOUS
10
5.3443335433070862
20
-3.3211266535433071
11
5.3443633464566931
21
-3.3211985826771655
0
LINE
8
BLACK
6
CONTINUOUS
10
5.3443633464566931
20
-3.3211985826771655
11
5.3445194488188976
21
-3.3214466141732282
0
LINE
8
BLACK
6
CONTINUOUS
10
5.3445194488188976
20
-3.3214466141732282
11
5.3460192519685039
21
-3.3244462598425195
0
LINE
8
BLACK
6
CONTINUOUS
10
5.3460192519685039
20
-3.3244462598425195
11
5.3462261417322834
21
-3.3249868897637795
0
LINE
8
BLACK
6
CONTINUOUS
10
5.3462261417322834
20
-3.3249868897637795
11
5.3462336220472437
21
-3.3250926771653542
0
LINE
8
BLACK
6
CONTINUOUS
10
5.3462336220472437
20
-3.3250926771653542
11
5.346274251968504
21
-3.3251907086614172
0
LINE
8
BLACK
6
CONTINUOUS
10
5.346274251968504
20
-3.3251907086614172
11
5.346330984251968
21
-3.3257667716535431
0
LINE
8
BLACK
6
CONTINUOUS
10
5.346330984251968
20
-3.3257667716535431
11
5.346330984251968
21
-3.3287663779527557
0
LINE
8
BLACK
6
CONTINUOUS
10
5.346330984251968
20
-3.3287663779527557
11
5.3463022440944883
21
-3.3290579133858267
0
LINE
8
BLACK
6
CONTINUOUS
10
5.3463022440944883
20
-3.3290579133858267
11
5.3463077952755906
21
-3.3291356692913383
0
LINE
8
BLACK
6
CONTINUOUS
10
5.3463077952755906
20
-3.3291356692913383
11
5.3462845275590549
21
-3.3292379133858265
0
LINE
8
BLACK
6
CONTINUOUS
10
5.3462845275590549
20
-3.3292379133858265
11
5.346274251968504
21
-3.329342440944882
0
LINE
8
BLACK
6
CONTINUOUS
10
5.346274251968504
20
-3.329342440944882
11
5.3462443700787396
21
-3.329414527559055
0
LINE
8
BLACK
6
CONTINUOUS
10
5.3462443700787396
20
-3.329414527559055
11
5.3461794488188978
21
-3.3297001181102361
0
LINE
8
BLACK
6
CONTINUOUS
10
5.3461794488188978
20
-3.3297001181102361
11
5.3446796456692915
21
-3.3341995669291338
0
LINE
8
BLACK
6
CONTINUOUS
10
5.3446796456692915
20
-3.3341995669291338
11
5.3444436614173227
21
-3.3347281102362203
0
LINE
8
BLACK
6
CONTINUOUS
10
5.3444436614173227
20
-3.3347281102362203
11
5.3443742125984253
21
-3.3348081496062991
0
LINE
8
BLACK
6
CONTINUOUS
10
5.3443742125984253
20
-3.3348081496062991
11
5.344333582677165
21
-3.3349062992125984
0
LINE
8
BLACK
6
CONTINUOUS
10
5.344333582677165
20
-3.3349062992125984
11
5.3439663385826774
21
-3.3353537401574802
0
LINE
8
BLACK
6
CONTINUOUS
10
5.3439663385826774
20
-3.3353537401574802
11
5.3310092519685037
21
-3.3483108267716535
0
LINE
8
BLACK
6
CONTINUOUS
10
5.3310092519685037
20
-3.3483108267716535
11
5.3433782283464568
21
-3.3483108267716535
0
LINE
8
BLACK
6
CONTINUOUS
10
5.3433782283464568
20
-3.3483108267716535
11
5.3439542913385827
21
-3.3483675590551178
0
LINE
8
BLACK
6
CONTINUOUS
10
5.3439542913385827
20
-3.3483675590551178
11
5.345018700787401
21
-3.3488084645669289
0
LINE
8
BLACK
6
CONTINUOUS
10
5.345018700787401
20
-3.3488084645669289
11
5.3458333464566925
21
-3.3496231102362204
0
LINE
8
BLACK
6
CONTINUOUS
10
5.3458333464566925
20
-3.3496231102362204
11
5.346274251968504
21
-3.3506875196850392
0
LINE
8
BLACK
6
CONTINUOUS
10
5.346274251968504
20
-3.3506875196850392
11
5.346274251968504
21
-3.3518396456692914
0
LINE
8
BLACK
6
CONTINUOUS
10
5.346274251968504
20
-3.3518396456692914
11
5.3458333464566925
21
-3.3529040551181102
0
LINE
8
BLACK
6
CONTINUOUS
10
5.3458333464566925
20
-3.3529040551181102
11
5.345018700787401
21
-3.3537187007874016
0
LINE
8
BLACK
6
CONTINUOUS
10
5.345018700787401
20
-3.3537187007874016
11
5.3439542913385827
21
-3.3541596062992127
0
LINE
8
BLACK
6
CONTINUOUS
10
5.3439542913385827
20
-3.3541596062992127
11
5.3433782283464568
21
-3.3542163385826771
0
LINE
8
BLACK
6
CONTINUOUS
10
5.3433782283464568
20
-3.3542163385826771
11
5.3238806692913387
21
-3.3542163385826771
0
LINE
8
BLACK
6
CONTINUOUS
10
5.3238806692913387
20
-3.3542163385826771
11
5.3233046062992129
21
-3.3541596062992127
0
LINE
8
BLACK
6
CONTINUOUS
10
5.3233046062992129
20
-3.3541596062992127
11
5.3222401968503936
21
-3.3537187007874016
0
LINE
8
BLACK
6
CONTINUOUS
10
5.3222401968503936
20
-3.3537187007874016
11
5.3214255511811022
21
-3.3529040551181102
0
LINE
8
BLACK
6
CONTINUOUS
10
5.3214255511811022
20
-3.3529040551181102
11
5.3209846456692915
21
-3.3518396456692914
0
LINE
8
BLACK
6
CONTINUOUS
10
5.3209846456692915
20
-3.3518396456692914
11
5.3209846456692915
21
-3.3506875196850392
0
LINE
8
BLACK
6
CONTINUOUS
10
5.3209846456692915
20
-3.3506875196850392
11
5.3214255511811022
21
-3.3496231102362204
0
LINE
8
BLACK
6
CONTINUOUS
10
5.3214255511811022
20
-3.3496231102362204
11
5.3217927559055118
21
-3.3491756692913386
0
LINE
8
BLACK
6
CONTINUOUS
10
5.3217927559055118
20
-3.3491756692913386
11
5.3392975984251967
21
-3.3316707874015745
0
LINE
8
BLACK
6
CONTINUOUS
10
5.3392975984251967
20
-3.3316707874015745
11
5.3404254724409448
21
-3.3282872440944882
0
LINE
8
BLACK
6
CONTINUOUS
10
5.3404254724409448
20
-3.3282872440944882
11
5.3404254724409448
21
-3.3264637795275589
0
LINE
8
BLACK
6
CONTINUOUS
10
5.3404254724409448
20
-3.3264637795275589
11
5.339451653543307
21
-3.324516181102362
0
LINE
8
BLACK
6
CONTINUOUS
10
5.339451653543307
20
-3.324516181102362
11
5.3386295275590552
21
-3.3236940551181102
0
LINE
8
BLACK
6
CONTINUOUS
10
5.3386295275590552
20
-3.3236940551181102
11
5.3366819291338583
21
-3.3227202755905512
0
LINE
8
BLACK
6
CONTINUOUS
10
5.3366819291338583
20
-3.3227202755905512
11
5.3305769685039373
21
-3.3227202755905512
0
LINE
8
BLACK
6
CONTINUOUS
10
5.3305769685039373
20
-3.3227202755905512
11
5.3286293700787404
21
-3.3236940551181102
0
LINE
8
BLACK
6
CONTINUOUS
10
5.3286293700787404
20
-3.3236940551181102
11
5.3274683464566932
21
-3.3248550787401574
0
LINE
8
BLACK
6
CONTINUOUS
10
5.3274683464566932
20
-3.3248550787401574
11
5.3270209055118105
21
-3.3252222834645671
0
LINE
8
BLACK
6
CONTINUOUS
10
5.3270209055118105
20
-3.3252222834645671
11
5.3259564566929134
21
-3.3256631496062989
0
LINE
8
BLACK
6
CONTINUOUS
10
5.3259564566929134
20
-3.3256631496062989
11
5.3248044094488192
21
-3.3256631496062989
0
LINE
8
BLACK
6
CONTINUOUS
10
5.3248044094488192
20
-3.3256631496062989
11
5.3237399999999999
21
-3.3252222440944883
0
LINE
8
BLACK
6
CONTINUOUS
10
5.3237399999999999
20
-3.3252222440944883
11
5.3229253149606297
21
-3.3244075590551181
0
LINE
8
BLACK
6
CONTINUOUS
10
5.3229253149606297
20
-3.3244075590551181
11
5.3224844488188978
21
-3.3233431102362205
0
LINE
8
BLACK
6
CONTINUOUS
10
5.3224844488188978
20
-3.3233431102362205
11
5.3224844488188978
21
-3.3221910629921259
0
LINE
8
BLACK
6
CONTINUOUS
10
5.3224844488188978
20
-3.3221910629921259
11
5.3229253543307085
21
-3.3211266535433071
0
LINE
8
BLACK
6
CONTINUOUS
10
5.3229253543307085
20
-3.3211266535433071
11
5.3232925984251969
21
-3.3206791732283465
0
LINE
8
BLACK
6
CONTINUOUS
10
5.3232925984251969
20
-3.3206791732283465
11
5.3247924409448819
21
-3.3191793700787402
0
LINE
8
BLACK
6
CONTINUOUS
10
5.3247924409448819
20
-3.3191793700787402
11
5.3250187401574802
21
-3.3189936220472442
0
LINE
8
BLACK
6
CONTINUOUS
10
5.3250187401574802
20
-3.3189936220472442
11
5.3250699212598427
21
-3.3189346456692914
0
LINE
8
BLACK
6
CONTINUOUS
10
5.3250699212598427
20
-3.3189346456692914
11
5.3251588188976378
21
-3.3188786614173229
0
LINE
8
BLACK
6
CONTINUOUS
10
5.3251588188976378
20
-3.3188786614173229
11
5.3252398818897637
21
-3.3188121653543305
0
LINE
8
BLACK
6
CONTINUOUS
10
5.3252398818897637
20
-3.3188121653543305
11
5.3253118897637792
21
-3.3187823228346458
0
LINE
8
BLACK
6
CONTINUOUS
10
5.3253118897637792
20
-3.3187823228346458
11
5.3255598031496065
21
-3.3186262992125983
0
LINE
8
BLACK
6
CONTINUOUS
10
5.3255598031496065
20
-3.3186262992125983
11
5.3285594094488191
21
-3.317126496062992
0
LINE
8
BLACK
6
CONTINUOUS
10
5.3285594094488191
20
-3.317126496062992
11
5.3291000393700783
21
-3.3169196062992126
0
LINE
8
BLACK
6
CONTINUOUS
10
5.3291000393700783
20
-3.3169196062992126
11
5.3292058267716538
21
-3.316912086614173
0
LINE
8
BLACK
6
CONTINUOUS
10
5.3292058267716538
20
-3.316912086614173
11
5.3293038582677168
21
-3.3168714960629919
0
LINE
8
BLACK
6
CONTINUOUS
10
5.3293038582677168
20
-3.3168714960629919
11
5.3298799212598427
21
-3.3168147637795276
0
LINE
8
BLACK
6
CONTINUOUS
10
5.3298799212598427
20
-3.3168147637795276
11
5.3373789763779529
21
-3.3168147637795276
0
LINE
8
BLACK
6
CONTINUOUS
10
5.3373789763779529
20
-3.3168147637795276
11
5.3379550393700788
21
-3.3168714960629919
0
LINE
8
BLACK
6
CONTINUOUS
10
5.3691666141732286
20
-3.3168434645669289
11
5.3692443700787402
21
-3.3168379527559053
0
LINE
8
BLACK
6
CONTINUOUS
10
5.3692443700787402
20
-3.3168379527559053
11
5.369346614173228
21
-3.3168611811023623
0
LINE
8
BLACK
6
CONTINUOUS
10
5.369346614173228
20
-3.3168611811023623
11
5.3694511417322834
21
-3.3168714960629919
0
LINE
8
BLACK
6
CONTINUOUS
10
5.3694511417322834
20
-3.3168714960629919
11
5.3695232283464565
21
-3.3169013385826771
0
LINE
8
BLACK
6
CONTINUOUS
10
5.3695232283464565
20
-3.3169013385826771
11
5.3698088188976376
21
-3.3169662992125986
0
LINE
8
BLACK
6
CONTINUOUS
10
5.3698088188976376
20
-3.3169662992125986
11
5.3743082283464565
21
-3.3184661023622049
0
LINE
8
BLACK
6
CONTINUOUS
10
5.3743082283464565
20
-3.3184661023622049
11
5.3748368110236218
21
-3.3187020866141732
0
LINE
8
BLACK
6
CONTINUOUS
10
5.3748368110236218
20
-3.3187020866141732
11
5.3749169291338585
21
-3.3187715748031494
0
LINE
8
BLACK
6
CONTINUOUS
10
5.3749169291338585
20
-3.3187715748031494
11
5.3750149212598428
21
-3.3188121653543305
0
LINE
8
BLACK
6
CONTINUOUS
10
5.3750149212598428
20
-3.3188121653543305
11
5.3754623622047246
21
-3.3191793700787402
0
LINE
8
BLACK
6
CONTINUOUS
10
5.3754623622047246
20
-3.3191793700787402
11
5.3769622047244097
21
-3.3206791732283465
0
LINE
8
BLACK
6
CONTINUOUS
10
5.3769622047244097
20
-3.3206791732283465
11
5.3773294488188972
21
-3.3211266141732283
0
LINE
8
BLACK
6
CONTINUOUS
10
5.3773294488188972
20
-3.3211266141732283
11
5.3777703543307087
21
-3.3221910236220471
0
LINE
8
BLACK
6
CONTINUOUS
10
5.3777703543307087
20
-3.3221910236220471
11
5.3777703543307087
21
-3.3233431102362205
0
LINE
8
BLACK
6
CONTINUOUS
10
5.3777703543307087
20
-3.3233431102362205
11
5.3773294881889759
21
-3.3244075590551181
0
LINE
8
BLACK
6
CONTINUOUS
10
5.3773294881889759
20
-3.3244075590551181
11
5.3765148031496066
21
-3.3252222440944883
0
LINE
8
BLACK
6
CONTINUOUS
10
5.3765148031496066
20
-3.3252222440944883
11
5.3754503937007874
21
-3.3256631496062989
0
LINE
8
BLACK
6
CONTINUOUS
10
5.3754503937007874
20
-3.3256631496062989
11
5.3742983070866144
21
-3.3256631496062989
0
LINE
8
BLACK
6
CONTINUOUS
10
5.3742983070866144
20
-3.3256631496062989
11
5.3732338976377951
21
-3.3252222834645671
0
LINE
8
BLACK
6
CONTINUOUS
10
5.3732338976377951
20
-3.3252222834645671
11
5.3727864566929133
21
-3.3248550787401574
0
LINE
8
BLACK
6
CONTINUOUS
10
5.3727864566929133
20
-3.3248550787401574
11
5.3717794488188977
21
-3.3238481102362205
0
LINE
8
BLACK
6
CONTINUOUS
10
5.3717794488188977
20
-3.3238481102362205
11
5.3683959448818896
21
-3.3227202755905512
0
LINE
8
BLACK
6
CONTINUOUS
10
5.3683959448818896
20
-3.3227202755905512
11
5.3663545669291342
21
-3.3227202755905512
0
LINE
8
BLACK
6
CONTINUOUS
10
5.3663545669291342
20
-3.3227202755905512
11
5.3629709842519686
21
-3.3238481102362205
0
LINE
8
BLACK
6
CONTINUOUS
10
5.3629709842519686
20
-3.3238481102362205
11
5.3608031102362199
21
-3.3260159842519683
0
LINE
8
BLACK
6
CONTINUOUS
10
5.3608031102362199
20
-3.3260159842519683
11
5.3596625590551179
21
-3.3282970866141732
0
LINE
8
BLACK
6
CONTINUOUS
10
5.3596625590551179
20
-3.3282970866141732
11
5.3583294881889767
21
-3.333629409448819
0
LINE
8
BLACK
6
CONTINUOUS
10
5.3583294881889767
20
-3.333629409448819
11
5.3583294881889767
21
-3.3374016535433069
0
LINE
8
BLACK
6
CONTINUOUS
10
5.3583294881889767
20
-3.3374016535433069
11
5.3596625590551179
21
-3.3427339370078739
0
LINE
8
BLACK
6
CONTINUOUS
10
5.3596625590551179
20
-3.3427339370078739
11
5.3608031102362199
21
-3.3450150393700788
0
LINE
8
BLACK
6
CONTINUOUS
10
5.3608031102362199
20
-3.3450150393700788
11
5.3629710236220474
21
-3.3471829921259841
0
LINE
8
BLACK
6
CONTINUOUS
10
5.3629710236220474
20
-3.3471829921259841
11
5.3663545669291342
21
-3.3483108267716535
0
LINE
8
BLACK
6
CONTINUOUS
10
5.3663545669291342
20
-3.3483108267716535
11
5.3683959448818896
21
-3.3483108267716535
0
LINE
8
BLACK
6
CONTINUOUS
10
5.3683959448818896
20
-3.3483108267716535
11
5.3717794488188977
21
-3.3471829921259841
0
LINE
8
BLACK
6
CONTINUOUS
10
5.3717794488188977
20
-3.3471829921259841
11
5.3727864173228346
21
-3.3461760236220472
0
LINE
8
BLACK
6
CONTINUOUS
10
5.3727864173228346
20
-3.3461760236220472
11
5.3732338582677164
21
-3.3458087795275588
0
LINE
8
BLACK
6
CONTINUOUS
10
5.3732338582677164
20
-3.3458087795275588
11
5.3742983070866144
21
-3.3453679133858265
0
LINE
8
BLACK
6
CONTINUOUS
10
5.3742983070866144
20
-3.3453679133858265
11
5.3754503937007874
21
-3.3453679133858265
0
LINE
8
BLACK
6
CONTINUOUS
10
5.3754503937007874
20
-3.3453679133858265
11
5.3765148031496066
21
-3.3458087795275588
0
LINE
8
BLACK
6
CONTINUOUS
10
5.3765148031496066
20
-3.3458087795275588
11
5.3773294881889759
21
-3.3466234645669291
0
LINE
8
BLACK
6
CONTINUOUS
10
5.3773294881889759
20
-3.3466234645669291
11
5.3777703543307087
21
-3.3476878740157479
0
LINE
8
BLACK
6
CONTINUOUS
10
5.3777703543307087
20
-3.3476878740157479
11
5.3777703543307087
21
-3.3488399606299213
0
LINE
8
BLACK
6
CONTINUOUS
10
5.3777703543307087
20
-3.3488399606299213
11
5.3773294881889759
21
-3.3499044094488188
0
LINE
8
BLACK
6
CONTINUOUS
10
5.3773294881889759
20
-3.3499044094488188
11
5.3769622440944884
21
-3.3503518503937006
0
LINE
8
BLACK
6
CONTINUOUS
10
5.3769622440944884
20
-3.3503518503937006
11
5.3754624015748034
21
-3.3518516929133857
0
LINE
8
BLACK
6
CONTINUOUS
10
5.3754624015748034
20
-3.3518516929133857
11
5.3750149606299216
21
-3.3522188976377953
0
LINE
8
BLACK
6
CONTINUOUS
10
5.3750149606299216
20
-3.3522188976377953
11
5.3749169685039373
21
-3.3522594488188977
0
LINE
8
BLACK
6
CONTINUOUS
10
5.3749169685039373
20
-3.3522594488188977
11
5.3748368110236218
21
-3.3523290157480314
0
LINE
8
BLACK
6
CONTINUOUS
10
5.3748368110236218
20
-3.3523290157480314
11
5.3743082283464565
21
-3.3525649999999998
0
LINE
8
BLACK
6
CONTINUOUS
10
5.3743082283464565
20
-3.3525649999999998
11
5.3698088188976376
21
-3.3540648031496061
0
LINE
8
BLACK
6
CONTINUOUS
10
5.3698088188976376
20
-3.3540648031496061
11
5.3695232283464565
21
-3.3541297244094488
0
LINE
8
BLACK
6
CONTINUOUS
10
5.3695232283464565
20
-3.3541297244094488
11
5.3694511417322834
21
-3.3541596062992127
0
LINE
8
BLACK
6
CONTINUOUS
10
5.3694511417322834
20
-3.3541596062992127
11
5.369346614173228
21
-3.3541698818897636
0
LINE
8
BLACK
6
CONTINUOUS
10
5.369346614173228
20
-3.3541698818897636
11
5.3692443700787402
21
-3.3541931496062993
0
LINE
8
BLACK
6
CONTINUOUS
10
5.3692443700787402
20
-3.3541931496062993
11
5.3691666141732286
21
-3.354187598425197
0
LINE
8
BLACK
6
CONTINUOUS
10
5.3691666141732286
20
-3.354187598425197
11
5.3688750787401576
21
-3.3542163385826771
0
LINE
8
BLACK
6
CONTINUOUS
10
5.3688750787401576
20
-3.3542163385826771
11
5.3658754330708662
21
-3.3542163385826771
0
LINE
8
BLACK
6
CONTINUOUS
10
5.3658754330708662
20
-3.3542163385826771
11
5.3655838582677164
21
-3.354187598425197
0
LINE
8
BLACK
6
CONTINUOUS
10
5.3655838582677164
20
-3.354187598425197
11
5.3655061417322836
21
-3.3541931496062993
0
LINE
8
BLACK
6
CONTINUOUS
10
5.3655061417322836
20
-3.3541931496062993
11
5.3654038582677162
21
-3.3541698818897636
0
LINE
8
BLACK
6
CONTINUOUS
10
5.3654038582677162
20
-3.3541698818897636
11
5.3652993700787404
21
-3.3541596062992127
0
LINE
8
BLACK
6
CONTINUOUS
10
5.3652993700787404
20
-3.3541596062992127
11
5.3652272440944877
21
-3.3541297244094488
0
LINE
8
BLACK
6
CONTINUOUS
10
5.3652272440944877
20
-3.3541297244094488
11
5.3649416929133853
21
-3.3540648031496061
0
LINE
8
BLACK
6
CONTINUOUS
10
5.3649416929133853
20
-3.3540648031496061
11
5.3604422440944877
21
-3.3525649999999998
0
LINE
8
BLACK
6
CONTINUOUS
10
5.3604422440944877
20
-3.3525649999999998
11
5.3599137007874011
21
-3.3523290157480314
0
LINE
8
BLACK
6
CONTINUOUS
10
5.3599137007874011
20
-3.3523290157480314
11
5.3598335433070865
21
-3.3522594881889765
0
LINE
8
BLACK
6
CONTINUOUS
10
5.3598335433070865
20
-3.3522594881889765
11
5.3597355118110235
21
-3.3522188976377953
0
LINE
8
BLACK
6
CONTINUOUS
10
5.3597355118110235
20
-3.3522188976377953
11
5.3592880708661417
21
-3.3518516929133857
0
LINE
8
BLACK
6
CONTINUOUS
10
5.3592880708661417
20
-3.3518516929133857
11
5.3562884645669291
21
-3.3488520472440944
0
LINE
8
BLACK
6
CONTINUOUS
10
5.3562884645669291
20
-3.3488520472440944
11
5.3561026771653539
21
-3.3486256692913385
0
LINE
8
BLACK
6
CONTINUOUS
10
5.3561026771653539
20
-3.3486256692913385
11
5.3560437007874011
21
-3.3485745275590548
0
LINE
8
BLACK
6
CONTINUOUS
10
5.3560437007874011
20
-3.3485745275590548
11
5.3559877165354326
21
-3.348485590551181
0
LINE
8
BLACK
6
CONTINUOUS
10
5.3559877165354326
20
-3.348485590551181
11
5.3559212204724407
21
-3.3484045669291338
0
LINE
8
BLACK
6
CONTINUOUS
10
5.3559212204724407
20
-3.3484045669291338
11
5.3558913779527559
21
-3.3483325196850391
0
LINE
8
BLACK
6
CONTINUOUS
10
5.3558913779527559
20
-3.3483325196850391
11
5.3557353543307089
21
-3.3480846456692914
0
LINE
8
BLACK
6
CONTINUOUS
10
5.3557353543307089
20
-3.3480846456692914
11
5.3542355511811026
21
-3.3450850393700788
0
LINE
8
BLACK
6
CONTINUOUS
10
5.3542355511811026
20
-3.3450850393700788
11
5.3542194094488185
21
-3.3450429133858268
0
LINE
8
BLACK
6
CONTINUOUS
10
5.3542194094488185
20
-3.3450429133858268
11
5.3542067322834646
21
-3.3450257874015747
0
LINE
8
BLACK
6
CONTINUOUS
10
5.3542067322834646
20
-3.3450257874015747
11
5.354120157480315
21
-3.3447835826771652
0
LINE
8
BLACK
6
CONTINUOUS
10
5.354120157480315
20
-3.3447835826771652
11
5.3540286614173231
21
-3.3445444094488188
0
LINE
8
BLACK
6
CONTINUOUS
10
5.3540286614173231
20
-3.3445444094488188
11
5.3540271259842518
21
-3.3445231889763778
0
LINE
8
BLACK
6
CONTINUOUS
10
5.3540271259842518
20
-3.3445231889763778
11
5.3540119685039365
21
-3.3444807086614174
0
LINE
8
BLACK
6
CONTINUOUS
10
5.3540119685039365
20
-3.3444807086614174
11
5.3525121259842514
21
-3.3384814566929135
0
LINE
8
BLACK
6
CONTINUOUS
10
5.3525121259842514
20
-3.3384814566929135
11
5.3524973228346457
21
-3.3383814960629921
0
LINE
8
BLACK
6
CONTINUOUS
10
5.3524973228346457
20
-3.3383814960629921
11
5.3524807086614175
21
-3.3383413385826772
0
LINE
8
BLACK
6
CONTINUOUS
10
5.3524807086614175
20
-3.3383413385826772
11
5.352459330708661
21
-3.3381243307086614
0
LINE
8
BLACK
6
CONTINUOUS
10
5.352459330708661
20
-3.3381243307086614
11
5.3524274803149607
21
-3.3379088188976378
0
LINE
8
BLACK
6
CONTINUOUS
10
5.3524274803149607
20
-3.3379088188976378
11
5.352433858267716
21
-3.3378657874015749
0
LINE
8
BLACK
6
CONTINUOUS
10
5.352433858267716
20
-3.3378657874015749
11
5.3524239763779526
21
-3.3377652755905509
0
LINE
8
BLACK
6
CONTINUOUS
10
5.3524239763779526
20
-3.3377652755905509
11
5.3524239763779526
21
-3.3332658267716533
0
LINE
8
BLACK
6
CONTINUOUS
10
5.3524239763779526
20
-3.3332658267716533
11
5.352433858267716
21
-3.333165275590551
0
LINE
8
BLACK
6
CONTINUOUS
10
5.352433858267716
20
-3.333165275590551
11
5.3524274803149607
21
-3.3331222834645668
0
LINE
8
BLACK
6
CONTINUOUS
10
5.3524274803149607
20
-3.3331222834645668
11
5.352459330708661
21
-3.3329067322834645
0
LINE
8
BLACK
6
CONTINUOUS
10
5.352459330708661
20
-3.3329067322834645
11
5.3524807086614175
21
-3.3326897637795274
0
LINE
8
BLACK
6
CONTINUOUS
10
5.3524807086614175
20
-3.3326897637795274
11
5.3524973228346457
21
-3.3326495669291338
0
LINE
8
BLACK
6
CONTINUOUS
10
5.3524973228346457
20
-3.3326495669291338
11
5.3525121259842514
21
-3.3325496456692911
0
LINE
8
BLACK
6
CONTINUOUS
10
5.3525121259842514
20
-3.3325496456692911
11
5.3540119685039365
21
-3.3265503937007872
0
LINE
8
BLACK
6
CONTINUOUS
10
5.3540119685039365
20
-3.3265503937007872
11
5.3540271259842518
21
-3.3265078740157481
0
LINE
8
BLACK
6
CONTINUOUS
10
5.3540271259842518
20
-3.3265078740157481
11
5.3540286614173231
21
-3.3264866929133858
0
LINE
8
BLACK
6
CONTINUOUS
10
5.3540286614173231
20
-3.3264866929133858
11
5.354120157480315
21
-3.3262474803149606
0
LINE
8
BLACK
6
CONTINUOUS
10
5.354120157480315
20
-3.3262474803149606
11
5.3542067322834646
21
-3.3260053149606299
0
LINE
8
BLACK
6
CONTINUOUS
10
5.3542067322834646
20
-3.3260053149606299
11
5.3542194094488185
21
-3.3259881496062991
0
LINE
8
BLACK
6
CONTINUOUS
10
5.3542194094488185
20
-3.3259881496062991
11
5.3542355511811026
21
-3.3259460629921258
0
LINE
8
BLACK
6
CONTINUOUS
10
5.3542355511811026
20
-3.3259460629921258
11
5.3557353543307089
21
-3.3229464173228345
0
LINE
8
BLACK
6
CONTINUOUS
10
5.3557353543307089
20
-3.3229464173228345
11
5.3558914173228347
21
-3.3226983858267718
0
LINE
8
BLACK
6
CONTINUOUS
10
5.3558914173228347
20
-3.3226983858267718
11
5.3559212598425194
21
-3.3226264566929133
0
LINE
8
BLACK
6
CONTINUOUS
10
5.3559212598425194
20
-3.3226264566929133
11
5.3559877165354326
21
-3.3225454724409449
0
LINE
8
BLACK
6
CONTINUOUS
10
5.3559877165354326
20
-3.3225454724409449
11
5.3560437007874011
21
-3.3224565354330706
0
LINE
8
BLACK
6
CONTINUOUS
10
5.3560437007874011
20
-3.3224565354330706
11
5.3561026771653539
21
-3.3224053543307086
0
LINE
8
BLACK
6
CONTINUOUS
10
5.3561026771653539
20
-3.3224053543307086
11
5.3562884645669291
21
-3.3221790157480315
0
LINE
8
BLACK
6
CONTINUOUS
10
5.3562884645669291
20
-3.3221790157480315
11
5.3592880708661417
21
-3.319179409448819
0
LINE
8
BLACK
6
CONTINUOUS
10
5.3592880708661417
20
-3.319179409448819
11
5.3597355118110235
21
-3.3188121653543305
0
LINE
8
BLACK
6
CONTINUOUS
10
5.3597355118110235
20
-3.3188121653543305
11
5.359833622047244
21
-3.3187714960629919
0
LINE
8
BLACK
6
CONTINUOUS
10
5.359833622047244
20
-3.3187714960629919
11
5.3599137007874011
21
-3.3187020866141732
0
LINE
8
BLACK
6
CONTINUOUS
10
5.3599137007874011
20
-3.3187020866141732
11
5.3604422440944877
21
-3.3184661023622049
0
LINE
8
BLACK
6
CONTINUOUS
10
5.3604422440944877
20
-3.3184661023622049
11
5.3649416929133853
21
-3.3169662992125986
0
LINE
8
BLACK
6
CONTINUOUS
10
5.3649416929133853
20
-3.3169662992125986
11
5.3652272440944877
21
-3.3169013385826771
0
LINE
8
BLACK
6
CONTINUOUS
10
5.3652272440944877
20
-3.3169013385826771
11
5.3652993700787404
21
-3.3168714960629919
0
LINE
8
BLACK
6
CONTINUOUS
10
5.3652993700787404
20
-3.3168714960629919
11
5.3654038582677162
21
-3.3168611811023623
0
LINE
8
BLACK
6
CONTINUOUS
10
5.3654038582677162
20
-3.3168611811023623
11
5.3655061417322836
21
-3.3168379527559053
0
LINE
8
BLACK
6
CONTINUOUS
10
5.3655061417322836
20
-3.3168379527559053
11
5.3655838582677164
21
-3.3168434645669289
0
LINE
8
BLACK
6
CONTINUOUS
10
5.3655838582677164
20
-3.3168434645669289
11
5.3658754330708662
21
-3.3168147637795276
0
LINE
8
BLACK
6
CONTINUOUS
10
5.3658754330708662
20
-3.3168147637795276
11
5.3688750787401576
21
-3.3168147637795276
0
LINE
8
BLACK
6
CONTINUOUS
10
5.3688750787401576
20
-3.3168147637795276
11
5.3691666141732286
21
-3.3168434645669289
0
LINE
8
BLACK
6
CONTINUOUS
10
5.3900131102362208
20
-3.317312401574803
11
5.3908277559055113
21
-3.3181270472440945
0
LINE
8
BLACK
6
CONTINUOUS
10
5.3908277559055113
20
-3.3181270472440945
11
5.3912686614173229
21
-3.3191914566929133
0
LINE
8
BLACK
6
CONTINUOUS
10
5.3912686614173229
20
-3.3191914566929133
11
5.3913253937007877
21
-3.3197675196850391
0
LINE
8
BLACK
6
CONTINUOUS
10
5.3913253937007877
20
-3.3197675196850391
11
5.3913253937007877
21
-3.3306366929133859
0
LINE
8
BLACK
6
CONTINUOUS
10
5.3913253937007877
20
-3.3306366929133859
11
5.4042824803149605
21
-3.3176796062992127
0
LINE
8
BLACK
6
CONTINUOUS
10
5.4042824803149605
20
-3.3176796062992127
11
5.4047299212598423
21
-3.3173123622047243
0
LINE
8
BLACK
6
CONTINUOUS
10
5.4047299212598423
20
-3.3173123622047243
11
5.4057943700787403
21
-3.3168714960629919
0
LINE
8
BLACK
6
CONTINUOUS
10
5.4057943700787403
20
-3.3168714960629919
11
5.4069464566929133
21
-3.3168714960629919
0
LINE
8
BLACK
6
CONTINUOUS
10
5.4069464566929133
20
-3.3168714960629919
11
5.4080108661417325
21
-3.3173123622047243
0
LINE
8
BLACK
6
CONTINUOUS
10
5.4080108661417325
20
-3.3173123622047243
11
5.4088255511811019
21
-3.3181270472440945
0
LINE
8
BLACK
6
CONTINUOUS
10
5.4088255511811019
20
-3.3181270472440945
11
5.4092664173228346
21
-3.3191914566929133
0
LINE
8
BLACK
6
CONTINUOUS
10
5.4092664173228346
20
-3.3191914566929133
11
5.4092664173228346
21
-3.3203435433070867
0
LINE
8
BLACK
6
CONTINUOUS
10
5.4092664173228346
20
-3.3203435433070867
11
5.4088255511811019
21
-3.3214079921259843
0
LINE
8
BLACK
6
CONTINUOUS
10
5.4088255511811019
20
-3.3214079921259843
11
5.4084583070866143
21
-3.3218554330708661
0
LINE
8
BLACK
6
CONTINUOUS
10
5.4084583070866143
20
-3.3218554330708661
11
5.3967707874015751
21
-3.3335429133858265
0
LINE
8
BLACK
6
CONTINUOUS
10
5.3967707874015751
20
-3.3335429133858265
11
5.408732598425197
21
-3.3494919291338583
0
LINE
8
BLACK
6
CONTINUOUS
10
5.408732598425197
20
-3.3494919291338583
11
5.4090328346456689
21
-3.3499868110236219
0
LINE
8
BLACK
6
CONTINUOUS
10
5.4090328346456689
20
-3.3499868110236219
11
5.4093187795275588
21
-3.3511028740157478
0
LINE
8
BLACK
6
CONTINUOUS
10
5.4093187795275588
20
-3.3511028740157478
11
5.4091558267716531
21
-3.3522433858267715
0
LINE
8
BLACK
6
CONTINUOUS
10
5.4091558267716531
20
-3.3522433858267715
11
5.4085688582677163
21
-3.3532347637795277
0
LINE
8
BLACK
6
CONTINUOUS
10
5.4085688582677163
20
-3.3532347637795277
11
5.407647165354331
21
-3.3539260236220469
0
LINE
8
BLACK
6
CONTINUOUS
10
5.407647165354331
20
-3.3539260236220469
11
5.4065311023622042
21
-3.3542119685039369
0
LINE
8
BLACK
6
CONTINUOUS
10
5.4065311023622042
20
-3.3542119685039369
11
5.405390590551181
21
-3.3540490157480316
0
LINE
8
BLACK
6
CONTINUOUS
10
5.405390590551181
20
-3.3540490157480316
11
5.4043992125984248
21
-3.3534620472440944
0
LINE
8
BLACK
6
CONTINUOUS
10
5.4043992125984248
20
-3.3534620472440944
11
5.4040081889763778
21
-3.3530352362204723
0
LINE
8
BLACK
6
CONTINUOUS
10
5.4040081889763778
20
-3.3530352362204723
11
5.392552559055118
21
-3.3377611417322832
0
LINE
8
BLACK
6
CONTINUOUS
10
5.392552559055118
20
-3.3377611417322832
11
5.3913253937007877
21
-3.3389883464566927
0
LINE
8
BLACK
6
CONTINUOUS
10
5.3913253937007877
20
-3.3389883464566927
11
5.3913253937007877
21
-3.3512635826771651
0
LINE
8
BLACK
6
CONTINUOUS
10
5.3913253937007877
20
-3.3512635826771651
11
5.3912686614173229
21
-3.3518396456692914
0
LINE
8
BLACK
6
CONTINUOUS
10
5.3912686614173229
20
-3.3518396456692914
11
5.3908277559055113
21
-3.3529040551181102
0
LINE
8
BLACK
6
CONTINUOUS
10
5.3908277559055113
20
-3.3529040551181102
11
5.3900131102362208
21
-3.3537187007874016
0
LINE
8
BLACK
6
CONTINUOUS
10
5.3900131102362208
20
-3.3537187007874016
11
5.3889487007874015
21
-3.3541596062992127
0
LINE
8
BLACK
6
CONTINUOUS
10
5.3889487007874015
20
-3.3541596062992127
11
5.3877965748031498
21
-3.3541596062992127
0
LINE
8
BLACK
6
CONTINUOUS
10
5.3877965748031498
20
-3.3541596062992127
11
5.3867321653543305
21
-3.3537187007874016
0
LINE
8
BLACK
6
CONTINUOUS
10
5.3867321653543305
20
-3.3537187007874016
11
5.3859175196850391
21
-3.3529040551181102
0
LINE
8
BLACK
6
CONTINUOUS
10
5.3859175196850391
20
-3.3529040551181102
11
5.3854766141732284
21
-3.3518396456692914
0
LINE
8
BLACK
6
CONTINUOUS
10
5.3854766141732284
20
-3.3518396456692914
11
5.3854198818897636
21
-3.3512635826771651
0
LINE
8
BLACK
6
CONTINUOUS
10
5.3854198818897636
20
-3.3512635826771651
11
5.3854198818897636
21
-3.3197675196850391
0
LINE
8
BLACK
6
CONTINUOUS
10
5.3854198818897636
20
-3.3197675196850391
11
5.3854766141732284
21
-3.3191914566929133
0
LINE
8
BLACK
6
CONTINUOUS
10
5.3854766141732284
20
-3.3191914566929133
11
5.3859175196850391
21
-3.3181270472440945
0
LINE
8
BLACK
6
CONTINUOUS
10
5.3859175196850391
20
-3.3181270472440945
11
5.3867321653543305
21
-3.317312401574803
0
LINE
8
BLACK
6
CONTINUOUS
10
5.3867321653543305
20
-3.317312401574803
11
5.3877965748031498
21
-3.3168714960629919
0
LINE
8
BLACK
6
CONTINUOUS
10
5.3877965748031498
20
-3.3168714960629919
11
5.3889487007874015
21
-3.3168714960629919
0
LINE
8
BLACK
6
CONTINUOUS
10
5.3889487007874015
20
-3.3168714960629919
11
5.3900131102362208
21
-3.317312401574803
0
LINE
8
BLACK
6
CONTINUOUS
10
5.4416742913385825
20
-3.3164576377952755
11
5.4417520472440941
21
-3.3164521259842519
0
LINE
8
BLACK
6
CONTINUOUS
10
5.4417520472440941
20
-3.3164521259842519
11
5.4418542913385828
21
-3.3164753543307084
0
LINE
8
BLACK
6
CONTINUOUS
10
5.4418542913385828
20
-3.3164753543307084
11
5.4419588188976373
21
-3.3164856692913385
0
LINE
8
BLACK
6
CONTINUOUS
10
5.4419588188976373
20
-3.3164856692913385
11
5.4420309055118112
21
-3.3165155118110237
0
LINE
8
BLACK
6
CONTINUOUS
10
5.4420309055118112
20
-3.3165155118110237
11
5.4423164960629924
21
-3.3165804724409447
0
LINE
8
BLACK
6
CONTINUOUS
10
5.4423164960629924
20
-3.3165804724409447
11
5.4468159055118113
21
-3.318080275590551
0
LINE
8
BLACK
6
CONTINUOUS
10
5.4468159055118113
20
-3.318080275590551
11
5.4473444881889765
21
-3.3183162598425198
0
LINE
8
BLACK
6
CONTINUOUS
10
5.4473444881889765
20
-3.3183162598425198
11
5.4474246062992124
21
-3.318385748031496
0
LINE
8
BLACK
6
CONTINUOUS
10
5.4474246062992124
20
-3.318385748031496
11
5.4475225984251967
21
-3.3184263385826771
0
LINE
8
BLACK
6
CONTINUOUS
10
5.4475225984251967
20
-3.3184263385826771
11
5.4479700393700785
21
-3.3187935433070868
0
LINE
8
BLACK
6
CONTINUOUS
10
5.4479700393700785
20
-3.3187935433070868
11
5.4494698818897636
21
-3.3202933464566931
0
LINE
8
BLACK
6
CONTINUOUS
10
5.4494698818897636
20
-3.3202933464566931
11
5.449837125984252
21
-3.3207407874015749
0
LINE
8
BLACK
6
CONTINUOUS
10
5.449837125984252
20
-3.3207407874015749
11
5.4502780314960626
21
-3.3218051968503937
0
LINE
8
BLACK
6
CONTINUOUS
10
5.4502780314960626
20
-3.3218051968503937
11
5.4502780314960626
21
-3.3229572834645666
0
LINE
8
BLACK
6
CONTINUOUS
10
5.4502780314960626
20
-3.3229572834645666
11
5.4498371653543307
21
-3.3240217322834646
0
LINE
8
BLACK
6
CONTINUOUS
10
5.4498371653543307
20
-3.3240217322834646
11
5.4490224803149605
21
-3.3248364173228344
0
LINE
8
BLACK
6
CONTINUOUS
10
5.4490224803149605
20
-3.3248364173228344
11
5.4479580708661413
21
-3.3252773228346455
0
LINE
8
BLACK
6
CONTINUOUS
10
5.4479580708661413
20
-3.3252773228346455
11
5.4468059842519683
21
-3.3252773228346455
0
LINE
8
BLACK
6
CONTINUOUS
10
5.4468059842519683
20
-3.3252773228346455
11
5.4457415748031499
21
-3.3248364566929132
0
LINE
8
BLACK
6
CONTINUOUS
10
5.4457415748031499
20
-3.3248364566929132
11
5.4452941338582672
21
-3.324469251968504
0
LINE
8
BLACK
6
CONTINUOUS
10
5.4452941338582672
20
-3.324469251968504
11
5.4442871259842516
21
-3.3234622834645671
0
LINE
8
BLACK
6
CONTINUOUS
10
5.4442871259842516
20
-3.3234622834645671
11
5.4409036220472435
21
-3.3223344488188977
0
LINE
8
BLACK
6
CONTINUOUS
10
5.4409036220472435
20
-3.3223344488188977
11
5.438862244094488
21
-3.3223344488188977
0
LINE
8
BLACK
6
CONTINUOUS
10
5.438862244094488
20
-3.3223344488188977
11
5.4354786614173225
21
-3.3234622834645671
0
LINE
8
BLACK
6
CONTINUOUS
10
5.4354786614173225
20
-3.3234622834645671
11
5.4333107874015747
21
-3.3256301574803149
0
LINE
8
BLACK
6
CONTINUOUS
10
5.4333107874015747
20
-3.3256301574803149
11
5.4321702362204727
21
-3.3279112598425198
0
LINE
8
BLACK
6
CONTINUOUS
10
5.4321702362204727
20
-3.3279112598425198
11
5.4308371653543306
21
-3.3332435826771651
0
LINE
8
BLACK
6
CONTINUOUS
10
5.4308371653543306
20
-3.3332435826771651
11
5.4308371653543306
21
-3.3370158267716534
0
LINE
8
BLACK
6
CONTINUOUS
10
5.4308371653543306
20
-3.3370158267716534
11
5.4321702362204727
21
-3.3423481102362205
0
LINE
8
BLACK
6
CONTINUOUS
10
5.4321702362204727
20
-3.3423481102362205
11
5.4333107874015747
21
-3.3446292125984249
0
LINE
8
BLACK
6
CONTINUOUS
10
5.4333107874015747
20
-3.3446292125984249
11
5.4354787007874013
21
-3.3467971653543307
0
LINE
8
BLACK
6
CONTINUOUS
10
5.4354787007874013
20
-3.3467971653543307
11
5.438862244094488
21
-3.347925
0
LINE
8
BLACK
6
CONTINUOUS
10
5.438862244094488
20
-3.347925
11
5.4409036220472435
21
-3.347925
0
LINE
8
BLACK
6
CONTINUOUS
10
5.4409036220472435
20
-3.347925
11
5.4442871259842516
21
-3.3467971653543307
0
LINE
8
BLACK
6
CONTINUOUS
10
5.4442871259842516
20
-3.3467971653543307
11
5.4452940944881885
21
-3.3457901968503938
0
LINE
8
BLACK
6
CONTINUOUS
10
5.4452940944881885
20
-3.3457901968503938
11
5.4457415354330712
21
-3.3454229527559054
0
LINE
8
BLACK
6
CONTINUOUS
10
5.4457415354330712
20
-3.3454229527559054
11
5.4468059842519683
21
-3.3449820866141731
0
LINE
8
BLACK
6
CONTINUOUS
10
5.4468059842519683
20
-3.3449820866141731
11
5.4479580708661413
21
-3.3449820866141731
0
LINE
8
BLACK
6
CONTINUOUS
10
5.4479580708661413
20
-3.3449820866141731
11
5.4490224803149605
21
-3.3454229527559054
0
LINE
8
BLACK
6
CONTINUOUS
10
5.4490224803149605
20
-3.3454229527559054
11
5.4498371653543307
21
-3.3462376377952756
0
LINE
8
BLACK
6
CONTINUOUS
10
5.4498371653543307
20
-3.3462376377952756
11
5.4502780314960626
21
-3.3473020472440944
0
LINE
8
BLACK
6
CONTINUOUS
10
5.4502780314960626
20
-3.3473020472440944
11
5.4502780314960626
21
-3.3484541338582678
0
LINE
8
BLACK
6
CONTINUOUS
10
5.4502780314960626
20
-3.3484541338582678
11
5.4498371653543307
21
-3.3495185826771654
0
LINE
8
BLACK
6
CONTINUOUS
10
5.4498371653543307
20
-3.3495185826771654
11
5.4494699212598423
21
-3.3499660236220472
0
LINE
8
BLACK
6
CONTINUOUS
10
5.4494699212598423
20
-3.3499660236220472
11
5.4479700787401573
21
-3.3514658661417323
0
LINE
8
BLACK
6
CONTINUOUS
10
5.4479700787401573
20
-3.3514658661417323
11
5.4475226377952755
21
-3.3518330708661415
0
LINE
8
BLACK
6
CONTINUOUS
10
5.4475226377952755
20
-3.3518330708661415
11
5.4474246456692912
21
-3.3518736220472438
0
LINE
8
BLACK
6
CONTINUOUS
10
5.4474246456692912
20
-3.3518736220472438
11
5.4473444881889765
21
-3.351943188976378
0
LINE
8
BLACK
6
CONTINUOUS
10
5.4473444881889765
20
-3.351943188976378
11
5.4468159055118113
21
-3.3521791732283464
0
LINE
8
BLACK
6
CONTINUOUS
10
5.4468159055118113
20
-3.3521791732283464
11
5.4423164960629924
21
-3.3536789763779526
0
LINE
8
BLACK
6
CONTINUOUS
10
5.4423164960629924
20
-3.3536789763779526
11
5.4420309055118112
21
-3.3537438976377953
0
LINE
8
BLACK
6
CONTINUOUS
10
5.4420309055118112
20
-3.3537438976377953
11
5.4419588188976373
21
-3.3537737795275588
0
LINE
8
BLACK
6
CONTINUOUS
10
5.4419588188976373
20
-3.3537737795275588
11
5.4418542913385828
21
-3.3537840551181102
0
LINE
8
BLACK
6
CONTINUOUS
10
5.4418542913385828
20
-3.3537840551181102
11
5.4417520472440941
21
-3.3538073228346454
0
LINE
8
BLACK
6
CONTINUOUS
10
5.4417520472440941
20
-3.3538073228346454
11
5.4416742913385825
21
-3.3538017716535431
0
LINE
8
BLACK
6
CONTINUOUS
10
5.4416742913385825
20
-3.3538017716535431
11
5.4413827559055115
21
-3.3538305118110237
0
LINE
8
BLACK
6
CONTINUOUS
10
5.4413827559055115
20
-3.3538305118110237
11
5.4383831102362201
21
-3.3538305118110237
0
LINE
8
BLACK
6
CONTINUOUS
10
5.4383831102362201
20
-3.3538305118110237
11
5.4380915354330703
21
-3.3538017716535431
0
LINE
8
BLACK
6
CONTINUOUS
10
5.4380915354330703
20
-3.3538017716535431
11
5.4380138188976375
21
-3.3538073228346454
0
LINE
8
BLACK
6
CONTINUOUS
10
5.4380138188976375
20
-3.3538073228346454
11
5.4379115354330709
21
-3.3537840551181102
0
LINE
8
BLACK
6
CONTINUOUS
10
5.4379115354330709
20
-3.3537840551181102
11
5.4378070472440942
21
-3.3537737795275588
0
LINE
8
BLACK
6
CONTINUOUS
10
5.4378070472440942
20
-3.3537737795275588
11
5.4377349212598425
21
-3.3537438976377953
0
LINE
8
BLACK
6
CONTINUOUS
10
5.4377349212598425
20
-3.3537438976377953
11
5.4374493700787401
21
-3.3536789763779526
0
LINE
8
BLACK
6
CONTINUOUS
10
5.4374493700787401
20
-3.3536789763779526
11
5.4329499212598424
21
-3.3521791732283464
0
LINE
8
BLACK
6
CONTINUOUS
10
5.4329499212598424
20
-3.3521791732283464
11
5.4324213779527559
21
-3.351943188976378
0
LINE
8
BLACK
6
CONTINUOUS
10
5.4324213779527559
20
-3.351943188976378
11
5.4323412204724404
21
-3.3518736614173226
0
LINE
8
BLACK
6
CONTINUOUS
10
5.4323412204724404
20
-3.3518736614173226
11
5.4322431889763783
21
-3.3518330708661415
0
LINE
8
BLACK
6
CONTINUOUS
10
5.4322431889763783
20
-3.3518330708661415
11
5.4317957480314956
21
-3.3514658661417323
0
LINE
8
BLACK
6
CONTINUOUS
10
5.4317957480314956
20
-3.3514658661417323
11
5.428796141732283
21
-3.3484662204724409
0
LINE
8
BLACK
6
CONTINUOUS
10
5.428796141732283
20
-3.3484662204724409
11
5.4286103543307087
21
-3.3482398425196851
0
LINE
8
BLACK
6
CONTINUOUS
10
5.4286103543307087
20
-3.3482398425196851
11
5.4285513779527559
21
-3.3481887007874014
0
LINE
8
BLACK
6
CONTINUOUS
10
5.4285513779527559
20
-3.3481887007874014
11
5.4284953937007874
21
-3.3480997637795276
0
LINE
8
BLACK
6
CONTINUOUS
10
5.4284953937007874
20
-3.3480997637795276
11
5.4284288976377955
21
-3.3480187401574804
0
LINE
8
BLACK
6
CONTINUOUS
10
5.4284288976377955
20
-3.3480187401574804
11
5.4283990551181098
21
-3.3479466929133856
0
LINE
8
BLACK
6
CONTINUOUS
10
5.4283990551181098
20
-3.3479466929133856
11
5.4282430314960628
21
-3.3476988188976375
0
LINE
8
BLACK
6
CONTINUOUS
10
5.4282430314960628
20
-3.3476988188976375
11
5.4267432283464565
21
-3.344699212598425
0
LINE
8
BLACK
6
CONTINUOUS
10
5.4267432283464565
20
-3.344699212598425
11
5.4267270866141732
21
-3.3446570866141729
0
LINE
8
BLACK
6
CONTINUOUS
10
5.4267270866141732
20
-3.3446570866141729
11
5.4267144094488184
21
-3.3446399606299213
0
LINE
8
BLACK
6
CONTINUOUS
10
5.4267144094488184
20
-3.3446399606299213
11
5.4266278346456689
21
-3.3443977559055118
0
LINE
8
BLACK
6
CONTINUOUS
10
5.4266278346456689
20
-3.3443977559055118
11
5.426536338582677
21
-3.3441585826771654
0
LINE
8
BLACK
6
CONTINUOUS
10
5.426536338582677
20
-3.3441585826771654
11
5.4265348031496066
21
-3.3441373622047244
0
LINE
8
BLACK
6
CONTINUOUS
10
5.4265348031496066
20
-3.3441373622047244
11
5.4265196456692912
21
-3.3440948818897636
0
LINE
8
BLACK
6
CONTINUOUS
10
5.4265196456692912
20
-3.3440948818897636
11
5.4250198031496062
21
-3.3380956299212596
0
LINE
8
BLACK
6
CONTINUOUS
10
5.4250198031496062
20
-3.3380956299212596
11
5.4250049999999996
21
-3.3379956692913386
0
LINE
8
BLACK
6
CONTINUOUS
10
5.4250049999999996
20
-3.3379956692913386
11
5.4249883858267713
21
-3.3379555118110233
0
LINE
8
BLACK
6
CONTINUOUS
10
5.4249883858267713
20
-3.3379555118110233
11
5.4249670078740158
21
-3.337738503937008
0
LINE
8
BLACK
6
CONTINUOUS
10
5.4249670078740158
20
-3.337738503937008
11
5.4249351574803146
21
-3.3375229921259844
0
LINE
8
BLACK
6
CONTINUOUS
10
5.4249351574803146
20
-3.3375229921259844
11
5.4249415354330708
21
-3.337479960629921
0
LINE
8
BLACK
6
CONTINUOUS
10
5.4249415354330708
20
-3.337479960629921
11
5.4249316535433065
21
-3.3373794488188975
0
LINE
8
BLACK
6
CONTINUOUS
10
5.4249316535433065
20
-3.3373794488188975
11
5.4249316535433065
21
-3.3328799999999998
0
LINE
8
BLACK
6
CONTINUOUS
10
5.4249316535433065
20
-3.3328799999999998
11
5.4249415354330708
21
-3.3327794488188975
0
LINE
8
BLACK
6
CONTINUOUS
10
5.4249415354330708
20
-3.3327794488188975
11
5.4249351574803146
21
-3.3327364566929134
0
LINE
8
BLACK
6
CONTINUOUS
10
5.4249351574803146
20
-3.3327364566929134
11
5.4249670078740158
21
-3.332520905511811
0
LINE
8
BLACK
6
CONTINUOUS
10
5.4249670078740158
20
-3.332520905511811
11
5.4249883858267713
21
-3.332303937007874
0
LINE
8
BLACK
6
CONTINUOUS
10
5.4249883858267713
20
-3.332303937007874
11
5.4250049999999996
21
-3.3322637401574804
0
LINE
8
BLACK
6
CONTINUOUS
10
5.4250049999999996
20
-3.3322637401574804
11
5.4250198031496062
21
-3.3321638188976377
0
LINE
8
BLACK
6
CONTINUOUS
10
5.4250198031496062
20
-3.3321638188976377
11
5.4265196456692912
21
-3.3261645669291338
0
LINE
8
BLACK
6
CONTINUOUS
10
5.4265196456692912
20
-3.3261645669291338
11
5.4265348031496066
21
-3.3261220472440942
0
LINE
8
BLACK
6
CONTINUOUS
10
5.4265348031496066
20
-3.3261220472440942
11
5.426536338582677
21
-3.3261008661417324
0
LINE
8
BLACK
6
CONTINUOUS
10
5.426536338582677
20
-3.3261008661417324
11
5.4266278346456689
21
-3.3258616535433072
0
LINE
8
BLACK
6
CONTINUOUS
10
5.4266278346456689
20
-3.3258616535433072
11
5.4267144094488184
21
-3.3256194881889765
0
LINE
8
BLACK
6
CONTINUOUS
10
5.4267144094488184
20
-3.3256194881889765
11
5.4267270866141732
21
-3.3256023228346456
0
LINE
8
BLACK
6
CONTINUOUS
10
5.4267270866141732
20
-3.3256023228346456
11
5.4267432283464565
21
-3.3255602362204724
0
LINE
8
BLACK
6
CONTINUOUS
10
5.4267432283464565
20
-3.3255602362204724
11
5.4282430314960628
21
-3.322560590551181
0
LINE
8
BLACK
6
CONTINUOUS
10
5.4282430314960628
20
-3.322560590551181
11
5.4283990944881886
21
-3.3223125590551179
0
LINE
8
BLACK
6
CONTINUOUS
10
5.4283990944881886
20
-3.3223125590551179
11
5.4284289370078742
21
-3.3222406299212599
0
LINE
8
BLACK
6
CONTINUOUS
10
5.4284289370078742
20
-3.3222406299212599
11
5.4284953937007874
21
-3.3221596456692915
0
LINE
8
BLACK
6
CONTINUOUS
10
5.4284953937007874
20
-3.3221596456692915
11
5.4285513779527559
21
-3.3220707086614172
0
LINE
8
BLACK
6
CONTINUOUS
10
5.4285513779527559
20
-3.3220707086614172
11
5.4286103543307087
21
-3.3220195275590552
0
LINE
8
BLACK
6
CONTINUOUS
10
5.4286103543307087
20
-3.3220195275590552
11
5.428796141732283
21
-3.3217931889763781
0
LINE
8
BLACK
6
CONTINUOUS
10
5.428796141732283
20
-3.3217931889763781
11
5.4317957480314956
21
-3.3187935826771651
0
LINE
8
BLACK
6
CONTINUOUS
10
5.4317957480314956
20
-3.3187935826771651
11
5.4322431889763783
21
-3.3184263385826771
0
LINE
8
BLACK
6
CONTINUOUS
10
5.4322431889763783
20
-3.3184263385826771
11
5.4323412992125979
21
-3.3183856692913385
0
LINE
8
BLACK
6
CONTINUOUS
10
5.4323412992125979
20
-3.3183856692913385
11
5.4324213779527559
21
-3.3183162598425198
0
LINE
8
BLACK
6
CONTINUOUS
10
5.4324213779527559
20
-3.3183162598425198
11
5.4329499212598424
21
-3.318080275590551
0
LINE
8
BLACK
6
CONTINUOUS
10
5.4329499212598424
20
-3.318080275590551
11
5.4374493700787401
21
-3.3165804724409447
0
LINE
8
BLACK
6
CONTINUOUS
10
5.4374493700787401
20
-3.3165804724409447
11
5.4377349212598425
21
-3.3165155118110237
0
LINE
8
BLACK
6
CONTINUOUS
10
5.4377349212598425
20
-3.3165155118110237
11
5.4378070472440942
21
-3.3164856692913385
0
LINE
8
BLACK
6
CONTINUOUS
10
5.4378070472440942
20
-3.3164856692913385
11
5.4379115354330709
21
-3.3164753543307084
0
LINE
8
BLACK
6
CONTINUOUS
10
5.4379115354330709
20
-3.3164753543307084
11
5.4380138188976375
21
-3.3164521259842519
0
LINE
8
BLACK
6
CONTINUOUS
10
5.4380138188976375
20
-3.3164521259842519
11
5.4380915354330703
21
-3.3164576377952755
0
LINE
8
BLACK
6
CONTINUOUS
10
5.4380915354330703
20
-3.3164576377952755
11
5.4383831102362201
21
-3.3164289370078741
0
LINE
8
BLACK
6
CONTINUOUS
10
5.4383831102362201
20
-3.3164289370078741
11
5.4413827559055115
21
-3.3164289370078741
0
LINE
8
BLACK
6
CONTINUOUS
10
5.4413827559055115
20
-3.3164289370078741
11
5.4416742913385825
21
-3.3164576377952755
0
LINE
8
BLACK
6
CONTINUOUS
10
5.4719550393700782
20
-3.3164856692913385
11
5.4720530314960625
21
-3.3165262598425196
0
LINE
8
BLACK
6
CONTINUOUS
10
5.4720530314960625
20
-3.3165262598425196
11
5.4721588582677168
21
-3.3165337795275591
0
LINE
8
BLACK
6
CONTINUOUS
10
5.4721588582677168
20
-3.3165337795275591
11
5.4726994881889759
21
-3.3167406692913386
0
LINE
8
BLACK
6
CONTINUOUS
10
5.4726994881889759
20
-3.3167406692913386
11
5.4756991338582672
21
-3.3182404724409449
0
LINE
8
BLACK
6
CONTINUOUS
10
5.4756991338582672
20
-3.3182404724409449
11
5.475947125984252
21
-3.3183965354330707
0
LINE
8
BLACK
6
CONTINUOUS
10
5.475947125984252
20
-3.3183965354330707
11
5.4760190944881888
21
-3.3184263779527559
0
LINE
8
BLACK
6
CONTINUOUS
10
5.4760190944881888
20
-3.3184263779527559
11
5.4761000393700785
21
-3.318492834645669
0
LINE
8
BLACK
6
CONTINUOUS
10
5.4761000393700785
20
-3.318492834645669
11
5.4761890157480311
21
-3.3185488188976375
0
LINE
8
BLACK
6
CONTINUOUS
10
5.4761890157480311
20
-3.3185488188976375
11
5.4762401574803148
21
-3.3186077952755904
0
LINE
8
BLACK
6
CONTINUOUS
10
5.4762401574803148
20
-3.3186077952755904
11
5.4764665354330706
21
-3.3187935826771651
0
LINE
8
BLACK
6
CONTINUOUS
10
5.4764665354330706
20
-3.3187935826771651
11
5.4779663385826769
21
-3.3202933858267714
0
LINE
8
BLACK
6
CONTINUOUS
10
5.4779663385826769
20
-3.3202933858267714
11
5.4781520866141733
21
-3.3205197244094489
0
LINE
8
BLACK
6
CONTINUOUS
10
5.4781520866141733
20
-3.3205197244094489
11
5.4782111023622049
21
-3.3205709055118109
0
LINE
8
BLACK
6
CONTINUOUS
10
5.4782111023622049
20
-3.3205709055118109
11
5.4782670472440946
21
-3.3206598425196852
0
LINE
8
BLACK
6
CONTINUOUS
10
5.4782670472440946
20
-3.3206598425196852
11
5.4783335433070866
21
-3.3207408267716536
0
LINE
8
BLACK
6
CONTINUOUS
10
5.4783335433070866
20
-3.3207408267716536
11
5.4783633464566925
21
-3.3208127559055116
0
LINE
8
BLACK
6
CONTINUOUS
10
5.4783633464566925
20
-3.3208127559055116
11
5.4785194488188971
21
-3.3210607874015747
0
LINE
8
BLACK
6
CONTINUOUS
10
5.4785194488188971
20
-3.3210607874015747
11
5.4800192519685034
21
-3.3240604330708661
0
LINE
8
BLACK
6
CONTINUOUS
10
5.4800192519685034
20
-3.3240604330708661
11
5.4802261417322837
21
-3.3246010629921261
0
LINE
8
BLACK
6
CONTINUOUS
10
5.4802261417322837
20
-3.3246010629921261
11
5.4802336220472441
21
-3.3247068503937007
0
LINE
8
BLACK
6
CONTINUOUS
10
5.4802336220472441
20
-3.3247068503937007
11
5.4802742519685035
21
-3.3248048818897638
0
LINE
8
BLACK
6
CONTINUOUS
10
5.4802742519685035
20
-3.3248048818897638
11
5.4803309842519683
21
-3.3253809448818896
0
LINE
8
BLACK
6
CONTINUOUS
10
5.4803309842519683
20
-3.3253809448818896
11
5.4803309842519683
21
-3.3283805511811022
0
LINE
8
BLACK
6
CONTINUOUS
10
5.4803309842519683
20
-3.3283805511811022
11
5.4803022440944877
21
-3.3286720866141732
0
LINE
8
BLACK
6
CONTINUOUS
10
5.4803022440944877
20
-3.3286720866141732
11
5.4803077952755901
21
-3.3287498425196849
0
LINE
8
BLACK
6
CONTINUOUS
10
5.4803077952755901
20
-3.3287498425196849
11
5.4802845275590553
21
-3.3288520866141731
0
LINE
8
BLACK
6
CONTINUOUS
10
5.4802845275590553
20
-3.3288520866141731
11
5.4802742519685035
21
-3.3289566141732281
0
LINE
8
BLACK
6
CONTINUOUS
10
5.4802742519685035
20
-3.3289566141732281
11
5.48024437007874
21
-3.3290287007874015
0
LINE
8
BLACK
6
CONTINUOUS
10
5.48024437007874
20
-3.3290287007874015
11
5.4801794488188973
21
-3.3293142913385827
0
LINE
8
BLACK
6
CONTINUOUS
10
5.4801794488188973
20
-3.3293142913385827
11
5.478679645669291
21
-3.3338137401574803
0
LINE
8
BLACK
6
CONTINUOUS
10
5.478679645669291
20
-3.3338137401574803
11
5.4784436614173231
21
-3.3343422834645668
0
LINE
8
BLACK
6
CONTINUOUS
10
5.4784436614173231
20
-3.3343422834645668
11
5.4783742125984247
21
-3.3344223228346457
0
LINE
8
BLACK
6
CONTINUOUS
10
5.4783742125984247
20
-3.3344223228346457
11
5.4783335826771653
21
-3.334520472440945
0
LINE
8
BLACK
6
CONTINUOUS
10
5.4783335826771653
20
-3.334520472440945
11
5.4779663385826769
21
-3.3349679133858268
0
LINE
8
BLACK
6
CONTINUOUS
10
5.4779663385826769
20
-3.3349679133858268
11
5.4650092519685041
21
-3.347925
0
LINE
8
BLACK
6
CONTINUOUS
10
5.4650092519685041
20
-3.347925
11
5.4773782283464563
21
-3.347925
0
LINE
8
BLACK
6
CONTINUOUS
10
5.4773782283464563
20
-3.347925
11
5.4779542913385821
21
-3.3479817322834644
0
LINE
8
BLACK
6
CONTINUOUS
10
5.4779542913385821
20
-3.3479817322834644
11
5.4790187007874014
21
-3.3484226377952755
0
LINE
8
BLACK
6
CONTINUOUS
10
5.4790187007874014
20
-3.3484226377952755
11
5.4798333464566928
21
-3.3492372834645669
0
LINE
8
BLACK
6
CONTINUOUS
10
5.4798333464566928
20
-3.3492372834645669
11
5.4802742519685035
21
-3.3503016929133858
0
LINE
8
BLACK
6
CONTINUOUS
10
5.4802742519685035
20
-3.3503016929133858
11
5.4802742519685035
21
-3.3514538188976379
0
LINE
8
BLACK
6
CONTINUOUS
10
5.4802742519685035
20
-3.3514538188976379
11
5.4798333464566928
21
-3.3525182283464567
0
LINE
8
BLACK
6
CONTINUOUS
10
5.4798333464566928
20
-3.3525182283464567
11
5.4790187007874014
21
-3.3533328740157478
0
LINE
8
BLACK
6
CONTINUOUS
10
5.4790187007874014
20
-3.3533328740157478
11
5.4779542913385821
21
-3.3537737795275588
0
LINE
8
BLACK
6
CONTINUOUS
10
5.4779542913385821
20
-3.3537737795275588
11
5.4773782283464563
21
-3.3538305118110237
0
LINE
8
BLACK
6
CONTINUOUS
10
5.4773782283464563
20
-3.3538305118110237
11
5.4578806692913382
21
-3.3538305118110237
0
LINE
8
BLACK
6
CONTINUOUS
10
5.4578806692913382
20
-3.3538305118110237
11
5.4573046062992123
21
-3.3537737795275588
0
LINE
8
BLACK
6
CONTINUOUS
10
5.4573046062992123
20
-3.3537737795275588
11
5.456240196850394
21
-3.3533328740157478
0
LINE
8
BLACK
6
CONTINUOUS
10
5.456240196850394
20
-3.3533328740157478
11
5.4554255511811025
21
-3.3525182283464567
0
LINE
8
BLACK
6
CONTINUOUS
10
5.4554255511811025
20
-3.3525182283464567
11
5.454984645669291
21
-3.3514538188976379
0
LINE
8
BLACK
6
CONTINUOUS
10
5.454984645669291
20
-3.3514538188976379
11
5.454984645669291
21
-3.3503016929133858
0
LINE
8
BLACK
6
CONTINUOUS
10
5.454984645669291
20
-3.3503016929133858
11
5.4554255511811025
21
-3.3492372834645669
0
LINE
8
BLACK
6
CONTINUOUS
10
5.4554255511811025
20
-3.3492372834645669
11
5.4557927559055113
21
-3.3487898425196851
0
LINE
8
BLACK
6
CONTINUOUS
10
5.4557927559055113
20
-3.3487898425196851
11
5.473297598425197
21
-3.3312849606299211
0
LINE
8
BLACK
6
CONTINUOUS
10
5.473297598425197
20
-3.3312849606299211
11
5.4744254724409451
21
-3.3279014173228347
0
LINE
8
BLACK
6
CONTINUOUS
10
5.4744254724409451
20
-3.3279014173228347
11
5.4744254724409451
21
-3.3260779527559055
0
LINE
8
BLACK
6
CONTINUOUS
10
5.4744254724409451
20
-3.3260779527559055
11
5.4734516535433073
21
-3.3241303543307086
0
LINE
8
BLACK
6
CONTINUOUS
10
5.4734516535433073
20
-3.3241303543307086
11
5.4726295275590546
21
-3.3233082283464568
0
LINE
8
BLACK
6
CONTINUOUS
10
5.4726295275590546
20
-3.3233082283464568
11
5.4706819291338578
21
-3.3223344488188977
0
LINE
8
BLACK
6
CONTINUOUS
10
5.4706819291338578
20
-3.3223344488188977
11
5.4645769685039367
21
-3.3223344488188977
0
LINE
8
BLACK
6
CONTINUOUS
10
5.4645769685039367
20
-3.3223344488188977
11
5.4626293700787398
21
-3.3233082283464568
0
LINE
8
BLACK
6
CONTINUOUS
10
5.4626293700787398
20
-3.3233082283464568
11
5.4614683464566927
21
-3.324469251968504
0
LINE
8
BLACK
6
CONTINUOUS
10
5.4614683464566927
20
-3.324469251968504
11
5.4610209055118109
21
-3.3248364566929132
0
LINE
8
BLACK
6
CONTINUOUS
10
5.4610209055118109
20
-3.3248364566929132
11
5.4599564566929129
21
-3.3252773228346455
0
LINE
8
BLACK
6
CONTINUOUS
10
5.4599564566929129
20
-3.3252773228346455
11
5.4588044094488186
21
-3.3252773228346455
0
LINE
8
BLACK
6
CONTINUOUS
10
5.4588044094488186
20
-3.3252773228346455
11
5.4577400000000003
21
-3.3248364173228344
0
LINE
8
BLACK
6
CONTINUOUS
10
5.4577400000000003
20
-3.3248364173228344
11
5.45692531496063
21
-3.3240217322834646
0
LINE
8
BLACK
6
CONTINUOUS
10
5.45692531496063
20
-3.3240217322834646
11
5.4564844488188973
21
-3.3229572834645666
0
LINE
8
BLACK
6
CONTINUOUS
10
5.4564844488188973
20
-3.3229572834645666
11
5.4564844488188973
21
-3.3218052362204724
0
LINE
8
BLACK
6
CONTINUOUS
10
5.4564844488188973
20
-3.3218052362204724
11
5.4569253543307088
21
-3.3207408267716536
0
LINE
8
BLACK
6
CONTINUOUS
10
5.4569253543307088
20
-3.3207408267716536
11
5.4572925984251963
21
-3.3202933464566931
0
LINE
8
BLACK
6
CONTINUOUS
10
5.4572925984251963
20
-3.3202933464566931
11
5.4587924409448814
21
-3.3187935433070868
0
LINE
8
BLACK
6
CONTINUOUS
10
5.4587924409448814
20
-3.3187935433070868
11
5.4590187401574806
21
-3.3186077952755904
0
LINE
8
BLACK
6
CONTINUOUS
10
5.4590187401574806
20
-3.3186077952755904
11
5.4590699212598421
21
-3.3185488188976375
0
LINE
8
BLACK
6
CONTINUOUS
10
5.4590699212598421
20
-3.3185488188976375
11
5.4591588188976381
21
-3.318492834645669
0
LINE
8
BLACK
6
CONTINUOUS
10
5.4591588188976381
20
-3.318492834645669
11
5.4592398818897641
21
-3.3184263385826771
0
LINE
8
BLACK
6
CONTINUOUS
10
5.4592398818897641
20
-3.3184263385826771
11
5.4593118897637796
21
-3.3183964960629919
0
LINE
8
BLACK
6
CONTINUOUS
10
5.4593118897637796
20
-3.3183964960629919
11
5.459559803149606
21
-3.3182404724409449
0
LINE
8
BLACK
6
CONTINUOUS
10
5.459559803149606
20
-3.3182404724409449
11
5.4625594094488186
21
-3.3167406692913386
0
LINE
8
BLACK
6
CONTINUOUS
10
5.4625594094488186
20
-3.3167406692913386
11
5.4631000393700786
21
-3.3165337795275591
0
LINE
8
BLACK
6
CONTINUOUS
10
5.4631000393700786
20
-3.3165337795275591
11
5.4632058267716532
21
-3.3165262598425196
0
LINE
8
BLACK
6
CONTINUOUS
10
5.4632058267716532
20
-3.3165262598425196
11
5.4633038582677163
21
-3.3164856692913385
0
LINE
8
BLACK
6
CONTINUOUS
10
5.4633038582677163
20
-3.3164856692913385
11
5.4638799212598421
21
-3.3164289370078741
0
LINE
8
BLACK
6
CONTINUOUS
10
5.4638799212598421
20
-3.3164289370078741
11
5.4713789763779523
21
-3.3164289370078741
0
LINE
8
BLACK
6
CONTINUOUS
10
5.4713789763779523
20
-3.3164289370078741
11
5.4719550393700782
21
-3.3164856692913385
0
LINE
8
BLACK
6
CONTINUOUS
10
5.4986671653543304
20
-3.3164576377952755
11
5.498744921259842
21
-3.3164521259842519
0
LINE
8
BLACK
6
CONTINUOUS
10
5.498744921259842
20
-3.3164521259842519
11
5.4988471653543307
21
-3.3164753543307084
0
LINE
8
BLACK
6
CONTINUOUS
10
5.4988471653543307
20
-3.3164753543307084
11
5.4989516929133853
21
-3.3164856692913385
0
LINE
8
BLACK
6
CONTINUOUS
10
5.4989516929133853
20
-3.3164856692913385
11
5.4990237795275592
21
-3.3165155118110237
0
LINE
8
BLACK
6
CONTINUOUS
10
5.4990237795275592
20
-3.3165155118110237
11
5.4993093700787403
21
-3.3165804724409447
0
LINE
8
BLACK
6
CONTINUOUS
10
5.4993093700787403
20
-3.3165804724409447
11
5.503808818897638
21
-3.318080275590551
0
LINE
8
BLACK
6
CONTINUOUS
10
5.503808818897638
20
-3.318080275590551
11
5.5043373622047245
21
-3.3183162598425198
0
LINE
8
BLACK
6
CONTINUOUS
10
5.5043373622047245
20
-3.3183162598425198
11
5.5044174803149604
21
-3.318385748031496
0
LINE
8
BLACK
6
CONTINUOUS
10
5.5044174803149604
20
-3.318385748031496
11
5.5045155511811021
21
-3.3184263779527559
0
LINE
8
BLACK
6
CONTINUOUS
10
5.5045155511811021
20
-3.3184263779527559
11
5.5049629921259839
21
-3.3187935826771651
0
LINE
8
BLACK
6
CONTINUOUS
10
5.5049629921259839
20
-3.3187935826771651
11
5.5079625984251965
21
-3.3217931889763781
0
LINE
8
BLACK
6
CONTINUOUS
10
5.5079625984251965
20
-3.3217931889763781
11
5.5081484251968504
21
-3.3220195669291339
0
LINE
8
BLACK
6
CONTINUOUS
10
5.5081484251968504
20
-3.3220195669291339
11
5.5082073622047245
21
-3.3220707086614172
0
LINE
8
BLACK
6
CONTINUOUS
10
5.5082073622047245
20
-3.3220707086614172
11
5.5082632283464568
21
-3.3221594488188977
0
LINE
8
BLACK
6
CONTINUOUS
10
5.5082632283464568
20
-3.3221594488188977
11
5.5083298425196849
21
-3.3222406299212599
0
LINE
8
BLACK
6
CONTINUOUS
10
5.5083298425196849
20
-3.3222406299212599
11
5.5083596850393697
21
-3.3223127559055117
0
LINE
8
BLACK
6
CONTINUOUS
10
5.5083596850393697
20
-3.3223127559055117
11
5.5085157086614176
21
-3.322560590551181
0
LINE
8
BLACK
6
CONTINUOUS
10
5.5085157086614176
20
-3.322560590551181
11
5.5100155118110239
21
-3.3255602362204724
0
LINE
8
BLACK
6
CONTINUOUS
10
5.5100155118110239
20
-3.3255602362204724
11
5.5100316141732284
21
-3.3256023228346456
0
LINE
8
BLACK
6
CONTINUOUS
10
5.5100316141732284
20
-3.3256023228346456
11
5.5100443307086611
21
-3.3256194881889765
0
LINE
8
BLACK
6
CONTINUOUS
10
5.5100443307086611
20
-3.3256194881889765
11
5.5101308661417319
21
-3.3258616535433072
0
LINE
8
BLACK
6
CONTINUOUS
10
5.5101308661417319
20
-3.3258616535433072
11
5.5102224015748034
21
-3.3261008661417324
0
LINE
8
BLACK
6
CONTINUOUS
10
5.5102224015748034
20
-3.3261008661417324
11
5.5102238976377951
21
-3.3261220472440942
0
LINE
8
BLACK
6
CONTINUOUS
10
5.5102238976377951
20
-3.3261220472440942
11
5.5102390944881892
21
-3.3261645669291338
0
LINE
8
BLACK
6
CONTINUOUS
10
5.5102390944881892
20
-3.3261645669291338
11
5.5117389370078742
21
-3.3321638582677164
0
LINE
8
BLACK
6
CONTINUOUS
10
5.5117389370078742
20
-3.3321638582677164
11
5.5117537007874011
21
-3.3322637007874016
0
LINE
8
BLACK
6
CONTINUOUS
10
5.5117537007874011
20
-3.3322637007874016
11
5.5117703543307082
21
-3.332303937007874
0
LINE
8
BLACK
6
CONTINUOUS
10
5.5117703543307082
20
-3.332303937007874
11
5.5117916929133859
21
-3.3325209448818898
0
LINE
8
BLACK
6
CONTINUOUS
10
5.5117916929133859
20
-3.3325209448818898
11
5.5118235826771649
21
-3.3327364566929134
0
LINE
8
BLACK
6
CONTINUOUS
10
5.5118235826771649
20
-3.3327364566929134
11
5.5118171653543309
21
-3.3327794488188975
0
LINE
8
BLACK
6
CONTINUOUS
10
5.5118171653543309
20
-3.3327794488188975
11
5.511827086614173
21
-3.3328799999999998
0
LINE
8
BLACK
6
CONTINUOUS
10
5.511827086614173
20
-3.3328799999999998
11
5.511827086614173
21
-3.3373794488188975
0
LINE
8
BLACK
6
CONTINUOUS
10
5.511827086614173
20
-3.3373794488188975
11
5.5118171653543309
21
-3.337479960629921
0
LINE
8
BLACK
6
CONTINUOUS
10
5.5118171653543309
20
-3.337479960629921
11
5.5118235826771649
21
-3.3375229921259844
0
LINE
8
BLACK
6
CONTINUOUS
10
5.5118235826771649
20
-3.3375229921259844
11
5.5117916929133859
21
-3.3377384645669292
0
LINE
8
BLACK
6
CONTINUOUS
10
5.5117916929133859
20
-3.3377384645669292
11
5.5117703543307082
21
-3.3379555118110233
0
LINE
8
BLACK
6
CONTINUOUS
10
5.5117703543307082
20
-3.3379555118110233
11
5.5117537007874011
21
-3.3379957086614174
0
LINE
8
BLACK
6
CONTINUOUS
10
5.5117537007874011
20
-3.3379957086614174
11
5.5117389370078742
21
-3.3380955905511809
0
LINE
8
BLACK
6
CONTINUOUS
10
5.5117389370078742
20
-3.3380955905511809
11
5.5102390944881892
21
-3.3440948818897636
0
LINE
8
BLACK
6
CONTINUOUS
10
5.5102390944881892
20
-3.3440948818897636
11
5.5102238976377951
21
-3.3441373622047244
0
LINE
8
BLACK
6
CONTINUOUS
10
5.5102238976377951
20
-3.3441373622047244
11
5.5102224015748034
21
-3.3441585826771654
0
LINE
8
BLACK
6
CONTINUOUS
10
5.5102224015748034
20
-3.3441585826771654
11
5.5101308661417319
21
-3.3443977559055118
0
LINE
8
BLACK
6
CONTINUOUS
10
5.5101308661417319
20
-3.3443977559055118
11
5.5100443307086611
21
-3.3446399606299213
0
LINE
8
BLACK
6
CONTINUOUS
10
5.5100443307086611
20
-3.3446399606299213
11
5.5100316141732284
21
-3.3446570866141729
0
LINE
8
BLACK
6
CONTINUOUS
10
5.5100316141732284
20
-3.3446570866141729
11
5.5100155118110239
21
-3.344699212598425
0
LINE
8
BLACK
6
CONTINUOUS
10
5.5100155118110239
20
-3.344699212598425
11
5.5085157086614176
21
-3.3476988188976375
0
LINE
8
BLACK
6
CONTINUOUS
10
5.5085157086614176
20
-3.3476988188976375
11
5.5083596456692909
21
-3.3479466929133856
0
LINE
8
BLACK
6
CONTINUOUS
10
5.5083596456692909
20
-3.3479466929133856
11
5.5083298425196849
21
-3.3480187401574804
0
LINE
8
BLACK
6
CONTINUOUS
10
5.5083298425196849
20
-3.3480187401574804
11
5.5082633070866143
21
-3.3480997637795276
0
LINE
8
BLACK
6
CONTINUOUS
10
5.5082633070866143
20
-3.3480997637795276
11
5.5082073622047245
21
-3.3481887007874014
0
LINE
8
BLACK
6
CONTINUOUS
10
5.5082073622047245
20
-3.3481887007874014
11
5.5081483464566929
21
-3.3482398425196851
0
LINE
8
BLACK
6
CONTINUOUS
10
5.5081483464566929
20
-3.3482398425196851
11
5.5079626377952753
21
-3.3484661811023622
0
LINE
8
BLACK
6
CONTINUOUS
10
5.5079626377952753
20
-3.3484661811023622
11
5.5049629921259839
21
-3.3514658661417323
0
LINE
8
BLACK
6
CONTINUOUS
10
5.5049629921259839
20
-3.3514658661417323
11
5.5045155511811021
21
-3.3518330708661415
0
LINE
8
BLACK
6
CONTINUOUS
10
5.5045155511811021
20
-3.3518330708661415
11
5.5044174803149604
21
-3.3518736614173226
0
LINE
8
BLACK
6
CONTINUOUS
10
5.5044174803149604
20
-3.3518736614173226
11
5.5043373622047245
21
-3.351943188976378
0
LINE
8
BLACK
6
CONTINUOUS
10
5.5043373622047245
20
-3.351943188976378
11
5.503808818897638
21
-3.3521791732283464
0
LINE
8
BLACK
6
CONTINUOUS
10
5.503808818897638
20
-3.3521791732283464
11
5.4993093700787403
21
-3.3536789763779526
0
LINE
8
BLACK
6
CONTINUOUS
10
5.4993093700787403
20
-3.3536789763779526
11
5.4990237795275592
21
-3.3537438976377953
0
LINE
8
BLACK
6
CONTINUOUS
10
5.4990237795275592
20
-3.3537438976377953
11
5.4989516929133853
21
-3.3537737795275588
0
LINE
8
BLACK
6
CONTINUOUS
10
5.4989516929133853
20
-3.3537737795275588
11
5.4988471653543307
21
-3.3537840551181102
0
LINE
8
BLACK
6
CONTINUOUS
10
5.4988471653543307
20
-3.3537840551181102
11
5.498744921259842
21
-3.3538073228346454
0
LINE
8
BLACK
6
CONTINUOUS
10
5.498744921259842
20
-3.3538073228346454
11
5.4986671653543304
21
-3.3538017716535431
0
LINE
8
BLACK
6
CONTINUOUS
10
5.4986671653543304
20
-3.3538017716535431
11
5.4983756299212594
21
-3.3538305118110237
0
LINE
8
BLACK
6
CONTINUOUS
10
5.4983756299212594
20
-3.3538305118110237
11
5.4908765748031492
21
-3.3538305118110237
0
LINE
8
BLACK
6
CONTINUOUS
10
5.4908765748031492
20
-3.3538305118110237
11
5.4903005118110233
21
-3.3537737795275588
0
LINE
8
BLACK
6
CONTINUOUS
10
5.4903005118110233
20
-3.3537737795275588
11
5.4892361023622049
21
-3.3533328740157478
0
LINE
8
BLACK
6
CONTINUOUS
10
5.4892361023622049
20
-3.3533328740157478
11
5.4884214566929135
21
-3.3525182283464567
0
LINE
8
BLACK
6
CONTINUOUS
10
5.4884214566929135
20
-3.3525182283464567
11
5.487980551181102
21
-3.3514538188976379
0
LINE
8
BLACK
6
CONTINUOUS
10
5.487980551181102
20
-3.3514538188976379
11
5.487980551181102
21
-3.3514537795275592
0
LINE
8
BLACK
6
CONTINUOUS
10
5.487980551181102
20
-3.3514537795275592
11
5.487923818897638
21
-3.3508777559055116
0
LINE
8
BLACK
6
CONTINUOUS
10
5.487923818897638
20
-3.3508777559055116
11
5.487923818897638
21
-3.3193816929133857
0
LINE
8
BLACK
6
CONTINUOUS
10
5.487923818897638
20
-3.3193816929133857
11
5.487980551181102
21
-3.3188056299212598
0
LINE
8
BLACK
6
CONTINUOUS
10
5.487980551181102
20
-3.3188056299212598
11
5.4884214566929135
21
-3.317741220472441
0
LINE
8
BLACK
6
CONTINUOUS
10
5.4884214566929135
20
-3.317741220472441
11
5.4892361023622049
21
-3.3169265748031496
0
LINE
8
BLACK
6
CONTINUOUS
10
5.4892361023622049
20
-3.3169265748031496
11
5.4903005118110233
21
-3.3164856692913385
0
LINE
8
BLACK
6
CONTINUOUS
10
5.4903005118110233
20
-3.3164856692913385
11
5.4908765748031492
21
-3.3164289370078741
0
LINE
8
BLACK
6
CONTINUOUS
10
5.4908765748031492
20
-3.3164289370078741
11
5.4983756299212594
21
-3.3164289370078741
0
LINE
8
BLACK
6
CONTINUOUS
10
5.4983756299212594
20
-3.3164289370078741
11
5.4986671653543304
21
-3.3164576377952755
0
LINE
8
BLACK
6
CONTINUOUS
10
5.4938293307086612
20
-3.347925
11
5.4978964960629924
21
-3.347925
0
LINE
8
BLACK
6
CONTINUOUS
10
5.4978964960629924
20
-3.347925
11
5.5012799999999995
21
-3.3467971653543307
0
LINE
8
BLACK
6
CONTINUOUS
10
5.5012799999999995
20
-3.3467971653543307
11
5.503447913385827
21
-3.3446292125984249
0
LINE
8
BLACK
6
CONTINUOUS
10
5.503447913385827
20
-3.3446292125984249
11
5.504588464566929
21
-3.3423481496062992
0
LINE
8
BLACK
6
CONTINUOUS
10
5.504588464566929
20
-3.3423481496062992
11
5.5059215748031498
21
-3.3370158267716534
0
LINE
8
BLACK
6
CONTINUOUS
10
5.5059215748031498
20
-3.3370158267716534
11
5.5059215748031498
21
-3.3332435826771651
0
LINE
8
BLACK
6
CONTINUOUS
10
5.5059215748031498
20
-3.3332435826771651
11
5.504588464566929
21
-3.327911220472441
0
LINE
8
BLACK
6
CONTINUOUS
10
5.504588464566929
20
-3.327911220472441
11
5.503447913385827
21
-3.3256301574803149
0
LINE
8
BLACK
6
CONTINUOUS
10
5.503447913385827
20
-3.3256301574803149
11
5.5012800393700783
21
-3.3234622834645671
0
LINE
8
BLACK
6
CONTINUOUS
10
5.5012800393700783
20
-3.3234622834645671
11
5.4978964960629924
21
-3.3223344488188977
0
LINE
8
BLACK
6
CONTINUOUS
10
5.4978964960629924
20
-3.3223344488188977
11
5.4938293307086612
21
-3.3223344488188977
0
LINE
8
BLACK
6
CONTINUOUS
10
5.4938293307086612
20
-3.3223344488188977
11
5.4938293307086612
21
-3.347925
0
LINE
8
BLACK
6
CONTINUOUS
10
5.8567202755905514
20
-3.2983442125984253
11
5.8567538582677168
21
-3.3033892125984252
0
LINE
8
BLACK
6
CONTINUOUS
10
5.8567538582677168
20
-3.3033892125984252
11
5.8567862598425195
21
-3.3076414960629918
0
LINE
8
BLACK
6
CONTINUOUS
10
5.8567862598425195
20
-3.3076414960629918
11
5.8568209055118112
21
-3.3111797637795273
0
LINE
8
BLACK
6
CONTINUOUS
10
5.8568209055118112
20
-3.3111797637795273
11
5.8568612598425194
21
-3.3140827952755907
0
LINE
8
BLACK
6
CONTINUOUS
10
5.8568612598425194
20
-3.3140827952755907
11
5.8569107086614176
21
-3.3164292913385824
0
LINE
8
BLACK
6
CONTINUOUS
10
5.8569107086614176
20
-3.3164292913385824
11
5.8569726377952751
21
-3.3182979921259843
0
LINE
8
BLACK
6
CONTINUOUS
10
5.8569726377952751
20
-3.3182979921259843
11
5.8570504724409451
21
-3.3197675984251966
0
LINE
8
BLACK
6
CONTINUOUS
10
5.8570504724409451
20
-3.3197675984251966
11
5.8571476377952756
21
-3.3209168503937008
0
LINE
8
BLACK
6
CONTINUOUS
10
5.8571476377952756
20
-3.3209168503937008
11
5.8572675196850392
21
-3.3218244881889762
0
LINE
8
BLACK
6
CONTINUOUS
10
5.8572675196850392
20
-3.3218244881889762
11
5.8574135826771654
21
-3.3225692519685039
0
LINE
8
BLACK
6
CONTINUOUS
10
5.8574135826771654
20
-3.3225692519685039
11
5.8575891732283463
21
-3.3232298818897639
0
LINE
8
BLACK
6
CONTINUOUS
10
5.8575891732283463
20
-3.3232298818897639
11
5.8577977165354334
21
-3.3238850393700785
0
LINE
8
BLACK
6
CONTINUOUS
10
5.8577977165354334
20
-3.3238850393700785
11
5.8578313385826775
21
-3.3239855511811025
0
LINE
8
BLACK
6
CONTINUOUS
10
5.8578313385826775
20
-3.3239855511811025
11
5.8593252755905514
21
-3.3272883858267717
0
LINE
8
BLACK
6
CONTINUOUS
10
5.8593252755905514
20
-3.3272883858267717
11
5.8613624409448821
21
-3.3299099606299212
0
LINE
8
BLACK
6
CONTINUOUS
10
5.8613624409448821
20
-3.3299099606299212
11
5.8639420866141734
21
-3.3318498818897635
0
LINE
8
BLACK
6
CONTINUOUS
10
5.8639420866141734
20
-3.3318498818897635
11
5.8670633858267713
21
-3.3331076771653541
0
LINE
8
BLACK
6
CONTINUOUS
10
5.8670633858267713
20
-3.3331076771653541
11
5.8707256299212593
21
-3.3336829921259841
0
LINE
8
BLACK
6
CONTINUOUS
10
5.8707256299212593
20
-3.3336829921259841
11
5.8749279921259845
21
-3.3335753543307085
0
LINE
8
BLACK
6
CONTINUOUS
10
5.8749279921259845
20
-3.3335753543307085
11
5.8752279921259838
21
-3.3335438188976378
0
LINE
8
BLACK
6
CONTINUOUS
10
5.8752279921259838
20
-3.3335438188976378
11
5.878686102362205
21
-3.3328366141732282
0
LINE
8
BLACK
6
CONTINUOUS
10
5.878686102362205
20
-3.3328366141732282
11
5.881574488188976
21
-3.3315198818897636
0
LINE
8
BLACK
6
CONTINUOUS
10
5.881574488188976
20
-3.3315198818897636
11
5.8839183858267718
21
-3.329565590551181
0
LINE
8
BLACK
6
CONTINUOUS
10
5.8839183858267718
20
-3.329565590551181
11
5.885743070866142
21
-3.3269457480314961
0
LINE
8
BLACK
6
CONTINUOUS
10
5.885743070866142
20
-3.3269457480314961
11
5.8870737401574802
21
-3.3236323228346456
0
LINE
8
BLACK
6
CONTINUOUS
10
5.8870737401574802
20
-3.3236323228346456
11
5.8879356692913385
21
-3.3195973228346456
0
LINE
8
BLACK
6
CONTINUOUS
10
5.8879356692913385
20
-3.3195973228346456
11
5.8879623228346452
21
-3.3194092913385824
0
LINE
8
BLACK
6
CONTINUOUS
10
5.8879623228346452
20
-3.3194092913385824
11
5.8880734645669293
21
-3.3181482283464567
0
LINE
8
BLACK
6
CONTINUOUS
10
5.8880734645669293
20
-3.3181482283464567
11
5.8881725590551177
21
-3.3160959842519686
0
LINE
8
BLACK
6
CONTINUOUS
10
5.8881725590551177
20
-3.3160959842519686
11
5.8882579527559056
21
-3.3133327559055119
0
LINE
8
BLACK
6
CONTINUOUS
10
5.8882579527559056
20
-3.3133327559055119
11
5.8883280708661419
21
-3.3099387795275588
0
LINE
8
BLACK
6
CONTINUOUS
10
5.8883280708661419
20
-3.3099387795275588
11
5.8883813779527561
21
-3.3059942913385827
0
LINE
8
BLACK
6
CONTINUOUS
10
5.8883813779527561
20
-3.3059942913385827
11
5.8884161811023619
21
-3.3015794488188974
0
LINE
8
BLACK
6
CONTINUOUS
10
5.8884161811023619
20
-3.3015794488188974
11
5.8884309448818897
21
-3.2967744881889764
0
LINE
8
BLACK
6
CONTINUOUS
10
5.8884309448818897
20
-3.2967744881889764
11
5.8884313385826772
21
-3.2958072440944881
0
LINE
8
BLACK
6
CONTINUOUS
10
5.8884313385826772
20
-3.2958072440944881
11
5.8884313385826772
21
-3.2755773228346454
0
LINE
8
BLACK
6
CONTINUOUS
10
5.8884313385826772
20
-3.2755773228346454
11
5.9010675196850393
21
-3.2755773228346454
0
LINE
8
BLACK
6
CONTINUOUS
10
5.9010675196850393
20
-3.2755773228346454
11
5.9010675196850393
21
-3.2968965748031493
0
LINE
8
BLACK
6
CONTINUOUS
10
5.9010675196850393
20
-3.2968965748031493
11
5.9010617716535432
21
-3.3023657480314959
0
LINE
8
BLACK
6
CONTINUOUS
10
5.9010617716535432
20
-3.3023657480314959
11
5.9010409448818892
21
-3.307047244094488
0
LINE
8
BLACK
6
CONTINUOUS
10
5.9010409448818892
20
-3.307047244094488
11
5.9009995669291335
21
-3.3110248818897636
0
LINE
8
BLACK
6
CONTINUOUS
10
5.9009995669291335
20
-3.3110248818897636
11
5.9009323228346453
21
-3.3143824409448817
0
LINE
8
BLACK
6
CONTINUOUS
10
5.9009323228346453
20
-3.3143824409448817
11
5.9008337795275585
21
-3.3172035826771653
0
LINE
8
BLACK
6
CONTINUOUS
10
5.9008337795275585
20
-3.3172035826771653
11
5.9006985039370079
21
-3.3195721653543306
0
LINE
8
BLACK
6
CONTINUOUS
10
5.9006985039370079
20
-3.3195721653543306
11
5.9005211417322831
21
-3.3215719291338583
0
LINE
8
BLACK
6
CONTINUOUS
10
5.9005211417322831
20
-3.3215719291338583
11
5.9002962598425199
21
-3.3232866141732282
0
LINE
8
BLACK
6
CONTINUOUS
10
5.9002962598425199
20
-3.3232866141732282
11
5.9000184251968504
21
-3.3247999999999998
0
LINE
8
BLACK
6
CONTINUOUS
10
5.9000184251968504
20
-3.3247999999999998
11
5.8996823228346456
21
-3.3261958661417323
0
LINE
8
BLACK
6
CONTINUOUS
10
5.8996823228346456
20
-3.3261958661417323
11
5.8992824803149606
21
-3.3275579133858266
0
LINE
8
BLACK
6
CONTINUOUS
10
5.8992824803149606
20
-3.3275579133858266
11
5.8990423228346458
21
-3.3282964566929132
0
LINE
8
BLACK
6
CONTINUOUS
10
5.8990423228346458
20
-3.3282964566929132
11
5.8971577165354327
21
-3.3327631496062993
0
LINE
8
BLACK
6
CONTINUOUS
10
5.8971577165354327
20
-3.3327631496062993
11
5.8946996062992127
21
-3.3365748818897636
0
LINE
8
BLACK
6
CONTINUOUS
10
5.8946996062992127
20
-3.3365748818897636
11
5.8916594094488186
21
-3.3397403543307087
0
LINE
8
BLACK
6
CONTINUOUS
10
5.8916594094488186
20
-3.3397403543307087
11
5.8880285826771654
21
-3.3422680708661416
0
LINE
8
BLACK
6
CONTINUOUS
10
5.8880285826771654
20
-3.3422680708661416
11
5.8837985826771648
21
-3.3441666141732282
0
LINE
8
BLACK
6
CONTINUOUS
10
5.8837985826771648
20
-3.3441666141732282
11
5.8829847244094484
21
-3.3444384251968504
0
LINE
8
BLACK
6
CONTINUOUS
10
5.8829847244094484
20
-3.3444384251968504
11
5.8805991338582677
21
-3.3449944094488187
0
LINE
8
BLACK
6
CONTINUOUS
10
5.8805991338582677
20
-3.3449944094488187
11
5.8776153149606296
21
-3.3453847637795273
0
LINE
8
BLACK
6
CONTINUOUS
10
5.8776153149606296
20
-3.3453847637795273
11
5.874291968503937
21
-3.3456030708661415
0
LINE
8
BLACK
6
CONTINUOUS
10
5.874291968503937
20
-3.3456030708661415
11
5.8708877165354325
21
-3.3456428346456693
0
LINE
8
BLACK
6
CONTINUOUS
10
5.8708877165354325
20
-3.3456428346456693
11
5.8676611811023625
21
-3.3454977165354332
0
LINE
8
BLACK
6
CONTINUOUS
10
5.8676611811023625
20
-3.3454977165354332
11
5.8648709448818899
21
-3.345161181102362
0
LINE
8
BLACK
6
CONTINUOUS
10
5.8648709448818899
20
-3.345161181102362
11
5.8637168503937005
21
-3.3449182677165354
0
LINE
8
BLACK
6
CONTINUOUS
10
5.8637168503937005
20
-3.3449182677165354
11
5.8591901574803149
21
-3.3433797637795273
0
LINE
8
BLACK
6
CONTINUOUS
10
5.8591901574803149
20
-3.3433797637795273
11
5.8552462598425192
21
-3.3412046062992125
0
LINE
8
BLACK
6
CONTINUOUS
10
5.8552462598425192
20
-3.3412046062992125
11
5.8518721259842517
21
-3.3383797244094486
0
LINE
8
BLACK
6
CONTINUOUS
10
5.8518721259842517
20
-3.3383797244094486
11
5.8490547244094486
21
-3.3348922047244094
0
LINE
8
BLACK
6
CONTINUOUS
10
5.8490547244094486
20
-3.3348922047244094
11
5.8467809055118112
21
-3.3307290551181103
0
LINE
8
BLACK
6
CONTINUOUS
10
5.8467809055118112
20
-3.3307290551181103
11
5.8452357086614173
21
-3.326550590551181
0
LINE
8
BLACK
6
CONTINUOUS
10
5.8452357086614173
20
-3.326550590551181
11
5.8450212204724412
21
-3.3258226377952753
0
LINE
8
BLACK
6
CONTINUOUS
10
5.8450212204724412
20
-3.3258226377952753
11
5.8448396062992121
21
-3.3251164173228345
0
LINE
8
BLACK
6
CONTINUOUS
10
5.8448396062992121
20
-3.3251164173228345
11
5.8446875590551182
21
-3.3243543700787401
0
LINE
8
BLACK
6
CONTINUOUS
10
5.8446875590551182
20
-3.3243543700787401
11
5.8445618110236222
21
-3.3234588582677165
0
LINE
8
BLACK
6
CONTINUOUS
10
5.8445618110236222
20
-3.3234588582677165
11
5.8444590944881885
21
-3.3223523228346457
0
LINE
8
BLACK
6
CONTINUOUS
10
5.8444590944881885
20
-3.3223523228346457
11
5.844376181102362
21
-3.3209571653543306
0
LINE
8
BLACK
6
CONTINUOUS
10
5.844376181102362
20
-3.3209571653543306
11
5.8443097637795276
21
-3.319195748031496
0
LINE
8
BLACK
6
CONTINUOUS
10
5.8443097637795276
20
-3.319195748031496
11
5.8442565354330709
21
-3.3169905118110234
0
LINE
8
BLACK
6
CONTINUOUS
10
5.8442565354330709
20
-3.3169905118110234
11
5.8442133070866138
21
-3.3142638188976377
0
LINE
8
BLACK
6
CONTINUOUS
10
5.8442133070866138
20
-3.3142638188976377
11
5.8441767716535429
21
-3.3109381496062991
0
LINE
8
BLACK
6
CONTINUOUS
10
5.8441767716535429
20
-3.3109381496062991
11
5.8441436220472438
21
-3.3069358661417323
0
LINE
8
BLACK
6
CONTINUOUS
10
5.8441436220472438
20
-3.3069358661417323
11
5.8441106299212597
21
-3.3021793307086615
0
LINE
8
BLACK
6
CONTINUOUS
10
5.8441106299212597
20
-3.3021793307086615
11
5.8440927952755901
21
-3.2994335433070865
0
LINE
8
BLACK
6
CONTINUOUS
10
5.8440927952755901
20
-3.2994335433070865
11
5.8439392125984249
21
-3.2755773228346454
0
LINE
8
BLACK
6
CONTINUOUS
10
5.8439392125984249
20
-3.2755773228346454
11
5.8565734251968502
21
-3.2755773228346454
0
LINE
8
BLACK
6
CONTINUOUS
10
5.8565734251968502
20
-3.2755773228346454
11
5.8567202755905514
21
-3.2983442125984253
0
LINE
8
BLACK
6
CONTINUOUS
10
5.7668627165354334
20
-3.2877777559055117
11
5.7472548818897637
21
-3.2877777559055117
0
LINE
8
BLACK
6
CONTINUOUS
10
5.7472548818897637
20
-3.2877777559055117
11
5.7472548818897637
21
-3.3444226377952755
0
LINE
8
BLACK
6
CONTINUOUS
10
5.7472548818897637
20
-3.3444226377952755
11
5.7346187007874017
21
-3.3444226377952755
0
LINE
8
BLACK
6
CONTINUOUS
10
5.7346187007874017
20
-3.3444226377952755
11
5.7346187007874017
21
-3.2877777559055117
0
LINE
8
BLACK
6
CONTINUOUS
10
5.7346187007874017
20
-3.2877777559055117
11
5.715010866141732
21
-3.2877777559055117
0
LINE
8
BLACK
6
CONTINUOUS
10
5.715010866141732
20
-3.2877777559055117
11
5.715010866141732
21
-3.2755773228346454
0
LINE
8
BLACK
6
CONTINUOUS
10
5.715010866141732
20
-3.2755773228346454
11
5.7668627165354334
21
-3.2755773228346454
0
LINE
8
BLACK
6
CONTINUOUS
10
5.7668627165354334
20
-3.2755773228346454
11
5.7668627165354334
21
-3.2877777559055117
0
LINE
8
BLACK
6
CONTINUOUS
10
5.7864705511811021
20
-3.3025925984251967
11
5.8182788582677167
21
-3.3025925984251967
0
LINE
8
BLACK
6
CONTINUOUS
10
5.8182788582677167
20
-3.3025925984251967
11
5.8182788582677167
21
-3.2755773228346454
0
LINE
8
BLACK
6
CONTINUOUS
10
5.8182788582677167
20
-3.2755773228346454
11
5.8309150000000001
21
-3.2755773228346454
0
LINE
8
BLACK
6
CONTINUOUS
10
5.8309150000000001
20
-3.2755773228346454
11
5.8309150000000001
21
-3.3444226377952755
0
LINE
8
BLACK
6
CONTINUOUS
10
5.8309150000000001
20
-3.3444226377952755
11
5.8182788582677167
21
-3.3444226377952755
0
LINE
8
BLACK
6
CONTINUOUS
10
5.8182788582677167
20
-3.3444226377952755
11
5.8182788582677167
21
-3.314793031496063
0
LINE
8
BLACK
6
CONTINUOUS
10
5.8182788582677167
20
-3.314793031496063
11
5.7864705511811021
21
-3.314793031496063
0
LINE
8
BLACK
6
CONTINUOUS
10
5.7864705511811021
20
-3.314793031496063
11
5.7864705511811021
21
-3.3444226377952755
0
LINE
8
BLACK
6
CONTINUOUS
10
5.7864705511811021
20
-3.3444226377952755
11
5.7738344094488188
21
-3.3444226377952755
0
LINE
8
BLACK
6
CONTINUOUS
10
5.7738344094488188
20
-3.3444226377952755
11
5.7738344094488188
21
-3.2755773228346454
0
LINE
8
BLACK
6
CONTINUOUS
10
5.7738344094488188
20
-3.2755773228346454
11
5.7864705511811021
21
-3.2755773228346454
0
LINE
8
BLACK
6
CONTINUOUS
10
5.7864705511811021
20
-3.2755773228346454
11
5.7864705511811021
21
-3.3025925984251967
0
LINE
8
BLACK
6
CONTINUOUS
10
5.9413246062992124
20
-3.2976906299212598
11
5.9559666141732279
21
-3.319803897637795
0
LINE
8
BLACK
6
CONTINUOUS
10
5.9559666141732279
20
-3.319803897637795
11
5.955968031496063
21
-3.2976906299212598
0
LINE
8
BLACK
6
CONTINUOUS
10
5.955968031496063
20
-3.2976906299212598
11
5.955969488188976
21
-3.2755773228346454
0
LINE
8
BLACK
6
CONTINUOUS
10
5.955969488188976
20
-3.2755773228346454
11
5.9686056299212593
21
-3.2755773228346454
0
LINE
8
BLACK
6
CONTINUOUS
10
5.9686056299212593
20
-3.2755773228346454
11
5.9686056299212593
21
-3.3444226377952755
0
LINE
8
BLACK
6
CONTINUOUS
10
5.9686056299212593
20
-3.3444226377952755
11
5.9582894488188973
21
-3.3444226377952755
0
LINE
8
BLACK
6
CONTINUOUS
10
5.9582894488188973
20
-3.3444226377952755
11
5.9267765354330706
21
-3.2971459448818896
0
LINE
8
BLACK
6
CONTINUOUS
10
5.9267765354330706
20
-3.2971459448818896
11
5.9267755905511805
21
-3.3444226377952755
0
LINE
8
BLACK
6
CONTINUOUS
10
5.9267755905511805
20
-3.3444226377952755
11
5.9141394094488184
21
-3.3444226377952755
0
LINE
8
BLACK
6
CONTINUOUS
10
5.9141394094488184
20
-3.3444226377952755
11
5.9141394094488184
21
-3.2755773228346454
0
LINE
8
BLACK
6
CONTINUOUS
10
5.9141394094488184
20
-3.2755773228346454
11
5.926682598425197
21
-3.2755773228346454
0
LINE
8
BLACK
6
CONTINUOUS
10
5.926682598425197
20
-3.2755773228346454
11
5.9413246062992124
21
-3.2976906299212598
0
LINE
8
BLACK
6
CONTINUOUS
10
5.9992156692913383
20
-3.2756924803149605
11
6.0037598818897635
21
-3.27574374015748
0
LINE
8
BLACK
6
CONTINUOUS
10
6.0037598818897635
20
-3.27574374015748
11
6.0075384645669292
21
-3.2758007874015749
0
LINE
8
BLACK
6
CONTINUOUS
10
6.0075384645669292
20
-3.2758007874015749
11
6.0106572834645666
21
-3.2758785433070865
0
LINE
8
BLACK
6
CONTINUOUS
10
6.0106572834645666
20
-3.2758785433070865
11
6.0132220866141735
21
-3.2759918503937007
0
LINE
8
BLACK
6
CONTINUOUS
10
6.0132220866141735
20
-3.2759918503937007
11
6.0153387007874013
21
-3.2761556692913385
0
LINE
8
BLACK
6
CONTINUOUS
10
6.0153387007874013
20
-3.2761556692913385
11
6.0171129527559053
21
-3.2763849212598424
0
LINE
8
BLACK
6
CONTINUOUS
10
6.0171129527559053
20
-3.2763849212598424
11
6.0186505905511813
21
-3.2766944881889764
0
LINE
8
BLACK
6
CONTINUOUS
10
6.0186505905511813
20
-3.2766944881889764
11
6.0200575196850394
21
-3.277099251968504
0
LINE
8
BLACK
6
CONTINUOUS
10
6.0200575196850394
20
-3.277099251968504
11
6.0214394488188976
21
-3.2776141732283466
0
LINE
8
BLACK
6
CONTINUOUS
10
6.0214394488188976
20
-3.2776141732283466
11
6.0229022440944879
21
-3.2782541338582676
0
LINE
8
BLACK
6
CONTINUOUS
10
6.0229022440944879
20
-3.2782541338582676
11
6.024551692913386
21
-3.2790340157480315
0
LINE
8
BLACK
6
CONTINUOUS
10
6.024551692913386
20
-3.2790340157480315
11
6.0252211023622042
21
-3.2793565354330707
0
LINE
8
BLACK
6
CONTINUOUS
10
6.0252211023622042
20
-3.2793565354330707
11
6.0273393307086609
21
-3.2804437007874014
0
LINE
8
BLACK
6
CONTINUOUS
10
6.0273393307086609
20
-3.2804437007874014
11
6.0290538188976379
21
-3.2815151574803147
0
LINE
8
BLACK
6
CONTINUOUS
10
6.0290538188976379
20
-3.2815151574803147
11
6.0306612598425193
21
-3.2827853937007871
0
LINE
8
BLACK
6
CONTINUOUS
10
6.0306612598425193
20
-3.2827853937007871
11
6.0324583858267715
21
-3.2844689763779527
0
LINE
8
BLACK
6
CONTINUOUS
10
6.0324583858267715
20
-3.2844689763779527
11
6.0329069291338584
21
-3.284914409448819
0
LINE
8
BLACK
6
CONTINUOUS
10
6.0329069291338584
20
-3.284914409448819
11
6.0347106692913384
21
-3.2867937795275588
0
LINE
8
BLACK
6
CONTINUOUS
10
6.0347106692913384
20
-3.2867937795275588
11
6.0360540551181101
21
-3.2884188582677165
0
LINE
8
BLACK
6
CONTINUOUS
10
6.0360540551181101
20
-3.2884188582677165
11
6.0371518503937009
21
-3.2900864960629921
0
LINE
8
BLACK
6
CONTINUOUS
10
6.0371518503937009
20
-3.2900864960629921
11
6.0382187401574798
21
-3.2920935826771651
0
LINE
8
BLACK
6
CONTINUOUS
10
6.0382187401574798
20
-3.2920935826771651
11
6.0384657874015746
21
-3.2926001968503935
0
LINE
8
BLACK
6
CONTINUOUS
10
6.0384657874015746
20
-3.2926001968503935
11
6.0396668503937008
21
-3.2951876377952756
0
LINE
8
BLACK
6
CONTINUOUS
10
6.0396668503937008
20
-3.2951876377952756
11
6.040565
21
-3.2974245669291338
0
LINE
8
BLACK
6
CONTINUOUS
10
6.040565
20
-3.2974245669291338
11
6.0412028346456692
21
-3.2995203543307086
0
LINE
8
BLACK
6
CONTINUOUS
10
6.0412028346456692
20
-3.2995203543307086
11
6.0416229133858268
21
-3.3016843307086612
0
LINE
8
BLACK
6
CONTINUOUS
10
6.0416229133858268
20
-3.3016843307086612
11
6.0418677559055114
21
-3.3041258661417321
0
LINE
8
BLACK
6
CONTINUOUS
10
6.0418677559055114
20
-3.3041258661417321
11
6.0419799606299209
21
-3.3070542913385825
0
LINE
8
BLACK
6
CONTINUOUS
10
6.0419799606299209
20
-3.3070542913385825
11
6.0420028346456691
21
-3.3100000000000001
0
LINE
8
BLACK
6
CONTINUOUS
10
6.0420028346456691
20
-3.3100000000000001
11
6.0419677952755908
21
-3.3135053937007872
0
LINE
8
BLACK
6
CONTINUOUS
10
6.0419677952755908
20
-3.3135053937007872
11
6.0418342125984248
21
-3.3163484251968502
0
LINE
8
BLACK
6
CONTINUOUS
10
6.0418342125984248
20
-3.3163484251968502
11
6.0415595669291333
21
-3.3187364566929132
0
LINE
8
BLACK
6
CONTINUOUS
10
6.0415595669291333
20
-3.3187364566929132
11
6.0411012598425193
21
-3.3208768110236218
0
LINE
8
BLACK
6
CONTINUOUS
10
6.0411012598425193
20
-3.3208768110236218
11
6.0404166929133858
21
-3.3229767716535434
0
LINE
8
BLACK
6
CONTINUOUS
10
6.0404166929133858
20
-3.3229767716535434
11
6.0394633464566931
21
-3.3252436614173226
0
LINE
8
BLACK
6
CONTINUOUS
10
6.0394633464566931
20
-3.3252436614173226
11
6.0384233070866138
21
-3.3274291732283463
0
LINE
8
BLACK
6
CONTINUOUS
10
6.0384233070866138
20
-3.3274291732283463
11
6.0358575984251965
21
-3.3316833464566926
0
LINE
8
BLACK
6
CONTINUOUS
10
6.0358575984251965
20
-3.3316833464566926
11
6.0326222440944877
21
-3.33541937007874
0
LINE
8
BLACK
6
CONTINUOUS
10
6.0326222440944877
20
-3.33541937007874
11
6.0287926771653542
21
-3.3385710629921257
0
LINE
8
BLACK
6
CONTINUOUS
10
6.0287926771653542
20
-3.3385710629921257
11
6.0244444094488188
21
-3.3410722440944882
0
LINE
8
BLACK
6
CONTINUOUS
10
6.0244444094488188
20
-3.3410722440944882
11
6.0215031102362202
21
-3.342273464566929
0
LINE
8
BLACK
6
CONTINUOUS
10
6.0215031102362202
20
-3.342273464566929
11
6.0198524409448817
21
-3.3428222440944881
0
LINE
8
BLACK
6
CONTINUOUS
10
6.0198524409448817
20
-3.3428222440944881
11
6.0182723622047245
21
-3.3432702362204725
0
LINE
8
BLACK
6
CONTINUOUS
10
6.0182723622047245
20
-3.3432702362204725
11
6.016651968503937
21
-3.3436274015748029
0
LINE
8
BLACK
6
CONTINUOUS
10
6.016651968503937
20
-3.3436274015748029
11
6.0148801574803148
21
-3.3439036614173228
0
LINE
8
BLACK
6
CONTINUOUS
10
6.0148801574803148
20
-3.3439036614173228
11
6.0128459448818896
21
-3.3441090551181101
0
LINE
8
BLACK
6
CONTINUOUS
10
6.0128459448818896
20
-3.3441090551181101
11
6.0104383464566924
21
-3.3442534645669291
0
LINE
8
BLACK
6
CONTINUOUS
10
6.0104383464566924
20
-3.3442534645669291
11
6.0075462992125983
21
-3.3443468503937006
0
LINE
8
BLACK
6
CONTINUOUS
10
6.0075462992125983
20
-3.3443468503937006
11
6.0040588188976374
21
-3.344399251968504
0
LINE
8
BLACK
6
CONTINUOUS
10
6.0040588188976374
20
-3.344399251968504
11
5.9998648818897635
21
-3.3444205511811025
0
LINE
8
BLACK
6
CONTINUOUS
10
5.9998648818897635
20
-3.3444205511811025
11
5.997543346456693
21
-3.3444226377952755
0
LINE
8
BLACK
6
CONTINUOUS
10
5.997543346456693
20
-3.3444226377952755
11
5.982549015748031
21
-3.3444226377952755
0
LINE
8
BLACK
6
CONTINUOUS
10
5.982549015748031
20
-3.3444226377952755
11
5.982549015748031
21
-3.3331661417322835
0
LINE
8
BLACK
6
CONTINUOUS
10
5.982549015748031
20
-3.3331661417322835
11
5.982549015748031
21
-3.275513307086614
0
LINE
8
BLACK
6
CONTINUOUS
10
5.982549015748031
20
-3.275513307086614
11
5.9992156692913383
21
-3.2756924803149605
0
LINE
8
BLACK
6
CONTINUOUS
10
6.0145751574803148
20
-3.3328758267716534
11
6.0174948425196852
21
-3.3314926377952756
0
LINE
8
BLACK
6
CONTINUOUS
10
6.0174948425196852
20
-3.3314926377952756
11
6.0208411811023623
21
-3.3294665354330708
0
LINE
8
BLACK
6
CONTINUOUS
10
6.0208411811023623
20
-3.3294665354330708
11
6.0235733464566925
21
-3.3268452755905513
0
LINE
8
BLACK
6
CONTINUOUS
10
6.0235733464566925
20
-3.3268452755905513
11
6.0256959842519686
21
-3.3236198818897638
0
LINE
8
BLACK
6
CONTINUOUS
10
6.0256959842519686
20
-3.3236198818897638
11
6.0272136614173224
21
-3.3197813779527556
0
LINE
8
BLACK
6
CONTINUOUS
10
6.0272136614173224
20
-3.3197813779527556
11
6.0281309055118113
21
-3.3153208267716536
0
LINE
8
BLACK
6
CONTINUOUS
10
6.0281309055118113
20
-3.3153208267716536
11
6.0284522834645671
21
-3.3102292519685039
0
LINE
8
BLACK
6
CONTINUOUS
10
6.0284522834645671
20
-3.3102292519685039
11
6.0284528346456687
21
-3.3100000000000001
0
LINE
8
BLACK
6
CONTINUOUS
10
6.0284528346456687
20
-3.3100000000000001
11
6.0281564960629916
21
-3.3048815354330707
0
LINE
8
BLACK
6
CONTINUOUS
10
6.0281564960629916
20
-3.3048815354330707
11
6.0272645669291336
21
-3.3003944881889762
0
LINE
8
BLACK
6
CONTINUOUS
10
6.0272645669291336
20
-3.3003944881889762
11
6.0257723622047239
21
-3.2965298818897639
0
LINE
8
BLACK
6
CONTINUOUS
10
6.0257723622047239
20
-3.2965298818897639
11
6.0236753937007874
21
-3.2932787401574801
0
LINE
8
BLACK
6
CONTINUOUS
10
6.0236753937007874
20
-3.2932787401574801
11
6.0209690551181101
21
-3.2906321259842519
0
LINE
8
BLACK
6
CONTINUOUS
10
6.0209690551181101
20
-3.2906321259842519
11
6.0176487795275593
21
-3.2885810629921259
0
LINE
8
BLACK
6
CONTINUOUS
10
6.0176487795275593
20
-3.2885810629921259
11
6.0174948425196852
21
-3.2885073622047245
0
LINE
8
BLACK
6
CONTINUOUS
10
6.0174948425196852
20
-3.2885073622047245
11
6.0145751574803148
21
-3.2871241732283463
0
LINE
8
BLACK
6
CONTINUOUS
10
6.0145751574803148
20
-3.2871241732283463
11
6.004880157480315
21
-3.2869852755905513
0
LINE
8
BLACK
6
CONTINUOUS
10
6.004880157480315
20
-3.2869852755905513
11
5.9951851574803152
21
-3.2868464173228347
0
LINE
8
BLACK
6
CONTINUOUS
10
5.9951851574803152
20
-3.2868464173228347
11
5.9951851574803152
21
-3.3331661417322835
0
LINE
8
BLACK
6
CONTINUOUS
10
5.9951851574803152
20
-3.3331661417322835
11
6.0145751574803148
21
-3.3328758267716534
0
LINE
8
BLACK
6
CONTINUOUS
10
6.0967102362204724
20
-3.2877777559055117
11
6.0653376771653544
21
-3.2877777559055117
0
LINE
8
BLACK
6
CONTINUOUS
10
6.0653376771653544
20
-3.2877777559055117
11
6.0653376771653544
21
-3.3025925984251967
0
LINE
8
BLACK
6
CONTINUOUS
10
6.0653376771653544
20
-3.3025925984251967
11
6.0893027952755903
21
-3.3025925984251967
0
LINE
8
BLACK
6
CONTINUOUS
10
6.0893027952755903
20
-3.3025925984251967
11
6.0893027952755903
21
-3.314793031496063
0
LINE
8
BLACK
6
CONTINUOUS
10
6.0893027952755903
20
-3.314793031496063
11
6.0653376771653544
21
-3.314793031496063
0
LINE
8
BLACK
6
CONTINUOUS
10
6.0653376771653544
20
-3.314793031496063
11
6.0653376771653544
21
-3.3322222047244092
0
LINE
8
BLACK
6
CONTINUOUS
10
6.0653376771653544
20
-3.3322222047244092
11
6.0975816929133853
21
-3.3322222047244092
0
LINE
8
BLACK
6
CONTINUOUS
10
6.0975816929133853
20
-3.3322222047244092
11
6.0975816929133853
21
-3.3444226377952755
0
LINE
8
BLACK
6
CONTINUOUS
10
6.0975816929133853
20
-3.3444226377952755
11
6.0522657874015744
21
-3.3444226377952755
0
LINE
8
BLACK
6
CONTINUOUS
10
6.0522657874015744
20
-3.3444226377952755
11
6.0522657874015744
21
-3.2755773228346454
0
LINE
8
BLACK
6
CONTINUOUS
10
6.0522657874015744
20
-3.2755773228346454
11
6.0967102362204724
21
-3.2755773228346454
0
LINE
8
BLACK
6
CONTINUOUS
10
6.0967102362204724
20
-3.2755773228346454
11
6.0967102362204724
21
-3.2877777559055117
0
LINE
8
BLACK
6
CONTINUOUS
10
6.1266543700787404
20
-3.2755811811023623
11
6.1299787795275593
21
-3.2755962204724409
0
LINE
8
BLACK
6
CONTINUOUS
10
6.1299787795275593
20
-3.2755962204724409
11
6.1326476377952757
21
-3.2756275196850395
0
LINE
8
BLACK
6
CONTINUOUS
10
6.1326476377952757
20
-3.2756275196850395
11
6.1347688188976379
21
-3.2756802755905512
0
LINE
8
BLACK
6
CONTINUOUS
10
6.1347688188976379
20
-3.2756802755905512
11
6.1364503543307087
21
-3.2757596456692912
0
LINE
8
BLACK
6
CONTINUOUS
10
6.1364503543307087
20
-3.2757596456692912
11
6.1378001181102357
21
-3.2758707480314961
0
LINE
8
BLACK
6
CONTINUOUS
10
6.1378001181102357
20
-3.2758707480314961
11
6.1389260629921258
21
-3.2760187401574803
0
LINE
8
BLACK
6
CONTINUOUS
10
6.1389260629921258
20
-3.2760187401574803
11
6.1399361417322833
21
-3.2762088188976377
0
LINE
8
BLACK
6
CONTINUOUS
10
6.1399361417322833
20
-3.2762088188976377
11
6.1409382677165354
21
-3.2764460629921257
0
LINE
8
BLACK
6
CONTINUOUS
10
6.1409382677165354
20
-3.2764460629921257
11
6.1409760236220468
21
-3.2764556692913387
0
LINE
8
BLACK
6
CONTINUOUS
10
6.1409760236220468
20
-3.2764556692913387
11
6.1452481496062994
21
-3.2778896456692914
0
LINE
8
BLACK
6
CONTINUOUS
10
6.1452481496062994
20
-3.2778896456692914
11
6.1488190551181097
21
-3.2798400000000001
0
LINE
8
BLACK
6
CONTINUOUS
10
6.1488190551181097
20
-3.2798400000000001
11
6.1516953149606302
21
-3.2823151181102364
0
LINE
8
BLACK
6
CONTINUOUS
10
6.1516953149606302
20
-3.2823151181102364
11
6.1538833858267719
21
-3.2853233464566927
0
LINE
8
BLACK
6
CONTINUOUS
10
6.1538833858267719
20
-3.2853233464566927
11
6.1553897637795272
21
-3.2888731496062991
0
LINE
8
BLACK
6
CONTINUOUS
10
6.1553897637795272
20
-3.2888731496062991
11
6.1562209842519682
21
-3.292972874015748
0
LINE
8
BLACK
6
CONTINUOUS
10
6.1562209842519682
20
-3.292972874015748
11
6.1564051968503932
21
-3.2963854330708662
0
LINE
8
BLACK
6
CONTINUOUS
10
6.1564051968503932
20
-3.2963854330708662
11
6.1560891338582673
21
-3.300772244094488
0
LINE
8
BLACK
6
CONTINUOUS
10
6.1560891338582673
20
-3.300772244094488
11
6.1551216535433069
21
-3.3046089763779527
0
LINE
8
BLACK
6
CONTINUOUS
10
6.1551216535433069
20
-3.3046089763779527
11
6.1534738188976377
21
-3.3079554724409448
0
LINE
8
BLACK
6
CONTINUOUS
10
6.1534738188976377
20
-3.3079554724409448
11
6.1511166535433066
21
-3.3108714566929134
0
LINE
8
BLACK
6
CONTINUOUS
10
6.1511166535433066
20
-3.3108714566929134
11
6.1482361023622047
21
-3.3132679527559055
0
LINE
8
BLACK
6
CONTINUOUS
10
6.1482361023622047
20
-3.3132679527559055
11
6.1468358661417319
21
-3.314280905511811
0
LINE
8
BLACK
6
CONTINUOUS
10
6.1468358661417319
20
-3.314280905511811
11
6.1457565354330708
21
-3.3151232283464567
0
LINE
8
BLACK
6
CONTINUOUS
10
6.1457565354330708
20
-3.3151232283464567
11
6.1451641338582679
21
-3.3156627559055116
0
LINE
8
BLACK
6
CONTINUOUS
10
6.1451641338582679
20
-3.3156627559055116
11
6.1451005905511806
21
-3.3157657086614174
0
LINE
8
BLACK
6
CONTINUOUS
10
6.1451005905511806
20
-3.3157657086614174
11
6.145293070866142
21
-3.3162027165354329
0
LINE
8
BLACK
6
CONTINUOUS
10
6.145293070866142
20
-3.3162027165354329
11
6.1458447244094483
21
-3.3173029133858267
0
LINE
8
BLACK
6
CONTINUOUS
10
6.1458447244094483
20
-3.3173029133858267
11
6.1467005905511813
21
-3.3189625984251969
0
LINE
8
BLACK
6
CONTINUOUS
10
6.1467005905511813
20
-3.3189625984251969
11
6.14780562992126
21
-3.3210782677165351
0
LINE
8
BLACK
6
CONTINUOUS
10
6.14780562992126
20
-3.3210782677165351
11
6.1491049212598421
21
-3.3235462204724411
0
LINE
8
BLACK
6
CONTINUOUS
10
6.1491049212598421
20
-3.3235462204724411
11
6.15054342519685
21
-3.3262628740157481
0
LINE
8
BLACK
6
CONTINUOUS
10
6.15054342519685
20
-3.3262628740157481
11
6.152066181102362
21
-3.3291246456692911
0
LINE
8
BLACK
6
CONTINUOUS
10
6.152066181102362
20
-3.3291246456692911
11
6.1536182283464562
21
-3.3320279133858266
0
LINE
8
BLACK
6
CONTINUOUS
10
6.1536182283464562
20
-3.3320279133858266
11
6.1551446062992126
21
-3.3348690157480316
0
LINE
8
BLACK
6
CONTINUOUS
10
6.1551446062992126
20
-3.3348690157480316
11
6.1565902755905508
21
-3.3375444094488187
0
LINE
8
BLACK
6
CONTINUOUS
10
6.1565902755905508
20
-3.3375444094488187
11
6.157900275590551
21
-3.339950472440945
0
LINE
8
BLACK
6
CONTINUOUS
10
6.157900275590551
20
-3.339950472440945
11
6.1588621259842515
21
-3.3416993307086615
0
LINE
8
BLACK
6
CONTINUOUS
10
6.1588621259842515
20
-3.3416993307086615
11
6.1603694488188978
21
-3.3444226377952755
0
LINE
8
BLACK
6
CONTINUOUS
10
6.1603694488188978
20
-3.3444226377952755
11
6.1532674803149607
21
-3.3444134645669292
0
LINE
8
BLACK
6
CONTINUOUS
10
6.1532674803149607
20
-3.3444134645669292
11
6.1461655511811024
21
-3.3444042519685038
0
LINE
8
BLACK
6
CONTINUOUS
10
6.1461655511811024
20
-3.3444042519685038
11
6.1395591732283465
21
-3.3316683464566927
0
LINE
8
BLACK
6
CONTINUOUS
10
6.1395591732283465
20
-3.3316683464566927
11
6.1329528346456694
21
-3.3189324409448817
0
LINE
8
BLACK
6
CONTINUOUS
10
6.1329528346456694
20
-3.3189324409448817
11
6.1265962204724405
21
-3.3188118897637793
0
LINE
8
BLACK
6
CONTINUOUS
10
6.1265962204724405
20
-3.3188118897637793
11
6.1202396456692911
21
-3.3186912992125985
0
LINE
8
BLACK
6
CONTINUOUS
10
6.1202396456692911
20
-3.3186912992125985
11
6.1202396456692911
21
-3.3444226377952755
0
LINE
8
BLACK
6
CONTINUOUS
10
6.1202396456692911
20
-3.3444226377952755
11
6.107603464566929
21
-3.3444226377952755
0
LINE
8
BLACK
6
CONTINUOUS
10
6.107603464566929
20
-3.3444226377952755
11
6.107603464566929
21
-3.3083449212598426
0
LINE
8
BLACK
6
CONTINUOUS
10
6.107603464566929
20
-3.3083449212598426
11
6.107603464566929
21
-3.2755773228346454
0
LINE
8
BLACK
6
CONTINUOUS
10
6.107603464566929
20
-3.2755773228346454
11
6.1225664566929137
21
-3.2755773228346454
0
LINE
8
BLACK
6
CONTINUOUS
10
6.1225664566929137
20
-3.2755773228346454
11
6.1266543700787404
21
-3.2755811811023623
0
LINE
8
BLACK
6
CONTINUOUS
10
6.1275381102362205
20
-3.3081920866141732
11
6.1302364173228341
21
-3.308129803149606
0
LINE
8
BLACK
6
CONTINUOUS
10
6.1302364173228341
20
-3.308129803149606
11
6.1322324409448816
21
-3.3080564566929134
0
LINE
8
BLACK
6
CONTINUOUS
10
6.1322324409448816
20
-3.3080564566929134
11
6.1336951181102357
21
-3.3079471259842519
0
LINE
8
BLACK
6
CONTINUOUS
10
6.1336951181102357
20
-3.3079471259842519
11
6.1347935039370078
21
-3.3077768110236221
0
LINE
8
BLACK
6
CONTINUOUS
10
6.1347935039370078
20
-3.3077768110236221
11
6.1356966535433068
21
-3.3075205905511811
0
LINE
8
BLACK
6
CONTINUOUS
10
6.1356966535433068
20
-3.3075205905511811
11
6.1365735433070867
21
-3.3071535826771652
0
LINE
8
BLACK
6
CONTINUOUS
10
6.1365735433070867
20
-3.3071535826771652
11
6.1374320472440944
21
-3.3067320078740159
0
LINE
8
BLACK
6
CONTINUOUS
10
6.1374320472440944
20
-3.3067320078740159
11
6.139931692913386
21
-3.3051344881889761
0
LINE
8
BLACK
6
CONTINUOUS
10
6.139931692913386
20
-3.3051344881889761
11
6.141676811023622
21
-3.3031990157480315
0
LINE
8
BLACK
6
CONTINUOUS
10
6.141676811023622
20
-3.3031990157480315
11
6.1427523228346459
21
-3.3008216929133858
0
LINE
8
BLACK
6
CONTINUOUS
10
6.1427523228346459
20
-3.3008216929133858
11
6.1429674015748033
21
-3.2999579921259841
0
LINE
8
BLACK
6
CONTINUOUS
10
6.1429674015748033
20
-3.2999579921259841
11
6.1433002362204725
21
-3.2966955511811022
0
LINE
8
BLACK
6
CONTINUOUS
10
6.1433002362204725
20
-3.2966955511811022
11
6.1429138582677165
21
-3.2937200393700787
0
LINE
8
BLACK
6
CONTINUOUS
10
6.1429138582677165
20
-3.2937200393700787
11
6.141847401574803
21
-3.2911257086614172
0
LINE
8
BLACK
6
CONTINUOUS
10
6.141847401574803
20
-3.2911257086614172
11
6.1401399212598422
21
-3.2890068110236221
0
LINE
8
BLACK
6
CONTINUOUS
10
6.1401399212598422
20
-3.2890068110236221
11
6.1378305905511805
21
-3.2874575590551181
0
LINE
8
BLACK
6
CONTINUOUS
10
6.1378305905511805
20
-3.2874575590551181
11
6.1377697244094485
21
-3.2874289370078738
0
LINE
8
BLACK
6
CONTINUOUS
10
6.1377697244094485
20
-3.2874289370078738
11
6.1368037401574798
21
-3.2870013385826771
0
LINE
8
BLACK
6
CONTINUOUS
10
6.1368037401574798
20
-3.2870013385826771
11
6.1359066535433069
21
-3.28668874015748
0
LINE
8
BLACK
6
CONTINUOUS
10
6.1359066535433069
20
-3.28668874015748
11
6.1349125984251964
21
-3.2864692125984249
0
LINE
8
BLACK
6
CONTINUOUS
10
6.1349125984251964
20
-3.2864692125984249
11
6.1336555511811026
21
-3.286320866141732
0
LINE
8
BLACK
6
CONTINUOUS
10
6.1336555511811026
20
-3.286320866141732
11
6.1319696456692911
21
-3.2862217322834644
0
LINE
8
BLACK
6
CONTINUOUS
10
6.1319696456692911
20
-3.2862217322834644
11
6.1296888582677163
21
-3.2861499212598426
0
LINE
8
BLACK
6
CONTINUOUS
10
6.1296888582677163
20
-3.2861499212598426
11
6.1277559842519684
21
-3.2861064173228347
0
LINE
8
BLACK
6
CONTINUOUS
10
6.1277559842519684
20
-3.2861064173228347
11
6.1202396456692911
21
-3.2859486220472438
0
LINE
8
BLACK
6
CONTINUOUS
10
6.1202396456692911
20
-3.2859486220472438
11
6.1202396456692911
21
-3.3083449212598426
0
LINE
8
BLACK
6
CONTINUOUS
10
6.1202396456692911
20
-3.3083449212598426
11
6.1275381102362205
21
-3.3081920866141732
0
LINE
8
BLACK
6
CONTINUOUS
10
6.2015928740157475
20
-3.2755850787401575
11
6.2054342913385829
21
-3.275604212598425
0
LINE
8
BLACK
6
CONTINUOUS
10
6.2054342913385829
20
-3.275604212598425
11
6.2089116929133858
21
-3.2756346062992123
0
LINE
8
BLACK
6
CONTINUOUS
10
6.2089116929133858
20
-3.2756346062992123
11
6.2119396850393702
21
-3.2756749212598426
0
LINE
8
BLACK
6
CONTINUOUS
10
6.2119396850393702
20
-3.2756749212598426
11
6.2144329133858269
21
-3.2757237795275591
0
LINE
8
BLACK
6
CONTINUOUS
10
6.2144329133858269
20
-3.2757237795275591
11
6.2163059842519681
21
-3.2757798031496064
0
LINE
8
BLACK
6
CONTINUOUS
10
6.2163059842519681
20
-3.2757798031496064
11
6.2174735433070865
21
-3.2758416535433068
0
LINE
8
BLACK
6
CONTINUOUS
10
6.2174735433070865
20
-3.2758416535433068
11
6.217851496062992
21
-3.2759041338582677
0
LINE
8
BLACK
6
CONTINUOUS
10
6.217851496062992
20
-3.2759041338582677
11
6.2177853543307089
21
-3.2764328346456693
0
LINE
8
BLACK
6
CONTINUOUS
10
6.2177853543307089
20
-3.2764328346456693
11
6.2175982677165349
21
-3.2776514173228346
0
LINE
8
BLACK
6
CONTINUOUS
10
6.2175982677165349
20
-3.2776514173228346
11
6.2173171259842519
21
-3.2793909448818899
0
LINE
8
BLACK
6
CONTINUOUS
10
6.2173171259842519
20
-3.2793909448818899
11
6.2169688582677161
21
-3.2814825196850395
0
LINE
8
BLACK
6
CONTINUOUS
10
6.2169688582677161
20
-3.2814825196850395
11
6.2168816141732286
21
-3.2819985039370079
0
LINE
8
BLACK
6
CONTINUOUS
10
6.2168816141732286
20
-3.2819985039370079
11
6.2159033464566926
21
-3.2877661023622045
0
LINE
8
BLACK
6
CONTINUOUS
10
6.2159033464566926
20
-3.2877661023622045
11
6.2017546850393703
21
-3.287880866141732
0
LINE
8
BLACK
6
CONTINUOUS
10
6.2017546850393703
20
-3.287880866141732
11
6.1876060629921259
21
-3.2879956299212596
0
LINE
8
BLACK
6
CONTINUOUS
10
6.1876060629921259
20
-3.2879956299212596
11
6.1864057874015748
21
-3.2945315748031496
0
LINE
8
BLACK
6
CONTINUOUS
10
6.1864057874015748
20
-3.2945315748031496
11
6.1859850393700784
21
-3.2968640157480316
0
LINE
8
BLACK
6
CONTINUOUS
10
6.1859850393700784
20
-3.2968640157480316
11
6.1856258267716537
21
-3.2989331496062992
0
LINE
8
BLACK
6
CONTINUOUS
10
6.1856258267716537
20
-3.2989331496062992
11
6.1853566929133859
21
-3.3005685826771654
0
LINE
8
BLACK
6
CONTINUOUS
10
6.1853566929133859
20
-3.3005685826771654
11
6.1852061811023624
21
-3.3015997637795276
0
LINE
8
BLACK
6
CONTINUOUS
10
6.1852061811023624
20
-3.3015997637795276
11
6.1851844881889759
21
-3.3018300393700786
0
LINE
8
BLACK
6
CONTINUOUS
10
6.1851844881889759
20
-3.3018300393700786
11
6.185232047244094
21
-3.3020653937007873
0
LINE
8
BLACK
6
CONTINUOUS
10
6.185232047244094
20
-3.3020653937007873
11
6.1854555905511805
21
-3.3022468503937006
0
LINE
8
BLACK
6
CONTINUOUS
10
6.1854555905511805
20
-3.3022468503937006
11
6.1859542913385823
21
-3.3023813779527558
0
LINE
8
BLACK
6
CONTINUOUS
10
6.1859542913385823
20
-3.3023813779527558
11
6.1868273228346453
21
-3.3024758661417324
0
LINE
8
BLACK
6
CONTINUOUS
10
6.1868273228346453
20
-3.3024758661417324
11
6.1881739763779526
21
-3.302537283464567
0
LINE
8
BLACK
6
CONTINUOUS
10
6.1881739763779526
20
-3.302537283464567
11
6.1900934251968502
21
-3.3025725984251966
0
LINE
8
BLACK
6
CONTINUOUS
10
6.1900934251968502
20
-3.3025725984251966
11
6.1926848818897637
21
-3.3025887007874015
0
LINE
8
BLACK
6
CONTINUOUS
10
6.1926848818897637
20
-3.3025887007874015
11
6.1960475590551178
21
-3.3025925984251967
0
LINE
8
BLACK
6
CONTINUOUS
10
6.1960475590551178
20
-3.3025925984251967
11
6.196085984251968
21
-3.3025925984251967
0
LINE
8
BLACK
6
CONTINUOUS
10
6.196085984251968
20
-3.3025925984251967
11
6.1994517322834648
21
-3.302596062992126
0
LINE
8
BLACK
6
CONTINUOUS
10
6.1994517322834648
20
-3.302596062992126
11
6.2020433858267712
21
-3.3026111417322834
0
LINE
8
BLACK
6
CONTINUOUS
10
6.2020433858267712
20
-3.3026111417322834
11
6.2039583858267715
21
-3.3026447637795275
0
LINE
8
BLACK
6
CONTINUOUS
10
6.2039583858267715
20
-3.3026447637795275
11
6.2052940551181104
21
-3.3027038188976379
0
LINE
8
BLACK
6
CONTINUOUS
10
6.2052940551181104
20
-3.3027038188976379
11
6.2061477952755908
21
-3.3027953543307085
0
LINE
8
BLACK
6
CONTINUOUS
10
6.2061477952755908
20
-3.3027953543307085
11
6.2066170078740157
21
-3.3029261811023622
0
LINE
8
BLACK
6
CONTINUOUS
10
6.2066170078740157
20
-3.3029261811023622
11
6.2067990551181103
21
-3.3031033464566928
0
LINE
8
BLACK
6
CONTINUOUS
10
6.2067990551181103
20
-3.3031033464566928
11
6.2067913385826774
21
-3.3033337007874013
0
LINE
8
BLACK
6
CONTINUOUS
10
6.2067913385826774
20
-3.3033337007874013
11
6.20678531496063
21
-3.3033551181102361
0
LINE
8
BLACK
6
CONTINUOUS
10
6.20678531496063
20
-3.3033551181102361
11
6.2066401968503939
21
-3.3040107874015749
0
LINE
8
BLACK
6
CONTINUOUS
10
6.2066401968503939
20
-3.3040107874015749
11
6.2063903149606299
21
-3.3052911023622045
0
LINE
8
BLACK
6
CONTINUOUS
10
6.2063903149606299
20
-3.3052911023622045
11
6.2060729133858263
21
-3.3069893700787403
0
LINE
8
BLACK
6
CONTINUOUS
10
6.2060729133858263
20
-3.3069893700787403
11
6.2057250787401577
21
-3.3088988582677166
0
LINE
8
BLACK
6
CONTINUOUS
10
6.2057250787401577
20
-3.3088988582677166
11
6.2053840551181105
21
-3.3108128740157481
0
LINE
8
BLACK
6
CONTINUOUS
10
6.2053840551181105
20
-3.3108128740157481
11
6.2050869685039372
21
-3.3125246850393699
0
LINE
8
BLACK
6
CONTINUOUS
10
6.2050869685039372
20
-3.3125246850393699
11
6.2048710236220472
21
-3.3138275590551181
0
LINE
8
BLACK
6
CONTINUOUS
10
6.2048710236220472
20
-3.3138275590551181
11
6.2047733858267717
21
-3.3145148818897638
0
LINE
8
BLACK
6
CONTINUOUS
10
6.2047733858267717
20
-3.3145148818897638
11
6.2047712204724412
21
-3.3145546850393699
0
LINE
8
BLACK
6
CONTINUOUS
10
6.2047712204724412
20
-3.3145546850393699
11
6.2043548425196846
21
-3.3146195669291338
0
LINE
8
BLACK
6
CONTINUOUS
10
6.2043548425196846
20
-3.3146195669291338
11
6.2031831102362203
21
-3.3146777559055116
0
LINE
8
BLACK
6
CONTINUOUS
10
6.2031831102362203
20
-3.3146777559055116
11
6.2013721259842516
21
-3.3147267716535431
0
LINE
8
BLACK
6
CONTINUOUS
10
6.2013721259842516
20
-3.3147267716535431
11
6.1990379133858262
21
-3.3147640944881891
0
LINE
8
BLACK
6
CONTINUOUS
10
6.1990379133858262
20
-3.3147640944881891
11
6.1962966535433068
21
-3.3147871653543306
0
LINE
8
BLACK
6
CONTINUOUS
10
6.1962966535433068
20
-3.3147871653543306
11
6.1937690551181097
21
-3.3147937007874013
0
LINE
8
BLACK
6
CONTINUOUS
10
6.1937690551181097
20
-3.3147937007874013
11
6.1827668503937003
21
-3.3147944094488189
0
LINE
8
BLACK
6
CONTINUOUS
10
6.1827668503937003
20
-3.3147944094488189
11
6.1810907874015744
21
-3.3244887007874016
0
LINE
8
BLACK
6
CONTINUOUS
10
6.1810907874015744
20
-3.3244887007874016
11
6.1805377952755904
21
-3.3276842913385827
0
LINE
8
BLACK
6
CONTINUOUS
10
6.1805377952755904
20
-3.3276842913385827
11
6.1799709055118113
21
-3.3309545669291336
0
LINE
8
BLACK
6
CONTINUOUS
10
6.1799709055118113
20
-3.3309545669291336
11
6.1794289370078737
21
-3.3340765354330708
0
LINE
8
BLACK
6
CONTINUOUS
10
6.1794289370078737
20
-3.3340765354330708
11
6.1789505118110233
21
-3.3368273228346457
0
LINE
8
BLACK
6
CONTINUOUS
10
6.1789505118110233
20
-3.3368273228346457
11
6.1785743307086616
21
-3.3389839370078738
0
LINE
8
BLACK
6
CONTINUOUS
10
6.1785743307086616
20
-3.3389839370078738
11
6.1785185826771656
21
-3.339302834645669
0
LINE
8
BLACK
6
CONTINUOUS
10
6.1785185826771656
20
-3.339302834645669
11
6.1776224015748031
21
-3.3444226377952755
0
LINE
8
BLACK
6
CONTINUOUS
10
6.1776224015748031
20
-3.3444226377952755
11
6.1713203149606297
21
-3.3444226377952755
0
LINE
8
BLACK
6
CONTINUOUS
10
6.1713203149606297
20
-3.3444226377952755
11
6.1688644488188977
21
-3.3444191732283466
0
LINE
8
BLACK
6
CONTINUOUS
10
6.1688644488188977
20
-3.3444191732283466
11
6.1671516141732283
21
-3.3443950787401575
0
LINE
8
BLACK
6
CONTINUOUS
10
6.1671516141732283
20
-3.3443950787401575
11
6.1660533070866137
21
-3.3443297637795273
0
LINE
8
BLACK
6
CONTINUOUS
10
6.1660533070866137
20
-3.3443297637795273
11
6.1654411023622044
21
-3.3442026377952754
0
LINE
8
BLACK
6
CONTINUOUS
10
6.1654411023622044
20
-3.3442026377952754
11
6.1651865748031494
21
-3.3439931102362204
0
LINE
8
BLACK
6
CONTINUOUS
10
6.1651865748031494
20
-3.3439931102362204
11
6.1651612598425194
21
-3.3436806299212596
0
LINE
8
BLACK
6
CONTINUOUS
10
6.1651612598425194
20
-3.3436806299212596
11
6.1652012992125984
21
-3.3434422440944882
0
LINE
8
BLACK
6
CONTINUOUS
10
6.1652012992125984
20
-3.3434422440944882
11
6.1653040157480312
21
-3.3428661023622048
0
LINE
8
BLACK
6
CONTINUOUS
10
6.1653040157480312
20
-3.3428661023622048
11
6.1655452362204723
21
-3.3414992125984253
0
LINE
8
BLACK
6
CONTINUOUS
10
6.1655452362204723
20
-3.3414992125984253
11
6.1659129921259845
21
-3.3394092519685037
0
LINE
8
BLACK
6
CONTINUOUS
10
6.1659129921259845
20
-3.3394092519685037
11
6.1663954330708659
21
-3.3366638976377954
0
LINE
8
BLACK
6
CONTINUOUS
10
6.1663954330708659
20
-3.3366638976377954
11
6.1669807086614172
21
-3.3333308267716535
0
LINE
8
BLACK
6
CONTINUOUS
10
6.1669807086614172
20
-3.3333308267716535
11
6.1676569291338579
21
-3.3294776771653543
0
LINE
8
BLACK
6
CONTINUOUS
10
6.1676569291338579
20
-3.3294776771653543
11
6.168412204724409
21
-3.3251721259842517
0
LINE
8
BLACK
6
CONTINUOUS
10
6.168412204724409
20
-3.3251721259842517
11
6.1692346850393696
21
-3.3204818503937008
0
LINE
8
BLACK
6
CONTINUOUS
10
6.1692346850393696
20
-3.3204818503937008
11
6.170112440944882
21
-3.3154744881889764
0
LINE
8
BLACK
6
CONTINUOUS
10
6.170112440944882
20
-3.3154744881889764
11
6.1710336614173231
21
-3.3102177559055117
0
LINE
8
BLACK
6
CONTINUOUS
10
6.1710336614173231
20
-3.3102177559055117
11
6.1712433858267719
21
-3.3090208267716537
0
LINE
8
BLACK
6
CONTINUOUS
10
6.1712433858267719
20
-3.3090208267716537
11
6.1771023622047245
21
-3.2755797637795276
0
LINE
8
BLACK
6
CONTINUOUS
10
6.1771023622047245
20
-3.2755797637795276
11
6.1974727559055118
21
-3.2755785433070868
0
LINE
8
BLACK
6
CONTINUOUS
10
6.1974727559055118
20
-3.2755785433070868
11
6.2015928740157475
21
-3.2755850787401575
0
LINE
8
BLACK
6
CONTINUOUS
10
6.2322137795275587
20
-3.2756611417322832
11
6.2329441732283462
21
-3.2756739370078738
0
LINE
8
BLACK
6
CONTINUOUS
10
6.2329441732283462
20
-3.2756739370078738
11
6.2390154724409443
21
-3.2757951968503938
0
LINE
8
BLACK
6
CONTINUOUS
10
6.2390154724409443
20
-3.2757951968503938
11
6.2343525196850393
21
-3.3023747244094488
0
LINE
8
BLACK
6
CONTINUOUS
10
6.2343525196850393
20
-3.3023747244094488
11
6.233520236220472
21
-3.3071209448818899
0
LINE
8
BLACK
6
CONTINUOUS
10
6.233520236220472
20
-3.3071209448818899
11
6.2327270472440945
21
-3.3116481496062993
0
LINE
8
BLACK
6
CONTINUOUS
10
6.2327270472440945
20
-3.3116481496062993
11
6.2319868110236216
21
-3.3158772440944881
0
LINE
8
BLACK
6
CONTINUOUS
10
6.2319868110236216
20
-3.3158772440944881
11
6.2313132677165353
21
-3.3197291338582677
0
LINE
8
BLACK
6
CONTINUOUS
10
6.2313132677165353
20
-3.3197291338582677
11
6.2307202755905511
21
-3.3231246850393701
0
LINE
8
BLACK
6
CONTINUOUS
10
6.2307202755905511
20
-3.3231246850393701
11
6.2302216535433068
21
-3.3259848031496064
0
LINE
8
BLACK
6
CONTINUOUS
10
6.2302216535433068
20
-3.3259848031496064
11
6.2298311811023623
21
-3.3282303543307088
0
LINE
8
BLACK
6
CONTINUOUS
10
6.2298311811023623
20
-3.3282303543307088
11
6.2295627165354333
21
-3.3297822047244092
0
LINE
8
BLACK
6
CONTINUOUS
10
6.2295627165354333
20
-3.3297822047244092
11
6.2294300787401573
21
-3.3305612992125981
0
LINE
8
BLACK
6
CONTINUOUS
10
6.2294300787401573
20
-3.3305612992125981
11
6.2294257086614175
21
-3.3305882283464565
0
LINE
8
BLACK
6
CONTINUOUS
10
6.2294257086614175
20
-3.3305882283464565
11
6.229161811023622
21
-3.3322222047244092
0
LINE
8
BLACK
6
CONTINUOUS
10
6.229161811023622
20
-3.3322222047244092
11
6.2409316535433073
21
-3.3322222047244092
0
LINE
8
BLACK
6
CONTINUOUS
10
6.2409316535433073
20
-3.3322222047244092
11
6.24445842519685
21
-3.3322264566929132
0
LINE
8
BLACK
6
CONTINUOUS
10
6.24445842519685
20
-3.3322264566929132
11
6.2472084645669286
21
-3.332242992125984
0
LINE
8
BLACK
6
CONTINUOUS
10
6.2472084645669286
20
-3.332242992125984
11
6.2492764960629916
21
-3.3322775196850394
0
LINE
8
BLACK
6
CONTINUOUS
10
6.2492764960629916
20
-3.3322775196850394
11
6.2507572440944879
21
-3.3323357874015747
0
LINE
8
BLACK
6
CONTINUOUS
10
6.2507572440944879
20
-3.3323357874015747
11
6.2517453937007872
21
-3.3324235039370076
0
LINE
8
BLACK
6
CONTINUOUS
10
6.2517453937007872
20
-3.3324235039370076
11
6.2523356299212596
21
-3.3325464173228347
0
LINE
8
BLACK
6
CONTINUOUS
10
6.2523356299212596
20
-3.3325464173228347
11
6.2526227165354333
21
-3.3327102362204726
0
LINE
8
BLACK
6
CONTINUOUS
10
6.2526227165354333
20
-3.3327102362204726
11
6.2527013385826766
21
-3.3329206692913385
0
LINE
8
BLACK
6
CONTINUOUS
10
6.2527013385826766
20
-3.3329206692913385
11
6.2527014960629916
21
-3.3329333858267716
0
LINE
8
BLACK
6
CONTINUOUS
10
6.2527014960629916
20
-3.3329333858267716
11
6.2526286220472436
21
-3.3336192913385827
0
LINE
8
BLACK
6
CONTINUOUS
10
6.2526286220472436
20
-3.3336192913385827
11
6.2524298818897632
21
-3.3349709842519686
0
LINE
8
BLACK
6
CONTINUOUS
10
6.2524298818897632
20
-3.3349709842519686
11
6.2521350787401575
21
-3.3367969291338584
0
LINE
8
BLACK
6
CONTINUOUS
10
6.2521350787401575
20
-3.3367969291338584
11
6.2517741338582677
21
-3.3389053937007875
0
LINE
8
BLACK
6
CONTINUOUS
10
6.2517741338582677
20
-3.3389053937007875
11
6.2517515748031496
21
-3.3390335826771653
0
LINE
8
BLACK
6
CONTINUOUS
10
6.2517515748031496
20
-3.3390335826771653
11
6.2508016141732279
21
-3.3444226377952755
0
LINE
8
BLACK
6
CONTINUOUS
10
6.2508016141732279
20
-3.3444226377952755
11
6.2325794488188979
21
-3.3444226377952755
0
LINE
8
BLACK
6
CONTINUOUS
10
6.2325794488188979
20
-3.3444226377952755
11
6.2286903937007869
21
-3.3444201181102362
0
LINE
8
BLACK
6
CONTINUOUS
10
6.2286903937007869
20
-3.3444201181102362
11
6.2250857480314963
21
-3.3444129527559054
0
LINE
8
BLACK
6
CONTINUOUS
10
6.2250857480314963
20
-3.3444129527559054
11
6.221855590551181
21
-3.344401653543307
0
LINE
8
BLACK
6
CONTINUOUS
10
6.221855590551181
20
-3.344401653543307
11
6.2190900393700783
21
-3.3443867322834646
0
LINE
8
BLACK
6
CONTINUOUS
10
6.2190900393700783
20
-3.3443867322834646
11
6.2168792519685034
21
-3.3443687795275592
0
LINE
8
BLACK
6
CONTINUOUS
10
6.2168792519685034
20
-3.3443687795275592
11
6.215313307086614
21
-3.344348307086614
0
LINE
8
BLACK
6
CONTINUOUS
10
6.215313307086614
20
-3.344348307086614
11
6.2144823622047243
21
-3.3443258661417321
0
LINE
8
BLACK
6
CONTINUOUS
10
6.2144823622047243
20
-3.3443258661417321
11
6.2143706299212598
21
-3.3443137007874015
0
LINE
8
BLACK
6
CONTINUOUS
10
6.2143706299212598
20
-3.3443137007874015
11
6.2144844094488185
21
-3.3435773622047242
0
LINE
8
BLACK
6
CONTINUOUS
10
6.2144844094488185
20
-3.3435773622047242
11
6.2147341732283463
21
-3.3420905905511811
0
LINE
8
BLACK
6
CONTINUOUS
10
6.2147341732283463
20
-3.3420905905511811
11
6.2151059448818895
21
-3.339932125984252
0
LINE
8
BLACK
6
CONTINUOUS
10
6.2151059448818895
20
-3.339932125984252
11
6.2155855511811025
21
-3.3371805905511809
0
LINE
8
BLACK
6
CONTINUOUS
10
6.2155855511811025
20
-3.3371805905511809
11
6.2161589763779528
21
-3.3339146456692914
0
LINE
8
BLACK
6
CONTINUOUS
10
6.2161589763779528
20
-3.3339146456692914
11
6.2168121259842515
21
-3.330212992125984
0
LINE
8
BLACK
6
CONTINUOUS
10
6.2168121259842515
20
-3.330212992125984
11
6.2175309448818901
21
-3.3261542519685037
0
LINE
8
BLACK
6
CONTINUOUS
10
6.2175309448818901
20
-3.3261542519685037
11
6.2183013385826769
21
-3.321817086614173
0
LINE
8
BLACK
6
CONTINUOUS
10
6.2183013385826769
20
-3.321817086614173
11
6.2191092125984246
21
-3.3172801574803148
0
LINE
8
BLACK
6
CONTINUOUS
10
6.2191092125984246
20
-3.3172801574803148
11
6.2199405511811019
21
-3.3126221653543308
0
LINE
8
BLACK
6
CONTINUOUS
10
6.2199405511811019
20
-3.3126221653543308
11
6.2207811811023621
21
-3.3079217716535432
0
LINE
8
BLACK
6
CONTINUOUS
10
6.2207811811023621
20
-3.3079217716535432
11
6.2216171259842517
21
-3.3032575590551181
0
LINE
8
BLACK
6
CONTINUOUS
10
6.2216171259842517
20
-3.3032575590551181
11
6.2224342913385824
21
-3.2987083070866139
0
LINE
8
BLACK
6
CONTINUOUS
10
6.2224342913385824
20
-3.2987083070866139
11
6.2232185433070866
21
-3.2943525590551181
0
LINE
8
BLACK
6
CONTINUOUS
10
6.2232185433070866
20
-3.2943525590551181
11
6.2239558661417318
21
-3.2902690944881887
0
LINE
8
BLACK
6
CONTINUOUS
10
6.2239558661417318
20
-3.2902690944881887
11
6.2246321653543308
21
-3.2865364566929132
0
LINE
8
BLACK
6
CONTINUOUS
10
6.2246321653543308
20
-3.2865364566929132
11
6.2252333464566929
21
-3.2832334251968502
0
LINE
8
BLACK
6
CONTINUOUS
10
6.2252333464566929
20
-3.2832334251968502
11
6.2257453937007874
21
-3.2804385826771654
0
LINE
8
BLACK
6
CONTINUOUS
10
6.2257453937007874
20
-3.2804385826771654
11
6.2261541338582678
21
-3.2782306299212598
0
LINE
8
BLACK
6
CONTINUOUS
10
6.2261541338582678
20
-3.2782306299212598
11
6.2264455905511813
21
-3.2766881889763777
0
LINE
8
BLACK
6
CONTINUOUS
10
6.2264455905511813
20
-3.2766881889763777
11
6.2266056299212593
21
-3.2758899606299212
0
LINE
8
BLACK
6
CONTINUOUS
10
6.2266056299212593
20
-3.2758899606299212
11
6.226630984251968
21
-3.2757945669291337
0
LINE
8
BLACK
6
CONTINUOUS
10
6.226630984251968
20
-3.2757945669291337
11
6.2271314960629915
21
-3.27571531496063
0
LINE
8
BLACK
6
CONTINUOUS
10
6.2271314960629915
20
-3.27571531496063
11
6.2283385433070864
21
-3.2756646062992125
0
LINE
8
BLACK
6
CONTINUOUS
10
6.2283385433070864
20
-3.2756646062992125
11
6.2300875196850392
21
-3.2756454724409449
0
LINE
8
BLACK
6
CONTINUOUS
10
6.2300875196850392
20
-3.2756454724409449
11
6.2322137795275587
21
-3.2756611417322832
0
LINE
8
BLACK
6
CONTINUOUS
10
6.3080202755905512
20
-3.2756037007874017
11
6.3099099999999995
21
-3.2756571653543305
0
LINE
8
BLACK
6
CONTINUOUS
10
6.3099099999999995
20
-3.2756571653543305
11
6.3110925984251969
21
-3.2757585039370078
0
LINE
8
BLACK
6
CONTINUOUS
10
6.3110925984251969
20
-3.2757585039370078
11
6.3116498031496064
21
-3.275914094488189
0
LINE
8
BLACK
6
CONTINUOUS
10
6.3116498031496064
20
-3.275914094488189
11
6.3116974803149608
21
-3.2760865748031494
0
LINE
8
BLACK
6
CONTINUOUS
10
6.3116974803149608
20
-3.2760865748031494
11
6.311377401574803
21
-3.276519212598425
0
LINE
8
BLACK
6
CONTINUOUS
10
6.311377401574803
20
-3.276519212598425
11
6.3105735433070862
21
-3.2775749212598426
0
LINE
8
BLACK
6
CONTINUOUS
10
6.3105735433070862
20
-3.2775749212598426
11
6.3093363385826766
21
-3.2791882677165352
0
LINE
8
BLACK
6
CONTINUOUS
10
6.3093363385826766
20
-3.2791882677165352
11
6.3077162204724404
21
-3.2812937795275592
0
LINE
8
BLACK
6
CONTINUOUS
10
6.3077162204724404
20
-3.2812937795275592
11
6.3057636220472437
21
-3.2838260236220473
0
LINE
8
BLACK
6
CONTINUOUS
10
6.3057636220472437
20
-3.2838260236220473
11
6.3035289763779527
21
-3.2867196062992123
0
LINE
8
BLACK
6
CONTINUOUS
10
6.3035289763779527
20
-3.2867196062992123
11
6.3010627559055115
21
-3.2899089763779528
0
LINE
8
BLACK
6
CONTINUOUS
10
6.3010627559055115
20
-3.2899089763779528
11
6.298415393700787
21
-3.2933287795275588
0
LINE
8
BLACK
6
CONTINUOUS
10
6.298415393700787
20
-3.2933287795275588
11
6.2971459448818896
21
-3.2949673228346454
0
LINE
8
BLACK
6
CONTINUOUS
10
6.2971459448818896
20
-3.2949673228346454
11
6.29443468503937
21
-3.2984674803149607
0
LINE
8
BLACK
6
CONTINUOUS
10
6.29443468503937
20
-3.2984674803149607
11
6.2918832677165355
21
-3.3017641732283463
0
LINE
8
BLACK
6
CONTINUOUS
10
6.2918832677165355
20
-3.3017641732283463
11
6.2895418897637798
21
-3.3047924015748031
0
LINE
8
BLACK
6
CONTINUOUS
10
6.2895418897637798
20
-3.3047924015748031
11
6.2874605905511807
21
-3.3074871653543307
0
LINE
8
BLACK
6
CONTINUOUS
10
6.2874605905511807
20
-3.3074871653543307
11
6.2856895669291335
21
-3.3097835826771651
0
LINE
8
BLACK
6
CONTINUOUS
10
6.2856895669291335
20
-3.3097835826771651
11
6.2842788976377948
21
-3.3116166141732282
0
LINE
8
BLACK
6
CONTINUOUS
10
6.2842788976377948
20
-3.3116166141732282
11
6.2832787401574803
21
-3.3129212992125985
0
LINE
8
BLACK
6
CONTINUOUS
10
6.2832787401574803
20
-3.3129212992125985
11
6.2827391732283466
21
-3.3136327165354329
0
LINE
8
BLACK
6
CONTINUOUS
10
6.2827391732283466
20
-3.3136327165354329
11
6.2826591338582674
21
-3.3137433858267715
0
LINE
8
BLACK
6
CONTINUOUS
10
6.2826591338582674
20
-3.3137433858267715
11
6.2825439763779523
21
-3.3142214173228344
0
LINE
8
BLACK
6
CONTINUOUS
10
6.2825439763779523
20
-3.3142214173228344
11
6.2822983070866139
21
-3.3154379133858267
0
LINE
8
BLACK
6
CONTINUOUS
10
6.2822983070866139
20
-3.3154379133858267
11
6.281943937007874
21
-3.3172734251968503
0
LINE
8
BLACK
6
CONTINUOUS
10
6.281943937007874
20
-3.3172734251968503
11
6.2815025984251971
21
-3.3196083858267715
0
LINE
8
BLACK
6
CONTINUOUS
10
6.2815025984251971
20
-3.3196083858267715
11
6.2809961811023625
21
-3.3223233070866143
0
LINE
8
BLACK
6
CONTINUOUS
10
6.2809961811023625
20
-3.3223233070866143
11
6.2804464566929132
21
-3.3252985826771653
0
LINE
8
BLACK
6
CONTINUOUS
10
6.2804464566929132
20
-3.3252985826771653
11
6.2798752755905509
21
-3.3284147637795276
0
LINE
8
BLACK
6
CONTINUOUS
10
6.2798752755905509
20
-3.3284147637795276
11
6.2793043700787399
21
-3.331552244094488
0
LINE
8
BLACK
6
CONTINUOUS
10
6.2793043700787399
20
-3.331552244094488
11
6.2787555905511807
21
-3.3345915748031496
0
LINE
8
BLACK
6
CONTINUOUS
10
6.2787555905511807
20
-3.3345915748031496
11
6.2782507874015749
21
-3.3374131889763778
0
LINE
8
BLACK
6
CONTINUOUS
10
6.2782507874015749
20
-3.3374131889763778
11
6.277811692913386
21
-3.3398975590551179
0
LINE
8
BLACK
6
CONTINUOUS
10
6.277811692913386
20
-3.3398975590551179
11
6.2774601968503934
21
-3.3419251574803148
0
LINE
8
BLACK
6
CONTINUOUS
10
6.2774601968503934
20
-3.3419251574803148
11
6.2772180314960631
21
-3.3433764566929134
0
LINE
8
BLACK
6
CONTINUOUS
10
6.2772180314960631
20
-3.3433764566929134
11
6.2771070866141727
21
-3.3441319291338583
0
LINE
8
BLACK
6
CONTINUOUS
10
6.2771070866141727
20
-3.3441319291338583
11
6.2771023622047242
21
-3.344197244094488
0
LINE
8
BLACK
6
CONTINUOUS
10
6.2771023622047242
20
-3.344197244094488
11
6.2766921653543308
21
-3.3442768897637793
0
LINE
8
BLACK
6
CONTINUOUS
10
6.2766921653543308
20
-3.3442768897637793
11
6.2755636220472439
21
-3.3443441732283463
0
LINE
8
BLACK
6
CONTINUOUS
10
6.2755636220472439
20
-3.3443441732283463
11
6.2738698425196846
21
-3.3443936614173229
0
LINE
8
BLACK
6
CONTINUOUS
10
6.2738698425196846
20
-3.3443936614173229
11
6.2717638976377952
21
-3.3444198818897637
0
LINE
8
BLACK
6
CONTINUOUS
10
6.2717638976377952
20
-3.3444198818897637
11
6.2707759842519684
21
-3.3444226377952755
0
LINE
8
BLACK
6
CONTINUOUS
10
6.2707759842519684
20
-3.3444226377952755
11
6.2644496062992125
21
-3.3444226377952755
0
LINE
8
BLACK
6
CONTINUOUS
10
6.2644496062992125
20
-3.3444226377952755
11
6.2646775196850388
21
-3.3434422440944882
0
LINE
8
BLACK
6
CONTINUOUS
10
6.2646775196850388
20
-3.3434422440944882
11
6.264837992125984
21
-3.3426423622047245
0
LINE
8
BLACK
6
CONTINUOUS
10
6.264837992125984
20
-3.3426423622047245
11
6.265114015748031
21
-3.3411478346456693
0
LINE
8
BLACK
6
CONTINUOUS
10
6.265114015748031
20
-3.3411478346456693
11
6.2654842913385824
21
-3.3390828740157481
0
LINE
8
BLACK
6
CONTINUOUS
10
6.2654842913385824
20
-3.3390828740157481
11
6.2659274803149607
21
-3.336571771653543
0
LINE
8
BLACK
6
CONTINUOUS
10
6.2659274803149607
20
-3.336571771653543
11
6.2664222047244094
21
-3.3337387795275588
0
LINE
8
BLACK
6
CONTINUOUS
10
6.2664222047244094
20
-3.3337387795275588
11
6.2669471653543303
21
-3.3307081102362206
0
LINE
8
BLACK
6
CONTINUOUS
10
6.2669471653543303
20
-3.3307081102362206
11
6.2674810629921263
21
-3.3276040157480313
0
LINE
8
BLACK
6
CONTINUOUS
10
6.2674810629921263
20
-3.3276040157480313
11
6.2680025196850391
21
-3.3245507480314962
0
LINE
8
BLACK
6
CONTINUOUS
10
6.2680025196850391
20
-3.3245507480314962
11
6.2684901968503937
21
-3.3216725984251969
0
LINE
8
BLACK
6
CONTINUOUS
10
6.2684901968503937
20
-3.3216725984251969
11
6.2689227952755902
21
-3.319093779527559
0
LINE
8
BLACK
6
CONTINUOUS
10
6.2689227952755902
20
-3.319093779527559
11
6.2692789370078739
21
-3.3169385826771651
0
LINE
8
BLACK
6
CONTINUOUS
10
6.2692789370078739
20
-3.3169385826771651
11
6.2695373622047246
21
-3.315331181102362
0
LINE
8
BLACK
6
CONTINUOUS
10
6.2695373622047246
20
-3.315331181102362
11
6.2696766535433071
21
-3.3143959055118111
0
LINE
8
BLACK
6
CONTINUOUS
10
6.2696766535433071
20
-3.3143959055118111
11
6.2696949606299208
21
-3.3142193700787401
0
LINE
8
BLACK
6
CONTINUOUS
10
6.2696949606299208
20
-3.3142193700787401
11
6.2695303543307084
21
-3.3136938188976379
0
LINE
8
BLACK
6
CONTINUOUS
10
6.2695303543307084
20
-3.3136938188976379
11
6.2690590551181105
21
-3.3124496062992126
0
LINE
8
BLACK
6
CONTINUOUS
10
6.2690590551181105
20
-3.3124496062992126
11
6.2683151181102357
21
-3.3105702755905511
0
LINE
8
BLACK
6
CONTINUOUS
10
6.2683151181102357
20
-3.3105702755905511
11
6.2673324015748033
21
-3.308139251968504
0
LINE
8
BLACK
6
CONTINUOUS
10
6.2673324015748033
20
-3.308139251968504
11
6.2661449606299211
21
-3.3052401181102362
0
LINE
8
BLACK
6
CONTINUOUS
10
6.2661449606299211
20
-3.3052401181102362
11
6.2647866535433065
21
-3.3019562992125984
0
LINE
8
BLACK
6
CONTINUOUS
10
6.2647866535433065
20
-3.3019562992125984
11
6.2632914566929134
21
-3.2983713385826769
0
LINE
8
BLACK
6
CONTINUOUS
10
6.2632914566929134
20
-3.2983713385826769
11
6.2620157874015749
21
-3.295333661417323
0
LINE
8
BLACK
6
CONTINUOUS
10
6.2620157874015749
20
-3.295333661417323
11
6.2604289763779528
21
-3.2915608267716534
0
LINE
8
BLACK
6
CONTINUOUS
10
6.2604289763779528
20
-3.2915608267716534
11
6.258943346456693
21
-3.2880179527559052
0
LINE
8
BLACK
6
CONTINUOUS
10
6.258943346456693
20
-3.2880179527559052
11
6.2575939763779527
21
-3.2847894094488188
0
LINE
8
BLACK
6
CONTINUOUS
10
6.2575939763779527
20
-3.2847894094488188
11
6.2564158267716534
21
-3.2819594094488189
0
LINE
8
BLACK
6
CONTINUOUS
10
6.2564158267716534
20
-3.2819594094488189
11
6.2554439763779524
21
-3.2796123622047242
0
LINE
8
BLACK
6
CONTINUOUS
10
6.2554439763779524
20
-3.2796123622047242
11
6.2547134645669287
21
-3.2778324803149608
0
LINE
8
BLACK
6
CONTINUOUS
10
6.2547134645669287
20
-3.2778324803149608
11
6.2542593307086616
21
-3.2767041338582676
0
LINE
8
BLACK
6
CONTINUOUS
10
6.2542593307086616
20
-3.2767041338582676
11
6.2541188188976378
21
-3.2763282283464568
0
LINE
8
BLACK
6
CONTINUOUS
10
6.2541188188976378
20
-3.2763282283464568
11
6.2540912992125985
21
-3.2760336614173227
0
LINE
8
BLACK
6
CONTINUOUS
10
6.2540912992125985
20
-3.2760336614173227
11
6.2542842125984253
21
-3.2758290157480312
0
LINE
8
BLACK
6
CONTINUOUS
10
6.2542842125984253
20
-3.2758290157480312
11
6.2548203937007871
21
-3.2757018503937005
0
LINE
8
BLACK
6
CONTINUOUS
10
6.2548203937007871
20
-3.2757018503937005
11
6.2558227952755905
21
-3.2756395669291338
0
LINE
8
BLACK
6
CONTINUOUS
10
6.2558227952755905
20
-3.2756395669291338
11
6.2574143307086612
21
-3.2756298031496063
0
LINE
8
BLACK
6
CONTINUOUS
10
6.2574143307086612
20
-3.2756298031496063
11
6.259717874015748
21
-3.275659960629921
0
LINE
8
BLACK
6
CONTINUOUS
10
6.259717874015748
20
-3.275659960629921
11
6.260549881889764
21
-3.2756746062992126
0
LINE
8
BLACK
6
CONTINUOUS
10
6.260549881889764
20
-3.2756746062992126
11
6.2671987401574798
21
-3.2757951968503938
0
LINE
8
BLACK
6
CONTINUOUS
10
6.2671987401574798
20
-3.2757951968503938
11
6.2726419685039367
21
-3.2891938976377952
0
LINE
8
BLACK
6
CONTINUOUS
10
6.2726419685039367
20
-3.2891938976377952
11
6.2739504724409452
21
-3.2923938582677166
0
LINE
8
BLACK
6
CONTINUOUS
10
6.2739504724409452
20
-3.2923938582677166
11
6.2751633858267715
21
-3.2953200787401573
0
LINE
8
BLACK
6
CONTINUOUS
10
6.2751633858267715
20
-3.2953200787401573
11
6.2762405118110234
21
-3.2978784645669292
0
LINE
8
BLACK
6
CONTINUOUS
10
6.2762405118110234
20
-3.2978784645669292
11
6.2771414960629919
21
-3.2999749606299211
0
LINE
8
BLACK
6
CONTINUOUS
10
6.2771414960629919
20
-3.2999749606299211
11
6.2778261417322829
21
-3.3015155511811023
0
LINE
8
BLACK
6
CONTINUOUS
10
6.2778261417322829
20
-3.3015155511811023
11
6.2782541338582671
21
-3.3024061811023619
0
LINE
8
BLACK
6
CONTINUOUS
10
6.2782541338582671
20
-3.3024061811023619
11
6.278378622047244
21
-3.3025925984251967
0
LINE
8
BLACK
6
CONTINUOUS
10
6.278378622047244
20
-3.3025925984251967
11
6.2786945275590549
21
-3.3022543307086614
0
LINE
8
BLACK
6
CONTINUOUS
10
6.2786945275590549
20
-3.3022543307086614
11
6.2794693307086611
21
-3.3012900393700786
0
LINE
8
BLACK
6
CONTINUOUS
10
6.2794693307086611
20
-3.3012900393700786
11
6.2806452362204723
21
-3.2997755118110237
0
LINE
8
BLACK
6
CONTINUOUS
10
6.2806452362204723
20
-3.2997755118110237
11
6.2821644488188975
21
-3.2977864566929131
0
LINE
8
BLACK
6
CONTINUOUS
10
6.2821644488188975
20
-3.2977864566929131
11
6.2839691732283462
21
-3.295398622047244
0
LINE
8
BLACK
6
CONTINUOUS
10
6.2839691732283462
20
-3.295398622047244
11
6.2860016535433072
21
-3.2926878346456694
0
LINE
8
BLACK
6
CONTINUOUS
10
6.2860016535433072
20
-3.2926878346456694
11
6.2882040551181104
21
-3.2897298031496063
0
LINE
8
BLACK
6
CONTINUOUS
10
6.2882040551181104
20
-3.2897298031496063
11
6.2886715354330711
21
-3.2890994094488186
0
LINE
8
BLACK
6
CONTINUOUS
10
6.2886715354330711
20
-3.2890994094488186
11
6.2986710236220471
21
-3.2756062598425197
0
LINE
8
BLACK
6
CONTINUOUS
10
6.2986710236220471
20
-3.2756062598425197
11
6.3053416141732281
21
-3.275591811023622
0
LINE
8
BLACK
6
CONTINUOUS
10
6.3053416141732281
20
-3.275591811023622
11
6.3080202755905512
21
-3.2756037007874017
0
LINE
8
BLACK
6
CONTINUOUS
10
6.5029563385826767
20
-3.2943668897637797
11
6.5040469291338585
21
-3.2949121653543307
0
LINE
8
BLACK
6
CONTINUOUS
10
6.5040469291338585
20
-3.2949121653543307
11
6.5048458267716533
21
-3.2958333070866139
0
LINE
8
BLACK
6
CONTINUOUS
10
6.5048458267716533
20
-3.2958333070866139
11
6.5052314173228343
21
-3.2969900393700788
0
LINE
8
BLACK
6
CONTINUOUS
10
6.5052314173228343
20
-3.2969900393700788
11
6.505144960629921
21
-3.2982062992125982
0
LINE
8
BLACK
6
CONTINUOUS
10
6.505144960629921
20
-3.2982062992125982
11
6.5045996850393699
21
-3.2992968897637796
0
LINE
8
BLACK
6
CONTINUOUS
10
6.5045996850393699
20
-3.2992968897637796
11
6.5036785433070863
21
-3.3000957874015748
0
LINE
8
BLACK
6
CONTINUOUS
10
6.5036785433070863
20
-3.3000957874015748
11
6.5031191732283462
21
-3.3003455511811022
0
LINE
8
BLACK
6
CONTINUOUS
10
6.5031191732283462
20
-3.3003455511811022
11
6.4909702362204724
21
-3.3043951968503937
0
LINE
8
BLACK
6
CONTINUOUS
10
6.4909702362204724
20
-3.3043951968503937
11
6.4909702362204724
21
-3.3236999606299213
0
LINE
8
BLACK
6
CONTINUOUS
10
6.4909702362204724
20
-3.3236999606299213
11
6.5031191338582675
21
-3.3277496062992125
0
LINE
8
BLACK
6
CONTINUOUS
10
6.5031191338582675
20
-3.3277496062992125
11
6.5036785039370075
21
-3.3279993700787402
0
LINE
8
BLACK
6
CONTINUOUS
10
6.5036785039370075
20
-3.3279993700787402
11
6.5045996456692912
21
-3.3287982677165355
0
LINE
8
BLACK
6
CONTINUOUS
10
6.5045996456692912
20
-3.3287982677165355
11
6.505144960629921
21
-3.3298888582677164
0
LINE
8
BLACK
6
CONTINUOUS
10
6.505144960629921
20
-3.3298888582677164
11
6.5052313779527555
21
-3.3311051181102362
0
LINE
8
BLACK
6
CONTINUOUS
10
6.5052313779527555
20
-3.3311051181102362
11
6.5048458267716533
21
-3.3322618503937007
0
LINE
8
BLACK
6
CONTINUOUS
10
6.5048458267716533
20
-3.3322618503937007
11
6.5040469291338585
21
-3.3331829527559056
0
LINE
8
BLACK
6
CONTINUOUS
10
6.5040469291338585
20
-3.3331829527559056
11
6.502956299212598
21
-3.3337282677165354
0
LINE
8
BLACK
6
CONTINUOUS
10
6.502956299212598
20
-3.3337282677165354
11
6.5017400787401574
21
-3.3338147244094487
0
LINE
8
BLACK
6
CONTINUOUS
10
6.5017400787401574
20
-3.3338147244094487
11
6.5011427165354325
21
-3.3336788976377951
0
LINE
8
BLACK
6
CONTINUOUS
10
6.5011427165354325
20
-3.3336788976377951
11
6.4511427165354327
21
-3.3170122440944882
0
LINE
8
BLACK
6
CONTINUOUS
10
6.4511427165354327
20
-3.3170122440944882
11
6.4505833464566926
21
-3.3167624803149605
0
LINE
8
BLACK
6
CONTINUOUS
10
6.4505833464566926
20
-3.3167624803149605
11
6.4504145669291333
21
-3.3166161023622047
0
LINE
8
BLACK
6
CONTINUOUS
10
6.4504145669291333
20
-3.3166161023622047
11
6.4502149606299213
21
-3.3165162992125983
0
LINE
8
BLACK
6
CONTINUOUS
10
6.4502149606299213
20
-3.3165162992125983
11
6.4499582283464569
21
-3.3162202755905512
0
LINE
8
BLACK
6
CONTINUOUS
10
6.4499582283464569
20
-3.3162202755905512
11
6.4496622440944877
21
-3.3159635826771652
0
LINE
8
BLACK
6
CONTINUOUS
10
6.4496622440944877
20
-3.3159635826771652
11
6.449562401574803
21
-3.315763937007874
0
LINE
8
BLACK
6
CONTINUOUS
10
6.449562401574803
20
-3.315763937007874
11
6.4494160629921256
21
-3.3155951968503938
0
LINE
8
BLACK
6
CONTINUOUS
10
6.4494160629921256
20
-3.3155951968503938
11
6.4492920866141734
21
-3.3152233070866139
0
LINE
8
BLACK
6
CONTINUOUS
10
6.4492920866141734
20
-3.3152233070866139
11
6.4491169291338579
21
-3.3148729921259843
0
LINE
8
BLACK
6
CONTINUOUS
10
6.4491169291338579
20
-3.3148729921259843
11
6.4491011023622047
21
-3.3146503149606299
0
LINE
8
BLACK
6
CONTINUOUS
10
6.4491011023622047
20
-3.3146503149606299
11
6.4490304724409446
21
-3.3144384645669289
0
LINE
8
BLACK
6
CONTINUOUS
10
6.4490304724409446
20
-3.3144384645669289
11
6.4490582283464564
21
-3.3140475984251969
0
LINE
8
BLACK
6
CONTINUOUS
10
6.4490582283464564
20
-3.3140475984251969
11
6.4490304724409446
21
-3.3136567322834645
0
LINE
8
BLACK
6
CONTINUOUS
10
6.4490304724409446
20
-3.3136567322834645
11
6.4491011023622047
21
-3.3134448425196852
0
LINE
8
BLACK
6
CONTINUOUS
10
6.4491011023622047
20
-3.3134448425196852
11
6.4491169291338579
21
-3.3132222047244095
0
LINE
8
BLACK
6
CONTINUOUS
10
6.4491169291338579
20
-3.3132222047244095
11
6.4492920866141734
21
-3.3128718503937007
0
LINE
8
BLACK
6
CONTINUOUS
10
6.4492920866141734
20
-3.3128718503937007
11
6.4494160629921256
21
-3.3125
0
LINE
8
BLACK
6
CONTINUOUS
10
6.4494160629921256
20
-3.3125
11
6.449562401574803
21
-3.3123312204724407
0
LINE
8
BLACK
6
CONTINUOUS
10
6.449562401574803
20
-3.3123312204724407
11
6.4496622440944877
21
-3.3121316141732282
0
LINE
8
BLACK
6
CONTINUOUS
10
6.4496622440944877
20
-3.3121316141732282
11
6.4499582283464569
21
-3.3118748818897639
0
LINE
8
BLACK
6
CONTINUOUS
10
6.4499582283464569
20
-3.3118748818897639
11
6.4502149606299213
21
-3.3115788976377951
0
LINE
8
BLACK
6
CONTINUOUS
10
6.4502149606299213
20
-3.3115788976377951
11
6.4504145669291333
21
-3.3114790551181104
0
LINE
8
BLACK
6
CONTINUOUS
10
6.4504145669291333
20
-3.3114790551181104
11
6.4505833464566926
21
-3.3113327165354329
0
LINE
8
BLACK
6
CONTINUOUS
10
6.4505833464566926
20
-3.3113327165354329
11
6.4511427165354327
21
-3.3110829527559056
0
LINE
8
BLACK
6
CONTINUOUS
10
6.4511427165354327
20
-3.3110829527559056
11
6.5011427559055113
21
-3.2944162598425195
0
LINE
8
BLACK
6
CONTINUOUS
10
6.5011427559055113
20
-3.2944162598425195
11
6.5017400787401574
21
-3.2942804330708659
0
LINE
8
BLACK
6
CONTINUOUS
10
6.5017400787401574
20
-3.2942804330708659
11
6.5029563385826767
21
-3.2943668897637797
0
LINE
8
BLACK
6
CONTINUOUS
10
6.4620130708661412
20
-3.3140475590551182
11
6.4847202362204719
21
-3.3216166141732284
0
LINE
8
BLACK
6
CONTINUOUS
10
6.4847202362204719
20
-3.3216166141732284
11
6.4847202362204719
21
-3.3064785039370079
0
LINE
8
BLACK
6
CONTINUOUS
10
6.4847202362204719
20
-3.3064785039370079
11
6.4620130708661412
21
-3.3140475590551182
0
LINE
8
BLACK
6
CONTINUOUS
10
5.3160755511811022
20
-3.2574240944881887
11
5.3161056692913382
21
-3.2574237401574804
0
LINE
8
BLACK
6
CONTINUOUS
10
5.3161056692913382
20
-3.2574237401574804
11
5.3161230314960628
21
-3.2574287795275589
0
LINE
8
BLACK
6
CONTINUOUS
10
5.3161230314960628
20
-3.2574287795275589
11
5.3161410236220474
21
-3.2574305511811024
0
LINE
8
BLACK
6
CONTINUOUS
10
5.3161410236220474
20
-3.2574305511811024
11
5.3161687401574804
21
-3.2574420078740158
0
LINE
8
BLACK
6
CONTINUOUS
10
5.3161687401574804
20
-3.2574420078740158
11
5.3166615748031498
21
-3.2575849999999997
0
LINE
8
BLACK
6
CONTINUOUS
10
5.3166615748031498
20
-3.2575849999999997
11
5.3204111023622049
21
-3.259084803149606
0
LINE
8
BLACK
6
CONTINUOUS
10
5.3204111023622049
20
-3.259084803149606
11
5.3209248818897636
21
-3.2593514173228346
0
LINE
8
BLACK
6
CONTINUOUS
10
5.3209248818897636
20
-3.2593514173228346
11
5.3217494094488185
21
-3.2601561023622048
0
LINE
8
BLACK
6
CONTINUOUS
10
5.3217494094488185
20
-3.2601561023622048
11
5.3222032677165352
21
-3.2612150393700787
0
LINE
8
BLACK
6
CONTINUOUS
10
5.3222032677165352
20
-3.2612150393700787
11
5.3222173228346454
21
-3.2623670472440942
0
LINE
8
BLACK
6
CONTINUOUS
10
5.3222173228346454
20
-3.2623670472440942
11
5.3217894094488187
21
-3.2634367716535433
0
LINE
8
BLACK
6
CONTINUOUS
10
5.3217894094488187
20
-3.2634367716535433
11
5.320984724409449
21
-3.2642612992125986
0
LINE
8
BLACK
6
CONTINUOUS
10
5.320984724409449
20
-3.2642612992125986
11
5.3199258267716534
21
-3.2647151574803148
0
LINE
8
BLACK
6
CONTINUOUS
10
5.3199258267716534
20
-3.2647151574803148
11
5.3187737795275591
21
-3.2647292125984251
0
LINE
8
BLACK
6
CONTINUOUS
10
5.3187737795275591
20
-3.2647292125984251
11
5.3182178346456688
21
-3.2645679527559053
0
LINE
8
BLACK
6
CONTINUOUS
10
5.3182178346456688
20
-3.2645679527559053
11
5.3149962992125985
21
-3.2632793307086612
0
LINE
8
BLACK
6
CONTINUOUS
10
5.3149962992125985
20
-3.2632793307086612
11
5.310327677165354
21
-3.2632793307086612
0
LINE
8
BLACK
6
CONTINUOUS
10
5.310327677165354
20
-3.2632793307086612
11
5.3056764960629916
21
-3.2645196062992126
0
LINE
8
BLACK
6
CONTINUOUS
10
5.3056764960629916
20
-3.2645196062992126
11
5.3028042125984252
21
-3.266817440944882
0
LINE
8
BLACK
6
CONTINUOUS
10
5.3028042125984252
20
-3.266817440944882
11
5.3013972047244096
21
-3.2690686614173226
0
LINE
8
BLACK
6
CONTINUOUS
10
5.3013972047244096
20
-3.2690686614173226
11
5.2997700787401572
21
-3.2742755118110236
0
LINE
8
BLACK
6
CONTINUOUS
10
5.2997700787401572
20
-3.2742755118110236
11
5.2997700787401572
21
-3.2778736614173227
0
LINE
8
BLACK
6
CONTINUOUS
10
5.2997700787401572
20
-3.2778736614173227
11
5.3013972047244096
21
-3.2830805118110233
0
LINE
8
BLACK
6
CONTINUOUS
10
5.3013972047244096
20
-3.2830805118110233
11
5.3028042125984252
21
-3.2853316929133856
0
LINE
8
BLACK
6
CONTINUOUS
10
5.3028042125984252
20
-3.2853316929133856
11
5.3056765354330704
21
-3.2876295669291338
0
LINE
8
BLACK
6
CONTINUOUS
10
5.3056765354330704
20
-3.2876295669291338
11
5.310327677165354
21
-3.2888698818897639
0
LINE
8
BLACK
6
CONTINUOUS
10
5.310327677165354
20
-3.2888698818897639
11
5.313303188976378
21
-3.2888698818897639
0
LINE
8
BLACK
6
CONTINUOUS
10
5.313303188976378
20
-3.2888698818897639
11
5.3179542913385829
21
-3.2876295669291338
0
LINE
8
BLACK
6
CONTINUOUS
10
5.3179542913385829
20
-3.2876295669291338
11
5.3182364960629922
21
-3.2874038188976376
0
LINE
8
BLACK
6
CONTINUOUS
10
5.3182364960629922
20
-3.2874038188976376
11
5.3182364960629922
21
-3.2812770866141729
0
LINE
8
BLACK
6
CONTINUOUS
10
5.3182364960629922
20
-3.2812770866141729
11
5.313690196850394
21
-3.2812770866141729
0
LINE
8
BLACK
6
CONTINUOUS
10
5.313690196850394
20
-3.2812770866141729
11
5.3131141338582673
21
-3.2812203543307086
0
LINE
8
BLACK
6
CONTINUOUS
10
5.3131141338582673
20
-3.2812203543307086
11
5.3120497244094489
21
-3.2807794488188975
0
LINE
8
BLACK
6
CONTINUOUS
10
5.3120497244094489
20
-3.2807794488188975
11
5.3112350787401574
21
-3.279964803149606
0
LINE
8
BLACK
6
CONTINUOUS
10
5.3112350787401574
20
-3.279964803149606
11
5.3107941732283459
21
-3.2789003937007872
0
LINE
8
BLACK
6
CONTINUOUS
10
5.3107941732283459
20
-3.2789003937007872
11
5.3107941732283459
21
-3.2777482677165355
0
LINE
8
BLACK
6
CONTINUOUS
10
5.3107941732283459
20
-3.2777482677165355
11
5.3112350787401574
21
-3.2766838582677162
0
LINE
8
BLACK
6
CONTINUOUS
10
5.3112350787401574
20
-3.2766838582677162
11
5.3120497244094489
21
-3.2758692125984252
0
LINE
8
BLACK
6
CONTINUOUS
10
5.3120497244094489
20
-3.2758692125984252
11
5.3131141338582673
21
-3.2754283070866141
0
LINE
8
BLACK
6
CONTINUOUS
10
5.3131141338582673
20
-3.2754283070866141
11
5.313690196850394
21
-3.2753715748031493
0
LINE
8
BLACK
6
CONTINUOUS
10
5.313690196850394
20
-3.2753715748031493
11
5.3211892519685042
21
-3.2753715748031493
0
LINE
8
BLACK
6
CONTINUOUS
10
5.3211892519685042
20
-3.2753715748031493
11
5.3217653149606301
21
-3.2754283070866141
0
LINE
8
BLACK
6
CONTINUOUS
10
5.3217653149606301
20
-3.2754283070866141
11
5.3228297244094485
21
-3.2758692125984252
0
LINE
8
BLACK
6
CONTINUOUS
10
5.3228297244094485
20
-3.2758692125984252
11
5.3236443700787399
21
-3.2766838582677162
0
LINE
8
BLACK
6
CONTINUOUS
10
5.3236443700787399
20
-3.2766838582677162
11
5.3240852755905514
21
-3.2777482677165355
0
LINE
8
BLACK
6
CONTINUOUS
10
5.3240852755905514
20
-3.2777482677165355
11
5.3241420078740154
21
-3.2783243307086614
0
LINE
8
BLACK
6
CONTINUOUS
10
5.3241420078740154
20
-3.2783243307086614
11
5.3241420078740154
21
-3.2888229921259842
0
LINE
8
BLACK
6
CONTINUOUS
10
5.3241420078740154
20
-3.2888229921259842
11
5.3240852755905514
21
-3.28939905511811
0
LINE
8
BLACK
6
CONTINUOUS
10
5.3240852755905514
20
-3.28939905511811
11
5.3240221653543305
21
-3.2895513385826769
0
LINE
8
BLACK
6
CONTINUOUS
10
5.3240221653543305
20
-3.2895513385826769
11
5.324003976377953
21
-3.289715275590551
0
LINE
8
BLACK
6
CONTINUOUS
10
5.324003976377953
20
-3.289715275590551
11
5.32380342519685
21
-3.2900794488188976
0
LINE
8
BLACK
6
CONTINUOUS
10
5.32380342519685
20
-3.2900794488188976
11
5.3236443700787399
21
-3.2904634645669288
0
LINE
8
BLACK
6
CONTINUOUS
10
5.3236443700787399
20
-3.2904634645669288
11
5.3235277559055119
21
-3.2905800393700786
0
LINE
8
BLACK
6
CONTINUOUS
10
5.3235277559055119
20
-3.2905800393700786
11
5.3234482283464564
21
-3.2907245275590551
0
LINE
8
BLACK
6
CONTINUOUS
10
5.3234482283464564
20
-3.2907245275590551
11
5.3230338582677161
21
-3.2911286614173227
0
LINE
8
BLACK
6
CONTINUOUS
10
5.3230338582677161
20
-3.2911286614173227
11
5.3211590944881886
21
-3.2926285433070865
0
LINE
8
BLACK
6
CONTINUOUS
10
5.3211590944881886
20
-3.2926285433070865
11
5.3206738188976379
21
-3.2929440944881887
0
LINE
8
BLACK
6
CONTINUOUS
10
5.3206738188976379
20
-3.2929440944881887
11
5.3206428346456693
21
-3.2929530314960629
0
LINE
8
BLACK
6
CONTINUOUS
10
5.3206428346456693
20
-3.2929530314960629
11
5.3206172834645669
21
-3.2929726377952755
0
LINE
8
BLACK
6
CONTINUOUS
10
5.3206172834645669
20
-3.2929726377952755
11
5.3200753149606301
21
-3.2931759055118111
0
LINE
8
BLACK
6
CONTINUOUS
10
5.3200753149606301
20
-3.2931759055118111
11
5.3144510236220475
21
-3.2946757086614173
0
LINE
8
BLACK
6
CONTINUOUS
10
5.3144510236220475
20
-3.2946757086614173
11
5.3143168897637798
21
-3.2946976771653542
0
LINE
8
BLACK
6
CONTINUOUS
10
5.3143168897637798
20
-3.2946976771653542
11
5.3142662598425199
21
-3.2947186614173227
0
LINE
8
BLACK
6
CONTINUOUS
10
5.3142662598425199
20
-3.2947186614173227
11
5.3140720866141731
21
-3.2947377559055115
0
LINE
8
BLACK
6
CONTINUOUS
10
5.3140720866141731
20
-3.2947377559055115
11
5.3138797637795276
21
-3.2947692913385827
0
LINE
8
BLACK
6
CONTINUOUS
10
5.3138797637795276
20
-3.2947692913385827
11
5.3138254330708659
21
-3.2947620472440944
0
LINE
8
BLACK
6
CONTINUOUS
10
5.3138254330708659
20
-3.2947620472440944
11
5.313690196850394
21
-3.2947753937007875
0
LINE
8
BLACK
6
CONTINUOUS
10
5.313690196850394
20
-3.2947753937007875
11
5.3099406692913389
21
-3.2947753937007875
0
LINE
8
BLACK
6
CONTINUOUS
10
5.3099406692913389
20
-3.2947753937007875
11
5.3098053937007874
21
-3.2947620472440944
0
LINE
8
BLACK
6
CONTINUOUS
10
5.3098053937007874
20
-3.2947620472440944
11
5.3097511023622044
21
-3.2947692913385827
0
LINE
8
BLACK
6
CONTINUOUS
10
5.3097511023622044
20
-3.2947692913385827
11
5.3095587401574802
21
-3.2947377559055115
0
LINE
8
BLACK
6
CONTINUOUS
10
5.3095587401574802
20
-3.2947377559055115
11
5.3093646062992121
21
-3.2947186614173227
0
LINE
8
BLACK
6
CONTINUOUS
10
5.3093646062992121
20
-3.2947186614173227
11
5.3093139370078735
21
-3.2946976771653542
0
LINE
8
BLACK
6
CONTINUOUS
10
5.3093139370078735
20
-3.2946976771653542
11
5.3091798425196846
21
-3.2946757086614173
0
LINE
8
BLACK
6
CONTINUOUS
10
5.3091798425196846
20
-3.2946757086614173
11
5.3035555511811019
21
-3.2931759055118111
0
LINE
8
BLACK
6
CONTINUOUS
10
5.3035555511811019
20
-3.2931759055118111
11
5.3030135826771652
21
-3.2929726377952755
0
LINE
8
BLACK
6
CONTINUOUS
10
5.3030135826771652
20
-3.2929726377952755
11
5.3029880708661414
21
-3.2929531102362204
0
LINE
8
BLACK
6
CONTINUOUS
10
5.3029880708661414
20
-3.2929531102362204
11
5.3029570866141729
21
-3.2929441338582675
0
LINE
8
BLACK
6
CONTINUOUS
10
5.3029570866141729
20
-3.2929441338582675
11
5.3024718110236222
21
-3.2926285433070865
0
LINE
8
BLACK
6
CONTINUOUS
10
5.3024718110236222
20
-3.2926285433070865
11
5.2987222834645671
21
-3.2896288976377952
0
LINE
8
BLACK
6
CONTINUOUS
10
5.2987222834645671
20
-3.2896288976377952
11
5.2984775984251966
21
-3.2893902362204726
0
LINE
8
BLACK
6
CONTINUOUS
10
5.2984775984251966
20
-3.2893902362204726
11
5.298416338582677
21
-3.2893465748031496
0
LINE
8
BLACK
6
CONTINUOUS
10
5.298416338582677
20
-3.2893465748031496
11
5.2983663779527559
21
-3.2892818110236219
0
LINE
8
BLACK
6
CONTINUOUS
10
5.2983663779527559
20
-3.2892818110236219
11
5.2983078740157481
21
-3.2892247244094488
0
LINE
8
BLACK
6
CONTINUOUS
10
5.2983078740157481
20
-3.2892247244094488
11
5.2982715748031497
21
-3.289158779527559
0
LINE
8
BLACK
6
CONTINUOUS
10
5.2982715748031497
20
-3.289158779527559
11
5.2980629133858264
21
-3.2888881496062989
0
LINE
8
BLACK
6
CONTINUOUS
10
5.2980629133858264
20
-3.2888881496062989
11
5.2961881496062988
21
-3.2858885433070864
0
LINE
8
BLACK
6
CONTINUOUS
10
5.2961881496062988
20
-3.2858885433070864
11
5.2961326771653541
21
-3.2857767322834643
0
LINE
8
BLACK
6
CONTINUOUS
10
5.2961326771653541
20
-3.2857767322834643
11
5.2960997244094488
21
-3.2857372440944883
0
LINE
8
BLACK
6
CONTINUOUS
10
5.2960997244094488
20
-3.2857372440944883
11
5.2960208267716533
21
-3.2855512204724411
0
LINE
8
BLACK
6
CONTINUOUS
10
5.2960208267716533
20
-3.2855512204724411
11
5.2959309448818894
21
-3.2853699606299211
0
LINE
8
BLACK
6
CONTINUOUS
10
5.2959309448818894
20
-3.2853699606299211
11
5.2959224015748028
21
-3.2853190944881887
0
LINE
8
BLACK
6
CONTINUOUS
10
5.2959224015748028
20
-3.2853190944881887
11
5.2958737401574805
21
-3.2852042913385824
0
LINE
8
BLACK
6
CONTINUOUS
10
5.2958737401574805
20
-3.2852042913385824
11
5.2939989763779529
21
-3.2792050787401572
0
LINE
8
BLACK
6
CONTINUOUS
10
5.2939989763779529
20
-3.2792050787401572
11
5.2939501968503935
21
-3.2789701574803147
0
LINE
8
BLACK
6
CONTINUOUS
10
5.2939501968503935
20
-3.2789701574803147
11
5.2939212992125979
21
-3.2789003937007872
0
LINE
8
BLACK
6
CONTINUOUS
10
5.2939212992125979
20
-3.2789003937007872
11
5.2939082677165352
21
-3.2787683070866143
0
LINE
8
BLACK
6
CONTINUOUS
10
5.2939082677165352
20
-3.2787683070866143
11
5.2938812992125985
21
-3.2786383070866143
0
LINE
8
BLACK
6
CONTINUOUS
10
5.2938812992125985
20
-3.2786383070866143
11
5.2938880708661413
21
-3.2785630314960628
0
LINE
8
BLACK
6
CONTINUOUS
10
5.2938880708661413
20
-3.2785630314960628
11
5.293864566929134
21
-3.2783243307086614
0
LINE
8
BLACK
6
CONTINUOUS
10
5.293864566929134
20
-3.2783243307086614
11
5.293864566929134
21
-3.2738248818897637
0
LINE
8
BLACK
6
CONTINUOUS
10
5.293864566929134
20
-3.2738248818897637
11
5.2938880708661413
21
-3.2735861417322836
0
LINE
8
BLACK
6
CONTINUOUS
10
5.2938880708661413
20
-3.2735861417322836
11
5.2938812992125985
21
-3.2735109055118108
0
LINE
8
BLACK
6
CONTINUOUS
10
5.2938812992125985
20
-3.2735109055118108
11
5.2939082677165352
21
-3.2733808661417321
0
LINE
8
BLACK
6
CONTINUOUS
10
5.2939082677165352
20
-3.2733808661417321
11
5.2939212992125979
21
-3.2732488188976379
0
LINE
8
BLACK
6
CONTINUOUS
10
5.2939212992125979
20
-3.2732488188976379
11
5.2939501968503935
21
-3.2731790157480316
0
LINE
8
BLACK
6
CONTINUOUS
10
5.2939501968503935
20
-3.2731790157480316
11
5.2939989763779529
21
-3.2729441338582674
0
LINE
8
BLACK
6
CONTINUOUS
10
5.2939989763779529
20
-3.2729441338582674
11
5.2958737401574805
21
-3.2669449212598423
0
LINE
8
BLACK
6
CONTINUOUS
10
5.2958737401574805
20
-3.2669449212598423
11
5.2959224015748028
21
-3.2668300787401576
0
LINE
8
BLACK
6
CONTINUOUS
10
5.2959224015748028
20
-3.2668300787401576
11
5.2959309448818894
21
-3.2667792519685039
0
LINE
8
BLACK
6
CONTINUOUS
10
5.2959309448818894
20
-3.2667792519685039
11
5.2960208267716533
21
-3.2665979527559053
0
LINE
8
BLACK
6
CONTINUOUS
10
5.2960208267716533
20
-3.2665979527559053
11
5.2960997244094488
21
-3.2664119685039368
0
LINE
8
BLACK
6
CONTINUOUS
10
5.2960997244094488
20
-3.2664119685039368
11
5.2961326771653541
21
-3.266372440944882
0
LINE
8
BLACK
6
CONTINUOUS
10
5.2961326771653541
20
-3.266372440944882
11
5.2961881496062988
21
-3.2662606692913383
0
LINE
8
BLACK
6
CONTINUOUS
10
5.2961881496062988
20
-3.2662606692913383
11
5.2980629133858264
21
-3.263261023622047
0
LINE
8
BLACK
6
CONTINUOUS
10
5.2980629133858264
20
-3.263261023622047
11
5.2982716141732284
21
-3.2629902755905511
0
LINE
8
BLACK
6
CONTINUOUS
10
5.2982716141732284
20
-3.2629902755905511
11
5.2983079133858269
21
-3.2629244094488188
0
LINE
8
BLACK
6
CONTINUOUS
10
5.2983079133858269
20
-3.2629244094488188
11
5.2983664173228346
21
-3.2628673228346456
0
LINE
8
BLACK
6
CONTINUOUS
10
5.2983664173228346
20
-3.2628673228346456
11
5.298416338582677
21
-3.2628025984251967
0
LINE
8
BLACK
6
CONTINUOUS
10
5.298416338582677
20
-3.2628025984251967
11
5.2984775984251966
21
-3.262758897637795
0
LINE
8
BLACK
6
CONTINUOUS
10
5.2984775984251966
20
-3.262758897637795
11
5.2987222834645671
21
-3.2625202755905511
0
LINE
8
BLACK
6
CONTINUOUS
10
5.2987222834645671
20
-3.2625202755905511
11
5.3024718110236222
21
-3.2595206692913385
0
LINE
8
BLACK
6
CONTINUOUS
10
5.3024718110236222
20
-3.2595206692913385
11
5.3029570866141729
21
-3.2592050787401572
0
LINE
8
BLACK
6
CONTINUOUS
10
5.3029570866141729
20
-3.2592050787401572
11
5.3029880708661414
21
-3.2591960629921259
0
LINE
8
BLACK
6
CONTINUOUS
10
5.3029880708661414
20
-3.2591960629921259
11
5.3030135826771652
21
-3.2591765748031496
0
LINE
8
BLACK
6
CONTINUOUS
10
5.3030135826771652
20
-3.2591765748031496
11
5.3035555511811019
21
-3.258973307086614
0
LINE
8
BLACK
6
CONTINUOUS
10
5.3035555511811019
20
-3.258973307086614
11
5.3091798425196846
21
-3.2574735039370077
0
LINE
8
BLACK
6
CONTINUOUS
10
5.3091798425196846
20
-3.2574735039370077
11
5.3093139370078735
21
-3.2574514960629921
0
LINE
8
BLACK
6
CONTINUOUS
10
5.3093139370078735
20
-3.2574514960629921
11
5.3093646062992121
21
-3.2574305511811024
0
LINE
8
BLACK
6
CONTINUOUS
10
5.3093646062992121
20
-3.2574305511811024
11
5.3095587401574802
21
-3.2574114173228348
0
LINE
8
BLACK
6
CONTINUOUS
10
5.3095587401574802
20
-3.2574114173228348
11
5.3097511023622044
21
-3.2573799212598424
0
LINE
8
BLACK
6
CONTINUOUS
10
5.3097511023622044
20
-3.2573799212598424
11
5.3098053937007874
21
-3.257387125984252
0
LINE
8
BLACK
6
CONTINUOUS
10
5.3098053937007874
20
-3.257387125984252
11
5.3099406692913389
21
-3.2573738188976376
0
LINE
8
BLACK
6
CONTINUOUS
10
5.3099406692913389
20
-3.2573738188976376
11
5.3155649606299216
21
-3.2573738188976376
0
LINE
8
BLACK
6
CONTINUOUS
10
5.3155649606299216
20
-3.2573738188976376
11
5.3160755511811022
21
-3.2574240944881887
0
LINE
8
BLACK
6
CONTINUOUS
10
5.3888160629921256
20
-3.257387125984252
11
5.3888703937007874
21
-3.2573799212598424
0
LINE
8
BLACK
6
CONTINUOUS
10
5.3888703937007874
20
-3.2573799212598424
11
5.3890627165354328
21
-3.2574114173228348
0
LINE
8
BLACK
6
CONTINUOUS
10
5.3890627165354328
20
-3.2574114173228348
11
5.3892568897637796
21
-3.2574305511811024
0
LINE
8
BLACK
6
CONTINUOUS
10
5.3892568897637796
20
-3.2574305511811024
11
5.3893075196850395
21
-3.2574514960629921
0
LINE
8
BLACK
6
CONTINUOUS
10
5.3893075196850395
20
-3.2574514960629921
11
5.3894416535433072
21
-3.2574735039370077
0
LINE
8
BLACK
6
CONTINUOUS
10
5.3894416535433072
20
-3.2574735039370077
11
5.3950659448818898
21
-3.258973307086614
0
LINE
8
BLACK
6
CONTINUOUS
10
5.3950659448818898
20
-3.258973307086614
11
5.3956079133858266
21
-3.2591765748031496
0
LINE
8
BLACK
6
CONTINUOUS
10
5.3956079133858266
20
-3.2591765748031496
11
5.3956333858267715
21
-3.2591960629921259
0
LINE
8
BLACK
6
CONTINUOUS
10
5.3956333858267715
20
-3.2591960629921259
11
5.3956644094488189
21
-3.2592050787401572
0
LINE
8
BLACK
6
CONTINUOUS
10
5.3956644094488189
20
-3.2592050787401572
11
5.3961496850393695
21
-3.2595206692913385
0
LINE
8
BLACK
6
CONTINUOUS
10
5.3961496850393695
20
-3.2595206692913385
11
5.3998992125984246
21
-3.2625202755905511
0
LINE
8
BLACK
6
CONTINUOUS
10
5.3998992125984246
20
-3.2625202755905511
11
5.4001438582677164
21
-3.262758897637795
0
LINE
8
BLACK
6
CONTINUOUS
10
5.4001438582677164
20
-3.262758897637795
11
5.4002051574803147
21
-3.2628025984251967
0
LINE
8
BLACK
6
CONTINUOUS
10
5.4002051574803147
20
-3.2628025984251967
11
5.4002550787401571
21
-3.2628673228346456
0
LINE
8
BLACK
6
CONTINUOUS
10
5.4002550787401571
20
-3.2628673228346456
11
5.4003136220472436
21
-3.2629244488188975
0
LINE
8
BLACK
6
CONTINUOUS
10
5.4003136220472436
20
-3.2629244488188975
11
5.4003498818897633
21
-3.2629903543307086
0
LINE
8
BLACK
6
CONTINUOUS
10
5.4003498818897633
20
-3.2629903543307086
11
5.4005585826771654
21
-3.263261023622047
0
LINE
8
BLACK
6
CONTINUOUS
10
5.4005585826771654
20
-3.263261023622047
11
5.4024333464566929
21
-3.2662606692913383
0
LINE
8
BLACK
6
CONTINUOUS
10
5.4024333464566929
20
-3.2662606692913383
11
5.4024887795275589
21
-3.266372440944882
0
LINE
8
BLACK
6
CONTINUOUS
10
5.4024887795275589
20
-3.266372440944882
11
5.402521771653543
21
-3.2664119685039368
0
LINE
8
BLACK
6
CONTINUOUS
10
5.402521771653543
20
-3.2664119685039368
11
5.4026006692913384
21
-3.2665980314960628
0
LINE
8
BLACK
6
CONTINUOUS
10
5.4026006692913384
20
-3.2665980314960628
11
5.4026905511811023
21
-3.2667792519685039
0
LINE
8
BLACK
6
CONTINUOUS
10
5.4026905511811023
20
-3.2667792519685039
11
5.4026990157480315
21
-3.2668300000000001
0
LINE
8
BLACK
6
CONTINUOUS
10
5.4026990157480315
20
-3.2668300000000001
11
5.4027477559055113
21
-3.2669448818897635
0
LINE
8
BLACK
6
CONTINUOUS
10
5.4027477559055113
20
-3.2669448818897635
11
5.4046225196850388
21
-3.2729441338582674
0
LINE
8
BLACK
6
CONTINUOUS
10
5.4046225196850388
20
-3.2729441338582674
11
5.4046712598425195
21
-3.2731790157480316
0
LINE
8
BLACK
6
CONTINUOUS
10
5.4046712598425195
20
-3.2731790157480316
11
5.4047001968503938
21
-3.2732488188976379
0
LINE
8
BLACK
6
CONTINUOUS
10
5.4047001968503938
20
-3.2732488188976379
11
5.4047131889763778
21
-3.2733808661417321
0
LINE
8
BLACK
6
CONTINUOUS
10
5.4047131889763778
20
-3.2733808661417321
11
5.4047401968503932
21
-3.2735109055118108
0
LINE
8
BLACK
6
CONTINUOUS
10
5.4047401968503932
20
-3.2735109055118108
11
5.4047333858267717
21
-3.2735861417322836
0
LINE
8
BLACK
6
CONTINUOUS
10
5.4047333858267717
20
-3.2735861417322836
11
5.4047569291338577
21
-3.2738248818897637
0
LINE
8
BLACK
6
CONTINUOUS
10
5.4047569291338577
20
-3.2738248818897637
11
5.4047569291338577
21
-3.2783243307086614
0
LINE
8
BLACK
6
CONTINUOUS
10
5.4047569291338577
20
-3.2783243307086614
11
5.4047333858267717
21
-3.2785630314960628
0
LINE
8
BLACK
6
CONTINUOUS
10
5.4047333858267717
20
-3.2785630314960628
11
5.4047401968503932
21
-3.2786383070866143
0
LINE
8
BLACK
6
CONTINUOUS
10
5.4047401968503932
20
-3.2786383070866143
11
5.4047131889763778
21
-3.2787683070866143
0
LINE
8
BLACK
6
CONTINUOUS
10
5.4047131889763778
20
-3.2787683070866143
11
5.4047001968503938
21
-3.2789003937007872
0
LINE
8
BLACK
6
CONTINUOUS
10
5.4047001968503938
20
-3.2789003937007872
11
5.4046712598425195
21
-3.2789701574803147
0
LINE
8
BLACK
6
CONTINUOUS
10
5.4046712598425195
20
-3.2789701574803147
11
5.4046225196850388
21
-3.2792050787401572
0
LINE
8
BLACK
6
CONTINUOUS
10
5.4046225196850388
20
-3.2792050787401572
11
5.4027477559055113
21
-3.2852043307086611
0
LINE
8
BLACK
6
CONTINUOUS
10
5.4027477559055113
20
-3.2852043307086611
11
5.4026990157480315
21
-3.2853191732283462
0
LINE
8
BLACK
6
CONTINUOUS
10
5.4026990157480315
20
-3.2853191732283462
11
5.4026905511811023
21
-3.2853699606299211
0
LINE
8
BLACK
6
CONTINUOUS
10
5.4026905511811023
20
-3.2853699606299211
11
5.4026006692913384
21
-3.2855511417322836
0
LINE
8
BLACK
6
CONTINUOUS
10
5.4026006692913384
20
-3.2855511417322836
11
5.402521771653543
21
-3.2857372440944883
0
LINE
8
BLACK
6
CONTINUOUS
10
5.402521771653543
20
-3.2857372440944883
11
5.4024887795275589
21
-3.2857767322834643
0
LINE
8
BLACK
6
CONTINUOUS
10
5.4024887795275589
20
-3.2857767322834643
11
5.4024333464566929
21
-3.2858885433070864
0
LINE
8
BLACK
6
CONTINUOUS
10
5.4024333464566929
20
-3.2858885433070864
11
5.4005585826771654
21
-3.2888881496062989
0
LINE
8
BLACK
6
CONTINUOUS
10
5.4005585826771654
20
-3.2888881496062989
11
5.400349921259842
21
-3.289158779527559
0
LINE
8
BLACK
6
CONTINUOUS
10
5.400349921259842
20
-3.289158779527559
11
5.4003136220472436
21
-3.2892247244094488
0
LINE
8
BLACK
6
CONTINUOUS
10
5.4003136220472436
20
-3.2892247244094488
11
5.4002550393700783
21
-3.2892818110236219
0
LINE
8
BLACK
6
CONTINUOUS
10
5.4002550393700783
20
-3.2892818110236219
11
5.4002051574803147
21
-3.2893465748031496
0
LINE
8
BLACK
6
CONTINUOUS
10
5.4002051574803147
20
-3.2893465748031496
11
5.4001439370078739
21
-3.2893901968503938
0
LINE
8
BLACK
6
CONTINUOUS
10
5.4001439370078739
20
-3.2893901968503938
11
5.3998992519685034
21
-3.2896288976377952
0
LINE
8
BLACK
6
CONTINUOUS
10
5.3998992519685034
20
-3.2896288976377952
11
5.3961496850393695
21
-3.2926285433070865
0
LINE
8
BLACK
6
CONTINUOUS
10
5.3961496850393695
20
-3.2926285433070865
11
5.3956644488188976
21
-3.2929440944881887
0
LINE
8
BLACK
6
CONTINUOUS
10
5.3956644488188976
20
-3.2929440944881887
11
5.395633464566929
21
-3.2929530314960629
0
LINE
8
BLACK
6
CONTINUOUS
10
5.395633464566929
20
-3.2929530314960629
11
5.3956079133858266
21
-3.2929726377952755
0
LINE
8
BLACK
6
CONTINUOUS
10
5.3956079133858266
20
-3.2929726377952755
11
5.3950659448818898
21
-3.2931759055118111
0
LINE
8
BLACK
6
CONTINUOUS
10
5.3950659448818898
20
-3.2931759055118111
11
5.3894416535433072
21
-3.2946757086614173
0
LINE
8
BLACK
6
CONTINUOUS
10
5.3894416535433072
20
-3.2946757086614173
11
5.3893075196850395
21
-3.2946976771653542
0
LINE
8
BLACK
6
CONTINUOUS
10
5.3893075196850395
20
-3.2946976771653542
11
5.3892568897637796
21
-3.2947186614173227
0
LINE
8
BLACK
6
CONTINUOUS
10
5.3892568897637796
20
-3.2947186614173227
11
5.3890627165354328
21
-3.2947377559055115
0
LINE
8
BLACK
6
CONTINUOUS
10
5.3890627165354328
20
-3.2947377559055115
11
5.3888703937007874
21
-3.2947692913385827
0
LINE
8
BLACK
6
CONTINUOUS
10
5.3888703937007874
20
-3.2947692913385827
11
5.3888160629921256
21
-3.2947620472440944
0
LINE
8
BLACK
6
CONTINUOUS
10
5.3888160629921256
20
-3.2947620472440944
11
5.3886808267716537
21
-3.2947753937007875
0
LINE
8
BLACK
6
CONTINUOUS
10
5.3886808267716537
20
-3.2947753937007875
11
5.3793070078740159
21
-3.2947753937007875
0
LINE
8
BLACK
6
CONTINUOUS
10
5.3793070078740159
20
-3.2947753937007875
11
5.3787309448818901
21
-3.2947186614173227
0
LINE
8
BLACK
6
CONTINUOUS
10
5.3787309448818901
20
-3.2947186614173227
11
5.3776665354330708
21
-3.2942777559055116
0
LINE
8
BLACK
6
CONTINUOUS
10
5.3776665354330708
20
-3.2942777559055116
11
5.3768518897637794
21
-3.2934631102362202
0
LINE
8
BLACK
6
CONTINUOUS
10
5.3768518897637794
20
-3.2934631102362202
11
5.3764109842519687
21
-3.2923987007874014
0
LINE
8
BLACK
6
CONTINUOUS
10
5.3764109842519687
20
-3.2923987007874014
11
5.3763542519685039
21
-3.2918226377952755
0
LINE
8
BLACK
6
CONTINUOUS
10
5.3763542519685039
20
-3.2918226377952755
11
5.3763542519685039
21
-3.2603265748031496
0
LINE
8
BLACK
6
CONTINUOUS
10
5.3763542519685039
20
-3.2603265748031496
11
5.3764109842519687
21
-3.2597505118110237
0
LINE
8
BLACK
6
CONTINUOUS
10
5.3764109842519687
20
-3.2597505118110237
11
5.3768518897637794
21
-3.2586861023622045
0
LINE
8
BLACK
6
CONTINUOUS
10
5.3768518897637794
20
-3.2586861023622045
11
5.3776665354330708
21
-3.2578714566929134
0
LINE
8
BLACK
6
CONTINUOUS
10
5.3776665354330708
20
-3.2578714566929134
11
5.3787309448818901
21
-3.2574305511811024
0
LINE
8
BLACK
6
CONTINUOUS
10
5.3787309448818901
20
-3.2574305511811024
11
5.3793070078740159
21
-3.2573738188976376
0
LINE
8
BLACK
6
CONTINUOUS
10
5.3793070078740159
20
-3.2573738188976376
11
5.3886808267716537
21
-3.2573738188976376
0
LINE
8
BLACK
6
CONTINUOUS
10
5.3886808267716537
20
-3.2573738188976376
11
5.3888160629921256
21
-3.257387125984252
0
LINE
8
BLACK
6
CONTINUOUS
10
5.3822597637795271
20
-3.2888698818897639
11
5.3882938188976377
21
-3.2888698818897639
0
LINE
8
BLACK
6
CONTINUOUS
10
5.3882938188976377
20
-3.2888698818897639
11
5.3929449606299213
21
-3.2876295669291338
0
LINE
8
BLACK
6
CONTINUOUS
10
5.3929449606299213
20
-3.2876295669291338
11
5.3958172440944878
21
-3.2853316929133856
0
LINE
8
BLACK
6
CONTINUOUS
10
5.3958172440944878
20
-3.2853316929133856
11
5.3972242519685034
21
-3.2830805118110233
0
LINE
8
BLACK
6
CONTINUOUS
10
5.3972242519685034
20
-3.2830805118110233
11
5.3988514173228346
21
-3.2778737007874015
0
LINE
8
BLACK
6
CONTINUOUS
10
5.3988514173228346
20
-3.2778737007874015
11
5.3988514173228346
21
-3.2742754724409449
0
LINE
8
BLACK
6
CONTINUOUS
10
5.3988514173228346
20
-3.2742754724409449
11
5.3972242519685034
21
-3.2690686614173226
0
LINE
8
BLACK
6
CONTINUOUS
10
5.3972242519685034
20
-3.2690686614173226
11
5.3958172440944878
21
-3.266817440944882
0
LINE
8
BLACK
6
CONTINUOUS
10
5.3958172440944878
20
-3.266817440944882
11
5.3929449606299213
21
-3.2645196062992126
0
LINE
8
BLACK
6
CONTINUOUS
10
5.3929449606299213
20
-3.2645196062992126
11
5.3882938188976377
21
-3.2632793307086612
0
LINE
8
BLACK
6
CONTINUOUS
10
5.3882938188976377
20
-3.2632793307086612
11
5.3822597637795271
21
-3.2632793307086612
0
LINE
8
BLACK
6
CONTINUOUS
10
5.3822597637795271
20
-3.2632793307086612
11
5.3822597637795271
21
-3.2888698818897639
0
LINE
8
BLACK
6
CONTINUOUS
10
5.4388444488188972
20
-3.2574305511811024
11
5.4389424409448814
21
-3.2574711417322835
0
LINE
8
BLACK
6
CONTINUOUS
10
5.4389424409448814
20
-3.2574711417322835
11
5.4390482677165357
21
-3.2574786614173226
0
LINE
8
BLACK
6
CONTINUOUS
10
5.4390482677165357
20
-3.2574786614173226
11
5.4395888976377949
21
-3.2576855511811025
0
LINE
8
BLACK
6
CONTINUOUS
10
5.4395888976377949
20
-3.2576855511811025
11
5.4425885039370074
21
-3.2591853543307088
0
LINE
8
BLACK
6
CONTINUOUS
10
5.4425885039370074
20
-3.2591853543307088
11
5.4430783858267713
21
-3.2594937007874014
0
LINE
8
BLACK
6
CONTINUOUS
10
5.4430783858267713
20
-3.2594937007874014
11
5.443833228346457
21
-3.2603640944881889
0
LINE
8
BLACK
6
CONTINUOUS
10
5.443833228346457
20
-3.2603640944881889
11
5.4441975590551177
21
-3.2614570472440945
0
LINE
8
BLACK
6
CONTINUOUS
10
5.4441975590551177
20
-3.2614570472440945
11
5.4441159055118105
21
-3.2626062598425194
0
LINE
8
BLACK
6
CONTINUOUS
10
5.4441159055118105
20
-3.2626062598425194
11
5.4436006692913388
21
-3.2636367716535433
0
LINE
8
BLACK
6
CONTINUOUS
10
5.4436006692913388
20
-3.2636367716535433
11
5.4427302755905513
21
-3.2643916141732281
0
LINE
8
BLACK
6
CONTINUOUS
10
5.4427302755905513
20
-3.2643916141732281
11
5.4416373228346453
21
-3.2647559448818897
0
LINE
8
BLACK
6
CONTINUOUS
10
5.4416373228346453
20
-3.2647559448818897
11
5.4404881102362204
21
-3.2646742913385824
0
LINE
8
BLACK
6
CONTINUOUS
10
5.4404881102362204
20
-3.2646742913385824
11
5.4399474803149603
21
-3.264467401574803
0
LINE
8
BLACK
6
CONTINUOUS
10
5.4399474803149603
20
-3.264467401574803
11
5.4375713385826767
21
-3.2632793307086612
0
LINE
8
BLACK
6
CONTINUOUS
10
5.4375713385826767
20
-3.2632793307086612
11
5.4342480708661416
21
-3.2632793307086612
0
LINE
8
BLACK
6
CONTINUOUS
10
5.4342480708661416
20
-3.2632793307086612
11
5.430864488188976
21
-3.2644071653543305
0
LINE
8
BLACK
6
CONTINUOUS
10
5.430864488188976
20
-3.2644071653543305
11
5.4286966141732282
21
-3.2665750393700788
0
LINE
8
BLACK
6
CONTINUOUS
10
5.4286966141732282
20
-3.2665750393700788
11
5.4275560629921262
21
-3.2688561417322832
0
LINE
8
BLACK
6
CONTINUOUS
10
5.4275560629921262
20
-3.2688561417322832
11
5.4262229921259841
21
-3.274188464566929
0
LINE
8
BLACK
6
CONTINUOUS
10
5.4262229921259841
20
-3.274188464566929
11
5.4262229921259841
21
-3.2779607086614173
0
LINE
8
BLACK
6
CONTINUOUS
10
5.4262229921259841
20
-3.2779607086614173
11
5.4275560629921262
21
-3.2832929921259844
0
LINE
8
BLACK
6
CONTINUOUS
10
5.4275560629921262
20
-3.2832929921259844
11
5.4286966141732282
21
-3.2855740944881888
0
LINE
8
BLACK
6
CONTINUOUS
10
5.4286966141732282
20
-3.2855740944881888
11
5.4308645275590548
21
-3.2877420472440946
0
LINE
8
BLACK
6
CONTINUOUS
10
5.4308645275590548
20
-3.2877420472440946
11
5.4342480708661416
21
-3.2888698818897639
0
LINE
8
BLACK
6
CONTINUOUS
10
5.4342480708661416
20
-3.2888698818897639
11
5.4362894488188971
21
-3.2888698818897639
0
LINE
8
BLACK
6
CONTINUOUS
10
5.4362894488188971
20
-3.2888698818897639
11
5.4396729527559051
21
-3.2877420472440946
0
LINE
8
BLACK
6
CONTINUOUS
10
5.4396729527559051
20
-3.2877420472440946
11
5.4398150787401578
21
-3.2875999212598424
0
LINE
8
BLACK
6
CONTINUOUS
10
5.4398150787401578
20
-3.2875999212598424
11
5.4398150787401578
21
-3.2812770866141729
0
LINE
8
BLACK
6
CONTINUOUS
10
5.4398150787401578
20
-3.2812770866141729
11
5.436768582677165
21
-3.2812770866141729
0
LINE
8
BLACK
6
CONTINUOUS
10
5.436768582677165
20
-3.2812770866141729
11
5.4361925196850391
21
-3.2812203543307086
0
LINE
8
BLACK
6
CONTINUOUS
10
5.4361925196850391
20
-3.2812203543307086
11
5.4351281102362208
21
-3.2807794488188975
0
LINE
8
BLACK
6
CONTINUOUS
10
5.4351281102362208
20
-3.2807794488188975
11
5.4343134645669293
21
-3.279964803149606
0
LINE
8
BLACK
6
CONTINUOUS
10
5.4343134645669293
20
-3.279964803149606
11
5.4338725590551178
21
-3.2789003937007872
0
LINE
8
BLACK
6
CONTINUOUS
10
5.4338725590551178
20
-3.2789003937007872
11
5.4338725590551178
21
-3.2777482677165355
0
LINE
8
BLACK
6
CONTINUOUS
10
5.4338725590551178
20
-3.2777482677165355
11
5.4343134645669293
21
-3.2766838582677162
0
LINE
8
BLACK
6
CONTINUOUS
10
5.4343134645669293
20
-3.2766838582677162
11
5.4351281102362208
21
-3.2758692125984252
0
LINE
8
BLACK
6
CONTINUOUS
10
5.4351281102362208
20
-3.2758692125984252
11
5.4361925196850391
21
-3.2754283070866141
0
LINE
8
BLACK
6
CONTINUOUS
10
5.4361925196850391
20
-3.2754283070866141
11
5.436768582677165
21
-3.2753715748031493
0
LINE
8
BLACK
6
CONTINUOUS
10
5.436768582677165
20
-3.2753715748031493
11
5.4427678346456689
21
-3.2753715748031493
0
LINE
8
BLACK
6
CONTINUOUS
10
5.4427678346456689
20
-3.2753715748031493
11
5.4433438976377948
21
-3.2754283070866141
0
LINE
8
BLACK
6
CONTINUOUS
10
5.4433438976377948
20
-3.2754283070866141
11
5.4444083070866141
21
-3.2758692125984252
0
LINE
8
BLACK
6
CONTINUOUS
10
5.4444083070866141
20
-3.2758692125984252
11
5.4452229527559055
21
-3.2766838582677162
0
LINE
8
BLACK
6
CONTINUOUS
10
5.4452229527559055
20
-3.2766838582677162
11
5.4456638582677162
21
-3.2777482677165355
0
LINE
8
BLACK
6
CONTINUOUS
10
5.4456638582677162
20
-3.2777482677165355
11
5.445720590551181
21
-3.2783243307086614
0
LINE
8
BLACK
6
CONTINUOUS
10
5.445720590551181
20
-3.2783243307086614
11
5.445720590551181
21
-3.2888229921259842
0
LINE
8
BLACK
6
CONTINUOUS
10
5.445720590551181
20
-3.2888229921259842
11
5.4456638582677162
21
-3.28939905511811
0
LINE
8
BLACK
6
CONTINUOUS
10
5.4456638582677162
20
-3.28939905511811
11
5.4456588582677163
21
-3.2894111023622048
0
LINE
8
BLACK
6
CONTINUOUS
10
5.4456588582677163
20
-3.2894111023622048
11
5.4452229921259843
21
-3.2904634645669288
0
LINE
8
BLACK
6
CONTINUOUS
10
5.4452229921259843
20
-3.2904634645669288
11
5.4448557480314959
21
-3.2909109055118111
0
LINE
8
BLACK
6
CONTINUOUS
10
5.4448557480314959
20
-3.2909109055118111
11
5.4433559055118108
21
-3.2924107480314961
0
LINE
8
BLACK
6
CONTINUOUS
10
5.4433559055118108
20
-3.2924107480314961
11
5.442908464566929
21
-3.2927779527559053
0
LINE
8
BLACK
6
CONTINUOUS
10
5.442908464566929
20
-3.2927779527559053
11
5.4428104724409447
21
-3.2928185039370077
0
LINE
8
BLACK
6
CONTINUOUS
10
5.4428104724409447
20
-3.2928185039370077
11
5.4427303149606301
21
-3.2928880708661414
0
LINE
8
BLACK
6
CONTINUOUS
10
5.4427303149606301
20
-3.2928880708661414
11
5.4422017322834648
21
-3.2931240551181102
0
LINE
8
BLACK
6
CONTINUOUS
10
5.4422017322834648
20
-3.2931240551181102
11
5.4377023228346459
21
-3.2946238582677165
0
LINE
8
BLACK
6
CONTINUOUS
10
5.4377023228346459
20
-3.2946238582677165
11
5.4374167322834648
21
-3.2946887795275588
0
LINE
8
BLACK
6
CONTINUOUS
10
5.4374167322834648
20
-3.2946887795275588
11
5.4373446456692909
21
-3.2947186614173227
0
LINE
8
BLACK
6
CONTINUOUS
10
5.4373446456692909
20
-3.2947186614173227
11
5.4372401181102363
21
-3.2947289370078741
0
LINE
8
BLACK
6
CONTINUOUS
10
5.4372401181102363
20
-3.2947289370078741
11
5.4371378740157477
21
-3.2947522047244093
0
LINE
8
BLACK
6
CONTINUOUS
10
5.4371378740157477
20
-3.2947522047244093
11
5.437060118110236
21
-3.294746653543307
0
LINE
8
BLACK
6
CONTINUOUS
10
5.437060118110236
20
-3.294746653543307
11
5.436768582677165
21
-3.2947753937007875
0
LINE
8
BLACK
6
CONTINUOUS
10
5.436768582677165
20
-3.2947753937007875
11
5.4337689370078737
21
-3.2947753937007875
0
LINE
8
BLACK
6
CONTINUOUS
10
5.4337689370078737
20
-3.2947753937007875
11
5.4334773622047239
21
-3.294746653543307
0
LINE
8
BLACK
6
CONTINUOUS
10
5.4334773622047239
20
-3.294746653543307
11
5.433399645669291
21
-3.2947522047244093
0
LINE
8
BLACK
6
CONTINUOUS
10
5.433399645669291
20
-3.2947522047244093
11
5.4332973622047245
21
-3.2947289370078741
0
LINE
8
BLACK
6
CONTINUOUS
10
5.4332973622047245
20
-3.2947289370078741
11
5.4331928740157478
21
-3.2947186614173227
0
LINE
8
BLACK
6
CONTINUOUS
10
5.4331928740157478
20
-3.2947186614173227
11
5.433120748031496
21
-3.2946887795275588
0
LINE
8
BLACK
6
CONTINUOUS
10
5.433120748031496
20
-3.2946887795275588
11
5.4328351968503936
21
-3.2946238582677165
0
LINE
8
BLACK
6
CONTINUOUS
10
5.4328351968503936
20
-3.2946238582677165
11
5.428335748031496
21
-3.2931240551181102
0
LINE
8
BLACK
6
CONTINUOUS
10
5.428335748031496
20
-3.2931240551181102
11
5.4278072047244095
21
-3.2928880708661414
0
LINE
8
BLACK
6
CONTINUOUS
10
5.4278072047244095
20
-3.2928880708661414
11
5.4277270472440939
21
-3.2928185433070865
0
LINE
8
BLACK
6
CONTINUOUS
10
5.4277270472440939
20
-3.2928185433070865
11
5.4276290157480318
21
-3.2927779527559053
0
LINE
8
BLACK
6
CONTINUOUS
10
5.4276290157480318
20
-3.2927779527559053
11
5.4271815748031491
21
-3.2924107480314961
0
LINE
8
BLACK
6
CONTINUOUS
10
5.4271815748031491
20
-3.2924107480314961
11
5.4241819685039365
21
-3.2894111023622048
0
LINE
8
BLACK
6
CONTINUOUS
10
5.4241819685039365
20
-3.2894111023622048
11
5.4239961811023623
21
-3.2891847244094485
0
LINE
8
BLACK
6
CONTINUOUS
10
5.4239961811023623
20
-3.2891847244094485
11
5.4239372047244094
21
-3.2891335826771653
0
LINE
8
BLACK
6
CONTINUOUS
10
5.4239372047244094
20
-3.2891335826771653
11
5.4238812204724409
21
-3.2890446456692914
0
LINE
8
BLACK
6
CONTINUOUS
10
5.4238812204724409
20
-3.2890446456692914
11
5.423814724409449
21
-3.2889636220472442
0
LINE
8
BLACK
6
CONTINUOUS
10
5.423814724409449
20
-3.2889636220472442
11
5.4237848818897634
21
-3.2888915748031495
0
LINE
8
BLACK
6
CONTINUOUS
10
5.4237848818897634
20
-3.2888915748031495
11
5.4236288582677163
21
-3.2886437007874014
0
LINE
8
BLACK
6
CONTINUOUS
10
5.4236288582677163
20
-3.2886437007874014
11
5.4221290551181101
21
-3.2856440944881888
0
LINE
8
BLACK
6
CONTINUOUS
10
5.4221290551181101
20
-3.2856440944881888
11
5.4221129133858268
21
-3.2856019685039368
0
LINE
8
BLACK
6
CONTINUOUS
10
5.4221129133858268
20
-3.2856019685039368
11
5.422100236220472
21
-3.2855848425196847
0
LINE
8
BLACK
6
CONTINUOUS
10
5.422100236220472
20
-3.2855848425196847
11
5.4220136614173224
21
-3.2853426377952757
0
LINE
8
BLACK
6
CONTINUOUS
10
5.4220136614173224
20
-3.2853426377952757
11
5.4219221653543306
21
-3.2851034645669293
0
LINE
8
BLACK
6
CONTINUOUS
10
5.4219221653543306
20
-3.2851034645669293
11
5.4219206299212601
21
-3.2850822440944882
0
LINE
8
BLACK
6
CONTINUOUS
10
5.4219206299212601
20
-3.2850822440944882
11
5.4219054724409448
21
-3.2850397637795274
0
LINE
8
BLACK
6
CONTINUOUS
10
5.4219054724409448
20
-3.2850397637795274
11
5.4204056299212597
21
-3.2790405118110235
0
LINE
8
BLACK
6
CONTINUOUS
10
5.4204056299212597
20
-3.2790405118110235
11
5.4203908267716532
21
-3.2789405511811025
0
LINE
8
BLACK
6
CONTINUOUS
10
5.4203908267716532
20
-3.2789405511811025
11
5.4203742125984249
21
-3.2789003937007872
0
LINE
8
BLACK
6
CONTINUOUS
10
5.4203742125984249
20
-3.2789003937007872
11
5.4203528346456693
21
-3.2786833858267714
0
LINE
8
BLACK
6
CONTINUOUS
10
5.4203528346456693
20
-3.2786833858267714
11
5.4203209842519682
21
-3.2784678740157478
0
LINE
8
BLACK
6
CONTINUOUS
10
5.4203209842519682
20
-3.2784678740157478
11
5.4203273622047243
21
-3.2784248425196849
0
LINE
8
BLACK
6
CONTINUOUS
10
5.4203273622047243
20
-3.2784248425196849
11
5.4203174803149601
21
-3.2783243307086614
0
LINE
8
BLACK
6
CONTINUOUS
10
5.4203174803149601
20
-3.2783243307086614
11
5.4203174803149601
21
-3.2738248818897637
0
LINE
8
BLACK
6
CONTINUOUS
10
5.4203174803149601
20
-3.2738248818897637
11
5.4203273622047243
21
-3.2737243307086614
0
LINE
8
BLACK
6
CONTINUOUS
10
5.4203273622047243
20
-3.2737243307086614
11
5.4203209842519682
21
-3.2736813385826773
0
LINE
8
BLACK
6
CONTINUOUS
10
5.4203209842519682
20
-3.2736813385826773
11
5.4203528346456693
21
-3.2734657874015749
0
LINE
8
BLACK
6
CONTINUOUS
10
5.4203528346456693
20
-3.2734657874015749
11
5.4203742125984249
21
-3.2732488188976379
0
LINE
8
BLACK
6
CONTINUOUS
10
5.4203742125984249
20
-3.2732488188976379
11
5.4203908267716532
21
-3.2732086220472438
0
LINE
8
BLACK
6
CONTINUOUS
10
5.4203908267716532
20
-3.2732086220472438
11
5.4204056299212597
21
-3.2731087007874016
0
LINE
8
BLACK
6
CONTINUOUS
10
5.4204056299212597
20
-3.2731087007874016
11
5.4219054724409448
21
-3.2671094488188976
0
LINE
8
BLACK
6
CONTINUOUS
10
5.4219054724409448
20
-3.2671094488188976
11
5.4219206299212601
21
-3.2670669291338581
0
LINE
8
BLACK
6
CONTINUOUS
10
5.4219206299212601
20
-3.2670669291338581
11
5.4219221653543306
21
-3.2670457480314958
0
LINE
8
BLACK
6
CONTINUOUS
10
5.4219221653543306
20
-3.2670457480314958
11
5.4220136614173224
21
-3.2668065354330706
0
LINE
8
BLACK
6
CONTINUOUS
10
5.4220136614173224
20
-3.2668065354330706
11
5.422100236220472
21
-3.2665643700787399
0
LINE
8
BLACK
6
CONTINUOUS
10
5.422100236220472
20
-3.2665643700787399
11
5.4221129133858268
21
-3.2665472047244095
0
LINE
8
BLACK
6
CONTINUOUS
10
5.4221129133858268
20
-3.2665472047244095
11
5.4221290551181101
21
-3.2665051181102362
0
LINE
8
BLACK
6
CONTINUOUS
10
5.4221290551181101
20
-3.2665051181102362
11
5.4236288582677163
21
-3.2635054724409449
0
LINE
8
BLACK
6
CONTINUOUS
10
5.4236288582677163
20
-3.2635054724409449
11
5.4237849212598421
21
-3.2632574409448818
0
LINE
8
BLACK
6
CONTINUOUS
10
5.4237849212598421
20
-3.2632574409448818
11
5.4238147637795278
21
-3.2631855118110233
0
LINE
8
BLACK
6
CONTINUOUS
10
5.4238147637795278
20
-3.2631855118110233
11
5.4238812204724409
21
-3.2631045275590549
0
LINE
8
BLACK
6
CONTINUOUS
10
5.4238812204724409
20
-3.2631045275590549
11
5.4239372047244094
21
-3.2630155905511811
0
LINE
8
BLACK
6
CONTINUOUS
10
5.4239372047244094
20
-3.2630155905511811
11
5.4239961811023623
21
-3.2629644094488186
0
LINE
8
BLACK
6
CONTINUOUS
10
5.4239961811023623
20
-3.2629644094488186
11
5.4241819685039365
21
-3.2627380708661415
0
LINE
8
BLACK
6
CONTINUOUS
10
5.4241819685039365
20
-3.2627380708661415
11
5.4271815748031491
21
-3.259738464566929
0
LINE
8
BLACK
6
CONTINUOUS
10
5.4271815748031491
20
-3.259738464566929
11
5.4276290157480318
21
-3.259371220472441
0
LINE
8
BLACK
6
CONTINUOUS
10
5.4276290157480318
20
-3.259371220472441
11
5.4277271259842514
21
-3.2593305511811024
0
LINE
8
BLACK
6
CONTINUOUS
10
5.4277271259842514
20
-3.2593305511811024
11
5.4278072047244095
21
-3.2592611417322832
0
LINE
8
BLACK
6
CONTINUOUS
10
5.4278072047244095
20
-3.2592611417322832
11
5.428335748031496
21
-3.2590251574803148
0
LINE
8
BLACK
6
CONTINUOUS
10
5.428335748031496
20
-3.2590251574803148
11
5.4328351968503936
21
-3.2575253543307086
0
LINE
8
BLACK
6
CONTINUOUS
10
5.4328351968503936
20
-3.2575253543307086
11
5.433120748031496
21
-3.2574603937007875
0
LINE
8
BLACK
6
CONTINUOUS
10
5.433120748031496
20
-3.2574603937007875
11
5.4331928740157478
21
-3.2574305511811024
0
LINE
8
BLACK
6
CONTINUOUS
10
5.4331928740157478
20
-3.2574305511811024
11
5.4332973622047245
21
-3.2574202362204723
0
LINE
8
BLACK
6
CONTINUOUS
10
5.4332973622047245
20
-3.2574202362204723
11
5.433399645669291
21
-3.2573970078740158
0
LINE
8
BLACK
6
CONTINUOUS
10
5.433399645669291
20
-3.2573970078740158
11
5.4334773622047239
21
-3.2574025196850394
0
LINE
8
BLACK
6
CONTINUOUS
10
5.4334773622047239
20
-3.2574025196850394
11
5.4337689370078737
21
-3.2573738188976376
0
LINE
8
BLACK
6
CONTINUOUS
10
5.4337689370078737
20
-3.2573738188976376
11
5.4382683858267713
21
-3.2573738188976376
0
LINE
8
BLACK
6
CONTINUOUS
10
5.4382683858267713
20
-3.2573738188976376
11
5.4388444488188972
21
-3.2574305511811024
0
LINE
8
BLACK
6
CONTINUOUS
10
5.4970525984251966
20
-3.2574025196850394
11
5.4971303543307082
21
-3.2573970078740158
0
LINE
8
BLACK
6
CONTINUOUS
10
5.4971303543307082
20
-3.2573970078740158
11
5.4972325984251968
21
-3.2574202362204723
0
LINE
8
BLACK
6
CONTINUOUS
10
5.4972325984251968
20
-3.2574202362204723
11
5.4973371259842523
21
-3.2574305511811024
0
LINE
8
BLACK
6
CONTINUOUS
10
5.4973371259842523
20
-3.2574305511811024
11
5.4974092125984253
21
-3.2574603937007875
0
LINE
8
BLACK
6
CONTINUOUS
10
5.4974092125984253
20
-3.2574603937007875
11
5.4976948031496065
21
-3.2575253543307086
0
LINE
8
BLACK
6
CONTINUOUS
10
5.4976948031496065
20
-3.2575253543307086
11
5.5021942519685041
21
-3.2590251574803148
0
LINE
8
BLACK
6
CONTINUOUS
10
5.5021942519685041
20
-3.2590251574803148
11
5.5027227952755906
21
-3.2592611417322832
0
LINE
8
BLACK
6
CONTINUOUS
10
5.5027227952755906
20
-3.2592611417322832
11
5.5028029133858265
21
-3.2593306299212599
0
LINE
8
BLACK
6
CONTINUOUS
10
5.5028029133858265
20
-3.2593306299212599
11
5.5029009842519683
21
-3.2593712598425197
0
LINE
8
BLACK
6
CONTINUOUS
10
5.5029009842519683
20
-3.2593712598425197
11
5.5033484251968501
21
-3.259738464566929
0
LINE
8
BLACK
6
CONTINUOUS
10
5.5033484251968501
20
-3.259738464566929
11
5.5063480314960627
21
-3.2627380708661415
0
LINE
8
BLACK
6
CONTINUOUS
10
5.5063480314960627
20
-3.2627380708661415
11
5.5065338582677166
21
-3.2629644488188974
0
LINE
8
BLACK
6
CONTINUOUS
10
5.5065338582677166
20
-3.2629644488188974
11
5.5065927952755906
21
-3.2630155905511811
0
LINE
8
BLACK
6
CONTINUOUS
10
5.5065927952755906
20
-3.2630155905511811
11
5.5066486614173229
21
-3.2631043307086611
0
LINE
8
BLACK
6
CONTINUOUS
10
5.5066486614173229
20
-3.2631043307086611
11
5.5067152755905511
21
-3.2631855118110233
0
LINE
8
BLACK
6
CONTINUOUS
10
5.5067152755905511
20
-3.2631855118110233
11
5.5067451181102358
21
-3.2632576377952756
0
LINE
8
BLACK
6
CONTINUOUS
10
5.5067451181102358
20
-3.2632576377952756
11
5.5069011417322837
21
-3.2635054724409449
0
LINE
8
BLACK
6
CONTINUOUS
10
5.5069011417322837
20
-3.2635054724409449
11
5.50840094488189
21
-3.2665051181102362
0
LINE
8
BLACK
6
CONTINUOUS
10
5.50840094488189
20
-3.2665051181102362
11
5.5084170472440945
21
-3.2665472047244095
0
LINE
8
BLACK
6
CONTINUOUS
10
5.5084170472440945
20
-3.2665472047244095
11
5.5084297637795272
21
-3.2665643700787399
0
LINE
8
BLACK
6
CONTINUOUS
10
5.5084297637795272
20
-3.2665643700787399
11
5.508516299212598
21
-3.2668065354330706
0
LINE
8
BLACK
6
CONTINUOUS
10
5.508516299212598
20
-3.2668065354330706
11
5.5086078346456695
21
-3.2670457480314958
0
LINE
8
BLACK
6
CONTINUOUS
10
5.5086078346456695
20
-3.2670457480314958
11
5.5086093307086612
21
-3.2670669291338581
0
LINE
8
BLACK
6
CONTINUOUS
10
5.5086093307086612
20
-3.2670669291338581
11
5.5086245275590553
21
-3.2671094488188976
0
LINE
8
BLACK
6
CONTINUOUS
10
5.5086245275590553
20
-3.2671094488188976
11
5.5101243700787403
21
-3.2731087401574803
0
LINE
8
BLACK
6
CONTINUOUS
10
5.5101243700787403
20
-3.2731087401574803
11
5.5101391338582673
21
-3.2732085826771651
0
LINE
8
BLACK
6
CONTINUOUS
10
5.5101391338582673
20
-3.2732085826771651
11
5.5101557874015743
21
-3.2732488188976379
0
LINE
8
BLACK
6
CONTINUOUS
10
5.5101557874015743
20
-3.2732488188976379
11
5.510177125984252
21
-3.2734658267716537
0
LINE
8
BLACK
6
CONTINUOUS
10
5.510177125984252
20
-3.2734658267716537
11
5.510209015748031
21
-3.2736813385826773
0
LINE
8
BLACK
6
CONTINUOUS
10
5.510209015748031
20
-3.2736813385826773
11
5.510202598425197
21
-3.2737243307086614
0
LINE
8
BLACK
6
CONTINUOUS
10
5.510202598425197
20
-3.2737243307086614
11
5.5102125196850391
21
-3.2738248818897637
0
LINE
8
BLACK
6
CONTINUOUS
10
5.5102125196850391
20
-3.2738248818897637
11
5.5102125196850391
21
-3.2783243307086614
0
LINE
8
BLACK
6
CONTINUOUS
10
5.5102125196850391
20
-3.2783243307086614
11
5.510202598425197
21
-3.2784248425196849
0
LINE
8
BLACK
6
CONTINUOUS
10
5.510202598425197
20
-3.2784248425196849
11
5.510209015748031
21
-3.2784678740157478
0
LINE
8
BLACK
6
CONTINUOUS
10
5.510209015748031
20
-3.2784678740157478
11
5.510177125984252
21
-3.2786833464566927
0
LINE
8
BLACK
6
CONTINUOUS
10
5.510177125984252
20
-3.2786833464566927
11
5.5101557874015743
21
-3.2789003937007872
0
LINE
8
BLACK
6
CONTINUOUS
10
5.5101557874015743
20
-3.2789003937007872
11
5.5101391338582673
21
-3.2789405905511808
0
LINE
8
BLACK
6
CONTINUOUS
10
5.5101391338582673
20
-3.2789405905511808
11
5.5101243700787403
21
-3.2790404724409448
0
LINE
8
BLACK
6
CONTINUOUS
10
5.5101243700787403
20
-3.2790404724409448
11
5.5086245275590553
21
-3.2850397637795274
0
LINE
8
BLACK
6
CONTINUOUS
10
5.5086245275590553
20
-3.2850397637795274
11
5.5086093307086612
21
-3.2850822440944882
0
LINE
8
BLACK
6
CONTINUOUS
10
5.5086093307086612
20
-3.2850822440944882
11
5.5086078346456695
21
-3.2851034645669293
0
LINE
8
BLACK
6
CONTINUOUS
10
5.5086078346456695
20
-3.2851034645669293
11
5.508516299212598
21
-3.2853426377952757
0
LINE
8
BLACK
6
CONTINUOUS
10
5.508516299212598
20
-3.2853426377952757
11
5.5084297637795272
21
-3.2855848425196847
0
LINE
8
BLACK
6
CONTINUOUS
10
5.5084297637795272
20
-3.2855848425196847
11
5.5084170472440945
21
-3.2856019685039368
0
LINE
8
BLACK
6
CONTINUOUS
10
5.5084170472440945
20
-3.2856019685039368
11
5.50840094488189
21
-3.2856440944881888
0
LINE
8
BLACK
6
CONTINUOUS
10
5.50840094488189
20
-3.2856440944881888
11
5.5069011417322837
21
-3.2886437007874014
0
LINE
8
BLACK
6
CONTINUOUS
10
5.5069011417322837
20
-3.2886437007874014
11
5.5067450787401571
21
-3.2888915748031495
0
LINE
8
BLACK
6
CONTINUOUS
10
5.5067450787401571
20
-3.2888915748031495
11
5.5067152755905511
21
-3.2889636220472442
0
LINE
8
BLACK
6
CONTINUOUS
10
5.5067152755905511
20
-3.2889636220472442
11
5.5066487401574804
21
-3.2890446456692914
0
LINE
8
BLACK
6
CONTINUOUS
10
5.5066487401574804
20
-3.2890446456692914
11
5.5065927952755906
21
-3.2891335826771653
0
LINE
8
BLACK
6
CONTINUOUS
10
5.5065927952755906
20
-3.2891335826771653
11
5.5065337795275591
21
-3.2891847244094485
0
LINE
8
BLACK
6
CONTINUOUS
10
5.5065337795275591
20
-3.2891847244094485
11
5.5063480708661414
21
-3.289411062992126
0
LINE
8
BLACK
6
CONTINUOUS
10
5.5063480708661414
20
-3.289411062992126
11
5.5033484251968501
21
-3.2924107480314961
0
LINE
8
BLACK
6
CONTINUOUS
10
5.5033484251968501
20
-3.2924107480314961
11
5.5029009842519683
21
-3.2927779527559053
0
LINE
8
BLACK
6
CONTINUOUS
10
5.5029009842519683
20
-3.2927779527559053
11
5.5028029133858265
21
-3.2928185433070865
0
LINE
8
BLACK
6
CONTINUOUS
10
5.5028029133858265
20
-3.2928185433070865
11
5.5027227952755906
21
-3.2928880708661414
0
LINE
8
BLACK
6
CONTINUOUS
10
5.5027227952755906
20
-3.2928880708661414
11
5.5021942519685041
21
-3.2931240551181102
0
LINE
8
BLACK
6
CONTINUOUS
10
5.5021942519685041
20
-3.2931240551181102
11
5.4976948031496065
21
-3.2946238582677165
0
LINE
8
BLACK
6
CONTINUOUS
10
5.4976948031496065
20
-3.2946238582677165
11
5.4974092125984253
21
-3.2946887795275588
0
LINE
8
BLACK
6
CONTINUOUS
10
5.4974092125984253
20
-3.2946887795275588
11
5.4973371259842523
21
-3.2947186614173227
0
LINE
8
BLACK
6
CONTINUOUS
10
5.4973371259842523
20
-3.2947186614173227
11
5.4972325984251968
21
-3.2947289370078741
0
LINE
8
BLACK
6
CONTINUOUS
10
5.4972325984251968
20
-3.2947289370078741
11
5.4971303543307082
21
-3.2947522047244093
0
LINE
8
BLACK
6
CONTINUOUS
10
5.4971303543307082
20
-3.2947522047244093
11
5.4970525984251966
21
-3.294746653543307
0
LINE
8
BLACK
6
CONTINUOUS
10
5.4970525984251966
20
-3.294746653543307
11
5.4967610629921255
21
-3.2947753937007875
0
LINE
8
BLACK
6
CONTINUOUS
10
5.4967610629921255
20
-3.2947753937007875
11
5.4892620078740153
21
-3.2947753937007875
0
LINE
8
BLACK
6
CONTINUOUS
10
5.4892620078740153
20
-3.2947753937007875
11
5.4886859448818894
21
-3.2947186614173227
0
LINE
8
BLACK
6
CONTINUOUS
10
5.4886859448818894
20
-3.2947186614173227
11
5.4876215354330711
21
-3.2942777559055116
0
LINE
8
BLACK
6
CONTINUOUS
10
5.4876215354330711
20
-3.2942777559055116
11
5.4868068897637796
21
-3.2934631102362202
0
LINE
8
BLACK
6
CONTINUOUS
10
5.4868068897637796
20
-3.2934631102362202
11
5.4863659842519681
21
-3.2923987007874014
0
LINE
8
BLACK
6
CONTINUOUS
10
5.4863659842519681
20
-3.2923987007874014
11
5.4863092519685042
21
-3.2918226377952755
0
LINE
8
BLACK
6
CONTINUOUS
10
5.4863092519685042
20
-3.2918226377952755
11
5.4863092519685042
21
-3.2603265748031496
0
LINE
8
BLACK
6
CONTINUOUS
10
5.4863092519685042
20
-3.2603265748031496
11
5.4863659842519681
21
-3.2597505118110237
0
LINE
8
BLACK
6
CONTINUOUS
10
5.4863659842519681
20
-3.2597505118110237
11
5.4868068897637796
21
-3.2586861023622045
0
LINE
8
BLACK
6
CONTINUOUS
10
5.4868068897637796
20
-3.2586861023622045
11
5.4876215354330711
21
-3.2578714566929134
0
LINE
8
BLACK
6
CONTINUOUS
10
5.4876215354330711
20
-3.2578714566929134
11
5.4886859448818894
21
-3.2574305511811024
0
LINE
8
BLACK
6
CONTINUOUS
10
5.4886859448818894
20
-3.2574305511811024
11
5.4892620078740153
21
-3.2573738188976376
0
LINE
8
BLACK
6
CONTINUOUS
10
5.4892620078740153
20
-3.2573738188976376
11
5.4967610629921255
21
-3.2573738188976376
0
LINE
8
BLACK
6
CONTINUOUS
10
5.4967610629921255
20
-3.2573738188976376
11
5.4970525984251966
21
-3.2574025196850394
0
LINE
8
BLACK
6
CONTINUOUS
10
5.4922147637795273
20
-3.2888698818897639
11
5.4962819291338585
21
-3.2888698818897639
0
LINE
8
BLACK
6
CONTINUOUS
10
5.4962819291338585
20
-3.2888698818897639
11
5.4996654330708656
21
-3.2877420472440946
0
LINE
8
BLACK
6
CONTINUOUS
10
5.4996654330708656
20
-3.2877420472440946
11
5.5018333464566931
21
-3.2855740944881888
0
LINE
8
BLACK
6
CONTINUOUS
10
5.5018333464566931
20
-3.2855740944881888
11
5.5029738976377951
21
-3.2832930314960631
0
LINE
8
BLACK
6
CONTINUOUS
10
5.5029738976377951
20
-3.2832930314960631
11
5.5043070078740159
21
-3.2779607086614173
0
LINE
8
BLACK
6
CONTINUOUS
10
5.5043070078740159
20
-3.2779607086614173
11
5.5043070078740159
21
-3.274188464566929
0
LINE
8
BLACK
6
CONTINUOUS
10
5.5043070078740159
20
-3.274188464566929
11
5.5029738976377951
21
-3.2688561023622045
0
LINE
8
BLACK
6
CONTINUOUS
10
5.5029738976377951
20
-3.2688561023622045
11
5.5018333464566931
21
-3.2665750393700788
0
LINE
8
BLACK
6
CONTINUOUS
10
5.5018333464566931
20
-3.2665750393700788
11
5.4996654724409444
21
-3.2644071653543305
0
LINE
8
BLACK
6
CONTINUOUS
10
5.4996654724409444
20
-3.2644071653543305
11
5.4962819291338585
21
-3.2632793307086612
0
LINE
8
BLACK
6
CONTINUOUS
10
5.4962819291338585
20
-3.2632793307086612
11
5.4922147637795273
21
-3.2632793307086612
0
LINE
8
BLACK
6
CONTINUOUS
10
5.4922147637795273
20
-3.2632793307086612
11
5.4922147637795273
21
-3.2888698818897639
0
LINE
8
BLACK
6
CONTINUOUS
10
5.3383017716535432
20
-3.2574305511811024
11
5.3386382283464568
21
-3.2574305511811024
0
LINE
8
BLACK
6
CONTINUOUS
10
5.3386382283464568
20
-3.2574305511811024
11
5.3388646850393702
21
-3.2575243307086614
0
LINE
8
BLACK
6
CONTINUOUS
10
5.3388646850393702
20
-3.2575243307086614
11
5.3391064566929129
21
-3.2575646456692913
0
LINE
8
BLACK
6
CONTINUOUS
10
5.3391064566929129
20
-3.2575646456692913
11
5.3393918897637791
21
-3.2577427165354331
0
LINE
8
BLACK
6
CONTINUOUS
10
5.3393918897637791
20
-3.2577427165354331
11
5.3397026377952752
21
-3.2578714566929134
0
LINE
8
BLACK
6
CONTINUOUS
10
5.3397026377952752
20
-3.2578714566929134
11
5.3398759055118106
21
-3.2580447244094488
0
LINE
8
BLACK
6
CONTINUOUS
10
5.3398759055118106
20
-3.2580447244094488
11
5.3400839370078739
21
-3.258174527559055
0
LINE
8
BLACK
6
CONTINUOUS
10
5.3400839370078739
20
-3.258174527559055
11
5.3404649212598425
21
-3.25861031496063
0
LINE
8
BLACK
6
CONTINUOUS
10
5.3404649212598425
20
-3.25861031496063
11
5.3576065748031496
21
-3.2826086614173229
0
LINE
8
BLACK
6
CONTINUOUS
10
5.3576065748031496
20
-3.2826086614173229
11
5.3576065748031496
21
-3.2603265748031496
0
LINE
8
BLACK
6
CONTINUOUS
10
5.3576065748031496
20
-3.2603265748031496
11
5.3576633070866144
21
-3.2597505118110237
0
LINE
8
BLACK
6
CONTINUOUS
10
5.3576633070866144
20
-3.2597505118110237
11
5.3581042125984251
21
-3.2586861023622045
0
LINE
8
BLACK
6
CONTINUOUS
10
5.3581042125984251
20
-3.2586861023622045
11
5.3589188582677165
21
-3.2578714566929134
0
LINE
8
BLACK
6
CONTINUOUS
10
5.3589188582677165
20
-3.2578714566929134
11
5.3599832677165349
21
-3.2574305511811024
0
LINE
8
BLACK
6
CONTINUOUS
10
5.3599832677165349
20
-3.2574305511811024
11
5.3611353937007875
21
-3.2574305511811024
0
LINE
8
BLACK
6
CONTINUOUS
10
5.3611353937007875
20
-3.2574305511811024
11
5.3621998031496059
21
-3.2578714566929134
0
LINE
8
BLACK
6
CONTINUOUS
10
5.3621998031496059
20
-3.2578714566929134
11
5.3630144488188973
21
-3.2586861023622045
0
LINE
8
BLACK
6
CONTINUOUS
10
5.3630144488188973
20
-3.2586861023622045
11
5.3634553543307089
21
-3.2597505118110237
0
LINE
8
BLACK
6
CONTINUOUS
10
5.3634553543307089
20
-3.2597505118110237
11
5.3635120866141728
21
-3.2603265748031496
0
LINE
8
BLACK
6
CONTINUOUS
10
5.3635120866141728
20
-3.2603265748031496
11
5.3635120866141728
21
-3.2918226377952755
0
LINE
8
BLACK
6
CONTINUOUS
10
5.3635120866141728
20
-3.2918226377952755
11
5.3634553543307089
21
-3.2923987007874014
0
LINE
8
BLACK
6
CONTINUOUS
10
5.3634553543307089
20
-3.2923987007874014
11
5.3633615354330706
21
-3.2926250787401572
0
LINE
8
BLACK
6
CONTINUOUS
10
5.3633615354330706
20
-3.2926250787401572
11
5.36332125984252
21
-3.2928669685039371
0
LINE
8
BLACK
6
CONTINUOUS
10
5.36332125984252
20
-3.2928669685039371
11
5.3631431102362201
21
-3.293152440944882
0
LINE
8
BLACK
6
CONTINUOUS
10
5.3631431102362201
20
-3.293152440944882
11
5.3630144488188973
21
-3.2934631102362202
0
LINE
8
BLACK
6
CONTINUOUS
10
5.3630144488188973
20
-3.2934631102362202
11
5.3628411417322832
21
-3.293636377952756
0
LINE
8
BLACK
6
CONTINUOUS
10
5.3628411417322832
20
-3.293636377952756
11
5.3627113779527562
21
-3.2938444094488188
0
LINE
8
BLACK
6
CONTINUOUS
10
5.3627113779527562
20
-3.2938444094488188
11
5.3624375590551177
21
-3.2940399606299211
0
LINE
8
BLACK
6
CONTINUOUS
10
5.3624375590551177
20
-3.2940399606299211
11
5.3621998031496059
21
-3.2942777559055116
0
LINE
8
BLACK
6
CONTINUOUS
10
5.3621998031496059
20
-3.2942777559055116
11
5.3619733464566925
21
-3.2943715354330707
0
LINE
8
BLACK
6
CONTINUOUS
10
5.3619733464566925
20
-3.2943715354330707
11
5.3617738582677168
21
-3.29451405511811
0
LINE
8
BLACK
6
CONTINUOUS
10
5.3617738582677168
20
-3.29451405511811
11
5.3614461023622049
21
-3.2945899212598424
0
LINE
8
BLACK
6
CONTINUOUS
10
5.3614461023622049
20
-3.2945899212598424
11
5.3611353937007875
21
-3.2947186614173227
0
LINE
8
BLACK
6
CONTINUOUS
10
5.3611353937007875
20
-3.2947186614173227
11
5.3608903149606295
21
-3.2947186614173227
0
LINE
8
BLACK
6
CONTINUOUS
10
5.3608903149606295
20
-3.2947186614173227
11
5.3606514566929135
21
-3.2947739763779529
0
LINE
8
BLACK
6
CONTINUOUS
10
5.3606514566929135
20
-3.2947739763779529
11
5.3603195669291335
21
-3.2947186614173227
0
LINE
8
BLACK
6
CONTINUOUS
10
5.3603195669291335
20
-3.2947186614173227
11
5.3599832677165349
21
-3.2947186614173227
0
LINE
8
BLACK
6
CONTINUOUS
10
5.3599832677165349
20
-3.2947186614173227
11
5.3597568110236216
21
-3.2946248425196849
0
LINE
8
BLACK
6
CONTINUOUS
10
5.3597568110236216
20
-3.2946248425196849
11
5.3595150393700788
21
-3.2945845669291338
0
LINE
8
BLACK
6
CONTINUOUS
10
5.3595150393700788
20
-3.2945845669291338
11
5.3592295669291339
21
-3.2944064566929132
0
LINE
8
BLACK
6
CONTINUOUS
10
5.3592295669291339
20
-3.2944064566929132
11
5.3589188582677165
21
-3.2942777559055116
0
LINE
8
BLACK
6
CONTINUOUS
10
5.3589188582677165
20
-3.2942777559055116
11
5.3587455511811024
21
-3.2941044488188975
0
LINE
8
BLACK
6
CONTINUOUS
10
5.3587455511811024
20
-3.2941044488188975
11
5.3585375590551179
21
-3.2939746850393701
0
LINE
8
BLACK
6
CONTINUOUS
10
5.3585375590551179
20
-3.2939746850393701
11
5.3581565748031492
21
-3.2935388976377951
0
LINE
8
BLACK
6
CONTINUOUS
10
5.3581565748031492
20
-3.2935388976377951
11
5.3410149212598421
21
-3.2695405511811022
0
LINE
8
BLACK
6
CONTINUOUS
10
5.3410149212598421
20
-3.2695405511811022
11
5.3410149212598421
21
-3.2918226377952755
0
LINE
8
BLACK
6
CONTINUOUS
10
5.3410149212598421
20
-3.2918226377952755
11
5.3409581889763782
21
-3.2923987007874014
0
LINE
8
BLACK
6
CONTINUOUS
10
5.3409581889763782
20
-3.2923987007874014
11
5.3405172834645667
21
-3.2934631102362202
0
LINE
8
BLACK
6
CONTINUOUS
10
5.3405172834645667
20
-3.2934631102362202
11
5.3397026377952752
21
-3.2942777559055116
0
LINE
8
BLACK
6
CONTINUOUS
10
5.3397026377952752
20
-3.2942777559055116
11
5.3386382283464568
21
-3.2947186614173227
0
LINE
8
BLACK
6
CONTINUOUS
10
5.3386382283464568
20
-3.2947186614173227
11
5.3374861023622042
21
-3.2947186614173227
0
LINE
8
BLACK
6
CONTINUOUS
10
5.3374861023622042
20
-3.2947186614173227
11
5.3364216929133859
21
-3.2942777559055116
0
LINE
8
BLACK
6
CONTINUOUS
10
5.3364216929133859
20
-3.2942777559055116
11
5.3356070472440944
21
-3.2934631102362202
0
LINE
8
BLACK
6
CONTINUOUS
10
5.3356070472440944
20
-3.2934631102362202
11
5.3351661417322838
21
-3.2923987007874014
0
LINE
8
BLACK
6
CONTINUOUS
10
5.3351661417322838
20
-3.2923987007874014
11
5.335109409448819
21
-3.2918226377952755
0
LINE
8
BLACK
6
CONTINUOUS
10
5.335109409448819
20
-3.2918226377952755
11
5.335109409448819
21
-3.2603265748031496
0
LINE
8
BLACK
6
CONTINUOUS
10
5.335109409448819
20
-3.2603265748031496
11
5.3351661417322838
21
-3.2597505118110237
0
LINE
8
BLACK
6
CONTINUOUS
10
5.3351661417322838
20
-3.2597505118110237
11
5.3352599212598424
21
-3.2595240157480316
0
LINE
8
BLACK
6
CONTINUOUS
10
5.3352599212598424
20
-3.2595240157480316
11
5.3353002362204727
21
-3.2592822834645667
0
LINE
8
BLACK
6
CONTINUOUS
10
5.3353002362204727
20
-3.2592822834645667
11
5.3354783070866141
21
-3.2589968110236218
0
LINE
8
BLACK
6
CONTINUOUS
10
5.3354783070866141
20
-3.2589968110236218
11
5.3356070472440944
21
-3.2586861023622045
0
LINE
8
BLACK
6
CONTINUOUS
10
5.3356070472440944
20
-3.2586861023622045
11
5.3357803149606298
21
-3.2585127952755903
0
LINE
8
BLACK
6
CONTINUOUS
10
5.3357803149606298
20
-3.2585127952755903
11
5.3359101181102364
21
-3.2583048031496062
0
LINE
8
BLACK
6
CONTINUOUS
10
5.3359101181102364
20
-3.2583048031496062
11
5.3361838976377953
21
-3.2581092125984252
0
LINE
8
BLACK
6
CONTINUOUS
10
5.3361838976377953
20
-3.2581092125984252
11
5.3364216929133859
21
-3.2578714566929134
0
LINE
8
BLACK
6
CONTINUOUS
10
5.3364216929133859
20
-3.2578714566929134
11
5.3366481102362204
21
-3.2577776377952756
0
LINE
8
BLACK
6
CONTINUOUS
10
5.3366481102362204
20
-3.2577776377952756
11
5.3368476377952758
21
-3.2576351574803151
0
LINE
8
BLACK
6
CONTINUOUS
10
5.3368476377952758
20
-3.2576351574803151
11
5.3371752755905515
21
-3.2575592913385827
0
LINE
8
BLACK
6
CONTINUOUS
10
5.3371752755905515
20
-3.2575592913385827
11
5.3374861023622042
21
-3.2574305511811024
0
LINE
8
BLACK
6
CONTINUOUS
10
5.3374861023622042
20
-3.2574305511811024
11
5.3377313385826772
21
-3.2574305511811024
0
LINE
8
BLACK
6
CONTINUOUS
10
5.3377313385826772
20
-3.2574305511811024
11
5.3379700787401569
21
-3.257375275590551
0
LINE
8
BLACK
6
CONTINUOUS
10
5.3379700787401569
20
-3.257375275590551
11
5.3383017716535432
21
-3.2574305511811024
0
LINE
8
BLACK
6
CONTINUOUS
10
5.4566539763779529
20
-3.2574305511811024
11
5.456842204724409
21
-3.2574305511811024
0
LINE
8
BLACK
6
CONTINUOUS
10
5.456842204724409
20
-3.2574305511811024
11
5.4572050000000001
21
-3.2575808267716533
0
LINE
8
BLACK
6
CONTINUOUS
10
5.4572050000000001
20
-3.2575808267716533
11
5.4575838976377948
21
-3.2576841732283466
0
LINE
8
BLACK
6
CONTINUOUS
10
5.4575838976377948
20
-3.2576841732283466
11
5.4577327165354328
21
-3.2577994094488187
0
LINE
8
BLACK
6
CONTINUOUS
10
5.4577327165354328
20
-3.2577994094488187
11
5.4579066141732282
21
-3.2578714566929134
0
LINE
8
BLACK
6
CONTINUOUS
10
5.4579066141732282
20
-3.2578714566929134
11
5.4581841732283465
21
-3.2581490157480313
0
LINE
8
BLACK
6
CONTINUOUS
10
5.4581841732283465
20
-3.2581490157480313
11
5.4584948031496063
21
-3.2583895669291336
0
LINE
8
BLACK
6
CONTINUOUS
10
5.4584948031496063
20
-3.2583895669291336
11
5.4586661417322837
21
-3.2586309842519685
0
LINE
8
BLACK
6
CONTINUOUS
10
5.4586661417322837
20
-3.2586309842519685
11
5.4587212598425197
21
-3.2586861023622045
0
LINE
8
BLACK
6
CONTINUOUS
10
5.4587212598425197
20
-3.2586861023622045
11
5.4587436614173228
21
-3.2587401968503937
0
LINE
8
BLACK
6
CONTINUOUS
10
5.4587436614173228
20
-3.2587401968503937
11
5.4588298425196848
21
-3.2588616141732283
0
LINE
8
BLACK
6
CONTINUOUS
10
5.4588298425196848
20
-3.2588616141732283
11
5.4713111417322837
21
-3.2807038582677164
0
LINE
8
BLACK
6
CONTINUOUS
10
5.4713111417322837
20
-3.2807038582677164
11
5.4713111417322837
21
-3.2603265748031496
0
LINE
8
BLACK
6
CONTINUOUS
10
5.4713111417322837
20
-3.2603265748031496
11
5.4713678740157476
21
-3.2597505118110237
0
LINE
8
BLACK
6
CONTINUOUS
10
5.4713678740157476
20
-3.2597505118110237
11
5.4718087795275592
21
-3.2586861023622045
0
LINE
8
BLACK
6
CONTINUOUS
10
5.4718087795275592
20
-3.2586861023622045
11
5.4726234251968506
21
-3.2578714566929134
0
LINE
8
BLACK
6
CONTINUOUS
10
5.4726234251968506
20
-3.2578714566929134
11
5.473687834645669
21
-3.2574305511811024
0
LINE
8
BLACK
6
CONTINUOUS
10
5.473687834645669
20
-3.2574305511811024
11
5.4748399606299207
21
-3.2574305511811024
0
LINE
8
BLACK
6
CONTINUOUS
10
5.4748399606299207
20
-3.2574305511811024
11
5.47590437007874
21
-3.2578714566929134
0
LINE
8
BLACK
6
CONTINUOUS
10
5.47590437007874
20
-3.2578714566929134
11
5.4767190157480314
21
-3.2586861023622045
0
LINE
8
BLACK
6
CONTINUOUS
10
5.4767190157480314
20
-3.2586861023622045
11
5.4771599212598421
21
-3.2597505118110237
0
LINE
8
BLACK
6
CONTINUOUS
10
5.4771599212598421
20
-3.2597505118110237
11
5.4772166535433069
21
-3.2603265748031496
0
LINE
8
BLACK
6
CONTINUOUS
10
5.4772166535433069
20
-3.2603265748031496
11
5.4772166535433069
21
-3.2918226377952755
0
LINE
8
BLACK
6
CONTINUOUS
10
5.4772166535433069
20
-3.2918226377952755
11
5.4772020472440941
21
-3.2919707874015747
0
LINE
8
BLACK
6
CONTINUOUS
10
5.4772020472440941
20
-3.2919707874015747
11
5.4772094488188978
21
-3.2920288976377954
0
LINE
8
BLACK
6
CONTINUOUS
10
5.4772094488188978
20
-3.2920288976377954
11
5.4771888976377952
21
-3.292104094488189
0
LINE
8
BLACK
6
CONTINUOUS
10
5.4771888976377952
20
-3.292104094488189
11
5.4771599212598421
21
-3.2923987007874014
0
LINE
8
BLACK
6
CONTINUOUS
10
5.4771599212598421
20
-3.2923987007874014
11
5.4770096062992124
21
-3.2927614960629921
0
LINE
8
BLACK
6
CONTINUOUS
10
5.4770096062992124
20
-3.2927614960629921
11
5.4769062992125983
21
-3.2931403937007873
0
LINE
8
BLACK
6
CONTINUOUS
10
5.4769062992125983
20
-3.2931403937007873
11
5.4767910236220469
21
-3.2932892125984252
0
LINE
8
BLACK
6
CONTINUOUS
10
5.4767910236220469
20
-3.2932892125984252
11
5.4767190157480314
21
-3.2934631102362202
0
LINE
8
BLACK
6
CONTINUOUS
10
5.4767190157480314
20
-3.2934631102362202
11
5.4764414173228344
21
-3.2937406692913385
0
LINE
8
BLACK
6
CONTINUOUS
10
5.4764414173228344
20
-3.2937406692913385
11
5.4762009055118108
21
-3.2940512992125983
0
LINE
8
BLACK
6
CONTINUOUS
10
5.4762009055118108
20
-3.2940512992125983
11
5.4760373622047247
21
-3.2941447244094486
0
LINE
8
BLACK
6
CONTINUOUS
10
5.4760373622047247
20
-3.2941447244094486
11
5.47590437007874
21
-3.2942777559055116
0
LINE
8
BLACK
6
CONTINUOUS
10
5.47590437007874
20
-3.2942777559055116
11
5.4755416535433072
21
-3.2944279921259843
0
LINE
8
BLACK
6
CONTINUOUS
10
5.4755416535433072
20
-3.2944279921259843
11
5.4752005511811026
21
-3.2946229133858269
0
LINE
8
BLACK
6
CONTINUOUS
10
5.4752005511811026
20
-3.2946229133858269
11
5.4750137795275586
21
-3.2946466141732285
0
LINE
8
BLACK
6
CONTINUOUS
10
5.4750137795275586
20
-3.2946466141732285
11
5.4748399606299207
21
-3.2947186614173227
0
LINE
8
BLACK
6
CONTINUOUS
10
5.4748399606299207
20
-3.2947186614173227
11
5.474447283464567
21
-3.2947186614173227
0
LINE
8
BLACK
6
CONTINUOUS
10
5.474447283464567
20
-3.2947186614173227
11
5.4740576377952754
21
-3.294768188976378
0
LINE
8
BLACK
6
CONTINUOUS
10
5.4740576377952754
20
-3.294768188976378
11
5.4738760629921259
21
-3.2947186614173227
0
LINE
8
BLACK
6
CONTINUOUS
10
5.4738760629921259
20
-3.2947186614173227
11
5.473687834645669
21
-3.2947186614173227
0
LINE
8
BLACK
6
CONTINUOUS
10
5.473687834645669
20
-3.2947186614173227
11
5.4733249606299212
21
-3.2945683464566931
0
LINE
8
BLACK
6
CONTINUOUS
10
5.4733249606299212
20
-3.2945683464566931
11
5.4729461811023619
21
-3.2944650393700785
0
LINE
8
BLACK
6
CONTINUOUS
10
5.4729461811023619
20
-3.2944650393700785
11
5.4727973622047239
21
-3.2943498031496063
0
LINE
8
BLACK
6
CONTINUOUS
10
5.4727973622047239
20
-3.2943498031496063
11
5.4726234251968506
21
-3.2942777559055116
0
LINE
8
BLACK
6
CONTINUOUS
10
5.4726234251968506
20
-3.2942777559055116
11
5.4723457874015748
21
-3.2940001181102363
0
LINE
8
BLACK
6
CONTINUOUS
10
5.4723457874015748
20
-3.2940001181102363
11
5.4720352362204725
21
-3.2937596456692915
0
LINE
8
BLACK
6
CONTINUOUS
10
5.4720352362204725
20
-3.2937596456692915
11
5.4718638582677164
21
-3.2935181889763778
0
LINE
8
BLACK
6
CONTINUOUS
10
5.4718638582677164
20
-3.2935181889763778
11
5.4718087795275592
21
-3.2934631102362202
0
LINE
8
BLACK
6
CONTINUOUS
10
5.4718087795275592
20
-3.2934631102362202
11
5.4717863385826773
21
-3.2934089763779526
0
LINE
8
BLACK
6
CONTINUOUS
10
5.4717863385826773
20
-3.2934089763779526
11
5.471700196850394
21
-3.2932875984251968
0
LINE
8
BLACK
6
CONTINUOUS
10
5.471700196850394
20
-3.2932875984251968
11
5.4592188976377951
21
-3.27144531496063
0
LINE
8
BLACK
6
CONTINUOUS
10
5.4592188976377951
20
-3.27144531496063
11
5.4592188976377951
21
-3.2918226377952755
0
LINE
8
BLACK
6
CONTINUOUS
10
5.4592188976377951
20
-3.2918226377952755
11
5.4591621653543303
21
-3.2923987007874014
0
LINE
8
BLACK
6
CONTINUOUS
10
5.4591621653543303
20
-3.2923987007874014
11
5.4587212598425197
21
-3.2934631102362202
0
LINE
8
BLACK
6
CONTINUOUS
10
5.4587212598425197
20
-3.2934631102362202
11
5.4579066141732282
21
-3.2942777559055116
0
LINE
8
BLACK
6
CONTINUOUS
10
5.4579066141732282
20
-3.2942777559055116
11
5.456842204724409
21
-3.2947186614173227
0
LINE
8
BLACK
6
CONTINUOUS
10
5.456842204724409
20
-3.2947186614173227
11
5.4556900787401572
21
-3.2947186614173227
0
LINE
8
BLACK
6
CONTINUOUS
10
5.4556900787401572
20
-3.2947186614173227
11
5.4546256692913389
21
-3.2942777559055116
0
LINE
8
BLACK
6
CONTINUOUS
10
5.4546256692913389
20
-3.2942777559055116
11
5.4538110236220474
21
-3.2934631102362202
0
LINE
8
BLACK
6
CONTINUOUS
10
5.4538110236220474
20
-3.2934631102362202
11
5.4533701181102359
21
-3.2923987007874014
0
LINE
8
BLACK
6
CONTINUOUS
10
5.4533701181102359
20
-3.2923987007874014
11
5.4533133858267719
21
-3.2918226377952755
0
LINE
8
BLACK
6
CONTINUOUS
10
5.4533133858267719
20
-3.2918226377952755
11
5.4533133858267719
21
-3.2603265748031496
0
LINE
8
BLACK
6
CONTINUOUS
10
5.4533133858267719
20
-3.2603265748031496
11
5.4533279527559051
21
-3.2601783858267717
0
LINE
8
BLACK
6
CONTINUOUS
10
5.4533279527559051
20
-3.2601783858267717
11
5.453320590551181
21
-3.2601203149606297
0
LINE
8
BLACK
6
CONTINUOUS
10
5.453320590551181
20
-3.2601203149606297
11
5.4533411023622049
21
-3.2600450787401574
0
LINE
8
BLACK
6
CONTINUOUS
10
5.4533411023622049
20
-3.2600450787401574
11
5.4533701181102359
21
-3.2597505118110237
0
LINE
8
BLACK
6
CONTINUOUS
10
5.4533701181102359
20
-3.2597505118110237
11
5.4535203937007877
21
-3.2593876771653543
0
LINE
8
BLACK
6
CONTINUOUS
10
5.4535203937007877
20
-3.2593876771653543
11
5.4536237401574805
21
-3.2590088188976378
0
LINE
8
BLACK
6
CONTINUOUS
10
5.4536237401574805
20
-3.2590088188976378
11
5.4537389763779522
21
-3.2588599606299211
0
LINE
8
BLACK
6
CONTINUOUS
10
5.4537389763779522
20
-3.2588599606299211
11
5.4538110236220474
21
-3.2586861023622045
0
LINE
8
BLACK
6
CONTINUOUS
10
5.4538110236220474
20
-3.2586861023622045
11
5.4540885826771648
21
-3.2584085039370079
0
LINE
8
BLACK
6
CONTINUOUS
10
5.4540885826771648
20
-3.2584085039370079
11
5.454329133858268
21
-3.2580979133858268
0
LINE
8
BLACK
6
CONTINUOUS
10
5.454329133858268
20
-3.2580979133858268
11
5.4544926377952754
21
-3.2580044488188977
0
LINE
8
BLACK
6
CONTINUOUS
10
5.4544926377952754
20
-3.2580044488188977
11
5.4546256692913389
21
-3.2578714566929134
0
LINE
8
BLACK
6
CONTINUOUS
10
5.4546256692913389
20
-3.2578714566929134
11
5.4549883464566928
21
-3.2577211811023621
0
LINE
8
BLACK
6
CONTINUOUS
10
5.4549883464566928
20
-3.2577211811023621
11
5.4553294881889762
21
-3.2575262992125982
0
LINE
8
BLACK
6
CONTINUOUS
10
5.4553294881889762
20
-3.2575262992125982
11
5.4555162204724406
21
-3.2575025590551179
0
LINE
8
BLACK
6
CONTINUOUS
10
5.4555162204724406
20
-3.2575025590551179
11
5.4556900787401572
21
-3.2574305511811024
0
LINE
8
BLACK
6
CONTINUOUS
10
5.4556900787401572
20
-3.2574305511811024
11
5.4560827559055118
21
-3.2574305511811024
0
LINE
8
BLACK
6
CONTINUOUS
10
5.4560827559055118
20
-3.2574305511811024
11
5.4564724015748034
21
-3.2573810236220471
0
LINE
8
BLACK
6
CONTINUOUS
10
5.4564724015748034
20
-3.2573810236220471
11
5.4566539763779529
21
-3.2574305511811024
0
LINE
8
BLACK
6
CONTINUOUS
10
6.5022877559055114
20
-3.2490332677165354
11
6.502349173228346
21
-3.2490254724409446
0
LINE
8
BLACK
6
CONTINUOUS
10
6.502349173228346
20
-3.2490254724409446
11
6.5024286614173228
21
-3.2490471259842519
0
LINE
8
BLACK
6
CONTINUOUS
10
6.5024286614173228
20
-3.2490471259842519
11
6.5027405905511806
21
-3.249077874015748
0
LINE
8
BLACK
6
CONTINUOUS
10
6.5027405905511806
20
-3.249077874015748
11
6.5031246850393698
21
-3.2492369685039368
0
LINE
8
BLACK
6
CONTINUOUS
10
6.5031246850393698
20
-3.2492369685039368
11
6.5035255511811023
21
-3.2493462992125983
0
LINE
8
BLACK
6
CONTINUOUS
10
6.5035255511811023
20
-3.2493462992125983
11
6.5036829921259844
21
-3.2494682283464567
0
LINE
8
BLACK
6
CONTINUOUS
10
6.5036829921259844
20
-3.2494682283464567
11
6.5038670866141732
21
-3.2495444881889761
0
LINE
8
BLACK
6
CONTINUOUS
10
6.5038670866141732
20
-3.2495444881889761
11
6.5041609448818898
21
-3.2498383464566927
0
LINE
8
BLACK
6
CONTINUOUS
10
6.5041609448818898
20
-3.2498383464566927
11
6.5044896062992121
21
-3.2500928740157478
0
LINE
8
BLACK
6
CONTINUOUS
10
6.5044896062992121
20
-3.2500928740157478
11
6.5045884251968502
21
-3.2502658267716535
0
LINE
8
BLACK
6
CONTINUOUS
10
6.5045884251968502
20
-3.2502658267716535
11
6.5047292913385828
21
-3.2504066929133857
0
LINE
8
BLACK
6
CONTINUOUS
10
6.5047292913385828
20
-3.2504066929133857
11
6.5048883070866141
21
-3.2507906299212599
0
LINE
8
BLACK
6
CONTINUOUS
10
6.5048883070866141
20
-3.2507906299212599
11
6.5050945275590548
21
-3.2511514960629921
0
LINE
8
BLACK
6
CONTINUOUS
10
6.5050945275590548
20
-3.2511514960629921
11
6.505119645669291
21
-3.2513490551181103
0
LINE
8
BLACK
6
CONTINUOUS
10
6.505119645669291
20
-3.2513490551181103
11
6.5051959055118109
21
-3.2515331889763779
0
LINE
8
BLACK
6
CONTINUOUS
10
6.5051959055118109
20
-3.2515331889763779
11
6.5051959055118109
21
-3.2519488976377953
0
LINE
8
BLACK
6
CONTINUOUS
10
6.5051959055118109
20
-3.2519488976377953
11
6.5052483070866138
21
-3.2523611023622045
0
LINE
8
BLACK
6
CONTINUOUS
10
6.5052483070866138
20
-3.2523611023622045
11
6.5051959055118109
21
-3.2525532283464567
0
LINE
8
BLACK
6
CONTINUOUS
10
6.5051959055118109
20
-3.2525532283464567
11
6.5051959055118109
21
-3.2527524803149603
0
LINE
8
BLACK
6
CONTINUOUS
10
6.5051959055118109
20
-3.2527524803149603
11
6.5050368110236221
21
-3.253136496062992
0
LINE
8
BLACK
6
CONTINUOUS
10
6.5050368110236221
20
-3.253136496062992
11
6.5049274803149606
21
-3.2535374803149604
0
LINE
8
BLACK
6
CONTINUOUS
10
6.5049274803149606
20
-3.2535374803149604
11
6.5048054724409443
21
-3.2536949606299213
0
LINE
8
BLACK
6
CONTINUOUS
10
6.5048054724409443
20
-3.2536949606299213
11
6.5047292913385828
21
-3.2538789763779525
0
LINE
8
BLACK
6
CONTINUOUS
10
6.5047292913385828
20
-3.2538789763779525
11
6.5044354330708662
21
-3.2541727952755903
0
LINE
8
BLACK
6
CONTINUOUS
10
6.5044354330708662
20
-3.2541727952755903
11
6.5041809055118112
21
-3.2545014960629919
0
LINE
8
BLACK
6
CONTINUOUS
10
6.5041809055118112
20
-3.2545014960629919
11
6.5039253543307085
21
-3.2546828740157481
0
LINE
8
BLACK
6
CONTINUOUS
10
6.5039253543307085
20
-3.2546828740157481
11
6.5038670866141732
21
-3.2547411811023621
0
LINE
8
BLACK
6
CONTINUOUS
10
6.5038670866141732
20
-3.2547411811023621
11
6.5038098818897634
21
-3.2547648425196849
0
LINE
8
BLACK
6
CONTINUOUS
10
6.5038098818897634
20
-3.2547648425196849
11
6.5036813779527556
21
-3.2548561023622047
0
LINE
8
BLACK
6
CONTINUOUS
10
6.5036813779527556
20
-3.2548561023622047
11
6.463898346456693
21
-3.2775892913385825
0
LINE
8
BLACK
6
CONTINUOUS
10
6.463898346456693
20
-3.2775892913385825
11
6.5021309448818894
21
-3.2775892913385825
0
LINE
8
BLACK
6
CONTINUOUS
10
6.5021309448818894
20
-3.2775892913385825
11
6.5027405905511806
21
-3.2776493307086612
0
LINE
8
BLACK
6
CONTINUOUS
10
6.5027405905511806
20
-3.2776493307086612
11
6.5038670866141732
21
-3.2781159448818897
0
LINE
8
BLACK
6
CONTINUOUS
10
6.5038670866141732
20
-3.2781159448818897
11
6.5047292913385828
21
-3.2789781496062993
0
LINE
8
BLACK
6
CONTINUOUS
10
6.5047292913385828
20
-3.2789781496062993
11
6.5051959055118109
21
-3.2801046456692911
0
LINE
8
BLACK
6
CONTINUOUS
10
6.5051959055118109
20
-3.2801046456692911
11
6.5051959055118109
21
-3.2813239370078739
0
LINE
8
BLACK
6
CONTINUOUS
10
6.5051959055118109
20
-3.2813239370078739
11
6.5047292913385828
21
-3.2824504330708661
0
LINE
8
BLACK
6
CONTINUOUS
10
6.5047292913385828
20
-3.2824504330708661
11
6.5038670866141732
21
-3.2833126377952757
0
LINE
8
BLACK
6
CONTINUOUS
10
6.5038670866141732
20
-3.2833126377952757
11
6.5027405905511806
21
-3.2837792519685038
0
LINE
8
BLACK
6
CONTINUOUS
10
6.5027405905511806
20
-3.2837792519685038
11
6.5021309448818894
21
-3.2838392913385825
0
LINE
8
BLACK
6
CONTINUOUS
10
6.5021309448818894
20
-3.2838392913385825
11
6.4521309448818895
21
-3.2838392913385825
0
LINE
8
BLACK
6
CONTINUOUS
10
6.4521309448818895
20
-3.2838392913385825
11
6.4519740944881887
21
-3.2838238188976376
0
LINE
8
BLACK
6
CONTINUOUS
10
6.4519740944881887
20
-3.2838238188976376
11
6.4519126771653541
21
-3.2838316535433072
0
LINE
8
BLACK
6
CONTINUOUS
10
6.4519126771653541
20
-3.2838316535433072
11
6.4518331102362207
21
-3.2838099606299211
0
LINE
8
BLACK
6
CONTINUOUS
10
6.4518331102362207
20
-3.2838099606299211
11
6.4515212992125983
21
-3.2837792519685038
0
LINE
8
BLACK
6
CONTINUOUS
10
6.4515212992125983
20
-3.2837792519685038
11
6.4511372440944879
21
-3.283620157480315
0
LINE
8
BLACK
6
CONTINUOUS
10
6.4511372440944879
20
-3.283620157480315
11
6.4507362992125978
21
-3.2835108267716535
0
LINE
8
BLACK
6
CONTINUOUS
10
6.4507362992125978
20
-3.2835108267716535
11
6.4505787795275591
21
-3.2833888188976377
0
LINE
8
BLACK
6
CONTINUOUS
10
6.4505787795275591
20
-3.2833888188976377
11
6.4503948031496066
21
-3.2833126377952757
0
LINE
8
BLACK
6
CONTINUOUS
10
6.4503948031496066
20
-3.2833126377952757
11
6.45010094488189
21
-3.2830187795275592
0
LINE
8
BLACK
6
CONTINUOUS
10
6.45010094488189
20
-3.2830187795275592
11
6.4497722834645668
21
-3.2827642519685041
0
LINE
8
BLACK
6
CONTINUOUS
10
6.4497722834645668
20
-3.2827642519685041
11
6.4496734251968499
21
-3.2825912598425195
0
LINE
8
BLACK
6
CONTINUOUS
10
6.4496734251968499
20
-3.2825912598425195
11
6.449532598425197
21
-3.2824504330708661
0
LINE
8
BLACK
6
CONTINUOUS
10
6.449532598425197
20
-3.2824504330708661
11
6.4493735433070869
21
-3.2820664566929132
0
LINE
8
BLACK
6
CONTINUOUS
10
6.4493735433070869
20
-3.2820664566929132
11
6.4491673622047241
21
-3.2817056299212597
0
LINE
8
BLACK
6
CONTINUOUS
10
6.4491673622047241
20
-3.2817056299212597
11
6.4491422047244091
21
-3.2815080314960627
0
LINE
8
BLACK
6
CONTINUOUS
10
6.4491422047244091
20
-3.2815080314960627
11
6.449065984251968
21
-3.2813239370078739
0
LINE
8
BLACK
6
CONTINUOUS
10
6.449065984251968
20
-3.2813239370078739
11
6.449065984251968
21
-3.2809081889763778
0
LINE
8
BLACK
6
CONTINUOUS
10
6.449065984251968
20
-3.2809081889763778
11
6.4490135826771651
21
-3.2804960236220473
0
LINE
8
BLACK
6
CONTINUOUS
10
6.4490135826771651
20
-3.2804960236220473
11
6.449065984251968
21
-3.2803038582677164
0
LINE
8
BLACK
6
CONTINUOUS
10
6.449065984251968
20
-3.2803038582677164
11
6.449065984251968
21
-3.2801046456692911
0
LINE
8
BLACK
6
CONTINUOUS
10
6.449065984251968
20
-3.2801046456692911
11
6.449225039370079
21
-3.279720590551181
0
LINE
8
BLACK
6
CONTINUOUS
10
6.449225039370079
20
-3.279720590551181
11
6.4493344094488192
21
-3.2793196456692915
0
LINE
8
BLACK
6
CONTINUOUS
10
6.4493344094488192
20
-3.2793196456692915
11
6.4494563779527558
21
-3.2791621259842518
0
LINE
8
BLACK
6
CONTINUOUS
10
6.4494563779527558
20
-3.2791621259842518
11
6.449532598425197
21
-3.2789781496062993
0
LINE
8
BLACK
6
CONTINUOUS
10
6.449532598425197
20
-3.2789781496062993
11
6.4498264173228348
21
-3.2786842913385827
0
LINE
8
BLACK
6
CONTINUOUS
10
6.4498264173228348
20
-3.2786842913385827
11
6.4500809842519686
21
-3.27835562992126
0
LINE
8
BLACK
6
CONTINUOUS
10
6.4500809842519686
20
-3.27835562992126
11
6.4503364960629916
21
-3.278174212598425
0
LINE
8
BLACK
6
CONTINUOUS
10
6.4503364960629916
20
-3.278174212598425
11
6.4503948031496066
21
-3.2781159448818897
0
LINE
8
BLACK
6
CONTINUOUS
10
6.4503948031496066
20
-3.2781159448818897
11
6.4504519685039368
21
-3.2780922440944882
0
LINE
8
BLACK
6
CONTINUOUS
10
6.4504519685039368
20
-3.2780922440944882
11
6.4505805118110233
21
-3.2780010236220471
0
LINE
8
BLACK
6
CONTINUOUS
10
6.4505805118110233
20
-3.2780010236220471
11
6.4903635433070868
21
-3.2552678346456694
0
LINE
8
BLACK
6
CONTINUOUS
10
6.4903635433070868
20
-3.2552678346456694
11
6.4521309448818895
21
-3.2552678346456694
0
LINE
8
BLACK
6
CONTINUOUS
10
6.4521309448818895
20
-3.2552678346456694
11
6.4515212992125983
21
-3.2552077952755907
0
LINE
8
BLACK
6
CONTINUOUS
10
6.4515212992125983
20
-3.2552077952755907
11
6.4503948031496066
21
-3.2547411811023621
0
LINE
8
BLACK
6
CONTINUOUS
10
6.4503948031496066
20
-3.2547411811023621
11
6.449532598425197
21
-3.2538789763779525
0
LINE
8
BLACK
6
CONTINUOUS
10
6.449532598425197
20
-3.2538789763779525
11
6.449065984251968
21
-3.2527524803149603
0
LINE
8
BLACK
6
CONTINUOUS
10
6.449065984251968
20
-3.2527524803149603
11
6.449065984251968
21
-3.2515331889763779
0
LINE
8
BLACK
6
CONTINUOUS
10
6.449065984251968
20
-3.2515331889763779
11
6.449532598425197
21
-3.2504066929133857
0
LINE
8
BLACK
6
CONTINUOUS
10
6.449532598425197
20
-3.2504066929133857
11
6.4503948031496066
21
-3.2495444881889761
0
LINE
8
BLACK
6
CONTINUOUS
10
6.4503948031496066
20
-3.2495444881889761
11
6.4515212992125983
21
-3.249077874015748
0
LINE
8
BLACK
6
CONTINUOUS
10
6.4515212992125983
20
-3.249077874015748
11
6.4521309448818895
21
-3.2490178346456693
0
LINE
8
BLACK
6
CONTINUOUS
10
6.4521309448818895
20
-3.2490178346456693
11
6.5021309448818894
21
-3.2490178346456693
0
LINE
8
BLACK
6
CONTINUOUS
10
6.5021309448818894
20
-3.2490178346456693
11
6.5022877559055114
21
-3.2490332677165354
0
LINE
8
BLACK
6
CONTINUOUS
10
6.5986765748031493
20
-3.2505916929133858
11
6.5989895275590547
21
-3.2506311811023623
0
LINE
8
BLACK
6
CONTINUOUS
10
6.5989895275590547
20
-3.2506311811023623
11
6.6034889763779523
21
-3.2521309842519686
0
LINE
8
BLACK
6
CONTINUOUS
10
6.6034889763779523
20
-3.2521309842519686
11
6.6035746062992127
21
-3.2521798031496063
0
LINE
8
BLACK
6
CONTINUOUS
10
6.6035746062992127
20
-3.2521798031496063
11
6.6036198031496065
21
-3.2521798031496063
0
LINE
8
BLACK
6
CONTINUOUS
10
6.6036198031496065
20
-3.2521798031496063
11
6.6038820078740157
21
-3.2523550000000001
0
LINE
8
BLACK
6
CONTINUOUS
10
6.6038820078740157
20
-3.2523550000000001
11
6.6041562598425196
21
-3.2525113385826772
0
LINE
8
BLACK
6
CONTINUOUS
10
6.6041562598425196
20
-3.2525113385826772
11
6.6041764566929135
21
-3.2525517716535433
0
LINE
8
BLACK
6
CONTINUOUS
10
6.6041764566929135
20
-3.2525517716535433
11
6.6042584251968499
21
-3.2526065354330709
0
LINE
8
BLACK
6
CONTINUOUS
10
6.6042584251968499
20
-3.2526065354330709
11
6.6072580708661413
21
-3.2556061417322835
0
LINE
8
BLACK
6
CONTINUOUS
10
6.6072580708661413
20
-3.2556061417322835
11
6.6073128346456693
21
-3.2556881102362203
0
LINE
8
BLACK
6
CONTINUOUS
10
6.6073128346456693
20
-3.2556881102362203
11
6.607353267716535
21
-3.2557083464566929
0
LINE
8
BLACK
6
CONTINUOUS
10
6.607353267716535
20
-3.2557083464566929
11
6.6075094094488191
21
-3.2559822834645669
0
LINE
8
BLACK
6
CONTINUOUS
10
6.6075094094488191
20
-3.2559822834645669
11
6.6076848031496063
21
-3.2562447637795273
0
LINE
8
BLACK
6
CONTINUOUS
10
6.6076848031496063
20
-3.2562447637795273
11
6.6076848031496063
21
-3.2562899606299212
0
LINE
8
BLACK
6
CONTINUOUS
10
6.6076848031496063
20
-3.2562899606299212
11
6.6077336220472436
21
-3.2563756299212598
0
LINE
8
BLACK
6
CONTINUOUS
10
6.6077336220472436
20
-3.2563756299212598
11
6.6092334251968499
21
-3.2608750393700787
0
LINE
8
BLACK
6
CONTINUOUS
10
6.6092334251968499
20
-3.2608750393700787
11
6.6092728740157476
21
-3.2611879527559053
0
LINE
8
BLACK
6
CONTINUOUS
10
6.6092728740157476
20
-3.2611879527559053
11
6.6093344488188972
21
-3.2614975196850393
0
LINE
8
BLACK
6
CONTINUOUS
10
6.6093344488188972
20
-3.2614975196850393
11
6.6093344488188972
21
-3.2644971653543307
0
LINE
8
BLACK
6
CONTINUOUS
10
6.6093344488188972
20
-3.2644971653543307
11
6.6091846062992126
21
-3.265250472440945
0
LINE
8
BLACK
6
CONTINUOUS
10
6.6091846062992126
20
-3.265250472440945
11
6.6081192519685041
21
-3.2663158267716534
0
LINE
8
BLACK
6
CONTINUOUS
10
6.6081192519685041
20
-3.2663158267716534
11
6.6066126377952754
21
-3.2663158267716534
0
LINE
8
BLACK
6
CONTINUOUS
10
6.6066126377952754
20
-3.2663158267716534
11
6.605547283464567
21
-3.265250472440945
0
LINE
8
BLACK
6
CONTINUOUS
10
6.605547283464567
20
-3.265250472440945
11
6.6053974409448815
21
-3.2644971653543307
0
LINE
8
BLACK
6
CONTINUOUS
10
6.6053974409448815
20
-3.2644971653543307
11
6.6053974409448815
21
-3.2618169291338583
0
LINE
8
BLACK
6
CONTINUOUS
10
6.6053974409448815
20
-3.2618169291338583
11
6.6041455905511812
21
-3.2580614566929134
0
LINE
8
BLACK
6
CONTINUOUS
10
6.6041455905511812
20
-3.2580614566929134
11
6.6018031496062992
21
-3.2557189763779526
0
LINE
8
BLACK
6
CONTINUOUS
10
6.6018031496062992
20
-3.2557189763779526
11
6.5980476377952755
21
-3.2544671653543307
0
LINE
8
BLACK
6
CONTINUOUS
10
6.5980476377952755
20
-3.2544671653543307
11
6.5758698818897638
21
-3.2544671653543307
0
LINE
8
BLACK
6
CONTINUOUS
10
6.5758698818897638
20
-3.2544671653543307
11
6.5751165748031495
21
-3.2543173228346456
0
LINE
8
BLACK
6
CONTINUOUS
10
6.5751165748031495
20
-3.2543173228346456
11
6.5740512204724411
21
-3.2532519685039367
0
LINE
8
BLACK
6
CONTINUOUS
10
6.5740512204724411
20
-3.2532519685039367
11
6.5740512204724411
21
-3.2517453543307084
0
LINE
8
BLACK
6
CONTINUOUS
10
6.5740512204724411
20
-3.2517453543307084
11
6.5751165748031495
21
-3.25068
0
LINE
8
BLACK
6
CONTINUOUS
10
6.5751165748031495
20
-3.25068
11
6.5758698818897638
21
-3.2505301574803149
0
LINE
8
BLACK
6
CONTINUOUS
10
6.5758698818897638
20
-3.2505301574803149
11
6.5983670472440945
21
-3.2505301574803149
0
LINE
8
BLACK
6
CONTINUOUS
10
6.5983670472440945
20
-3.2505301574803149
11
6.5986765748031493
21
-3.2505916929133858
0
LINE
8
BLACK
6
CONTINUOUS
10
6.2045596062992123
20
-3.1907189370078739
11
6.2044494094488192
21
-3.1912973622047245
0
LINE
8
BLACK
6
CONTINUOUS
10
6.2044494094488192
20
-3.1912973622047245
11
6.2042016535433069
21
-3.1926655511811024
0
LINE
8
BLACK
6
CONTINUOUS
10
6.2042016535433069
20
-3.1926655511811024
11
6.2038285039370074
21
-3.1947546850393702
0
LINE
8
BLACK
6
CONTINUOUS
10
6.2038285039370074
20
-3.1947546850393702
11
6.2033420866141729
21
-3.1974960236220471
0
LINE
8
BLACK
6
CONTINUOUS
10
6.2033420866141729
20
-3.1974960236220471
11
6.2027545275590548
21
-3.2008207480314961
0
LINE
8
BLACK
6
CONTINUOUS
10
6.2027545275590548
20
-3.2008207480314961
11
6.2020779527559053
21
-3.2046601574803151
0
LINE
8
BLACK
6
CONTINUOUS
10
6.2020779527559053
20
-3.2046601574803151
11
6.201324488188976
21
-3.2089454330708662
0
LINE
8
BLACK
6
CONTINUOUS
10
6.201324488188976
20
-3.2089454330708662
11
6.2005062992125985
21
-3.2136077952755904
0
LINE
8
BLACK
6
CONTINUOUS
10
6.2005062992125985
20
-3.2136077952755904
11
6.1996355118110236
21
-3.2185785039370076
0
LINE
8
BLACK
6
CONTINUOUS
10
6.1996355118110236
20
-3.2185785039370076
11
6.1987242519685042
21
-3.2237887795275588
0
LINE
8
BLACK
6
CONTINUOUS
10
6.1987242519685042
20
-3.2237887795275588
11
6.1986591732283465
21
-3.2241612204724408
0
LINE
8
BLACK
6
CONTINUOUS
10
6.1986591732283465
20
-3.2241612204724408
11
6.1977446850393703
21
-3.2293922834645667
0
LINE
8
BLACK
6
CONTINUOUS
10
6.1977446850393703
20
-3.2293922834645667
11
6.1968695275590546
21
-3.2343936220472442
0
LINE
8
BLACK
6
CONTINUOUS
10
6.1968695275590546
20
-3.2343936220472442
11
6.1960459055118111
21
-3.2390957874015749
0
LINE
8
BLACK
6
CONTINUOUS
10
6.1960459055118111
20
-3.2390957874015749
11
6.1952859842519681
21
-3.2434294094488187
0
LINE
8
BLACK
6
CONTINUOUS
10
6.1952859842519681
20
-3.2434294094488187
11
6.1946019685039371
21
-3.247325157480315
0
LINE
8
BLACK
6
CONTINUOUS
10
6.1946019685039371
20
-3.247325157480315
11
6.1940060236220473
21
-3.2507136220472441
0
LINE
8
BLACK
6
CONTINUOUS
10
6.1940060236220473
20
-3.2507136220472441
11
6.1935103543307086
21
-3.2535254724409448
0
LINE
8
BLACK
6
CONTINUOUS
10
6.1935103543307086
20
-3.2535254724409448
11
6.1931272047244095
21
-3.2556912598425196
0
LINE
8
BLACK
6
CONTINUOUS
10
6.1931272047244095
20
-3.2556912598425196
11
6.1928687007874013
21
-3.2571416929133856
0
LINE
8
BLACK
6
CONTINUOUS
10
6.1928687007874013
20
-3.2571416929133856
11
6.1927470472440946
21
-3.2578073622047246
0
LINE
8
BLACK
6
CONTINUOUS
10
6.1927470472440946
20
-3.2578073622047246
11
6.1927442519685041
21
-3.2578213385826773
0
LINE
8
BLACK
6
CONTINUOUS
10
6.1927442519685041
20
-3.2578213385826773
11
6.1925015354330704
21
-3.2590196062992125
0
LINE
8
BLACK
6
CONTINUOUS
10
6.1925015354330704
20
-3.2590196062992125
11
6.1798401574803146
21
-3.2590196062992125
0
LINE
8
BLACK
6
CONTINUOUS
10
6.1798401574803146
20
-3.2590196062992125
11
6.1800763779527559
21
-3.2580392125984252
0
LINE
8
BLACK
6
CONTINUOUS
10
6.1800763779527559
20
-3.2580392125984252
11
6.1801885433070867
21
-3.2574581889763778
0
LINE
8
BLACK
6
CONTINUOUS
10
6.1801885433070867
20
-3.2574581889763778
11
6.1804379527559057
21
-3.2560887401574803
0
LINE
8
BLACK
6
CONTINUOUS
10
6.1804379527559057
20
-3.2560887401574803
11
6.1808122834645669
21
-3.2540008661417321
0
LINE
8
BLACK
6
CONTINUOUS
10
6.1808122834645669
20
-3.2540008661417321
11
6.1812991338582677
21
-3.2512646456692913
0
LINE
8
BLACK
6
CONTINUOUS
10
6.1812991338582677
20
-3.2512646456692913
11
6.1818861023622045
21
-3.2479501181102362
0
LINE
8
BLACK
6
CONTINUOUS
10
6.1818861023622045
20
-3.2479501181102362
11
6.1825607874015747
21
-3.2441273622047242
0
LINE
8
BLACK
6
CONTINUOUS
10
6.1825607874015747
20
-3.2441273622047242
11
6.1833108661417322
21
-3.2398663779527559
0
LINE
8
BLACK
6
CONTINUOUS
10
6.1833108661417322
20
-3.2398663779527559
11
6.1841238976377948
21
-3.2352372440944883
0
LINE
8
BLACK
6
CONTINUOUS
10
6.1841238976377948
20
-3.2352372440944883
11
6.1849875196850395
21
-3.2303100393700785
0
LINE
8
BLACK
6
CONTINUOUS
10
6.1849875196850395
20
-3.2303100393700785
11
6.1857964566929136
21
-3.2256862598425196
0
LINE
8
BLACK
6
CONTINUOUS
10
6.1857964566929136
20
-3.2256862598425196
11
6.1867020866141731
21
-3.2205096456692912
0
LINE
8
BLACK
6
CONTINUOUS
10
6.1867020866141731
20
-3.2205096456692912
11
6.1875735433070869
21
-3.215537244094488
0
LINE
8
BLACK
6
CONTINUOUS
10
6.1875735433070869
20
-3.215537244094488
11
6.1883977559055117
21
-3.210842992125984
0
LINE
8
BLACK
6
CONTINUOUS
10
6.1883977559055117
20
-3.210842992125984
11
6.1891616535433069
21
-3.2065007086614172
0
LINE
8
BLACK
6
CONTINUOUS
10
6.1891616535433069
20
-3.2065007086614172
11
6.1898522047244091
21
-3.2025844094488187
0
LINE
8
BLACK
6
CONTINUOUS
10
6.1898522047244091
20
-3.2025844094488187
11
6.1904564173228342
21
-3.1991679527559054
0
LINE
8
BLACK
6
CONTINUOUS
10
6.1904564173228342
20
-3.1991679527559054
11
6.1909611417322834
21
-3.1963252755905511
0
LINE
8
BLACK
6
CONTINUOUS
10
6.1909611417322834
20
-3.1963252755905511
11
6.1913533858267717
21
-3.1941302755905512
0
LINE
8
BLACK
6
CONTINUOUS
10
6.1913533858267717
20
-3.1941302755905512
11
6.1916201181102357
21
-3.1926568503937007
0
LINE
8
BLACK
6
CONTINUOUS
10
6.1916201181102357
20
-3.1926568503937007
11
6.1917385433070864
21
-3.1920261417322835
0
LINE
8
BLACK
6
CONTINUOUS
10
6.1917385433070864
20
-3.1920261417322835
11
6.1921968503937004
21
-3.1897385433070866
0
LINE
8
BLACK
6
CONTINUOUS
10
6.1921968503937004
20
-3.1897385433070866
11
6.2047878346456695
21
-3.1897385433070866
0
LINE
8
BLACK
6
CONTINUOUS
10
6.2047878346456695
20
-3.1897385433070866
11
6.2045596062992123
21
-3.1907189370078739
0
LINE
8
BLACK
6
CONTINUOUS
10
6.3000727165354329
20
-3.1897503937007872
11
6.3019499999999997
21
-3.1897830314960629
0
LINE
8
BLACK
6
CONTINUOUS
10
6.3019499999999997
20
-3.1897830314960629
11
6.3033260236220467
21
-3.1898319291338582
0
LINE
8
BLACK
6
CONTINUOUS
10
6.3033260236220467
20
-3.1898319291338582
11
6.3040470472440946
21
-3.1898927165354332
0
LINE
8
BLACK
6
CONTINUOUS
10
6.3040470472440946
20
-3.1898927165354332
11
6.304117637795275
21
-3.1899198425196849
0
LINE
8
BLACK
6
CONTINUOUS
10
6.304117637795275
20
-3.1899198425196849
11
6.304044094488189
21
-3.1903835826771654
0
LINE
8
BLACK
6
CONTINUOUS
10
6.304044094488189
20
-3.1903835826771654
11
6.3038327165354326
21
-3.1916261811023623
0
LINE
8
BLACK
6
CONTINUOUS
10
6.3038327165354326
20
-3.1916261811023623
11
6.3034974803149604
21
-3.1935684645669289
0
LINE
8
BLACK
6
CONTINUOUS
10
6.3034974803149604
20
-3.1935684645669289
11
6.3030523228346453
21
-3.1961311811023623
0
LINE
8
BLACK
6
CONTINUOUS
10
6.3030523228346453
20
-3.1961311811023623
11
6.3025111811023624
21
-3.1992350393700786
0
LINE
8
BLACK
6
CONTINUOUS
10
6.3025111811023624
20
-3.1992350393700786
11
6.3018879921259838
21
-3.2028008661417324
0
LINE
8
BLACK
6
CONTINUOUS
10
6.3018879921259838
20
-3.2028008661417324
11
6.3011966929133854
21
-3.2067493700787399
0
LINE
8
BLACK
6
CONTINUOUS
10
6.3011966929133854
20
-3.2067493700787399
11
6.300451220472441
21
-3.2110012992125982
0
LINE
8
BLACK
6
CONTINUOUS
10
6.300451220472441
20
-3.2110012992125982
11
6.2996655118110239
21
-3.2154774409448819
0
LINE
8
BLACK
6
CONTINUOUS
10
6.2996655118110239
20
-3.2154774409448819
11
6.2988535433070867
21
-3.2200985433070866
0
LINE
8
BLACK
6
CONTINUOUS
10
6.2988535433070867
20
-3.2200985433070866
11
6.2980292519685035
21
-3.2247853937007873
0
LINE
8
BLACK
6
CONTINUOUS
10
6.2980292519685035
20
-3.2247853937007873
11
6.2972064960629917
21
-3.2294587007874016
0
LINE
8
BLACK
6
CONTINUOUS
10
6.2972064960629917
20
-3.2294587007874016
11
6.2963993307086614
21
-3.2340392125984252
0
LINE
8
BLACK
6
CONTINUOUS
10
6.2963993307086614
20
-3.2340392125984252
11
6.2956216535433072
21
-3.2384477559055118
0
LINE
8
BLACK
6
CONTINUOUS
10
6.2956216535433072
20
-3.2384477559055118
11
6.2948873622047241
21
-3.2426050393700785
0
LINE
8
BLACK
6
CONTINUOUS
10
6.2948873622047241
20
-3.2426050393700785
11
6.2942104330708659
21
-3.2464318110236219
0
LINE
8
BLACK
6
CONTINUOUS
10
6.2942104330708659
20
-3.2464318110236219
11
6.2936048031496066
21
-3.2498488582677165
0
LINE
8
BLACK
6
CONTINUOUS
10
6.2936048031496066
20
-3.2498488582677165
11
6.2930844488188971
21
-3.2527769291338582
0
LINE
8
BLACK
6
CONTINUOUS
10
6.2930844488188971
20
-3.2527769291338582
11
6.2926632677165353
21
-3.2551367716535431
0
LINE
8
BLACK
6
CONTINUOUS
10
6.2926632677165353
20
-3.2551367716535431
11
6.2923551968503935
21
-3.2568491338582675
0
LINE
8
BLACK
6
CONTINUOUS
10
6.2923551968503935
20
-3.2568491338582675
11
6.2921742125984252
21
-3.257834842519685
0
LINE
8
BLACK
6
CONTINUOUS
10
6.2921742125984252
20
-3.257834842519685
11
6.2921337007874012
21
-3.2580392125984252
0
LINE
8
BLACK
6
CONTINUOUS
10
6.2921337007874012
20
-3.2580392125984252
11
6.2920112204724408
21
-3.2584224409448819
0
LINE
8
BLACK
6
CONTINUOUS
10
6.2920112204724408
20
-3.2584224409448819
11
6.2917650787401573
21
-3.2586900000000001
0
LINE
8
BLACK
6
CONTINUOUS
10
6.2917650787401573
20
-3.2586900000000001
11
6.2912575590551176
21
-3.2588627165354329
0
LINE
8
BLACK
6
CONTINUOUS
10
6.2912575590551176
20
-3.2588627165354329
11
6.2903510629921255
21
-3.2589612598425197
0
LINE
8
BLACK
6
CONTINUOUS
10
6.2903510629921255
20
-3.2589612598425197
11
6.2889079527559053
21
-3.2590064566929131
0
LINE
8
BLACK
6
CONTINUOUS
10
6.2889079527559053
20
-3.2590064566929131
11
6.2867905511811024
21
-3.25901905511811
0
LINE
8
BLACK
6
CONTINUOUS
10
6.2867905511811024
20
-3.25901905511811
11
6.2856316141732282
21
-3.2590196062992125
0
LINE
8
BLACK
6
CONTINUOUS
10
6.2856316141732282
20
-3.2590196062992125
11
6.2831759055118113
21
-3.2590116929133859
0
LINE
8
BLACK
6
CONTINUOUS
10
6.2831759055118113
20
-3.2590116929133859
11
6.2814651181102361
21
-3.258977401574803
0
LINE
8
BLACK
6
CONTINUOUS
10
6.2814651181102361
20
-3.258977401574803
11
6.2803726771653539
21
-3.258900905511811
0
LINE
8
BLACK
6
CONTINUOUS
10
6.2803726771653539
20
-3.258900905511811
11
6.2797721259842518
21
-3.2587663779527558
0
LINE
8
BLACK
6
CONTINUOUS
10
6.2797721259842518
20
-3.2587663779527558
11
6.2795369291338581
21
-3.2585579527559054
0
LINE
8
BLACK
6
CONTINUOUS
10
6.2795369291338581
20
-3.2585579527559054
11
6.2795405905511812
21
-3.2582597637795274
0
LINE
8
BLACK
6
CONTINUOUS
10
6.2795405905511812
20
-3.2582597637795274
11
6.2795412204724412
21
-3.2582570866141731
0
LINE
8
BLACK
6
CONTINUOUS
10
6.2795412204724412
20
-3.2582570866141731
11
6.2796433858267715
21
-3.2577143307086613
0
LINE
8
BLACK
6
CONTINUOUS
10
6.2796433858267715
20
-3.2577143307086613
11
6.2798833464566925
21
-3.2563812992125984
0
LINE
8
BLACK
6
CONTINUOUS
10
6.2798833464566925
20
-3.2563812992125984
11
6.280249133858268
21
-3.2543261023622048
0
LINE
8
BLACK
6
CONTINUOUS
10
6.280249133858268
20
-3.2543261023622048
11
6.2807287007874013
21
-3.2516169291338581
0
LINE
8
BLACK
6
CONTINUOUS
10
6.2807287007874013
20
-3.2516169291338581
11
6.2813100393700783
21
-3.2483219685039368
0
LINE
8
BLACK
6
CONTINUOUS
10
6.2813100393700783
20
-3.2483219685039368
11
6.2819811811023625
21
-3.2445093307086612
0
LINE
8
BLACK
6
CONTINUOUS
10
6.2819811811023625
20
-3.2445093307086612
11
6.2827300393700787
21
-3.2402472047244095
0
LINE
8
BLACK
6
CONTINUOUS
10
6.2827300393700787
20
-3.2402472047244095
11
6.2835446850393701
21
-3.2356037795275592
0
LINE
8
BLACK
6
CONTINUOUS
10
6.2835446850393701
20
-3.2356037795275592
11
6.2844130314960625
21
-3.230647244094488
0
LINE
8
BLACK
6
CONTINUOUS
10
6.2844130314960625
20
-3.230647244094488
11
6.2853231496062989
21
-3.2254457086614172
0
LINE
8
BLACK
6
CONTINUOUS
10
6.2853231496062989
20
-3.2254457086614172
11
6.2853953543307082
21
-3.2250326771653541
0
LINE
8
BLACK
6
CONTINUOUS
10
6.2853953543307082
20
-3.2250326771653541
11
6.2863111417322832
21
-3.219795
0
LINE
8
BLACK
6
CONTINUOUS
10
6.2863111417322832
20
-3.219795
11
6.2871878346456693
21
-3.2147821653543307
0
LINE
8
BLACK
6
CONTINUOUS
10
6.2871878346456693
20
-3.2147821653543307
11
6.2880130708661417
21
-3.2100640551181101
0
LINE
8
BLACK
6
CONTINUOUS
10
6.2880130708661417
20
-3.2100640551181101
11
6.288774724409449
21
-3.2057107086614174
0
LINE
8
BLACK
6
CONTINUOUS
10
6.288774724409449
20
-3.2057107086614174
11
6.2894604330708663
21
-3.2017920866141734
0
LINE
8
BLACK
6
CONTINUOUS
10
6.2894604330708663
20
-3.2017920866141734
11
6.2900580314960628
21
-3.1983781496062993
0
LINE
8
BLACK
6
CONTINUOUS
10
6.2900580314960628
20
-3.1983781496062993
11
6.290555236220472
21
-3.1955388582677164
0
LINE
8
BLACK
6
CONTINUOUS
10
6.290555236220472
20
-3.1955388582677164
11
6.290939842519685
21
-3.193344251968504
0
LINE
8
BLACK
6
CONTINUOUS
10
6.290939842519685
20
-3.193344251968504
11
6.2911995275590549
21
-3.1918642519685037
0
LINE
8
BLACK
6
CONTINUOUS
10
6.2911995275590549
20
-3.1918642519685037
11
6.2913221259842516
21
-3.1911688582677167
0
LINE
8
BLACK
6
CONTINUOUS
10
6.2913221259842516
20
-3.1911688582677167
11
6.2913246456692908
21
-3.1911546850393702
0
LINE
8
BLACK
6
CONTINUOUS
10
6.2913246456692908
20
-3.1911546850393702
11
6.2915784645669293
21
-3.1897385433070866
0
LINE
8
BLACK
6
CONTINUOUS
10
6.2915784645669293
20
-3.1897385433070866
11
6.2978480314960628
21
-3.1897385433070866
0
LINE
8
BLACK
6
CONTINUOUS
10
6.2978480314960628
20
-3.1897385433070866
11
6.3000727165354329
21
-3.1897503937007872
0
LINE
8
BLACK
6
CONTINUOUS
10
6.2539277559055115
20
-3.1909368110236218
11
6.2538253937007875
21
-3.191548149606299
0
LINE
8
BLACK
6
CONTINUOUS
10
6.2538253937007875
20
-3.191548149606299
11
6.2535842913385826
21
-3.1929496062992127
0
LINE
8
BLACK
6
CONTINUOUS
10
6.2535842913385826
20
-3.1929496062992127
11
6.2532164173228342
21
-3.1950729133858267
0
LINE
8
BLACK
6
CONTINUOUS
10
6.2532164173228342
20
-3.1950729133858267
11
6.252733622047244
21
-3.1978498818897636
0
LINE
8
BLACK
6
CONTINUOUS
10
6.252733622047244
20
-3.1978498818897636
11
6.2521477952755902
21
-3.2012122440944881
0
LINE
8
BLACK
6
CONTINUOUS
10
6.2521477952755902
20
-3.2012122440944881
11
6.2514709055118107
21
-3.2050917322834644
0
LINE
8
BLACK
6
CONTINUOUS
10
6.2514709055118107
20
-3.2050917322834644
11
6.2507147637795271
21
-3.2094201574803147
0
LINE
8
BLACK
6
CONTINUOUS
10
6.2507147637795271
20
-3.2094201574803147
11
6.2498913385826773
21
-3.2141292519685041
0
LINE
8
BLACK
6
CONTINUOUS
10
6.2498913385826773
20
-3.2141292519685041
11
6.2490125196850395
21
-3.2191508267716533
0
LINE
8
BLACK
6
CONTINUOUS
10
6.2490125196850395
20
-3.2191508267716533
11
6.2480901574803145
21
-3.2244165748031497
0
LINE
8
BLACK
6
CONTINUOUS
10
6.2480901574803145
20
-3.2244165748031497
11
6.2478870078740156
21
-3.2255757874015747
0
LINE
8
BLACK
6
CONTINUOUS
10
6.2478870078740156
20
-3.2255757874015747
11
6.2420261417322838
21
-3.2590164566929132
0
LINE
8
BLACK
6
CONTINUOUS
10
6.2420261417322838
20
-3.2590164566929132
11
6.2358169685039373
21
-3.2590180314960628
0
LINE
8
BLACK
6
CONTINUOUS
10
6.2358169685039373
20
-3.2590180314960628
11
6.2332701574803151
21
-3.2590014960629921
0
LINE
8
BLACK
6
CONTINUOUS
10
6.2332701574803151
20
-3.2590014960629921
11
6.2314850787401577
21
-3.2589435826771651
0
LINE
8
BLACK
6
CONTINUOUS
10
6.2314850787401577
20
-3.2589435826771651
11
6.2303526377952752
21
-3.2588342519685041
0
LINE
8
BLACK
6
CONTINUOUS
10
6.2303526377952752
20
-3.2588342519685041
11
6.2297635826771653
21
-3.2586633858267717
0
LINE
8
BLACK
6
CONTINUOUS
10
6.2297635826771653
20
-3.2586633858267717
11
6.2296078346456696
21
-3.2584427952755903
0
LINE
8
BLACK
6
CONTINUOUS
10
6.2296078346456696
20
-3.2584427952755903
11
6.2296816929133856
21
-3.257920472440945
0
LINE
8
BLACK
6
CONTINUOUS
10
6.2296816929133856
20
-3.257920472440945
11
6.2298939763779524
21
-3.2566202755905511
0
LINE
8
BLACK
6
CONTINUOUS
10
6.2298939763779524
20
-3.2566202755905511
11
6.230230590551181
21
-3.2546220866141731
0
LINE
8
BLACK
6
CONTINUOUS
10
6.230230590551181
20
-3.2546220866141731
11
6.230677519685039
21
-3.2520059055118109
0
LINE
8
BLACK
6
CONTINUOUS
10
6.230677519685039
20
-3.2520059055118109
11
6.2312207480314958
21
-3.2488516535433072
0
LINE
8
BLACK
6
CONTINUOUS
10
6.2312207480314958
20
-3.2488516535433072
11
6.2318461811023624
21
-3.2452392125984253
0
LINE
8
BLACK
6
CONTINUOUS
10
6.2318461811023624
20
-3.2452392125984253
11
6.2325398031496064
21
-3.2412485039370078
0
LINE
8
BLACK
6
CONTINUOUS
10
6.2325398031496064
20
-3.2412485039370078
11
6.2332875590551176
21
-3.2369595275590552
0
LINE
8
BLACK
6
CONTINUOUS
10
6.2332875590551176
20
-3.2369595275590552
11
6.2340754724409448
21
-3.2324522047244093
0
LINE
8
BLACK
6
CONTINUOUS
10
6.2340754724409448
20
-3.2324522047244093
11
6.2348894094488188
21
-3.2278063779527559
0
LINE
8
BLACK
6
CONTINUOUS
10
6.2348894094488188
20
-3.2278063779527559
11
6.2357153937007874
21
-3.2231020472440943
0
LINE
8
BLACK
6
CONTINUOUS
10
6.2357153937007874
20
-3.2231020472440943
11
6.236539330708661
21
-3.2184191732283463
0
LINE
8
BLACK
6
CONTINUOUS
10
6.236539330708661
20
-3.2184191732283463
11
6.2373472440944884
21
-3.2138375984251968
0
LINE
8
BLACK
6
CONTINUOUS
10
6.2373472440944884
20
-3.2138375984251968
11
6.2381250393700789
21
-3.2094372834645668
0
LINE
8
BLACK
6
CONTINUOUS
10
6.2381250393700789
20
-3.2094372834645668
11
6.238858700787401
21
-3.2052981889763781
0
LINE
8
BLACK
6
CONTINUOUS
10
6.238858700787401
20
-3.2052981889763781
11
6.239534212598425
21
-3.2015002362204723
0
LINE
8
BLACK
6
CONTINUOUS
10
6.239534212598425
20
-3.2015002362204723
11
6.2401374803149601
21
-3.1981233464566929
0
LINE
8
BLACK
6
CONTINUOUS
10
6.2401374803149601
20
-3.1981233464566929
11
6.2406544881889765
21
-3.1952474409448817
0
LINE
8
BLACK
6
CONTINUOUS
10
6.2406544881889765
20
-3.1952474409448817
11
6.241071220472441
21
-3.192952440944882
0
LINE
8
BLACK
6
CONTINUOUS
10
6.241071220472441
20
-3.192952440944882
11
6.2413735826771655
21
-3.1913182677165355
0
LINE
8
BLACK
6
CONTINUOUS
10
6.2413735826771655
20
-3.1913182677165355
11
6.2415475590551184
21
-3.1904248818897636
0
LINE
8
BLACK
6
CONTINUOUS
10
6.2415475590551184
20
-3.1904248818897636
11
6.2415811417322837
21
-3.1902832283464568
0
LINE
8
BLACK
6
CONTINUOUS
10
6.2415811417322837
20
-3.1902832283464568
11
6.2419300393700787
21
-3.1900499999999998
0
LINE
8
BLACK
6
CONTINUOUS
10
6.2419300393700787
20
-3.1900499999999998
11
6.2428383070866138
21
-3.1898873228346454
0
LINE
8
BLACK
6
CONTINUOUS
10
6.2428383070866138
20
-3.1898873228346454
11
6.2443964960629916
21
-3.1897875196850394
0
LINE
8
BLACK
6
CONTINUOUS
10
6.2443964960629916
20
-3.1897875196850394
11
6.2466951574803149
21
-3.1897427952755906
0
LINE
8
BLACK
6
CONTINUOUS
10
6.2466951574803149
20
-3.1897427952755906
11
6.2479442519685042
21
-3.1897385433070866
0
LINE
8
BLACK
6
CONTINUOUS
10
6.2479442519685042
20
-3.1897385433070866
11
6.2541075984251968
21
-3.1897385433070866
0
LINE
8
BLACK
6
CONTINUOUS
10
6.2541075984251968
20
-3.1897385433070866
11
6.2539277559055115
21
-3.1909368110236218
0
LINE
8
BLACK
6
CONTINUOUS
10
6.6014633858267713
20
-3.2190533070866141
11
6.6015062598425196
21
-3.2190390551181101
0
LINE
8
BLACK
6
CONTINUOUS
10
6.6015062598425196
20
-3.2190390551181101
11
6.6018104724409445
21
-3.2191223622047245
0
LINE
8
BLACK
6
CONTINUOUS
10
6.6018104724409445
20
-3.2191223622047245
11
6.6021200000000002
21
-3.2191839370078741
0
LINE
8
BLACK
6
CONTINUOUS
10
6.6021200000000002
20
-3.2191839370078741
11
6.602151929133858
21
-3.2192158661417323
0
LINE
8
BLACK
6
CONTINUOUS
10
6.602151929133858
20
-3.2192158661417323
11
6.6022470472440942
21
-3.2192419291338581
0
LINE
8
BLACK
6
CONTINUOUS
10
6.6022470472440942
20
-3.2192419291338581
11
6.6052466535433068
21
-3.2207417322834644
0
LINE
8
BLACK
6
CONTINUOUS
10
6.6052466535433068
20
-3.2207417322834644
11
6.6054957874015745
21
-3.2209350787401574
0
LINE
8
BLACK
6
CONTINUOUS
10
6.6054957874015745
20
-3.2209350787401574
11
6.6057582283464562
21
-3.2211104330708662
0
LINE
8
BLACK
6
CONTINUOUS
10
6.6057582283464562
20
-3.2211104330708662
11
6.6072580708661413
21
-3.2226102362204725
0
LINE
8
BLACK
6
CONTINUOUS
10
6.6072580708661413
20
-3.2226102362204725
11
6.607433503937008
21
-3.2228728346456692
0
LINE
8
BLACK
6
CONTINUOUS
10
6.607433503937008
20
-3.2228728346456692
11
6.6076268110236223
21
-3.2231218897637794
0
LINE
8
BLACK
6
CONTINUOUS
10
6.6076268110236223
20
-3.2231218897637794
11
6.6091266535433073
21
-3.2261215354330708
0
LINE
8
BLACK
6
CONTINUOUS
10
6.6091266535433073
20
-3.2261215354330708
11
6.6091526771653539
21
-3.2262166141732282
0
LINE
8
BLACK
6
CONTINUOUS
10
6.6091526771653539
20
-3.2262166141732282
11
6.6091846062992126
21
-3.2262485433070864
0
LINE
8
BLACK
6
CONTINUOUS
10
6.6091846062992126
20
-3.2262485433070864
11
6.6092461417322834
21
-3.2265579921259842
0
LINE
8
BLACK
6
CONTINUOUS
10
6.6092461417322834
20
-3.2265579921259842
11
6.6093294881889761
21
-3.2268623228346458
0
LINE
8
BLACK
6
CONTINUOUS
10
6.6093294881889761
20
-3.2268623228346458
11
6.6093151968503934
21
-3.2269051181102362
0
LINE
8
BLACK
6
CONTINUOUS
10
6.6093151968503934
20
-3.2269051181102362
11
6.6093344488188972
21
-3.2270018503937008
0
LINE
8
BLACK
6
CONTINUOUS
10
6.6093344488188972
20
-3.2270018503937008
11
6.6093344488188972
21
-3.2360007086614173
0
LINE
8
BLACK
6
CONTINUOUS
10
6.6093344488188972
20
-3.2360007086614173
11
6.6093151968503934
21
-3.2360974015748032
0
LINE
8
BLACK
6
CONTINUOUS
10
6.6093151968503934
20
-3.2360974015748032
11
6.6093294881889761
21
-3.2361402362204723
0
LINE
8
BLACK
6
CONTINUOUS
10
6.6093294881889761
20
-3.2361402362204723
11
6.6092461417322834
21
-3.2364445275590552
0
LINE
8
BLACK
6
CONTINUOUS
10
6.6092461417322834
20
-3.2364445275590552
11
6.6091846062992126
21
-3.2367540157480312
0
LINE
8
BLACK
6
CONTINUOUS
10
6.6091846062992126
20
-3.2367540157480312
11
6.6091526771653539
21
-3.2367859055118111
0
LINE
8
BLACK
6
CONTINUOUS
10
6.6091526771653539
20
-3.2367859055118111
11
6.6091266535433073
21
-3.2368810236220473
0
LINE
8
BLACK
6
CONTINUOUS
10
6.6091266535433073
20
-3.2368810236220473
11
6.6076268110236223
21
-3.2398806692913387
0
LINE
8
BLACK
6
CONTINUOUS
10
6.6076268110236223
20
-3.2398806692913387
11
6.607433503937008
21
-3.2401296850393702
0
LINE
8
BLACK
6
CONTINUOUS
10
6.607433503937008
20
-3.2401296850393702
11
6.6072580708661413
21
-3.2403923228346456
0
LINE
8
BLACK
6
CONTINUOUS
10
6.6072580708661413
20
-3.2403923228346456
11
6.6057582283464562
21
-3.2418921259842519
0
LINE
8
BLACK
6
CONTINUOUS
10
6.6057582283464562
20
-3.2418921259842519
11
6.6051196062992128
21
-3.2423188188976377
0
LINE
8
BLACK
6
CONTINUOUS
10
6.6051196062992128
20
-3.2423188188976377
11
6.6036129527559053
21
-3.2423188188976377
0
LINE
8
BLACK
6
CONTINUOUS
10
6.6036129527559053
20
-3.2423188188976377
11
6.6025476377952756
21
-3.2412534645669289
0
LINE
8
BLACK
6
CONTINUOUS
10
6.6025476377952756
20
-3.2412534645669289
11
6.6025476377952756
21
-3.2397468110236218
0
LINE
8
BLACK
6
CONTINUOUS
10
6.6025476377952756
20
-3.2397468110236218
11
6.6029743700787398
21
-3.239108188976378
0
LINE
8
BLACK
6
CONTINUOUS
10
6.6029743700787398
20
-3.239108188976378
11
6.6042483464566928
21
-3.2378341732283462
0
LINE
8
BLACK
6
CONTINUOUS
10
6.6042483464566928
20
-3.2378341732283462
11
6.6053974409448815
21
-3.2355360236220472
0
LINE
8
BLACK
6
CONTINUOUS
10
6.6053974409448815
20
-3.2355360236220472
11
6.6053974409448815
21
-3.2274664960629922
0
LINE
8
BLACK
6
CONTINUOUS
10
6.6053974409448815
20
-3.2274664960629922
11
6.6042483464566928
21
-3.2251683464566927
0
LINE
8
BLACK
6
CONTINUOUS
10
6.6042483464566928
20
-3.2251683464566927
11
6.6032001968503939
21
-3.2241201968503934
0
LINE
8
BLACK
6
CONTINUOUS
10
6.6032001968503939
20
-3.2241201968503934
11
6.6009020078740157
21
-3.2229711023622047
0
LINE
8
BLACK
6
CONTINUOUS
10
6.6009020078740157
20
-3.2229711023622047
11
6.5943323228346458
21
-3.2229711023622047
0
LINE
8
BLACK
6
CONTINUOUS
10
6.5943323228346458
20
-3.2229711023622047
11
6.5920340944881888
21
-3.2241201574803151
0
LINE
8
BLACK
6
CONTINUOUS
10
6.5920340944881888
20
-3.2241201574803151
11
6.5909860236220474
21
-3.2251681889763777
0
LINE
8
BLACK
6
CONTINUOUS
10
6.5909860236220474
20
-3.2251681889763777
11
6.5898368897637791
21
-3.2274664960629922
0
LINE
8
BLACK
6
CONTINUOUS
10
6.5898368897637791
20
-3.2274664960629922
11
6.5898368897637791
21
-3.2315012598425197
0
LINE
8
BLACK
6
CONTINUOUS
10
6.5898368897637791
20
-3.2315012598425197
11
6.5897276771653539
21
-3.2320501574803151
0
LINE
8
BLACK
6
CONTINUOUS
10
6.5897276771653539
20
-3.2320501574803151
11
6.5897331496062987
21
-3.2321319291338582
0
LINE
8
BLACK
6
CONTINUOUS
10
6.5897331496062987
20
-3.2321319291338582
11
6.5897050393700782
21
-3.2321640157480314
0
LINE
8
BLACK
6
CONTINUOUS
10
6.5897050393700782
20
-3.2321640157480314
11
6.5896870472440945
21
-3.2322545669291336
0
LINE
8
BLACK
6
CONTINUOUS
10
6.5896870472440945
20
-3.2322545669291336
11
6.5891974015748032
21
-3.2327442125984249
0
LINE
8
BLACK
6
CONTINUOUS
10
6.5891974015748032
20
-3.2327442125984249
11
6.5887410236220472
21
-3.2332657874015749
0
LINE
8
BLACK
6
CONTINUOUS
10
6.5887410236220472
20
-3.2332657874015749
11
6.5886711417322834
21
-3.2332704330708659
0
LINE
8
BLACK
6
CONTINUOUS
10
6.5886711417322834
20
-3.2332704330708659
11
6.5886216929133861
21
-3.2333199212598425
0
LINE
8
BLACK
6
CONTINUOUS
10
6.5886216929133861
20
-3.2333199212598425
11
6.5879291338582675
21
-3.2333199212598425
0
LINE
8
BLACK
6
CONTINUOUS
10
6.5879291338582675
20
-3.2333199212598425
11
6.5872377165354328
21
-3.2333660236220472
0
LINE
8
BLACK
6
CONTINUOUS
10
6.5872377165354328
20
-3.2333660236220472
11
6.5871576771653544
21
-3.2333199212598425
0
LINE
8
BLACK
6
CONTINUOUS
10
6.5871576771653544
20
-3.2333199212598425
11
6.5871150787401573
21
-3.2333199212598425
0
LINE
8
BLACK
6
CONTINUOUS
10
6.5871150787401573
20
-3.2333199212598425
11
6.5870572440944883
21
-3.233262086614173
0
LINE
8
BLACK
6
CONTINUOUS
10
6.5870572440944883
20
-3.233262086614173
11
6.5865721259842518
21
-3.232982716535433
0
LINE
8
BLACK
6
CONTINUOUS
10
6.5865721259842518
20
-3.232982716535433
11
6.5778383858267713
21
-3.2253407086614172
0
LINE
8
BLACK
6
CONTINUOUS
10
6.5778383858267713
20
-3.2253407086614172
11
6.5778383858267713
21
-3.2405001574803149
0
LINE
8
BLACK
6
CONTINUOUS
10
6.5778383858267713
20
-3.2405001574803149
11
6.5776885433070866
21
-3.2412534645669289
0
LINE
8
BLACK
6
CONTINUOUS
10
6.5776885433070866
20
-3.2412534645669289
11
6.5766231889763782
21
-3.2423188188976377
0
LINE
8
BLACK
6
CONTINUOUS
10
6.5766231889763782
20
-3.2423188188976377
11
6.5751165748031495
21
-3.2423188188976377
0
LINE
8
BLACK
6
CONTINUOUS
10
6.5751165748031495
20
-3.2423188188976377
11
6.5740512204724411
21
-3.2412534645669289
0
LINE
8
BLACK
6
CONTINUOUS
10
6.5740512204724411
20
-3.2412534645669289
11
6.5739013779527555
21
-3.2405001574803149
0
LINE
8
BLACK
6
CONTINUOUS
10
6.5739013779527555
20
-3.2405001574803149
11
6.5739013779527555
21
-3.2210025984251969
0
LINE
8
BLACK
6
CONTINUOUS
10
6.5739013779527555
20
-3.2210025984251969
11
6.5740105905511808
21
-3.2204535039370077
0
LINE
8
BLACK
6
CONTINUOUS
10
6.5740105905511808
20
-3.2204535039370077
11
6.5740051574803147
21
-3.2203719291338584
0
LINE
8
BLACK
6
CONTINUOUS
10
6.5740051574803147
20
-3.2203719291338584
11
6.5740331889763777
21
-3.2203398425196847
0
LINE
8
BLACK
6
CONTINUOUS
10
6.5740331889763777
20
-3.2203398425196847
11
6.5740512204724411
21
-3.2202492913385825
0
LINE
8
BLACK
6
CONTINUOUS
10
6.5740512204724411
20
-3.2202492913385825
11
6.5745409842519686
21
-3.2197594881889762
0
LINE
8
BLACK
6
CONTINUOUS
10
6.5745409842519686
20
-3.2197594881889762
11
6.5749972440944884
21
-3.2192380708661417
0
LINE
8
BLACK
6
CONTINUOUS
10
6.5749972440944884
20
-3.2192380708661417
11
6.5750670866141734
21
-3.2192333858267714
0
LINE
8
BLACK
6
CONTINUOUS
10
6.5750670866141734
20
-3.2192333858267714
11
6.5751165748031495
21
-3.2191839370078741
0
LINE
8
BLACK
6
CONTINUOUS
10
6.5751165748031495
20
-3.2191839370078741
11
6.5758094488188972
21
-3.2191839370078741
0
LINE
8
BLACK
6
CONTINUOUS
10
6.5758094488188972
20
-3.2191839370078741
11
6.5765005511811019
21
-3.2191378740157481
0
LINE
8
BLACK
6
CONTINUOUS
10
6.5765005511811019
20
-3.2191378740157481
11
6.5765805511811024
21
-3.2191839370078741
0
LINE
8
BLACK
6
CONTINUOUS
10
6.5765805511811024
20
-3.2191839370078741
11
6.5766231889763782
21
-3.2191839370078741
0
LINE
8
BLACK
6
CONTINUOUS
10
6.5766231889763782
20
-3.2191839370078741
11
6.576681062992126
21
-3.2192418110236218
0
LINE
8
BLACK
6
CONTINUOUS
10
6.576681062992126
20
-3.2192418110236218
11
6.5771661417322838
21
-3.2195211417322835
0
LINE
8
BLACK
6
CONTINUOUS
10
6.5771661417322838
20
-3.2195211417322835
11
6.5858998818897634
21
-3.2271631102362206
0
LINE
8
BLACK
6
CONTINUOUS
10
6.5858998818897634
20
-3.2271631102362206
11
6.5858998818897634
21
-3.2270018503937008
0
LINE
8
BLACK
6
CONTINUOUS
10
6.5858998818897634
20
-3.2270018503937008
11
6.5859190944881885
21
-3.2269051181102362
0
LINE
8
BLACK
6
CONTINUOUS
10
6.5859190944881885
20
-3.2269051181102362
11
6.5859048425196853
21
-3.2268623228346458
0
LINE
8
BLACK
6
CONTINUOUS
10
6.5859048425196853
20
-3.2268623228346458
11
6.5859881102362205
21
-3.2265581889763779
0
LINE
8
BLACK
6
CONTINUOUS
10
6.5859881102362205
20
-3.2265581889763779
11
6.5860497244094489
21
-3.2262485433070864
0
LINE
8
BLACK
6
CONTINUOUS
10
6.5860497244094489
20
-3.2262485433070864
11
6.5860816535433067
21
-3.2262165748031495
0
LINE
8
BLACK
6
CONTINUOUS
10
6.5860816535433067
20
-3.2262165748031495
11
6.5861077165354329
21
-3.2261215354330708
0
LINE
8
BLACK
6
CONTINUOUS
10
6.5861077165354329
20
-3.2261215354330708
11
6.5876075196850392
21
-3.2231218503937007
0
LINE
8
BLACK
6
CONTINUOUS
10
6.5876075196850392
20
-3.2231218503937007
11
6.5878009448818897
21
-3.2228725590551179
0
LINE
8
BLACK
6
CONTINUOUS
10
6.5878009448818897
20
-3.2228725590551179
11
6.5879762598425193
21
-3.2226102755905512
0
LINE
8
BLACK
6
CONTINUOUS
10
6.5879762598425193
20
-3.2226102755905512
11
6.5894760236220469
21
-3.2211104724409449
0
LINE
8
BLACK
6
CONTINUOUS
10
6.5894760236220469
20
-3.2211104724409449
11
6.5897387795275586
21
-3.2209348818897636
0
LINE
8
BLACK
6
CONTINUOUS
10
6.5897387795275586
20
-3.2209348818897636
11
6.5899876771653538
21
-3.2207417322834644
0
LINE
8
BLACK
6
CONTINUOUS
10
6.5899876771653538
20
-3.2207417322834644
11
6.5929873228346452
21
-3.2192418897637793
0
LINE
8
BLACK
6
CONTINUOUS
10
6.5929873228346452
20
-3.2192418897637793
11
6.5930824015748026
21
-3.2192158267716535
0
LINE
8
BLACK
6
CONTINUOUS
10
6.5930824015748026
20
-3.2192158267716535
11
6.5931143307086613
21
-3.2191839370078741
0
LINE
8
BLACK
6
CONTINUOUS
10
6.5931143307086613
20
-3.2191839370078741
11
6.5934237795275585
21
-3.2191223622047245
0
LINE
8
BLACK
6
CONTINUOUS
10
6.5934237795275585
20
-3.2191223622047245
11
6.5937281102362206
21
-3.2190390551181101
0
LINE
8
BLACK
6
CONTINUOUS
10
6.5937281102362206
20
-3.2190390551181101
11
6.5937709055118106
21
-3.2190533070866141
0
LINE
8
BLACK
6
CONTINUOUS
10
6.5937709055118106
20
-3.2190533070866141
11
6.5938676377952756
21
-3.219034094488189
0
LINE
8
BLACK
6
CONTINUOUS
10
6.5938676377952756
20
-3.219034094488189
11
6.6013666929133858
21
-3.219034094488189
0
LINE
8
BLACK
6
CONTINUOUS
10
6.6013666929133858
20
-3.219034094488189
11
6.6014633858267713
21
-3.2190533070866141
0
LINE
8
BLACK
6
CONTINUOUS
10
6.4538670866141734
20
-3.2043064173228344
11
6.4547292913385821
21
-3.205168622047244
0
LINE
8
BLACK
6
CONTINUOUS
10
6.4547292913385821
20
-3.205168622047244
11
6.4551959055118111
21
-3.2062951181102362
0
LINE
8
BLACK
6
CONTINUOUS
10
6.4551959055118111
20
-3.2062951181102362
11
6.4552559448818894
21
-3.2069047637795274
0
LINE
8
BLACK
6
CONTINUOUS
10
6.4552559448818894
20
-3.2069047637795274
11
6.4552559448818894
21
-3.2180654724409448
0
LINE
8
BLACK
6
CONTINUOUS
10
6.4552559448818894
20
-3.2180654724409448
11
6.5021309448818894
21
-3.2180654724409448
0
LINE
8
BLACK
6
CONTINUOUS
10
6.5021309448818894
20
-3.2180654724409448
11
6.5027405905511806
21
-3.2181255118110235
0
LINE
8
BLACK
6
CONTINUOUS
10
6.5027405905511806
20
-3.2181255118110235
11
6.5038670866141732
21
-3.218592125984252
0
LINE
8
BLACK
6
CONTINUOUS
10
6.5038670866141732
20
-3.218592125984252
11
6.5047292913385828
21
-3.2194543307086612
0
LINE
8
BLACK
6
CONTINUOUS
10
6.5047292913385828
20
-3.2194543307086612
11
6.5051959055118109
21
-3.2205808267716534
0
LINE
8
BLACK
6
CONTINUOUS
10
6.5051959055118109
20
-3.2205808267716534
11
6.5051959055118109
21
-3.2218001181102363
0
LINE
8
BLACK
6
CONTINUOUS
10
6.5051959055118109
20
-3.2218001181102363
11
6.5047292913385828
21
-3.2229266141732285
0
LINE
8
BLACK
6
CONTINUOUS
10
6.5047292913385828
20
-3.2229266141732285
11
6.5038670866141732
21
-3.2237888188976376
0
LINE
8
BLACK
6
CONTINUOUS
10
6.5038670866141732
20
-3.2237888188976376
11
6.5027405905511806
21
-3.2242554330708662
0
LINE
8
BLACK
6
CONTINUOUS
10
6.5027405905511806
20
-3.2242554330708662
11
6.5021309448818894
21
-3.2243154724409449
0
LINE
8
BLACK
6
CONTINUOUS
10
6.5021309448818894
20
-3.2243154724409449
11
6.4552559448818894
21
-3.2243154724409449
0
LINE
8
BLACK
6
CONTINUOUS
10
6.4552559448818894
20
-3.2243154724409449
11
6.4552559448818894
21
-3.2354761811023622
0
LINE
8
BLACK
6
CONTINUOUS
10
6.4552559448818894
20
-3.2354761811023622
11
6.4551959055118111
21
-3.2360858267716535
0
LINE
8
BLACK
6
CONTINUOUS
10
6.4551959055118111
20
-3.2360858267716535
11
6.4547292913385821
21
-3.2372123228346457
0
LINE
8
BLACK
6
CONTINUOUS
10
6.4547292913385821
20
-3.2372123228346457
11
6.4538670866141734
21
-3.2380745275590552
0
LINE
8
BLACK
6
CONTINUOUS
10
6.4538670866141734
20
-3.2380745275590552
11
6.4527405905511808
21
-3.2385411417322834
0
LINE
8
BLACK
6
CONTINUOUS
10
6.4527405905511808
20
-3.2385411417322834
11
6.4515212992125983
21
-3.2385411417322834
0
LINE
8
BLACK
6
CONTINUOUS
10
6.4515212992125983
20
-3.2385411417322834
11
6.4503948031496066
21
-3.2380745275590552
0
LINE
8
BLACK
6
CONTINUOUS
10
6.4503948031496066
20
-3.2380745275590552
11
6.449532598425197
21
-3.2372123228346457
0
LINE
8
BLACK
6
CONTINUOUS
10
6.449532598425197
20
-3.2372123228346457
11
6.449065984251968
21
-3.2360858267716535
0
LINE
8
BLACK
6
CONTINUOUS
10
6.449065984251968
20
-3.2360858267716535
11
6.4490059448818897
21
-3.2354761811023622
0
LINE
8
BLACK
6
CONTINUOUS
10
6.4490059448818897
20
-3.2354761811023622
11
6.4490059448818897
21
-3.2069047637795274
0
LINE
8
BLACK
6
CONTINUOUS
10
6.4490059448818897
20
-3.2069047637795274
11
6.449065984251968
21
-3.2062951181102362
0
LINE
8
BLACK
6
CONTINUOUS
10
6.449065984251968
20
-3.2062951181102362
11
6.449532598425197
21
-3.205168622047244
0
LINE
8
BLACK
6
CONTINUOUS
10
6.449532598425197
20
-3.205168622047244
11
6.4503948031496066
21
-3.2043064173228344
0
LINE
8
BLACK
6
CONTINUOUS
10
6.4503948031496066
20
-3.2043064173228344
11
6.4515212992125983
21
-3.2038398031496063
0
LINE
8
BLACK
6
CONTINUOUS
10
6.4515212992125983
20
-3.2038398031496063
11
6.4527405905511808
21
-3.2038398031496063
0
LINE
8
BLACK
6
CONTINUOUS
10
6.4527405905511808
20
-3.2038398031496063
11
6.4538670866141734
21
-3.2043064173228344
0
LINE
8
BLACK
6
CONTINUOUS
10
5.0122753543307086
20
-3.2024099212598425
11
5.0123766535433072
21
-3.2024099212598425
0
LINE
8
BLACK
6
CONTINUOUS
10
5.0123766535433072
20
-3.2024099212598425
11
5.0125792913385823
21
-3.202612559055118
0
LINE
8
BLACK
6
CONTINUOUS
10
5.0125792913385823
20
-3.202612559055118
11
5.0128177952755903
21
-3.2027715748031493
0
LINE
8
BLACK
6
CONTINUOUS
10
5.0128177952755903
20
-3.2027715748031493
11
5.0128376377952755
21
-3.2028709055118108
0
LINE
8
BLACK
6
CONTINUOUS
10
5.0128376377952755
20
-3.2028709055118108
11
5.012909330708661
21
-3.2029425984251967
0
LINE
8
BLACK
6
CONTINUOUS
10
5.012909330708661
20
-3.2029425984251967
11
5.0129842519685042
21
-3.2033192519685039
0
LINE
8
BLACK
6
CONTINUOUS
10
5.0129842519685042
20
-3.2033192519685039
11
5.0129842519685042
21
-3.2220200393700789
0
LINE
8
BLACK
6
CONTINUOUS
10
5.0129842519685042
20
-3.2220200393700789
11
5.0176242913385822
21
-3.2220200393700789
0
LINE
8
BLACK
6
CONTINUOUS
10
5.0176242913385822
20
-3.2220200393700789
11
5.0180009448818899
21
-3.2220949606299212
0
LINE
8
BLACK
6
CONTINUOUS
10
5.0180009448818899
20
-3.2220949606299212
11
5.0185336220472436
21
-3.2226276377952754
0
LINE
8
BLACK
6
CONTINUOUS
10
5.0185336220472436
20
-3.2226276377952754
11
5.0185336220472436
21
-3.2233809448818898
0
LINE
8
BLACK
6
CONTINUOUS
10
5.0185336220472436
20
-3.2233809448818898
11
5.0180009448818899
21
-3.223913622047244
0
LINE
8
BLACK
6
CONTINUOUS
10
5.0180009448818899
20
-3.223913622047244
11
5.0176242913385822
21
-3.2239885433070867
0
LINE
8
BLACK
6
CONTINUOUS
10
5.0176242913385822
20
-3.2239885433070867
11
5.0063757086614169
21
-3.2239885433070867
0
LINE
8
BLACK
6
CONTINUOUS
10
5.0063757086614169
20
-3.2239885433070867
11
5.0059990551181102
21
-3.223913622047244
0
LINE
8
BLACK
6
CONTINUOUS
10
5.0059990551181102
20
-3.223913622047244
11
5.0054663779527555
21
-3.2233809448818898
0
LINE
8
BLACK
6
CONTINUOUS
10
5.0054663779527555
20
-3.2233809448818898
11
5.0054663779527555
21
-3.2226276377952754
0
LINE
8
BLACK
6
CONTINUOUS
10
5.0054663779527555
20
-3.2226276377952754
11
5.0059990551181102
21
-3.2220949606299212
0
LINE
8
BLACK
6
CONTINUOUS
10
5.0059990551181102
20
-3.2220949606299212
11
5.0063757086614169
21
-3.2220200393700789
0
LINE
8
BLACK
6
CONTINUOUS
10
5.0063757086614169
20
-3.2220200393700789
11
5.0110157480314959
21
-3.2220200393700789
0
LINE
8
BLACK
6
CONTINUOUS
10
5.0110157480314959
20
-3.2220200393700789
11
5.0110157480314959
21
-3.2065699606299214
0
LINE
8
BLACK
6
CONTINUOUS
10
5.0110157480314959
20
-3.2065699606299214
11
5.0109441732283466
21
-3.2066773622047244
0
LINE
8
BLACK
6
CONTINUOUS
10
5.0109441732283466
20
-3.2066773622047244
11
5.0108753543307083
21
-3.2067462992125986
0
LINE
8
BLACK
6
CONTINUOUS
10
5.0108753543307083
20
-3.2067462992125986
11
5.0108211811023624
21
-3.2068274015748033
0
LINE
8
BLACK
6
CONTINUOUS
10
5.0108211811023624
20
-3.2068274015748033
11
5.0089464566929136
21
-3.2087021653543308
0
LINE
8
BLACK
6
CONTINUOUS
10
5.0089464566929136
20
-3.2087021653543308
11
5.0088151181102365
21
-3.2087898818897638
0
LINE
8
BLACK
6
CONTINUOUS
10
5.0088151181102365
20
-3.2087898818897638
11
5.0086906299212597
21
-3.2088865354330709
0
LINE
8
BLACK
6
CONTINUOUS
10
5.0086906299212597
20
-3.2088865354330709
11
5.0068158661417321
21
-3.2098238976377953
0
LINE
8
BLACK
6
CONTINUOUS
10
5.0068158661417321
20
-3.2098238976377953
11
5.0064454724409444
21
-3.2099253149606297
0
LINE
8
BLACK
6
CONTINUOUS
10
5.0064454724409444
20
-3.2099253149606297
11
5.0057308267716536
21
-3.2096870866141733
0
LINE
8
BLACK
6
CONTINUOUS
10
5.0057308267716536
20
-3.2096870866141733
11
5.0053939370078737
21
-3.209013307086614
0
LINE
8
BLACK
6
CONTINUOUS
10
5.0053939370078737
20
-3.209013307086614
11
5.0056321653543305
21
-3.2082986614173228
0
LINE
8
BLACK
6
CONTINUOUS
10
5.0056321653543305
20
-3.2082986614173228
11
5.0059355511811026
21
-3.2080631889763778
0
LINE
8
BLACK
6
CONTINUOUS
10
5.0059355511811026
20
-3.2080631889763778
11
5.007667440944882
21
-3.2071972047244093
0
LINE
8
BLACK
6
CONTINUOUS
10
5.007667440944882
20
-3.2071972047244093
11
5.0093603543307088
21
-3.2055042913385825
0
LINE
8
BLACK
6
CONTINUOUS
10
5.0093603543307088
20
-3.2055042913385825
11
5.0111810629921258
21
-3.2027732677165353
0
LINE
8
BLACK
6
CONTINUOUS
10
5.0111810629921258
20
-3.2027732677165353
11
5.0114523228346455
21
-3.2025014566929135
0
LINE
8
BLACK
6
CONTINUOUS
10
5.0114523228346455
20
-3.2025014566929135
11
5.0115516535433073
21
-3.2024815748031497
0
LINE
8
BLACK
6
CONTINUOUS
10
5.0115516535433073
20
-3.2024815748031497
11
5.0116233464566928
21
-3.2024099212598425
0
LINE
8
BLACK
6
CONTINUOUS
10
5.0116233464566928
20
-3.2024099212598425
11
5.0119099606299216
21
-3.2024099212598425
0
LINE
8
BLACK
6
CONTINUOUS
10
5.0119099606299216
20
-3.2024099212598425
11
5.012191023622047
21
-3.2023537007874014
0
LINE
8
BLACK
6
CONTINUOUS
10
5.012191023622047
20
-3.2023537007874014
11
5.0122753543307086
21
-3.2024099212598425
0
LINE
8
BLACK
6
CONTINUOUS
10
5.4038381496062993
20
-3.1785432283464568
11
5.4039361417322835
21
-3.1785838188976379
0
LINE
8
BLACK
6
CONTINUOUS
10
5.4039361417322835
20
-3.1785838188976379
11
5.4040419685039369
21
-3.178591338582677
0
LINE
8
BLACK
6
CONTINUOUS
10
5.4040419685039369
20
-3.178591338582677
11
5.4045825984251969
21
-3.1787982283464564
0
LINE
8
BLACK
6
CONTINUOUS
10
5.4045825984251969
20
-3.1787982283464564
11
5.4049822834645669
21
-3.1789980314960631
0
LINE
8
BLACK
6
CONTINUOUS
10
5.4049822834645669
20
-3.1789980314960631
11
5.4049962204724409
21
-3.1789841338582678
0
LINE
8
BLACK
6
CONTINUOUS
10
5.4049962204724409
20
-3.1789841338582678
11
5.4060606299212601
21
-3.1785432283464568
0
LINE
8
BLACK
6
CONTINUOUS
10
5.4060606299212601
20
-3.1785432283464568
11
5.4072127559055119
21
-3.1785432283464568
0
LINE
8
BLACK
6
CONTINUOUS
10
5.4072127559055119
20
-3.1785432283464568
11
5.4082771653543302
21
-3.1789841338582678
0
LINE
8
BLACK
6
CONTINUOUS
10
5.4082771653543302
20
-3.1789841338582678
11
5.4090918110236217
21
-3.1797987795275588
0
LINE
8
BLACK
6
CONTINUOUS
10
5.4090918110236217
20
-3.1797987795275588
11
5.4095327165354332
21
-3.1808631889763781
0
LINE
8
BLACK
6
CONTINUOUS
10
5.4095327165354332
20
-3.1808631889763781
11
5.4095894488188971
21
-3.181439251968504
0
LINE
8
BLACK
6
CONTINUOUS
10
5.4095894488188971
20
-3.181439251968504
11
5.4095894488188971
21
-3.2101231496062992
0
LINE
8
BLACK
6
CONTINUOUS
10
5.4095894488188971
20
-3.2101231496062992
11
5.4095327165354332
21
-3.2106992125984251
0
LINE
8
BLACK
6
CONTINUOUS
10
5.4095327165354332
20
-3.2106992125984251
11
5.4094921259842517
21
-3.2107971653543306
0
LINE
8
BLACK
6
CONTINUOUS
10
5.4094921259842517
20
-3.2107971653543306
11
5.4094846062992126
21
-3.2109030708661415
0
LINE
8
BLACK
6
CONTINUOUS
10
5.4094846062992126
20
-3.2109030708661415
11
5.4092777165354331
21
-3.2114436614173227
0
LINE
8
BLACK
6
CONTINUOUS
10
5.4092777165354331
20
-3.2114436614173227
11
5.4075903937007874
21
-3.2148182677165353
0
LINE
8
BLACK
6
CONTINUOUS
10
5.4075903937007874
20
-3.2148182677165353
11
5.4074343307086616
21
-3.2150660629921259
0
LINE
8
BLACK
6
CONTINUOUS
10
5.4074343307086616
20
-3.2150660629921259
11
5.4074045275590548
21
-3.215138149606299
0
LINE
8
BLACK
6
CONTINUOUS
10
5.4074045275590548
20
-3.215138149606299
11
5.4073378740157478
21
-3.2152193307086612
0
LINE
8
BLACK
6
CONTINUOUS
10
5.4073378740157478
20
-3.2152193307086612
11
5.4072820078740156
21
-3.2153081102362204
0
LINE
8
BLACK
6
CONTINUOUS
10
5.4072820078740156
20
-3.2153081102362204
11
5.407223149606299
21
-3.2153591338582674
0
LINE
8
BLACK
6
CONTINUOUS
10
5.407223149606299
20
-3.2153591338582674
11
5.4070373228346451
21
-3.2155855905511812
0
LINE
8
BLACK
6
CONTINUOUS
10
5.4070373228346451
20
-3.2155855905511812
11
5.4053500393700782
21
-3.2172729133858269
0
LINE
8
BLACK
6
CONTINUOUS
10
5.4053500393700782
20
-3.2172729133858269
11
5.4051236614173224
21
-3.2174586614173228
0
LINE
8
BLACK
6
CONTINUOUS
10
5.4051236614173224
20
-3.2174586614173228
11
5.4050724803149608
21
-3.2175177165354332
0
LINE
8
BLACK
6
CONTINUOUS
10
5.4050724803149608
20
-3.2175177165354332
11
5.4049835039370073
21
-3.2175737007874017
0
LINE
8
BLACK
6
CONTINUOUS
10
5.4049835039370073
20
-3.2175737007874017
11
5.4049025590551176
21
-3.2176401574803148
0
LINE
8
BLACK
6
CONTINUOUS
10
5.4049025590551176
20
-3.2176401574803148
11
5.4048305905511809
21
-3.2176699606299213
0
LINE
8
BLACK
6
CONTINUOUS
10
5.4048305905511809
20
-3.2176699606299213
11
5.4045825984251969
21
-3.2178260629921258
0
LINE
8
BLACK
6
CONTINUOUS
10
5.4045825984251969
20
-3.2178260629921258
11
5.4012080314960631
21
-3.2195133464566927
0
LINE
8
BLACK
6
CONTINUOUS
10
5.4012080314960631
20
-3.2195133464566927
11
5.4006674015748031
21
-3.2197202362204722
0
LINE
8
BLACK
6
CONTINUOUS
10
5.4006674015748031
20
-3.2197202362204722
11
5.4005615748031497
21
-3.219727716535433
0
LINE
8
BLACK
6
CONTINUOUS
10
5.4005615748031497
20
-3.219727716535433
11
5.4004635826771654
21
-3.2197683464566929
0
LINE
8
BLACK
6
CONTINUOUS
10
5.4004635826771654
20
-3.2197683464566929
11
5.3998875196850395
21
-3.2198250787401572
0
LINE
8
BLACK
6
CONTINUOUS
10
5.3998875196850395
20
-3.2198250787401572
11
5.3948256692913388
21
-3.2198250787401572
0
LINE
8
BLACK
6
CONTINUOUS
10
5.3948256692913388
20
-3.2198250787401572
11
5.3942496062992129
21
-3.2197683464566929
0
LINE
8
BLACK
6
CONTINUOUS
10
5.3942496062992129
20
-3.2197683464566929
11
5.3941515748031499
21
-3.219727716535433
0
LINE
8
BLACK
6
CONTINUOUS
10
5.3941515748031499
20
-3.219727716535433
11
5.3940457874015744
21
-3.2197202362204722
0
LINE
8
BLACK
6
CONTINUOUS
10
5.3940457874015744
20
-3.2197202362204722
11
5.3935051574803152
21
-3.2195133464566927
0
LINE
8
BLACK
6
CONTINUOUS
10
5.3935051574803152
20
-3.2195133464566927
11
5.3901305511811026
21
-3.2178260629921258
0
LINE
8
BLACK
6
CONTINUOUS
10
5.3901305511811026
20
-3.2178260629921258
11
5.3896406692913388
21
-3.2175177165354332
0
LINE
8
BLACK
6
CONTINUOUS
10
5.3896406692913388
20
-3.2175177165354332
11
5.3888858267716531
21
-3.2166473228346457
0
LINE
8
BLACK
6
CONTINUOUS
10
5.3888858267716531
20
-3.2166473228346457
11
5.3885214960629924
21
-3.2155543700787401
0
LINE
8
BLACK
6
CONTINUOUS
10
5.3885214960629924
20
-3.2155543700787401
11
5.3886031496062987
21
-3.2144051574803147
0
LINE
8
BLACK
6
CONTINUOUS
10
5.3886031496062987
20
-3.2144051574803147
11
5.3891183858267713
21
-3.2133746456692913
0
LINE
8
BLACK
6
CONTINUOUS
10
5.3891183858267713
20
-3.2133746456692913
11
5.3899887795275587
21
-3.212619803149606
0
LINE
8
BLACK
6
CONTINUOUS
10
5.3899887795275587
20
-3.212619803149606
11
5.3910817322834648
21
-3.2122554724409449
0
LINE
8
BLACK
6
CONTINUOUS
10
5.3910817322834648
20
-3.2122554724409449
11
5.3922309448818897
21
-3.2123371259842517
0
LINE
8
BLACK
6
CONTINUOUS
10
5.3922309448818897
20
-3.2123371259842517
11
5.3927715748031497
21
-3.2125440157480316
0
LINE
8
BLACK
6
CONTINUOUS
10
5.3927715748031497
20
-3.2125440157480316
11
5.3955227165354334
21
-3.2139195669291336
0
LINE
8
BLACK
6
CONTINUOUS
10
5.3955227165354334
20
-3.2139195669291336
11
5.399190472440945
21
-3.2139195669291336
0
LINE
8
BLACK
6
CONTINUOUS
10
5.399190472440945
20
-3.2139195669291336
11
5.4015129527559056
21
-3.2127583070866139
0
LINE
8
BLACK
6
CONTINUOUS
10
5.4015129527559056
20
-3.2127583070866139
11
5.4025225984251968
21
-3.2117486614173227
0
LINE
8
BLACK
6
CONTINUOUS
10
5.4025225984251968
20
-3.2117486614173227
11
5.403683937007874
21
-3.2094260236220471
0
LINE
8
BLACK
6
CONTINUOUS
10
5.403683937007874
20
-3.2094260236220471
11
5.403683937007874
21
-3.2079724803149605
0
LINE
8
BLACK
6
CONTINUOUS
10
5.403683937007874
20
-3.2079724803149605
11
5.4032620866141734
21
-3.20801405511811
0
LINE
8
BLACK
6
CONTINUOUS
10
5.4032620866141734
20
-3.20801405511811
11
5.3965129527559057
21
-3.20801405511811
0
LINE
8
BLACK
6
CONTINUOUS
10
5.3965129527559057
20
-3.20801405511811
11
5.3959368897637798
21
-3.2079573228346456
0
LINE
8
BLACK
6
CONTINUOUS
10
5.3959368897637798
20
-3.2079573228346456
11
5.3958388582677168
21
-3.2079166929133858
0
LINE
8
BLACK
6
CONTINUOUS
10
5.3958388582677168
20
-3.2079166929133858
11
5.3957330708661413
21
-3.207909212598425
0
LINE
8
BLACK
6
CONTINUOUS
10
5.3957330708661413
20
-3.207909212598425
11
5.3951924409448822
21
-3.2077023228346455
0
LINE
8
BLACK
6
CONTINUOUS
10
5.3951924409448822
20
-3.2077023228346455
11
5.3918178346456695
21
-3.2060150393700786
0
LINE
8
BLACK
6
CONTINUOUS
10
5.3918178346456695
20
-3.2060150393700786
11
5.391569803149606
21
-3.2058589370078741
0
LINE
8
BLACK
6
CONTINUOUS
10
5.391569803149606
20
-3.2058589370078741
11
5.391497874015748
21
-3.2058291338582676
0
LINE
8
BLACK
6
CONTINUOUS
10
5.391497874015748
20
-3.2058291338582676
11
5.3914168897637795
21
-3.2057626377952757
0
LINE
8
BLACK
6
CONTINUOUS
10
5.3914168897637795
20
-3.2057626377952757
11
5.3913279527559057
21
-3.2057066929133859
0
LINE
8
BLACK
6
CONTINUOUS
10
5.3913279527559057
20
-3.2057066929133859
11
5.3912767716535432
21
-3.2056476771653544
0
LINE
8
BLACK
6
CONTINUOUS
10
5.3912767716535432
20
-3.2056476771653544
11
5.3910504330708662
21
-3.2054619291338584
0
LINE
8
BLACK
6
CONTINUOUS
10
5.3910504330708662
20
-3.2054619291338584
11
5.3893631102362205
21
-3.203774566929134
0
LINE
8
BLACK
6
CONTINUOUS
10
5.3893631102362205
20
-3.203774566929134
11
5.3891773622047241
21
-3.2035482283464565
0
LINE
8
BLACK
6
CONTINUOUS
10
5.3891773622047241
20
-3.2035482283464565
11
5.3891183858267713
21
-3.2034970866141732
0
LINE
8
BLACK
6
CONTINUOUS
10
5.3891183858267713
20
-3.2034970866141732
11
5.3890624015748028
21
-3.2034081496062989
0
LINE
8
BLACK
6
CONTINUOUS
10
5.3890624015748028
20
-3.2034081496062989
11
5.3889959055118108
21
-3.2033271259842517
0
LINE
8
BLACK
6
CONTINUOUS
10
5.3889959055118108
20
-3.2033271259842517
11
5.3889660629921261
21
-3.2032550787401575
0
LINE
8
BLACK
6
CONTINUOUS
10
5.3889660629921261
20
-3.2032550787401575
11
5.3888100393700782
21
-3.2030072047244094
0
LINE
8
BLACK
6
CONTINUOUS
10
5.3888100393700782
20
-3.2030072047244094
11
5.3871227559055113
21
-3.1996326377952755
0
LINE
8
BLACK
6
CONTINUOUS
10
5.3871227559055113
20
-3.1996326377952755
11
5.3869158661417318
21
-3.1990920078740155
0
LINE
8
BLACK
6
CONTINUOUS
10
5.3869158661417318
20
-3.1990920078740155
11
5.3869083464566927
21
-3.1989861811023621
0
LINE
8
BLACK
6
CONTINUOUS
10
5.3869083464566927
20
-3.1989861811023621
11
5.386867755905512
21
-3.1988881889763778
0
LINE
8
BLACK
6
CONTINUOUS
10
5.386867755905512
20
-3.1988881889763778
11
5.3868110236220472
21
-3.198312125984252
0
LINE
8
BLACK
6
CONTINUOUS
10
5.3868110236220472
20
-3.198312125984252
11
5.3868110236220472
21
-3.1881883858267717
0
LINE
8
BLACK
6
CONTINUOUS
10
5.3868110236220472
20
-3.1881883858267717
11
5.386867755905512
21
-3.1876123228346458
0
LINE
8
BLACK
6
CONTINUOUS
10
5.386867755905512
20
-3.1876123228346458
11
5.3869083464566927
21
-3.1875142913385828
0
LINE
8
BLACK
6
CONTINUOUS
10
5.3869083464566927
20
-3.1875142913385828
11
5.3869158661417318
21
-3.1874085039370077
0
LINE
8
BLACK
6
CONTINUOUS
10
5.3869158661417318
20
-3.1874085039370077
11
5.3871227559055113
21
-3.1868678740157481
0
LINE
8
BLACK
6
CONTINUOUS
10
5.3871227559055113
20
-3.1868678740157481
11
5.3888100393700782
21
-3.1834933070866143
0
LINE
8
BLACK
6
CONTINUOUS
10
5.3888100393700782
20
-3.1834933070866143
11
5.3889661023622049
21
-3.1832452755905511
0
LINE
8
BLACK
6
CONTINUOUS
10
5.3889661023622049
20
-3.1832452755905511
11
5.3889959448818896
21
-3.1831733464566927
0
LINE
8
BLACK
6
CONTINUOUS
10
5.3889959448818896
20
-3.1831733464566927
11
5.3890624015748028
21
-3.1830923622047242
0
LINE
8
BLACK
6
CONTINUOUS
10
5.3890624015748028
20
-3.1830923622047242
11
5.3891183858267713
21
-3.1830034251968504
0
LINE
8
BLACK
6
CONTINUOUS
10
5.3891183858267713
20
-3.1830034251968504
11
5.3891773622047241
21
-3.182952244094488
0
LINE
8
BLACK
6
CONTINUOUS
10
5.3891773622047241
20
-3.182952244094488
11
5.3893631496062993
21
-3.1827259055118109
0
LINE
8
BLACK
6
CONTINUOUS
10
5.3893631496062993
20
-3.1827259055118109
11
5.3910504330708662
21
-3.181038622047244
0
LINE
8
BLACK
6
CONTINUOUS
10
5.3910504330708662
20
-3.181038622047244
11
5.3912767716535432
21
-3.1808528346456693
0
LINE
8
BLACK
6
CONTINUOUS
10
5.3912767716535432
20
-3.1808528346456693
11
5.3913279527559057
21
-3.1807938582677164
0
LINE
8
BLACK
6
CONTINUOUS
10
5.3913279527559057
20
-3.1807938582677164
11
5.3914168897637795
21
-3.1807378740157479
0
LINE
8
BLACK
6
CONTINUOUS
10
5.3914168897637795
20
-3.1807378740157479
11
5.391497874015748
21
-3.1806714173228348
0
LINE
8
BLACK
6
CONTINUOUS
10
5.391497874015748
20
-3.1806714173228348
11
5.391569803149606
21
-3.1806415748031496
0
LINE
8
BLACK
6
CONTINUOUS
10
5.391569803149606
20
-3.1806415748031496
11
5.3918178346456695
21
-3.1804855118110233
0
LINE
8
BLACK
6
CONTINUOUS
10
5.3918178346456695
20
-3.1804855118110233
11
5.3951924409448822
21
-3.1787982283464564
0
LINE
8
BLACK
6
CONTINUOUS
10
5.3951924409448822
20
-3.1787982283464564
11
5.3957330708661413
21
-3.178591338582677
0
LINE
8
BLACK
6
CONTINUOUS
10
5.3957330708661413
20
-3.178591338582677
11
5.3958388582677168
21
-3.1785838188976379
0
LINE
8
BLACK
6
CONTINUOUS
10
5.3958388582677168
20
-3.1785838188976379
11
5.3959368897637798
21
-3.1785432283464568
0
LINE
8
BLACK
6
CONTINUOUS
10
5.3959368897637798
20
-3.1785432283464568
11
5.3965129527559057
21
-3.1784864960629919
0
LINE
8
BLACK
6
CONTINUOUS
10
5.3965129527559057
20
-3.1784864960629919
11
5.4032620866141734
21
-3.1784864960629919
0
LINE
8
BLACK
6
CONTINUOUS
10
5.4032620866141734
20
-3.1784864960629919
11
5.4038381496062993
21
-3.1785432283464568
0
LINE
8
BLACK
6
CONTINUOUS
10
5.3948874015748034
20
-3.1855532677165352
11
5.3938777952755901
21
-3.1865629133858269
0
LINE
8
BLACK
6
CONTINUOUS
10
5.3938777952755901
20
-3.1865629133858269
11
5.3927165354330704
21
-3.1888854330708662
0
LINE
8
BLACK
6
CONTINUOUS
10
5.3927165354330704
20
-3.1888854330708662
11
5.3927165354330704
21
-3.1976150787401574
0
LINE
8
BLACK
6
CONTINUOUS
10
5.3927165354330704
20
-3.1976150787401574
11
5.3938777952755901
21
-3.1999375984251968
0
LINE
8
BLACK
6
CONTINUOUS
10
5.3938777952755901
20
-3.1999375984251968
11
5.3948874409448822
21
-3.2009472834645667
0
LINE
8
BLACK
6
CONTINUOUS
10
5.3948874409448822
20
-3.2009472834645667
11
5.3972100000000003
21
-3.2021085433070864
0
LINE
8
BLACK
6
CONTINUOUS
10
5.3972100000000003
20
-3.2021085433070864
11
5.4025650393700788
21
-3.2021085433070864
0
LINE
8
BLACK
6
CONTINUOUS
10
5.4025650393700788
20
-3.2021085433070864
11
5.403683937007874
21
-3.2015490944881888
0
LINE
8
BLACK
6
CONTINUOUS
10
5.403683937007874
20
-3.2015490944881888
11
5.403683937007874
21
-3.1849514173228344
0
LINE
8
BLACK
6
CONTINUOUS
10
5.403683937007874
20
-3.1849514173228344
11
5.4025650393700788
21
-3.1843920078740156
0
LINE
8
BLACK
6
CONTINUOUS
10
5.4025650393700788
20
-3.1843920078740156
11
5.3972100000000003
21
-3.1843920078740156
0
LINE
8
BLACK
6
CONTINUOUS
10
5.3972100000000003
20
-3.1843920078740156
11
5.3948874015748034
21
-3.1855532677165352
0
LINE
8
BLACK
6
CONTINUOUS
10
5.3700923622047245
20
-3.1785432283464568
11
5.3701903543307088
21
-3.1785838188976379
0
LINE
8
BLACK
6
CONTINUOUS
10
5.3701903543307088
20
-3.1785838188976379
11
5.3702961811023622
21
-3.178591338582677
0
LINE
8
BLACK
6
CONTINUOUS
10
5.3702961811023622
20
-3.178591338582677
11
5.3708368110236222
21
-3.1787982283464564
0
LINE
8
BLACK
6
CONTINUOUS
10
5.3708368110236222
20
-3.1787982283464564
11
5.3742113779527561
21
-3.1804855118110233
0
LINE
8
BLACK
6
CONTINUOUS
10
5.3742113779527561
20
-3.1804855118110233
11
5.3744592519685037
21
-3.1806415354330708
0
LINE
8
BLACK
6
CONTINUOUS
10
5.3744592519685037
20
-3.1806415354330708
11
5.374531299212598
21
-3.180671377952756
0
LINE
8
BLACK
6
CONTINUOUS
10
5.374531299212598
20
-3.180671377952756
11
5.3746123228346452
21
-3.1807378740157479
0
LINE
8
BLACK
6
CONTINUOUS
10
5.3746123228346452
20
-3.1807378740157479
11
5.3747012598425199
21
-3.1807938582677164
0
LINE
8
BLACK
6
CONTINUOUS
10
5.3747012598425199
20
-3.1807938582677164
11
5.3747524015748027
21
-3.1808528346456693
0
LINE
8
BLACK
6
CONTINUOUS
10
5.3747524015748027
20
-3.1808528346456693
11
5.3749787401574798
21
-3.1810385826771652
0
LINE
8
BLACK
6
CONTINUOUS
10
5.3749787401574798
20
-3.1810385826771652
11
5.3766661023622042
21
-3.1827259055118109
0
LINE
8
BLACK
6
CONTINUOUS
10
5.3766661023622042
20
-3.1827259055118109
11
5.3768518503937006
21
-3.182952244094488
0
LINE
8
BLACK
6
CONTINUOUS
10
5.3768518503937006
20
-3.182952244094488
11
5.3769108661417322
21
-3.1830034251968504
0
LINE
8
BLACK
6
CONTINUOUS
10
5.3769108661417322
20
-3.1830034251968504
11
5.376966811023622
21
-3.1830923622047242
0
LINE
8
BLACK
6
CONTINUOUS
10
5.376966811023622
20
-3.1830923622047242
11
5.3770333070866139
21
-3.1831733464566927
0
LINE
8
BLACK
6
CONTINUOUS
10
5.3770333070866139
20
-3.1831733464566927
11
5.3770631102362207
21
-3.1832452755905511
0
LINE
8
BLACK
6
CONTINUOUS
10
5.3770631102362207
20
-3.1832452755905511
11
5.3772192125984253
21
-3.1834933070866143
0
LINE
8
BLACK
6
CONTINUOUS
10
5.3772192125984253
20
-3.1834933070866143
11
5.3789064960629922
21
-3.1868678740157481
0
LINE
8
BLACK
6
CONTINUOUS
10
5.3789064960629922
20
-3.1868678740157481
11
5.3791133858267717
21
-3.1874085039370077
0
LINE
8
BLACK
6
CONTINUOUS
10
5.3791133858267717
20
-3.1874085039370077
11
5.379120866141732
21
-3.1875142913385828
0
LINE
8
BLACK
6
CONTINUOUS
10
5.379120866141732
20
-3.1875142913385828
11
5.3791614960629923
21
-3.1876123228346458
0
LINE
8
BLACK
6
CONTINUOUS
10
5.3791614960629923
20
-3.1876123228346458
11
5.3792182283464562
21
-3.1881883858267717
0
LINE
8
BLACK
6
CONTINUOUS
10
5.3792182283464562
20
-3.1881883858267717
11
5.3792182283464562
21
-3.198312125984252
0
LINE
8
BLACK
6
CONTINUOUS
10
5.3792182283464562
20
-3.198312125984252
11
5.3791614960629923
21
-3.1988881889763778
0
LINE
8
BLACK
6
CONTINUOUS
10
5.3791614960629923
20
-3.1988881889763778
11
5.379120866141732
21
-3.1989861811023621
0
LINE
8
BLACK
6
CONTINUOUS
10
5.379120866141732
20
-3.1989861811023621
11
5.3791133858267717
21
-3.1990920078740155
0
LINE
8
BLACK
6
CONTINUOUS
10
5.3791133858267717
20
-3.1990920078740155
11
5.3789064960629922
21
-3.1996326377952755
0
LINE
8
BLACK
6
CONTINUOUS
10
5.3789064960629922
20
-3.1996326377952755
11
5.3772192125984253
21
-3.2030072047244094
0
LINE
8
BLACK
6
CONTINUOUS
10
5.3772192125984253
20
-3.2030072047244094
11
5.3770631102362207
21
-3.2032551968503937
0
LINE
8
BLACK
6
CONTINUOUS
10
5.3770631102362207
20
-3.2032551968503937
11
5.3770333070866139
21
-3.2033271653543305
0
LINE
8
BLACK
6
CONTINUOUS
10
5.3770333070866139
20
-3.2033271653543305
11
5.376966811023622
21
-3.2034081102362202
0
LINE
8
BLACK
6
CONTINUOUS
10
5.376966811023622
20
-3.2034081102362202
11
5.3769108661417322
21
-3.2034970866141732
0
LINE
8
BLACK
6
CONTINUOUS
10
5.3769108661417322
20
-3.2034970866141732
11
5.3768518503937006
21
-3.2035482283464565
0
LINE
8
BLACK
6
CONTINUOUS
10
5.3768518503937006
20
-3.2035482283464565
11
5.3766661023622042
21
-3.2037746062992127
0
LINE
8
BLACK
6
CONTINUOUS
10
5.3766661023622042
20
-3.2037746062992127
11
5.3749787795275585
21
-3.2054619291338584
0
LINE
8
BLACK
6
CONTINUOUS
10
5.3749787795275585
20
-3.2054619291338584
11
5.3747524015748027
21
-3.2056476771653544
0
LINE
8
BLACK
6
CONTINUOUS
10
5.3747524015748027
20
-3.2056476771653544
11
5.3747012598425199
21
-3.2057066929133859
0
LINE
8
BLACK
6
CONTINUOUS
10
5.3747012598425199
20
-3.2057066929133859
11
5.3746122834645664
21
-3.2057626377952757
0
LINE
8
BLACK
6
CONTINUOUS
10
5.3746122834645664
20
-3.2057626377952757
11
5.3745313385826767
21
-3.2058291338582676
0
LINE
8
BLACK
6
CONTINUOUS
10
5.3745313385826767
20
-3.2058291338582676
11
5.37445937007874
21
-3.2058589370078741
0
LINE
8
BLACK
6
CONTINUOUS
10
5.37445937007874
20
-3.2058589370078741
11
5.3742113779527561
21
-3.2060150393700786
0
LINE
8
BLACK
6
CONTINUOUS
10
5.3742113779527561
20
-3.2060150393700786
11
5.3708368110236222
21
-3.2077023228346455
0
LINE
8
BLACK
6
CONTINUOUS
10
5.3708368110236222
20
-3.2077023228346455
11
5.3702961811023622
21
-3.207909212598425
0
LINE
8
BLACK
6
CONTINUOUS
10
5.3702961811023622
20
-3.207909212598425
11
5.3701903543307088
21
-3.2079166929133858
0
LINE
8
BLACK
6
CONTINUOUS
10
5.3701903543307088
20
-3.2079166929133858
11
5.3700923622047245
21
-3.2079573228346456
0
LINE
8
BLACK
6
CONTINUOUS
10
5.3700923622047245
20
-3.2079573228346456
11
5.3695162992125987
21
-3.20801405511811
0
LINE
8
BLACK
6
CONTINUOUS
10
5.3695162992125987
20
-3.20801405511811
11
5.3644544488188979
21
-3.20801405511811
0
LINE
8
BLACK
6
CONTINUOUS
10
5.3644544488188979
20
-3.20801405511811
11
5.3638783858267711
21
-3.2079573228346456
0
LINE
8
BLACK
6
CONTINUOUS
10
5.3638783858267711
20
-3.2079573228346456
11
5.3637803543307081
21
-3.2079166929133858
0
LINE
8
BLACK
6
CONTINUOUS
10
5.3637803543307081
20
-3.2079166929133858
11
5.3636745669291335
21
-3.207909212598425
0
LINE
8
BLACK
6
CONTINUOUS
10
5.3636745669291335
20
-3.207909212598425
11
5.3631339370078743
21
-3.2077023228346455
0
LINE
8
BLACK
6
CONTINUOUS
10
5.3631339370078743
20
-3.2077023228346455
11
5.3597593307086617
21
-3.2060150393700786
0
LINE
8
BLACK
6
CONTINUOUS
10
5.3597593307086617
20
-3.2060150393700786
11
5.3595112992125982
21
-3.2058589370078741
0
LINE
8
BLACK
6
CONTINUOUS
10
5.3595112992125982
20
-3.2058589370078741
11
5.3594393700787402
21
-3.2058291338582676
0
LINE
8
BLACK
6
CONTINUOUS
10
5.3594393700787402
20
-3.2058291338582676
11
5.3593583858267717
21
-3.2057626377952757
0
LINE
8
BLACK
6
CONTINUOUS
10
5.3593583858267717
20
-3.2057626377952757
11
5.3592694488188979
21
-3.2057066929133859
0
LINE
8
BLACK
6
CONTINUOUS
10
5.3592694488188979
20
-3.2057066929133859
11
5.3592182677165354
21
-3.2056476771653544
0
LINE
8
BLACK
6
CONTINUOUS
10
5.3592182677165354
20
-3.2056476771653544
11
5.3589919291338584
21
-3.2054619291338584
0
LINE
8
BLACK
6
CONTINUOUS
10
5.3589919291338584
20
-3.2054619291338584
11
5.3573046062992127
21
-3.203774566929134
0
LINE
8
BLACK
6
CONTINUOUS
10
5.3573046062992127
20
-3.203774566929134
11
5.3571188582677163
21
-3.2035482283464565
0
LINE
8
BLACK
6
CONTINUOUS
10
5.3571188582677163
20
-3.2035482283464565
11
5.3570598818897635
21
-3.2034970866141732
0
LINE
8
BLACK
6
CONTINUOUS
10
5.3570598818897635
20
-3.2034970866141732
11
5.3570038976377949
21
-3.2034081496062989
0
LINE
8
BLACK
6
CONTINUOUS
10
5.3570038976377949
20
-3.2034081496062989
11
5.356937401574803
21
-3.2033271259842517
0
LINE
8
BLACK
6
CONTINUOUS
10
5.356937401574803
20
-3.2033271259842517
11
5.3569075590551183
21
-3.2032550787401575
0
LINE
8
BLACK
6
CONTINUOUS
10
5.3569075590551183
20
-3.2032550787401575
11
5.3567515354330704
21
-3.2030072047244094
0
LINE
8
BLACK
6
CONTINUOUS
10
5.3567515354330704
20
-3.2030072047244094
11
5.3550642519685034
21
-3.1996326377952755
0
LINE
8
BLACK
6
CONTINUOUS
10
5.3550642519685034
20
-3.1996326377952755
11
5.354857362204724
21
-3.1990920078740155
0
LINE
8
BLACK
6
CONTINUOUS
10
5.354857362204724
20
-3.1990920078740155
11
5.3548498425196849
21
-3.1989861811023621
0
LINE
8
BLACK
6
CONTINUOUS
10
5.3548498425196849
20
-3.1989861811023621
11
5.3548092519685042
21
-3.1988881889763778
0
LINE
8
BLACK
6
CONTINUOUS
10
5.3548092519685042
20
-3.1988881889763778
11
5.3547525196850394
21
-3.198312125984252
0
LINE
8
BLACK
6
CONTINUOUS
10
5.3547525196850394
20
-3.198312125984252
11
5.3547525196850394
21
-3.1881883858267717
0
LINE
8
BLACK
6
CONTINUOUS
10
5.3547525196850394
20
-3.1881883858267717
11
5.3548092519685042
21
-3.1876123228346458
0
LINE
8
BLACK
6
CONTINUOUS
10
5.3548092519685042
20
-3.1876123228346458
11
5.3548498425196849
21
-3.1875142913385828
0
LINE
8
BLACK
6
CONTINUOUS
10
5.3548498425196849
20
-3.1875142913385828
11
5.354857362204724
21
-3.1874085039370077
0
LINE
8
BLACK
6
CONTINUOUS
10
5.354857362204724
20
-3.1874085039370077
11
5.3550642519685034
21
-3.1868678740157481
0
LINE
8
BLACK
6
CONTINUOUS
10
5.3550642519685034
20
-3.1868678740157481
11
5.3567515354330704
21
-3.1834933070866143
0
LINE
8
BLACK
6
CONTINUOUS
10
5.3567515354330704
20
-3.1834933070866143
11
5.356907598425197
21
-3.1832452755905511
0
LINE
8
BLACK
6
CONTINUOUS
10
5.356907598425197
20
-3.1832452755905511
11
5.3569374409448818
21
-3.1831733464566927
0
LINE
8
BLACK
6
CONTINUOUS
10
5.3569374409448818
20
-3.1831733464566927
11
5.3570038976377949
21
-3.1830923622047242
0
LINE
8
BLACK
6
CONTINUOUS
10
5.3570038976377949
20
-3.1830923622047242
11
5.3570598818897635
21
-3.1830034251968504
0
LINE
8
BLACK
6
CONTINUOUS
10
5.3570598818897635
20
-3.1830034251968504
11
5.3571188582677163
21
-3.182952244094488
0
LINE
8
BLACK
6
CONTINUOUS
10
5.3571188582677163
20
-3.182952244094488
11
5.3573046456692914
21
-3.1827259055118109
0
LINE
8
BLACK
6
CONTINUOUS
10
5.3573046456692914
20
-3.1827259055118109
11
5.3589919291338584
21
-3.181038622047244
0
LINE
8
BLACK
6
CONTINUOUS
10
5.3589919291338584
20
-3.181038622047244
11
5.3592182677165354
21
-3.1808528346456693
0
LINE
8
BLACK
6
CONTINUOUS
10
5.3592182677165354
20
-3.1808528346456693
11
5.3592694488188979
21
-3.1807938582677164
0
LINE
8
BLACK
6
CONTINUOUS
10
5.3592694488188979
20
-3.1807938582677164
11
5.3593583858267717
21
-3.1807378740157479
0
LINE
8
BLACK
6
CONTINUOUS
10
5.3593583858267717
20
-3.1807378740157479
11
5.3594393700787402
21
-3.1806714173228348
0
LINE
8
BLACK
6
CONTINUOUS
10
5.3594393700787402
20
-3.1806714173228348
11
5.3595112992125982
21
-3.1806415748031496
0
LINE
8
BLACK
6
CONTINUOUS
10
5.3595112992125982
20
-3.1806415748031496
11
5.3597593307086617
21
-3.1804855118110233
0
LINE
8
BLACK
6
CONTINUOUS
10
5.3597593307086617
20
-3.1804855118110233
11
5.3631339370078743
21
-3.1787982283464564
0
LINE
8
BLACK
6
CONTINUOUS
10
5.3631339370078743
20
-3.1787982283464564
11
5.3636745669291335
21
-3.178591338582677
0
LINE
8
BLACK
6
CONTINUOUS
10
5.3636745669291335
20
-3.178591338582677
11
5.3637803543307081
21
-3.1785838188976379
0
LINE
8
BLACK
6
CONTINUOUS
10
5.3637803543307081
20
-3.1785838188976379
11
5.3638783858267711
21
-3.1785432283464568
0
LINE
8
BLACK
6
CONTINUOUS
10
5.3638783858267711
20
-3.1785432283464568
11
5.3644544488188979
21
-3.1784864960629919
0
LINE
8
BLACK
6
CONTINUOUS
10
5.3644544488188979
20
-3.1784864960629919
11
5.3695162992125987
21
-3.1784864960629919
0
LINE
8
BLACK
6
CONTINUOUS
10
5.3695162992125987
20
-3.1784864960629919
11
5.3700923622047245
21
-3.1785432283464568
0
LINE
8
BLACK
6
CONTINUOUS
10
5.3628288976377956
20
-3.1855532677165352
11
5.3618192913385823
21
-3.1865629133858269
0
LINE
8
BLACK
6
CONTINUOUS
10
5.3618192913385823
20
-3.1865629133858269
11
5.3606580314960626
21
-3.1888854330708662
0
LINE
8
BLACK
6
CONTINUOUS
10
5.3606580314960626
20
-3.1888854330708662
11
5.3606580314960626
21
-3.1976150787401574
0
LINE
8
BLACK
6
CONTINUOUS
10
5.3606580314960626
20
-3.1976150787401574
11
5.3618192913385823
21
-3.1999375984251968
0
LINE
8
BLACK
6
CONTINUOUS
10
5.3618192913385823
20
-3.1999375984251968
11
5.3628289370078743
21
-3.2009472834645667
0
LINE
8
BLACK
6
CONTINUOUS
10
5.3628289370078743
20
-3.2009472834645667
11
5.3651514960629916
21
-3.2021085433070864
0
LINE
8
BLACK
6
CONTINUOUS
10
5.3651514960629916
20
-3.2021085433070864
11
5.3688192519685041
21
-3.2021085433070864
0
LINE
8
BLACK
6
CONTINUOUS
10
5.3688192519685041
20
-3.2021085433070864
11
5.3711417716535435
21
-3.2009472834645667
0
LINE
8
BLACK
6
CONTINUOUS
10
5.3711417716535435
20
-3.2009472834645667
11
5.3721514566929134
21
-3.1999375984251968
0
LINE
8
BLACK
6
CONTINUOUS
10
5.3721514566929134
20
-3.1999375984251968
11
5.3733127165354331
21
-3.1976150787401574
0
LINE
8
BLACK
6
CONTINUOUS
10
5.3733127165354331
20
-3.1976150787401574
11
5.3733127165354331
21
-3.1888854330708662
0
LINE
8
BLACK
6
CONTINUOUS
10
5.3733127165354331
20
-3.1888854330708662
11
5.3721514566929134
21
-3.1865629133858269
0
LINE
8
BLACK
6
CONTINUOUS
10
5.3721514566929134
20
-3.1865629133858269
11
5.3711417716535435
21
-3.1855532677165352
0
LINE
8
BLACK
6
CONTINUOUS
10
5.3711417716535435
20
-3.1855532677165352
11
5.3688192519685041
21
-3.1843920078740156
0
LINE
8
BLACK
6
CONTINUOUS
10
5.3688192519685041
20
-3.1843920078740156
11
5.3651514960629916
21
-3.1843920078740156
0
LINE
8
BLACK
6
CONTINUOUS
10
5.3651514960629916
20
-3.1843920078740156
11
5.3628288976377956
21
-3.1855532677165352
0
LINE
8
BLACK
6
CONTINUOUS
10
5.3160990944881892
20
-3.1667322047244095
11
5.3161970866141735
21
-3.1667727952755906
0
LINE
8
BLACK
6
CONTINUOUS
10
5.3161970866141735
20
-3.1667727952755906
11
5.3163029133858268
21
-3.1667803149606297
0
LINE
8
BLACK
6
CONTINUOUS
10
5.3163029133858268
20
-3.1667803149606297
11
5.3168435433070869
21
-3.1669872047244092
0
LINE
8
BLACK
6
CONTINUOUS
10
5.3168435433070869
20
-3.1669872047244092
11
5.3202181496062995
21
-3.1686744881889761
0
LINE
8
BLACK
6
CONTINUOUS
10
5.3202181496062995
20
-3.1686744881889761
11
5.3204661417322834
21
-3.1688305511811024
0
LINE
8
BLACK
6
CONTINUOUS
10
5.3204661417322834
20
-3.1688305511811024
11
5.3205381102362201
21
-3.1688603937007875
0
LINE
8
BLACK
6
CONTINUOUS
10
5.3205381102362201
20
-3.1688603937007875
11
5.3206190551181098
21
-3.1689268503937007
0
LINE
8
BLACK
6
CONTINUOUS
10
5.3206190551181098
20
-3.1689268503937007
11
5.3207080314960633
21
-3.1689828346456692
0
LINE
8
BLACK
6
CONTINUOUS
10
5.3207080314960633
20
-3.1689828346456692
11
5.3207591732283461
21
-3.169041811023622
0
LINE
8
BLACK
6
CONTINUOUS
10
5.3207591732283461
20
-3.169041811023622
11
5.3209855511811019
21
-3.1692275984251967
0
LINE
8
BLACK
6
CONTINUOUS
10
5.3209855511811019
20
-3.1692275984251967
11
5.3226728346456689
21
-3.1709148818897637
0
LINE
8
BLACK
6
CONTINUOUS
10
5.3226728346456689
20
-3.1709148818897637
11
5.3228585826771653
21
-3.1711412204724407
0
LINE
8
BLACK
6
CONTINUOUS
10
5.3228585826771653
20
-3.1711412204724407
11
5.3229175984251969
21
-3.1711924015748032
0
LINE
8
BLACK
6
CONTINUOUS
10
5.3229175984251969
20
-3.1711924015748032
11
5.3229735433070866
21
-3.171281338582677
0
LINE
8
BLACK
6
CONTINUOUS
10
5.3229735433070866
20
-3.171281338582677
11
5.3230400393700785
21
-3.1713623228346455
0
LINE
8
BLACK
6
CONTINUOUS
10
5.3230400393700785
20
-3.1713623228346455
11
5.3230698425196845
21
-3.1714342519685039
0
LINE
8
BLACK
6
CONTINUOUS
10
5.3230698425196845
20
-3.1714342519685039
11
5.3232259448818899
21
-3.171682283464567
0
LINE
8
BLACK
6
CONTINUOUS
10
5.3232259448818899
20
-3.171682283464567
11
5.3249132283464569
21
-3.1750568503937009
0
LINE
8
BLACK
6
CONTINUOUS
10
5.3249132283464569
20
-3.1750568503937009
11
5.3251201181102363
21
-3.1755974803149605
0
LINE
8
BLACK
6
CONTINUOUS
10
5.3251201181102363
20
-3.1755974803149605
11
5.3251275984251967
21
-3.1757032677165355
0
LINE
8
BLACK
6
CONTINUOUS
10
5.3251275984251967
20
-3.1757032677165355
11
5.325168228346457
21
-3.1758012992125986
0
LINE
8
BLACK
6
CONTINUOUS
10
5.325168228346457
20
-3.1758012992125986
11
5.3252249606299209
21
-3.1763773622047244
0
LINE
8
BLACK
6
CONTINUOUS
10
5.3252249606299209
20
-3.1763773622047244
11
5.3252249606299209
21
-3.181439251968504
0
LINE
8
BLACK
6
CONTINUOUS
10
5.3252249606299209
20
-3.181439251968504
11
5.325168228346457
21
-3.1820153149606298
0
LINE
8
BLACK
6
CONTINUOUS
10
5.325168228346457
20
-3.1820153149606298
11
5.3251275984251967
21
-3.1821133070866141
0
LINE
8
BLACK
6
CONTINUOUS
10
5.3251275984251967
20
-3.1821133070866141
11
5.3251201181102363
21
-3.1822191338582675
0
LINE
8
BLACK
6
CONTINUOUS
10
5.3251201181102363
20
-3.1822191338582675
11
5.3249132283464569
21
-3.1827597637795275
0
LINE
8
BLACK
6
CONTINUOUS
10
5.3249132283464569
20
-3.1827597637795275
11
5.3232259448818899
21
-3.1861343307086614
0
LINE
8
BLACK
6
CONTINUOUS
10
5.3232259448818899
20
-3.1861343307086614
11
5.3230698425196845
21
-3.1863823228346457
0
LINE
8
BLACK
6
CONTINUOUS
10
5.3230698425196845
20
-3.1863823228346457
11
5.3230400393700785
21
-3.1864542913385825
0
LINE
8
BLACK
6
CONTINUOUS
10
5.3230400393700785
20
-3.1864542913385825
11
5.3229735433070866
21
-3.1865352362204722
0
LINE
8
BLACK
6
CONTINUOUS
10
5.3229735433070866
20
-3.1865352362204722
11
5.3229175984251969
21
-3.1866242125984252
0
LINE
8
BLACK
6
CONTINUOUS
10
5.3229175984251969
20
-3.1866242125984252
11
5.3228585826771653
21
-3.1866753543307085
0
LINE
8
BLACK
6
CONTINUOUS
10
5.3228585826771653
20
-3.1866753543307085
11
5.3226728346456689
21
-3.1869017322834643
0
LINE
8
BLACK
6
CONTINUOUS
10
5.3226728346456689
20
-3.1869017322834643
11
5.3209855511811019
21
-3.1885890157480312
0
LINE
8
BLACK
6
CONTINUOUS
10
5.3209855511811019
20
-3.1885890157480312
11
5.3207591732283461
21
-3.1887747637795276
0
LINE
8
BLACK
6
CONTINUOUS
10
5.3207591732283461
20
-3.1887747637795276
11
5.3207080314960633
21
-3.1888337795275592
0
LINE
8
BLACK
6
CONTINUOUS
10
5.3207080314960633
20
-3.1888337795275592
11
5.3206190551181098
21
-3.188889724409449
0
LINE
8
BLACK
6
CONTINUOUS
10
5.3206190551181098
20
-3.188889724409449
11
5.3205381102362201
21
-3.1889562204724409
0
LINE
8
BLACK
6
CONTINUOUS
10
5.3205381102362201
20
-3.1889562204724409
11
5.3204661417322834
21
-3.1889860236220473
0
LINE
8
BLACK
6
CONTINUOUS
10
5.3204661417322834
20
-3.1889860236220473
11
5.3202181496062995
21
-3.1891421259842518
0
LINE
8
BLACK
6
CONTINUOUS
10
5.3202181496062995
20
-3.1891421259842518
11
5.3168435433070869
21
-3.1908294094488188
0
LINE
8
BLACK
6
CONTINUOUS
10
5.3168435433070869
20
-3.1908294094488188
11
5.3163029133858268
21
-3.1910362992125982
0
LINE
8
BLACK
6
CONTINUOUS
10
5.3163029133858268
20
-3.1910362992125982
11
5.3161970866141735
21
-3.191043779527559
0
LINE
8
BLACK
6
CONTINUOUS
10
5.3161970866141735
20
-3.191043779527559
11
5.3160990944881892
21
-3.1910844094488189
0
LINE
8
BLACK
6
CONTINUOUS
10
5.3160990944881892
20
-3.1910844094488189
11
5.3155230314960633
21
-3.1911411417322832
0
LINE
8
BLACK
6
CONTINUOUS
10
5.3155230314960633
20
-3.1911411417322832
11
5.3049774803149603
21
-3.1911411417322832
0
LINE
8
BLACK
6
CONTINUOUS
10
5.3049774803149603
20
-3.1911411417322832
11
5.3049774803149603
21
-3.2050612992125984
0
LINE
8
BLACK
6
CONTINUOUS
10
5.3049774803149603
20
-3.2050612992125984
11
5.3049207480314964
21
-3.2056373622047243
0
LINE
8
BLACK
6
CONTINUOUS
10
5.3049207480314964
20
-3.2056373622047243
11
5.3044798425196849
21
-3.2067017716535431
0
LINE
8
BLACK
6
CONTINUOUS
10
5.3044798425196849
20
-3.2067017716535431
11
5.3036651968503934
21
-3.2075164173228345
0
LINE
8
BLACK
6
CONTINUOUS
10
5.3036651968503934
20
-3.2075164173228345
11
5.302600787401575
21
-3.2079573228346456
0
LINE
8
BLACK
6
CONTINUOUS
10
5.302600787401575
20
-3.2079573228346456
11
5.3014486614173224
21
-3.2079573228346456
0
LINE
8
BLACK
6
CONTINUOUS
10
5.3014486614173224
20
-3.2079573228346456
11
5.300384251968504
21
-3.2075164173228345
0
LINE
8
BLACK
6
CONTINUOUS
10
5.300384251968504
20
-3.2075164173228345
11
5.2995696062992126
21
-3.2067017716535431
0
LINE
8
BLACK
6
CONTINUOUS
10
5.2995696062992126
20
-3.2067017716535431
11
5.2991287007874011
21
-3.2056373622047243
0
LINE
8
BLACK
6
CONTINUOUS
10
5.2991287007874011
20
-3.2056373622047243
11
5.2990719685039371
21
-3.2050612992125984
0
LINE
8
BLACK
6
CONTINUOUS
10
5.2990719685039371
20
-3.2050612992125984
11
5.2990719685039371
21
-3.1696282283464567
0
LINE
8
BLACK
6
CONTINUOUS
10
5.2990719685039371
20
-3.1696282283464567
11
5.2991287007874011
21
-3.1690521653543304
0
LINE
8
BLACK
6
CONTINUOUS
10
5.2991287007874011
20
-3.1690521653543304
11
5.2995696062992126
21
-3.1679877559055116
0
LINE
8
BLACK
6
CONTINUOUS
10
5.2995696062992126
20
-3.1679877559055116
11
5.300384251968504
21
-3.1671731102362206
0
LINE
8
BLACK
6
CONTINUOUS
10
5.300384251968504
20
-3.1671731102362206
11
5.3014486614173224
21
-3.1667322047244095
0
LINE
8
BLACK
6
CONTINUOUS
10
5.3014486614173224
20
-3.1667322047244095
11
5.3020247244094483
21
-3.1666754724409447
0
LINE
8
BLACK
6
CONTINUOUS
10
5.3020247244094483
20
-3.1666754724409447
11
5.3155230314960633
21
-3.1666754724409447
0
LINE
8
BLACK
6
CONTINUOUS
10
5.3155230314960633
20
-3.1666754724409447
11
5.3160990944881892
21
-3.1667322047244095
0
LINE
8
BLACK
6
CONTINUOUS
10
5.3049774803149603
20
-3.1852356299212596
11
5.3148259842519687
21
-3.1852356299212596
0
LINE
8
BLACK
6
CONTINUOUS
10
5.3148259842519687
20
-3.1852356299212596
11
5.3171485433070869
21
-3.1840743307086612
0
LINE
8
BLACK
6
CONTINUOUS
10
5.3171485433070869
20
-3.1840743307086612
11
5.318158188976378
21
-3.1830647244094488
0
LINE
8
BLACK
6
CONTINUOUS
10
5.318158188976378
20
-3.1830647244094488
11
5.3193194488188977
21
-3.1807422047244094
0
LINE
8
BLACK
6
CONTINUOUS
10
5.3193194488188977
20
-3.1807422047244094
11
5.3193194488188977
21
-3.177074409448819
0
LINE
8
BLACK
6
CONTINUOUS
10
5.3193194488188977
20
-3.177074409448819
11
5.318158188976378
21
-3.1747518897637796
0
LINE
8
BLACK
6
CONTINUOUS
10
5.318158188976378
20
-3.1747518897637796
11
5.3171485433070869
21
-3.173742244094488
0
LINE
8
BLACK
6
CONTINUOUS
10
5.3171485433070869
20
-3.173742244094488
11
5.3148259842519687
21
-3.1725809842519683
0
LINE
8
BLACK
6
CONTINUOUS
10
5.3148259842519687
20
-3.1725809842519683
11
5.3049774803149603
21
-3.1725809842519683
0
LINE
8
BLACK
6
CONTINUOUS
10
5.3049774803149603
20
-3.1725809842519683
11
5.3049774803149603
21
-3.1852356299212596
0
LINE
8
BLACK
6
CONTINUOUS
10
5.348157598425197
20
-3.1785432283464568
11
5.3492220078740154
21
-3.1789841338582678
0
LINE
8
BLACK
6
CONTINUOUS
10
5.3492220078740154
20
-3.1789841338582678
11
5.3500366535433068
21
-3.1797987795275588
0
LINE
8
BLACK
6
CONTINUOUS
10
5.3500366535433068
20
-3.1797987795275588
11
5.3504775590551183
21
-3.1808631889763781
0
LINE
8
BLACK
6
CONTINUOUS
10
5.3504775590551183
20
-3.1808631889763781
11
5.3504775590551183
21
-3.1820153149606298
0
LINE
8
BLACK
6
CONTINUOUS
10
5.3504775590551183
20
-3.1820153149606298
11
5.3500366535433068
21
-3.1830797244094486
0
LINE
8
BLACK
6
CONTINUOUS
10
5.3500366535433068
20
-3.1830797244094486
11
5.3492220078740154
21
-3.1838943700787401
0
LINE
8
BLACK
6
CONTINUOUS
10
5.3492220078740154
20
-3.1838943700787401
11
5.348157598425197
21
-3.1843352755905512
0
LINE
8
BLACK
6
CONTINUOUS
10
5.348157598425197
20
-3.1843352755905512
11
5.3475815354330711
21
-3.1843920078740156
0
LINE
8
BLACK
6
CONTINUOUS
10
5.3475815354330711
20
-3.1843920078740156
11
5.344904015748031
21
-3.1843920078740156
0
LINE
8
BLACK
6
CONTINUOUS
10
5.344904015748031
20
-3.1843920078740156
11
5.3425814566929128
21
-3.1855532677165352
0
LINE
8
BLACK
6
CONTINUOUS
10
5.3425814566929128
20
-3.1855532677165352
11
5.3415717716535429
21
-3.1865629133858269
0
LINE
8
BLACK
6
CONTINUOUS
10
5.3415717716535429
20
-3.1865629133858269
11
5.340410551181102
21
-3.1888854330708662
0
LINE
8
BLACK
6
CONTINUOUS
10
5.340410551181102
20
-3.1888854330708662
11
5.340410551181102
21
-3.2050612992125984
0
LINE
8
BLACK
6
CONTINUOUS
10
5.340410551181102
20
-3.2050612992125984
11
5.340353818897638
21
-3.2056373622047243
0
LINE
8
BLACK
6
CONTINUOUS
10
5.340353818897638
20
-3.2056373622047243
11
5.3399129133858265
21
-3.2067017716535431
0
LINE
8
BLACK
6
CONTINUOUS
10
5.3399129133858265
20
-3.2067017716535431
11
5.3390982677165351
21
-3.2075164173228345
0
LINE
8
BLACK
6
CONTINUOUS
10
5.3390982677165351
20
-3.2075164173228345
11
5.3380338582677167
21
-3.2079573228346456
0
LINE
8
BLACK
6
CONTINUOUS
10
5.3380338582677167
20
-3.2079573228346456
11
5.3368817322834641
21
-3.2079573228346456
0
LINE
8
BLACK
6
CONTINUOUS
10
5.3368817322834641
20
-3.2079573228346456
11
5.3358173228346457
21
-3.2075164173228345
0
LINE
8
BLACK
6
CONTINUOUS
10
5.3358173228346457
20
-3.2075164173228345
11
5.3350026771653543
21
-3.2067017716535431
0
LINE
8
BLACK
6
CONTINUOUS
10
5.3350026771653543
20
-3.2067017716535431
11
5.3345617716535436
21
-3.2056373622047243
0
LINE
8
BLACK
6
CONTINUOUS
10
5.3345617716535436
20
-3.2056373622047243
11
5.3345050393700788
21
-3.2050612992125984
0
LINE
8
BLACK
6
CONTINUOUS
10
5.3345050393700788
20
-3.2050612992125984
11
5.3345050393700788
21
-3.181439251968504
0
LINE
8
BLACK
6
CONTINUOUS
10
5.3345050393700788
20
-3.181439251968504
11
5.3345617716535436
21
-3.1808631889763781
0
LINE
8
BLACK
6
CONTINUOUS
10
5.3345617716535436
20
-3.1808631889763781
11
5.3350026771653543
21
-3.1797987795275588
0
LINE
8
BLACK
6
CONTINUOUS
10
5.3350026771653543
20
-3.1797987795275588
11
5.3358173228346457
21
-3.1789841338582678
0
LINE
8
BLACK
6
CONTINUOUS
10
5.3358173228346457
20
-3.1789841338582678
11
5.3368817322834641
21
-3.1785432283464568
0
LINE
8
BLACK
6
CONTINUOUS
10
5.3368817322834641
20
-3.1785432283464568
11
5.3380338582677167
21
-3.1785432283464568
0
LINE
8
BLACK
6
CONTINUOUS
10
5.3380338582677167
20
-3.1785432283464568
11
5.3390982677165351
21
-3.1789841338582678
0
LINE
8
BLACK
6
CONTINUOUS
10
5.3390982677165351
20
-3.1789841338582678
11
5.3399129133858265
21
-3.1797987795275588
0
LINE
8
BLACK
6
CONTINUOUS
10
5.3399129133858265
20
-3.1797987795275588
11
5.3400797244094491
21
-3.1802015748031494
0
LINE
8
BLACK
6
CONTINUOUS
10
5.3400797244094491
20
-3.1802015748031494
11
5.3428864566929128
21
-3.1787982283464564
0
LINE
8
BLACK
6
CONTINUOUS
10
5.3428864566929128
20
-3.1787982283464564
11
5.3434270866141729
21
-3.178591338582677
0
LINE
8
BLACK
6
CONTINUOUS
10
5.3434270866141729
20
-3.178591338582677
11
5.3435328740157475
21
-3.1785838188976379
0
LINE
8
BLACK
6
CONTINUOUS
10
5.3435328740157475
20
-3.1785838188976379
11
5.3436309055118105
21
-3.1785432283464568
0
LINE
8
BLACK
6
CONTINUOUS
10
5.3436309055118105
20
-3.1785432283464568
11
5.3442069685039373
21
-3.1784864960629919
0
LINE
8
BLACK
6
CONTINUOUS
10
5.3442069685039373
20
-3.1784864960629919
11
5.3475815354330711
21
-3.1784864960629919
0
LINE
8
BLACK
6
CONTINUOUS
10
5.3475815354330711
20
-3.1784864960629919
11
5.348157598425197
21
-3.1785432283464568
0
LINE
8
BLACK
6
CONTINUOUS
10
6.5038670866141732
20
-3.161449251968504
11
6.5047292913385828
21
-3.1623114566929131
0
LINE
8
BLACK
6
CONTINUOUS
10
6.5047292913385828
20
-3.1623114566929131
11
6.5051959055118109
21
-3.1634379527559053
0
LINE
8
BLACK
6
CONTINUOUS
10
6.5051959055118109
20
-3.1634379527559053
11
6.5052559448818892
21
-3.1640475984251966
0
LINE
8
BLACK
6
CONTINUOUS
10
6.5052559448818892
20
-3.1640475984251966
11
6.5052559448818892
21
-3.1926190551181102
0
LINE
8
BLACK
6
CONTINUOUS
10
6.5052559448818892
20
-3.1926190551181102
11
6.5051959055118109
21
-3.1932287007874014
0
LINE
8
BLACK
6
CONTINUOUS
10
6.5051959055118109
20
-3.1932287007874014
11
6.5047292913385828
21
-3.1943551968503936
0
LINE
8
BLACK
6
CONTINUOUS
10
6.5047292913385828
20
-3.1943551968503936
11
6.5038670866141732
21
-3.1952174015748032
0
LINE
8
BLACK
6
CONTINUOUS
10
6.5038670866141732
20
-3.1952174015748032
11
6.5027405905511806
21
-3.1956840157480313
0
LINE
8
BLACK
6
CONTINUOUS
10
6.5027405905511806
20
-3.1956840157480313
11
6.5015212992125981
21
-3.1956840157480313
0
LINE
8
BLACK
6
CONTINUOUS
10
6.5015212992125981
20
-3.1956840157480313
11
6.5003948031496064
21
-3.1952174015748032
0
LINE
8
BLACK
6
CONTINUOUS
10
6.5003948031496064
20
-3.1952174015748032
11
6.4995325984251968
21
-3.1943551968503936
0
LINE
8
BLACK
6
CONTINUOUS
10
6.4995325984251968
20
-3.1943551968503936
11
6.4990659842519687
21
-3.1932287007874014
0
LINE
8
BLACK
6
CONTINUOUS
10
6.4990659842519687
20
-3.1932287007874014
11
6.4990059448818895
21
-3.1926190551181102
0
LINE
8
BLACK
6
CONTINUOUS
10
6.4990059448818895
20
-3.1926190551181102
11
6.4990059448818895
21
-3.1814583464566928
0
LINE
8
BLACK
6
CONTINUOUS
10
6.4990059448818895
20
-3.1814583464566928
11
6.4620562992125983
21
-3.1814583464566928
0
LINE
8
BLACK
6
CONTINUOUS
10
6.4620562992125983
20
-3.1814583464566928
11
6.4662454330708661
21
-3.1856474015748031
0
LINE
8
BLACK
6
CONTINUOUS
10
6.4662454330708661
20
-3.1856474015748031
11
6.4664421653543309
21
-3.1858870866141733
0
LINE
8
BLACK
6
CONTINUOUS
10
6.4664421653543309
20
-3.1858870866141733
11
6.4665044488188972
21
-3.1859411417322834
0
LINE
8
BLACK
6
CONTINUOUS
10
6.4665044488188972
20
-3.1859411417322834
11
6.4665635039370075
21
-3.186035
0
LINE
8
BLACK
6
CONTINUOUS
10
6.4665635039370075
20
-3.186035
11
6.4666340551181101
21
-3.1861209448818899
0
LINE
8
BLACK
6
CONTINUOUS
10
6.4666340551181101
20
-3.1861209448818899
11
6.4666656692913387
21
-3.1861972834645669
0
LINE
8
BLACK
6
CONTINUOUS
10
6.4666656692913387
20
-3.1861972834645669
11
6.4668307874015749
21
-3.1864596062992123
0
LINE
8
BLACK
6
CONTINUOUS
10
6.4668307874015749
20
-3.1864596062992123
11
6.4692117322834646
21
-3.1912214960629921
0
LINE
8
BLACK
6
CONTINUOUS
10
6.4692117322834646
20
-3.1912214960629921
11
6.4694306692913388
21
-3.1917936614173228
0
LINE
8
BLACK
6
CONTINUOUS
10
6.4694306692913388
20
-3.1917936614173228
11
6.4695170866141734
21
-3.1930098818897639
0
LINE
8
BLACK
6
CONTINUOUS
10
6.4695170866141734
20
-3.1930098818897639
11
6.4691314960629915
21
-3.1941666535433071
0
LINE
8
BLACK
6
CONTINUOUS
10
6.4691314960629915
20
-3.1941666535433071
11
6.4683325984251967
21
-3.1950877952755903
0
LINE
8
BLACK
6
CONTINUOUS
10
6.4683325984251967
20
-3.1950877952755903
11
6.4672420472440946
21
-3.1956330708661418
0
LINE
8
BLACK
6
CONTINUOUS
10
6.4672420472440946
20
-3.1956330708661418
11
6.4660257874015743
21
-3.1957194881889763
0
LINE
8
BLACK
6
CONTINUOUS
10
6.4660257874015743
20
-3.1957194881889763
11
6.4648690157480315
21
-3.1953338976377954
0
LINE
8
BLACK
6
CONTINUOUS
10
6.4648690157480315
20
-3.1953338976377954
11
6.4639479133858266
21
-3.1945350000000001
0
LINE
8
BLACK
6
CONTINUOUS
10
6.4639479133858266
20
-3.1945350000000001
11
6.4636215748031498
21
-3.1940165748031495
0
LINE
8
BLACK
6
CONTINUOUS
10
6.4636215748031498
20
-3.1940165748031495
11
6.4614674015748026
21
-3.1897082677165352
0
LINE
8
BLACK
6
CONTINUOUS
10
6.4614674015748026
20
-3.1897082677165352
11
6.4572829527559055
21
-3.1855238188976376
0
LINE
8
BLACK
6
CONTINUOUS
10
6.4572829527559055
20
-3.1855238188976376
11
6.4503975196850396
21
-3.1809335039370077
0
LINE
8
BLACK
6
CONTINUOUS
10
6.4503975196850396
20
-3.1809335039370077
11
6.4503957874015745
21
-3.180932086614173
0
LINE
8
BLACK
6
CONTINUOUS
10
6.4503957874015745
20
-3.180932086614173
11
6.4503948031496066
21
-3.180931692913386
0
LINE
8
BLACK
6
CONTINUOUS
10
6.4503948031496066
20
-3.180931692913386
11
6.4503925196850389
21
-3.1809294094488187
0
LINE
8
BLACK
6
CONTINUOUS
10
6.4503925196850389
20
-3.1809294094488187
11
6.4499235433070865
21
-3.1805453937007875
0
LINE
8
BLACK
6
CONTINUOUS
10
6.4499235433070865
20
-3.1805453937007875
11
6.4497512992125987
21
-3.1802881889763777
0
LINE
8
BLACK
6
CONTINUOUS
10
6.4497512992125987
20
-3.1802881889763777
11
6.449532598425197
21
-3.1800694881889764
0
LINE
8
BLACK
6
CONTINUOUS
10
6.449532598425197
20
-3.1800694881889764
11
6.4494154330708664
21
-3.1797866141732283
0
LINE
8
BLACK
6
CONTINUOUS
10
6.4494154330708664
20
-3.1797866141732283
11
6.449245078740157
21
-3.1795322440944882
0
LINE
8
BLACK
6
CONTINUOUS
10
6.449245078740157
20
-3.1795322440944882
11
6.4491843700787399
21
-3.1792288582677166
0
LINE
8
BLACK
6
CONTINUOUS
10
6.4491843700787399
20
-3.1792288582677166
11
6.449065984251968
21
-3.1789429921259842
0
LINE
8
BLACK
6
CONTINUOUS
10
6.449065984251968
20
-3.1789429921259842
11
6.449065984251968
21
-3.1786367716535433
0
LINE
8
BLACK
6
CONTINUOUS
10
6.449065984251968
20
-3.1786367716535433
11
6.4490059448818897
21
-3.1783366141732281
0
LINE
8
BLACK
6
CONTINUOUS
10
6.4490059448818897
20
-3.1783366141732281
11
6.449065984251968
21
-3.1780330708661415
0
LINE
8
BLACK
6
CONTINUOUS
10
6.449065984251968
20
-3.1780330708661415
11
6.449065984251968
21
-3.1777237007874013
0
LINE
8
BLACK
6
CONTINUOUS
10
6.449065984251968
20
-3.1777237007874013
11
6.4491831102362207
21
-3.1774408661417324
0
LINE
8
BLACK
6
CONTINUOUS
10
6.4491831102362207
20
-3.1774408661417324
11
6.4492425590551177
21
-3.1771404724409447
0
LINE
8
BLACK
6
CONTINUOUS
10
6.4492425590551177
20
-3.1771404724409447
11
6.4494142125984251
21
-3.1768829133858265
0
LINE
8
BLACK
6
CONTINUOUS
10
6.4494142125984251
20
-3.1768829133858265
11
6.449532598425197
21
-3.1765972047244095
0
LINE
8
BLACK
6
CONTINUOUS
10
6.449532598425197
20
-3.1765972047244095
11
6.4497489763779523
21
-3.1763807874015746
0
LINE
8
BLACK
6
CONTINUOUS
10
6.4497489763779523
20
-3.1763807874015746
11
6.4499188976377955
21
-3.1761259448818895
0
LINE
8
BLACK
6
CONTINUOUS
10
6.4499188976377955
20
-3.1761259448818895
11
6.4501760629921261
21
-3.1759537007874017
0
LINE
8
BLACK
6
CONTINUOUS
10
6.4501760629921261
20
-3.1759537007874017
11
6.4503948031496066
21
-3.175735
0
LINE
8
BLACK
6
CONTINUOUS
10
6.4503948031496066
20
-3.175735
11
6.450677637795275
21
-3.1756178346456694
0
LINE
8
BLACK
6
CONTINUOUS
10
6.450677637795275
20
-3.1756178346456694
11
6.4509320472440947
21
-3.1754474803149604
0
LINE
8
BLACK
6
CONTINUOUS
10
6.4509320472440947
20
-3.1754474803149604
11
6.4512353937007871
21
-3.1753867716535433
0
LINE
8
BLACK
6
CONTINUOUS
10
6.4512353937007871
20
-3.1753867716535433
11
6.4515212992125983
21
-3.1752683858267714
0
LINE
8
BLACK
6
CONTINUOUS
10
6.4515212992125983
20
-3.1752683858267714
11
6.4521244881889759
21
-3.1752089763779527
0
LINE
8
BLACK
6
CONTINUOUS
10
6.4521244881889759
20
-3.1752089763779527
11
6.452127677165354
21
-3.1752083464566927
0
LINE
8
BLACK
6
CONTINUOUS
10
6.452127677165354
20
-3.1752083464566927
11
6.4521287401574803
21
-3.1752085433070865
0
LINE
8
BLACK
6
CONTINUOUS
10
6.4521287401574803
20
-3.1752085433070865
11
6.4521309448818895
21
-3.1752083464566927
0
LINE
8
BLACK
6
CONTINUOUS
10
6.4521309448818895
20
-3.1752083464566927
11
6.4990059448818895
21
-3.1752083464566927
0
LINE
8
BLACK
6
CONTINUOUS
10
6.4990059448818895
20
-3.1752083464566927
11
6.4990059448818895
21
-3.1640475984251966
0
LINE
8
BLACK
6
CONTINUOUS
10
6.4990059448818895
20
-3.1640475984251966
11
6.4990659842519687
21
-3.1634379527559053
0
LINE
8
BLACK
6
CONTINUOUS
10
6.4990659842519687
20
-3.1634379527559053
11
6.4995325984251968
21
-3.1623114566929131
0
LINE
8
BLACK
6
CONTINUOUS
10
6.4995325984251968
20
-3.1623114566929131
11
6.5003948031496064
21
-3.161449251968504
0
LINE
8
BLACK
6
CONTINUOUS
10
6.5003948031496064
20
-3.161449251968504
11
6.5015212992125981
21
-3.1609826377952754
0
LINE
8
BLACK
6
CONTINUOUS
10
6.5015212992125981
20
-3.1609826377952754
11
6.5027405905511806
21
-3.1609826377952754
0
LINE
8
BLACK
6
CONTINUOUS
10
6.5027405905511806
20
-3.1609826377952754
11
6.5038670866141732
21
-3.161449251968504
0
CIRCLE
8
BLACK
10
5.8245275590551175
20
-2.9496456692913386
40
0.0068897637795276
0
CIRCLE
8
BLACK
10
5.0371259842519684
20
-2.9496456692913386
40
0.0068897637795276
0
CIRCLE
8
BLACK
10
5.4308267716535434
20
-2.9496456692913386
40
0.0068897637795276
0
CIRCLE
8
BLACK
10
6.6119291338582675
20
-4.1307480314960632
40
0.0068897637795276
0
CIRCLE
8
BLACK
10
6.2182283464566925
20
-4.1307480314960632
40
0.0068897637795276
0
CIRCLE
8
BLACK
10
5.8245275590551175
20
-4.1307480314960632
40
0.0068897637795276
0
CIRCLE
8
BLACK
10
5.0371259842519684
20
-4.1307480314960632
40
0.0068897637795276
0
CIRCLE
8
BLACK
10
6.6119291338582675
20
-2.9496456692913386
40
0.0068897637795276
0
CIRCLE
8
BLACK
10
6.2182283464566925
20
-2.9496456692913386
40
0.0068897637795276
0
CIRCLE
8
BLACK
10
5.4308267716535434
20
-4.1307480314960632
40
0.0068897637795276
0
CIRCLE
8
BLACK
10
5.5921653543307084
20
-3.2797244094488187
40
0.0039370078740157
0
CIRCLE
8
BLACK
10
5.5449212598425195
20
-3.2797244094488187
40
0.0039370078740157
0
CIRCLE
8
BLACK
10
5.4976771653543306
20
-3.2797244094488187
40
0.0039370078740157
0
CIRCLE
8
BLACK
10
5.4504330708661417
20
-3.2797244094488187
40
0.0039370078740157
0
CIRCLE
8
BLACK
10
5.5921653543307084
20
-3.3407480314960627
40
0.0039370078740157
0
CIRCLE
8
BLACK
10
5.5449212598425195
20
-3.3407480314960627
40
0.0039370078740157
0
CIRCLE
8
BLACK
10
5.4976771653543306
20
-3.3407480314960627
40
0.0039370078740157
0
CIRCLE
8
BLACK
10
5.4504330708661417
20
-3.3407480314960627
40
0.0039370078740157
0
CIRCLE
8
BLACK
10
5.5921653543307084
20
-3.4017716535433071
40
0.0039370078740157
0
CIRCLE
8
BLACK
10
5.5449212598425195
20
-3.4017716535433071
40
0.0039370078740157
0
CIRCLE
8
BLACK
10
5.4976771653543306
20
-3.4017716535433071
40
0.0039370078740157
0
CIRCLE
8
BLACK
10
5.4504330708661417
20
-3.4017716535433071
40
0.0039370078740157
0
CIRCLE
8
BLACK
10
6.0181496062992128
20
-3.6763779527559053
40
0.0039370078740157
0
CIRCLE
8
BLACK
10
6.0417716535433073
20
-3.6763779527559053
40
0.0039370078740157
0
CIRCLE
8
BLACK
10
6.0653937007874017
20
-3.6763779527559053
40
0.0039370078740157
0
CIRCLE
8
BLACK
10
6.5892913385826768
20
-3.3581102362204724
40
0.0039370078740157
0
CIRCLE
8
BLACK
10
6.5892913385826768
20
-3.1317322834645669
40
0.0039370078740157
0
CIRCLE
8
BLACK
10
6.5892913385826768
20
-3.9486614173228345
40
0.0039370078740157
0
CIRCLE
8
BLACK
10
6.5892913385826768
20
-3.7222834645669289
40
0.0039370078740157
0
CIRCLE
8
BLACK
10
5.8245275590551175
20
-2.9496456692913386
40
0.0068897637795276
0
CIRCLE
8
BLACK
10
5.0371259842519684
20
-2.9496456692913386
40
0.0068897637795276
0
CIRCLE
8
BLACK
10
5.4308267716535434
20
-2.9496456692913386
40
0.0068897637795276
0
CIRCLE
8
BLACK
10
6.6119291338582675
20
-4.1307480314960632
40
0.0068897637795276
0
CIRCLE
8
BLACK
10
6.2182283464566925
20
-4.1307480314960632
40
0.0068897637795276
0
CIRCLE
8
BLACK
10
5.8245275590551175
20
-4.1307480314960632
40
0.0068897637795276
0
CIRCLE
8
BLACK
10
5.0371259842519684
20
-4.1307480314960632
40
0.0068897637795276
0
CIRCLE
8
BLACK
10
6.6119291338582675
20
-2.9496456692913386
40
0.0068897637795276
0
CIRCLE
8
BLACK
10
6.2182283464566925
20
-2.9496456692913386
40
0.0068897637795276
0
CIRCLE
8
BLACK
10
5.4308267716535434
20
-4.1307480314960632
40
0.0068897637795276
0
CIRCLE
8
BLACK
10
5.5921653543307084
20
-3.2797244094488187
40
0.0039370078740157
0
CIRCLE
8
BLACK
10
5.5449212598425195
20
-3.2797244094488187
40
0.0039370078740157
0
CIRCLE
8
BLACK
10
5.4976771653543306
20
-3.2797244094488187
40
0.0039370078740157
0
CIRCLE
8
BLACK
10
5.4504330708661417
20
-3.2797244094488187
40
0.0039370078740157
0
CIRCLE
8
BLACK
10
5.5921653543307084
20
-3.3407480314960627
40
0.0039370078740157
0
CIRCLE
8
BLACK
10
5.5449212598425195
20
-3.3407480314960627
40
0.0039370078740157
0
CIRCLE
8
BLACK
10
5.4976771653543306
20
-3.3407480314960627
40
0.0039370078740157
0
CIRCLE
8
BLACK
10
5.4504330708661417
20
-3.3407480314960627
40
0.0039370078740157
0
CIRCLE
8
BLACK
10
5.5921653543307084
20
-3.4017716535433071
40
0.0039370078740157
0
CIRCLE
8
BLACK
10
5.5449212598425195
20
-3.4017716535433071
40
0.0039370078740157
0
CIRCLE
8
BLACK
10
5.4976771653543306
20
-3.4017716535433071
40
0.0039370078740157
0
CIRCLE
8
BLACK
10
5.4504330708661417
20
-3.4017716535433071
40
0.0039370078740157
0
CIRCLE
8
BLACK
10
6.0181496062992128
20
-3.6763779527559053
40
0.0039370078740157
0
CIRCLE
8
BLACK
10
6.0417716535433073
20
-3.6763779527559053
40
0.0039370078740157
0
CIRCLE
8
BLACK
10
6.0653937007874017
20
-3.6763779527559053
40
0.0039370078740157
0
CIRCLE
8
BLACK
10
6.5892913385826768
20
-3.3581102362204724
40
0.0039370078740157
0
CIRCLE
8
BLACK
10
6.5892913385826768
20
-3.1317322834645669
40
0.0039370078740157
0
CIRCLE
8
BLACK
10
6.5892913385826768
20
-3.9486614173228345
40
0.0039370078740157
0
CIRCLE
8
BLACK
10
6.5892913385826768
20
-3.7222834645669289
40
0.0039370078740157
  0
ENDSEC
  0
EOF
