  0
SECTION
  2
HEADER
  9
$ANGBASE
  50
0.0
  9
$ANGDIR
  70
1
  9
$MEASUREMENT
  70
0
  0
ENDSEC
  0
SECTION
  2
TABLES
  0
TABLE
  2
LTYPE
  70
4
  0
LTYPE
  5
40F
  2
CONTINUOUS
  70
0
  3
Solid line
  72
65
  73
0
  40
0.0
  0
LTYPE
  5
410
  2
DASHDOT
 70
0
  3
Dash Dot ____ _ ____ _
 72
65
 73
4
 40
2.0
 49
1.25
 49
-0.25
 49
0.25
 49
-0.25
  0
LTYPE
  5
411
  2
DASHED
 70
0
  3
Dashed __ __ __ __ __
 72
65
 73
2
 40
0.75
 49
0.5
 49
-0.25
  0
LTYPE
  5
43B
  2
DOTTED
 70
0
  3
Dotted .  .  .  .
 72
65
 73
2
 40
0.2
 49
0.0
 49
-0.2
  0
ENDTAB
  0
TABLE
  2
STYLE
  70
4
  0
STYLE
  2
KICAD
  70
0
  40
0
  41
1
  42
1
  50
0
  71
0
  3
isocp.shx
  0
STYLE
  2
KICADB
  70
0
  40
0
  41
1
  42
1
  50
0
  71
0
  3
isocp.shx
  0
STYLE
  2
KICADI
  70
0
  40
0
  41
1
  42
1
  50
15
  71
0
  3
isocp.shx
  0
STYLE
  2
KICADBI
  70
0
  40
0
  41
1
  42
1
  50
15
  71
0
  3
isocp.shx
  0
ENDTAB
  0
TABLE
  2
LAYER
  70
1
  0
LAYER
  2
BLACK
  70
0
  62
7
  6
CONTINUOUS
  0
ENDTAB
  0
ENDSEC
  0
SECTION
  2
ENTITIES
0
LINE
8
BLACK
6
CONTINUOUS
10
5.0509121259842518
20
-4.0733246062992121
11
5.0597253937007869
21
-4.0761882283464566
0
LINE
8
BLACK
6
CONTINUOUS
10
5.0597253937007869
20
-4.0761882283464566
11
5.0679822047244096
21
-4.0803952755905515
0
LINE
8
BLACK
6
CONTINUOUS
10
5.0679822047244096
20
-4.0803952755905515
11
5.0754792125984247
21
-4.0858421653543306
0
LINE
8
BLACK
6
CONTINUOUS
10
5.0754792125984247
20
-4.0858421653543306
11
5.082031850393701
21
-4.092394803149606
0
LINE
8
BLACK
6
CONTINUOUS
10
5.082031850393701
20
-4.092394803149606
11
5.0874787401574801
21
-4.099891811023622
0
LINE
8
BLACK
6
CONTINUOUS
10
5.0874787401574801
20
-4.099891811023622
11
5.0916857874015751
21
-4.1081486220472438
0
LINE
8
BLACK
6
CONTINUOUS
10
5.0916857874015751
20
-4.1081486220472438
11
5.0945494094488186
21
-4.1169618897637799
0
LINE
8
BLACK
6
CONTINUOUS
10
5.0945494094488186
20
-4.1169618897637799
11
5.09599905511811
21
-4.1261146062992129
0
LINE
8
BLACK
6
CONTINUOUS
10
5.09599905511811
20
-4.1261146062992129
11
5.09599905511811
21
-4.1353814566929135
0
LINE
8
BLACK
6
CONTINUOUS
10
5.09599905511811
20
-4.1353814566929135
11
5.0945494094488186
21
-4.1445341732283465
0
LINE
8
BLACK
6
CONTINUOUS
10
5.0945494094488186
20
-4.1445341732283465
11
5.0916857874015751
21
-4.1533474409448816
0
LINE
8
BLACK
6
CONTINUOUS
10
5.0916857874015751
20
-4.1533474409448816
11
5.0874787401574801
21
-4.1616042519685035
0
LINE
8
BLACK
6
CONTINUOUS
10
5.0874787401574801
20
-4.1616042519685035
11
5.082031850393701
21
-4.1691012598425194
0
LINE
8
BLACK
6
CONTINUOUS
10
5.082031850393701
20
-4.1691012598425194
11
5.0754792125984247
21
-4.1756538976377948
0
LINE
8
BLACK
6
CONTINUOUS
10
5.0754792125984247
20
-4.1756538976377948
11
5.0679822047244096
21
-4.1811007874015749
0
LINE
8
BLACK
6
CONTINUOUS
10
5.0679822047244096
20
-4.1811007874015749
11
5.0597253937007869
21
-4.1853078346456689
0
LINE
8
BLACK
6
CONTINUOUS
10
5.0597253937007869
20
-4.1853078346456689
11
5.0509121259842518
21
-4.1881714566929134
0
LINE
8
BLACK
6
CONTINUOUS
10
5.0509121259842518
20
-4.1881714566929134
11
5.0417594094488187
21
-4.1896211023622048
0
LINE
8
BLACK
6
CONTINUOUS
10
5.0417594094488187
20
-4.1896211023622048
11
5.0324925590551182
21
-4.1896211023622048
0
LINE
8
BLACK
6
CONTINUOUS
10
5.0324925590551182
20
-4.1896211023622048
11
5.0233398425196851
21
-4.1881714566929134
0
LINE
8
BLACK
6
CONTINUOUS
10
5.0233398425196851
20
-4.1881714566929134
11
5.0145265748031491
21
-4.1853078346456689
0
LINE
8
BLACK
6
CONTINUOUS
10
5.0145265748031491
20
-4.1853078346456689
11
5.0062697637795273
21
-4.1811007874015749
0
LINE
8
BLACK
6
CONTINUOUS
10
5.0062697637795273
20
-4.1811007874015749
11
4.9987727559055113
21
-4.1756538976377948
0
LINE
8
BLACK
6
CONTINUOUS
10
4.9987727559055113
20
-4.1756538976377948
11
4.9922201181102359
21
-4.1691012598425194
0
LINE
8
BLACK
6
CONTINUOUS
10
4.9922201181102359
20
-4.1691012598425194
11
4.9867732283464568
21
-4.1616042519685035
0
LINE
8
BLACK
6
CONTINUOUS
10
4.9867732283464568
20
-4.1616042519685035
11
4.9825661811023618
21
-4.1533474409448816
0
LINE
8
BLACK
6
CONTINUOUS
10
4.9825661811023618
20
-4.1533474409448816
11
4.9797025590551183
21
-4.1445341732283465
0
LINE
8
BLACK
6
CONTINUOUS
10
4.9797025590551183
20
-4.1445341732283465
11
4.9782529133858269
21
-4.1353814566929135
0
LINE
8
BLACK
6
CONTINUOUS
10
4.9782529133858269
20
-4.1353814566929135
11
4.9782529133858269
21
-4.1261146062992129
0
LINE
8
BLACK
6
CONTINUOUS
10
4.9782529133858269
20
-4.1261146062992129
11
4.9797025590551183
21
-4.1169618897637799
0
LINE
8
BLACK
6
CONTINUOUS
10
4.9797025590551183
20
-4.1169618897637799
11
4.9825661811023618
21
-4.1081486220472438
0
LINE
8
BLACK
6
CONTINUOUS
10
4.9825661811023618
20
-4.1081486220472438
11
4.9867732283464568
21
-4.099891811023622
0
LINE
8
BLACK
6
CONTINUOUS
10
4.9867732283464568
20
-4.099891811023622
11
4.9922201181102359
21
-4.092394803149606
0
LINE
8
BLACK
6
CONTINUOUS
10
4.9922201181102359
20
-4.092394803149606
11
4.9987727559055113
21
-4.0858421653543306
0
LINE
8
BLACK
6
CONTINUOUS
10
4.9987727559055113
20
-4.0858421653543306
11
5.0062697637795273
21
-4.0803952755905515
0
LINE
8
BLACK
6
CONTINUOUS
10
5.0062697637795273
20
-4.0803952755905515
11
5.0145265748031491
21
-4.0761882283464566
0
LINE
8
BLACK
6
CONTINUOUS
10
5.0145265748031491
20
-4.0761882283464566
11
5.0233398425196851
21
-4.0733246062992121
0
LINE
8
BLACK
6
CONTINUOUS
10
5.0233398425196851
20
-4.0733246062992121
11
5.0324925590551182
21
-4.0718749606299216
0
LINE
8
BLACK
6
CONTINUOUS
10
5.0324925590551182
20
-4.0718749606299216
11
5.0417594094488187
21
-4.0718749606299216
0
LINE
8
BLACK
6
CONTINUOUS
10
5.0417594094488187
20
-4.0718749606299216
11
5.0509121259842518
21
-4.0733246062992121
0
LINE
8
BLACK
6
CONTINUOUS
10
5.4446129133858268
20
-4.0733246062992121
11
5.4534261811023619
21
-4.0761882283464566
0
LINE
8
BLACK
6
CONTINUOUS
10
5.4534261811023619
20
-4.0761882283464566
11
5.4616829921259837
21
-4.0803952755905515
0
LINE
8
BLACK
6
CONTINUOUS
10
5.4616829921259837
20
-4.0803952755905515
11
5.4691799999999997
21
-4.0858421653543306
0
LINE
8
BLACK
6
CONTINUOUS
10
5.4691799999999997
20
-4.0858421653543306
11
5.4757326377952751
21
-4.092394803149606
0
LINE
8
BLACK
6
CONTINUOUS
10
5.4757326377952751
20
-4.092394803149606
11
5.4811795275590551
21
-4.099891811023622
0
LINE
8
BLACK
6
CONTINUOUS
10
5.4811795275590551
20
-4.099891811023622
11
5.4853865748031492
21
-4.1081486220472438
0
LINE
8
BLACK
6
CONTINUOUS
10
5.4853865748031492
20
-4.1081486220472438
11
5.4882501968503936
21
-4.1169618897637799
0
LINE
8
BLACK
6
CONTINUOUS
10
5.4882501968503936
20
-4.1169618897637799
11
5.489699842519685
21
-4.1261146062992129
0
LINE
8
BLACK
6
CONTINUOUS
10
5.489699842519685
20
-4.1261146062992129
11
5.489699842519685
21
-4.1353814566929135
0
LINE
8
BLACK
6
CONTINUOUS
10
5.489699842519685
20
-4.1353814566929135
11
5.4882501968503936
21
-4.1445341732283465
0
LINE
8
BLACK
6
CONTINUOUS
10
5.4882501968503936
20
-4.1445341732283465
11
5.4853865748031492
21
-4.1533474409448816
0
LINE
8
BLACK
6
CONTINUOUS
10
5.4853865748031492
20
-4.1533474409448816
11
5.4811795275590551
21
-4.1616042519685035
0
LINE
8
BLACK
6
CONTINUOUS
10
5.4811795275590551
20
-4.1616042519685035
11
5.4757326377952751
21
-4.1691012598425194
0
LINE
8
BLACK
6
CONTINUOUS
10
5.4757326377952751
20
-4.1691012598425194
11
5.4691799999999997
21
-4.1756538976377948
0
LINE
8
BLACK
6
CONTINUOUS
10
5.4691799999999997
20
-4.1756538976377948
11
5.4616829921259837
21
-4.1811007874015749
0
LINE
8
BLACK
6
CONTINUOUS
10
5.4616829921259837
20
-4.1811007874015749
11
5.4534261811023619
21
-4.1853078346456689
0
LINE
8
BLACK
6
CONTINUOUS
10
5.4534261811023619
20
-4.1853078346456689
11
5.4446129133858268
21
-4.1881714566929134
0
LINE
8
BLACK
6
CONTINUOUS
10
5.4446129133858268
20
-4.1881714566929134
11
5.4354601968503937
21
-4.1896211023622048
0
LINE
8
BLACK
6
CONTINUOUS
10
5.4354601968503937
20
-4.1896211023622048
11
5.4261933464566932
21
-4.1896211023622048
0
LINE
8
BLACK
6
CONTINUOUS
10
5.4261933464566932
20
-4.1896211023622048
11
5.4170406299212601
21
-4.1881714566929134
0
LINE
8
BLACK
6
CONTINUOUS
10
5.4170406299212601
20
-4.1881714566929134
11
5.4082273622047241
21
-4.1853078346456689
0
LINE
8
BLACK
6
CONTINUOUS
10
5.4082273622047241
20
-4.1853078346456689
11
5.3999705511811023
21
-4.1811007874015749
0
LINE
8
BLACK
6
CONTINUOUS
10
5.3999705511811023
20
-4.1811007874015749
11
5.3924735433070863
21
-4.1756538976377948
0
LINE
8
BLACK
6
CONTINUOUS
10
5.3924735433070863
20
-4.1756538976377948
11
5.3859209055118109
21
-4.1691012598425194
0
LINE
8
BLACK
6
CONTINUOUS
10
5.3859209055118109
20
-4.1691012598425194
11
5.3804740157480317
21
-4.1616042519685035
0
LINE
8
BLACK
6
CONTINUOUS
10
5.3804740157480317
20
-4.1616042519685035
11
5.3762669685039368
21
-4.1533474409448816
0
LINE
8
BLACK
6
CONTINUOUS
10
5.3762669685039368
20
-4.1533474409448816
11
5.3734033464566924
21
-4.1445341732283465
0
LINE
8
BLACK
6
CONTINUOUS
10
5.3734033464566924
20
-4.1445341732283465
11
5.3719537007874019
21
-4.1353814566929135
0
LINE
8
BLACK
6
CONTINUOUS
10
5.3719537007874019
20
-4.1353814566929135
11
5.3719537007874019
21
-4.1261146062992129
0
LINE
8
BLACK
6
CONTINUOUS
10
5.3719537007874019
20
-4.1261146062992129
11
5.3734033464566924
21
-4.1169618897637799
0
LINE
8
BLACK
6
CONTINUOUS
10
5.3734033464566924
20
-4.1169618897637799
11
5.3762669685039368
21
-4.1081486220472438
0
LINE
8
BLACK
6
CONTINUOUS
10
5.3762669685039368
20
-4.1081486220472438
11
5.3804740157480317
21
-4.099891811023622
0
LINE
8
BLACK
6
CONTINUOUS
10
5.3804740157480317
20
-4.099891811023622
11
5.3859209055118109
21
-4.092394803149606
0
LINE
8
BLACK
6
CONTINUOUS
10
5.3859209055118109
20
-4.092394803149606
11
5.3924735433070863
21
-4.0858421653543306
0
LINE
8
BLACK
6
CONTINUOUS
10
5.3924735433070863
20
-4.0858421653543306
11
5.3999705511811023
21
-4.0803952755905515
0
LINE
8
BLACK
6
CONTINUOUS
10
5.3999705511811023
20
-4.0803952755905515
11
5.4082273622047241
21
-4.0761882283464566
0
LINE
8
BLACK
6
CONTINUOUS
10
5.4082273622047241
20
-4.0761882283464566
11
5.4170406299212601
21
-4.0733246062992121
0
LINE
8
BLACK
6
CONTINUOUS
10
5.4170406299212601
20
-4.0733246062992121
11
5.4261933464566932
21
-4.0718749606299216
0
LINE
8
BLACK
6
CONTINUOUS
10
5.4261933464566932
20
-4.0718749606299216
11
5.4354601968503937
21
-4.0718749606299216
0
LINE
8
BLACK
6
CONTINUOUS
10
5.4354601968503937
20
-4.0718749606299216
11
5.4446129133858268
21
-4.0733246062992121
0
LINE
8
BLACK
6
CONTINUOUS
10
5.8190205118110239
20
-3.6515355118110238
11
5.8208509448818893
21
-3.6536479527559056
0
LINE
8
BLACK
6
CONTINUOUS
10
5.8208509448818893
20
-3.6536479527559056
11
5.8212992125984249
21
-3.6557086614173229
0
LINE
8
BLACK
6
CONTINUOUS
10
5.8212992125984249
20
-3.6557086614173229
11
5.8212992125984249
21
-3.9757480314960629
0
LINE
8
BLACK
6
CONTINUOUS
10
5.8212992125984249
20
-3.9757480314960629
11
5.826338582677165
21
-3.9757480314960629
0
LINE
8
BLACK
6
CONTINUOUS
10
5.826338582677165
20
-3.9757480314960629
11
6.5174409448818897
21
-3.9757480314960629
0
LINE
8
BLACK
6
CONTINUOUS
10
6.5174409448818897
20
-3.9757480314960629
11
6.5174409448818897
21
-3.9191338582677164
0
LINE
8
BLACK
6
CONTINUOUS
10
6.5174409448818897
20
-3.9191338582677164
11
6.5182321259842517
21
-3.9161811023622048
0
LINE
8
BLACK
6
CONTINUOUS
10
6.5182321259842517
20
-3.9161811023622048
11
6.5203937007874018
21
-3.9140195275590552
0
LINE
8
BLACK
6
CONTINUOUS
10
6.5203937007874018
20
-3.9140195275590552
11
6.5233464566929129
21
-3.9132283464566928
0
LINE
8
BLACK
6
CONTINUOUS
10
6.5233464566929129
20
-3.9132283464566928
11
6.6552362204724407
21
-3.9132283464566928
0
LINE
8
BLACK
6
CONTINUOUS
10
6.6552362204724407
20
-3.9132283464566928
11
6.6581889763779527
21
-3.9140195275590552
0
LINE
8
BLACK
6
CONTINUOUS
10
6.6581889763779527
20
-3.9140195275590552
11
6.6603505511811019
21
-3.9161811023622048
0
LINE
8
BLACK
6
CONTINUOUS
10
6.6603505511811019
20
-3.9161811023622048
11
6.6611417322834647
21
-3.9191338582677164
0
LINE
8
BLACK
6
CONTINUOUS
10
6.6611417322834647
20
-3.9191338582677164
11
6.6611417322834647
21
-3.9289763779527558
0
LINE
8
BLACK
6
CONTINUOUS
10
6.6611417322834647
20
-3.9289763779527558
11
6.9091732283464564
21
-3.9289763779527558
0
LINE
8
BLACK
6
CONTINUOUS
10
6.9091732283464564
20
-3.9289763779527558
11
6.9121259842519684
21
-3.9297675590551182
0
LINE
8
BLACK
6
CONTINUOUS
10
6.9121259842519684
20
-3.9297675590551182
11
6.9142875590551176
21
-3.9319291338582678
0
LINE
8
BLACK
6
CONTINUOUS
10
6.9142875590551176
20
-3.9319291338582678
11
6.9150787401574805
21
-3.9348818897637794
0
LINE
8
BLACK
6
CONTINUOUS
10
6.9150787401574805
20
-3.9348818897637794
11
6.9150787401574805
21
-3.9781889763779525
0
LINE
8
BLACK
6
CONTINUOUS
10
6.9150787401574805
20
-3.9781889763779525
11
6.9142875590551176
21
-3.9811417322834646
0
LINE
8
BLACK
6
CONTINUOUS
10
6.9142875590551176
20
-3.9811417322834646
11
6.9121259842519684
21
-3.9833033070866142
0
LINE
8
BLACK
6
CONTINUOUS
10
6.9121259842519684
20
-3.9833033070866142
11
6.9091732283464564
21
-3.9840944881889762
0
LINE
8
BLACK
6
CONTINUOUS
10
6.9091732283464564
20
-3.9840944881889762
11
6.9071559842519683
21
-3.9840944881889762
0
LINE
8
BLACK
6
CONTINUOUS
10
6.9071559842519683
20
-3.9840944881889762
11
6.9063280314960629
21
-4.1258163779527557
0
LINE
8
BLACK
6
CONTINUOUS
10
6.9063280314960629
20
-4.1258163779527557
11
6.9055248818897637
21
-4.1284936614173224
0
LINE
8
BLACK
6
CONTINUOUS
10
6.9055248818897637
20
-4.1284936614173224
11
6.9034018110236222
21
-4.1303116929133861
0
LINE
8
BLACK
6
CONTINUOUS
10
6.9034018110236222
20
-4.1303116929133861
11
6.9013674803149607
21
-4.1307480314960632
0
LINE
8
BLACK
6
CONTINUOUS
10
6.9013674803149607
20
-4.1307480314960632
11
6.6708022047244091
21
-4.1307480314960632
0
LINE
8
BLACK
6
CONTINUOUS
10
6.6708022047244091
20
-4.1307480314960632
11
6.6708022047244091
21
-4.1353814566929135
0
LINE
8
BLACK
6
CONTINUOUS
10
6.6708022047244091
20
-4.1353814566929135
11
6.6693525590551177
21
-4.1445341732283465
0
LINE
8
BLACK
6
CONTINUOUS
10
6.6693525590551177
20
-4.1445341732283465
11
6.6664889370078741
21
-4.1533474409448816
0
LINE
8
BLACK
6
CONTINUOUS
10
6.6664889370078741
20
-4.1533474409448816
11
6.6622818897637792
21
-4.1616042519685035
0
LINE
8
BLACK
6
CONTINUOUS
10
6.6622818897637792
20
-4.1616042519685035
11
6.6568350000000001
21
-4.1691012598425194
0
LINE
8
BLACK
6
CONTINUOUS
10
6.6568350000000001
20
-4.1691012598425194
11
6.6502823622047247
21
-4.1756538976377948
0
LINE
8
BLACK
6
CONTINUOUS
10
6.6502823622047247
20
-4.1756538976377948
11
6.6427853543307087
21
-4.1811007874015749
0
LINE
8
BLACK
6
CONTINUOUS
10
6.6427853543307087
20
-4.1811007874015749
11
6.6345285433070869
21
-4.1853078346456689
0
LINE
8
BLACK
6
CONTINUOUS
10
6.6345285433070869
20
-4.1853078346456689
11
6.6257152755905508
21
-4.1881714566929134
0
LINE
8
BLACK
6
CONTINUOUS
10
6.6257152755905508
20
-4.1881714566929134
11
6.6165625590551178
21
-4.1896211023622048
0
LINE
8
BLACK
6
CONTINUOUS
10
6.6165625590551178
20
-4.1896211023622048
11
6.6072957086614172
21
-4.1896211023622048
0
LINE
8
BLACK
6
CONTINUOUS
10
6.6072957086614172
20
-4.1896211023622048
11
6.5981429921259842
21
-4.1881714566929134
0
LINE
8
BLACK
6
CONTINUOUS
10
6.5981429921259842
20
-4.1881714566929134
11
6.5893297244094491
21
-4.1853078346456689
0
LINE
8
BLACK
6
CONTINUOUS
10
6.5893297244094491
20
-4.1853078346456689
11
6.5810729133858263
21
-4.1811007874015749
0
LINE
8
BLACK
6
CONTINUOUS
10
6.5810729133858263
20
-4.1811007874015749
11
6.5735759055118113
21
-4.1756538976377948
0
LINE
8
BLACK
6
CONTINUOUS
10
6.5735759055118113
20
-4.1756538976377948
11
6.567023267716535
21
-4.1691012598425194
0
LINE
8
BLACK
6
CONTINUOUS
10
6.567023267716535
20
-4.1691012598425194
11
6.5615763779527558
21
-4.1616042519685035
0
LINE
8
BLACK
6
CONTINUOUS
10
6.5615763779527558
20
-4.1616042519685035
11
6.5573693307086609
21
-4.1533474409448816
0
LINE
8
BLACK
6
CONTINUOUS
10
6.5573693307086609
20
-4.1533474409448816
11
6.5545057086614174
21
-4.1445341732283465
0
LINE
8
BLACK
6
CONTINUOUS
10
6.5545057086614174
20
-4.1445341732283465
11
6.553056062992126
21
-4.1353814566929135
0
LINE
8
BLACK
6
CONTINUOUS
10
6.553056062992126
20
-4.1353814566929135
11
6.553056062992126
21
-4.1307480314960632
0
LINE
8
BLACK
6
CONTINUOUS
10
6.553056062992126
20
-4.1307480314960632
11
6.2771014173228341
21
-4.1307480314960632
0
LINE
8
BLACK
6
CONTINUOUS
10
6.2771014173228341
20
-4.1307480314960632
11
6.2771014173228341
21
-4.1353814566929135
0
LINE
8
BLACK
6
CONTINUOUS
10
6.2771014173228341
20
-4.1353814566929135
11
6.2756517716535436
21
-4.1445341732283465
0
LINE
8
BLACK
6
CONTINUOUS
10
6.2756517716535436
20
-4.1445341732283465
11
6.2727881496062992
21
-4.1533474409448816
0
LINE
8
BLACK
6
CONTINUOUS
10
6.2727881496062992
20
-4.1533474409448816
11
6.2685811023622042
21
-4.1616042519685035
0
LINE
8
BLACK
6
CONTINUOUS
10
6.2685811023622042
20
-4.1616042519685035
11
6.2631342125984251
21
-4.1691012598425194
0
LINE
8
BLACK
6
CONTINUOUS
10
6.2631342125984251
20
-4.1691012598425194
11
6.2565815748031497
21
-4.1756538976377948
0
LINE
8
BLACK
6
CONTINUOUS
10
6.2565815748031497
20
-4.1756538976377948
11
6.2490845669291337
21
-4.1811007874015749
0
LINE
8
BLACK
6
CONTINUOUS
10
6.2490845669291337
20
-4.1811007874015749
11
6.2408277559055119
21
-4.1853078346456689
0
LINE
8
BLACK
6
CONTINUOUS
10
6.2408277559055119
20
-4.1853078346456689
11
6.2320144881889759
21
-4.1881714566929134
0
LINE
8
BLACK
6
CONTINUOUS
10
6.2320144881889759
20
-4.1881714566929134
11
6.2228617716535428
21
-4.1896211023622048
0
LINE
8
BLACK
6
CONTINUOUS
10
6.2228617716535428
20
-4.1896211023622048
11
6.2135949212598423
21
-4.1896211023622048
0
LINE
8
BLACK
6
CONTINUOUS
10
6.2135949212598423
20
-4.1896211023622048
11
6.2044422047244092
21
-4.1881714566929134
0
LINE
8
BLACK
6
CONTINUOUS
10
6.2044422047244092
20
-4.1881714566929134
11
6.1956289370078741
21
-4.1853078346456689
0
LINE
8
BLACK
6
CONTINUOUS
10
6.1956289370078741
20
-4.1853078346456689
11
6.1873721259842522
21
-4.1811007874015749
0
LINE
8
BLACK
6
CONTINUOUS
10
6.1873721259842522
20
-4.1811007874015749
11
6.1798751181102363
21
-4.1756538976377948
0
LINE
8
BLACK
6
CONTINUOUS
10
6.1798751181102363
20
-4.1756538976377948
11
6.1733224803149609
21
-4.1691012598425194
0
LINE
8
BLACK
6
CONTINUOUS
10
6.1733224803149609
20
-4.1691012598425194
11
6.1678755905511808
21
-4.1616042519685035
0
LINE
8
BLACK
6
CONTINUOUS
10
6.1678755905511808
20
-4.1616042519685035
11
6.1636685433070868
21
-4.1533474409448816
0
LINE
8
BLACK
6
CONTINUOUS
10
6.1636685433070868
20
-4.1533474409448816
11
6.1608049212598424
21
-4.1445341732283465
0
LINE
8
BLACK
6
CONTINUOUS
10
6.1608049212598424
20
-4.1445341732283465
11
6.159355275590551
21
-4.1353814566929135
0
LINE
8
BLACK
6
CONTINUOUS
10
6.159355275590551
20
-4.1353814566929135
11
6.159355275590551
21
-4.1307480314960632
0
LINE
8
BLACK
6
CONTINUOUS
10
6.159355275590551
20
-4.1307480314960632
11
5.88340062992126
21
-4.1307480314960632
0
LINE
8
BLACK
6
CONTINUOUS
10
5.88340062992126
20
-4.1307480314960632
11
5.88340062992126
21
-4.1353814566929135
0
LINE
8
BLACK
6
CONTINUOUS
10
5.88340062992126
20
-4.1353814566929135
11
5.8819509842519686
21
-4.1445341732283465
0
LINE
8
BLACK
6
CONTINUOUS
10
5.8819509842519686
20
-4.1445341732283465
11
5.8790873622047242
21
-4.1533474409448816
0
LINE
8
BLACK
6
CONTINUOUS
10
5.8790873622047242
20
-4.1533474409448816
11
5.8748803149606301
21
-4.1616042519685035
0
LINE
8
BLACK
6
CONTINUOUS
10
5.8748803149606301
20
-4.1616042519685035
11
5.8694334251968501
21
-4.1691012598425194
0
LINE
8
BLACK
6
CONTINUOUS
10
5.8694334251968501
20
-4.1691012598425194
11
5.8628807874015747
21
-4.1756538976377948
0
LINE
8
BLACK
6
CONTINUOUS
10
5.8628807874015747
20
-4.1756538976377948
11
5.8553837795275587
21
-4.1811007874015749
0
LINE
8
BLACK
6
CONTINUOUS
10
5.8553837795275587
20
-4.1811007874015749
11
5.8471269685039369
21
-4.1853078346456689
0
LINE
8
BLACK
6
CONTINUOUS
10
5.8471269685039369
20
-4.1853078346456689
11
5.8383137007874017
21
-4.1881714566929134
0
LINE
8
BLACK
6
CONTINUOUS
10
5.8383137007874017
20
-4.1881714566929134
11
5.8291609842519687
21
-4.1896211023622048
0
LINE
8
BLACK
6
CONTINUOUS
10
5.8291609842519687
20
-4.1896211023622048
11
5.8198941338582673
21
-4.1896211023622048
0
LINE
8
BLACK
6
CONTINUOUS
10
5.8198941338582673
20
-4.1896211023622048
11
5.8107414173228342
21
-4.1881714566929134
0
LINE
8
BLACK
6
CONTINUOUS
10
5.8107414173228342
20
-4.1881714566929134
11
5.8019281496062991
21
-4.1853078346456689
0
LINE
8
BLACK
6
CONTINUOUS
10
5.8019281496062991
20
-4.1853078346456689
11
5.7936713385826772
21
-4.1811007874015749
0
LINE
8
BLACK
6
CONTINUOUS
10
5.7936713385826772
20
-4.1811007874015749
11
5.7861743307086613
21
-4.1756538976377948
0
LINE
8
BLACK
6
CONTINUOUS
10
5.7861743307086613
20
-4.1756538976377948
11
5.7796216929133859
21
-4.1691012598425194
0
LINE
8
BLACK
6
CONTINUOUS
10
5.7796216929133859
20
-4.1691012598425194
11
5.7741748031496059
21
-4.1616042519685035
0
LINE
8
BLACK
6
CONTINUOUS
10
5.7741748031496059
20
-4.1616042519685035
11
5.7699677559055118
21
-4.1533474409448816
0
LINE
8
BLACK
6
CONTINUOUS
10
5.7699677559055118
20
-4.1533474409448816
11
5.7671041338582674
21
-4.1445341732283465
0
LINE
8
BLACK
6
CONTINUOUS
10
5.7671041338582674
20
-4.1445341732283465
11
5.765654488188976
21
-4.1353814566929135
0
LINE
8
BLACK
6
CONTINUOUS
10
5.765654488188976
20
-4.1353814566929135
11
5.765654488188976
21
-4.1307480314960632
0
LINE
8
BLACK
6
CONTINUOUS
10
5.765654488188976
20
-4.1307480314960632
11
5.761259842519685
21
-4.1307480314960632
0
LINE
8
BLACK
6
CONTINUOUS
10
5.761259842519685
20
-4.1307480314960632
11
5.7585779133858264
21
-4.1299605511811022
0
LINE
8
BLACK
6
CONTINUOUS
10
5.7585779133858264
20
-4.1299605511811022
11
5.7567474803149601
21
-4.1278481102362203
0
LINE
8
BLACK
6
CONTINUOUS
10
5.7567474803149601
20
-4.1278481102362203
11
5.7562992125984254
21
-4.1257874015748026
0
LINE
8
BLACK
6
CONTINUOUS
10
5.7562992125984254
20
-4.1257874015748026
11
5.7562992125984254
21
-3.6557086614173229
0
LINE
8
BLACK
6
CONTINUOUS
10
5.7562992125984254
20
-3.6557086614173229
11
5.7570866929133855
21
-3.6530267322834646
0
LINE
8
BLACK
6
CONTINUOUS
10
5.7570866929133855
20
-3.6530267322834646
11
5.7591991338582673
21
-3.6511962992125984
0
LINE
8
BLACK
6
CONTINUOUS
10
5.7591991338582673
20
-3.6511962992125984
11
5.761259842519685
21
-3.6507480314960628
0
LINE
8
BLACK
6
CONTINUOUS
10
5.761259842519685
20
-3.6507480314960628
11
5.8163385826771652
21
-3.6507480314960628
0
LINE
8
BLACK
6
CONTINUOUS
10
5.8163385826771652
20
-3.6507480314960628
11
5.8190205118110239
21
-3.6515355118110238
0
LINE
8
BLACK
6
CONTINUOUS
10
5.0613231102362199
20
-4.0065187795275587
11
5.0657131496062995
21
-4.0087556299212599
0
LINE
8
BLACK
6
CONTINUOUS
10
5.0657131496062995
20
-4.0087556299212599
11
5.0691971259842514
21
-4.0122396062992127
0
LINE
8
BLACK
6
CONTINUOUS
10
5.0691971259842514
20
-4.0122396062992127
11
5.0714339763779526
21
-4.0166296456692914
0
LINE
8
BLACK
6
CONTINUOUS
10
5.0714339763779526
20
-4.0166296456692914
11
5.072204724409449
21
-4.0214960629921261
0
LINE
8
BLACK
6
CONTINUOUS
10
5.072204724409449
20
-4.0214960629921261
11
5.072204724409449
21
-4.0411811023622048
0
LINE
8
BLACK
6
CONTINUOUS
10
5.072204724409449
20
-4.0411811023622048
11
5.0714339763779526
21
-4.0460475196850396
0
LINE
8
BLACK
6
CONTINUOUS
10
5.0714339763779526
20
-4.0460475196850396
11
5.0691971259842514
21
-4.0504375590551183
0
LINE
8
BLACK
6
CONTINUOUS
10
5.0691971259842514
20
-4.0504375590551183
11
5.0657131496062995
21
-4.0539215354330711
0
LINE
8
BLACK
6
CONTINUOUS
10
5.0657131496062995
20
-4.0539215354330711
11
5.0613231102362199
21
-4.0561583858267714
0
LINE
8
BLACK
6
CONTINUOUS
10
5.0613231102362199
20
-4.0561583858267714
11
5.0564566929133861
21
-4.0569291338582678
0
LINE
8
BLACK
6
CONTINUOUS
10
5.0564566929133861
20
-4.0569291338582678
11
4.9698425196850389
21
-4.0569291338582678
0
LINE
8
BLACK
6
CONTINUOUS
10
4.9698425196850389
20
-4.0569291338582678
11
4.964976102362205
21
-4.0561583858267714
0
LINE
8
BLACK
6
CONTINUOUS
10
4.964976102362205
20
-4.0561583858267714
11
4.9605860629921255
21
-4.0539215354330711
0
LINE
8
BLACK
6
CONTINUOUS
10
4.9605860629921255
20
-4.0539215354330711
11
4.9571020866141735
21
-4.0504375590551183
0
LINE
8
BLACK
6
CONTINUOUS
10
4.9571020866141735
20
-4.0504375590551183
11
4.9548652362204724
21
-4.0460475196850396
0
LINE
8
BLACK
6
CONTINUOUS
10
4.9548652362204724
20
-4.0460475196850396
11
4.9540944881889759
21
-4.0411811023622048
0
LINE
8
BLACK
6
CONTINUOUS
10
4.9540944881889759
20
-4.0411811023622048
11
4.9540944881889759
21
-4.0214960629921261
0
LINE
8
BLACK
6
CONTINUOUS
10
4.9540944881889759
20
-4.0214960629921261
11
4.9548652362204724
21
-4.0166296456692914
0
LINE
8
BLACK
6
CONTINUOUS
10
4.9548652362204724
20
-4.0166296456692914
11
4.9571020866141735
21
-4.0122396062992127
0
LINE
8
BLACK
6
CONTINUOUS
10
4.9571020866141735
20
-4.0122396062992127
11
4.9605860629921255
21
-4.0087556299212599
0
LINE
8
BLACK
6
CONTINUOUS
10
4.9605860629921255
20
-4.0087556299212599
11
4.964976102362205
21
-4.0065187795275587
0
LINE
8
BLACK
6
CONTINUOUS
10
4.964976102362205
20
-4.0065187795275587
11
4.9698425196850389
21
-4.0057480314960632
0
LINE
8
BLACK
6
CONTINUOUS
10
4.9698425196850389
20
-4.0057480314960632
11
5.0564566929133861
21
-4.0057480314960632
0
LINE
8
BLACK
6
CONTINUOUS
10
5.0564566929133861
20
-4.0057480314960632
11
5.0613231102362199
21
-4.0065187795275587
0
LINE
8
BLACK
6
CONTINUOUS
10
5.2516065748031497
20
-3.9840699606299212
11
5.2559966141732284
21
-3.9863068110236219
0
LINE
8
BLACK
6
CONTINUOUS
10
5.2559966141732284
20
-3.9863068110236219
11
5.2594805905511812
21
-3.9897907874015748
0
LINE
8
BLACK
6
CONTINUOUS
10
5.2594805905511812
20
-3.9897907874015748
11
5.2617174409448815
21
-3.9941808267716534
0
LINE
8
BLACK
6
CONTINUOUS
10
5.2617174409448815
20
-3.9941808267716534
11
5.2624881889763779
21
-3.9990472440944882
0
LINE
8
BLACK
6
CONTINUOUS
10
5.2624881889763779
20
-3.9990472440944882
11
5.2624881889763779
21
-4.0364488188976377
0
LINE
8
BLACK
6
CONTINUOUS
10
5.2624881889763779
20
-4.0364488188976377
11
5.2617174409448815
21
-4.0413152362204725
0
LINE
8
BLACK
6
CONTINUOUS
10
5.2617174409448815
20
-4.0413152362204725
11
5.2594805905511812
21
-4.0457052755905512
0
LINE
8
BLACK
6
CONTINUOUS
10
5.2594805905511812
20
-4.0457052755905512
11
5.2559966141732284
21
-4.049189251968504
0
LINE
8
BLACK
6
CONTINUOUS
10
5.2559966141732284
20
-4.049189251968504
11
5.2516065748031497
21
-4.0514261023622042
0
LINE
8
BLACK
6
CONTINUOUS
10
5.2516065748031497
20
-4.0514261023622042
11
5.246740157480315
21
-4.0521968503937007
0
LINE
8
BLACK
6
CONTINUOUS
10
5.246740157480315
20
-4.0521968503937007
11
5.2270551181102363
21
-4.0521968503937007
0
LINE
8
BLACK
6
CONTINUOUS
10
5.2270551181102363
20
-4.0521968503937007
11
5.2221887007874015
21
-4.0514261023622042
0
LINE
8
BLACK
6
CONTINUOUS
10
5.2221887007874015
20
-4.0514261023622042
11
5.2177986614173228
21
-4.049189251968504
0
LINE
8
BLACK
6
CONTINUOUS
10
5.2177986614173228
20
-4.049189251968504
11
5.21431468503937
21
-4.0457052755905512
0
LINE
8
BLACK
6
CONTINUOUS
10
5.21431468503937
20
-4.0457052755905512
11
5.2120778346456689
21
-4.0413152362204725
0
LINE
8
BLACK
6
CONTINUOUS
10
5.2120778346456689
20
-4.0413152362204725
11
5.2113070866141733
21
-4.0364488188976377
0
LINE
8
BLACK
6
CONTINUOUS
10
5.2113070866141733
20
-4.0364488188976377
11
5.2113070866141733
21
-3.9990472440944882
0
LINE
8
BLACK
6
CONTINUOUS
10
5.2113070866141733
20
-3.9990472440944882
11
5.2120778346456689
21
-3.9941808267716534
0
LINE
8
BLACK
6
CONTINUOUS
10
5.2120778346456689
20
-3.9941808267716534
11
5.21431468503937
21
-3.9897907874015748
0
LINE
8
BLACK
6
CONTINUOUS
10
5.21431468503937
20
-3.9897907874015748
11
5.2177986614173228
21
-3.9863068110236219
0
LINE
8
BLACK
6
CONTINUOUS
10
5.2177986614173228
20
-3.9863068110236219
11
5.2221887007874015
21
-3.9840699606299212
0
LINE
8
BLACK
6
CONTINUOUS
10
5.2221887007874015
20
-3.9840699606299212
11
5.2270551181102363
21
-3.9832992125984252
0
LINE
8
BLACK
6
CONTINUOUS
10
5.2270551181102363
20
-3.9832992125984252
11
5.246740157480315
21
-3.9832992125984252
0
LINE
8
BLACK
6
CONTINUOUS
10
5.246740157480315
20
-3.9832992125984252
11
5.2516065748031497
21
-3.9840699606299212
0
LINE
8
BLACK
6
CONTINUOUS
10
5.3264097244094488
20
-3.9840699606299212
11
5.3307997637795275
21
-3.9863068110236219
0
LINE
8
BLACK
6
CONTINUOUS
10
5.3307997637795275
20
-3.9863068110236219
11
5.3342837401574803
21
-3.9897907874015748
0
LINE
8
BLACK
6
CONTINUOUS
10
5.3342837401574803
20
-3.9897907874015748
11
5.3365205905511806
21
-3.9941808267716534
0
LINE
8
BLACK
6
CONTINUOUS
10
5.3365205905511806
20
-3.9941808267716534
11
5.337291338582677
21
-3.9990472440944882
0
LINE
8
BLACK
6
CONTINUOUS
10
5.337291338582677
20
-3.9990472440944882
11
5.337291338582677
21
-4.0364488188976377
0
LINE
8
BLACK
6
CONTINUOUS
10
5.337291338582677
20
-4.0364488188976377
11
5.3365205905511806
21
-4.0413152362204725
0
LINE
8
BLACK
6
CONTINUOUS
10
5.3365205905511806
20
-4.0413152362204725
11
5.3342837401574803
21
-4.0457052755905512
0
LINE
8
BLACK
6
CONTINUOUS
10
5.3342837401574803
20
-4.0457052755905512
11
5.3307997637795275
21
-4.049189251968504
0
LINE
8
BLACK
6
CONTINUOUS
10
5.3307997637795275
20
-4.049189251968504
11
5.3264097244094488
21
-4.0514261023622042
0
LINE
8
BLACK
6
CONTINUOUS
10
5.3264097244094488
20
-4.0514261023622042
11
5.321543307086614
21
-4.0521968503937007
0
LINE
8
BLACK
6
CONTINUOUS
10
5.321543307086614
20
-4.0521968503937007
11
5.3018582677165353
21
-4.0521968503937007
0
LINE
8
BLACK
6
CONTINUOUS
10
5.3018582677165353
20
-4.0521968503937007
11
5.2969918503937006
21
-4.0514261023622042
0
LINE
8
BLACK
6
CONTINUOUS
10
5.2969918503937006
20
-4.0514261023622042
11
5.2926018110236219
21
-4.049189251968504
0
LINE
8
BLACK
6
CONTINUOUS
10
5.2926018110236219
20
-4.049189251968504
11
5.2891178346456691
21
-4.0457052755905512
0
LINE
8
BLACK
6
CONTINUOUS
10
5.2891178346456691
20
-4.0457052755905512
11
5.286880984251968
21
-4.0413152362204725
0
LINE
8
BLACK
6
CONTINUOUS
10
5.286880984251968
20
-4.0413152362204725
11
5.2861102362204724
21
-4.0364488188976377
0
LINE
8
BLACK
6
CONTINUOUS
10
5.2861102362204724
20
-4.0364488188976377
11
5.2861102362204724
21
-3.9990472440944882
0
LINE
8
BLACK
6
CONTINUOUS
10
5.2861102362204724
20
-3.9990472440944882
11
5.286880984251968
21
-3.9941808267716534
0
LINE
8
BLACK
6
CONTINUOUS
10
5.286880984251968
20
-3.9941808267716534
11
5.2891178346456691
21
-3.9897907874015748
0
LINE
8
BLACK
6
CONTINUOUS
10
5.2891178346456691
20
-3.9897907874015748
11
5.2926018110236219
21
-3.9863068110236219
0
LINE
8
BLACK
6
CONTINUOUS
10
5.2926018110236219
20
-3.9863068110236219
11
5.2969918503937006
21
-3.9840699606299212
0
LINE
8
BLACK
6
CONTINUOUS
10
5.2969918503937006
20
-3.9840699606299212
11
5.3018582677165353
21
-3.9832992125984252
0
LINE
8
BLACK
6
CONTINUOUS
10
5.3018582677165353
20
-3.9832992125984252
11
5.321543307086614
21
-3.9832992125984252
0
LINE
8
BLACK
6
CONTINUOUS
10
5.321543307086614
20
-3.9832992125984252
11
5.3264097244094488
21
-3.9840699606299212
0
LINE
8
BLACK
6
CONTINUOUS
10
5.4485591732283467
20
-3.9552920472440944
11
5.4504750393700787
21
-3.9565722047244094
0
LINE
8
BLACK
6
CONTINUOUS
10
5.4504750393700787
20
-3.9565722047244094
11
5.4517551968503932
21
-3.9584880708661419
0
LINE
8
BLACK
6
CONTINUOUS
10
5.4517551968503932
20
-3.9584880708661419
11
5.4522047244094489
21
-3.9607480314960628
0
LINE
8
BLACK
6
CONTINUOUS
10
5.4522047244094489
20
-3.9607480314960628
11
5.4522047244094489
21
-4.0407480314960633
0
LINE
8
BLACK
6
CONTINUOUS
10
5.4522047244094489
20
-4.0407480314960633
11
5.4517551968503932
21
-4.0430079921259843
0
LINE
8
BLACK
6
CONTINUOUS
10
5.4517551968503932
20
-4.0430079921259843
11
5.4504750393700787
21
-4.0449238582677163
0
LINE
8
BLACK
6
CONTINUOUS
10
5.4504750393700787
20
-4.0449238582677163
11
5.4485591732283467
21
-4.0462040157480317
0
LINE
8
BLACK
6
CONTINUOUS
10
5.4485591732283467
20
-4.0462040157480317
11
5.4462992125984249
21
-4.0466535433070865
0
LINE
8
BLACK
6
CONTINUOUS
10
5.4462992125984249
20
-4.0466535433070865
11
5.4062992125984248
21
-4.0466535433070865
0
LINE
8
BLACK
6
CONTINUOUS
10
5.4062992125984248
20
-4.0466535433070865
11
5.4040392519685039
21
-4.0462040157480317
0
LINE
8
BLACK
6
CONTINUOUS
10
5.4040392519685039
20
-4.0462040157480317
11
5.4021233858267719
21
-4.0449238582677163
0
LINE
8
BLACK
6
CONTINUOUS
10
5.4021233858267719
20
-4.0449238582677163
11
5.4008432283464565
21
-4.0430079921259843
0
LINE
8
BLACK
6
CONTINUOUS
10
5.4008432283464565
20
-4.0430079921259843
11
5.4003937007874017
21
-4.0407480314960633
0
LINE
8
BLACK
6
CONTINUOUS
10
5.4003937007874017
20
-4.0407480314960633
11
5.4003937007874017
21
-3.9607480314960628
0
LINE
8
BLACK
6
CONTINUOUS
10
5.4003937007874017
20
-3.9607480314960628
11
5.4008432283464565
21
-3.9584880708661419
0
LINE
8
BLACK
6
CONTINUOUS
10
5.4008432283464565
20
-3.9584880708661419
11
5.4021233858267719
21
-3.9565722047244094
0
LINE
8
BLACK
6
CONTINUOUS
10
5.4021233858267719
20
-3.9565722047244094
11
5.4040392519685039
21
-3.9552920472440944
0
LINE
8
BLACK
6
CONTINUOUS
10
5.4040392519685039
20
-3.9552920472440944
11
5.4062992125984248
21
-3.9548425196850392
0
LINE
8
BLACK
6
CONTINUOUS
10
5.4062992125984248
20
-3.9548425196850392
11
5.4462992125984249
21
-3.9548425196850392
0
LINE
8
BLACK
6
CONTINUOUS
10
5.4462992125984249
20
-3.9548425196850392
11
5.4485591732283467
21
-3.9552920472440944
0
LINE
8
BLACK
6
CONTINUOUS
10
5.5385591732283466
20
-3.9552920472440944
11
5.5404750393700786
21
-3.9565722047244094
0
LINE
8
BLACK
6
CONTINUOUS
10
5.5404750393700786
20
-3.9565722047244094
11
5.541755196850394
21
-3.9584880708661419
0
LINE
8
BLACK
6
CONTINUOUS
10
5.541755196850394
20
-3.9584880708661419
11
5.5422047244094488
21
-3.9607480314960628
0
LINE
8
BLACK
6
CONTINUOUS
10
5.5422047244094488
20
-3.9607480314960628
11
5.5422047244094488
21
-4.0407480314960633
0
LINE
8
BLACK
6
CONTINUOUS
10
5.5422047244094488
20
-4.0407480314960633
11
5.541755196850394
21
-4.0430079921259843
0
LINE
8
BLACK
6
CONTINUOUS
10
5.541755196850394
20
-4.0430079921259843
11
5.5404750393700786
21
-4.0449238582677163
0
LINE
8
BLACK
6
CONTINUOUS
10
5.5404750393700786
20
-4.0449238582677163
11
5.5385591732283466
21
-4.0462040157480317
0
LINE
8
BLACK
6
CONTINUOUS
10
5.5385591732283466
20
-4.0462040157480317
11
5.5362992125984247
21
-4.0466535433070865
0
LINE
8
BLACK
6
CONTINUOUS
10
5.5362992125984247
20
-4.0466535433070865
11
5.4962992125984247
21
-4.0466535433070865
0
LINE
8
BLACK
6
CONTINUOUS
10
5.4962992125984247
20
-4.0466535433070865
11
5.4940392519685037
21
-4.0462040157480317
0
LINE
8
BLACK
6
CONTINUOUS
10
5.4940392519685037
20
-4.0462040157480317
11
5.4921233858267717
21
-4.0449238582677163
0
LINE
8
BLACK
6
CONTINUOUS
10
5.4921233858267717
20
-4.0449238582677163
11
5.4908432283464563
21
-4.0430079921259843
0
LINE
8
BLACK
6
CONTINUOUS
10
5.4908432283464563
20
-4.0430079921259843
11
5.4903937007874015
21
-4.0407480314960633
0
LINE
8
BLACK
6
CONTINUOUS
10
5.4903937007874015
20
-4.0407480314960633
11
5.4903937007874015
21
-3.9607480314960628
0
LINE
8
BLACK
6
CONTINUOUS
10
5.4903937007874015
20
-3.9607480314960628
11
5.4908432283464563
21
-3.9584880708661419
0
LINE
8
BLACK
6
CONTINUOUS
10
5.4908432283464563
20
-3.9584880708661419
11
5.4921233858267717
21
-3.9565722047244094
0
LINE
8
BLACK
6
CONTINUOUS
10
5.4921233858267717
20
-3.9565722047244094
11
5.4940392519685037
21
-3.9552920472440944
0
LINE
8
BLACK
6
CONTINUOUS
10
5.4940392519685037
20
-3.9552920472440944
11
5.4962992125984247
21
-3.9548425196850392
0
LINE
8
BLACK
6
CONTINUOUS
10
5.4962992125984247
20
-3.9548425196850392
11
5.5362992125984247
21
-3.9548425196850392
0
LINE
8
BLACK
6
CONTINUOUS
10
5.5362992125984247
20
-3.9548425196850392
11
5.5385591732283466
21
-3.9552920472440944
0
LINE
8
BLACK
6
CONTINUOUS
10
5.6285591732283464
20
-3.9552920472440944
11
5.6304750393700784
21
-3.9565722047244094
0
LINE
8
BLACK
6
CONTINUOUS
10
5.6304750393700784
20
-3.9565722047244094
11
5.6317551968503938
21
-3.9584880708661419
0
LINE
8
BLACK
6
CONTINUOUS
10
5.6317551968503938
20
-3.9584880708661419
11
5.6322047244094486
21
-3.9607480314960628
0
LINE
8
BLACK
6
CONTINUOUS
10
5.6322047244094486
20
-3.9607480314960628
11
5.6322047244094486
21
-4.0407480314960633
0
LINE
8
BLACK
6
CONTINUOUS
10
5.6322047244094486
20
-4.0407480314960633
11
5.6317551968503938
21
-4.0430079921259843
0
LINE
8
BLACK
6
CONTINUOUS
10
5.6317551968503938
20
-4.0430079921259843
11
5.6304750393700784
21
-4.0449238582677163
0
LINE
8
BLACK
6
CONTINUOUS
10
5.6304750393700784
20
-4.0449238582677163
11
5.6285591732283464
21
-4.0462040157480317
0
LINE
8
BLACK
6
CONTINUOUS
10
5.6285591732283464
20
-4.0462040157480317
11
5.6262992125984255
21
-4.0466535433070865
0
LINE
8
BLACK
6
CONTINUOUS
10
5.6262992125984255
20
-4.0466535433070865
11
5.5862992125984254
21
-4.0466535433070865
0
LINE
8
BLACK
6
CONTINUOUS
10
5.5862992125984254
20
-4.0466535433070865
11
5.5840392519685036
21
-4.0462040157480317
0
LINE
8
BLACK
6
CONTINUOUS
10
5.5840392519685036
20
-4.0462040157480317
11
5.5821233858267716
21
-4.0449238582677163
0
LINE
8
BLACK
6
CONTINUOUS
10
5.5821233858267716
20
-4.0449238582677163
11
5.5808432283464562
21
-4.0430079921259843
0
LINE
8
BLACK
6
CONTINUOUS
10
5.5808432283464562
20
-4.0430079921259843
11
5.5803937007874014
21
-4.0407480314960633
0
LINE
8
BLACK
6
CONTINUOUS
10
5.5803937007874014
20
-4.0407480314960633
11
5.5803937007874014
21
-3.9607480314960628
0
LINE
8
BLACK
6
CONTINUOUS
10
5.5803937007874014
20
-3.9607480314960628
11
5.5808432283464562
21
-3.9584880708661419
0
LINE
8
BLACK
6
CONTINUOUS
10
5.5808432283464562
20
-3.9584880708661419
11
5.5821233858267716
21
-3.9565722047244094
0
LINE
8
BLACK
6
CONTINUOUS
10
5.5821233858267716
20
-3.9565722047244094
11
5.5840392519685036
21
-3.9552920472440944
0
LINE
8
BLACK
6
CONTINUOUS
10
5.5840392519685036
20
-3.9552920472440944
11
5.5862992125984254
21
-3.9548425196850392
0
LINE
8
BLACK
6
CONTINUOUS
10
5.5862992125984254
20
-3.9548425196850392
11
5.6262992125984255
21
-3.9548425196850392
0
LINE
8
BLACK
6
CONTINUOUS
10
5.6262992125984255
20
-3.9548425196850392
11
5.6285591732283464
21
-3.9552920472440944
0
LINE
8
BLACK
6
CONTINUOUS
10
5.169397047244094
20
-3.9411011417322834
11
5.1733677559055113
21
-3.9428543700787402
0
LINE
8
BLACK
6
CONTINUOUS
10
5.1733677559055113
20
-3.9428543700787402
11
5.1764369685039373
21
-3.9459235826771653
0
LINE
8
BLACK
6
CONTINUOUS
10
5.1764369685039373
20
-3.9459235826771653
11
5.1781901968503936
21
-3.9498942913385826
0
LINE
8
BLACK
6
CONTINUOUS
10
5.1781901968503936
20
-3.9498942913385826
11
5.178503937007874
21
-3.9525984251968502
0
LINE
8
BLACK
6
CONTINUOUS
10
5.178503937007874
20
-3.9525984251968502
11
5.178503937007874
21
-3.9644094488188975
0
LINE
8
BLACK
6
CONTINUOUS
10
5.178503937007874
20
-3.9644094488188975
11
5.1781901968503936
21
-3.9671135826771651
0
LINE
8
BLACK
6
CONTINUOUS
10
5.1781901968503936
20
-3.9671135826771651
11
5.1764369685039373
21
-3.9710842913385824
0
LINE
8
BLACK
6
CONTINUOUS
10
5.1764369685039373
20
-3.9710842913385824
11
5.1733677559055113
21
-3.9741535039370079
0
LINE
8
BLACK
6
CONTINUOUS
10
5.1733677559055113
20
-3.9741535039370079
11
5.169397047244094
21
-3.9759067322834647
0
LINE
8
BLACK
6
CONTINUOUS
10
5.169397047244094
20
-3.9759067322834647
11
5.1666929133858268
21
-3.9762204724409447
0
LINE
8
BLACK
6
CONTINUOUS
10
5.1666929133858268
20
-3.9762204724409447
11
5.1115748031496064
21
-3.9762204724409447
0
LINE
8
BLACK
6
CONTINUOUS
10
5.1115748031496064
20
-3.9762204724409447
11
5.1088706692913384
21
-3.9759067322834647
0
LINE
8
BLACK
6
CONTINUOUS
10
5.1088706692913384
20
-3.9759067322834647
11
5.104899960629921
21
-3.9741535039370079
0
LINE
8
BLACK
6
CONTINUOUS
10
5.104899960629921
20
-3.9741535039370079
11
5.1018307480314959
21
-3.9710842913385824
0
LINE
8
BLACK
6
CONTINUOUS
10
5.1018307480314959
20
-3.9710842913385824
11
5.1000775196850396
21
-3.9671135826771651
0
LINE
8
BLACK
6
CONTINUOUS
10
5.1000775196850396
20
-3.9671135826771651
11
5.0997637795275592
21
-3.9644094488188975
0
LINE
8
BLACK
6
CONTINUOUS
10
5.0997637795275592
20
-3.9644094488188975
11
5.0997637795275592
21
-3.9525984251968502
0
LINE
8
BLACK
6
CONTINUOUS
10
5.0997637795275592
20
-3.9525984251968502
11
5.1000775196850396
21
-3.9498942913385826
0
LINE
8
BLACK
6
CONTINUOUS
10
5.1000775196850396
20
-3.9498942913385826
11
5.1018307480314959
21
-3.9459235826771653
0
LINE
8
BLACK
6
CONTINUOUS
10
5.1018307480314959
20
-3.9459235826771653
11
5.104899960629921
21
-3.9428543700787402
0
LINE
8
BLACK
6
CONTINUOUS
10
5.104899960629921
20
-3.9428543700787402
11
5.1088706692913384
21
-3.9411011417322834
0
LINE
8
BLACK
6
CONTINUOUS
10
5.1088706692913384
20
-3.9411011417322834
11
5.1115748031496064
21
-3.940787401574803
0
LINE
8
BLACK
6
CONTINUOUS
10
5.1115748031496064
20
-3.940787401574803
11
5.1666929133858268
21
-3.940787401574803
0
LINE
8
BLACK
6
CONTINUOUS
10
5.1666929133858268
20
-3.940787401574803
11
5.169397047244094
21
-3.9411011417322834
0
LINE
8
BLACK
6
CONTINUOUS
10
6.0003543700787398
20
-3.9237633858267715
11
6.0047206299212599
21
-3.9258979133858265
0
LINE
8
BLACK
6
CONTINUOUS
10
6.0047206299212599
20
-3.9258979133858265
11
6.0081572047244096
21
-3.9293344881889762
0
LINE
8
BLACK
6
CONTINUOUS
10
6.0081572047244096
20
-3.9293344881889762
11
6.0102917322834646
21
-3.9337007480314958
0
LINE
8
BLACK
6
CONTINUOUS
10
6.0102917322834646
20
-3.9337007480314958
11
6.0109055118110231
21
-3.9379133858267714
0
LINE
8
BLACK
6
CONTINUOUS
10
6.0109055118110231
20
-3.9379133858267714
11
6.0109055118110231
21
-3.9556299212598423
0
LINE
8
BLACK
6
CONTINUOUS
10
6.0109055118110231
20
-3.9556299212598423
11
6.0102917322834646
21
-3.9598425590551178
0
LINE
8
BLACK
6
CONTINUOUS
10
6.0102917322834646
20
-3.9598425590551178
11
6.0081572047244096
21
-3.9642088188976379
0
LINE
8
BLACK
6
CONTINUOUS
10
6.0081572047244096
20
-3.9642088188976379
11
6.0047206299212599
21
-3.9676453937007872
0
LINE
8
BLACK
6
CONTINUOUS
10
6.0047206299212599
20
-3.9676453937007872
11
6.0003543700787398
21
-3.9697799212598426
0
LINE
8
BLACK
6
CONTINUOUS
10
6.0003543700787398
20
-3.9697799212598426
11
5.9961417322834647
21
-3.9703937007874015
0
LINE
8
BLACK
6
CONTINUOUS
10
5.9961417322834647
20
-3.9703937007874015
11
5.976456692913386
21
-3.9703937007874015
0
LINE
8
BLACK
6
CONTINUOUS
10
5.976456692913386
20
-3.9703937007874015
11
5.97224405511811
21
-3.9697799212598426
0
LINE
8
BLACK
6
CONTINUOUS
10
5.97224405511811
20
-3.9697799212598426
11
5.9678777952755908
21
-3.9676453937007872
0
LINE
8
BLACK
6
CONTINUOUS
10
5.9678777952755908
20
-3.9676453937007872
11
5.9644412204724411
21
-3.9642088188976379
0
LINE
8
BLACK
6
CONTINUOUS
10
5.9644412204724411
20
-3.9642088188976379
11
5.9623066929133861
21
-3.9598425590551178
0
LINE
8
BLACK
6
CONTINUOUS
10
5.9623066929133861
20
-3.9598425590551178
11
5.9616929133858267
21
-3.9556299212598423
0
LINE
8
BLACK
6
CONTINUOUS
10
5.9616929133858267
20
-3.9556299212598423
11
5.9616929133858267
21
-3.9379133858267714
0
LINE
8
BLACK
6
CONTINUOUS
10
5.9616929133858267
20
-3.9379133858267714
11
5.9623066929133861
21
-3.9337007480314958
0
LINE
8
BLACK
6
CONTINUOUS
10
5.9623066929133861
20
-3.9337007480314958
11
5.9644412204724411
21
-3.9293344881889762
0
LINE
8
BLACK
6
CONTINUOUS
10
5.9644412204724411
20
-3.9293344881889762
11
5.9678777952755908
21
-3.9258979133858265
0
LINE
8
BLACK
6
CONTINUOUS
10
5.9678777952755908
20
-3.9258979133858265
11
5.97224405511811
21
-3.9237633858267715
0
LINE
8
BLACK
6
CONTINUOUS
10
5.97224405511811
20
-3.9237633858267715
11
5.976456692913386
21
-3.9231496062992126
0
LINE
8
BLACK
6
CONTINUOUS
10
5.976456692913386
20
-3.9231496062992126
11
5.9961417322834647
21
-3.9231496062992126
0
LINE
8
BLACK
6
CONTINUOUS
10
5.9961417322834647
20
-3.9231496062992126
11
6.0003543700787398
21
-3.9237633858267715
0
LINE
8
BLACK
6
CONTINUOUS
10
6.4588821653543302
20
-3.8901605118110236
11
6.4632722047244089
21
-3.8923973622047243
0
LINE
8
BLACK
6
CONTINUOUS
10
6.4632722047244089
20
-3.8923973622047243
11
6.4667561811023617
21
-3.8958813385826772
0
LINE
8
BLACK
6
CONTINUOUS
10
6.4667561811023617
20
-3.8958813385826772
11
6.4689930314960629
21
-3.9002713779527558
0
LINE
8
BLACK
6
CONTINUOUS
10
6.4689930314960629
20
-3.9002713779527558
11
6.4697637795275593
21
-3.9051377952755906
0
LINE
8
BLACK
6
CONTINUOUS
10
6.4697637795275593
20
-3.9051377952755906
11
6.4697637795275593
21
-3.9307283464566929
0
LINE
8
BLACK
6
CONTINUOUS
10
6.4697637795275593
20
-3.9307283464566929
11
6.4689930314960629
21
-3.9355947637795277
0
LINE
8
BLACK
6
CONTINUOUS
10
6.4689930314960629
20
-3.9355947637795277
11
6.4667561811023617
21
-3.9399848031496063
0
LINE
8
BLACK
6
CONTINUOUS
10
6.4667561811023617
20
-3.9399848031496063
11
6.4632722047244089
21
-3.9434687795275591
0
LINE
8
BLACK
6
CONTINUOUS
10
6.4632722047244089
20
-3.9434687795275591
11
6.4588821653543302
21
-3.9457056299212598
0
LINE
8
BLACK
6
CONTINUOUS
10
6.4588821653543302
20
-3.9457056299212598
11
6.4540157480314964
21
-3.9464763779527559
0
LINE
8
BLACK
6
CONTINUOUS
10
6.4540157480314964
20
-3.9464763779527559
11
6.4185826771653538
21
-3.9464763779527559
0
LINE
8
BLACK
6
CONTINUOUS
10
6.4185826771653538
20
-3.9464763779527559
11
6.4137162598425199
21
-3.9457056299212598
0
LINE
8
BLACK
6
CONTINUOUS
10
6.4137162598425199
20
-3.9457056299212598
11
6.4093262204724404
21
-3.9434687795275591
0
LINE
8
BLACK
6
CONTINUOUS
10
6.4093262204724404
20
-3.9434687795275591
11
6.4058422440944884
21
-3.9399848031496063
0
LINE
8
BLACK
6
CONTINUOUS
10
6.4058422440944884
20
-3.9399848031496063
11
6.4036053937007873
21
-3.9355947637795277
0
LINE
8
BLACK
6
CONTINUOUS
10
6.4036053937007873
20
-3.9355947637795277
11
6.4028346456692908
21
-3.9307283464566929
0
LINE
8
BLACK
6
CONTINUOUS
10
6.4028346456692908
20
-3.9307283464566929
11
6.4028346456692908
21
-3.9051377952755906
0
LINE
8
BLACK
6
CONTINUOUS
10
6.4028346456692908
20
-3.9051377952755906
11
6.4036053937007873
21
-3.9002713779527558
0
LINE
8
BLACK
6
CONTINUOUS
10
6.4036053937007873
20
-3.9002713779527558
11
6.4058422440944884
21
-3.8958813385826772
0
LINE
8
BLACK
6
CONTINUOUS
10
6.4058422440944884
20
-3.8958813385826772
11
6.4093262204724404
21
-3.8923973622047243
0
LINE
8
BLACK
6
CONTINUOUS
10
6.4093262204724404
20
-3.8923973622047243
11
6.4137162598425199
21
-3.8901605118110236
0
LINE
8
BLACK
6
CONTINUOUS
10
6.4137162598425199
20
-3.8901605118110236
11
6.4185826771653538
21
-3.8893897637795276
0
LINE
8
BLACK
6
CONTINUOUS
10
6.4185826771653538
20
-3.8893897637795276
11
6.4540157480314964
21
-3.8893897637795276
0
LINE
8
BLACK
6
CONTINUOUS
10
6.4540157480314964
20
-3.8893897637795276
11
6.4588821653543302
21
-3.8901605118110236
0
LINE
8
BLACK
6
CONTINUOUS
10
5.2506247244094491
20
-3.881714566929134
11
5.2546998818897634
21
-3.8837068110236221
0
LINE
8
BLACK
6
CONTINUOUS
10
5.2546998818897634
20
-3.8837068110236221
11
5.2579073622047243
21
-3.8869142913385826
0
LINE
8
BLACK
6
CONTINUOUS
10
5.2579073622047243
20
-3.8869142913385826
11
5.2598996062992125
21
-3.8909894488188974
0
LINE
8
BLACK
6
CONTINUOUS
10
5.2598996062992125
20
-3.8909894488188974
11
5.2604724409448815
21
-3.8949212598425196
0
LINE
8
BLACK
6
CONTINUOUS
10
5.2604724409448815
20
-3.8949212598425196
11
5.2604724409448815
21
-3.9165748031496062
0
LINE
8
BLACK
6
CONTINUOUS
10
5.2604724409448815
20
-3.9165748031496062
11
5.2598996062992125
21
-3.9205066141732283
0
LINE
8
BLACK
6
CONTINUOUS
10
5.2598996062992125
20
-3.9205066141732283
11
5.2579073622047243
21
-3.9245817716535432
0
LINE
8
BLACK
6
CONTINUOUS
10
5.2579073622047243
20
-3.9245817716535432
11
5.2546998818897634
21
-3.927789251968504
0
LINE
8
BLACK
6
CONTINUOUS
10
5.2546998818897634
20
-3.927789251968504
11
5.2506247244094491
21
-3.9297814960629922
0
LINE
8
BLACK
6
CONTINUOUS
10
5.2506247244094491
20
-3.9297814960629922
11
5.2466929133858269
21
-3.9303543307086612
0
LINE
8
BLACK
6
CONTINUOUS
10
5.2466929133858269
20
-3.9303543307086612
11
5.2309448818897639
21
-3.9303543307086612
0
LINE
8
BLACK
6
CONTINUOUS
10
5.2309448818897639
20
-3.9303543307086612
11
5.2270130708661418
21
-3.9297814960629922
0
LINE
8
BLACK
6
CONTINUOUS
10
5.2270130708661418
20
-3.9297814960629922
11
5.2229379133858265
21
-3.927789251968504
0
LINE
8
BLACK
6
CONTINUOUS
10
5.2229379133858265
20
-3.927789251968504
11
5.2197304330708656
21
-3.9245817716535432
0
LINE
8
BLACK
6
CONTINUOUS
10
5.2197304330708656
20
-3.9245817716535432
11
5.2177381889763774
21
-3.9205066141732283
0
LINE
8
BLACK
6
CONTINUOUS
10
5.2177381889763774
20
-3.9205066141732283
11
5.2171653543307084
21
-3.9165748031496062
0
LINE
8
BLACK
6
CONTINUOUS
10
5.2171653543307084
20
-3.9165748031496062
11
5.2171653543307084
21
-3.8949212598425196
0
LINE
8
BLACK
6
CONTINUOUS
10
5.2171653543307084
20
-3.8949212598425196
11
5.2177381889763774
21
-3.8909894488188974
0
LINE
8
BLACK
6
CONTINUOUS
10
5.2177381889763774
20
-3.8909894488188974
11
5.2197304330708656
21
-3.8869142913385826
0
LINE
8
BLACK
6
CONTINUOUS
10
5.2197304330708656
20
-3.8869142913385826
11
5.2229379133858265
21
-3.8837068110236221
0
LINE
8
BLACK
6
CONTINUOUS
10
5.2229379133858265
20
-3.8837068110236221
11
5.2270130708661418
21
-3.881714566929134
0
LINE
8
BLACK
6
CONTINUOUS
10
5.2270130708661418
20
-3.881714566929134
11
5.2309448818897639
21
-3.8811417322834645
0
LINE
8
BLACK
6
CONTINUOUS
10
5.2309448818897639
20
-3.8811417322834645
11
5.2466929133858269
21
-3.8811417322834645
0
LINE
8
BLACK
6
CONTINUOUS
10
5.2466929133858269
20
-3.8811417322834645
11
5.2506247244094491
21
-3.881714566929134
0
LINE
8
BLACK
6
CONTINUOUS
10
5.3155853543307083
20
-3.881714566929134
11
5.3196605118110236
21
-3.8837068110236221
0
LINE
8
BLACK
6
CONTINUOUS
10
5.3196605118110236
20
-3.8837068110236221
11
5.3228679921259845
21
-3.8869142913385826
0
LINE
8
BLACK
6
CONTINUOUS
10
5.3228679921259845
20
-3.8869142913385826
11
5.3248602362204727
21
-3.8909894488188974
0
LINE
8
BLACK
6
CONTINUOUS
10
5.3248602362204727
20
-3.8909894488188974
11
5.3254330708661417
21
-3.8949212598425196
0
LINE
8
BLACK
6
CONTINUOUS
10
5.3254330708661417
20
-3.8949212598425196
11
5.3254330708661417
21
-3.9165748031496062
0
LINE
8
BLACK
6
CONTINUOUS
10
5.3254330708661417
20
-3.9165748031496062
11
5.3248602362204727
21
-3.9205066141732283
0
LINE
8
BLACK
6
CONTINUOUS
10
5.3248602362204727
20
-3.9205066141732283
11
5.3228679921259845
21
-3.9245817716535432
0
LINE
8
BLACK
6
CONTINUOUS
10
5.3228679921259845
20
-3.9245817716535432
11
5.3196605118110236
21
-3.927789251968504
0
LINE
8
BLACK
6
CONTINUOUS
10
5.3196605118110236
20
-3.927789251968504
11
5.3155853543307083
21
-3.9297814960629922
0
LINE
8
BLACK
6
CONTINUOUS
10
5.3155853543307083
20
-3.9297814960629922
11
5.3116535433070862
21
-3.9303543307086612
0
LINE
8
BLACK
6
CONTINUOUS
10
5.3116535433070862
20
-3.9303543307086612
11
5.2959055118110232
21
-3.9303543307086612
0
LINE
8
BLACK
6
CONTINUOUS
10
5.2959055118110232
20
-3.9303543307086612
11
5.291973700787401
21
-3.9297814960629922
0
LINE
8
BLACK
6
CONTINUOUS
10
5.291973700787401
20
-3.9297814960629922
11
5.2878985433070866
21
-3.927789251968504
0
LINE
8
BLACK
6
CONTINUOUS
10
5.2878985433070866
20
-3.927789251968504
11
5.2846910629921258
21
-3.9245817716535432
0
LINE
8
BLACK
6
CONTINUOUS
10
5.2846910629921258
20
-3.9245817716535432
11
5.2826988188976376
21
-3.9205066141732283
0
LINE
8
BLACK
6
CONTINUOUS
10
5.2826988188976376
20
-3.9205066141732283
11
5.2821259842519686
21
-3.9165748031496062
0
LINE
8
BLACK
6
CONTINUOUS
10
5.2821259842519686
20
-3.9165748031496062
11
5.2821259842519686
21
-3.8949212598425196
0
LINE
8
BLACK
6
CONTINUOUS
10
5.2821259842519686
20
-3.8949212598425196
11
5.2826988188976376
21
-3.8909894488188974
0
LINE
8
BLACK
6
CONTINUOUS
10
5.2826988188976376
20
-3.8909894488188974
11
5.2846910629921258
21
-3.8869142913385826
0
LINE
8
BLACK
6
CONTINUOUS
10
5.2846910629921258
20
-3.8869142913385826
11
5.2878985433070866
21
-3.8837068110236221
0
LINE
8
BLACK
6
CONTINUOUS
10
5.2878985433070866
20
-3.8837068110236221
11
5.291973700787401
21
-3.881714566929134
0
LINE
8
BLACK
6
CONTINUOUS
10
5.291973700787401
20
-3.881714566929134
11
5.2959055118110232
21
-3.8811417322834645
0
LINE
8
BLACK
6
CONTINUOUS
10
5.2959055118110232
20
-3.8811417322834645
11
5.3116535433070862
21
-3.8811417322834645
0
LINE
8
BLACK
6
CONTINUOUS
10
5.3116535433070862
20
-3.8811417322834645
11
5.3155853543307083
21
-3.881714566929134
0
LINE
8
BLACK
6
CONTINUOUS
10
5.169397047244094
20
-3.8918885433070867
11
5.1733677559055113
21
-3.8936417716535434
0
LINE
8
BLACK
6
CONTINUOUS
10
5.1733677559055113
20
-3.8936417716535434
11
5.1764369685039373
21
-3.8967109842519685
0
LINE
8
BLACK
6
CONTINUOUS
10
5.1764369685039373
20
-3.8967109842519685
11
5.1781901968503936
21
-3.9006816929133858
0
LINE
8
BLACK
6
CONTINUOUS
10
5.1781901968503936
20
-3.9006816929133858
11
5.178503937007874
21
-3.9033858267716535
0
LINE
8
BLACK
6
CONTINUOUS
10
5.178503937007874
20
-3.9033858267716535
11
5.178503937007874
21
-3.9151968503937007
0
LINE
8
BLACK
6
CONTINUOUS
10
5.178503937007874
20
-3.9151968503937007
11
5.1781901968503936
21
-3.9179009842519683
0
LINE
8
BLACK
6
CONTINUOUS
10
5.1781901968503936
20
-3.9179009842519683
11
5.1764369685039373
21
-3.9218716929133857
0
LINE
8
BLACK
6
CONTINUOUS
10
5.1764369685039373
20
-3.9218716929133857
11
5.1733677559055113
21
-3.9249409055118107
0
LINE
8
BLACK
6
CONTINUOUS
10
5.1733677559055113
20
-3.9249409055118107
11
5.169397047244094
21
-3.9266941338582675
0
LINE
8
BLACK
6
CONTINUOUS
10
5.169397047244094
20
-3.9266941338582675
11
5.1666929133858268
21
-3.9270078740157479
0
LINE
8
BLACK
6
CONTINUOUS
10
5.1666929133858268
20
-3.9270078740157479
11
5.1115748031496064
21
-3.9270078740157479
0
LINE
8
BLACK
6
CONTINUOUS
10
5.1115748031496064
20
-3.9270078740157479
11
5.1088706692913384
21
-3.9266941338582675
0
LINE
8
BLACK
6
CONTINUOUS
10
5.1088706692913384
20
-3.9266941338582675
11
5.104899960629921
21
-3.9249409055118107
0
LINE
8
BLACK
6
CONTINUOUS
10
5.104899960629921
20
-3.9249409055118107
11
5.1018307480314959
21
-3.9218716929133857
0
LINE
8
BLACK
6
CONTINUOUS
10
5.1018307480314959
20
-3.9218716929133857
11
5.1000775196850396
21
-3.9179009842519683
0
LINE
8
BLACK
6
CONTINUOUS
10
5.1000775196850396
20
-3.9179009842519683
11
5.0997637795275592
21
-3.9151968503937007
0
LINE
8
BLACK
6
CONTINUOUS
10
5.0997637795275592
20
-3.9151968503937007
11
5.0997637795275592
21
-3.9033858267716535
0
LINE
8
BLACK
6
CONTINUOUS
10
5.0997637795275592
20
-3.9033858267716535
11
5.1000775196850396
21
-3.9006816929133858
0
LINE
8
BLACK
6
CONTINUOUS
10
5.1000775196850396
20
-3.9006816929133858
11
5.1018307480314959
21
-3.8967109842519685
0
LINE
8
BLACK
6
CONTINUOUS
10
5.1018307480314959
20
-3.8967109842519685
11
5.104899960629921
21
-3.8936417716535434
0
LINE
8
BLACK
6
CONTINUOUS
10
5.104899960629921
20
-3.8936417716535434
11
5.1088706692913384
21
-3.8918885433070867
0
LINE
8
BLACK
6
CONTINUOUS
10
5.1088706692913384
20
-3.8918885433070867
11
5.1115748031496064
21
-3.8915748031496062
0
LINE
8
BLACK
6
CONTINUOUS
10
5.1115748031496064
20
-3.8915748031496062
11
5.1666929133858268
21
-3.8915748031496062
0
LINE
8
BLACK
6
CONTINUOUS
10
5.1666929133858268
20
-3.8915748031496062
11
5.169397047244094
21
-3.8918885433070867
0
LINE
8
BLACK
6
CONTINUOUS
10
5.7258664173228349
20
-3.8707313779527559
11
5.7302564566929135
21
-3.8729682283464566
0
LINE
8
BLACK
6
CONTINUOUS
10
5.7302564566929135
20
-3.8729682283464566
11
5.7337404330708663
21
-3.8764522047244094
0
LINE
8
BLACK
6
CONTINUOUS
10
5.7337404330708663
20
-3.8764522047244094
11
5.7359772834645666
21
-3.8808422440944881
0
LINE
8
BLACK
6
CONTINUOUS
10
5.7359772834645666
20
-3.8808422440944881
11
5.736748031496063
21
-3.8857086614173229
0
LINE
8
BLACK
6
CONTINUOUS
10
5.736748031496063
20
-3.8857086614173229
11
5.736748031496063
21
-3.9053937007874016
0
LINE
8
BLACK
6
CONTINUOUS
10
5.736748031496063
20
-3.9053937007874016
11
5.7359772834645666
21
-3.9102601181102363
0
LINE
8
BLACK
6
CONTINUOUS
10
5.7359772834645666
20
-3.9102601181102363
11
5.7337404330708663
21
-3.914650157480315
0
LINE
8
BLACK
6
CONTINUOUS
10
5.7337404330708663
20
-3.914650157480315
11
5.7302564566929135
21
-3.9181341338582678
0
LINE
8
BLACK
6
CONTINUOUS
10
5.7302564566929135
20
-3.9181341338582678
11
5.7258664173228349
21
-3.9203709842519685
0
LINE
8
BLACK
6
CONTINUOUS
10
5.7258664173228349
20
-3.9203709842519685
11
5.7210000000000001
21
-3.9211417322834645
0
LINE
8
BLACK
6
CONTINUOUS
10
5.7210000000000001
20
-3.9211417322834645
11
5.6835984251968501
21
-3.9211417322834645
0
LINE
8
BLACK
6
CONTINUOUS
10
5.6835984251968501
20
-3.9211417322834645
11
5.6787320078740153
21
-3.9203709842519685
0
LINE
8
BLACK
6
CONTINUOUS
10
5.6787320078740153
20
-3.9203709842519685
11
5.6743419685039367
21
-3.9181341338582678
0
LINE
8
BLACK
6
CONTINUOUS
10
5.6743419685039367
20
-3.9181341338582678
11
5.6708579921259838
21
-3.914650157480315
0
LINE
8
BLACK
6
CONTINUOUS
10
5.6708579921259838
20
-3.914650157480315
11
5.6686211417322836
21
-3.9102601181102363
0
LINE
8
BLACK
6
CONTINUOUS
10
5.6686211417322836
20
-3.9102601181102363
11
5.6678503937007871
21
-3.9053937007874016
0
LINE
8
BLACK
6
CONTINUOUS
10
5.6678503937007871
20
-3.9053937007874016
11
5.6678503937007871
21
-3.8857086614173229
0
LINE
8
BLACK
6
CONTINUOUS
10
5.6678503937007871
20
-3.8857086614173229
11
5.6686211417322836
21
-3.8808422440944881
0
LINE
8
BLACK
6
CONTINUOUS
10
5.6686211417322836
20
-3.8808422440944881
11
5.6708579921259838
21
-3.8764522047244094
0
LINE
8
BLACK
6
CONTINUOUS
10
5.6708579921259838
20
-3.8764522047244094
11
5.6743419685039367
21
-3.8729682283464566
0
LINE
8
BLACK
6
CONTINUOUS
10
5.6743419685039367
20
-3.8729682283464566
11
5.6787320078740153
21
-3.8707313779527559
0
LINE
8
BLACK
6
CONTINUOUS
10
5.6787320078740153
20
-3.8707313779527559
11
5.6835984251968501
21
-3.8699606299212599
0
LINE
8
BLACK
6
CONTINUOUS
10
5.6835984251968501
20
-3.8699606299212599
11
5.7210000000000001
21
-3.8699606299212599
0
LINE
8
BLACK
6
CONTINUOUS
10
5.7210000000000001
20
-3.8699606299212599
11
5.7258664173228349
21
-3.8707313779527559
0
LINE
8
BLACK
6
CONTINUOUS
10
6.0767758661417322
20
-3.8530542125984253
11
6.0811659055118108
21
-3.855291062992126
0
LINE
8
BLACK
6
CONTINUOUS
10
6.0811659055118108
20
-3.855291062992126
11
6.0846498818897636
21
-3.8587750393700788
0
LINE
8
BLACK
6
CONTINUOUS
10
6.0846498818897636
20
-3.8587750393700788
11
6.0868867322834648
21
-3.8631650787401575
0
LINE
8
BLACK
6
CONTINUOUS
10
6.0868867322834648
20
-3.8631650787401575
11
6.0876574803149603
21
-3.8680314960629922
0
LINE
8
BLACK
6
CONTINUOUS
10
6.0876574803149603
20
-3.8680314960629922
11
6.0876574803149603
21
-3.9034645669291339
0
LINE
8
BLACK
6
CONTINUOUS
10
6.0876574803149603
20
-3.9034645669291339
11
6.0868867322834648
21
-3.9083309842519682
0
LINE
8
BLACK
6
CONTINUOUS
10
6.0868867322834648
20
-3.9083309842519682
11
6.0846498818897636
21
-3.9127210236220473
0
LINE
8
BLACK
6
CONTINUOUS
10
6.0846498818897636
20
-3.9127210236220473
11
6.0811659055118108
21
-3.9162049999999997
0
LINE
8
BLACK
6
CONTINUOUS
10
6.0811659055118108
20
-3.9162049999999997
11
6.0767758661417322
21
-3.9184418503937009
0
LINE
8
BLACK
6
CONTINUOUS
10
6.0767758661417322
20
-3.9184418503937009
11
6.0719094488188974
21
-3.9192125984251969
0
LINE
8
BLACK
6
CONTINUOUS
10
6.0719094488188974
20
-3.9192125984251969
11
6.0463188976377955
21
-3.9192125984251969
0
LINE
8
BLACK
6
CONTINUOUS
10
6.0463188976377955
20
-3.9192125984251969
11
6.0414524803149607
21
-3.9184418503937009
0
LINE
8
BLACK
6
CONTINUOUS
10
6.0414524803149607
20
-3.9184418503937009
11
6.0370624409448821
21
-3.9162049999999997
0
LINE
8
BLACK
6
CONTINUOUS
10
6.0370624409448821
20
-3.9162049999999997
11
6.0335784645669293
21
-3.9127210236220473
0
LINE
8
BLACK
6
CONTINUOUS
10
6.0335784645669293
20
-3.9127210236220473
11
6.0313416141732281
21
-3.9083309842519682
0
LINE
8
BLACK
6
CONTINUOUS
10
6.0313416141732281
20
-3.9083309842519682
11
6.0305708661417325
21
-3.9034645669291339
0
LINE
8
BLACK
6
CONTINUOUS
10
6.0305708661417325
20
-3.9034645669291339
11
6.0305708661417325
21
-3.8680314960629922
0
LINE
8
BLACK
6
CONTINUOUS
10
6.0305708661417325
20
-3.8680314960629922
11
6.0313416141732281
21
-3.8631650787401575
0
LINE
8
BLACK
6
CONTINUOUS
10
6.0313416141732281
20
-3.8631650787401575
11
6.0335784645669293
21
-3.8587750393700788
0
LINE
8
BLACK
6
CONTINUOUS
10
6.0335784645669293
20
-3.8587750393700788
11
6.0370624409448821
21
-3.855291062992126
0
LINE
8
BLACK
6
CONTINUOUS
10
6.0370624409448821
20
-3.855291062992126
11
6.0414524803149607
21
-3.8530542125984253
0
LINE
8
BLACK
6
CONTINUOUS
10
6.0414524803149607
20
-3.8530542125984253
11
6.0463188976377955
21
-3.8522834645669288
0
LINE
8
BLACK
6
CONTINUOUS
10
6.0463188976377955
20
-3.8522834645669288
11
6.0719094488188974
21
-3.8522834645669288
0
LINE
8
BLACK
6
CONTINUOUS
10
6.0719094488188974
20
-3.8522834645669288
11
6.0767758661417322
21
-3.8530542125984253
0
LINE
8
BLACK
6
CONTINUOUS
10
6.1574845275590553
20
-3.8530542125984253
11
6.1618745669291339
21
-3.855291062992126
0
LINE
8
BLACK
6
CONTINUOUS
10
6.1618745669291339
20
-3.855291062992126
11
6.1653585433070868
21
-3.8587750393700788
0
LINE
8
BLACK
6
CONTINUOUS
10
6.1653585433070868
20
-3.8587750393700788
11
6.167595393700787
21
-3.8631650787401575
0
LINE
8
BLACK
6
CONTINUOUS
10
6.167595393700787
20
-3.8631650787401575
11
6.1683661417322835
21
-3.8680314960629922
0
LINE
8
BLACK
6
CONTINUOUS
10
6.1683661417322835
20
-3.8680314960629922
11
6.1683661417322835
21
-3.9034645669291339
0
LINE
8
BLACK
6
CONTINUOUS
10
6.1683661417322835
20
-3.9034645669291339
11
6.167595393700787
21
-3.9083309842519682
0
LINE
8
BLACK
6
CONTINUOUS
10
6.167595393700787
20
-3.9083309842519682
11
6.1653585433070868
21
-3.9127210236220473
0
LINE
8
BLACK
6
CONTINUOUS
10
6.1653585433070868
20
-3.9127210236220473
11
6.1618745669291339
21
-3.9162049999999997
0
LINE
8
BLACK
6
CONTINUOUS
10
6.1618745669291339
20
-3.9162049999999997
11
6.1574845275590553
21
-3.9184418503937009
0
LINE
8
BLACK
6
CONTINUOUS
10
6.1574845275590553
20
-3.9184418503937009
11
6.1526181102362205
21
-3.9192125984251969
0
LINE
8
BLACK
6
CONTINUOUS
10
6.1526181102362205
20
-3.9192125984251969
11
6.1270275590551178
21
-3.9192125984251969
0
LINE
8
BLACK
6
CONTINUOUS
10
6.1270275590551178
20
-3.9192125984251969
11
6.122161141732283
21
-3.9184418503937009
0
LINE
8
BLACK
6
CONTINUOUS
10
6.122161141732283
20
-3.9184418503937009
11
6.1177711023622043
21
-3.9162049999999997
0
LINE
8
BLACK
6
CONTINUOUS
10
6.1177711023622043
20
-3.9162049999999997
11
6.1142871259842515
21
-3.9127210236220473
0
LINE
8
BLACK
6
CONTINUOUS
10
6.1142871259842515
20
-3.9127210236220473
11
6.1120502755905513
21
-3.9083309842519682
0
LINE
8
BLACK
6
CONTINUOUS
10
6.1120502755905513
20
-3.9083309842519682
11
6.1112795275590548
21
-3.9034645669291339
0
LINE
8
BLACK
6
CONTINUOUS
10
6.1112795275590548
20
-3.9034645669291339
11
6.1112795275590548
21
-3.8680314960629922
0
LINE
8
BLACK
6
CONTINUOUS
10
6.1112795275590548
20
-3.8680314960629922
11
6.1120502755905513
21
-3.8631650787401575
0
LINE
8
BLACK
6
CONTINUOUS
10
6.1120502755905513
20
-3.8631650787401575
11
6.1142871259842515
21
-3.8587750393700788
0
LINE
8
BLACK
6
CONTINUOUS
10
6.1142871259842515
20
-3.8587750393700788
11
6.1177711023622043
21
-3.855291062992126
0
LINE
8
BLACK
6
CONTINUOUS
10
6.1177711023622043
20
-3.855291062992126
11
6.122161141732283
21
-3.8530542125984253
0
LINE
8
BLACK
6
CONTINUOUS
10
6.122161141732283
20
-3.8530542125984253
11
6.1270275590551178
21
-3.8522834645669288
0
LINE
8
BLACK
6
CONTINUOUS
10
6.1270275590551178
20
-3.8522834645669288
11
6.1526181102362205
21
-3.8522834645669288
0
LINE
8
BLACK
6
CONTINUOUS
10
6.1526181102362205
20
-3.8522834645669288
11
6.1574845275590553
21
-3.8530542125984253
0
LINE
8
BLACK
6
CONTINUOUS
10
6.2333464960629916
20
-3.8617555118110234
11
6.2377127559055117
21
-3.8638900393700788
0
LINE
8
BLACK
6
CONTINUOUS
10
6.2377127559055117
20
-3.8638900393700788
11
6.2411493307086614
21
-3.8673266141732281
0
LINE
8
BLACK
6
CONTINUOUS
10
6.2411493307086614
20
-3.8673266141732281
11
6.2432838582677164
21
-3.8716928740157481
0
LINE
8
BLACK
6
CONTINUOUS
10
6.2432838582677164
20
-3.8716928740157481
11
6.2438976377952757
21
-3.8759055118110237
0
LINE
8
BLACK
6
CONTINUOUS
10
6.2438976377952757
20
-3.8759055118110237
11
6.2438976377952757
21
-3.8955905511811024
0
LINE
8
BLACK
6
CONTINUOUS
10
6.2438976377952757
20
-3.8955905511811024
11
6.2432838582677164
21
-3.899803188976378
0
LINE
8
BLACK
6
CONTINUOUS
10
6.2432838582677164
20
-3.899803188976378
11
6.2411493307086614
21
-3.9041694488188976
0
LINE
8
BLACK
6
CONTINUOUS
10
6.2411493307086614
20
-3.9041694488188976
11
6.2377127559055117
21
-3.9076060236220473
0
LINE
8
BLACK
6
CONTINUOUS
10
6.2377127559055117
20
-3.9076060236220473
11
6.2333464960629916
21
-3.9097405511811023
0
LINE
8
BLACK
6
CONTINUOUS
10
6.2333464960629916
20
-3.9097405511811023
11
6.2291338582677165
21
-3.9103543307086612
0
LINE
8
BLACK
6
CONTINUOUS
10
6.2291338582677165
20
-3.9103543307086612
11
6.2114173228346452
21
-3.9103543307086612
0
LINE
8
BLACK
6
CONTINUOUS
10
6.2114173228346452
20
-3.9103543307086612
11
6.2072046850393701
21
-3.9097405511811023
0
LINE
8
BLACK
6
CONTINUOUS
10
6.2072046850393701
20
-3.9097405511811023
11
6.20283842519685
21
-3.9076060236220473
0
LINE
8
BLACK
6
CONTINUOUS
10
6.20283842519685
20
-3.9076060236220473
11
6.1994018503937003
21
-3.9041694488188976
0
LINE
8
BLACK
6
CONTINUOUS
10
6.1994018503937003
20
-3.9041694488188976
11
6.1972673228346453
21
-3.899803188976378
0
LINE
8
BLACK
6
CONTINUOUS
10
6.1972673228346453
20
-3.899803188976378
11
6.1966535433070868
21
-3.8955905511811024
0
LINE
8
BLACK
6
CONTINUOUS
10
6.1966535433070868
20
-3.8955905511811024
11
6.1966535433070868
21
-3.8759055118110237
0
LINE
8
BLACK
6
CONTINUOUS
10
6.1966535433070868
20
-3.8759055118110237
11
6.1972673228346453
21
-3.8716928740157481
0
LINE
8
BLACK
6
CONTINUOUS
10
6.1972673228346453
20
-3.8716928740157481
11
6.1994018503937003
21
-3.8673266141732281
0
LINE
8
BLACK
6
CONTINUOUS
10
6.1994018503937003
20
-3.8673266141732281
11
6.20283842519685
21
-3.8638900393700788
0
LINE
8
BLACK
6
CONTINUOUS
10
6.20283842519685
20
-3.8638900393700788
11
6.2072046850393701
21
-3.8617555118110234
0
LINE
8
BLACK
6
CONTINUOUS
10
6.2072046850393701
20
-3.8617555118110234
11
6.2114173228346452
21
-3.8611417322834645
0
LINE
8
BLACK
6
CONTINUOUS
10
6.2114173228346452
20
-3.8611417322834645
11
6.2291338582677165
21
-3.8611417322834645
0
LINE
8
BLACK
6
CONTINUOUS
10
6.2291338582677165
20
-3.8611417322834645
11
6.2333464960629916
21
-3.8617555118110234
0
LINE
8
BLACK
6
CONTINUOUS
10
6.2943701181102361
20
-3.8617555118110234
11
6.2987363779527561
21
-3.8638900393700788
0
LINE
8
BLACK
6
CONTINUOUS
10
6.2987363779527561
20
-3.8638900393700788
11
6.3021729527559049
21
-3.8673266141732281
0
LINE
8
BLACK
6
CONTINUOUS
10
6.3021729527559049
20
-3.8673266141732281
11
6.3043074803149608
21
-3.8716928740157481
0
LINE
8
BLACK
6
CONTINUOUS
10
6.3043074803149608
20
-3.8716928740157481
11
6.3049212598425193
21
-3.8759055118110237
0
LINE
8
BLACK
6
CONTINUOUS
10
6.3049212598425193
20
-3.8759055118110237
11
6.3049212598425193
21
-3.8955905511811024
0
LINE
8
BLACK
6
CONTINUOUS
10
6.3049212598425193
20
-3.8955905511811024
11
6.3043074803149608
21
-3.899803188976378
0
LINE
8
BLACK
6
CONTINUOUS
10
6.3043074803149608
20
-3.899803188976378
11
6.3021729527559049
21
-3.9041694488188976
0
LINE
8
BLACK
6
CONTINUOUS
10
6.3021729527559049
20
-3.9041694488188976
11
6.2987363779527561
21
-3.9076060236220473
0
LINE
8
BLACK
6
CONTINUOUS
10
6.2987363779527561
20
-3.9076060236220473
11
6.2943701181102361
21
-3.9097405511811023
0
LINE
8
BLACK
6
CONTINUOUS
10
6.2943701181102361
20
-3.9097405511811023
11
6.2901574803149609
21
-3.9103543307086612
0
LINE
8
BLACK
6
CONTINUOUS
10
6.2901574803149609
20
-3.9103543307086612
11
6.2724409448818896
21
-3.9103543307086612
0
LINE
8
BLACK
6
CONTINUOUS
10
6.2724409448818896
20
-3.9103543307086612
11
6.2682283070866136
21
-3.9097405511811023
0
LINE
8
BLACK
6
CONTINUOUS
10
6.2682283070866136
20
-3.9097405511811023
11
6.2638620472440945
21
-3.9076060236220473
0
LINE
8
BLACK
6
CONTINUOUS
10
6.2638620472440945
20
-3.9076060236220473
11
6.2604254724409447
21
-3.9041694488188976
0
LINE
8
BLACK
6
CONTINUOUS
10
6.2604254724409447
20
-3.9041694488188976
11
6.2582909448818898
21
-3.899803188976378
0
LINE
8
BLACK
6
CONTINUOUS
10
6.2582909448818898
20
-3.899803188976378
11
6.2576771653543304
21
-3.8955905511811024
0
LINE
8
BLACK
6
CONTINUOUS
10
6.2576771653543304
20
-3.8955905511811024
11
6.2576771653543304
21
-3.8759055118110237
0
LINE
8
BLACK
6
CONTINUOUS
10
6.2576771653543304
20
-3.8759055118110237
11
6.2582909448818898
21
-3.8716928740157481
0
LINE
8
BLACK
6
CONTINUOUS
10
6.2582909448818898
20
-3.8716928740157481
11
6.2604254724409447
21
-3.8673266141732281
0
LINE
8
BLACK
6
CONTINUOUS
10
6.2604254724409447
20
-3.8673266141732281
11
6.2638620472440945
21
-3.8638900393700788
0
LINE
8
BLACK
6
CONTINUOUS
10
6.2638620472440945
20
-3.8638900393700788
11
6.2682283070866136
21
-3.8617555118110234
0
LINE
8
BLACK
6
CONTINUOUS
10
6.2682283070866136
20
-3.8617555118110234
11
6.2724409448818896
21
-3.8611417322834645
0
LINE
8
BLACK
6
CONTINUOUS
10
6.2724409448818896
20
-3.8611417322834645
11
6.2901574803149609
21
-3.8611417322834645
0
LINE
8
BLACK
6
CONTINUOUS
10
6.2901574803149609
20
-3.8611417322834645
11
6.2943701181102361
21
-3.8617555118110234
0
LINE
8
BLACK
6
CONTINUOUS
10
6.0003543700787398
20
-3.8627397637795275
11
6.0047206299212599
21
-3.8648742913385825
0
LINE
8
BLACK
6
CONTINUOUS
10
6.0047206299212599
20
-3.8648742913385825
11
6.0081572047244096
21
-3.8683108661417323
0
LINE
8
BLACK
6
CONTINUOUS
10
6.0081572047244096
20
-3.8683108661417323
11
6.0102917322834646
21
-3.8726771259842518
0
LINE
8
BLACK
6
CONTINUOUS
10
6.0102917322834646
20
-3.8726771259842518
11
6.0109055118110231
21
-3.8768897637795274
0
LINE
8
BLACK
6
CONTINUOUS
10
6.0109055118110231
20
-3.8768897637795274
11
6.0109055118110231
21
-3.8946062992125983
0
LINE
8
BLACK
6
CONTINUOUS
10
6.0109055118110231
20
-3.8946062992125983
11
6.0102917322834646
21
-3.8988189370078739
0
LINE
8
BLACK
6
CONTINUOUS
10
6.0102917322834646
20
-3.8988189370078739
11
6.0081572047244096
21
-3.9031851968503934
0
LINE
8
BLACK
6
CONTINUOUS
10
6.0081572047244096
20
-3.9031851968503934
11
6.0047206299212599
21
-3.9066217716535432
0
LINE
8
BLACK
6
CONTINUOUS
10
6.0047206299212599
20
-3.9066217716535432
11
6.0003543700787398
21
-3.9087562992125982
0
LINE
8
BLACK
6
CONTINUOUS
10
6.0003543700787398
20
-3.9087562992125982
11
5.9961417322834647
21
-3.9093700787401575
0
LINE
8
BLACK
6
CONTINUOUS
10
5.9961417322834647
20
-3.9093700787401575
11
5.976456692913386
21
-3.9093700787401575
0
LINE
8
BLACK
6
CONTINUOUS
10
5.976456692913386
20
-3.9093700787401575
11
5.97224405511811
21
-3.9087562992125982
0
LINE
8
BLACK
6
CONTINUOUS
10
5.97224405511811
20
-3.9087562992125982
11
5.9678777952755908
21
-3.9066217716535432
0
LINE
8
BLACK
6
CONTINUOUS
10
5.9678777952755908
20
-3.9066217716535432
11
5.9644412204724411
21
-3.9031851968503934
0
LINE
8
BLACK
6
CONTINUOUS
10
5.9644412204724411
20
-3.9031851968503934
11
5.9623066929133861
21
-3.8988189370078739
0
LINE
8
BLACK
6
CONTINUOUS
10
5.9623066929133861
20
-3.8988189370078739
11
5.9616929133858267
21
-3.8946062992125983
0
LINE
8
BLACK
6
CONTINUOUS
10
5.9616929133858267
20
-3.8946062992125983
11
5.9616929133858267
21
-3.8768897637795274
0
LINE
8
BLACK
6
CONTINUOUS
10
5.9616929133858267
20
-3.8768897637795274
11
5.9623066929133861
21
-3.8726771259842518
0
LINE
8
BLACK
6
CONTINUOUS
10
5.9623066929133861
20
-3.8726771259842518
11
5.9644412204724411
21
-3.8683108661417323
0
LINE
8
BLACK
6
CONTINUOUS
10
5.9644412204724411
20
-3.8683108661417323
11
5.9678777952755908
21
-3.8648742913385825
0
LINE
8
BLACK
6
CONTINUOUS
10
5.9678777952755908
20
-3.8648742913385825
11
5.97224405511811
21
-3.8627397637795275
0
LINE
8
BLACK
6
CONTINUOUS
10
5.97224405511811
20
-3.8627397637795275
11
5.976456692913386
21
-3.8621259842519686
0
LINE
8
BLACK
6
CONTINUOUS
10
5.976456692913386
20
-3.8621259842519686
11
5.9961417322834647
21
-3.8621259842519686
0
LINE
8
BLACK
6
CONTINUOUS
10
5.9961417322834647
20
-3.8621259842519686
11
6.0003543700787398
21
-3.8627397637795275
0
LINE
8
BLACK
6
CONTINUOUS
10
5.169397047244094
20
-3.8426759448818895
11
5.1733677559055113
21
-3.8444291732283462
0
LINE
8
BLACK
6
CONTINUOUS
10
5.1733677559055113
20
-3.8444291732283462
11
5.1764369685039373
21
-3.8474983858267717
0
LINE
8
BLACK
6
CONTINUOUS
10
5.1764369685039373
20
-3.8474983858267717
11
5.1781901968503936
21
-3.8514690944881891
0
LINE
8
BLACK
6
CONTINUOUS
10
5.1781901968503936
20
-3.8514690944881891
11
5.178503937007874
21
-3.8541732283464567
0
LINE
8
BLACK
6
CONTINUOUS
10
5.178503937007874
20
-3.8541732283464567
11
5.178503937007874
21
-3.8659842519685039
0
LINE
8
BLACK
6
CONTINUOUS
10
5.178503937007874
20
-3.8659842519685039
11
5.1781901968503936
21
-3.8686883858267715
0
LINE
8
BLACK
6
CONTINUOUS
10
5.1781901968503936
20
-3.8686883858267715
11
5.1764369685039373
21
-3.8726590944881889
0
LINE
8
BLACK
6
CONTINUOUS
10
5.1764369685039373
20
-3.8726590944881889
11
5.1733677559055113
21
-3.875728307086614
0
LINE
8
BLACK
6
CONTINUOUS
10
5.1733677559055113
20
-3.875728307086614
11
5.169397047244094
21
-3.8774815354330707
0
LINE
8
BLACK
6
CONTINUOUS
10
5.169397047244094
20
-3.8774815354330707
11
5.1666929133858268
21
-3.8777952755905511
0
LINE
8
BLACK
6
CONTINUOUS
10
5.1666929133858268
20
-3.8777952755905511
11
5.1115748031496064
21
-3.8777952755905511
0
LINE
8
BLACK
6
CONTINUOUS
10
5.1115748031496064
20
-3.8777952755905511
11
5.1088706692913384
21
-3.8774815354330707
0
LINE
8
BLACK
6
CONTINUOUS
10
5.1088706692913384
20
-3.8774815354330707
11
5.104899960629921
21
-3.875728307086614
0
LINE
8
BLACK
6
CONTINUOUS
10
5.104899960629921
20
-3.875728307086614
11
5.1018307480314959
21
-3.8726590944881889
0
LINE
8
BLACK
6
CONTINUOUS
10
5.1018307480314959
20
-3.8726590944881889
11
5.1000775196850396
21
-3.8686883858267715
0
LINE
8
BLACK
6
CONTINUOUS
10
5.1000775196850396
20
-3.8686883858267715
11
5.0997637795275592
21
-3.8659842519685039
0
LINE
8
BLACK
6
CONTINUOUS
10
5.0997637795275592
20
-3.8659842519685039
11
5.0997637795275592
21
-3.8541732283464567
0
LINE
8
BLACK
6
CONTINUOUS
10
5.0997637795275592
20
-3.8541732283464567
11
5.1000775196850396
21
-3.8514690944881891
0
LINE
8
BLACK
6
CONTINUOUS
10
5.1000775196850396
20
-3.8514690944881891
11
5.1018307480314959
21
-3.8474983858267717
0
LINE
8
BLACK
6
CONTINUOUS
10
5.1018307480314959
20
-3.8474983858267717
11
5.104899960629921
21
-3.8444291732283462
0
LINE
8
BLACK
6
CONTINUOUS
10
5.104899960629921
20
-3.8444291732283462
11
5.1088706692913384
21
-3.8426759448818895
0
LINE
8
BLACK
6
CONTINUOUS
10
5.1088706692913384
20
-3.8426759448818895
11
5.1115748031496064
21
-3.8423622047244095
0
LINE
8
BLACK
6
CONTINUOUS
10
5.1115748031496064
20
-3.8423622047244095
11
5.1666929133858268
21
-3.8423622047244095
0
LINE
8
BLACK
6
CONTINUOUS
10
5.1666929133858268
20
-3.8423622047244095
11
5.169397047244094
21
-3.8426759448818895
0
LINE
8
BLACK
6
CONTINUOUS
10
5.9338821653543308
20
-3.8151605118110234
11
5.9382722047244094
21
-3.8173973622047241
0
LINE
8
BLACK
6
CONTINUOUS
10
5.9382722047244094
20
-3.8173973622047241
11
5.9417561811023623
21
-3.820881338582677
0
LINE
8
BLACK
6
CONTINUOUS
10
5.9417561811023623
20
-3.820881338582677
11
5.9439930314960625
21
-3.8252713779527556
0
LINE
8
BLACK
6
CONTINUOUS
10
5.9439930314960625
20
-3.8252713779527556
11
5.944763779527559
21
-3.8301377952755904
0
LINE
8
BLACK
6
CONTINUOUS
10
5.944763779527559
20
-3.8301377952755904
11
5.944763779527559
21
-3.8557283464566927
0
LINE
8
BLACK
6
CONTINUOUS
10
5.944763779527559
20
-3.8557283464566927
11
5.9439930314960625
21
-3.8605947637795275
0
LINE
8
BLACK
6
CONTINUOUS
10
5.9439930314960625
20
-3.8605947637795275
11
5.9417561811023623
21
-3.8649848031496061
0
LINE
8
BLACK
6
CONTINUOUS
10
5.9417561811023623
20
-3.8649848031496061
11
5.9382722047244094
21
-3.868468779527559
0
LINE
8
BLACK
6
CONTINUOUS
10
5.9382722047244094
20
-3.868468779527559
11
5.9338821653543308
21
-3.8707056299212597
0
LINE
8
BLACK
6
CONTINUOUS
10
5.9338821653543308
20
-3.8707056299212597
11
5.929015748031496
21
-3.8714763779527557
0
LINE
8
BLACK
6
CONTINUOUS
10
5.929015748031496
20
-3.8714763779527557
11
5.8935826771653543
21
-3.8714763779527557
0
LINE
8
BLACK
6
CONTINUOUS
10
5.8935826771653543
20
-3.8714763779527557
11
5.8887162598425196
21
-3.8707056299212597
0
LINE
8
BLACK
6
CONTINUOUS
10
5.8887162598425196
20
-3.8707056299212597
11
5.8843262204724409
21
-3.868468779527559
0
LINE
8
BLACK
6
CONTINUOUS
10
5.8843262204724409
20
-3.868468779527559
11
5.8808422440944881
21
-3.8649848031496061
0
LINE
8
BLACK
6
CONTINUOUS
10
5.8808422440944881
20
-3.8649848031496061
11
5.8786053937007869
21
-3.8605947637795275
0
LINE
8
BLACK
6
CONTINUOUS
10
5.8786053937007869
20
-3.8605947637795275
11
5.8778346456692914
21
-3.8557283464566927
0
LINE
8
BLACK
6
CONTINUOUS
10
5.8778346456692914
20
-3.8557283464566927
11
5.8778346456692914
21
-3.8301377952755904
0
LINE
8
BLACK
6
CONTINUOUS
10
5.8778346456692914
20
-3.8301377952755904
11
5.8786053937007869
21
-3.8252713779527556
0
LINE
8
BLACK
6
CONTINUOUS
10
5.8786053937007869
20
-3.8252713779527556
11
5.8808422440944881
21
-3.820881338582677
0
LINE
8
BLACK
6
CONTINUOUS
10
5.8808422440944881
20
-3.820881338582677
11
5.8843262204724409
21
-3.8173973622047241
0
LINE
8
BLACK
6
CONTINUOUS
10
5.8843262204724409
20
-3.8173973622047241
11
5.8887162598425196
21
-3.8151605118110234
0
LINE
8
BLACK
6
CONTINUOUS
10
5.8887162598425196
20
-3.8151605118110234
11
5.8935826771653543
21
-3.8143897637795274
0
LINE
8
BLACK
6
CONTINUOUS
10
5.8935826771653543
20
-3.8143897637795274
11
5.929015748031496
21
-3.8143897637795274
0
LINE
8
BLACK
6
CONTINUOUS
10
5.929015748031496
20
-3.8143897637795274
11
5.9338821653543308
21
-3.8151605118110234
0
LINE
8
BLACK
6
CONTINUOUS
10
6.6505079921259842
20
-3.801473149606299
11
6.6524238582677162
21
-3.802753307086614
0
LINE
8
BLACK
6
CONTINUOUS
10
6.6524238582677162
20
-3.802753307086614
11
6.6537040157480316
21
-3.8046691732283464
0
LINE
8
BLACK
6
CONTINUOUS
10
6.6537040157480316
20
-3.8046691732283464
11
6.6541535433070864
21
-3.8069291338582678
0
LINE
8
BLACK
6
CONTINUOUS
10
6.6541535433070864
20
-3.8069291338582678
11
6.6541535433070864
21
-3.8640157480314961
0
LINE
8
BLACK
6
CONTINUOUS
10
6.6541535433070864
20
-3.8640157480314961
11
6.6537040157480316
21
-3.8662757086614175
0
LINE
8
BLACK
6
CONTINUOUS
10
6.6537040157480316
20
-3.8662757086614175
11
6.6524238582677162
21
-3.8681915748031495
0
LINE
8
BLACK
6
CONTINUOUS
10
6.6524238582677162
20
-3.8681915748031495
11
6.6505079921259842
21
-3.8694717322834644
0
LINE
8
BLACK
6
CONTINUOUS
10
6.6505079921259842
20
-3.8694717322834644
11
6.6482480314960632
21
-3.8699212598425197
0
LINE
8
BLACK
6
CONTINUOUS
10
6.6482480314960632
20
-3.8699212598425197
11
6.5203346456692914
21
-3.8699212598425197
0
LINE
8
BLACK
6
CONTINUOUS
10
6.5203346456692914
20
-3.8699212598425197
11
6.5180746850393696
21
-3.8694717322834644
0
LINE
8
BLACK
6
CONTINUOUS
10
6.5180746850393696
20
-3.8694717322834644
11
6.5161588188976376
21
-3.8681915748031495
0
LINE
8
BLACK
6
CONTINUOUS
10
6.5161588188976376
20
-3.8681915748031495
11
6.5148786614173231
21
-3.8662757086614175
0
LINE
8
BLACK
6
CONTINUOUS
10
6.5148786614173231
20
-3.8662757086614175
11
6.5144291338582674
21
-3.8640157480314961
0
LINE
8
BLACK
6
CONTINUOUS
10
6.5144291338582674
20
-3.8640157480314961
11
6.5144291338582674
21
-3.8069291338582678
0
LINE
8
BLACK
6
CONTINUOUS
10
6.5144291338582674
20
-3.8069291338582678
11
6.5148786614173231
21
-3.8046691732283464
0
LINE
8
BLACK
6
CONTINUOUS
10
6.5148786614173231
20
-3.8046691732283464
11
6.5161588188976376
21
-3.802753307086614
0
LINE
8
BLACK
6
CONTINUOUS
10
6.5161588188976376
20
-3.802753307086614
11
6.5180746850393696
21
-3.801473149606299
0
LINE
8
BLACK
6
CONTINUOUS
10
6.5180746850393696
20
-3.801473149606299
11
6.5203346456692914
21
-3.8010236220472442
0
LINE
8
BLACK
6
CONTINUOUS
10
6.5203346456692914
20
-3.8010236220472442
11
6.6482480314960632
21
-3.8010236220472442
0
LINE
8
BLACK
6
CONTINUOUS
10
6.6482480314960632
20
-3.8010236220472442
11
6.6505079921259842
21
-3.801473149606299
0
LINE
8
BLACK
6
CONTINUOUS
10
6.4588821653543302
20
-3.8094518503937005
11
6.4632722047244089
21
-3.8116887007874016
0
LINE
8
BLACK
6
CONTINUOUS
10
6.4632722047244089
20
-3.8116887007874016
11
6.4667561811023617
21
-3.8151726771653545
0
LINE
8
BLACK
6
CONTINUOUS
10
6.4667561811023617
20
-3.8151726771653545
11
6.4689930314960629
21
-3.8195627165354331
0
LINE
8
BLACK
6
CONTINUOUS
10
6.4689930314960629
20
-3.8195627165354331
11
6.4697637795275593
21
-3.8244291338582674
0
LINE
8
BLACK
6
CONTINUOUS
10
6.4697637795275593
20
-3.8244291338582674
11
6.4697637795275593
21
-3.8500196850393702
0
LINE
8
BLACK
6
CONTINUOUS
10
6.4697637795275593
20
-3.8500196850393702
11
6.4689930314960629
21
-3.8548861023622045
0
LINE
8
BLACK
6
CONTINUOUS
10
6.4689930314960629
20
-3.8548861023622045
11
6.4667561811023617
21
-3.8592761417322832
0
LINE
8
BLACK
6
CONTINUOUS
10
6.4667561811023617
20
-3.8592761417322832
11
6.4632722047244089
21
-3.862760118110236
0
LINE
8
BLACK
6
CONTINUOUS
10
6.4632722047244089
20
-3.862760118110236
11
6.4588821653543302
21
-3.8649969685039367
0
LINE
8
BLACK
6
CONTINUOUS
10
6.4588821653543302
20
-3.8649969685039367
11
6.4540157480314964
21
-3.8657677165354332
0
LINE
8
BLACK
6
CONTINUOUS
10
6.4540157480314964
20
-3.8657677165354332
11
6.4185826771653538
21
-3.8657677165354332
0
LINE
8
BLACK
6
CONTINUOUS
10
6.4185826771653538
20
-3.8657677165354332
11
6.4137162598425199
21
-3.8649969685039367
0
LINE
8
BLACK
6
CONTINUOUS
10
6.4137162598425199
20
-3.8649969685039367
11
6.4093262204724404
21
-3.862760118110236
0
LINE
8
BLACK
6
CONTINUOUS
10
6.4093262204724404
20
-3.862760118110236
11
6.4058422440944884
21
-3.8592761417322832
0
LINE
8
BLACK
6
CONTINUOUS
10
6.4058422440944884
20
-3.8592761417322832
11
6.4036053937007873
21
-3.8548861023622045
0
LINE
8
BLACK
6
CONTINUOUS
10
6.4036053937007873
20
-3.8548861023622045
11
6.4028346456692908
21
-3.8500196850393702
0
LINE
8
BLACK
6
CONTINUOUS
10
6.4028346456692908
20
-3.8500196850393702
11
6.4028346456692908
21
-3.8244291338582674
0
LINE
8
BLACK
6
CONTINUOUS
10
6.4028346456692908
20
-3.8244291338582674
11
6.4036053937007873
21
-3.8195627165354331
0
LINE
8
BLACK
6
CONTINUOUS
10
6.4036053937007873
20
-3.8195627165354331
11
6.4058422440944884
21
-3.8151726771653545
0
LINE
8
BLACK
6
CONTINUOUS
10
6.4058422440944884
20
-3.8151726771653545
11
6.4093262204724404
21
-3.8116887007874016
0
LINE
8
BLACK
6
CONTINUOUS
10
6.4093262204724404
20
-3.8116887007874016
11
6.4137162598425199
21
-3.8094518503937005
0
LINE
8
BLACK
6
CONTINUOUS
10
6.4137162598425199
20
-3.8094518503937005
11
6.4185826771653538
21
-3.8086811023622045
0
LINE
8
BLACK
6
CONTINUOUS
10
6.4185826771653538
20
-3.8086811023622045
11
6.4540157480314964
21
-3.8086811023622045
0
LINE
8
BLACK
6
CONTINUOUS
10
6.4540157480314964
20
-3.8086811023622045
11
6.4588821653543302
21
-3.8094518503937005
0
LINE
8
BLACK
6
CONTINUOUS
10
5.2531444094488187
20
-3.8067145669291338
11
5.2572195669291339
21
-3.808706811023622
0
LINE
8
BLACK
6
CONTINUOUS
10
5.2572195669291339
20
-3.808706811023622
11
5.2604270472440939
21
-3.8119142913385824
0
LINE
8
BLACK
6
CONTINUOUS
10
5.2604270472440939
20
-3.8119142913385824
11
5.262419291338583
21
-3.8159894488188977
0
LINE
8
BLACK
6
CONTINUOUS
10
5.262419291338583
20
-3.8159894488188977
11
5.262992125984252
21
-3.8199212598425194
0
LINE
8
BLACK
6
CONTINUOUS
10
5.262992125984252
20
-3.8199212598425194
11
5.262992125984252
21
-3.8415748031496064
0
LINE
8
BLACK
6
CONTINUOUS
10
5.262992125984252
20
-3.8415748031496064
11
5.262419291338583
21
-3.8455066141732281
0
LINE
8
BLACK
6
CONTINUOUS
10
5.262419291338583
20
-3.8455066141732281
11
5.2604270472440939
21
-3.8495817716535434
0
LINE
8
BLACK
6
CONTINUOUS
10
5.2604270472440939
20
-3.8495817716535434
11
5.2572195669291339
21
-3.8527892519685039
0
LINE
8
BLACK
6
CONTINUOUS
10
5.2572195669291339
20
-3.8527892519685039
11
5.2531444094488187
21
-3.854781496062992
0
LINE
8
BLACK
6
CONTINUOUS
10
5.2531444094488187
20
-3.854781496062992
11
5.2492125984251965
21
-3.8553543307086615
0
LINE
8
BLACK
6
CONTINUOUS
10
5.2492125984251965
20
-3.8553543307086615
11
5.2334645669291335
21
-3.8553543307086615
0
LINE
8
BLACK
6
CONTINUOUS
10
5.2334645669291335
20
-3.8553543307086615
11
5.2295327559055114
21
-3.854781496062992
0
LINE
8
BLACK
6
CONTINUOUS
10
5.2295327559055114
20
-3.854781496062992
11
5.225457598425197
21
-3.8527892519685039
0
LINE
8
BLACK
6
CONTINUOUS
10
5.225457598425197
20
-3.8527892519685039
11
5.2222501181102361
21
-3.8495817716535434
0
LINE
8
BLACK
6
CONTINUOUS
10
5.2222501181102361
20
-3.8495817716535434
11
5.2202578740157479
21
-3.8455066141732281
0
LINE
8
BLACK
6
CONTINUOUS
10
5.2202578740157479
20
-3.8455066141732281
11
5.2196850393700789
21
-3.8415748031496064
0
LINE
8
BLACK
6
CONTINUOUS
10
5.2196850393700789
20
-3.8415748031496064
11
5.2196850393700789
21
-3.8199212598425194
0
LINE
8
BLACK
6
CONTINUOUS
10
5.2196850393700789
20
-3.8199212598425194
11
5.2202578740157479
21
-3.8159894488188977
0
LINE
8
BLACK
6
CONTINUOUS
10
5.2202578740157479
20
-3.8159894488188977
11
5.2222501181102361
21
-3.8119142913385824
0
LINE
8
BLACK
6
CONTINUOUS
10
5.2222501181102361
20
-3.8119142913385824
11
5.225457598425197
21
-3.808706811023622
0
LINE
8
BLACK
6
CONTINUOUS
10
5.225457598425197
20
-3.808706811023622
11
5.2295327559055114
21
-3.8067145669291338
0
LINE
8
BLACK
6
CONTINUOUS
10
5.2295327559055114
20
-3.8067145669291338
11
5.2334645669291335
21
-3.8061417322834643
0
LINE
8
BLACK
6
CONTINUOUS
10
5.2334645669291335
20
-3.8061417322834643
11
5.2492125984251965
21
-3.8061417322834643
0
LINE
8
BLACK
6
CONTINUOUS
10
5.2492125984251965
20
-3.8061417322834643
11
5.2531444094488187
21
-3.8067145669291338
0
LINE
8
BLACK
6
CONTINUOUS
10
5.3181050393700788
20
-3.8067145669291338
11
5.3221801968503932
21
-3.808706811023622
0
LINE
8
BLACK
6
CONTINUOUS
10
5.3221801968503932
20
-3.808706811023622
11
5.3253876771653541
21
-3.8119142913385824
0
LINE
8
BLACK
6
CONTINUOUS
10
5.3253876771653541
20
-3.8119142913385824
11
5.3273799212598423
21
-3.8159894488188977
0
LINE
8
BLACK
6
CONTINUOUS
10
5.3273799212598423
20
-3.8159894488188977
11
5.3279527559055113
21
-3.8199212598425194
0
LINE
8
BLACK
6
CONTINUOUS
10
5.3279527559055113
20
-3.8199212598425194
11
5.3279527559055113
21
-3.8415748031496064
0
LINE
8
BLACK
6
CONTINUOUS
10
5.3279527559055113
20
-3.8415748031496064
11
5.3273799212598423
21
-3.8455066141732281
0
LINE
8
BLACK
6
CONTINUOUS
10
5.3273799212598423
20
-3.8455066141732281
11
5.3253876771653541
21
-3.8495817716535434
0
LINE
8
BLACK
6
CONTINUOUS
10
5.3253876771653541
20
-3.8495817716535434
11
5.3221801968503932
21
-3.8527892519685039
0
LINE
8
BLACK
6
CONTINUOUS
10
5.3221801968503932
20
-3.8527892519685039
11
5.3181050393700788
21
-3.854781496062992
0
LINE
8
BLACK
6
CONTINUOUS
10
5.3181050393700788
20
-3.854781496062992
11
5.3141732283464567
21
-3.8553543307086615
0
LINE
8
BLACK
6
CONTINUOUS
10
5.3141732283464567
20
-3.8553543307086615
11
5.2984251968503937
21
-3.8553543307086615
0
LINE
8
BLACK
6
CONTINUOUS
10
5.2984251968503937
20
-3.8553543307086615
11
5.2944933858267715
21
-3.854781496062992
0
LINE
8
BLACK
6
CONTINUOUS
10
5.2944933858267715
20
-3.854781496062992
11
5.2904182283464563
21
-3.8527892519685039
0
LINE
8
BLACK
6
CONTINUOUS
10
5.2904182283464563
20
-3.8527892519685039
11
5.2872107480314963
21
-3.8495817716535434
0
LINE
8
BLACK
6
CONTINUOUS
10
5.2872107480314963
20
-3.8495817716535434
11
5.2852185039370081
21
-3.8455066141732281
0
LINE
8
BLACK
6
CONTINUOUS
10
5.2852185039370081
20
-3.8455066141732281
11
5.2846456692913382
21
-3.8415748031496064
0
LINE
8
BLACK
6
CONTINUOUS
10
5.2846456692913382
20
-3.8415748031496064
11
5.2846456692913382
21
-3.8199212598425194
0
LINE
8
BLACK
6
CONTINUOUS
10
5.2846456692913382
20
-3.8199212598425194
11
5.2852185039370081
21
-3.8159894488188977
0
LINE
8
BLACK
6
CONTINUOUS
10
5.2852185039370081
20
-3.8159894488188977
11
5.2872107480314963
21
-3.8119142913385824
0
LINE
8
BLACK
6
CONTINUOUS
10
5.2872107480314963
20
-3.8119142913385824
11
5.2904182283464563
21
-3.808706811023622
0
LINE
8
BLACK
6
CONTINUOUS
10
5.2904182283464563
20
-3.808706811023622
11
5.2944933858267715
21
-3.8067145669291338
0
LINE
8
BLACK
6
CONTINUOUS
10
5.2944933858267715
20
-3.8067145669291338
11
5.2984251968503937
21
-3.8061417322834643
0
LINE
8
BLACK
6
CONTINUOUS
10
5.2984251968503937
20
-3.8061417322834643
11
5.3141732283464567
21
-3.8061417322834643
0
LINE
8
BLACK
6
CONTINUOUS
10
5.3141732283464567
20
-3.8061417322834643
11
5.3181050393700788
21
-3.8067145669291338
0
LINE
8
BLACK
6
CONTINUOUS
10
5.7258664173228349
20
-3.7959282283464568
11
5.7302564566929135
21
-3.7981650787401575
0
LINE
8
BLACK
6
CONTINUOUS
10
5.7302564566929135
20
-3.7981650787401575
11
5.7337404330708663
21
-3.8016490551181104
0
LINE
8
BLACK
6
CONTINUOUS
10
5.7337404330708663
20
-3.8016490551181104
11
5.7359772834645666
21
-3.806039094488189
0
LINE
8
BLACK
6
CONTINUOUS
10
5.7359772834645666
20
-3.806039094488189
11
5.736748031496063
21
-3.8109055118110233
0
LINE
8
BLACK
6
CONTINUOUS
10
5.736748031496063
20
-3.8109055118110233
11
5.736748031496063
21
-3.8305905511811025
0
LINE
8
BLACK
6
CONTINUOUS
10
5.736748031496063
20
-3.8305905511811025
11
5.7359772834645666
21
-3.8354569685039368
0
LINE
8
BLACK
6
CONTINUOUS
10
5.7359772834645666
20
-3.8354569685039368
11
5.7337404330708663
21
-3.8398470078740154
0
LINE
8
BLACK
6
CONTINUOUS
10
5.7337404330708663
20
-3.8398470078740154
11
5.7302564566929135
21
-3.8433309842519683
0
LINE
8
BLACK
6
CONTINUOUS
10
5.7302564566929135
20
-3.8433309842519683
11
5.7258664173228349
21
-3.8455678346456694
0
LINE
8
BLACK
6
CONTINUOUS
10
5.7258664173228349
20
-3.8455678346456694
11
5.7210000000000001
21
-3.8463385826771654
0
LINE
8
BLACK
6
CONTINUOUS
10
5.7210000000000001
20
-3.8463385826771654
11
5.6835984251968501
21
-3.8463385826771654
0
LINE
8
BLACK
6
CONTINUOUS
10
5.6835984251968501
20
-3.8463385826771654
11
5.6787320078740153
21
-3.8455678346456694
0
LINE
8
BLACK
6
CONTINUOUS
10
5.6787320078740153
20
-3.8455678346456694
11
5.6743419685039367
21
-3.8433309842519683
0
LINE
8
BLACK
6
CONTINUOUS
10
5.6743419685039367
20
-3.8433309842519683
11
5.6708579921259838
21
-3.8398470078740154
0
LINE
8
BLACK
6
CONTINUOUS
10
5.6708579921259838
20
-3.8398470078740154
11
5.6686211417322836
21
-3.8354569685039368
0
LINE
8
BLACK
6
CONTINUOUS
10
5.6686211417322836
20
-3.8354569685039368
11
5.6678503937007871
21
-3.8305905511811025
0
LINE
8
BLACK
6
CONTINUOUS
10
5.6678503937007871
20
-3.8305905511811025
11
5.6678503937007871
21
-3.8109055118110233
0
LINE
8
BLACK
6
CONTINUOUS
10
5.6678503937007871
20
-3.8109055118110233
11
5.6686211417322836
21
-3.806039094488189
0
LINE
8
BLACK
6
CONTINUOUS
10
5.6686211417322836
20
-3.806039094488189
11
5.6708579921259838
21
-3.8016490551181104
0
LINE
8
BLACK
6
CONTINUOUS
10
5.6708579921259838
20
-3.8016490551181104
11
5.6743419685039367
21
-3.7981650787401575
0
LINE
8
BLACK
6
CONTINUOUS
10
5.6743419685039367
20
-3.7981650787401575
11
5.6787320078740153
21
-3.7959282283464568
0
LINE
8
BLACK
6
CONTINUOUS
10
5.6787320078740153
20
-3.7959282283464568
11
5.6835984251968501
21
-3.7951574803149604
0
LINE
8
BLACK
6
CONTINUOUS
10
5.6835984251968501
20
-3.7951574803149604
11
5.7210000000000001
21
-3.7951574803149604
0
LINE
8
BLACK
6
CONTINUOUS
10
5.7210000000000001
20
-3.7951574803149604
11
5.7258664173228349
21
-3.7959282283464568
0
LINE
8
BLACK
6
CONTINUOUS
10
5.169397047244094
20
-3.7934633464566927
11
5.1733677559055113
21
-3.7952165748031494
0
LINE
8
BLACK
6
CONTINUOUS
10
5.1733677559055113
20
-3.7952165748031494
11
5.1764369685039373
21
-3.7982857874015745
0
LINE
8
BLACK
6
CONTINUOUS
10
5.1764369685039373
20
-3.7982857874015745
11
5.1781901968503936
21
-3.8022564960629919
0
LINE
8
BLACK
6
CONTINUOUS
10
5.1781901968503936
20
-3.8022564960629919
11
5.178503937007874
21
-3.8049606299212599
0
LINE
8
BLACK
6
CONTINUOUS
10
5.178503937007874
20
-3.8049606299212599
11
5.178503937007874
21
-3.8167716535433072
0
LINE
8
BLACK
6
CONTINUOUS
10
5.178503937007874
20
-3.8167716535433072
11
5.1781901968503936
21
-3.8194757874015748
0
LINE
8
BLACK
6
CONTINUOUS
10
5.1781901968503936
20
-3.8194757874015748
11
5.1764369685039373
21
-3.8234464960629921
0
LINE
8
BLACK
6
CONTINUOUS
10
5.1764369685039373
20
-3.8234464960629921
11
5.1733677559055113
21
-3.8265157086614172
0
LINE
8
BLACK
6
CONTINUOUS
10
5.1733677559055113
20
-3.8265157086614172
11
5.169397047244094
21
-3.828268937007874
0
LINE
8
BLACK
6
CONTINUOUS
10
5.169397047244094
20
-3.828268937007874
11
5.1666929133858268
21
-3.8285826771653544
0
LINE
8
BLACK
6
CONTINUOUS
10
5.1666929133858268
20
-3.8285826771653544
11
5.1115748031496064
21
-3.8285826771653544
0
LINE
8
BLACK
6
CONTINUOUS
10
5.1115748031496064
20
-3.8285826771653544
11
5.1088706692913384
21
-3.828268937007874
0
LINE
8
BLACK
6
CONTINUOUS
10
5.1088706692913384
20
-3.828268937007874
11
5.104899960629921
21
-3.8265157086614172
0
LINE
8
BLACK
6
CONTINUOUS
10
5.104899960629921
20
-3.8265157086614172
11
5.1018307480314959
21
-3.8234464960629921
0
LINE
8
BLACK
6
CONTINUOUS
10
5.1018307480314959
20
-3.8234464960629921
11
5.1000775196850396
21
-3.8194757874015748
0
LINE
8
BLACK
6
CONTINUOUS
10
5.1000775196850396
20
-3.8194757874015748
11
5.0997637795275592
21
-3.8167716535433072
0
LINE
8
BLACK
6
CONTINUOUS
10
5.0997637795275592
20
-3.8167716535433072
11
5.0997637795275592
21
-3.8049606299212599
0
LINE
8
BLACK
6
CONTINUOUS
10
5.0997637795275592
20
-3.8049606299212599
11
5.1000775196850396
21
-3.8022564960629919
0
LINE
8
BLACK
6
CONTINUOUS
10
5.1000775196850396
20
-3.8022564960629919
11
5.1018307480314959
21
-3.7982857874015745
0
LINE
8
BLACK
6
CONTINUOUS
10
5.1018307480314959
20
-3.7982857874015745
11
5.104899960629921
21
-3.7952165748031494
0
LINE
8
BLACK
6
CONTINUOUS
10
5.104899960629921
20
-3.7952165748031494
11
5.1088706692913384
21
-3.7934633464566927
0
LINE
8
BLACK
6
CONTINUOUS
10
5.1088706692913384
20
-3.7934633464566927
11
5.1115748031496064
21
-3.7931496062992127
0
LINE
8
BLACK
6
CONTINUOUS
10
5.1115748031496064
20
-3.7931496062992127
11
5.1666929133858268
21
-3.7931496062992127
0
LINE
8
BLACK
6
CONTINUOUS
10
5.1666929133858268
20
-3.7931496062992127
11
5.169397047244094
21
-3.7934633464566927
0
LINE
8
BLACK
6
CONTINUOUS
10
6.173346496062992
20
-3.7517555118110235
11
6.1777127559055121
21
-3.7538900393700785
0
LINE
8
BLACK
6
CONTINUOUS
10
6.1777127559055121
20
-3.7538900393700785
11
6.1811493307086609
21
-3.7573266141732282
0
LINE
8
BLACK
6
CONTINUOUS
10
6.1811493307086609
20
-3.7573266141732282
11
6.1832838582677168
21
-3.7616928740157478
0
LINE
8
BLACK
6
CONTINUOUS
10
6.1832838582677168
20
-3.7616928740157478
11
6.1838976377952752
21
-3.7659055118110234
0
LINE
8
BLACK
6
CONTINUOUS
10
6.1838976377952752
20
-3.7659055118110234
11
6.1838976377952752
21
-3.7855905511811021
0
LINE
8
BLACK
6
CONTINUOUS
10
6.1838976377952752
20
-3.7855905511811021
11
6.1832838582677168
21
-3.7898031889763777
0
LINE
8
BLACK
6
CONTINUOUS
10
6.1832838582677168
20
-3.7898031889763777
11
6.1811493307086609
21
-3.7941694488188977
0
LINE
8
BLACK
6
CONTINUOUS
10
6.1811493307086609
20
-3.7941694488188977
11
6.1777127559055121
21
-3.797606023622047
0
LINE
8
BLACK
6
CONTINUOUS
10
6.1777127559055121
20
-3.797606023622047
11
6.173346496062992
21
-3.7997405511811024
0
LINE
8
BLACK
6
CONTINUOUS
10
6.173346496062992
20
-3.7997405511811024
11
6.169133858267716
21
-3.8003543307086614
0
LINE
8
BLACK
6
CONTINUOUS
10
6.169133858267716
20
-3.8003543307086614
11
6.1514173228346456
21
-3.8003543307086614
0
LINE
8
BLACK
6
CONTINUOUS
10
6.1514173228346456
20
-3.8003543307086614
11
6.1472046850393696
21
-3.7997405511811024
0
LINE
8
BLACK
6
CONTINUOUS
10
6.1472046850393696
20
-3.7997405511811024
11
6.1428384251968504
21
-3.797606023622047
0
LINE
8
BLACK
6
CONTINUOUS
10
6.1428384251968504
20
-3.797606023622047
11
6.1394018503937007
21
-3.7941694488188977
0
LINE
8
BLACK
6
CONTINUOUS
10
6.1394018503937007
20
-3.7941694488188977
11
6.1372673228346457
21
-3.7898031889763777
0
LINE
8
BLACK
6
CONTINUOUS
10
6.1372673228346457
20
-3.7898031889763777
11
6.1366535433070863
21
-3.7855905511811021
0
LINE
8
BLACK
6
CONTINUOUS
10
6.1366535433070863
20
-3.7855905511811021
11
6.1366535433070863
21
-3.7659055118110234
0
LINE
8
BLACK
6
CONTINUOUS
10
6.1366535433070863
20
-3.7659055118110234
11
6.1372673228346457
21
-3.7616928740157478
0
LINE
8
BLACK
6
CONTINUOUS
10
6.1372673228346457
20
-3.7616928740157478
11
6.1394018503937007
21
-3.7573266141732282
0
LINE
8
BLACK
6
CONTINUOUS
10
6.1394018503937007
20
-3.7573266141732282
11
6.1428384251968504
21
-3.7538900393700785
0
LINE
8
BLACK
6
CONTINUOUS
10
6.1428384251968504
20
-3.7538900393700785
11
6.1472046850393696
21
-3.7517555118110235
0
LINE
8
BLACK
6
CONTINUOUS
10
6.1472046850393696
20
-3.7517555118110235
11
6.1514173228346456
21
-3.7511417322834646
0
LINE
8
BLACK
6
CONTINUOUS
10
6.1514173228346456
20
-3.7511417322834646
11
6.169133858267716
21
-3.7511417322834646
0
LINE
8
BLACK
6
CONTINUOUS
10
6.169133858267716
20
-3.7511417322834646
11
6.173346496062992
21
-3.7517555118110235
0
LINE
8
BLACK
6
CONTINUOUS
10
6.2343701181102364
20
-3.7517555118110235
11
6.2387363779527556
21
-3.7538900393700785
0
LINE
8
BLACK
6
CONTINUOUS
10
6.2387363779527556
20
-3.7538900393700785
11
6.2421729527559053
21
-3.7573266141732282
0
LINE
8
BLACK
6
CONTINUOUS
10
6.2421729527559053
20
-3.7573266141732282
11
6.2443074803149603
21
-3.7616928740157478
0
LINE
8
BLACK
6
CONTINUOUS
10
6.2443074803149603
20
-3.7616928740157478
11
6.2449212598425197
21
-3.7659055118110234
0
LINE
8
BLACK
6
CONTINUOUS
10
6.2449212598425197
20
-3.7659055118110234
11
6.2449212598425197
21
-3.7855905511811021
0
LINE
8
BLACK
6
CONTINUOUS
10
6.2449212598425197
20
-3.7855905511811021
11
6.2443074803149603
21
-3.7898031889763777
0
LINE
8
BLACK
6
CONTINUOUS
10
6.2443074803149603
20
-3.7898031889763777
11
6.2421729527559053
21
-3.7941694488188977
0
LINE
8
BLACK
6
CONTINUOUS
10
6.2421729527559053
20
-3.7941694488188977
11
6.2387363779527556
21
-3.797606023622047
0
LINE
8
BLACK
6
CONTINUOUS
10
6.2387363779527556
20
-3.797606023622047
11
6.2343701181102364
21
-3.7997405511811024
0
LINE
8
BLACK
6
CONTINUOUS
10
6.2343701181102364
20
-3.7997405511811024
11
6.2301574803149604
21
-3.8003543307086614
0
LINE
8
BLACK
6
CONTINUOUS
10
6.2301574803149604
20
-3.8003543307086614
11
6.21244094488189
21
-3.8003543307086614
0
LINE
8
BLACK
6
CONTINUOUS
10
6.21244094488189
20
-3.8003543307086614
11
6.208228307086614
21
-3.7997405511811024
0
LINE
8
BLACK
6
CONTINUOUS
10
6.208228307086614
20
-3.7997405511811024
11
6.203862047244094
21
-3.797606023622047
0
LINE
8
BLACK
6
CONTINUOUS
10
6.203862047244094
20
-3.797606023622047
11
6.2004254724409451
21
-3.7941694488188977
0
LINE
8
BLACK
6
CONTINUOUS
10
6.2004254724409451
20
-3.7941694488188977
11
6.1982909448818893
21
-3.7898031889763777
0
LINE
8
BLACK
6
CONTINUOUS
10
6.1982909448818893
20
-3.7898031889763777
11
6.1976771653543308
21
-3.7855905511811021
0
LINE
8
BLACK
6
CONTINUOUS
10
6.1976771653543308
20
-3.7855905511811021
11
6.1976771653543308
21
-3.7659055118110234
0
LINE
8
BLACK
6
CONTINUOUS
10
6.1976771653543308
20
-3.7659055118110234
11
6.1982909448818893
21
-3.7616928740157478
0
LINE
8
BLACK
6
CONTINUOUS
10
6.1982909448818893
20
-3.7616928740157478
11
6.2004254724409451
21
-3.7573266141732282
0
LINE
8
BLACK
6
CONTINUOUS
10
6.2004254724409451
20
-3.7573266141732282
11
6.203862047244094
21
-3.7538900393700785
0
LINE
8
BLACK
6
CONTINUOUS
10
6.203862047244094
20
-3.7538900393700785
11
6.208228307086614
21
-3.7517555118110235
0
LINE
8
BLACK
6
CONTINUOUS
10
6.208228307086614
20
-3.7517555118110235
11
6.21244094488189
21
-3.7511417322834646
0
LINE
8
BLACK
6
CONTINUOUS
10
6.21244094488189
20
-3.7511417322834646
11
6.2301574803149604
21
-3.7511417322834646
0
LINE
8
BLACK
6
CONTINUOUS
10
6.2301574803149604
20
-3.7511417322834646
11
6.2343701181102364
21
-3.7517555118110235
0
LINE
8
BLACK
6
CONTINUOUS
10
6.3184122440944881
20
-3.7551980314960631
11
6.3216053937007874
21
-3.7573316141732285
0
LINE
8
BLACK
6
CONTINUOUS
10
6.3216053937007874
20
-3.7573316141732285
11
6.3235039370078736
21
-3.7601729921259843
0
LINE
8
BLACK
6
CONTINUOUS
10
6.3235039370078736
20
-3.7601729921259843
11
6.3254024803149607
21
-3.7573316141732285
0
LINE
8
BLACK
6
CONTINUOUS
10
6.3254024803149607
20
-3.7573316141732285
11
6.32859562992126
21
-3.7551980314960631
0
LINE
8
BLACK
6
CONTINUOUS
10
6.32859562992126
20
-3.7551980314960631
11
6.3323622047244097
21
-3.7544488188976377
0
LINE
8
BLACK
6
CONTINUOUS
10
6.3323622047244097
20
-3.7544488188976377
11
6.3402362204724412
21
-3.7544488188976377
0
LINE
8
BLACK
6
CONTINUOUS
10
6.3402362204724412
20
-3.7544488188976377
11
6.34400279527559
21
-3.7551980314960631
0
LINE
8
BLACK
6
CONTINUOUS
10
6.34400279527559
20
-3.7551980314960631
11
6.3471959448818893
21
-3.7573316141732285
0
LINE
8
BLACK
6
CONTINUOUS
10
6.3471959448818893
20
-3.7573316141732285
11
6.3490944881889764
21
-3.7601729921259843
0
LINE
8
BLACK
6
CONTINUOUS
10
6.3490944881889764
20
-3.7601729921259843
11
6.3509930314960625
21
-3.7573316141732285
0
LINE
8
BLACK
6
CONTINUOUS
10
6.3509930314960625
20
-3.7573316141732285
11
6.3541861811023619
21
-3.7551980314960631
0
LINE
8
BLACK
6
CONTINUOUS
10
6.3541861811023619
20
-3.7551980314960631
11
6.3579527559055116
21
-3.7544488188976377
0
LINE
8
BLACK
6
CONTINUOUS
10
6.3579527559055116
20
-3.7544488188976377
11
6.365826771653543
21
-3.7544488188976377
0
LINE
8
BLACK
6
CONTINUOUS
10
6.365826771653543
20
-3.7544488188976377
11
6.3695933464566927
21
-3.7551980314960631
0
LINE
8
BLACK
6
CONTINUOUS
10
6.3695933464566927
20
-3.7551980314960631
11
6.3727864960629921
21
-3.7573316141732285
0
LINE
8
BLACK
6
CONTINUOUS
10
6.3727864960629921
20
-3.7573316141732285
11
6.374920078740157
21
-3.7605247637795274
0
LINE
8
BLACK
6
CONTINUOUS
10
6.374920078740157
20
-3.7605247637795274
11
6.3756692913385828
21
-3.7642913385826771
0
LINE
8
BLACK
6
CONTINUOUS
10
6.3756692913385828
20
-3.7642913385826771
11
6.3756692913385828
21
-3.7820078740157479
0
LINE
8
BLACK
6
CONTINUOUS
10
6.3756692913385828
20
-3.7820078740157479
11
6.374920078740157
21
-3.7857744488188976
0
LINE
8
BLACK
6
CONTINUOUS
10
6.374920078740157
20
-3.7857744488188976
11
6.3727864960629921
21
-3.7889675984251969
0
LINE
8
BLACK
6
CONTINUOUS
10
6.3727864960629921
20
-3.7889675984251969
11
6.3695933464566927
21
-3.7911011811023623
0
LINE
8
BLACK
6
CONTINUOUS
10
6.3695933464566927
20
-3.7911011811023623
11
6.365826771653543
21
-3.7918503937007872
0
LINE
8
BLACK
6
CONTINUOUS
10
6.365826771653543
20
-3.7918503937007872
11
6.3579527559055116
21
-3.7918503937007872
0
LINE
8
BLACK
6
CONTINUOUS
10
6.3579527559055116
20
-3.7918503937007872
11
6.3541861811023619
21
-3.7911011811023623
0
LINE
8
BLACK
6
CONTINUOUS
10
6.3541861811023619
20
-3.7911011811023623
11
6.3509930314960625
21
-3.7889675984251969
0
LINE
8
BLACK
6
CONTINUOUS
10
6.3509930314960625
20
-3.7889675984251969
11
6.3490944881889764
21
-3.7861261811023623
0
LINE
8
BLACK
6
CONTINUOUS
10
6.3490944881889764
20
-3.7861261811023623
11
6.3471959448818893
21
-3.7889675984251969
0
LINE
8
BLACK
6
CONTINUOUS
10
6.3471959448818893
20
-3.7889675984251969
11
6.34400279527559
21
-3.7911011811023623
0
LINE
8
BLACK
6
CONTINUOUS
10
6.34400279527559
20
-3.7911011811023623
11
6.3402362204724412
21
-3.7918503937007872
0
LINE
8
BLACK
6
CONTINUOUS
10
6.3402362204724412
20
-3.7918503937007872
11
6.3323622047244097
21
-3.7918503937007872
0
LINE
8
BLACK
6
CONTINUOUS
10
6.3323622047244097
20
-3.7918503937007872
11
6.32859562992126
21
-3.7911011811023623
0
LINE
8
BLACK
6
CONTINUOUS
10
6.32859562992126
20
-3.7911011811023623
11
6.3254024803149607
21
-3.7889675984251969
0
LINE
8
BLACK
6
CONTINUOUS
10
6.3254024803149607
20
-3.7889675984251969
11
6.3235039370078736
21
-3.7861261811023623
0
LINE
8
BLACK
6
CONTINUOUS
10
6.3235039370078736
20
-3.7861261811023623
11
6.3216053937007874
21
-3.7889675984251969
0
LINE
8
BLACK
6
CONTINUOUS
10
6.3216053937007874
20
-3.7889675984251969
11
6.3184122440944881
21
-3.7911011811023623
0
LINE
8
BLACK
6
CONTINUOUS
10
6.3184122440944881
20
-3.7911011811023623
11
6.3146456692913384
21
-3.7918503937007872
0
LINE
8
BLACK
6
CONTINUOUS
10
6.3146456692913384
20
-3.7918503937007872
11
6.3067716535433069
21
-3.7918503937007872
0
LINE
8
BLACK
6
CONTINUOUS
10
6.3067716535433069
20
-3.7918503937007872
11
6.3030050787401573
21
-3.7911011811023623
0
LINE
8
BLACK
6
CONTINUOUS
10
6.3030050787401573
20
-3.7911011811023623
11
6.2998119291338579
21
-3.7889675984251969
0
LINE
8
BLACK
6
CONTINUOUS
10
6.2998119291338579
20
-3.7889675984251969
11
6.297678346456693
21
-3.7857744488188976
0
LINE
8
BLACK
6
CONTINUOUS
10
6.297678346456693
20
-3.7857744488188976
11
6.2969291338582671
21
-3.7820078740157479
0
LINE
8
BLACK
6
CONTINUOUS
10
6.2969291338582671
20
-3.7820078740157479
11
6.2969291338582671
21
-3.7642913385826771
0
LINE
8
BLACK
6
CONTINUOUS
10
6.2969291338582671
20
-3.7642913385826771
11
6.297678346456693
21
-3.7605247637795274
0
LINE
8
BLACK
6
CONTINUOUS
10
6.297678346456693
20
-3.7605247637795274
11
6.2998119291338579
21
-3.7573316141732285
0
LINE
8
BLACK
6
CONTINUOUS
10
6.2998119291338579
20
-3.7573316141732285
11
6.3030050787401573
21
-3.7551980314960631
0
LINE
8
BLACK
6
CONTINUOUS
10
6.3030050787401573
20
-3.7551980314960631
11
6.3067716535433069
21
-3.7544488188976377
0
LINE
8
BLACK
6
CONTINUOUS
10
6.3067716535433069
20
-3.7544488188976377
11
6.3146456692913384
21
-3.7544488188976377
0
LINE
8
BLACK
6
CONTINUOUS
10
6.3146456692913384
20
-3.7544488188976377
11
6.3184122440944881
21
-3.7551980314960631
0
LINE
8
BLACK
6
CONTINUOUS
10
5.9338821653543308
20
-3.7344518503937008
11
5.9382722047244094
21
-3.7366887007874015
0
LINE
8
BLACK
6
CONTINUOUS
10
5.9382722047244094
20
-3.7366887007874015
11
5.9417561811023623
21
-3.7401726771653543
0
LINE
8
BLACK
6
CONTINUOUS
10
5.9417561811023623
20
-3.7401726771653543
11
5.9439930314960625
21
-3.7445627165354329
0
LINE
8
BLACK
6
CONTINUOUS
10
5.9439930314960625
20
-3.7445627165354329
11
5.944763779527559
21
-3.7494291338582677
0
LINE
8
BLACK
6
CONTINUOUS
10
5.944763779527559
20
-3.7494291338582677
11
5.944763779527559
21
-3.77501968503937
0
LINE
8
BLACK
6
CONTINUOUS
10
5.944763779527559
20
-3.77501968503937
11
5.9439930314960625
21
-3.7798861023622048
0
LINE
8
BLACK
6
CONTINUOUS
10
5.9439930314960625
20
-3.7798861023622048
11
5.9417561811023623
21
-3.7842761417322834
0
LINE
8
BLACK
6
CONTINUOUS
10
5.9417561811023623
20
-3.7842761417322834
11
5.9382722047244094
21
-3.7877601181102363
0
LINE
8
BLACK
6
CONTINUOUS
10
5.9382722047244094
20
-3.7877601181102363
11
5.9338821653543308
21
-3.789996968503937
0
LINE
8
BLACK
6
CONTINUOUS
10
5.9338821653543308
20
-3.789996968503937
11
5.929015748031496
21
-3.790767716535433
0
LINE
8
BLACK
6
CONTINUOUS
10
5.929015748031496
20
-3.790767716535433
11
5.8935826771653543
21
-3.790767716535433
0
LINE
8
BLACK
6
CONTINUOUS
10
5.8935826771653543
20
-3.790767716535433
11
5.8887162598425196
21
-3.789996968503937
0
LINE
8
BLACK
6
CONTINUOUS
10
5.8887162598425196
20
-3.789996968503937
11
5.8843262204724409
21
-3.7877601181102363
0
LINE
8
BLACK
6
CONTINUOUS
10
5.8843262204724409
20
-3.7877601181102363
11
5.8808422440944881
21
-3.7842761417322834
0
LINE
8
BLACK
6
CONTINUOUS
10
5.8808422440944881
20
-3.7842761417322834
11
5.8786053937007869
21
-3.7798861023622048
0
LINE
8
BLACK
6
CONTINUOUS
10
5.8786053937007869
20
-3.7798861023622048
11
5.8778346456692914
21
-3.77501968503937
0
LINE
8
BLACK
6
CONTINUOUS
10
5.8778346456692914
20
-3.77501968503937
11
5.8778346456692914
21
-3.7494291338582677
0
LINE
8
BLACK
6
CONTINUOUS
10
5.8778346456692914
20
-3.7494291338582677
11
5.8786053937007869
21
-3.7445627165354329
0
LINE
8
BLACK
6
CONTINUOUS
10
5.8786053937007869
20
-3.7445627165354329
11
5.8808422440944881
21
-3.7401726771653543
0
LINE
8
BLACK
6
CONTINUOUS
10
5.8808422440944881
20
-3.7401726771653543
11
5.8843262204724409
21
-3.7366887007874015
0
LINE
8
BLACK
6
CONTINUOUS
10
5.8843262204724409
20
-3.7366887007874015
11
5.8887162598425196
21
-3.7344518503937008
0
LINE
8
BLACK
6
CONTINUOUS
10
5.8887162598425196
20
-3.7344518503937008
11
5.8935826771653543
21
-3.7336811023622047
0
LINE
8
BLACK
6
CONTINUOUS
10
5.8935826771653543
20
-3.7336811023622047
11
5.929015748031496
21
-3.7336811023622047
0
LINE
8
BLACK
6
CONTINUOUS
10
5.929015748031496
20
-3.7336811023622047
11
5.9338821653543308
21
-3.7344518503937008
0
LINE
8
BLACK
6
CONTINUOUS
10
5.5905591732283462
20
-3.6952920472440942
11
5.5924750393700782
21
-3.6965722047244092
0
LINE
8
BLACK
6
CONTINUOUS
10
5.5924750393700782
20
-3.6965722047244092
11
5.5937551968503936
21
-3.6984880708661416
0
LINE
8
BLACK
6
CONTINUOUS
10
5.5937551968503936
20
-3.6984880708661416
11
5.5942047244094484
21
-3.700748031496063
0
LINE
8
BLACK
6
CONTINUOUS
10
5.5942047244094484
20
-3.700748031496063
11
5.5942047244094484
21
-3.7807480314960631
0
LINE
8
BLACK
6
CONTINUOUS
10
5.5942047244094484
20
-3.7807480314960631
11
5.5937551968503936
21
-3.783007992125984
0
LINE
8
BLACK
6
CONTINUOUS
10
5.5937551968503936
20
-3.783007992125984
11
5.5924750393700782
21
-3.7849238582677165
0
LINE
8
BLACK
6
CONTINUOUS
10
5.5924750393700782
20
-3.7849238582677165
11
5.5905591732283462
21
-3.7862040157480314
0
LINE
8
BLACK
6
CONTINUOUS
10
5.5905591732283462
20
-3.7862040157480314
11
5.5882992125984252
21
-3.7866535433070867
0
LINE
8
BLACK
6
CONTINUOUS
10
5.5882992125984252
20
-3.7866535433070867
11
5.4442992125984251
21
-3.7866535433070867
0
LINE
8
BLACK
6
CONTINUOUS
10
5.4442992125984251
20
-3.7866535433070867
11
5.4420392519685041
21
-3.7862040157480314
0
LINE
8
BLACK
6
CONTINUOUS
10
5.4420392519685041
20
-3.7862040157480314
11
5.4401233858267712
21
-3.7849238582677165
0
LINE
8
BLACK
6
CONTINUOUS
10
5.4401233858267712
20
-3.7849238582677165
11
5.4388432283464567
21
-3.783007992125984
0
LINE
8
BLACK
6
CONTINUOUS
10
5.4388432283464567
20
-3.783007992125984
11
5.438393700787401
21
-3.7807480314960631
0
LINE
8
BLACK
6
CONTINUOUS
10
5.438393700787401
20
-3.7807480314960631
11
5.438393700787401
21
-3.700748031496063
0
LINE
8
BLACK
6
CONTINUOUS
10
5.438393700787401
20
-3.700748031496063
11
5.4388432283464567
21
-3.6984880708661416
0
LINE
8
BLACK
6
CONTINUOUS
10
5.4388432283464567
20
-3.6984880708661416
11
5.4401233858267712
21
-3.6965722047244092
0
LINE
8
BLACK
6
CONTINUOUS
10
5.4401233858267712
20
-3.6965722047244092
11
5.4420392519685041
21
-3.6952920472440942
0
LINE
8
BLACK
6
CONTINUOUS
10
5.4420392519685041
20
-3.6952920472440942
11
5.4442992125984251
21
-3.6948425196850394
0
LINE
8
BLACK
6
CONTINUOUS
10
5.4442992125984251
20
-3.6948425196850394
11
5.5882992125984252
21
-3.6948425196850394
0
LINE
8
BLACK
6
CONTINUOUS
10
5.5882992125984252
20
-3.6948425196850394
11
5.5905591732283462
21
-3.6952920472440942
0
LINE
8
BLACK
6
CONTINUOUS
10
5.2531444094488187
20
-3.7317145669291336
11
5.2572195669291339
21
-3.7337068110236218
0
LINE
8
BLACK
6
CONTINUOUS
10
5.2572195669291339
20
-3.7337068110236218
11
5.2604270472440939
21
-3.7369142913385827
0
LINE
8
BLACK
6
CONTINUOUS
10
5.2604270472440939
20
-3.7369142913385827
11
5.262419291338583
21
-3.7409894488188975
0
LINE
8
BLACK
6
CONTINUOUS
10
5.262419291338583
20
-3.7409894488188975
11
5.262992125984252
21
-3.7449212598425197
0
LINE
8
BLACK
6
CONTINUOUS
10
5.262992125984252
20
-3.7449212598425197
11
5.262992125984252
21
-3.7665748031496062
0
LINE
8
BLACK
6
CONTINUOUS
10
5.262992125984252
20
-3.7665748031496062
11
5.262419291338583
21
-3.7705066141732284
0
LINE
8
BLACK
6
CONTINUOUS
10
5.262419291338583
20
-3.7705066141732284
11
5.2604270472440939
21
-3.7745817716535432
0
LINE
8
BLACK
6
CONTINUOUS
10
5.2604270472440939
20
-3.7745817716535432
11
5.2572195669291339
21
-3.7777892519685037
0
LINE
8
BLACK
6
CONTINUOUS
10
5.2572195669291339
20
-3.7777892519685037
11
5.2531444094488187
21
-3.7797814960629919
0
LINE
8
BLACK
6
CONTINUOUS
10
5.2531444094488187
20
-3.7797814960629919
11
5.2492125984251965
21
-3.7803543307086613
0
LINE
8
BLACK
6
CONTINUOUS
10
5.2492125984251965
20
-3.7803543307086613
11
5.2334645669291335
21
-3.7803543307086613
0
LINE
8
BLACK
6
CONTINUOUS
10
5.2334645669291335
20
-3.7803543307086613
11
5.2295327559055114
21
-3.7797814960629919
0
LINE
8
BLACK
6
CONTINUOUS
10
5.2295327559055114
20
-3.7797814960629919
11
5.225457598425197
21
-3.7777892519685037
0
LINE
8
BLACK
6
CONTINUOUS
10
5.225457598425197
20
-3.7777892519685037
11
5.2222501181102361
21
-3.7745817716535432
0
LINE
8
BLACK
6
CONTINUOUS
10
5.2222501181102361
20
-3.7745817716535432
11
5.2202578740157479
21
-3.7705066141732284
0
LINE
8
BLACK
6
CONTINUOUS
10
5.2202578740157479
20
-3.7705066141732284
11
5.2196850393700789
21
-3.7665748031496062
0
LINE
8
BLACK
6
CONTINUOUS
10
5.2196850393700789
20
-3.7665748031496062
11
5.2196850393700789
21
-3.7449212598425197
0
LINE
8
BLACK
6
CONTINUOUS
10
5.2196850393700789
20
-3.7449212598425197
11
5.2202578740157479
21
-3.7409894488188975
0
LINE
8
BLACK
6
CONTINUOUS
10
5.2202578740157479
20
-3.7409894488188975
11
5.2222501181102361
21
-3.7369142913385827
0
LINE
8
BLACK
6
CONTINUOUS
10
5.2222501181102361
20
-3.7369142913385827
11
5.225457598425197
21
-3.7337068110236218
0
LINE
8
BLACK
6
CONTINUOUS
10
5.225457598425197
20
-3.7337068110236218
11
5.2295327559055114
21
-3.7317145669291336
0
LINE
8
BLACK
6
CONTINUOUS
10
5.2295327559055114
20
-3.7317145669291336
11
5.2334645669291335
21
-3.7311417322834646
0
LINE
8
BLACK
6
CONTINUOUS
10
5.2334645669291335
20
-3.7311417322834646
11
5.2492125984251965
21
-3.7311417322834646
0
LINE
8
BLACK
6
CONTINUOUS
10
5.2492125984251965
20
-3.7311417322834646
11
5.2531444094488187
21
-3.7317145669291336
0
LINE
8
BLACK
6
CONTINUOUS
10
5.3181050393700788
20
-3.7317145669291336
11
5.3221801968503932
21
-3.7337068110236218
0
LINE
8
BLACK
6
CONTINUOUS
10
5.3221801968503932
20
-3.7337068110236218
11
5.3253876771653541
21
-3.7369142913385827
0
LINE
8
BLACK
6
CONTINUOUS
10
5.3253876771653541
20
-3.7369142913385827
11
5.3273799212598423
21
-3.7409894488188975
0
LINE
8
BLACK
6
CONTINUOUS
10
5.3273799212598423
20
-3.7409894488188975
11
5.3279527559055113
21
-3.7449212598425197
0
LINE
8
BLACK
6
CONTINUOUS
10
5.3279527559055113
20
-3.7449212598425197
11
5.3279527559055113
21
-3.7665748031496062
0
LINE
8
BLACK
6
CONTINUOUS
10
5.3279527559055113
20
-3.7665748031496062
11
5.3273799212598423
21
-3.7705066141732284
0
LINE
8
BLACK
6
CONTINUOUS
10
5.3273799212598423
20
-3.7705066141732284
11
5.3253876771653541
21
-3.7745817716535432
0
LINE
8
BLACK
6
CONTINUOUS
10
5.3253876771653541
20
-3.7745817716535432
11
5.3221801968503932
21
-3.7777892519685037
0
LINE
8
BLACK
6
CONTINUOUS
10
5.3221801968503932
20
-3.7777892519685037
11
5.3181050393700788
21
-3.7797814960629919
0
LINE
8
BLACK
6
CONTINUOUS
10
5.3181050393700788
20
-3.7797814960629919
11
5.3141732283464567
21
-3.7803543307086613
0
LINE
8
BLACK
6
CONTINUOUS
10
5.3141732283464567
20
-3.7803543307086613
11
5.2984251968503937
21
-3.7803543307086613
0
LINE
8
BLACK
6
CONTINUOUS
10
5.2984251968503937
20
-3.7803543307086613
11
5.2944933858267715
21
-3.7797814960629919
0
LINE
8
BLACK
6
CONTINUOUS
10
5.2944933858267715
20
-3.7797814960629919
11
5.2904182283464563
21
-3.7777892519685037
0
LINE
8
BLACK
6
CONTINUOUS
10
5.2904182283464563
20
-3.7777892519685037
11
5.2872107480314963
21
-3.7745817716535432
0
LINE
8
BLACK
6
CONTINUOUS
10
5.2872107480314963
20
-3.7745817716535432
11
5.2852185039370081
21
-3.7705066141732284
0
LINE
8
BLACK
6
CONTINUOUS
10
5.2852185039370081
20
-3.7705066141732284
11
5.2846456692913382
21
-3.7665748031496062
0
LINE
8
BLACK
6
CONTINUOUS
10
5.2846456692913382
20
-3.7665748031496062
11
5.2846456692913382
21
-3.7449212598425197
0
LINE
8
BLACK
6
CONTINUOUS
10
5.2846456692913382
20
-3.7449212598425197
11
5.2852185039370081
21
-3.7409894488188975
0
LINE
8
BLACK
6
CONTINUOUS
10
5.2852185039370081
20
-3.7409894488188975
11
5.2872107480314963
21
-3.7369142913385827
0
LINE
8
BLACK
6
CONTINUOUS
10
5.2872107480314963
20
-3.7369142913385827
11
5.2904182283464563
21
-3.7337068110236218
0
LINE
8
BLACK
6
CONTINUOUS
10
5.2904182283464563
20
-3.7337068110236218
11
5.2944933858267715
21
-3.7317145669291336
0
LINE
8
BLACK
6
CONTINUOUS
10
5.2944933858267715
20
-3.7317145669291336
11
5.2984251968503937
21
-3.7311417322834646
0
LINE
8
BLACK
6
CONTINUOUS
10
5.2984251968503937
20
-3.7311417322834646
11
5.3141732283464567
21
-3.7311417322834646
0
LINE
8
BLACK
6
CONTINUOUS
10
5.3141732283464567
20
-3.7311417322834646
11
5.3181050393700788
21
-3.7317145669291336
0
LINE
8
BLACK
6
CONTINUOUS
10
5.169397047244094
20
-3.7442507480314959
11
5.1733677559055113
21
-3.7460039763779527
0
LINE
8
BLACK
6
CONTINUOUS
10
5.1733677559055113
20
-3.7460039763779527
11
5.1764369685039373
21
-3.7490731889763778
0
LINE
8
BLACK
6
CONTINUOUS
10
5.1764369685039373
20
-3.7490731889763778
11
5.1781901968503936
21
-3.7530438976377951
0
LINE
8
BLACK
6
CONTINUOUS
10
5.1781901968503936
20
-3.7530438976377951
11
5.178503937007874
21
-3.7557480314960627
0
LINE
8
BLACK
6
CONTINUOUS
10
5.178503937007874
20
-3.7557480314960627
11
5.178503937007874
21
-3.76755905511811
0
LINE
8
BLACK
6
CONTINUOUS
10
5.178503937007874
20
-3.76755905511811
11
5.1781901968503936
21
-3.770263188976378
0
LINE
8
BLACK
6
CONTINUOUS
10
5.1781901968503936
20
-3.770263188976378
11
5.1764369685039373
21
-3.7742338976377954
0
LINE
8
BLACK
6
CONTINUOUS
10
5.1764369685039373
20
-3.7742338976377954
11
5.1733677559055113
21
-3.7773031102362205
0
LINE
8
BLACK
6
CONTINUOUS
10
5.1733677559055113
20
-3.7773031102362205
11
5.169397047244094
21
-3.7790563385826772
0
LINE
8
BLACK
6
CONTINUOUS
10
5.169397047244094
20
-3.7790563385826772
11
5.1666929133858268
21
-3.7793700787401572
0
LINE
8
BLACK
6
CONTINUOUS
10
5.1666929133858268
20
-3.7793700787401572
11
5.1115748031496064
21
-3.7793700787401572
0
LINE
8
BLACK
6
CONTINUOUS
10
5.1115748031496064
20
-3.7793700787401572
11
5.1088706692913384
21
-3.7790563385826772
0
LINE
8
BLACK
6
CONTINUOUS
10
5.1088706692913384
20
-3.7790563385826772
11
5.104899960629921
21
-3.7773031102362205
0
LINE
8
BLACK
6
CONTINUOUS
10
5.104899960629921
20
-3.7773031102362205
11
5.1018307480314959
21
-3.7742338976377954
0
LINE
8
BLACK
6
CONTINUOUS
10
5.1018307480314959
20
-3.7742338976377954
11
5.1000775196850396
21
-3.770263188976378
0
LINE
8
BLACK
6
CONTINUOUS
10
5.1000775196850396
20
-3.770263188976378
11
5.0997637795275592
21
-3.76755905511811
0
LINE
8
BLACK
6
CONTINUOUS
10
5.0997637795275592
20
-3.76755905511811
11
5.0997637795275592
21
-3.7557480314960627
0
LINE
8
BLACK
6
CONTINUOUS
10
5.0997637795275592
20
-3.7557480314960627
11
5.1000775196850396
21
-3.7530438976377951
0
LINE
8
BLACK
6
CONTINUOUS
10
5.1000775196850396
20
-3.7530438976377951
11
5.1018307480314959
21
-3.7490731889763778
0
LINE
8
BLACK
6
CONTINUOUS
10
5.1018307480314959
20
-3.7490731889763778
11
5.104899960629921
21
-3.7460039763779527
0
LINE
8
BLACK
6
CONTINUOUS
10
5.104899960629921
20
-3.7460039763779527
11
5.1088706692913384
21
-3.7442507480314959
0
LINE
8
BLACK
6
CONTINUOUS
10
5.1088706692913384
20
-3.7442507480314959
11
5.1115748031496064
21
-3.7439370078740155
0
LINE
8
BLACK
6
CONTINUOUS
10
5.1115748031496064
20
-3.7439370078740155
11
5.1666929133858268
21
-3.7439370078740155
0
LINE
8
BLACK
6
CONTINUOUS
10
5.1666929133858268
20
-3.7439370078740155
11
5.169397047244094
21
-3.7442507480314959
0
LINE
8
BLACK
6
CONTINUOUS
10
5.7258664173228349
20
-3.7223298031496062
11
5.7302564566929135
21
-3.7245666535433068
0
LINE
8
BLACK
6
CONTINUOUS
10
5.7302564566929135
20
-3.7245666535433068
11
5.7337404330708663
21
-3.7280506299212597
0
LINE
8
BLACK
6
CONTINUOUS
10
5.7337404330708663
20
-3.7280506299212597
11
5.7359772834645666
21
-3.7324406692913383
0
LINE
8
BLACK
6
CONTINUOUS
10
5.7359772834645666
20
-3.7324406692913383
11
5.736748031496063
21
-3.7373070866141731
0
LINE
8
BLACK
6
CONTINUOUS
10
5.736748031496063
20
-3.7373070866141731
11
5.736748031496063
21
-3.7569921259842518
0
LINE
8
BLACK
6
CONTINUOUS
10
5.736748031496063
20
-3.7569921259842518
11
5.7359772834645666
21
-3.7618585433070866
0
LINE
8
BLACK
6
CONTINUOUS
10
5.7359772834645666
20
-3.7618585433070866
11
5.7337404330708663
21
-3.7662485826771652
0
LINE
8
BLACK
6
CONTINUOUS
10
5.7337404330708663
20
-3.7662485826771652
11
5.7302564566929135
21
-3.7697325590551181
0
LINE
8
BLACK
6
CONTINUOUS
10
5.7302564566929135
20
-3.7697325590551181
11
5.7258664173228349
21
-3.7719694094488188
0
LINE
8
BLACK
6
CONTINUOUS
10
5.7258664173228349
20
-3.7719694094488188
11
5.7210000000000001
21
-3.7727401574803148
0
LINE
8
BLACK
6
CONTINUOUS
10
5.7210000000000001
20
-3.7727401574803148
11
5.6835984251968501
21
-3.7727401574803148
0
LINE
8
BLACK
6
CONTINUOUS
10
5.6835984251968501
20
-3.7727401574803148
11
5.6787320078740153
21
-3.7719694094488188
0
LINE
8
BLACK
6
CONTINUOUS
10
5.6787320078740153
20
-3.7719694094488188
11
5.6743419685039367
21
-3.7697325590551181
0
LINE
8
BLACK
6
CONTINUOUS
10
5.6743419685039367
20
-3.7697325590551181
11
5.6708579921259838
21
-3.7662485826771652
0
LINE
8
BLACK
6
CONTINUOUS
10
5.6708579921259838
20
-3.7662485826771652
11
5.6686211417322836
21
-3.7618585433070866
0
LINE
8
BLACK
6
CONTINUOUS
10
5.6686211417322836
20
-3.7618585433070866
11
5.6678503937007871
21
-3.7569921259842518
0
LINE
8
BLACK
6
CONTINUOUS
10
5.6678503937007871
20
-3.7569921259842518
11
5.6678503937007871
21
-3.7373070866141731
0
LINE
8
BLACK
6
CONTINUOUS
10
5.6678503937007871
20
-3.7373070866141731
11
5.6686211417322836
21
-3.7324406692913383
0
LINE
8
BLACK
6
CONTINUOUS
10
5.6686211417322836
20
-3.7324406692913383
11
5.6708579921259838
21
-3.7280506299212597
0
LINE
8
BLACK
6
CONTINUOUS
10
5.6708579921259838
20
-3.7280506299212597
11
5.6743419685039367
21
-3.7245666535433068
0
LINE
8
BLACK
6
CONTINUOUS
10
5.6743419685039367
20
-3.7245666535433068
11
5.6787320078740153
21
-3.7223298031496062
0
LINE
8
BLACK
6
CONTINUOUS
10
5.6787320078740153
20
-3.7223298031496062
11
5.6835984251968501
21
-3.7215590551181101
0
LINE
8
BLACK
6
CONTINUOUS
10
5.6835984251968501
20
-3.7215590551181101
11
5.7210000000000001
21
-3.7215590551181101
0
LINE
8
BLACK
6
CONTINUOUS
10
5.7210000000000001
20
-3.7215590551181101
11
5.7258664173228349
21
-3.7223298031496062
0
LINE
8
BLACK
6
CONTINUOUS
10
6.6581889763779527
20
-3.3234683464566928
11
6.6603505511811019
21
-3.3256299212598424
0
LINE
8
BLACK
6
CONTINUOUS
10
6.6603505511811019
20
-3.3256299212598424
11
6.6611417322834647
21
-3.3285826771653544
0
LINE
8
BLACK
6
CONTINUOUS
10
6.6611417322834647
20
-3.3285826771653544
11
6.6611417322834647
21
-3.3384251968503937
0
LINE
8
BLACK
6
CONTINUOUS
10
6.6611417322834647
20
-3.3384251968503937
11
6.9091732283464564
21
-3.3384251968503937
0
LINE
8
BLACK
6
CONTINUOUS
10
6.9091732283464564
20
-3.3384251968503937
11
6.9121259842519684
21
-3.3392163779527557
0
LINE
8
BLACK
6
CONTINUOUS
10
6.9121259842519684
20
-3.3392163779527557
11
6.9142875590551176
21
-3.3413779527559053
0
LINE
8
BLACK
6
CONTINUOUS
10
6.9142875590551176
20
-3.3413779527559053
11
6.9150787401574805
21
-3.3443307086614174
0
LINE
8
BLACK
6
CONTINUOUS
10
6.9150787401574805
20
-3.3443307086614174
11
6.9150787401574805
21
-3.3876377952755905
0
LINE
8
BLACK
6
CONTINUOUS
10
6.9150787401574805
20
-3.3876377952755905
11
6.9142875590551176
21
-3.3905905511811021
0
LINE
8
BLACK
6
CONTINUOUS
10
6.9142875590551176
20
-3.3905905511811021
11
6.9121259842519684
21
-3.3927521259842517
0
LINE
8
BLACK
6
CONTINUOUS
10
6.9121259842519684
20
-3.3927521259842517
11
6.9091732283464564
21
-3.3935433070866141
0
LINE
8
BLACK
6
CONTINUOUS
10
6.9091732283464564
20
-3.3935433070866141
11
6.907204724409449
21
-3.3935433070866141
0
LINE
8
BLACK
6
CONTINUOUS
10
6.907204724409449
20
-3.3935433070866141
11
6.907204724409449
21
-3.6868503937007873
0
LINE
8
BLACK
6
CONTINUOUS
10
6.907204724409449
20
-3.6868503937007873
11
6.9091732283464564
21
-3.6868503937007873
0
LINE
8
BLACK
6
CONTINUOUS
10
6.9091732283464564
20
-3.6868503937007873
11
6.9121259842519684
21
-3.6876415748031497
0
LINE
8
BLACK
6
CONTINUOUS
10
6.9121259842519684
20
-3.6876415748031497
11
6.9142875590551176
21
-3.6898031496062993
0
LINE
8
BLACK
6
CONTINUOUS
10
6.9142875590551176
20
-3.6898031496062993
11
6.9150787401574805
21
-3.6927559055118109
0
LINE
8
BLACK
6
CONTINUOUS
10
6.9150787401574805
20
-3.6927559055118109
11
6.9150787401574805
21
-3.736062992125984
0
LINE
8
BLACK
6
CONTINUOUS
10
6.9150787401574805
20
-3.736062992125984
11
6.9142875590551176
21
-3.7390157480314961
0
LINE
8
BLACK
6
CONTINUOUS
10
6.9142875590551176
20
-3.7390157480314961
11
6.9121259842519684
21
-3.7411773228346457
0
LINE
8
BLACK
6
CONTINUOUS
10
6.9121259842519684
20
-3.7411773228346457
11
6.9091732283464564
21
-3.7419685039370076
0
LINE
8
BLACK
6
CONTINUOUS
10
6.9091732283464564
20
-3.7419685039370076
11
6.6611417322834647
21
-3.7419685039370076
0
LINE
8
BLACK
6
CONTINUOUS
10
6.6611417322834647
20
-3.7419685039370076
11
6.6611417322834647
21
-3.751811023622047
0
LINE
8
BLACK
6
CONTINUOUS
10
6.6611417322834647
20
-3.751811023622047
11
6.6603505511811019
21
-3.754763779527559
0
LINE
8
BLACK
6
CONTINUOUS
10
6.6603505511811019
20
-3.754763779527559
11
6.6581889763779527
21
-3.7569253543307086
0
LINE
8
BLACK
6
CONTINUOUS
10
6.6581889763779527
20
-3.7569253543307086
11
6.6552362204724407
21
-3.7577165354330706
0
LINE
8
BLACK
6
CONTINUOUS
10
6.6552362204724407
20
-3.7577165354330706
11
6.5233464566929129
21
-3.7577165354330706
0
LINE
8
BLACK
6
CONTINUOUS
10
6.5233464566929129
20
-3.7577165354330706
11
6.5203937007874018
21
-3.7569253543307086
0
LINE
8
BLACK
6
CONTINUOUS
10
6.5203937007874018
20
-3.7569253543307086
11
6.5182321259842517
21
-3.754763779527559
0
LINE
8
BLACK
6
CONTINUOUS
10
6.5182321259842517
20
-3.754763779527559
11
6.5174409448818897
21
-3.751811023622047
0
LINE
8
BLACK
6
CONTINUOUS
10
6.5174409448818897
20
-3.751811023622047
11
6.5174409448818897
21
-3.6927559055118109
0
LINE
8
BLACK
6
CONTINUOUS
10
6.5174409448818897
20
-3.6927559055118109
11
6.5182321259842517
21
-3.6898031496062993
0
LINE
8
BLACK
6
CONTINUOUS
10
6.5182321259842517
20
-3.6898031496062993
11
6.5183287401574805
21
-3.6897064960629922
0
LINE
8
BLACK
6
CONTINUOUS
10
6.5183287401574805
20
-3.6897064960629922
11
6.5167369685039365
21
-3.6878503149606296
0
LINE
8
BLACK
6
CONTINUOUS
10
6.5167369685039365
20
-3.6878503149606296
11
6.5162992125984252
21
-3.6858127952755906
0
LINE
8
BLACK
6
CONTINUOUS
10
6.5162992125984252
20
-3.6858127952755906
11
6.5162992125984252
21
-3.3907086614173227
0
LINE
8
BLACK
6
CONTINUOUS
10
6.5162992125984252
20
-3.3907086614173227
11
6.5170866929133853
21
-3.3880267322834645
0
LINE
8
BLACK
6
CONTINUOUS
10
6.5170866929133853
20
-3.3880267322834645
11
6.5174587401574797
21
-3.3877042913385824
0
LINE
8
BLACK
6
CONTINUOUS
10
6.5174587401574797
20
-3.3877042913385824
11
6.5174409448818897
21
-3.3876377952755905
0
LINE
8
BLACK
6
CONTINUOUS
10
6.5174409448818897
20
-3.3876377952755905
11
6.5174409448818897
21
-3.3285826771653544
0
LINE
8
BLACK
6
CONTINUOUS
10
6.5174409448818897
20
-3.3285826771653544
11
6.5182321259842517
21
-3.3256299212598424
0
LINE
8
BLACK
6
CONTINUOUS
10
6.5182321259842517
20
-3.3256299212598424
11
6.5203937007874018
21
-3.3234683464566928
0
LINE
8
BLACK
6
CONTINUOUS
10
6.5203937007874018
20
-3.3234683464566928
11
6.5233464566929129
21
-3.3226771653543308
0
LINE
8
BLACK
6
CONTINUOUS
10
6.5233464566929129
20
-3.3226771653543308
11
6.6552362204724407
21
-3.3226771653543308
0
LINE
8
BLACK
6
CONTINUOUS
10
6.6552362204724407
20
-3.3226771653543308
11
6.6581889763779527
21
-3.3234683464566928
0
LINE
8
BLACK
6
CONTINUOUS
10
6.0204095669291338
20
-3.6167881102362203
11
6.0220866141732285
21
-3.6179086614173226
0
LINE
8
BLACK
6
CONTINUOUS
10
6.0220866141732285
20
-3.6179086614173226
11
6.0237636614173224
21
-3.6167881102362203
0
LINE
8
BLACK
6
CONTINUOUS
10
6.0237636614173224
20
-3.6167881102362203
11
6.0260236220472443
21
-3.6163385826771655
0
LINE
8
BLACK
6
CONTINUOUS
10
6.0260236220472443
20
-3.6163385826771655
11
6.0378346456692915
21
-3.6163385826771655
0
LINE
8
BLACK
6
CONTINUOUS
10
6.0378346456692915
20
-3.6163385826771655
11
6.0400946062992125
21
-3.6167881102362203
0
LINE
8
BLACK
6
CONTINUOUS
10
6.0400946062992125
20
-3.6167881102362203
11
6.0417716535433073
21
-3.6179086614173226
0
LINE
8
BLACK
6
CONTINUOUS
10
6.0417716535433073
20
-3.6179086614173226
11
6.0434487007874012
21
-3.6167881102362203
0
LINE
8
BLACK
6
CONTINUOUS
10
6.0434487007874012
20
-3.6167881102362203
11
6.045708661417323
21
-3.6163385826771655
0
LINE
8
BLACK
6
CONTINUOUS
10
6.045708661417323
20
-3.6163385826771655
11
6.0575196850393702
21
-3.6163385826771655
0
LINE
8
BLACK
6
CONTINUOUS
10
6.0575196850393702
20
-3.6163385826771655
11
6.0597796456692912
21
-3.6167881102362203
0
LINE
8
BLACK
6
CONTINUOUS
10
6.0597796456692912
20
-3.6167881102362203
11
6.061456692913386
21
-3.6179086614173226
0
LINE
8
BLACK
6
CONTINUOUS
10
6.061456692913386
20
-3.6179086614173226
11
6.0631337401574799
21
-3.6167881102362203
0
LINE
8
BLACK
6
CONTINUOUS
10
6.0631337401574799
20
-3.6167881102362203
11
6.0653937007874017
21
-3.6163385826771655
0
LINE
8
BLACK
6
CONTINUOUS
10
6.0653937007874017
20
-3.6163385826771655
11
6.0772047244094489
21
-3.6163385826771655
0
LINE
8
BLACK
6
CONTINUOUS
10
6.0772047244094489
20
-3.6163385826771655
11
6.0794646850393699
21
-3.6167881102362203
0
LINE
8
BLACK
6
CONTINUOUS
10
6.0794646850393699
20
-3.6167881102362203
11
6.0813805511811019
21
-3.6180682677165352
0
LINE
8
BLACK
6
CONTINUOUS
10
6.0813805511811019
20
-3.6180682677165352
11
6.0826607086614173
21
-3.6199841338582677
0
LINE
8
BLACK
6
CONTINUOUS
10
6.0826607086614173
20
-3.6199841338582677
11
6.0831102362204721
21
-3.6222440944881891
0
LINE
8
BLACK
6
CONTINUOUS
10
6.0831102362204721
20
-3.6222440944881891
11
6.0831102362204721
21
-3.6517716535433071
0
LINE
8
BLACK
6
CONTINUOUS
10
6.0831102362204721
20
-3.6517716535433071
11
6.0826607086614173
21
-3.6540316141732281
0
LINE
8
BLACK
6
CONTINUOUS
10
6.0826607086614173
20
-3.6540316141732281
11
6.0813805511811019
21
-3.6559474803149605
0
LINE
8
BLACK
6
CONTINUOUS
10
6.0813805511811019
20
-3.6559474803149605
11
6.0795598425196848
21
-3.6571640157480316
0
LINE
8
BLACK
6
CONTINUOUS
10
6.0795598425196848
20
-3.6571640157480316
11
6.0797079527559053
21
-3.6573857086614172
0
LINE
8
BLACK
6
CONTINUOUS
10
6.0797079527559053
20
-3.6573857086614172
11
6.0801574803149601
21
-3.6596456692913386
0
LINE
8
BLACK
6
CONTINUOUS
10
6.0801574803149601
20
-3.6596456692913386
11
6.0801574803149601
21
-3.6931102362204724
0
LINE
8
BLACK
6
CONTINUOUS
10
6.0801574803149601
20
-3.6931102362204724
11
6.0797079527559053
21
-3.6953701968503938
0
LINE
8
BLACK
6
CONTINUOUS
10
6.0797079527559053
20
-3.6953701968503938
11
6.0795598425196848
21
-3.6955918503937006
0
LINE
8
BLACK
6
CONTINUOUS
10
6.0795598425196848
20
-3.6955918503937006
11
6.0813805511811019
21
-3.6968084251968505
0
LINE
8
BLACK
6
CONTINUOUS
10
6.0813805511811019
20
-3.6968084251968505
11
6.0826607086614173
21
-3.6987242913385825
0
LINE
8
BLACK
6
CONTINUOUS
10
6.0826607086614173
20
-3.6987242913385825
11
6.0831102362204721
21
-3.7009842519685039
0
LINE
8
BLACK
6
CONTINUOUS
10
6.0831102362204721
20
-3.7009842519685039
11
6.0831102362204721
21
-3.7305118110236219
0
LINE
8
BLACK
6
CONTINUOUS
10
6.0831102362204721
20
-3.7305118110236219
11
6.0826607086614173
21
-3.7327717716535433
0
LINE
8
BLACK
6
CONTINUOUS
10
6.0826607086614173
20
-3.7327717716535433
11
6.0813805511811019
21
-3.7346876377952754
0
LINE
8
BLACK
6
CONTINUOUS
10
6.0813805511811019
20
-3.7346876377952754
11
6.0794646850393699
21
-3.7359677952755903
0
LINE
8
BLACK
6
CONTINUOUS
10
6.0794646850393699
20
-3.7359677952755903
11
6.0772047244094489
21
-3.7364173228346456
0
LINE
8
BLACK
6
CONTINUOUS
10
6.0772047244094489
20
-3.7364173228346456
11
6.0653937007874017
21
-3.7364173228346456
0
LINE
8
BLACK
6
CONTINUOUS
10
6.0653937007874017
20
-3.7364173228346456
11
6.0631337401574799
21
-3.7359677952755903
0
LINE
8
BLACK
6
CONTINUOUS
10
6.0631337401574799
20
-3.7359677952755903
11
6.061456692913386
21
-3.7348472047244092
0
LINE
8
BLACK
6
CONTINUOUS
10
6.061456692913386
20
-3.7348472047244092
11
6.0597796456692912
21
-3.7359677952755903
0
LINE
8
BLACK
6
CONTINUOUS
10
6.0597796456692912
20
-3.7359677952755903
11
6.0575196850393702
21
-3.7364173228346456
0
LINE
8
BLACK
6
CONTINUOUS
10
6.0575196850393702
20
-3.7364173228346456
11
6.045708661417323
21
-3.7364173228346456
0
LINE
8
BLACK
6
CONTINUOUS
10
6.045708661417323
20
-3.7364173228346456
11
6.0434487007874012
21
-3.7359677952755903
0
LINE
8
BLACK
6
CONTINUOUS
10
6.0434487007874012
20
-3.7359677952755903
11
6.0417716535433073
21
-3.7348472047244092
0
LINE
8
BLACK
6
CONTINUOUS
10
6.0417716535433073
20
-3.7348472047244092
11
6.0400946062992125
21
-3.7359677952755903
0
LINE
8
BLACK
6
CONTINUOUS
10
6.0400946062992125
20
-3.7359677952755903
11
6.0378346456692915
21
-3.7364173228346456
0
LINE
8
BLACK
6
CONTINUOUS
10
6.0378346456692915
20
-3.7364173228346456
11
6.0260236220472443
21
-3.7364173228346456
0
LINE
8
BLACK
6
CONTINUOUS
10
6.0260236220472443
20
-3.7364173228346456
11
6.0237636614173224
21
-3.7359677952755903
0
LINE
8
BLACK
6
CONTINUOUS
10
6.0237636614173224
20
-3.7359677952755903
11
6.0220866141732285
21
-3.7348472047244092
0
LINE
8
BLACK
6
CONTINUOUS
10
6.0220866141732285
20
-3.7348472047244092
11
6.0204095669291338
21
-3.7359677952755903
0
LINE
8
BLACK
6
CONTINUOUS
10
6.0204095669291338
20
-3.7359677952755903
11
6.0181496062992128
21
-3.7364173228346456
0
LINE
8
BLACK
6
CONTINUOUS
10
6.0181496062992128
20
-3.7364173228346456
11
6.0063385826771656
21
-3.7364173228346456
0
LINE
8
BLACK
6
CONTINUOUS
10
6.0063385826771656
20
-3.7364173228346456
11
6.0040786220472437
21
-3.7359677952755903
0
LINE
8
BLACK
6
CONTINUOUS
10
6.0040786220472437
20
-3.7359677952755903
11
6.0021627559055117
21
-3.7346876377952754
0
LINE
8
BLACK
6
CONTINUOUS
10
6.0021627559055117
20
-3.7346876377952754
11
6.0008825984251963
21
-3.7327717716535433
0
LINE
8
BLACK
6
CONTINUOUS
10
6.0008825984251963
20
-3.7327717716535433
11
6.0004330708661415
21
-3.7305118110236219
0
LINE
8
BLACK
6
CONTINUOUS
10
6.0004330708661415
20
-3.7305118110236219
11
6.0004330708661415
21
-3.7009842519685039
0
LINE
8
BLACK
6
CONTINUOUS
10
6.0004330708661415
20
-3.7009842519685039
11
6.0008825984251963
21
-3.6987242913385825
0
LINE
8
BLACK
6
CONTINUOUS
10
6.0008825984251963
20
-3.6987242913385825
11
6.0021627559055117
21
-3.6968084251968505
0
LINE
8
BLACK
6
CONTINUOUS
10
6.0021627559055117
20
-3.6968084251968505
11
6.00398342519685
21
-3.6955918503937006
0
LINE
8
BLACK
6
CONTINUOUS
10
6.00398342519685
20
-3.6955918503937006
11
6.0038353543307084
21
-3.6953701968503938
0
LINE
8
BLACK
6
CONTINUOUS
10
6.0038353543307084
20
-3.6953701968503938
11
6.0033858267716536
21
-3.6931102362204724
0
LINE
8
BLACK
6
CONTINUOUS
10
6.0033858267716536
20
-3.6931102362204724
11
6.0033858267716536
21
-3.6596456692913386
0
LINE
8
BLACK
6
CONTINUOUS
10
6.0033858267716536
20
-3.6596456692913386
11
6.0038353543307084
21
-3.6573857086614172
0
LINE
8
BLACK
6
CONTINUOUS
10
6.0038353543307084
20
-3.6573857086614172
11
6.00398342519685
21
-3.6571640157480316
0
LINE
8
BLACK
6
CONTINUOUS
10
6.00398342519685
20
-3.6571640157480316
11
6.0021627559055117
21
-3.6559474803149605
0
LINE
8
BLACK
6
CONTINUOUS
10
6.0021627559055117
20
-3.6559474803149605
11
6.0008825984251963
21
-3.6540316141732281
0
LINE
8
BLACK
6
CONTINUOUS
10
6.0008825984251963
20
-3.6540316141732281
11
6.0004330708661415
21
-3.6517716535433071
0
LINE
8
BLACK
6
CONTINUOUS
10
6.0004330708661415
20
-3.6517716535433071
11
6.0004330708661415
21
-3.6222440944881891
0
LINE
8
BLACK
6
CONTINUOUS
10
6.0004330708661415
20
-3.6222440944881891
11
6.0008825984251963
21
-3.6199841338582677
0
LINE
8
BLACK
6
CONTINUOUS
10
6.0008825984251963
20
-3.6199841338582677
11
6.0021627559055117
21
-3.6180682677165352
0
LINE
8
BLACK
6
CONTINUOUS
10
6.0021627559055117
20
-3.6180682677165352
11
6.0040786220472437
21
-3.6167881102362203
0
LINE
8
BLACK
6
CONTINUOUS
10
6.0040786220472437
20
-3.6167881102362203
11
6.0063385826771656
21
-3.6163385826771655
0
LINE
8
BLACK
6
CONTINUOUS
10
6.0063385826771656
20
-3.6163385826771655
11
6.0181496062992128
21
-3.6163385826771655
0
LINE
8
BLACK
6
CONTINUOUS
10
6.0181496062992128
20
-3.6163385826771655
11
6.0204095669291338
21
-3.6167881102362203
0
LINE
8
BLACK
6
CONTINUOUS
10
5.169397047244094
20
-3.6950381496062992
11
5.1733677559055113
21
-3.6967913779527559
0
LINE
8
BLACK
6
CONTINUOUS
10
5.1733677559055113
20
-3.6967913779527559
11
5.1764369685039373
21
-3.699860590551181
0
LINE
8
BLACK
6
CONTINUOUS
10
5.1764369685039373
20
-3.699860590551181
11
5.1781901968503936
21
-3.7038312992125983
0
LINE
8
BLACK
6
CONTINUOUS
10
5.1781901968503936
20
-3.7038312992125983
11
5.178503937007874
21
-3.706535433070866
0
LINE
8
BLACK
6
CONTINUOUS
10
5.178503937007874
20
-3.706535433070866
11
5.178503937007874
21
-3.7183464566929132
0
LINE
8
BLACK
6
CONTINUOUS
10
5.178503937007874
20
-3.7183464566929132
11
5.1781901968503936
21
-3.7210505905511808
0
LINE
8
BLACK
6
CONTINUOUS
10
5.1781901968503936
20
-3.7210505905511808
11
5.1764369685039373
21
-3.7250212992125982
0
LINE
8
BLACK
6
CONTINUOUS
10
5.1764369685039373
20
-3.7250212992125982
11
5.1733677559055113
21
-3.7280905118110237
0
LINE
8
BLACK
6
CONTINUOUS
10
5.1733677559055113
20
-3.7280905118110237
11
5.169397047244094
21
-3.7298437401574804
0
LINE
8
BLACK
6
CONTINUOUS
10
5.169397047244094
20
-3.7298437401574804
11
5.1666929133858268
21
-3.7301574803149604
0
LINE
8
BLACK
6
CONTINUOUS
10
5.1666929133858268
20
-3.7301574803149604
11
5.1115748031496064
21
-3.7301574803149604
0
LINE
8
BLACK
6
CONTINUOUS
10
5.1115748031496064
20
-3.7301574803149604
11
5.1088706692913384
21
-3.7298437401574804
0
LINE
8
BLACK
6
CONTINUOUS
10
5.1088706692913384
20
-3.7298437401574804
11
5.104899960629921
21
-3.7280905118110237
0
LINE
8
BLACK
6
CONTINUOUS
10
5.104899960629921
20
-3.7280905118110237
11
5.1018307480314959
21
-3.7250212992125982
0
LINE
8
BLACK
6
CONTINUOUS
10
5.1018307480314959
20
-3.7250212992125982
11
5.1000775196850396
21
-3.7210505905511808
0
LINE
8
BLACK
6
CONTINUOUS
10
5.1000775196850396
20
-3.7210505905511808
11
5.0997637795275592
21
-3.7183464566929132
0
LINE
8
BLACK
6
CONTINUOUS
10
5.0997637795275592
20
-3.7183464566929132
11
5.0997637795275592
21
-3.706535433070866
0
LINE
8
BLACK
6
CONTINUOUS
10
5.0997637795275592
20
-3.706535433070866
11
5.1000775196850396
21
-3.7038312992125983
0
LINE
8
BLACK
6
CONTINUOUS
10
5.1000775196850396
20
-3.7038312992125983
11
5.1018307480314959
21
-3.699860590551181
0
LINE
8
BLACK
6
CONTINUOUS
10
5.1018307480314959
20
-3.699860590551181
11
5.104899960629921
21
-3.6967913779527559
0
LINE
8
BLACK
6
CONTINUOUS
10
5.104899960629921
20
-3.6967913779527559
11
5.1088706692913384
21
-3.6950381496062992
0
LINE
8
BLACK
6
CONTINUOUS
10
5.1088706692913384
20
-3.6950381496062992
11
5.1115748031496064
21
-3.6947244094488187
0
LINE
8
BLACK
6
CONTINUOUS
10
5.1115748031496064
20
-3.6947244094488187
11
5.1666929133858268
21
-3.6947244094488187
0
LINE
8
BLACK
6
CONTINUOUS
10
5.1666929133858268
20
-3.6947244094488187
11
5.169397047244094
21
-3.6950381496062992
0
LINE
8
BLACK
6
CONTINUOUS
10
6.1460577952755902
20
-3.6846673228346454
11
6.1501329527559054
21
-3.686659566929134
0
LINE
8
BLACK
6
CONTINUOUS
10
6.1501329527559054
20
-3.686659566929134
11
6.1533404330708663
21
-3.6898670472440944
0
LINE
8
BLACK
6
CONTINUOUS
10
6.1533404330708663
20
-3.6898670472440944
11
6.1553326771653545
21
-3.6939422047244093
0
LINE
8
BLACK
6
CONTINUOUS
10
6.1553326771653545
20
-3.6939422047244093
11
6.1559055118110235
21
-3.6978740157480314
0
LINE
8
BLACK
6
CONTINUOUS
10
6.1559055118110235
20
-3.6978740157480314
11
6.1559055118110235
21
-3.7136220472440944
0
LINE
8
BLACK
6
CONTINUOUS
10
6.1559055118110235
20
-3.7136220472440944
11
6.1553326771653545
21
-3.7175538582677166
0
LINE
8
BLACK
6
CONTINUOUS
10
6.1553326771653545
20
-3.7175538582677166
11
6.1533404330708663
21
-3.7216290157480314
0
LINE
8
BLACK
6
CONTINUOUS
10
6.1533404330708663
20
-3.7216290157480314
11
6.1501329527559054
21
-3.7248364960629918
0
LINE
8
BLACK
6
CONTINUOUS
10
6.1501329527559054
20
-3.7248364960629918
11
6.1460577952755902
21
-3.7268287401574804
0
LINE
8
BLACK
6
CONTINUOUS
10
6.1460577952755902
20
-3.7268287401574804
11
6.142125984251968
21
-3.7274015748031495
0
LINE
8
BLACK
6
CONTINUOUS
10
6.142125984251968
20
-3.7274015748031495
11
6.1204724409448819
21
-3.7274015748031495
0
LINE
8
BLACK
6
CONTINUOUS
10
6.1204724409448819
20
-3.7274015748031495
11
6.1165406299212597
21
-3.7268287401574804
0
LINE
8
BLACK
6
CONTINUOUS
10
6.1165406299212597
20
-3.7268287401574804
11
6.1124654724409444
21
-3.7248364960629918
0
LINE
8
BLACK
6
CONTINUOUS
10
6.1124654724409444
20
-3.7248364960629918
11
6.1092579921259844
21
-3.7216290157480314
0
LINE
8
BLACK
6
CONTINUOUS
10
6.1092579921259844
20
-3.7216290157480314
11
6.1072657480314962
21
-3.7175538582677166
0
LINE
8
BLACK
6
CONTINUOUS
10
6.1072657480314962
20
-3.7175538582677166
11
6.1066929133858263
21
-3.7136220472440944
0
LINE
8
BLACK
6
CONTINUOUS
10
6.1066929133858263
20
-3.7136220472440944
11
6.1066929133858263
21
-3.6978740157480314
0
LINE
8
BLACK
6
CONTINUOUS
10
6.1066929133858263
20
-3.6978740157480314
11
6.1072657480314962
21
-3.6939422047244093
0
LINE
8
BLACK
6
CONTINUOUS
10
6.1072657480314962
20
-3.6939422047244093
11
6.1092579921259844
21
-3.6898670472440944
0
LINE
8
BLACK
6
CONTINUOUS
10
6.1092579921259844
20
-3.6898670472440944
11
6.1124654724409444
21
-3.686659566929134
0
LINE
8
BLACK
6
CONTINUOUS
10
6.1124654724409444
20
-3.686659566929134
11
6.1165406299212597
21
-3.6846673228346454
0
LINE
8
BLACK
6
CONTINUOUS
10
6.1165406299212597
20
-3.6846673228346454
11
6.1204724409448819
21
-3.6840944881889763
0
LINE
8
BLACK
6
CONTINUOUS
10
6.1204724409448819
20
-3.6840944881889763
11
6.142125984251968
21
-3.6840944881889763
0
LINE
8
BLACK
6
CONTINUOUS
10
6.142125984251968
20
-3.6840944881889763
11
6.1460577952755902
21
-3.6846673228346454
0
LINE
8
BLACK
6
CONTINUOUS
10
6.45035437007874
20
-3.6787633858267714
11
6.4547206299212601
21
-3.6808979133858268
0
LINE
8
BLACK
6
CONTINUOUS
10
6.4547206299212601
20
-3.6808979133858268
11
6.4581572047244089
21
-3.6843344881889761
0
LINE
8
BLACK
6
CONTINUOUS
10
6.4581572047244089
20
-3.6843344881889761
11
6.4602917322834648
21
-3.6887007480314962
0
LINE
8
BLACK
6
CONTINUOUS
10
6.4602917322834648
20
-3.6887007480314962
11
6.4609055118110232
21
-3.6929133858267718
0
LINE
8
BLACK
6
CONTINUOUS
10
6.4609055118110232
20
-3.6929133858267718
11
6.4609055118110232
21
-3.7106299212598426
0
LINE
8
BLACK
6
CONTINUOUS
10
6.4609055118110232
20
-3.7106299212598426
11
6.4602917322834648
21
-3.7148425590551182
0
LINE
8
BLACK
6
CONTINUOUS
10
6.4602917322834648
20
-3.7148425590551182
11
6.4581572047244089
21
-3.7192088188976378
0
LINE
8
BLACK
6
CONTINUOUS
10
6.4581572047244089
20
-3.7192088188976378
11
6.4547206299212601
21
-3.7226453937007875
0
LINE
8
BLACK
6
CONTINUOUS
10
6.4547206299212601
20
-3.7226453937007875
11
6.45035437007874
21
-3.7247799212598425
0
LINE
8
BLACK
6
CONTINUOUS
10
6.45035437007874
20
-3.7247799212598425
11
6.446141732283464
21
-3.7253937007874014
0
LINE
8
BLACK
6
CONTINUOUS
10
6.446141732283464
20
-3.7253937007874014
11
6.4264566929133853
21
-3.7253937007874014
0
LINE
8
BLACK
6
CONTINUOUS
10
6.4264566929133853
20
-3.7253937007874014
11
6.4222440551181101
21
-3.7247799212598425
0
LINE
8
BLACK
6
CONTINUOUS
10
6.4222440551181101
20
-3.7247799212598425
11
6.4178777952755901
21
-3.7226453937007875
0
LINE
8
BLACK
6
CONTINUOUS
10
6.4178777952755901
20
-3.7226453937007875
11
6.4144412204724404
21
-3.7192088188976378
0
LINE
8
BLACK
6
CONTINUOUS
10
6.4144412204724404
20
-3.7192088188976378
11
6.4123066929133854
21
-3.7148425590551182
0
LINE
8
BLACK
6
CONTINUOUS
10
6.4123066929133854
20
-3.7148425590551182
11
6.4116929133858269
21
-3.7106299212598426
0
LINE
8
BLACK
6
CONTINUOUS
10
6.4116929133858269
20
-3.7106299212598426
11
6.4116929133858269
21
-3.6929133858267718
0
LINE
8
BLACK
6
CONTINUOUS
10
6.4116929133858269
20
-3.6929133858267718
11
6.4123066929133854
21
-3.6887007480314962
0
LINE
8
BLACK
6
CONTINUOUS
10
6.4123066929133854
20
-3.6887007480314962
11
6.4144412204724404
21
-3.6843344881889761
0
LINE
8
BLACK
6
CONTINUOUS
10
6.4144412204724404
20
-3.6843344881889761
11
6.4178777952755901
21
-3.6808979133858268
0
LINE
8
BLACK
6
CONTINUOUS
10
6.4178777952755901
20
-3.6808979133858268
11
6.4222440551181101
21
-3.6787633858267714
0
LINE
8
BLACK
6
CONTINUOUS
10
6.4222440551181101
20
-3.6787633858267714
11
6.4264566929133853
21
-3.6781496062992125
0
LINE
8
BLACK
6
CONTINUOUS
10
6.4264566929133853
20
-3.6781496062992125
11
6.446141732283464
21
-3.6781496062992125
0
LINE
8
BLACK
6
CONTINUOUS
10
6.446141732283464
20
-3.6781496062992125
11
6.45035437007874
21
-3.6787633858267714
0
LINE
8
BLACK
6
CONTINUOUS
10
6.3184122440944881
20
-3.6803948818897636
11
6.3216053937007874
21
-3.6825284645669289
0
LINE
8
BLACK
6
CONTINUOUS
10
6.3216053937007874
20
-3.6825284645669289
11
6.3235039370078736
21
-3.6853698425196848
0
LINE
8
BLACK
6
CONTINUOUS
10
6.3235039370078736
20
-3.6853698425196848
11
6.3254024803149607
21
-3.6825284645669289
0
LINE
8
BLACK
6
CONTINUOUS
10
6.3254024803149607
20
-3.6825284645669289
11
6.32859562992126
21
-3.6803948818897636
0
LINE
8
BLACK
6
CONTINUOUS
10
6.32859562992126
20
-3.6803948818897636
11
6.3323622047244097
21
-3.6796456692913386
0
LINE
8
BLACK
6
CONTINUOUS
10
6.3323622047244097
20
-3.6796456692913386
11
6.3402362204724412
21
-3.6796456692913386
0
LINE
8
BLACK
6
CONTINUOUS
10
6.3402362204724412
20
-3.6796456692913386
11
6.34400279527559
21
-3.6803948818897636
0
LINE
8
BLACK
6
CONTINUOUS
10
6.34400279527559
20
-3.6803948818897636
11
6.3471959448818893
21
-3.6825284645669289
0
LINE
8
BLACK
6
CONTINUOUS
10
6.3471959448818893
20
-3.6825284645669289
11
6.3490944881889764
21
-3.6853698425196848
0
LINE
8
BLACK
6
CONTINUOUS
10
6.3490944881889764
20
-3.6853698425196848
11
6.3509930314960625
21
-3.6825284645669289
0
LINE
8
BLACK
6
CONTINUOUS
10
6.3509930314960625
20
-3.6825284645669289
11
6.3541861811023619
21
-3.6803948818897636
0
LINE
8
BLACK
6
CONTINUOUS
10
6.3541861811023619
20
-3.6803948818897636
11
6.3579527559055116
21
-3.6796456692913386
0
LINE
8
BLACK
6
CONTINUOUS
10
6.3579527559055116
20
-3.6796456692913386
11
6.365826771653543
21
-3.6796456692913386
0
LINE
8
BLACK
6
CONTINUOUS
10
6.365826771653543
20
-3.6796456692913386
11
6.3695933464566927
21
-3.6803948818897636
0
LINE
8
BLACK
6
CONTINUOUS
10
6.3695933464566927
20
-3.6803948818897636
11
6.3727864960629921
21
-3.6825284645669289
0
LINE
8
BLACK
6
CONTINUOUS
10
6.3727864960629921
20
-3.6825284645669289
11
6.374920078740157
21
-3.6857216141732283
0
LINE
8
BLACK
6
CONTINUOUS
10
6.374920078740157
20
-3.6857216141732283
11
6.3756692913385828
21
-3.689488188976378
0
LINE
8
BLACK
6
CONTINUOUS
10
6.3756692913385828
20
-3.689488188976378
11
6.3756692913385828
21
-3.7072047244094488
0
LINE
8
BLACK
6
CONTINUOUS
10
6.3756692913385828
20
-3.7072047244094488
11
6.374920078740157
21
-3.7109712992125985
0
LINE
8
BLACK
6
CONTINUOUS
10
6.374920078740157
20
-3.7109712992125985
11
6.3727864960629921
21
-3.7141644488188974
0
LINE
8
BLACK
6
CONTINUOUS
10
6.3727864960629921
20
-3.7141644488188974
11
6.3695933464566927
21
-3.7162980314960627
0
LINE
8
BLACK
6
CONTINUOUS
10
6.3695933464566927
20
-3.7162980314960627
11
6.365826771653543
21
-3.7170472440944882
0
LINE
8
BLACK
6
CONTINUOUS
10
6.365826771653543
20
-3.7170472440944882
11
6.3579527559055116
21
-3.7170472440944882
0
LINE
8
BLACK
6
CONTINUOUS
10
6.3579527559055116
20
-3.7170472440944882
11
6.3541861811023619
21
-3.7162980314960627
0
LINE
8
BLACK
6
CONTINUOUS
10
6.3541861811023619
20
-3.7162980314960627
11
6.3509930314960625
21
-3.7141644488188974
0
LINE
8
BLACK
6
CONTINUOUS
10
6.3509930314960625
20
-3.7141644488188974
11
6.3490944881889764
21
-3.7113230314960628
0
LINE
8
BLACK
6
CONTINUOUS
10
6.3490944881889764
20
-3.7113230314960628
11
6.3471959448818893
21
-3.7141644488188974
0
LINE
8
BLACK
6
CONTINUOUS
10
6.3471959448818893
20
-3.7141644488188974
11
6.34400279527559
21
-3.7162980314960627
0
LINE
8
BLACK
6
CONTINUOUS
10
6.34400279527559
20
-3.7162980314960627
11
6.3402362204724412
21
-3.7170472440944882
0
LINE
8
BLACK
6
CONTINUOUS
10
6.3402362204724412
20
-3.7170472440944882
11
6.3323622047244097
21
-3.7170472440944882
0
LINE
8
BLACK
6
CONTINUOUS
10
6.3323622047244097
20
-3.7170472440944882
11
6.32859562992126
21
-3.7162980314960627
0
LINE
8
BLACK
6
CONTINUOUS
10
6.32859562992126
20
-3.7162980314960627
11
6.3254024803149607
21
-3.7141644488188974
0
LINE
8
BLACK
6
CONTINUOUS
10
6.3254024803149607
20
-3.7141644488188974
11
6.3235039370078736
21
-3.7113230314960628
0
LINE
8
BLACK
6
CONTINUOUS
10
6.3235039370078736
20
-3.7113230314960628
11
6.3216053937007874
21
-3.7141644488188974
0
LINE
8
BLACK
6
CONTINUOUS
10
6.3216053937007874
20
-3.7141644488188974
11
6.3184122440944881
21
-3.7162980314960627
0
LINE
8
BLACK
6
CONTINUOUS
10
6.3184122440944881
20
-3.7162980314960627
11
6.3146456692913384
21
-3.7170472440944882
0
LINE
8
BLACK
6
CONTINUOUS
10
6.3146456692913384
20
-3.7170472440944882
11
6.3067716535433069
21
-3.7170472440944882
0
LINE
8
BLACK
6
CONTINUOUS
10
6.3067716535433069
20
-3.7170472440944882
11
6.3030050787401573
21
-3.7162980314960627
0
LINE
8
BLACK
6
CONTINUOUS
10
6.3030050787401573
20
-3.7162980314960627
11
6.2998119291338579
21
-3.7141644488188974
0
LINE
8
BLACK
6
CONTINUOUS
10
6.2998119291338579
20
-3.7141644488188974
11
6.297678346456693
21
-3.7109712992125985
0
LINE
8
BLACK
6
CONTINUOUS
10
6.297678346456693
20
-3.7109712992125985
11
6.2969291338582671
21
-3.7072047244094488
0
LINE
8
BLACK
6
CONTINUOUS
10
6.2969291338582671
20
-3.7072047244094488
11
6.2969291338582671
21
-3.689488188976378
0
LINE
8
BLACK
6
CONTINUOUS
10
6.2969291338582671
20
-3.689488188976378
11
6.297678346456693
21
-3.6857216141732283
0
LINE
8
BLACK
6
CONTINUOUS
10
6.297678346456693
20
-3.6857216141732283
11
6.2998119291338579
21
-3.6825284645669289
0
LINE
8
BLACK
6
CONTINUOUS
10
6.2998119291338579
20
-3.6825284645669289
11
6.3030050787401573
21
-3.6803948818897636
0
LINE
8
BLACK
6
CONTINUOUS
10
6.3030050787401573
20
-3.6803948818897636
11
6.3067716535433069
21
-3.6796456692913386
0
LINE
8
BLACK
6
CONTINUOUS
10
6.3067716535433069
20
-3.6796456692913386
11
6.3146456692913384
21
-3.6796456692913386
0
LINE
8
BLACK
6
CONTINUOUS
10
6.3146456692913384
20
-3.6796456692913386
11
6.3184122440944881
21
-3.6803948818897636
0
LINE
8
BLACK
6
CONTINUOUS
10
5.8633464960629924
20
-3.6667555118110235
11
5.8677127559055116
21
-3.6688900393700785
0
LINE
8
BLACK
6
CONTINUOUS
10
5.8677127559055116
20
-3.6688900393700785
11
5.8711493307086613
21
-3.6723266141732283
0
LINE
8
BLACK
6
CONTINUOUS
10
5.8711493307086613
20
-3.6723266141732283
11
5.8732838582677163
21
-3.6766928740157478
0
LINE
8
BLACK
6
CONTINUOUS
10
5.8732838582677163
20
-3.6766928740157478
11
5.8738976377952756
21
-3.6809055118110234
0
LINE
8
BLACK
6
CONTINUOUS
10
5.8738976377952756
20
-3.6809055118110234
11
5.8738976377952756
21
-3.7005905511811021
0
LINE
8
BLACK
6
CONTINUOUS
10
5.8738976377952756
20
-3.7005905511811021
11
5.8732838582677163
21
-3.7048031889763777
0
LINE
8
BLACK
6
CONTINUOUS
10
5.8732838582677163
20
-3.7048031889763777
11
5.8711493307086613
21
-3.7091694488188978
0
LINE
8
BLACK
6
CONTINUOUS
10
5.8711493307086613
20
-3.7091694488188978
11
5.8677127559055116
21
-3.7126060236220471
0
LINE
8
BLACK
6
CONTINUOUS
10
5.8677127559055116
20
-3.7126060236220471
11
5.8633464960629924
21
-3.7147405511811025
0
LINE
8
BLACK
6
CONTINUOUS
10
5.8633464960629924
20
-3.7147405511811025
11
5.8591338582677164
21
-3.7153543307086614
0
LINE
8
BLACK
6
CONTINUOUS
10
5.8591338582677164
20
-3.7153543307086614
11
5.8414173228346451
21
-3.7153543307086614
0
LINE
8
BLACK
6
CONTINUOUS
10
5.8414173228346451
20
-3.7153543307086614
11
5.83720468503937
21
-3.7147405511811025
0
LINE
8
BLACK
6
CONTINUOUS
10
5.83720468503937
20
-3.7147405511811025
11
5.8328384251968499
21
-3.7126060236220471
0
LINE
8
BLACK
6
CONTINUOUS
10
5.8328384251968499
20
-3.7126060236220471
11
5.8294018503937011
21
-3.7091694488188978
0
LINE
8
BLACK
6
CONTINUOUS
10
5.8294018503937011
20
-3.7091694488188978
11
5.8272673228346452
21
-3.7048031889763777
0
LINE
8
BLACK
6
CONTINUOUS
10
5.8272673228346452
20
-3.7048031889763777
11
5.8266535433070867
21
-3.7005905511811021
0
LINE
8
BLACK
6
CONTINUOUS
10
5.8266535433070867
20
-3.7005905511811021
11
5.8266535433070867
21
-3.6809055118110234
0
LINE
8
BLACK
6
CONTINUOUS
10
5.8266535433070867
20
-3.6809055118110234
11
5.8272673228346452
21
-3.6766928740157478
0
LINE
8
BLACK
6
CONTINUOUS
10
5.8272673228346452
20
-3.6766928740157478
11
5.8294018503937011
21
-3.6723266141732283
0
LINE
8
BLACK
6
CONTINUOUS
10
5.8294018503937011
20
-3.6723266141732283
11
5.8328384251968499
21
-3.6688900393700785
0
LINE
8
BLACK
6
CONTINUOUS
10
5.8328384251968499
20
-3.6688900393700785
11
5.83720468503937
21
-3.6667555118110235
0
LINE
8
BLACK
6
CONTINUOUS
10
5.83720468503937
20
-3.6667555118110235
11
5.8414173228346451
21
-3.6661417322834646
0
LINE
8
BLACK
6
CONTINUOUS
10
5.8414173228346451
20
-3.6661417322834646
11
5.8591338582677164
21
-3.6661417322834646
0
LINE
8
BLACK
6
CONTINUOUS
10
5.8591338582677164
20
-3.6661417322834646
11
5.8633464960629924
21
-3.6667555118110235
0
LINE
8
BLACK
6
CONTINUOUS
10
5.9243701181102359
20
-3.6667555118110235
11
5.928736377952756
21
-3.6688900393700785
0
LINE
8
BLACK
6
CONTINUOUS
10
5.928736377952756
20
-3.6688900393700785
11
5.9321729527559057
21
-3.6723266141732283
0
LINE
8
BLACK
6
CONTINUOUS
10
5.9321729527559057
20
-3.6723266141732283
11
5.9343074803149607
21
-3.6766928740157478
0
LINE
8
BLACK
6
CONTINUOUS
10
5.9343074803149607
20
-3.6766928740157478
11
5.9349212598425192
21
-3.6809055118110234
0
LINE
8
BLACK
6
CONTINUOUS
10
5.9349212598425192
20
-3.6809055118110234
11
5.9349212598425192
21
-3.7005905511811021
0
LINE
8
BLACK
6
CONTINUOUS
10
5.9349212598425192
20
-3.7005905511811021
11
5.9343074803149607
21
-3.7048031889763777
0
LINE
8
BLACK
6
CONTINUOUS
10
5.9343074803149607
20
-3.7048031889763777
11
5.9321729527559057
21
-3.7091694488188978
0
LINE
8
BLACK
6
CONTINUOUS
10
5.9321729527559057
20
-3.7091694488188978
11
5.928736377952756
21
-3.7126060236220471
0
LINE
8
BLACK
6
CONTINUOUS
10
5.928736377952756
20
-3.7126060236220471
11
5.9243701181102359
21
-3.7147405511811025
0
LINE
8
BLACK
6
CONTINUOUS
10
5.9243701181102359
20
-3.7147405511811025
11
5.9201574803149608
21
-3.7153543307086614
0
LINE
8
BLACK
6
CONTINUOUS
10
5.9201574803149608
20
-3.7153543307086614
11
5.9024409448818895
21
-3.7153543307086614
0
LINE
8
BLACK
6
CONTINUOUS
10
5.9024409448818895
20
-3.7153543307086614
11
5.8982283070866144
21
-3.7147405511811025
0
LINE
8
BLACK
6
CONTINUOUS
10
5.8982283070866144
20
-3.7147405511811025
11
5.8938620472440943
21
-3.7126060236220471
0
LINE
8
BLACK
6
CONTINUOUS
10
5.8938620472440943
20
-3.7126060236220471
11
5.8904254724409446
21
-3.7091694488188978
0
LINE
8
BLACK
6
CONTINUOUS
10
5.8904254724409446
20
-3.7091694488188978
11
5.8882909448818896
21
-3.7048031889763777
0
LINE
8
BLACK
6
CONTINUOUS
10
5.8882909448818896
20
-3.7048031889763777
11
5.8876771653543303
21
-3.7005905511811021
0
LINE
8
BLACK
6
CONTINUOUS
10
5.8876771653543303
20
-3.7005905511811021
11
5.8876771653543303
21
-3.6809055118110234
0
LINE
8
BLACK
6
CONTINUOUS
10
5.8876771653543303
20
-3.6809055118110234
11
5.8882909448818896
21
-3.6766928740157478
0
LINE
8
BLACK
6
CONTINUOUS
10
5.8882909448818896
20
-3.6766928740157478
11
5.8904254724409446
21
-3.6723266141732283
0
LINE
8
BLACK
6
CONTINUOUS
10
5.8904254724409446
20
-3.6723266141732283
11
5.8938620472440943
21
-3.6688900393700785
0
LINE
8
BLACK
6
CONTINUOUS
10
5.8938620472440943
20
-3.6688900393700785
11
5.8982283070866144
21
-3.6667555118110235
0
LINE
8
BLACK
6
CONTINUOUS
10
5.8982283070866144
20
-3.6667555118110235
11
5.9024409448818895
21
-3.6661417322834646
0
LINE
8
BLACK
6
CONTINUOUS
10
5.9024409448818895
20
-3.6661417322834646
11
5.9201574803149608
21
-3.6661417322834646
0
LINE
8
BLACK
6
CONTINUOUS
10
5.9201574803149608
20
-3.6661417322834646
11
5.9243701181102359
21
-3.6667555118110235
0
LINE
8
BLACK
6
CONTINUOUS
10
5.2531444094488187
20
-3.6617145669291338
11
5.2572195669291339
21
-3.6637068110236219
0
LINE
8
BLACK
6
CONTINUOUS
10
5.2572195669291339
20
-3.6637068110236219
11
5.2604270472440939
21
-3.6669142913385824
0
LINE
8
BLACK
6
CONTINUOUS
10
5.2604270472440939
20
-3.6669142913385824
11
5.262419291338583
21
-3.6709894488188977
0
LINE
8
BLACK
6
CONTINUOUS
10
5.262419291338583
20
-3.6709894488188977
11
5.262992125984252
21
-3.6749212598425194
0
LINE
8
BLACK
6
CONTINUOUS
10
5.262992125984252
20
-3.6749212598425194
11
5.262992125984252
21
-3.6965748031496064
0
LINE
8
BLACK
6
CONTINUOUS
10
5.262992125984252
20
-3.6965748031496064
11
5.262419291338583
21
-3.7005066141732281
0
LINE
8
BLACK
6
CONTINUOUS
10
5.262419291338583
20
-3.7005066141732281
11
5.2604270472440939
21
-3.7045817716535434
0
LINE
8
BLACK
6
CONTINUOUS
10
5.2604270472440939
20
-3.7045817716535434
11
5.2572195669291339
21
-3.7077892519685038
0
LINE
8
BLACK
6
CONTINUOUS
10
5.2572195669291339
20
-3.7077892519685038
11
5.2531444094488187
21
-3.709781496062992
0
LINE
8
BLACK
6
CONTINUOUS
10
5.2531444094488187
20
-3.709781496062992
11
5.2492125984251965
21
-3.7103543307086615
0
LINE
8
BLACK
6
CONTINUOUS
10
5.2492125984251965
20
-3.7103543307086615
11
5.2334645669291335
21
-3.7103543307086615
0
LINE
8
BLACK
6
CONTINUOUS
10
5.2334645669291335
20
-3.7103543307086615
11
5.2295327559055114
21
-3.709781496062992
0
LINE
8
BLACK
6
CONTINUOUS
10
5.2295327559055114
20
-3.709781496062992
11
5.225457598425197
21
-3.7077892519685038
0
LINE
8
BLACK
6
CONTINUOUS
10
5.225457598425197
20
-3.7077892519685038
11
5.2222501181102361
21
-3.7045817716535434
0
LINE
8
BLACK
6
CONTINUOUS
10
5.2222501181102361
20
-3.7045817716535434
11
5.2202578740157479
21
-3.7005066141732281
0
LINE
8
BLACK
6
CONTINUOUS
10
5.2202578740157479
20
-3.7005066141732281
11
5.2196850393700789
21
-3.6965748031496064
0
LINE
8
BLACK
6
CONTINUOUS
10
5.2196850393700789
20
-3.6965748031496064
11
5.2196850393700789
21
-3.6749212598425194
0
LINE
8
BLACK
6
CONTINUOUS
10
5.2196850393700789
20
-3.6749212598425194
11
5.2202578740157479
21
-3.6709894488188977
0
LINE
8
BLACK
6
CONTINUOUS
10
5.2202578740157479
20
-3.6709894488188977
11
5.2222501181102361
21
-3.6669142913385824
0
LINE
8
BLACK
6
CONTINUOUS
10
5.2222501181102361
20
-3.6669142913385824
11
5.225457598425197
21
-3.6637068110236219
0
LINE
8
BLACK
6
CONTINUOUS
10
5.225457598425197
20
-3.6637068110236219
11
5.2295327559055114
21
-3.6617145669291338
0
LINE
8
BLACK
6
CONTINUOUS
10
5.2295327559055114
20
-3.6617145669291338
11
5.2334645669291335
21
-3.6611417322834643
0
LINE
8
BLACK
6
CONTINUOUS
10
5.2334645669291335
20
-3.6611417322834643
11
5.2492125984251965
21
-3.6611417322834643
0
LINE
8
BLACK
6
CONTINUOUS
10
5.2492125984251965
20
-3.6611417322834643
11
5.2531444094488187
21
-3.6617145669291338
0
LINE
8
BLACK
6
CONTINUOUS
10
5.3181050393700788
20
-3.6617145669291338
11
5.3221801968503932
21
-3.6637068110236219
0
LINE
8
BLACK
6
CONTINUOUS
10
5.3221801968503932
20
-3.6637068110236219
11
5.3253876771653541
21
-3.6669142913385824
0
LINE
8
BLACK
6
CONTINUOUS
10
5.3253876771653541
20
-3.6669142913385824
11
5.3273799212598423
21
-3.6709894488188977
0
LINE
8
BLACK
6
CONTINUOUS
10
5.3273799212598423
20
-3.6709894488188977
11
5.3279527559055113
21
-3.6749212598425194
0
LINE
8
BLACK
6
CONTINUOUS
10
5.3279527559055113
20
-3.6749212598425194
11
5.3279527559055113
21
-3.6965748031496064
0
LINE
8
BLACK
6
CONTINUOUS
10
5.3279527559055113
20
-3.6965748031496064
11
5.3273799212598423
21
-3.7005066141732281
0
LINE
8
BLACK
6
CONTINUOUS
10
5.3273799212598423
20
-3.7005066141732281
11
5.3253876771653541
21
-3.7045817716535434
0
LINE
8
BLACK
6
CONTINUOUS
10
5.3253876771653541
20
-3.7045817716535434
11
5.3221801968503932
21
-3.7077892519685038
0
LINE
8
BLACK
6
CONTINUOUS
10
5.3221801968503932
20
-3.7077892519685038
11
5.3181050393700788
21
-3.709781496062992
0
LINE
8
BLACK
6
CONTINUOUS
10
5.3181050393700788
20
-3.709781496062992
11
5.3141732283464567
21
-3.7103543307086615
0
LINE
8
BLACK
6
CONTINUOUS
10
5.3141732283464567
20
-3.7103543307086615
11
5.2984251968503937
21
-3.7103543307086615
0
LINE
8
BLACK
6
CONTINUOUS
10
5.2984251968503937
20
-3.7103543307086615
11
5.2944933858267715
21
-3.709781496062992
0
LINE
8
BLACK
6
CONTINUOUS
10
5.2944933858267715
20
-3.709781496062992
11
5.2904182283464563
21
-3.7077892519685038
0
LINE
8
BLACK
6
CONTINUOUS
10
5.2904182283464563
20
-3.7077892519685038
11
5.2872107480314963
21
-3.7045817716535434
0
LINE
8
BLACK
6
CONTINUOUS
10
5.2872107480314963
20
-3.7045817716535434
11
5.2852185039370081
21
-3.7005066141732281
0
LINE
8
BLACK
6
CONTINUOUS
10
5.2852185039370081
20
-3.7005066141732281
11
5.2846456692913382
21
-3.6965748031496064
0
LINE
8
BLACK
6
CONTINUOUS
10
5.2846456692913382
20
-3.6965748031496064
11
5.2846456692913382
21
-3.6749212598425194
0
LINE
8
BLACK
6
CONTINUOUS
10
5.2846456692913382
20
-3.6749212598425194
11
5.2852185039370081
21
-3.6709894488188977
0
LINE
8
BLACK
6
CONTINUOUS
10
5.2852185039370081
20
-3.6709894488188977
11
5.2872107480314963
21
-3.6669142913385824
0
LINE
8
BLACK
6
CONTINUOUS
10
5.2872107480314963
20
-3.6669142913385824
11
5.2904182283464563
21
-3.6637068110236219
0
LINE
8
BLACK
6
CONTINUOUS
10
5.2904182283464563
20
-3.6637068110236219
11
5.2944933858267715
21
-3.6617145669291338
0
LINE
8
BLACK
6
CONTINUOUS
10
5.2944933858267715
20
-3.6617145669291338
11
5.2984251968503937
21
-3.6611417322834643
0
LINE
8
BLACK
6
CONTINUOUS
10
5.2984251968503937
20
-3.6611417322834643
11
5.3141732283464567
21
-3.6611417322834643
0
LINE
8
BLACK
6
CONTINUOUS
10
5.3141732283464567
20
-3.6611417322834643
11
5.3181050393700788
21
-3.6617145669291338
0
LINE
8
BLACK
6
CONTINUOUS
10
5.7258664173228349
20
-3.6475266535433071
11
5.7302564566929135
21
-3.6497635039370078
0
LINE
8
BLACK
6
CONTINUOUS
10
5.7302564566929135
20
-3.6497635039370078
11
5.7337404330708663
21
-3.6532474803149606
0
LINE
8
BLACK
6
CONTINUOUS
10
5.7337404330708663
20
-3.6532474803149606
11
5.7359772834645666
21
-3.6576375196850393
0
LINE
8
BLACK
6
CONTINUOUS
10
5.7359772834645666
20
-3.6576375196850393
11
5.736748031496063
21
-3.662503937007874
0
LINE
8
BLACK
6
CONTINUOUS
10
5.736748031496063
20
-3.662503937007874
11
5.736748031496063
21
-3.6821889763779527
0
LINE
8
BLACK
6
CONTINUOUS
10
5.736748031496063
20
-3.6821889763779527
11
5.7359772834645666
21
-3.6870553937007875
0
LINE
8
BLACK
6
CONTINUOUS
10
5.7359772834645666
20
-3.6870553937007875
11
5.7337404330708663
21
-3.6914454330708661
0
LINE
8
BLACK
6
CONTINUOUS
10
5.7337404330708663
20
-3.6914454330708661
11
5.7302564566929135
21
-3.694929409448819
0
LINE
8
BLACK
6
CONTINUOUS
10
5.7302564566929135
20
-3.694929409448819
11
5.7258664173228349
21
-3.6971662598425197
0
LINE
8
BLACK
6
CONTINUOUS
10
5.7258664173228349
20
-3.6971662598425197
11
5.7210000000000001
21
-3.6979370078740157
0
LINE
8
BLACK
6
CONTINUOUS
10
5.7210000000000001
20
-3.6979370078740157
11
5.6835984251968501
21
-3.6979370078740157
0
LINE
8
BLACK
6
CONTINUOUS
10
5.6835984251968501
20
-3.6979370078740157
11
5.6787320078740153
21
-3.6971662598425197
0
LINE
8
BLACK
6
CONTINUOUS
10
5.6787320078740153
20
-3.6971662598425197
11
5.6743419685039367
21
-3.694929409448819
0
LINE
8
BLACK
6
CONTINUOUS
10
5.6743419685039367
20
-3.694929409448819
11
5.6708579921259838
21
-3.6914454330708661
0
LINE
8
BLACK
6
CONTINUOUS
10
5.6708579921259838
20
-3.6914454330708661
11
5.6686211417322836
21
-3.6870553937007875
0
LINE
8
BLACK
6
CONTINUOUS
10
5.6686211417322836
20
-3.6870553937007875
11
5.6678503937007871
21
-3.6821889763779527
0
LINE
8
BLACK
6
CONTINUOUS
10
5.6678503937007871
20
-3.6821889763779527
11
5.6678503937007871
21
-3.662503937007874
0
LINE
8
BLACK
6
CONTINUOUS
10
5.6678503937007871
20
-3.662503937007874
11
5.6686211417322836
21
-3.6576375196850393
0
LINE
8
BLACK
6
CONTINUOUS
10
5.6686211417322836
20
-3.6576375196850393
11
5.6708579921259838
21
-3.6532474803149606
0
LINE
8
BLACK
6
CONTINUOUS
10
5.6708579921259838
20
-3.6532474803149606
11
5.6743419685039367
21
-3.6497635039370078
0
LINE
8
BLACK
6
CONTINUOUS
10
5.6743419685039367
20
-3.6497635039370078
11
5.6787320078740153
21
-3.6475266535433071
0
LINE
8
BLACK
6
CONTINUOUS
10
5.6787320078740153
20
-3.6475266535433071
11
5.6835984251968501
21
-3.6467559055118111
0
LINE
8
BLACK
6
CONTINUOUS
10
5.6835984251968501
20
-3.6467559055118111
11
5.7210000000000001
21
-3.6467559055118111
0
LINE
8
BLACK
6
CONTINUOUS
10
5.7210000000000001
20
-3.6467559055118111
11
5.7258664173228349
21
-3.6475266535433071
0
LINE
8
BLACK
6
CONTINUOUS
10
6.2498821653543306
20
-3.638566023622047
11
6.2542722047244093
21
-3.6408028740157481
0
LINE
8
BLACK
6
CONTINUOUS
10
6.2542722047244093
20
-3.6408028740157481
11
6.2577561811023621
21
-3.6442868503937005
0
LINE
8
BLACK
6
CONTINUOUS
10
6.2577561811023621
20
-3.6442868503937005
11
6.2599930314960632
21
-3.6486768897637796
0
LINE
8
BLACK
6
CONTINUOUS
10
6.2599930314960632
20
-3.6486768897637796
11
6.2607637795275588
21
-3.6535433070866139
0
LINE
8
BLACK
6
CONTINUOUS
10
6.2607637795275588
20
-3.6535433070866139
11
6.2607637795275588
21
-3.6791338582677167
0
LINE
8
BLACK
6
CONTINUOUS
10
6.2607637795275588
20
-3.6791338582677167
11
6.2599930314960632
21
-3.684000275590551
0
LINE
8
BLACK
6
CONTINUOUS
10
6.2599930314960632
20
-3.684000275590551
11
6.2577561811023621
21
-3.6883903149606296
0
LINE
8
BLACK
6
CONTINUOUS
10
6.2577561811023621
20
-3.6883903149606296
11
6.2542722047244093
21
-3.6918742913385825
0
LINE
8
BLACK
6
CONTINUOUS
10
6.2542722047244093
20
-3.6918742913385825
11
6.2498821653543306
21
-3.6941111417322832
0
LINE
8
BLACK
6
CONTINUOUS
10
6.2498821653543306
20
-3.6941111417322832
11
6.2450157480314958
21
-3.6948818897637796
0
LINE
8
BLACK
6
CONTINUOUS
10
6.2450157480314958
20
-3.6948818897637796
11
6.2095826771653542
21
-3.6948818897637796
0
LINE
8
BLACK
6
CONTINUOUS
10
6.2095826771653542
20
-3.6948818897637796
11
6.2047162598425194
21
-3.6941111417322832
0
LINE
8
BLACK
6
CONTINUOUS
10
6.2047162598425194
20
-3.6941111417322832
11
6.2003262204724408
21
-3.6918742913385825
0
LINE
8
BLACK
6
CONTINUOUS
10
6.2003262204724408
20
-3.6918742913385825
11
6.1968422440944879
21
-3.6883903149606296
0
LINE
8
BLACK
6
CONTINUOUS
10
6.1968422440944879
20
-3.6883903149606296
11
6.1946053937007877
21
-3.684000275590551
0
LINE
8
BLACK
6
CONTINUOUS
10
6.1946053937007877
20
-3.684000275590551
11
6.1938346456692912
21
-3.6791338582677167
0
LINE
8
BLACK
6
CONTINUOUS
10
6.1938346456692912
20
-3.6791338582677167
11
6.1938346456692912
21
-3.6535433070866139
0
LINE
8
BLACK
6
CONTINUOUS
10
6.1938346456692912
20
-3.6535433070866139
11
6.1946053937007877
21
-3.6486768897637796
0
LINE
8
BLACK
6
CONTINUOUS
10
6.1946053937007877
20
-3.6486768897637796
11
6.1968422440944879
21
-3.6442868503937005
0
LINE
8
BLACK
6
CONTINUOUS
10
6.1968422440944879
20
-3.6442868503937005
11
6.2003262204724408
21
-3.6408028740157481
0
LINE
8
BLACK
6
CONTINUOUS
10
6.2003262204724408
20
-3.6408028740157481
11
6.2047162598425194
21
-3.638566023622047
0
LINE
8
BLACK
6
CONTINUOUS
10
6.2047162598425194
20
-3.638566023622047
11
6.2095826771653542
21
-3.6377952755905509
0
LINE
8
BLACK
6
CONTINUOUS
10
6.2095826771653542
20
-3.6377952755905509
11
6.2450157480314958
21
-3.6377952755905509
0
LINE
8
BLACK
6
CONTINUOUS
10
6.2450157480314958
20
-3.6377952755905509
11
6.2498821653543306
21
-3.638566023622047
0
LINE
8
BLACK
6
CONTINUOUS
10
6.3143543700787399
20
-3.6216767716535432
11
6.3187206299212599
21
-3.6238112992125981
0
LINE
8
BLACK
6
CONTINUOUS
10
6.3187206299212599
20
-3.6238112992125981
11
6.3221572047244097
21
-3.6272478740157479
0
LINE
8
BLACK
6
CONTINUOUS
10
6.3221572047244097
20
-3.6272478740157479
11
6.3242917322834646
21
-3.6316141338582675
0
LINE
8
BLACK
6
CONTINUOUS
10
6.3242917322834646
20
-3.6316141338582675
11
6.3249055118110231
21
-3.6358267716535431
0
LINE
8
BLACK
6
CONTINUOUS
10
6.3249055118110231
20
-3.6358267716535431
11
6.3249055118110231
21
-3.6535433070866139
0
LINE
8
BLACK
6
CONTINUOUS
10
6.3249055118110231
20
-3.6535433070866139
11
6.3242917322834646
21
-3.6577559448818895
0
LINE
8
BLACK
6
CONTINUOUS
10
6.3242917322834646
20
-3.6577559448818895
11
6.3221572047244097
21
-3.6621222047244095
0
LINE
8
BLACK
6
CONTINUOUS
10
6.3221572047244097
20
-3.6621222047244095
11
6.3187206299212599
21
-3.6655587795275588
0
LINE
8
BLACK
6
CONTINUOUS
10
6.3187206299212599
20
-3.6655587795275588
11
6.3143543700787399
21
-3.6676933070866142
0
LINE
8
BLACK
6
CONTINUOUS
10
6.3143543700787399
20
-3.6676933070866142
11
6.3101417322834648
21
-3.6683070866141732
0
LINE
8
BLACK
6
CONTINUOUS
10
6.3101417322834648
20
-3.6683070866141732
11
6.290456692913386
21
-3.6683070866141732
0
LINE
8
BLACK
6
CONTINUOUS
10
6.290456692913386
20
-3.6683070866141732
11
6.28624405511811
21
-3.6676933070866142
0
LINE
8
BLACK
6
CONTINUOUS
10
6.28624405511811
20
-3.6676933070866142
11
6.28187779527559
21
-3.6655587795275588
0
LINE
8
BLACK
6
CONTINUOUS
10
6.28187779527559
20
-3.6655587795275588
11
6.2784412204724411
21
-3.6621222047244095
0
LINE
8
BLACK
6
CONTINUOUS
10
6.2784412204724411
20
-3.6621222047244095
11
6.2763066929133853
21
-3.6577559448818895
0
LINE
8
BLACK
6
CONTINUOUS
10
6.2763066929133853
20
-3.6577559448818895
11
6.2756929133858268
21
-3.6535433070866139
0
LINE
8
BLACK
6
CONTINUOUS
10
6.2756929133858268
20
-3.6535433070866139
11
6.2756929133858268
21
-3.6358267716535431
0
LINE
8
BLACK
6
CONTINUOUS
10
6.2756929133858268
20
-3.6358267716535431
11
6.2763066929133853
21
-3.6316141338582675
0
LINE
8
BLACK
6
CONTINUOUS
10
6.2763066929133853
20
-3.6316141338582675
11
6.2784412204724411
21
-3.6272478740157479
0
LINE
8
BLACK
6
CONTINUOUS
10
6.2784412204724411
20
-3.6272478740157479
11
6.28187779527559
21
-3.6238112992125981
0
LINE
8
BLACK
6
CONTINUOUS
10
6.28187779527559
20
-3.6238112992125981
11
6.28624405511811
21
-3.6216767716535432
0
LINE
8
BLACK
6
CONTINUOUS
10
6.28624405511811
20
-3.6216767716535432
11
6.290456692913386
21
-3.6210629921259843
0
LINE
8
BLACK
6
CONTINUOUS
10
6.290456692913386
20
-3.6210629921259843
11
6.3101417322834648
21
-3.6210629921259843
0
LINE
8
BLACK
6
CONTINUOUS
10
6.3101417322834648
20
-3.6210629921259843
11
6.3143543700787399
21
-3.6216767716535432
0
LINE
8
BLACK
6
CONTINUOUS
10
5.0613231102362199
20
-3.6147864960629921
11
5.0657131496062995
21
-3.6170233464566928
0
LINE
8
BLACK
6
CONTINUOUS
10
5.0657131496062995
20
-3.6170233464566928
11
5.0691971259842514
21
-3.6205073228346456
0
LINE
8
BLACK
6
CONTINUOUS
10
5.0691971259842514
20
-3.6205073228346456
11
5.0714339763779526
21
-3.6248973622047242
0
LINE
8
BLACK
6
CONTINUOUS
10
5.0714339763779526
20
-3.6248973622047242
11
5.072204724409449
21
-3.629763779527559
0
LINE
8
BLACK
6
CONTINUOUS
10
5.072204724409449
20
-3.629763779527559
11
5.072204724409449
21
-3.6494488188976377
0
LINE
8
BLACK
6
CONTINUOUS
10
5.072204724409449
20
-3.6494488188976377
11
5.0714339763779526
21
-3.6543152362204725
0
LINE
8
BLACK
6
CONTINUOUS
10
5.0714339763779526
20
-3.6543152362204725
11
5.0691971259842514
21
-3.6587052755905511
0
LINE
8
BLACK
6
CONTINUOUS
10
5.0691971259842514
20
-3.6587052755905511
11
5.0657131496062995
21
-3.662189251968504
0
LINE
8
BLACK
6
CONTINUOUS
10
5.0657131496062995
20
-3.662189251968504
11
5.0613231102362199
21
-3.6644261023622047
0
LINE
8
BLACK
6
CONTINUOUS
10
5.0613231102362199
20
-3.6644261023622047
11
5.0564566929133861
21
-3.6651968503937007
0
LINE
8
BLACK
6
CONTINUOUS
10
5.0564566929133861
20
-3.6651968503937007
11
4.9698425196850389
21
-3.6651968503937007
0
LINE
8
BLACK
6
CONTINUOUS
10
4.9698425196850389
20
-3.6651968503937007
11
4.964976102362205
21
-3.6644261023622047
0
LINE
8
BLACK
6
CONTINUOUS
10
4.964976102362205
20
-3.6644261023622047
11
4.9605860629921255
21
-3.662189251968504
0
LINE
8
BLACK
6
CONTINUOUS
10
4.9605860629921255
20
-3.662189251968504
11
4.9571020866141735
21
-3.6587052755905511
0
LINE
8
BLACK
6
CONTINUOUS
10
4.9571020866141735
20
-3.6587052755905511
11
4.9548652362204724
21
-3.6543152362204725
0
LINE
8
BLACK
6
CONTINUOUS
10
4.9548652362204724
20
-3.6543152362204725
11
4.9540944881889759
21
-3.6494488188976377
0
LINE
8
BLACK
6
CONTINUOUS
10
4.9540944881889759
20
-3.6494488188976377
11
4.9540944881889759
21
-3.629763779527559
0
LINE
8
BLACK
6
CONTINUOUS
10
4.9540944881889759
20
-3.629763779527559
11
4.9548652362204724
21
-3.6248973622047242
0
LINE
8
BLACK
6
CONTINUOUS
10
4.9548652362204724
20
-3.6248973622047242
11
4.9571020866141735
21
-3.6205073228346456
0
LINE
8
BLACK
6
CONTINUOUS
10
4.9571020866141735
20
-3.6205073228346456
11
4.9605860629921255
21
-3.6170233464566928
0
LINE
8
BLACK
6
CONTINUOUS
10
4.9605860629921255
20
-3.6170233464566928
11
4.964976102362205
21
-3.6147864960629921
0
LINE
8
BLACK
6
CONTINUOUS
10
4.964976102362205
20
-3.6147864960629921
11
4.9698425196850389
21
-3.6140157480314961
0
LINE
8
BLACK
6
CONTINUOUS
10
4.9698425196850389
20
-3.6140157480314961
11
5.0564566929133861
21
-3.6140157480314961
0
LINE
8
BLACK
6
CONTINUOUS
10
5.0564566929133861
20
-3.6140157480314961
11
5.0613231102362199
21
-3.6147864960629921
0
LINE
8
BLACK
6
CONTINUOUS
10
6.45035437007874
20
-3.6177397637795274
11
6.4547206299212601
21
-3.6198742913385824
0
LINE
8
BLACK
6
CONTINUOUS
10
6.4547206299212601
20
-3.6198742913385824
11
6.4581572047244089
21
-3.6233108661417321
0
LINE
8
BLACK
6
CONTINUOUS
10
6.4581572047244089
20
-3.6233108661417321
11
6.4602917322834648
21
-3.6276771259842517
0
LINE
8
BLACK
6
CONTINUOUS
10
6.4602917322834648
20
-3.6276771259842517
11
6.4609055118110232
21
-3.6318897637795273
0
LINE
8
BLACK
6
CONTINUOUS
10
6.4609055118110232
20
-3.6318897637795273
11
6.4609055118110232
21
-3.6496062992125982
0
LINE
8
BLACK
6
CONTINUOUS
10
6.4609055118110232
20
-3.6496062992125982
11
6.4602917322834648
21
-3.6538189370078737
0
LINE
8
BLACK
6
CONTINUOUS
10
6.4602917322834648
20
-3.6538189370078737
11
6.4581572047244089
21
-3.6581851968503938
0
LINE
8
BLACK
6
CONTINUOUS
10
6.4581572047244089
20
-3.6581851968503938
11
6.4547206299212601
21
-3.6616217716535431
0
LINE
8
BLACK
6
CONTINUOUS
10
6.4547206299212601
20
-3.6616217716535431
11
6.45035437007874
21
-3.6637562992125985
0
LINE
8
BLACK
6
CONTINUOUS
10
6.45035437007874
20
-3.6637562992125985
11
6.446141732283464
21
-3.6643700787401574
0
LINE
8
BLACK
6
CONTINUOUS
10
6.446141732283464
20
-3.6643700787401574
11
6.4264566929133853
21
-3.6643700787401574
0
LINE
8
BLACK
6
CONTINUOUS
10
6.4264566929133853
20
-3.6643700787401574
11
6.4222440551181101
21
-3.6637562992125985
0
LINE
8
BLACK
6
CONTINUOUS
10
6.4222440551181101
20
-3.6637562992125985
11
6.4178777952755901
21
-3.6616217716535431
0
LINE
8
BLACK
6
CONTINUOUS
10
6.4178777952755901
20
-3.6616217716535431
11
6.4144412204724404
21
-3.6581851968503938
0
LINE
8
BLACK
6
CONTINUOUS
10
6.4144412204724404
20
-3.6581851968503938
11
6.4123066929133854
21
-3.6538189370078737
0
LINE
8
BLACK
6
CONTINUOUS
10
6.4123066929133854
20
-3.6538189370078737
11
6.4116929133858269
21
-3.6496062992125982
0
LINE
8
BLACK
6
CONTINUOUS
10
6.4116929133858269
20
-3.6496062992125982
11
6.4116929133858269
21
-3.6318897637795273
0
LINE
8
BLACK
6
CONTINUOUS
10
6.4116929133858269
20
-3.6318897637795273
11
6.4123066929133854
21
-3.6276771259842517
0
LINE
8
BLACK
6
CONTINUOUS
10
6.4123066929133854
20
-3.6276771259842517
11
6.4144412204724404
21
-3.6233108661417321
0
LINE
8
BLACK
6
CONTINUOUS
10
6.4144412204724404
20
-3.6233108661417321
11
6.4178777952755901
21
-3.6198742913385824
0
LINE
8
BLACK
6
CONTINUOUS
10
6.4178777952755901
20
-3.6198742913385824
11
6.4222440551181101
21
-3.6177397637795274
0
LINE
8
BLACK
6
CONTINUOUS
10
6.4222440551181101
20
-3.6177397637795274
11
6.4264566929133853
21
-3.6171259842519685
0
LINE
8
BLACK
6
CONTINUOUS
10
6.4264566929133853
20
-3.6171259842519685
11
6.446141732283464
21
-3.6171259842519685
0
LINE
8
BLACK
6
CONTINUOUS
10
6.446141732283464
20
-3.6171259842519685
11
6.45035437007874
21
-3.6177397637795274
0
LINE
8
BLACK
6
CONTINUOUS
10
6.1460577952755902
20
-3.6197066929133856
11
6.1501329527559054
21
-3.6216989370078738
0
LINE
8
BLACK
6
CONTINUOUS
10
6.1501329527559054
20
-3.6216989370078738
11
6.1533404330708663
21
-3.6249064173228347
0
LINE
8
BLACK
6
CONTINUOUS
10
6.1533404330708663
20
-3.6249064173228347
11
6.1553326771653545
21
-3.6289815748031495
0
LINE
8
BLACK
6
CONTINUOUS
10
6.1553326771653545
20
-3.6289815748031495
11
6.1559055118110235
21
-3.6329133858267717
0
LINE
8
BLACK
6
CONTINUOUS
10
6.1559055118110235
20
-3.6329133858267717
11
6.1559055118110235
21
-3.6486614173228347
0
LINE
8
BLACK
6
CONTINUOUS
10
6.1559055118110235
20
-3.6486614173228347
11
6.1553326771653545
21
-3.6525932283464564
0
LINE
8
BLACK
6
CONTINUOUS
10
6.1553326771653545
20
-3.6525932283464564
11
6.1533404330708663
21
-3.6566683858267717
0
LINE
8
BLACK
6
CONTINUOUS
10
6.1533404330708663
20
-3.6566683858267717
11
6.1501329527559054
21
-3.6598758661417321
0
LINE
8
BLACK
6
CONTINUOUS
10
6.1501329527559054
20
-3.6598758661417321
11
6.1460577952755902
21
-3.6618681102362203
0
LINE
8
BLACK
6
CONTINUOUS
10
6.1460577952755902
20
-3.6618681102362203
11
6.142125984251968
21
-3.6624409448818898
0
LINE
8
BLACK
6
CONTINUOUS
10
6.142125984251968
20
-3.6624409448818898
11
6.1204724409448819
21
-3.6624409448818898
0
LINE
8
BLACK
6
CONTINUOUS
10
6.1204724409448819
20
-3.6624409448818898
11
6.1165406299212597
21
-3.6618681102362203
0
LINE
8
BLACK
6
CONTINUOUS
10
6.1165406299212597
20
-3.6618681102362203
11
6.1124654724409444
21
-3.6598758661417321
0
LINE
8
BLACK
6
CONTINUOUS
10
6.1124654724409444
20
-3.6598758661417321
11
6.1092579921259844
21
-3.6566683858267717
0
LINE
8
BLACK
6
CONTINUOUS
10
6.1092579921259844
20
-3.6566683858267717
11
6.1072657480314962
21
-3.6525932283464564
0
LINE
8
BLACK
6
CONTINUOUS
10
6.1072657480314962
20
-3.6525932283464564
11
6.1066929133858263
21
-3.6486614173228347
0
LINE
8
BLACK
6
CONTINUOUS
10
6.1066929133858263
20
-3.6486614173228347
11
6.1066929133858263
21
-3.6329133858267717
0
LINE
8
BLACK
6
CONTINUOUS
10
6.1066929133858263
20
-3.6329133858267717
11
6.1072657480314962
21
-3.6289815748031495
0
LINE
8
BLACK
6
CONTINUOUS
10
6.1072657480314962
20
-3.6289815748031495
11
6.1092579921259844
21
-3.6249064173228347
0
LINE
8
BLACK
6
CONTINUOUS
10
6.1092579921259844
20
-3.6249064173228347
11
6.1124654724409444
21
-3.6216989370078738
0
LINE
8
BLACK
6
CONTINUOUS
10
6.1124654724409444
20
-3.6216989370078738
11
6.1165406299212597
21
-3.6197066929133856
0
LINE
8
BLACK
6
CONTINUOUS
10
6.1165406299212597
20
-3.6197066929133856
11
6.1204724409448819
21
-3.6191338582677166
0
LINE
8
BLACK
6
CONTINUOUS
10
6.1204724409448819
20
-3.6191338582677166
11
6.142125984251968
21
-3.6191338582677166
0
LINE
8
BLACK
6
CONTINUOUS
10
6.142125984251968
20
-3.6191338582677166
11
6.1460577952755902
21
-3.6197066929133856
0
LINE
8
BLACK
6
CONTINUOUS
10
5.4510788582677163
20
-3.5299770866141733
11
5.4529947244094483
21
-3.5312572440944883
0
LINE
8
BLACK
6
CONTINUOUS
10
5.4529947244094483
20
-3.5312572440944883
11
5.4542748818897637
21
-3.5331731102362203
0
LINE
8
BLACK
6
CONTINUOUS
10
5.4542748818897637
20
-3.5331731102362203
11
5.4547244094488185
21
-3.5354330708661417
0
LINE
8
BLACK
6
CONTINUOUS
10
5.4547244094488185
20
-3.5354330708661417
11
5.4547244094488185
21
-3.6535433070866139
0
LINE
8
BLACK
6
CONTINUOUS
10
5.4547244094488185
20
-3.6535433070866139
11
5.4542748818897637
21
-3.6558032677165353
0
LINE
8
BLACK
6
CONTINUOUS
10
5.4542748818897637
20
-3.6558032677165353
11
5.4529947244094483
21
-3.6577191338582677
0
LINE
8
BLACK
6
CONTINUOUS
10
5.4529947244094483
20
-3.6577191338582677
11
5.4510788582677163
21
-3.6589992913385827
0
LINE
8
BLACK
6
CONTINUOUS
10
5.4510788582677163
20
-3.6589992913385827
11
5.4488188976377954
21
-3.6594488188976375
0
LINE
8
BLACK
6
CONTINUOUS
10
5.4488188976377954
20
-3.6594488188976375
11
5.4212598425196852
21
-3.6594488188976375
0
LINE
8
BLACK
6
CONTINUOUS
10
5.4212598425196852
20
-3.6594488188976375
11
5.4189998818897633
21
-3.6589992913385827
0
LINE
8
BLACK
6
CONTINUOUS
10
5.4189998818897633
20
-3.6589992913385827
11
5.4170840157480313
21
-3.6577191338582677
0
LINE
8
BLACK
6
CONTINUOUS
10
5.4170840157480313
20
-3.6577191338582677
11
5.4158038582677168
21
-3.6558032677165353
0
LINE
8
BLACK
6
CONTINUOUS
10
5.4158038582677168
20
-3.6558032677165353
11
5.4153543307086611
21
-3.6535433070866139
0
LINE
8
BLACK
6
CONTINUOUS
10
5.4153543307086611
20
-3.6535433070866139
11
5.4153543307086611
21
-3.5354330708661417
0
LINE
8
BLACK
6
CONTINUOUS
10
5.4153543307086611
20
-3.5354330708661417
11
5.4158038582677168
21
-3.5331731102362203
0
LINE
8
BLACK
6
CONTINUOUS
10
5.4158038582677168
20
-3.5331731102362203
11
5.4170840157480313
21
-3.5312572440944883
0
LINE
8
BLACK
6
CONTINUOUS
10
5.4170840157480313
20
-3.5312572440944883
11
5.4189998818897633
21
-3.5299770866141733
0
LINE
8
BLACK
6
CONTINUOUS
10
5.4189998818897633
20
-3.5299770866141733
11
5.4212598425196852
21
-3.5295275590551181
0
LINE
8
BLACK
6
CONTINUOUS
10
5.4212598425196852
20
-3.5295275590551181
11
5.4488188976377954
21
-3.5295275590551181
0
LINE
8
BLACK
6
CONTINUOUS
10
5.4488188976377954
20
-3.5295275590551181
11
5.4510788582677163
21
-3.5299770866141733
0
LINE
8
BLACK
6
CONTINUOUS
10
5.9379372834645672
20
-3.5913219291338581
11
5.9423273228346458
21
-3.5935587795275588
0
LINE
8
BLACK
6
CONTINUOUS
10
5.9423273228346458
20
-3.5935587795275588
11
5.9458112992125987
21
-3.5970427559055116
0
LINE
8
BLACK
6
CONTINUOUS
10
5.9458112992125987
20
-3.5970427559055116
11
5.9480481496062989
21
-3.6014327952755907
0
LINE
8
BLACK
6
CONTINUOUS
10
5.9480481496062989
20
-3.6014327952755907
11
5.9488188976377954
21
-3.606299212598425
0
LINE
8
BLACK
6
CONTINUOUS
10
5.9488188976377954
20
-3.606299212598425
11
5.9488188976377954
21
-3.6318897637795273
0
LINE
8
BLACK
6
CONTINUOUS
10
5.9488188976377954
20
-3.6318897637795273
11
5.9480481496062989
21
-3.6367561811023621
0
LINE
8
BLACK
6
CONTINUOUS
10
5.9480481496062989
20
-3.6367561811023621
11
5.9458112992125987
21
-3.6411462204724407
0
LINE
8
BLACK
6
CONTINUOUS
10
5.9458112992125987
20
-3.6411462204724407
11
5.9423273228346458
21
-3.6446301968503936
0
LINE
8
BLACK
6
CONTINUOUS
10
5.9423273228346458
20
-3.6446301968503936
11
5.9379372834645672
21
-3.6468670472440943
0
LINE
8
BLACK
6
CONTINUOUS
10
5.9379372834645672
20
-3.6468670472440943
11
5.9330708661417324
21
-3.6476377952755903
0
LINE
8
BLACK
6
CONTINUOUS
10
5.9330708661417324
20
-3.6476377952755903
11
5.8976377952755907
21
-3.6476377952755903
0
LINE
8
BLACK
6
CONTINUOUS
10
5.8976377952755907
20
-3.6476377952755903
11
5.892771377952756
21
-3.6468670472440943
0
LINE
8
BLACK
6
CONTINUOUS
10
5.892771377952756
20
-3.6468670472440943
11
5.8883813385826773
21
-3.6446301968503936
0
LINE
8
BLACK
6
CONTINUOUS
10
5.8883813385826773
20
-3.6446301968503936
11
5.8848973622047245
21
-3.6411462204724407
0
LINE
8
BLACK
6
CONTINUOUS
10
5.8848973622047245
20
-3.6411462204724407
11
5.8826605118110233
21
-3.6367561811023621
0
LINE
8
BLACK
6
CONTINUOUS
10
5.8826605118110233
20
-3.6367561811023621
11
5.8818897637795278
21
-3.6318897637795273
0
LINE
8
BLACK
6
CONTINUOUS
10
5.8818897637795278
20
-3.6318897637795273
11
5.8818897637795278
21
-3.606299212598425
0
LINE
8
BLACK
6
CONTINUOUS
10
5.8818897637795278
20
-3.606299212598425
11
5.8826605118110233
21
-3.6014327952755907
0
LINE
8
BLACK
6
CONTINUOUS
10
5.8826605118110233
20
-3.6014327952755907
11
5.8848973622047245
21
-3.5970427559055116
0
LINE
8
BLACK
6
CONTINUOUS
10
5.8848973622047245
20
-3.5970427559055116
11
5.8883813385826773
21
-3.5935587795275588
0
LINE
8
BLACK
6
CONTINUOUS
10
5.8883813385826773
20
-3.5935587795275588
11
5.892771377952756
21
-3.5913219291338581
0
LINE
8
BLACK
6
CONTINUOUS
10
5.892771377952756
20
-3.5913219291338581
11
5.8976377952755907
21
-3.590551181102362
0
LINE
8
BLACK
6
CONTINUOUS
10
5.8976377952755907
20
-3.590551181102362
11
5.9330708661417324
21
-3.590551181102362
0
LINE
8
BLACK
6
CONTINUOUS
10
5.9330708661417324
20
-3.590551181102362
11
5.9379372834645672
21
-3.5913219291338581
0
LINE
8
BLACK
6
CONTINUOUS
10
5.7834097244094487
20
-3.5814794094488187
11
5.7877997637795273
21
-3.5837162598425194
0
LINE
8
BLACK
6
CONTINUOUS
10
5.7877997637795273
20
-3.5837162598425194
11
5.7912837401574802
21
-3.5872002362204722
0
LINE
8
BLACK
6
CONTINUOUS
10
5.7912837401574802
20
-3.5872002362204722
11
5.7935205905511813
21
-3.5915902755905509
0
LINE
8
BLACK
6
CONTINUOUS
10
5.7935205905511813
20
-3.5915902755905509
11
5.7942913385826769
21
-3.5964566929133857
0
LINE
8
BLACK
6
CONTINUOUS
10
5.7942913385826769
20
-3.5964566929133857
11
5.7942913385826769
21
-3.6161417322834644
0
LINE
8
BLACK
6
CONTINUOUS
10
5.7942913385826769
20
-3.6161417322834644
11
5.7935205905511813
21
-3.6210081496062991
0
LINE
8
BLACK
6
CONTINUOUS
10
5.7935205905511813
20
-3.6210081496062991
11
5.7912837401574802
21
-3.6253981889763778
0
LINE
8
BLACK
6
CONTINUOUS
10
5.7912837401574802
20
-3.6253981889763778
11
5.7877997637795273
21
-3.6288821653543306
0
LINE
8
BLACK
6
CONTINUOUS
10
5.7877997637795273
20
-3.6288821653543306
11
5.7834097244094487
21
-3.6311190157480313
0
LINE
8
BLACK
6
CONTINUOUS
10
5.7834097244094487
20
-3.6311190157480313
11
5.7785433070866139
21
-3.6318897637795273
0
LINE
8
BLACK
6
CONTINUOUS
10
5.7785433070866139
20
-3.6318897637795273
11
5.7411417322834648
21
-3.6318897637795273
0
LINE
8
BLACK
6
CONTINUOUS
10
5.7411417322834648
20
-3.6318897637795273
11
5.73627531496063
21
-3.6311190157480313
0
LINE
8
BLACK
6
CONTINUOUS
10
5.73627531496063
20
-3.6311190157480313
11
5.7318852755905514
21
-3.6288821653543306
0
LINE
8
BLACK
6
CONTINUOUS
10
5.7318852755905514
20
-3.6288821653543306
11
5.7284012992125986
21
-3.6253981889763778
0
LINE
8
BLACK
6
CONTINUOUS
10
5.7284012992125986
20
-3.6253981889763778
11
5.7261644488188974
21
-3.6210081496062991
0
LINE
8
BLACK
6
CONTINUOUS
10
5.7261644488188974
20
-3.6210081496062991
11
5.7253937007874018
21
-3.6161417322834644
0
LINE
8
BLACK
6
CONTINUOUS
10
5.7253937007874018
20
-3.6161417322834644
11
5.7253937007874018
21
-3.5964566929133857
0
LINE
8
BLACK
6
CONTINUOUS
10
5.7253937007874018
20
-3.5964566929133857
11
5.7261644488188974
21
-3.5915902755905509
0
LINE
8
BLACK
6
CONTINUOUS
10
5.7261644488188974
20
-3.5915902755905509
11
5.7284012992125986
21
-3.5872002362204722
0
LINE
8
BLACK
6
CONTINUOUS
10
5.7284012992125986
20
-3.5872002362204722
11
5.7318852755905514
21
-3.5837162598425194
0
LINE
8
BLACK
6
CONTINUOUS
10
5.7318852755905514
20
-3.5837162598425194
11
5.73627531496063
21
-3.5814794094488187
0
LINE
8
BLACK
6
CONTINUOUS
10
5.73627531496063
20
-3.5814794094488187
11
5.7411417322834648
21
-3.5807086614173227
0
LINE
8
BLACK
6
CONTINUOUS
10
5.7411417322834648
20
-3.5807086614173227
11
5.7785433070866139
21
-3.5807086614173227
0
LINE
8
BLACK
6
CONTINUOUS
10
5.7785433070866139
20
-3.5807086614173227
11
5.7834097244094487
21
-3.5814794094488187
0
LINE
8
BLACK
6
CONTINUOUS
10
5.4097402755905515
20
-3.5595046456692914
11
5.4116561417322835
21
-3.5607848031496063
0
LINE
8
BLACK
6
CONTINUOUS
10
5.4116561417322835
20
-3.5607848031496063
11
5.412936299212598
21
-3.5627006692913383
0
LINE
8
BLACK
6
CONTINUOUS
10
5.412936299212598
20
-3.5627006692913383
11
5.4133858267716537
21
-3.5649606299212597
0
LINE
8
BLACK
6
CONTINUOUS
10
5.4133858267716537
20
-3.5649606299212597
11
5.4133858267716537
21
-3.6240157480314958
0
LINE
8
BLACK
6
CONTINUOUS
10
5.4133858267716537
20
-3.6240157480314958
11
5.412936299212598
21
-3.6262757086614172
0
LINE
8
BLACK
6
CONTINUOUS
10
5.412936299212598
20
-3.6262757086614172
11
5.4116561417322835
21
-3.6281915748031497
0
LINE
8
BLACK
6
CONTINUOUS
10
5.4116561417322835
20
-3.6281915748031497
11
5.4097402755905515
21
-3.6294717322834646
0
LINE
8
BLACK
6
CONTINUOUS
10
5.4097402755905515
20
-3.6294717322834646
11
5.4074803149606296
21
-3.6299212598425195
0
LINE
8
BLACK
6
CONTINUOUS
10
5.4074803149606296
20
-3.6299212598425195
11
5.356299212598425
21
-3.6299212598425195
0
LINE
8
BLACK
6
CONTINUOUS
10
5.356299212598425
20
-3.6299212598425195
11
5.3540392519685041
21
-3.6294717322834646
0
LINE
8
BLACK
6
CONTINUOUS
10
5.3540392519685041
20
-3.6294717322834646
11
5.3521233858267712
21
-3.6281915748031497
0
LINE
8
BLACK
6
CONTINUOUS
10
5.3521233858267712
20
-3.6281915748031497
11
5.3508432283464566
21
-3.6262757086614172
0
LINE
8
BLACK
6
CONTINUOUS
10
5.3508432283464566
20
-3.6262757086614172
11
5.3503937007874018
21
-3.6240157480314958
0
LINE
8
BLACK
6
CONTINUOUS
10
5.3503937007874018
20
-3.6240157480314958
11
5.3503937007874018
21
-3.5649606299212597
0
LINE
8
BLACK
6
CONTINUOUS
10
5.3503937007874018
20
-3.5649606299212597
11
5.3508432283464566
21
-3.5627006692913383
0
LINE
8
BLACK
6
CONTINUOUS
10
5.3508432283464566
20
-3.5627006692913383
11
5.3521233858267712
21
-3.5607848031496063
0
LINE
8
BLACK
6
CONTINUOUS
10
5.3521233858267712
20
-3.5607848031496063
11
5.3540392519685041
21
-3.5595046456692914
0
LINE
8
BLACK
6
CONTINUOUS
10
5.3540392519685041
20
-3.5595046456692914
11
5.356299212598425
21
-3.5590551181102361
0
LINE
8
BLACK
6
CONTINUOUS
10
5.356299212598425
20
-3.5590551181102361
11
5.4074803149606296
21
-3.5590551181102361
0
LINE
8
BLACK
6
CONTINUOUS
10
5.4074803149606296
20
-3.5590551181102361
11
5.4097402755905515
21
-3.5595046456692914
0
LINE
8
BLACK
6
CONTINUOUS
10
5.5160394881889765
20
-3.5595046456692914
11
5.5179553543307085
21
-3.5607848031496063
0
LINE
8
BLACK
6
CONTINUOUS
10
5.5179553543307085
20
-3.5607848031496063
11
5.5192355118110239
21
-3.5627006692913383
0
LINE
8
BLACK
6
CONTINUOUS
10
5.5192355118110239
20
-3.5627006692913383
11
5.5196850393700787
21
-3.5649606299212597
0
LINE
8
BLACK
6
CONTINUOUS
10
5.5196850393700787
20
-3.5649606299212597
11
5.5196850393700787
21
-3.6240157480314958
0
LINE
8
BLACK
6
CONTINUOUS
10
5.5196850393700787
20
-3.6240157480314958
11
5.5192355118110239
21
-3.6262757086614172
0
LINE
8
BLACK
6
CONTINUOUS
10
5.5192355118110239
20
-3.6262757086614172
11
5.5179553543307085
21
-3.6281915748031497
0
LINE
8
BLACK
6
CONTINUOUS
10
5.5179553543307085
20
-3.6281915748031497
11
5.5160394881889765
21
-3.6294717322834646
0
LINE
8
BLACK
6
CONTINUOUS
10
5.5160394881889765
20
-3.6294717322834646
11
5.5137795275590546
21
-3.6299212598425195
0
LINE
8
BLACK
6
CONTINUOUS
10
5.5137795275590546
20
-3.6299212598425195
11
5.46259842519685
21
-3.6299212598425195
0
LINE
8
BLACK
6
CONTINUOUS
10
5.46259842519685
20
-3.6299212598425195
11
5.4603384645669291
21
-3.6294717322834646
0
LINE
8
BLACK
6
CONTINUOUS
10
5.4603384645669291
20
-3.6294717322834646
11
5.4584225984251971
21
-3.6281915748031497
0
LINE
8
BLACK
6
CONTINUOUS
10
5.4584225984251971
20
-3.6281915748031497
11
5.4571424409448817
21
-3.6262757086614172
0
LINE
8
BLACK
6
CONTINUOUS
10
5.4571424409448817
20
-3.6262757086614172
11
5.4566929133858268
21
-3.6240157480314958
0
LINE
8
BLACK
6
CONTINUOUS
10
5.4566929133858268
20
-3.6240157480314958
11
5.4566929133858268
21
-3.5649606299212597
0
LINE
8
BLACK
6
CONTINUOUS
10
5.4566929133858268
20
-3.5649606299212597
11
5.4571424409448817
21
-3.5627006692913383
0
LINE
8
BLACK
6
CONTINUOUS
10
5.4571424409448817
20
-3.5627006692913383
11
5.4584225984251971
21
-3.5607848031496063
0
LINE
8
BLACK
6
CONTINUOUS
10
5.4584225984251971
20
-3.5607848031496063
11
5.4603384645669291
21
-3.5595046456692914
0
LINE
8
BLACK
6
CONTINUOUS
10
5.4603384645669291
20
-3.5595046456692914
11
5.46259842519685
21
-3.5590551181102361
0
LINE
8
BLACK
6
CONTINUOUS
10
5.46259842519685
20
-3.5590551181102361
11
5.5137795275590546
21
-3.5590551181102361
0
LINE
8
BLACK
6
CONTINUOUS
10
5.5137795275590546
20
-3.5590551181102361
11
5.5160394881889765
21
-3.5595046456692914
0
LINE
8
BLACK
6
CONTINUOUS
10
5.5770472834645668
20
-3.5832909448818895
11
5.5814135433070868
21
-3.5854254724409449
0
LINE
8
BLACK
6
CONTINUOUS
10
5.5814135433070868
20
-3.5854254724409449
11
5.5848501181102357
21
-3.5888620472440942
0
LINE
8
BLACK
6
CONTINUOUS
10
5.5848501181102357
20
-3.5888620472440942
11
5.5869846456692915
21
-3.5932283070866142
0
LINE
8
BLACK
6
CONTINUOUS
10
5.5869846456692915
20
-3.5932283070866142
11
5.58759842519685
21
-3.5974409448818898
0
LINE
8
BLACK
6
CONTINUOUS
10
5.58759842519685
20
-3.5974409448818898
11
5.58759842519685
21
-3.6151574803149606
0
LINE
8
BLACK
6
CONTINUOUS
10
5.58759842519685
20
-3.6151574803149606
11
5.5869846456692915
21
-3.6193701181102362
0
LINE
8
BLACK
6
CONTINUOUS
10
5.5869846456692915
20
-3.6193701181102362
11
5.5848501181102357
21
-3.6237363779527558
0
LINE
8
BLACK
6
CONTINUOUS
10
5.5848501181102357
20
-3.6237363779527558
11
5.5814135433070868
21
-3.6271729527559056
0
LINE
8
BLACK
6
CONTINUOUS
10
5.5814135433070868
20
-3.6271729527559056
11
5.5770472834645668
21
-3.6293074803149605
0
LINE
8
BLACK
6
CONTINUOUS
10
5.5770472834645668
20
-3.6293074803149605
11
5.5728346456692917
21
-3.6299212598425195
0
LINE
8
BLACK
6
CONTINUOUS
10
5.5728346456692917
20
-3.6299212598425195
11
5.5531496062992121
21
-3.6299212598425195
0
LINE
8
BLACK
6
CONTINUOUS
10
5.5531496062992121
20
-3.6299212598425195
11
5.5489369685039369
21
-3.6293074803149605
0
LINE
8
BLACK
6
CONTINUOUS
10
5.5489369685039369
20
-3.6293074803149605
11
5.5445707086614169
21
-3.6271729527559056
0
LINE
8
BLACK
6
CONTINUOUS
10
5.5445707086614169
20
-3.6271729527559056
11
5.541134133858268
21
-3.6237363779527558
0
LINE
8
BLACK
6
CONTINUOUS
10
5.541134133858268
20
-3.6237363779527558
11
5.5389996062992122
21
-3.6193701181102362
0
LINE
8
BLACK
6
CONTINUOUS
10
5.5389996062992122
20
-3.6193701181102362
11
5.5383858267716537
21
-3.6151574803149606
0
LINE
8
BLACK
6
CONTINUOUS
10
5.5383858267716537
20
-3.6151574803149606
11
5.5383858267716537
21
-3.5974409448818898
0
LINE
8
BLACK
6
CONTINUOUS
10
5.5383858267716537
20
-3.5974409448818898
11
5.5389996062992122
21
-3.5932283070866142
0
LINE
8
BLACK
6
CONTINUOUS
10
5.5389996062992122
20
-3.5932283070866142
11
5.541134133858268
21
-3.5888620472440942
0
LINE
8
BLACK
6
CONTINUOUS
10
5.541134133858268
20
-3.5888620472440942
11
5.5445707086614169
21
-3.5854254724409449
0
LINE
8
BLACK
6
CONTINUOUS
10
5.5445707086614169
20
-3.5854254724409449
11
5.5489369685039369
21
-3.5832909448818895
0
LINE
8
BLACK
6
CONTINUOUS
10
5.5489369685039369
20
-3.5832909448818895
11
5.5531496062992121
21
-3.5826771653543306
0
LINE
8
BLACK
6
CONTINUOUS
10
5.5531496062992121
20
-3.5826771653543306
11
5.5728346456692917
21
-3.5826771653543306
0
LINE
8
BLACK
6
CONTINUOUS
10
5.5728346456692917
20
-3.5826771653543306
11
5.5770472834645668
21
-3.5832909448818895
0
LINE
8
BLACK
6
CONTINUOUS
10
5.6400394094488187
20
-3.5744326771653543
11
5.6444056692913387
21
-3.5765672047244093
0
LINE
8
BLACK
6
CONTINUOUS
10
5.6444056692913387
20
-3.5765672047244093
11
5.6478422440944884
21
-3.580003779527559
0
LINE
8
BLACK
6
CONTINUOUS
10
5.6478422440944884
20
-3.580003779527559
11
5.6499767716535434
21
-3.5843700393700786
0
LINE
8
BLACK
6
CONTINUOUS
10
5.6499767716535434
20
-3.5843700393700786
11
5.6505905511811019
21
-3.5885826771653542
0
LINE
8
BLACK
6
CONTINUOUS
10
5.6505905511811019
20
-3.5885826771653542
11
5.6505905511811019
21
-3.606299212598425
0
LINE
8
BLACK
6
CONTINUOUS
10
5.6505905511811019
20
-3.606299212598425
11
5.6499767716535434
21
-3.6105118503937006
0
LINE
8
BLACK
6
CONTINUOUS
10
5.6499767716535434
20
-3.6105118503937006
11
5.6478422440944884
21
-3.6148781102362202
0
LINE
8
BLACK
6
CONTINUOUS
10
5.6478422440944884
20
-3.6148781102362202
11
5.6444056692913387
21
-3.6183146850393699
0
LINE
8
BLACK
6
CONTINUOUS
10
5.6444056692913387
20
-3.6183146850393699
11
5.6400394094488187
21
-3.6204492125984249
0
LINE
8
BLACK
6
CONTINUOUS
10
5.6400394094488187
20
-3.6204492125984249
11
5.6358267716535435
21
-3.6210629921259843
0
LINE
8
BLACK
6
CONTINUOUS
10
5.6358267716535435
20
-3.6210629921259843
11
5.6161417322834648
21
-3.6210629921259843
0
LINE
8
BLACK
6
CONTINUOUS
10
5.6161417322834648
20
-3.6210629921259843
11
5.6119290944881888
21
-3.6204492125984249
0
LINE
8
BLACK
6
CONTINUOUS
10
5.6119290944881888
20
-3.6204492125984249
11
5.6075628346456687
21
-3.6183146850393699
0
LINE
8
BLACK
6
CONTINUOUS
10
5.6075628346456687
20
-3.6183146850393699
11
5.6041262598425199
21
-3.6148781102362202
0
LINE
8
BLACK
6
CONTINUOUS
10
5.6041262598425199
20
-3.6148781102362202
11
5.601991732283464
21
-3.6105118503937006
0
LINE
8
BLACK
6
CONTINUOUS
10
5.601991732283464
20
-3.6105118503937006
11
5.6013779527559056
21
-3.606299212598425
0
LINE
8
BLACK
6
CONTINUOUS
10
5.6013779527559056
20
-3.606299212598425
11
5.6013779527559056
21
-3.5885826771653542
0
LINE
8
BLACK
6
CONTINUOUS
10
5.6013779527559056
20
-3.5885826771653542
11
5.601991732283464
21
-3.5843700393700786
0
LINE
8
BLACK
6
CONTINUOUS
10
5.601991732283464
20
-3.5843700393700786
11
5.6041262598425199
21
-3.580003779527559
0
LINE
8
BLACK
6
CONTINUOUS
10
5.6041262598425199
20
-3.580003779527559
11
5.6075628346456687
21
-3.5765672047244093
0
LINE
8
BLACK
6
CONTINUOUS
10
5.6075628346456687
20
-3.5765672047244093
11
5.6119290944881888
21
-3.5744326771653543
0
LINE
8
BLACK
6
CONTINUOUS
10
5.6119290944881888
20
-3.5744326771653543
11
5.6161417322834648
21
-3.5738188976377954
0
LINE
8
BLACK
6
CONTINUOUS
10
5.6161417322834648
20
-3.5738188976377954
11
5.6358267716535435
21
-3.5738188976377954
0
LINE
8
BLACK
6
CONTINUOUS
10
5.6358267716535435
20
-3.5738188976377954
11
5.6400394094488187
21
-3.5744326771653543
0
LINE
8
BLACK
6
CONTINUOUS
10
5.7030315354330705
20
-3.5744326771653543
11
5.7073977952755905
21
-3.5765672047244093
0
LINE
8
BLACK
6
CONTINUOUS
10
5.7073977952755905
20
-3.5765672047244093
11
5.7108343700787403
21
-3.580003779527559
0
LINE
8
BLACK
6
CONTINUOUS
10
5.7108343700787403
20
-3.580003779527559
11
5.7129688976377953
21
-3.5843700393700786
0
LINE
8
BLACK
6
CONTINUOUS
10
5.7129688976377953
20
-3.5843700393700786
11
5.7135826771653546
21
-3.5885826771653542
0
LINE
8
BLACK
6
CONTINUOUS
10
5.7135826771653546
20
-3.5885826771653542
11
5.7135826771653546
21
-3.606299212598425
0
LINE
8
BLACK
6
CONTINUOUS
10
5.7135826771653546
20
-3.606299212598425
11
5.7129688976377953
21
-3.6105118503937006
0
LINE
8
BLACK
6
CONTINUOUS
10
5.7129688976377953
20
-3.6105118503937006
11
5.7108343700787403
21
-3.6148781102362202
0
LINE
8
BLACK
6
CONTINUOUS
10
5.7108343700787403
20
-3.6148781102362202
11
5.7073977952755905
21
-3.6183146850393699
0
LINE
8
BLACK
6
CONTINUOUS
10
5.7073977952755905
20
-3.6183146850393699
11
5.7030315354330705
21
-3.6204492125984249
0
LINE
8
BLACK
6
CONTINUOUS
10
5.7030315354330705
20
-3.6204492125984249
11
5.6988188976377954
21
-3.6210629921259843
0
LINE
8
BLACK
6
CONTINUOUS
10
5.6988188976377954
20
-3.6210629921259843
11
5.6791338582677167
21
-3.6210629921259843
0
LINE
8
BLACK
6
CONTINUOUS
10
5.6791338582677167
20
-3.6210629921259843
11
5.6749212204724406
21
-3.6204492125984249
0
LINE
8
BLACK
6
CONTINUOUS
10
5.6749212204724406
20
-3.6204492125984249
11
5.6705549606299215
21
-3.6183146850393699
0
LINE
8
BLACK
6
CONTINUOUS
10
5.6705549606299215
20
-3.6183146850393699
11
5.6671183858267717
21
-3.6148781102362202
0
LINE
8
BLACK
6
CONTINUOUS
10
5.6671183858267717
20
-3.6148781102362202
11
5.6649838582677168
21
-3.6105118503937006
0
LINE
8
BLACK
6
CONTINUOUS
10
5.6649838582677168
20
-3.6105118503937006
11
5.6643700787401574
21
-3.606299212598425
0
LINE
8
BLACK
6
CONTINUOUS
10
5.6643700787401574
20
-3.606299212598425
11
5.6643700787401574
21
-3.5885826771653542
0
LINE
8
BLACK
6
CONTINUOUS
10
5.6643700787401574
20
-3.5885826771653542
11
5.6649838582677168
21
-3.5843700393700786
0
LINE
8
BLACK
6
CONTINUOUS
10
5.6649838582677168
20
-3.5843700393700786
11
5.6671183858267717
21
-3.580003779527559
0
LINE
8
BLACK
6
CONTINUOUS
10
5.6671183858267717
20
-3.580003779527559
11
5.6705549606299215
21
-3.5765672047244093
0
LINE
8
BLACK
6
CONTINUOUS
10
5.6705549606299215
20
-3.5765672047244093
11
5.6749212204724406
21
-3.5744326771653543
0
LINE
8
BLACK
6
CONTINUOUS
10
5.6749212204724406
20
-3.5744326771653543
11
5.6791338582677167
21
-3.5738188976377954
0
LINE
8
BLACK
6
CONTINUOUS
10
5.6791338582677167
20
-3.5738188976377954
11
5.6988188976377954
21
-3.5738188976377954
0
LINE
8
BLACK
6
CONTINUOUS
10
5.6988188976377954
20
-3.5738188976377954
11
5.7030315354330705
21
-3.5744326771653543
0
LINE
8
BLACK
6
CONTINUOUS
10
6.2498821653543306
20
-3.5578573622047243
11
6.2542722047244093
21
-3.560094212598425
0
LINE
8
BLACK
6
CONTINUOUS
10
6.2542722047244093
20
-3.560094212598425
11
6.2577561811023621
21
-3.5635781889763778
0
LINE
8
BLACK
6
CONTINUOUS
10
6.2577561811023621
20
-3.5635781889763778
11
6.2599930314960632
21
-3.5679682283464564
0
LINE
8
BLACK
6
CONTINUOUS
10
6.2599930314960632
20
-3.5679682283464564
11
6.2607637795275588
21
-3.5728346456692912
0
LINE
8
BLACK
6
CONTINUOUS
10
6.2607637795275588
20
-3.5728346456692912
11
6.2607637795275588
21
-3.5984251968503935
0
LINE
8
BLACK
6
CONTINUOUS
10
6.2607637795275588
20
-3.5984251968503935
11
6.2599930314960632
21
-3.6032916141732283
0
LINE
8
BLACK
6
CONTINUOUS
10
6.2599930314960632
20
-3.6032916141732283
11
6.2577561811023621
21
-3.6076816535433069
0
LINE
8
BLACK
6
CONTINUOUS
10
6.2577561811023621
20
-3.6076816535433069
11
6.2542722047244093
21
-3.6111656299212598
0
LINE
8
BLACK
6
CONTINUOUS
10
6.2542722047244093
20
-3.6111656299212598
11
6.2498821653543306
21
-3.6134024803149605
0
LINE
8
BLACK
6
CONTINUOUS
10
6.2498821653543306
20
-3.6134024803149605
11
6.2450157480314958
21
-3.6141732283464565
0
LINE
8
BLACK
6
CONTINUOUS
10
6.2450157480314958
20
-3.6141732283464565
11
6.2095826771653542
21
-3.6141732283464565
0
LINE
8
BLACK
6
CONTINUOUS
10
6.2095826771653542
20
-3.6141732283464565
11
6.2047162598425194
21
-3.6134024803149605
0
LINE
8
BLACK
6
CONTINUOUS
10
6.2047162598425194
20
-3.6134024803149605
11
6.2003262204724408
21
-3.6111656299212598
0
LINE
8
BLACK
6
CONTINUOUS
10
6.2003262204724408
20
-3.6111656299212598
11
6.1968422440944879
21
-3.6076816535433069
0
LINE
8
BLACK
6
CONTINUOUS
10
6.1968422440944879
20
-3.6076816535433069
11
6.1946053937007877
21
-3.6032916141732283
0
LINE
8
BLACK
6
CONTINUOUS
10
6.1946053937007877
20
-3.6032916141732283
11
6.1938346456692912
21
-3.5984251968503935
0
LINE
8
BLACK
6
CONTINUOUS
10
6.1938346456692912
20
-3.5984251968503935
11
6.1938346456692912
21
-3.5728346456692912
0
LINE
8
BLACK
6
CONTINUOUS
10
6.1938346456692912
20
-3.5728346456692912
11
6.1946053937007877
21
-3.5679682283464564
0
LINE
8
BLACK
6
CONTINUOUS
10
6.1946053937007877
20
-3.5679682283464564
11
6.1968422440944879
21
-3.5635781889763778
0
LINE
8
BLACK
6
CONTINUOUS
10
6.1968422440944879
20
-3.5635781889763778
11
6.2003262204724408
21
-3.560094212598425
0
LINE
8
BLACK
6
CONTINUOUS
10
6.2003262204724408
20
-3.560094212598425
11
6.2047162598425194
21
-3.5578573622047243
0
LINE
8
BLACK
6
CONTINUOUS
10
6.2047162598425194
20
-3.5578573622047243
11
6.2095826771653542
21
-3.5570866141732282
0
LINE
8
BLACK
6
CONTINUOUS
10
6.2095826771653542
20
-3.5570866141732282
11
6.2450157480314958
21
-3.5570866141732282
0
LINE
8
BLACK
6
CONTINUOUS
10
6.2450157480314958
20
-3.5570866141732282
11
6.2498821653543306
21
-3.5578573622047243
0
LINE
8
BLACK
6
CONTINUOUS
10
6.3143543700787399
20
-3.5606531496062992
11
6.3187206299212599
21
-3.5627876771653542
0
LINE
8
BLACK
6
CONTINUOUS
10
6.3187206299212599
20
-3.5627876771653542
11
6.3221572047244097
21
-3.5662242519685039
0
LINE
8
BLACK
6
CONTINUOUS
10
6.3221572047244097
20
-3.5662242519685039
11
6.3242917322834646
21
-3.5705905118110235
0
LINE
8
BLACK
6
CONTINUOUS
10
6.3242917322834646
20
-3.5705905118110235
11
6.3249055118110231
21
-3.5748031496062991
0
LINE
8
BLACK
6
CONTINUOUS
10
6.3249055118110231
20
-3.5748031496062991
11
6.3249055118110231
21
-3.5925196850393699
0
LINE
8
BLACK
6
CONTINUOUS
10
6.3249055118110231
20
-3.5925196850393699
11
6.3242917322834646
21
-3.5967323228346455
0
LINE
8
BLACK
6
CONTINUOUS
10
6.3242917322834646
20
-3.5967323228346455
11
6.3221572047244097
21
-3.6010985826771651
0
LINE
8
BLACK
6
CONTINUOUS
10
6.3221572047244097
20
-3.6010985826771651
11
6.3187206299212599
21
-3.6045351574803148
0
LINE
8
BLACK
6
CONTINUOUS
10
6.3187206299212599
20
-3.6045351574803148
11
6.3143543700787399
21
-3.6066696850393698
0
LINE
8
BLACK
6
CONTINUOUS
10
6.3143543700787399
20
-3.6066696850393698
11
6.3101417322834648
21
-3.6072834645669292
0
LINE
8
BLACK
6
CONTINUOUS
10
6.3101417322834648
20
-3.6072834645669292
11
6.290456692913386
21
-3.6072834645669292
0
LINE
8
BLACK
6
CONTINUOUS
10
6.290456692913386
20
-3.6072834645669292
11
6.28624405511811
21
-3.6066696850393698
0
LINE
8
BLACK
6
CONTINUOUS
10
6.28624405511811
20
-3.6066696850393698
11
6.28187779527559
21
-3.6045351574803148
0
LINE
8
BLACK
6
CONTINUOUS
10
6.28187779527559
20
-3.6045351574803148
11
6.2784412204724411
21
-3.6010985826771651
0
LINE
8
BLACK
6
CONTINUOUS
10
6.2784412204724411
20
-3.6010985826771651
11
6.2763066929133853
21
-3.5967323228346455
0
LINE
8
BLACK
6
CONTINUOUS
10
6.2763066929133853
20
-3.5967323228346455
11
6.2756929133858268
21
-3.5925196850393699
0
LINE
8
BLACK
6
CONTINUOUS
10
6.2756929133858268
20
-3.5925196850393699
11
6.2756929133858268
21
-3.5748031496062991
0
LINE
8
BLACK
6
CONTINUOUS
10
6.2756929133858268
20
-3.5748031496062991
11
6.2763066929133853
21
-3.5705905118110235
0
LINE
8
BLACK
6
CONTINUOUS
10
6.2763066929133853
20
-3.5705905118110235
11
6.2784412204724411
21
-3.5662242519685039
0
LINE
8
BLACK
6
CONTINUOUS
10
6.2784412204724411
20
-3.5662242519685039
11
6.28187779527559
21
-3.5627876771653542
0
LINE
8
BLACK
6
CONTINUOUS
10
6.28187779527559
20
-3.5627876771653542
11
6.28624405511811
21
-3.5606531496062992
0
LINE
8
BLACK
6
CONTINUOUS
10
6.28624405511811
20
-3.5606531496062992
11
6.290456692913386
21
-3.5600393700787403
0
LINE
8
BLACK
6
CONTINUOUS
10
6.290456692913386
20
-3.5600393700787403
11
6.3101417322834648
21
-3.5600393700787403
0
LINE
8
BLACK
6
CONTINUOUS
10
6.3101417322834648
20
-3.5600393700787403
11
6.3143543700787399
21
-3.5606531496062992
0
LINE
8
BLACK
6
CONTINUOUS
10
6.0717758661417323
20
-3.533054212598425
11
6.0761659055118109
21
-3.5352910629921257
0
LINE
8
BLACK
6
CONTINUOUS
10
6.0761659055118109
20
-3.5352910629921257
11
6.0796498818897637
21
-3.5387750393700785
0
LINE
8
BLACK
6
CONTINUOUS
10
6.0796498818897637
20
-3.5387750393700785
11
6.081886732283464
21
-3.5431650787401572
0
LINE
8
BLACK
6
CONTINUOUS
10
6.081886732283464
20
-3.5431650787401572
11
6.0826574803149605
21
-3.548031496062992
0
LINE
8
BLACK
6
CONTINUOUS
10
6.0826574803149605
20
-3.548031496062992
11
6.0826574803149605
21
-3.5834645669291336
0
LINE
8
BLACK
6
CONTINUOUS
10
6.0826574803149605
20
-3.5834645669291336
11
6.081886732283464
21
-3.5883309842519684
0
LINE
8
BLACK
6
CONTINUOUS
10
6.081886732283464
20
-3.5883309842519684
11
6.0796498818897637
21
-3.592721023622047
0
LINE
8
BLACK
6
CONTINUOUS
10
6.0796498818897637
20
-3.592721023622047
11
6.0761659055118109
21
-3.5962049999999999
0
LINE
8
BLACK
6
CONTINUOUS
10
6.0761659055118109
20
-3.5962049999999999
11
6.0717758661417323
21
-3.5984418503937006
0
LINE
8
BLACK
6
CONTINUOUS
10
6.0717758661417323
20
-3.5984418503937006
11
6.0669094488188975
21
-3.5992125984251966
0
LINE
8
BLACK
6
CONTINUOUS
10
6.0669094488188975
20
-3.5992125984251966
11
6.0413188976377947
21
-3.5992125984251966
0
LINE
8
BLACK
6
CONTINUOUS
10
6.0413188976377947
20
-3.5992125984251966
11
6.0364524803149608
21
-3.5984418503937006
0
LINE
8
BLACK
6
CONTINUOUS
10
6.0364524803149608
20
-3.5984418503937006
11
6.0320624409448813
21
-3.5962049999999999
0
LINE
8
BLACK
6
CONTINUOUS
10
6.0320624409448813
20
-3.5962049999999999
11
6.0285784645669294
21
-3.592721023622047
0
LINE
8
BLACK
6
CONTINUOUS
10
6.0285784645669294
20
-3.592721023622047
11
6.0263416141732282
21
-3.5883309842519684
0
LINE
8
BLACK
6
CONTINUOUS
10
6.0263416141732282
20
-3.5883309842519684
11
6.0255708661417318
21
-3.5834645669291336
0
LINE
8
BLACK
6
CONTINUOUS
10
6.0255708661417318
20
-3.5834645669291336
11
6.0255708661417318
21
-3.548031496062992
0
LINE
8
BLACK
6
CONTINUOUS
10
6.0255708661417318
20
-3.548031496062992
11
6.0263416141732282
21
-3.5431650787401572
0
LINE
8
BLACK
6
CONTINUOUS
10
6.0263416141732282
20
-3.5431650787401572
11
6.0285784645669294
21
-3.5387750393700785
0
LINE
8
BLACK
6
CONTINUOUS
10
6.0285784645669294
20
-3.5387750393700785
11
6.0320624409448813
21
-3.5352910629921257
0
LINE
8
BLACK
6
CONTINUOUS
10
6.0320624409448813
20
-3.5352910629921257
11
6.0364524803149608
21
-3.533054212598425
0
LINE
8
BLACK
6
CONTINUOUS
10
6.0364524803149608
20
-3.533054212598425
11
6.0413188976377947
21
-3.532283464566929
0
LINE
8
BLACK
6
CONTINUOUS
10
6.0413188976377947
20
-3.532283464566929
11
6.0669094488188975
21
-3.532283464566929
0
LINE
8
BLACK
6
CONTINUOUS
10
6.0669094488188975
20
-3.532283464566929
11
6.0717758661417323
21
-3.533054212598425
0
LINE
8
BLACK
6
CONTINUOUS
10
6.1524845275590554
20
-3.533054212598425
11
6.156874566929134
21
-3.5352910629921257
0
LINE
8
BLACK
6
CONTINUOUS
10
6.156874566929134
20
-3.5352910629921257
11
6.1603585433070869
21
-3.5387750393700785
0
LINE
8
BLACK
6
CONTINUOUS
10
6.1603585433070869
20
-3.5387750393700785
11
6.1625953937007871
21
-3.5431650787401572
0
LINE
8
BLACK
6
CONTINUOUS
10
6.1625953937007871
20
-3.5431650787401572
11
6.1633661417322836
21
-3.548031496062992
0
LINE
8
BLACK
6
CONTINUOUS
10
6.1633661417322836
20
-3.548031496062992
11
6.1633661417322836
21
-3.5834645669291336
0
LINE
8
BLACK
6
CONTINUOUS
10
6.1633661417322836
20
-3.5834645669291336
11
6.1625953937007871
21
-3.5883309842519684
0
LINE
8
BLACK
6
CONTINUOUS
10
6.1625953937007871
20
-3.5883309842519684
11
6.1603585433070869
21
-3.592721023622047
0
LINE
8
BLACK
6
CONTINUOUS
10
6.1603585433070869
20
-3.592721023622047
11
6.156874566929134
21
-3.5962049999999999
0
LINE
8
BLACK
6
CONTINUOUS
10
6.156874566929134
20
-3.5962049999999999
11
6.1524845275590554
21
-3.5984418503937006
0
LINE
8
BLACK
6
CONTINUOUS
10
6.1524845275590554
20
-3.5984418503937006
11
6.1476181102362206
21
-3.5992125984251966
0
LINE
8
BLACK
6
CONTINUOUS
10
6.1476181102362206
20
-3.5992125984251966
11
6.1220275590551179
21
-3.5992125984251966
0
LINE
8
BLACK
6
CONTINUOUS
10
6.1220275590551179
20
-3.5992125984251966
11
6.1171611417322831
21
-3.5984418503937006
0
LINE
8
BLACK
6
CONTINUOUS
10
6.1171611417322831
20
-3.5984418503937006
11
6.1127711023622044
21
-3.5962049999999999
0
LINE
8
BLACK
6
CONTINUOUS
10
6.1127711023622044
20
-3.5962049999999999
11
6.1092871259842516
21
-3.592721023622047
0
LINE
8
BLACK
6
CONTINUOUS
10
6.1092871259842516
20
-3.592721023622047
11
6.1070502755905514
21
-3.5883309842519684
0
LINE
8
BLACK
6
CONTINUOUS
10
6.1070502755905514
20
-3.5883309842519684
11
6.1062795275590549
21
-3.5834645669291336
0
LINE
8
BLACK
6
CONTINUOUS
10
6.1062795275590549
20
-3.5834645669291336
11
6.1062795275590549
21
-3.548031496062992
0
LINE
8
BLACK
6
CONTINUOUS
10
6.1062795275590549
20
-3.548031496062992
11
6.1070502755905514
21
-3.5431650787401572
0
LINE
8
BLACK
6
CONTINUOUS
10
6.1070502755905514
20
-3.5431650787401572
11
6.1092871259842516
21
-3.5387750393700785
0
LINE
8
BLACK
6
CONTINUOUS
10
6.1092871259842516
20
-3.5387750393700785
11
6.1127711023622044
21
-3.5352910629921257
0
LINE
8
BLACK
6
CONTINUOUS
10
6.1127711023622044
20
-3.5352910629921257
11
6.1171611417322831
21
-3.533054212598425
0
LINE
8
BLACK
6
CONTINUOUS
10
6.1171611417322831
20
-3.533054212598425
11
6.1220275590551179
21
-3.532283464566929
0
LINE
8
BLACK
6
CONTINUOUS
10
6.1220275590551179
20
-3.532283464566929
11
6.1476181102362206
21
-3.532283464566929
0
LINE
8
BLACK
6
CONTINUOUS
10
6.1476181102362206
20
-3.532283464566929
11
6.1524845275590554
21
-3.533054212598425
0
LINE
8
BLACK
6
CONTINUOUS
10
5.2548664173228348
20
-3.5270699606299214
11
5.2592564566929134
21
-3.5293068110236221
0
LINE
8
BLACK
6
CONTINUOUS
10
5.2592564566929134
20
-3.5293068110236221
11
5.2627404330708663
21
-3.5327907874015749
0
LINE
8
BLACK
6
CONTINUOUS
10
5.2627404330708663
20
-3.5327907874015749
11
5.2649772834645665
21
-3.5371808267716536
0
LINE
8
BLACK
6
CONTINUOUS
10
5.2649772834645665
20
-3.5371808267716536
11
5.265748031496063
21
-3.5420472440944879
0
LINE
8
BLACK
6
CONTINUOUS
10
5.265748031496063
20
-3.5420472440944879
11
5.265748031496063
21
-3.5794488188976379
0
LINE
8
BLACK
6
CONTINUOUS
10
5.265748031496063
20
-3.5794488188976379
11
5.2649772834645665
21
-3.5843152362204722
0
LINE
8
BLACK
6
CONTINUOUS
10
5.2649772834645665
20
-3.5843152362204722
11
5.2627404330708663
21
-3.5887052755905513
0
LINE
8
BLACK
6
CONTINUOUS
10
5.2627404330708663
20
-3.5887052755905513
11
5.2592564566929134
21
-3.5921892519685037
0
LINE
8
BLACK
6
CONTINUOUS
10
5.2592564566929134
20
-3.5921892519685037
11
5.2548664173228348
21
-3.5944261023622048
0
LINE
8
BLACK
6
CONTINUOUS
10
5.2548664173228348
20
-3.5944261023622048
11
5.25
21
-3.5951968503937008
0
LINE
8
BLACK
6
CONTINUOUS
10
5.25
20
-3.5951968503937008
11
5.2303149606299213
21
-3.5951968503937008
0
LINE
8
BLACK
6
CONTINUOUS
10
5.2303149606299213
20
-3.5951968503937008
11
5.2254485433070865
21
-3.5944261023622048
0
LINE
8
BLACK
6
CONTINUOUS
10
5.2254485433070865
20
-3.5944261023622048
11
5.2210585039370079
21
-3.5921892519685037
0
LINE
8
BLACK
6
CONTINUOUS
10
5.2210585039370079
20
-3.5921892519685037
11
5.217574527559055
21
-3.5887052755905513
0
LINE
8
BLACK
6
CONTINUOUS
10
5.217574527559055
20
-3.5887052755905513
11
5.2153376771653539
21
-3.5843152362204722
0
LINE
8
BLACK
6
CONTINUOUS
10
5.2153376771653539
20
-3.5843152362204722
11
5.2145669291338583
21
-3.5794488188976379
0
LINE
8
BLACK
6
CONTINUOUS
10
5.2145669291338583
20
-3.5794488188976379
11
5.2145669291338583
21
-3.5420472440944879
0
LINE
8
BLACK
6
CONTINUOUS
10
5.2145669291338583
20
-3.5420472440944879
11
5.2153376771653539
21
-3.5371808267716536
0
LINE
8
BLACK
6
CONTINUOUS
10
5.2153376771653539
20
-3.5371808267716536
11
5.217574527559055
21
-3.5327907874015749
0
LINE
8
BLACK
6
CONTINUOUS
10
5.217574527559055
20
-3.5327907874015749
11
5.2210585039370079
21
-3.5293068110236221
0
LINE
8
BLACK
6
CONTINUOUS
10
5.2210585039370079
20
-3.5293068110236221
11
5.2254485433070865
21
-3.5270699606299214
0
LINE
8
BLACK
6
CONTINUOUS
10
5.2254485433070865
20
-3.5270699606299214
11
5.2303149606299213
21
-3.5262992125984249
0
LINE
8
BLACK
6
CONTINUOUS
10
5.2303149606299213
20
-3.5262992125984249
11
5.25
21
-3.5262992125984249
0
LINE
8
BLACK
6
CONTINUOUS
10
5.25
20
-3.5262992125984249
11
5.2548664173228348
21
-3.5270699606299214
0
LINE
8
BLACK
6
CONTINUOUS
10
5.3296695669291339
20
-3.5270699606299214
11
5.3340596062992125
21
-3.5293068110236221
0
LINE
8
BLACK
6
CONTINUOUS
10
5.3340596062992125
20
-3.5293068110236221
11
5.3375435826771653
21
-3.5327907874015749
0
LINE
8
BLACK
6
CONTINUOUS
10
5.3375435826771653
20
-3.5327907874015749
11
5.3397804330708656
21
-3.5371808267716536
0
LINE
8
BLACK
6
CONTINUOUS
10
5.3397804330708656
20
-3.5371808267716536
11
5.340551181102362
21
-3.5420472440944879
0
LINE
8
BLACK
6
CONTINUOUS
10
5.340551181102362
20
-3.5420472440944879
11
5.340551181102362
21
-3.5794488188976379
0
LINE
8
BLACK
6
CONTINUOUS
10
5.340551181102362
20
-3.5794488188976379
11
5.3397804330708656
21
-3.5843152362204722
0
LINE
8
BLACK
6
CONTINUOUS
10
5.3397804330708656
20
-3.5843152362204722
11
5.3375435826771653
21
-3.5887052755905513
0
LINE
8
BLACK
6
CONTINUOUS
10
5.3375435826771653
20
-3.5887052755905513
11
5.3340596062992125
21
-3.5921892519685037
0
LINE
8
BLACK
6
CONTINUOUS
10
5.3340596062992125
20
-3.5921892519685037
11
5.3296695669291339
21
-3.5944261023622048
0
LINE
8
BLACK
6
CONTINUOUS
10
5.3296695669291339
20
-3.5944261023622048
11
5.3248031496062991
21
-3.5951968503937008
0
LINE
8
BLACK
6
CONTINUOUS
10
5.3248031496062991
20
-3.5951968503937008
11
5.3051181102362204
21
-3.5951968503937008
0
LINE
8
BLACK
6
CONTINUOUS
10
5.3051181102362204
20
-3.5951968503937008
11
5.3002516929133856
21
-3.5944261023622048
0
LINE
8
BLACK
6
CONTINUOUS
10
5.3002516929133856
20
-3.5944261023622048
11
5.295861653543307
21
-3.5921892519685037
0
LINE
8
BLACK
6
CONTINUOUS
10
5.295861653543307
20
-3.5921892519685037
11
5.2923776771653541
21
-3.5887052755905513
0
LINE
8
BLACK
6
CONTINUOUS
10
5.2923776771653541
20
-3.5887052755905513
11
5.290140826771653
21
-3.5843152362204722
0
LINE
8
BLACK
6
CONTINUOUS
10
5.290140826771653
20
-3.5843152362204722
11
5.2893700787401574
21
-3.5794488188976379
0
LINE
8
BLACK
6
CONTINUOUS
10
5.2893700787401574
20
-3.5794488188976379
11
5.2893700787401574
21
-3.5420472440944879
0
LINE
8
BLACK
6
CONTINUOUS
10
5.2893700787401574
20
-3.5420472440944879
11
5.290140826771653
21
-3.5371808267716536
0
LINE
8
BLACK
6
CONTINUOUS
10
5.290140826771653
20
-3.5371808267716536
11
5.2923776771653541
21
-3.5327907874015749
0
LINE
8
BLACK
6
CONTINUOUS
10
5.2923776771653541
20
-3.5327907874015749
11
5.295861653543307
21
-3.5293068110236221
0
LINE
8
BLACK
6
CONTINUOUS
10
5.295861653543307
20
-3.5293068110236221
11
5.3002516929133856
21
-3.5270699606299214
0
LINE
8
BLACK
6
CONTINUOUS
10
5.3002516929133856
20
-3.5270699606299214
11
5.3051181102362204
21
-3.5262992125984249
0
LINE
8
BLACK
6
CONTINUOUS
10
5.3051181102362204
20
-3.5262992125984249
11
5.3248031496062991
21
-3.5262992125984249
0
LINE
8
BLACK
6
CONTINUOUS
10
5.3248031496062991
20
-3.5262992125984249
11
5.3296695669291339
21
-3.5270699606299214
0
LINE
8
BLACK
6
CONTINUOUS
10
5.8611656299212598
20
-3.5401408267716534
11
5.8655556692913384
21
-3.5423776771653541
0
LINE
8
BLACK
6
CONTINUOUS
10
5.8655556692913384
20
-3.5423776771653541
11
5.8690396456692913
21
-3.545861653543307
0
LINE
8
BLACK
6
CONTINUOUS
10
5.8690396456692913
20
-3.545861653543307
11
5.8712764960629924
21
-3.5502516929133856
0
LINE
8
BLACK
6
CONTINUOUS
10
5.8712764960629924
20
-3.5502516929133856
11
5.872047244094488
21
-3.5551181102362204
0
LINE
8
BLACK
6
CONTINUOUS
10
5.872047244094488
20
-3.5551181102362204
11
5.872047244094488
21
-3.5757874015748032
0
LINE
8
BLACK
6
CONTINUOUS
10
5.872047244094488
20
-3.5757874015748032
11
5.8712764960629924
21
-3.5806538188976376
0
LINE
8
BLACK
6
CONTINUOUS
10
5.8712764960629924
20
-3.5806538188976376
11
5.8690396456692913
21
-3.5850438582677167
0
LINE
8
BLACK
6
CONTINUOUS
10
5.8690396456692913
20
-3.5850438582677167
11
5.8655556692913384
21
-3.588527834645669
0
LINE
8
BLACK
6
CONTINUOUS
10
5.8655556692913384
20
-3.588527834645669
11
5.8611656299212598
21
-3.5907646850393702
0
LINE
8
BLACK
6
CONTINUOUS
10
5.8611656299212598
20
-3.5907646850393702
11
5.856299212598425
21
-3.5915354330708662
0
LINE
8
BLACK
6
CONTINUOUS
10
5.856299212598425
20
-3.5915354330708662
11
5.8208661417322833
21
-3.5915354330708662
0
LINE
8
BLACK
6
CONTINUOUS
10
5.8208661417322833
20
-3.5915354330708662
11
5.8159997244094486
21
-3.5907646850393702
0
LINE
8
BLACK
6
CONTINUOUS
10
5.8159997244094486
20
-3.5907646850393702
11
5.8116096850393699
21
-3.588527834645669
0
LINE
8
BLACK
6
CONTINUOUS
10
5.8116096850393699
20
-3.588527834645669
11
5.8081257086614171
21
-3.5850438582677167
0
LINE
8
BLACK
6
CONTINUOUS
10
5.8081257086614171
20
-3.5850438582677167
11
5.8058888582677168
21
-3.5806538188976376
0
LINE
8
BLACK
6
CONTINUOUS
10
5.8058888582677168
20
-3.5806538188976376
11
5.8051181102362204
21
-3.5757874015748032
0
LINE
8
BLACK
6
CONTINUOUS
10
5.8051181102362204
20
-3.5757874015748032
11
5.8051181102362204
21
-3.5551181102362204
0
LINE
8
BLACK
6
CONTINUOUS
10
5.8051181102362204
20
-3.5551181102362204
11
5.8058888582677168
21
-3.5502516929133856
0
LINE
8
BLACK
6
CONTINUOUS
10
5.8058888582677168
20
-3.5502516929133856
11
5.8081257086614171
21
-3.545861653543307
0
LINE
8
BLACK
6
CONTINUOUS
10
5.8081257086614171
20
-3.545861653543307
11
5.8116096850393699
21
-3.5423776771653541
0
LINE
8
BLACK
6
CONTINUOUS
10
5.8116096850393699
20
-3.5423776771653541
11
5.8159997244094486
21
-3.5401408267716534
0
LINE
8
BLACK
6
CONTINUOUS
10
5.8159997244094486
20
-3.5401408267716534
11
5.8208661417322833
21
-3.5393700787401574
0
LINE
8
BLACK
6
CONTINUOUS
10
5.8208661417322833
20
-3.5393700787401574
11
5.856299212598425
21
-3.5393700787401574
0
LINE
8
BLACK
6
CONTINUOUS
10
5.856299212598425
20
-3.5393700787401574
11
5.8611656299212598
21
-3.5401408267716534
0
LINE
8
BLACK
6
CONTINUOUS
10
6.3891209055118106
20
-3.497717716535433
11
6.3923140551181099
21
-3.4998512992125983
0
LINE
8
BLACK
6
CONTINUOUS
10
6.3923140551181099
20
-3.4998512992125983
11
6.3944476377952757
21
-3.5030444488188976
0
LINE
8
BLACK
6
CONTINUOUS
10
6.3944476377952757
20
-3.5030444488188976
11
6.3951968503937007
21
-3.5068110236220473
0
LINE
8
BLACK
6
CONTINUOUS
10
6.3951968503937007
20
-3.5068110236220473
11
6.3951968503937007
21
-3.5146850393700788
0
LINE
8
BLACK
6
CONTINUOUS
10
6.3951968503937007
20
-3.5146850393700788
11
6.3944476377952757
21
-3.518451614173228
0
LINE
8
BLACK
6
CONTINUOUS
10
6.3944476377952757
20
-3.518451614173228
11
6.3923140551181099
21
-3.5216447637795274
0
LINE
8
BLACK
6
CONTINUOUS
10
6.3923140551181099
20
-3.5216447637795274
11
6.3894726377952757
21
-3.523543307086614
0
LINE
8
BLACK
6
CONTINUOUS
10
6.3894726377952757
20
-3.523543307086614
11
6.3923140551181099
21
-3.5254418503937006
0
LINE
8
BLACK
6
CONTINUOUS
10
6.3923140551181099
20
-3.5254418503937006
11
6.3944476377952757
21
-3.528635
0
LINE
8
BLACK
6
CONTINUOUS
10
6.3944476377952757
20
-3.528635
11
6.3951968503937007
21
-3.5324015748031496
0
LINE
8
BLACK
6
CONTINUOUS
10
6.3951968503937007
20
-3.5324015748031496
11
6.3951968503937007
21
-3.5402755905511811
0
LINE
8
BLACK
6
CONTINUOUS
10
6.3951968503937007
20
-3.5402755905511811
11
6.3944476377952757
21
-3.5440421653543308
0
LINE
8
BLACK
6
CONTINUOUS
10
6.3944476377952757
20
-3.5440421653543308
11
6.3923140551181099
21
-3.5472353149606297
0
LINE
8
BLACK
6
CONTINUOUS
10
6.3923140551181099
20
-3.5472353149606297
11
6.3894726377952757
21
-3.5491338582677163
0
LINE
8
BLACK
6
CONTINUOUS
10
6.3894726377952757
20
-3.5491338582677163
11
6.3923140551181099
21
-3.5510324015748029
0
LINE
8
BLACK
6
CONTINUOUS
10
6.3923140551181099
20
-3.5510324015748029
11
6.3944476377952757
21
-3.5542255511811023
0
LINE
8
BLACK
6
CONTINUOUS
10
6.3944476377952757
20
-3.5542255511811023
11
6.3951968503937007
21
-3.557992125984252
0
LINE
8
BLACK
6
CONTINUOUS
10
6.3951968503937007
20
-3.557992125984252
11
6.3951968503937007
21
-3.5658661417322834
0
LINE
8
BLACK
6
CONTINUOUS
10
6.3951968503937007
20
-3.5658661417322834
11
6.3944476377952757
21
-3.5696327165354331
0
LINE
8
BLACK
6
CONTINUOUS
10
6.3944476377952757
20
-3.5696327165354331
11
6.3923140551181099
21
-3.572825866141732
0
LINE
8
BLACK
6
CONTINUOUS
10
6.3923140551181099
20
-3.572825866141732
11
6.3891209055118106
21
-3.5749594488188974
0
LINE
8
BLACK
6
CONTINUOUS
10
6.3891209055118106
20
-3.5749594488188974
11
6.3853543307086609
21
-3.5757086614173228
0
LINE
8
BLACK
6
CONTINUOUS
10
6.3853543307086609
20
-3.5757086614173228
11
6.3676377952755905
21
-3.5757086614173228
0
LINE
8
BLACK
6
CONTINUOUS
10
6.3676377952755905
20
-3.5757086614173228
11
6.3638712204724408
21
-3.5749594488188974
0
LINE
8
BLACK
6
CONTINUOUS
10
6.3638712204724408
20
-3.5749594488188974
11
6.3606780708661415
21
-3.572825866141732
0
LINE
8
BLACK
6
CONTINUOUS
10
6.3606780708661415
20
-3.572825866141732
11
6.3585444881889766
21
-3.5696327165354331
0
LINE
8
BLACK
6
CONTINUOUS
10
6.3585444881889766
20
-3.5696327165354331
11
6.3577952755905507
21
-3.5658661417322834
0
LINE
8
BLACK
6
CONTINUOUS
10
6.3577952755905507
20
-3.5658661417322834
11
6.3577952755905507
21
-3.557992125984252
0
LINE
8
BLACK
6
CONTINUOUS
10
6.3577952755905507
20
-3.557992125984252
11
6.3585444881889766
21
-3.5542255511811023
0
LINE
8
BLACK
6
CONTINUOUS
10
6.3585444881889766
20
-3.5542255511811023
11
6.3606780708661415
21
-3.5510324015748029
0
LINE
8
BLACK
6
CONTINUOUS
10
6.3606780708661415
20
-3.5510324015748029
11
6.3635194488188978
21
-3.5491338582677163
0
LINE
8
BLACK
6
CONTINUOUS
10
6.3635194488188978
20
-3.5491338582677163
11
6.3606780708661415
21
-3.5472353149606297
0
LINE
8
BLACK
6
CONTINUOUS
10
6.3606780708661415
20
-3.5472353149606297
11
6.3585444881889766
21
-3.5440421653543308
0
LINE
8
BLACK
6
CONTINUOUS
10
6.3585444881889766
20
-3.5440421653543308
11
6.3577952755905507
21
-3.5402755905511811
0
LINE
8
BLACK
6
CONTINUOUS
10
6.3577952755905507
20
-3.5402755905511811
11
6.3577952755905507
21
-3.5324015748031496
0
LINE
8
BLACK
6
CONTINUOUS
10
6.3577952755905507
20
-3.5324015748031496
11
6.3585444881889766
21
-3.528635
0
LINE
8
BLACK
6
CONTINUOUS
10
6.3585444881889766
20
-3.528635
11
6.3606780708661415
21
-3.5254418503937006
0
LINE
8
BLACK
6
CONTINUOUS
10
6.3606780708661415
20
-3.5254418503937006
11
6.3635194488188978
21
-3.523543307086614
0
LINE
8
BLACK
6
CONTINUOUS
10
6.3635194488188978
20
-3.523543307086614
11
6.3606780708661415
21
-3.5216447637795274
0
LINE
8
BLACK
6
CONTINUOUS
10
6.3606780708661415
20
-3.5216447637795274
11
6.3585444881889766
21
-3.518451614173228
0
LINE
8
BLACK
6
CONTINUOUS
10
6.3585444881889766
20
-3.518451614173228
11
6.3577952755905507
21
-3.5146850393700788
0
LINE
8
BLACK
6
CONTINUOUS
10
6.3577952755905507
20
-3.5146850393700788
11
6.3577952755905507
21
-3.5068110236220473
0
LINE
8
BLACK
6
CONTINUOUS
10
6.3577952755905507
20
-3.5068110236220473
11
6.3585444881889766
21
-3.5030444488188976
0
LINE
8
BLACK
6
CONTINUOUS
10
6.3585444881889766
20
-3.5030444488188976
11
6.3606780708661415
21
-3.4998512992125983
0
LINE
8
BLACK
6
CONTINUOUS
10
6.3606780708661415
20
-3.4998512992125983
11
6.3638712204724408
21
-3.497717716535433
0
LINE
8
BLACK
6
CONTINUOUS
10
6.3638712204724408
20
-3.497717716535433
11
6.3676377952755905
21
-3.496968503937008
0
LINE
8
BLACK
6
CONTINUOUS
10
6.3676377952755905
20
-3.496968503937008
11
6.3853543307086609
21
-3.496968503937008
0
LINE
8
BLACK
6
CONTINUOUS
10
6.3853543307086609
20
-3.496968503937008
11
6.3891209055118106
21
-3.497717716535433
0
LINE
8
BLACK
6
CONTINUOUS
10
6.4639240551181105
20
-3.497717716535433
11
6.467117204724409
21
-3.4998512992125983
0
LINE
8
BLACK
6
CONTINUOUS
10
6.467117204724409
20
-3.4998512992125983
11
6.4692507874015748
21
-3.5030444488188976
0
LINE
8
BLACK
6
CONTINUOUS
10
6.4692507874015748
20
-3.5030444488188976
11
6.4699999999999998
21
-3.5068110236220473
0
LINE
8
BLACK
6
CONTINUOUS
10
6.4699999999999998
20
-3.5068110236220473
11
6.4699999999999998
21
-3.5146850393700788
0
LINE
8
BLACK
6
CONTINUOUS
10
6.4699999999999998
20
-3.5146850393700788
11
6.4692507874015748
21
-3.518451614173228
0
LINE
8
BLACK
6
CONTINUOUS
10
6.4692507874015748
20
-3.518451614173228
11
6.467117204724409
21
-3.5216447637795274
0
LINE
8
BLACK
6
CONTINUOUS
10
6.467117204724409
20
-3.5216447637795274
11
6.4642757874015748
21
-3.523543307086614
0
LINE
8
BLACK
6
CONTINUOUS
10
6.4642757874015748
20
-3.523543307086614
11
6.467117204724409
21
-3.5254418503937006
0
LINE
8
BLACK
6
CONTINUOUS
10
6.467117204724409
20
-3.5254418503937006
11
6.4692507874015748
21
-3.528635
0
LINE
8
BLACK
6
CONTINUOUS
10
6.4692507874015748
20
-3.528635
11
6.4699999999999998
21
-3.5324015748031496
0
LINE
8
BLACK
6
CONTINUOUS
10
6.4699999999999998
20
-3.5324015748031496
11
6.4699999999999998
21
-3.5402755905511811
0
LINE
8
BLACK
6
CONTINUOUS
10
6.4699999999999998
20
-3.5402755905511811
11
6.4692507874015748
21
-3.5440421653543308
0
LINE
8
BLACK
6
CONTINUOUS
10
6.4692507874015748
20
-3.5440421653543308
11
6.467117204724409
21
-3.5472353149606297
0
LINE
8
BLACK
6
CONTINUOUS
10
6.467117204724409
20
-3.5472353149606297
11
6.4642757874015748
21
-3.5491338582677163
0
LINE
8
BLACK
6
CONTINUOUS
10
6.4642757874015748
20
-3.5491338582677163
11
6.467117204724409
21
-3.5510324015748029
0
LINE
8
BLACK
6
CONTINUOUS
10
6.467117204724409
20
-3.5510324015748029
11
6.4692507874015748
21
-3.5542255511811023
0
LINE
8
BLACK
6
CONTINUOUS
10
6.4692507874015748
20
-3.5542255511811023
11
6.4699999999999998
21
-3.557992125984252
0
LINE
8
BLACK
6
CONTINUOUS
10
6.4699999999999998
20
-3.557992125984252
11
6.4699999999999998
21
-3.5658661417322834
0
LINE
8
BLACK
6
CONTINUOUS
10
6.4699999999999998
20
-3.5658661417322834
11
6.4692507874015748
21
-3.5696327165354331
0
LINE
8
BLACK
6
CONTINUOUS
10
6.4692507874015748
20
-3.5696327165354331
11
6.467117204724409
21
-3.572825866141732
0
LINE
8
BLACK
6
CONTINUOUS
10
6.467117204724409
20
-3.572825866141732
11
6.4639240551181105
21
-3.5749594488188974
0
LINE
8
BLACK
6
CONTINUOUS
10
6.4639240551181105
20
-3.5749594488188974
11
6.4601574803149608
21
-3.5757086614173228
0
LINE
8
BLACK
6
CONTINUOUS
10
6.4601574803149608
20
-3.5757086614173228
11
6.4424409448818896
21
-3.5757086614173228
0
LINE
8
BLACK
6
CONTINUOUS
10
6.4424409448818896
20
-3.5757086614173228
11
6.4386743700787399
21
-3.5749594488188974
0
LINE
8
BLACK
6
CONTINUOUS
10
6.4386743700787399
20
-3.5749594488188974
11
6.4354812204724405
21
-3.572825866141732
0
LINE
8
BLACK
6
CONTINUOUS
10
6.4354812204724405
20
-3.572825866141732
11
6.4333476377952756
21
-3.5696327165354331
0
LINE
8
BLACK
6
CONTINUOUS
10
6.4333476377952756
20
-3.5696327165354331
11
6.4325984251968507
21
-3.5658661417322834
0
LINE
8
BLACK
6
CONTINUOUS
10
6.4325984251968507
20
-3.5658661417322834
11
6.4325984251968507
21
-3.557992125984252
0
LINE
8
BLACK
6
CONTINUOUS
10
6.4325984251968507
20
-3.557992125984252
11
6.4333476377952756
21
-3.5542255511811023
0
LINE
8
BLACK
6
CONTINUOUS
10
6.4333476377952756
20
-3.5542255511811023
11
6.4354812204724405
21
-3.5510324015748029
0
LINE
8
BLACK
6
CONTINUOUS
10
6.4354812204724405
20
-3.5510324015748029
11
6.4383225984251968
21
-3.5491338582677163
0
LINE
8
BLACK
6
CONTINUOUS
10
6.4383225984251968
20
-3.5491338582677163
11
6.4354812204724405
21
-3.5472353149606297
0
LINE
8
BLACK
6
CONTINUOUS
10
6.4354812204724405
20
-3.5472353149606297
11
6.4333476377952756
21
-3.5440421653543308
0
LINE
8
BLACK
6
CONTINUOUS
10
6.4333476377952756
20
-3.5440421653543308
11
6.4325984251968507
21
-3.5402755905511811
0
LINE
8
BLACK
6
CONTINUOUS
10
6.4325984251968507
20
-3.5402755905511811
11
6.4325984251968507
21
-3.5324015748031496
0
LINE
8
BLACK
6
CONTINUOUS
10
6.4325984251968507
20
-3.5324015748031496
11
6.4333476377952756
21
-3.528635
0
LINE
8
BLACK
6
CONTINUOUS
10
6.4333476377952756
20
-3.528635
11
6.4354812204724405
21
-3.5254418503937006
0
LINE
8
BLACK
6
CONTINUOUS
10
6.4354812204724405
20
-3.5254418503937006
11
6.4383225984251968
21
-3.523543307086614
0
LINE
8
BLACK
6
CONTINUOUS
10
6.4383225984251968
20
-3.523543307086614
11
6.4354812204724405
21
-3.5216447637795274
0
LINE
8
BLACK
6
CONTINUOUS
10
6.4354812204724405
20
-3.5216447637795274
11
6.4333476377952756
21
-3.518451614173228
0
LINE
8
BLACK
6
CONTINUOUS
10
6.4333476377952756
20
-3.518451614173228
11
6.4325984251968507
21
-3.5146850393700788
0
LINE
8
BLACK
6
CONTINUOUS
10
6.4325984251968507
20
-3.5146850393700788
11
6.4325984251968507
21
-3.5068110236220473
0
LINE
8
BLACK
6
CONTINUOUS
10
6.4325984251968507
20
-3.5068110236220473
11
6.4333476377952756
21
-3.5030444488188976
0
LINE
8
BLACK
6
CONTINUOUS
10
6.4333476377952756
20
-3.5030444488188976
11
6.4354812204724405
21
-3.4998512992125983
0
LINE
8
BLACK
6
CONTINUOUS
10
6.4354812204724405
20
-3.4998512992125983
11
6.4386743700787399
21
-3.497717716535433
0
LINE
8
BLACK
6
CONTINUOUS
10
6.4386743700787399
20
-3.497717716535433
11
6.4424409448818896
21
-3.496968503937008
0
LINE
8
BLACK
6
CONTINUOUS
10
6.4424409448818896
20
-3.496968503937008
11
6.4601574803149608
21
-3.496968503937008
0
LINE
8
BLACK
6
CONTINUOUS
10
6.4601574803149608
20
-3.496968503937008
11
6.4639240551181105
21
-3.497717716535433
0
LINE
8
BLACK
6
CONTINUOUS
10
5.5770472834645668
20
-3.5222673228346455
11
5.5814135433070868
21
-3.5244018503937009
0
LINE
8
BLACK
6
CONTINUOUS
10
5.5814135433070868
20
-3.5244018503937009
11
5.5848501181102357
21
-3.5278384251968502
0
LINE
8
BLACK
6
CONTINUOUS
10
5.5848501181102357
20
-3.5278384251968502
11
5.5869846456692915
21
-3.5322046850393698
0
LINE
8
BLACK
6
CONTINUOUS
10
5.5869846456692915
20
-3.5322046850393698
11
5.58759842519685
21
-3.5364173228346454
0
LINE
8
BLACK
6
CONTINUOUS
10
5.58759842519685
20
-3.5364173228346454
11
5.58759842519685
21
-3.5541338582677167
0
LINE
8
BLACK
6
CONTINUOUS
10
5.58759842519685
20
-3.5541338582677167
11
5.5869846456692915
21
-3.5583464960629922
0
LINE
8
BLACK
6
CONTINUOUS
10
5.5869846456692915
20
-3.5583464960629922
11
5.5848501181102357
21
-3.5627127559055118
0
LINE
8
BLACK
6
CONTINUOUS
10
5.5848501181102357
20
-3.5627127559055118
11
5.5814135433070868
21
-3.5661493307086611
0
LINE
8
BLACK
6
CONTINUOUS
10
5.5814135433070868
20
-3.5661493307086611
11
5.5770472834645668
21
-3.5682838582677165
0
LINE
8
BLACK
6
CONTINUOUS
10
5.5770472834645668
20
-3.5682838582677165
11
5.5728346456692917
21
-3.5688976377952755
0
LINE
8
BLACK
6
CONTINUOUS
10
5.5728346456692917
20
-3.5688976377952755
11
5.5531496062992121
21
-3.5688976377952755
0
LINE
8
BLACK
6
CONTINUOUS
10
5.5531496062992121
20
-3.5688976377952755
11
5.5489369685039369
21
-3.5682838582677165
0
LINE
8
BLACK
6
CONTINUOUS
10
5.5489369685039369
20
-3.5682838582677165
11
5.5445707086614169
21
-3.5661493307086611
0
LINE
8
BLACK
6
CONTINUOUS
10
5.5445707086614169
20
-3.5661493307086611
11
5.541134133858268
21
-3.5627127559055118
0
LINE
8
BLACK
6
CONTINUOUS
10
5.541134133858268
20
-3.5627127559055118
11
5.5389996062992122
21
-3.5583464960629922
0
LINE
8
BLACK
6
CONTINUOUS
10
5.5389996062992122
20
-3.5583464960629922
11
5.5383858267716537
21
-3.5541338582677167
0
LINE
8
BLACK
6
CONTINUOUS
10
5.5383858267716537
20
-3.5541338582677167
11
5.5383858267716537
21
-3.5364173228346454
0
LINE
8
BLACK
6
CONTINUOUS
10
5.5383858267716537
20
-3.5364173228346454
11
5.5389996062992122
21
-3.5322046850393698
0
LINE
8
BLACK
6
CONTINUOUS
10
5.5389996062992122
20
-3.5322046850393698
11
5.541134133858268
21
-3.5278384251968502
0
LINE
8
BLACK
6
CONTINUOUS
10
5.541134133858268
20
-3.5278384251968502
11
5.5445707086614169
21
-3.5244018503937009
0
LINE
8
BLACK
6
CONTINUOUS
10
5.5445707086614169
20
-3.5244018503937009
11
5.5489369685039369
21
-3.5222673228346455
0
LINE
8
BLACK
6
CONTINUOUS
10
5.5489369685039369
20
-3.5222673228346455
11
5.5531496062992121
21
-3.5216535433070866
0
LINE
8
BLACK
6
CONTINUOUS
10
5.5531496062992121
20
-3.5216535433070866
11
5.5728346456692917
21
-3.5216535433070866
0
LINE
8
BLACK
6
CONTINUOUS
10
5.5728346456692917
20
-3.5216535433070866
11
5.5770472834645668
21
-3.5222673228346455
0
LINE
8
BLACK
6
CONTINUOUS
10
5.9379372834645672
20
-3.5106132677165354
11
5.9423273228346458
21
-3.5128501181102361
0
LINE
8
BLACK
6
CONTINUOUS
10
5.9423273228346458
20
-3.5128501181102361
11
5.9458112992125987
21
-3.5163340944881889
0
LINE
8
BLACK
6
CONTINUOUS
10
5.9458112992125987
20
-3.5163340944881889
11
5.9480481496062989
21
-3.5207241338582675
0
LINE
8
BLACK
6
CONTINUOUS
10
5.9480481496062989
20
-3.5207241338582675
11
5.9488188976377954
21
-3.5255905511811023
0
LINE
8
BLACK
6
CONTINUOUS
10
5.9488188976377954
20
-3.5255905511811023
11
5.9488188976377954
21
-3.5511811023622046
0
LINE
8
BLACK
6
CONTINUOUS
10
5.9488188976377954
20
-3.5511811023622046
11
5.9480481496062989
21
-3.5560475196850394
0
LINE
8
BLACK
6
CONTINUOUS
10
5.9480481496062989
20
-3.5560475196850394
11
5.9458112992125987
21
-3.5604375590551181
0
LINE
8
BLACK
6
CONTINUOUS
10
5.9458112992125987
20
-3.5604375590551181
11
5.9423273228346458
21
-3.5639215354330709
0
LINE
8
BLACK
6
CONTINUOUS
10
5.9423273228346458
20
-3.5639215354330709
11
5.9379372834645672
21
-3.5661583858267716
0
LINE
8
BLACK
6
CONTINUOUS
10
5.9379372834645672
20
-3.5661583858267716
11
5.9330708661417324
21
-3.5669291338582676
0
LINE
8
BLACK
6
CONTINUOUS
10
5.9330708661417324
20
-3.5669291338582676
11
5.8976377952755907
21
-3.5669291338582676
0
LINE
8
BLACK
6
CONTINUOUS
10
5.8976377952755907
20
-3.5669291338582676
11
5.892771377952756
21
-3.5661583858267716
0
LINE
8
BLACK
6
CONTINUOUS
10
5.892771377952756
20
-3.5661583858267716
11
5.8883813385826773
21
-3.5639215354330709
0
LINE
8
BLACK
6
CONTINUOUS
10
5.8883813385826773
20
-3.5639215354330709
11
5.8848973622047245
21
-3.5604375590551181
0
LINE
8
BLACK
6
CONTINUOUS
10
5.8848973622047245
20
-3.5604375590551181
11
5.8826605118110233
21
-3.5560475196850394
0
LINE
8
BLACK
6
CONTINUOUS
10
5.8826605118110233
20
-3.5560475196850394
11
5.8818897637795278
21
-3.5511811023622046
0
LINE
8
BLACK
6
CONTINUOUS
10
5.8818897637795278
20
-3.5511811023622046
11
5.8818897637795278
21
-3.5255905511811023
0
LINE
8
BLACK
6
CONTINUOUS
10
5.8818897637795278
20
-3.5255905511811023
11
5.8826605118110233
21
-3.5207241338582675
0
LINE
8
BLACK
6
CONTINUOUS
10
5.8826605118110233
20
-3.5207241338582675
11
5.8848973622047245
21
-3.5163340944881889
0
LINE
8
BLACK
6
CONTINUOUS
10
5.8848973622047245
20
-3.5163340944881889
11
5.8883813385826773
21
-3.5128501181102361
0
LINE
8
BLACK
6
CONTINUOUS
10
5.8883813385826773
20
-3.5128501181102361
11
5.892771377952756
21
-3.5106132677165354
0
LINE
8
BLACK
6
CONTINUOUS
10
5.892771377952756
20
-3.5106132677165354
11
5.8976377952755907
21
-3.5098425196850394
0
LINE
8
BLACK
6
CONTINUOUS
10
5.8976377952755907
20
-3.5098425196850394
11
5.9330708661417324
21
-3.5098425196850394
0
LINE
8
BLACK
6
CONTINUOUS
10
5.9330708661417324
20
-3.5098425196850394
11
5.9379372834645672
21
-3.5106132677165354
0
LINE
8
BLACK
6
CONTINUOUS
10
5.6400394094488187
20
-3.5134090551181103
11
5.6444056692913387
21
-3.5155435826771653
0
LINE
8
BLACK
6
CONTINUOUS
10
5.6444056692913387
20
-3.5155435826771653
11
5.6478422440944884
21
-3.518980157480315
0
LINE
8
BLACK
6
CONTINUOUS
10
5.6478422440944884
20
-3.518980157480315
11
5.6499767716535434
21
-3.5233464173228346
0
LINE
8
BLACK
6
CONTINUOUS
10
5.6499767716535434
20
-3.5233464173228346
11
5.6505905511811019
21
-3.5275590551181102
0
LINE
8
BLACK
6
CONTINUOUS
10
5.6505905511811019
20
-3.5275590551181102
11
5.6505905511811019
21
-3.545275590551181
0
LINE
8
BLACK
6
CONTINUOUS
10
5.6505905511811019
20
-3.545275590551181
11
5.6499767716535434
21
-3.5494882283464566
0
LINE
8
BLACK
6
CONTINUOUS
10
5.6499767716535434
20
-3.5494882283464566
11
5.6478422440944884
21
-3.5538544881889762
0
LINE
8
BLACK
6
CONTINUOUS
10
5.6478422440944884
20
-3.5538544881889762
11
5.6444056692913387
21
-3.5572910629921259
0
LINE
8
BLACK
6
CONTINUOUS
10
5.6444056692913387
20
-3.5572910629921259
11
5.6400394094488187
21
-3.5594255905511809
0
LINE
8
BLACK
6
CONTINUOUS
10
5.6400394094488187
20
-3.5594255905511809
11
5.6358267716535435
21
-3.5600393700787403
0
LINE
8
BLACK
6
CONTINUOUS
10
5.6358267716535435
20
-3.5600393700787403
11
5.6161417322834648
21
-3.5600393700787403
0
LINE
8
BLACK
6
CONTINUOUS
10
5.6161417322834648
20
-3.5600393700787403
11
5.6119290944881888
21
-3.5594255905511809
0
LINE
8
BLACK
6
CONTINUOUS
10
5.6119290944881888
20
-3.5594255905511809
11
5.6075628346456687
21
-3.5572910629921259
0
LINE
8
BLACK
6
CONTINUOUS
10
5.6075628346456687
20
-3.5572910629921259
11
5.6041262598425199
21
-3.5538544881889762
0
LINE
8
BLACK
6
CONTINUOUS
10
5.6041262598425199
20
-3.5538544881889762
11
5.601991732283464
21
-3.5494882283464566
0
LINE
8
BLACK
6
CONTINUOUS
10
5.601991732283464
20
-3.5494882283464566
11
5.6013779527559056
21
-3.545275590551181
0
LINE
8
BLACK
6
CONTINUOUS
10
5.6013779527559056
20
-3.545275590551181
11
5.6013779527559056
21
-3.5275590551181102
0
LINE
8
BLACK
6
CONTINUOUS
10
5.6013779527559056
20
-3.5275590551181102
11
5.601991732283464
21
-3.5233464173228346
0
LINE
8
BLACK
6
CONTINUOUS
10
5.601991732283464
20
-3.5233464173228346
11
5.6041262598425199
21
-3.518980157480315
0
LINE
8
BLACK
6
CONTINUOUS
10
5.6041262598425199
20
-3.518980157480315
11
5.6075628346456687
21
-3.5155435826771653
0
LINE
8
BLACK
6
CONTINUOUS
10
5.6075628346456687
20
-3.5155435826771653
11
5.6119290944881888
21
-3.5134090551181103
0
LINE
8
BLACK
6
CONTINUOUS
10
5.6119290944881888
20
-3.5134090551181103
11
5.6161417322834648
21
-3.5127952755905509
0
LINE
8
BLACK
6
CONTINUOUS
10
5.6161417322834648
20
-3.5127952755905509
11
5.6358267716535435
21
-3.5127952755905509
0
LINE
8
BLACK
6
CONTINUOUS
10
5.6358267716535435
20
-3.5127952755905509
11
5.6400394094488187
21
-3.5134090551181103
0
LINE
8
BLACK
6
CONTINUOUS
10
5.7030315354330705
20
-3.5134090551181103
11
5.7073977952755905
21
-3.5155435826771653
0
LINE
8
BLACK
6
CONTINUOUS
10
5.7073977952755905
20
-3.5155435826771653
11
5.7108343700787403
21
-3.518980157480315
0
LINE
8
BLACK
6
CONTINUOUS
10
5.7108343700787403
20
-3.518980157480315
11
5.7129688976377953
21
-3.5233464173228346
0
LINE
8
BLACK
6
CONTINUOUS
10
5.7129688976377953
20
-3.5233464173228346
11
5.7135826771653546
21
-3.5275590551181102
0
LINE
8
BLACK
6
CONTINUOUS
10
5.7135826771653546
20
-3.5275590551181102
11
5.7135826771653546
21
-3.545275590551181
0
LINE
8
BLACK
6
CONTINUOUS
10
5.7135826771653546
20
-3.545275590551181
11
5.7129688976377953
21
-3.5494882283464566
0
LINE
8
BLACK
6
CONTINUOUS
10
5.7129688976377953
20
-3.5494882283464566
11
5.7108343700787403
21
-3.5538544881889762
0
LINE
8
BLACK
6
CONTINUOUS
10
5.7108343700787403
20
-3.5538544881889762
11
5.7073977952755905
21
-3.5572910629921259
0
LINE
8
BLACK
6
CONTINUOUS
10
5.7073977952755905
20
-3.5572910629921259
11
5.7030315354330705
21
-3.5594255905511809
0
LINE
8
BLACK
6
CONTINUOUS
10
5.7030315354330705
20
-3.5594255905511809
11
5.6988188976377954
21
-3.5600393700787403
0
LINE
8
BLACK
6
CONTINUOUS
10
5.6988188976377954
20
-3.5600393700787403
11
5.6791338582677167
21
-3.5600393700787403
0
LINE
8
BLACK
6
CONTINUOUS
10
5.6791338582677167
20
-3.5600393700787403
11
5.6749212204724406
21
-3.5594255905511809
0
LINE
8
BLACK
6
CONTINUOUS
10
5.6749212204724406
20
-3.5594255905511809
11
5.6705549606299215
21
-3.5572910629921259
0
LINE
8
BLACK
6
CONTINUOUS
10
5.6705549606299215
20
-3.5572910629921259
11
5.6671183858267717
21
-3.5538544881889762
0
LINE
8
BLACK
6
CONTINUOUS
10
5.6671183858267717
20
-3.5538544881889762
11
5.6649838582677168
21
-3.5494882283464566
0
LINE
8
BLACK
6
CONTINUOUS
10
5.6649838582677168
20
-3.5494882283464566
11
5.6643700787401574
21
-3.545275590551181
0
LINE
8
BLACK
6
CONTINUOUS
10
5.6643700787401574
20
-3.545275590551181
11
5.6643700787401574
21
-3.5275590551181102
0
LINE
8
BLACK
6
CONTINUOUS
10
5.6643700787401574
20
-3.5275590551181102
11
5.6649838582677168
21
-3.5233464173228346
0
LINE
8
BLACK
6
CONTINUOUS
10
5.6649838582677168
20
-3.5233464173228346
11
5.6671183858267717
21
-3.518980157480315
0
LINE
8
BLACK
6
CONTINUOUS
10
5.6671183858267717
20
-3.518980157480315
11
5.6705549606299215
21
-3.5155435826771653
0
LINE
8
BLACK
6
CONTINUOUS
10
5.6705549606299215
20
-3.5155435826771653
11
5.6749212204724406
21
-3.5134090551181103
0
LINE
8
BLACK
6
CONTINUOUS
10
5.6749212204724406
20
-3.5134090551181103
11
5.6791338582677167
21
-3.5127952755905509
0
LINE
8
BLACK
6
CONTINUOUS
10
5.6791338582677167
20
-3.5127952755905509
11
5.6988188976377954
21
-3.5127952755905509
0
LINE
8
BLACK
6
CONTINUOUS
10
5.6988188976377954
20
-3.5127952755905509
11
5.7030315354330705
21
-3.5134090551181103
0
LINE
8
BLACK
6
CONTINUOUS
10
5.7834097244094487
20
-3.5066762598425196
11
5.7877997637795273
21
-3.5089131102362203
0
LINE
8
BLACK
6
CONTINUOUS
10
5.7877997637795273
20
-3.5089131102362203
11
5.7912837401574802
21
-3.5123970866141732
0
LINE
8
BLACK
6
CONTINUOUS
10
5.7912837401574802
20
-3.5123970866141732
11
5.7935205905511813
21
-3.5167871259842518
0
LINE
8
BLACK
6
CONTINUOUS
10
5.7935205905511813
20
-3.5167871259842518
11
5.7942913385826769
21
-3.5216535433070866
0
LINE
8
BLACK
6
CONTINUOUS
10
5.7942913385826769
20
-3.5216535433070866
11
5.7942913385826769
21
-3.5413385826771653
0
LINE
8
BLACK
6
CONTINUOUS
10
5.7942913385826769
20
-3.5413385826771653
11
5.7935205905511813
21
-3.5462050000000001
0
LINE
8
BLACK
6
CONTINUOUS
10
5.7935205905511813
20
-3.5462050000000001
11
5.7912837401574802
21
-3.5505950393700787
0
LINE
8
BLACK
6
CONTINUOUS
10
5.7912837401574802
20
-3.5505950393700787
11
5.7877997637795273
21
-3.5540790157480315
0
LINE
8
BLACK
6
CONTINUOUS
10
5.7877997637795273
20
-3.5540790157480315
11
5.7834097244094487
21
-3.5563158661417322
0
LINE
8
BLACK
6
CONTINUOUS
10
5.7834097244094487
20
-3.5563158661417322
11
5.7785433070866139
21
-3.5570866141732282
0
LINE
8
BLACK
6
CONTINUOUS
10
5.7785433070866139
20
-3.5570866141732282
11
5.7411417322834648
21
-3.5570866141732282
0
LINE
8
BLACK
6
CONTINUOUS
10
5.7411417322834648
20
-3.5570866141732282
11
5.73627531496063
21
-3.5563158661417322
0
LINE
8
BLACK
6
CONTINUOUS
10
5.73627531496063
20
-3.5563158661417322
11
5.7318852755905514
21
-3.5540790157480315
0
LINE
8
BLACK
6
CONTINUOUS
10
5.7318852755905514
20
-3.5540790157480315
11
5.7284012992125986
21
-3.5505950393700787
0
LINE
8
BLACK
6
CONTINUOUS
10
5.7284012992125986
20
-3.5505950393700787
11
5.7261644488188974
21
-3.5462050000000001
0
LINE
8
BLACK
6
CONTINUOUS
10
5.7261644488188974
20
-3.5462050000000001
11
5.7253937007874018
21
-3.5413385826771653
0
LINE
8
BLACK
6
CONTINUOUS
10
5.7253937007874018
20
-3.5413385826771653
11
5.7253937007874018
21
-3.5216535433070866
0
LINE
8
BLACK
6
CONTINUOUS
10
5.7253937007874018
20
-3.5216535433070866
11
5.7261644488188974
21
-3.5167871259842518
0
LINE
8
BLACK
6
CONTINUOUS
10
5.7261644488188974
20
-3.5167871259842518
11
5.7284012992125986
21
-3.5123970866141732
0
LINE
8
BLACK
6
CONTINUOUS
10
5.7284012992125986
20
-3.5123970866141732
11
5.7318852755905514
21
-3.5089131102362203
0
LINE
8
BLACK
6
CONTINUOUS
10
5.7318852755905514
20
-3.5089131102362203
11
5.73627531496063
21
-3.5066762598425196
0
LINE
8
BLACK
6
CONTINUOUS
10
5.73627531496063
20
-3.5066762598425196
11
5.7411417322834648
21
-3.5059055118110236
0
LINE
8
BLACK
6
CONTINUOUS
10
5.7411417322834648
20
-3.5059055118110236
11
5.7785433070866139
21
-3.5059055118110236
0
LINE
8
BLACK
6
CONTINUOUS
10
5.7785433070866139
20
-3.5059055118110236
11
5.7834097244094487
21
-3.5066762598425196
0
LINE
8
BLACK
6
CONTINUOUS
10
6.3103543700787403
20
-3.4902515748031497
11
6.3147206299212595
21
-3.4923861023622047
0
LINE
8
BLACK
6
CONTINUOUS
10
6.3147206299212595
20
-3.4923861023622047
11
6.3181572047244092
21
-3.4958226771653544
0
LINE
8
BLACK
6
CONTINUOUS
10
6.3181572047244092
20
-3.4958226771653544
11
6.3202917322834642
21
-3.500188937007874
0
LINE
8
BLACK
6
CONTINUOUS
10
6.3202917322834642
20
-3.500188937007874
11
6.3209055118110236
21
-3.5044015748031496
0
LINE
8
BLACK
6
CONTINUOUS
10
6.3209055118110236
20
-3.5044015748031496
11
6.3209055118110236
21
-3.5221181102362205
0
LINE
8
BLACK
6
CONTINUOUS
10
6.3209055118110236
20
-3.5221181102362205
11
6.3202917322834642
21
-3.526330748031496
0
LINE
8
BLACK
6
CONTINUOUS
10
6.3202917322834642
20
-3.526330748031496
11
6.3181572047244092
21
-3.5306970078740156
0
LINE
8
BLACK
6
CONTINUOUS
10
6.3181572047244092
20
-3.5306970078740156
11
6.3147206299212595
21
-3.5341335826771654
0
LINE
8
BLACK
6
CONTINUOUS
10
6.3147206299212595
20
-3.5341335826771654
11
6.3103543700787403
21
-3.5362681102362203
0
LINE
8
BLACK
6
CONTINUOUS
10
6.3103543700787403
20
-3.5362681102362203
11
6.3061417322834643
21
-3.5368818897637793
0
LINE
8
BLACK
6
CONTINUOUS
10
6.3061417322834643
20
-3.5368818897637793
11
6.2864566929133856
21
-3.5368818897637793
0
LINE
8
BLACK
6
CONTINUOUS
10
6.2864566929133856
20
-3.5368818897637793
11
6.2822440551181105
21
-3.5362681102362203
0
LINE
8
BLACK
6
CONTINUOUS
10
6.2822440551181105
20
-3.5362681102362203
11
6.2778777952755904
21
-3.5341335826771654
0
LINE
8
BLACK
6
CONTINUOUS
10
6.2778777952755904
20
-3.5341335826771654
11
6.2744412204724407
21
-3.5306970078740156
0
LINE
8
BLACK
6
CONTINUOUS
10
6.2744412204724407
20
-3.5306970078740156
11
6.2723066929133857
21
-3.526330748031496
0
LINE
8
BLACK
6
CONTINUOUS
10
6.2723066929133857
20
-3.526330748031496
11
6.2716929133858264
21
-3.5221181102362205
0
LINE
8
BLACK
6
CONTINUOUS
10
6.2716929133858264
20
-3.5221181102362205
11
6.2716929133858264
21
-3.5044015748031496
0
LINE
8
BLACK
6
CONTINUOUS
10
6.2716929133858264
20
-3.5044015748031496
11
6.2723066929133857
21
-3.500188937007874
0
LINE
8
BLACK
6
CONTINUOUS
10
6.2723066929133857
20
-3.500188937007874
11
6.2744412204724407
21
-3.4958226771653544
0
LINE
8
BLACK
6
CONTINUOUS
10
6.2744412204724407
20
-3.4958226771653544
11
6.2778777952755904
21
-3.4923861023622047
0
LINE
8
BLACK
6
CONTINUOUS
10
6.2778777952755904
20
-3.4923861023622047
11
6.2822440551181105
21
-3.4902515748031497
0
LINE
8
BLACK
6
CONTINUOUS
10
6.2822440551181105
20
-3.4902515748031497
11
6.2864566929133856
21
-3.4896377952755904
0
LINE
8
BLACK
6
CONTINUOUS
10
6.2864566929133856
20
-3.4896377952755904
11
6.3061417322834643
21
-3.4896377952755904
0
LINE
8
BLACK
6
CONTINUOUS
10
6.3061417322834643
20
-3.4896377952755904
11
6.3103543700787403
21
-3.4902515748031497
0
LINE
8
BLACK
6
CONTINUOUS
10
6.1583464960629923
20
-3.4717555118110237
11
6.1627127559055115
21
-3.4738900393700787
0
LINE
8
BLACK
6
CONTINUOUS
10
6.1627127559055115
20
-3.4738900393700787
11
6.1661493307086612
21
-3.4773266141732284
0
LINE
8
BLACK
6
CONTINUOUS
10
6.1661493307086612
20
-3.4773266141732284
11
6.1682838582677162
21
-3.481692874015748
0
LINE
8
BLACK
6
CONTINUOUS
10
6.1682838582677162
20
-3.481692874015748
11
6.1688976377952756
21
-3.4859055118110236
0
LINE
8
BLACK
6
CONTINUOUS
10
6.1688976377952756
20
-3.4859055118110236
11
6.1688976377952756
21
-3.5055905511811023
0
LINE
8
BLACK
6
CONTINUOUS
10
6.1688976377952756
20
-3.5055905511811023
11
6.1682838582677162
21
-3.5098031889763779
0
LINE
8
BLACK
6
CONTINUOUS
10
6.1682838582677162
20
-3.5098031889763779
11
6.1661493307086612
21
-3.5141694488188975
0
LINE
8
BLACK
6
CONTINUOUS
10
6.1661493307086612
20
-3.5141694488188975
11
6.1627127559055115
21
-3.5176060236220472
0
LINE
8
BLACK
6
CONTINUOUS
10
6.1627127559055115
20
-3.5176060236220472
11
6.1583464960629923
21
-3.5197405511811022
0
LINE
8
BLACK
6
CONTINUOUS
10
6.1583464960629923
20
-3.5197405511811022
11
6.1541338582677163
21
-3.5203543307086615
0
LINE
8
BLACK
6
CONTINUOUS
10
6.1541338582677163
20
-3.5203543307086615
11
6.1364173228346459
21
-3.5203543307086615
0
LINE
8
BLACK
6
CONTINUOUS
10
6.1364173228346459
20
-3.5203543307086615
11
6.1322046850393699
21
-3.5197405511811022
0
LINE
8
BLACK
6
CONTINUOUS
10
6.1322046850393699
20
-3.5197405511811022
11
6.1278384251968498
21
-3.5176060236220472
0
LINE
8
BLACK
6
CONTINUOUS
10
6.1278384251968498
20
-3.5176060236220472
11
6.124401850393701
21
-3.5141694488188975
0
LINE
8
BLACK
6
CONTINUOUS
10
6.124401850393701
20
-3.5141694488188975
11
6.1222673228346451
21
-3.5098031889763779
0
LINE
8
BLACK
6
CONTINUOUS
10
6.1222673228346451
20
-3.5098031889763779
11
6.1216535433070867
21
-3.5055905511811023
0
LINE
8
BLACK
6
CONTINUOUS
10
6.1216535433070867
20
-3.5055905511811023
11
6.1216535433070867
21
-3.4859055118110236
0
LINE
8
BLACK
6
CONTINUOUS
10
6.1216535433070867
20
-3.4859055118110236
11
6.1222673228346451
21
-3.481692874015748
0
LINE
8
BLACK
6
CONTINUOUS
10
6.1222673228346451
20
-3.481692874015748
11
6.124401850393701
21
-3.4773266141732284
0
LINE
8
BLACK
6
CONTINUOUS
10
6.124401850393701
20
-3.4773266141732284
11
6.1278384251968498
21
-3.4738900393700787
0
LINE
8
BLACK
6
CONTINUOUS
10
6.1278384251968498
20
-3.4738900393700787
11
6.1322046850393699
21
-3.4717555118110237
0
LINE
8
BLACK
6
CONTINUOUS
10
6.1322046850393699
20
-3.4717555118110237
11
6.1364173228346459
21
-3.4711417322834643
0
LINE
8
BLACK
6
CONTINUOUS
10
6.1364173228346459
20
-3.4711417322834643
11
6.1541338582677163
21
-3.4711417322834643
0
LINE
8
BLACK
6
CONTINUOUS
10
6.1541338582677163
20
-3.4711417322834643
11
6.1583464960629923
21
-3.4717555118110237
0
LINE
8
BLACK
6
CONTINUOUS
10
6.2193701181102359
20
-3.4717555118110237
11
6.2237363779527559
21
-3.4738900393700787
0
LINE
8
BLACK
6
CONTINUOUS
10
6.2237363779527559
20
-3.4738900393700787
11
6.2271729527559057
21
-3.4773266141732284
0
LINE
8
BLACK
6
CONTINUOUS
10
6.2271729527559057
20
-3.4773266141732284
11
6.2293074803149606
21
-3.481692874015748
0
LINE
8
BLACK
6
CONTINUOUS
10
6.2293074803149606
20
-3.481692874015748
11
6.22992125984252
21
-3.4859055118110236
0
LINE
8
BLACK
6
CONTINUOUS
10
6.22992125984252
20
-3.4859055118110236
11
6.22992125984252
21
-3.5055905511811023
0
LINE
8
BLACK
6
CONTINUOUS
10
6.22992125984252
20
-3.5055905511811023
11
6.2293074803149606
21
-3.5098031889763779
0
LINE
8
BLACK
6
CONTINUOUS
10
6.2293074803149606
20
-3.5098031889763779
11
6.2271729527559057
21
-3.5141694488188975
0
LINE
8
BLACK
6
CONTINUOUS
10
6.2271729527559057
20
-3.5141694488188975
11
6.2237363779527559
21
-3.5176060236220472
0
LINE
8
BLACK
6
CONTINUOUS
10
6.2237363779527559
20
-3.5176060236220472
11
6.2193701181102359
21
-3.5197405511811022
0
LINE
8
BLACK
6
CONTINUOUS
10
6.2193701181102359
20
-3.5197405511811022
11
6.2151574803149607
21
-3.5203543307086615
0
LINE
8
BLACK
6
CONTINUOUS
10
6.2151574803149607
20
-3.5203543307086615
11
6.1974409448818895
21
-3.5203543307086615
0
LINE
8
BLACK
6
CONTINUOUS
10
6.1974409448818895
20
-3.5203543307086615
11
6.1932283070866143
21
-3.5197405511811022
0
LINE
8
BLACK
6
CONTINUOUS
10
6.1932283070866143
20
-3.5197405511811022
11
6.1888620472440943
21
-3.5176060236220472
0
LINE
8
BLACK
6
CONTINUOUS
10
6.1888620472440943
20
-3.5176060236220472
11
6.1854254724409445
21
-3.5141694488188975
0
LINE
8
BLACK
6
CONTINUOUS
10
6.1854254724409445
20
-3.5141694488188975
11
6.1832909448818896
21
-3.5098031889763779
0
LINE
8
BLACK
6
CONTINUOUS
10
6.1832909448818896
20
-3.5098031889763779
11
6.1826771653543302
21
-3.5055905511811023
0
LINE
8
BLACK
6
CONTINUOUS
10
6.1826771653543302
20
-3.5055905511811023
11
6.1826771653543302
21
-3.4859055118110236
0
LINE
8
BLACK
6
CONTINUOUS
10
6.1826771653543302
20
-3.4859055118110236
11
6.1832909448818896
21
-3.481692874015748
0
LINE
8
BLACK
6
CONTINUOUS
10
6.1832909448818896
20
-3.481692874015748
11
6.1854254724409445
21
-3.4773266141732284
0
LINE
8
BLACK
6
CONTINUOUS
10
6.1854254724409445
20
-3.4773266141732284
11
6.1888620472440943
21
-3.4738900393700787
0
LINE
8
BLACK
6
CONTINUOUS
10
6.1888620472440943
20
-3.4738900393700787
11
6.1932283070866143
21
-3.4717555118110237
0
LINE
8
BLACK
6
CONTINUOUS
10
6.1932283070866143
20
-3.4717555118110237
11
6.1974409448818895
21
-3.4711417322834643
0
LINE
8
BLACK
6
CONTINUOUS
10
6.1974409448818895
20
-3.4711417322834643
11
6.2151574803149607
21
-3.4711417322834643
0
LINE
8
BLACK
6
CONTINUOUS
10
6.2151574803149607
20
-3.4711417322834643
11
6.2193701181102359
21
-3.4717555118110237
0
LINE
8
BLACK
6
CONTINUOUS
10
5.8611656299212598
20
-3.4682904330708659
11
5.8655556692913384
21
-3.4705272834645671
0
LINE
8
BLACK
6
CONTINUOUS
10
5.8655556692913384
20
-3.4705272834645671
11
5.8690396456692913
21
-3.4740112598425195
0
LINE
8
BLACK
6
CONTINUOUS
10
5.8690396456692913
20
-3.4740112598425195
11
5.8712764960629924
21
-3.4784012992125986
0
LINE
8
BLACK
6
CONTINUOUS
10
5.8712764960629924
20
-3.4784012992125986
11
5.872047244094488
21
-3.4832677165354329
0
LINE
8
BLACK
6
CONTINUOUS
10
5.872047244094488
20
-3.4832677165354329
11
5.872047244094488
21
-3.5039370078740157
0
LINE
8
BLACK
6
CONTINUOUS
10
5.872047244094488
20
-3.5039370078740157
11
5.8712764960629924
21
-3.5088034251968505
0
LINE
8
BLACK
6
CONTINUOUS
10
5.8712764960629924
20
-3.5088034251968505
11
5.8690396456692913
21
-3.5131934645669292
0
LINE
8
BLACK
6
CONTINUOUS
10
5.8690396456692913
20
-3.5131934645669292
11
5.8655556692913384
21
-3.516677440944882
0
LINE
8
BLACK
6
CONTINUOUS
10
5.8655556692913384
20
-3.516677440944882
11
5.8611656299212598
21
-3.5189142913385827
0
LINE
8
BLACK
6
CONTINUOUS
10
5.8611656299212598
20
-3.5189142913385827
11
5.856299212598425
21
-3.5196850393700787
0
LINE
8
BLACK
6
CONTINUOUS
10
5.856299212598425
20
-3.5196850393700787
11
5.8208661417322833
21
-3.5196850393700787
0
LINE
8
BLACK
6
CONTINUOUS
10
5.8208661417322833
20
-3.5196850393700787
11
5.8159997244094486
21
-3.5189142913385827
0
LINE
8
BLACK
6
CONTINUOUS
10
5.8159997244094486
20
-3.5189142913385827
11
5.8116096850393699
21
-3.516677440944882
0
LINE
8
BLACK
6
CONTINUOUS
10
5.8116096850393699
20
-3.516677440944882
11
5.8081257086614171
21
-3.5131934645669292
0
LINE
8
BLACK
6
CONTINUOUS
10
5.8081257086614171
20
-3.5131934645669292
11
5.8058888582677168
21
-3.5088034251968505
0
LINE
8
BLACK
6
CONTINUOUS
10
5.8058888582677168
20
-3.5088034251968505
11
5.8051181102362204
21
-3.5039370078740157
0
LINE
8
BLACK
6
CONTINUOUS
10
5.8051181102362204
20
-3.5039370078740157
11
5.8051181102362204
21
-3.4832677165354329
0
LINE
8
BLACK
6
CONTINUOUS
10
5.8051181102362204
20
-3.4832677165354329
11
5.8058888582677168
21
-3.4784012992125986
0
LINE
8
BLACK
6
CONTINUOUS
10
5.8058888582677168
20
-3.4784012992125986
11
5.8081257086614171
21
-3.4740112598425195
0
LINE
8
BLACK
6
CONTINUOUS
10
5.8081257086614171
20
-3.4740112598425195
11
5.8116096850393699
21
-3.4705272834645671
0
LINE
8
BLACK
6
CONTINUOUS
10
5.8116096850393699
20
-3.4705272834645671
11
5.8159997244094486
21
-3.4682904330708659
0
LINE
8
BLACK
6
CONTINUOUS
10
5.8159997244094486
20
-3.4682904330708659
11
5.8208661417322833
21
-3.4675196850393699
0
LINE
8
BLACK
6
CONTINUOUS
10
5.8208661417322833
20
-3.4675196850393699
11
5.856299212598425
21
-3.4675196850393699
0
LINE
8
BLACK
6
CONTINUOUS
10
5.856299212598425
20
-3.4675196850393699
11
5.8611656299212598
21
-3.4682904330708659
0
LINE
8
BLACK
6
CONTINUOUS
10
6.0653543700787402
20
-3.4682515748031495
11
6.0697206299212594
21
-3.4703861023622045
0
LINE
8
BLACK
6
CONTINUOUS
10
6.0697206299212594
20
-3.4703861023622045
11
6.0731572047244091
21
-3.4738226771653542
0
LINE
8
BLACK
6
CONTINUOUS
10
6.0731572047244091
20
-3.4738226771653542
11
6.0752917322834641
21
-3.4781889370078738
0
LINE
8
BLACK
6
CONTINUOUS
10
6.0752917322834641
20
-3.4781889370078738
11
6.0759055118110235
21
-3.4824015748031494
0
LINE
8
BLACK
6
CONTINUOUS
10
6.0759055118110235
20
-3.4824015748031494
11
6.0759055118110235
21
-3.5001181102362202
0
LINE
8
BLACK
6
CONTINUOUS
10
6.0759055118110235
20
-3.5001181102362202
11
6.0752917322834641
21
-3.5043307480314958
0
LINE
8
BLACK
6
CONTINUOUS
10
6.0752917322834641
20
-3.5043307480314958
11
6.0731572047244091
21
-3.5086970078740158
0
LINE
8
BLACK
6
CONTINUOUS
10
6.0731572047244091
20
-3.5086970078740158
11
6.0697206299212594
21
-3.5121335826771651
0
LINE
8
BLACK
6
CONTINUOUS
10
6.0697206299212594
20
-3.5121335826771651
11
6.0653543700787402
21
-3.5142681102362205
0
LINE
8
BLACK
6
CONTINUOUS
10
6.0653543700787402
20
-3.5142681102362205
11
6.0611417322834642
21
-3.5148818897637795
0
LINE
8
BLACK
6
CONTINUOUS
10
6.0611417322834642
20
-3.5148818897637795
11
6.0414566929133855
21
-3.5148818897637795
0
LINE
8
BLACK
6
CONTINUOUS
10
6.0414566929133855
20
-3.5148818897637795
11
6.0372440551181104
21
-3.5142681102362205
0
LINE
8
BLACK
6
CONTINUOUS
10
6.0372440551181104
20
-3.5142681102362205
11
6.0328777952755903
21
-3.5121335826771651
0
LINE
8
BLACK
6
CONTINUOUS
10
6.0328777952755903
20
-3.5121335826771651
11
6.0294412204724406
21
-3.5086970078740158
0
LINE
8
BLACK
6
CONTINUOUS
10
6.0294412204724406
20
-3.5086970078740158
11
6.0273066929133856
21
-3.5043307480314958
0
LINE
8
BLACK
6
CONTINUOUS
10
6.0273066929133856
20
-3.5043307480314958
11
6.0266929133858262
21
-3.5001181102362202
0
LINE
8
BLACK
6
CONTINUOUS
10
6.0266929133858262
20
-3.5001181102362202
11
6.0266929133858262
21
-3.4824015748031494
0
LINE
8
BLACK
6
CONTINUOUS
10
6.0266929133858262
20
-3.4824015748031494
11
6.0273066929133856
21
-3.4781889370078738
0
LINE
8
BLACK
6
CONTINUOUS
10
6.0273066929133856
20
-3.4781889370078738
11
6.0294412204724406
21
-3.4738226771653542
0
LINE
8
BLACK
6
CONTINUOUS
10
6.0294412204724406
20
-3.4738226771653542
11
6.0328777952755903
21
-3.4703861023622045
0
LINE
8
BLACK
6
CONTINUOUS
10
6.0328777952755903
20
-3.4703861023622045
11
6.0372440551181104
21
-3.4682515748031495
0
LINE
8
BLACK
6
CONTINUOUS
10
6.0372440551181104
20
-3.4682515748031495
11
6.0414566929133855
21
-3.4676377952755906
0
LINE
8
BLACK
6
CONTINUOUS
10
6.0414566929133855
20
-3.4676377952755906
11
6.0611417322834642
21
-3.4676377952755906
0
LINE
8
BLACK
6
CONTINUOUS
10
6.0611417322834642
20
-3.4676377952755906
11
6.0653543700787402
21
-3.4682515748031495
0
LINE
8
BLACK
6
CONTINUOUS
10
5.2533464960629921
20
-3.4467555118110234
11
5.2577127559055121
21
-3.4488900393700788
0
LINE
8
BLACK
6
CONTINUOUS
10
5.2577127559055121
20
-3.4488900393700788
11
5.261149330708661
21
-3.4523266141732281
0
LINE
8
BLACK
6
CONTINUOUS
10
5.261149330708661
20
-3.4523266141732281
11
5.2632838582677168
21
-3.4566928740157481
0
LINE
8
BLACK
6
CONTINUOUS
10
5.2632838582677168
20
-3.4566928740157481
11
5.2638976377952753
21
-3.4609055118110237
0
LINE
8
BLACK
6
CONTINUOUS
10
5.2638976377952753
20
-3.4609055118110237
11
5.2638976377952753
21
-3.4805905511811024
0
LINE
8
BLACK
6
CONTINUOUS
10
5.2638976377952753
20
-3.4805905511811024
11
5.2632838582677168
21
-3.484803188976378
0
LINE
8
BLACK
6
CONTINUOUS
10
5.2632838582677168
20
-3.484803188976378
11
5.261149330708661
21
-3.4891694488188976
0
LINE
8
BLACK
6
CONTINUOUS
10
5.261149330708661
20
-3.4891694488188976
11
5.2577127559055121
21
-3.4926060236220473
0
LINE
8
BLACK
6
CONTINUOUS
10
5.2577127559055121
20
-3.4926060236220473
11
5.2533464960629921
21
-3.4947405511811023
0
LINE
8
BLACK
6
CONTINUOUS
10
5.2533464960629921
20
-3.4947405511811023
11
5.2491338582677161
21
-3.4953543307086612
0
LINE
8
BLACK
6
CONTINUOUS
10
5.2491338582677161
20
-3.4953543307086612
11
5.2314173228346457
21
-3.4953543307086612
0
LINE
8
BLACK
6
CONTINUOUS
10
5.2314173228346457
20
-3.4953543307086612
11
5.2272046850393696
21
-3.4947405511811023
0
LINE
8
BLACK
6
CONTINUOUS
10
5.2272046850393696
20
-3.4947405511811023
11
5.2228384251968505
21
-3.4926060236220473
0
LINE
8
BLACK
6
CONTINUOUS
10
5.2228384251968505
20
-3.4926060236220473
11
5.2194018503937007
21
-3.4891694488188976
0
LINE
8
BLACK
6
CONTINUOUS
10
5.2194018503937007
20
-3.4891694488188976
11
5.2172673228346458
21
-3.484803188976378
0
LINE
8
BLACK
6
CONTINUOUS
10
5.2172673228346458
20
-3.484803188976378
11
5.2166535433070864
21
-3.4805905511811024
0
LINE
8
BLACK
6
CONTINUOUS
10
5.2166535433070864
20
-3.4805905511811024
11
5.2166535433070864
21
-3.4609055118110237
0
LINE
8
BLACK
6
CONTINUOUS
10
5.2166535433070864
20
-3.4609055118110237
11
5.2172673228346458
21
-3.4566928740157481
0
LINE
8
BLACK
6
CONTINUOUS
10
5.2172673228346458
20
-3.4566928740157481
11
5.2194018503937007
21
-3.4523266141732281
0
LINE
8
BLACK
6
CONTINUOUS
10
5.2194018503937007
20
-3.4523266141732281
11
5.2228384251968505
21
-3.4488900393700788
0
LINE
8
BLACK
6
CONTINUOUS
10
5.2228384251968505
20
-3.4488900393700788
11
5.2272046850393696
21
-3.4467555118110234
0
LINE
8
BLACK
6
CONTINUOUS
10
5.2272046850393696
20
-3.4467555118110234
11
5.2314173228346457
21
-3.4461417322834644
0
LINE
8
BLACK
6
CONTINUOUS
10
5.2314173228346457
20
-3.4461417322834644
11
5.2491338582677161
21
-3.4461417322834644
0
LINE
8
BLACK
6
CONTINUOUS
10
5.2491338582677161
20
-3.4461417322834644
11
5.2533464960629921
21
-3.4467555118110234
0
LINE
8
BLACK
6
CONTINUOUS
10
5.3143701181102365
20
-3.4467555118110234
11
5.3187363779527557
21
-3.4488900393700788
0
LINE
8
BLACK
6
CONTINUOUS
10
5.3187363779527557
20
-3.4488900393700788
11
5.3221729527559054
21
-3.4523266141732281
0
LINE
8
BLACK
6
CONTINUOUS
10
5.3221729527559054
20
-3.4523266141732281
11
5.3243074803149604
21
-3.4566928740157481
0
LINE
8
BLACK
6
CONTINUOUS
10
5.3243074803149604
20
-3.4566928740157481
11
5.3249212598425197
21
-3.4609055118110237
0
LINE
8
BLACK
6
CONTINUOUS
10
5.3249212598425197
20
-3.4609055118110237
11
5.3249212598425197
21
-3.4805905511811024
0
LINE
8
BLACK
6
CONTINUOUS
10
5.3249212598425197
20
-3.4805905511811024
11
5.3243074803149604
21
-3.484803188976378
0
LINE
8
BLACK
6
CONTINUOUS
10
5.3243074803149604
20
-3.484803188976378
11
5.3221729527559054
21
-3.4891694488188976
0
LINE
8
BLACK
6
CONTINUOUS
10
5.3221729527559054
20
-3.4891694488188976
11
5.3187363779527557
21
-3.4926060236220473
0
LINE
8
BLACK
6
CONTINUOUS
10
5.3187363779527557
20
-3.4926060236220473
11
5.3143701181102365
21
-3.4947405511811023
0
LINE
8
BLACK
6
CONTINUOUS
10
5.3143701181102365
20
-3.4947405511811023
11
5.3101574803149605
21
-3.4953543307086612
0
LINE
8
BLACK
6
CONTINUOUS
10
5.3101574803149605
20
-3.4953543307086612
11
5.2924409448818892
21
-3.4953543307086612
0
LINE
8
BLACK
6
CONTINUOUS
10
5.2924409448818892
20
-3.4953543307086612
11
5.2882283070866141
21
-3.4947405511811023
0
LINE
8
BLACK
6
CONTINUOUS
10
5.2882283070866141
20
-3.4947405511811023
11
5.283862047244094
21
-3.4926060236220473
0
LINE
8
BLACK
6
CONTINUOUS
10
5.283862047244094
20
-3.4926060236220473
11
5.2804254724409452
21
-3.4891694488188976
0
LINE
8
BLACK
6
CONTINUOUS
10
5.2804254724409452
20
-3.4891694488188976
11
5.2782909448818893
21
-3.484803188976378
0
LINE
8
BLACK
6
CONTINUOUS
10
5.2782909448818893
20
-3.484803188976378
11
5.2776771653543308
21
-3.4805905511811024
0
LINE
8
BLACK
6
CONTINUOUS
10
5.2776771653543308
20
-3.4805905511811024
11
5.2776771653543308
21
-3.4609055118110237
0
LINE
8
BLACK
6
CONTINUOUS
10
5.2776771653543308
20
-3.4609055118110237
11
5.2782909448818893
21
-3.4566928740157481
0
LINE
8
BLACK
6
CONTINUOUS
10
5.2782909448818893
20
-3.4566928740157481
11
5.2804254724409452
21
-3.4523266141732281
0
LINE
8
BLACK
6
CONTINUOUS
10
5.2804254724409452
20
-3.4523266141732281
11
5.283862047244094
21
-3.4488900393700788
0
LINE
8
BLACK
6
CONTINUOUS
10
5.283862047244094
20
-3.4488900393700788
11
5.2882283070866141
21
-3.4467555118110234
0
LINE
8
BLACK
6
CONTINUOUS
10
5.2882283070866141
20
-3.4467555118110234
11
5.2924409448818892
21
-3.4461417322834644
0
LINE
8
BLACK
6
CONTINUOUS
10
5.2924409448818892
20
-3.4461417322834644
11
5.3101574803149605
21
-3.4461417322834644
0
LINE
8
BLACK
6
CONTINUOUS
10
5.3101574803149605
20
-3.4461417322834644
11
5.3143701181102365
21
-3.4467555118110234
0
LINE
8
BLACK
6
CONTINUOUS
10
5.782425472440945
20
-3.4387628740157479
11
5.7868155118110236
21
-3.4409997244094486
0
LINE
8
BLACK
6
CONTINUOUS
10
5.7868155118110236
20
-3.4409997244094486
11
5.7902994881889764
21
-3.4444837007874014
0
LINE
8
BLACK
6
CONTINUOUS
10
5.7902994881889764
20
-3.4444837007874014
11
5.7925363385826767
21
-3.4488737401574801
0
LINE
8
BLACK
6
CONTINUOUS
10
5.7925363385826767
20
-3.4488737401574801
11
5.7933070866141732
21
-3.4537401574803148
0
LINE
8
BLACK
6
CONTINUOUS
10
5.7933070866141732
20
-3.4537401574803148
11
5.7933070866141732
21
-3.4793307086614171
0
LINE
8
BLACK
6
CONTINUOUS
10
5.7933070866141732
20
-3.4793307086614171
11
5.7925363385826767
21
-3.4841971259842519
0
LINE
8
BLACK
6
CONTINUOUS
10
5.7925363385826767
20
-3.4841971259842519
11
5.7902994881889764
21
-3.4885871653543306
0
LINE
8
BLACK
6
CONTINUOUS
10
5.7902994881889764
20
-3.4885871653543306
11
5.7868155118110236
21
-3.4920711417322834
0
LINE
8
BLACK
6
CONTINUOUS
10
5.7868155118110236
20
-3.4920711417322834
11
5.782425472440945
21
-3.4943079921259841
0
LINE
8
BLACK
6
CONTINUOUS
10
5.782425472440945
20
-3.4943079921259841
11
5.7775590551181102
21
-3.4950787401574801
0
LINE
8
BLACK
6
CONTINUOUS
10
5.7775590551181102
20
-3.4950787401574801
11
5.7421259842519685
21
-3.4950787401574801
0
LINE
8
BLACK
6
CONTINUOUS
10
5.7421259842519685
20
-3.4950787401574801
11
5.7372595669291337
21
-3.4943079921259841
0
LINE
8
BLACK
6
CONTINUOUS
10
5.7372595669291337
20
-3.4943079921259841
11
5.7328695275590551
21
-3.4920711417322834
0
LINE
8
BLACK
6
CONTINUOUS
10
5.7328695275590551
20
-3.4920711417322834
11
5.7293855511811023
21
-3.4885871653543306
0
LINE
8
BLACK
6
CONTINUOUS
10
5.7293855511811023
20
-3.4885871653543306
11
5.7271487007874011
21
-3.4841971259842519
0
LINE
8
BLACK
6
CONTINUOUS
10
5.7271487007874011
20
-3.4841971259842519
11
5.7263779527559056
21
-3.4793307086614171
0
LINE
8
BLACK
6
CONTINUOUS
10
5.7263779527559056
20
-3.4793307086614171
11
5.7263779527559056
21
-3.4537401574803148
0
LINE
8
BLACK
6
CONTINUOUS
10
5.7263779527559056
20
-3.4537401574803148
11
5.7271487007874011
21
-3.4488737401574801
0
LINE
8
BLACK
6
CONTINUOUS
10
5.7271487007874011
20
-3.4488737401574801
11
5.7293855511811023
21
-3.4444837007874014
0
LINE
8
BLACK
6
CONTINUOUS
10
5.7293855511811023
20
-3.4444837007874014
11
5.7328695275590551
21
-3.4409997244094486
0
LINE
8
BLACK
6
CONTINUOUS
10
5.7328695275590551
20
-3.4409997244094486
11
5.7372595669291337
21
-3.4387628740157479
0
LINE
8
BLACK
6
CONTINUOUS
10
5.7372595669291337
20
-3.4387628740157479
11
5.7421259842519685
21
-3.4379921259842519
0
LINE
8
BLACK
6
CONTINUOUS
10
5.7421259842519685
20
-3.4379921259842519
11
5.7775590551181102
21
-3.4379921259842519
0
LINE
8
BLACK
6
CONTINUOUS
10
5.7775590551181102
20
-3.4379921259842519
11
5.782425472440945
21
-3.4387628740157479
0
LINE
8
BLACK
6
CONTINUOUS
10
6.3103543700787403
20
-3.4292279527559053
11
6.3147206299212595
21
-3.4313624803149607
0
LINE
8
BLACK
6
CONTINUOUS
10
6.3147206299212595
20
-3.4313624803149607
11
6.3181572047244092
21
-3.43479905511811
0
LINE
8
BLACK
6
CONTINUOUS
10
6.3181572047244092
20
-3.43479905511811
11
6.3202917322834642
21
-3.43916531496063
0
LINE
8
BLACK
6
CONTINUOUS
10
6.3202917322834642
20
-3.43916531496063
11
6.3209055118110236
21
-3.4433779527559056
0
LINE
8
BLACK
6
CONTINUOUS
10
6.3209055118110236
20
-3.4433779527559056
11
6.3209055118110236
21
-3.4610944881889765
0
LINE
8
BLACK
6
CONTINUOUS
10
6.3209055118110236
20
-3.4610944881889765
11
6.3202917322834642
21
-3.4653071259842521
0
LINE
8
BLACK
6
CONTINUOUS
10
6.3202917322834642
20
-3.4653071259842521
11
6.3181572047244092
21
-3.4696733858267716
0
LINE
8
BLACK
6
CONTINUOUS
10
6.3181572047244092
20
-3.4696733858267716
11
6.3147206299212595
21
-3.4731099606299214
0
LINE
8
BLACK
6
CONTINUOUS
10
6.3147206299212595
20
-3.4731099606299214
11
6.3103543700787403
21
-3.4752444881889764
0
LINE
8
BLACK
6
CONTINUOUS
10
6.3103543700787403
20
-3.4752444881889764
11
6.3061417322834643
21
-3.4758582677165353
0
LINE
8
BLACK
6
CONTINUOUS
10
6.3061417322834643
20
-3.4758582677165353
11
6.2864566929133856
21
-3.4758582677165353
0
LINE
8
BLACK
6
CONTINUOUS
10
6.2864566929133856
20
-3.4758582677165353
11
6.2822440551181105
21
-3.4752444881889764
0
LINE
8
BLACK
6
CONTINUOUS
10
6.2822440551181105
20
-3.4752444881889764
11
6.2778777952755904
21
-3.4731099606299214
0
LINE
8
BLACK
6
CONTINUOUS
10
6.2778777952755904
20
-3.4731099606299214
11
6.2744412204724407
21
-3.4696733858267716
0
LINE
8
BLACK
6
CONTINUOUS
10
6.2744412204724407
20
-3.4696733858267716
11
6.2723066929133857
21
-3.4653071259842521
0
LINE
8
BLACK
6
CONTINUOUS
10
6.2723066929133857
20
-3.4653071259842521
11
6.2716929133858264
21
-3.4610944881889765
0
LINE
8
BLACK
6
CONTINUOUS
10
6.2716929133858264
20
-3.4610944881889765
11
6.2716929133858264
21
-3.4433779527559056
0
LINE
8
BLACK
6
CONTINUOUS
10
6.2716929133858264
20
-3.4433779527559056
11
6.2723066929133857
21
-3.43916531496063
0
LINE
8
BLACK
6
CONTINUOUS
10
6.2723066929133857
20
-3.43916531496063
11
6.2744412204724407
21
-3.43479905511811
0
LINE
8
BLACK
6
CONTINUOUS
10
6.2744412204724407
20
-3.43479905511811
11
6.2778777952755904
21
-3.4313624803149607
0
LINE
8
BLACK
6
CONTINUOUS
10
6.2778777952755904
20
-3.4313624803149607
11
6.2822440551181105
21
-3.4292279527559053
0
LINE
8
BLACK
6
CONTINUOUS
10
6.2822440551181105
20
-3.4292279527559053
11
6.2864566929133856
21
-3.4286141732283464
0
LINE
8
BLACK
6
CONTINUOUS
10
6.2864566929133856
20
-3.4286141732283464
11
6.3061417322834643
21
-3.4286141732283464
0
LINE
8
BLACK
6
CONTINUOUS
10
6.3061417322834643
20
-3.4286141732283464
11
6.3103543700787403
21
-3.4292279527559053
0
LINE
8
BLACK
6
CONTINUOUS
10
5.9105970866141728
20
-3.4161153543307088
11
5.914009881889764
21
-3.4186601181102363
0
LINE
8
BLACK
6
CONTINUOUS
10
5.914009881889764
20
-3.4186601181102363
11
5.9265373622047246
21
-3.4311875984251969
0
LINE
8
BLACK
6
CONTINUOUS
10
5.9265373622047246
20
-3.4311875984251969
11
5.9290821259842517
21
-3.4346003937007872
0
LINE
8
BLACK
6
CONTINUOUS
10
5.9290821259842517
20
-3.4346003937007872
11
5.9306601968503934
21
-3.4391971653543307
0
LINE
8
BLACK
6
CONTINUOUS
10
5.9306601968503934
20
-3.4391971653543307
11
5.9306601968503934
21
-3.4440572047244093
0
LINE
8
BLACK
6
CONTINUOUS
10
5.9306601968503934
20
-3.4440572047244093
11
5.9290821259842517
21
-3.4486539370078741
0
LINE
8
BLACK
6
CONTINUOUS
10
5.9290821259842517
20
-3.4486539370078741
11
5.9265373622047246
21
-3.4520667322834644
0
LINE
8
BLACK
6
CONTINUOUS
10
5.9265373622047246
20
-3.4520667322834644
11
5.9126179133858265
21
-3.465986181102362
0
LINE
8
BLACK
6
CONTINUOUS
10
5.9126179133858265
20
-3.465986181102362
11
5.9092051181102363
21
-3.4685309448818895
0
LINE
8
BLACK
6
CONTINUOUS
10
5.9092051181102363
20
-3.4685309448818895
11
5.9046083858267719
21
-3.4701090157480312
0
LINE
8
BLACK
6
CONTINUOUS
10
5.9046083858267719
20
-3.4701090157480312
11
5.8997483464566924
21
-3.4701090157480312
0
LINE
8
BLACK
6
CONTINUOUS
10
5.8997483464566924
20
-3.4701090157480312
11
5.8951515748031493
21
-3.4685309448818895
0
LINE
8
BLACK
6
CONTINUOUS
10
5.8951515748031493
20
-3.4685309448818895
11
5.8917387795275591
21
-3.465986181102362
0
LINE
8
BLACK
6
CONTINUOUS
10
5.8917387795275591
20
-3.465986181102362
11
5.8792112992125984
21
-3.4534587007874014
0
LINE
8
BLACK
6
CONTINUOUS
10
5.8792112992125984
20
-3.4534587007874014
11
5.8766665354330705
21
-3.4500459055118111
0
LINE
8
BLACK
6
CONTINUOUS
10
5.8766665354330705
20
-3.4500459055118111
11
5.8750884645669288
21
-3.4454491338582676
0
LINE
8
BLACK
6
CONTINUOUS
10
5.8750884645669288
20
-3.4454491338582676
11
5.8750884645669288
21
-3.4405890944881889
0
LINE
8
BLACK
6
CONTINUOUS
10
5.8750884645669288
20
-3.4405890944881889
11
5.8766665354330705
21
-3.4359923622047241
0
LINE
8
BLACK
6
CONTINUOUS
10
5.8766665354330705
20
-3.4359923622047241
11
5.8792112992125984
21
-3.4325795669291339
0
LINE
8
BLACK
6
CONTINUOUS
10
5.8792112992125984
20
-3.4325795669291339
11
5.8931307480314956
21
-3.4186601181102363
0
LINE
8
BLACK
6
CONTINUOUS
10
5.8931307480314956
20
-3.4186601181102363
11
5.8965435433070867
21
-3.4161153543307088
0
LINE
8
BLACK
6
CONTINUOUS
10
5.8965435433070867
20
-3.4161153543307088
11
5.9011402755905511
21
-3.4145372834645666
0
LINE
8
BLACK
6
CONTINUOUS
10
5.9011402755905511
20
-3.4145372834645666
11
5.9060003149606297
21
-3.4145372834645666
0
LINE
8
BLACK
6
CONTINUOUS
10
5.9060003149606297
20
-3.4145372834645666
11
5.9105970866141728
21
-3.4161153543307088
0
LINE
8
BLACK
6
CONTINUOUS
10
5.4383787401574804
20
-3.2222903937007872
11
5.4410929133858268
21
-3.2241039370078739
0
LINE
8
BLACK
6
CONTINUOUS
10
5.4410929133858268
20
-3.2241039370078739
11
5.4425590551181102
21
-3.2262981496062992
0
LINE
8
BLACK
6
CONTINUOUS
10
5.4425590551181102
20
-3.2262981496062992
11
5.4440251968503937
21
-3.2241039370078739
0
LINE
8
BLACK
6
CONTINUOUS
10
5.4440251968503937
20
-3.2241039370078739
11
5.4467393700787401
21
-3.2222903937007872
0
LINE
8
BLACK
6
CONTINUOUS
10
5.4467393700787401
20
-3.2222903937007872
11
5.4499409448818898
21
-3.2216535433070868
0
LINE
8
BLACK
6
CONTINUOUS
10
5.4499409448818898
20
-3.2216535433070868
11
5.4548622047244093
21
-3.2216535433070868
0
LINE
8
BLACK
6
CONTINUOUS
10
5.4548622047244093
20
-3.2216535433070868
11
5.4580637795275591
21
-3.2222903937007872
0
LINE
8
BLACK
6
CONTINUOUS
10
5.4580637795275591
20
-3.2222903937007872
11
5.4607779527559055
21
-3.2241039370078739
0
LINE
8
BLACK
6
CONTINUOUS
10
5.4607779527559055
20
-3.2241039370078739
11
5.4622440944881889
21
-3.2262981496062992
0
LINE
8
BLACK
6
CONTINUOUS
10
5.4622440944881889
20
-3.2262981496062992
11
5.4637102362204724
21
-3.2241039370078739
0
LINE
8
BLACK
6
CONTINUOUS
10
5.4637102362204724
20
-3.2241039370078739
11
5.4664244094488188
21
-3.2222903937007872
0
LINE
8
BLACK
6
CONTINUOUS
10
5.4664244094488188
20
-3.2222903937007872
11
5.4696259842519686
21
-3.2216535433070868
0
LINE
8
BLACK
6
CONTINUOUS
10
5.4696259842519686
20
-3.2216535433070868
11
5.474547244094488
21
-3.2216535433070868
0
LINE
8
BLACK
6
CONTINUOUS
10
5.474547244094488
20
-3.2216535433070868
11
5.4777488188976378
21
-3.2222903937007872
0
LINE
8
BLACK
6
CONTINUOUS
10
5.4777488188976378
20
-3.2222903937007872
11
5.4804629921259842
21
-3.2241039370078739
0
LINE
8
BLACK
6
CONTINUOUS
10
5.4804629921259842
20
-3.2241039370078739
11
5.4819291338582676
21
-3.2262981496062992
0
LINE
8
BLACK
6
CONTINUOUS
10
5.4819291338582676
20
-3.2262981496062992
11
5.4833952755905511
21
-3.2241039370078739
0
LINE
8
BLACK
6
CONTINUOUS
10
5.4833952755905511
20
-3.2241039370078739
11
5.4861094488188975
21
-3.2222903937007872
0
LINE
8
BLACK
6
CONTINUOUS
10
5.4861094488188975
20
-3.2222903937007872
11
5.4893110236220473
21
-3.2216535433070868
0
LINE
8
BLACK
6
CONTINUOUS
10
5.4893110236220473
20
-3.2216535433070868
11
5.4942322834645667
21
-3.2216535433070868
0
LINE
8
BLACK
6
CONTINUOUS
10
5.4942322834645667
20
-3.2216535433070868
11
5.4974338582677165
21
-3.2222903937007872
0
LINE
8
BLACK
6
CONTINUOUS
10
5.4974338582677165
20
-3.2222903937007872
11
5.5001480314960629
21
-3.2241039370078739
0
LINE
8
BLACK
6
CONTINUOUS
10
5.5001480314960629
20
-3.2241039370078739
11
5.5016141732283463
21
-3.2262981496062992
0
LINE
8
BLACK
6
CONTINUOUS
10
5.5016141732283463
20
-3.2262981496062992
11
5.5030803149606298
21
-3.2241039370078739
0
LINE
8
BLACK
6
CONTINUOUS
10
5.5030803149606298
20
-3.2241039370078739
11
5.5057944881889762
21
-3.2222903937007872
0
LINE
8
BLACK
6
CONTINUOUS
10
5.5057944881889762
20
-3.2222903937007872
11
5.508996062992126
21
-3.2216535433070868
0
LINE
8
BLACK
6
CONTINUOUS
10
5.508996062992126
20
-3.2216535433070868
11
5.5139173228346454
21
-3.2216535433070868
0
LINE
8
BLACK
6
CONTINUOUS
10
5.5139173228346454
20
-3.2216535433070868
11
5.5171188976377952
21
-3.2222903937007872
0
LINE
8
BLACK
6
CONTINUOUS
10
5.5171188976377952
20
-3.2222903937007872
11
5.5198330708661416
21
-3.2241039370078739
0
LINE
8
BLACK
6
CONTINUOUS
10
5.5198330708661416
20
-3.2241039370078739
11
5.521299212598425
21
-3.2262981496062992
0
LINE
8
BLACK
6
CONTINUOUS
10
5.521299212598425
20
-3.2262981496062992
11
5.5227653543307085
21
-3.2241039370078739
0
LINE
8
BLACK
6
CONTINUOUS
10
5.5227653543307085
20
-3.2241039370078739
11
5.5254795275590549
21
-3.2222903937007872
0
LINE
8
BLACK
6
CONTINUOUS
10
5.5254795275590549
20
-3.2222903937007872
11
5.5286811023622047
21
-3.2216535433070868
0
LINE
8
BLACK
6
CONTINUOUS
10
5.5286811023622047
20
-3.2216535433070868
11
5.5336023622047241
21
-3.2216535433070868
0
LINE
8
BLACK
6
CONTINUOUS
10
5.5336023622047241
20
-3.2216535433070868
11
5.5368039370078739
21
-3.2222903937007872
0
LINE
8
BLACK
6
CONTINUOUS
10
5.5368039370078739
20
-3.2222903937007872
11
5.5395181102362203
21
-3.2241039370078739
0
LINE
8
BLACK
6
CONTINUOUS
10
5.5395181102362203
20
-3.2241039370078739
11
5.5409842519685037
21
-3.2262981496062992
0
LINE
8
BLACK
6
CONTINUOUS
10
5.5409842519685037
20
-3.2262981496062992
11
5.5424503937007872
21
-3.2241039370078739
0
LINE
8
BLACK
6
CONTINUOUS
10
5.5424503937007872
20
-3.2241039370078739
11
5.5451645669291336
21
-3.2222903937007872
0
LINE
8
BLACK
6
CONTINUOUS
10
5.5451645669291336
20
-3.2222903937007872
11
5.5483661417322834
21
-3.2216535433070868
0
LINE
8
BLACK
6
CONTINUOUS
10
5.5483661417322834
20
-3.2216535433070868
11
5.5532874015748028
21
-3.2216535433070868
0
LINE
8
BLACK
6
CONTINUOUS
10
5.5532874015748028
20
-3.2216535433070868
11
5.5564889763779526
21
-3.2222903937007872
0
LINE
8
BLACK
6
CONTINUOUS
10
5.5564889763779526
20
-3.2222903937007872
11
5.559203149606299
21
-3.2241039370078739
0
LINE
8
BLACK
6
CONTINUOUS
10
5.559203149606299
20
-3.2241039370078739
11
5.5606692913385825
21
-3.2262981496062992
0
LINE
8
BLACK
6
CONTINUOUS
10
5.5606692913385825
20
-3.2262981496062992
11
5.5621354330708659
21
-3.2241039370078739
0
LINE
8
BLACK
6
CONTINUOUS
10
5.5621354330708659
20
-3.2241039370078739
11
5.5648496062992123
21
-3.2222903937007872
0
LINE
8
BLACK
6
CONTINUOUS
10
5.5648496062992123
20
-3.2222903937007872
11
5.5680511811023621
21
-3.2216535433070868
0
LINE
8
BLACK
6
CONTINUOUS
10
5.5680511811023621
20
-3.2216535433070868
11
5.5729724409448815
21
-3.2216535433070868
0
LINE
8
BLACK
6
CONTINUOUS
10
5.5729724409448815
20
-3.2216535433070868
11
5.5761740157480313
21
-3.2222903937007872
0
LINE
8
BLACK
6
CONTINUOUS
10
5.5761740157480313
20
-3.2222903937007872
11
5.5788881889763777
21
-3.2241039370078739
0
LINE
8
BLACK
6
CONTINUOUS
10
5.5788881889763777
20
-3.2241039370078739
11
5.5803543307086612
21
-3.2262981496062992
0
LINE
8
BLACK
6
CONTINUOUS
10
5.5803543307086612
20
-3.2262981496062992
11
5.5818204724409446
21
-3.2241039370078739
0
LINE
8
BLACK
6
CONTINUOUS
10
5.5818204724409446
20
-3.2241039370078739
11
5.584534645669291
21
-3.2222903937007872
0
LINE
8
BLACK
6
CONTINUOUS
10
5.584534645669291
20
-3.2222903937007872
11
5.5877362204724408
21
-3.2216535433070868
0
LINE
8
BLACK
6
CONTINUOUS
10
5.5877362204724408
20
-3.2216535433070868
11
5.5926574803149602
21
-3.2216535433070868
0
LINE
8
BLACK
6
CONTINUOUS
10
5.5926574803149602
20
-3.2216535433070868
11
5.59585905511811
21
-3.2222903937007872
0
LINE
8
BLACK
6
CONTINUOUS
10
5.59585905511811
20
-3.2222903937007872
11
5.5985732283464564
21
-3.2241039370078739
0
LINE
8
BLACK
6
CONTINUOUS
10
5.5985732283464564
20
-3.2241039370078739
11
5.6000393700787399
21
-3.2262981496062992
0
LINE
8
BLACK
6
CONTINUOUS
10
5.6000393700787399
20
-3.2262981496062992
11
5.6015055118110233
21
-3.2241039370078739
0
LINE
8
BLACK
6
CONTINUOUS
10
5.6015055118110233
20
-3.2241039370078739
11
5.6042196850393697
21
-3.2222903937007872
0
LINE
8
BLACK
6
CONTINUOUS
10
5.6042196850393697
20
-3.2222903937007872
11
5.6074212598425195
21
-3.2216535433070868
0
LINE
8
BLACK
6
CONTINUOUS
10
5.6074212598425195
20
-3.2216535433070868
11
5.6123425196850389
21
-3.2216535433070868
0
LINE
8
BLACK
6
CONTINUOUS
10
5.6123425196850389
20
-3.2216535433070868
11
5.6155440944881887
21
-3.2222903937007872
0
LINE
8
BLACK
6
CONTINUOUS
10
5.6155440944881887
20
-3.2222903937007872
11
5.6182582677165351
21
-3.2241039370078739
0
LINE
8
BLACK
6
CONTINUOUS
10
5.6182582677165351
20
-3.2241039370078739
11
5.6200718110236219
21
-3.2268181102362203
0
LINE
8
BLACK
6
CONTINUOUS
10
5.6200718110236219
20
-3.2268181102362203
11
5.6207086614173223
21
-3.2300196850393701
0
LINE
8
BLACK
6
CONTINUOUS
10
5.6207086614173223
20
-3.2300196850393701
11
5.6207086614173223
21
-3.258562992125984
0
LINE
8
BLACK
6
CONTINUOUS
10
5.6207086614173223
20
-3.258562992125984
11
5.6200976377952756
21
-3.2616346062992125
0
LINE
8
BLACK
6
CONTINUOUS
10
5.6200976377952756
20
-3.2616346062992125
11
5.6231692913385825
21
-3.2610236220472442
0
LINE
8
BLACK
6
CONTINUOUS
10
5.6231692913385825
20
-3.2610236220472442
11
5.6517125984251964
21
-3.2610236220472442
0
LINE
8
BLACK
6
CONTINUOUS
10
5.6517125984251964
20
-3.2610236220472442
11
5.6549141732283461
21
-3.2616604724409446
0
LINE
8
BLACK
6
CONTINUOUS
10
5.6549141732283461
20
-3.2616604724409446
11
5.6576283464566925
21
-3.2634740157480313
0
LINE
8
BLACK
6
CONTINUOUS
10
5.6576283464566925
20
-3.2634740157480313
11
5.6594418897637793
21
-3.2661881889763777
0
LINE
8
BLACK
6
CONTINUOUS
10
5.6594418897637793
20
-3.2661881889763777
11
5.6600787401574806
21
-3.2693897637795275
0
LINE
8
BLACK
6
CONTINUOUS
10
5.6600787401574806
20
-3.2693897637795275
11
5.6600787401574806
21
-3.274311023622047
0
LINE
8
BLACK
6
CONTINUOUS
10
5.6600787401574806
20
-3.274311023622047
11
5.6594418897637793
21
-3.2775125984251967
0
LINE
8
BLACK
6
CONTINUOUS
10
5.6594418897637793
20
-3.2775125984251967
11
5.6576283464566925
21
-3.2802267716535431
0
LINE
8
BLACK
6
CONTINUOUS
10
5.6576283464566925
20
-3.2802267716535431
11
5.6554340944881885
21
-3.2816929133858266
0
LINE
8
BLACK
6
CONTINUOUS
10
5.6554340944881885
20
-3.2816929133858266
11
5.6576283464566925
21
-3.28315905511811
0
LINE
8
BLACK
6
CONTINUOUS
10
5.6576283464566925
20
-3.28315905511811
11
5.6594418897637793
21
-3.2858732283464565
0
LINE
8
BLACK
6
CONTINUOUS
10
5.6594418897637793
20
-3.2858732283464565
11
5.6600787401574806
21
-3.2890748031496062
0
LINE
8
BLACK
6
CONTINUOUS
10
5.6600787401574806
20
-3.2890748031496062
11
5.6600787401574806
21
-3.2939960629921261
0
LINE
8
BLACK
6
CONTINUOUS
10
5.6600787401574806
20
-3.2939960629921261
11
5.6594418897637793
21
-3.2971976377952754
0
LINE
8
BLACK
6
CONTINUOUS
10
5.6594418897637793
20
-3.2971976377952754
11
5.6576283464566925
21
-3.2999118110236219
0
LINE
8
BLACK
6
CONTINUOUS
10
5.6576283464566925
20
-3.2999118110236219
11
5.6554340944881885
21
-3.3013779527559053
0
LINE
8
BLACK
6
CONTINUOUS
10
5.6554340944881885
20
-3.3013779527559053
11
5.6576283464566925
21
-3.3028440944881887
0
LINE
8
BLACK
6
CONTINUOUS
10
5.6576283464566925
20
-3.3028440944881887
11
5.6594418897637793
21
-3.3055582677165352
0
LINE
8
BLACK
6
CONTINUOUS
10
5.6594418897637793
20
-3.3055582677165352
11
5.6600787401574806
21
-3.3087598425196849
0
LINE
8
BLACK
6
CONTINUOUS
10
5.6600787401574806
20
-3.3087598425196849
11
5.6600787401574806
21
-3.3136811023622048
0
LINE
8
BLACK
6
CONTINUOUS
10
5.6600787401574806
20
-3.3136811023622048
11
5.6594418897637793
21
-3.3168826771653541
0
LINE
8
BLACK
6
CONTINUOUS
10
5.6594418897637793
20
-3.3168826771653541
11
5.6576283464566925
21
-3.3195968503937006
0
LINE
8
BLACK
6
CONTINUOUS
10
5.6576283464566925
20
-3.3195968503937006
11
5.6554340944881885
21
-3.321062992125984
0
LINE
8
BLACK
6
CONTINUOUS
10
5.6554340944881885
20
-3.321062992125984
11
5.6576283464566925
21
-3.3225291338582674
0
LINE
8
BLACK
6
CONTINUOUS
10
5.6576283464566925
20
-3.3225291338582674
11
5.6594418897637793
21
-3.3252433070866143
0
LINE
8
BLACK
6
CONTINUOUS
10
5.6594418897637793
20
-3.3252433070866143
11
5.6600787401574806
21
-3.3284448818897636
0
LINE
8
BLACK
6
CONTINUOUS
10
5.6600787401574806
20
-3.3284448818897636
11
5.6600787401574806
21
-3.3333661417322835
0
LINE
8
BLACK
6
CONTINUOUS
10
5.6600787401574806
20
-3.3333661417322835
11
5.6594418897637793
21
-3.3365677165354328
0
LINE
8
BLACK
6
CONTINUOUS
10
5.6594418897637793
20
-3.3365677165354328
11
5.6576283464566925
21
-3.3392818897637793
0
LINE
8
BLACK
6
CONTINUOUS
10
5.6576283464566925
20
-3.3392818897637793
11
5.6554340944881885
21
-3.3407480314960627
0
LINE
8
BLACK
6
CONTINUOUS
10
5.6554340944881885
20
-3.3407480314960627
11
5.6576283464566925
21
-3.3422141732283466
0
LINE
8
BLACK
6
CONTINUOUS
10
5.6576283464566925
20
-3.3422141732283466
11
5.6594418897637793
21
-3.344928346456693
0
LINE
8
BLACK
6
CONTINUOUS
10
5.6594418897637793
20
-3.344928346456693
11
5.6600787401574806
21
-3.3481299212598423
0
LINE
8
BLACK
6
CONTINUOUS
10
5.6600787401574806
20
-3.3481299212598423
11
5.6600787401574806
21
-3.3530511811023622
0
LINE
8
BLACK
6
CONTINUOUS
10
5.6600787401574806
20
-3.3530511811023622
11
5.6594418897637793
21
-3.3562527559055115
0
LINE
8
BLACK
6
CONTINUOUS
10
5.6594418897637793
20
-3.3562527559055115
11
5.6576283464566925
21
-3.358966929133858
0
LINE
8
BLACK
6
CONTINUOUS
10
5.6576283464566925
20
-3.358966929133858
11
5.6554340944881885
21
-3.3604330708661418
0
LINE
8
BLACK
6
CONTINUOUS
10
5.6554340944881885
20
-3.3604330708661418
11
5.6576283464566925
21
-3.3618992125984253
0
LINE
8
BLACK
6
CONTINUOUS
10
5.6576283464566925
20
-3.3618992125984253
11
5.6594418897637793
21
-3.3646133858267717
0
LINE
8
BLACK
6
CONTINUOUS
10
5.6594418897637793
20
-3.3646133858267717
11
5.6600787401574806
21
-3.367814960629921
0
LINE
8
BLACK
6
CONTINUOUS
10
5.6600787401574806
20
-3.367814960629921
11
5.6600787401574806
21
-3.3727362204724409
0
LINE
8
BLACK
6
CONTINUOUS
10
5.6600787401574806
20
-3.3727362204724409
11
5.6594418897637793
21
-3.3759377952755907
0
LINE
8
BLACK
6
CONTINUOUS
10
5.6594418897637793
20
-3.3759377952755907
11
5.6576283464566925
21
-3.3786519685039371
0
LINE
8
BLACK
6
CONTINUOUS
10
5.6576283464566925
20
-3.3786519685039371
11
5.6554340944881885
21
-3.3801181102362206
0
LINE
8
BLACK
6
CONTINUOUS
10
5.6554340944881885
20
-3.3801181102362206
11
5.6576283464566925
21
-3.381584251968504
0
LINE
8
BLACK
6
CONTINUOUS
10
5.6576283464566925
20
-3.381584251968504
11
5.6594418897637793
21
-3.3842984251968504
0
LINE
8
BLACK
6
CONTINUOUS
10
5.6594418897637793
20
-3.3842984251968504
11
5.6600787401574806
21
-3.3874999999999997
0
LINE
8
BLACK
6
CONTINUOUS
10
5.6600787401574806
20
-3.3874999999999997
11
5.6600787401574806
21
-3.3924212598425196
0
LINE
8
BLACK
6
CONTINUOUS
10
5.6600787401574806
20
-3.3924212598425196
11
5.6594418897637793
21
-3.3956228346456694
0
LINE
8
BLACK
6
CONTINUOUS
10
5.6594418897637793
20
-3.3956228346456694
11
5.6576283464566925
21
-3.3983370078740158
0
LINE
8
BLACK
6
CONTINUOUS
10
5.6576283464566925
20
-3.3983370078740158
11
5.6554340944881885
21
-3.3998031496062993
0
LINE
8
BLACK
6
CONTINUOUS
10
5.6554340944881885
20
-3.3998031496062993
11
5.6576283464566925
21
-3.4012692913385827
0
LINE
8
BLACK
6
CONTINUOUS
10
5.6576283464566925
20
-3.4012692913385827
11
5.6594418897637793
21
-3.4039834645669291
0
LINE
8
BLACK
6
CONTINUOUS
10
5.6594418897637793
20
-3.4039834645669291
11
5.6600787401574806
21
-3.4071850393700789
0
LINE
8
BLACK
6
CONTINUOUS
10
5.6600787401574806
20
-3.4071850393700789
11
5.6600787401574806
21
-3.4121062992125983
0
LINE
8
BLACK
6
CONTINUOUS
10
5.6600787401574806
20
-3.4121062992125983
11
5.6594418897637793
21
-3.4153078740157481
0
LINE
8
BLACK
6
CONTINUOUS
10
5.6594418897637793
20
-3.4153078740157481
11
5.6576283464566925
21
-3.4180220472440945
0
LINE
8
BLACK
6
CONTINUOUS
10
5.6576283464566925
20
-3.4180220472440945
11
5.6549141732283461
21
-3.4198355905511808
0
LINE
8
BLACK
6
CONTINUOUS
10
5.6549141732283461
20
-3.4198355905511808
11
5.6517125984251964
21
-3.4204724409448817
0
LINE
8
BLACK
6
CONTINUOUS
10
5.6517125984251964
20
-3.4204724409448817
11
5.6231692913385825
21
-3.4204724409448817
0
LINE
8
BLACK
6
CONTINUOUS
10
5.6231692913385825
20
-3.4204724409448817
11
5.6200976377952756
21
-3.4198614173228346
0
LINE
8
BLACK
6
CONTINUOUS
10
5.6200976377952756
20
-3.4198614173228346
11
5.6207086614173223
21
-3.4229330708661418
0
LINE
8
BLACK
6
CONTINUOUS
10
5.6207086614173223
20
-3.4229330708661418
11
5.6207086614173223
21
-3.4514763779527557
0
LINE
8
BLACK
6
CONTINUOUS
10
5.6207086614173223
20
-3.4514763779527557
11
5.6200718110236219
21
-3.4546779527559055
0
LINE
8
BLACK
6
CONTINUOUS
10
5.6200718110236219
20
-3.4546779527559055
11
5.6182582677165351
21
-3.4573921259842519
0
LINE
8
BLACK
6
CONTINUOUS
10
5.6182582677165351
20
-3.4573921259842519
11
5.6155440944881887
21
-3.4592056692913387
0
LINE
8
BLACK
6
CONTINUOUS
10
5.6155440944881887
20
-3.4592056692913387
11
5.6123425196850389
21
-3.4598425196850391
0
LINE
8
BLACK
6
CONTINUOUS
10
5.6123425196850389
20
-3.4598425196850391
11
5.6074212598425195
21
-3.4598425196850391
0
LINE
8
BLACK
6
CONTINUOUS
10
5.6074212598425195
20
-3.4598425196850391
11
5.6042196850393697
21
-3.4592056692913387
0
LINE
8
BLACK
6
CONTINUOUS
10
5.6042196850393697
20
-3.4592056692913387
11
5.6015055118110233
21
-3.4573921259842519
0
LINE
8
BLACK
6
CONTINUOUS
10
5.6015055118110233
20
-3.4573921259842519
11
5.6000393700787399
21
-3.4551978740157478
0
LINE
8
BLACK
6
CONTINUOUS
10
5.6000393700787399
20
-3.4551978740157478
11
5.5985732283464564
21
-3.4573921259842519
0
LINE
8
BLACK
6
CONTINUOUS
10
5.5985732283464564
20
-3.4573921259842519
11
5.59585905511811
21
-3.4592056692913387
0
LINE
8
BLACK
6
CONTINUOUS
10
5.59585905511811
20
-3.4592056692913387
11
5.5926574803149602
21
-3.4598425196850391
0
LINE
8
BLACK
6
CONTINUOUS
10
5.5926574803149602
20
-3.4598425196850391
11
5.5877362204724408
21
-3.4598425196850391
0
LINE
8
BLACK
6
CONTINUOUS
10
5.5877362204724408
20
-3.4598425196850391
11
5.584534645669291
21
-3.4592056692913387
0
LINE
8
BLACK
6
CONTINUOUS
10
5.584534645669291
20
-3.4592056692913387
11
5.5818204724409446
21
-3.4573921259842519
0
LINE
8
BLACK
6
CONTINUOUS
10
5.5818204724409446
20
-3.4573921259842519
11
5.5803543307086612
21
-3.4551978740157478
0
LINE
8
BLACK
6
CONTINUOUS
10
5.5803543307086612
20
-3.4551978740157478
11
5.5788881889763777
21
-3.4573921259842519
0
LINE
8
BLACK
6
CONTINUOUS
10
5.5788881889763777
20
-3.4573921259842519
11
5.5761740157480313
21
-3.4592056692913387
0
LINE
8
BLACK
6
CONTINUOUS
10
5.5761740157480313
20
-3.4592056692913387
11
5.5729724409448815
21
-3.4598425196850391
0
LINE
8
BLACK
6
CONTINUOUS
10
5.5729724409448815
20
-3.4598425196850391
11
5.5680511811023621
21
-3.4598425196850391
0
LINE
8
BLACK
6
CONTINUOUS
10
5.5680511811023621
20
-3.4598425196850391
11
5.5648496062992123
21
-3.4592056692913387
0
LINE
8
BLACK
6
CONTINUOUS
10
5.5648496062992123
20
-3.4592056692913387
11
5.5621354330708659
21
-3.4573921259842519
0
LINE
8
BLACK
6
CONTINUOUS
10
5.5621354330708659
20
-3.4573921259842519
11
5.5606692913385825
21
-3.4551978740157478
0
LINE
8
BLACK
6
CONTINUOUS
10
5.5606692913385825
20
-3.4551978740157478
11
5.559203149606299
21
-3.4573921259842519
0
LINE
8
BLACK
6
CONTINUOUS
10
5.559203149606299
20
-3.4573921259842519
11
5.5564889763779526
21
-3.4592056692913387
0
LINE
8
BLACK
6
CONTINUOUS
10
5.5564889763779526
20
-3.4592056692913387
11
5.5532874015748028
21
-3.4598425196850391
0
LINE
8
BLACK
6
CONTINUOUS
10
5.5532874015748028
20
-3.4598425196850391
11
5.5483661417322834
21
-3.4598425196850391
0
LINE
8
BLACK
6
CONTINUOUS
10
5.5483661417322834
20
-3.4598425196850391
11
5.5451645669291336
21
-3.4592056692913387
0
LINE
8
BLACK
6
CONTINUOUS
10
5.5451645669291336
20
-3.4592056692913387
11
5.5424503937007872
21
-3.4573921259842519
0
LINE
8
BLACK
6
CONTINUOUS
10
5.5424503937007872
20
-3.4573921259842519
11
5.5409842519685037
21
-3.4551978740157478
0
LINE
8
BLACK
6
CONTINUOUS
10
5.5409842519685037
20
-3.4551978740157478
11
5.5395181102362203
21
-3.4573921259842519
0
LINE
8
BLACK
6
CONTINUOUS
10
5.5395181102362203
20
-3.4573921259842519
11
5.5368039370078739
21
-3.4592056692913387
0
LINE
8
BLACK
6
CONTINUOUS
10
5.5368039370078739
20
-3.4592056692913387
11
5.5336023622047241
21
-3.4598425196850391
0
LINE
8
BLACK
6
CONTINUOUS
10
5.5336023622047241
20
-3.4598425196850391
11
5.5286811023622047
21
-3.4598425196850391
0
LINE
8
BLACK
6
CONTINUOUS
10
5.5286811023622047
20
-3.4598425196850391
11
5.5254795275590549
21
-3.4592056692913387
0
LINE
8
BLACK
6
CONTINUOUS
10
5.5254795275590549
20
-3.4592056692913387
11
5.5227653543307085
21
-3.4573921259842519
0
LINE
8
BLACK
6
CONTINUOUS
10
5.5227653543307085
20
-3.4573921259842519
11
5.521299212598425
21
-3.4551978740157478
0
LINE
8
BLACK
6
CONTINUOUS
10
5.521299212598425
20
-3.4551978740157478
11
5.5198330708661416
21
-3.4573921259842519
0
LINE
8
BLACK
6
CONTINUOUS
10
5.5198330708661416
20
-3.4573921259842519
11
5.5171188976377952
21
-3.4592056692913387
0
LINE
8
BLACK
6
CONTINUOUS
10
5.5171188976377952
20
-3.4592056692913387
11
5.5139173228346454
21
-3.4598425196850391
0
LINE
8
BLACK
6
CONTINUOUS
10
5.5139173228346454
20
-3.4598425196850391
11
5.508996062992126
21
-3.4598425196850391
0
LINE
8
BLACK
6
CONTINUOUS
10
5.508996062992126
20
-3.4598425196850391
11
5.5057944881889762
21
-3.4592056692913387
0
LINE
8
BLACK
6
CONTINUOUS
10
5.5057944881889762
20
-3.4592056692913387
11
5.5030803149606298
21
-3.4573921259842519
0
LINE
8
BLACK
6
CONTINUOUS
10
5.5030803149606298
20
-3.4573921259842519
11
5.5016141732283463
21
-3.4551978740157478
0
LINE
8
BLACK
6
CONTINUOUS
10
5.5016141732283463
20
-3.4551978740157478
11
5.5001480314960629
21
-3.4573921259842519
0
LINE
8
BLACK
6
CONTINUOUS
10
5.5001480314960629
20
-3.4573921259842519
11
5.4974338582677165
21
-3.4592056692913387
0
LINE
8
BLACK
6
CONTINUOUS
10
5.4974338582677165
20
-3.4592056692913387
11
5.4942322834645667
21
-3.4598425196850391
0
LINE
8
BLACK
6
CONTINUOUS
10
5.4942322834645667
20
-3.4598425196850391
11
5.4893110236220473
21
-3.4598425196850391
0
LINE
8
BLACK
6
CONTINUOUS
10
5.4893110236220473
20
-3.4598425196850391
11
5.4861094488188975
21
-3.4592056692913387
0
LINE
8
BLACK
6
CONTINUOUS
10
5.4861094488188975
20
-3.4592056692913387
11
5.4833952755905511
21
-3.4573921259842519
0
LINE
8
BLACK
6
CONTINUOUS
10
5.4833952755905511
20
-3.4573921259842519
11
5.4819291338582676
21
-3.4551978740157478
0
LINE
8
BLACK
6
CONTINUOUS
10
5.4819291338582676
20
-3.4551978740157478
11
5.4804629921259842
21
-3.4573921259842519
0
LINE
8
BLACK
6
CONTINUOUS
10
5.4804629921259842
20
-3.4573921259842519
11
5.4777488188976378
21
-3.4592056692913387
0
LINE
8
BLACK
6
CONTINUOUS
10
5.4777488188976378
20
-3.4592056692913387
11
5.474547244094488
21
-3.4598425196850391
0
LINE
8
BLACK
6
CONTINUOUS
10
5.474547244094488
20
-3.4598425196850391
11
5.4696259842519686
21
-3.4598425196850391
0
LINE
8
BLACK
6
CONTINUOUS
10
5.4696259842519686
20
-3.4598425196850391
11
5.4664244094488188
21
-3.4592056692913387
0
LINE
8
BLACK
6
CONTINUOUS
10
5.4664244094488188
20
-3.4592056692913387
11
5.4637102362204724
21
-3.4573921259842519
0
LINE
8
BLACK
6
CONTINUOUS
10
5.4637102362204724
20
-3.4573921259842519
11
5.4622440944881889
21
-3.4551978740157478
0
LINE
8
BLACK
6
CONTINUOUS
10
5.4622440944881889
20
-3.4551978740157478
11
5.4607779527559055
21
-3.4573921259842519
0
LINE
8
BLACK
6
CONTINUOUS
10
5.4607779527559055
20
-3.4573921259842519
11
5.4580637795275591
21
-3.4592056692913387
0
LINE
8
BLACK
6
CONTINUOUS
10
5.4580637795275591
20
-3.4592056692913387
11
5.4548622047244093
21
-3.4598425196850391
0
LINE
8
BLACK
6
CONTINUOUS
10
5.4548622047244093
20
-3.4598425196850391
11
5.4499409448818898
21
-3.4598425196850391
0
LINE
8
BLACK
6
CONTINUOUS
10
5.4499409448818898
20
-3.4598425196850391
11
5.4467393700787401
21
-3.4592056692913387
0
LINE
8
BLACK
6
CONTINUOUS
10
5.4467393700787401
20
-3.4592056692913387
11
5.4440251968503937
21
-3.4573921259842519
0
LINE
8
BLACK
6
CONTINUOUS
10
5.4440251968503937
20
-3.4573921259842519
11
5.4425590551181102
21
-3.4551978740157478
0
LINE
8
BLACK
6
CONTINUOUS
10
5.4425590551181102
20
-3.4551978740157478
11
5.4410929133858268
21
-3.4573921259842519
0
LINE
8
BLACK
6
CONTINUOUS
10
5.4410929133858268
20
-3.4573921259842519
11
5.4383787401574804
21
-3.4592056692913387
0
LINE
8
BLACK
6
CONTINUOUS
10
5.4383787401574804
20
-3.4592056692913387
11
5.4351771653543306
21
-3.4598425196850391
0
LINE
8
BLACK
6
CONTINUOUS
10
5.4351771653543306
20
-3.4598425196850391
11
5.4302559055118111
21
-3.4598425196850391
0
LINE
8
BLACK
6
CONTINUOUS
10
5.4302559055118111
20
-3.4598425196850391
11
5.4270543307086614
21
-3.4592056692913387
0
LINE
8
BLACK
6
CONTINUOUS
10
5.4270543307086614
20
-3.4592056692913387
11
5.424340157480315
21
-3.4573921259842519
0
LINE
8
BLACK
6
CONTINUOUS
10
5.424340157480315
20
-3.4573921259842519
11
5.4225266141732282
21
-3.4546779527559055
0
LINE
8
BLACK
6
CONTINUOUS
10
5.4225266141732282
20
-3.4546779527559055
11
5.4218897637795278
21
-3.4514763779527557
0
LINE
8
BLACK
6
CONTINUOUS
10
5.4218897637795278
20
-3.4514763779527557
11
5.4218897637795278
21
-3.4229330708661418
0
LINE
8
BLACK
6
CONTINUOUS
10
5.4218897637795278
20
-3.4229330708661418
11
5.4225007480314957
21
-3.4198614173228346
0
LINE
8
BLACK
6
CONTINUOUS
10
5.4225007480314957
20
-3.4198614173228346
11
5.4194291338582676
21
-3.4204724409448817
0
LINE
8
BLACK
6
CONTINUOUS
10
5.4194291338582676
20
-3.4204724409448817
11
5.3908858267716537
21
-3.4204724409448817
0
LINE
8
BLACK
6
CONTINUOUS
10
5.3908858267716537
20
-3.4204724409448817
11
5.387684251968504
21
-3.4198355905511808
0
LINE
8
BLACK
6
CONTINUOUS
10
5.387684251968504
20
-3.4198355905511808
11
5.3849700787401575
21
-3.4180220472440945
0
LINE
8
BLACK
6
CONTINUOUS
10
5.3849700787401575
20
-3.4180220472440945
11
5.3831565354330708
21
-3.4153078740157481
0
LINE
8
BLACK
6
CONTINUOUS
10
5.3831565354330708
20
-3.4153078740157481
11
5.3825196850393704
21
-3.4121062992125983
0
LINE
8
BLACK
6
CONTINUOUS
10
5.3825196850393704
20
-3.4121062992125983
11
5.3825196850393704
21
-3.4071850393700789
0
LINE
8
BLACK
6
CONTINUOUS
10
5.3825196850393704
20
-3.4071850393700789
11
5.3831565354330708
21
-3.4039834645669291
0
LINE
8
BLACK
6
CONTINUOUS
10
5.3831565354330708
20
-3.4039834645669291
11
5.3849700787401575
21
-3.4012692913385827
0
LINE
8
BLACK
6
CONTINUOUS
10
5.3849700787401575
20
-3.4012692913385827
11
5.3871642913385829
21
-3.3998031496062993
0
LINE
8
BLACK
6
CONTINUOUS
10
5.3871642913385829
20
-3.3998031496062993
11
5.3849700787401575
21
-3.3983370078740158
0
LINE
8
BLACK
6
CONTINUOUS
10
5.3849700787401575
20
-3.3983370078740158
11
5.3831565354330708
21
-3.3956228346456694
0
LINE
8
BLACK
6
CONTINUOUS
10
5.3831565354330708
20
-3.3956228346456694
11
5.3825196850393704
21
-3.3924212598425196
0
LINE
8
BLACK
6
CONTINUOUS
10
5.3825196850393704
20
-3.3924212598425196
11
5.3825196850393704
21
-3.3874999999999997
0
LINE
8
BLACK
6
CONTINUOUS
10
5.3825196850393704
20
-3.3874999999999997
11
5.3831565354330708
21
-3.3842984251968504
0
LINE
8
BLACK
6
CONTINUOUS
10
5.3831565354330708
20
-3.3842984251968504
11
5.3849700787401575
21
-3.381584251968504
0
LINE
8
BLACK
6
CONTINUOUS
10
5.3849700787401575
20
-3.381584251968504
11
5.3871642913385829
21
-3.3801181102362206
0
LINE
8
BLACK
6
CONTINUOUS
10
5.3871642913385829
20
-3.3801181102362206
11
5.3849700787401575
21
-3.3786519685039371
0
LINE
8
BLACK
6
CONTINUOUS
10
5.3849700787401575
20
-3.3786519685039371
11
5.3831565354330708
21
-3.3759377952755907
0
LINE
8
BLACK
6
CONTINUOUS
10
5.3831565354330708
20
-3.3759377952755907
11
5.3825196850393704
21
-3.3727362204724409
0
LINE
8
BLACK
6
CONTINUOUS
10
5.3825196850393704
20
-3.3727362204724409
11
5.3825196850393704
21
-3.367814960629921
0
LINE
8
BLACK
6
CONTINUOUS
10
5.3825196850393704
20
-3.367814960629921
11
5.3831565354330708
21
-3.3646133858267717
0
LINE
8
BLACK
6
CONTINUOUS
10
5.3831565354330708
20
-3.3646133858267717
11
5.3849700787401575
21
-3.3618992125984253
0
LINE
8
BLACK
6
CONTINUOUS
10
5.3849700787401575
20
-3.3618992125984253
11
5.3871642913385829
21
-3.3604330708661418
0
LINE
8
BLACK
6
CONTINUOUS
10
5.3871642913385829
20
-3.3604330708661418
11
5.3849700787401575
21
-3.358966929133858
0
LINE
8
BLACK
6
CONTINUOUS
10
5.3849700787401575
20
-3.358966929133858
11
5.3831565354330708
21
-3.3562527559055115
0
LINE
8
BLACK
6
CONTINUOUS
10
5.3831565354330708
20
-3.3562527559055115
11
5.3825196850393704
21
-3.3530511811023622
0
LINE
8
BLACK
6
CONTINUOUS
10
5.3825196850393704
20
-3.3530511811023622
11
5.3825196850393704
21
-3.3481299212598423
0
LINE
8
BLACK
6
CONTINUOUS
10
5.3825196850393704
20
-3.3481299212598423
11
5.3831565354330708
21
-3.344928346456693
0
LINE
8
BLACK
6
CONTINUOUS
10
5.3831565354330708
20
-3.344928346456693
11
5.3849700787401575
21
-3.3422141732283466
0
LINE
8
BLACK
6
CONTINUOUS
10
5.3849700787401575
20
-3.3422141732283466
11
5.3871642913385829
21
-3.3407480314960627
0
LINE
8
BLACK
6
CONTINUOUS
10
5.3871642913385829
20
-3.3407480314960627
11
5.3849700787401575
21
-3.3392818897637793
0
LINE
8
BLACK
6
CONTINUOUS
10
5.3849700787401575
20
-3.3392818897637793
11
5.3831565354330708
21
-3.3365677165354328
0
LINE
8
BLACK
6
CONTINUOUS
10
5.3831565354330708
20
-3.3365677165354328
11
5.3825196850393704
21
-3.3333661417322835
0
LINE
8
BLACK
6
CONTINUOUS
10
5.3825196850393704
20
-3.3333661417322835
11
5.3825196850393704
21
-3.3284448818897636
0
LINE
8
BLACK
6
CONTINUOUS
10
5.3825196850393704
20
-3.3284448818897636
11
5.3831565354330708
21
-3.3252433070866143
0
LINE
8
BLACK
6
CONTINUOUS
10
5.3831565354330708
20
-3.3252433070866143
11
5.3849700787401575
21
-3.3225291338582674
0
LINE
8
BLACK
6
CONTINUOUS
10
5.3849700787401575
20
-3.3225291338582674
11
5.3871642913385829
21
-3.321062992125984
0
LINE
8
BLACK
6
CONTINUOUS
10
5.3871642913385829
20
-3.321062992125984
11
5.3849700787401575
21
-3.3195968503937006
0
LINE
8
BLACK
6
CONTINUOUS
10
5.3849700787401575
20
-3.3195968503937006
11
5.3831565354330708
21
-3.3168826771653541
0
LINE
8
BLACK
6
CONTINUOUS
10
5.3831565354330708
20
-3.3168826771653541
11
5.3825196850393704
21
-3.3136811023622048
0
LINE
8
BLACK
6
CONTINUOUS
10
5.3825196850393704
20
-3.3136811023622048
11
5.3825196850393704
21
-3.3087598425196849
0
LINE
8
BLACK
6
CONTINUOUS
10
5.3825196850393704
20
-3.3087598425196849
11
5.3831565354330708
21
-3.3055582677165352
0
LINE
8
BLACK
6
CONTINUOUS
10
5.3831565354330708
20
-3.3055582677165352
11
5.3849700787401575
21
-3.3028440944881887
0
LINE
8
BLACK
6
CONTINUOUS
10
5.3849700787401575
20
-3.3028440944881887
11
5.3871642913385829
21
-3.3013779527559053
0
LINE
8
BLACK
6
CONTINUOUS
10
5.3871642913385829
20
-3.3013779527559053
11
5.3849700787401575
21
-3.2999118110236219
0
LINE
8
BLACK
6
CONTINUOUS
10
5.3849700787401575
20
-3.2999118110236219
11
5.3831565354330708
21
-3.2971976377952754
0
LINE
8
BLACK
6
CONTINUOUS
10
5.3831565354330708
20
-3.2971976377952754
11
5.3825196850393704
21
-3.2939960629921261
0
LINE
8
BLACK
6
CONTINUOUS
10
5.3825196850393704
20
-3.2939960629921261
11
5.3825196850393704
21
-3.2890748031496062
0
LINE
8
BLACK
6
CONTINUOUS
10
5.3825196850393704
20
-3.2890748031496062
11
5.3831565354330708
21
-3.2858732283464565
0
LINE
8
BLACK
6
CONTINUOUS
10
5.3831565354330708
20
-3.2858732283464565
11
5.3849700787401575
21
-3.28315905511811
0
LINE
8
BLACK
6
CONTINUOUS
10
5.3849700787401575
20
-3.28315905511811
11
5.3871642913385829
21
-3.2816929133858266
0
LINE
8
BLACK
6
CONTINUOUS
10
5.3871642913385829
20
-3.2816929133858266
11
5.3849700787401575
21
-3.2802267716535431
0
LINE
8
BLACK
6
CONTINUOUS
10
5.3849700787401575
20
-3.2802267716535431
11
5.3831565354330708
21
-3.2775125984251967
0
LINE
8
BLACK
6
CONTINUOUS
10
5.3831565354330708
20
-3.2775125984251967
11
5.3825196850393704
21
-3.274311023622047
0
LINE
8
BLACK
6
CONTINUOUS
10
5.3825196850393704
20
-3.274311023622047
11
5.3825196850393704
21
-3.2693897637795275
0
LINE
8
BLACK
6
CONTINUOUS
10
5.3825196850393704
20
-3.2693897637795275
11
5.3831565354330708
21
-3.2661881889763777
0
LINE
8
BLACK
6
CONTINUOUS
10
5.3831565354330708
20
-3.2661881889763777
11
5.3849700787401575
21
-3.2634740157480313
0
LINE
8
BLACK
6
CONTINUOUS
10
5.3849700787401575
20
-3.2634740157480313
11
5.387684251968504
21
-3.2616604724409446
0
LINE
8
BLACK
6
CONTINUOUS
10
5.387684251968504
20
-3.2616604724409446
11
5.3908858267716537
21
-3.2610236220472442
0
LINE
8
BLACK
6
CONTINUOUS
10
5.3908858267716537
20
-3.2610236220472442
11
5.4194291338582676
21
-3.2610236220472442
0
LINE
8
BLACK
6
CONTINUOUS
10
5.4194291338582676
20
-3.2610236220472442
11
5.4225007480314957
21
-3.2616346062992125
0
LINE
8
BLACK
6
CONTINUOUS
10
5.4225007480314957
20
-3.2616346062992125
11
5.4218897637795278
21
-3.258562992125984
0
LINE
8
BLACK
6
CONTINUOUS
10
5.4218897637795278
20
-3.258562992125984
11
5.4218897637795278
21
-3.2300196850393701
0
LINE
8
BLACK
6
CONTINUOUS
10
5.4218897637795278
20
-3.2300196850393701
11
5.4225266141732282
21
-3.2268181102362203
0
LINE
8
BLACK
6
CONTINUOUS
10
5.4225266141732282
20
-3.2268181102362203
11
5.424340157480315
21
-3.2241039370078739
0
LINE
8
BLACK
6
CONTINUOUS
10
5.424340157480315
20
-3.2241039370078739
11
5.4270543307086614
21
-3.2222903937007872
0
LINE
8
BLACK
6
CONTINUOUS
10
5.4270543307086614
20
-3.2222903937007872
11
5.4302559055118111
21
-3.2216535433070868
0
LINE
8
BLACK
6
CONTINUOUS
10
5.4302559055118111
20
-3.2216535433070868
11
5.4351771653543306
21
-3.2216535433070868
0
LINE
8
BLACK
6
CONTINUOUS
10
5.4351771653543306
20
-3.2216535433070868
11
5.4383787401574804
21
-3.2222903937007872
0
LINE
8
BLACK
6
CONTINUOUS
10
5.4414285826771653
20
-3.4175196850393701
11
5.4425590551181102
21
-3.419211535433071
0
LINE
8
BLACK
6
CONTINUOUS
10
5.4425590551181102
20
-3.419211535433071
11
5.4436895275590551
21
-3.4175196850393701
0
LINE
8
BLACK
6
CONTINUOUS
10
5.4436895275590551
20
-3.4175196850393701
11
5.4414285826771653
21
-3.4175196850393701
0
LINE
8
BLACK
6
CONTINUOUS
10
5.461113622047244
20
-3.4175196850393701
11
5.4622440944881889
21
-3.419211535433071
0
LINE
8
BLACK
6
CONTINUOUS
10
5.4622440944881889
20
-3.419211535433071
11
5.4633745669291338
21
-3.4175196850393701
0
LINE
8
BLACK
6
CONTINUOUS
10
5.4633745669291338
20
-3.4175196850393701
11
5.461113622047244
21
-3.4175196850393701
0
LINE
8
BLACK
6
CONTINUOUS
10
5.4807986614173227
20
-3.4175196850393701
11
5.4819291338582676
21
-3.419211535433071
0
LINE
8
BLACK
6
CONTINUOUS
10
5.4819291338582676
20
-3.419211535433071
11
5.4830596062992125
21
-3.4175196850393701
0
LINE
8
BLACK
6
CONTINUOUS
10
5.4830596062992125
20
-3.4175196850393701
11
5.4807986614173227
21
-3.4175196850393701
0
LINE
8
BLACK
6
CONTINUOUS
10
5.5004837007874015
20
-3.4175196850393701
11
5.5016141732283463
21
-3.419211535433071
0
LINE
8
BLACK
6
CONTINUOUS
10
5.5016141732283463
20
-3.419211535433071
11
5.5027446456692912
21
-3.4175196850393701
0
LINE
8
BLACK
6
CONTINUOUS
10
5.5027446456692912
20
-3.4175196850393701
11
5.5004837007874015
21
-3.4175196850393701
0
LINE
8
BLACK
6
CONTINUOUS
10
5.5201687401574802
20
-3.4175196850393701
11
5.521299212598425
21
-3.419211535433071
0
LINE
8
BLACK
6
CONTINUOUS
10
5.521299212598425
20
-3.419211535433071
11
5.5224296850393699
21
-3.4175196850393701
0
LINE
8
BLACK
6
CONTINUOUS
10
5.5224296850393699
20
-3.4175196850393701
11
5.5201687401574802
21
-3.4175196850393701
0
LINE
8
BLACK
6
CONTINUOUS
10
5.5398537795275589
20
-3.4175196850393701
11
5.5409842519685037
21
-3.419211535433071
0
LINE
8
BLACK
6
CONTINUOUS
10
5.5409842519685037
20
-3.419211535433071
11
5.5421147244094486
21
-3.4175196850393701
0
LINE
8
BLACK
6
CONTINUOUS
10
5.5421147244094486
20
-3.4175196850393701
11
5.5398537795275589
21
-3.4175196850393701
0
LINE
8
BLACK
6
CONTINUOUS
10
5.5595388188976376
20
-3.4175196850393701
11
5.5606692913385825
21
-3.419211535433071
0
LINE
8
BLACK
6
CONTINUOUS
10
5.5606692913385825
20
-3.419211535433071
11
5.5617997637795273
21
-3.4175196850393701
0
LINE
8
BLACK
6
CONTINUOUS
10
5.5617997637795273
20
-3.4175196850393701
11
5.5595388188976376
21
-3.4175196850393701
0
LINE
8
BLACK
6
CONTINUOUS
10
5.5792238582677163
20
-3.4175196850393701
11
5.5803543307086612
21
-3.419211535433071
0
LINE
8
BLACK
6
CONTINUOUS
10
5.5803543307086612
20
-3.419211535433071
11
5.581484803149606
21
-3.4175196850393701
0
LINE
8
BLACK
6
CONTINUOUS
10
5.581484803149606
20
-3.4175196850393701
11
5.5792238582677163
21
-3.4175196850393701
0
LINE
8
BLACK
6
CONTINUOUS
10
5.598908897637795
20
-3.4175196850393701
11
5.6000393700787399
21
-3.419211535433071
0
LINE
8
BLACK
6
CONTINUOUS
10
5.6000393700787399
20
-3.419211535433071
11
5.6011698425196847
21
-3.4175196850393701
0
LINE
8
BLACK
6
CONTINUOUS
10
5.6011698425196847
20
-3.4175196850393701
11
5.598908897637795
21
-3.4175196850393701
0
LINE
8
BLACK
6
CONTINUOUS
10
5.427795275590551
20
-3.2693897637795275
11
5.427795275590551
21
-3.274311023622047
0
LINE
8
BLACK
6
CONTINUOUS
10
5.427795275590551
20
-3.274311023622047
11
5.4271584251968505
21
-3.2775125984251967
0
LINE
8
BLACK
6
CONTINUOUS
10
5.4271584251968505
20
-3.2775125984251967
11
5.4253448818897638
21
-3.2802267716535431
0
LINE
8
BLACK
6
CONTINUOUS
10
5.4253448818897638
20
-3.2802267716535431
11
5.4231506299212597
21
-3.2816929133858266
0
LINE
8
BLACK
6
CONTINUOUS
10
5.4231506299212597
20
-3.2816929133858266
11
5.4253448818897638
21
-3.28315905511811
0
LINE
8
BLACK
6
CONTINUOUS
10
5.4253448818897638
20
-3.28315905511811
11
5.4271584251968505
21
-3.2858732283464565
0
LINE
8
BLACK
6
CONTINUOUS
10
5.4271584251968505
20
-3.2858732283464565
11
5.427795275590551
21
-3.2890748031496062
0
LINE
8
BLACK
6
CONTINUOUS
10
5.427795275590551
20
-3.2890748031496062
11
5.427795275590551
21
-3.2939960629921261
0
LINE
8
BLACK
6
CONTINUOUS
10
5.427795275590551
20
-3.2939960629921261
11
5.4271584251968505
21
-3.2971976377952754
0
LINE
8
BLACK
6
CONTINUOUS
10
5.4271584251968505
20
-3.2971976377952754
11
5.4253448818897638
21
-3.2999118110236219
0
LINE
8
BLACK
6
CONTINUOUS
10
5.4253448818897638
20
-3.2999118110236219
11
5.4231506299212597
21
-3.3013779527559053
0
LINE
8
BLACK
6
CONTINUOUS
10
5.4231506299212597
20
-3.3013779527559053
11
5.4253448818897638
21
-3.3028440944881887
0
LINE
8
BLACK
6
CONTINUOUS
10
5.4253448818897638
20
-3.3028440944881887
11
5.4271584251968505
21
-3.3055582677165352
0
LINE
8
BLACK
6
CONTINUOUS
10
5.4271584251968505
20
-3.3055582677165352
11
5.427795275590551
21
-3.3087598425196849
0
LINE
8
BLACK
6
CONTINUOUS
10
5.427795275590551
20
-3.3087598425196849
11
5.427795275590551
21
-3.3136811023622048
0
LINE
8
BLACK
6
CONTINUOUS
10
5.427795275590551
20
-3.3136811023622048
11
5.4271584251968505
21
-3.3168826771653541
0
LINE
8
BLACK
6
CONTINUOUS
10
5.4271584251968505
20
-3.3168826771653541
11
5.4253448818897638
21
-3.3195968503937006
0
LINE
8
BLACK
6
CONTINUOUS
10
5.4253448818897638
20
-3.3195968503937006
11
5.4231506299212597
21
-3.321062992125984
0
LINE
8
BLACK
6
CONTINUOUS
10
5.4231506299212597
20
-3.321062992125984
11
5.4253448818897638
21
-3.3225291338582674
0
LINE
8
BLACK
6
CONTINUOUS
10
5.4253448818897638
20
-3.3225291338582674
11
5.4271584251968505
21
-3.3252433070866143
0
LINE
8
BLACK
6
CONTINUOUS
10
5.4271584251968505
20
-3.3252433070866143
11
5.427795275590551
21
-3.3284448818897636
0
LINE
8
BLACK
6
CONTINUOUS
10
5.427795275590551
20
-3.3284448818897636
11
5.427795275590551
21
-3.3333661417322835
0
LINE
8
BLACK
6
CONTINUOUS
10
5.427795275590551
20
-3.3333661417322835
11
5.4271584251968505
21
-3.3365677165354328
0
LINE
8
BLACK
6
CONTINUOUS
10
5.4271584251968505
20
-3.3365677165354328
11
5.4253448818897638
21
-3.3392818897637793
0
LINE
8
BLACK
6
CONTINUOUS
10
5.4253448818897638
20
-3.3392818897637793
11
5.4231506299212597
21
-3.3407480314960627
0
LINE
8
BLACK
6
CONTINUOUS
10
5.4231506299212597
20
-3.3407480314960627
11
5.4253448818897638
21
-3.3422141732283466
0
LINE
8
BLACK
6
CONTINUOUS
10
5.4253448818897638
20
-3.3422141732283466
11
5.4271584251968505
21
-3.344928346456693
0
LINE
8
BLACK
6
CONTINUOUS
10
5.4271584251968505
20
-3.344928346456693
11
5.427795275590551
21
-3.3481299212598423
0
LINE
8
BLACK
6
CONTINUOUS
10
5.427795275590551
20
-3.3481299212598423
11
5.427795275590551
21
-3.3530511811023622
0
LINE
8
BLACK
6
CONTINUOUS
10
5.427795275590551
20
-3.3530511811023622
11
5.4271584251968505
21
-3.3562527559055115
0
LINE
8
BLACK
6
CONTINUOUS
10
5.4271584251968505
20
-3.3562527559055115
11
5.4253448818897638
21
-3.358966929133858
0
LINE
8
BLACK
6
CONTINUOUS
10
5.4253448818897638
20
-3.358966929133858
11
5.4231506299212597
21
-3.3604330708661418
0
LINE
8
BLACK
6
CONTINUOUS
10
5.4231506299212597
20
-3.3604330708661418
11
5.4253448818897638
21
-3.3618992125984253
0
LINE
8
BLACK
6
CONTINUOUS
10
5.4253448818897638
20
-3.3618992125984253
11
5.4271584251968505
21
-3.3646133858267717
0
LINE
8
BLACK
6
CONTINUOUS
10
5.4271584251968505
20
-3.3646133858267717
11
5.427795275590551
21
-3.367814960629921
0
LINE
8
BLACK
6
CONTINUOUS
10
5.427795275590551
20
-3.367814960629921
11
5.427795275590551
21
-3.3727362204724409
0
LINE
8
BLACK
6
CONTINUOUS
10
5.427795275590551
20
-3.3727362204724409
11
5.4271584251968505
21
-3.3759377952755907
0
LINE
8
BLACK
6
CONTINUOUS
10
5.4271584251968505
20
-3.3759377952755907
11
5.4253448818897638
21
-3.3786519685039371
0
LINE
8
BLACK
6
CONTINUOUS
10
5.4253448818897638
20
-3.3786519685039371
11
5.4231506299212597
21
-3.3801181102362206
0
LINE
8
BLACK
6
CONTINUOUS
10
5.4231506299212597
20
-3.3801181102362206
11
5.4253448818897638
21
-3.381584251968504
0
LINE
8
BLACK
6
CONTINUOUS
10
5.4253448818897638
20
-3.381584251968504
11
5.4271584251968505
21
-3.3842984251968504
0
LINE
8
BLACK
6
CONTINUOUS
10
5.4271584251968505
20
-3.3842984251968504
11
5.427795275590551
21
-3.3874999999999997
0
LINE
8
BLACK
6
CONTINUOUS
10
5.427795275590551
20
-3.3874999999999997
11
5.427795275590551
21
-3.3924212598425196
0
LINE
8
BLACK
6
CONTINUOUS
10
5.427795275590551
20
-3.3924212598425196
11
5.4271584251968505
21
-3.3956228346456694
0
LINE
8
BLACK
6
CONTINUOUS
10
5.4271584251968505
20
-3.3956228346456694
11
5.4253448818897638
21
-3.3983370078740158
0
LINE
8
BLACK
6
CONTINUOUS
10
5.4253448818897638
20
-3.3983370078740158
11
5.4231506299212597
21
-3.3998031496062993
0
LINE
8
BLACK
6
CONTINUOUS
10
5.4231506299212597
20
-3.3998031496062993
11
5.4253448818897638
21
-3.4012692913385827
0
LINE
8
BLACK
6
CONTINUOUS
10
5.4253448818897638
20
-3.4012692913385827
11
5.4271584251968505
21
-3.4039834645669291
0
LINE
8
BLACK
6
CONTINUOUS
10
5.4271584251968505
20
-3.4039834645669291
11
5.427795275590551
21
-3.4071850393700789
0
LINE
8
BLACK
6
CONTINUOUS
10
5.427795275590551
20
-3.4071850393700789
11
5.427795275590551
21
-3.4121062992125983
0
LINE
8
BLACK
6
CONTINUOUS
10
5.427795275590551
20
-3.4121062992125983
11
5.4271842519685034
21
-3.4151779133858269
0
LINE
8
BLACK
6
CONTINUOUS
10
5.4271842519685034
20
-3.4151779133858269
11
5.4302559055118111
21
-3.4145669291338581
0
LINE
8
BLACK
6
CONTINUOUS
10
5.4302559055118111
20
-3.4145669291338581
11
5.4351771653543306
21
-3.4145669291338581
0
LINE
8
BLACK
6
CONTINUOUS
10
5.4351771653543306
20
-3.4145669291338581
11
5.4356618897637796
21
-3.4146633464566927
0
LINE
8
BLACK
6
CONTINUOUS
10
5.4356618897637796
20
-3.4146633464566927
11
5.4351345669291335
21
-3.4138741338582674
0
LINE
8
BLACK
6
CONTINUOUS
10
5.4351345669291335
20
-3.4138741338582674
11
5.4346850393700787
21
-3.4116141732283465
0
LINE
8
BLACK
6
CONTINUOUS
10
5.4346850393700787
20
-3.4116141732283465
11
5.4346850393700787
21
-3.2698818897637794
0
LINE
8
BLACK
6
CONTINUOUS
10
5.4346850393700787
20
-3.2698818897637794
11
5.4351345669291335
21
-3.2676219291338584
0
LINE
8
BLACK
6
CONTINUOUS
10
5.4351345669291335
20
-3.2676219291338584
11
5.4356618897637796
21
-3.2668326771653544
0
LINE
8
BLACK
6
CONTINUOUS
10
5.4356618897637796
20
-3.2668326771653544
11
5.4351771653543306
21
-3.2669291338582678
0
LINE
8
BLACK
6
CONTINUOUS
10
5.4351771653543306
20
-3.2669291338582678
11
5.4302559055118111
21
-3.2669291338582678
0
LINE
8
BLACK
6
CONTINUOUS
10
5.4302559055118111
20
-3.2669291338582678
11
5.4271842519685034
21
-3.2663181102362202
0
LINE
8
BLACK
6
CONTINUOUS
10
5.4271842519685034
20
-3.2663181102362202
11
5.427795275590551
21
-3.2693897637795275
0
LINE
8
BLACK
6
CONTINUOUS
10
5.6123425196850389
20
-3.2669291338582678
11
5.6074212598425195
21
-3.2669291338582678
0
LINE
8
BLACK
6
CONTINUOUS
10
5.6074212598425195
20
-3.2669291338582678
11
5.6069364960629917
21
-3.2668326771653544
0
LINE
8
BLACK
6
CONTINUOUS
10
5.6069364960629917
20
-3.2668326771653544
11
5.6074638582677165
21
-3.2676219291338584
0
LINE
8
BLACK
6
CONTINUOUS
10
5.6074638582677165
20
-3.2676219291338584
11
5.6079133858267713
21
-3.2698818897637794
0
LINE
8
BLACK
6
CONTINUOUS
10
5.6079133858267713
20
-3.2698818897637794
11
5.6079133858267713
21
-3.4116141732283465
0
LINE
8
BLACK
6
CONTINUOUS
10
5.6079133858267713
20
-3.4116141732283465
11
5.6074638582677165
21
-3.4138741338582674
0
LINE
8
BLACK
6
CONTINUOUS
10
5.6074638582677165
20
-3.4138741338582674
11
5.6069364960629917
21
-3.4146633464566927
0
LINE
8
BLACK
6
CONTINUOUS
10
5.6069364960629917
20
-3.4146633464566927
11
5.6074212598425195
21
-3.4145669291338581
0
LINE
8
BLACK
6
CONTINUOUS
10
5.6074212598425195
20
-3.4145669291338581
11
5.6123425196850389
21
-3.4145669291338581
0
LINE
8
BLACK
6
CONTINUOUS
10
5.6123425196850389
20
-3.4145669291338581
11
5.6154141338582679
21
-3.4151779133858269
0
LINE
8
BLACK
6
CONTINUOUS
10
5.6154141338582679
20
-3.4151779133858269
11
5.6148031496062991
21
-3.4121062992125983
0
LINE
8
BLACK
6
CONTINUOUS
10
5.6148031496062991
20
-3.4121062992125983
11
5.6148031496062991
21
-3.4071850393700789
0
LINE
8
BLACK
6
CONTINUOUS
10
5.6148031496062991
20
-3.4071850393700789
11
5.6154399999999995
21
-3.4039834645669291
0
LINE
8
BLACK
6
CONTINUOUS
10
5.6154399999999995
20
-3.4039834645669291
11
5.6172535433070863
21
-3.4012692913385827
0
LINE
8
BLACK
6
CONTINUOUS
10
5.6172535433070863
20
-3.4012692913385827
11
5.6194477559055116
21
-3.3998031496062993
0
LINE
8
BLACK
6
CONTINUOUS
10
5.6194477559055116
20
-3.3998031496062993
11
5.6172535433070863
21
-3.3983370078740158
0
LINE
8
BLACK
6
CONTINUOUS
10
5.6172535433070863
20
-3.3983370078740158
11
5.6154399999999995
21
-3.3956228346456694
0
LINE
8
BLACK
6
CONTINUOUS
10
5.6154399999999995
20
-3.3956228346456694
11
5.6148031496062991
21
-3.3924212598425196
0
LINE
8
BLACK
6
CONTINUOUS
10
5.6148031496062991
20
-3.3924212598425196
11
5.6148031496062991
21
-3.3874999999999997
0
LINE
8
BLACK
6
CONTINUOUS
10
5.6148031496062991
20
-3.3874999999999997
11
5.6154399999999995
21
-3.3842984251968504
0
LINE
8
BLACK
6
CONTINUOUS
10
5.6154399999999995
20
-3.3842984251968504
11
5.6172535433070863
21
-3.381584251968504
0
LINE
8
BLACK
6
CONTINUOUS
10
5.6172535433070863
20
-3.381584251968504
11
5.6194477559055116
21
-3.3801181102362206
0
LINE
8
BLACK
6
CONTINUOUS
10
5.6194477559055116
20
-3.3801181102362206
11
5.6172535433070863
21
-3.3786519685039371
0
LINE
8
BLACK
6
CONTINUOUS
10
5.6172535433070863
20
-3.3786519685039371
11
5.6154399999999995
21
-3.3759377952755907
0
LINE
8
BLACK
6
CONTINUOUS
10
5.6154399999999995
20
-3.3759377952755907
11
5.6148031496062991
21
-3.3727362204724409
0
LINE
8
BLACK
6
CONTINUOUS
10
5.6148031496062991
20
-3.3727362204724409
11
5.6148031496062991
21
-3.367814960629921
0
LINE
8
BLACK
6
CONTINUOUS
10
5.6148031496062991
20
-3.367814960629921
11
5.6154399999999995
21
-3.3646133858267717
0
LINE
8
BLACK
6
CONTINUOUS
10
5.6154399999999995
20
-3.3646133858267717
11
5.6172535433070863
21
-3.3618992125984253
0
LINE
8
BLACK
6
CONTINUOUS
10
5.6172535433070863
20
-3.3618992125984253
11
5.6194477559055116
21
-3.3604330708661418
0
LINE
8
BLACK
6
CONTINUOUS
10
5.6194477559055116
20
-3.3604330708661418
11
5.6172535433070863
21
-3.358966929133858
0
LINE
8
BLACK
6
CONTINUOUS
10
5.6172535433070863
20
-3.358966929133858
11
5.6154399999999995
21
-3.3562527559055115
0
LINE
8
BLACK
6
CONTINUOUS
10
5.6154399999999995
20
-3.3562527559055115
11
5.6148031496062991
21
-3.3530511811023622
0
LINE
8
BLACK
6
CONTINUOUS
10
5.6148031496062991
20
-3.3530511811023622
11
5.6148031496062991
21
-3.3481299212598423
0
LINE
8
BLACK
6
CONTINUOUS
10
5.6148031496062991
20
-3.3481299212598423
11
5.6154399999999995
21
-3.344928346456693
0
LINE
8
BLACK
6
CONTINUOUS
10
5.6154399999999995
20
-3.344928346456693
11
5.6172535433070863
21
-3.3422141732283466
0
LINE
8
BLACK
6
CONTINUOUS
10
5.6172535433070863
20
-3.3422141732283466
11
5.6194477559055116
21
-3.3407480314960627
0
LINE
8
BLACK
6
CONTINUOUS
10
5.6194477559055116
20
-3.3407480314960627
11
5.6172535433070863
21
-3.3392818897637793
0
LINE
8
BLACK
6
CONTINUOUS
10
5.6172535433070863
20
-3.3392818897637793
11
5.6154399999999995
21
-3.3365677165354328
0
LINE
8
BLACK
6
CONTINUOUS
10
5.6154399999999995
20
-3.3365677165354328
11
5.6148031496062991
21
-3.3333661417322835
0
LINE
8
BLACK
6
CONTINUOUS
10
5.6148031496062991
20
-3.3333661417322835
11
5.6148031496062991
21
-3.3284448818897636
0
LINE
8
BLACK
6
CONTINUOUS
10
5.6148031496062991
20
-3.3284448818897636
11
5.6154399999999995
21
-3.3252433070866143
0
LINE
8
BLACK
6
CONTINUOUS
10
5.6154399999999995
20
-3.3252433070866143
11
5.6172535433070863
21
-3.3225291338582674
0
LINE
8
BLACK
6
CONTINUOUS
10
5.6172535433070863
20
-3.3225291338582674
11
5.6194477559055116
21
-3.321062992125984
0
LINE
8
BLACK
6
CONTINUOUS
10
5.6194477559055116
20
-3.321062992125984
11
5.6172535433070863
21
-3.3195968503937006
0
LINE
8
BLACK
6
CONTINUOUS
10
5.6172535433070863
20
-3.3195968503937006
11
5.6154399999999995
21
-3.3168826771653541
0
LINE
8
BLACK
6
CONTINUOUS
10
5.6154399999999995
20
-3.3168826771653541
11
5.6148031496062991
21
-3.3136811023622048
0
LINE
8
BLACK
6
CONTINUOUS
10
5.6148031496062991
20
-3.3136811023622048
11
5.6148031496062991
21
-3.3087598425196849
0
LINE
8
BLACK
6
CONTINUOUS
10
5.6148031496062991
20
-3.3087598425196849
11
5.6154399999999995
21
-3.3055582677165352
0
LINE
8
BLACK
6
CONTINUOUS
10
5.6154399999999995
20
-3.3055582677165352
11
5.6172535433070863
21
-3.3028440944881887
0
LINE
8
BLACK
6
CONTINUOUS
10
5.6172535433070863
20
-3.3028440944881887
11
5.6194477559055116
21
-3.3013779527559053
0
LINE
8
BLACK
6
CONTINUOUS
10
5.6194477559055116
20
-3.3013779527559053
11
5.6172535433070863
21
-3.2999118110236219
0
LINE
8
BLACK
6
CONTINUOUS
10
5.6172535433070863
20
-3.2999118110236219
11
5.6154399999999995
21
-3.2971976377952754
0
LINE
8
BLACK
6
CONTINUOUS
10
5.6154399999999995
20
-3.2971976377952754
11
5.6148031496062991
21
-3.2939960629921261
0
LINE
8
BLACK
6
CONTINUOUS
10
5.6148031496062991
20
-3.2939960629921261
11
5.6148031496062991
21
-3.2890748031496062
0
LINE
8
BLACK
6
CONTINUOUS
10
5.6148031496062991
20
-3.2890748031496062
11
5.6154399999999995
21
-3.2858732283464565
0
LINE
8
BLACK
6
CONTINUOUS
10
5.6154399999999995
20
-3.2858732283464565
11
5.6172535433070863
21
-3.28315905511811
0
LINE
8
BLACK
6
CONTINUOUS
10
5.6172535433070863
20
-3.28315905511811
11
5.6194477559055116
21
-3.2816929133858266
0
LINE
8
BLACK
6
CONTINUOUS
10
5.6194477559055116
20
-3.2816929133858266
11
5.6172535433070863
21
-3.2802267716535431
0
LINE
8
BLACK
6
CONTINUOUS
10
5.6172535433070863
20
-3.2802267716535431
11
5.6154399999999995
21
-3.2775125984251967
0
LINE
8
BLACK
6
CONTINUOUS
10
5.6154399999999995
20
-3.2775125984251967
11
5.6148031496062991
21
-3.274311023622047
0
LINE
8
BLACK
6
CONTINUOUS
10
5.6148031496062991
20
-3.274311023622047
11
5.6148031496062991
21
-3.2693897637795275
0
LINE
8
BLACK
6
CONTINUOUS
10
5.6148031496062991
20
-3.2693897637795275
11
5.6154141338582679
21
-3.2663181102362202
0
LINE
8
BLACK
6
CONTINUOUS
10
5.6154141338582679
20
-3.2663181102362202
11
5.6123425196850389
21
-3.2669291338582678
0
LINE
8
BLACK
6
CONTINUOUS
10
5.4414285826771653
20
-3.2639763779527557
11
5.4436895275590551
21
-3.2639763779527557
0
LINE
8
BLACK
6
CONTINUOUS
10
5.4436895275590551
20
-3.2639763779527557
11
5.4425590551181102
21
-3.2622844881889761
0
LINE
8
BLACK
6
CONTINUOUS
10
5.4425590551181102
20
-3.2622844881889761
11
5.4414285826771653
21
-3.2639763779527557
0
LINE
8
BLACK
6
CONTINUOUS
10
5.461113622047244
20
-3.2639763779527557
11
5.4633745669291338
21
-3.2639763779527557
0
LINE
8
BLACK
6
CONTINUOUS
10
5.4633745669291338
20
-3.2639763779527557
11
5.4622440944881889
21
-3.2622844881889761
0
LINE
8
BLACK
6
CONTINUOUS
10
5.4622440944881889
20
-3.2622844881889761
11
5.461113622047244
21
-3.2639763779527557
0
LINE
8
BLACK
6
CONTINUOUS
10
5.4807986614173227
20
-3.2639763779527557
11
5.4830596062992125
21
-3.2639763779527557
0
LINE
8
BLACK
6
CONTINUOUS
10
5.4830596062992125
20
-3.2639763779527557
11
5.4819291338582676
21
-3.2622844881889761
0
LINE
8
BLACK
6
CONTINUOUS
10
5.4819291338582676
20
-3.2622844881889761
11
5.4807986614173227
21
-3.2639763779527557
0
LINE
8
BLACK
6
CONTINUOUS
10
5.5004837007874015
20
-3.2639763779527557
11
5.5027446456692912
21
-3.2639763779527557
0
LINE
8
BLACK
6
CONTINUOUS
10
5.5027446456692912
20
-3.2639763779527557
11
5.5016141732283463
21
-3.2622844881889761
0
LINE
8
BLACK
6
CONTINUOUS
10
5.5016141732283463
20
-3.2622844881889761
11
5.5004837007874015
21
-3.2639763779527557
0
LINE
8
BLACK
6
CONTINUOUS
10
5.5201687401574802
20
-3.2639763779527557
11
5.5224296850393699
21
-3.2639763779527557
0
LINE
8
BLACK
6
CONTINUOUS
10
5.5224296850393699
20
-3.2639763779527557
11
5.521299212598425
21
-3.2622844881889761
0
LINE
8
BLACK
6
CONTINUOUS
10
5.521299212598425
20
-3.2622844881889761
11
5.5201687401574802
21
-3.2639763779527557
0
LINE
8
BLACK
6
CONTINUOUS
10
5.5398537795275589
20
-3.2639763779527557
11
5.5421147244094486
21
-3.2639763779527557
0
LINE
8
BLACK
6
CONTINUOUS
10
5.5421147244094486
20
-3.2639763779527557
11
5.5409842519685037
21
-3.2622844881889761
0
LINE
8
BLACK
6
CONTINUOUS
10
5.5409842519685037
20
-3.2622844881889761
11
5.5398537795275589
21
-3.2639763779527557
0
LINE
8
BLACK
6
CONTINUOUS
10
5.5595388188976376
20
-3.2639763779527557
11
5.5617997637795273
21
-3.2639763779527557
0
LINE
8
BLACK
6
CONTINUOUS
10
5.5617997637795273
20
-3.2639763779527557
11
5.5606692913385825
21
-3.2622844881889761
0
LINE
8
BLACK
6
CONTINUOUS
10
5.5606692913385825
20
-3.2622844881889761
11
5.5595388188976376
21
-3.2639763779527557
0
LINE
8
BLACK
6
CONTINUOUS
10
5.5792238582677163
20
-3.2639763779527557
11
5.581484803149606
21
-3.2639763779527557
0
LINE
8
BLACK
6
CONTINUOUS
10
5.581484803149606
20
-3.2639763779527557
11
5.5803543307086612
21
-3.2622844881889761
0
LINE
8
BLACK
6
CONTINUOUS
10
5.5803543307086612
20
-3.2622844881889761
11
5.5792238582677163
21
-3.2639763779527557
0
LINE
8
BLACK
6
CONTINUOUS
10
5.598908897637795
20
-3.2639763779527557
11
5.6011698425196847
21
-3.2639763779527557
0
LINE
8
BLACK
6
CONTINUOUS
10
5.6011698425196847
20
-3.2639763779527557
11
5.6000393700787399
21
-3.2622844881889761
0
LINE
8
BLACK
6
CONTINUOUS
10
5.6000393700787399
20
-3.2622844881889761
11
5.598908897637795
21
-3.2639763779527557
0
LINE
8
BLACK
6
CONTINUOUS
10
6.1583464960629923
20
-3.4067555118110238
11
6.1627127559055115
21
-3.4088900393700787
0
LINE
8
BLACK
6
CONTINUOUS
10
6.1627127559055115
20
-3.4088900393700787
11
6.1661493307086612
21
-3.4123266141732285
0
LINE
8
BLACK
6
CONTINUOUS
10
6.1661493307086612
20
-3.4123266141732285
11
6.1682838582677162
21
-3.4166928740157481
0
LINE
8
BLACK
6
CONTINUOUS
10
6.1682838582677162
20
-3.4166928740157481
11
6.1688976377952756
21
-3.4209055118110236
0
LINE
8
BLACK
6
CONTINUOUS
10
6.1688976377952756
20
-3.4209055118110236
11
6.1688976377952756
21
-3.4405905511811024
0
LINE
8
BLACK
6
CONTINUOUS
10
6.1688976377952756
20
-3.4405905511811024
11
6.1682838582677162
21
-3.4448031889763779
0
LINE
8
BLACK
6
CONTINUOUS
10
6.1682838582677162
20
-3.4448031889763779
11
6.1661493307086612
21
-3.4491694488188975
0
LINE
8
BLACK
6
CONTINUOUS
10
6.1661493307086612
20
-3.4491694488188975
11
6.1627127559055115
21
-3.4526060236220473
0
LINE
8
BLACK
6
CONTINUOUS
10
6.1627127559055115
20
-3.4526060236220473
11
6.1583464960629923
21
-3.4547405511811022
0
LINE
8
BLACK
6
CONTINUOUS
10
6.1583464960629923
20
-3.4547405511811022
11
6.1541338582677163
21
-3.4553543307086612
0
LINE
8
BLACK
6
CONTINUOUS
10
6.1541338582677163
20
-3.4553543307086612
11
6.1364173228346459
21
-3.4553543307086612
0
LINE
8
BLACK
6
CONTINUOUS
10
6.1364173228346459
20
-3.4553543307086612
11
6.1322046850393699
21
-3.4547405511811022
0
LINE
8
BLACK
6
CONTINUOUS
10
6.1322046850393699
20
-3.4547405511811022
11
6.1278384251968498
21
-3.4526060236220473
0
LINE
8
BLACK
6
CONTINUOUS
10
6.1278384251968498
20
-3.4526060236220473
11
6.124401850393701
21
-3.4491694488188975
0
LINE
8
BLACK
6
CONTINUOUS
10
6.124401850393701
20
-3.4491694488188975
11
6.1222673228346451
21
-3.4448031889763779
0
LINE
8
BLACK
6
CONTINUOUS
10
6.1222673228346451
20
-3.4448031889763779
11
6.1216535433070867
21
-3.4405905511811024
0
LINE
8
BLACK
6
CONTINUOUS
10
6.1216535433070867
20
-3.4405905511811024
11
6.1216535433070867
21
-3.4209055118110236
0
LINE
8
BLACK
6
CONTINUOUS
10
6.1216535433070867
20
-3.4209055118110236
11
6.1222673228346451
21
-3.4166928740157481
0
LINE
8
BLACK
6
CONTINUOUS
10
6.1222673228346451
20
-3.4166928740157481
11
6.124401850393701
21
-3.4123266141732285
0
LINE
8
BLACK
6
CONTINUOUS
10
6.124401850393701
20
-3.4123266141732285
11
6.1278384251968498
21
-3.4088900393700787
0
LINE
8
BLACK
6
CONTINUOUS
10
6.1278384251968498
20
-3.4088900393700787
11
6.1322046850393699
21
-3.4067555118110238
0
LINE
8
BLACK
6
CONTINUOUS
10
6.1322046850393699
20
-3.4067555118110238
11
6.1364173228346459
21
-3.4061417322834644
0
LINE
8
BLACK
6
CONTINUOUS
10
6.1364173228346459
20
-3.4061417322834644
11
6.1541338582677163
21
-3.4061417322834644
0
LINE
8
BLACK
6
CONTINUOUS
10
6.1541338582677163
20
-3.4061417322834644
11
6.1583464960629923
21
-3.4067555118110238
0
LINE
8
BLACK
6
CONTINUOUS
10
6.2193701181102359
20
-3.4067555118110238
11
6.2237363779527559
21
-3.4088900393700787
0
LINE
8
BLACK
6
CONTINUOUS
10
6.2237363779527559
20
-3.4088900393700787
11
6.2271729527559057
21
-3.4123266141732285
0
LINE
8
BLACK
6
CONTINUOUS
10
6.2271729527559057
20
-3.4123266141732285
11
6.2293074803149606
21
-3.4166928740157481
0
LINE
8
BLACK
6
CONTINUOUS
10
6.2293074803149606
20
-3.4166928740157481
11
6.22992125984252
21
-3.4209055118110236
0
LINE
8
BLACK
6
CONTINUOUS
10
6.22992125984252
20
-3.4209055118110236
11
6.22992125984252
21
-3.4405905511811024
0
LINE
8
BLACK
6
CONTINUOUS
10
6.22992125984252
20
-3.4405905511811024
11
6.2293074803149606
21
-3.4448031889763779
0
LINE
8
BLACK
6
CONTINUOUS
10
6.2293074803149606
20
-3.4448031889763779
11
6.2271729527559057
21
-3.4491694488188975
0
LINE
8
BLACK
6
CONTINUOUS
10
6.2271729527559057
20
-3.4491694488188975
11
6.2237363779527559
21
-3.4526060236220473
0
LINE
8
BLACK
6
CONTINUOUS
10
6.2237363779527559
20
-3.4526060236220473
11
6.2193701181102359
21
-3.4547405511811022
0
LINE
8
BLACK
6
CONTINUOUS
10
6.2193701181102359
20
-3.4547405511811022
11
6.2151574803149607
21
-3.4553543307086612
0
LINE
8
BLACK
6
CONTINUOUS
10
6.2151574803149607
20
-3.4553543307086612
11
6.1974409448818895
21
-3.4553543307086612
0
LINE
8
BLACK
6
CONTINUOUS
10
6.1974409448818895
20
-3.4553543307086612
11
6.1932283070866143
21
-3.4547405511811022
0
LINE
8
BLACK
6
CONTINUOUS
10
6.1932283070866143
20
-3.4547405511811022
11
6.1888620472440943
21
-3.4526060236220473
0
LINE
8
BLACK
6
CONTINUOUS
10
6.1888620472440943
20
-3.4526060236220473
11
6.1854254724409445
21
-3.4491694488188975
0
LINE
8
BLACK
6
CONTINUOUS
10
6.1854254724409445
20
-3.4491694488188975
11
6.1832909448818896
21
-3.4448031889763779
0
LINE
8
BLACK
6
CONTINUOUS
10
6.1832909448818896
20
-3.4448031889763779
11
6.1826771653543302
21
-3.4405905511811024
0
LINE
8
BLACK
6
CONTINUOUS
10
6.1826771653543302
20
-3.4405905511811024
11
6.1826771653543302
21
-3.4209055118110236
0
LINE
8
BLACK
6
CONTINUOUS
10
6.1826771653543302
20
-3.4209055118110236
11
6.1832909448818896
21
-3.4166928740157481
0
LINE
8
BLACK
6
CONTINUOUS
10
6.1832909448818896
20
-3.4166928740157481
11
6.1854254724409445
21
-3.4123266141732285
0
LINE
8
BLACK
6
CONTINUOUS
10
6.1854254724409445
20
-3.4123266141732285
11
6.1888620472440943
21
-3.4088900393700787
0
LINE
8
BLACK
6
CONTINUOUS
10
6.1888620472440943
20
-3.4088900393700787
11
6.1932283070866143
21
-3.4067555118110238
0
LINE
8
BLACK
6
CONTINUOUS
10
6.1932283070866143
20
-3.4067555118110238
11
6.1974409448818895
21
-3.4061417322834644
0
LINE
8
BLACK
6
CONTINUOUS
10
6.1974409448818895
20
-3.4061417322834644
11
6.2151574803149607
21
-3.4061417322834644
0
LINE
8
BLACK
6
CONTINUOUS
10
6.2151574803149607
20
-3.4061417322834644
11
6.2193701181102359
21
-3.4067555118110238
0
LINE
8
BLACK
6
CONTINUOUS
10
6.0653543700787402
20
-3.4072279527559055
11
6.0697206299212594
21
-3.4093624803149605
0
LINE
8
BLACK
6
CONTINUOUS
10
6.0697206299212594
20
-3.4093624803149605
11
6.0731572047244091
21
-3.4127990551181102
0
LINE
8
BLACK
6
CONTINUOUS
10
6.0731572047244091
20
-3.4127990551181102
11
6.0752917322834641
21
-3.4171653149606298
0
LINE
8
BLACK
6
CONTINUOUS
10
6.0752917322834641
20
-3.4171653149606298
11
6.0759055118110235
21
-3.4213779527559054
0
LINE
8
BLACK
6
CONTINUOUS
10
6.0759055118110235
20
-3.4213779527559054
11
6.0759055118110235
21
-3.4390944881889762
0
LINE
8
BLACK
6
CONTINUOUS
10
6.0759055118110235
20
-3.4390944881889762
11
6.0752917322834641
21
-3.4433071259842518
0
LINE
8
BLACK
6
CONTINUOUS
10
6.0752917322834641
20
-3.4433071259842518
11
6.0731572047244091
21
-3.4476733858267714
0
LINE
8
BLACK
6
CONTINUOUS
10
6.0731572047244091
20
-3.4476733858267714
11
6.0697206299212594
21
-3.4511099606299211
0
LINE
8
BLACK
6
CONTINUOUS
10
6.0697206299212594
20
-3.4511099606299211
11
6.0653543700787402
21
-3.4532444881889761
0
LINE
8
BLACK
6
CONTINUOUS
10
6.0653543700787402
20
-3.4532444881889761
11
6.0611417322834642
21
-3.4538582677165355
0
LINE
8
BLACK
6
CONTINUOUS
10
6.0611417322834642
20
-3.4538582677165355
11
6.0414566929133855
21
-3.4538582677165355
0
LINE
8
BLACK
6
CONTINUOUS
10
6.0414566929133855
20
-3.4538582677165355
11
6.0372440551181104
21
-3.4532444881889761
0
LINE
8
BLACK
6
CONTINUOUS
10
6.0372440551181104
20
-3.4532444881889761
11
6.0328777952755903
21
-3.4511099606299211
0
LINE
8
BLACK
6
CONTINUOUS
10
6.0328777952755903
20
-3.4511099606299211
11
6.0294412204724406
21
-3.4476733858267714
0
LINE
8
BLACK
6
CONTINUOUS
10
6.0294412204724406
20
-3.4476733858267714
11
6.0273066929133856
21
-3.4433071259842518
0
LINE
8
BLACK
6
CONTINUOUS
10
6.0273066929133856
20
-3.4433071259842518
11
6.0266929133858262
21
-3.4390944881889762
0
LINE
8
BLACK
6
CONTINUOUS
10
6.0266929133858262
20
-3.4390944881889762
11
6.0266929133858262
21
-3.4213779527559054
0
LINE
8
BLACK
6
CONTINUOUS
10
6.0266929133858262
20
-3.4213779527559054
11
6.0273066929133856
21
-3.4171653149606298
0
LINE
8
BLACK
6
CONTINUOUS
10
6.0273066929133856
20
-3.4171653149606298
11
6.0294412204724406
21
-3.4127990551181102
0
LINE
8
BLACK
6
CONTINUOUS
10
6.0294412204724406
20
-3.4127990551181102
11
6.0328777952755903
21
-3.4093624803149605
0
LINE
8
BLACK
6
CONTINUOUS
10
6.0328777952755903
20
-3.4093624803149605
11
6.0372440551181104
21
-3.4072279527559055
0
LINE
8
BLACK
6
CONTINUOUS
10
6.0372440551181104
20
-3.4072279527559055
11
6.0414566929133855
21
-3.4066141732283466
0
LINE
8
BLACK
6
CONTINUOUS
10
6.0414566929133855
20
-3.4066141732283466
11
6.0611417322834642
21
-3.4066141732283466
0
LINE
8
BLACK
6
CONTINUOUS
10
6.0611417322834642
20
-3.4066141732283466
11
6.0653543700787402
21
-3.4072279527559055
0
LINE
8
BLACK
6
CONTINUOUS
10
6.45035437007874
20
-3.4037633858267715
11
6.4547206299212601
21
-3.4058979133858265
0
LINE
8
BLACK
6
CONTINUOUS
10
6.4547206299212601
20
-3.4058979133858265
11
6.4581572047244089
21
-3.4093344881889762
0
LINE
8
BLACK
6
CONTINUOUS
10
6.4581572047244089
20
-3.4093344881889762
11
6.4602917322834648
21
-3.4137007480314958
0
LINE
8
BLACK
6
CONTINUOUS
10
6.4602917322834648
20
-3.4137007480314958
11
6.4609055118110232
21
-3.4179133858267714
0
LINE
8
BLACK
6
CONTINUOUS
10
6.4609055118110232
20
-3.4179133858267714
11
6.4609055118110232
21
-3.4356299212598422
0
LINE
8
BLACK
6
CONTINUOUS
10
6.4609055118110232
20
-3.4356299212598422
11
6.4602917322834648
21
-3.4398425590551178
0
LINE
8
BLACK
6
CONTINUOUS
10
6.4602917322834648
20
-3.4398425590551178
11
6.4581572047244089
21
-3.4442088188976379
0
LINE
8
BLACK
6
CONTINUOUS
10
6.4581572047244089
20
-3.4442088188976379
11
6.4547206299212601
21
-3.4476453937007872
0
LINE
8
BLACK
6
CONTINUOUS
10
6.4547206299212601
20
-3.4476453937007872
11
6.45035437007874
21
-3.4497799212598426
0
LINE
8
BLACK
6
CONTINUOUS
10
6.45035437007874
20
-3.4497799212598426
11
6.446141732283464
21
-3.4503937007874015
0
LINE
8
BLACK
6
CONTINUOUS
10
6.446141732283464
20
-3.4503937007874015
11
6.4264566929133853
21
-3.4503937007874015
0
LINE
8
BLACK
6
CONTINUOUS
10
6.4264566929133853
20
-3.4503937007874015
11
6.4222440551181101
21
-3.4497799212598426
0
LINE
8
BLACK
6
CONTINUOUS
10
6.4222440551181101
20
-3.4497799212598426
11
6.4178777952755901
21
-3.4476453937007872
0
LINE
8
BLACK
6
CONTINUOUS
10
6.4178777952755901
20
-3.4476453937007872
11
6.4144412204724404
21
-3.4442088188976379
0
LINE
8
BLACK
6
CONTINUOUS
10
6.4144412204724404
20
-3.4442088188976379
11
6.4123066929133854
21
-3.4398425590551178
0
LINE
8
BLACK
6
CONTINUOUS
10
6.4123066929133854
20
-3.4398425590551178
11
6.4116929133858269
21
-3.4356299212598422
0
LINE
8
BLACK
6
CONTINUOUS
10
6.4116929133858269
20
-3.4356299212598422
11
6.4116929133858269
21
-3.4179133858267714
0
LINE
8
BLACK
6
CONTINUOUS
10
6.4116929133858269
20
-3.4179133858267714
11
6.4123066929133854
21
-3.4137007480314958
0
LINE
8
BLACK
6
CONTINUOUS
10
6.4123066929133854
20
-3.4137007480314958
11
6.4144412204724404
21
-3.4093344881889762
0
LINE
8
BLACK
6
CONTINUOUS
10
6.4144412204724404
20
-3.4093344881889762
11
6.4178777952755901
21
-3.4058979133858265
0
LINE
8
BLACK
6
CONTINUOUS
10
6.4178777952755901
20
-3.4058979133858265
11
6.4222440551181101
21
-3.4037633858267715
0
LINE
8
BLACK
6
CONTINUOUS
10
6.4222440551181101
20
-3.4037633858267715
11
6.4264566929133853
21
-3.4031496062992126
0
LINE
8
BLACK
6
CONTINUOUS
10
6.4264566929133853
20
-3.4031496062992126
11
6.446141732283464
21
-3.4031496062992126
0
LINE
8
BLACK
6
CONTINUOUS
10
6.446141732283464
20
-3.4031496062992126
11
6.45035437007874
21
-3.4037633858267715
0
LINE
8
BLACK
6
CONTINUOUS
10
5.8674468503937005
20
-3.372965118110236
11
5.8708596456692916
21
-3.3755098818897635
0
LINE
8
BLACK
6
CONTINUOUS
10
5.8708596456692916
20
-3.3755098818897635
11
5.8833871259842514
21
-3.3880373622047242
0
LINE
8
BLACK
6
CONTINUOUS
10
5.8833871259842514
20
-3.3880373622047242
11
5.8859318897637793
21
-3.3914501574803149
0
LINE
8
BLACK
6
CONTINUOUS
10
5.8859318897637793
20
-3.3914501574803149
11
5.887509960629921
21
-3.396046929133858
0
LINE
8
BLACK
6
CONTINUOUS
10
5.887509960629921
20
-3.396046929133858
11
5.887509960629921
21
-3.400906968503937
0
LINE
8
BLACK
6
CONTINUOUS
10
5.887509960629921
20
-3.400906968503937
11
5.8859318897637793
21
-3.4055037007874014
0
LINE
8
BLACK
6
CONTINUOUS
10
5.8859318897637793
20
-3.4055037007874014
11
5.8833871259842514
21
-3.4089164960629921
0
LINE
8
BLACK
6
CONTINUOUS
10
5.8833871259842514
20
-3.4089164960629921
11
5.8694676771653542
21
-3.4228359448818897
0
LINE
8
BLACK
6
CONTINUOUS
10
5.8694676771653542
20
-3.4228359448818897
11
5.866054881889764
21
-3.4253807086614172
0
LINE
8
BLACK
6
CONTINUOUS
10
5.866054881889764
20
-3.4253807086614172
11
5.8614581496062987
21
-3.4269587795275589
0
LINE
8
BLACK
6
CONTINUOUS
10
5.8614581496062987
20
-3.4269587795275589
11
5.8565981102362201
21
-3.4269587795275589
0
LINE
8
BLACK
6
CONTINUOUS
10
5.8565981102362201
20
-3.4269587795275589
11
5.852001338582677
21
-3.4253807086614172
0
LINE
8
BLACK
6
CONTINUOUS
10
5.852001338582677
20
-3.4253807086614172
11
5.8485885433070868
21
-3.4228359448818897
0
LINE
8
BLACK
6
CONTINUOUS
10
5.8485885433070868
20
-3.4228359448818897
11
5.8360610629921261
21
-3.410308464566929
0
LINE
8
BLACK
6
CONTINUOUS
10
5.8360610629921261
20
-3.410308464566929
11
5.8335162992125982
21
-3.4068956692913384
0
LINE
8
BLACK
6
CONTINUOUS
10
5.8335162992125982
20
-3.4068956692913384
11
5.8319382283464565
21
-3.4022988976377952
0
LINE
8
BLACK
6
CONTINUOUS
10
5.8319382283464565
20
-3.4022988976377952
11
5.8319382283464565
21
-3.3974388582677166
0
LINE
8
BLACK
6
CONTINUOUS
10
5.8319382283464565
20
-3.3974388582677166
11
5.8335162992125982
21
-3.3928421259842518
0
LINE
8
BLACK
6
CONTINUOUS
10
5.8335162992125982
20
-3.3928421259842518
11
5.8360610629921261
21
-3.3894293307086611
0
LINE
8
BLACK
6
CONTINUOUS
10
5.8360610629921261
20
-3.3894293307086611
11
5.8499805118110233
21
-3.3755098818897635
0
LINE
8
BLACK
6
CONTINUOUS
10
5.8499805118110233
20
-3.3755098818897635
11
5.8533933070866144
21
-3.372965118110236
0
LINE
8
BLACK
6
CONTINUOUS
10
5.8533933070866144
20
-3.372965118110236
11
5.8579900393700788
21
-3.3713870472440943
0
LINE
8
BLACK
6
CONTINUOUS
10
5.8579900393700788
20
-3.3713870472440943
11
5.8628500787401574
21
-3.3713870472440943
0
LINE
8
BLACK
6
CONTINUOUS
10
5.8628500787401574
20
-3.3713870472440943
11
5.8674468503937005
21
-3.372965118110236
0
LINE
8
BLACK
6
CONTINUOUS
10
5.2533464960629921
20
-3.3767555118110235
11
5.2577127559055121
21
-3.3788900393700785
0
LINE
8
BLACK
6
CONTINUOUS
10
5.2577127559055121
20
-3.3788900393700785
11
5.261149330708661
21
-3.3823266141732282
0
LINE
8
BLACK
6
CONTINUOUS
10
5.261149330708661
20
-3.3823266141732282
11
5.2632838582677168
21
-3.3866928740157478
0
LINE
8
BLACK
6
CONTINUOUS
10
5.2632838582677168
20
-3.3866928740157478
11
5.2638976377952753
21
-3.3909055118110234
0
LINE
8
BLACK
6
CONTINUOUS
10
5.2638976377952753
20
-3.3909055118110234
11
5.2638976377952753
21
-3.4105905511811021
0
LINE
8
BLACK
6
CONTINUOUS
10
5.2638976377952753
20
-3.4105905511811021
11
5.2632838582677168
21
-3.4148031889763777
0
LINE
8
BLACK
6
CONTINUOUS
10
5.2632838582677168
20
-3.4148031889763777
11
5.261149330708661
21
-3.4191694488188977
0
LINE
8
BLACK
6
CONTINUOUS
10
5.261149330708661
20
-3.4191694488188977
11
5.2577127559055121
21
-3.422606023622047
0
LINE
8
BLACK
6
CONTINUOUS
10
5.2577127559055121
20
-3.422606023622047
11
5.2533464960629921
21
-3.4247405511811024
0
LINE
8
BLACK
6
CONTINUOUS
10
5.2533464960629921
20
-3.4247405511811024
11
5.2491338582677161
21
-3.4253543307086614
0
LINE
8
BLACK
6
CONTINUOUS
10
5.2491338582677161
20
-3.4253543307086614
11
5.2314173228346457
21
-3.4253543307086614
0
LINE
8
BLACK
6
CONTINUOUS
10
5.2314173228346457
20
-3.4253543307086614
11
5.2272046850393696
21
-3.4247405511811024
0
LINE
8
BLACK
6
CONTINUOUS
10
5.2272046850393696
20
-3.4247405511811024
11
5.2228384251968505
21
-3.422606023622047
0
LINE
8
BLACK
6
CONTINUOUS
10
5.2228384251968505
20
-3.422606023622047
11
5.2194018503937007
21
-3.4191694488188977
0
LINE
8
BLACK
6
CONTINUOUS
10
5.2194018503937007
20
-3.4191694488188977
11
5.2172673228346458
21
-3.4148031889763777
0
LINE
8
BLACK
6
CONTINUOUS
10
5.2172673228346458
20
-3.4148031889763777
11
5.2166535433070864
21
-3.4105905511811021
0
LINE
8
BLACK
6
CONTINUOUS
10
5.2166535433070864
20
-3.4105905511811021
11
5.2166535433070864
21
-3.3909055118110234
0
LINE
8
BLACK
6
CONTINUOUS
10
5.2166535433070864
20
-3.3909055118110234
11
5.2172673228346458
21
-3.3866928740157478
0
LINE
8
BLACK
6
CONTINUOUS
10
5.2172673228346458
20
-3.3866928740157478
11
5.2194018503937007
21
-3.3823266141732282
0
LINE
8
BLACK
6
CONTINUOUS
10
5.2194018503937007
20
-3.3823266141732282
11
5.2228384251968505
21
-3.3788900393700785
0
LINE
8
BLACK
6
CONTINUOUS
10
5.2228384251968505
20
-3.3788900393700785
11
5.2272046850393696
21
-3.3767555118110235
0
LINE
8
BLACK
6
CONTINUOUS
10
5.2272046850393696
20
-3.3767555118110235
11
5.2314173228346457
21
-3.3761417322834646
0
LINE
8
BLACK
6
CONTINUOUS
10
5.2314173228346457
20
-3.3761417322834646
11
5.2491338582677161
21
-3.3761417322834646
0
LINE
8
BLACK
6
CONTINUOUS
10
5.2491338582677161
20
-3.3761417322834646
11
5.2533464960629921
21
-3.3767555118110235
0
LINE
8
BLACK
6
CONTINUOUS
10
5.3143701181102365
20
-3.3767555118110235
11
5.3187363779527557
21
-3.3788900393700785
0
LINE
8
BLACK
6
CONTINUOUS
10
5.3187363779527557
20
-3.3788900393700785
11
5.3221729527559054
21
-3.3823266141732282
0
LINE
8
BLACK
6
CONTINUOUS
10
5.3221729527559054
20
-3.3823266141732282
11
5.3243074803149604
21
-3.3866928740157478
0
LINE
8
BLACK
6
CONTINUOUS
10
5.3243074803149604
20
-3.3866928740157478
11
5.3249212598425197
21
-3.3909055118110234
0
LINE
8
BLACK
6
CONTINUOUS
10
5.3249212598425197
20
-3.3909055118110234
11
5.3249212598425197
21
-3.4105905511811021
0
LINE
8
BLACK
6
CONTINUOUS
10
5.3249212598425197
20
-3.4105905511811021
11
5.3243074803149604
21
-3.4148031889763777
0
LINE
8
BLACK
6
CONTINUOUS
10
5.3243074803149604
20
-3.4148031889763777
11
5.3221729527559054
21
-3.4191694488188977
0
LINE
8
BLACK
6
CONTINUOUS
10
5.3221729527559054
20
-3.4191694488188977
11
5.3187363779527557
21
-3.422606023622047
0
LINE
8
BLACK
6
CONTINUOUS
10
5.3187363779527557
20
-3.422606023622047
11
5.3143701181102365
21
-3.4247405511811024
0
LINE
8
BLACK
6
CONTINUOUS
10
5.3143701181102365
20
-3.4247405511811024
11
5.3101574803149605
21
-3.4253543307086614
0
LINE
8
BLACK
6
CONTINUOUS
10
5.3101574803149605
20
-3.4253543307086614
11
5.2924409448818892
21
-3.4253543307086614
0
LINE
8
BLACK
6
CONTINUOUS
10
5.2924409448818892
20
-3.4253543307086614
11
5.2882283070866141
21
-3.4247405511811024
0
LINE
8
BLACK
6
CONTINUOUS
10
5.2882283070866141
20
-3.4247405511811024
11
5.283862047244094
21
-3.422606023622047
0
LINE
8
BLACK
6
CONTINUOUS
10
5.283862047244094
20
-3.422606023622047
11
5.2804254724409452
21
-3.4191694488188977
0
LINE
8
BLACK
6
CONTINUOUS
10
5.2804254724409452
20
-3.4191694488188977
11
5.2782909448818893
21
-3.4148031889763777
0
LINE
8
BLACK
6
CONTINUOUS
10
5.2782909448818893
20
-3.4148031889763777
11
5.2776771653543308
21
-3.4105905511811021
0
LINE
8
BLACK
6
CONTINUOUS
10
5.2776771653543308
20
-3.4105905511811021
11
5.2776771653543308
21
-3.3909055118110234
0
LINE
8
BLACK
6
CONTINUOUS
10
5.2776771653543308
20
-3.3909055118110234
11
5.2782909448818893
21
-3.3866928740157478
0
LINE
8
BLACK
6
CONTINUOUS
10
5.2782909448818893
20
-3.3866928740157478
11
5.2804254724409452
21
-3.3823266141732282
0
LINE
8
BLACK
6
CONTINUOUS
10
5.2804254724409452
20
-3.3823266141732282
11
5.283862047244094
21
-3.3788900393700785
0
LINE
8
BLACK
6
CONTINUOUS
10
5.283862047244094
20
-3.3788900393700785
11
5.2882283070866141
21
-3.3767555118110235
0
LINE
8
BLACK
6
CONTINUOUS
10
5.2882283070866141
20
-3.3767555118110235
11
5.2924409448818892
21
-3.3761417322834646
0
LINE
8
BLACK
6
CONTINUOUS
10
5.2924409448818892
20
-3.3761417322834646
11
5.3101574803149605
21
-3.3761417322834646
0
LINE
8
BLACK
6
CONTINUOUS
10
5.3101574803149605
20
-3.3761417322834646
11
5.3143701181102365
21
-3.3767555118110235
0
LINE
8
BLACK
6
CONTINUOUS
10
5.782425472440945
20
-3.3580542125984252
11
5.7868155118110236
21
-3.3602910629921259
0
LINE
8
BLACK
6
CONTINUOUS
10
5.7868155118110236
20
-3.3602910629921259
11
5.7902994881889764
21
-3.3637750393700787
0
LINE
8
BLACK
6
CONTINUOUS
10
5.7902994881889764
20
-3.3637750393700787
11
5.7925363385826767
21
-3.3681650787401574
0
LINE
8
BLACK
6
CONTINUOUS
10
5.7925363385826767
20
-3.3681650787401574
11
5.7933070866141732
21
-3.3730314960629921
0
LINE
8
BLACK
6
CONTINUOUS
10
5.7933070866141732
20
-3.3730314960629921
11
5.7933070866141732
21
-3.3986220472440944
0
LINE
8
BLACK
6
CONTINUOUS
10
5.7933070866141732
20
-3.3986220472440944
11
5.7925363385826767
21
-3.4034884645669292
0
LINE
8
BLACK
6
CONTINUOUS
10
5.7925363385826767
20
-3.4034884645669292
11
5.7902994881889764
21
-3.4078785039370079
0
LINE
8
BLACK
6
CONTINUOUS
10
5.7902994881889764
20
-3.4078785039370079
11
5.7868155118110236
21
-3.4113624803149607
0
LINE
8
BLACK
6
CONTINUOUS
10
5.7868155118110236
20
-3.4113624803149607
11
5.782425472440945
21
-3.4135993307086614
0
LINE
8
BLACK
6
CONTINUOUS
10
5.782425472440945
20
-3.4135993307086614
11
5.7775590551181102
21
-3.4143700787401574
0
LINE
8
BLACK
6
CONTINUOUS
10
5.7775590551181102
20
-3.4143700787401574
11
5.7421259842519685
21
-3.4143700787401574
0
LINE
8
BLACK
6
CONTINUOUS
10
5.7421259842519685
20
-3.4143700787401574
11
5.7372595669291337
21
-3.4135993307086614
0
LINE
8
BLACK
6
CONTINUOUS
10
5.7372595669291337
20
-3.4135993307086614
11
5.7328695275590551
21
-3.4113624803149607
0
LINE
8
BLACK
6
CONTINUOUS
10
5.7328695275590551
20
-3.4113624803149607
11
5.7293855511811023
21
-3.4078785039370079
0
LINE
8
BLACK
6
CONTINUOUS
10
5.7293855511811023
20
-3.4078785039370079
11
5.7271487007874011
21
-3.4034884645669292
0
LINE
8
BLACK
6
CONTINUOUS
10
5.7271487007874011
20
-3.4034884645669292
11
5.7263779527559056
21
-3.3986220472440944
0
LINE
8
BLACK
6
CONTINUOUS
10
5.7263779527559056
20
-3.3986220472440944
11
5.7263779527559056
21
-3.3730314960629921
0
LINE
8
BLACK
6
CONTINUOUS
10
5.7263779527559056
20
-3.3730314960629921
11
5.7271487007874011
21
-3.3681650787401574
0
LINE
8
BLACK
6
CONTINUOUS
10
5.7271487007874011
20
-3.3681650787401574
11
5.7293855511811023
21
-3.3637750393700787
0
LINE
8
BLACK
6
CONTINUOUS
10
5.7293855511811023
20
-3.3637750393700787
11
5.7328695275590551
21
-3.3602910629921259
0
LINE
8
BLACK
6
CONTINUOUS
10
5.7328695275590551
20
-3.3602910629921259
11
5.7372595669291337
21
-3.3580542125984252
0
LINE
8
BLACK
6
CONTINUOUS
10
5.7372595669291337
20
-3.3580542125984252
11
5.7421259842519685
21
-3.3572834645669292
0
LINE
8
BLACK
6
CONTINUOUS
10
5.7421259842519685
20
-3.3572834645669292
11
5.7775590551181102
21
-3.3572834645669292
0
LINE
8
BLACK
6
CONTINUOUS
10
5.7775590551181102
20
-3.3572834645669292
11
5.782425472440945
21
-3.3580542125984252
0
LINE
8
BLACK
6
CONTINUOUS
10
6.45035437007874
20
-3.3427397637795275
11
6.4547206299212601
21
-3.3448742913385825
0
LINE
8
BLACK
6
CONTINUOUS
10
6.4547206299212601
20
-3.3448742913385825
11
6.4581572047244089
21
-3.3483108661417322
0
LINE
8
BLACK
6
CONTINUOUS
10
6.4581572047244089
20
-3.3483108661417322
11
6.4602917322834648
21
-3.3526771259842518
0
LINE
8
BLACK
6
CONTINUOUS
10
6.4602917322834648
20
-3.3526771259842518
11
6.4609055118110232
21
-3.3568897637795274
0
LINE
8
BLACK
6
CONTINUOUS
10
6.4609055118110232
20
-3.3568897637795274
11
6.4609055118110232
21
-3.3746062992125982
0
LINE
8
BLACK
6
CONTINUOUS
10
6.4609055118110232
20
-3.3746062992125982
11
6.4602917322834648
21
-3.3788189370078738
0
LINE
8
BLACK
6
CONTINUOUS
10
6.4602917322834648
20
-3.3788189370078738
11
6.4581572047244089
21
-3.3831851968503934
0
LINE
8
BLACK
6
CONTINUOUS
10
6.4581572047244089
20
-3.3831851968503934
11
6.4547206299212601
21
-3.3866217716535432
0
LINE
8
BLACK
6
CONTINUOUS
10
6.4547206299212601
20
-3.3866217716535432
11
6.45035437007874
21
-3.3887562992125981
0
LINE
8
BLACK
6
CONTINUOUS
10
6.45035437007874
20
-3.3887562992125981
11
6.446141732283464
21
-3.3893700787401575
0
LINE
8
BLACK
6
CONTINUOUS
10
6.446141732283464
20
-3.3893700787401575
11
6.4264566929133853
21
-3.3893700787401575
0
LINE
8
BLACK
6
CONTINUOUS
10
6.4264566929133853
20
-3.3893700787401575
11
6.4222440551181101
21
-3.3887562992125981
0
LINE
8
BLACK
6
CONTINUOUS
10
6.4222440551181101
20
-3.3887562992125981
11
6.4178777952755901
21
-3.3866217716535432
0
LINE
8
BLACK
6
CONTINUOUS
10
6.4178777952755901
20
-3.3866217716535432
11
6.4144412204724404
21
-3.3831851968503934
0
LINE
8
BLACK
6
CONTINUOUS
10
6.4144412204724404
20
-3.3831851968503934
11
6.4123066929133854
21
-3.3788189370078738
0
LINE
8
BLACK
6
CONTINUOUS
10
6.4123066929133854
20
-3.3788189370078738
11
6.4116929133858269
21
-3.3746062992125982
0
LINE
8
BLACK
6
CONTINUOUS
10
6.4116929133858269
20
-3.3746062992125982
11
6.4116929133858269
21
-3.3568897637795274
0
LINE
8
BLACK
6
CONTINUOUS
10
6.4116929133858269
20
-3.3568897637795274
11
6.4123066929133854
21
-3.3526771259842518
0
LINE
8
BLACK
6
CONTINUOUS
10
6.4123066929133854
20
-3.3526771259842518
11
6.4144412204724404
21
-3.3483108661417322
0
LINE
8
BLACK
6
CONTINUOUS
10
6.4144412204724404
20
-3.3483108661417322
11
6.4178777952755901
21
-3.3448742913385825
0
LINE
8
BLACK
6
CONTINUOUS
10
6.4178777952755901
20
-3.3448742913385825
11
6.4222440551181101
21
-3.3427397637795275
0
LINE
8
BLACK
6
CONTINUOUS
10
6.4222440551181101
20
-3.3427397637795275
11
6.4264566929133853
21
-3.3421259842519686
0
LINE
8
BLACK
6
CONTINUOUS
10
6.4264566929133853
20
-3.3421259842519686
11
6.446141732283464
21
-3.3421259842519686
0
LINE
8
BLACK
6
CONTINUOUS
10
6.446141732283464
20
-3.3421259842519686
11
6.45035437007874
21
-3.3427397637795275
0
LINE
8
BLACK
6
CONTINUOUS
10
6.0153701968503936
20
-3.3156857480314961
11
6.0172860629921257
21
-3.316965905511811
0
LINE
8
BLACK
6
CONTINUOUS
10
6.0172860629921257
20
-3.316965905511811
11
6.0185662204724411
21
-3.318881771653543
0
LINE
8
BLACK
6
CONTINUOUS
10
6.0185662204724411
20
-3.318881771653543
11
6.0190157480314959
21
-3.3211417322834644
0
LINE
8
BLACK
6
CONTINUOUS
10
6.0190157480314959
20
-3.3211417322834644
11
6.0190157480314959
21
-3.3801968503937005
0
LINE
8
BLACK
6
CONTINUOUS
10
6.0190157480314959
20
-3.3801968503937005
11
6.0185662204724411
21
-3.3824568110236219
0
LINE
8
BLACK
6
CONTINUOUS
10
6.0185662204724411
20
-3.3824568110236219
11
6.0172860629921257
21
-3.3843726771653544
0
LINE
8
BLACK
6
CONTINUOUS
10
6.0172860629921257
20
-3.3843726771653544
11
6.0153701968503936
21
-3.3856528346456694
0
LINE
8
BLACK
6
CONTINUOUS
10
6.0153701968503936
20
-3.3856528346456694
11
6.0131102362204727
21
-3.3861023622047242
0
LINE
8
BLACK
6
CONTINUOUS
10
6.0131102362204727
20
-3.3861023622047242
11
5.9894881889763782
21
-3.3861023622047242
0
LINE
8
BLACK
6
CONTINUOUS
10
5.9894881889763782
20
-3.3861023622047242
11
5.9872282283464564
21
-3.3856528346456694
0
LINE
8
BLACK
6
CONTINUOUS
10
5.9872282283464564
20
-3.3856528346456694
11
5.9853123622047244
21
-3.3843726771653544
0
LINE
8
BLACK
6
CONTINUOUS
10
5.9853123622047244
20
-3.3843726771653544
11
5.984032204724409
21
-3.3824568110236219
0
LINE
8
BLACK
6
CONTINUOUS
10
5.984032204724409
20
-3.3824568110236219
11
5.9835826771653542
21
-3.3801968503937005
0
LINE
8
BLACK
6
CONTINUOUS
10
5.9835826771653542
20
-3.3801968503937005
11
5.9835826771653542
21
-3.3211417322834644
0
LINE
8
BLACK
6
CONTINUOUS
10
5.9835826771653542
20
-3.3211417322834644
11
5.984032204724409
21
-3.318881771653543
0
LINE
8
BLACK
6
CONTINUOUS
10
5.984032204724409
20
-3.318881771653543
11
5.9853123622047244
21
-3.316965905511811
0
LINE
8
BLACK
6
CONTINUOUS
10
5.9853123622047244
20
-3.316965905511811
11
5.9872282283464564
21
-3.3156857480314961
0
LINE
8
BLACK
6
CONTINUOUS
10
5.9872282283464564
20
-3.3156857480314961
11
5.9894881889763782
21
-3.3152362204724408
0
LINE
8
BLACK
6
CONTINUOUS
10
5.9894881889763782
20
-3.3152362204724408
11
6.0131102362204727
21
-3.3152362204724408
0
LINE
8
BLACK
6
CONTINUOUS
10
6.0131102362204727
20
-3.3152362204724408
11
6.0153701968503936
21
-3.3156857480314961
0
LINE
8
BLACK
6
CONTINUOUS
10
6.0653701968503935
20
-3.3156857480314961
11
6.0672860629921255
21
-3.316965905511811
0
LINE
8
BLACK
6
CONTINUOUS
10
6.0672860629921255
20
-3.316965905511811
11
6.0685662204724409
21
-3.318881771653543
0
LINE
8
BLACK
6
CONTINUOUS
10
6.0685662204724409
20
-3.318881771653543
11
6.0690157480314957
21
-3.3211417322834644
0
LINE
8
BLACK
6
CONTINUOUS
10
6.0690157480314957
20
-3.3211417322834644
11
6.0690157480314957
21
-3.3801968503937005
0
LINE
8
BLACK
6
CONTINUOUS
10
6.0690157480314957
20
-3.3801968503937005
11
6.0685662204724409
21
-3.3824568110236219
0
LINE
8
BLACK
6
CONTINUOUS
10
6.0685662204724409
20
-3.3824568110236219
11
6.0672860629921255
21
-3.3843726771653544
0
LINE
8
BLACK
6
CONTINUOUS
10
6.0672860629921255
20
-3.3843726771653544
11
6.0653701968503935
21
-3.3856528346456694
0
LINE
8
BLACK
6
CONTINUOUS
10
6.0653701968503935
20
-3.3856528346456694
11
6.0631102362204725
21
-3.3861023622047242
0
LINE
8
BLACK
6
CONTINUOUS
10
6.0631102362204725
20
-3.3861023622047242
11
6.0394881889763781
21
-3.3861023622047242
0
LINE
8
BLACK
6
CONTINUOUS
10
6.0394881889763781
20
-3.3861023622047242
11
6.0372282283464562
21
-3.3856528346456694
0
LINE
8
BLACK
6
CONTINUOUS
10
6.0372282283464562
20
-3.3856528346456694
11
6.0353123622047242
21
-3.3843726771653544
0
LINE
8
BLACK
6
CONTINUOUS
10
6.0353123622047242
20
-3.3843726771653544
11
6.0340322047244097
21
-3.3824568110236219
0
LINE
8
BLACK
6
CONTINUOUS
10
6.0340322047244097
20
-3.3824568110236219
11
6.033582677165354
21
-3.3801968503937005
0
LINE
8
BLACK
6
CONTINUOUS
10
6.033582677165354
20
-3.3801968503937005
11
6.033582677165354
21
-3.3211417322834644
0
LINE
8
BLACK
6
CONTINUOUS
10
6.033582677165354
20
-3.3211417322834644
11
6.0340322047244097
21
-3.318881771653543
0
LINE
8
BLACK
6
CONTINUOUS
10
6.0340322047244097
20
-3.318881771653543
11
6.0353123622047242
21
-3.316965905511811
0
LINE
8
BLACK
6
CONTINUOUS
10
6.0353123622047242
20
-3.316965905511811
11
6.0372282283464562
21
-3.3156857480314961
0
LINE
8
BLACK
6
CONTINUOUS
10
6.0372282283464562
20
-3.3156857480314961
11
6.0394881889763781
21
-3.3152362204724408
0
LINE
8
BLACK
6
CONTINUOUS
10
6.0394881889763781
20
-3.3152362204724408
11
6.0631102362204725
21
-3.3152362204724408
0
LINE
8
BLACK
6
CONTINUOUS
10
6.0631102362204725
20
-3.3152362204724408
11
6.0653701968503935
21
-3.3156857480314961
0
LINE
8
BLACK
6
CONTINUOUS
10
6.1153701968503933
20
-3.3156857480314961
11
6.1172860629921262
21
-3.316965905511811
0
LINE
8
BLACK
6
CONTINUOUS
10
6.1172860629921262
20
-3.316965905511811
11
6.1185662204724407
21
-3.318881771653543
0
LINE
8
BLACK
6
CONTINUOUS
10
6.1185662204724407
20
-3.318881771653543
11
6.1190157480314955
21
-3.3211417322834644
0
LINE
8
BLACK
6
CONTINUOUS
10
6.1190157480314955
20
-3.3211417322834644
11
6.1190157480314955
21
-3.3801968503937005
0
LINE
8
BLACK
6
CONTINUOUS
10
6.1190157480314955
20
-3.3801968503937005
11
6.1185662204724407
21
-3.3824568110236219
0
LINE
8
BLACK
6
CONTINUOUS
10
6.1185662204724407
20
-3.3824568110236219
11
6.1172860629921262
21
-3.3843726771653544
0
LINE
8
BLACK
6
CONTINUOUS
10
6.1172860629921262
20
-3.3843726771653544
11
6.1153701968503933
21
-3.3856528346456694
0
LINE
8
BLACK
6
CONTINUOUS
10
6.1153701968503933
20
-3.3856528346456694
11
6.1131102362204723
21
-3.3861023622047242
0
LINE
8
BLACK
6
CONTINUOUS
10
6.1131102362204723
20
-3.3861023622047242
11
6.0894881889763779
21
-3.3861023622047242
0
LINE
8
BLACK
6
CONTINUOUS
10
6.0894881889763779
20
-3.3861023622047242
11
6.0872282283464569
21
-3.3856528346456694
0
LINE
8
BLACK
6
CONTINUOUS
10
6.0872282283464569
20
-3.3856528346456694
11
6.085312362204724
21
-3.3843726771653544
0
LINE
8
BLACK
6
CONTINUOUS
10
6.085312362204724
20
-3.3843726771653544
11
6.0840322047244095
21
-3.3824568110236219
0
LINE
8
BLACK
6
CONTINUOUS
10
6.0840322047244095
20
-3.3824568110236219
11
6.0835826771653538
21
-3.3801968503937005
0
LINE
8
BLACK
6
CONTINUOUS
10
6.0835826771653538
20
-3.3801968503937005
11
6.0835826771653538
21
-3.3211417322834644
0
LINE
8
BLACK
6
CONTINUOUS
10
6.0835826771653538
20
-3.3211417322834644
11
6.0840322047244095
21
-3.318881771653543
0
LINE
8
BLACK
6
CONTINUOUS
10
6.0840322047244095
20
-3.318881771653543
11
6.085312362204724
21
-3.316965905511811
0
LINE
8
BLACK
6
CONTINUOUS
10
6.085312362204724
20
-3.316965905511811
11
6.0872282283464569
21
-3.3156857480314961
0
LINE
8
BLACK
6
CONTINUOUS
10
6.0872282283464569
20
-3.3156857480314961
11
6.0894881889763779
21
-3.3152362204724408
0
LINE
8
BLACK
6
CONTINUOUS
10
6.0894881889763779
20
-3.3152362204724408
11
6.1131102362204723
21
-3.3152362204724408
0
LINE
8
BLACK
6
CONTINUOUS
10
6.1131102362204723
20
-3.3152362204724408
11
6.1153701968503933
21
-3.3156857480314961
0
LINE
8
BLACK
6
CONTINUOUS
10
5.7558821653543308
20
-3.2793140551181104
11
5.7602722047244095
21
-3.2815509055118111
0
LINE
8
BLACK
6
CONTINUOUS
10
5.7602722047244095
20
-3.2815509055118111
11
5.7637561811023623
21
-3.2850348818897639
0
LINE
8
BLACK
6
CONTINUOUS
10
5.7637561811023623
20
-3.2850348818897639
11
5.7659930314960626
21
-3.2894249212598425
0
LINE
8
BLACK
6
CONTINUOUS
10
5.7659930314960626
20
-3.2894249212598425
11
5.766763779527559
21
-3.2942913385826773
0
LINE
8
BLACK
6
CONTINUOUS
10
5.766763779527559
20
-3.2942913385826773
11
5.766763779527559
21
-3.3198818897637796
0
LINE
8
BLACK
6
CONTINUOUS
10
5.766763779527559
20
-3.3198818897637796
11
5.7659930314960626
21
-3.324748307086614
0
LINE
8
BLACK
6
CONTINUOUS
10
5.7659930314960626
20
-3.324748307086614
11
5.7637561811023623
21
-3.329138346456693
0
LINE
8
BLACK
6
CONTINUOUS
10
5.7637561811023623
20
-3.329138346456693
11
5.7602722047244095
21
-3.3326223228346454
0
LINE
8
BLACK
6
CONTINUOUS
10
5.7602722047244095
20
-3.3326223228346454
11
5.7558821653543308
21
-3.3348591732283466
0
LINE
8
BLACK
6
CONTINUOUS
10
5.7558821653543308
20
-3.3348591732283466
11
5.7510157480314961
21
-3.3356299212598426
0
LINE
8
BLACK
6
CONTINUOUS
10
5.7510157480314961
20
-3.3356299212598426
11
5.7155826771653544
21
-3.3356299212598426
0
LINE
8
BLACK
6
CONTINUOUS
10
5.7155826771653544
20
-3.3356299212598426
11
5.7107162598425196
21
-3.3348591732283466
0
LINE
8
BLACK
6
CONTINUOUS
10
5.7107162598425196
20
-3.3348591732283466
11
5.706326220472441
21
-3.3326223228346454
0
LINE
8
BLACK
6
CONTINUOUS
10
5.706326220472441
20
-3.3326223228346454
11
5.7028422440944881
21
-3.329138346456693
0
LINE
8
BLACK
6
CONTINUOUS
10
5.7028422440944881
20
-3.329138346456693
11
5.700605393700787
21
-3.324748307086614
0
LINE
8
BLACK
6
CONTINUOUS
10
5.700605393700787
20
-3.324748307086614
11
5.6998346456692914
21
-3.3198818897637796
0
LINE
8
BLACK
6
CONTINUOUS
10
5.6998346456692914
20
-3.3198818897637796
11
5.6998346456692914
21
-3.2942913385826773
0
LINE
8
BLACK
6
CONTINUOUS
10
5.6998346456692914
20
-3.2942913385826773
11
5.700605393700787
21
-3.2894249212598425
0
LINE
8
BLACK
6
CONTINUOUS
10
5.700605393700787
20
-3.2894249212598425
11
5.7028422440944881
21
-3.2850348818897639
0
LINE
8
BLACK
6
CONTINUOUS
10
5.7028422440944881
20
-3.2850348818897639
11
5.706326220472441
21
-3.2815509055118111
0
LINE
8
BLACK
6
CONTINUOUS
10
5.706326220472441
20
-3.2815509055118111
11
5.7107162598425196
21
-3.2793140551181104
0
LINE
8
BLACK
6
CONTINUOUS
10
5.7107162598425196
20
-3.2793140551181104
11
5.7155826771653544
21
-3.2785433070866139
0
LINE
8
BLACK
6
CONTINUOUS
10
5.7155826771653544
20
-3.2785433070866139
11
5.7510157480314961
21
-3.2785433070866139
0
LINE
8
BLACK
6
CONTINUOUS
10
5.7510157480314961
20
-3.2785433070866139
11
5.7558821653543308
21
-3.2793140551181104
0
LINE
8
BLACK
6
CONTINUOUS
10
5.3260577952755908
20
-3.2896673228346458
11
5.3301329527559052
21
-3.291659566929134
0
LINE
8
BLACK
6
CONTINUOUS
10
5.3301329527559052
20
-3.291659566929134
11
5.333340433070866
21
-3.2948670472440944
0
LINE
8
BLACK
6
CONTINUOUS
10
5.333340433070866
20
-3.2948670472440944
11
5.3353326771653542
21
-3.2989422047244092
0
LINE
8
BLACK
6
CONTINUOUS
10
5.3353326771653542
20
-3.2989422047244092
11
5.3359055118110232
21
-3.3028740157480314
0
LINE
8
BLACK
6
CONTINUOUS
10
5.3359055118110232
20
-3.3028740157480314
11
5.3359055118110232
21
-3.3186220472440944
0
LINE
8
BLACK
6
CONTINUOUS
10
5.3359055118110232
20
-3.3186220472440944
11
5.3353326771653542
21
-3.3225538582677165
0
LINE
8
BLACK
6
CONTINUOUS
10
5.3353326771653542
20
-3.3225538582677165
11
5.333340433070866
21
-3.3266290157480314
0
LINE
8
BLACK
6
CONTINUOUS
10
5.333340433070866
20
-3.3266290157480314
11
5.3301329527559052
21
-3.3298364960629923
0
LINE
8
BLACK
6
CONTINUOUS
10
5.3301329527559052
20
-3.3298364960629923
11
5.3260577952755908
21
-3.3318287401574804
0
LINE
8
BLACK
6
CONTINUOUS
10
5.3260577952755908
20
-3.3318287401574804
11
5.3221259842519686
21
-3.3324015748031495
0
LINE
8
BLACK
6
CONTINUOUS
10
5.3221259842519686
20
-3.3324015748031495
11
5.3004724409448816
21
-3.3324015748031495
0
LINE
8
BLACK
6
CONTINUOUS
10
5.3004724409448816
20
-3.3324015748031495
11
5.2965406299212594
21
-3.3318287401574804
0
LINE
8
BLACK
6
CONTINUOUS
10
5.2965406299212594
20
-3.3318287401574804
11
5.292465472440945
21
-3.3298364960629923
0
LINE
8
BLACK
6
CONTINUOUS
10
5.292465472440945
20
-3.3298364960629923
11
5.2892579921259841
21
-3.3266290157480314
0
LINE
8
BLACK
6
CONTINUOUS
10
5.2892579921259841
20
-3.3266290157480314
11
5.287265748031496
21
-3.3225538582677165
0
LINE
8
BLACK
6
CONTINUOUS
10
5.287265748031496
20
-3.3225538582677165
11
5.2866929133858269
21
-3.3186220472440944
0
LINE
8
BLACK
6
CONTINUOUS
10
5.2866929133858269
20
-3.3186220472440944
11
5.2866929133858269
21
-3.3028740157480314
0
LINE
8
BLACK
6
CONTINUOUS
10
5.2866929133858269
20
-3.3028740157480314
11
5.287265748031496
21
-3.2989422047244092
0
LINE
8
BLACK
6
CONTINUOUS
10
5.287265748031496
20
-3.2989422047244092
11
5.2892579921259841
21
-3.2948670472440944
0
LINE
8
BLACK
6
CONTINUOUS
10
5.2892579921259841
20
-3.2948670472440944
11
5.292465472440945
21
-3.291659566929134
0
LINE
8
BLACK
6
CONTINUOUS
10
5.292465472440945
20
-3.291659566929134
11
5.2965406299212594
21
-3.2896673228346458
0
LINE
8
BLACK
6
CONTINUOUS
10
5.2965406299212594
20
-3.2896673228346458
11
5.3004724409448816
21
-3.2890944881889763
0
LINE
8
BLACK
6
CONTINUOUS
10
5.3004724409448816
20
-3.2890944881889763
11
5.3221259842519686
21
-3.2890944881889763
0
LINE
8
BLACK
6
CONTINUOUS
10
5.3221259842519686
20
-3.2890944881889763
11
5.3260577952755908
21
-3.2896673228346458
0
LINE
8
BLACK
6
CONTINUOUS
10
5.8438583070866139
20
-3.2767555118110234
11
5.8482245669291339
21
-3.2788900393700788
0
LINE
8
BLACK
6
CONTINUOUS
10
5.8482245669291339
20
-3.2788900393700788
11
5.8516611417322837
21
-3.2823266141732281
0
LINE
8
BLACK
6
CONTINUOUS
10
5.8516611417322837
20
-3.2823266141732281
11
5.8537956692913387
21
-3.2866928740157482
0
LINE
8
BLACK
6
CONTINUOUS
10
5.8537956692913387
20
-3.2866928740157482
11
5.8544094488188971
21
-3.2909055118110238
0
LINE
8
BLACK
6
CONTINUOUS
10
5.8544094488188971
20
-3.2909055118110238
11
5.8544094488188971
21
-3.3105905511811025
0
LINE
8
BLACK
6
CONTINUOUS
10
5.8544094488188971
20
-3.3105905511811025
11
5.8537956692913387
21
-3.314803188976378
0
LINE
8
BLACK
6
CONTINUOUS
10
5.8537956692913387
20
-3.314803188976378
11
5.8516611417322837
21
-3.3191694488188976
0
LINE
8
BLACK
6
CONTINUOUS
10
5.8516611417322837
20
-3.3191694488188976
11
5.8482245669291339
21
-3.3226060236220474
0
LINE
8
BLACK
6
CONTINUOUS
10
5.8482245669291339
20
-3.3226060236220474
11
5.8438583070866139
21
-3.3247405511811023
0
LINE
8
BLACK
6
CONTINUOUS
10
5.8438583070866139
20
-3.3247405511811023
11
5.8396456692913388
21
-3.3253543307086613
0
LINE
8
BLACK
6
CONTINUOUS
10
5.8396456692913388
20
-3.3253543307086613
11
5.8219291338582675
21
-3.3253543307086613
0
LINE
8
BLACK
6
CONTINUOUS
10
5.8219291338582675
20
-3.3253543307086613
11
5.8177164960629923
21
-3.3247405511811023
0
LINE
8
BLACK
6
CONTINUOUS
10
5.8177164960629923
20
-3.3247405511811023
11
5.8133502362204723
21
-3.3226060236220474
0
LINE
8
BLACK
6
CONTINUOUS
10
5.8133502362204723
20
-3.3226060236220474
11
5.8099136614173226
21
-3.3191694488188976
0
LINE
8
BLACK
6
CONTINUOUS
10
5.8099136614173226
20
-3.3191694488188976
11
5.8077791338582676
21
-3.314803188976378
0
LINE
8
BLACK
6
CONTINUOUS
10
5.8077791338582676
20
-3.314803188976378
11
5.8071653543307082
21
-3.3105905511811025
0
LINE
8
BLACK
6
CONTINUOUS
10
5.8071653543307082
20
-3.3105905511811025
11
5.8071653543307082
21
-3.2909055118110238
0
LINE
8
BLACK
6
CONTINUOUS
10
5.8071653543307082
20
-3.2909055118110238
11
5.8077791338582676
21
-3.2866928740157482
0
LINE
8
BLACK
6
CONTINUOUS
10
5.8077791338582676
20
-3.2866928740157482
11
5.8099136614173226
21
-3.2823266141732281
0
LINE
8
BLACK
6
CONTINUOUS
10
5.8099136614173226
20
-3.2823266141732281
11
5.8133502362204723
21
-3.2788900393700788
0
LINE
8
BLACK
6
CONTINUOUS
10
5.8133502362204723
20
-3.2788900393700788
11
5.8177164960629923
21
-3.2767555118110234
0
LINE
8
BLACK
6
CONTINUOUS
10
5.8177164960629923
20
-3.2767555118110234
11
5.8219291338582675
21
-3.2761417322834645
0
LINE
8
BLACK
6
CONTINUOUS
10
5.8219291338582675
20
-3.2761417322834645
11
5.8396456692913388
21
-3.2761417322834645
0
LINE
8
BLACK
6
CONTINUOUS
10
5.8396456692913388
20
-3.2761417322834645
11
5.8438583070866139
21
-3.2767555118110234
0
LINE
8
BLACK
6
CONTINUOUS
10
5.9048819291338583
20
-3.2767555118110234
11
5.9092481889763775
21
-3.2788900393700788
0
LINE
8
BLACK
6
CONTINUOUS
10
5.9092481889763775
20
-3.2788900393700788
11
5.9126847637795272
21
-3.2823266141732281
0
LINE
8
BLACK
6
CONTINUOUS
10
5.9126847637795272
20
-3.2823266141732281
11
5.9148192913385822
21
-3.2866928740157482
0
LINE
8
BLACK
6
CONTINUOUS
10
5.9148192913385822
20
-3.2866928740157482
11
5.9154330708661416
21
-3.2909055118110238
0
LINE
8
BLACK
6
CONTINUOUS
10
5.9154330708661416
20
-3.2909055118110238
11
5.9154330708661416
21
-3.3105905511811025
0
LINE
8
BLACK
6
CONTINUOUS
10
5.9154330708661416
20
-3.3105905511811025
11
5.9148192913385822
21
-3.314803188976378
0
LINE
8
BLACK
6
CONTINUOUS
10
5.9148192913385822
20
-3.314803188976378
11
5.9126847637795272
21
-3.3191694488188976
0
LINE
8
BLACK
6
CONTINUOUS
10
5.9126847637795272
20
-3.3191694488188976
11
5.9092481889763775
21
-3.3226060236220474
0
LINE
8
BLACK
6
CONTINUOUS
10
5.9092481889763775
20
-3.3226060236220474
11
5.9048819291338583
21
-3.3247405511811023
0
LINE
8
BLACK
6
CONTINUOUS
10
5.9048819291338583
20
-3.3247405511811023
11
5.9006692913385823
21
-3.3253543307086613
0
LINE
8
BLACK
6
CONTINUOUS
10
5.9006692913385823
20
-3.3253543307086613
11
5.8829527559055119
21
-3.3253543307086613
0
LINE
8
BLACK
6
CONTINUOUS
10
5.8829527559055119
20
-3.3253543307086613
11
5.8787401181102359
21
-3.3247405511811023
0
LINE
8
BLACK
6
CONTINUOUS
10
5.8787401181102359
20
-3.3247405511811023
11
5.8743738582677167
21
-3.3226060236220474
0
LINE
8
BLACK
6
CONTINUOUS
10
5.8743738582677167
20
-3.3226060236220474
11
5.870937283464567
21
-3.3191694488188976
0
LINE
8
BLACK
6
CONTINUOUS
10
5.870937283464567
20
-3.3191694488188976
11
5.868802755905512
21
-3.314803188976378
0
LINE
8
BLACK
6
CONTINUOUS
10
5.868802755905512
20
-3.314803188976378
11
5.8681889763779527
21
-3.3105905511811025
0
LINE
8
BLACK
6
CONTINUOUS
10
5.8681889763779527
20
-3.3105905511811025
11
5.8681889763779527
21
-3.2909055118110238
0
LINE
8
BLACK
6
CONTINUOUS
10
5.8681889763779527
20
-3.2909055118110238
11
5.868802755905512
21
-3.2866928740157482
0
LINE
8
BLACK
6
CONTINUOUS
10
5.868802755905512
20
-3.2866928740157482
11
5.870937283464567
21
-3.2823266141732281
0
LINE
8
BLACK
6
CONTINUOUS
10
5.870937283464567
20
-3.2823266141732281
11
5.8743738582677167
21
-3.2788900393700788
0
LINE
8
BLACK
6
CONTINUOUS
10
5.8743738582677167
20
-3.2788900393700788
11
5.8787401181102359
21
-3.2767555118110234
0
LINE
8
BLACK
6
CONTINUOUS
10
5.8787401181102359
20
-3.2767555118110234
11
5.8829527559055119
21
-3.2761417322834645
0
LINE
8
BLACK
6
CONTINUOUS
10
5.8829527559055119
20
-3.2761417322834645
11
5.9006692913385823
21
-3.2761417322834645
0
LINE
8
BLACK
6
CONTINUOUS
10
5.9006692913385823
20
-3.2761417322834645
11
5.9048819291338583
21
-3.2767555118110234
0
LINE
8
BLACK
6
CONTINUOUS
10
5.2210577952755903
20
-3.2371476377952755
11
5.2251329527559056
21
-3.2391398818897637
0
LINE
8
BLACK
6
CONTINUOUS
10
5.2251329527559056
20
-3.2391398818897637
11
5.2283404330708656
21
-3.2423473622047245
0
LINE
8
BLACK
6
CONTINUOUS
10
5.2283404330708656
20
-3.2423473622047245
11
5.2303326771653538
21
-3.2464225196850394
0
LINE
8
BLACK
6
CONTINUOUS
10
5.2303326771653538
20
-3.2464225196850394
11
5.2309055118110237
21
-3.2503543307086615
0
LINE
8
BLACK
6
CONTINUOUS
10
5.2309055118110237
20
-3.2503543307086615
11
5.2309055118110237
21
-3.2661023622047245
0
LINE
8
BLACK
6
CONTINUOUS
10
5.2309055118110237
20
-3.2661023622047245
11
5.2303326771653538
21
-3.2700341732283462
0
LINE
8
BLACK
6
CONTINUOUS
10
5.2303326771653538
20
-3.2700341732283462
11
5.2283404330708656
21
-3.2741093307086615
0
LINE
8
BLACK
6
CONTINUOUS
10
5.2283404330708656
20
-3.2741093307086615
11
5.2251329527559056
21
-3.2773168110236219
0
LINE
8
BLACK
6
CONTINUOUS
10
5.2251329527559056
20
-3.2773168110236219
11
5.2210577952755903
21
-3.2793090551181101
0
LINE
8
BLACK
6
CONTINUOUS
10
5.2210577952755903
20
-3.2793090551181101
11
5.2171259842519682
21
-3.2798818897637796
0
LINE
8
BLACK
6
CONTINUOUS
10
5.2171259842519682
20
-3.2798818897637796
11
5.195472440944882
21
-3.2798818897637796
0
LINE
8
BLACK
6
CONTINUOUS
10
5.195472440944882
20
-3.2798818897637796
11
5.1915406299212599
21
-3.2793090551181101
0
LINE
8
BLACK
6
CONTINUOUS
10
5.1915406299212599
20
-3.2793090551181101
11
5.1874654724409446
21
-3.2773168110236219
0
LINE
8
BLACK
6
CONTINUOUS
10
5.1874654724409446
20
-3.2773168110236219
11
5.1842579921259837
21
-3.2741093307086615
0
LINE
8
BLACK
6
CONTINUOUS
10
5.1842579921259837
20
-3.2741093307086615
11
5.1822657480314955
21
-3.2700341732283462
0
LINE
8
BLACK
6
CONTINUOUS
10
5.1822657480314955
20
-3.2700341732283462
11
5.1816929133858265
21
-3.2661023622047245
0
LINE
8
BLACK
6
CONTINUOUS
10
5.1816929133858265
20
-3.2661023622047245
11
5.1816929133858265
21
-3.2503543307086615
0
LINE
8
BLACK
6
CONTINUOUS
10
5.1816929133858265
20
-3.2503543307086615
11
5.1822657480314955
21
-3.2464225196850394
0
LINE
8
BLACK
6
CONTINUOUS
10
5.1822657480314955
20
-3.2464225196850394
11
5.1842579921259837
21
-3.2423473622047245
0
LINE
8
BLACK
6
CONTINUOUS
10
5.1842579921259837
20
-3.2423473622047245
11
5.1874654724409446
21
-3.2391398818897637
0
LINE
8
BLACK
6
CONTINUOUS
10
5.1874654724409446
20
-3.2391398818897637
11
5.1915406299212599
21
-3.2371476377952755
0
LINE
8
BLACK
6
CONTINUOUS
10
5.1915406299212599
20
-3.2371476377952755
11
5.195472440944882
21
-3.2365748031496064
0
LINE
8
BLACK
6
CONTINUOUS
10
5.195472440944882
20
-3.2365748031496064
11
5.2171259842519682
21
-3.2365748031496064
0
LINE
8
BLACK
6
CONTINUOUS
10
5.2171259842519682
20
-3.2365748031496064
11
5.2210577952755903
21
-3.2371476377952755
0
LINE
8
BLACK
6
CONTINUOUS
10
6.6505079921259842
20
-3.210921968503937
11
6.6524238582677162
21
-3.2122021259842519
0
LINE
8
BLACK
6
CONTINUOUS
10
6.6524238582677162
20
-3.2122021259842519
11
6.6537040157480316
21
-3.2141179921259844
0
LINE
8
BLACK
6
CONTINUOUS
10
6.6537040157480316
20
-3.2141179921259844
11
6.6541535433070864
21
-3.2163779527559053
0
LINE
8
BLACK
6
CONTINUOUS
10
6.6541535433070864
20
-3.2163779527559053
11
6.6541535433070864
21
-3.2734645669291336
0
LINE
8
BLACK
6
CONTINUOUS
10
6.6541535433070864
20
-3.2734645669291336
11
6.6537040157480316
21
-3.275724527559055
0
LINE
8
BLACK
6
CONTINUOUS
10
6.6537040157480316
20
-3.275724527559055
11
6.6524238582677162
21
-3.2776403937007874
0
LINE
8
BLACK
6
CONTINUOUS
10
6.6524238582677162
20
-3.2776403937007874
11
6.6505079921259842
21
-3.2789205511811024
0
LINE
8
BLACK
6
CONTINUOUS
10
6.6505079921259842
20
-3.2789205511811024
11
6.6482480314960632
21
-3.2793700787401576
0
LINE
8
BLACK
6
CONTINUOUS
10
6.6482480314960632
20
-3.2793700787401576
11
6.5203346456692914
21
-3.2793700787401576
0
LINE
8
BLACK
6
CONTINUOUS
10
6.5203346456692914
20
-3.2793700787401576
11
6.5180746850393696
21
-3.2789205511811024
0
LINE
8
BLACK
6
CONTINUOUS
10
6.5180746850393696
20
-3.2789205511811024
11
6.5161588188976376
21
-3.2776403937007874
0
LINE
8
BLACK
6
CONTINUOUS
10
6.5161588188976376
20
-3.2776403937007874
11
6.5148786614173231
21
-3.275724527559055
0
LINE
8
BLACK
6
CONTINUOUS
10
6.5148786614173231
20
-3.275724527559055
11
6.5144291338582674
21
-3.2734645669291336
0
LINE
8
BLACK
6
CONTINUOUS
10
6.5144291338582674
20
-3.2734645669291336
11
6.5144291338582674
21
-3.2163779527559053
0
LINE
8
BLACK
6
CONTINUOUS
10
6.5144291338582674
20
-3.2163779527559053
11
6.5148786614173231
21
-3.2141179921259844
0
LINE
8
BLACK
6
CONTINUOUS
10
6.5148786614173231
20
-3.2141179921259844
11
6.5161588188976376
21
-3.2122021259842519
0
LINE
8
BLACK
6
CONTINUOUS
10
6.5161588188976376
20
-3.2122021259842519
11
6.5180746850393696
21
-3.210921968503937
0
LINE
8
BLACK
6
CONTINUOUS
10
6.5180746850393696
20
-3.210921968503937
11
6.5203346456692914
21
-3.2104724409448817
0
LINE
8
BLACK
6
CONTINUOUS
10
6.5203346456692914
20
-3.2104724409448817
11
6.6482480314960632
21
-3.2104724409448817
0
LINE
8
BLACK
6
CONTINUOUS
10
6.6482480314960632
20
-3.2104724409448817
11
6.6505079921259842
21
-3.210921968503937
0
LINE
8
BLACK
6
CONTINUOUS
10
5.0206640944881888
20
-3.2348248031496061
11
5.0247392519685041
21
-3.2368170472440942
0
LINE
8
BLACK
6
CONTINUOUS
10
5.0247392519685041
20
-3.2368170472440942
11
5.0279467322834641
21
-3.2400245275590551
0
LINE
8
BLACK
6
CONTINUOUS
10
5.0279467322834641
20
-3.2400245275590551
11
5.0299389763779523
21
-3.24409968503937
0
LINE
8
BLACK
6
CONTINUOUS
10
5.0299389763779523
20
-3.24409968503937
11
5.0305118110236222
21
-3.2480314960629921
0
LINE
8
BLACK
6
CONTINUOUS
10
5.0305118110236222
20
-3.2480314960629921
11
5.0305118110236222
21
-3.2637795275590551
0
LINE
8
BLACK
6
CONTINUOUS
10
5.0305118110236222
20
-3.2637795275590551
11
5.0299389763779523
21
-3.2677113385826773
0
LINE
8
BLACK
6
CONTINUOUS
10
5.0299389763779523
20
-3.2677113385826773
11
5.0279467322834641
21
-3.2717864960629921
0
LINE
8
BLACK
6
CONTINUOUS
10
5.0279467322834641
20
-3.2717864960629921
11
5.0247392519685041
21
-3.2749939763779525
0
LINE
8
BLACK
6
CONTINUOUS
10
5.0247392519685041
20
-3.2749939763779525
11
5.0206640944881888
21
-3.2769862204724407
0
LINE
8
BLACK
6
CONTINUOUS
10
5.0206640944881888
20
-3.2769862204724407
11
5.0167322834645667
21
-3.2775590551181102
0
LINE
8
BLACK
6
CONTINUOUS
10
5.0167322834645667
20
-3.2775590551181102
11
4.9950787401574805
21
-3.2775590551181102
0
LINE
8
BLACK
6
CONTINUOUS
10
4.9950787401574805
20
-3.2775590551181102
11
4.9911469291338584
21
-3.2769862204724407
0
LINE
8
BLACK
6
CONTINUOUS
10
4.9911469291338584
20
-3.2769862204724407
11
4.9870717716535431
21
-3.2749939763779525
0
LINE
8
BLACK
6
CONTINUOUS
10
4.9870717716535431
20
-3.2749939763779525
11
4.9838642913385822
21
-3.2717864960629921
0
LINE
8
BLACK
6
CONTINUOUS
10
4.9838642913385822
20
-3.2717864960629921
11
4.981872047244094
21
-3.2677113385826773
0
LINE
8
BLACK
6
CONTINUOUS
10
4.981872047244094
20
-3.2677113385826773
11
4.981299212598425
21
-3.2637795275590551
0
LINE
8
BLACK
6
CONTINUOUS
10
4.981299212598425
20
-3.2637795275590551
11
4.981299212598425
21
-3.2480314960629921
0
LINE
8
BLACK
6
CONTINUOUS
10
4.981299212598425
20
-3.2480314960629921
11
4.981872047244094
21
-3.24409968503937
0
LINE
8
BLACK
6
CONTINUOUS
10
4.981872047244094
20
-3.24409968503937
11
4.9838642913385822
21
-3.2400245275590551
0
LINE
8
BLACK
6
CONTINUOUS
10
4.9838642913385822
20
-3.2400245275590551
11
4.9870717716535431
21
-3.2368170472440942
0
LINE
8
BLACK
6
CONTINUOUS
10
4.9870717716535431
20
-3.2368170472440942
11
4.9911469291338584
21
-3.2348248031496061
0
LINE
8
BLACK
6
CONTINUOUS
10
4.9911469291338584
20
-3.2348248031496061
11
4.9950787401574805
21
-3.234251968503937
0
LINE
8
BLACK
6
CONTINUOUS
10
4.9950787401574805
20
-3.234251968503937
11
5.0167322834645667
21
-3.234251968503937
0
LINE
8
BLACK
6
CONTINUOUS
10
5.0167322834645667
20
-3.234251968503937
11
5.0206640944881888
21
-3.2348248031496061
0
LINE
8
BLACK
6
CONTINUOUS
10
5.1446798425196851
20
-3.2346673228346456
11
5.1487549999999995
21
-3.2366595669291338
0
LINE
8
BLACK
6
CONTINUOUS
10
5.1487549999999995
20
-3.2366595669291338
11
5.1519624803149604
21
-3.2398670472440942
0
LINE
8
BLACK
6
CONTINUOUS
10
5.1519624803149604
20
-3.2398670472440942
11
5.1539547244094486
21
-3.2439422047244095
0
LINE
8
BLACK
6
CONTINUOUS
10
5.1539547244094486
20
-3.2439422047244095
11
5.1545275590551176
21
-3.2478740157480313
0
LINE
8
BLACK
6
CONTINUOUS
10
5.1545275590551176
20
-3.2478740157480313
11
5.1545275590551176
21
-3.2636220472440942
0
LINE
8
BLACK
6
CONTINUOUS
10
5.1545275590551176
20
-3.2636220472440942
11
5.1539547244094486
21
-3.2675538582677164
0
LINE
8
BLACK
6
CONTINUOUS
10
5.1539547244094486
20
-3.2675538582677164
11
5.1519624803149604
21
-3.2716290157480312
0
LINE
8
BLACK
6
CONTINUOUS
10
5.1519624803149604
20
-3.2716290157480312
11
5.1487549999999995
21
-3.2748364960629921
0
LINE
8
BLACK
6
CONTINUOUS
10
5.1487549999999995
20
-3.2748364960629921
11
5.1446798425196851
21
-3.2768287401574803
0
LINE
8
BLACK
6
CONTINUOUS
10
5.1446798425196851
20
-3.2768287401574803
11
5.140748031496063
21
-3.2774015748031498
0
LINE
8
BLACK
6
CONTINUOUS
10
5.140748031496063
20
-3.2774015748031498
11
5.1190944881889759
21
-3.2774015748031498
0
LINE
8
BLACK
6
CONTINUOUS
10
5.1190944881889759
20
-3.2774015748031498
11
5.1151626771653538
21
-3.2768287401574803
0
LINE
8
BLACK
6
CONTINUOUS
10
5.1151626771653538
20
-3.2768287401574803
11
5.1110875196850394
21
-3.2748364960629921
0
LINE
8
BLACK
6
CONTINUOUS
10
5.1110875196850394
20
-3.2748364960629921
11
5.1078800393700785
21
-3.2716290157480312
0
LINE
8
BLACK
6
CONTINUOUS
10
5.1078800393700785
20
-3.2716290157480312
11
5.1058877952755903
21
-3.2675538582677164
0
LINE
8
BLACK
6
CONTINUOUS
10
5.1058877952755903
20
-3.2675538582677164
11
5.1053149606299213
21
-3.2636220472440942
0
LINE
8
BLACK
6
CONTINUOUS
10
5.1053149606299213
20
-3.2636220472440942
11
5.1053149606299213
21
-3.2478740157480313
0
LINE
8
BLACK
6
CONTINUOUS
10
5.1053149606299213
20
-3.2478740157480313
11
5.1058877952755903
21
-3.2439422047244095
0
LINE
8
BLACK
6
CONTINUOUS
10
5.1058877952755903
20
-3.2439422047244095
11
5.1078800393700785
21
-3.2398670472440942
0
LINE
8
BLACK
6
CONTINUOUS
10
5.1078800393700785
20
-3.2398670472440942
11
5.1110875196850394
21
-3.2366595669291338
0
LINE
8
BLACK
6
CONTINUOUS
10
5.1110875196850394
20
-3.2366595669291338
11
5.1151626771653538
21
-3.2346673228346456
0
LINE
8
BLACK
6
CONTINUOUS
10
5.1151626771653538
20
-3.2346673228346456
11
5.1190944881889759
21
-3.2340944881889762
0
LINE
8
BLACK
6
CONTINUOUS
10
5.1190944881889759
20
-3.2340944881889762
11
5.140748031496063
21
-3.2340944881889762
0
LINE
8
BLACK
6
CONTINUOUS
10
5.140748031496063
20
-3.2340944881889762
11
5.1446798425196851
21
-3.2346673228346456
0
LINE
8
BLACK
6
CONTINUOUS
10
5.0836562204724407
20
-3.2346279527559054
11
5.087731377952756
21
-3.2366201968503936
0
LINE
8
BLACK
6
CONTINUOUS
10
5.087731377952756
20
-3.2366201968503936
11
5.0909388582677169
21
-3.2398276771653545
0
LINE
8
BLACK
6
CONTINUOUS
10
5.0909388582677169
20
-3.2398276771653545
11
5.092931102362205
21
-3.2439028346456693
0
LINE
8
BLACK
6
CONTINUOUS
10
5.092931102362205
20
-3.2439028346456693
11
5.0935039370078741
21
-3.2478346456692915
0
LINE
8
BLACK
6
CONTINUOUS
10
5.0935039370078741
20
-3.2478346456692915
11
5.0935039370078741
21
-3.2635826771653544
0
LINE
8
BLACK
6
CONTINUOUS
10
5.0935039370078741
20
-3.2635826771653544
11
5.092931102362205
21
-3.2675144881889762
0
LINE
8
BLACK
6
CONTINUOUS
10
5.092931102362205
20
-3.2675144881889762
11
5.0909388582677169
21
-3.2715896456692914
0
LINE
8
BLACK
6
CONTINUOUS
10
5.0909388582677169
20
-3.2715896456692914
11
5.087731377952756
21
-3.2747971259842519
0
LINE
8
BLACK
6
CONTINUOUS
10
5.087731377952756
20
-3.2747971259842519
11
5.0836562204724407
21
-3.27678937007874
0
LINE
8
BLACK
6
CONTINUOUS
10
5.0836562204724407
20
-3.27678937007874
11
5.0797244094488185
21
-3.2773622047244095
0
LINE
8
BLACK
6
CONTINUOUS
10
5.0797244094488185
20
-3.2773622047244095
11
5.0580708661417324
21
-3.2773622047244095
0
LINE
8
BLACK
6
CONTINUOUS
10
5.0580708661417324
20
-3.2773622047244095
11
5.0541390551181102
21
-3.27678937007874
0
LINE
8
BLACK
6
CONTINUOUS
10
5.0541390551181102
20
-3.27678937007874
11
5.050063897637795
21
-3.2747971259842519
0
LINE
8
BLACK
6
CONTINUOUS
10
5.050063897637795
20
-3.2747971259842519
11
5.046856417322835
21
-3.2715896456692914
0
LINE
8
BLACK
6
CONTINUOUS
10
5.046856417322835
20
-3.2715896456692914
11
5.0448641732283459
21
-3.2675144881889762
0
LINE
8
BLACK
6
CONTINUOUS
10
5.0448641732283459
20
-3.2675144881889762
11
5.0442913385826769
21
-3.2635826771653544
0
LINE
8
BLACK
6
CONTINUOUS
10
5.0442913385826769
20
-3.2635826771653544
11
5.0442913385826769
21
-3.2478346456692915
0
LINE
8
BLACK
6
CONTINUOUS
10
5.0442913385826769
20
-3.2478346456692915
11
5.0448641732283459
21
-3.2439028346456693
0
LINE
8
BLACK
6
CONTINUOUS
10
5.0448641732283459
20
-3.2439028346456693
11
5.046856417322835
21
-3.2398276771653545
0
LINE
8
BLACK
6
CONTINUOUS
10
5.046856417322835
20
-3.2398276771653545
11
5.050063897637795
21
-3.2366201968503936
0
LINE
8
BLACK
6
CONTINUOUS
10
5.050063897637795
20
-3.2366201968503936
11
5.0541390551181102
21
-3.2346279527559054
0
LINE
8
BLACK
6
CONTINUOUS
10
5.0541390551181102
20
-3.2346279527559054
11
5.0580708661417324
21
-3.2340551181102359
0
LINE
8
BLACK
6
CONTINUOUS
10
5.0580708661417324
20
-3.2340551181102359
11
5.0797244094488185
21
-3.2340551181102359
0
LINE
8
BLACK
6
CONTINUOUS
10
5.0797244094488185
20
-3.2340551181102359
11
5.0836562204724407
21
-3.2346279527559054
0
LINE
8
BLACK
6
CONTINUOUS
10
6.4588821653543302
20
-3.216499094488189
11
6.4632722047244089
21
-3.2187359448818897
0
LINE
8
BLACK
6
CONTINUOUS
10
6.4632722047244089
20
-3.2187359448818897
11
6.4667561811023617
21
-3.2222199212598426
0
LINE
8
BLACK
6
CONTINUOUS
10
6.4667561811023617
20
-3.2222199212598426
11
6.4689930314960629
21
-3.2266099606299212
0
LINE
8
BLACK
6
CONTINUOUS
10
6.4689930314960629
20
-3.2266099606299212
11
6.4697637795275593
21
-3.231476377952756
0
LINE
8
BLACK
6
CONTINUOUS
10
6.4697637795275593
20
-3.231476377952756
11
6.4697637795275593
21
-3.2570669291338583
0
LINE
8
BLACK
6
CONTINUOUS
10
6.4697637795275593
20
-3.2570669291338583
11
6.4689930314960629
21
-3.2619333464566926
0
LINE
8
BLACK
6
CONTINUOUS
10
6.4689930314960629
20
-3.2619333464566926
11
6.4667561811023617
21
-3.2663233858267717
0
LINE
8
BLACK
6
CONTINUOUS
10
6.4667561811023617
20
-3.2663233858267717
11
6.4632722047244089
21
-3.2698073622047241
0
LINE
8
BLACK
6
CONTINUOUS
10
6.4632722047244089
20
-3.2698073622047241
11
6.4588821653543302
21
-3.2720442125984253
0
LINE
8
BLACK
6
CONTINUOUS
10
6.4588821653543302
20
-3.2720442125984253
11
6.4540157480314964
21
-3.2728149606299213
0
LINE
8
BLACK
6
CONTINUOUS
10
6.4540157480314964
20
-3.2728149606299213
11
6.4185826771653538
21
-3.2728149606299213
0
LINE
8
BLACK
6
CONTINUOUS
10
6.4185826771653538
20
-3.2728149606299213
11
6.4137162598425199
21
-3.2720442125984253
0
LINE
8
BLACK
6
CONTINUOUS
10
6.4137162598425199
20
-3.2720442125984253
11
6.4093262204724404
21
-3.2698073622047241
0
LINE
8
BLACK
6
CONTINUOUS
10
6.4093262204724404
20
-3.2698073622047241
11
6.4058422440944884
21
-3.2663233858267717
0
LINE
8
BLACK
6
CONTINUOUS
10
6.4058422440944884
20
-3.2663233858267717
11
6.4036053937007873
21
-3.2619333464566926
0
LINE
8
BLACK
6
CONTINUOUS
10
6.4036053937007873
20
-3.2619333464566926
11
6.4028346456692908
21
-3.2570669291338583
0
LINE
8
BLACK
6
CONTINUOUS
10
6.4028346456692908
20
-3.2570669291338583
11
6.4028346456692908
21
-3.231476377952756
0
LINE
8
BLACK
6
CONTINUOUS
10
6.4028346456692908
20
-3.231476377952756
11
6.4036053937007873
21
-3.2266099606299212
0
LINE
8
BLACK
6
CONTINUOUS
10
6.4036053937007873
20
-3.2266099606299212
11
6.4058422440944884
21
-3.2222199212598426
0
LINE
8
BLACK
6
CONTINUOUS
10
6.4058422440944884
20
-3.2222199212598426
11
6.4093262204724404
21
-3.2187359448818897
0
LINE
8
BLACK
6
CONTINUOUS
10
6.4093262204724404
20
-3.2187359448818897
11
6.4137162598425199
21
-3.216499094488189
0
LINE
8
BLACK
6
CONTINUOUS
10
6.4137162598425199
20
-3.216499094488189
11
6.4185826771653538
21
-3.215728346456693
0
LINE
8
BLACK
6
CONTINUOUS
10
6.4185826771653538
20
-3.215728346456693
11
6.4540157480314964
21
-3.215728346456693
0
LINE
8
BLACK
6
CONTINUOUS
10
6.4540157480314964
20
-3.215728346456693
11
6.4588821653543302
21
-3.216499094488189
0
LINE
8
BLACK
6
CONTINUOUS
10
5.3260577952755908
20
-3.2247066929133856
11
5.3301329527559052
21
-3.2266989370078738
0
LINE
8
BLACK
6
CONTINUOUS
10
5.3301329527559052
20
-3.2266989370078738
11
5.333340433070866
21
-3.2299064173228347
0
LINE
8
BLACK
6
CONTINUOUS
10
5.333340433070866
20
-3.2299064173228347
11
5.3353326771653542
21
-3.2339815748031495
0
LINE
8
BLACK
6
CONTINUOUS
10
5.3353326771653542
20
-3.2339815748031495
11
5.3359055118110232
21
-3.2379133858267717
0
LINE
8
BLACK
6
CONTINUOUS
10
5.3359055118110232
20
-3.2379133858267717
11
5.3359055118110232
21
-3.2536614173228346
0
LINE
8
BLACK
6
CONTINUOUS
10
5.3359055118110232
20
-3.2536614173228346
11
5.3353326771653542
21
-3.2575932283464568
0
LINE
8
BLACK
6
CONTINUOUS
10
5.3353326771653542
20
-3.2575932283464568
11
5.333340433070866
21
-3.2616683858267717
0
LINE
8
BLACK
6
CONTINUOUS
10
5.333340433070866
20
-3.2616683858267717
11
5.3301329527559052
21
-3.2648758661417321
0
LINE
8
BLACK
6
CONTINUOUS
10
5.3301329527559052
20
-3.2648758661417321
11
5.3260577952755908
21
-3.2668681102362203
0
LINE
8
BLACK
6
CONTINUOUS
10
5.3260577952755908
20
-3.2668681102362203
11
5.3221259842519686
21
-3.2674409448818897
0
LINE
8
BLACK
6
CONTINUOUS
10
5.3221259842519686
20
-3.2674409448818897
11
5.3004724409448816
21
-3.2674409448818897
0
LINE
8
BLACK
6
CONTINUOUS
10
5.3004724409448816
20
-3.2674409448818897
11
5.2965406299212594
21
-3.2668681102362203
0
LINE
8
BLACK
6
CONTINUOUS
10
5.2965406299212594
20
-3.2668681102362203
11
5.292465472440945
21
-3.2648758661417321
0
LINE
8
BLACK
6
CONTINUOUS
10
5.292465472440945
20
-3.2648758661417321
11
5.2892579921259841
21
-3.2616683858267717
0
LINE
8
BLACK
6
CONTINUOUS
10
5.2892579921259841
20
-3.2616683858267717
11
5.287265748031496
21
-3.2575932283464568
0
LINE
8
BLACK
6
CONTINUOUS
10
5.287265748031496
20
-3.2575932283464568
11
5.2866929133858269
21
-3.2536614173228346
0
LINE
8
BLACK
6
CONTINUOUS
10
5.2866929133858269
20
-3.2536614173228346
11
5.2866929133858269
21
-3.2379133858267717
0
LINE
8
BLACK
6
CONTINUOUS
10
5.2866929133858269
20
-3.2379133858267717
11
5.287265748031496
21
-3.2339815748031495
0
LINE
8
BLACK
6
CONTINUOUS
10
5.287265748031496
20
-3.2339815748031495
11
5.2892579921259841
21
-3.2299064173228347
0
LINE
8
BLACK
6
CONTINUOUS
10
5.2892579921259841
20
-3.2299064173228347
11
5.292465472440945
21
-3.2266989370078738
0
LINE
8
BLACK
6
CONTINUOUS
10
5.292465472440945
20
-3.2266989370078738
11
5.2965406299212594
21
-3.2247066929133856
0
LINE
8
BLACK
6
CONTINUOUS
10
5.2965406299212594
20
-3.2247066929133856
11
5.3004724409448816
21
-3.2241338582677166
0
LINE
8
BLACK
6
CONTINUOUS
10
5.3004724409448816
20
-3.2241338582677166
11
5.3221259842519686
21
-3.2241338582677166
0
LINE
8
BLACK
6
CONTINUOUS
10
5.3221259842519686
20
-3.2241338582677166
11
5.3260577952755908
21
-3.2247066929133856
0
LINE
8
BLACK
6
CONTINUOUS
10
6.0153701968503936
20
-3.1857644881889762
11
6.0172860629921257
21
-3.1870446456692911
0
LINE
8
BLACK
6
CONTINUOUS
10
6.0172860629921257
20
-3.1870446456692911
11
6.0185662204724411
21
-3.1889605118110236
0
LINE
8
BLACK
6
CONTINUOUS
10
6.0185662204724411
20
-3.1889605118110236
11
6.0190157480314959
21
-3.191220472440945
0
LINE
8
BLACK
6
CONTINUOUS
10
6.0190157480314959
20
-3.191220472440945
11
6.0190157480314959
21
-3.2502755905511811
0
LINE
8
BLACK
6
CONTINUOUS
10
6.0190157480314959
20
-3.2502755905511811
11
6.0185662204724411
21
-3.2525355511811025
0
LINE
8
BLACK
6
CONTINUOUS
10
6.0185662204724411
20
-3.2525355511811025
11
6.0172860629921257
21
-3.2544514173228345
0
LINE
8
BLACK
6
CONTINUOUS
10
6.0172860629921257
20
-3.2544514173228345
11
6.0153701968503936
21
-3.2557315748031495
0
LINE
8
BLACK
6
CONTINUOUS
10
6.0153701968503936
20
-3.2557315748031495
11
6.0131102362204727
21
-3.2561811023622047
0
LINE
8
BLACK
6
CONTINUOUS
10
6.0131102362204727
20
-3.2561811023622047
11
5.9894881889763782
21
-3.2561811023622047
0
LINE
8
BLACK
6
CONTINUOUS
10
5.9894881889763782
20
-3.2561811023622047
11
5.9872282283464564
21
-3.2557315748031495
0
LINE
8
BLACK
6
CONTINUOUS
10
5.9872282283464564
20
-3.2557315748031495
11
5.9853123622047244
21
-3.2544514173228345
0
LINE
8
BLACK
6
CONTINUOUS
10
5.9853123622047244
20
-3.2544514173228345
11
5.984032204724409
21
-3.2525355511811025
0
LINE
8
BLACK
6
CONTINUOUS
10
5.984032204724409
20
-3.2525355511811025
11
5.9835826771653542
21
-3.2502755905511811
0
LINE
8
BLACK
6
CONTINUOUS
10
5.9835826771653542
20
-3.2502755905511811
11
5.9835826771653542
21
-3.191220472440945
0
LINE
8
BLACK
6
CONTINUOUS
10
5.9835826771653542
20
-3.191220472440945
11
5.984032204724409
21
-3.1889605118110236
0
LINE
8
BLACK
6
CONTINUOUS
10
5.984032204724409
20
-3.1889605118110236
11
5.9853123622047244
21
-3.1870446456692911
0
LINE
8
BLACK
6
CONTINUOUS
10
5.9853123622047244
20
-3.1870446456692911
11
5.9872282283464564
21
-3.1857644881889762
0
LINE
8
BLACK
6
CONTINUOUS
10
5.9872282283464564
20
-3.1857644881889762
11
5.9894881889763782
21
-3.1853149606299214
0
LINE
8
BLACK
6
CONTINUOUS
10
5.9894881889763782
20
-3.1853149606299214
11
6.0131102362204727
21
-3.1853149606299214
0
LINE
8
BLACK
6
CONTINUOUS
10
6.0131102362204727
20
-3.1853149606299214
11
6.0153701968503936
21
-3.1857644881889762
0
LINE
8
BLACK
6
CONTINUOUS
10
6.0653701968503935
20
-3.1857644881889762
11
6.0672860629921255
21
-3.1870446456692911
0
LINE
8
BLACK
6
CONTINUOUS
10
6.0672860629921255
20
-3.1870446456692911
11
6.0685662204724409
21
-3.1889605118110236
0
LINE
8
BLACK
6
CONTINUOUS
10
6.0685662204724409
20
-3.1889605118110236
11
6.0690157480314957
21
-3.191220472440945
0
LINE
8
BLACK
6
CONTINUOUS
10
6.0690157480314957
20
-3.191220472440945
11
6.0690157480314957
21
-3.2502755905511811
0
LINE
8
BLACK
6
CONTINUOUS
10
6.0690157480314957
20
-3.2502755905511811
11
6.0685662204724409
21
-3.2525355511811025
0
LINE
8
BLACK
6
CONTINUOUS
10
6.0685662204724409
20
-3.2525355511811025
11
6.0672860629921255
21
-3.2544514173228345
0
LINE
8
BLACK
6
CONTINUOUS
10
6.0672860629921255
20
-3.2544514173228345
11
6.0653701968503935
21
-3.2557315748031495
0
LINE
8
BLACK
6
CONTINUOUS
10
6.0653701968503935
20
-3.2557315748031495
11
6.0631102362204725
21
-3.2561811023622047
0
LINE
8
BLACK
6
CONTINUOUS
10
6.0631102362204725
20
-3.2561811023622047
11
6.0394881889763781
21
-3.2561811023622047
0
LINE
8
BLACK
6
CONTINUOUS
10
6.0394881889763781
20
-3.2561811023622047
11
6.0372282283464562
21
-3.2557315748031495
0
LINE
8
BLACK
6
CONTINUOUS
10
6.0372282283464562
20
-3.2557315748031495
11
6.0353123622047242
21
-3.2544514173228345
0
LINE
8
BLACK
6
CONTINUOUS
10
6.0353123622047242
20
-3.2544514173228345
11
6.0340322047244097
21
-3.2525355511811025
0
LINE
8
BLACK
6
CONTINUOUS
10
6.0340322047244097
20
-3.2525355511811025
11
6.033582677165354
21
-3.2502755905511811
0
LINE
8
BLACK
6
CONTINUOUS
10
6.033582677165354
20
-3.2502755905511811
11
6.033582677165354
21
-3.191220472440945
0
LINE
8
BLACK
6
CONTINUOUS
10
6.033582677165354
20
-3.191220472440945
11
6.0340322047244097
21
-3.1889605118110236
0
LINE
8
BLACK
6
CONTINUOUS
10
6.0340322047244097
20
-3.1889605118110236
11
6.0353123622047242
21
-3.1870446456692911
0
LINE
8
BLACK
6
CONTINUOUS
10
6.0353123622047242
20
-3.1870446456692911
11
6.0372282283464562
21
-3.1857644881889762
0
LINE
8
BLACK
6
CONTINUOUS
10
6.0372282283464562
20
-3.1857644881889762
11
6.0394881889763781
21
-3.1853149606299214
0
LINE
8
BLACK
6
CONTINUOUS
10
6.0394881889763781
20
-3.1853149606299214
11
6.0631102362204725
21
-3.1853149606299214
0
LINE
8
BLACK
6
CONTINUOUS
10
6.0631102362204725
20
-3.1853149606299214
11
6.0653701968503935
21
-3.1857644881889762
0
LINE
8
BLACK
6
CONTINUOUS
10
6.1153701968503933
20
-3.1857644881889762
11
6.1172860629921262
21
-3.1870446456692911
0
LINE
8
BLACK
6
CONTINUOUS
10
6.1172860629921262
20
-3.1870446456692911
11
6.1185662204724407
21
-3.1889605118110236
0
LINE
8
BLACK
6
CONTINUOUS
10
6.1185662204724407
20
-3.1889605118110236
11
6.1190157480314955
21
-3.191220472440945
0
LINE
8
BLACK
6
CONTINUOUS
10
6.1190157480314955
20
-3.191220472440945
11
6.1190157480314955
21
-3.2502755905511811
0
LINE
8
BLACK
6
CONTINUOUS
10
6.1190157480314955
20
-3.2502755905511811
11
6.1185662204724407
21
-3.2525355511811025
0
LINE
8
BLACK
6
CONTINUOUS
10
6.1185662204724407
20
-3.2525355511811025
11
6.1172860629921262
21
-3.2544514173228345
0
LINE
8
BLACK
6
CONTINUOUS
10
6.1172860629921262
20
-3.2544514173228345
11
6.1153701968503933
21
-3.2557315748031495
0
LINE
8
BLACK
6
CONTINUOUS
10
6.1153701968503933
20
-3.2557315748031495
11
6.1131102362204723
21
-3.2561811023622047
0
LINE
8
BLACK
6
CONTINUOUS
10
6.1131102362204723
20
-3.2561811023622047
11
6.0894881889763779
21
-3.2561811023622047
0
LINE
8
BLACK
6
CONTINUOUS
10
6.0894881889763779
20
-3.2561811023622047
11
6.0872282283464569
21
-3.2557315748031495
0
LINE
8
BLACK
6
CONTINUOUS
10
6.0872282283464569
20
-3.2557315748031495
11
6.085312362204724
21
-3.2544514173228345
0
LINE
8
BLACK
6
CONTINUOUS
10
6.085312362204724
20
-3.2544514173228345
11
6.0840322047244095
21
-3.2525355511811025
0
LINE
8
BLACK
6
CONTINUOUS
10
6.0840322047244095
20
-3.2525355511811025
11
6.0835826771653538
21
-3.2502755905511811
0
LINE
8
BLACK
6
CONTINUOUS
10
6.0835826771653538
20
-3.2502755905511811
11
6.0835826771653538
21
-3.191220472440945
0
LINE
8
BLACK
6
CONTINUOUS
10
6.0835826771653538
20
-3.191220472440945
11
6.0840322047244095
21
-3.1889605118110236
0
LINE
8
BLACK
6
CONTINUOUS
10
6.0840322047244095
20
-3.1889605118110236
11
6.085312362204724
21
-3.1870446456692911
0
LINE
8
BLACK
6
CONTINUOUS
10
6.085312362204724
20
-3.1870446456692911
11
6.0872282283464569
21
-3.1857644881889762
0
LINE
8
BLACK
6
CONTINUOUS
10
6.0872282283464569
20
-3.1857644881889762
11
6.0894881889763779
21
-3.1853149606299214
0
LINE
8
BLACK
6
CONTINUOUS
10
6.0894881889763779
20
-3.1853149606299214
11
6.1131102362204723
21
-3.1853149606299214
0
LINE
8
BLACK
6
CONTINUOUS
10
6.1131102362204723
20
-3.1853149606299214
11
6.1153701968503933
21
-3.1857644881889762
0
LINE
8
BLACK
6
CONTINUOUS
10
5.7558821653543308
20
-3.1986053937007872
11
5.7602722047244095
21
-3.2008422440944879
0
LINE
8
BLACK
6
CONTINUOUS
10
5.7602722047244095
20
-3.2008422440944879
11
5.7637561811023623
21
-3.2043262204724408
0
LINE
8
BLACK
6
CONTINUOUS
10
5.7637561811023623
20
-3.2043262204724408
11
5.7659930314960626
21
-3.2087162598425194
0
LINE
8
BLACK
6
CONTINUOUS
10
5.7659930314960626
20
-3.2087162598425194
11
5.766763779527559
21
-3.2135826771653542
0
LINE
8
BLACK
6
CONTINUOUS
10
5.766763779527559
20
-3.2135826771653542
11
5.766763779527559
21
-3.2391732283464565
0
LINE
8
BLACK
6
CONTINUOUS
10
5.766763779527559
20
-3.2391732283464565
11
5.7659930314960626
21
-3.2440396456692913
0
LINE
8
BLACK
6
CONTINUOUS
10
5.7659930314960626
20
-3.2440396456692913
11
5.7637561811023623
21
-3.2484296850393699
0
LINE
8
BLACK
6
CONTINUOUS
10
5.7637561811023623
20
-3.2484296850393699
11
5.7602722047244095
21
-3.2519136614173227
0
LINE
8
BLACK
6
CONTINUOUS
10
5.7602722047244095
20
-3.2519136614173227
11
5.7558821653543308
21
-3.2541505118110234
0
LINE
8
BLACK
6
CONTINUOUS
10
5.7558821653543308
20
-3.2541505118110234
11
5.7510157480314961
21
-3.2549212598425195
0
LINE
8
BLACK
6
CONTINUOUS
10
5.7510157480314961
20
-3.2549212598425195
11
5.7155826771653544
21
-3.2549212598425195
0
LINE
8
BLACK
6
CONTINUOUS
10
5.7155826771653544
20
-3.2549212598425195
11
5.7107162598425196
21
-3.2541505118110234
0
LINE
8
BLACK
6
CONTINUOUS
10
5.7107162598425196
20
-3.2541505118110234
11
5.706326220472441
21
-3.2519136614173227
0
LINE
8
BLACK
6
CONTINUOUS
10
5.706326220472441
20
-3.2519136614173227
11
5.7028422440944881
21
-3.2484296850393699
0
LINE
8
BLACK
6
CONTINUOUS
10
5.7028422440944881
20
-3.2484296850393699
11
5.700605393700787
21
-3.2440396456692913
0
LINE
8
BLACK
6
CONTINUOUS
10
5.700605393700787
20
-3.2440396456692913
11
5.6998346456692914
21
-3.2391732283464565
0
LINE
8
BLACK
6
CONTINUOUS
10
5.6998346456692914
20
-3.2391732283464565
11
5.6998346456692914
21
-3.2135826771653542
0
LINE
8
BLACK
6
CONTINUOUS
10
5.6998346456692914
20
-3.2135826771653542
11
5.700605393700787
21
-3.2087162598425194
0
LINE
8
BLACK
6
CONTINUOUS
10
5.700605393700787
20
-3.2087162598425194
11
5.7028422440944881
21
-3.2043262204724408
0
LINE
8
BLACK
6
CONTINUOUS
10
5.7028422440944881
20
-3.2043262204724408
11
5.706326220472441
21
-3.2008422440944879
0
LINE
8
BLACK
6
CONTINUOUS
10
5.706326220472441
20
-3.2008422440944879
11
5.7107162598425196
21
-3.1986053937007872
0
LINE
8
BLACK
6
CONTINUOUS
10
5.7107162598425196
20
-3.1986053937007872
11
5.7155826771653544
21
-3.1978346456692912
0
LINE
8
BLACK
6
CONTINUOUS
10
5.7155826771653544
20
-3.1978346456692912
11
5.7510157480314961
21
-3.1978346456692912
0
LINE
8
BLACK
6
CONTINUOUS
10
5.7510157480314961
20
-3.1978346456692912
11
5.7558821653543308
21
-3.1986053937007872
0
LINE
8
BLACK
6
CONTINUOUS
10
5.8864340157480317
20
-3.1736761023622044
11
5.8904200787401573
21
-3.1765722047244096
0
LINE
8
BLACK
6
CONTINUOUS
10
5.8904200787401573
20
-3.1765722047244096
11
5.9154750393700786
21
-3.2016271653543305
0
LINE
8
BLACK
6
CONTINUOUS
10
5.9154750393700786
20
-3.2016271653543305
11
5.9183711417322833
21
-3.2056132283464565
0
LINE
8
BLACK
6
CONTINUOUS
10
5.9183711417322833
20
-3.2056132283464565
11
5.9198936614173228
21
-3.2102991338582676
0
LINE
8
BLACK
6
CONTINUOUS
10
5.9198936614173228
20
-3.2102991338582676
11
5.9198936614173228
21
-3.2152262204724407
0
LINE
8
BLACK
6
CONTINUOUS
10
5.9198936614173228
20
-3.2152262204724407
11
5.9183711417322833
21
-3.2199121653543306
0
LINE
8
BLACK
6
CONTINUOUS
10
5.9183711417322833
20
-3.2199121653543306
11
5.9154750393700786
21
-3.2238982283464566
0
LINE
8
BLACK
6
CONTINUOUS
10
5.9154750393700786
20
-3.2238982283464566
11
5.8973798031496063
21
-3.2419934645669293
0
LINE
8
BLACK
6
CONTINUOUS
10
5.8973798031496063
20
-3.2419934645669293
11
5.8933937401574799
21
-3.244889566929134
0
LINE
8
BLACK
6
CONTINUOUS
10
5.8933937401574799
20
-3.244889566929134
11
5.8887077952755904
21
-3.246412086614173
0
LINE
8
BLACK
6
CONTINUOUS
10
5.8887077952755904
20
-3.246412086614173
11
5.8837807086614173
21
-3.246412086614173
0
LINE
8
BLACK
6
CONTINUOUS
10
5.8837807086614173
20
-3.246412086614173
11
5.8790948031496058
21
-3.244889566929134
0
LINE
8
BLACK
6
CONTINUOUS
10
5.8790948031496058
20
-3.244889566929134
11
5.8751087401574802
21
-3.2419934645669293
0
LINE
8
BLACK
6
CONTINUOUS
10
5.8751087401574802
20
-3.2419934645669293
11
5.8500537795275589
21
-3.216938503937008
0
LINE
8
BLACK
6
CONTINUOUS
10
5.8500537795275589
20
-3.216938503937008
11
5.8471576771653542
21
-3.212952440944882
0
LINE
8
BLACK
6
CONTINUOUS
10
5.8471576771653542
20
-3.212952440944882
11
5.8456351574803147
21
-3.2082665354330708
0
LINE
8
BLACK
6
CONTINUOUS
10
5.8456351574803147
20
-3.2082665354330708
11
5.8456351574803147
21
-3.2033394488188978
0
LINE
8
BLACK
6
CONTINUOUS
10
5.8456351574803147
20
-3.2033394488188978
11
5.8471576771653542
21
-3.1986535039370079
0
LINE
8
BLACK
6
CONTINUOUS
10
5.8471576771653542
20
-3.1986535039370079
11
5.8500537795275589
21
-3.1946674409448819
0
LINE
8
BLACK
6
CONTINUOUS
10
5.8500537795275589
20
-3.1946674409448819
11
5.8681490157480312
21
-3.1765722047244096
0
LINE
8
BLACK
6
CONTINUOUS
10
5.8681490157480312
20
-3.1765722047244096
11
5.8721350787401576
21
-3.1736761023622044
0
LINE
8
BLACK
6
CONTINUOUS
10
5.8721350787401576
20
-3.1736761023622044
11
5.8768210236220471
21
-3.1721535826771654
0
LINE
8
BLACK
6
CONTINUOUS
10
5.8768210236220471
20
-3.1721535826771654
11
5.8817481102362201
21
-3.1721535826771654
0
LINE
8
BLACK
6
CONTINUOUS
10
5.8817481102362201
20
-3.1721535826771654
11
5.8864340157480317
21
-3.1736761023622044
0
LINE
8
BLACK
6
CONTINUOUS
10
5.8163543700787397
20
-3.1972515748031496
11
5.8207206299212597
21
-3.1993861023622046
0
LINE
8
BLACK
6
CONTINUOUS
10
5.8207206299212597
20
-3.1993861023622046
11
5.8241572047244095
21
-3.2028226771653543
0
LINE
8
BLACK
6
CONTINUOUS
10
5.8241572047244095
20
-3.2028226771653543
11
5.8262917322834644
21
-3.2071889370078739
0
LINE
8
BLACK
6
CONTINUOUS
10
5.8262917322834644
20
-3.2071889370078739
11
5.8269055118110238
21
-3.2114015748031495
0
LINE
8
BLACK
6
CONTINUOUS
10
5.8269055118110238
20
-3.2114015748031495
11
5.8269055118110238
21
-3.2291181102362203
0
LINE
8
BLACK
6
CONTINUOUS
10
5.8269055118110238
20
-3.2291181102362203
11
5.8262917322834644
21
-3.2333307480314959
0
LINE
8
BLACK
6
CONTINUOUS
10
5.8262917322834644
20
-3.2333307480314959
11
5.8241572047244095
21
-3.2376970078740155
0
LINE
8
BLACK
6
CONTINUOUS
10
5.8241572047244095
20
-3.2376970078740155
11
5.8207206299212597
21
-3.2411335826771652
0
LINE
8
BLACK
6
CONTINUOUS
10
5.8207206299212597
20
-3.2411335826771652
11
5.8163543700787397
21
-3.2432681102362202
0
LINE
8
BLACK
6
CONTINUOUS
10
5.8163543700787397
20
-3.2432681102362202
11
5.8121417322834645
21
-3.2438818897637796
0
LINE
8
BLACK
6
CONTINUOUS
10
5.8121417322834645
20
-3.2438818897637796
11
5.7924566929133858
21
-3.2438818897637796
0
LINE
8
BLACK
6
CONTINUOUS
10
5.7924566929133858
20
-3.2438818897637796
11
5.7882440551181098
21
-3.2432681102362202
0
LINE
8
BLACK
6
CONTINUOUS
10
5.7882440551181098
20
-3.2432681102362202
11
5.7838777952755906
21
-3.2411335826771652
0
LINE
8
BLACK
6
CONTINUOUS
10
5.7838777952755906
20
-3.2411335826771652
11
5.7804412204724409
21
-3.2376970078740155
0
LINE
8
BLACK
6
CONTINUOUS
10
5.7804412204724409
20
-3.2376970078740155
11
5.7783066929133859
21
-3.2333307480314959
0
LINE
8
BLACK
6
CONTINUOUS
10
5.7783066929133859
20
-3.2333307480314959
11
5.7776929133858266
21
-3.2291181102362203
0
LINE
8
BLACK
6
CONTINUOUS
10
5.7776929133858266
20
-3.2291181102362203
11
5.7776929133858266
21
-3.2114015748031495
0
LINE
8
BLACK
6
CONTINUOUS
10
5.7776929133858266
20
-3.2114015748031495
11
5.7783066929133859
21
-3.2071889370078739
0
LINE
8
BLACK
6
CONTINUOUS
10
5.7783066929133859
20
-3.2071889370078739
11
5.7804412204724409
21
-3.2028226771653543
0
LINE
8
BLACK
6
CONTINUOUS
10
5.7804412204724409
20
-3.2028226771653543
11
5.7838777952755906
21
-3.1993861023622046
0
LINE
8
BLACK
6
CONTINUOUS
10
5.7838777952755906
20
-3.1993861023622046
11
5.7882440551181098
21
-3.1972515748031496
0
LINE
8
BLACK
6
CONTINUOUS
10
5.7882440551181098
20
-3.1972515748031496
11
5.7924566929133858
21
-3.1966377952755907
0
LINE
8
BLACK
6
CONTINUOUS
10
5.7924566929133858
20
-3.1966377952755907
11
5.8121417322834645
21
-3.1966377952755907
0
LINE
8
BLACK
6
CONTINUOUS
10
5.8121417322834645
20
-3.1966377952755907
11
5.8163543700787397
21
-3.1972515748031496
0
LINE
8
BLACK
6
CONTINUOUS
10
5.2210577952755903
20
-3.1721870078740158
11
5.2251329527559056
21
-3.1741792519685039
0
LINE
8
BLACK
6
CONTINUOUS
10
5.2251329527559056
20
-3.1741792519685039
11
5.2283404330708656
21
-3.1773867322834644
0
LINE
8
BLACK
6
CONTINUOUS
10
5.2283404330708656
20
-3.1773867322834644
11
5.2303326771653538
21
-3.1814618897637796
0
LINE
8
BLACK
6
CONTINUOUS
10
5.2303326771653538
20
-3.1814618897637796
11
5.2309055118110237
21
-3.1853937007874014
0
LINE
8
BLACK
6
CONTINUOUS
10
5.2309055118110237
20
-3.1853937007874014
11
5.2309055118110237
21
-3.2011417322834643
0
LINE
8
BLACK
6
CONTINUOUS
10
5.2309055118110237
20
-3.2011417322834643
11
5.2303326771653538
21
-3.2050735433070865
0
LINE
8
BLACK
6
CONTINUOUS
10
5.2303326771653538
20
-3.2050735433070865
11
5.2283404330708656
21
-3.2091487007874013
0
LINE
8
BLACK
6
CONTINUOUS
10
5.2283404330708656
20
-3.2091487007874013
11
5.2251329527559056
21
-3.2123561811023622
0
LINE
8
BLACK
6
CONTINUOUS
10
5.2251329527559056
20
-3.2123561811023622
11
5.2210577952755903
21
-3.2143484251968504
0
LINE
8
BLACK
6
CONTINUOUS
10
5.2210577952755903
20
-3.2143484251968504
11
5.2171259842519682
21
-3.2149212598425194
0
LINE
8
BLACK
6
CONTINUOUS
10
5.2171259842519682
20
-3.2149212598425194
11
5.195472440944882
21
-3.2149212598425194
0
LINE
8
BLACK
6
CONTINUOUS
10
5.195472440944882
20
-3.2149212598425194
11
5.1915406299212599
21
-3.2143484251968504
0
LINE
8
BLACK
6
CONTINUOUS
10
5.1915406299212599
20
-3.2143484251968504
11
5.1874654724409446
21
-3.2123561811023622
0
LINE
8
BLACK
6
CONTINUOUS
10
5.1874654724409446
20
-3.2123561811023622
11
5.1842579921259837
21
-3.2091487007874013
0
LINE
8
BLACK
6
CONTINUOUS
10
5.1842579921259837
20
-3.2091487007874013
11
5.1822657480314955
21
-3.2050735433070865
0
LINE
8
BLACK
6
CONTINUOUS
10
5.1822657480314955
20
-3.2050735433070865
11
5.1816929133858265
21
-3.2011417322834643
0
LINE
8
BLACK
6
CONTINUOUS
10
5.1816929133858265
20
-3.2011417322834643
11
5.1816929133858265
21
-3.1853937007874014
0
LINE
8
BLACK
6
CONTINUOUS
10
5.1816929133858265
20
-3.1853937007874014
11
5.1822657480314955
21
-3.1814618897637796
0
LINE
8
BLACK
6
CONTINUOUS
10
5.1822657480314955
20
-3.1814618897637796
11
5.1842579921259837
21
-3.1773867322834644
0
LINE
8
BLACK
6
CONTINUOUS
10
5.1842579921259837
20
-3.1773867322834644
11
5.1874654724409446
21
-3.1741792519685039
0
LINE
8
BLACK
6
CONTINUOUS
10
5.1874654724409446
20
-3.1741792519685039
11
5.1915406299212599
21
-3.1721870078740158
0
LINE
8
BLACK
6
CONTINUOUS
10
5.1915406299212599
20
-3.1721870078740158
11
5.195472440944882
21
-3.1716141732283463
0
LINE
8
BLACK
6
CONTINUOUS
10
5.195472440944882
20
-3.1716141732283463
11
5.2171259842519682
21
-3.1716141732283463
0
LINE
8
BLACK
6
CONTINUOUS
10
5.2171259842519682
20
-3.1716141732283463
11
5.2210577952755903
21
-3.1721870078740158
0
LINE
8
BLACK
6
CONTINUOUS
10
5.0206640944881888
20
-3.1698641732283463
11
5.0247392519685041
21
-3.1718564173228345
0
LINE
8
BLACK
6
CONTINUOUS
10
5.0247392519685041
20
-3.1718564173228345
11
5.0279467322834641
21
-3.1750638976377954
0
LINE
8
BLACK
6
CONTINUOUS
10
5.0279467322834641
20
-3.1750638976377954
11
5.0299389763779523
21
-3.1791390551181102
0
LINE
8
BLACK
6
CONTINUOUS
10
5.0299389763779523
20
-3.1791390551181102
11
5.0305118110236222
21
-3.1830708661417324
0
LINE
8
BLACK
6
CONTINUOUS
10
5.0305118110236222
20
-3.1830708661417324
11
5.0305118110236222
21
-3.1988188976377954
0
LINE
8
BLACK
6
CONTINUOUS
10
5.0305118110236222
20
-3.1988188976377954
11
5.0299389763779523
21
-3.2027507086614171
0
LINE
8
BLACK
6
CONTINUOUS
10
5.0299389763779523
20
-3.2027507086614171
11
5.0279467322834641
21
-3.2068258661417324
0
LINE
8
BLACK
6
CONTINUOUS
10
5.0279467322834641
20
-3.2068258661417324
11
5.0247392519685041
21
-3.2100333464566928
0
LINE
8
BLACK
6
CONTINUOUS
10
5.0247392519685041
20
-3.2100333464566928
11
5.0206640944881888
21
-3.212025590551181
0
LINE
8
BLACK
6
CONTINUOUS
10
5.0206640944881888
20
-3.212025590551181
11
5.0167322834645667
21
-3.2125984251968505
0
LINE
8
BLACK
6
CONTINUOUS
10
5.0167322834645667
20
-3.2125984251968505
11
4.9950787401574805
21
-3.2125984251968505
0
LINE
8
BLACK
6
CONTINUOUS
10
4.9950787401574805
20
-3.2125984251968505
11
4.9911469291338584
21
-3.212025590551181
0
LINE
8
BLACK
6
CONTINUOUS
10
4.9911469291338584
20
-3.212025590551181
11
4.9870717716535431
21
-3.2100333464566928
0
LINE
8
BLACK
6
CONTINUOUS
10
4.9870717716535431
20
-3.2100333464566928
11
4.9838642913385822
21
-3.2068258661417324
0
LINE
8
BLACK
6
CONTINUOUS
10
4.9838642913385822
20
-3.2068258661417324
11
4.981872047244094
21
-3.2027507086614171
0
LINE
8
BLACK
6
CONTINUOUS
10
4.981872047244094
20
-3.2027507086614171
11
4.981299212598425
21
-3.1988188976377954
0
LINE
8
BLACK
6
CONTINUOUS
10
4.981299212598425
20
-3.1988188976377954
11
4.981299212598425
21
-3.1830708661417324
0
LINE
8
BLACK
6
CONTINUOUS
10
4.981299212598425
20
-3.1830708661417324
11
4.981872047244094
21
-3.1791390551181102
0
LINE
8
BLACK
6
CONTINUOUS
10
4.981872047244094
20
-3.1791390551181102
11
4.9838642913385822
21
-3.1750638976377954
0
LINE
8
BLACK
6
CONTINUOUS
10
4.9838642913385822
20
-3.1750638976377954
11
4.9870717716535431
21
-3.1718564173228345
0
LINE
8
BLACK
6
CONTINUOUS
10
4.9870717716535431
20
-3.1718564173228345
11
4.9911469291338584
21
-3.1698641732283463
0
LINE
8
BLACK
6
CONTINUOUS
10
4.9911469291338584
20
-3.1698641732283463
11
4.9950787401574805
21
-3.1692913385826773
0
LINE
8
BLACK
6
CONTINUOUS
10
4.9950787401574805
20
-3.1692913385826773
11
5.0167322834645667
21
-3.1692913385826773
0
LINE
8
BLACK
6
CONTINUOUS
10
5.0167322834645667
20
-3.1692913385826773
11
5.0206640944881888
21
-3.1698641732283463
0
LINE
8
BLACK
6
CONTINUOUS
10
5.1446798425196851
20
-3.1697066929133859
11
5.1487549999999995
21
-3.1716989370078741
0
LINE
8
BLACK
6
CONTINUOUS
10
5.1487549999999995
20
-3.1716989370078741
11
5.1519624803149604
21
-3.1749064173228345
0
LINE
8
BLACK
6
CONTINUOUS
10
5.1519624803149604
20
-3.1749064173228345
11
5.1539547244094486
21
-3.1789815748031494
0
LINE
8
BLACK
6
CONTINUOUS
10
5.1539547244094486
20
-3.1789815748031494
11
5.1545275590551176
21
-3.1829133858267715
0
LINE
8
BLACK
6
CONTINUOUS
10
5.1545275590551176
20
-3.1829133858267715
11
5.1545275590551176
21
-3.1986614173228345
0
LINE
8
BLACK
6
CONTINUOUS
10
5.1545275590551176
20
-3.1986614173228345
11
5.1539547244094486
21
-3.2025932283464567
0
LINE
8
BLACK
6
CONTINUOUS
10
5.1539547244094486
20
-3.2025932283464567
11
5.1519624803149604
21
-3.2066683858267715
0
LINE
8
BLACK
6
CONTINUOUS
10
5.1519624803149604
20
-3.2066683858267715
11
5.1487549999999995
21
-3.2098758661417324
0
LINE
8
BLACK
6
CONTINUOUS
10
5.1487549999999995
20
-3.2098758661417324
11
5.1446798425196851
21
-3.2118681102362205
0
LINE
8
BLACK
6
CONTINUOUS
10
5.1446798425196851
20
-3.2118681102362205
11
5.140748031496063
21
-3.2124409448818896
0
LINE
8
BLACK
6
CONTINUOUS
10
5.140748031496063
20
-3.2124409448818896
11
5.1190944881889759
21
-3.2124409448818896
0
LINE
8
BLACK
6
CONTINUOUS
10
5.1190944881889759
20
-3.2124409448818896
11
5.1151626771653538
21
-3.2118681102362205
0
LINE
8
BLACK
6
CONTINUOUS
10
5.1151626771653538
20
-3.2118681102362205
11
5.1110875196850394
21
-3.2098758661417324
0
LINE
8
BLACK
6
CONTINUOUS
10
5.1110875196850394
20
-3.2098758661417324
11
5.1078800393700785
21
-3.2066683858267715
0
LINE
8
BLACK
6
CONTINUOUS
10
5.1078800393700785
20
-3.2066683858267715
11
5.1058877952755903
21
-3.2025932283464567
0
LINE
8
BLACK
6
CONTINUOUS
10
5.1058877952755903
20
-3.2025932283464567
11
5.1053149606299213
21
-3.1986614173228345
0
LINE
8
BLACK
6
CONTINUOUS
10
5.1053149606299213
20
-3.1986614173228345
11
5.1053149606299213
21
-3.1829133858267715
0
LINE
8
BLACK
6
CONTINUOUS
10
5.1053149606299213
20
-3.1829133858267715
11
5.1058877952755903
21
-3.1789815748031494
0
LINE
8
BLACK
6
CONTINUOUS
10
5.1058877952755903
20
-3.1789815748031494
11
5.1078800393700785
21
-3.1749064173228345
0
LINE
8
BLACK
6
CONTINUOUS
10
5.1078800393700785
20
-3.1749064173228345
11
5.1110875196850394
21
-3.1716989370078741
0
LINE
8
BLACK
6
CONTINUOUS
10
5.1110875196850394
20
-3.1716989370078741
11
5.1151626771653538
21
-3.1697066929133859
0
LINE
8
BLACK
6
CONTINUOUS
10
5.1151626771653538
20
-3.1697066929133859
11
5.1190944881889759
21
-3.1691338582677164
0
LINE
8
BLACK
6
CONTINUOUS
10
5.1190944881889759
20
-3.1691338582677164
11
5.140748031496063
21
-3.1691338582677164
0
LINE
8
BLACK
6
CONTINUOUS
10
5.140748031496063
20
-3.1691338582677164
11
5.1446798425196851
21
-3.1697066929133859
0
LINE
8
BLACK
6
CONTINUOUS
10
5.0836562204724407
20
-3.1696673228346457
11
5.087731377952756
21
-3.1716595669291339
0
LINE
8
BLACK
6
CONTINUOUS
10
5.087731377952756
20
-3.1716595669291339
11
5.0909388582677169
21
-3.1748670472440943
0
LINE
8
BLACK
6
CONTINUOUS
10
5.0909388582677169
20
-3.1748670472440943
11
5.092931102362205
21
-3.1789422047244096
0
LINE
8
BLACK
6
CONTINUOUS
10
5.092931102362205
20
-3.1789422047244096
11
5.0935039370078741
21
-3.1828740157480313
0
LINE
8
BLACK
6
CONTINUOUS
10
5.0935039370078741
20
-3.1828740157480313
11
5.0935039370078741
21
-3.1986220472440943
0
LINE
8
BLACK
6
CONTINUOUS
10
5.0935039370078741
20
-3.1986220472440943
11
5.092931102362205
21
-3.2025538582677164
0
LINE
8
BLACK
6
CONTINUOUS
10
5.092931102362205
20
-3.2025538582677164
11
5.0909388582677169
21
-3.2066290157480313
0
LINE
8
BLACK
6
CONTINUOUS
10
5.0909388582677169
20
-3.2066290157480313
11
5.087731377952756
21
-3.2098364960629922
0
LINE
8
BLACK
6
CONTINUOUS
10
5.087731377952756
20
-3.2098364960629922
11
5.0836562204724407
21
-3.2118287401574803
0
LINE
8
BLACK
6
CONTINUOUS
10
5.0836562204724407
20
-3.2118287401574803
11
5.0797244094488185
21
-3.2124015748031494
0
LINE
8
BLACK
6
CONTINUOUS
10
5.0797244094488185
20
-3.2124015748031494
11
5.0580708661417324
21
-3.2124015748031494
0
LINE
8
BLACK
6
CONTINUOUS
10
5.0580708661417324
20
-3.2124015748031494
11
5.0541390551181102
21
-3.2118287401574803
0
LINE
8
BLACK
6
CONTINUOUS
10
5.0541390551181102
20
-3.2118287401574803
11
5.050063897637795
21
-3.2098364960629922
0
LINE
8
BLACK
6
CONTINUOUS
10
5.050063897637795
20
-3.2098364960629922
11
5.046856417322835
21
-3.2066290157480313
0
LINE
8
BLACK
6
CONTINUOUS
10
5.046856417322835
20
-3.2066290157480313
11
5.0448641732283459
21
-3.2025538582677164
0
LINE
8
BLACK
6
CONTINUOUS
10
5.0448641732283459
20
-3.2025538582677164
11
5.0442913385826769
21
-3.1986220472440943
0
LINE
8
BLACK
6
CONTINUOUS
10
5.0442913385826769
20
-3.1986220472440943
11
5.0442913385826769
21
-3.1828740157480313
0
LINE
8
BLACK
6
CONTINUOUS
10
5.0442913385826769
20
-3.1828740157480313
11
5.0448641732283459
21
-3.1789422047244096
0
LINE
8
BLACK
6
CONTINUOUS
10
5.0448641732283459
20
-3.1789422047244096
11
5.046856417322835
21
-3.1748670472440943
0
LINE
8
BLACK
6
CONTINUOUS
10
5.046856417322835
20
-3.1748670472440943
11
5.050063897637795
21
-3.1716595669291339
0
LINE
8
BLACK
6
CONTINUOUS
10
5.050063897637795
20
-3.1716595669291339
11
5.0541390551181102
21
-3.1696673228346457
0
LINE
8
BLACK
6
CONTINUOUS
10
5.0541390551181102
20
-3.1696673228346457
11
5.0580708661417324
21
-3.1690944881889762
0
LINE
8
BLACK
6
CONTINUOUS
10
5.0580708661417324
20
-3.1690944881889762
11
5.0797244094488185
21
-3.1690944881889762
0
LINE
8
BLACK
6
CONTINUOUS
10
5.0797244094488185
20
-3.1690944881889762
11
5.0836562204724407
21
-3.1696673228346457
0
LINE
8
BLACK
6
CONTINUOUS
10
6.4588821653543302
20
-3.1357904330708659
11
6.4632722047244089
21
-3.1380272834645671
0
LINE
8
BLACK
6
CONTINUOUS
10
6.4632722047244089
20
-3.1380272834645671
11
6.4667561811023617
21
-3.1415112598425194
0
LINE
8
BLACK
6
CONTINUOUS
10
6.4667561811023617
20
-3.1415112598425194
11
6.4689930314960629
21
-3.1459012992125985
0
LINE
8
BLACK
6
CONTINUOUS
10
6.4689930314960629
20
-3.1459012992125985
11
6.4697637795275593
21
-3.1507677165354329
0
LINE
8
BLACK
6
CONTINUOUS
10
6.4697637795275593
20
-3.1507677165354329
11
6.4697637795275593
21
-3.1763582677165352
0
LINE
8
BLACK
6
CONTINUOUS
10
6.4697637795275593
20
-3.1763582677165352
11
6.4689930314960629
21
-3.1812246850393699
0
LINE
8
BLACK
6
CONTINUOUS
10
6.4689930314960629
20
-3.1812246850393699
11
6.4667561811023617
21
-3.1856147244094486
0
LINE
8
BLACK
6
CONTINUOUS
10
6.4667561811023617
20
-3.1856147244094486
11
6.4632722047244089
21
-3.1890987007874014
0
LINE
8
BLACK
6
CONTINUOUS
10
6.4632722047244089
20
-3.1890987007874014
11
6.4588821653543302
21
-3.1913355511811021
0
LINE
8
BLACK
6
CONTINUOUS
10
6.4588821653543302
20
-3.1913355511811021
11
6.4540157480314964
21
-3.1921062992125981
0
LINE
8
BLACK
6
CONTINUOUS
10
6.4540157480314964
20
-3.1921062992125981
11
6.4185826771653538
21
-3.1921062992125981
0
LINE
8
BLACK
6
CONTINUOUS
10
6.4185826771653538
20
-3.1921062992125981
11
6.4137162598425199
21
-3.1913355511811021
0
LINE
8
BLACK
6
CONTINUOUS
10
6.4137162598425199
20
-3.1913355511811021
11
6.4093262204724404
21
-3.1890987007874014
0
LINE
8
BLACK
6
CONTINUOUS
10
6.4093262204724404
20
-3.1890987007874014
11
6.4058422440944884
21
-3.1856147244094486
0
LINE
8
BLACK
6
CONTINUOUS
10
6.4058422440944884
20
-3.1856147244094486
11
6.4036053937007873
21
-3.1812246850393699
0
LINE
8
BLACK
6
CONTINUOUS
10
6.4036053937007873
20
-3.1812246850393699
11
6.4028346456692908
21
-3.1763582677165352
0
LINE
8
BLACK
6
CONTINUOUS
10
6.4028346456692908
20
-3.1763582677165352
11
6.4028346456692908
21
-3.1507677165354329
0
LINE
8
BLACK
6
CONTINUOUS
10
6.4028346456692908
20
-3.1507677165354329
11
6.4036053937007873
21
-3.1459012992125985
0
LINE
8
BLACK
6
CONTINUOUS
10
6.4036053937007873
20
-3.1459012992125985
11
6.4058422440944884
21
-3.1415112598425194
0
LINE
8
BLACK
6
CONTINUOUS
10
6.4058422440944884
20
-3.1415112598425194
11
6.4093262204724404
21
-3.1380272834645671
0
LINE
8
BLACK
6
CONTINUOUS
10
6.4093262204724404
20
-3.1380272834645671
11
6.4137162598425199
21
-3.1357904330708659
0
LINE
8
BLACK
6
CONTINUOUS
10
6.4137162598425199
20
-3.1357904330708659
11
6.4185826771653538
21
-3.1350196850393699
0
LINE
8
BLACK
6
CONTINUOUS
10
6.4185826771653538
20
-3.1350196850393699
11
6.4540157480314964
21
-3.1350196850393699
0
LINE
8
BLACK
6
CONTINUOUS
10
6.4540157480314964
20
-3.1350196850393699
11
6.4588821653543302
21
-3.1357904330708659
0
LINE
8
BLACK
6
CONTINUOUS
10
5.9435036220472437
20
-3.116606496062992
11
5.9474896850393701
21
-3.1195025984251967
0
LINE
8
BLACK
6
CONTINUOUS
10
5.9474896850393701
20
-3.1195025984251967
11
5.9725446456692914
21
-3.144557559055118
0
LINE
8
BLACK
6
CONTINUOUS
10
5.9725446456692914
20
-3.144557559055118
11
5.9754407480314962
21
-3.148543622047244
0
LINE
8
BLACK
6
CONTINUOUS
10
5.9754407480314962
20
-3.148543622047244
11
5.9769632677165356
21
-3.1532295275590552
0
LINE
8
BLACK
6
CONTINUOUS
10
5.9769632677165356
20
-3.1532295275590552
11
5.9769632677165356
21
-3.1581566141732282
0
LINE
8
BLACK
6
CONTINUOUS
10
5.9769632677165356
20
-3.1581566141732282
11
5.9754407480314962
21
-3.1628425590551181
0
LINE
8
BLACK
6
CONTINUOUS
10
5.9754407480314962
20
-3.1628425590551181
11
5.9725446456692914
21
-3.1668286220472441
0
LINE
8
BLACK
6
CONTINUOUS
10
5.9725446456692914
20
-3.1668286220472441
11
5.9544494094488192
21
-3.1849238582677164
0
LINE
8
BLACK
6
CONTINUOUS
10
5.9544494094488192
20
-3.1849238582677164
11
5.9504633464566927
21
-3.1878199606299211
0
LINE
8
BLACK
6
CONTINUOUS
10
5.9504633464566927
20
-3.1878199606299211
11
5.9457774015748033
21
-3.1893424803149606
0
LINE
8
BLACK
6
CONTINUOUS
10
5.9457774015748033
20
-3.1893424803149606
11
5.9408503149606302
21
-3.1893424803149606
0
LINE
8
BLACK
6
CONTINUOUS
10
5.9408503149606302
20
-3.1893424803149606
11
5.9361644094488186
21
-3.1878199606299211
0
LINE
8
BLACK
6
CONTINUOUS
10
5.9361644094488186
20
-3.1878199606299211
11
5.9321783464566931
21
-3.1849238582677164
0
LINE
8
BLACK
6
CONTINUOUS
10
5.9321783464566931
20
-3.1849238582677164
11
5.9071233858267718
21
-3.1598688976377951
0
LINE
8
BLACK
6
CONTINUOUS
10
5.9071233858267718
20
-3.1598688976377951
11
5.904227283464567
21
-3.1558828346456691
0
LINE
8
BLACK
6
CONTINUOUS
10
5.904227283464567
20
-3.1558828346456691
11
5.9027047637795276
21
-3.1511969291338584
0
LINE
8
BLACK
6
CONTINUOUS
10
5.9027047637795276
20
-3.1511969291338584
11
5.9027047637795276
21
-3.1462698425196849
0
LINE
8
BLACK
6
CONTINUOUS
10
5.9027047637795276
20
-3.1462698425196849
11
5.904227283464567
21
-3.141583897637795
0
LINE
8
BLACK
6
CONTINUOUS
10
5.904227283464567
20
-3.141583897637795
11
5.9071233858267718
21
-3.1375978346456694
0
LINE
8
BLACK
6
CONTINUOUS
10
5.9071233858267718
20
-3.1375978346456694
11
5.925218622047244
21
-3.1195025984251967
0
LINE
8
BLACK
6
CONTINUOUS
10
5.925218622047244
20
-3.1195025984251967
11
5.9292046850393696
21
-3.116606496062992
0
LINE
8
BLACK
6
CONTINUOUS
10
5.9292046850393696
20
-3.116606496062992
11
5.9338906299212599
21
-3.1150839763779525
0
LINE
8
BLACK
6
CONTINUOUS
10
5.9338906299212599
20
-3.1150839763779525
11
5.938817716535433
21
-3.1150839763779525
0
LINE
8
BLACK
6
CONTINUOUS
10
5.938817716535433
20
-3.1150839763779525
11
5.9435036220472437
21
-3.116606496062992
0
LINE
8
BLACK
6
CONTINUOUS
10
5.8163543700787397
20
-3.1362279527559056
11
5.8207206299212597
21
-3.1383624803149606
0
LINE
8
BLACK
6
CONTINUOUS
10
5.8207206299212597
20
-3.1383624803149606
11
5.8241572047244095
21
-3.1417990551181103
0
LINE
8
BLACK
6
CONTINUOUS
10
5.8241572047244095
20
-3.1417990551181103
11
5.8262917322834644
21
-3.1461653149606299
0
LINE
8
BLACK
6
CONTINUOUS
10
5.8262917322834644
20
-3.1461653149606299
11
5.8269055118110238
21
-3.1503779527559055
0
LINE
8
BLACK
6
CONTINUOUS
10
5.8269055118110238
20
-3.1503779527559055
11
5.8269055118110238
21
-3.1680944881889763
0
LINE
8
BLACK
6
CONTINUOUS
10
5.8269055118110238
20
-3.1680944881889763
11
5.8262917322834644
21
-3.1723071259842519
0
LINE
8
BLACK
6
CONTINUOUS
10
5.8262917322834644
20
-3.1723071259842519
11
5.8241572047244095
21
-3.1766733858267715
0
LINE
8
BLACK
6
CONTINUOUS
10
5.8241572047244095
20
-3.1766733858267715
11
5.8207206299212597
21
-3.1801099606299212
0
LINE
8
BLACK
6
CONTINUOUS
10
5.8207206299212597
20
-3.1801099606299212
11
5.8163543700787397
21
-3.1822444881889762
0
LINE
8
BLACK
6
CONTINUOUS
10
5.8163543700787397
20
-3.1822444881889762
11
5.8121417322834645
21
-3.1828582677165356
0
LINE
8
BLACK
6
CONTINUOUS
10
5.8121417322834645
20
-3.1828582677165356
11
5.7924566929133858
21
-3.1828582677165356
0
LINE
8
BLACK
6
CONTINUOUS
10
5.7924566929133858
20
-3.1828582677165356
11
5.7882440551181098
21
-3.1822444881889762
0
LINE
8
BLACK
6
CONTINUOUS
10
5.7882440551181098
20
-3.1822444881889762
11
5.7838777952755906
21
-3.1801099606299212
0
LINE
8
BLACK
6
CONTINUOUS
10
5.7838777952755906
20
-3.1801099606299212
11
5.7804412204724409
21
-3.1766733858267715
0
LINE
8
BLACK
6
CONTINUOUS
10
5.7804412204724409
20
-3.1766733858267715
11
5.7783066929133859
21
-3.1723071259842519
0
LINE
8
BLACK
6
CONTINUOUS
10
5.7783066929133859
20
-3.1723071259842519
11
5.7776929133858266
21
-3.1680944881889763
0
LINE
8
BLACK
6
CONTINUOUS
10
5.7776929133858266
20
-3.1680944881889763
11
5.7776929133858266
21
-3.1503779527559055
0
LINE
8
BLACK
6
CONTINUOUS
10
5.7776929133858266
20
-3.1503779527559055
11
5.7783066929133859
21
-3.1461653149606299
0
LINE
8
BLACK
6
CONTINUOUS
10
5.7783066929133859
20
-3.1461653149606299
11
5.7804412204724409
21
-3.1417990551181103
0
LINE
8
BLACK
6
CONTINUOUS
10
5.7804412204724409
20
-3.1417990551181103
11
5.7838777952755906
21
-3.1383624803149606
0
LINE
8
BLACK
6
CONTINUOUS
10
5.7838777952755906
20
-3.1383624803149606
11
5.7882440551181098
21
-3.1362279527559056
0
LINE
8
BLACK
6
CONTINUOUS
10
5.7882440551181098
20
-3.1362279527559056
11
5.7924566929133858
21
-3.1356141732283462
0
LINE
8
BLACK
6
CONTINUOUS
10
5.7924566929133858
20
-3.1356141732283462
11
5.8121417322834645
21
-3.1356141732283462
0
LINE
8
BLACK
6
CONTINUOUS
10
5.8121417322834645
20
-3.1356141732283462
11
5.8163543700787397
21
-3.1362279527559056
0
LINE
8
BLACK
6
CONTINUOUS
10
5.3080316141732284
20
-3.0898589763779527
11
5.3099474803149604
21
-3.0911391338582677
0
LINE
8
BLACK
6
CONTINUOUS
10
5.3099474803149604
20
-3.0911391338582677
11
5.3112276377952758
21
-3.0930550000000001
0
LINE
8
BLACK
6
CONTINUOUS
10
5.3112276377952758
20
-3.0930550000000001
11
5.3116771653543307
21
-3.0953149606299211
0
LINE
8
BLACK
6
CONTINUOUS
10
5.3116771653543307
20
-3.0953149606299211
11
5.3116771653543307
21
-3.1661811023622048
0
LINE
8
BLACK
6
CONTINUOUS
10
5.3116771653543307
20
-3.1661811023622048
11
5.3112276377952758
21
-3.1684410629921258
0
LINE
8
BLACK
6
CONTINUOUS
10
5.3112276377952758
20
-3.1684410629921258
11
5.3099474803149604
21
-3.1703569291338582
0
LINE
8
BLACK
6
CONTINUOUS
10
5.3099474803149604
20
-3.1703569291338582
11
5.3080316141732284
21
-3.1716370866141732
0
LINE
8
BLACK
6
CONTINUOUS
10
5.3080316141732284
20
-3.1716370866141732
11
5.3057716535433066
21
-3.1720866141732285
0
LINE
8
BLACK
6
CONTINUOUS
10
5.3057716535433066
20
-3.1720866141732285
11
5.2664015748031492
21
-3.1720866141732285
0
LINE
8
BLACK
6
CONTINUOUS
10
5.2664015748031492
20
-3.1720866141732285
11
5.2641416141732282
21
-3.1716370866141732
0
LINE
8
BLACK
6
CONTINUOUS
10
5.2641416141732282
20
-3.1716370866141732
11
5.2622257480314962
21
-3.1703569291338582
0
LINE
8
BLACK
6
CONTINUOUS
10
5.2622257480314962
20
-3.1703569291338582
11
5.2609455905511808
21
-3.1684410629921258
0
LINE
8
BLACK
6
CONTINUOUS
10
5.2609455905511808
20
-3.1684410629921258
11
5.260496062992126
21
-3.1661811023622048
0
LINE
8
BLACK
6
CONTINUOUS
10
5.260496062992126
20
-3.1661811023622048
11
5.260496062992126
21
-3.0953149606299211
0
LINE
8
BLACK
6
CONTINUOUS
10
5.260496062992126
20
-3.0953149606299211
11
5.2609455905511808
21
-3.0930550000000001
0
LINE
8
BLACK
6
CONTINUOUS
10
5.2609455905511808
20
-3.0930550000000001
11
5.2622257480314962
21
-3.0911391338582677
0
LINE
8
BLACK
6
CONTINUOUS
10
5.2622257480314962
20
-3.0911391338582677
11
5.2641416141732282
21
-3.0898589763779527
0
LINE
8
BLACK
6
CONTINUOUS
10
5.2641416141732282
20
-3.0898589763779527
11
5.2664015748031492
21
-3.0894094488188975
0
LINE
8
BLACK
6
CONTINUOUS
10
5.2664015748031492
20
-3.0894094488188975
11
5.3057716535433066
21
-3.0894094488188975
0
LINE
8
BLACK
6
CONTINUOUS
10
5.3057716535433066
20
-3.0894094488188975
11
5.3080316141732284
21
-3.0898589763779527
0
LINE
8
BLACK
6
CONTINUOUS
10
5.406456811023622
20
-3.0898589763779527
11
5.408372677165354
21
-3.0911391338582677
0
LINE
8
BLACK
6
CONTINUOUS
10
5.408372677165354
20
-3.0911391338582677
11
5.4096528346456694
21
-3.0930550000000001
0
LINE
8
BLACK
6
CONTINUOUS
10
5.4096528346456694
20
-3.0930550000000001
11
5.4101023622047242
21
-3.0953149606299211
0
LINE
8
BLACK
6
CONTINUOUS
10
5.4101023622047242
20
-3.0953149606299211
11
5.4101023622047242
21
-3.1661811023622048
0
LINE
8
BLACK
6
CONTINUOUS
10
5.4101023622047242
20
-3.1661811023622048
11
5.4096528346456694
21
-3.1684410629921258
0
LINE
8
BLACK
6
CONTINUOUS
10
5.4096528346456694
20
-3.1684410629921258
11
5.408372677165354
21
-3.1703569291338582
0
LINE
8
BLACK
6
CONTINUOUS
10
5.408372677165354
20
-3.1703569291338582
11
5.406456811023622
21
-3.1716370866141732
0
LINE
8
BLACK
6
CONTINUOUS
10
5.406456811023622
20
-3.1716370866141732
11
5.404196850393701
21
-3.1720866141732285
0
LINE
8
BLACK
6
CONTINUOUS
10
5.404196850393701
20
-3.1720866141732285
11
5.3648267716535436
21
-3.1720866141732285
0
LINE
8
BLACK
6
CONTINUOUS
10
5.3648267716535436
20
-3.1720866141732285
11
5.3625668110236218
21
-3.1716370866141732
0
LINE
8
BLACK
6
CONTINUOUS
10
5.3625668110236218
20
-3.1716370866141732
11
5.3606509448818898
21
-3.1703569291338582
0
LINE
8
BLACK
6
CONTINUOUS
10
5.3606509448818898
20
-3.1703569291338582
11
5.3593707874015744
21
-3.1684410629921258
0
LINE
8
BLACK
6
CONTINUOUS
10
5.3593707874015744
20
-3.1684410629921258
11
5.3589212598425195
21
-3.1661811023622048
0
LINE
8
BLACK
6
CONTINUOUS
10
5.3589212598425195
20
-3.1661811023622048
11
5.3589212598425195
21
-3.0953149606299211
0
LINE
8
BLACK
6
CONTINUOUS
10
5.3589212598425195
20
-3.0953149606299211
11
5.3593707874015744
21
-3.0930550000000001
0
LINE
8
BLACK
6
CONTINUOUS
10
5.3593707874015744
20
-3.0930550000000001
11
5.3606509448818898
21
-3.0911391338582677
0
LINE
8
BLACK
6
CONTINUOUS
10
5.3606509448818898
20
-3.0911391338582677
11
5.3625668110236218
21
-3.0898589763779527
0
LINE
8
BLACK
6
CONTINUOUS
10
5.3625668110236218
20
-3.0898589763779527
11
5.3648267716535436
21
-3.0894094488188975
0
LINE
8
BLACK
6
CONTINUOUS
10
5.3648267716535436
20
-3.0894094488188975
11
5.404196850393701
21
-3.0894094488188975
0
LINE
8
BLACK
6
CONTINUOUS
10
5.404196850393701
20
-3.0894094488188975
11
5.406456811023622
21
-3.0898589763779527
0
LINE
8
BLACK
6
CONTINUOUS
10
5.5620160236220473
20
-3.1112353149606298
11
5.5664060629921259
21
-3.1134721653543305
0
LINE
8
BLACK
6
CONTINUOUS
10
5.5664060629921259
20
-3.1134721653543305
11
5.5698900393700788
21
-3.1169561417322833
0
LINE
8
BLACK
6
CONTINUOUS
10
5.5698900393700788
20
-3.1169561417322833
11
5.572126889763779
21
-3.1213461811023619
0
LINE
8
BLACK
6
CONTINUOUS
10
5.572126889763779
20
-3.1213461811023619
11
5.5728976377952755
21
-3.1262125984251967
0
LINE
8
BLACK
6
CONTINUOUS
10
5.5728976377952755
20
-3.1262125984251967
11
5.5728976377952755
21
-3.1537716535433069
0
LINE
8
BLACK
6
CONTINUOUS
10
5.5728976377952755
20
-3.1537716535433069
11
5.572126889763779
21
-3.1586380708661417
0
LINE
8
BLACK
6
CONTINUOUS
10
5.572126889763779
20
-3.1586380708661417
11
5.5698900393700788
21
-3.1630281102362203
0
LINE
8
BLACK
6
CONTINUOUS
10
5.5698900393700788
20
-3.1630281102362203
11
5.5664060629921259
21
-3.1665120866141732
0
LINE
8
BLACK
6
CONTINUOUS
10
5.5664060629921259
20
-3.1665120866141732
11
5.5620160236220473
21
-3.1687489370078739
0
LINE
8
BLACK
6
CONTINUOUS
10
5.5620160236220473
20
-3.1687489370078739
11
5.5571496062992125
21
-3.1695196850393699
0
LINE
8
BLACK
6
CONTINUOUS
10
5.5571496062992125
20
-3.1695196850393699
11
5.5059685039370079
21
-3.1695196850393699
0
LINE
8
BLACK
6
CONTINUOUS
10
5.5059685039370079
20
-3.1695196850393699
11
5.5011020866141731
21
-3.1687489370078739
0
LINE
8
BLACK
6
CONTINUOUS
10
5.5011020866141731
20
-3.1687489370078739
11
5.4967120472440945
21
-3.1665120866141732
0
LINE
8
BLACK
6
CONTINUOUS
10
5.4967120472440945
20
-3.1665120866141732
11
5.4932280708661416
21
-3.1630281102362203
0
LINE
8
BLACK
6
CONTINUOUS
10
5.4932280708661416
20
-3.1630281102362203
11
5.4909912204724405
21
-3.1586380708661417
0
LINE
8
BLACK
6
CONTINUOUS
10
5.4909912204724405
20
-3.1586380708661417
11
5.4902204724409449
21
-3.1537716535433069
0
LINE
8
BLACK
6
CONTINUOUS
10
5.4902204724409449
20
-3.1537716535433069
11
5.4902204724409449
21
-3.1262125984251967
0
LINE
8
BLACK
6
CONTINUOUS
10
5.4902204724409449
20
-3.1262125984251967
11
5.4909912204724405
21
-3.1213461811023619
0
LINE
8
BLACK
6
CONTINUOUS
10
5.4909912204724405
20
-3.1213461811023619
11
5.4932280708661416
21
-3.1169561417322833
0
LINE
8
BLACK
6
CONTINUOUS
10
5.4932280708661416
20
-3.1169561417322833
11
5.4967120472440945
21
-3.1134721653543305
0
LINE
8
BLACK
6
CONTINUOUS
10
5.4967120472440945
20
-3.1134721653543305
11
5.5011020866141731
21
-3.1112353149606298
0
LINE
8
BLACK
6
CONTINUOUS
10
5.5011020866141731
20
-3.1112353149606298
11
5.5059685039370079
21
-3.1104645669291338
0
LINE
8
BLACK
6
CONTINUOUS
10
5.5059685039370079
20
-3.1104645669291338
11
5.5571496062992125
21
-3.1104645669291338
0
LINE
8
BLACK
6
CONTINUOUS
10
5.5571496062992125
20
-3.1104645669291338
11
5.5620160236220473
21
-3.1112353149606298
0
LINE
8
BLACK
6
CONTINUOUS
10
5.7194963385826769
20
-3.1112353149606298
11
5.7238863779527556
21
-3.1134721653543305
0
LINE
8
BLACK
6
CONTINUOUS
10
5.7238863779527556
20
-3.1134721653543305
11
5.7273703543307084
21
-3.1169561417322833
0
LINE
8
BLACK
6
CONTINUOUS
10
5.7273703543307084
20
-3.1169561417322833
11
5.7296072047244095
21
-3.1213461811023619
0
LINE
8
BLACK
6
CONTINUOUS
10
5.7296072047244095
20
-3.1213461811023619
11
5.7303779527559051
21
-3.1262125984251967
0
LINE
8
BLACK
6
CONTINUOUS
10
5.7303779527559051
20
-3.1262125984251967
11
5.7303779527559051
21
-3.1537716535433069
0
LINE
8
BLACK
6
CONTINUOUS
10
5.7303779527559051
20
-3.1537716535433069
11
5.7296072047244095
21
-3.1586380708661417
0
LINE
8
BLACK
6
CONTINUOUS
10
5.7296072047244095
20
-3.1586380708661417
11
5.7273703543307084
21
-3.1630281102362203
0
LINE
8
BLACK
6
CONTINUOUS
10
5.7273703543307084
20
-3.1630281102362203
11
5.7238863779527556
21
-3.1665120866141732
0
LINE
8
BLACK
6
CONTINUOUS
10
5.7238863779527556
20
-3.1665120866141732
11
5.7194963385826769
21
-3.1687489370078739
0
LINE
8
BLACK
6
CONTINUOUS
10
5.7194963385826769
20
-3.1687489370078739
11
5.7146299212598421
21
-3.1695196850393699
0
LINE
8
BLACK
6
CONTINUOUS
10
5.7146299212598421
20
-3.1695196850393699
11
5.6634488188976375
21
-3.1695196850393699
0
LINE
8
BLACK
6
CONTINUOUS
10
5.6634488188976375
20
-3.1695196850393699
11
5.6585824015748027
21
-3.1687489370078739
0
LINE
8
BLACK
6
CONTINUOUS
10
5.6585824015748027
20
-3.1687489370078739
11
5.6541923622047241
21
-3.1665120866141732
0
LINE
8
BLACK
6
CONTINUOUS
10
5.6541923622047241
20
-3.1665120866141732
11
5.6507083858267713
21
-3.1630281102362203
0
LINE
8
BLACK
6
CONTINUOUS
10
5.6507083858267713
20
-3.1630281102362203
11
5.648471535433071
21
-3.1586380708661417
0
LINE
8
BLACK
6
CONTINUOUS
10
5.648471535433071
20
-3.1586380708661417
11
5.6477007874015746
21
-3.1537716535433069
0
LINE
8
BLACK
6
CONTINUOUS
10
5.6477007874015746
20
-3.1537716535433069
11
5.6477007874015746
21
-3.1262125984251967
0
LINE
8
BLACK
6
CONTINUOUS
10
5.6477007874015746
20
-3.1262125984251967
11
5.648471535433071
21
-3.1213461811023619
0
LINE
8
BLACK
6
CONTINUOUS
10
5.648471535433071
20
-3.1213461811023619
11
5.6507083858267713
21
-3.1169561417322833
0
LINE
8
BLACK
6
CONTINUOUS
10
5.6507083858267713
20
-3.1169561417322833
11
5.6541923622047241
21
-3.1134721653543305
0
LINE
8
BLACK
6
CONTINUOUS
10
5.6541923622047241
20
-3.1134721653543305
11
5.6585824015748027
21
-3.1112353149606298
0
LINE
8
BLACK
6
CONTINUOUS
10
5.6585824015748027
20
-3.1112353149606298
11
5.6634488188976375
21
-3.1104645669291338
0
LINE
8
BLACK
6
CONTINUOUS
10
5.6634488188976375
20
-3.1104645669291338
11
5.7146299212598421
21
-3.1104645669291338
0
LINE
8
BLACK
6
CONTINUOUS
10
5.7146299212598421
20
-3.1104645669291338
11
5.7194963385826769
21
-3.1112353149606298
0
LINE
8
BLACK
6
CONTINUOUS
10
5.8383137007874017
20
-2.892222244094488
11
5.8471269685039369
21
-2.895085866141732
0
LINE
8
BLACK
6
CONTINUOUS
10
5.8471269685039369
20
-2.895085866141732
11
5.8553837795275587
21
-2.8992929133858265
0
LINE
8
BLACK
6
CONTINUOUS
10
5.8553837795275587
20
-2.8992929133858265
11
5.8628807874015747
21
-2.9047398031496061
0
LINE
8
BLACK
6
CONTINUOUS
10
5.8628807874015747
20
-2.9047398031496061
11
5.8694334251968501
21
-2.9112924409448819
0
LINE
8
BLACK
6
CONTINUOUS
10
5.8694334251968501
20
-2.9112924409448819
11
5.8748803149606301
21
-2.9187894488188975
0
LINE
8
BLACK
6
CONTINUOUS
10
5.8748803149606301
20
-2.9187894488188975
11
5.8790873622047242
21
-2.9270462598425198
0
LINE
8
BLACK
6
CONTINUOUS
10
5.8790873622047242
20
-2.9270462598425198
11
5.8819509842519686
21
-2.9358595275590549
0
LINE
8
BLACK
6
CONTINUOUS
10
5.8819509842519686
20
-2.9358595275590549
11
5.88340062992126
21
-2.9450122440944879
0
LINE
8
BLACK
6
CONTINUOUS
10
5.88340062992126
20
-2.9450122440944879
11
5.88340062992126
21
-2.950748031496063
0
LINE
8
BLACK
6
CONTINUOUS
10
5.88340062992126
20
-2.950748031496063
11
6.159355275590551
21
-2.950748031496063
0
LINE
8
BLACK
6
CONTINUOUS
10
6.159355275590551
20
-2.950748031496063
11
6.159355275590551
21
-2.9450122440944879
0
LINE
8
BLACK
6
CONTINUOUS
10
6.159355275590551
20
-2.9450122440944879
11
6.1608049212598424
21
-2.9358595275590549
0
LINE
8
BLACK
6
CONTINUOUS
10
6.1608049212598424
20
-2.9358595275590549
11
6.1636685433070868
21
-2.9270462598425198
0
LINE
8
BLACK
6
CONTINUOUS
10
6.1636685433070868
20
-2.9270462598425198
11
6.1678755905511808
21
-2.9187894488188975
0
LINE
8
BLACK
6
CONTINUOUS
10
6.1678755905511808
20
-2.9187894488188975
11
6.1733224803149609
21
-2.9112924409448819
0
LINE
8
BLACK
6
CONTINUOUS
10
6.1733224803149609
20
-2.9112924409448819
11
6.1798751181102363
21
-2.9047398031496061
0
LINE
8
BLACK
6
CONTINUOUS
10
6.1798751181102363
20
-2.9047398031496061
11
6.1873721259842522
21
-2.8992929133858265
0
LINE
8
BLACK
6
CONTINUOUS
10
6.1873721259842522
20
-2.8992929133858265
11
6.1956289370078741
21
-2.895085866141732
0
LINE
8
BLACK
6
CONTINUOUS
10
6.1956289370078741
20
-2.895085866141732
11
6.2044422047244092
21
-2.892222244094488
0
LINE
8
BLACK
6
CONTINUOUS
10
6.2044422047244092
20
-2.892222244094488
11
6.2135949212598423
21
-2.8907725984251966
0
LINE
8
BLACK
6
CONTINUOUS
10
6.2135949212598423
20
-2.8907725984251966
11
6.2228617716535428
21
-2.8907725984251966
0
LINE
8
BLACK
6
CONTINUOUS
10
6.2228617716535428
20
-2.8907725984251966
11
6.2320144881889759
21
-2.892222244094488
0
LINE
8
BLACK
6
CONTINUOUS
10
6.2320144881889759
20
-2.892222244094488
11
6.2408277559055119
21
-2.895085866141732
0
LINE
8
BLACK
6
CONTINUOUS
10
6.2408277559055119
20
-2.895085866141732
11
6.2490845669291337
21
-2.8992929133858265
0
LINE
8
BLACK
6
CONTINUOUS
10
6.2490845669291337
20
-2.8992929133858265
11
6.2565815748031497
21
-2.9047398031496061
0
LINE
8
BLACK
6
CONTINUOUS
10
6.2565815748031497
20
-2.9047398031496061
11
6.2631342125984251
21
-2.9112924409448819
0
LINE
8
BLACK
6
CONTINUOUS
10
6.2631342125984251
20
-2.9112924409448819
11
6.2685811023622042
21
-2.9187894488188975
0
LINE
8
BLACK
6
CONTINUOUS
10
6.2685811023622042
20
-2.9187894488188975
11
6.2727881496062992
21
-2.9270462598425198
0
LINE
8
BLACK
6
CONTINUOUS
10
6.2727881496062992
20
-2.9270462598425198
11
6.2756517716535436
21
-2.9358595275590549
0
LINE
8
BLACK
6
CONTINUOUS
10
6.2756517716535436
20
-2.9358595275590549
11
6.2771014173228341
21
-2.9450122440944879
0
LINE
8
BLACK
6
CONTINUOUS
10
6.2771014173228341
20
-2.9450122440944879
11
6.2771014173228341
21
-2.950748031496063
0
LINE
8
BLACK
6
CONTINUOUS
10
6.2771014173228341
20
-2.950748031496063
11
6.553056062992126
21
-2.950748031496063
0
LINE
8
BLACK
6
CONTINUOUS
10
6.553056062992126
20
-2.950748031496063
11
6.553056062992126
21
-2.9450122440944879
0
LINE
8
BLACK
6
CONTINUOUS
10
6.553056062992126
20
-2.9450122440944879
11
6.5545057086614174
21
-2.9358595275590549
0
LINE
8
BLACK
6
CONTINUOUS
10
6.5545057086614174
20
-2.9358595275590549
11
6.5573693307086609
21
-2.9270462598425198
0
LINE
8
BLACK
6
CONTINUOUS
10
6.5573693307086609
20
-2.9270462598425198
11
6.5615763779527558
21
-2.9187894488188975
0
LINE
8
BLACK
6
CONTINUOUS
10
6.5615763779527558
20
-2.9187894488188975
11
6.567023267716535
21
-2.9112924409448819
0
LINE
8
BLACK
6
CONTINUOUS
10
6.567023267716535
20
-2.9112924409448819
11
6.5735759055118113
21
-2.9047398031496061
0
LINE
8
BLACK
6
CONTINUOUS
10
6.5735759055118113
20
-2.9047398031496061
11
6.5810729133858263
21
-2.8992929133858265
0
LINE
8
BLACK
6
CONTINUOUS
10
6.5810729133858263
20
-2.8992929133858265
11
6.5893297244094491
21
-2.895085866141732
0
LINE
8
BLACK
6
CONTINUOUS
10
6.5893297244094491
20
-2.895085866141732
11
6.5981429921259842
21
-2.892222244094488
0
LINE
8
BLACK
6
CONTINUOUS
10
6.5981429921259842
20
-2.892222244094488
11
6.6072957086614172
21
-2.8907725984251966
0
LINE
8
BLACK
6
CONTINUOUS
10
6.6072957086614172
20
-2.8907725984251966
11
6.6165625590551178
21
-2.8907725984251966
0
LINE
8
BLACK
6
CONTINUOUS
10
6.6165625590551178
20
-2.8907725984251966
11
6.6257152755905508
21
-2.892222244094488
0
LINE
8
BLACK
6
CONTINUOUS
10
6.6257152755905508
20
-2.892222244094488
11
6.6345285433070869
21
-2.895085866141732
0
LINE
8
BLACK
6
CONTINUOUS
10
6.6345285433070869
20
-2.895085866141732
11
6.6427853543307087
21
-2.8992929133858265
0
LINE
8
BLACK
6
CONTINUOUS
10
6.6427853543307087
20
-2.8992929133858265
11
6.6502823622047247
21
-2.9047398031496061
0
LINE
8
BLACK
6
CONTINUOUS
10
6.6502823622047247
20
-2.9047398031496061
11
6.6568350000000001
21
-2.9112924409448819
0
LINE
8
BLACK
6
CONTINUOUS
10
6.6568350000000001
20
-2.9112924409448819
11
6.6622818897637792
21
-2.9187894488188975
0
LINE
8
BLACK
6
CONTINUOUS
10
6.6622818897637792
20
-2.9187894488188975
11
6.6664889370078741
21
-2.9270462598425198
0
LINE
8
BLACK
6
CONTINUOUS
10
6.6664889370078741
20
-2.9270462598425198
11
6.6693525590551177
21
-2.9358595275590549
0
LINE
8
BLACK
6
CONTINUOUS
10
6.6693525590551177
20
-2.9358595275590549
11
6.6708022047244091
21
-2.9450122440944879
0
LINE
8
BLACK
6
CONTINUOUS
10
6.6708022047244091
20
-2.9450122440944879
11
6.6708022047244091
21
-2.950748031496063
0
LINE
8
BLACK
6
CONTINUOUS
10
6.6708022047244091
20
-2.950748031496063
11
6.9013095275590546
21
-2.950748031496063
0
LINE
8
BLACK
6
CONTINUOUS
10
6.9013095275590546
20
-2.950748031496063
11
6.9039914566929133
21
-2.9515355118110236
0
LINE
8
BLACK
6
CONTINUOUS
10
6.9039914566929133
20
-2.9515355118110236
11
6.9058218897637795
21
-2.9536479527559054
0
LINE
8
BLACK
6
CONTINUOUS
10
6.9058218897637795
20
-2.9536479527559054
11
6.9062700787401576
21
-2.9557376377952753
0
LINE
8
BLACK
6
CONTINUOUS
10
6.9062700787401576
20
-2.9557376377952753
11
6.905448897637795
21
-3.0962992125984252
0
LINE
8
BLACK
6
CONTINUOUS
10
6.905448897637795
20
-3.0962992125984252
11
6.9091732283464564
21
-3.0962992125984252
0
LINE
8
BLACK
6
CONTINUOUS
10
6.9091732283464564
20
-3.0962992125984252
11
6.9121259842519684
21
-3.0970903937007872
0
LINE
8
BLACK
6
CONTINUOUS
10
6.9121259842519684
20
-3.0970903937007872
11
6.9142875590551176
21
-3.0992519685039368
0
LINE
8
BLACK
6
CONTINUOUS
10
6.9142875590551176
20
-3.0992519685039368
11
6.9150787401574805
21
-3.1022047244094488
0
LINE
8
BLACK
6
CONTINUOUS
10
6.9150787401574805
20
-3.1022047244094488
11
6.9150787401574805
21
-3.145511811023622
0
LINE
8
BLACK
6
CONTINUOUS
10
6.9150787401574805
20
-3.145511811023622
11
6.9142875590551176
21
-3.1484645669291336
0
LINE
8
BLACK
6
CONTINUOUS
10
6.9142875590551176
20
-3.1484645669291336
11
6.9121259842519684
21
-3.1506261417322836
0
LINE
8
BLACK
6
CONTINUOUS
10
6.9121259842519684
20
-3.1506261417322836
11
6.9091732283464564
21
-3.1514173228346456
0
LINE
8
BLACK
6
CONTINUOUS
10
6.9091732283464564
20
-3.1514173228346456
11
6.6611417322834647
21
-3.1514173228346456
0
LINE
8
BLACK
6
CONTINUOUS
10
6.6611417322834647
20
-3.1514173228346456
11
6.6611417322834647
21
-3.1612598425196849
0
LINE
8
BLACK
6
CONTINUOUS
10
6.6611417322834647
20
-3.1612598425196849
11
6.6603505511811019
21
-3.164212598425197
0
LINE
8
BLACK
6
CONTINUOUS
10
6.6603505511811019
20
-3.164212598425197
11
6.6581889763779527
21
-3.1663741732283466
0
LINE
8
BLACK
6
CONTINUOUS
10
6.6581889763779527
20
-3.1663741732283466
11
6.6552362204724407
21
-3.1671653543307086
0
LINE
8
BLACK
6
CONTINUOUS
10
6.6552362204724407
20
-3.1671653543307086
11
6.5233464566929129
21
-3.1671653543307086
0
LINE
8
BLACK
6
CONTINUOUS
10
6.5233464566929129
20
-3.1671653543307086
11
6.5203937007874018
21
-3.1663741732283466
0
LINE
8
BLACK
6
CONTINUOUS
10
6.5203937007874018
20
-3.1663741732283466
11
6.5182321259842517
21
-3.164212598425197
0
LINE
8
BLACK
6
CONTINUOUS
10
6.5182321259842517
20
-3.164212598425197
11
6.5174409448818897
21
-3.1612598425196849
0
LINE
8
BLACK
6
CONTINUOUS
10
6.5174409448818897
20
-3.1612598425196849
11
6.5174409448818897
21
-3.1057480314960628
0
LINE
8
BLACK
6
CONTINUOUS
10
6.5174409448818897
20
-3.1057480314960628
11
5.7603543307086609
21
-3.1057480314960628
0
LINE
8
BLACK
6
CONTINUOUS
10
5.7603543307086609
20
-3.1057480314960628
11
5.7576724015748031
21
-3.1049605511811023
0
LINE
8
BLACK
6
CONTINUOUS
10
5.7576724015748031
20
-3.1049605511811023
11
5.7558419685039368
21
-3.1028481102362204
0
LINE
8
BLACK
6
CONTINUOUS
10
5.7558419685039368
20
-3.1028481102362204
11
5.7553937007874012
21
-3.1007874015748031
0
LINE
8
BLACK
6
CONTINUOUS
10
5.7553937007874012
20
-3.1007874015748031
11
5.7553937007874012
21
-2.9557086614173227
0
LINE
8
BLACK
6
CONTINUOUS
10
5.7553937007874012
20
-2.9557086614173227
11
5.7561811811023622
21
-2.9530267322834645
0
LINE
8
BLACK
6
CONTINUOUS
10
5.7561811811023622
20
-2.9530267322834645
11
5.758293622047244
21
-2.9511962992125982
0
LINE
8
BLACK
6
CONTINUOUS
10
5.758293622047244
20
-2.9511962992125982
11
5.7603543307086609
21
-2.950748031496063
0
LINE
8
BLACK
6
CONTINUOUS
10
5.7603543307086609
20
-2.950748031496063
11
5.765654488188976
21
-2.950748031496063
0
LINE
8
BLACK
6
CONTINUOUS
10
5.765654488188976
20
-2.950748031496063
11
5.765654488188976
21
-2.9450122440944879
0
LINE
8
BLACK
6
CONTINUOUS
10
5.765654488188976
20
-2.9450122440944879
11
5.7671041338582674
21
-2.9358595275590549
0
LINE
8
BLACK
6
CONTINUOUS
10
5.7671041338582674
20
-2.9358595275590549
11
5.7699677559055118
21
-2.9270462598425198
0
LINE
8
BLACK
6
CONTINUOUS
10
5.7699677559055118
20
-2.9270462598425198
11
5.7741748031496059
21
-2.9187894488188975
0
LINE
8
BLACK
6
CONTINUOUS
10
5.7741748031496059
20
-2.9187894488188975
11
5.7796216929133859
21
-2.9112924409448819
0
LINE
8
BLACK
6
CONTINUOUS
10
5.7796216929133859
20
-2.9112924409448819
11
5.7861743307086613
21
-2.9047398031496061
0
LINE
8
BLACK
6
CONTINUOUS
10
5.7861743307086613
20
-2.9047398031496061
11
5.7936713385826772
21
-2.8992929133858265
0
LINE
8
BLACK
6
CONTINUOUS
10
5.7936713385826772
20
-2.8992929133858265
11
5.8019281496062991
21
-2.895085866141732
0
LINE
8
BLACK
6
CONTINUOUS
10
5.8019281496062991
20
-2.895085866141732
11
5.8107414173228342
21
-2.892222244094488
0
LINE
8
BLACK
6
CONTINUOUS
10
5.8107414173228342
20
-2.892222244094488
11
5.8198941338582673
21
-2.8907725984251966
0
LINE
8
BLACK
6
CONTINUOUS
10
5.8198941338582673
20
-2.8907725984251966
11
5.8291609842519687
21
-2.8907725984251966
0
LINE
8
BLACK
6
CONTINUOUS
10
5.8291609842519687
20
-2.8907725984251966
11
5.8383137007874017
21
-2.892222244094488
0
LINE
8
BLACK
6
CONTINUOUS
10
6.0358583070866141
20
-3.1117555118110234
11
6.0402245669291341
21
-3.1138900393700788
0
LINE
8
BLACK
6
CONTINUOUS
10
6.0402245669291341
20
-3.1138900393700788
11
6.043661141732283
21
-3.1173266141732281
0
LINE
8
BLACK
6
CONTINUOUS
10
6.043661141732283
20
-3.1173266141732281
11
6.0457956692913388
21
-3.1216928740157481
0
LINE
8
BLACK
6
CONTINUOUS
10
6.0457956692913388
20
-3.1216928740157481
11
6.0464094488188973
21
-3.1259055118110237
0
LINE
8
BLACK
6
CONTINUOUS
10
6.0464094488188973
20
-3.1259055118110237
11
6.0464094488188973
21
-3.1455905511811024
0
LINE
8
BLACK
6
CONTINUOUS
10
6.0464094488188973
20
-3.1455905511811024
11
6.0457956692913388
21
-3.149803188976378
0
LINE
8
BLACK
6
CONTINUOUS
10
6.0457956692913388
20
-3.149803188976378
11
6.043661141732283
21
-3.1541694488188976
0
LINE
8
BLACK
6
CONTINUOUS
10
6.043661141732283
20
-3.1541694488188976
11
6.0402245669291341
21
-3.1576060236220473
0
LINE
8
BLACK
6
CONTINUOUS
10
6.0402245669291341
20
-3.1576060236220473
11
6.0358583070866141
21
-3.1597405511811023
0
LINE
8
BLACK
6
CONTINUOUS
10
6.0358583070866141
20
-3.1597405511811023
11
6.0316456692913381
21
-3.1603543307086612
0
LINE
8
BLACK
6
CONTINUOUS
10
6.0316456692913381
20
-3.1603543307086612
11
6.0139291338582677
21
-3.1603543307086612
0
LINE
8
BLACK
6
CONTINUOUS
10
6.0139291338582677
20
-3.1603543307086612
11
6.0097164960629916
21
-3.1597405511811023
0
LINE
8
BLACK
6
CONTINUOUS
10
6.0097164960629916
20
-3.1597405511811023
11
6.0053502362204725
21
-3.1576060236220473
0
LINE
8
BLACK
6
CONTINUOUS
10
6.0053502362204725
20
-3.1576060236220473
11
6.0019136614173227
21
-3.1541694488188976
0
LINE
8
BLACK
6
CONTINUOUS
10
6.0019136614173227
20
-3.1541694488188976
11
5.9997791338582678
21
-3.149803188976378
0
LINE
8
BLACK
6
CONTINUOUS
10
5.9997791338582678
20
-3.149803188976378
11
5.9991653543307084
21
-3.1455905511811024
0
LINE
8
BLACK
6
CONTINUOUS
10
5.9991653543307084
20
-3.1455905511811024
11
5.9991653543307084
21
-3.1259055118110237
0
LINE
8
BLACK
6
CONTINUOUS
10
5.9991653543307084
20
-3.1259055118110237
11
5.9997791338582678
21
-3.1216928740157481
0
LINE
8
BLACK
6
CONTINUOUS
10
5.9997791338582678
20
-3.1216928740157481
11
6.0019136614173227
21
-3.1173266141732281
0
LINE
8
BLACK
6
CONTINUOUS
10
6.0019136614173227
20
-3.1173266141732281
11
6.0053502362204725
21
-3.1138900393700788
0
LINE
8
BLACK
6
CONTINUOUS
10
6.0053502362204725
20
-3.1138900393700788
11
6.0097164960629916
21
-3.1117555118110234
0
LINE
8
BLACK
6
CONTINUOUS
10
6.0097164960629916
20
-3.1117555118110234
11
6.0139291338582677
21
-3.1111417322834645
0
LINE
8
BLACK
6
CONTINUOUS
10
6.0139291338582677
20
-3.1111417322834645
11
6.0316456692913381
21
-3.1111417322834645
0
LINE
8
BLACK
6
CONTINUOUS
10
6.0316456692913381
20
-3.1111417322834645
11
6.0358583070866141
21
-3.1117555118110234
0
LINE
8
BLACK
6
CONTINUOUS
10
6.0968819291338585
20
-3.1117555118110234
11
6.1012481889763777
21
-3.1138900393700788
0
LINE
8
BLACK
6
CONTINUOUS
10
6.1012481889763777
20
-3.1138900393700788
11
6.1046847637795274
21
-3.1173266141732281
0
LINE
8
BLACK
6
CONTINUOUS
10
6.1046847637795274
20
-3.1173266141732281
11
6.1068192913385824
21
-3.1216928740157481
0
LINE
8
BLACK
6
CONTINUOUS
10
6.1068192913385824
20
-3.1216928740157481
11
6.1074330708661417
21
-3.1259055118110237
0
LINE
8
BLACK
6
CONTINUOUS
10
6.1074330708661417
20
-3.1259055118110237
11
6.1074330708661417
21
-3.1455905511811024
0
LINE
8
BLACK
6
CONTINUOUS
10
6.1074330708661417
20
-3.1455905511811024
11
6.1068192913385824
21
-3.149803188976378
0
LINE
8
BLACK
6
CONTINUOUS
10
6.1068192913385824
20
-3.149803188976378
11
6.1046847637795274
21
-3.1541694488188976
0
LINE
8
BLACK
6
CONTINUOUS
10
6.1046847637795274
20
-3.1541694488188976
11
6.1012481889763777
21
-3.1576060236220473
0
LINE
8
BLACK
6
CONTINUOUS
10
6.1012481889763777
20
-3.1576060236220473
11
6.0968819291338585
21
-3.1597405511811023
0
LINE
8
BLACK
6
CONTINUOUS
10
6.0968819291338585
20
-3.1597405511811023
11
6.0926692913385825
21
-3.1603543307086612
0
LINE
8
BLACK
6
CONTINUOUS
10
6.0926692913385825
20
-3.1603543307086612
11
6.0749527559055121
21
-3.1603543307086612
0
LINE
8
BLACK
6
CONTINUOUS
10
6.0749527559055121
20
-3.1603543307086612
11
6.0707401181102361
21
-3.1597405511811023
0
LINE
8
BLACK
6
CONTINUOUS
10
6.0707401181102361
20
-3.1597405511811023
11
6.066373858267716
21
-3.1576060236220473
0
LINE
8
BLACK
6
CONTINUOUS
10
6.066373858267716
20
-3.1576060236220473
11
6.0629372834645672
21
-3.1541694488188976
0
LINE
8
BLACK
6
CONTINUOUS
10
6.0629372834645672
20
-3.1541694488188976
11
6.0608027559055113
21
-3.149803188976378
0
LINE
8
BLACK
6
CONTINUOUS
10
6.0608027559055113
20
-3.149803188976378
11
6.0601889763779528
21
-3.1455905511811024
0
LINE
8
BLACK
6
CONTINUOUS
10
6.0601889763779528
20
-3.1455905511811024
11
6.0601889763779528
21
-3.1259055118110237
0
LINE
8
BLACK
6
CONTINUOUS
10
6.0601889763779528
20
-3.1259055118110237
11
6.0608027559055113
21
-3.1216928740157481
0
LINE
8
BLACK
6
CONTINUOUS
10
6.0608027559055113
20
-3.1216928740157481
11
6.0629372834645672
21
-3.1173266141732281
0
LINE
8
BLACK
6
CONTINUOUS
10
6.0629372834645672
20
-3.1173266141732281
11
6.066373858267716
21
-3.1138900393700788
0
LINE
8
BLACK
6
CONTINUOUS
10
6.066373858267716
20
-3.1138900393700788
11
6.0707401181102361
21
-3.1117555118110234
0
LINE
8
BLACK
6
CONTINUOUS
10
6.0707401181102361
20
-3.1117555118110234
11
6.0749527559055121
21
-3.1111417322834645
0
LINE
8
BLACK
6
CONTINUOUS
10
6.0749527559055121
20
-3.1111417322834645
11
6.0926692913385825
21
-3.1111417322834645
0
LINE
8
BLACK
6
CONTINUOUS
10
6.0926692913385825
20
-3.1111417322834645
11
6.0968819291338585
21
-3.1117555118110234
0
LINE
8
BLACK
6
CONTINUOUS
10
5.1417418897637797
20
-3.0973687401574801
11
5.1459947637795276
21
-3.0995356692913387
0
LINE
8
BLACK
6
CONTINUOUS
10
5.1459947637795276
20
-3.0995356692913387
11
5.1493698425196852
21
-3.1029107480314959
0
LINE
8
BLACK
6
CONTINUOUS
10
5.1493698425196852
20
-3.1029107480314959
11
5.151536771653543
21
-3.1071636220472438
0
LINE
8
BLACK
6
CONTINUOUS
10
5.151536771653543
20
-3.1071636220472438
11
5.1522834645669287
21
-3.1118779527559055
0
LINE
8
BLACK
6
CONTINUOUS
10
5.1522834645669287
20
-3.1118779527559055
11
5.1522834645669287
21
-3.1345157480314958
0
LINE
8
BLACK
6
CONTINUOUS
10
5.1522834645669287
20
-3.1345157480314958
11
5.151536771653543
21
-3.1392300787401575
0
LINE
8
BLACK
6
CONTINUOUS
10
5.151536771653543
20
-3.1392300787401575
11
5.1493698425196852
21
-3.1434829527559054
0
LINE
8
BLACK
6
CONTINUOUS
10
5.1493698425196852
20
-3.1434829527559054
11
5.1459947637795276
21
-3.146858031496063
0
LINE
8
BLACK
6
CONTINUOUS
10
5.1459947637795276
20
-3.146858031496063
11
5.1417418897637797
21
-3.1490249606299212
0
LINE
8
BLACK
6
CONTINUOUS
10
5.1417418897637797
20
-3.1490249606299212
11
5.1370275590551184
21
-3.1497716535433069
0
LINE
8
BLACK
6
CONTINUOUS
10
5.1370275590551184
20
-3.1497716535433069
11
5.1183267716535434
21
-3.1497716535433069
0
LINE
8
BLACK
6
CONTINUOUS
10
5.1183267716535434
20
-3.1497716535433069
11
5.1136124409448822
21
-3.1490249606299212
0
LINE
8
BLACK
6
CONTINUOUS
10
5.1136124409448822
20
-3.1490249606299212
11
5.1093595669291334
21
-3.146858031496063
0
LINE
8
BLACK
6
CONTINUOUS
10
5.1093595669291334
20
-3.146858031496063
11
5.1059844881889767
21
-3.1434829527559054
0
LINE
8
BLACK
6
CONTINUOUS
10
5.1059844881889767
20
-3.1434829527559054
11
5.103817559055118
21
-3.1392300787401575
0
LINE
8
BLACK
6
CONTINUOUS
10
5.103817559055118
20
-3.1392300787401575
11
5.1030708661417323
21
-3.1345157480314958
0
LINE
8
BLACK
6
CONTINUOUS
10
5.1030708661417323
20
-3.1345157480314958
11
5.1030708661417323
21
-3.1118779527559055
0
LINE
8
BLACK
6
CONTINUOUS
10
5.1030708661417323
20
-3.1118779527559055
11
5.103817559055118
21
-3.1071636220472438
0
LINE
8
BLACK
6
CONTINUOUS
10
5.103817559055118
20
-3.1071636220472438
11
5.1059844881889767
21
-3.1029107480314959
0
LINE
8
BLACK
6
CONTINUOUS
10
5.1059844881889767
20
-3.1029107480314959
11
5.1093595669291334
21
-3.0995356692913387
0
LINE
8
BLACK
6
CONTINUOUS
10
5.1093595669291334
20
-3.0995356692913387
11
5.1136124409448822
21
-3.0973687401574801
0
LINE
8
BLACK
6
CONTINUOUS
10
5.1136124409448822
20
-3.0973687401574801
11
5.1183267716535434
21
-3.0966220472440944
0
LINE
8
BLACK
6
CONTINUOUS
10
5.1183267716535434
20
-3.0966220472440944
11
5.1370275590551184
21
-3.0966220472440944
0
LINE
8
BLACK
6
CONTINUOUS
10
5.1370275590551184
20
-3.0966220472440944
11
5.1417418897637797
21
-3.0973687401574801
0
LINE
8
BLACK
6
CONTINUOUS
10
5.2204820472440945
20
-3.0973687401574801
11
5.2247349212598424
21
-3.0995356692913387
0
LINE
8
BLACK
6
CONTINUOUS
10
5.2247349212598424
20
-3.0995356692913387
11
5.22811
21
-3.1029107480314959
0
LINE
8
BLACK
6
CONTINUOUS
10
5.22811
20
-3.1029107480314959
11
5.2302769291338578
21
-3.1071636220472438
0
LINE
8
BLACK
6
CONTINUOUS
10
5.2302769291338578
20
-3.1071636220472438
11
5.2310236220472444
21
-3.1118779527559055
0
LINE
8
BLACK
6
CONTINUOUS
10
5.2310236220472444
20
-3.1118779527559055
11
5.2310236220472444
21
-3.1345157480314958
0
LINE
8
BLACK
6
CONTINUOUS
10
5.2310236220472444
20
-3.1345157480314958
11
5.2302769291338578
21
-3.1392300787401575
0
LINE
8
BLACK
6
CONTINUOUS
10
5.2302769291338578
20
-3.1392300787401575
11
5.22811
21
-3.1434829527559054
0
LINE
8
BLACK
6
CONTINUOUS
10
5.22811
20
-3.1434829527559054
11
5.2247349212598424
21
-3.146858031496063
0
LINE
8
BLACK
6
CONTINUOUS
10
5.2247349212598424
20
-3.146858031496063
11
5.2204820472440945
21
-3.1490249606299212
0
LINE
8
BLACK
6
CONTINUOUS
10
5.2204820472440945
20
-3.1490249606299212
11
5.2157677165354333
21
-3.1497716535433069
0
LINE
8
BLACK
6
CONTINUOUS
10
5.2157677165354333
20
-3.1497716535433069
11
5.1970669291338583
21
-3.1497716535433069
0
LINE
8
BLACK
6
CONTINUOUS
10
5.1970669291338583
20
-3.1497716535433069
11
5.192352598425197
21
-3.1490249606299212
0
LINE
8
BLACK
6
CONTINUOUS
10
5.192352598425197
20
-3.1490249606299212
11
5.1880997244094491
21
-3.146858031496063
0
LINE
8
BLACK
6
CONTINUOUS
10
5.1880997244094491
20
-3.146858031496063
11
5.1847246456692915
21
-3.1434829527559054
0
LINE
8
BLACK
6
CONTINUOUS
10
5.1847246456692915
20
-3.1434829527559054
11
5.1825577165354328
21
-3.1392300787401575
0
LINE
8
BLACK
6
CONTINUOUS
10
5.1825577165354328
20
-3.1392300787401575
11
5.1818110236220472
21
-3.1345157480314958
0
LINE
8
BLACK
6
CONTINUOUS
10
5.1818110236220472
20
-3.1345157480314958
11
5.1818110236220472
21
-3.1118779527559055
0
LINE
8
BLACK
6
CONTINUOUS
10
5.1818110236220472
20
-3.1118779527559055
11
5.1825577165354328
21
-3.1071636220472438
0
LINE
8
BLACK
6
CONTINUOUS
10
5.1825577165354328
20
-3.1071636220472438
11
5.1847246456692915
21
-3.1029107480314959
0
LINE
8
BLACK
6
CONTINUOUS
10
5.1847246456692915
20
-3.1029107480314959
11
5.1880997244094491
21
-3.0995356692913387
0
LINE
8
BLACK
6
CONTINUOUS
10
5.1880997244094491
20
-3.0995356692913387
11
5.192352598425197
21
-3.0973687401574801
0
LINE
8
BLACK
6
CONTINUOUS
10
5.192352598425197
20
-3.0973687401574801
11
5.1970669291338583
21
-3.0966220472440944
0
LINE
8
BLACK
6
CONTINUOUS
10
5.1970669291338583
20
-3.0966220472440944
11
5.2157677165354333
21
-3.0966220472440944
0
LINE
8
BLACK
6
CONTINUOUS
10
5.2157677165354333
20
-3.0966220472440944
11
5.2204820472440945
21
-3.0973687401574801
0
LINE
8
BLACK
6
CONTINUOUS
10
5.1417418897637797
20
-3.0284711023622046
11
5.1459947637795276
21
-3.0306380314960628
0
LINE
8
BLACK
6
CONTINUOUS
10
5.1459947637795276
20
-3.0306380314960628
11
5.1493698425196852
21
-3.0340131102362204
0
LINE
8
BLACK
6
CONTINUOUS
10
5.1493698425196852
20
-3.0340131102362204
11
5.151536771653543
21
-3.0382659842519684
0
LINE
8
BLACK
6
CONTINUOUS
10
5.151536771653543
20
-3.0382659842519684
11
5.1522834645669287
21
-3.04298031496063
0
LINE
8
BLACK
6
CONTINUOUS
10
5.1522834645669287
20
-3.04298031496063
11
5.1522834645669287
21
-3.0656181102362203
0
LINE
8
BLACK
6
CONTINUOUS
10
5.1522834645669287
20
-3.0656181102362203
11
5.151536771653543
21
-3.070332440944882
0
LINE
8
BLACK
6
CONTINUOUS
10
5.151536771653543
20
-3.070332440944882
11
5.1493698425196852
21
-3.0745853149606299
0
LINE
8
BLACK
6
CONTINUOUS
10
5.1493698425196852
20
-3.0745853149606299
11
5.1459947637795276
21
-3.0779603937007871
0
LINE
8
BLACK
6
CONTINUOUS
10
5.1459947637795276
20
-3.0779603937007871
11
5.1417418897637797
21
-3.0801273228346457
0
LINE
8
BLACK
6
CONTINUOUS
10
5.1417418897637797
20
-3.0801273228346457
11
5.1370275590551184
21
-3.0808740157480314
0
LINE
8
BLACK
6
CONTINUOUS
10
5.1370275590551184
20
-3.0808740157480314
11
5.1183267716535434
21
-3.0808740157480314
0
LINE
8
BLACK
6
CONTINUOUS
10
5.1183267716535434
20
-3.0808740157480314
11
5.1136124409448822
21
-3.0801273228346457
0
LINE
8
BLACK
6
CONTINUOUS
10
5.1136124409448822
20
-3.0801273228346457
11
5.1093595669291334
21
-3.0779603937007871
0
LINE
8
BLACK
6
CONTINUOUS
10
5.1093595669291334
20
-3.0779603937007871
11
5.1059844881889767
21
-3.0745853149606299
0
LINE
8
BLACK
6
CONTINUOUS
10
5.1059844881889767
20
-3.0745853149606299
11
5.103817559055118
21
-3.070332440944882
0
LINE
8
BLACK
6
CONTINUOUS
10
5.103817559055118
20
-3.070332440944882
11
5.1030708661417323
21
-3.0656181102362203
0
LINE
8
BLACK
6
CONTINUOUS
10
5.1030708661417323
20
-3.0656181102362203
11
5.1030708661417323
21
-3.04298031496063
0
LINE
8
BLACK
6
CONTINUOUS
10
5.1030708661417323
20
-3.04298031496063
11
5.103817559055118
21
-3.0382659842519684
0
LINE
8
BLACK
6
CONTINUOUS
10
5.103817559055118
20
-3.0382659842519684
11
5.1059844881889767
21
-3.0340131102362204
0
LINE
8
BLACK
6
CONTINUOUS
10
5.1059844881889767
20
-3.0340131102362204
11
5.1093595669291334
21
-3.0306380314960628
0
LINE
8
BLACK
6
CONTINUOUS
10
5.1093595669291334
20
-3.0306380314960628
11
5.1136124409448822
21
-3.0284711023622046
0
LINE
8
BLACK
6
CONTINUOUS
10
5.1136124409448822
20
-3.0284711023622046
11
5.1183267716535434
21
-3.0277244094488189
0
LINE
8
BLACK
6
CONTINUOUS
10
5.1183267716535434
20
-3.0277244094488189
11
5.1370275590551184
21
-3.0277244094488189
0
LINE
8
BLACK
6
CONTINUOUS
10
5.1370275590551184
20
-3.0277244094488189
11
5.1417418897637797
21
-3.0284711023622046
0
LINE
8
BLACK
6
CONTINUOUS
10
5.2204820472440945
20
-3.0284711023622046
11
5.2247349212598424
21
-3.0306380314960628
0
LINE
8
BLACK
6
CONTINUOUS
10
5.2247349212598424
20
-3.0306380314960628
11
5.22811
21
-3.0340131102362204
0
LINE
8
BLACK
6
CONTINUOUS
10
5.22811
20
-3.0340131102362204
11
5.2302769291338578
21
-3.0382659842519684
0
LINE
8
BLACK
6
CONTINUOUS
10
5.2302769291338578
20
-3.0382659842519684
11
5.2310236220472444
21
-3.04298031496063
0
LINE
8
BLACK
6
CONTINUOUS
10
5.2310236220472444
20
-3.04298031496063
11
5.2310236220472444
21
-3.0656181102362203
0
LINE
8
BLACK
6
CONTINUOUS
10
5.2310236220472444
20
-3.0656181102362203
11
5.2302769291338578
21
-3.070332440944882
0
LINE
8
BLACK
6
CONTINUOUS
10
5.2302769291338578
20
-3.070332440944882
11
5.22811
21
-3.0745853149606299
0
LINE
8
BLACK
6
CONTINUOUS
10
5.22811
20
-3.0745853149606299
11
5.2247349212598424
21
-3.0779603937007871
0
LINE
8
BLACK
6
CONTINUOUS
10
5.2247349212598424
20
-3.0779603937007871
11
5.2204820472440945
21
-3.0801273228346457
0
LINE
8
BLACK
6
CONTINUOUS
10
5.2204820472440945
20
-3.0801273228346457
11
5.2157677165354333
21
-3.0808740157480314
0
LINE
8
BLACK
6
CONTINUOUS
10
5.2157677165354333
20
-3.0808740157480314
11
5.1970669291338583
21
-3.0808740157480314
0
LINE
8
BLACK
6
CONTINUOUS
10
5.1970669291338583
20
-3.0808740157480314
11
5.192352598425197
21
-3.0801273228346457
0
LINE
8
BLACK
6
CONTINUOUS
10
5.192352598425197
20
-3.0801273228346457
11
5.1880997244094491
21
-3.0779603937007871
0
LINE
8
BLACK
6
CONTINUOUS
10
5.1880997244094491
20
-3.0779603937007871
11
5.1847246456692915
21
-3.0745853149606299
0
LINE
8
BLACK
6
CONTINUOUS
10
5.1847246456692915
20
-3.0745853149606299
11
5.1825577165354328
21
-3.070332440944882
0
LINE
8
BLACK
6
CONTINUOUS
10
5.1825577165354328
20
-3.070332440944882
11
5.1818110236220472
21
-3.0656181102362203
0
LINE
8
BLACK
6
CONTINUOUS
10
5.1818110236220472
20
-3.0656181102362203
11
5.1818110236220472
21
-3.04298031496063
0
LINE
8
BLACK
6
CONTINUOUS
10
5.1818110236220472
20
-3.04298031496063
11
5.1825577165354328
21
-3.0382659842519684
0
LINE
8
BLACK
6
CONTINUOUS
10
5.1825577165354328
20
-3.0382659842519684
11
5.1847246456692915
21
-3.0340131102362204
0
LINE
8
BLACK
6
CONTINUOUS
10
5.1847246456692915
20
-3.0340131102362204
11
5.1880997244094491
21
-3.0306380314960628
0
LINE
8
BLACK
6
CONTINUOUS
10
5.1880997244094491
20
-3.0306380314960628
11
5.192352598425197
21
-3.0284711023622046
0
LINE
8
BLACK
6
CONTINUOUS
10
5.192352598425197
20
-3.0284711023622046
11
5.1970669291338583
21
-3.0277244094488189
0
LINE
8
BLACK
6
CONTINUOUS
10
5.1970669291338583
20
-3.0277244094488189
11
5.2157677165354333
21
-3.0277244094488189
0
LINE
8
BLACK
6
CONTINUOUS
10
5.2157677165354333
20
-3.0277244094488189
11
5.2204820472440945
21
-3.0284711023622046
0
LINE
8
BLACK
6
CONTINUOUS
10
5.5620160236220473
20
-3.016747125984252
11
5.5664060629921259
21
-3.0189839763779527
0
LINE
8
BLACK
6
CONTINUOUS
10
5.5664060629921259
20
-3.0189839763779527
11
5.5698900393700788
21
-3.0224679527559055
0
LINE
8
BLACK
6
CONTINUOUS
10
5.5698900393700788
20
-3.0224679527559055
11
5.572126889763779
21
-3.0268579921259842
0
LINE
8
BLACK
6
CONTINUOUS
10
5.572126889763779
20
-3.0268579921259842
11
5.5728976377952755
21
-3.0317244094488189
0
LINE
8
BLACK
6
CONTINUOUS
10
5.5728976377952755
20
-3.0317244094488189
11
5.5728976377952755
21
-3.0592834645669291
0
LINE
8
BLACK
6
CONTINUOUS
10
5.5728976377952755
20
-3.0592834645669291
11
5.572126889763779
21
-3.0641498818897639
0
LINE
8
BLACK
6
CONTINUOUS
10
5.572126889763779
20
-3.0641498818897639
11
5.5698900393700788
21
-3.0685399212598425
0
LINE
8
BLACK
6
CONTINUOUS
10
5.5698900393700788
20
-3.0685399212598425
11
5.5664060629921259
21
-3.0720238976377954
0
LINE
8
BLACK
6
CONTINUOUS
10
5.5664060629921259
20
-3.0720238976377954
11
5.5620160236220473
21
-3.0742607480314961
0
LINE
8
BLACK
6
CONTINUOUS
10
5.5620160236220473
20
-3.0742607480314961
11
5.5571496062992125
21
-3.0750314960629921
0
LINE
8
BLACK
6
CONTINUOUS
10
5.5571496062992125
20
-3.0750314960629921
11
5.5059685039370079
21
-3.0750314960629921
0
LINE
8
BLACK
6
CONTINUOUS
10
5.5059685039370079
20
-3.0750314960629921
11
5.5011020866141731
21
-3.0742607480314961
0
LINE
8
BLACK
6
CONTINUOUS
10
5.5011020866141731
20
-3.0742607480314961
11
5.4967120472440945
21
-3.0720238976377954
0
LINE
8
BLACK
6
CONTINUOUS
10
5.4967120472440945
20
-3.0720238976377954
11
5.4932280708661416
21
-3.0685399212598425
0
LINE
8
BLACK
6
CONTINUOUS
10
5.4932280708661416
20
-3.0685399212598425
11
5.4909912204724405
21
-3.0641498818897639
0
LINE
8
BLACK
6
CONTINUOUS
10
5.4909912204724405
20
-3.0641498818897639
11
5.4902204724409449
21
-3.0592834645669291
0
LINE
8
BLACK
6
CONTINUOUS
10
5.4902204724409449
20
-3.0592834645669291
11
5.4902204724409449
21
-3.0317244094488189
0
LINE
8
BLACK
6
CONTINUOUS
10
5.4902204724409449
20
-3.0317244094488189
11
5.4909912204724405
21
-3.0268579921259842
0
LINE
8
BLACK
6
CONTINUOUS
10
5.4909912204724405
20
-3.0268579921259842
11
5.4932280708661416
21
-3.0224679527559055
0
LINE
8
BLACK
6
CONTINUOUS
10
5.4932280708661416
20
-3.0224679527559055
11
5.4967120472440945
21
-3.0189839763779527
0
LINE
8
BLACK
6
CONTINUOUS
10
5.4967120472440945
20
-3.0189839763779527
11
5.5011020866141731
21
-3.016747125984252
0
LINE
8
BLACK
6
CONTINUOUS
10
5.5011020866141731
20
-3.016747125984252
11
5.5059685039370079
21
-3.015976377952756
0
LINE
8
BLACK
6
CONTINUOUS
10
5.5059685039370079
20
-3.015976377952756
11
5.5571496062992125
21
-3.015976377952756
0
LINE
8
BLACK
6
CONTINUOUS
10
5.5571496062992125
20
-3.015976377952756
11
5.5620160236220473
21
-3.016747125984252
0
LINE
8
BLACK
6
CONTINUOUS
10
5.7194963385826769
20
-3.016747125984252
11
5.7238863779527556
21
-3.0189839763779527
0
LINE
8
BLACK
6
CONTINUOUS
10
5.7238863779527556
20
-3.0189839763779527
11
5.7273703543307084
21
-3.0224679527559055
0
LINE
8
BLACK
6
CONTINUOUS
10
5.7273703543307084
20
-3.0224679527559055
11
5.7296072047244095
21
-3.0268579921259842
0
LINE
8
BLACK
6
CONTINUOUS
10
5.7296072047244095
20
-3.0268579921259842
11
5.7303779527559051
21
-3.0317244094488189
0
LINE
8
BLACK
6
CONTINUOUS
10
5.7303779527559051
20
-3.0317244094488189
11
5.7303779527559051
21
-3.0592834645669291
0
LINE
8
BLACK
6
CONTINUOUS
10
5.7303779527559051
20
-3.0592834645669291
11
5.7296072047244095
21
-3.0641498818897639
0
LINE
8
BLACK
6
CONTINUOUS
10
5.7296072047244095
20
-3.0641498818897639
11
5.7273703543307084
21
-3.0685399212598425
0
LINE
8
BLACK
6
CONTINUOUS
10
5.7273703543307084
20
-3.0685399212598425
11
5.7238863779527556
21
-3.0720238976377954
0
LINE
8
BLACK
6
CONTINUOUS
10
5.7238863779527556
20
-3.0720238976377954
11
5.7194963385826769
21
-3.0742607480314961
0
LINE
8
BLACK
6
CONTINUOUS
10
5.7194963385826769
20
-3.0742607480314961
11
5.7146299212598421
21
-3.0750314960629921
0
LINE
8
BLACK
6
CONTINUOUS
10
5.7146299212598421
20
-3.0750314960629921
11
5.6634488188976375
21
-3.0750314960629921
0
LINE
8
BLACK
6
CONTINUOUS
10
5.6634488188976375
20
-3.0750314960629921
11
5.6585824015748027
21
-3.0742607480314961
0
LINE
8
BLACK
6
CONTINUOUS
10
5.6585824015748027
20
-3.0742607480314961
11
5.6541923622047241
21
-3.0720238976377954
0
LINE
8
BLACK
6
CONTINUOUS
10
5.6541923622047241
20
-3.0720238976377954
11
5.6507083858267713
21
-3.0685399212598425
0
LINE
8
BLACK
6
CONTINUOUS
10
5.6507083858267713
20
-3.0685399212598425
11
5.648471535433071
21
-3.0641498818897639
0
LINE
8
BLACK
6
CONTINUOUS
10
5.648471535433071
20
-3.0641498818897639
11
5.6477007874015746
21
-3.0592834645669291
0
LINE
8
BLACK
6
CONTINUOUS
10
5.6477007874015746
20
-3.0592834645669291
11
5.6477007874015746
21
-3.0317244094488189
0
LINE
8
BLACK
6
CONTINUOUS
10
5.6477007874015746
20
-3.0317244094488189
11
5.648471535433071
21
-3.0268579921259842
0
LINE
8
BLACK
6
CONTINUOUS
10
5.648471535433071
20
-3.0268579921259842
11
5.6507083858267713
21
-3.0224679527559055
0
LINE
8
BLACK
6
CONTINUOUS
10
5.6507083858267713
20
-3.0224679527559055
11
5.6541923622047241
21
-3.0189839763779527
0
LINE
8
BLACK
6
CONTINUOUS
10
5.6541923622047241
20
-3.0189839763779527
11
5.6585824015748027
21
-3.016747125984252
0
LINE
8
BLACK
6
CONTINUOUS
10
5.6585824015748027
20
-3.016747125984252
11
5.6634488188976375
21
-3.015976377952756
0
LINE
8
BLACK
6
CONTINUOUS
10
5.6634488188976375
20
-3.015976377952756
11
5.7146299212598421
21
-3.015976377952756
0
LINE
8
BLACK
6
CONTINUOUS
10
5.7146299212598421
20
-3.015976377952756
11
5.7194963385826769
21
-3.016747125984252
0
LINE
8
BLACK
6
CONTINUOUS
10
5.0509121259842518
20
-2.892222244094488
11
5.0597253937007869
21
-2.895085866141732
0
LINE
8
BLACK
6
CONTINUOUS
10
5.0597253937007869
20
-2.895085866141732
11
5.0679822047244096
21
-2.8992929133858265
0
LINE
8
BLACK
6
CONTINUOUS
10
5.0679822047244096
20
-2.8992929133858265
11
5.0754792125984247
21
-2.9047398031496061
0
LINE
8
BLACK
6
CONTINUOUS
10
5.0754792125984247
20
-2.9047398031496061
11
5.082031850393701
21
-2.9112924409448819
0
LINE
8
BLACK
6
CONTINUOUS
10
5.082031850393701
20
-2.9112924409448819
11
5.0874787401574801
21
-2.9187894488188975
0
LINE
8
BLACK
6
CONTINUOUS
10
5.0874787401574801
20
-2.9187894488188975
11
5.0916857874015751
21
-2.9270462598425198
0
LINE
8
BLACK
6
CONTINUOUS
10
5.0916857874015751
20
-2.9270462598425198
11
5.0945494094488186
21
-2.9358595275590549
0
LINE
8
BLACK
6
CONTINUOUS
10
5.0945494094488186
20
-2.9358595275590549
11
5.09599905511811
21
-2.9450122440944879
0
LINE
8
BLACK
6
CONTINUOUS
10
5.09599905511811
20
-2.9450122440944879
11
5.09599905511811
21
-2.9542790944881889
0
LINE
8
BLACK
6
CONTINUOUS
10
5.09599905511811
20
-2.9542790944881889
11
5.0945494094488186
21
-2.963431811023622
0
LINE
8
BLACK
6
CONTINUOUS
10
5.0945494094488186
20
-2.963431811023622
11
5.0916857874015751
21
-2.9722450787401575
0
LINE
8
BLACK
6
CONTINUOUS
10
5.0916857874015751
20
-2.9722450787401575
11
5.0874787401574801
21
-2.9805018897637794
0
LINE
8
BLACK
6
CONTINUOUS
10
5.0874787401574801
20
-2.9805018897637794
11
5.082031850393701
21
-2.9879988976377954
0
LINE
8
BLACK
6
CONTINUOUS
10
5.082031850393701
20
-2.9879988976377954
11
5.0754792125984247
21
-2.9945515354330707
0
LINE
8
BLACK
6
CONTINUOUS
10
5.0754792125984247
20
-2.9945515354330707
11
5.0679822047244096
21
-2.9999984251968503
0
LINE
8
BLACK
6
CONTINUOUS
10
5.0679822047244096
20
-2.9999984251968503
11
5.0597253937007869
21
-3.0042054724409448
0
LINE
8
BLACK
6
CONTINUOUS
10
5.0597253937007869
20
-3.0042054724409448
11
5.0509121259842518
21
-3.0070690944881888
0
LINE
8
BLACK
6
CONTINUOUS
10
5.0509121259842518
20
-3.0070690944881888
11
5.0417594094488187
21
-3.0085187401574802
0
LINE
8
BLACK
6
CONTINUOUS
10
5.0417594094488187
20
-3.0085187401574802
11
5.0324925590551182
21
-3.0085187401574802
0
LINE
8
BLACK
6
CONTINUOUS
10
5.0324925590551182
20
-3.0085187401574802
11
5.0233398425196851
21
-3.0070690944881888
0
LINE
8
BLACK
6
CONTINUOUS
10
5.0233398425196851
20
-3.0070690944881888
11
5.0145265748031491
21
-3.0042054724409448
0
LINE
8
BLACK
6
CONTINUOUS
10
5.0145265748031491
20
-3.0042054724409448
11
5.0062697637795273
21
-2.9999984251968503
0
LINE
8
BLACK
6
CONTINUOUS
10
5.0062697637795273
20
-2.9999984251968503
11
4.9987727559055113
21
-2.9945515354330707
0
LINE
8
BLACK
6
CONTINUOUS
10
4.9987727559055113
20
-2.9945515354330707
11
4.9922201181102359
21
-2.9879988976377954
0
LINE
8
BLACK
6
CONTINUOUS
10
4.9922201181102359
20
-2.9879988976377954
11
4.9867732283464568
21
-2.9805018897637794
0
LINE
8
BLACK
6
CONTINUOUS
10
4.9867732283464568
20
-2.9805018897637794
11
4.9825661811023618
21
-2.9722450787401575
0
LINE
8
BLACK
6
CONTINUOUS
10
4.9825661811023618
20
-2.9722450787401575
11
4.9797025590551183
21
-2.963431811023622
0
LINE
8
BLACK
6
CONTINUOUS
10
4.9797025590551183
20
-2.963431811023622
11
4.9782529133858269
21
-2.9542790944881889
0
LINE
8
BLACK
6
CONTINUOUS
10
4.9782529133858269
20
-2.9542790944881889
11
4.9782529133858269
21
-2.9450122440944879
0
LINE
8
BLACK
6
CONTINUOUS
10
4.9782529133858269
20
-2.9450122440944879
11
4.9797025590551183
21
-2.9358595275590549
0
LINE
8
BLACK
6
CONTINUOUS
10
4.9797025590551183
20
-2.9358595275590549
11
4.9825661811023618
21
-2.9270462598425198
0
LINE
8
BLACK
6
CONTINUOUS
10
4.9825661811023618
20
-2.9270462598425198
11
4.9867732283464568
21
-2.9187894488188975
0
LINE
8
BLACK
6
CONTINUOUS
10
4.9867732283464568
20
-2.9187894488188975
11
4.9922201181102359
21
-2.9112924409448819
0
LINE
8
BLACK
6
CONTINUOUS
10
4.9922201181102359
20
-2.9112924409448819
11
4.9987727559055113
21
-2.9047398031496061
0
LINE
8
BLACK
6
CONTINUOUS
10
4.9987727559055113
20
-2.9047398031496061
11
5.0062697637795273
21
-2.8992929133858265
0
LINE
8
BLACK
6
CONTINUOUS
10
5.0062697637795273
20
-2.8992929133858265
11
5.0145265748031491
21
-2.895085866141732
0
LINE
8
BLACK
6
CONTINUOUS
10
5.0145265748031491
20
-2.895085866141732
11
5.0233398425196851
21
-2.892222244094488
0
LINE
8
BLACK
6
CONTINUOUS
10
5.0233398425196851
20
-2.892222244094488
11
5.0324925590551182
21
-2.8907725984251966
0
LINE
8
BLACK
6
CONTINUOUS
10
5.0324925590551182
20
-2.8907725984251966
11
5.0417594094488187
21
-2.8907725984251966
0
LINE
8
BLACK
6
CONTINUOUS
10
5.0417594094488187
20
-2.8907725984251966
11
5.0509121259842518
21
-2.892222244094488
0
LINE
8
BLACK
6
CONTINUOUS
10
5.4446129133858268
20
-2.892222244094488
11
5.4534261811023619
21
-2.895085866141732
0
LINE
8
BLACK
6
CONTINUOUS
10
5.4534261811023619
20
-2.895085866141732
11
5.4616829921259837
21
-2.8992929133858265
0
LINE
8
BLACK
6
CONTINUOUS
10
5.4616829921259837
20
-2.8992929133858265
11
5.4691799999999997
21
-2.9047398031496061
0
LINE
8
BLACK
6
CONTINUOUS
10
5.4691799999999997
20
-2.9047398031496061
11
5.4757326377952751
21
-2.9112924409448819
0
LINE
8
BLACK
6
CONTINUOUS
10
5.4757326377952751
20
-2.9112924409448819
11
5.4811795275590551
21
-2.9187894488188975
0
LINE
8
BLACK
6
CONTINUOUS
10
5.4811795275590551
20
-2.9187894488188975
11
5.4853865748031492
21
-2.9270462598425198
0
LINE
8
BLACK
6
CONTINUOUS
10
5.4853865748031492
20
-2.9270462598425198
11
5.4882501968503936
21
-2.9358595275590549
0
LINE
8
BLACK
6
CONTINUOUS
10
5.4882501968503936
20
-2.9358595275590549
11
5.489699842519685
21
-2.9450122440944879
0
LINE
8
BLACK
6
CONTINUOUS
10
5.489699842519685
20
-2.9450122440944879
11
5.489699842519685
21
-2.9542790944881889
0
LINE
8
BLACK
6
CONTINUOUS
10
5.489699842519685
20
-2.9542790944881889
11
5.4882501968503936
21
-2.963431811023622
0
LINE
8
BLACK
6
CONTINUOUS
10
5.4882501968503936
20
-2.963431811023622
11
5.4853865748031492
21
-2.9722450787401575
0
LINE
8
BLACK
6
CONTINUOUS
10
5.4853865748031492
20
-2.9722450787401575
11
5.4811795275590551
21
-2.9805018897637794
0
LINE
8
BLACK
6
CONTINUOUS
10
5.4811795275590551
20
-2.9805018897637794
11
5.4757326377952751
21
-2.9879988976377954
0
LINE
8
BLACK
6
CONTINUOUS
10
5.4757326377952751
20
-2.9879988976377954
11
5.4691799999999997
21
-2.9945515354330707
0
LINE
8
BLACK
6
CONTINUOUS
10
5.4691799999999997
20
-2.9945515354330707
11
5.4616829921259837
21
-2.9999984251968503
0
LINE
8
BLACK
6
CONTINUOUS
10
5.4616829921259837
20
-2.9999984251968503
11
5.4534261811023619
21
-3.0042054724409448
0
LINE
8
BLACK
6
CONTINUOUS
10
5.4534261811023619
20
-3.0042054724409448
11
5.4446129133858268
21
-3.0070690944881888
0
LINE
8
BLACK
6
CONTINUOUS
10
5.4446129133858268
20
-3.0070690944881888
11
5.4354601968503937
21
-3.0085187401574802
0
LINE
8
BLACK
6
CONTINUOUS
10
5.4354601968503937
20
-3.0085187401574802
11
5.4261933464566932
21
-3.0085187401574802
0
LINE
8
BLACK
6
CONTINUOUS
10
5.4261933464566932
20
-3.0085187401574802
11
5.4170406299212601
21
-3.0070690944881888
0
LINE
8
BLACK
6
CONTINUOUS
10
5.4170406299212601
20
-3.0070690944881888
11
5.4082273622047241
21
-3.0042054724409448
0
LINE
8
BLACK
6
CONTINUOUS
10
5.4082273622047241
20
-3.0042054724409448
11
5.3999705511811023
21
-2.9999984251968503
0
LINE
8
BLACK
6
CONTINUOUS
10
5.3999705511811023
20
-2.9999984251968503
11
5.3924735433070863
21
-2.9945515354330707
0
LINE
8
BLACK
6
CONTINUOUS
10
5.3924735433070863
20
-2.9945515354330707
11
5.3859209055118109
21
-2.9879988976377954
0
LINE
8
BLACK
6
CONTINUOUS
10
5.3859209055118109
20
-2.9879988976377954
11
5.3804740157480317
21
-2.9805018897637794
0
LINE
8
BLACK
6
CONTINUOUS
10
5.3804740157480317
20
-2.9805018897637794
11
5.3762669685039368
21
-2.9722450787401575
0
LINE
8
BLACK
6
CONTINUOUS
10
5.3762669685039368
20
-2.9722450787401575
11
5.3734033464566924
21
-2.963431811023622
0
LINE
8
BLACK
6
CONTINUOUS
10
5.3734033464566924
20
-2.963431811023622
11
5.3719537007874019
21
-2.9542790944881889
0
LINE
8
BLACK
6
CONTINUOUS
10
5.3719537007874019
20
-2.9542790944881889
11
5.3719537007874019
21
-2.9450122440944879
0
LINE
8
BLACK
6
CONTINUOUS
10
5.3719537007874019
20
-2.9450122440944879
11
5.3734033464566924
21
-2.9358595275590549
0
LINE
8
BLACK
6
CONTINUOUS
10
5.3734033464566924
20
-2.9358595275590549
11
5.3762669685039368
21
-2.9270462598425198
0
LINE
8
BLACK
6
CONTINUOUS
10
5.3762669685039368
20
-2.9270462598425198
11
5.3804740157480317
21
-2.9187894488188975
0
LINE
8
BLACK
6
CONTINUOUS
10
5.3804740157480317
20
-2.9187894488188975
11
5.3859209055118109
21
-2.9112924409448819
0
LINE
8
BLACK
6
CONTINUOUS
10
5.3859209055118109
20
-2.9112924409448819
11
5.3924735433070863
21
-2.9047398031496061
0
LINE
8
BLACK
6
CONTINUOUS
10
5.3924735433070863
20
-2.9047398031496061
11
5.3999705511811023
21
-2.8992929133858265
0
LINE
8
BLACK
6
CONTINUOUS
10
5.3999705511811023
20
-2.8992929133858265
11
5.4082273622047241
21
-2.895085866141732
0
LINE
8
BLACK
6
CONTINUOUS
10
5.4082273622047241
20
-2.895085866141732
11
5.4170406299212601
21
-2.892222244094488
0
LINE
8
BLACK
6
CONTINUOUS
10
5.4170406299212601
20
-2.892222244094488
11
5.4261933464566932
21
-2.8907725984251966
0
LINE
8
BLACK
6
CONTINUOUS
10
5.4261933464566932
20
-2.8907725984251966
11
5.4354601968503937
21
-2.8907725984251966
0
LINE
8
BLACK
6
CONTINUOUS
10
5.4354601968503937
20
-2.8907725984251966
11
5.4446129133858268
21
-2.892222244094488
  0
ENDSEC
  0
EOF
