  0
SECTION
  2
HEADER
  9
$ANGBASE
  50
0.0
  9
$ANGDIR
  70
1
  9
$MEASUREMENT
  70
0
  0
ENDSEC
  0
SECTION
  2
TABLES
  0
TABLE
  2
LTYPE
  70
4
  0
LTYPE
  5
40F
  2
CONTINUOUS
  70
0
  3
Solid line
  72
65
  73
0
  40
0.0
  0
LTYPE
  5
410
  2
DASHDOT
 70
0
  3
Dash Dot ____ _ ____ _
 72
65
 73
4
 40
2.0
 49
1.25
 49
-0.25
 49
0.25
 49
-0.25
  0
LTYPE
  5
411
  2
DASHED
 70
0
  3
Dashed __ __ __ __ __
 72
65
 73
2
 40
0.75
 49
0.5
 49
-0.25
  0
LTYPE
  5
43B
  2
DOTTED
 70
0
  3
Dotted .  .  .  .
 72
65
 73
2
 40
0.2
 49
0.0
 49
-0.2
  0
ENDTAB
  0
TABLE
  2
STYLE
  70
4
  0
STYLE
  2
KICAD
  70
0
  40
0
  41
1
  42
1
  50
0
  71
0
  3
isocp.shx
  0
STYLE
  2
KICADB
  70
0
  40
0
  41
1
  42
1
  50
0
  71
0
  3
isocp.shx
  0
STYLE
  2
KICADI
  70
0
  40
0
  41
1
  42
1
  50
15
  71
0
  3
isocp.shx
  0
STYLE
  2
KICADBI
  70
0
  40
0
  41
1
  42
1
  50
15
  71
0
  3
isocp.shx
  0
ENDTAB
  0
TABLE
  2
LAYER
  70
1
  0
LAYER
  2
BLACK
  70
0
  62
7
  6
CONTINUOUS
  0
ENDTAB
  0
ENDSEC
  0
SECTION
  2
ENTITIES
0
LINE
8
BLACK
6
CONTINUOUS
10
5.0602232677165357
20
-4.0124027559055113
11
5.0634164173228342
21
-4.0145363385826771
0
LINE
8
BLACK
6
CONTINUOUS
10
5.0634164173228342
20
-4.0145363385826771
11
5.06555
21
-4.0177294881889765
0
LINE
8
BLACK
6
CONTINUOUS
10
5.06555
20
-4.0177294881889765
11
5.066299212598425
21
-4.0214960629921261
0
LINE
8
BLACK
6
CONTINUOUS
10
5.066299212598425
20
-4.0214960629921261
11
5.066299212598425
21
-4.0411811023622048
0
LINE
8
BLACK
6
CONTINUOUS
10
5.066299212598425
20
-4.0411811023622048
11
5.06555
21
-4.0449476771653545
0
LINE
8
BLACK
6
CONTINUOUS
10
5.06555
20
-4.0449476771653545
11
5.0634164173228342
21
-4.0481408267716539
0
LINE
8
BLACK
6
CONTINUOUS
10
5.0634164173228342
20
-4.0481408267716539
11
5.0602232677165357
21
-4.0502744094488188
0
LINE
8
BLACK
6
CONTINUOUS
10
5.0602232677165357
20
-4.0502744094488188
11
5.0564566929133861
21
-4.0510236220472438
0
LINE
8
BLACK
6
CONTINUOUS
10
5.0564566929133861
20
-4.0510236220472438
11
4.9698425196850389
21
-4.0510236220472438
0
LINE
8
BLACK
6
CONTINUOUS
10
4.9698425196850389
20
-4.0510236220472438
11
4.9660759448818901
21
-4.0502744094488188
0
LINE
8
BLACK
6
CONTINUOUS
10
4.9660759448818901
20
-4.0502744094488188
11
4.9628827952755907
21
-4.0481408267716539
0
LINE
8
BLACK
6
CONTINUOUS
10
4.9628827952755907
20
-4.0481408267716539
11
4.9607492125984249
21
-4.0449476771653545
0
LINE
8
BLACK
6
CONTINUOUS
10
4.9607492125984249
20
-4.0449476771653545
11
4.96
21
-4.0411811023622048
0
LINE
8
BLACK
6
CONTINUOUS
10
4.96
20
-4.0411811023622048
11
4.96
21
-4.0214960629921261
0
LINE
8
BLACK
6
CONTINUOUS
10
4.96
20
-4.0214960629921261
11
4.9607492125984249
21
-4.0177294881889765
0
LINE
8
BLACK
6
CONTINUOUS
10
4.9607492125984249
20
-4.0177294881889765
11
4.9628827952755907
21
-4.0145363385826771
0
LINE
8
BLACK
6
CONTINUOUS
10
4.9628827952755907
20
-4.0145363385826771
11
4.9660759448818901
21
-4.0124027559055113
0
LINE
8
BLACK
6
CONTINUOUS
10
4.9660759448818901
20
-4.0124027559055113
11
4.9698425196850389
21
-4.0116535433070863
0
LINE
8
BLACK
6
CONTINUOUS
10
4.9698425196850389
20
-4.0116535433070863
11
5.0564566929133861
21
-4.0116535433070863
0
LINE
8
BLACK
6
CONTINUOUS
10
5.0564566929133861
20
-4.0116535433070863
11
5.0602232677165357
21
-4.0124027559055113
0
LINE
8
BLACK
6
CONTINUOUS
10
5.2505067322834647
20
-3.9899539370078738
11
5.253699881889764
21
-3.9920875196850392
0
LINE
8
BLACK
6
CONTINUOUS
10
5.253699881889764
20
-3.9920875196850392
11
5.2558334645669289
21
-3.9952806692913385
0
LINE
8
BLACK
6
CONTINUOUS
10
5.2558334645669289
20
-3.9952806692913385
11
5.2565826771653539
21
-3.9990472440944882
0
LINE
8
BLACK
6
CONTINUOUS
10
5.2565826771653539
20
-3.9990472440944882
11
5.2565826771653539
21
-4.0364488188976377
0
LINE
8
BLACK
6
CONTINUOUS
10
5.2565826771653539
20
-4.0364488188976377
11
5.2558334645669289
21
-4.0402153937007874
0
LINE
8
BLACK
6
CONTINUOUS
10
5.2558334645669289
20
-4.0402153937007874
11
5.253699881889764
21
-4.0434085433070868
0
LINE
8
BLACK
6
CONTINUOUS
10
5.253699881889764
20
-4.0434085433070868
11
5.2505067322834647
21
-4.0455421259842517
0
LINE
8
BLACK
6
CONTINUOUS
10
5.2505067322834647
20
-4.0455421259842517
11
5.246740157480315
21
-4.0462913385826766
0
LINE
8
BLACK
6
CONTINUOUS
10
5.246740157480315
20
-4.0462913385826766
11
5.2270551181102363
21
-4.0462913385826766
0
LINE
8
BLACK
6
CONTINUOUS
10
5.2270551181102363
20
-4.0462913385826766
11
5.2232885433070866
21
-4.0455421259842517
0
LINE
8
BLACK
6
CONTINUOUS
10
5.2232885433070866
20
-4.0455421259842517
11
5.2200953937007872
21
-4.0434085433070868
0
LINE
8
BLACK
6
CONTINUOUS
10
5.2200953937007872
20
-4.0434085433070868
11
5.2179618110236223
21
-4.0402153937007874
0
LINE
8
BLACK
6
CONTINUOUS
10
5.2179618110236223
20
-4.0402153937007874
11
5.2172125984251965
21
-4.0364488188976377
0
LINE
8
BLACK
6
CONTINUOUS
10
5.2172125984251965
20
-4.0364488188976377
11
5.2172125984251965
21
-3.9990472440944882
0
LINE
8
BLACK
6
CONTINUOUS
10
5.2172125984251965
20
-3.9990472440944882
11
5.2179618110236223
21
-3.9952806692913385
0
LINE
8
BLACK
6
CONTINUOUS
10
5.2179618110236223
20
-3.9952806692913385
11
5.2200953937007872
21
-3.9920875196850392
0
LINE
8
BLACK
6
CONTINUOUS
10
5.2200953937007872
20
-3.9920875196850392
11
5.2232885433070866
21
-3.9899539370078738
0
LINE
8
BLACK
6
CONTINUOUS
10
5.2232885433070866
20
-3.9899539370078738
11
5.2270551181102363
21
-3.9892047244094488
0
LINE
8
BLACK
6
CONTINUOUS
10
5.2270551181102363
20
-3.9892047244094488
11
5.246740157480315
21
-3.9892047244094488
0
LINE
8
BLACK
6
CONTINUOUS
10
5.246740157480315
20
-3.9892047244094488
11
5.2505067322834647
21
-3.9899539370078738
0
LINE
8
BLACK
6
CONTINUOUS
10
5.3253098818897637
20
-3.9899539370078738
11
5.3285030314960631
21
-3.9920875196850392
0
LINE
8
BLACK
6
CONTINUOUS
10
5.3285030314960631
20
-3.9920875196850392
11
5.330636614173228
21
-3.9952806692913385
0
LINE
8
BLACK
6
CONTINUOUS
10
5.330636614173228
20
-3.9952806692913385
11
5.3313858267716538
21
-3.9990472440944882
0
LINE
8
BLACK
6
CONTINUOUS
10
5.3313858267716538
20
-3.9990472440944882
11
5.3313858267716538
21
-4.0364488188976377
0
LINE
8
BLACK
6
CONTINUOUS
10
5.3313858267716538
20
-4.0364488188976377
11
5.330636614173228
21
-4.0402153937007874
0
LINE
8
BLACK
6
CONTINUOUS
10
5.330636614173228
20
-4.0402153937007874
11
5.3285030314960631
21
-4.0434085433070868
0
LINE
8
BLACK
6
CONTINUOUS
10
5.3285030314960631
20
-4.0434085433070868
11
5.3253098818897637
21
-4.0455421259842517
0
LINE
8
BLACK
6
CONTINUOUS
10
5.3253098818897637
20
-4.0455421259842517
11
5.321543307086614
21
-4.0462913385826766
0
LINE
8
BLACK
6
CONTINUOUS
10
5.321543307086614
20
-4.0462913385826766
11
5.3018582677165353
21
-4.0462913385826766
0
LINE
8
BLACK
6
CONTINUOUS
10
5.3018582677165353
20
-4.0462913385826766
11
5.2980916929133857
21
-4.0455421259842517
0
LINE
8
BLACK
6
CONTINUOUS
10
5.2980916929133857
20
-4.0455421259842517
11
5.2948985433070863
21
-4.0434085433070868
0
LINE
8
BLACK
6
CONTINUOUS
10
5.2948985433070863
20
-4.0434085433070868
11
5.2927649606299214
21
-4.0402153937007874
0
LINE
8
BLACK
6
CONTINUOUS
10
5.2927649606299214
20
-4.0402153937007874
11
5.2920157480314955
21
-4.0364488188976377
0
LINE
8
BLACK
6
CONTINUOUS
10
5.2920157480314955
20
-4.0364488188976377
11
5.2920157480314955
21
-3.9990472440944882
0
LINE
8
BLACK
6
CONTINUOUS
10
5.2920157480314955
20
-3.9990472440944882
11
5.2927649606299214
21
-3.9952806692913385
0
LINE
8
BLACK
6
CONTINUOUS
10
5.2927649606299214
20
-3.9952806692913385
11
5.2948985433070863
21
-3.9920875196850392
0
LINE
8
BLACK
6
CONTINUOUS
10
5.2948985433070863
20
-3.9920875196850392
11
5.2980916929133857
21
-3.9899539370078738
0
LINE
8
BLACK
6
CONTINUOUS
10
5.2980916929133857
20
-3.9899539370078738
11
5.3018582677165353
21
-3.9892047244094488
0
LINE
8
BLACK
6
CONTINUOUS
10
5.3018582677165353
20
-3.9892047244094488
11
5.321543307086614
21
-3.9892047244094488
0
LINE
8
BLACK
6
CONTINUOUS
10
5.321543307086614
20
-3.9892047244094488
11
5.3253098818897637
21
-3.9899539370078738
0
LINE
8
BLACK
6
CONTINUOUS
10
5.4447244488188975
20
-3.9652594488188977
11
5.4490907086614175
21
-3.9673939763779527
0
LINE
8
BLACK
6
CONTINUOUS
10
5.4490907086614175
20
-3.9673939763779527
11
5.4525272834645664
21
-3.9708305511811024
0
LINE
8
BLACK
6
CONTINUOUS
10
5.4525272834645664
20
-3.9708305511811024
11
5.4546618110236222
21
-3.975196811023622
0
LINE
8
BLACK
6
CONTINUOUS
10
5.4546618110236222
20
-3.975196811023622
11
5.4552755905511807
21
-3.9794094488188976
0
LINE
8
BLACK
6
CONTINUOUS
10
5.4552755905511807
20
-3.9794094488188976
11
5.4552755905511807
21
-4.0286220472440943
0
LINE
8
BLACK
6
CONTINUOUS
10
5.4552755905511807
20
-4.0286220472440943
11
5.4546618110236222
21
-4.0328346850393704
0
LINE
8
BLACK
6
CONTINUOUS
10
5.4546618110236222
20
-4.0328346850393704
11
5.4525272834645664
21
-4.0372009448818895
0
LINE
8
BLACK
6
CONTINUOUS
10
5.4525272834645664
20
-4.0372009448818895
11
5.4490907086614175
21
-4.0406375196850393
0
LINE
8
BLACK
6
CONTINUOUS
10
5.4490907086614175
20
-4.0406375196850393
11
5.4447244488188975
21
-4.0427720472440942
0
LINE
8
BLACK
6
CONTINUOUS
10
5.4447244488188975
20
-4.0427720472440942
11
5.4405118110236224
21
-4.0433858267716536
0
LINE
8
BLACK
6
CONTINUOUS
10
5.4405118110236224
20
-4.0433858267716536
11
5.4109842519685039
21
-4.0433858267716536
0
LINE
8
BLACK
6
CONTINUOUS
10
5.4109842519685039
20
-4.0433858267716536
11
5.4067716141732278
21
-4.0427720472440942
0
LINE
8
BLACK
6
CONTINUOUS
10
5.4067716141732278
20
-4.0427720472440942
11
5.4024053543307087
21
-4.0406375196850393
0
LINE
8
BLACK
6
CONTINUOUS
10
5.4024053543307087
20
-4.0406375196850393
11
5.3989687795275589
21
-4.0372009448818895
0
LINE
8
BLACK
6
CONTINUOUS
10
5.3989687795275589
20
-4.0372009448818895
11
5.396834251968504
21
-4.0328346850393704
0
LINE
8
BLACK
6
CONTINUOUS
10
5.396834251968504
20
-4.0328346850393704
11
5.3962204724409446
21
-4.0286220472440943
0
LINE
8
BLACK
6
CONTINUOUS
10
5.3962204724409446
20
-4.0286220472440943
11
5.3962204724409446
21
-3.9794094488188976
0
LINE
8
BLACK
6
CONTINUOUS
10
5.3962204724409446
20
-3.9794094488188976
11
5.396834251968504
21
-3.975196811023622
0
LINE
8
BLACK
6
CONTINUOUS
10
5.396834251968504
20
-3.975196811023622
11
5.3989687795275589
21
-3.9708305511811024
0
LINE
8
BLACK
6
CONTINUOUS
10
5.3989687795275589
20
-3.9708305511811024
11
5.4024053543307087
21
-3.9673939763779527
0
LINE
8
BLACK
6
CONTINUOUS
10
5.4024053543307087
20
-3.9673939763779527
11
5.4067716141732278
21
-3.9652594488188977
0
LINE
8
BLACK
6
CONTINUOUS
10
5.4067716141732278
20
-3.9652594488188977
11
5.4109842519685039
21
-3.9646456692913383
0
LINE
8
BLACK
6
CONTINUOUS
10
5.4109842519685039
20
-3.9646456692913383
11
5.4405118110236224
21
-3.9646456692913383
0
LINE
8
BLACK
6
CONTINUOUS
10
5.4405118110236224
20
-3.9646456692913383
11
5.4447244488188975
21
-3.9652594488188977
0
LINE
8
BLACK
6
CONTINUOUS
10
5.5352756299212595
20
-3.9652594488188977
11
5.5396418897637796
21
-3.9673939763779527
0
LINE
8
BLACK
6
CONTINUOUS
10
5.5396418897637796
20
-3.9673939763779527
11
5.5430784645669293
21
-3.9708305511811024
0
LINE
8
BLACK
6
CONTINUOUS
10
5.5430784645669293
20
-3.9708305511811024
11
5.5452129921259843
21
-3.975196811023622
0
LINE
8
BLACK
6
CONTINUOUS
10
5.5452129921259843
20
-3.975196811023622
11
5.5458267716535428
21
-3.9794094488188976
0
LINE
8
BLACK
6
CONTINUOUS
10
5.5458267716535428
20
-3.9794094488188976
11
5.5458267716535428
21
-4.0286220472440943
0
LINE
8
BLACK
6
CONTINUOUS
10
5.5458267716535428
20
-4.0286220472440943
11
5.5452129921259843
21
-4.0328346850393704
0
LINE
8
BLACK
6
CONTINUOUS
10
5.5452129921259843
20
-4.0328346850393704
11
5.5430784645669293
21
-4.0372009448818895
0
LINE
8
BLACK
6
CONTINUOUS
10
5.5430784645669293
20
-4.0372009448818895
11
5.5396418897637796
21
-4.0406375196850393
0
LINE
8
BLACK
6
CONTINUOUS
10
5.5396418897637796
20
-4.0406375196850393
11
5.5352756299212595
21
-4.0427720472440942
0
LINE
8
BLACK
6
CONTINUOUS
10
5.5352756299212595
20
-4.0427720472440942
11
5.5310629921259844
21
-4.0433858267716536
0
LINE
8
BLACK
6
CONTINUOUS
10
5.5310629921259844
20
-4.0433858267716536
11
5.5015354330708659
21
-4.0433858267716536
0
LINE
8
BLACK
6
CONTINUOUS
10
5.5015354330708659
20
-4.0433858267716536
11
5.4973227952755908
21
-4.0427720472440942
0
LINE
8
BLACK
6
CONTINUOUS
10
5.4973227952755908
20
-4.0427720472440942
11
5.4929565354330707
21
-4.0406375196850393
0
LINE
8
BLACK
6
CONTINUOUS
10
5.4929565354330707
20
-4.0406375196850393
11
5.489519960629921
21
-4.0372009448818895
0
LINE
8
BLACK
6
CONTINUOUS
10
5.489519960629921
20
-4.0372009448818895
11
5.487385433070866
21
-4.0328346850393704
0
LINE
8
BLACK
6
CONTINUOUS
10
5.487385433070866
20
-4.0328346850393704
11
5.4867716535433066
21
-4.0286220472440943
0
LINE
8
BLACK
6
CONTINUOUS
10
5.4867716535433066
20
-4.0286220472440943
11
5.4867716535433066
21
-3.9794094488188976
0
LINE
8
BLACK
6
CONTINUOUS
10
5.4867716535433066
20
-3.9794094488188976
11
5.487385433070866
21
-3.975196811023622
0
LINE
8
BLACK
6
CONTINUOUS
10
5.487385433070866
20
-3.975196811023622
11
5.489519960629921
21
-3.9708305511811024
0
LINE
8
BLACK
6
CONTINUOUS
10
5.489519960629921
20
-3.9708305511811024
11
5.4929565354330707
21
-3.9673939763779527
0
LINE
8
BLACK
6
CONTINUOUS
10
5.4929565354330707
20
-3.9673939763779527
11
5.4973227952755908
21
-3.9652594488188977
0
LINE
8
BLACK
6
CONTINUOUS
10
5.4973227952755908
20
-3.9652594488188977
11
5.5015354330708659
21
-3.9646456692913383
0
LINE
8
BLACK
6
CONTINUOUS
10
5.5015354330708659
20
-3.9646456692913383
11
5.5310629921259844
21
-3.9646456692913383
0
LINE
8
BLACK
6
CONTINUOUS
10
5.5310629921259844
20
-3.9646456692913383
11
5.5352756299212595
21
-3.9652594488188977
0
LINE
8
BLACK
6
CONTINUOUS
10
5.6258268110236216
20
-3.9652594488188977
11
5.6301930708661416
21
-3.9673939763779527
0
LINE
8
BLACK
6
CONTINUOUS
10
5.6301930708661416
20
-3.9673939763779527
11
5.6336296456692914
21
-3.9708305511811024
0
LINE
8
BLACK
6
CONTINUOUS
10
5.6336296456692914
20
-3.9708305511811024
11
5.6357641732283463
21
-3.975196811023622
0
LINE
8
BLACK
6
CONTINUOUS
10
5.6357641732283463
20
-3.975196811023622
11
5.6363779527559057
21
-3.9794094488188976
0
LINE
8
BLACK
6
CONTINUOUS
10
5.6363779527559057
20
-3.9794094488188976
11
5.6363779527559057
21
-4.0286220472440943
0
LINE
8
BLACK
6
CONTINUOUS
10
5.6363779527559057
20
-4.0286220472440943
11
5.6357641732283463
21
-4.0328346850393704
0
LINE
8
BLACK
6
CONTINUOUS
10
5.6357641732283463
20
-4.0328346850393704
11
5.6336296456692914
21
-4.0372009448818895
0
LINE
8
BLACK
6
CONTINUOUS
10
5.6336296456692914
20
-4.0372009448818895
11
5.6301930708661416
21
-4.0406375196850393
0
LINE
8
BLACK
6
CONTINUOUS
10
5.6301930708661416
20
-4.0406375196850393
11
5.6258268110236216
21
-4.0427720472440942
0
LINE
8
BLACK
6
CONTINUOUS
10
5.6258268110236216
20
-4.0427720472440942
11
5.6216141732283464
21
-4.0433858267716536
0
LINE
8
BLACK
6
CONTINUOUS
10
5.6216141732283464
20
-4.0433858267716536
11
5.5920866141732279
21
-4.0433858267716536
0
LINE
8
BLACK
6
CONTINUOUS
10
5.5920866141732279
20
-4.0433858267716536
11
5.5878739763779528
21
-4.0427720472440942
0
LINE
8
BLACK
6
CONTINUOUS
10
5.5878739763779528
20
-4.0427720472440942
11
5.5835077165354328
21
-4.0406375196850393
0
LINE
8
BLACK
6
CONTINUOUS
10
5.5835077165354328
20
-4.0406375196850393
11
5.580071141732283
21
-4.0372009448818895
0
LINE
8
BLACK
6
CONTINUOUS
10
5.580071141732283
20
-4.0372009448818895
11
5.5779366141732281
21
-4.0328346850393704
0
LINE
8
BLACK
6
CONTINUOUS
10
5.5779366141732281
20
-4.0328346850393704
11
5.5773228346456696
21
-4.0286220472440943
0
LINE
8
BLACK
6
CONTINUOUS
10
5.5773228346456696
20
-4.0286220472440943
11
5.5773228346456696
21
-3.9794094488188976
0
LINE
8
BLACK
6
CONTINUOUS
10
5.5773228346456696
20
-3.9794094488188976
11
5.5779366141732281
21
-3.975196811023622
0
LINE
8
BLACK
6
CONTINUOUS
10
5.5779366141732281
20
-3.975196811023622
11
5.580071141732283
21
-3.9708305511811024
0
LINE
8
BLACK
6
CONTINUOUS
10
5.580071141732283
20
-3.9708305511811024
11
5.5835077165354328
21
-3.9673939763779527
0
LINE
8
BLACK
6
CONTINUOUS
10
5.5835077165354328
20
-3.9673939763779527
11
5.5878739763779528
21
-3.9652594488188977
0
LINE
8
BLACK
6
CONTINUOUS
10
5.5878739763779528
20
-3.9652594488188977
11
5.5920866141732279
21
-3.9646456692913383
0
LINE
8
BLACK
6
CONTINUOUS
10
5.5920866141732279
20
-3.9646456692913383
11
5.6216141732283464
21
-3.9646456692913383
0
LINE
8
BLACK
6
CONTINUOUS
10
5.6216141732283464
20
-3.9646456692913383
11
5.6258268110236216
21
-3.9652594488188977
0
LINE
8
BLACK
6
CONTINUOUS
10
5.1689528740157478
20
-3.9471424409448819
11
5.1708687401574798
21
-3.9484225984251968
0
LINE
8
BLACK
6
CONTINUOUS
10
5.1708687401574798
20
-3.9484225984251968
11
5.1721488976377952
21
-3.9503384645669288
0
LINE
8
BLACK
6
CONTINUOUS
10
5.1721488976377952
20
-3.9503384645669288
11
5.17259842519685
21
-3.9525984251968502
0
LINE
8
BLACK
6
CONTINUOUS
10
5.17259842519685
20
-3.9525984251968502
11
5.17259842519685
21
-3.9644094488188975
0
LINE
8
BLACK
6
CONTINUOUS
10
5.17259842519685
20
-3.9644094488188975
11
5.1721488976377952
21
-3.9666694094488189
0
LINE
8
BLACK
6
CONTINUOUS
10
5.1721488976377952
20
-3.9666694094488189
11
5.1708687401574798
21
-3.9685852755905513
0
LINE
8
BLACK
6
CONTINUOUS
10
5.1708687401574798
20
-3.9685852755905513
11
5.1689528740157478
21
-3.9698654330708663
0
LINE
8
BLACK
6
CONTINUOUS
10
5.1689528740157478
20
-3.9698654330708663
11
5.1666929133858268
21
-3.9703149606299211
0
LINE
8
BLACK
6
CONTINUOUS
10
5.1666929133858268
20
-3.9703149606299211
11
5.1115748031496064
21
-3.9703149606299211
0
LINE
8
BLACK
6
CONTINUOUS
10
5.1115748031496064
20
-3.9703149606299211
11
5.1093148425196846
21
-3.9698654330708663
0
LINE
8
BLACK
6
CONTINUOUS
10
5.1093148425196846
20
-3.9698654330708663
11
5.1073989763779526
21
-3.9685852755905513
0
LINE
8
BLACK
6
CONTINUOUS
10
5.1073989763779526
20
-3.9685852755905513
11
5.1061188188976381
21
-3.9666694094488189
0
LINE
8
BLACK
6
CONTINUOUS
10
5.1061188188976381
20
-3.9666694094488189
11
5.1056692913385824
21
-3.9644094488188975
0
LINE
8
BLACK
6
CONTINUOUS
10
5.1056692913385824
20
-3.9644094488188975
11
5.1056692913385824
21
-3.9525984251968502
0
LINE
8
BLACK
6
CONTINUOUS
10
5.1056692913385824
20
-3.9525984251968502
11
5.1061188188976381
21
-3.9503384645669288
0
LINE
8
BLACK
6
CONTINUOUS
10
5.1061188188976381
20
-3.9503384645669288
11
5.1073989763779526
21
-3.9484225984251968
0
LINE
8
BLACK
6
CONTINUOUS
10
5.1073989763779526
20
-3.9484225984251968
11
5.1093148425196846
21
-3.9471424409448819
0
LINE
8
BLACK
6
CONTINUOUS
10
5.1093148425196846
20
-3.9471424409448819
11
5.1115748031496064
21
-3.9466929133858266
0
LINE
8
BLACK
6
CONTINUOUS
10
5.1115748031496064
20
-3.9466929133858266
11
5.1666929133858268
21
-3.9466929133858266
0
LINE
8
BLACK
6
CONTINUOUS
10
5.1666929133858268
20
-3.9466929133858266
11
5.1689528740157478
21
-3.9471424409448819
0
LINE
8
BLACK
6
CONTINUOUS
10
5.9995316535433068
20
-3.9297294094488189
11
6.0024054724409446
21
-3.9316496456692911
0
LINE
8
BLACK
6
CONTINUOUS
10
6.0024054724409446
20
-3.9316496456692911
11
6.0043257086614172
21
-3.9345234645669289
0
LINE
8
BLACK
6
CONTINUOUS
10
6.0043257086614172
20
-3.9345234645669289
11
6.0049999999999999
21
-3.9379133858267714
0
LINE
8
BLACK
6
CONTINUOUS
10
6.0049999999999999
20
-3.9379133858267714
11
6.0049999999999999
21
-3.9556299212598423
0
LINE
8
BLACK
6
CONTINUOUS
10
6.0049999999999999
20
-3.9556299212598423
11
6.0043257086614172
21
-3.9590198425196848
0
LINE
8
BLACK
6
CONTINUOUS
10
6.0043257086614172
20
-3.9590198425196848
11
6.0024054724409446
21
-3.9618936614173226
0
LINE
8
BLACK
6
CONTINUOUS
10
6.0024054724409446
20
-3.9618936614173226
11
5.9995316535433068
21
-3.9638138976377952
0
LINE
8
BLACK
6
CONTINUOUS
10
5.9995316535433068
20
-3.9638138976377952
11
5.9961417322834647
21
-3.9644881889763779
0
LINE
8
BLACK
6
CONTINUOUS
10
5.9961417322834647
20
-3.9644881889763779
11
5.976456692913386
21
-3.9644881889763779
0
LINE
8
BLACK
6
CONTINUOUS
10
5.976456692913386
20
-3.9644881889763779
11
5.9730667716535431
21
-3.9638138976377952
0
LINE
8
BLACK
6
CONTINUOUS
10
5.9730667716535431
20
-3.9638138976377952
11
5.9701929527559052
21
-3.9618936614173226
0
LINE
8
BLACK
6
CONTINUOUS
10
5.9701929527559052
20
-3.9618936614173226
11
5.9682727165354326
21
-3.9590198425196848
0
LINE
8
BLACK
6
CONTINUOUS
10
5.9682727165354326
20
-3.9590198425196848
11
5.9675984251968499
21
-3.9556299212598423
0
LINE
8
BLACK
6
CONTINUOUS
10
5.9675984251968499
20
-3.9556299212598423
11
5.9675984251968499
21
-3.9379133858267714
0
LINE
8
BLACK
6
CONTINUOUS
10
5.9675984251968499
20
-3.9379133858267714
11
5.9682727165354326
21
-3.9345234645669289
0
LINE
8
BLACK
6
CONTINUOUS
10
5.9682727165354326
20
-3.9345234645669289
11
5.9701929527559052
21
-3.9316496456692911
0
LINE
8
BLACK
6
CONTINUOUS
10
5.9701929527559052
20
-3.9316496456692911
11
5.9730667716535431
21
-3.9297294094488189
0
LINE
8
BLACK
6
CONTINUOUS
10
5.9730667716535431
20
-3.9297294094488189
11
5.976456692913386
21
-3.9290551181102362
0
LINE
8
BLACK
6
CONTINUOUS
10
5.976456692913386
20
-3.9290551181102362
11
5.9961417322834647
21
-3.9290551181102362
0
LINE
8
BLACK
6
CONTINUOUS
10
5.9961417322834647
20
-3.9290551181102362
11
5.9995316535433068
21
-3.9297294094488189
0
LINE
8
BLACK
6
CONTINUOUS
10
6.4577823228346452
20
-3.8960444881889762
11
6.4609754724409445
21
-3.8981780708661415
0
LINE
8
BLACK
6
CONTINUOUS
10
6.4609754724409445
20
-3.8981780708661415
11
6.4631090551181103
21
-3.9013712204724409
0
LINE
8
BLACK
6
CONTINUOUS
10
6.4631090551181103
20
-3.9013712204724409
11
6.4638582677165353
21
-3.9051377952755906
0
LINE
8
BLACK
6
CONTINUOUS
10
6.4638582677165353
20
-3.9051377952755906
11
6.4638582677165353
21
-3.9307283464566929
0
LINE
8
BLACK
6
CONTINUOUS
10
6.4638582677165353
20
-3.9307283464566929
11
6.4631090551181103
21
-3.9344949212598426
0
LINE
8
BLACK
6
CONTINUOUS
10
6.4631090551181103
20
-3.9344949212598426
11
6.4609754724409445
21
-3.9376880708661415
0
LINE
8
BLACK
6
CONTINUOUS
10
6.4609754724409445
20
-3.9376880708661415
11
6.4577823228346452
21
-3.9398216535433068
0
LINE
8
BLACK
6
CONTINUOUS
10
6.4577823228346452
20
-3.9398216535433068
11
6.4540157480314964
21
-3.9405708661417322
0
LINE
8
BLACK
6
CONTINUOUS
10
6.4540157480314964
20
-3.9405708661417322
11
6.4185826771653538
21
-3.9405708661417322
0
LINE
8
BLACK
6
CONTINUOUS
10
6.4185826771653538
20
-3.9405708661417322
11
6.414816102362205
21
-3.9398216535433068
0
LINE
8
BLACK
6
CONTINUOUS
10
6.414816102362205
20
-3.9398216535433068
11
6.4116229527559057
21
-3.9376880708661415
0
LINE
8
BLACK
6
CONTINUOUS
10
6.4116229527559057
20
-3.9376880708661415
11
6.4094893700787399
21
-3.9344949212598426
0
LINE
8
BLACK
6
CONTINUOUS
10
6.4094893700787399
20
-3.9344949212598426
11
6.4087401574803149
21
-3.9307283464566929
0
LINE
8
BLACK
6
CONTINUOUS
10
6.4087401574803149
20
-3.9307283464566929
11
6.4087401574803149
21
-3.9051377952755906
0
LINE
8
BLACK
6
CONTINUOUS
10
6.4087401574803149
20
-3.9051377952755906
11
6.4094893700787399
21
-3.9013712204724409
0
LINE
8
BLACK
6
CONTINUOUS
10
6.4094893700787399
20
-3.9013712204724409
11
6.4116229527559057
21
-3.8981780708661415
0
LINE
8
BLACK
6
CONTINUOUS
10
6.4116229527559057
20
-3.8981780708661415
11
6.414816102362205
21
-3.8960444881889762
0
LINE
8
BLACK
6
CONTINUOUS
10
6.414816102362205
20
-3.8960444881889762
11
6.4185826771653538
21
-3.8952952755905512
0
LINE
8
BLACK
6
CONTINUOUS
10
6.4185826771653538
20
-3.8952952755905512
11
6.4540157480314964
21
-3.8952952755905512
0
LINE
8
BLACK
6
CONTINUOUS
10
6.4540157480314964
20
-3.8952952755905512
11
6.4577823228346452
21
-3.8960444881889762
0
LINE
8
BLACK
6
CONTINUOUS
10
5.2497061811023622
20
-3.8876466141732284
11
5.2522606692913385
21
-3.889353503937008
0
LINE
8
BLACK
6
CONTINUOUS
10
5.2522606692913385
20
-3.889353503937008
11
5.253967559055118
21
-3.8919079921259843
0
LINE
8
BLACK
6
CONTINUOUS
10
5.253967559055118
20
-3.8919079921259843
11
5.2545669291338584
21
-3.8949212598425196
0
LINE
8
BLACK
6
CONTINUOUS
10
5.2545669291338584
20
-3.8949212598425196
11
5.2545669291338584
21
-3.9165748031496062
0
LINE
8
BLACK
6
CONTINUOUS
10
5.2545669291338584
20
-3.9165748031496062
11
5.253967559055118
21
-3.9195880708661415
0
LINE
8
BLACK
6
CONTINUOUS
10
5.253967559055118
20
-3.9195880708661415
11
5.2522606692913385
21
-3.9221425590551182
0
LINE
8
BLACK
6
CONTINUOUS
10
5.2522606692913385
20
-3.9221425590551182
11
5.2497061811023622
21
-3.9238494488188977
0
LINE
8
BLACK
6
CONTINUOUS
10
5.2497061811023622
20
-3.9238494488188977
11
5.2466929133858269
21
-3.9244488188976376
0
LINE
8
BLACK
6
CONTINUOUS
10
5.2466929133858269
20
-3.9244488188976376
11
5.2309448818897639
21
-3.9244488188976376
0
LINE
8
BLACK
6
CONTINUOUS
10
5.2309448818897639
20
-3.9244488188976376
11
5.2279316141732286
21
-3.9238494488188977
0
LINE
8
BLACK
6
CONTINUOUS
10
5.2279316141732286
20
-3.9238494488188977
11
5.2253771259842514
21
-3.9221425590551182
0
LINE
8
BLACK
6
CONTINUOUS
10
5.2253771259842514
20
-3.9221425590551182
11
5.2236702362204719
21
-3.9195880708661415
0
LINE
8
BLACK
6
CONTINUOUS
10
5.2236702362204719
20
-3.9195880708661415
11
5.2230708661417324
21
-3.9165748031496062
0
LINE
8
BLACK
6
CONTINUOUS
10
5.2230708661417324
20
-3.9165748031496062
11
5.2230708661417324
21
-3.8949212598425196
0
LINE
8
BLACK
6
CONTINUOUS
10
5.2230708661417324
20
-3.8949212598425196
11
5.2236702362204719
21
-3.8919079921259843
0
LINE
8
BLACK
6
CONTINUOUS
10
5.2236702362204719
20
-3.8919079921259843
11
5.2253771259842514
21
-3.889353503937008
0
LINE
8
BLACK
6
CONTINUOUS
10
5.2253771259842514
20
-3.889353503937008
11
5.2279316141732286
21
-3.8876466141732284
0
LINE
8
BLACK
6
CONTINUOUS
10
5.2279316141732286
20
-3.8876466141732284
11
5.2309448818897639
21
-3.8870472440944881
0
LINE
8
BLACK
6
CONTINUOUS
10
5.2309448818897639
20
-3.8870472440944881
11
5.2466929133858269
21
-3.8870472440944881
0
LINE
8
BLACK
6
CONTINUOUS
10
5.2466929133858269
20
-3.8870472440944881
11
5.2497061811023622
21
-3.8876466141732284
0
LINE
8
BLACK
6
CONTINUOUS
10
5.3146668110236215
20
-3.8876466141732284
11
5.3172212992125987
21
-3.889353503937008
0
LINE
8
BLACK
6
CONTINUOUS
10
5.3172212992125987
20
-3.889353503937008
11
5.3189281889763782
21
-3.8919079921259843
0
LINE
8
BLACK
6
CONTINUOUS
10
5.3189281889763782
20
-3.8919079921259843
11
5.3195275590551176
21
-3.8949212598425196
0
LINE
8
BLACK
6
CONTINUOUS
10
5.3195275590551176
20
-3.8949212598425196
11
5.3195275590551176
21
-3.9165748031496062
0
LINE
8
BLACK
6
CONTINUOUS
10
5.3195275590551176
20
-3.9165748031496062
11
5.3189281889763782
21
-3.9195880708661415
0
LINE
8
BLACK
6
CONTINUOUS
10
5.3189281889763782
20
-3.9195880708661415
11
5.3172212992125987
21
-3.9221425590551182
0
LINE
8
BLACK
6
CONTINUOUS
10
5.3172212992125987
20
-3.9221425590551182
11
5.3146668110236215
21
-3.9238494488188977
0
LINE
8
BLACK
6
CONTINUOUS
10
5.3146668110236215
20
-3.9238494488188977
11
5.3116535433070862
21
-3.9244488188976376
0
LINE
8
BLACK
6
CONTINUOUS
10
5.3116535433070862
20
-3.9244488188976376
11
5.2959055118110232
21
-3.9244488188976376
0
LINE
8
BLACK
6
CONTINUOUS
10
5.2959055118110232
20
-3.9244488188976376
11
5.2928922440944879
21
-3.9238494488188977
0
LINE
8
BLACK
6
CONTINUOUS
10
5.2928922440944879
20
-3.9238494488188977
11
5.2903377559055116
21
-3.9221425590551182
0
LINE
8
BLACK
6
CONTINUOUS
10
5.2903377559055116
20
-3.9221425590551182
11
5.2886308661417321
21
-3.9195880708661415
0
LINE
8
BLACK
6
CONTINUOUS
10
5.2886308661417321
20
-3.9195880708661415
11
5.2880314960629917
21
-3.9165748031496062
0
LINE
8
BLACK
6
CONTINUOUS
10
5.2880314960629917
20
-3.9165748031496062
11
5.2880314960629917
21
-3.8949212598425196
0
LINE
8
BLACK
6
CONTINUOUS
10
5.2880314960629917
20
-3.8949212598425196
11
5.2886308661417321
21
-3.8919079921259843
0
LINE
8
BLACK
6
CONTINUOUS
10
5.2886308661417321
20
-3.8919079921259843
11
5.2903377559055116
21
-3.889353503937008
0
LINE
8
BLACK
6
CONTINUOUS
10
5.2903377559055116
20
-3.889353503937008
11
5.2928922440944879
21
-3.8876466141732284
0
LINE
8
BLACK
6
CONTINUOUS
10
5.2928922440944879
20
-3.8876466141732284
11
5.2959055118110232
21
-3.8870472440944881
0
LINE
8
BLACK
6
CONTINUOUS
10
5.2959055118110232
20
-3.8870472440944881
11
5.3116535433070862
21
-3.8870472440944881
0
LINE
8
BLACK
6
CONTINUOUS
10
5.3116535433070862
20
-3.8870472440944881
11
5.3146668110236215
21
-3.8876466141732284
0
LINE
8
BLACK
6
CONTINUOUS
10
5.1689528740157478
20
-3.8979298425196851
11
5.1708687401574798
21
-3.8992100000000001
0
LINE
8
BLACK
6
CONTINUOUS
10
5.1708687401574798
20
-3.8992100000000001
11
5.1721488976377952
21
-3.9011258661417321
0
LINE
8
BLACK
6
CONTINUOUS
10
5.1721488976377952
20
-3.9011258661417321
11
5.17259842519685
21
-3.9033858267716535
0
LINE
8
BLACK
6
CONTINUOUS
10
5.17259842519685
20
-3.9033858267716535
11
5.17259842519685
21
-3.9151968503937007
0
LINE
8
BLACK
6
CONTINUOUS
10
5.17259842519685
20
-3.9151968503937007
11
5.1721488976377952
21
-3.9174568110236221
0
LINE
8
BLACK
6
CONTINUOUS
10
5.1721488976377952
20
-3.9174568110236221
11
5.1708687401574798
21
-3.9193726771653541
0
LINE
8
BLACK
6
CONTINUOUS
10
5.1708687401574798
20
-3.9193726771653541
11
5.1689528740157478
21
-3.920652834645669
0
LINE
8
BLACK
6
CONTINUOUS
10
5.1689528740157478
20
-3.920652834645669
11
5.1666929133858268
21
-3.9211023622047243
0
LINE
8
BLACK
6
CONTINUOUS
10
5.1666929133858268
20
-3.9211023622047243
11
5.1115748031496064
21
-3.9211023622047243
0
LINE
8
BLACK
6
CONTINUOUS
10
5.1115748031496064
20
-3.9211023622047243
11
5.1093148425196846
21
-3.920652834645669
0
LINE
8
BLACK
6
CONTINUOUS
10
5.1093148425196846
20
-3.920652834645669
11
5.1073989763779526
21
-3.9193726771653541
0
LINE
8
BLACK
6
CONTINUOUS
10
5.1073989763779526
20
-3.9193726771653541
11
5.1061188188976381
21
-3.9174568110236221
0
LINE
8
BLACK
6
CONTINUOUS
10
5.1061188188976381
20
-3.9174568110236221
11
5.1056692913385824
21
-3.9151968503937007
0
LINE
8
BLACK
6
CONTINUOUS
10
5.1056692913385824
20
-3.9151968503937007
11
5.1056692913385824
21
-3.9033858267716535
0
LINE
8
BLACK
6
CONTINUOUS
10
5.1056692913385824
20
-3.9033858267716535
11
5.1061188188976381
21
-3.9011258661417321
0
LINE
8
BLACK
6
CONTINUOUS
10
5.1061188188976381
20
-3.9011258661417321
11
5.1073989763779526
21
-3.8992100000000001
0
LINE
8
BLACK
6
CONTINUOUS
10
5.1073989763779526
20
-3.8992100000000001
11
5.1093148425196846
21
-3.8979298425196851
0
LINE
8
BLACK
6
CONTINUOUS
10
5.1093148425196846
20
-3.8979298425196851
11
5.1115748031496064
21
-3.8974803149606299
0
LINE
8
BLACK
6
CONTINUOUS
10
5.1115748031496064
20
-3.8974803149606299
11
5.1666929133858268
21
-3.8974803149606299
0
LINE
8
BLACK
6
CONTINUOUS
10
5.1666929133858268
20
-3.8974803149606299
11
5.1689528740157478
21
-3.8979298425196851
0
LINE
8
BLACK
6
CONTINUOUS
10
5.7247665748031498
20
-3.8766153543307085
11
5.7279597244094491
21
-3.8787489370078738
0
LINE
8
BLACK
6
CONTINUOUS
10
5.7279597244094491
20
-3.8787489370078738
11
5.730093307086614
21
-3.8819420866141732
0
LINE
8
BLACK
6
CONTINUOUS
10
5.730093307086614
20
-3.8819420866141732
11
5.730842519685039
21
-3.8857086614173229
0
LINE
8
BLACK
6
CONTINUOUS
10
5.730842519685039
20
-3.8857086614173229
11
5.730842519685039
21
-3.9053937007874016
0
LINE
8
BLACK
6
CONTINUOUS
10
5.730842519685039
20
-3.9053937007874016
11
5.730093307086614
21
-3.9091602755905512
0
LINE
8
BLACK
6
CONTINUOUS
10
5.730093307086614
20
-3.9091602755905512
11
5.7279597244094491
21
-3.9123534251968501
0
LINE
8
BLACK
6
CONTINUOUS
10
5.7279597244094491
20
-3.9123534251968501
11
5.7247665748031498
21
-3.9144870078740155
0
LINE
8
BLACK
6
CONTINUOUS
10
5.7247665748031498
20
-3.9144870078740155
11
5.7210000000000001
21
-3.9152362204724409
0
LINE
8
BLACK
6
CONTINUOUS
10
5.7210000000000001
20
-3.9152362204724409
11
5.6835984251968501
21
-3.9152362204724409
0
LINE
8
BLACK
6
CONTINUOUS
10
5.6835984251968501
20
-3.9152362204724409
11
5.6798318503937004
21
-3.9144870078740155
0
LINE
8
BLACK
6
CONTINUOUS
10
5.6798318503937004
20
-3.9144870078740155
11
5.6766387007874011
21
-3.9123534251968501
0
LINE
8
BLACK
6
CONTINUOUS
10
5.6766387007874011
20
-3.9123534251968501
11
5.6745051181102362
21
-3.9091602755905512
0
LINE
8
BLACK
6
CONTINUOUS
10
5.6745051181102362
20
-3.9091602755905512
11
5.6737559055118112
21
-3.9053937007874016
0
LINE
8
BLACK
6
CONTINUOUS
10
5.6737559055118112
20
-3.9053937007874016
11
5.6737559055118112
21
-3.8857086614173229
0
LINE
8
BLACK
6
CONTINUOUS
10
5.6737559055118112
20
-3.8857086614173229
11
5.6745051181102362
21
-3.8819420866141732
0
LINE
8
BLACK
6
CONTINUOUS
10
5.6745051181102362
20
-3.8819420866141732
11
5.6766387007874011
21
-3.8787489370078738
0
LINE
8
BLACK
6
CONTINUOUS
10
5.6766387007874011
20
-3.8787489370078738
11
5.6798318503937004
21
-3.8766153543307085
0
LINE
8
BLACK
6
CONTINUOUS
10
5.6798318503937004
20
-3.8766153543307085
11
5.6835984251968501
21
-3.8758661417322835
0
LINE
8
BLACK
6
CONTINUOUS
10
5.6835984251968501
20
-3.8758661417322835
11
5.7210000000000001
21
-3.8758661417322835
0
LINE
8
BLACK
6
CONTINUOUS
10
5.7210000000000001
20
-3.8758661417322835
11
5.7247665748031498
21
-3.8766153543307085
0
LINE
8
BLACK
6
CONTINUOUS
10
6.0756760236220471
20
-3.8589381889763779
11
6.0788691732283464
21
-3.8610717716535432
0
LINE
8
BLACK
6
CONTINUOUS
10
6.0788691732283464
20
-3.8610717716535432
11
6.0810027559055113
21
-3.8642649212598426
0
LINE
8
BLACK
6
CONTINUOUS
10
6.0810027559055113
20
-3.8642649212598426
11
6.0817519685039372
21
-3.8680314960629922
0
LINE
8
BLACK
6
CONTINUOUS
10
6.0817519685039372
20
-3.8680314960629922
11
6.0817519685039372
21
-3.9034645669291339
0
LINE
8
BLACK
6
CONTINUOUS
10
6.0817519685039372
20
-3.9034645669291339
11
6.0810027559055113
21
-3.9072311417322836
0
LINE
8
BLACK
6
CONTINUOUS
10
6.0810027559055113
20
-3.9072311417322836
11
6.0788691732283464
21
-3.9104242913385825
0
LINE
8
BLACK
6
CONTINUOUS
10
6.0788691732283464
20
-3.9104242913385825
11
6.0756760236220471
21
-3.9125578740157478
0
LINE
8
BLACK
6
CONTINUOUS
10
6.0756760236220471
20
-3.9125578740157478
11
6.0719094488188974
21
-3.9133070866141733
0
LINE
8
BLACK
6
CONTINUOUS
10
6.0719094488188974
20
-3.9133070866141733
11
6.0463188976377955
21
-3.9133070866141733
0
LINE
8
BLACK
6
CONTINUOUS
10
6.0463188976377955
20
-3.9133070866141733
11
6.0425523228346458
21
-3.9125578740157478
0
LINE
8
BLACK
6
CONTINUOUS
10
6.0425523228346458
20
-3.9125578740157478
11
6.0393591732283465
21
-3.9104242913385825
0
LINE
8
BLACK
6
CONTINUOUS
10
6.0393591732283465
20
-3.9104242913385825
11
6.0372255905511807
21
-3.9072311417322836
0
LINE
8
BLACK
6
CONTINUOUS
10
6.0372255905511807
20
-3.9072311417322836
11
6.0364763779527557
21
-3.9034645669291339
0
LINE
8
BLACK
6
CONTINUOUS
10
6.0364763779527557
20
-3.9034645669291339
11
6.0364763779527557
21
-3.8680314960629922
0
LINE
8
BLACK
6
CONTINUOUS
10
6.0364763779527557
20
-3.8680314960629922
11
6.0372255905511807
21
-3.8642649212598426
0
LINE
8
BLACK
6
CONTINUOUS
10
6.0372255905511807
20
-3.8642649212598426
11
6.0393591732283465
21
-3.8610717716535432
0
LINE
8
BLACK
6
CONTINUOUS
10
6.0393591732283465
20
-3.8610717716535432
11
6.0425523228346458
21
-3.8589381889763779
0
LINE
8
BLACK
6
CONTINUOUS
10
6.0425523228346458
20
-3.8589381889763779
11
6.0463188976377955
21
-3.8581889763779529
0
LINE
8
BLACK
6
CONTINUOUS
10
6.0463188976377955
20
-3.8581889763779529
11
6.0719094488188974
21
-3.8581889763779529
0
LINE
8
BLACK
6
CONTINUOUS
10
6.0719094488188974
20
-3.8581889763779529
11
6.0756760236220471
21
-3.8589381889763779
0
LINE
8
BLACK
6
CONTINUOUS
10
6.1563846850393702
20
-3.8589381889763779
11
6.1595778346456695
21
-3.8610717716535432
0
LINE
8
BLACK
6
CONTINUOUS
10
6.1595778346456695
20
-3.8610717716535432
11
6.1617114173228344
21
-3.8642649212598426
0
LINE
8
BLACK
6
CONTINUOUS
10
6.1617114173228344
20
-3.8642649212598426
11
6.1624606299212594
21
-3.8680314960629922
0
LINE
8
BLACK
6
CONTINUOUS
10
6.1624606299212594
20
-3.8680314960629922
11
6.1624606299212594
21
-3.9034645669291339
0
LINE
8
BLACK
6
CONTINUOUS
10
6.1624606299212594
20
-3.9034645669291339
11
6.1617114173228344
21
-3.9072311417322836
0
LINE
8
BLACK
6
CONTINUOUS
10
6.1617114173228344
20
-3.9072311417322836
11
6.1595778346456695
21
-3.9104242913385825
0
LINE
8
BLACK
6
CONTINUOUS
10
6.1595778346456695
20
-3.9104242913385825
11
6.1563846850393702
21
-3.9125578740157478
0
LINE
8
BLACK
6
CONTINUOUS
10
6.1563846850393702
20
-3.9125578740157478
11
6.1526181102362205
21
-3.9133070866141733
0
LINE
8
BLACK
6
CONTINUOUS
10
6.1526181102362205
20
-3.9133070866141733
11
6.1270275590551178
21
-3.9133070866141733
0
LINE
8
BLACK
6
CONTINUOUS
10
6.1270275590551178
20
-3.9133070866141733
11
6.1232609842519681
21
-3.9125578740157478
0
LINE
8
BLACK
6
CONTINUOUS
10
6.1232609842519681
20
-3.9125578740157478
11
6.1200678346456687
21
-3.9104242913385825
0
LINE
8
BLACK
6
CONTINUOUS
10
6.1200678346456687
20
-3.9104242913385825
11
6.1179342519685038
21
-3.9072311417322836
0
LINE
8
BLACK
6
CONTINUOUS
10
6.1179342519685038
20
-3.9072311417322836
11
6.1171850393700788
21
-3.9034645669291339
0
LINE
8
BLACK
6
CONTINUOUS
10
6.1171850393700788
20
-3.9034645669291339
11
6.1171850393700788
21
-3.8680314960629922
0
LINE
8
BLACK
6
CONTINUOUS
10
6.1171850393700788
20
-3.8680314960629922
11
6.1179342519685038
21
-3.8642649212598426
0
LINE
8
BLACK
6
CONTINUOUS
10
6.1179342519685038
20
-3.8642649212598426
11
6.1200678346456687
21
-3.8610717716535432
0
LINE
8
BLACK
6
CONTINUOUS
10
6.1200678346456687
20
-3.8610717716535432
11
6.1232609842519681
21
-3.8589381889763779
0
LINE
8
BLACK
6
CONTINUOUS
10
6.1232609842519681
20
-3.8589381889763779
11
6.1270275590551178
21
-3.8581889763779529
0
LINE
8
BLACK
6
CONTINUOUS
10
6.1270275590551178
20
-3.8581889763779529
11
6.1526181102362205
21
-3.8581889763779529
0
LINE
8
BLACK
6
CONTINUOUS
10
6.1526181102362205
20
-3.8581889763779529
11
6.1563846850393702
21
-3.8589381889763779
0
LINE
8
BLACK
6
CONTINUOUS
10
6.2325237795275585
20
-3.8677215354330707
11
6.2353975984251964
21
-3.8696417716535434
0
LINE
8
BLACK
6
CONTINUOUS
10
6.2353975984251964
20
-3.8696417716535434
11
6.237317834645669
21
-3.8725155905511812
0
LINE
8
BLACK
6
CONTINUOUS
10
6.237317834645669
20
-3.8725155905511812
11
6.2379921259842517
21
-3.8759055118110237
0
LINE
8
BLACK
6
CONTINUOUS
10
6.2379921259842517
20
-3.8759055118110237
11
6.2379921259842517
21
-3.8955905511811024
0
LINE
8
BLACK
6
CONTINUOUS
10
6.2379921259842517
20
-3.8955905511811024
11
6.237317834645669
21
-3.8989804724409449
0
LINE
8
BLACK
6
CONTINUOUS
10
6.237317834645669
20
-3.8989804724409449
11
6.2353975984251964
21
-3.9018542913385827
0
LINE
8
BLACK
6
CONTINUOUS
10
6.2353975984251964
20
-3.9018542913385827
11
6.2325237795275585
21
-3.903774527559055
0
LINE
8
BLACK
6
CONTINUOUS
10
6.2325237795275585
20
-3.903774527559055
11
6.2291338582677165
21
-3.9044488188976376
0
LINE
8
BLACK
6
CONTINUOUS
10
6.2291338582677165
20
-3.9044488188976376
11
6.2114173228346452
21
-3.9044488188976376
0
LINE
8
BLACK
6
CONTINUOUS
10
6.2114173228346452
20
-3.9044488188976376
11
6.2080274015748032
21
-3.903774527559055
0
LINE
8
BLACK
6
CONTINUOUS
10
6.2080274015748032
20
-3.903774527559055
11
6.2051535826771653
21
-3.9018542913385827
0
LINE
8
BLACK
6
CONTINUOUS
10
6.2051535826771653
20
-3.9018542913385827
11
6.2032333464566927
21
-3.8989804724409449
0
LINE
8
BLACK
6
CONTINUOUS
10
6.2032333464566927
20
-3.8989804724409449
11
6.20255905511811
21
-3.8955905511811024
0
LINE
8
BLACK
6
CONTINUOUS
10
6.20255905511811
20
-3.8955905511811024
11
6.20255905511811
21
-3.8759055118110237
0
LINE
8
BLACK
6
CONTINUOUS
10
6.20255905511811
20
-3.8759055118110237
11
6.2032333464566927
21
-3.8725155905511812
0
LINE
8
BLACK
6
CONTINUOUS
10
6.2032333464566927
20
-3.8725155905511812
11
6.2051535826771653
21
-3.8696417716535434
0
LINE
8
BLACK
6
CONTINUOUS
10
6.2051535826771653
20
-3.8696417716535434
11
6.2080274015748032
21
-3.8677215354330707
0
LINE
8
BLACK
6
CONTINUOUS
10
6.2080274015748032
20
-3.8677215354330707
11
6.2114173228346452
21
-3.8670472440944881
0
LINE
8
BLACK
6
CONTINUOUS
10
6.2114173228346452
20
-3.8670472440944881
11
6.2291338582677165
21
-3.8670472440944881
0
LINE
8
BLACK
6
CONTINUOUS
10
6.2291338582677165
20
-3.8670472440944881
11
6.2325237795275585
21
-3.8677215354330707
0
LINE
8
BLACK
6
CONTINUOUS
10
6.293547401574803
20
-3.8677215354330707
11
6.2964212204724408
21
-3.8696417716535434
0
LINE
8
BLACK
6
CONTINUOUS
10
6.2964212204724408
20
-3.8696417716535434
11
6.2983414566929135
21
-3.8725155905511812
0
LINE
8
BLACK
6
CONTINUOUS
10
6.2983414566929135
20
-3.8725155905511812
11
6.2990157480314961
21
-3.8759055118110237
0
LINE
8
BLACK
6
CONTINUOUS
10
6.2990157480314961
20
-3.8759055118110237
11
6.2990157480314961
21
-3.8955905511811024
0
LINE
8
BLACK
6
CONTINUOUS
10
6.2990157480314961
20
-3.8955905511811024
11
6.2983414566929135
21
-3.8989804724409449
0
LINE
8
BLACK
6
CONTINUOUS
10
6.2983414566929135
20
-3.8989804724409449
11
6.2964212204724408
21
-3.9018542913385827
0
LINE
8
BLACK
6
CONTINUOUS
10
6.2964212204724408
20
-3.9018542913385827
11
6.293547401574803
21
-3.903774527559055
0
LINE
8
BLACK
6
CONTINUOUS
10
6.293547401574803
20
-3.903774527559055
11
6.2901574803149609
21
-3.9044488188976376
0
LINE
8
BLACK
6
CONTINUOUS
10
6.2901574803149609
20
-3.9044488188976376
11
6.2724409448818896
21
-3.9044488188976376
0
LINE
8
BLACK
6
CONTINUOUS
10
6.2724409448818896
20
-3.9044488188976376
11
6.2690510236220467
21
-3.903774527559055
0
LINE
8
BLACK
6
CONTINUOUS
10
6.2690510236220467
20
-3.903774527559055
11
6.2661772047244089
21
-3.9018542913385827
0
LINE
8
BLACK
6
CONTINUOUS
10
6.2661772047244089
20
-3.9018542913385827
11
6.2642569685039371
21
-3.8989804724409449
0
LINE
8
BLACK
6
CONTINUOUS
10
6.2642569685039371
20
-3.8989804724409449
11
6.2635826771653544
21
-3.8955905511811024
0
LINE
8
BLACK
6
CONTINUOUS
10
6.2635826771653544
20
-3.8955905511811024
11
6.2635826771653544
21
-3.8759055118110237
0
LINE
8
BLACK
6
CONTINUOUS
10
6.2635826771653544
20
-3.8759055118110237
11
6.2642569685039371
21
-3.8725155905511812
0
LINE
8
BLACK
6
CONTINUOUS
10
6.2642569685039371
20
-3.8725155905511812
11
6.2661772047244089
21
-3.8696417716535434
0
LINE
8
BLACK
6
CONTINUOUS
10
6.2661772047244089
20
-3.8696417716535434
11
6.2690510236220467
21
-3.8677215354330707
0
LINE
8
BLACK
6
CONTINUOUS
10
6.2690510236220467
20
-3.8677215354330707
11
6.2724409448818896
21
-3.8670472440944881
0
LINE
8
BLACK
6
CONTINUOUS
10
6.2724409448818896
20
-3.8670472440944881
11
6.2901574803149609
21
-3.8670472440944881
0
LINE
8
BLACK
6
CONTINUOUS
10
6.2901574803149609
20
-3.8670472440944881
11
6.293547401574803
21
-3.8677215354330707
0
LINE
8
BLACK
6
CONTINUOUS
10
5.9995316535433068
20
-3.8687057874015749
11
6.0024054724409446
21
-3.8706260236220471
0
LINE
8
BLACK
6
CONTINUOUS
10
6.0024054724409446
20
-3.8706260236220471
11
6.0043257086614172
21
-3.8734998425196849
0
LINE
8
BLACK
6
CONTINUOUS
10
6.0043257086614172
20
-3.8734998425196849
11
6.0049999999999999
21
-3.8768897637795274
0
LINE
8
BLACK
6
CONTINUOUS
10
6.0049999999999999
20
-3.8768897637795274
11
6.0049999999999999
21
-3.8946062992125983
0
LINE
8
BLACK
6
CONTINUOUS
10
6.0049999999999999
20
-3.8946062992125983
11
6.0043257086614172
21
-3.8979962204724408
0
LINE
8
BLACK
6
CONTINUOUS
10
6.0043257086614172
20
-3.8979962204724408
11
6.0024054724409446
21
-3.9008700393700786
0
LINE
8
BLACK
6
CONTINUOUS
10
6.0024054724409446
20
-3.9008700393700786
11
5.9995316535433068
21
-3.9027902755905512
0
LINE
8
BLACK
6
CONTINUOUS
10
5.9995316535433068
20
-3.9027902755905512
11
5.9961417322834647
21
-3.9034645669291339
0
LINE
8
BLACK
6
CONTINUOUS
10
5.9961417322834647
20
-3.9034645669291339
11
5.976456692913386
21
-3.9034645669291339
0
LINE
8
BLACK
6
CONTINUOUS
10
5.976456692913386
20
-3.9034645669291339
11
5.9730667716535431
21
-3.9027902755905512
0
LINE
8
BLACK
6
CONTINUOUS
10
5.9730667716535431
20
-3.9027902755905512
11
5.9701929527559052
21
-3.9008700393700786
0
LINE
8
BLACK
6
CONTINUOUS
10
5.9701929527559052
20
-3.9008700393700786
11
5.9682727165354326
21
-3.8979962204724408
0
LINE
8
BLACK
6
CONTINUOUS
10
5.9682727165354326
20
-3.8979962204724408
11
5.9675984251968499
21
-3.8946062992125983
0
LINE
8
BLACK
6
CONTINUOUS
10
5.9675984251968499
20
-3.8946062992125983
11
5.9675984251968499
21
-3.8768897637795274
0
LINE
8
BLACK
6
CONTINUOUS
10
5.9675984251968499
20
-3.8768897637795274
11
5.9682727165354326
21
-3.8734998425196849
0
LINE
8
BLACK
6
CONTINUOUS
10
5.9682727165354326
20
-3.8734998425196849
11
5.9701929527559052
21
-3.8706260236220471
0
LINE
8
BLACK
6
CONTINUOUS
10
5.9701929527559052
20
-3.8706260236220471
11
5.9730667716535431
21
-3.8687057874015749
0
LINE
8
BLACK
6
CONTINUOUS
10
5.9730667716535431
20
-3.8687057874015749
11
5.976456692913386
21
-3.8680314960629922
0
LINE
8
BLACK
6
CONTINUOUS
10
5.976456692913386
20
-3.8680314960629922
11
5.9961417322834647
21
-3.8680314960629922
0
LINE
8
BLACK
6
CONTINUOUS
10
5.9961417322834647
20
-3.8680314960629922
11
5.9995316535433068
21
-3.8687057874015749
0
LINE
8
BLACK
6
CONTINUOUS
10
5.1689528740157478
20
-3.8487172440944879
11
5.1708687401574798
21
-3.8499974015748029
0
LINE
8
BLACK
6
CONTINUOUS
10
5.1708687401574798
20
-3.8499974015748029
11
5.1721488976377952
21
-3.8519132677165353
0
LINE
8
BLACK
6
CONTINUOUS
10
5.1721488976377952
20
-3.8519132677165353
11
5.17259842519685
21
-3.8541732283464567
0
LINE
8
BLACK
6
CONTINUOUS
10
5.17259842519685
20
-3.8541732283464567
11
5.17259842519685
21
-3.8659842519685039
0
LINE
8
BLACK
6
CONTINUOUS
10
5.17259842519685
20
-3.8659842519685039
11
5.1721488976377952
21
-3.8682442125984253
0
LINE
8
BLACK
6
CONTINUOUS
10
5.1721488976377952
20
-3.8682442125984253
11
5.1708687401574798
21
-3.8701600787401573
0
LINE
8
BLACK
6
CONTINUOUS
10
5.1708687401574798
20
-3.8701600787401573
11
5.1689528740157478
21
-3.8714402362204723
0
LINE
8
BLACK
6
CONTINUOUS
10
5.1689528740157478
20
-3.8714402362204723
11
5.1666929133858268
21
-3.8718897637795275
0
LINE
8
BLACK
6
CONTINUOUS
10
5.1666929133858268
20
-3.8718897637795275
11
5.1115748031496064
21
-3.8718897637795275
0
LINE
8
BLACK
6
CONTINUOUS
10
5.1115748031496064
20
-3.8718897637795275
11
5.1093148425196846
21
-3.8714402362204723
0
LINE
8
BLACK
6
CONTINUOUS
10
5.1093148425196846
20
-3.8714402362204723
11
5.1073989763779526
21
-3.8701600787401573
0
LINE
8
BLACK
6
CONTINUOUS
10
5.1073989763779526
20
-3.8701600787401573
11
5.1061188188976381
21
-3.8682442125984253
0
LINE
8
BLACK
6
CONTINUOUS
10
5.1061188188976381
20
-3.8682442125984253
11
5.1056692913385824
21
-3.8659842519685039
0
LINE
8
BLACK
6
CONTINUOUS
10
5.1056692913385824
20
-3.8659842519685039
11
5.1056692913385824
21
-3.8541732283464567
0
LINE
8
BLACK
6
CONTINUOUS
10
5.1056692913385824
20
-3.8541732283464567
11
5.1061188188976381
21
-3.8519132677165353
0
LINE
8
BLACK
6
CONTINUOUS
10
5.1061188188976381
20
-3.8519132677165353
11
5.1073989763779526
21
-3.8499974015748029
0
LINE
8
BLACK
6
CONTINUOUS
10
5.1073989763779526
20
-3.8499974015748029
11
5.1093148425196846
21
-3.8487172440944879
0
LINE
8
BLACK
6
CONTINUOUS
10
5.1093148425196846
20
-3.8487172440944879
11
5.1115748031496064
21
-3.8482677165354331
0
LINE
8
BLACK
6
CONTINUOUS
10
5.1115748031496064
20
-3.8482677165354331
11
5.1666929133858268
21
-3.8482677165354331
0
LINE
8
BLACK
6
CONTINUOUS
10
5.1666929133858268
20
-3.8482677165354331
11
5.1689528740157478
21
-3.8487172440944879
0
LINE
8
BLACK
6
CONTINUOUS
10
5.9327823228346457
20
-3.8210444881889765
11
5.935975472440945
21
-3.8231780708661418
0
LINE
8
BLACK
6
CONTINUOUS
10
5.935975472440945
20
-3.8231780708661418
11
5.9381090551181099
21
-3.8263712204724407
0
LINE
8
BLACK
6
CONTINUOUS
10
5.9381090551181099
20
-3.8263712204724407
11
5.9388582677165349
21
-3.8301377952755904
0
LINE
8
BLACK
6
CONTINUOUS
10
5.9388582677165349
20
-3.8301377952755904
11
5.9388582677165349
21
-3.8557283464566927
0
LINE
8
BLACK
6
CONTINUOUS
10
5.9388582677165349
20
-3.8557283464566927
11
5.9381090551181099
21
-3.8594949212598424
0
LINE
8
BLACK
6
CONTINUOUS
10
5.9381090551181099
20
-3.8594949212598424
11
5.935975472440945
21
-3.8626880708661417
0
LINE
8
BLACK
6
CONTINUOUS
10
5.935975472440945
20
-3.8626880708661417
11
5.9327823228346457
21
-3.8648216535433071
0
LINE
8
BLACK
6
CONTINUOUS
10
5.9327823228346457
20
-3.8648216535433071
11
5.929015748031496
21
-3.8655708661417321
0
LINE
8
BLACK
6
CONTINUOUS
10
5.929015748031496
20
-3.8655708661417321
11
5.8935826771653543
21
-3.8655708661417321
0
LINE
8
BLACK
6
CONTINUOUS
10
5.8935826771653543
20
-3.8655708661417321
11
5.8898161023622047
21
-3.8648216535433071
0
LINE
8
BLACK
6
CONTINUOUS
10
5.8898161023622047
20
-3.8648216535433071
11
5.8866229527559053
21
-3.8626880708661417
0
LINE
8
BLACK
6
CONTINUOUS
10
5.8866229527559053
20
-3.8626880708661417
11
5.8844893700787404
21
-3.8594949212598424
0
LINE
8
BLACK
6
CONTINUOUS
10
5.8844893700787404
20
-3.8594949212598424
11
5.8837401574803145
21
-3.8557283464566927
0
LINE
8
BLACK
6
CONTINUOUS
10
5.8837401574803145
20
-3.8557283464566927
11
5.8837401574803145
21
-3.8301377952755904
0
LINE
8
BLACK
6
CONTINUOUS
10
5.8837401574803145
20
-3.8301377952755904
11
5.8844893700787404
21
-3.8263712204724407
0
LINE
8
BLACK
6
CONTINUOUS
10
5.8844893700787404
20
-3.8263712204724407
11
5.8866229527559053
21
-3.8231780708661418
0
LINE
8
BLACK
6
CONTINUOUS
10
5.8866229527559053
20
-3.8231780708661418
11
5.8898161023622047
21
-3.8210444881889765
0
LINE
8
BLACK
6
CONTINUOUS
10
5.8898161023622047
20
-3.8210444881889765
11
5.8935826771653543
21
-3.820295275590551
0
LINE
8
BLACK
6
CONTINUOUS
10
5.8935826771653543
20
-3.820295275590551
11
5.929015748031496
21
-3.820295275590551
0
LINE
8
BLACK
6
CONTINUOUS
10
5.929015748031496
20
-3.820295275590551
11
5.9327823228346457
21
-3.8210444881889765
0
LINE
8
BLACK
6
CONTINUOUS
10
6.6482480314960632
20
-3.8640157480314961
11
6.5203346456692914
21
-3.8640157480314961
0
LINE
8
BLACK
6
CONTINUOUS
10
6.5203346456692914
20
-3.8640157480314961
11
6.5203346456692914
21
-3.8069291338582678
0
LINE
8
BLACK
6
CONTINUOUS
10
6.5203346456692914
20
-3.8069291338582678
11
6.6482480314960632
21
-3.8069291338582678
0
LINE
8
BLACK
6
CONTINUOUS
10
6.6482480314960632
20
-3.8069291338582678
11
6.6482480314960632
21
-3.8640157480314961
0
LINE
8
BLACK
6
CONTINUOUS
10
6.4577823228346452
20
-3.8153358267716535
11
6.4609754724409445
21
-3.8174694094488189
0
LINE
8
BLACK
6
CONTINUOUS
10
6.4609754724409445
20
-3.8174694094488189
11
6.4631090551181103
21
-3.8206625590551182
0
LINE
8
BLACK
6
CONTINUOUS
10
6.4631090551181103
20
-3.8206625590551182
11
6.4638582677165353
21
-3.8244291338582674
0
LINE
8
BLACK
6
CONTINUOUS
10
6.4638582677165353
20
-3.8244291338582674
11
6.4638582677165353
21
-3.8500196850393702
0
LINE
8
BLACK
6
CONTINUOUS
10
6.4638582677165353
20
-3.8500196850393702
11
6.4631090551181103
21
-3.8537862598425194
0
LINE
8
BLACK
6
CONTINUOUS
10
6.4631090551181103
20
-3.8537862598425194
11
6.4609754724409445
21
-3.8569794094488188
0
LINE
8
BLACK
6
CONTINUOUS
10
6.4609754724409445
20
-3.8569794094488188
11
6.4577823228346452
21
-3.8591129921259841
0
LINE
8
BLACK
6
CONTINUOUS
10
6.4577823228346452
20
-3.8591129921259841
11
6.4540157480314964
21
-3.8598622047244096
0
LINE
8
BLACK
6
CONTINUOUS
10
6.4540157480314964
20
-3.8598622047244096
11
6.4185826771653538
21
-3.8598622047244096
0
LINE
8
BLACK
6
CONTINUOUS
10
6.4185826771653538
20
-3.8598622047244096
11
6.414816102362205
21
-3.8591129921259841
0
LINE
8
BLACK
6
CONTINUOUS
10
6.414816102362205
20
-3.8591129921259841
11
6.4116229527559057
21
-3.8569794094488188
0
LINE
8
BLACK
6
CONTINUOUS
10
6.4116229527559057
20
-3.8569794094488188
11
6.4094893700787399
21
-3.8537862598425194
0
LINE
8
BLACK
6
CONTINUOUS
10
6.4094893700787399
20
-3.8537862598425194
11
6.4087401574803149
21
-3.8500196850393702
0
LINE
8
BLACK
6
CONTINUOUS
10
6.4087401574803149
20
-3.8500196850393702
11
6.4087401574803149
21
-3.8244291338582674
0
LINE
8
BLACK
6
CONTINUOUS
10
6.4087401574803149
20
-3.8244291338582674
11
6.4094893700787399
21
-3.8206625590551182
0
LINE
8
BLACK
6
CONTINUOUS
10
6.4094893700787399
20
-3.8206625590551182
11
6.4116229527559057
21
-3.8174694094488189
0
LINE
8
BLACK
6
CONTINUOUS
10
6.4116229527559057
20
-3.8174694094488189
11
6.414816102362205
21
-3.8153358267716535
0
LINE
8
BLACK
6
CONTINUOUS
10
6.414816102362205
20
-3.8153358267716535
11
6.4185826771653538
21
-3.8145866141732281
0
LINE
8
BLACK
6
CONTINUOUS
10
6.4185826771653538
20
-3.8145866141732281
11
6.4540157480314964
21
-3.8145866141732281
0
LINE
8
BLACK
6
CONTINUOUS
10
6.4540157480314964
20
-3.8145866141732281
11
6.4577823228346452
21
-3.8153358267716535
0
LINE
8
BLACK
6
CONTINUOUS
10
5.2522258661417318
20
-3.8126466141732283
11
5.2547803543307081
21
-3.8143535039370078
0
LINE
8
BLACK
6
CONTINUOUS
10
5.2547803543307081
20
-3.8143535039370078
11
5.2564872440944876
21
-3.8169079921259841
0
LINE
8
BLACK
6
CONTINUOUS
10
5.2564872440944876
20
-3.8169079921259841
11
5.257086614173228
21
-3.8199212598425194
0
LINE
8
BLACK
6
CONTINUOUS
10
5.257086614173228
20
-3.8199212598425194
11
5.257086614173228
21
-3.8415748031496064
0
LINE
8
BLACK
6
CONTINUOUS
10
5.257086614173228
20
-3.8415748031496064
11
5.2564872440944876
21
-3.8445880708661417
0
LINE
8
BLACK
6
CONTINUOUS
10
5.2564872440944876
20
-3.8445880708661417
11
5.2547803543307081
21
-3.847142559055118
0
LINE
8
BLACK
6
CONTINUOUS
10
5.2547803543307081
20
-3.847142559055118
11
5.2522258661417318
21
-3.8488494488188976
0
LINE
8
BLACK
6
CONTINUOUS
10
5.2522258661417318
20
-3.8488494488188976
11
5.2492125984251965
21
-3.8494488188976379
0
LINE
8
BLACK
6
CONTINUOUS
10
5.2492125984251965
20
-3.8494488188976379
11
5.2334645669291335
21
-3.8494488188976379
0
LINE
8
BLACK
6
CONTINUOUS
10
5.2334645669291335
20
-3.8494488188976379
11
5.2304512992125982
21
-3.8488494488188976
0
LINE
8
BLACK
6
CONTINUOUS
10
5.2304512992125982
20
-3.8488494488188976
11
5.2278968110236219
21
-3.847142559055118
0
LINE
8
BLACK
6
CONTINUOUS
10
5.2278968110236219
20
-3.847142559055118
11
5.2261899212598424
21
-3.8445880708661417
0
LINE
8
BLACK
6
CONTINUOUS
10
5.2261899212598424
20
-3.8445880708661417
11
5.2255905511811021
21
-3.8415748031496064
0
LINE
8
BLACK
6
CONTINUOUS
10
5.2255905511811021
20
-3.8415748031496064
11
5.2255905511811021
21
-3.8199212598425194
0
LINE
8
BLACK
6
CONTINUOUS
10
5.2255905511811021
20
-3.8199212598425194
11
5.2261899212598424
21
-3.8169079921259841
0
LINE
8
BLACK
6
CONTINUOUS
10
5.2261899212598424
20
-3.8169079921259841
11
5.2278968110236219
21
-3.8143535039370078
0
LINE
8
BLACK
6
CONTINUOUS
10
5.2278968110236219
20
-3.8143535039370078
11
5.2304512992125982
21
-3.8126466141732283
0
LINE
8
BLACK
6
CONTINUOUS
10
5.2304512992125982
20
-3.8126466141732283
11
5.2334645669291335
21
-3.8120472440944879
0
LINE
8
BLACK
6
CONTINUOUS
10
5.2334645669291335
20
-3.8120472440944879
11
5.2492125984251965
21
-3.8120472440944879
0
LINE
8
BLACK
6
CONTINUOUS
10
5.2492125984251965
20
-3.8120472440944879
11
5.2522258661417318
21
-3.8126466141732283
0
LINE
8
BLACK
6
CONTINUOUS
10
5.317186496062992
20
-3.8126466141732283
11
5.3197409842519683
21
-3.8143535039370078
0
LINE
8
BLACK
6
CONTINUOUS
10
5.3197409842519683
20
-3.8143535039370078
11
5.3214478740157478
21
-3.8169079921259841
0
LINE
8
BLACK
6
CONTINUOUS
10
5.3214478740157478
20
-3.8169079921259841
11
5.3220472440944881
21
-3.8199212598425194
0
LINE
8
BLACK
6
CONTINUOUS
10
5.3220472440944881
20
-3.8199212598425194
11
5.3220472440944881
21
-3.8415748031496064
0
LINE
8
BLACK
6
CONTINUOUS
10
5.3220472440944881
20
-3.8415748031496064
11
5.3214478740157478
21
-3.8445880708661417
0
LINE
8
BLACK
6
CONTINUOUS
10
5.3214478740157478
20
-3.8445880708661417
11
5.3197409842519683
21
-3.847142559055118
0
LINE
8
BLACK
6
CONTINUOUS
10
5.3197409842519683
20
-3.847142559055118
11
5.317186496062992
21
-3.8488494488188976
0
LINE
8
BLACK
6
CONTINUOUS
10
5.317186496062992
20
-3.8488494488188976
11
5.3141732283464567
21
-3.8494488188976379
0
LINE
8
BLACK
6
CONTINUOUS
10
5.3141732283464567
20
-3.8494488188976379
11
5.2984251968503937
21
-3.8494488188976379
0
LINE
8
BLACK
6
CONTINUOUS
10
5.2984251968503937
20
-3.8494488188976379
11
5.2954119291338584
21
-3.8488494488188976
0
LINE
8
BLACK
6
CONTINUOUS
10
5.2954119291338584
20
-3.8488494488188976
11
5.2928574409448821
21
-3.847142559055118
0
LINE
8
BLACK
6
CONTINUOUS
10
5.2928574409448821
20
-3.847142559055118
11
5.2911505511811026
21
-3.8445880708661417
0
LINE
8
BLACK
6
CONTINUOUS
10
5.2911505511811026
20
-3.8445880708661417
11
5.2905511811023622
21
-3.8415748031496064
0
LINE
8
BLACK
6
CONTINUOUS
10
5.2905511811023622
20
-3.8415748031496064
11
5.2905511811023622
21
-3.8199212598425194
0
LINE
8
BLACK
6
CONTINUOUS
10
5.2905511811023622
20
-3.8199212598425194
11
5.2911505511811026
21
-3.8169079921259841
0
LINE
8
BLACK
6
CONTINUOUS
10
5.2911505511811026
20
-3.8169079921259841
11
5.2928574409448821
21
-3.8143535039370078
0
LINE
8
BLACK
6
CONTINUOUS
10
5.2928574409448821
20
-3.8143535039370078
11
5.2954119291338584
21
-3.8126466141732283
0
LINE
8
BLACK
6
CONTINUOUS
10
5.2954119291338584
20
-3.8126466141732283
11
5.2984251968503937
21
-3.8120472440944879
0
LINE
8
BLACK
6
CONTINUOUS
10
5.2984251968503937
20
-3.8120472440944879
11
5.3141732283464567
21
-3.8120472440944879
0
LINE
8
BLACK
6
CONTINUOUS
10
5.3141732283464567
20
-3.8120472440944879
11
5.317186496062992
21
-3.8126466141732283
0
LINE
8
BLACK
6
CONTINUOUS
10
5.7247665748031498
20
-3.8018122047244094
11
5.7279597244094491
21
-3.8039457874015747
0
LINE
8
BLACK
6
CONTINUOUS
10
5.7279597244094491
20
-3.8039457874015747
11
5.730093307086614
21
-3.8071389370078741
0
LINE
8
BLACK
6
CONTINUOUS
10
5.730093307086614
20
-3.8071389370078741
11
5.730842519685039
21
-3.8109055118110233
0
LINE
8
BLACK
6
CONTINUOUS
10
5.730842519685039
20
-3.8109055118110233
11
5.730842519685039
21
-3.8305905511811025
0
LINE
8
BLACK
6
CONTINUOUS
10
5.730842519685039
20
-3.8305905511811025
11
5.730093307086614
21
-3.8343571259842517
0
LINE
8
BLACK
6
CONTINUOUS
10
5.730093307086614
20
-3.8343571259842517
11
5.7279597244094491
21
-3.8375502755905511
0
LINE
8
BLACK
6
CONTINUOUS
10
5.7279597244094491
20
-3.8375502755905511
11
5.7247665748031498
21
-3.8396838582677164
0
LINE
8
BLACK
6
CONTINUOUS
10
5.7247665748031498
20
-3.8396838582677164
11
5.7210000000000001
21
-3.8404330708661418
0
LINE
8
BLACK
6
CONTINUOUS
10
5.7210000000000001
20
-3.8404330708661418
11
5.6835984251968501
21
-3.8404330708661418
0
LINE
8
BLACK
6
CONTINUOUS
10
5.6835984251968501
20
-3.8404330708661418
11
5.6798318503937004
21
-3.8396838582677164
0
LINE
8
BLACK
6
CONTINUOUS
10
5.6798318503937004
20
-3.8396838582677164
11
5.6766387007874011
21
-3.8375502755905511
0
LINE
8
BLACK
6
CONTINUOUS
10
5.6766387007874011
20
-3.8375502755905511
11
5.6745051181102362
21
-3.8343571259842517
0
LINE
8
BLACK
6
CONTINUOUS
10
5.6745051181102362
20
-3.8343571259842517
11
5.6737559055118112
21
-3.8305905511811025
0
LINE
8
BLACK
6
CONTINUOUS
10
5.6737559055118112
20
-3.8305905511811025
11
5.6737559055118112
21
-3.8109055118110233
0
LINE
8
BLACK
6
CONTINUOUS
10
5.6737559055118112
20
-3.8109055118110233
11
5.6745051181102362
21
-3.8071389370078741
0
LINE
8
BLACK
6
CONTINUOUS
10
5.6745051181102362
20
-3.8071389370078741
11
5.6766387007874011
21
-3.8039457874015747
0
LINE
8
BLACK
6
CONTINUOUS
10
5.6766387007874011
20
-3.8039457874015747
11
5.6798318503937004
21
-3.8018122047244094
0
LINE
8
BLACK
6
CONTINUOUS
10
5.6798318503937004
20
-3.8018122047244094
11
5.6835984251968501
21
-3.801062992125984
0
LINE
8
BLACK
6
CONTINUOUS
10
5.6835984251968501
20
-3.801062992125984
11
5.7210000000000001
21
-3.801062992125984
0
LINE
8
BLACK
6
CONTINUOUS
10
5.7210000000000001
20
-3.801062992125984
11
5.7247665748031498
21
-3.8018122047244094
0
LINE
8
BLACK
6
CONTINUOUS
10
5.1689528740157478
20
-3.7995046456692911
11
5.1708687401574798
21
-3.8007848031496061
0
LINE
8
BLACK
6
CONTINUOUS
10
5.1708687401574798
20
-3.8007848031496061
11
5.1721488976377952
21
-3.8027006692913385
0
LINE
8
BLACK
6
CONTINUOUS
10
5.1721488976377952
20
-3.8027006692913385
11
5.17259842519685
21
-3.8049606299212599
0
LINE
8
BLACK
6
CONTINUOUS
10
5.17259842519685
20
-3.8049606299212599
11
5.17259842519685
21
-3.8167716535433072
0
LINE
8
BLACK
6
CONTINUOUS
10
5.17259842519685
20
-3.8167716535433072
11
5.1721488976377952
21
-3.8190316141732281
0
LINE
8
BLACK
6
CONTINUOUS
10
5.1721488976377952
20
-3.8190316141732281
11
5.1708687401574798
21
-3.8209474803149606
0
LINE
8
BLACK
6
CONTINUOUS
10
5.1708687401574798
20
-3.8209474803149606
11
5.1689528740157478
21
-3.8222276377952755
0
LINE
8
BLACK
6
CONTINUOUS
10
5.1689528740157478
20
-3.8222276377952755
11
5.1666929133858268
21
-3.8226771653543308
0
LINE
8
BLACK
6
CONTINUOUS
10
5.1666929133858268
20
-3.8226771653543308
11
5.1115748031496064
21
-3.8226771653543308
0
LINE
8
BLACK
6
CONTINUOUS
10
5.1115748031496064
20
-3.8226771653543308
11
5.1093148425196846
21
-3.8222276377952755
0
LINE
8
BLACK
6
CONTINUOUS
10
5.1093148425196846
20
-3.8222276377952755
11
5.1073989763779526
21
-3.8209474803149606
0
LINE
8
BLACK
6
CONTINUOUS
10
5.1073989763779526
20
-3.8209474803149606
11
5.1061188188976381
21
-3.8190316141732281
0
LINE
8
BLACK
6
CONTINUOUS
10
5.1061188188976381
20
-3.8190316141732281
11
5.1056692913385824
21
-3.8167716535433072
0
LINE
8
BLACK
6
CONTINUOUS
10
5.1056692913385824
20
-3.8167716535433072
11
5.1056692913385824
21
-3.8049606299212599
0
LINE
8
BLACK
6
CONTINUOUS
10
5.1056692913385824
20
-3.8049606299212599
11
5.1061188188976381
21
-3.8027006692913385
0
LINE
8
BLACK
6
CONTINUOUS
10
5.1061188188976381
20
-3.8027006692913385
11
5.1073989763779526
21
-3.8007848031496061
0
LINE
8
BLACK
6
CONTINUOUS
10
5.1073989763779526
20
-3.8007848031496061
11
5.1093148425196846
21
-3.7995046456692911
0
LINE
8
BLACK
6
CONTINUOUS
10
5.1093148425196846
20
-3.7995046456692911
11
5.1115748031496064
21
-3.7990551181102363
0
LINE
8
BLACK
6
CONTINUOUS
10
5.1115748031496064
20
-3.7990551181102363
11
5.1666929133858268
21
-3.7990551181102363
0
LINE
8
BLACK
6
CONTINUOUS
10
5.1666929133858268
20
-3.7990551181102363
11
5.1689528740157478
21
-3.7995046456692911
0
LINE
8
BLACK
6
CONTINUOUS
10
5.575601692913386
20
-3.7170640551181102
11
5.5808513385826775
21
-3.719022086614173
0
LINE
8
BLACK
6
CONTINUOUS
10
5.5808513385826775
20
-3.719022086614173
11
5.5853367322834648
21
-3.722379803149606
0
LINE
8
BLACK
6
CONTINUOUS
10
5.5853367322834648
20
-3.722379803149606
11
5.5886944488188979
21
-3.7268651968503934
0
LINE
8
BLACK
6
CONTINUOUS
10
5.5886944488188979
20
-3.7268651968503934
11
5.5906524803149606
21
-3.7321148425196848
0
LINE
8
BLACK
6
CONTINUOUS
10
5.5906524803149606
20
-3.7321148425196848
11
5.5911023622047242
21
-3.7362992125984249
0
LINE
8
BLACK
6
CONTINUOUS
10
5.5911023622047242
20
-3.7362992125984249
11
5.5911023622047242
21
-3.7756692913385828
0
LINE
8
BLACK
6
CONTINUOUS
10
5.5911023622047242
20
-3.7756692913385828
11
5.5906524803149606
21
-3.7798536614173228
0
LINE
8
BLACK
6
CONTINUOUS
10
5.5906524803149606
20
-3.7798536614173228
11
5.5886944488188979
21
-3.7851033070866142
0
LINE
8
BLACK
6
CONTINUOUS
10
5.5886944488188979
20
-3.7851033070866142
11
5.5853367322834648
21
-3.7895887007874016
0
LINE
8
BLACK
6
CONTINUOUS
10
5.5853367322834648
20
-3.7895887007874016
11
5.5808513385826775
21
-3.7929464173228347
0
LINE
8
BLACK
6
CONTINUOUS
10
5.5808513385826775
20
-3.7929464173228347
11
5.575601692913386
21
-3.7949044488188974
0
LINE
8
BLACK
6
CONTINUOUS
10
5.575601692913386
20
-3.7949044488188974
11
5.5714173228346455
21
-3.7953543307086615
0
LINE
8
BLACK
6
CONTINUOUS
10
5.5714173228346455
20
-3.7953543307086615
11
5.4611811023622048
21
-3.7953543307086615
0
LINE
8
BLACK
6
CONTINUOUS
10
5.4611811023622048
20
-3.7953543307086615
11
5.4569967322834643
21
-3.7949044488188974
0
LINE
8
BLACK
6
CONTINUOUS
10
5.4569967322834643
20
-3.7949044488188974
11
5.4517470866141728
21
-3.7929464173228347
0
LINE
8
BLACK
6
CONTINUOUS
10
5.4517470866141728
20
-3.7929464173228347
11
5.4472616929133855
21
-3.7895887007874016
0
LINE
8
BLACK
6
CONTINUOUS
10
5.4472616929133855
20
-3.7895887007874016
11
5.4439039763779524
21
-3.7851033070866142
0
LINE
8
BLACK
6
CONTINUOUS
10
5.4439039763779524
20
-3.7851033070866142
11
5.4419459448818897
21
-3.7798536614173228
0
LINE
8
BLACK
6
CONTINUOUS
10
5.4419459448818897
20
-3.7798536614173228
11
5.4414960629921261
21
-3.7756692913385828
0
LINE
8
BLACK
6
CONTINUOUS
10
5.4414960629921261
20
-3.7756692913385828
11
5.4414960629921261
21
-3.7362992125984249
0
LINE
8
BLACK
6
CONTINUOUS
10
5.4414960629921261
20
-3.7362992125984249
11
5.4419459448818897
21
-3.7321148425196848
0
LINE
8
BLACK
6
CONTINUOUS
10
5.4419459448818897
20
-3.7321148425196848
11
5.4439039763779524
21
-3.7268651968503934
0
LINE
8
BLACK
6
CONTINUOUS
10
5.4439039763779524
20
-3.7268651968503934
11
5.4472616929133855
21
-3.722379803149606
0
LINE
8
BLACK
6
CONTINUOUS
10
5.4472616929133855
20
-3.722379803149606
11
5.4517470866141728
21
-3.719022086614173
0
LINE
8
BLACK
6
CONTINUOUS
10
5.4517470866141728
20
-3.719022086614173
11
5.4569967322834643
21
-3.7170640551181102
0
LINE
8
BLACK
6
CONTINUOUS
10
5.4569967322834643
20
-3.7170640551181102
11
5.4611811023622048
21
-3.7166141732283462
0
LINE
8
BLACK
6
CONTINUOUS
10
5.4611811023622048
20
-3.7166141732283462
11
5.5714173228346455
21
-3.7166141732283462
0
LINE
8
BLACK
6
CONTINUOUS
10
5.5714173228346455
20
-3.7166141732283462
11
5.575601692913386
21
-3.7170640551181102
0
LINE
8
BLACK
6
CONTINUOUS
10
6.1725237795275589
20
-3.7577215354330709
11
6.1753975984251968
21
-3.7596417716535431
0
LINE
8
BLACK
6
CONTINUOUS
10
6.1753975984251968
20
-3.7596417716535431
11
6.1773178346456694
21
-3.7625155905511809
0
LINE
8
BLACK
6
CONTINUOUS
10
6.1773178346456694
20
-3.7625155905511809
11
6.1779921259842521
21
-3.7659055118110234
0
LINE
8
BLACK
6
CONTINUOUS
10
6.1779921259842521
20
-3.7659055118110234
11
6.1779921259842521
21
-3.7855905511811021
0
LINE
8
BLACK
6
CONTINUOUS
10
6.1779921259842521
20
-3.7855905511811021
11
6.1773178346456694
21
-3.7889804724409446
0
LINE
8
BLACK
6
CONTINUOUS
10
6.1773178346456694
20
-3.7889804724409446
11
6.1753975984251968
21
-3.7918542913385824
0
LINE
8
BLACK
6
CONTINUOUS
10
6.1753975984251968
20
-3.7918542913385824
11
6.1725237795275589
21
-3.7937745275590551
0
LINE
8
BLACK
6
CONTINUOUS
10
6.1725237795275589
20
-3.7937745275590551
11
6.169133858267716
21
-3.7944488188976377
0
LINE
8
BLACK
6
CONTINUOUS
10
6.169133858267716
20
-3.7944488188976377
11
6.1514173228346456
21
-3.7944488188976377
0
LINE
8
BLACK
6
CONTINUOUS
10
6.1514173228346456
20
-3.7944488188976377
11
6.1480274015748027
21
-3.7937745275590551
0
LINE
8
BLACK
6
CONTINUOUS
10
6.1480274015748027
20
-3.7937745275590551
11
6.1451535826771648
21
-3.7918542913385824
0
LINE
8
BLACK
6
CONTINUOUS
10
6.1451535826771648
20
-3.7918542913385824
11
6.1432333464566931
21
-3.7889804724409446
0
LINE
8
BLACK
6
CONTINUOUS
10
6.1432333464566931
20
-3.7889804724409446
11
6.1425590551181104
21
-3.7855905511811021
0
LINE
8
BLACK
6
CONTINUOUS
10
6.1425590551181104
20
-3.7855905511811021
11
6.1425590551181104
21
-3.7659055118110234
0
LINE
8
BLACK
6
CONTINUOUS
10
6.1425590551181104
20
-3.7659055118110234
11
6.1432333464566931
21
-3.7625155905511809
0
LINE
8
BLACK
6
CONTINUOUS
10
6.1432333464566931
20
-3.7625155905511809
11
6.1451535826771648
21
-3.7596417716535431
0
LINE
8
BLACK
6
CONTINUOUS
10
6.1451535826771648
20
-3.7596417716535431
11
6.1480274015748027
21
-3.7577215354330709
0
LINE
8
BLACK
6
CONTINUOUS
10
6.1480274015748027
20
-3.7577215354330709
11
6.1514173228346456
21
-3.7570472440944882
0
LINE
8
BLACK
6
CONTINUOUS
10
6.1514173228346456
20
-3.7570472440944882
11
6.169133858267716
21
-3.7570472440944882
0
LINE
8
BLACK
6
CONTINUOUS
10
6.169133858267716
20
-3.7570472440944882
11
6.1725237795275589
21
-3.7577215354330709
0
LINE
8
BLACK
6
CONTINUOUS
10
6.2335474015748034
20
-3.7577215354330709
11
6.2364212204724412
21
-3.7596417716535431
0
LINE
8
BLACK
6
CONTINUOUS
10
6.2364212204724412
20
-3.7596417716535431
11
6.238341456692913
21
-3.7625155905511809
0
LINE
8
BLACK
6
CONTINUOUS
10
6.238341456692913
20
-3.7625155905511809
11
6.2390157480314956
21
-3.7659055118110234
0
LINE
8
BLACK
6
CONTINUOUS
10
6.2390157480314956
20
-3.7659055118110234
11
6.2390157480314956
21
-3.7855905511811021
0
LINE
8
BLACK
6
CONTINUOUS
10
6.2390157480314956
20
-3.7855905511811021
11
6.238341456692913
21
-3.7889804724409446
0
LINE
8
BLACK
6
CONTINUOUS
10
6.238341456692913
20
-3.7889804724409446
11
6.2364212204724412
21
-3.7918542913385824
0
LINE
8
BLACK
6
CONTINUOUS
10
6.2364212204724412
20
-3.7918542913385824
11
6.2335474015748034
21
-3.7937745275590551
0
LINE
8
BLACK
6
CONTINUOUS
10
6.2335474015748034
20
-3.7937745275590551
11
6.2301574803149604
21
-3.7944488188976377
0
LINE
8
BLACK
6
CONTINUOUS
10
6.2301574803149604
20
-3.7944488188976377
11
6.21244094488189
21
-3.7944488188976377
0
LINE
8
BLACK
6
CONTINUOUS
10
6.21244094488189
20
-3.7944488188976377
11
6.2090510236220471
21
-3.7937745275590551
0
LINE
8
BLACK
6
CONTINUOUS
10
6.2090510236220471
20
-3.7937745275590551
11
6.2061772047244093
21
-3.7918542913385824
0
LINE
8
BLACK
6
CONTINUOUS
10
6.2061772047244093
20
-3.7918542913385824
11
6.2042569685039366
21
-3.7889804724409446
0
LINE
8
BLACK
6
CONTINUOUS
10
6.2042569685039366
20
-3.7889804724409446
11
6.2035826771653539
21
-3.7855905511811021
0
LINE
8
BLACK
6
CONTINUOUS
10
6.2035826771653539
20
-3.7855905511811021
11
6.2035826771653539
21
-3.7659055118110234
0
LINE
8
BLACK
6
CONTINUOUS
10
6.2035826771653539
20
-3.7659055118110234
11
6.2042569685039366
21
-3.7625155905511809
0
LINE
8
BLACK
6
CONTINUOUS
10
6.2042569685039366
20
-3.7625155905511809
11
6.2061772047244093
21
-3.7596417716535431
0
LINE
8
BLACK
6
CONTINUOUS
10
6.2061772047244093
20
-3.7596417716535431
11
6.2090510236220471
21
-3.7577215354330709
0
LINE
8
BLACK
6
CONTINUOUS
10
6.2090510236220471
20
-3.7577215354330709
11
6.21244094488189
21
-3.7570472440944882
0
LINE
8
BLACK
6
CONTINUOUS
10
6.21244094488189
20
-3.7570472440944882
11
6.2301574803149604
21
-3.7570472440944882
0
LINE
8
BLACK
6
CONTINUOUS
10
6.2301574803149604
20
-3.7570472440944882
11
6.2335474015748034
21
-3.7577215354330709
0
LINE
8
BLACK
6
CONTINUOUS
10
6.3161522834645671
20
-3.7606540157480315
11
6.3174295669291336
21
-3.7615074409448819
0
LINE
8
BLACK
6
CONTINUOUS
10
6.3174295669291336
20
-3.7615074409448819
11
6.318282992125984
21
-3.7627847244094488
0
LINE
8
BLACK
6
CONTINUOUS
10
6.318282992125984
20
-3.7627847244094488
11
6.3185826771653542
21
-3.7642913385826771
0
LINE
8
BLACK
6
CONTINUOUS
10
6.3185826771653542
20
-3.7642913385826771
11
6.3185826771653542
21
-3.7820078740157479
0
LINE
8
BLACK
6
CONTINUOUS
10
6.3185826771653542
20
-3.7820078740157479
11
6.318282992125984
21
-3.7835144881889762
0
LINE
8
BLACK
6
CONTINUOUS
10
6.318282992125984
20
-3.7835144881889762
11
6.3174295669291336
21
-3.7847917716535431
0
LINE
8
BLACK
6
CONTINUOUS
10
6.3174295669291336
20
-3.7847917716535431
11
6.3161522834645671
21
-3.7856451968503935
0
LINE
8
BLACK
6
CONTINUOUS
10
6.3161522834645671
20
-3.7856451968503935
11
6.3146456692913384
21
-3.7859448818897636
0
LINE
8
BLACK
6
CONTINUOUS
10
6.3146456692913384
20
-3.7859448818897636
11
6.3067716535433069
21
-3.7859448818897636
0
LINE
8
BLACK
6
CONTINUOUS
10
6.3067716535433069
20
-3.7859448818897636
11
6.3052650393700782
21
-3.7856451968503935
0
LINE
8
BLACK
6
CONTINUOUS
10
6.3052650393700782
20
-3.7856451968503935
11
6.3039877559055117
21
-3.7847917716535431
0
LINE
8
BLACK
6
CONTINUOUS
10
6.3039877559055117
20
-3.7847917716535431
11
6.3031343307086614
21
-3.7835144881889762
0
LINE
8
BLACK
6
CONTINUOUS
10
6.3031343307086614
20
-3.7835144881889762
11
6.3028346456692912
21
-3.7820078740157479
0
LINE
8
BLACK
6
CONTINUOUS
10
6.3028346456692912
20
-3.7820078740157479
11
6.3028346456692912
21
-3.7642913385826771
0
LINE
8
BLACK
6
CONTINUOUS
10
6.3028346456692912
20
-3.7642913385826771
11
6.3031343307086614
21
-3.7627847244094488
0
LINE
8
BLACK
6
CONTINUOUS
10
6.3031343307086614
20
-3.7627847244094488
11
6.3039877559055117
21
-3.7615074409448819
0
LINE
8
BLACK
6
CONTINUOUS
10
6.3039877559055117
20
-3.7615074409448819
11
6.3052650393700782
21
-3.7606540157480315
0
LINE
8
BLACK
6
CONTINUOUS
10
6.3052650393700782
20
-3.7606540157480315
11
6.3067716535433069
21
-3.7603543307086613
0
LINE
8
BLACK
6
CONTINUOUS
10
6.3067716535433069
20
-3.7603543307086613
11
6.3146456692913384
21
-3.7603543307086613
0
LINE
8
BLACK
6
CONTINUOUS
10
6.3146456692913384
20
-3.7603543307086613
11
6.3161522834645671
21
-3.7606540157480315
0
LINE
8
BLACK
6
CONTINUOUS
10
6.341742834645669
20
-3.7606540157480315
11
6.3430201181102364
21
-3.7615074409448819
0
LINE
8
BLACK
6
CONTINUOUS
10
6.3430201181102364
20
-3.7615074409448819
11
6.3438735433070867
21
-3.7627847244094488
0
LINE
8
BLACK
6
CONTINUOUS
10
6.3438735433070867
20
-3.7627847244094488
11
6.3441732283464569
21
-3.7642913385826771
0
LINE
8
BLACK
6
CONTINUOUS
10
6.3441732283464569
20
-3.7642913385826771
11
6.3441732283464569
21
-3.7820078740157479
0
LINE
8
BLACK
6
CONTINUOUS
10
6.3441732283464569
20
-3.7820078740157479
11
6.3438735433070867
21
-3.7835144881889762
0
LINE
8
BLACK
6
CONTINUOUS
10
6.3438735433070867
20
-3.7835144881889762
11
6.3430201181102364
21
-3.7847917716535431
0
LINE
8
BLACK
6
CONTINUOUS
10
6.3430201181102364
20
-3.7847917716535431
11
6.341742834645669
21
-3.7856451968503935
0
LINE
8
BLACK
6
CONTINUOUS
10
6.341742834645669
20
-3.7856451968503935
11
6.3402362204724412
21
-3.7859448818897636
0
LINE
8
BLACK
6
CONTINUOUS
10
6.3402362204724412
20
-3.7859448818897636
11
6.3323622047244097
21
-3.7859448818897636
0
LINE
8
BLACK
6
CONTINUOUS
10
6.3323622047244097
20
-3.7859448818897636
11
6.330855590551181
21
-3.7856451968503935
0
LINE
8
BLACK
6
CONTINUOUS
10
6.330855590551181
20
-3.7856451968503935
11
6.3295783070866136
21
-3.7847917716535431
0
LINE
8
BLACK
6
CONTINUOUS
10
6.3295783070866136
20
-3.7847917716535431
11
6.3287248818897632
21
-3.7835144881889762
0
LINE
8
BLACK
6
CONTINUOUS
10
6.3287248818897632
20
-3.7835144881889762
11
6.328425196850394
21
-3.7820078740157479
0
LINE
8
BLACK
6
CONTINUOUS
10
6.328425196850394
20
-3.7820078740157479
11
6.328425196850394
21
-3.7642913385826771
0
LINE
8
BLACK
6
CONTINUOUS
10
6.328425196850394
20
-3.7642913385826771
11
6.3287248818897632
21
-3.7627847244094488
0
LINE
8
BLACK
6
CONTINUOUS
10
6.3287248818897632
20
-3.7627847244094488
11
6.3295783070866136
21
-3.7615074409448819
0
LINE
8
BLACK
6
CONTINUOUS
10
6.3295783070866136
20
-3.7615074409448819
11
6.330855590551181
21
-3.7606540157480315
0
LINE
8
BLACK
6
CONTINUOUS
10
6.330855590551181
20
-3.7606540157480315
11
6.3323622047244097
21
-3.7603543307086613
0
LINE
8
BLACK
6
CONTINUOUS
10
6.3323622047244097
20
-3.7603543307086613
11
6.3402362204724412
21
-3.7603543307086613
0
LINE
8
BLACK
6
CONTINUOUS
10
6.3402362204724412
20
-3.7603543307086613
11
6.341742834645669
21
-3.7606540157480315
0
LINE
8
BLACK
6
CONTINUOUS
10
6.3673333858267718
20
-3.7606540157480315
11
6.3686106692913382
21
-3.7615074409448819
0
LINE
8
BLACK
6
CONTINUOUS
10
6.3686106692913382
20
-3.7615074409448819
11
6.3694640944881886
21
-3.7627847244094488
0
LINE
8
BLACK
6
CONTINUOUS
10
6.3694640944881886
20
-3.7627847244094488
11
6.3697637795275588
21
-3.7642913385826771
0
LINE
8
BLACK
6
CONTINUOUS
10
6.3697637795275588
20
-3.7642913385826771
11
6.3697637795275588
21
-3.7820078740157479
0
LINE
8
BLACK
6
CONTINUOUS
10
6.3697637795275588
20
-3.7820078740157479
11
6.3694640944881886
21
-3.7835144881889762
0
LINE
8
BLACK
6
CONTINUOUS
10
6.3694640944881886
20
-3.7835144881889762
11
6.3686106692913382
21
-3.7847917716535431
0
LINE
8
BLACK
6
CONTINUOUS
10
6.3686106692913382
20
-3.7847917716535431
11
6.3673333858267718
21
-3.7856451968503935
0
LINE
8
BLACK
6
CONTINUOUS
10
6.3673333858267718
20
-3.7856451968503935
11
6.365826771653543
21
-3.7859448818897636
0
LINE
8
BLACK
6
CONTINUOUS
10
6.365826771653543
20
-3.7859448818897636
11
6.3579527559055116
21
-3.7859448818897636
0
LINE
8
BLACK
6
CONTINUOUS
10
6.3579527559055116
20
-3.7859448818897636
11
6.3564461417322837
21
-3.7856451968503935
0
LINE
8
BLACK
6
CONTINUOUS
10
6.3564461417322837
20
-3.7856451968503935
11
6.3551688582677164
21
-3.7847917716535431
0
LINE
8
BLACK
6
CONTINUOUS
10
6.3551688582677164
20
-3.7847917716535431
11
6.354315433070866
21
-3.7835144881889762
0
LINE
8
BLACK
6
CONTINUOUS
10
6.354315433070866
20
-3.7835144881889762
11
6.3540157480314958
21
-3.7820078740157479
0
LINE
8
BLACK
6
CONTINUOUS
10
6.3540157480314958
20
-3.7820078740157479
11
6.3540157480314958
21
-3.7642913385826771
0
LINE
8
BLACK
6
CONTINUOUS
10
6.3540157480314958
20
-3.7642913385826771
11
6.354315433070866
21
-3.7627847244094488
0
LINE
8
BLACK
6
CONTINUOUS
10
6.354315433070866
20
-3.7627847244094488
11
6.3551688582677164
21
-3.7615074409448819
0
LINE
8
BLACK
6
CONTINUOUS
10
6.3551688582677164
20
-3.7615074409448819
11
6.3564461417322837
21
-3.7606540157480315
0
LINE
8
BLACK
6
CONTINUOUS
10
6.3564461417322837
20
-3.7606540157480315
11
6.3579527559055116
21
-3.7603543307086613
0
LINE
8
BLACK
6
CONTINUOUS
10
6.3579527559055116
20
-3.7603543307086613
11
6.365826771653543
21
-3.7603543307086613
0
LINE
8
BLACK
6
CONTINUOUS
10
6.365826771653543
20
-3.7603543307086613
11
6.3673333858267718
21
-3.7606540157480315
0
LINE
8
BLACK
6
CONTINUOUS
10
5.9327823228346457
20
-3.7403358267716533
11
5.935975472440945
21
-3.7424694094488187
0
LINE
8
BLACK
6
CONTINUOUS
10
5.935975472440945
20
-3.7424694094488187
11
5.9381090551181099
21
-3.745662559055118
0
LINE
8
BLACK
6
CONTINUOUS
10
5.9381090551181099
20
-3.745662559055118
11
5.9388582677165349
21
-3.7494291338582677
0
LINE
8
BLACK
6
CONTINUOUS
10
5.9388582677165349
20
-3.7494291338582677
11
5.9388582677165349
21
-3.77501968503937
0
LINE
8
BLACK
6
CONTINUOUS
10
5.9388582677165349
20
-3.77501968503937
11
5.9381090551181099
21
-3.7787862598425197
0
LINE
8
BLACK
6
CONTINUOUS
10
5.9381090551181099
20
-3.7787862598425197
11
5.935975472440945
21
-3.7819794094488186
0
LINE
8
BLACK
6
CONTINUOUS
10
5.935975472440945
20
-3.7819794094488186
11
5.9327823228346457
21
-3.784112992125984
0
LINE
8
BLACK
6
CONTINUOUS
10
5.9327823228346457
20
-3.784112992125984
11
5.929015748031496
21
-3.7848622047244094
0
LINE
8
BLACK
6
CONTINUOUS
10
5.929015748031496
20
-3.7848622047244094
11
5.8935826771653543
21
-3.7848622047244094
0
LINE
8
BLACK
6
CONTINUOUS
10
5.8935826771653543
20
-3.7848622047244094
11
5.8898161023622047
21
-3.784112992125984
0
LINE
8
BLACK
6
CONTINUOUS
10
5.8898161023622047
20
-3.784112992125984
11
5.8866229527559053
21
-3.7819794094488186
0
LINE
8
BLACK
6
CONTINUOUS
10
5.8866229527559053
20
-3.7819794094488186
11
5.8844893700787404
21
-3.7787862598425197
0
LINE
8
BLACK
6
CONTINUOUS
10
5.8844893700787404
20
-3.7787862598425197
11
5.8837401574803145
21
-3.77501968503937
0
LINE
8
BLACK
6
CONTINUOUS
10
5.8837401574803145
20
-3.77501968503937
11
5.8837401574803145
21
-3.7494291338582677
0
LINE
8
BLACK
6
CONTINUOUS
10
5.8837401574803145
20
-3.7494291338582677
11
5.8844893700787404
21
-3.745662559055118
0
LINE
8
BLACK
6
CONTINUOUS
10
5.8844893700787404
20
-3.745662559055118
11
5.8866229527559053
21
-3.7424694094488187
0
LINE
8
BLACK
6
CONTINUOUS
10
5.8866229527559053
20
-3.7424694094488187
11
5.8898161023622047
21
-3.7403358267716533
0
LINE
8
BLACK
6
CONTINUOUS
10
5.8898161023622047
20
-3.7403358267716533
11
5.8935826771653543
21
-3.7395866141732284
0
LINE
8
BLACK
6
CONTINUOUS
10
5.8935826771653543
20
-3.7395866141732284
11
5.929015748031496
21
-3.7395866141732284
0
LINE
8
BLACK
6
CONTINUOUS
10
5.929015748031496
20
-3.7395866141732284
11
5.9327823228346457
21
-3.7403358267716533
0
LINE
8
BLACK
6
CONTINUOUS
10
5.2522258661417318
20
-3.7376466141732281
11
5.2547803543307081
21
-3.7393535039370076
0
LINE
8
BLACK
6
CONTINUOUS
10
5.2547803543307081
20
-3.7393535039370076
11
5.2564872440944876
21
-3.7419079921259844
0
LINE
8
BLACK
6
CONTINUOUS
10
5.2564872440944876
20
-3.7419079921259844
11
5.257086614173228
21
-3.7449212598425197
0
LINE
8
BLACK
6
CONTINUOUS
10
5.257086614173228
20
-3.7449212598425197
11
5.257086614173228
21
-3.7665748031496062
0
LINE
8
BLACK
6
CONTINUOUS
10
5.257086614173228
20
-3.7665748031496062
11
5.2564872440944876
21
-3.7695880708661416
0
LINE
8
BLACK
6
CONTINUOUS
10
5.2564872440944876
20
-3.7695880708661416
11
5.2547803543307081
21
-3.7721425590551179
0
LINE
8
BLACK
6
CONTINUOUS
10
5.2547803543307081
20
-3.7721425590551179
11
5.2522258661417318
21
-3.7738494488188974
0
LINE
8
BLACK
6
CONTINUOUS
10
5.2522258661417318
20
-3.7738494488188974
11
5.2492125984251965
21
-3.7744488188976377
0
LINE
8
BLACK
6
CONTINUOUS
10
5.2492125984251965
20
-3.7744488188976377
11
5.2334645669291335
21
-3.7744488188976377
0
LINE
8
BLACK
6
CONTINUOUS
10
5.2334645669291335
20
-3.7744488188976377
11
5.2304512992125982
21
-3.7738494488188974
0
LINE
8
BLACK
6
CONTINUOUS
10
5.2304512992125982
20
-3.7738494488188974
11
5.2278968110236219
21
-3.7721425590551179
0
LINE
8
BLACK
6
CONTINUOUS
10
5.2278968110236219
20
-3.7721425590551179
11
5.2261899212598424
21
-3.7695880708661416
0
LINE
8
BLACK
6
CONTINUOUS
10
5.2261899212598424
20
-3.7695880708661416
11
5.2255905511811021
21
-3.7665748031496062
0
LINE
8
BLACK
6
CONTINUOUS
10
5.2255905511811021
20
-3.7665748031496062
11
5.2255905511811021
21
-3.7449212598425197
0
LINE
8
BLACK
6
CONTINUOUS
10
5.2255905511811021
20
-3.7449212598425197
11
5.2261899212598424
21
-3.7419079921259844
0
LINE
8
BLACK
6
CONTINUOUS
10
5.2261899212598424
20
-3.7419079921259844
11
5.2278968110236219
21
-3.7393535039370076
0
LINE
8
BLACK
6
CONTINUOUS
10
5.2278968110236219
20
-3.7393535039370076
11
5.2304512992125982
21
-3.7376466141732281
0
LINE
8
BLACK
6
CONTINUOUS
10
5.2304512992125982
20
-3.7376466141732281
11
5.2334645669291335
21
-3.7370472440944882
0
LINE
8
BLACK
6
CONTINUOUS
10
5.2334645669291335
20
-3.7370472440944882
11
5.2492125984251965
21
-3.7370472440944882
0
LINE
8
BLACK
6
CONTINUOUS
10
5.2492125984251965
20
-3.7370472440944882
11
5.2522258661417318
21
-3.7376466141732281
0
LINE
8
BLACK
6
CONTINUOUS
10
5.317186496062992
20
-3.7376466141732281
11
5.3197409842519683
21
-3.7393535039370076
0
LINE
8
BLACK
6
CONTINUOUS
10
5.3197409842519683
20
-3.7393535039370076
11
5.3214478740157478
21
-3.7419079921259844
0
LINE
8
BLACK
6
CONTINUOUS
10
5.3214478740157478
20
-3.7419079921259844
11
5.3220472440944881
21
-3.7449212598425197
0
LINE
8
BLACK
6
CONTINUOUS
10
5.3220472440944881
20
-3.7449212598425197
11
5.3220472440944881
21
-3.7665748031496062
0
LINE
8
BLACK
6
CONTINUOUS
10
5.3220472440944881
20
-3.7665748031496062
11
5.3214478740157478
21
-3.7695880708661416
0
LINE
8
BLACK
6
CONTINUOUS
10
5.3214478740157478
20
-3.7695880708661416
11
5.3197409842519683
21
-3.7721425590551179
0
LINE
8
BLACK
6
CONTINUOUS
10
5.3197409842519683
20
-3.7721425590551179
11
5.317186496062992
21
-3.7738494488188974
0
LINE
8
BLACK
6
CONTINUOUS
10
5.317186496062992
20
-3.7738494488188974
11
5.3141732283464567
21
-3.7744488188976377
0
LINE
8
BLACK
6
CONTINUOUS
10
5.3141732283464567
20
-3.7744488188976377
11
5.2984251968503937
21
-3.7744488188976377
0
LINE
8
BLACK
6
CONTINUOUS
10
5.2984251968503937
20
-3.7744488188976377
11
5.2954119291338584
21
-3.7738494488188974
0
LINE
8
BLACK
6
CONTINUOUS
10
5.2954119291338584
20
-3.7738494488188974
11
5.2928574409448821
21
-3.7721425590551179
0
LINE
8
BLACK
6
CONTINUOUS
10
5.2928574409448821
20
-3.7721425590551179
11
5.2911505511811026
21
-3.7695880708661416
0
LINE
8
BLACK
6
CONTINUOUS
10
5.2911505511811026
20
-3.7695880708661416
11
5.2905511811023622
21
-3.7665748031496062
0
LINE
8
BLACK
6
CONTINUOUS
10
5.2905511811023622
20
-3.7665748031496062
11
5.2905511811023622
21
-3.7449212598425197
0
LINE
8
BLACK
6
CONTINUOUS
10
5.2905511811023622
20
-3.7449212598425197
11
5.2911505511811026
21
-3.7419079921259844
0
LINE
8
BLACK
6
CONTINUOUS
10
5.2911505511811026
20
-3.7419079921259844
11
5.2928574409448821
21
-3.7393535039370076
0
LINE
8
BLACK
6
CONTINUOUS
10
5.2928574409448821
20
-3.7393535039370076
11
5.2954119291338584
21
-3.7376466141732281
0
LINE
8
BLACK
6
CONTINUOUS
10
5.2954119291338584
20
-3.7376466141732281
11
5.2984251968503937
21
-3.7370472440944882
0
LINE
8
BLACK
6
CONTINUOUS
10
5.2984251968503937
20
-3.7370472440944882
11
5.3141732283464567
21
-3.7370472440944882
0
LINE
8
BLACK
6
CONTINUOUS
10
5.3141732283464567
20
-3.7370472440944882
11
5.317186496062992
21
-3.7376466141732281
0
LINE
8
BLACK
6
CONTINUOUS
10
5.1689528740157478
20
-3.7502920472440944
11
5.1708687401574798
21
-3.7515722047244093
0
LINE
8
BLACK
6
CONTINUOUS
10
5.1708687401574798
20
-3.7515722047244093
11
5.1721488976377952
21
-3.7534880708661418
0
LINE
8
BLACK
6
CONTINUOUS
10
5.1721488976377952
20
-3.7534880708661418
11
5.17259842519685
21
-3.7557480314960627
0
LINE
8
BLACK
6
CONTINUOUS
10
5.17259842519685
20
-3.7557480314960627
11
5.17259842519685
21
-3.76755905511811
0
LINE
8
BLACK
6
CONTINUOUS
10
5.17259842519685
20
-3.76755905511811
11
5.1721488976377952
21
-3.7698190157480314
0
LINE
8
BLACK
6
CONTINUOUS
10
5.1721488976377952
20
-3.7698190157480314
11
5.1708687401574798
21
-3.7717348818897638
0
LINE
8
BLACK
6
CONTINUOUS
10
5.1708687401574798
20
-3.7717348818897638
11
5.1689528740157478
21
-3.7730150393700788
0
LINE
8
BLACK
6
CONTINUOUS
10
5.1689528740157478
20
-3.7730150393700788
11
5.1666929133858268
21
-3.7734645669291336
0
LINE
8
BLACK
6
CONTINUOUS
10
5.1666929133858268
20
-3.7734645669291336
11
5.1115748031496064
21
-3.7734645669291336
0
LINE
8
BLACK
6
CONTINUOUS
10
5.1115748031496064
20
-3.7734645669291336
11
5.1093148425196846
21
-3.7730150393700788
0
LINE
8
BLACK
6
CONTINUOUS
10
5.1093148425196846
20
-3.7730150393700788
11
5.1073989763779526
21
-3.7717348818897638
0
LINE
8
BLACK
6
CONTINUOUS
10
5.1073989763779526
20
-3.7717348818897638
11
5.1061188188976381
21
-3.7698190157480314
0
LINE
8
BLACK
6
CONTINUOUS
10
5.1061188188976381
20
-3.7698190157480314
11
5.1056692913385824
21
-3.76755905511811
0
LINE
8
BLACK
6
CONTINUOUS
10
5.1056692913385824
20
-3.76755905511811
11
5.1056692913385824
21
-3.7557480314960627
0
LINE
8
BLACK
6
CONTINUOUS
10
5.1056692913385824
20
-3.7557480314960627
11
5.1061188188976381
21
-3.7534880708661418
0
LINE
8
BLACK
6
CONTINUOUS
10
5.1061188188976381
20
-3.7534880708661418
11
5.1073989763779526
21
-3.7515722047244093
0
LINE
8
BLACK
6
CONTINUOUS
10
5.1073989763779526
20
-3.7515722047244093
11
5.1093148425196846
21
-3.7502920472440944
0
LINE
8
BLACK
6
CONTINUOUS
10
5.1093148425196846
20
-3.7502920472440944
11
5.1115748031496064
21
-3.7498425196850391
0
LINE
8
BLACK
6
CONTINUOUS
10
5.1115748031496064
20
-3.7498425196850391
11
5.1666929133858268
21
-3.7498425196850391
0
LINE
8
BLACK
6
CONTINUOUS
10
5.1666929133858268
20
-3.7498425196850391
11
5.1689528740157478
21
-3.7502920472440944
0
LINE
8
BLACK
6
CONTINUOUS
10
5.7247665748031498
20
-3.7282137795275592
11
5.7279597244094491
21
-3.7303473622047245
0
LINE
8
BLACK
6
CONTINUOUS
10
5.7279597244094491
20
-3.7303473622047245
11
5.730093307086614
21
-3.7335405118110234
0
LINE
8
BLACK
6
CONTINUOUS
10
5.730093307086614
20
-3.7335405118110234
11
5.730842519685039
21
-3.7373070866141731
0
LINE
8
BLACK
6
CONTINUOUS
10
5.730842519685039
20
-3.7373070866141731
11
5.730842519685039
21
-3.7569921259842518
0
LINE
8
BLACK
6
CONTINUOUS
10
5.730842519685039
20
-3.7569921259842518
11
5.730093307086614
21
-3.7607587007874015
0
LINE
8
BLACK
6
CONTINUOUS
10
5.730093307086614
20
-3.7607587007874015
11
5.7279597244094491
21
-3.7639518503937008
0
LINE
8
BLACK
6
CONTINUOUS
10
5.7279597244094491
20
-3.7639518503937008
11
5.7247665748031498
21
-3.7660854330708662
0
LINE
8
BLACK
6
CONTINUOUS
10
5.7247665748031498
20
-3.7660854330708662
11
5.7210000000000001
21
-3.7668346456692912
0
LINE
8
BLACK
6
CONTINUOUS
10
5.7210000000000001
20
-3.7668346456692912
11
5.6835984251968501
21
-3.7668346456692912
0
LINE
8
BLACK
6
CONTINUOUS
10
5.6835984251968501
20
-3.7668346456692912
11
5.6798318503937004
21
-3.7660854330708662
0
LINE
8
BLACK
6
CONTINUOUS
10
5.6798318503937004
20
-3.7660854330708662
11
5.6766387007874011
21
-3.7639518503937008
0
LINE
8
BLACK
6
CONTINUOUS
10
5.6766387007874011
20
-3.7639518503937008
11
5.6745051181102362
21
-3.7607587007874015
0
LINE
8
BLACK
6
CONTINUOUS
10
5.6745051181102362
20
-3.7607587007874015
11
5.6737559055118112
21
-3.7569921259842518
0
LINE
8
BLACK
6
CONTINUOUS
10
5.6737559055118112
20
-3.7569921259842518
11
5.6737559055118112
21
-3.7373070866141731
0
LINE
8
BLACK
6
CONTINUOUS
10
5.6737559055118112
20
-3.7373070866141731
11
5.6745051181102362
21
-3.7335405118110234
0
LINE
8
BLACK
6
CONTINUOUS
10
5.6745051181102362
20
-3.7335405118110234
11
5.6766387007874011
21
-3.7303473622047245
0
LINE
8
BLACK
6
CONTINUOUS
10
5.6766387007874011
20
-3.7303473622047245
11
5.6798318503937004
21
-3.7282137795275592
0
LINE
8
BLACK
6
CONTINUOUS
10
5.6798318503937004
20
-3.7282137795275592
11
5.6835984251968501
21
-3.7274645669291337
0
LINE
8
BLACK
6
CONTINUOUS
10
5.6835984251968501
20
-3.7274645669291337
11
5.7210000000000001
21
-3.7274645669291337
0
LINE
8
BLACK
6
CONTINUOUS
10
5.7210000000000001
20
-3.7274645669291337
11
5.7247665748031498
21
-3.7282137795275592
0
LINE
8
BLACK
6
CONTINUOUS
10
6.0181496062992128
20
-3.7305118110236219
11
6.0063385826771656
21
-3.7305118110236219
0
LINE
8
BLACK
6
CONTINUOUS
10
6.0063385826771656
20
-3.7305118110236219
11
6.0063385826771656
21
-3.7009842519685039
0
LINE
8
BLACK
6
CONTINUOUS
10
6.0063385826771656
20
-3.7009842519685039
11
6.0181496062992128
21
-3.7009842519685039
0
LINE
8
BLACK
6
CONTINUOUS
10
6.0181496062992128
20
-3.7009842519685039
11
6.0181496062992128
21
-3.7305118110236219
0
LINE
8
BLACK
6
CONTINUOUS
10
6.0378346456692915
20
-3.7305118110236219
11
6.0260236220472443
21
-3.7305118110236219
0
LINE
8
BLACK
6
CONTINUOUS
10
6.0260236220472443
20
-3.7305118110236219
11
6.0260236220472443
21
-3.7009842519685039
0
LINE
8
BLACK
6
CONTINUOUS
10
6.0260236220472443
20
-3.7009842519685039
11
6.0378346456692915
21
-3.7009842519685039
0
LINE
8
BLACK
6
CONTINUOUS
10
6.0378346456692915
20
-3.7009842519685039
11
6.0378346456692915
21
-3.7305118110236219
0
LINE
8
BLACK
6
CONTINUOUS
10
6.0575196850393702
20
-3.7305118110236219
11
6.045708661417323
21
-3.7305118110236219
0
LINE
8
BLACK
6
CONTINUOUS
10
6.045708661417323
20
-3.7305118110236219
11
6.045708661417323
21
-3.7009842519685039
0
LINE
8
BLACK
6
CONTINUOUS
10
6.045708661417323
20
-3.7009842519685039
11
6.0575196850393702
21
-3.7009842519685039
0
LINE
8
BLACK
6
CONTINUOUS
10
6.0575196850393702
20
-3.7009842519685039
11
6.0575196850393702
21
-3.7305118110236219
0
LINE
8
BLACK
6
CONTINUOUS
10
6.0772047244094489
20
-3.7305118110236219
11
6.0653937007874017
21
-3.7305118110236219
0
LINE
8
BLACK
6
CONTINUOUS
10
6.0653937007874017
20
-3.7305118110236219
11
6.0653937007874017
21
-3.7009842519685039
0
LINE
8
BLACK
6
CONTINUOUS
10
6.0653937007874017
20
-3.7009842519685039
11
6.0772047244094489
21
-3.7009842519685039
0
LINE
8
BLACK
6
CONTINUOUS
10
6.0772047244094489
20
-3.7009842519685039
11
6.0772047244094489
21
-3.7305118110236219
0
LINE
8
BLACK
6
CONTINUOUS
10
5.1689528740157478
20
-3.7010794488188976
11
5.1708687401574798
21
-3.7023596062992126
0
LINE
8
BLACK
6
CONTINUOUS
10
5.1708687401574798
20
-3.7023596062992126
11
5.1721488976377952
21
-3.704275472440945
0
LINE
8
BLACK
6
CONTINUOUS
10
5.1721488976377952
20
-3.704275472440945
11
5.17259842519685
21
-3.706535433070866
0
LINE
8
BLACK
6
CONTINUOUS
10
5.17259842519685
20
-3.706535433070866
11
5.17259842519685
21
-3.7183464566929132
0
LINE
8
BLACK
6
CONTINUOUS
10
5.17259842519685
20
-3.7183464566929132
11
5.1721488976377952
21
-3.7206064173228346
0
LINE
8
BLACK
6
CONTINUOUS
10
5.1721488976377952
20
-3.7206064173228346
11
5.1708687401574798
21
-3.722522283464567
0
LINE
8
BLACK
6
CONTINUOUS
10
5.1708687401574798
20
-3.722522283464567
11
5.1689528740157478
21
-3.723802440944882
0
LINE
8
BLACK
6
CONTINUOUS
10
5.1689528740157478
20
-3.723802440944882
11
5.1666929133858268
21
-3.7242519685039368
0
LINE
8
BLACK
6
CONTINUOUS
10
5.1666929133858268
20
-3.7242519685039368
11
5.1115748031496064
21
-3.7242519685039368
0
LINE
8
BLACK
6
CONTINUOUS
10
5.1115748031496064
20
-3.7242519685039368
11
5.1093148425196846
21
-3.723802440944882
0
LINE
8
BLACK
6
CONTINUOUS
10
5.1093148425196846
20
-3.723802440944882
11
5.1073989763779526
21
-3.722522283464567
0
LINE
8
BLACK
6
CONTINUOUS
10
5.1073989763779526
20
-3.722522283464567
11
5.1061188188976381
21
-3.7206064173228346
0
LINE
8
BLACK
6
CONTINUOUS
10
5.1061188188976381
20
-3.7206064173228346
11
5.1056692913385824
21
-3.7183464566929132
0
LINE
8
BLACK
6
CONTINUOUS
10
5.1056692913385824
20
-3.7183464566929132
11
5.1056692913385824
21
-3.706535433070866
0
LINE
8
BLACK
6
CONTINUOUS
10
5.1056692913385824
20
-3.706535433070866
11
5.1061188188976381
21
-3.704275472440945
0
LINE
8
BLACK
6
CONTINUOUS
10
5.1061188188976381
20
-3.704275472440945
11
5.1073989763779526
21
-3.7023596062992126
0
LINE
8
BLACK
6
CONTINUOUS
10
5.1073989763779526
20
-3.7023596062992126
11
5.1093148425196846
21
-3.7010794488188976
0
LINE
8
BLACK
6
CONTINUOUS
10
5.1093148425196846
20
-3.7010794488188976
11
5.1115748031496064
21
-3.7006299212598424
0
LINE
8
BLACK
6
CONTINUOUS
10
5.1115748031496064
20
-3.7006299212598424
11
5.1666929133858268
21
-3.7006299212598424
0
LINE
8
BLACK
6
CONTINUOUS
10
5.1666929133858268
20
-3.7006299212598424
11
5.1689528740157478
21
-3.7010794488188976
0
LINE
8
BLACK
6
CONTINUOUS
10
6.1451392519685042
20
-3.6905993700787403
11
6.1476937401574805
21
-3.6923062598425198
0
LINE
8
BLACK
6
CONTINUOUS
10
6.1476937401574805
20
-3.6923062598425198
11
6.14940062992126
21
-3.6948607480314961
0
LINE
8
BLACK
6
CONTINUOUS
10
6.14940062992126
20
-3.6948607480314961
11
6.1499999999999995
21
-3.6978740157480314
0
LINE
8
BLACK
6
CONTINUOUS
10
6.1499999999999995
20
-3.6978740157480314
11
6.1499999999999995
21
-3.7136220472440944
0
LINE
8
BLACK
6
CONTINUOUS
10
6.1499999999999995
20
-3.7136220472440944
11
6.14940062992126
21
-3.7166353149606297
0
LINE
8
BLACK
6
CONTINUOUS
10
6.14940062992126
20
-3.7166353149606297
11
6.1476937401574805
21
-3.719189803149606
0
LINE
8
BLACK
6
CONTINUOUS
10
6.1476937401574805
20
-3.719189803149606
11
6.1451392519685042
21
-3.7208966929133855
0
LINE
8
BLACK
6
CONTINUOUS
10
6.1451392519685042
20
-3.7208966929133855
11
6.142125984251968
21
-3.7214960629921259
0
LINE
8
BLACK
6
CONTINUOUS
10
6.142125984251968
20
-3.7214960629921259
11
6.1204724409448819
21
-3.7214960629921259
0
LINE
8
BLACK
6
CONTINUOUS
10
6.1204724409448819
20
-3.7214960629921259
11
6.1174591732283465
21
-3.7208966929133855
0
LINE
8
BLACK
6
CONTINUOUS
10
6.1174591732283465
20
-3.7208966929133855
11
6.1149046850393702
21
-3.719189803149606
0
LINE
8
BLACK
6
CONTINUOUS
10
6.1149046850393702
20
-3.719189803149606
11
6.1131977952755907
21
-3.7166353149606297
0
LINE
8
BLACK
6
CONTINUOUS
10
6.1131977952755907
20
-3.7166353149606297
11
6.1125984251968504
21
-3.7136220472440944
0
LINE
8
BLACK
6
CONTINUOUS
10
6.1125984251968504
20
-3.7136220472440944
11
6.1125984251968504
21
-3.6978740157480314
0
LINE
8
BLACK
6
CONTINUOUS
10
6.1125984251968504
20
-3.6978740157480314
11
6.1131977952755907
21
-3.6948607480314961
0
LINE
8
BLACK
6
CONTINUOUS
10
6.1131977952755907
20
-3.6948607480314961
11
6.1149046850393702
21
-3.6923062598425198
0
LINE
8
BLACK
6
CONTINUOUS
10
6.1149046850393702
20
-3.6923062598425198
11
6.1174591732283465
21
-3.6905993700787403
0
LINE
8
BLACK
6
CONTINUOUS
10
6.1174591732283465
20
-3.6905993700787403
11
6.1204724409448819
21
-3.6899999999999999
0
LINE
8
BLACK
6
CONTINUOUS
10
6.1204724409448819
20
-3.6899999999999999
11
6.142125984251968
21
-3.6899999999999999
0
LINE
8
BLACK
6
CONTINUOUS
10
6.142125984251968
20
-3.6899999999999999
11
6.1451392519685042
21
-3.6905993700787403
0
LINE
8
BLACK
6
CONTINUOUS
10
6.4495316535433069
20
-3.6847294094488188
11
6.4524054724409448
21
-3.6866496456692914
0
LINE
8
BLACK
6
CONTINUOUS
10
6.4524054724409448
20
-3.6866496456692914
11
6.4543257086614174
21
-3.6895234645669293
0
LINE
8
BLACK
6
CONTINUOUS
10
6.4543257086614174
20
-3.6895234645669293
11
6.4550000000000001
21
-3.6929133858267718
0
LINE
8
BLACK
6
CONTINUOUS
10
6.4550000000000001
20
-3.6929133858267718
11
6.4550000000000001
21
-3.7106299212598426
0
LINE
8
BLACK
6
CONTINUOUS
10
6.4550000000000001
20
-3.7106299212598426
11
6.4543257086614174
21
-3.7140198425196851
0
LINE
8
BLACK
6
CONTINUOUS
10
6.4543257086614174
20
-3.7140198425196851
11
6.4524054724409448
21
-3.7168936614173229
0
LINE
8
BLACK
6
CONTINUOUS
10
6.4524054724409448
20
-3.7168936614173229
11
6.4495316535433069
21
-3.7188138976377951
0
LINE
8
BLACK
6
CONTINUOUS
10
6.4495316535433069
20
-3.7188138976377951
11
6.446141732283464
21
-3.7194881889763778
0
LINE
8
BLACK
6
CONTINUOUS
10
6.446141732283464
20
-3.7194881889763778
11
6.4264566929133853
21
-3.7194881889763778
0
LINE
8
BLACK
6
CONTINUOUS
10
6.4264566929133853
20
-3.7194881889763778
11
6.4230667716535432
21
-3.7188138976377951
0
LINE
8
BLACK
6
CONTINUOUS
10
6.4230667716535432
20
-3.7188138976377951
11
6.4201929527559054
21
-3.7168936614173229
0
LINE
8
BLACK
6
CONTINUOUS
10
6.4201929527559054
20
-3.7168936614173229
11
6.4182727165354327
21
-3.7140198425196851
0
LINE
8
BLACK
6
CONTINUOUS
10
6.4182727165354327
20
-3.7140198425196851
11
6.4175984251968501
21
-3.7106299212598426
0
LINE
8
BLACK
6
CONTINUOUS
10
6.4175984251968501
20
-3.7106299212598426
11
6.4175984251968501
21
-3.6929133858267718
0
LINE
8
BLACK
6
CONTINUOUS
10
6.4175984251968501
20
-3.6929133858267718
11
6.4182727165354327
21
-3.6895234645669293
0
LINE
8
BLACK
6
CONTINUOUS
10
6.4182727165354327
20
-3.6895234645669293
11
6.4201929527559054
21
-3.6866496456692914
0
LINE
8
BLACK
6
CONTINUOUS
10
6.4201929527559054
20
-3.6866496456692914
11
6.4230667716535432
21
-3.6847294094488188
0
LINE
8
BLACK
6
CONTINUOUS
10
6.4230667716535432
20
-3.6847294094488188
11
6.4264566929133853
21
-3.6840551181102361
0
LINE
8
BLACK
6
CONTINUOUS
10
6.4264566929133853
20
-3.6840551181102361
11
6.446141732283464
21
-3.6840551181102361
0
LINE
8
BLACK
6
CONTINUOUS
10
6.446141732283464
20
-3.6840551181102361
11
6.4495316535433069
21
-3.6847294094488188
0
LINE
8
BLACK
6
CONTINUOUS
10
6.3161522834645671
20
-3.6858508661417324
11
6.3174295669291336
21
-3.6867042913385828
0
LINE
8
BLACK
6
CONTINUOUS
10
6.3174295669291336
20
-3.6867042913385828
11
6.318282992125984
21
-3.6879815748031497
0
LINE
8
BLACK
6
CONTINUOUS
10
6.318282992125984
20
-3.6879815748031497
11
6.3185826771653542
21
-3.689488188976378
0
LINE
8
BLACK
6
CONTINUOUS
10
6.3185826771653542
20
-3.689488188976378
11
6.3185826771653542
21
-3.7072047244094488
0
LINE
8
BLACK
6
CONTINUOUS
10
6.3185826771653542
20
-3.7072047244094488
11
6.318282992125984
21
-3.7087113385826771
0
LINE
8
BLACK
6
CONTINUOUS
10
6.318282992125984
20
-3.7087113385826771
11
6.3174295669291336
21
-3.709988622047244
0
LINE
8
BLACK
6
CONTINUOUS
10
6.3174295669291336
20
-3.709988622047244
11
6.3161522834645671
21
-3.7108420472440944
0
LINE
8
BLACK
6
CONTINUOUS
10
6.3161522834645671
20
-3.7108420472440944
11
6.3146456692913384
21
-3.7111417322834646
0
LINE
8
BLACK
6
CONTINUOUS
10
6.3146456692913384
20
-3.7111417322834646
11
6.3067716535433069
21
-3.7111417322834646
0
LINE
8
BLACK
6
CONTINUOUS
10
6.3067716535433069
20
-3.7111417322834646
11
6.3052650393700782
21
-3.7108420472440944
0
LINE
8
BLACK
6
CONTINUOUS
10
6.3052650393700782
20
-3.7108420472440944
11
6.3039877559055117
21
-3.709988622047244
0
LINE
8
BLACK
6
CONTINUOUS
10
6.3039877559055117
20
-3.709988622047244
11
6.3031343307086614
21
-3.7087113385826771
0
LINE
8
BLACK
6
CONTINUOUS
10
6.3031343307086614
20
-3.7087113385826771
11
6.3028346456692912
21
-3.7072047244094488
0
LINE
8
BLACK
6
CONTINUOUS
10
6.3028346456692912
20
-3.7072047244094488
11
6.3028346456692912
21
-3.689488188976378
0
LINE
8
BLACK
6
CONTINUOUS
10
6.3028346456692912
20
-3.689488188976378
11
6.3031343307086614
21
-3.6879815748031497
0
LINE
8
BLACK
6
CONTINUOUS
10
6.3031343307086614
20
-3.6879815748031497
11
6.3039877559055117
21
-3.6867042913385828
0
LINE
8
BLACK
6
CONTINUOUS
10
6.3039877559055117
20
-3.6867042913385828
11
6.3052650393700782
21
-3.6858508661417324
0
LINE
8
BLACK
6
CONTINUOUS
10
6.3052650393700782
20
-3.6858508661417324
11
6.3067716535433069
21
-3.6855511811023622
0
LINE
8
BLACK
6
CONTINUOUS
10
6.3067716535433069
20
-3.6855511811023622
11
6.3146456692913384
21
-3.6855511811023622
0
LINE
8
BLACK
6
CONTINUOUS
10
6.3146456692913384
20
-3.6855511811023622
11
6.3161522834645671
21
-3.6858508661417324
0
LINE
8
BLACK
6
CONTINUOUS
10
6.341742834645669
20
-3.6858508661417324
11
6.3430201181102364
21
-3.6867042913385828
0
LINE
8
BLACK
6
CONTINUOUS
10
6.3430201181102364
20
-3.6867042913385828
11
6.3438735433070867
21
-3.6879815748031497
0
LINE
8
BLACK
6
CONTINUOUS
10
6.3438735433070867
20
-3.6879815748031497
11
6.3441732283464569
21
-3.689488188976378
0
LINE
8
BLACK
6
CONTINUOUS
10
6.3441732283464569
20
-3.689488188976378
11
6.3441732283464569
21
-3.7072047244094488
0
LINE
8
BLACK
6
CONTINUOUS
10
6.3441732283464569
20
-3.7072047244094488
11
6.3438735433070867
21
-3.7087113385826771
0
LINE
8
BLACK
6
CONTINUOUS
10
6.3438735433070867
20
-3.7087113385826771
11
6.3430201181102364
21
-3.709988622047244
0
LINE
8
BLACK
6
CONTINUOUS
10
6.3430201181102364
20
-3.709988622047244
11
6.341742834645669
21
-3.7108420472440944
0
LINE
8
BLACK
6
CONTINUOUS
10
6.341742834645669
20
-3.7108420472440944
11
6.3402362204724412
21
-3.7111417322834646
0
LINE
8
BLACK
6
CONTINUOUS
10
6.3402362204724412
20
-3.7111417322834646
11
6.3323622047244097
21
-3.7111417322834646
0
LINE
8
BLACK
6
CONTINUOUS
10
6.3323622047244097
20
-3.7111417322834646
11
6.330855590551181
21
-3.7108420472440944
0
LINE
8
BLACK
6
CONTINUOUS
10
6.330855590551181
20
-3.7108420472440944
11
6.3295783070866136
21
-3.709988622047244
0
LINE
8
BLACK
6
CONTINUOUS
10
6.3295783070866136
20
-3.709988622047244
11
6.3287248818897632
21
-3.7087113385826771
0
LINE
8
BLACK
6
CONTINUOUS
10
6.3287248818897632
20
-3.7087113385826771
11
6.328425196850394
21
-3.7072047244094488
0
LINE
8
BLACK
6
CONTINUOUS
10
6.328425196850394
20
-3.7072047244094488
11
6.328425196850394
21
-3.689488188976378
0
LINE
8
BLACK
6
CONTINUOUS
10
6.328425196850394
20
-3.689488188976378
11
6.3287248818897632
21
-3.6879815748031497
0
LINE
8
BLACK
6
CONTINUOUS
10
6.3287248818897632
20
-3.6879815748031497
11
6.3295783070866136
21
-3.6867042913385828
0
LINE
8
BLACK
6
CONTINUOUS
10
6.3295783070866136
20
-3.6867042913385828
11
6.330855590551181
21
-3.6858508661417324
0
LINE
8
BLACK
6
CONTINUOUS
10
6.330855590551181
20
-3.6858508661417324
11
6.3323622047244097
21
-3.6855511811023622
0
LINE
8
BLACK
6
CONTINUOUS
10
6.3323622047244097
20
-3.6855511811023622
11
6.3402362204724412
21
-3.6855511811023622
0
LINE
8
BLACK
6
CONTINUOUS
10
6.3402362204724412
20
-3.6855511811023622
11
6.341742834645669
21
-3.6858508661417324
0
LINE
8
BLACK
6
CONTINUOUS
10
6.3673333858267718
20
-3.6858508661417324
11
6.3686106692913382
21
-3.6867042913385828
0
LINE
8
BLACK
6
CONTINUOUS
10
6.3686106692913382
20
-3.6867042913385828
11
6.3694640944881886
21
-3.6879815748031497
0
LINE
8
BLACK
6
CONTINUOUS
10
6.3694640944881886
20
-3.6879815748031497
11
6.3697637795275588
21
-3.689488188976378
0
LINE
8
BLACK
6
CONTINUOUS
10
6.3697637795275588
20
-3.689488188976378
11
6.3697637795275588
21
-3.7072047244094488
0
LINE
8
BLACK
6
CONTINUOUS
10
6.3697637795275588
20
-3.7072047244094488
11
6.3694640944881886
21
-3.7087113385826771
0
LINE
8
BLACK
6
CONTINUOUS
10
6.3694640944881886
20
-3.7087113385826771
11
6.3686106692913382
21
-3.709988622047244
0
LINE
8
BLACK
6
CONTINUOUS
10
6.3686106692913382
20
-3.709988622047244
11
6.3673333858267718
21
-3.7108420472440944
0
LINE
8
BLACK
6
CONTINUOUS
10
6.3673333858267718
20
-3.7108420472440944
11
6.365826771653543
21
-3.7111417322834646
0
LINE
8
BLACK
6
CONTINUOUS
10
6.365826771653543
20
-3.7111417322834646
11
6.3579527559055116
21
-3.7111417322834646
0
LINE
8
BLACK
6
CONTINUOUS
10
6.3579527559055116
20
-3.7111417322834646
11
6.3564461417322837
21
-3.7108420472440944
0
LINE
8
BLACK
6
CONTINUOUS
10
6.3564461417322837
20
-3.7108420472440944
11
6.3551688582677164
21
-3.709988622047244
0
LINE
8
BLACK
6
CONTINUOUS
10
6.3551688582677164
20
-3.709988622047244
11
6.354315433070866
21
-3.7087113385826771
0
LINE
8
BLACK
6
CONTINUOUS
10
6.354315433070866
20
-3.7087113385826771
11
6.3540157480314958
21
-3.7072047244094488
0
LINE
8
BLACK
6
CONTINUOUS
10
6.3540157480314958
20
-3.7072047244094488
11
6.3540157480314958
21
-3.689488188976378
0
LINE
8
BLACK
6
CONTINUOUS
10
6.3540157480314958
20
-3.689488188976378
11
6.354315433070866
21
-3.6879815748031497
0
LINE
8
BLACK
6
CONTINUOUS
10
6.354315433070866
20
-3.6879815748031497
11
6.3551688582677164
21
-3.6867042913385828
0
LINE
8
BLACK
6
CONTINUOUS
10
6.3551688582677164
20
-3.6867042913385828
11
6.3564461417322837
21
-3.6858508661417324
0
LINE
8
BLACK
6
CONTINUOUS
10
6.3564461417322837
20
-3.6858508661417324
11
6.3579527559055116
21
-3.6855511811023622
0
LINE
8
BLACK
6
CONTINUOUS
10
6.3579527559055116
20
-3.6855511811023622
11
6.365826771653543
21
-3.6855511811023622
0
LINE
8
BLACK
6
CONTINUOUS
10
6.365826771653543
20
-3.6855511811023622
11
6.3673333858267718
21
-3.6858508661417324
0
LINE
8
BLACK
6
CONTINUOUS
10
5.8625237795275593
20
-3.6727215354330709
11
5.8653975984251971
21
-3.6746417716535431
0
LINE
8
BLACK
6
CONTINUOUS
10
5.8653975984251971
20
-3.6746417716535431
11
5.8673178346456689
21
-3.6775155905511809
0
LINE
8
BLACK
6
CONTINUOUS
10
5.8673178346456689
20
-3.6775155905511809
11
5.8679921259842516
21
-3.6809055118110234
0
LINE
8
BLACK
6
CONTINUOUS
10
5.8679921259842516
20
-3.6809055118110234
11
5.8679921259842516
21
-3.7005905511811021
0
LINE
8
BLACK
6
CONTINUOUS
10
5.8679921259842516
20
-3.7005905511811021
11
5.8673178346456689
21
-3.7039804724409446
0
LINE
8
BLACK
6
CONTINUOUS
10
5.8673178346456689
20
-3.7039804724409446
11
5.8653975984251971
21
-3.7068542913385825
0
LINE
8
BLACK
6
CONTINUOUS
10
5.8653975984251971
20
-3.7068542913385825
11
5.8625237795275593
21
-3.7087745275590551
0
LINE
8
BLACK
6
CONTINUOUS
10
5.8625237795275593
20
-3.7087745275590551
11
5.8591338582677164
21
-3.7094488188976378
0
LINE
8
BLACK
6
CONTINUOUS
10
5.8591338582677164
20
-3.7094488188976378
11
5.8414173228346451
21
-3.7094488188976378
0
LINE
8
BLACK
6
CONTINUOUS
10
5.8414173228346451
20
-3.7094488188976378
11
5.838027401574803
21
-3.7087745275590551
0
LINE
8
BLACK
6
CONTINUOUS
10
5.838027401574803
20
-3.7087745275590551
11
5.8351535826771652
21
-3.7068542913385825
0
LINE
8
BLACK
6
CONTINUOUS
10
5.8351535826771652
20
-3.7068542913385825
11
5.8332333464566926
21
-3.7039804724409446
0
LINE
8
BLACK
6
CONTINUOUS
10
5.8332333464566926
20
-3.7039804724409446
11
5.8325590551181099
21
-3.7005905511811021
0
LINE
8
BLACK
6
CONTINUOUS
10
5.8325590551181099
20
-3.7005905511811021
11
5.8325590551181099
21
-3.6809055118110234
0
LINE
8
BLACK
6
CONTINUOUS
10
5.8325590551181099
20
-3.6809055118110234
11
5.8332333464566926
21
-3.6775155905511809
0
LINE
8
BLACK
6
CONTINUOUS
10
5.8332333464566926
20
-3.6775155905511809
11
5.8351535826771652
21
-3.6746417716535431
0
LINE
8
BLACK
6
CONTINUOUS
10
5.8351535826771652
20
-3.6746417716535431
11
5.838027401574803
21
-3.6727215354330709
0
LINE
8
BLACK
6
CONTINUOUS
10
5.838027401574803
20
-3.6727215354330709
11
5.8414173228346451
21
-3.6720472440944882
0
LINE
8
BLACK
6
CONTINUOUS
10
5.8414173228346451
20
-3.6720472440944882
11
5.8591338582677164
21
-3.6720472440944882
0
LINE
8
BLACK
6
CONTINUOUS
10
5.8591338582677164
20
-3.6720472440944882
11
5.8625237795275593
21
-3.6727215354330709
0
LINE
8
BLACK
6
CONTINUOUS
10
5.9235474015748029
20
-3.6727215354330709
11
5.9264212204724407
21
-3.6746417716535431
0
LINE
8
BLACK
6
CONTINUOUS
10
5.9264212204724407
20
-3.6746417716535431
11
5.9283414566929133
21
-3.6775155905511809
0
LINE
8
BLACK
6
CONTINUOUS
10
5.9283414566929133
20
-3.6775155905511809
11
5.929015748031496
21
-3.6809055118110234
0
LINE
8
BLACK
6
CONTINUOUS
10
5.929015748031496
20
-3.6809055118110234
11
5.929015748031496
21
-3.7005905511811021
0
LINE
8
BLACK
6
CONTINUOUS
10
5.929015748031496
20
-3.7005905511811021
11
5.9283414566929133
21
-3.7039804724409446
0
LINE
8
BLACK
6
CONTINUOUS
10
5.9283414566929133
20
-3.7039804724409446
11
5.9264212204724407
21
-3.7068542913385825
0
LINE
8
BLACK
6
CONTINUOUS
10
5.9264212204724407
20
-3.7068542913385825
11
5.9235474015748029
21
-3.7087745275590551
0
LINE
8
BLACK
6
CONTINUOUS
10
5.9235474015748029
20
-3.7087745275590551
11
5.9201574803149608
21
-3.7094488188976378
0
LINE
8
BLACK
6
CONTINUOUS
10
5.9201574803149608
20
-3.7094488188976378
11
5.9024409448818895
21
-3.7094488188976378
0
LINE
8
BLACK
6
CONTINUOUS
10
5.9024409448818895
20
-3.7094488188976378
11
5.8990510236220475
21
-3.7087745275590551
0
LINE
8
BLACK
6
CONTINUOUS
10
5.8990510236220475
20
-3.7087745275590551
11
5.8961772047244096
21
-3.7068542913385825
0
LINE
8
BLACK
6
CONTINUOUS
10
5.8961772047244096
20
-3.7068542913385825
11
5.894256968503937
21
-3.7039804724409446
0
LINE
8
BLACK
6
CONTINUOUS
10
5.894256968503937
20
-3.7039804724409446
11
5.8935826771653543
21
-3.7005905511811021
0
LINE
8
BLACK
6
CONTINUOUS
10
5.8935826771653543
20
-3.7005905511811021
11
5.8935826771653543
21
-3.6809055118110234
0
LINE
8
BLACK
6
CONTINUOUS
10
5.8935826771653543
20
-3.6809055118110234
11
5.894256968503937
21
-3.6775155905511809
0
LINE
8
BLACK
6
CONTINUOUS
10
5.894256968503937
20
-3.6775155905511809
11
5.8961772047244096
21
-3.6746417716535431
0
LINE
8
BLACK
6
CONTINUOUS
10
5.8961772047244096
20
-3.6746417716535431
11
5.8990510236220475
21
-3.6727215354330709
0
LINE
8
BLACK
6
CONTINUOUS
10
5.8990510236220475
20
-3.6727215354330709
11
5.9024409448818895
21
-3.6720472440944882
0
LINE
8
BLACK
6
CONTINUOUS
10
5.9024409448818895
20
-3.6720472440944882
11
5.9201574803149608
21
-3.6720472440944882
0
LINE
8
BLACK
6
CONTINUOUS
10
5.9201574803149608
20
-3.6720472440944882
11
5.9235474015748029
21
-3.6727215354330709
0
LINE
8
BLACK
6
CONTINUOUS
10
5.2522258661417318
20
-3.6676466141732282
11
5.2547803543307081
21
-3.6693535039370078
0
LINE
8
BLACK
6
CONTINUOUS
10
5.2547803543307081
20
-3.6693535039370078
11
5.2564872440944876
21
-3.6719079921259841
0
LINE
8
BLACK
6
CONTINUOUS
10
5.2564872440944876
20
-3.6719079921259841
11
5.257086614173228
21
-3.6749212598425194
0
LINE
8
BLACK
6
CONTINUOUS
10
5.257086614173228
20
-3.6749212598425194
11
5.257086614173228
21
-3.6965748031496064
0
LINE
8
BLACK
6
CONTINUOUS
10
5.257086614173228
20
-3.6965748031496064
11
5.2564872440944876
21
-3.6995880708661417
0
LINE
8
BLACK
6
CONTINUOUS
10
5.2564872440944876
20
-3.6995880708661417
11
5.2547803543307081
21
-3.702142559055118
0
LINE
8
BLACK
6
CONTINUOUS
10
5.2547803543307081
20
-3.702142559055118
11
5.2522258661417318
21
-3.7038494488188975
0
LINE
8
BLACK
6
CONTINUOUS
10
5.2522258661417318
20
-3.7038494488188975
11
5.2492125984251965
21
-3.7044488188976379
0
LINE
8
BLACK
6
CONTINUOUS
10
5.2492125984251965
20
-3.7044488188976379
11
5.2334645669291335
21
-3.7044488188976379
0
LINE
8
BLACK
6
CONTINUOUS
10
5.2334645669291335
20
-3.7044488188976379
11
5.2304512992125982
21
-3.7038494488188975
0
LINE
8
BLACK
6
CONTINUOUS
10
5.2304512992125982
20
-3.7038494488188975
11
5.2278968110236219
21
-3.702142559055118
0
LINE
8
BLACK
6
CONTINUOUS
10
5.2278968110236219
20
-3.702142559055118
11
5.2261899212598424
21
-3.6995880708661417
0
LINE
8
BLACK
6
CONTINUOUS
10
5.2261899212598424
20
-3.6995880708661417
11
5.2255905511811021
21
-3.6965748031496064
0
LINE
8
BLACK
6
CONTINUOUS
10
5.2255905511811021
20
-3.6965748031496064
11
5.2255905511811021
21
-3.6749212598425194
0
LINE
8
BLACK
6
CONTINUOUS
10
5.2255905511811021
20
-3.6749212598425194
11
5.2261899212598424
21
-3.6719079921259841
0
LINE
8
BLACK
6
CONTINUOUS
10
5.2261899212598424
20
-3.6719079921259841
11
5.2278968110236219
21
-3.6693535039370078
0
LINE
8
BLACK
6
CONTINUOUS
10
5.2278968110236219
20
-3.6693535039370078
11
5.2304512992125982
21
-3.6676466141732282
0
LINE
8
BLACK
6
CONTINUOUS
10
5.2304512992125982
20
-3.6676466141732282
11
5.2334645669291335
21
-3.6670472440944879
0
LINE
8
BLACK
6
CONTINUOUS
10
5.2334645669291335
20
-3.6670472440944879
11
5.2492125984251965
21
-3.6670472440944879
0
LINE
8
BLACK
6
CONTINUOUS
10
5.2492125984251965
20
-3.6670472440944879
11
5.2522258661417318
21
-3.6676466141732282
0
LINE
8
BLACK
6
CONTINUOUS
10
5.317186496062992
20
-3.6676466141732282
11
5.3197409842519683
21
-3.6693535039370078
0
LINE
8
BLACK
6
CONTINUOUS
10
5.3197409842519683
20
-3.6693535039370078
11
5.3214478740157478
21
-3.6719079921259841
0
LINE
8
BLACK
6
CONTINUOUS
10
5.3214478740157478
20
-3.6719079921259841
11
5.3220472440944881
21
-3.6749212598425194
0
LINE
8
BLACK
6
CONTINUOUS
10
5.3220472440944881
20
-3.6749212598425194
11
5.3220472440944881
21
-3.6965748031496064
0
LINE
8
BLACK
6
CONTINUOUS
10
5.3220472440944881
20
-3.6965748031496064
11
5.3214478740157478
21
-3.6995880708661417
0
LINE
8
BLACK
6
CONTINUOUS
10
5.3214478740157478
20
-3.6995880708661417
11
5.3197409842519683
21
-3.702142559055118
0
LINE
8
BLACK
6
CONTINUOUS
10
5.3197409842519683
20
-3.702142559055118
11
5.317186496062992
21
-3.7038494488188975
0
LINE
8
BLACK
6
CONTINUOUS
10
5.317186496062992
20
-3.7038494488188975
11
5.3141732283464567
21
-3.7044488188976379
0
LINE
8
BLACK
6
CONTINUOUS
10
5.3141732283464567
20
-3.7044488188976379
11
5.2984251968503937
21
-3.7044488188976379
0
LINE
8
BLACK
6
CONTINUOUS
10
5.2984251968503937
20
-3.7044488188976379
11
5.2954119291338584
21
-3.7038494488188975
0
LINE
8
BLACK
6
CONTINUOUS
10
5.2954119291338584
20
-3.7038494488188975
11
5.2928574409448821
21
-3.702142559055118
0
LINE
8
BLACK
6
CONTINUOUS
10
5.2928574409448821
20
-3.702142559055118
11
5.2911505511811026
21
-3.6995880708661417
0
LINE
8
BLACK
6
CONTINUOUS
10
5.2911505511811026
20
-3.6995880708661417
11
5.2905511811023622
21
-3.6965748031496064
0
LINE
8
BLACK
6
CONTINUOUS
10
5.2905511811023622
20
-3.6965748031496064
11
5.2905511811023622
21
-3.6749212598425194
0
LINE
8
BLACK
6
CONTINUOUS
10
5.2905511811023622
20
-3.6749212598425194
11
5.2911505511811026
21
-3.6719079921259841
0
LINE
8
BLACK
6
CONTINUOUS
10
5.2911505511811026
20
-3.6719079921259841
11
5.2928574409448821
21
-3.6693535039370078
0
LINE
8
BLACK
6
CONTINUOUS
10
5.2928574409448821
20
-3.6693535039370078
11
5.2954119291338584
21
-3.6676466141732282
0
LINE
8
BLACK
6
CONTINUOUS
10
5.2954119291338584
20
-3.6676466141732282
11
5.2984251968503937
21
-3.6670472440944879
0
LINE
8
BLACK
6
CONTINUOUS
10
5.2984251968503937
20
-3.6670472440944879
11
5.3141732283464567
21
-3.6670472440944879
0
LINE
8
BLACK
6
CONTINUOUS
10
5.3141732283464567
20
-3.6670472440944879
11
5.317186496062992
21
-3.6676466141732282
0
LINE
8
BLACK
6
CONTINUOUS
10
6.0742519685039369
20
-3.6931102362204724
11
6.0092913385826767
21
-3.6931102362204724
0
LINE
8
BLACK
6
CONTINUOUS
10
6.0092913385826767
20
-3.6931102362204724
11
6.0092913385826767
21
-3.6596456692913386
0
LINE
8
BLACK
6
CONTINUOUS
10
6.0092913385826767
20
-3.6596456692913386
11
6.0742519685039369
21
-3.6596456692913386
0
LINE
8
BLACK
6
CONTINUOUS
10
6.0742519685039369
20
-3.6596456692913386
11
6.0742519685039369
21
-3.6931102362204724
0
LINE
8
BLACK
6
CONTINUOUS
10
5.7247665748031498
20
-3.6534106299212596
11
5.7279597244094491
21
-3.655544212598425
0
LINE
8
BLACK
6
CONTINUOUS
10
5.7279597244094491
20
-3.655544212598425
11
5.730093307086614
21
-3.6587373622047243
0
LINE
8
BLACK
6
CONTINUOUS
10
5.730093307086614
20
-3.6587373622047243
11
5.730842519685039
21
-3.662503937007874
0
LINE
8
BLACK
6
CONTINUOUS
10
5.730842519685039
20
-3.662503937007874
11
5.730842519685039
21
-3.6821889763779527
0
LINE
8
BLACK
6
CONTINUOUS
10
5.730842519685039
20
-3.6821889763779527
11
5.730093307086614
21
-3.6859555511811024
0
LINE
8
BLACK
6
CONTINUOUS
10
5.730093307086614
20
-3.6859555511811024
11
5.7279597244094491
21
-3.6891487007874013
0
LINE
8
BLACK
6
CONTINUOUS
10
5.7279597244094491
20
-3.6891487007874013
11
5.7247665748031498
21
-3.6912822834645667
0
LINE
8
BLACK
6
CONTINUOUS
10
5.7247665748031498
20
-3.6912822834645667
11
5.7210000000000001
21
-3.6920314960629921
0
LINE
8
BLACK
6
CONTINUOUS
10
5.7210000000000001
20
-3.6920314960629921
11
5.6835984251968501
21
-3.6920314960629921
0
LINE
8
BLACK
6
CONTINUOUS
10
5.6835984251968501
20
-3.6920314960629921
11
5.6798318503937004
21
-3.6912822834645667
0
LINE
8
BLACK
6
CONTINUOUS
10
5.6798318503937004
20
-3.6912822834645667
11
5.6766387007874011
21
-3.6891487007874013
0
LINE
8
BLACK
6
CONTINUOUS
10
5.6766387007874011
20
-3.6891487007874013
11
5.6745051181102362
21
-3.6859555511811024
0
LINE
8
BLACK
6
CONTINUOUS
10
5.6745051181102362
20
-3.6859555511811024
11
5.6737559055118112
21
-3.6821889763779527
0
LINE
8
BLACK
6
CONTINUOUS
10
5.6737559055118112
20
-3.6821889763779527
11
5.6737559055118112
21
-3.662503937007874
0
LINE
8
BLACK
6
CONTINUOUS
10
5.6737559055118112
20
-3.662503937007874
11
5.6745051181102362
21
-3.6587373622047243
0
LINE
8
BLACK
6
CONTINUOUS
10
5.6745051181102362
20
-3.6587373622047243
11
5.6766387007874011
21
-3.655544212598425
0
LINE
8
BLACK
6
CONTINUOUS
10
5.6766387007874011
20
-3.655544212598425
11
5.6798318503937004
21
-3.6534106299212596
0
LINE
8
BLACK
6
CONTINUOUS
10
5.6798318503937004
20
-3.6534106299212596
11
5.6835984251968501
21
-3.6526614173228347
0
LINE
8
BLACK
6
CONTINUOUS
10
5.6835984251968501
20
-3.6526614173228347
11
5.7210000000000001
21
-3.6526614173228347
0
LINE
8
BLACK
6
CONTINUOUS
10
5.7210000000000001
20
-3.6526614173228347
11
5.7247665748031498
21
-3.6534106299212596
0
LINE
8
BLACK
6
CONTINUOUS
10
6.2487823228346455
20
-3.64445
11
6.2519754724409449
21
-3.6465835826771653
0
LINE
8
BLACK
6
CONTINUOUS
10
6.2519754724409449
20
-3.6465835826771653
11
6.2541090551181098
21
-3.6497767322834647
0
LINE
8
BLACK
6
CONTINUOUS
10
6.2541090551181098
20
-3.6497767322834647
11
6.2548582677165356
21
-3.6535433070866139
0
LINE
8
BLACK
6
CONTINUOUS
10
6.2548582677165356
20
-3.6535433070866139
11
6.2548582677165356
21
-3.6791338582677167
0
LINE
8
BLACK
6
CONTINUOUS
10
6.2548582677165356
20
-3.6791338582677167
11
6.2541090551181098
21
-3.6829004330708659
0
LINE
8
BLACK
6
CONTINUOUS
10
6.2541090551181098
20
-3.6829004330708659
11
6.2519754724409449
21
-3.6860935826771652
0
LINE
8
BLACK
6
CONTINUOUS
10
6.2519754724409449
20
-3.6860935826771652
11
6.2487823228346455
21
-3.6882271653543306
0
LINE
8
BLACK
6
CONTINUOUS
10
6.2487823228346455
20
-3.6882271653543306
11
6.2450157480314958
21
-3.688976377952756
0
LINE
8
BLACK
6
CONTINUOUS
10
6.2450157480314958
20
-3.688976377952756
11
6.2095826771653542
21
-3.688976377952756
0
LINE
8
BLACK
6
CONTINUOUS
10
6.2095826771653542
20
-3.688976377952756
11
6.2058161023622045
21
-3.6882271653543306
0
LINE
8
BLACK
6
CONTINUOUS
10
6.2058161023622045
20
-3.6882271653543306
11
6.2026229527559051
21
-3.6860935826771652
0
LINE
8
BLACK
6
CONTINUOUS
10
6.2026229527559051
20
-3.6860935826771652
11
6.2004893700787402
21
-3.6829004330708659
0
LINE
8
BLACK
6
CONTINUOUS
10
6.2004893700787402
20
-3.6829004330708659
11
6.1997401574803153
21
-3.6791338582677167
0
LINE
8
BLACK
6
CONTINUOUS
10
6.1997401574803153
20
-3.6791338582677167
11
6.1997401574803153
21
-3.6535433070866139
0
LINE
8
BLACK
6
CONTINUOUS
10
6.1997401574803153
20
-3.6535433070866139
11
6.2004893700787402
21
-3.6497767322834647
0
LINE
8
BLACK
6
CONTINUOUS
10
6.2004893700787402
20
-3.6497767322834647
11
6.2026229527559051
21
-3.6465835826771653
0
LINE
8
BLACK
6
CONTINUOUS
10
6.2026229527559051
20
-3.6465835826771653
11
6.2058161023622045
21
-3.64445
0
LINE
8
BLACK
6
CONTINUOUS
10
6.2058161023622045
20
-3.64445
11
6.2095826771653542
21
-3.6437007874015745
0
LINE
8
BLACK
6
CONTINUOUS
10
6.2095826771653542
20
-3.6437007874015745
11
6.2450157480314958
21
-3.6437007874015745
0
LINE
8
BLACK
6
CONTINUOUS
10
6.2450157480314958
20
-3.6437007874015745
11
6.2487823228346455
21
-3.64445
0
LINE
8
BLACK
6
CONTINUOUS
10
6.3135316535433068
20
-3.6276427952755905
11
6.3164054724409446
21
-3.6295630314960627
0
LINE
8
BLACK
6
CONTINUOUS
10
6.3164054724409446
20
-3.6295630314960627
11
6.3183257086614173
21
-3.6324368503937006
0
LINE
8
BLACK
6
CONTINUOUS
10
6.3183257086614173
20
-3.6324368503937006
11
6.319
21
-3.6358267716535431
0
LINE
8
BLACK
6
CONTINUOUS
10
6.319
20
-3.6358267716535431
11
6.319
21
-3.6535433070866139
0
LINE
8
BLACK
6
CONTINUOUS
10
6.319
20
-3.6535433070866139
11
6.3183257086614173
21
-3.6569332283464564
0
LINE
8
BLACK
6
CONTINUOUS
10
6.3183257086614173
20
-3.6569332283464564
11
6.3164054724409446
21
-3.6598070472440942
0
LINE
8
BLACK
6
CONTINUOUS
10
6.3164054724409446
20
-3.6598070472440942
11
6.3135316535433068
21
-3.6617272834645669
0
LINE
8
BLACK
6
CONTINUOUS
10
6.3135316535433068
20
-3.6617272834645669
11
6.3101417322834648
21
-3.6624015748031495
0
LINE
8
BLACK
6
CONTINUOUS
10
6.3101417322834648
20
-3.6624015748031495
11
6.290456692913386
21
-3.6624015748031495
0
LINE
8
BLACK
6
CONTINUOUS
10
6.290456692913386
20
-3.6624015748031495
11
6.2870667716535431
21
-3.6617272834645669
0
LINE
8
BLACK
6
CONTINUOUS
10
6.2870667716535431
20
-3.6617272834645669
11
6.2841929527559053
21
-3.6598070472440942
0
LINE
8
BLACK
6
CONTINUOUS
10
6.2841929527559053
20
-3.6598070472440942
11
6.2822727165354326
21
-3.6569332283464564
0
LINE
8
BLACK
6
CONTINUOUS
10
6.2822727165354326
20
-3.6569332283464564
11
6.28159842519685
21
-3.6535433070866139
0
LINE
8
BLACK
6
CONTINUOUS
10
6.28159842519685
20
-3.6535433070866139
11
6.28159842519685
21
-3.6358267716535431
0
LINE
8
BLACK
6
CONTINUOUS
10
6.28159842519685
20
-3.6358267716535431
11
6.2822727165354326
21
-3.6324368503937006
0
LINE
8
BLACK
6
CONTINUOUS
10
6.2822727165354326
20
-3.6324368503937006
11
6.2841929527559053
21
-3.6295630314960627
0
LINE
8
BLACK
6
CONTINUOUS
10
6.2841929527559053
20
-3.6295630314960627
11
6.2870667716535431
21
-3.6276427952755905
0
LINE
8
BLACK
6
CONTINUOUS
10
6.2870667716535431
20
-3.6276427952755905
11
6.290456692913386
21
-3.6269685039370079
0
LINE
8
BLACK
6
CONTINUOUS
10
6.290456692913386
20
-3.6269685039370079
11
6.3101417322834648
21
-3.6269685039370079
0
LINE
8
BLACK
6
CONTINUOUS
10
6.3101417322834648
20
-3.6269685039370079
11
6.3135316535433068
21
-3.6276427952755905
0
LINE
8
BLACK
6
CONTINUOUS
10
5.0602232677165357
20
-3.6206704724409446
11
5.0634164173228342
21
-3.62280405511811
0
LINE
8
BLACK
6
CONTINUOUS
10
5.0634164173228342
20
-3.62280405511811
11
5.06555
21
-3.6259972047244093
0
LINE
8
BLACK
6
CONTINUOUS
10
5.06555
20
-3.6259972047244093
11
5.066299212598425
21
-3.629763779527559
0
LINE
8
BLACK
6
CONTINUOUS
10
5.066299212598425
20
-3.629763779527559
11
5.066299212598425
21
-3.6494488188976377
0
LINE
8
BLACK
6
CONTINUOUS
10
5.066299212598425
20
-3.6494488188976377
11
5.06555
21
-3.6532153937007874
0
LINE
8
BLACK
6
CONTINUOUS
10
5.06555
20
-3.6532153937007874
11
5.0634164173228342
21
-3.6564085433070863
0
LINE
8
BLACK
6
CONTINUOUS
10
5.0634164173228342
20
-3.6564085433070863
11
5.0602232677165357
21
-3.6585421259842521
0
LINE
8
BLACK
6
CONTINUOUS
10
5.0602232677165357
20
-3.6585421259842521
11
5.0564566929133861
21
-3.6592913385826771
0
LINE
8
BLACK
6
CONTINUOUS
10
5.0564566929133861
20
-3.6592913385826771
11
4.9698425196850389
21
-3.6592913385826771
0
LINE
8
BLACK
6
CONTINUOUS
10
4.9698425196850389
20
-3.6592913385826771
11
4.9660759448818901
21
-3.6585421259842521
0
LINE
8
BLACK
6
CONTINUOUS
10
4.9660759448818901
20
-3.6585421259842521
11
4.9628827952755907
21
-3.6564085433070863
0
LINE
8
BLACK
6
CONTINUOUS
10
4.9628827952755907
20
-3.6564085433070863
11
4.9607492125984249
21
-3.6532153937007874
0
LINE
8
BLACK
6
CONTINUOUS
10
4.9607492125984249
20
-3.6532153937007874
11
4.96
21
-3.6494488188976377
0
LINE
8
BLACK
6
CONTINUOUS
10
4.96
20
-3.6494488188976377
11
4.96
21
-3.629763779527559
0
LINE
8
BLACK
6
CONTINUOUS
10
4.96
20
-3.629763779527559
11
4.9607492125984249
21
-3.6259972047244093
0
LINE
8
BLACK
6
CONTINUOUS
10
4.9607492125984249
20
-3.6259972047244093
11
4.9628827952755907
21
-3.62280405511811
0
LINE
8
BLACK
6
CONTINUOUS
10
4.9628827952755907
20
-3.62280405511811
11
4.9660759448818901
21
-3.6206704724409446
0
LINE
8
BLACK
6
CONTINUOUS
10
4.9660759448818901
20
-3.6206704724409446
11
4.9698425196850389
21
-3.6199212598425197
0
LINE
8
BLACK
6
CONTINUOUS
10
4.9698425196850389
20
-3.6199212598425197
11
5.0564566929133861
21
-3.6199212598425197
0
LINE
8
BLACK
6
CONTINUOUS
10
5.0564566929133861
20
-3.6199212598425197
11
5.0602232677165357
21
-3.6206704724409446
0
LINE
8
BLACK
6
CONTINUOUS
10
6.4495316535433069
20
-3.6237057874015748
11
6.4524054724409448
21
-3.625626023622047
0
LINE
8
BLACK
6
CONTINUOUS
10
6.4524054724409448
20
-3.625626023622047
11
6.4543257086614174
21
-3.6284998425196848
0
LINE
8
BLACK
6
CONTINUOUS
10
6.4543257086614174
20
-3.6284998425196848
11
6.4550000000000001
21
-3.6318897637795273
0
LINE
8
BLACK
6
CONTINUOUS
10
6.4550000000000001
20
-3.6318897637795273
11
6.4550000000000001
21
-3.6496062992125982
0
LINE
8
BLACK
6
CONTINUOUS
10
6.4550000000000001
20
-3.6496062992125982
11
6.4543257086614174
21
-3.6529962204724407
0
LINE
8
BLACK
6
CONTINUOUS
10
6.4543257086614174
20
-3.6529962204724407
11
6.4524054724409448
21
-3.6558700393700785
0
LINE
8
BLACK
6
CONTINUOUS
10
6.4524054724409448
20
-3.6558700393700785
11
6.4495316535433069
21
-3.6577902755905511
0
LINE
8
BLACK
6
CONTINUOUS
10
6.4495316535433069
20
-3.6577902755905511
11
6.446141732283464
21
-3.6584645669291338
0
LINE
8
BLACK
6
CONTINUOUS
10
6.446141732283464
20
-3.6584645669291338
11
6.4264566929133853
21
-3.6584645669291338
0
LINE
8
BLACK
6
CONTINUOUS
10
6.4264566929133853
20
-3.6584645669291338
11
6.4230667716535432
21
-3.6577902755905511
0
LINE
8
BLACK
6
CONTINUOUS
10
6.4230667716535432
20
-3.6577902755905511
11
6.4201929527559054
21
-3.6558700393700785
0
LINE
8
BLACK
6
CONTINUOUS
10
6.4201929527559054
20
-3.6558700393700785
11
6.4182727165354327
21
-3.6529962204724407
0
LINE
8
BLACK
6
CONTINUOUS
10
6.4182727165354327
20
-3.6529962204724407
11
6.4175984251968501
21
-3.6496062992125982
0
LINE
8
BLACK
6
CONTINUOUS
10
6.4175984251968501
20
-3.6496062992125982
11
6.4175984251968501
21
-3.6318897637795273
0
LINE
8
BLACK
6
CONTINUOUS
10
6.4175984251968501
20
-3.6318897637795273
11
6.4182727165354327
21
-3.6284998425196848
0
LINE
8
BLACK
6
CONTINUOUS
10
6.4182727165354327
20
-3.6284998425196848
11
6.4201929527559054
21
-3.625626023622047
0
LINE
8
BLACK
6
CONTINUOUS
10
6.4201929527559054
20
-3.625626023622047
11
6.4230667716535432
21
-3.6237057874015748
0
LINE
8
BLACK
6
CONTINUOUS
10
6.4230667716535432
20
-3.6237057874015748
11
6.4264566929133853
21
-3.6230314960629921
0
LINE
8
BLACK
6
CONTINUOUS
10
6.4264566929133853
20
-3.6230314960629921
11
6.446141732283464
21
-3.6230314960629921
0
LINE
8
BLACK
6
CONTINUOUS
10
6.446141732283464
20
-3.6230314960629921
11
6.4495316535433069
21
-3.6237057874015748
0
LINE
8
BLACK
6
CONTINUOUS
10
6.1451392519685042
20
-3.6256387401574801
11
6.1476937401574805
21
-3.6273456299212596
0
LINE
8
BLACK
6
CONTINUOUS
10
6.1476937401574805
20
-3.6273456299212596
11
6.14940062992126
21
-3.6299001181102359
0
LINE
8
BLACK
6
CONTINUOUS
10
6.14940062992126
20
-3.6299001181102359
11
6.1499999999999995
21
-3.6329133858267717
0
LINE
8
BLACK
6
CONTINUOUS
10
6.1499999999999995
20
-3.6329133858267717
11
6.1499999999999995
21
-3.6486614173228347
0
LINE
8
BLACK
6
CONTINUOUS
10
6.1499999999999995
20
-3.6486614173228347
11
6.14940062992126
21
-3.65167468503937
0
LINE
8
BLACK
6
CONTINUOUS
10
6.14940062992126
20
-3.65167468503937
11
6.1476937401574805
21
-3.6542291732283463
0
LINE
8
BLACK
6
CONTINUOUS
10
6.1476937401574805
20
-3.6542291732283463
11
6.1451392519685042
21
-3.6559360629921258
0
LINE
8
BLACK
6
CONTINUOUS
10
6.1451392519685042
20
-3.6559360629921258
11
6.142125984251968
21
-3.6565354330708661
0
LINE
8
BLACK
6
CONTINUOUS
10
6.142125984251968
20
-3.6565354330708661
11
6.1204724409448819
21
-3.6565354330708661
0
LINE
8
BLACK
6
CONTINUOUS
10
6.1204724409448819
20
-3.6565354330708661
11
6.1174591732283465
21
-3.6559360629921258
0
LINE
8
BLACK
6
CONTINUOUS
10
6.1174591732283465
20
-3.6559360629921258
11
6.1149046850393702
21
-3.6542291732283463
0
LINE
8
BLACK
6
CONTINUOUS
10
6.1149046850393702
20
-3.6542291732283463
11
6.1131977952755907
21
-3.65167468503937
0
LINE
8
BLACK
6
CONTINUOUS
10
6.1131977952755907
20
-3.65167468503937
11
6.1125984251968504
21
-3.6486614173228347
0
LINE
8
BLACK
6
CONTINUOUS
10
6.1125984251968504
20
-3.6486614173228347
11
6.1125984251968504
21
-3.6329133858267717
0
LINE
8
BLACK
6
CONTINUOUS
10
6.1125984251968504
20
-3.6329133858267717
11
6.1131977952755907
21
-3.6299001181102359
0
LINE
8
BLACK
6
CONTINUOUS
10
6.1131977952755907
20
-3.6299001181102359
11
6.1149046850393702
21
-3.6273456299212596
0
LINE
8
BLACK
6
CONTINUOUS
10
6.1149046850393702
20
-3.6273456299212596
11
6.1174591732283465
21
-3.6256387401574801
0
LINE
8
BLACK
6
CONTINUOUS
10
6.1174591732283465
20
-3.6256387401574801
11
6.1204724409448819
21
-3.6250393700787402
0
LINE
8
BLACK
6
CONTINUOUS
10
6.1204724409448819
20
-3.6250393700787402
11
6.142125984251968
21
-3.6250393700787402
0
LINE
8
BLACK
6
CONTINUOUS
10
6.142125984251968
20
-3.6250393700787402
11
6.1451392519685042
21
-3.6256387401574801
0
LINE
8
BLACK
6
CONTINUOUS
10
5.4488188976377954
20
-3.6535433070866139
11
5.4212598425196852
21
-3.6535433070866139
0
LINE
8
BLACK
6
CONTINUOUS
10
5.4212598425196852
20
-3.6535433070866139
11
5.4212598425196852
21
-3.5354330708661417
0
LINE
8
BLACK
6
CONTINUOUS
10
5.4212598425196852
20
-3.5354330708661417
11
5.4488188976377954
21
-3.5354330708661417
0
LINE
8
BLACK
6
CONTINUOUS
10
5.4488188976377954
20
-3.5354330708661417
11
5.4488188976377954
21
-3.6535433070866139
0
LINE
8
BLACK
6
CONTINUOUS
10
6.0181496062992128
20
-3.6517716535433071
11
6.0063385826771656
21
-3.6517716535433071
0
LINE
8
BLACK
6
CONTINUOUS
10
6.0063385826771656
20
-3.6517716535433071
11
6.0063385826771656
21
-3.6222440944881891
0
LINE
8
BLACK
6
CONTINUOUS
10
6.0063385826771656
20
-3.6222440944881891
11
6.0181496062992128
21
-3.6222440944881891
0
LINE
8
BLACK
6
CONTINUOUS
10
6.0181496062992128
20
-3.6222440944881891
11
6.0181496062992128
21
-3.6517716535433071
0
LINE
8
BLACK
6
CONTINUOUS
10
6.0378346456692915
20
-3.6517716535433071
11
6.0260236220472443
21
-3.6517716535433071
0
LINE
8
BLACK
6
CONTINUOUS
10
6.0260236220472443
20
-3.6517716535433071
11
6.0260236220472443
21
-3.6222440944881891
0
LINE
8
BLACK
6
CONTINUOUS
10
6.0260236220472443
20
-3.6222440944881891
11
6.0378346456692915
21
-3.6222440944881891
0
LINE
8
BLACK
6
CONTINUOUS
10
6.0378346456692915
20
-3.6222440944881891
11
6.0378346456692915
21
-3.6517716535433071
0
LINE
8
BLACK
6
CONTINUOUS
10
6.0575196850393702
20
-3.6517716535433071
11
6.045708661417323
21
-3.6517716535433071
0
LINE
8
BLACK
6
CONTINUOUS
10
6.045708661417323
20
-3.6517716535433071
11
6.045708661417323
21
-3.6222440944881891
0
LINE
8
BLACK
6
CONTINUOUS
10
6.045708661417323
20
-3.6222440944881891
11
6.0575196850393702
21
-3.6222440944881891
0
LINE
8
BLACK
6
CONTINUOUS
10
6.0575196850393702
20
-3.6222440944881891
11
6.0575196850393702
21
-3.6517716535433071
0
LINE
8
BLACK
6
CONTINUOUS
10
6.0772047244094489
20
-3.6517716535433071
11
6.0653937007874017
21
-3.6517716535433071
0
LINE
8
BLACK
6
CONTINUOUS
10
6.0653937007874017
20
-3.6517716535433071
11
6.0653937007874017
21
-3.6222440944881891
0
LINE
8
BLACK
6
CONTINUOUS
10
6.0653937007874017
20
-3.6222440944881891
11
6.0772047244094489
21
-3.6222440944881891
0
LINE
8
BLACK
6
CONTINUOUS
10
6.0772047244094489
20
-3.6222440944881891
11
6.0772047244094489
21
-3.6517716535433071
0
LINE
8
BLACK
6
CONTINUOUS
10
5.2524069685039372
20
-3.6068985826771653
11
5.2549614566929135
21
-3.6086054724409449
0
LINE
8
BLACK
6
CONTINUOUS
10
5.2549614566929135
20
-3.6086054724409449
11
5.256668346456693
21
-3.6111599606299212
0
LINE
8
BLACK
6
CONTINUOUS
10
5.256668346456693
20
-3.6111599606299212
11
5.2572677165354333
21
-3.6141732283464565
0
LINE
8
BLACK
6
CONTINUOUS
10
5.2572677165354333
20
-3.6141732283464565
11
5.2572677165354333
21
-3.6358267716535431
0
LINE
8
BLACK
6
CONTINUOUS
10
5.2572677165354333
20
-3.6358267716535431
11
5.256668346456693
21
-3.6388400393700788
0
LINE
8
BLACK
6
CONTINUOUS
10
5.256668346456693
20
-3.6388400393700788
11
5.2549614566929135
21
-3.6413945275590551
0
LINE
8
BLACK
6
CONTINUOUS
10
5.2549614566929135
20
-3.6413945275590551
11
5.2524069685039372
21
-3.6431014173228347
0
LINE
8
BLACK
6
CONTINUOUS
10
5.2524069685039372
20
-3.6431014173228347
11
5.2493937007874019
21
-3.6437007874015745
0
LINE
8
BLACK
6
CONTINUOUS
10
5.2493937007874019
20
-3.6437007874015745
11
5.2336456692913389
21
-3.6437007874015745
0
LINE
8
BLACK
6
CONTINUOUS
10
5.2336456692913389
20
-3.6437007874015745
11
5.2306324015748027
21
-3.6431014173228347
0
LINE
8
BLACK
6
CONTINUOUS
10
5.2306324015748027
20
-3.6431014173228347
11
5.2280779133858264
21
-3.6413945275590551
0
LINE
8
BLACK
6
CONTINUOUS
10
5.2280779133858264
20
-3.6413945275590551
11
5.2263710236220469
21
-3.6388400393700788
0
LINE
8
BLACK
6
CONTINUOUS
10
5.2263710236220469
20
-3.6388400393700788
11
5.2257716535433065
21
-3.6358267716535431
0
LINE
8
BLACK
6
CONTINUOUS
10
5.2257716535433065
20
-3.6358267716535431
11
5.2257716535433065
21
-3.6141732283464565
0
LINE
8
BLACK
6
CONTINUOUS
10
5.2257716535433065
20
-3.6141732283464565
11
5.2263710236220469
21
-3.6111599606299212
0
LINE
8
BLACK
6
CONTINUOUS
10
5.2263710236220469
20
-3.6111599606299212
11
5.2280779133858264
21
-3.6086054724409449
0
LINE
8
BLACK
6
CONTINUOUS
10
5.2280779133858264
20
-3.6086054724409449
11
5.2306324015748027
21
-3.6068985826771653
0
LINE
8
BLACK
6
CONTINUOUS
10
5.2306324015748027
20
-3.6068985826771653
11
5.2336456692913389
21
-3.606299212598425
0
LINE
8
BLACK
6
CONTINUOUS
10
5.2336456692913389
20
-3.606299212598425
11
5.2493937007874019
21
-3.606299212598425
0
LINE
8
BLACK
6
CONTINUOUS
10
5.2493937007874019
20
-3.606299212598425
11
5.2524069685039372
21
-3.6068985826771653
0
LINE
8
BLACK
6
CONTINUOUS
10
5.3173675984251965
20
-3.6068985826771653
11
5.3199220866141728
21
-3.6086054724409449
0
LINE
8
BLACK
6
CONTINUOUS
10
5.3199220866141728
20
-3.6086054724409449
11
5.3216289763779523
21
-3.6111599606299212
0
LINE
8
BLACK
6
CONTINUOUS
10
5.3216289763779523
20
-3.6111599606299212
11
5.3222283464566926
21
-3.6141732283464565
0
LINE
8
BLACK
6
CONTINUOUS
10
5.3222283464566926
20
-3.6141732283464565
11
5.3222283464566926
21
-3.6358267716535431
0
LINE
8
BLACK
6
CONTINUOUS
10
5.3222283464566926
20
-3.6358267716535431
11
5.3216289763779523
21
-3.6388400393700788
0
LINE
8
BLACK
6
CONTINUOUS
10
5.3216289763779523
20
-3.6388400393700788
11
5.3199220866141728
21
-3.6413945275590551
0
LINE
8
BLACK
6
CONTINUOUS
10
5.3199220866141728
20
-3.6413945275590551
11
5.3173675984251965
21
-3.6431014173228347
0
LINE
8
BLACK
6
CONTINUOUS
10
5.3173675984251965
20
-3.6431014173228347
11
5.3143543307086611
21
-3.6437007874015745
0
LINE
8
BLACK
6
CONTINUOUS
10
5.3143543307086611
20
-3.6437007874015745
11
5.2986062992125982
21
-3.6437007874015745
0
LINE
8
BLACK
6
CONTINUOUS
10
5.2986062992125982
20
-3.6437007874015745
11
5.2955930314960629
21
-3.6431014173228347
0
LINE
8
BLACK
6
CONTINUOUS
10
5.2955930314960629
20
-3.6431014173228347
11
5.2930385433070866
21
-3.6413945275590551
0
LINE
8
BLACK
6
CONTINUOUS
10
5.2930385433070866
20
-3.6413945275590551
11
5.291331653543307
21
-3.6388400393700788
0
LINE
8
BLACK
6
CONTINUOUS
10
5.291331653543307
20
-3.6388400393700788
11
5.2907322834645667
21
-3.6358267716535431
0
LINE
8
BLACK
6
CONTINUOUS
10
5.2907322834645667
20
-3.6358267716535431
11
5.2907322834645667
21
-3.6141732283464565
0
LINE
8
BLACK
6
CONTINUOUS
10
5.2907322834645667
20
-3.6141732283464565
11
5.291331653543307
21
-3.6111599606299212
0
LINE
8
BLACK
6
CONTINUOUS
10
5.291331653543307
20
-3.6111599606299212
11
5.2930385433070866
21
-3.6086054724409449
0
LINE
8
BLACK
6
CONTINUOUS
10
5.2930385433070866
20
-3.6086054724409449
11
5.2955930314960629
21
-3.6068985826771653
0
LINE
8
BLACK
6
CONTINUOUS
10
5.2955930314960629
20
-3.6068985826771653
11
5.2986062992125982
21
-3.606299212598425
0
LINE
8
BLACK
6
CONTINUOUS
10
5.2986062992125982
20
-3.606299212598425
11
5.3143543307086611
21
-3.606299212598425
0
LINE
8
BLACK
6
CONTINUOUS
10
5.3143543307086611
20
-3.606299212598425
11
5.3173675984251965
21
-3.6068985826771653
0
LINE
8
BLACK
6
CONTINUOUS
10
5.9368374409448821
20
-3.5972059055118111
11
5.9400305905511805
21
-3.5993394881889764
0
LINE
8
BLACK
6
CONTINUOUS
10
5.9400305905511805
20
-3.5993394881889764
11
5.9421641732283463
21
-3.6025326377952753
0
LINE
8
BLACK
6
CONTINUOUS
10
5.9421641732283463
20
-3.6025326377952753
11
5.9429133858267713
21
-3.606299212598425
0
LINE
8
BLACK
6
CONTINUOUS
10
5.9429133858267713
20
-3.606299212598425
11
5.9429133858267713
21
-3.6318897637795273
0
LINE
8
BLACK
6
CONTINUOUS
10
5.9429133858267713
20
-3.6318897637795273
11
5.9421641732283463
21
-3.635656338582677
0
LINE
8
BLACK
6
CONTINUOUS
10
5.9421641732283463
20
-3.635656338582677
11
5.9400305905511805
21
-3.6388494881889764
0
LINE
8
BLACK
6
CONTINUOUS
10
5.9400305905511805
20
-3.6388494881889764
11
5.9368374409448821
21
-3.6409830708661417
0
LINE
8
BLACK
6
CONTINUOUS
10
5.9368374409448821
20
-3.6409830708661417
11
5.9330708661417324
21
-3.6417322834645667
0
LINE
8
BLACK
6
CONTINUOUS
10
5.9330708661417324
20
-3.6417322834645667
11
5.8976377952755907
21
-3.6417322834645667
0
LINE
8
BLACK
6
CONTINUOUS
10
5.8976377952755907
20
-3.6417322834645667
11
5.8938712204724411
21
-3.6409830708661417
0
LINE
8
BLACK
6
CONTINUOUS
10
5.8938712204724411
20
-3.6409830708661417
11
5.8906780708661417
21
-3.6388494881889764
0
LINE
8
BLACK
6
CONTINUOUS
10
5.8906780708661417
20
-3.6388494881889764
11
5.8885444881889759
21
-3.635656338582677
0
LINE
8
BLACK
6
CONTINUOUS
10
5.8885444881889759
20
-3.635656338582677
11
5.8877952755905509
21
-3.6318897637795273
0
LINE
8
BLACK
6
CONTINUOUS
10
5.8877952755905509
20
-3.6318897637795273
11
5.8877952755905509
21
-3.606299212598425
0
LINE
8
BLACK
6
CONTINUOUS
10
5.8877952755905509
20
-3.606299212598425
11
5.8885444881889759
21
-3.6025326377952753
0
LINE
8
BLACK
6
CONTINUOUS
10
5.8885444881889759
20
-3.6025326377952753
11
5.8906780708661417
21
-3.5993394881889764
0
LINE
8
BLACK
6
CONTINUOUS
10
5.8906780708661417
20
-3.5993394881889764
11
5.8938712204724411
21
-3.5972059055118111
0
LINE
8
BLACK
6
CONTINUOUS
10
5.8938712204724411
20
-3.5972059055118111
11
5.8976377952755907
21
-3.5964566929133857
0
LINE
8
BLACK
6
CONTINUOUS
10
5.8976377952755907
20
-3.5964566929133857
11
5.9330708661417324
21
-3.5964566929133857
0
LINE
8
BLACK
6
CONTINUOUS
10
5.9330708661417324
20
-3.5964566929133857
11
5.9368374409448821
21
-3.5972059055118111
0
LINE
8
BLACK
6
CONTINUOUS
10
5.7823098818897636
20
-3.5873633858267717
11
5.7855030314960629
21
-3.5894969685039371
0
LINE
8
BLACK
6
CONTINUOUS
10
5.7855030314960629
20
-3.5894969685039371
11
5.7876366141732278
21
-3.592690118110236
0
LINE
8
BLACK
6
CONTINUOUS
10
5.7876366141732278
20
-3.592690118110236
11
5.7883858267716537
21
-3.5964566929133857
0
LINE
8
BLACK
6
CONTINUOUS
10
5.7883858267716537
20
-3.5964566929133857
11
5.7883858267716537
21
-3.6161417322834644
0
LINE
8
BLACK
6
CONTINUOUS
10
5.7883858267716537
20
-3.6161417322834644
11
5.7876366141732278
21
-3.619908307086614
0
LINE
8
BLACK
6
CONTINUOUS
10
5.7876366141732278
20
-3.619908307086614
11
5.7855030314960629
21
-3.6231014566929134
0
LINE
8
BLACK
6
CONTINUOUS
10
5.7855030314960629
20
-3.6231014566929134
11
5.7823098818897636
21
-3.6252350393700787
0
LINE
8
BLACK
6
CONTINUOUS
10
5.7823098818897636
20
-3.6252350393700787
11
5.7785433070866139
21
-3.6259842519685037
0
LINE
8
BLACK
6
CONTINUOUS
10
5.7785433070866139
20
-3.6259842519685037
11
5.7411417322834648
21
-3.6259842519685037
0
LINE
8
BLACK
6
CONTINUOUS
10
5.7411417322834648
20
-3.6259842519685037
11
5.7373751574803151
21
-3.6252350393700787
0
LINE
8
BLACK
6
CONTINUOUS
10
5.7373751574803151
20
-3.6252350393700787
11
5.7341820078740158
21
-3.6231014566929134
0
LINE
8
BLACK
6
CONTINUOUS
10
5.7341820078740158
20
-3.6231014566929134
11
5.73204842519685
21
-3.619908307086614
0
LINE
8
BLACK
6
CONTINUOUS
10
5.73204842519685
20
-3.619908307086614
11
5.731299212598425
21
-3.6161417322834644
0
LINE
8
BLACK
6
CONTINUOUS
10
5.731299212598425
20
-3.6161417322834644
11
5.731299212598425
21
-3.5964566929133857
0
LINE
8
BLACK
6
CONTINUOUS
10
5.731299212598425
20
-3.5964566929133857
11
5.73204842519685
21
-3.592690118110236
0
LINE
8
BLACK
6
CONTINUOUS
10
5.73204842519685
20
-3.592690118110236
11
5.7341820078740158
21
-3.5894969685039371
0
LINE
8
BLACK
6
CONTINUOUS
10
5.7341820078740158
20
-3.5894969685039371
11
5.7373751574803151
21
-3.5873633858267717
0
LINE
8
BLACK
6
CONTINUOUS
10
5.7373751574803151
20
-3.5873633858267717
11
5.7411417322834648
21
-3.5866141732283463
0
LINE
8
BLACK
6
CONTINUOUS
10
5.7411417322834648
20
-3.5866141732283463
11
5.7785433070866139
21
-3.5866141732283463
0
LINE
8
BLACK
6
CONTINUOUS
10
5.7785433070866139
20
-3.5866141732283463
11
5.7823098818897636
21
-3.5873633858267717
0
LINE
8
BLACK
6
CONTINUOUS
10
5.4074803149606296
20
-3.6240157480314958
11
5.356299212598425
21
-3.6240157480314958
0
LINE
8
BLACK
6
CONTINUOUS
10
5.356299212598425
20
-3.6240157480314958
11
5.356299212598425
21
-3.5649606299212597
0
LINE
8
BLACK
6
CONTINUOUS
10
5.356299212598425
20
-3.5649606299212597
11
5.4074803149606296
21
-3.5649606299212597
0
LINE
8
BLACK
6
CONTINUOUS
10
5.4074803149606296
20
-3.5649606299212597
11
5.4074803149606296
21
-3.6240157480314958
0
LINE
8
BLACK
6
CONTINUOUS
10
5.5137795275590546
20
-3.6240157480314958
11
5.46259842519685
21
-3.6240157480314958
0
LINE
8
BLACK
6
CONTINUOUS
10
5.46259842519685
20
-3.6240157480314958
11
5.46259842519685
21
-3.5649606299212597
0
LINE
8
BLACK
6
CONTINUOUS
10
5.46259842519685
20
-3.5649606299212597
11
5.5137795275590546
21
-3.5649606299212597
0
LINE
8
BLACK
6
CONTINUOUS
10
5.5137795275590546
20
-3.5649606299212597
11
5.5137795275590546
21
-3.6240157480314958
0
LINE
8
BLACK
6
CONTINUOUS
10
5.5762245669291337
20
-3.5892569685039368
11
5.5790983858267715
21
-3.5911772047244095
0
LINE
8
BLACK
6
CONTINUOUS
10
5.5790983858267715
20
-3.5911772047244095
11
5.5810186220472442
21
-3.5940510236220473
0
LINE
8
BLACK
6
CONTINUOUS
10
5.5810186220472442
20
-3.5940510236220473
11
5.5816929133858268
21
-3.5974409448818898
0
LINE
8
BLACK
6
CONTINUOUS
10
5.5816929133858268
20
-3.5974409448818898
11
5.5816929133858268
21
-3.6151574803149606
0
LINE
8
BLACK
6
CONTINUOUS
10
5.5816929133858268
20
-3.6151574803149606
11
5.5810186220472442
21
-3.6185474015748031
0
LINE
8
BLACK
6
CONTINUOUS
10
5.5810186220472442
20
-3.6185474015748031
11
5.5790983858267715
21
-3.621421220472441
0
LINE
8
BLACK
6
CONTINUOUS
10
5.5790983858267715
20
-3.621421220472441
11
5.5762245669291337
21
-3.6233414566929132
0
LINE
8
BLACK
6
CONTINUOUS
10
5.5762245669291337
20
-3.6233414566929132
11
5.5728346456692917
21
-3.6240157480314958
0
LINE
8
BLACK
6
CONTINUOUS
10
5.5728346456692917
20
-3.6240157480314958
11
5.5531496062992121
21
-3.6240157480314958
0
LINE
8
BLACK
6
CONTINUOUS
10
5.5531496062992121
20
-3.6240157480314958
11
5.54975968503937
21
-3.6233414566929132
0
LINE
8
BLACK
6
CONTINUOUS
10
5.54975968503937
20
-3.6233414566929132
11
5.5468858661417322
21
-3.621421220472441
0
LINE
8
BLACK
6
CONTINUOUS
10
5.5468858661417322
20
-3.621421220472441
11
5.5449656299212595
21
-3.6185474015748031
0
LINE
8
BLACK
6
CONTINUOUS
10
5.5449656299212595
20
-3.6185474015748031
11
5.5442913385826769
21
-3.6151574803149606
0
LINE
8
BLACK
6
CONTINUOUS
10
5.5442913385826769
20
-3.6151574803149606
11
5.5442913385826769
21
-3.5974409448818898
0
LINE
8
BLACK
6
CONTINUOUS
10
5.5442913385826769
20
-3.5974409448818898
11
5.5449656299212595
21
-3.5940510236220473
0
LINE
8
BLACK
6
CONTINUOUS
10
5.5449656299212595
20
-3.5940510236220473
11
5.5468858661417322
21
-3.5911772047244095
0
LINE
8
BLACK
6
CONTINUOUS
10
5.5468858661417322
20
-3.5911772047244095
11
5.54975968503937
21
-3.5892569685039368
0
LINE
8
BLACK
6
CONTINUOUS
10
5.54975968503937
20
-3.5892569685039368
11
5.5531496062992121
21
-3.5885826771653542
0
LINE
8
BLACK
6
CONTINUOUS
10
5.5531496062992121
20
-3.5885826771653542
11
5.5728346456692917
21
-3.5885826771653542
0
LINE
8
BLACK
6
CONTINUOUS
10
5.5728346456692917
20
-3.5885826771653542
11
5.5762245669291337
21
-3.5892569685039368
0
LINE
8
BLACK
6
CONTINUOUS
10
5.6392166929133856
20
-3.5803987007874016
11
5.6420905118110234
21
-3.5823189370078738
0
LINE
8
BLACK
6
CONTINUOUS
10
5.6420905118110234
20
-3.5823189370078738
11
5.644010748031496
21
-3.5851927559055117
0
LINE
8
BLACK
6
CONTINUOUS
10
5.644010748031496
20
-3.5851927559055117
11
5.6446850393700787
21
-3.5885826771653542
0
LINE
8
BLACK
6
CONTINUOUS
10
5.6446850393700787
20
-3.5885826771653542
11
5.6446850393700787
21
-3.606299212598425
0
LINE
8
BLACK
6
CONTINUOUS
10
5.6446850393700787
20
-3.606299212598425
11
5.644010748031496
21
-3.6096891338582675
0
LINE
8
BLACK
6
CONTINUOUS
10
5.644010748031496
20
-3.6096891338582675
11
5.6420905118110234
21
-3.6125629527559053
0
LINE
8
BLACK
6
CONTINUOUS
10
5.6420905118110234
20
-3.6125629527559053
11
5.6392166929133856
21
-3.614483188976378
0
LINE
8
BLACK
6
CONTINUOUS
10
5.6392166929133856
20
-3.614483188976378
11
5.6358267716535435
21
-3.6151574803149606
0
LINE
8
BLACK
6
CONTINUOUS
10
5.6358267716535435
20
-3.6151574803149606
11
5.6161417322834648
21
-3.6151574803149606
0
LINE
8
BLACK
6
CONTINUOUS
10
5.6161417322834648
20
-3.6151574803149606
11
5.6127518110236219
21
-3.614483188976378
0
LINE
8
BLACK
6
CONTINUOUS
10
5.6127518110236219
20
-3.614483188976378
11
5.609877992125984
21
-3.6125629527559053
0
LINE
8
BLACK
6
CONTINUOUS
10
5.609877992125984
20
-3.6125629527559053
11
5.6079577559055114
21
-3.6096891338582675
0
LINE
8
BLACK
6
CONTINUOUS
10
5.6079577559055114
20
-3.6096891338582675
11
5.6072834645669287
21
-3.606299212598425
0
LINE
8
BLACK
6
CONTINUOUS
10
5.6072834645669287
20
-3.606299212598425
11
5.6072834645669287
21
-3.5885826771653542
0
LINE
8
BLACK
6
CONTINUOUS
10
5.6072834645669287
20
-3.5885826771653542
11
5.6079577559055114
21
-3.5851927559055117
0
LINE
8
BLACK
6
CONTINUOUS
10
5.6079577559055114
20
-3.5851927559055117
11
5.609877992125984
21
-3.5823189370078738
0
LINE
8
BLACK
6
CONTINUOUS
10
5.609877992125984
20
-3.5823189370078738
11
5.6127518110236219
21
-3.5803987007874016
0
LINE
8
BLACK
6
CONTINUOUS
10
5.6127518110236219
20
-3.5803987007874016
11
5.6161417322834648
21
-3.579724409448819
0
LINE
8
BLACK
6
CONTINUOUS
10
5.6161417322834648
20
-3.579724409448819
11
5.6358267716535435
21
-3.579724409448819
0
LINE
8
BLACK
6
CONTINUOUS
10
5.6358267716535435
20
-3.579724409448819
11
5.6392166929133856
21
-3.5803987007874016
0
LINE
8
BLACK
6
CONTINUOUS
10
5.7022088188976374
20
-3.5803987007874016
11
5.7050826377952752
21
-3.5823189370078738
0
LINE
8
BLACK
6
CONTINUOUS
10
5.7050826377952752
20
-3.5823189370078738
11
5.7070028740157479
21
-3.5851927559055117
0
LINE
8
BLACK
6
CONTINUOUS
10
5.7070028740157479
20
-3.5851927559055117
11
5.7076771653543306
21
-3.5885826771653542
0
LINE
8
BLACK
6
CONTINUOUS
10
5.7076771653543306
20
-3.5885826771653542
11
5.7076771653543306
21
-3.606299212598425
0
LINE
8
BLACK
6
CONTINUOUS
10
5.7076771653543306
20
-3.606299212598425
11
5.7070028740157479
21
-3.6096891338582675
0
LINE
8
BLACK
6
CONTINUOUS
10
5.7070028740157479
20
-3.6096891338582675
11
5.7050826377952752
21
-3.6125629527559053
0
LINE
8
BLACK
6
CONTINUOUS
10
5.7050826377952752
20
-3.6125629527559053
11
5.7022088188976374
21
-3.614483188976378
0
LINE
8
BLACK
6
CONTINUOUS
10
5.7022088188976374
20
-3.614483188976378
11
5.6988188976377954
21
-3.6151574803149606
0
LINE
8
BLACK
6
CONTINUOUS
10
5.6988188976377954
20
-3.6151574803149606
11
5.6791338582677167
21
-3.6151574803149606
0
LINE
8
BLACK
6
CONTINUOUS
10
5.6791338582677167
20
-3.6151574803149606
11
5.6757439370078737
21
-3.614483188976378
0
LINE
8
BLACK
6
CONTINUOUS
10
5.6757439370078737
20
-3.614483188976378
11
5.6728701181102359
21
-3.6125629527559053
0
LINE
8
BLACK
6
CONTINUOUS
10
5.6728701181102359
20
-3.6125629527559053
11
5.6709498818897632
21
-3.6096891338582675
0
LINE
8
BLACK
6
CONTINUOUS
10
5.6709498818897632
20
-3.6096891338582675
11
5.6702755905511806
21
-3.606299212598425
0
LINE
8
BLACK
6
CONTINUOUS
10
5.6702755905511806
20
-3.606299212598425
11
5.6702755905511806
21
-3.5885826771653542
0
LINE
8
BLACK
6
CONTINUOUS
10
5.6702755905511806
20
-3.5885826771653542
11
5.6709498818897632
21
-3.5851927559055117
0
LINE
8
BLACK
6
CONTINUOUS
10
5.6709498818897632
20
-3.5851927559055117
11
5.6728701181102359
21
-3.5823189370078738
0
LINE
8
BLACK
6
CONTINUOUS
10
5.6728701181102359
20
-3.5823189370078738
11
5.6757439370078737
21
-3.5803987007874016
0
LINE
8
BLACK
6
CONTINUOUS
10
5.6757439370078737
20
-3.5803987007874016
11
5.6791338582677167
21
-3.579724409448819
0
LINE
8
BLACK
6
CONTINUOUS
10
5.6791338582677167
20
-3.579724409448819
11
5.6988188976377954
21
-3.579724409448819
0
LINE
8
BLACK
6
CONTINUOUS
10
5.6988188976377954
20
-3.579724409448819
11
5.7022088188976374
21
-3.5803987007874016
0
LINE
8
BLACK
6
CONTINUOUS
10
6.2487823228346455
20
-3.5637413385826773
11
6.2519754724409449
21
-3.5658749212598426
0
LINE
8
BLACK
6
CONTINUOUS
10
6.2519754724409449
20
-3.5658749212598426
11
6.2541090551181098
21
-3.5690680708661415
0
LINE
8
BLACK
6
CONTINUOUS
10
6.2541090551181098
20
-3.5690680708661415
11
6.2548582677165356
21
-3.5728346456692912
0
LINE
8
BLACK
6
CONTINUOUS
10
6.2548582677165356
20
-3.5728346456692912
11
6.2548582677165356
21
-3.5984251968503935
0
LINE
8
BLACK
6
CONTINUOUS
10
6.2548582677165356
20
-3.5984251968503935
11
6.2541090551181098
21
-3.6021917716535432
0
LINE
8
BLACK
6
CONTINUOUS
10
6.2541090551181098
20
-3.6021917716535432
11
6.2519754724409449
21
-3.6053849212598426
0
LINE
8
BLACK
6
CONTINUOUS
10
6.2519754724409449
20
-3.6053849212598426
11
6.2487823228346455
21
-3.6075185039370079
0
LINE
8
BLACK
6
CONTINUOUS
10
6.2487823228346455
20
-3.6075185039370079
11
6.2450157480314958
21
-3.6082677165354329
0
LINE
8
BLACK
6
CONTINUOUS
10
6.2450157480314958
20
-3.6082677165354329
11
6.2095826771653542
21
-3.6082677165354329
0
LINE
8
BLACK
6
CONTINUOUS
10
6.2095826771653542
20
-3.6082677165354329
11
6.2058161023622045
21
-3.6075185039370079
0
LINE
8
BLACK
6
CONTINUOUS
10
6.2058161023622045
20
-3.6075185039370079
11
6.2026229527559051
21
-3.6053849212598426
0
LINE
8
BLACK
6
CONTINUOUS
10
6.2026229527559051
20
-3.6053849212598426
11
6.2004893700787402
21
-3.6021917716535432
0
LINE
8
BLACK
6
CONTINUOUS
10
6.2004893700787402
20
-3.6021917716535432
11
6.1997401574803153
21
-3.5984251968503935
0
LINE
8
BLACK
6
CONTINUOUS
10
6.1997401574803153
20
-3.5984251968503935
11
6.1997401574803153
21
-3.5728346456692912
0
LINE
8
BLACK
6
CONTINUOUS
10
6.1997401574803153
20
-3.5728346456692912
11
6.2004893700787402
21
-3.5690680708661415
0
LINE
8
BLACK
6
CONTINUOUS
10
6.2004893700787402
20
-3.5690680708661415
11
6.2026229527559051
21
-3.5658749212598426
0
LINE
8
BLACK
6
CONTINUOUS
10
6.2026229527559051
20
-3.5658749212598426
11
6.2058161023622045
21
-3.5637413385826773
0
LINE
8
BLACK
6
CONTINUOUS
10
6.2058161023622045
20
-3.5637413385826773
11
6.2095826771653542
21
-3.5629921259842519
0
LINE
8
BLACK
6
CONTINUOUS
10
6.2095826771653542
20
-3.5629921259842519
11
6.2450157480314958
21
-3.5629921259842519
0
LINE
8
BLACK
6
CONTINUOUS
10
6.2450157480314958
20
-3.5629921259842519
11
6.2487823228346455
21
-3.5637413385826773
0
LINE
8
BLACK
6
CONTINUOUS
10
6.3135316535433068
20
-3.5666191732283465
11
6.3164054724409446
21
-3.5685394094488188
0
LINE
8
BLACK
6
CONTINUOUS
10
6.3164054724409446
20
-3.5685394094488188
11
6.3183257086614173
21
-3.5714132283464566
0
LINE
8
BLACK
6
CONTINUOUS
10
6.3183257086614173
20
-3.5714132283464566
11
6.319
21
-3.5748031496062991
0
LINE
8
BLACK
6
CONTINUOUS
10
6.319
20
-3.5748031496062991
11
6.319
21
-3.5925196850393699
0
LINE
8
BLACK
6
CONTINUOUS
10
6.319
20
-3.5925196850393699
11
6.3183257086614173
21
-3.5959096062992124
0
LINE
8
BLACK
6
CONTINUOUS
10
6.3183257086614173
20
-3.5959096062992124
11
6.3164054724409446
21
-3.5987834251968502
0
LINE
8
BLACK
6
CONTINUOUS
10
6.3164054724409446
20
-3.5987834251968502
11
6.3135316535433068
21
-3.6007036614173229
0
LINE
8
BLACK
6
CONTINUOUS
10
6.3135316535433068
20
-3.6007036614173229
11
6.3101417322834648
21
-3.6013779527559056
0
LINE
8
BLACK
6
CONTINUOUS
10
6.3101417322834648
20
-3.6013779527559056
11
6.290456692913386
21
-3.6013779527559056
0
LINE
8
BLACK
6
CONTINUOUS
10
6.290456692913386
20
-3.6013779527559056
11
6.2870667716535431
21
-3.6007036614173229
0
LINE
8
BLACK
6
CONTINUOUS
10
6.2870667716535431
20
-3.6007036614173229
11
6.2841929527559053
21
-3.5987834251968502
0
LINE
8
BLACK
6
CONTINUOUS
10
6.2841929527559053
20
-3.5987834251968502
11
6.2822727165354326
21
-3.5959096062992124
0
LINE
8
BLACK
6
CONTINUOUS
10
6.2822727165354326
20
-3.5959096062992124
11
6.28159842519685
21
-3.5925196850393699
0
LINE
8
BLACK
6
CONTINUOUS
10
6.28159842519685
20
-3.5925196850393699
11
6.28159842519685
21
-3.5748031496062991
0
LINE
8
BLACK
6
CONTINUOUS
10
6.28159842519685
20
-3.5748031496062991
11
6.2822727165354326
21
-3.5714132283464566
0
LINE
8
BLACK
6
CONTINUOUS
10
6.2822727165354326
20
-3.5714132283464566
11
6.2841929527559053
21
-3.5685394094488188
0
LINE
8
BLACK
6
CONTINUOUS
10
6.2841929527559053
20
-3.5685394094488188
11
6.2870667716535431
21
-3.5666191732283465
0
LINE
8
BLACK
6
CONTINUOUS
10
6.2870667716535431
20
-3.5666191732283465
11
6.290456692913386
21
-3.5659448818897639
0
LINE
8
BLACK
6
CONTINUOUS
10
6.290456692913386
20
-3.5659448818897639
11
6.3101417322834648
21
-3.5659448818897639
0
LINE
8
BLACK
6
CONTINUOUS
10
6.3101417322834648
20
-3.5659448818897639
11
6.3135316535433068
21
-3.5666191732283465
0
LINE
8
BLACK
6
CONTINUOUS
10
6.0706760236220472
20
-3.538938188976378
11
6.0738691732283465
21
-3.5410717716535434
0
LINE
8
BLACK
6
CONTINUOUS
10
6.0738691732283465
20
-3.5410717716535434
11
6.0760027559055114
21
-3.5442649212598423
0
LINE
8
BLACK
6
CONTINUOUS
10
6.0760027559055114
20
-3.5442649212598423
11
6.0767519685039373
21
-3.548031496062992
0
LINE
8
BLACK
6
CONTINUOUS
10
6.0767519685039373
20
-3.548031496062992
11
6.0767519685039373
21
-3.5834645669291336
0
LINE
8
BLACK
6
CONTINUOUS
10
6.0767519685039373
20
-3.5834645669291336
11
6.0760027559055114
21
-3.5872311417322833
0
LINE
8
BLACK
6
CONTINUOUS
10
6.0760027559055114
20
-3.5872311417322833
11
6.0738691732283465
21
-3.5904242913385827
0
LINE
8
BLACK
6
CONTINUOUS
10
6.0738691732283465
20
-3.5904242913385827
11
6.0706760236220472
21
-3.592557874015748
0
LINE
8
BLACK
6
CONTINUOUS
10
6.0706760236220472
20
-3.592557874015748
11
6.0669094488188975
21
-3.593307086614173
0
LINE
8
BLACK
6
CONTINUOUS
10
6.0669094488188975
20
-3.593307086614173
11
6.0413188976377947
21
-3.593307086614173
0
LINE
8
BLACK
6
CONTINUOUS
10
6.0413188976377947
20
-3.593307086614173
11
6.0375523228346459
21
-3.592557874015748
0
LINE
8
BLACK
6
CONTINUOUS
10
6.0375523228346459
20
-3.592557874015748
11
6.0343591732283466
21
-3.5904242913385827
0
LINE
8
BLACK
6
CONTINUOUS
10
6.0343591732283466
20
-3.5904242913385827
11
6.0322255905511808
21
-3.5872311417322833
0
LINE
8
BLACK
6
CONTINUOUS
10
6.0322255905511808
20
-3.5872311417322833
11
6.0314763779527558
21
-3.5834645669291336
0
LINE
8
BLACK
6
CONTINUOUS
10
6.0314763779527558
20
-3.5834645669291336
11
6.0314763779527558
21
-3.548031496062992
0
LINE
8
BLACK
6
CONTINUOUS
10
6.0314763779527558
20
-3.548031496062992
11
6.0322255905511808
21
-3.5442649212598423
0
LINE
8
BLACK
6
CONTINUOUS
10
6.0322255905511808
20
-3.5442649212598423
11
6.0343591732283466
21
-3.5410717716535434
0
LINE
8
BLACK
6
CONTINUOUS
10
6.0343591732283466
20
-3.5410717716535434
11
6.0375523228346459
21
-3.538938188976378
0
LINE
8
BLACK
6
CONTINUOUS
10
6.0375523228346459
20
-3.538938188976378
11
6.0413188976377947
21
-3.5381889763779526
0
LINE
8
BLACK
6
CONTINUOUS
10
6.0413188976377947
20
-3.5381889763779526
11
6.0669094488188975
21
-3.5381889763779526
0
LINE
8
BLACK
6
CONTINUOUS
10
6.0669094488188975
20
-3.5381889763779526
11
6.0706760236220472
21
-3.538938188976378
0
LINE
8
BLACK
6
CONTINUOUS
10
6.1513846850393703
20
-3.538938188976378
11
6.1545778346456688
21
-3.5410717716535434
0
LINE
8
BLACK
6
CONTINUOUS
10
6.1545778346456688
20
-3.5410717716535434
11
6.1567114173228346
21
-3.5442649212598423
0
LINE
8
BLACK
6
CONTINUOUS
10
6.1567114173228346
20
-3.5442649212598423
11
6.1574606299212595
21
-3.548031496062992
0
LINE
8
BLACK
6
CONTINUOUS
10
6.1574606299212595
20
-3.548031496062992
11
6.1574606299212595
21
-3.5834645669291336
0
LINE
8
BLACK
6
CONTINUOUS
10
6.1574606299212595
20
-3.5834645669291336
11
6.1567114173228346
21
-3.5872311417322833
0
LINE
8
BLACK
6
CONTINUOUS
10
6.1567114173228346
20
-3.5872311417322833
11
6.1545778346456688
21
-3.5904242913385827
0
LINE
8
BLACK
6
CONTINUOUS
10
6.1545778346456688
20
-3.5904242913385827
11
6.1513846850393703
21
-3.592557874015748
0
LINE
8
BLACK
6
CONTINUOUS
10
6.1513846850393703
20
-3.592557874015748
11
6.1476181102362206
21
-3.593307086614173
0
LINE
8
BLACK
6
CONTINUOUS
10
6.1476181102362206
20
-3.593307086614173
11
6.1220275590551179
21
-3.593307086614173
0
LINE
8
BLACK
6
CONTINUOUS
10
6.1220275590551179
20
-3.593307086614173
11
6.1182609842519682
21
-3.592557874015748
0
LINE
8
BLACK
6
CONTINUOUS
10
6.1182609842519682
20
-3.592557874015748
11
6.1150678346456688
21
-3.5904242913385827
0
LINE
8
BLACK
6
CONTINUOUS
10
6.1150678346456688
20
-3.5904242913385827
11
6.1129342519685039
21
-3.5872311417322833
0
LINE
8
BLACK
6
CONTINUOUS
10
6.1129342519685039
20
-3.5872311417322833
11
6.112185039370079
21
-3.5834645669291336
0
LINE
8
BLACK
6
CONTINUOUS
10
6.112185039370079
20
-3.5834645669291336
11
6.112185039370079
21
-3.548031496062992
0
LINE
8
BLACK
6
CONTINUOUS
10
6.112185039370079
20
-3.548031496062992
11
6.1129342519685039
21
-3.5442649212598423
0
LINE
8
BLACK
6
CONTINUOUS
10
6.1129342519685039
20
-3.5442649212598423
11
6.1150678346456688
21
-3.5410717716535434
0
LINE
8
BLACK
6
CONTINUOUS
10
6.1150678346456688
20
-3.5410717716535434
11
6.1182609842519682
21
-3.538938188976378
0
LINE
8
BLACK
6
CONTINUOUS
10
6.1182609842519682
20
-3.538938188976378
11
6.1220275590551179
21
-3.5381889763779526
0
LINE
8
BLACK
6
CONTINUOUS
10
6.1220275590551179
20
-3.5381889763779526
11
6.1476181102362206
21
-3.5381889763779526
0
LINE
8
BLACK
6
CONTINUOUS
10
6.1476181102362206
20
-3.5381889763779526
11
6.1513846850393703
21
-3.538938188976378
0
LINE
8
BLACK
6
CONTINUOUS
10
5.8600657874015747
20
-3.546024803149606
11
5.863258937007874
21
-3.5481583858267718
0
LINE
8
BLACK
6
CONTINUOUS
10
5.863258937007874
20
-3.5481583858267718
11
5.8653925196850389
21
-3.5513515354330707
0
LINE
8
BLACK
6
CONTINUOUS
10
5.8653925196850389
20
-3.5513515354330707
11
5.8661417322834648
21
-3.5551181102362204
0
LINE
8
BLACK
6
CONTINUOUS
10
5.8661417322834648
20
-3.5551181102362204
11
5.8661417322834648
21
-3.5757874015748032
0
LINE
8
BLACK
6
CONTINUOUS
10
5.8661417322834648
20
-3.5757874015748032
11
5.8653925196850389
21
-3.5795539763779525
0
LINE
8
BLACK
6
CONTINUOUS
10
5.8653925196850389
20
-3.5795539763779525
11
5.863258937007874
21
-3.5827471259842518
0
LINE
8
BLACK
6
CONTINUOUS
10
5.863258937007874
20
-3.5827471259842518
11
5.8600657874015747
21
-3.5848807086614172
0
LINE
8
BLACK
6
CONTINUOUS
10
5.8600657874015747
20
-3.5848807086614172
11
5.856299212598425
21
-3.5856299212598426
0
LINE
8
BLACK
6
CONTINUOUS
10
5.856299212598425
20
-3.5856299212598426
11
5.8208661417322833
21
-3.5856299212598426
0
LINE
8
BLACK
6
CONTINUOUS
10
5.8208661417322833
20
-3.5856299212598426
11
5.8170995669291337
21
-3.5848807086614172
0
LINE
8
BLACK
6
CONTINUOUS
10
5.8170995669291337
20
-3.5848807086614172
11
5.8139064173228343
21
-3.5827471259842518
0
LINE
8
BLACK
6
CONTINUOUS
10
5.8139064173228343
20
-3.5827471259842518
11
5.8117728346456694
21
-3.5795539763779525
0
LINE
8
BLACK
6
CONTINUOUS
10
5.8117728346456694
20
-3.5795539763779525
11
5.8110236220472435
21
-3.5757874015748032
0
LINE
8
BLACK
6
CONTINUOUS
10
5.8110236220472435
20
-3.5757874015748032
11
5.8110236220472435
21
-3.5551181102362204
0
LINE
8
BLACK
6
CONTINUOUS
10
5.8110236220472435
20
-3.5551181102362204
11
5.8117728346456694
21
-3.5513515354330707
0
LINE
8
BLACK
6
CONTINUOUS
10
5.8117728346456694
20
-3.5513515354330707
11
5.8139064173228343
21
-3.5481583858267718
0
LINE
8
BLACK
6
CONTINUOUS
10
5.8139064173228343
20
-3.5481583858267718
11
5.8170995669291337
21
-3.546024803149606
0
LINE
8
BLACK
6
CONTINUOUS
10
5.8170995669291337
20
-3.546024803149606
11
5.8208661417322833
21
-3.545275590551181
0
LINE
8
BLACK
6
CONTINUOUS
10
5.8208661417322833
20
-3.545275590551181
11
5.856299212598425
21
-3.545275590551181
0
LINE
8
BLACK
6
CONTINUOUS
10
5.856299212598425
20
-3.545275590551181
11
5.8600657874015747
21
-3.546024803149606
0
LINE
8
BLACK
6
CONTINUOUS
10
5.251207519685039
20
-3.5162059055118111
11
5.2544006692913383
21
-3.5183394881889765
0
LINE
8
BLACK
6
CONTINUOUS
10
5.2544006692913383
20
-3.5183394881889765
11
5.2565342519685041
21
-3.5215326377952754
0
LINE
8
BLACK
6
CONTINUOUS
10
5.2565342519685041
20
-3.5215326377952754
11
5.2572834645669291
21
-3.525299212598425
0
LINE
8
BLACK
6
CONTINUOUS
10
5.2572834645669291
20
-3.525299212598425
11
5.2572834645669291
21
-3.5627007874015746
0
LINE
8
BLACK
6
CONTINUOUS
10
5.2572834645669291
20
-3.5627007874015746
11
5.2565342519685041
21
-3.5664673622047243
0
LINE
8
BLACK
6
CONTINUOUS
10
5.2565342519685041
20
-3.5664673622047243
11
5.2544006692913383
21
-3.5696605118110236
0
LINE
8
BLACK
6
CONTINUOUS
10
5.2544006692913383
20
-3.5696605118110236
11
5.251207519685039
21
-3.571794094488189
0
LINE
8
BLACK
6
CONTINUOUS
10
5.251207519685039
20
-3.571794094488189
11
5.2474409448818893
21
-3.5725433070866139
0
LINE
8
BLACK
6
CONTINUOUS
10
5.2474409448818893
20
-3.5725433070866139
11
5.2277559055118106
21
-3.5725433070866139
0
LINE
8
BLACK
6
CONTINUOUS
10
5.2277559055118106
20
-3.5725433070866139
11
5.2239893307086609
21
-3.571794094488189
0
LINE
8
BLACK
6
CONTINUOUS
10
5.2239893307086609
20
-3.571794094488189
11
5.2207961811023624
21
-3.5696605118110236
0
LINE
8
BLACK
6
CONTINUOUS
10
5.2207961811023624
20
-3.5696605118110236
11
5.2186625984251966
21
-3.5664673622047243
0
LINE
8
BLACK
6
CONTINUOUS
10
5.2186625984251966
20
-3.5664673622047243
11
5.2179133858267717
21
-3.5627007874015746
0
LINE
8
BLACK
6
CONTINUOUS
10
5.2179133858267717
20
-3.5627007874015746
11
5.2179133858267717
21
-3.525299212598425
0
LINE
8
BLACK
6
CONTINUOUS
10
5.2179133858267717
20
-3.525299212598425
11
5.2186625984251966
21
-3.5215326377952754
0
LINE
8
BLACK
6
CONTINUOUS
10
5.2186625984251966
20
-3.5215326377952754
11
5.2207961811023624
21
-3.5183394881889765
0
LINE
8
BLACK
6
CONTINUOUS
10
5.2207961811023624
20
-3.5183394881889765
11
5.2239893307086609
21
-3.5162059055118111
0
LINE
8
BLACK
6
CONTINUOUS
10
5.2239893307086609
20
-3.5162059055118111
11
5.2277559055118106
21
-3.5154566929133857
0
LINE
8
BLACK
6
CONTINUOUS
10
5.2277559055118106
20
-3.5154566929133857
11
5.2474409448818893
21
-3.5154566929133857
0
LINE
8
BLACK
6
CONTINUOUS
10
5.2474409448818893
20
-3.5154566929133857
11
5.251207519685039
21
-3.5162059055118111
0
LINE
8
BLACK
6
CONTINUOUS
10
5.326010669291338
20
-3.5162059055118111
11
5.3292038188976374
21
-3.5183394881889765
0
LINE
8
BLACK
6
CONTINUOUS
10
5.3292038188976374
20
-3.5183394881889765
11
5.3313374015748032
21
-3.5215326377952754
0
LINE
8
BLACK
6
CONTINUOUS
10
5.3313374015748032
20
-3.5215326377952754
11
5.3320866141732282
21
-3.525299212598425
0
LINE
8
BLACK
6
CONTINUOUS
10
5.3320866141732282
20
-3.525299212598425
11
5.3320866141732282
21
-3.5627007874015746
0
LINE
8
BLACK
6
CONTINUOUS
10
5.3320866141732282
20
-3.5627007874015746
11
5.3313374015748032
21
-3.5664673622047243
0
LINE
8
BLACK
6
CONTINUOUS
10
5.3313374015748032
20
-3.5664673622047243
11
5.3292038188976374
21
-3.5696605118110236
0
LINE
8
BLACK
6
CONTINUOUS
10
5.3292038188976374
20
-3.5696605118110236
11
5.326010669291338
21
-3.571794094488189
0
LINE
8
BLACK
6
CONTINUOUS
10
5.326010669291338
20
-3.571794094488189
11
5.3222440944881892
21
-3.5725433070866139
0
LINE
8
BLACK
6
CONTINUOUS
10
5.3222440944881892
20
-3.5725433070866139
11
5.3025590551181105
21
-3.5725433070866139
0
LINE
8
BLACK
6
CONTINUOUS
10
5.3025590551181105
20
-3.5725433070866139
11
5.2987924803149609
21
-3.571794094488189
0
LINE
8
BLACK
6
CONTINUOUS
10
5.2987924803149609
20
-3.571794094488189
11
5.2955993307086615
21
-3.5696605118110236
0
LINE
8
BLACK
6
CONTINUOUS
10
5.2955993307086615
20
-3.5696605118110236
11
5.2934657480314957
21
-3.5664673622047243
0
LINE
8
BLACK
6
CONTINUOUS
10
5.2934657480314957
20
-3.5664673622047243
11
5.2927165354330707
21
-3.5627007874015746
0
LINE
8
BLACK
6
CONTINUOUS
10
5.2927165354330707
20
-3.5627007874015746
11
5.2927165354330707
21
-3.525299212598425
0
LINE
8
BLACK
6
CONTINUOUS
10
5.2927165354330707
20
-3.525299212598425
11
5.2934657480314957
21
-3.5215326377952754
0
LINE
8
BLACK
6
CONTINUOUS
10
5.2934657480314957
20
-3.5215326377952754
11
5.2955993307086615
21
-3.5183394881889765
0
LINE
8
BLACK
6
CONTINUOUS
10
5.2955993307086615
20
-3.5183394881889765
11
5.2987924803149609
21
-3.5162059055118111
0
LINE
8
BLACK
6
CONTINUOUS
10
5.2987924803149609
20
-3.5162059055118111
11
5.3025590551181105
21
-3.5154566929133857
0
LINE
8
BLACK
6
CONTINUOUS
10
5.3025590551181105
20
-3.5154566929133857
11
5.3222440944881892
21
-3.5154566929133857
0
LINE
8
BLACK
6
CONTINUOUS
10
5.3222440944881892
20
-3.5154566929133857
11
5.326010669291338
21
-3.5162059055118111
0
LINE
8
BLACK
6
CONTINUOUS
10
6.3868609448818896
20
-3.5543548031496064
11
6.3881382283464569
21
-3.5552082283464568
0
LINE
8
BLACK
6
CONTINUOUS
10
6.3881382283464569
20
-3.5552082283464568
11
6.3889916535433073
21
-3.5564855118110237
0
LINE
8
BLACK
6
CONTINUOUS
10
6.3889916535433073
20
-3.5564855118110237
11
6.3892913385826766
21
-3.557992125984252
0
LINE
8
BLACK
6
CONTINUOUS
10
6.3892913385826766
20
-3.557992125984252
11
6.3892913385826766
21
-3.5658661417322834
0
LINE
8
BLACK
6
CONTINUOUS
10
6.3892913385826766
20
-3.5658661417322834
11
6.3889916535433073
21
-3.5673727559055117
0
LINE
8
BLACK
6
CONTINUOUS
10
6.3889916535433073
20
-3.5673727559055117
11
6.3881382283464569
21
-3.5686500393700786
0
LINE
8
BLACK
6
CONTINUOUS
10
6.3881382283464569
20
-3.5686500393700786
11
6.3868609448818896
21
-3.569503464566929
0
LINE
8
BLACK
6
CONTINUOUS
10
6.3868609448818896
20
-3.569503464566929
11
6.3853543307086609
21
-3.5698031496062992
0
LINE
8
BLACK
6
CONTINUOUS
10
6.3853543307086609
20
-3.5698031496062992
11
6.3676377952755905
21
-3.5698031496062992
0
LINE
8
BLACK
6
CONTINUOUS
10
6.3676377952755905
20
-3.5698031496062992
11
6.3661311811023618
21
-3.569503464566929
0
LINE
8
BLACK
6
CONTINUOUS
10
6.3661311811023618
20
-3.569503464566929
11
6.3648538976377953
21
-3.5686500393700786
0
LINE
8
BLACK
6
CONTINUOUS
10
6.3648538976377953
20
-3.5686500393700786
11
6.3640004724409449
21
-3.5673727559055117
0
LINE
8
BLACK
6
CONTINUOUS
10
6.3640004724409449
20
-3.5673727559055117
11
6.3637007874015747
21
-3.5658661417322834
0
LINE
8
BLACK
6
CONTINUOUS
10
6.3637007874015747
20
-3.5658661417322834
11
6.3637007874015747
21
-3.557992125984252
0
LINE
8
BLACK
6
CONTINUOUS
10
6.3637007874015747
20
-3.557992125984252
11
6.3640004724409449
21
-3.5564855118110237
0
LINE
8
BLACK
6
CONTINUOUS
10
6.3640004724409449
20
-3.5564855118110237
11
6.3648538976377953
21
-3.5552082283464568
0
LINE
8
BLACK
6
CONTINUOUS
10
6.3648538976377953
20
-3.5552082283464568
11
6.3661311811023618
21
-3.5543548031496064
0
LINE
8
BLACK
6
CONTINUOUS
10
6.3661311811023618
20
-3.5543548031496064
11
6.3676377952755905
21
-3.5540551181102362
0
LINE
8
BLACK
6
CONTINUOUS
10
6.3676377952755905
20
-3.5540551181102362
11
6.3853543307086609
21
-3.5540551181102362
0
LINE
8
BLACK
6
CONTINUOUS
10
6.3853543307086609
20
-3.5540551181102362
11
6.3868609448818896
21
-3.5543548031496064
0
LINE
8
BLACK
6
CONTINUOUS
10
6.4616640944881887
20
-3.5543548031496064
11
6.462941377952756
21
-3.5552082283464568
0
LINE
8
BLACK
6
CONTINUOUS
10
6.462941377952756
20
-3.5552082283464568
11
6.4637948031496064
21
-3.5564855118110237
0
LINE
8
BLACK
6
CONTINUOUS
10
6.4637948031496064
20
-3.5564855118110237
11
6.4640944881889766
21
-3.557992125984252
0
LINE
8
BLACK
6
CONTINUOUS
10
6.4640944881889766
20
-3.557992125984252
11
6.4640944881889766
21
-3.5658661417322834
0
LINE
8
BLACK
6
CONTINUOUS
10
6.4640944881889766
20
-3.5658661417322834
11
6.4637948031496064
21
-3.5673727559055117
0
LINE
8
BLACK
6
CONTINUOUS
10
6.4637948031496064
20
-3.5673727559055117
11
6.462941377952756
21
-3.5686500393700786
0
LINE
8
BLACK
6
CONTINUOUS
10
6.462941377952756
20
-3.5686500393700786
11
6.4616640944881887
21
-3.569503464566929
0
LINE
8
BLACK
6
CONTINUOUS
10
6.4616640944881887
20
-3.569503464566929
11
6.4601574803149608
21
-3.5698031496062992
0
LINE
8
BLACK
6
CONTINUOUS
10
6.4601574803149608
20
-3.5698031496062992
11
6.4424409448818896
21
-3.5698031496062992
0
LINE
8
BLACK
6
CONTINUOUS
10
6.4424409448818896
20
-3.5698031496062992
11
6.4409343307086608
21
-3.569503464566929
0
LINE
8
BLACK
6
CONTINUOUS
10
6.4409343307086608
20
-3.569503464566929
11
6.4396570472440944
21
-3.5686500393700786
0
LINE
8
BLACK
6
CONTINUOUS
10
6.4396570472440944
20
-3.5686500393700786
11
6.438803622047244
21
-3.5673727559055117
0
LINE
8
BLACK
6
CONTINUOUS
10
6.438803622047244
20
-3.5673727559055117
11
6.4385039370078738
21
-3.5658661417322834
0
LINE
8
BLACK
6
CONTINUOUS
10
6.4385039370078738
20
-3.5658661417322834
11
6.4385039370078738
21
-3.557992125984252
0
LINE
8
BLACK
6
CONTINUOUS
10
6.4385039370078738
20
-3.557992125984252
11
6.438803622047244
21
-3.5564855118110237
0
LINE
8
BLACK
6
CONTINUOUS
10
6.438803622047244
20
-3.5564855118110237
11
6.4396570472440944
21
-3.5552082283464568
0
LINE
8
BLACK
6
CONTINUOUS
10
6.4396570472440944
20
-3.5552082283464568
11
6.4409343307086608
21
-3.5543548031496064
0
LINE
8
BLACK
6
CONTINUOUS
10
6.4409343307086608
20
-3.5543548031496064
11
6.4424409448818896
21
-3.5540551181102362
0
LINE
8
BLACK
6
CONTINUOUS
10
6.4424409448818896
20
-3.5540551181102362
11
6.4601574803149608
21
-3.5540551181102362
0
LINE
8
BLACK
6
CONTINUOUS
10
6.4601574803149608
20
-3.5540551181102362
11
6.4616640944881887
21
-3.5543548031496064
0
LINE
8
BLACK
6
CONTINUOUS
10
5.5762245669291337
20
-3.5282333464566928
11
5.5790983858267715
21
-3.5301535826771651
0
LINE
8
BLACK
6
CONTINUOUS
10
5.5790983858267715
20
-3.5301535826771651
11
5.5810186220472442
21
-3.5330274015748029
0
LINE
8
BLACK
6
CONTINUOUS
10
5.5810186220472442
20
-3.5330274015748029
11
5.5816929133858268
21
-3.5364173228346454
0
LINE
8
BLACK
6
CONTINUOUS
10
5.5816929133858268
20
-3.5364173228346454
11
5.5816929133858268
21
-3.5541338582677167
0
LINE
8
BLACK
6
CONTINUOUS
10
5.5816929133858268
20
-3.5541338582677167
11
5.5810186220472442
21
-3.5575237795275592
0
LINE
8
BLACK
6
CONTINUOUS
10
5.5810186220472442
20
-3.5575237795275592
11
5.5790983858267715
21
-3.560397598425197
0
LINE
8
BLACK
6
CONTINUOUS
10
5.5790983858267715
20
-3.560397598425197
11
5.5762245669291337
21
-3.5623178346456692
0
LINE
8
BLACK
6
CONTINUOUS
10
5.5762245669291337
20
-3.5623178346456692
11
5.5728346456692917
21
-3.5629921259842519
0
LINE
8
BLACK
6
CONTINUOUS
10
5.5728346456692917
20
-3.5629921259842519
11
5.5531496062992121
21
-3.5629921259842519
0
LINE
8
BLACK
6
CONTINUOUS
10
5.5531496062992121
20
-3.5629921259842519
11
5.54975968503937
21
-3.5623178346456692
0
LINE
8
BLACK
6
CONTINUOUS
10
5.54975968503937
20
-3.5623178346456692
11
5.5468858661417322
21
-3.560397598425197
0
LINE
8
BLACK
6
CONTINUOUS
10
5.5468858661417322
20
-3.560397598425197
11
5.5449656299212595
21
-3.5575237795275592
0
LINE
8
BLACK
6
CONTINUOUS
10
5.5449656299212595
20
-3.5575237795275592
11
5.5442913385826769
21
-3.5541338582677167
0
LINE
8
BLACK
6
CONTINUOUS
10
5.5442913385826769
20
-3.5541338582677167
11
5.5442913385826769
21
-3.5364173228346454
0
LINE
8
BLACK
6
CONTINUOUS
10
5.5442913385826769
20
-3.5364173228346454
11
5.5449656299212595
21
-3.5330274015748029
0
LINE
8
BLACK
6
CONTINUOUS
10
5.5449656299212595
20
-3.5330274015748029
11
5.5468858661417322
21
-3.5301535826771651
0
LINE
8
BLACK
6
CONTINUOUS
10
5.5468858661417322
20
-3.5301535826771651
11
5.54975968503937
21
-3.5282333464566928
0
LINE
8
BLACK
6
CONTINUOUS
10
5.54975968503937
20
-3.5282333464566928
11
5.5531496062992121
21
-3.5275590551181102
0
LINE
8
BLACK
6
CONTINUOUS
10
5.5531496062992121
20
-3.5275590551181102
11
5.5728346456692917
21
-3.5275590551181102
0
LINE
8
BLACK
6
CONTINUOUS
10
5.5728346456692917
20
-3.5275590551181102
11
5.5762245669291337
21
-3.5282333464566928
0
LINE
8
BLACK
6
CONTINUOUS
10
5.9368374409448821
20
-3.5164972440944879
11
5.9400305905511805
21
-3.5186308267716533
0
LINE
8
BLACK
6
CONTINUOUS
10
5.9400305905511805
20
-3.5186308267716533
11
5.9421641732283463
21
-3.5218239763779526
0
LINE
8
BLACK
6
CONTINUOUS
10
5.9421641732283463
20
-3.5218239763779526
11
5.9429133858267713
21
-3.5255905511811023
0
LINE
8
BLACK
6
CONTINUOUS
10
5.9429133858267713
20
-3.5255905511811023
11
5.9429133858267713
21
-3.5511811023622046
0
LINE
8
BLACK
6
CONTINUOUS
10
5.9429133858267713
20
-3.5511811023622046
11
5.9421641732283463
21
-3.5549476771653543
0
LINE
8
BLACK
6
CONTINUOUS
10
5.9421641732283463
20
-3.5549476771653543
11
5.9400305905511805
21
-3.5581408267716537
0
LINE
8
BLACK
6
CONTINUOUS
10
5.9400305905511805
20
-3.5581408267716537
11
5.9368374409448821
21
-3.560274409448819
0
LINE
8
BLACK
6
CONTINUOUS
10
5.9368374409448821
20
-3.560274409448819
11
5.9330708661417324
21
-3.561023622047244
0
LINE
8
BLACK
6
CONTINUOUS
10
5.9330708661417324
20
-3.561023622047244
11
5.8976377952755907
21
-3.561023622047244
0
LINE
8
BLACK
6
CONTINUOUS
10
5.8976377952755907
20
-3.561023622047244
11
5.8938712204724411
21
-3.560274409448819
0
LINE
8
BLACK
6
CONTINUOUS
10
5.8938712204724411
20
-3.560274409448819
11
5.8906780708661417
21
-3.5581408267716537
0
LINE
8
BLACK
6
CONTINUOUS
10
5.8906780708661417
20
-3.5581408267716537
11
5.8885444881889759
21
-3.5549476771653543
0
LINE
8
BLACK
6
CONTINUOUS
10
5.8885444881889759
20
-3.5549476771653543
11
5.8877952755905509
21
-3.5511811023622046
0
LINE
8
BLACK
6
CONTINUOUS
10
5.8877952755905509
20
-3.5511811023622046
11
5.8877952755905509
21
-3.5255905511811023
0
LINE
8
BLACK
6
CONTINUOUS
10
5.8877952755905509
20
-3.5255905511811023
11
5.8885444881889759
21
-3.5218239763779526
0
LINE
8
BLACK
6
CONTINUOUS
10
5.8885444881889759
20
-3.5218239763779526
11
5.8906780708661417
21
-3.5186308267716533
0
LINE
8
BLACK
6
CONTINUOUS
10
5.8906780708661417
20
-3.5186308267716533
11
5.8938712204724411
21
-3.5164972440944879
0
LINE
8
BLACK
6
CONTINUOUS
10
5.8938712204724411
20
-3.5164972440944879
11
5.8976377952755907
21
-3.515748031496063
0
LINE
8
BLACK
6
CONTINUOUS
10
5.8976377952755907
20
-3.515748031496063
11
5.9330708661417324
21
-3.515748031496063
0
LINE
8
BLACK
6
CONTINUOUS
10
5.9330708661417324
20
-3.515748031496063
11
5.9368374409448821
21
-3.5164972440944879
0
LINE
8
BLACK
6
CONTINUOUS
10
5.6392166929133856
20
-3.5193750787401572
11
5.6420905118110234
21
-3.5212953149606299
0
LINE
8
BLACK
6
CONTINUOUS
10
5.6420905118110234
20
-3.5212953149606299
11
5.644010748031496
21
-3.5241691338582677
0
LINE
8
BLACK
6
CONTINUOUS
10
5.644010748031496
20
-3.5241691338582677
11
5.6446850393700787
21
-3.5275590551181102
0
LINE
8
BLACK
6
CONTINUOUS
10
5.6446850393700787
20
-3.5275590551181102
11
5.6446850393700787
21
-3.545275590551181
0
LINE
8
BLACK
6
CONTINUOUS
10
5.6446850393700787
20
-3.545275590551181
11
5.644010748031496
21
-3.5486655118110235
0
LINE
8
BLACK
6
CONTINUOUS
10
5.644010748031496
20
-3.5486655118110235
11
5.6420905118110234
21
-3.5515393307086613
0
LINE
8
BLACK
6
CONTINUOUS
10
5.6420905118110234
20
-3.5515393307086613
11
5.6392166929133856
21
-3.5534595669291336
0
LINE
8
BLACK
6
CONTINUOUS
10
5.6392166929133856
20
-3.5534595669291336
11
5.6358267716535435
21
-3.5541338582677167
0
LINE
8
BLACK
6
CONTINUOUS
10
5.6358267716535435
20
-3.5541338582677167
11
5.6161417322834648
21
-3.5541338582677167
0
LINE
8
BLACK
6
CONTINUOUS
10
5.6161417322834648
20
-3.5541338582677167
11
5.6127518110236219
21
-3.5534595669291336
0
LINE
8
BLACK
6
CONTINUOUS
10
5.6127518110236219
20
-3.5534595669291336
11
5.609877992125984
21
-3.5515393307086613
0
LINE
8
BLACK
6
CONTINUOUS
10
5.609877992125984
20
-3.5515393307086613
11
5.6079577559055114
21
-3.5486655118110235
0
LINE
8
BLACK
6
CONTINUOUS
10
5.6079577559055114
20
-3.5486655118110235
11
5.6072834645669287
21
-3.545275590551181
0
LINE
8
BLACK
6
CONTINUOUS
10
5.6072834645669287
20
-3.545275590551181
11
5.6072834645669287
21
-3.5275590551181102
0
LINE
8
BLACK
6
CONTINUOUS
10
5.6072834645669287
20
-3.5275590551181102
11
5.6079577559055114
21
-3.5241691338582677
0
LINE
8
BLACK
6
CONTINUOUS
10
5.6079577559055114
20
-3.5241691338582677
11
5.609877992125984
21
-3.5212953149606299
0
LINE
8
BLACK
6
CONTINUOUS
10
5.609877992125984
20
-3.5212953149606299
11
5.6127518110236219
21
-3.5193750787401572
0
LINE
8
BLACK
6
CONTINUOUS
10
5.6127518110236219
20
-3.5193750787401572
11
5.6161417322834648
21
-3.5187007874015745
0
LINE
8
BLACK
6
CONTINUOUS
10
5.6161417322834648
20
-3.5187007874015745
11
5.6358267716535435
21
-3.5187007874015745
0
LINE
8
BLACK
6
CONTINUOUS
10
5.6358267716535435
20
-3.5187007874015745
11
5.6392166929133856
21
-3.5193750787401572
0
LINE
8
BLACK
6
CONTINUOUS
10
5.7022088188976374
20
-3.5193750787401572
11
5.7050826377952752
21
-3.5212953149606299
0
LINE
8
BLACK
6
CONTINUOUS
10
5.7050826377952752
20
-3.5212953149606299
11
5.7070028740157479
21
-3.5241691338582677
0
LINE
8
BLACK
6
CONTINUOUS
10
5.7070028740157479
20
-3.5241691338582677
11
5.7076771653543306
21
-3.5275590551181102
0
LINE
8
BLACK
6
CONTINUOUS
10
5.7076771653543306
20
-3.5275590551181102
11
5.7076771653543306
21
-3.545275590551181
0
LINE
8
BLACK
6
CONTINUOUS
10
5.7076771653543306
20
-3.545275590551181
11
5.7070028740157479
21
-3.5486655118110235
0
LINE
8
BLACK
6
CONTINUOUS
10
5.7070028740157479
20
-3.5486655118110235
11
5.7050826377952752
21
-3.5515393307086613
0
LINE
8
BLACK
6
CONTINUOUS
10
5.7050826377952752
20
-3.5515393307086613
11
5.7022088188976374
21
-3.5534595669291336
0
LINE
8
BLACK
6
CONTINUOUS
10
5.7022088188976374
20
-3.5534595669291336
11
5.6988188976377954
21
-3.5541338582677167
0
LINE
8
BLACK
6
CONTINUOUS
10
5.6988188976377954
20
-3.5541338582677167
11
5.6791338582677167
21
-3.5541338582677167
0
LINE
8
BLACK
6
CONTINUOUS
10
5.6791338582677167
20
-3.5541338582677167
11
5.6757439370078737
21
-3.5534595669291336
0
LINE
8
BLACK
6
CONTINUOUS
10
5.6757439370078737
20
-3.5534595669291336
11
5.6728701181102359
21
-3.5515393307086613
0
LINE
8
BLACK
6
CONTINUOUS
10
5.6728701181102359
20
-3.5515393307086613
11
5.6709498818897632
21
-3.5486655118110235
0
LINE
8
BLACK
6
CONTINUOUS
10
5.6709498818897632
20
-3.5486655118110235
11
5.6702755905511806
21
-3.545275590551181
0
LINE
8
BLACK
6
CONTINUOUS
10
5.6702755905511806
20
-3.545275590551181
11
5.6702755905511806
21
-3.5275590551181102
0
LINE
8
BLACK
6
CONTINUOUS
10
5.6702755905511806
20
-3.5275590551181102
11
5.6709498818897632
21
-3.5241691338582677
0
LINE
8
BLACK
6
CONTINUOUS
10
5.6709498818897632
20
-3.5241691338582677
11
5.6728701181102359
21
-3.5212953149606299
0
LINE
8
BLACK
6
CONTINUOUS
10
5.6728701181102359
20
-3.5212953149606299
11
5.6757439370078737
21
-3.5193750787401572
0
LINE
8
BLACK
6
CONTINUOUS
10
5.6757439370078737
20
-3.5193750787401572
11
5.6791338582677167
21
-3.5187007874015745
0
LINE
8
BLACK
6
CONTINUOUS
10
5.6791338582677167
20
-3.5187007874015745
11
5.6988188976377954
21
-3.5187007874015745
0
LINE
8
BLACK
6
CONTINUOUS
10
5.6988188976377954
20
-3.5187007874015745
11
5.7022088188976374
21
-3.5193750787401572
0
LINE
8
BLACK
6
CONTINUOUS
10
5.7823098818897636
20
-3.5125602362204722
11
5.7855030314960629
21
-3.5146938188976375
0
LINE
8
BLACK
6
CONTINUOUS
10
5.7855030314960629
20
-3.5146938188976375
11
5.7876366141732278
21
-3.5178869685039369
0
LINE
8
BLACK
6
CONTINUOUS
10
5.7876366141732278
20
-3.5178869685039369
11
5.7883858267716537
21
-3.5216535433070866
0
LINE
8
BLACK
6
CONTINUOUS
10
5.7883858267716537
20
-3.5216535433070866
11
5.7883858267716537
21
-3.5413385826771653
0
LINE
8
BLACK
6
CONTINUOUS
10
5.7883858267716537
20
-3.5413385826771653
11
5.7876366141732278
21
-3.545105157480315
0
LINE
8
BLACK
6
CONTINUOUS
10
5.7876366141732278
20
-3.545105157480315
11
5.7855030314960629
21
-3.5482983070866143
0
LINE
8
BLACK
6
CONTINUOUS
10
5.7855030314960629
20
-3.5482983070866143
11
5.7823098818897636
21
-3.5504318897637797
0
LINE
8
BLACK
6
CONTINUOUS
10
5.7823098818897636
20
-3.5504318897637797
11
5.7785433070866139
21
-3.5511811023622046
0
LINE
8
BLACK
6
CONTINUOUS
10
5.7785433070866139
20
-3.5511811023622046
11
5.7411417322834648
21
-3.5511811023622046
0
LINE
8
BLACK
6
CONTINUOUS
10
5.7411417322834648
20
-3.5511811023622046
11
5.7373751574803151
21
-3.5504318897637797
0
LINE
8
BLACK
6
CONTINUOUS
10
5.7373751574803151
20
-3.5504318897637797
11
5.7341820078740158
21
-3.5482983070866143
0
LINE
8
BLACK
6
CONTINUOUS
10
5.7341820078740158
20
-3.5482983070866143
11
5.73204842519685
21
-3.545105157480315
0
LINE
8
BLACK
6
CONTINUOUS
10
5.73204842519685
20
-3.545105157480315
11
5.731299212598425
21
-3.5413385826771653
0
LINE
8
BLACK
6
CONTINUOUS
10
5.731299212598425
20
-3.5413385826771653
11
5.731299212598425
21
-3.5216535433070866
0
LINE
8
BLACK
6
CONTINUOUS
10
5.731299212598425
20
-3.5216535433070866
11
5.73204842519685
21
-3.5178869685039369
0
LINE
8
BLACK
6
CONTINUOUS
10
5.73204842519685
20
-3.5178869685039369
11
5.7341820078740158
21
-3.5146938188976375
0
LINE
8
BLACK
6
CONTINUOUS
10
5.7341820078740158
20
-3.5146938188976375
11
5.7373751574803151
21
-3.5125602362204722
0
LINE
8
BLACK
6
CONTINUOUS
10
5.7373751574803151
20
-3.5125602362204722
11
5.7411417322834648
21
-3.5118110236220472
0
LINE
8
BLACK
6
CONTINUOUS
10
5.7411417322834648
20
-3.5118110236220472
11
5.7785433070866139
21
-3.5118110236220472
0
LINE
8
BLACK
6
CONTINUOUS
10
5.7785433070866139
20
-3.5118110236220472
11
5.7823098818897636
21
-3.5125602362204722
0
LINE
8
BLACK
6
CONTINUOUS
10
6.3868609448818896
20
-3.5287642519685041
11
6.3881382283464569
21
-3.5296176771653545
0
LINE
8
BLACK
6
CONTINUOUS
10
6.3881382283464569
20
-3.5296176771653545
11
6.3889916535433073
21
-3.5308949606299214
0
LINE
8
BLACK
6
CONTINUOUS
10
6.3889916535433073
20
-3.5308949606299214
11
6.3892913385826766
21
-3.5324015748031496
0
LINE
8
BLACK
6
CONTINUOUS
10
6.3892913385826766
20
-3.5324015748031496
11
6.3892913385826766
21
-3.5402755905511811
0
LINE
8
BLACK
6
CONTINUOUS
10
6.3892913385826766
20
-3.5402755905511811
11
6.3889916535433073
21
-3.5417822047244094
0
LINE
8
BLACK
6
CONTINUOUS
10
6.3889916535433073
20
-3.5417822047244094
11
6.3881382283464569
21
-3.5430594881889763
0
LINE
8
BLACK
6
CONTINUOUS
10
6.3881382283464569
20
-3.5430594881889763
11
6.3868609448818896
21
-3.5439129133858267
0
LINE
8
BLACK
6
CONTINUOUS
10
6.3868609448818896
20
-3.5439129133858267
11
6.3853543307086609
21
-3.5442125984251969
0
LINE
8
BLACK
6
CONTINUOUS
10
6.3853543307086609
20
-3.5442125984251969
11
6.3676377952755905
21
-3.5442125984251969
0
LINE
8
BLACK
6
CONTINUOUS
10
6.3676377952755905
20
-3.5442125984251969
11
6.3661311811023618
21
-3.5439129133858267
0
LINE
8
BLACK
6
CONTINUOUS
10
6.3661311811023618
20
-3.5439129133858267
11
6.3648538976377953
21
-3.5430594881889763
0
LINE
8
BLACK
6
CONTINUOUS
10
6.3648538976377953
20
-3.5430594881889763
11
6.3640004724409449
21
-3.5417822047244094
0
LINE
8
BLACK
6
CONTINUOUS
10
6.3640004724409449
20
-3.5417822047244094
11
6.3637007874015747
21
-3.5402755905511811
0
LINE
8
BLACK
6
CONTINUOUS
10
6.3637007874015747
20
-3.5402755905511811
11
6.3637007874015747
21
-3.5324015748031496
0
LINE
8
BLACK
6
CONTINUOUS
10
6.3637007874015747
20
-3.5324015748031496
11
6.3640004724409449
21
-3.5308949606299214
0
LINE
8
BLACK
6
CONTINUOUS
10
6.3640004724409449
20
-3.5308949606299214
11
6.3648538976377953
21
-3.5296176771653545
0
LINE
8
BLACK
6
CONTINUOUS
10
6.3648538976377953
20
-3.5296176771653545
11
6.3661311811023618
21
-3.5287642519685041
0
LINE
8
BLACK
6
CONTINUOUS
10
6.3661311811023618
20
-3.5287642519685041
11
6.3676377952755905
21
-3.5284645669291339
0
LINE
8
BLACK
6
CONTINUOUS
10
6.3676377952755905
20
-3.5284645669291339
11
6.3853543307086609
21
-3.5284645669291339
0
LINE
8
BLACK
6
CONTINUOUS
10
6.3853543307086609
20
-3.5284645669291339
11
6.3868609448818896
21
-3.5287642519685041
0
LINE
8
BLACK
6
CONTINUOUS
10
6.4616640944881887
20
-3.5287642519685041
11
6.462941377952756
21
-3.5296176771653545
0
LINE
8
BLACK
6
CONTINUOUS
10
6.462941377952756
20
-3.5296176771653545
11
6.4637948031496064
21
-3.5308949606299214
0
LINE
8
BLACK
6
CONTINUOUS
10
6.4637948031496064
20
-3.5308949606299214
11
6.4640944881889766
21
-3.5324015748031496
0
LINE
8
BLACK
6
CONTINUOUS
10
6.4640944881889766
20
-3.5324015748031496
11
6.4640944881889766
21
-3.5402755905511811
0
LINE
8
BLACK
6
CONTINUOUS
10
6.4640944881889766
20
-3.5402755905511811
11
6.4637948031496064
21
-3.5417822047244094
0
LINE
8
BLACK
6
CONTINUOUS
10
6.4637948031496064
20
-3.5417822047244094
11
6.462941377952756
21
-3.5430594881889763
0
LINE
8
BLACK
6
CONTINUOUS
10
6.462941377952756
20
-3.5430594881889763
11
6.4616640944881887
21
-3.5439129133858267
0
LINE
8
BLACK
6
CONTINUOUS
10
6.4616640944881887
20
-3.5439129133858267
11
6.4601574803149608
21
-3.5442125984251969
0
LINE
8
BLACK
6
CONTINUOUS
10
6.4601574803149608
20
-3.5442125984251969
11
6.4424409448818896
21
-3.5442125984251969
0
LINE
8
BLACK
6
CONTINUOUS
10
6.4424409448818896
20
-3.5442125984251969
11
6.4409343307086608
21
-3.5439129133858267
0
LINE
8
BLACK
6
CONTINUOUS
10
6.4409343307086608
20
-3.5439129133858267
11
6.4396570472440944
21
-3.5430594881889763
0
LINE
8
BLACK
6
CONTINUOUS
10
6.4396570472440944
20
-3.5430594881889763
11
6.438803622047244
21
-3.5417822047244094
0
LINE
8
BLACK
6
CONTINUOUS
10
6.438803622047244
20
-3.5417822047244094
11
6.4385039370078738
21
-3.5402755905511811
0
LINE
8
BLACK
6
CONTINUOUS
10
6.4385039370078738
20
-3.5402755905511811
11
6.4385039370078738
21
-3.5324015748031496
0
LINE
8
BLACK
6
CONTINUOUS
10
6.4385039370078738
20
-3.5324015748031496
11
6.438803622047244
21
-3.5308949606299214
0
LINE
8
BLACK
6
CONTINUOUS
10
6.438803622047244
20
-3.5308949606299214
11
6.4396570472440944
21
-3.5296176771653545
0
LINE
8
BLACK
6
CONTINUOUS
10
6.4396570472440944
20
-3.5296176771653545
11
6.4409343307086608
21
-3.5287642519685041
0
LINE
8
BLACK
6
CONTINUOUS
10
6.4409343307086608
20
-3.5287642519685041
11
6.4424409448818896
21
-3.5284645669291339
0
LINE
8
BLACK
6
CONTINUOUS
10
6.4424409448818896
20
-3.5284645669291339
11
6.4601574803149608
21
-3.5284645669291339
0
LINE
8
BLACK
6
CONTINUOUS
10
6.4601574803149608
20
-3.5284645669291339
11
6.4616640944881887
21
-3.5287642519685041
0
LINE
8
BLACK
6
CONTINUOUS
10
6.3095316535433073
20
-3.4962175984251966
11
6.3124054724409451
21
-3.4981378346456693
0
LINE
8
BLACK
6
CONTINUOUS
10
6.3124054724409451
20
-3.4981378346456693
11
6.3143257086614168
21
-3.5010116535433071
0
LINE
8
BLACK
6
CONTINUOUS
10
6.3143257086614168
20
-3.5010116535433071
11
6.3149999999999995
21
-3.5044015748031496
0
LINE
8
BLACK
6
CONTINUOUS
10
6.3149999999999995
20
-3.5044015748031496
11
6.3149999999999995
21
-3.5221181102362205
0
LINE
8
BLACK
6
CONTINUOUS
10
6.3149999999999995
20
-3.5221181102362205
11
6.3143257086614168
21
-3.525508031496063
0
LINE
8
BLACK
6
CONTINUOUS
10
6.3143257086614168
20
-3.525508031496063
11
6.3124054724409451
21
-3.5283818503937008
0
LINE
8
BLACK
6
CONTINUOUS
10
6.3124054724409451
20
-3.5283818503937008
11
6.3095316535433073
21
-3.530302086614173
0
LINE
8
BLACK
6
CONTINUOUS
10
6.3095316535433073
20
-3.530302086614173
11
6.3061417322834643
21
-3.5309763779527557
0
LINE
8
BLACK
6
CONTINUOUS
10
6.3061417322834643
20
-3.5309763779527557
11
6.2864566929133856
21
-3.5309763779527557
0
LINE
8
BLACK
6
CONTINUOUS
10
6.2864566929133856
20
-3.5309763779527557
11
6.2830667716535435
21
-3.530302086614173
0
LINE
8
BLACK
6
CONTINUOUS
10
6.2830667716535435
20
-3.530302086614173
11
6.2801929527559057
21
-3.5283818503937008
0
LINE
8
BLACK
6
CONTINUOUS
10
6.2801929527559057
20
-3.5283818503937008
11
6.2782727165354331
21
-3.525508031496063
0
LINE
8
BLACK
6
CONTINUOUS
10
6.2782727165354331
20
-3.525508031496063
11
6.2775984251968504
21
-3.5221181102362205
0
LINE
8
BLACK
6
CONTINUOUS
10
6.2775984251968504
20
-3.5221181102362205
11
6.2775984251968504
21
-3.5044015748031496
0
LINE
8
BLACK
6
CONTINUOUS
10
6.2775984251968504
20
-3.5044015748031496
11
6.2782727165354331
21
-3.5010116535433071
0
LINE
8
BLACK
6
CONTINUOUS
10
6.2782727165354331
20
-3.5010116535433071
11
6.2801929527559057
21
-3.4981378346456693
0
LINE
8
BLACK
6
CONTINUOUS
10
6.2801929527559057
20
-3.4981378346456693
11
6.2830667716535435
21
-3.4962175984251966
0
LINE
8
BLACK
6
CONTINUOUS
10
6.2830667716535435
20
-3.4962175984251966
11
6.2864566929133856
21
-3.495543307086614
0
LINE
8
BLACK
6
CONTINUOUS
10
6.2864566929133856
20
-3.495543307086614
11
6.3061417322834643
21
-3.495543307086614
0
LINE
8
BLACK
6
CONTINUOUS
10
6.3061417322834643
20
-3.495543307086614
11
6.3095316535433073
21
-3.4962175984251966
0
LINE
8
BLACK
6
CONTINUOUS
10
6.3868609448818896
20
-3.5031737007874013
11
6.3881382283464569
21
-3.5040271259842517
0
LINE
8
BLACK
6
CONTINUOUS
10
6.3881382283464569
20
-3.5040271259842517
11
6.3889916535433073
21
-3.5053044094488186
0
LINE
8
BLACK
6
CONTINUOUS
10
6.3889916535433073
20
-3.5053044094488186
11
6.3892913385826766
21
-3.5068110236220473
0
LINE
8
BLACK
6
CONTINUOUS
10
6.3892913385826766
20
-3.5068110236220473
11
6.3892913385826766
21
-3.5146850393700788
0
LINE
8
BLACK
6
CONTINUOUS
10
6.3892913385826766
20
-3.5146850393700788
11
6.3889916535433073
21
-3.5161916535433071
0
LINE
8
BLACK
6
CONTINUOUS
10
6.3889916535433073
20
-3.5161916535433071
11
6.3881382283464569
21
-3.517468937007874
0
LINE
8
BLACK
6
CONTINUOUS
10
6.3881382283464569
20
-3.517468937007874
11
6.3868609448818896
21
-3.5183223622047244
0
LINE
8
BLACK
6
CONTINUOUS
10
6.3868609448818896
20
-3.5183223622047244
11
6.3853543307086609
21
-3.5186220472440946
0
LINE
8
BLACK
6
CONTINUOUS
10
6.3853543307086609
20
-3.5186220472440946
11
6.3676377952755905
21
-3.5186220472440946
0
LINE
8
BLACK
6
CONTINUOUS
10
6.3676377952755905
20
-3.5186220472440946
11
6.3661311811023618
21
-3.5183223622047244
0
LINE
8
BLACK
6
CONTINUOUS
10
6.3661311811023618
20
-3.5183223622047244
11
6.3648538976377953
21
-3.517468937007874
0
LINE
8
BLACK
6
CONTINUOUS
10
6.3648538976377953
20
-3.517468937007874
11
6.3640004724409449
21
-3.5161916535433071
0
LINE
8
BLACK
6
CONTINUOUS
10
6.3640004724409449
20
-3.5161916535433071
11
6.3637007874015747
21
-3.5146850393700788
0
LINE
8
BLACK
6
CONTINUOUS
10
6.3637007874015747
20
-3.5146850393700788
11
6.3637007874015747
21
-3.5068110236220473
0
LINE
8
BLACK
6
CONTINUOUS
10
6.3637007874015747
20
-3.5068110236220473
11
6.3640004724409449
21
-3.5053044094488186
0
LINE
8
BLACK
6
CONTINUOUS
10
6.3640004724409449
20
-3.5053044094488186
11
6.3648538976377953
21
-3.5040271259842517
0
LINE
8
BLACK
6
CONTINUOUS
10
6.3648538976377953
20
-3.5040271259842517
11
6.3661311811023618
21
-3.5031737007874013
0
LINE
8
BLACK
6
CONTINUOUS
10
6.3661311811023618
20
-3.5031737007874013
11
6.3676377952755905
21
-3.5028740157480316
0
LINE
8
BLACK
6
CONTINUOUS
10
6.3676377952755905
20
-3.5028740157480316
11
6.3853543307086609
21
-3.5028740157480316
0
LINE
8
BLACK
6
CONTINUOUS
10
6.3853543307086609
20
-3.5028740157480316
11
6.3868609448818896
21
-3.5031737007874013
0
LINE
8
BLACK
6
CONTINUOUS
10
6.4616640944881887
20
-3.5031737007874013
11
6.462941377952756
21
-3.5040271259842517
0
LINE
8
BLACK
6
CONTINUOUS
10
6.462941377952756
20
-3.5040271259842517
11
6.4637948031496064
21
-3.5053044094488186
0
LINE
8
BLACK
6
CONTINUOUS
10
6.4637948031496064
20
-3.5053044094488186
11
6.4640944881889766
21
-3.5068110236220473
0
LINE
8
BLACK
6
CONTINUOUS
10
6.4640944881889766
20
-3.5068110236220473
11
6.4640944881889766
21
-3.5146850393700788
0
LINE
8
BLACK
6
CONTINUOUS
10
6.4640944881889766
20
-3.5146850393700788
11
6.4637948031496064
21
-3.5161916535433071
0
LINE
8
BLACK
6
CONTINUOUS
10
6.4637948031496064
20
-3.5161916535433071
11
6.462941377952756
21
-3.517468937007874
0
LINE
8
BLACK
6
CONTINUOUS
10
6.462941377952756
20
-3.517468937007874
11
6.4616640944881887
21
-3.5183223622047244
0
LINE
8
BLACK
6
CONTINUOUS
10
6.4616640944881887
20
-3.5183223622047244
11
6.4601574803149608
21
-3.5186220472440946
0
LINE
8
BLACK
6
CONTINUOUS
10
6.4601574803149608
20
-3.5186220472440946
11
6.4424409448818896
21
-3.5186220472440946
0
LINE
8
BLACK
6
CONTINUOUS
10
6.4424409448818896
20
-3.5186220472440946
11
6.4409343307086608
21
-3.5183223622047244
0
LINE
8
BLACK
6
CONTINUOUS
10
6.4409343307086608
20
-3.5183223622047244
11
6.4396570472440944
21
-3.517468937007874
0
LINE
8
BLACK
6
CONTINUOUS
10
6.4396570472440944
20
-3.517468937007874
11
6.438803622047244
21
-3.5161916535433071
0
LINE
8
BLACK
6
CONTINUOUS
10
6.438803622047244
20
-3.5161916535433071
11
6.4385039370078738
21
-3.5146850393700788
0
LINE
8
BLACK
6
CONTINUOUS
10
6.4385039370078738
20
-3.5146850393700788
11
6.4385039370078738
21
-3.5068110236220473
0
LINE
8
BLACK
6
CONTINUOUS
10
6.4385039370078738
20
-3.5068110236220473
11
6.438803622047244
21
-3.5053044094488186
0
LINE
8
BLACK
6
CONTINUOUS
10
6.438803622047244
20
-3.5053044094488186
11
6.4396570472440944
21
-3.5040271259842517
0
LINE
8
BLACK
6
CONTINUOUS
10
6.4396570472440944
20
-3.5040271259842517
11
6.4409343307086608
21
-3.5031737007874013
0
LINE
8
BLACK
6
CONTINUOUS
10
6.4409343307086608
20
-3.5031737007874013
11
6.4424409448818896
21
-3.5028740157480316
0
LINE
8
BLACK
6
CONTINUOUS
10
6.4424409448818896
20
-3.5028740157480316
11
6.4601574803149608
21
-3.5028740157480316
0
LINE
8
BLACK
6
CONTINUOUS
10
6.4601574803149608
20
-3.5028740157480316
11
6.4616640944881887
21
-3.5031737007874013
0
LINE
8
BLACK
6
CONTINUOUS
10
6.1575237795275592
20
-3.4777215354330706
11
6.1603975984251971
21
-3.4796417716535433
0
LINE
8
BLACK
6
CONTINUOUS
10
6.1603975984251971
20
-3.4796417716535433
11
6.1623178346456688
21
-3.4825155905511811
0
LINE
8
BLACK
6
CONTINUOUS
10
6.1623178346456688
20
-3.4825155905511811
11
6.1629921259842515
21
-3.4859055118110236
0
LINE
8
BLACK
6
CONTINUOUS
10
6.1629921259842515
20
-3.4859055118110236
11
6.1629921259842515
21
-3.5055905511811023
0
LINE
8
BLACK
6
CONTINUOUS
10
6.1629921259842515
20
-3.5055905511811023
11
6.1623178346456688
21
-3.5089804724409448
0
LINE
8
BLACK
6
CONTINUOUS
10
6.1623178346456688
20
-3.5089804724409448
11
6.1603975984251971
21
-3.5118542913385826
0
LINE
8
BLACK
6
CONTINUOUS
10
6.1603975984251971
20
-3.5118542913385826
11
6.1575237795275592
21
-3.5137745275590548
0
LINE
8
BLACK
6
CONTINUOUS
10
6.1575237795275592
20
-3.5137745275590548
11
6.1541338582677163
21
-3.5144488188976375
0
LINE
8
BLACK
6
CONTINUOUS
10
6.1541338582677163
20
-3.5144488188976375
11
6.1364173228346459
21
-3.5144488188976375
0
LINE
8
BLACK
6
CONTINUOUS
10
6.1364173228346459
20
-3.5144488188976375
11
6.133027401574803
21
-3.5137745275590548
0
LINE
8
BLACK
6
CONTINUOUS
10
6.133027401574803
20
-3.5137745275590548
11
6.1301535826771651
21
-3.5118542913385826
0
LINE
8
BLACK
6
CONTINUOUS
10
6.1301535826771651
20
-3.5118542913385826
11
6.1282333464566925
21
-3.5089804724409448
0
LINE
8
BLACK
6
CONTINUOUS
10
6.1282333464566925
20
-3.5089804724409448
11
6.1275590551181098
21
-3.5055905511811023
0
LINE
8
BLACK
6
CONTINUOUS
10
6.1275590551181098
20
-3.5055905511811023
11
6.1275590551181098
21
-3.4859055118110236
0
LINE
8
BLACK
6
CONTINUOUS
10
6.1275590551181098
20
-3.4859055118110236
11
6.1282333464566925
21
-3.4825155905511811
0
LINE
8
BLACK
6
CONTINUOUS
10
6.1282333464566925
20
-3.4825155905511811
11
6.1301535826771651
21
-3.4796417716535433
0
LINE
8
BLACK
6
CONTINUOUS
10
6.1301535826771651
20
-3.4796417716535433
11
6.133027401574803
21
-3.4777215354330706
0
LINE
8
BLACK
6
CONTINUOUS
10
6.133027401574803
20
-3.4777215354330706
11
6.1364173228346459
21
-3.477047244094488
0
LINE
8
BLACK
6
CONTINUOUS
10
6.1364173228346459
20
-3.477047244094488
11
6.1541338582677163
21
-3.477047244094488
0
LINE
8
BLACK
6
CONTINUOUS
10
6.1541338582677163
20
-3.477047244094488
11
6.1575237795275592
21
-3.4777215354330706
0
LINE
8
BLACK
6
CONTINUOUS
10
6.2185474015748028
20
-3.4777215354330706
11
6.2214212204724406
21
-3.4796417716535433
0
LINE
8
BLACK
6
CONTINUOUS
10
6.2214212204724406
20
-3.4796417716535433
11
6.2233414566929133
21
-3.4825155905511811
0
LINE
8
BLACK
6
CONTINUOUS
10
6.2233414566929133
20
-3.4825155905511811
11
6.2240157480314959
21
-3.4859055118110236
0
LINE
8
BLACK
6
CONTINUOUS
10
6.2240157480314959
20
-3.4859055118110236
11
6.2240157480314959
21
-3.5055905511811023
0
LINE
8
BLACK
6
CONTINUOUS
10
6.2240157480314959
20
-3.5055905511811023
11
6.2233414566929133
21
-3.5089804724409448
0
LINE
8
BLACK
6
CONTINUOUS
10
6.2233414566929133
20
-3.5089804724409448
11
6.2214212204724406
21
-3.5118542913385826
0
LINE
8
BLACK
6
CONTINUOUS
10
6.2214212204724406
20
-3.5118542913385826
11
6.2185474015748028
21
-3.5137745275590548
0
LINE
8
BLACK
6
CONTINUOUS
10
6.2185474015748028
20
-3.5137745275590548
11
6.2151574803149607
21
-3.5144488188976375
0
LINE
8
BLACK
6
CONTINUOUS
10
6.2151574803149607
20
-3.5144488188976375
11
6.1974409448818895
21
-3.5144488188976375
0
LINE
8
BLACK
6
CONTINUOUS
10
6.1974409448818895
20
-3.5144488188976375
11
6.1940510236220474
21
-3.5137745275590548
0
LINE
8
BLACK
6
CONTINUOUS
10
6.1940510236220474
20
-3.5137745275590548
11
6.1911772047244096
21
-3.5118542913385826
0
LINE
8
BLACK
6
CONTINUOUS
10
6.1911772047244096
20
-3.5118542913385826
11
6.1892569685039369
21
-3.5089804724409448
0
LINE
8
BLACK
6
CONTINUOUS
10
6.1892569685039369
20
-3.5089804724409448
11
6.1885826771653543
21
-3.5055905511811023
0
LINE
8
BLACK
6
CONTINUOUS
10
6.1885826771653543
20
-3.5055905511811023
11
6.1885826771653543
21
-3.4859055118110236
0
LINE
8
BLACK
6
CONTINUOUS
10
6.1885826771653543
20
-3.4859055118110236
11
6.1892569685039369
21
-3.4825155905511811
0
LINE
8
BLACK
6
CONTINUOUS
10
6.1892569685039369
20
-3.4825155905511811
11
6.1911772047244096
21
-3.4796417716535433
0
LINE
8
BLACK
6
CONTINUOUS
10
6.1911772047244096
20
-3.4796417716535433
11
6.1940510236220474
21
-3.4777215354330706
0
LINE
8
BLACK
6
CONTINUOUS
10
6.1940510236220474
20
-3.4777215354330706
11
6.1974409448818895
21
-3.477047244094488
0
LINE
8
BLACK
6
CONTINUOUS
10
6.1974409448818895
20
-3.477047244094488
11
6.2151574803149607
21
-3.477047244094488
0
LINE
8
BLACK
6
CONTINUOUS
10
6.2151574803149607
20
-3.477047244094488
11
6.2185474015748028
21
-3.4777215354330706
0
LINE
8
BLACK
6
CONTINUOUS
10
5.8600657874015747
20
-3.4741744094488189
11
5.863258937007874
21
-3.4763079921259843
0
LINE
8
BLACK
6
CONTINUOUS
10
5.863258937007874
20
-3.4763079921259843
11
5.8653925196850389
21
-3.4795011417322832
0
LINE
8
BLACK
6
CONTINUOUS
10
5.8653925196850389
20
-3.4795011417322832
11
5.8661417322834648
21
-3.4832677165354329
0
LINE
8
BLACK
6
CONTINUOUS
10
5.8661417322834648
20
-3.4832677165354329
11
5.8661417322834648
21
-3.5039370078740157
0
LINE
8
BLACK
6
CONTINUOUS
10
5.8661417322834648
20
-3.5039370078740157
11
5.8653925196850389
21
-3.5077035826771654
0
LINE
8
BLACK
6
CONTINUOUS
10
5.8653925196850389
20
-3.5077035826771654
11
5.863258937007874
21
-3.5108967322834643
0
LINE
8
BLACK
6
CONTINUOUS
10
5.863258937007874
20
-3.5108967322834643
11
5.8600657874015747
21
-3.5130303149606297
0
LINE
8
BLACK
6
CONTINUOUS
10
5.8600657874015747
20
-3.5130303149606297
11
5.856299212598425
21
-3.5137795275590551
0
LINE
8
BLACK
6
CONTINUOUS
10
5.856299212598425
20
-3.5137795275590551
11
5.8208661417322833
21
-3.5137795275590551
0
LINE
8
BLACK
6
CONTINUOUS
10
5.8208661417322833
20
-3.5137795275590551
11
5.8170995669291337
21
-3.5130303149606297
0
LINE
8
BLACK
6
CONTINUOUS
10
5.8170995669291337
20
-3.5130303149606297
11
5.8139064173228343
21
-3.5108967322834643
0
LINE
8
BLACK
6
CONTINUOUS
10
5.8139064173228343
20
-3.5108967322834643
11
5.8117728346456694
21
-3.5077035826771654
0
LINE
8
BLACK
6
CONTINUOUS
10
5.8117728346456694
20
-3.5077035826771654
11
5.8110236220472435
21
-3.5039370078740157
0
LINE
8
BLACK
6
CONTINUOUS
10
5.8110236220472435
20
-3.5039370078740157
11
5.8110236220472435
21
-3.4832677165354329
0
LINE
8
BLACK
6
CONTINUOUS
10
5.8110236220472435
20
-3.4832677165354329
11
5.8117728346456694
21
-3.4795011417322832
0
LINE
8
BLACK
6
CONTINUOUS
10
5.8117728346456694
20
-3.4795011417322832
11
5.8139064173228343
21
-3.4763079921259843
0
LINE
8
BLACK
6
CONTINUOUS
10
5.8139064173228343
20
-3.4763079921259843
11
5.8170995669291337
21
-3.4741744094488189
0
LINE
8
BLACK
6
CONTINUOUS
10
5.8170995669291337
20
-3.4741744094488189
11
5.8208661417322833
21
-3.4734251968503935
0
LINE
8
BLACK
6
CONTINUOUS
10
5.8208661417322833
20
-3.4734251968503935
11
5.856299212598425
21
-3.4734251968503935
0
LINE
8
BLACK
6
CONTINUOUS
10
5.856299212598425
20
-3.4734251968503935
11
5.8600657874015747
21
-3.4741744094488189
0
LINE
8
BLACK
6
CONTINUOUS
10
6.0645316535433071
20
-3.4742175984251968
11
6.067405472440945
21
-3.4761378346456691
0
LINE
8
BLACK
6
CONTINUOUS
10
6.067405472440945
20
-3.4761378346456691
11
6.0693257086614176
21
-3.4790116535433069
0
LINE
8
BLACK
6
CONTINUOUS
10
6.0693257086614176
20
-3.4790116535433069
11
6.0700000000000003
21
-3.4824015748031494
0
LINE
8
BLACK
6
CONTINUOUS
10
6.0700000000000003
20
-3.4824015748031494
11
6.0700000000000003
21
-3.5001181102362202
0
LINE
8
BLACK
6
CONTINUOUS
10
6.0700000000000003
20
-3.5001181102362202
11
6.0693257086614176
21
-3.5035080314960627
0
LINE
8
BLACK
6
CONTINUOUS
10
6.0693257086614176
20
-3.5035080314960627
11
6.067405472440945
21
-3.5063818503937005
0
LINE
8
BLACK
6
CONTINUOUS
10
6.067405472440945
20
-3.5063818503937005
11
6.0645316535433071
21
-3.5083020866141732
0
LINE
8
BLACK
6
CONTINUOUS
10
6.0645316535433071
20
-3.5083020866141732
11
6.0611417322834642
21
-3.5089763779527559
0
LINE
8
BLACK
6
CONTINUOUS
10
6.0611417322834642
20
-3.5089763779527559
11
6.0414566929133855
21
-3.5089763779527559
0
LINE
8
BLACK
6
CONTINUOUS
10
6.0414566929133855
20
-3.5089763779527559
11
6.0380667716535434
21
-3.5083020866141732
0
LINE
8
BLACK
6
CONTINUOUS
10
6.0380667716535434
20
-3.5083020866141732
11
6.0351929527559056
21
-3.5063818503937005
0
LINE
8
BLACK
6
CONTINUOUS
10
6.0351929527559056
20
-3.5063818503937005
11
6.033272716535433
21
-3.5035080314960627
0
LINE
8
BLACK
6
CONTINUOUS
10
6.033272716535433
20
-3.5035080314960627
11
6.0325984251968503
21
-3.5001181102362202
0
LINE
8
BLACK
6
CONTINUOUS
10
6.0325984251968503
20
-3.5001181102362202
11
6.0325984251968503
21
-3.4824015748031494
0
LINE
8
BLACK
6
CONTINUOUS
10
6.0325984251968503
20
-3.4824015748031494
11
6.033272716535433
21
-3.4790116535433069
0
LINE
8
BLACK
6
CONTINUOUS
10
6.033272716535433
20
-3.4790116535433069
11
6.0351929527559056
21
-3.4761378346456691
0
LINE
8
BLACK
6
CONTINUOUS
10
6.0351929527559056
20
-3.4761378346456691
11
6.0380667716535434
21
-3.4742175984251968
0
LINE
8
BLACK
6
CONTINUOUS
10
6.0380667716535434
20
-3.4742175984251968
11
6.0414566929133855
21
-3.4735433070866142
0
LINE
8
BLACK
6
CONTINUOUS
10
6.0414566929133855
20
-3.4735433070866142
11
6.0611417322834642
21
-3.4735433070866142
0
LINE
8
BLACK
6
CONTINUOUS
10
6.0611417322834642
20
-3.4735433070866142
11
6.0645316535433071
21
-3.4742175984251968
0
LINE
8
BLACK
6
CONTINUOUS
10
5.252523779527559
20
-3.4527215354330707
11
5.2553975984251968
21
-3.4546417716535434
0
LINE
8
BLACK
6
CONTINUOUS
10
5.2553975984251968
20
-3.4546417716535434
11
5.2573178346456695
21
-3.4575155905511812
0
LINE
8
BLACK
6
CONTINUOUS
10
5.2573178346456695
20
-3.4575155905511812
11
5.2579921259842521
21
-3.4609055118110237
0
LINE
8
BLACK
6
CONTINUOUS
10
5.2579921259842521
20
-3.4609055118110237
11
5.2579921259842521
21
-3.4805905511811024
0
LINE
8
BLACK
6
CONTINUOUS
10
5.2579921259842521
20
-3.4805905511811024
11
5.2573178346456695
21
-3.4839804724409449
0
LINE
8
BLACK
6
CONTINUOUS
10
5.2573178346456695
20
-3.4839804724409449
11
5.2553975984251968
21
-3.4868542913385827
0
LINE
8
BLACK
6
CONTINUOUS
10
5.2553975984251968
20
-3.4868542913385827
11
5.252523779527559
21
-3.4887745275590549
0
LINE
8
BLACK
6
CONTINUOUS
10
5.252523779527559
20
-3.4887745275590549
11
5.2491338582677161
21
-3.4894488188976376
0
LINE
8
BLACK
6
CONTINUOUS
10
5.2491338582677161
20
-3.4894488188976376
11
5.2314173228346457
21
-3.4894488188976376
0
LINE
8
BLACK
6
CONTINUOUS
10
5.2314173228346457
20
-3.4894488188976376
11
5.2280274015748027
21
-3.4887745275590549
0
LINE
8
BLACK
6
CONTINUOUS
10
5.2280274015748027
20
-3.4887745275590549
11
5.2251535826771649
21
-3.4868542913385827
0
LINE
8
BLACK
6
CONTINUOUS
10
5.2251535826771649
20
-3.4868542913385827
11
5.2232333464566931
21
-3.4839804724409449
0
LINE
8
BLACK
6
CONTINUOUS
10
5.2232333464566931
20
-3.4839804724409449
11
5.2225590551181105
21
-3.4805905511811024
0
LINE
8
BLACK
6
CONTINUOUS
10
5.2225590551181105
20
-3.4805905511811024
11
5.2225590551181105
21
-3.4609055118110237
0
LINE
8
BLACK
6
CONTINUOUS
10
5.2225590551181105
20
-3.4609055118110237
11
5.2232333464566931
21
-3.4575155905511812
0
LINE
8
BLACK
6
CONTINUOUS
10
5.2232333464566931
20
-3.4575155905511812
11
5.2251535826771649
21
-3.4546417716535434
0
LINE
8
BLACK
6
CONTINUOUS
10
5.2251535826771649
20
-3.4546417716535434
11
5.2280274015748027
21
-3.4527215354330707
0
LINE
8
BLACK
6
CONTINUOUS
10
5.2280274015748027
20
-3.4527215354330707
11
5.2314173228346457
21
-3.452047244094488
0
LINE
8
BLACK
6
CONTINUOUS
10
5.2314173228346457
20
-3.452047244094488
11
5.2491338582677161
21
-3.452047244094488
0
LINE
8
BLACK
6
CONTINUOUS
10
5.2491338582677161
20
-3.452047244094488
11
5.252523779527559
21
-3.4527215354330707
0
LINE
8
BLACK
6
CONTINUOUS
10
5.3135474015748034
20
-3.4527215354330707
11
5.3164212204724413
21
-3.4546417716535434
0
LINE
8
BLACK
6
CONTINUOUS
10
5.3164212204724413
20
-3.4546417716535434
11
5.318341456692913
21
-3.4575155905511812
0
LINE
8
BLACK
6
CONTINUOUS
10
5.318341456692913
20
-3.4575155905511812
11
5.3190157480314957
21
-3.4609055118110237
0
LINE
8
BLACK
6
CONTINUOUS
10
5.3190157480314957
20
-3.4609055118110237
11
5.3190157480314957
21
-3.4805905511811024
0
LINE
8
BLACK
6
CONTINUOUS
10
5.3190157480314957
20
-3.4805905511811024
11
5.318341456692913
21
-3.4839804724409449
0
LINE
8
BLACK
6
CONTINUOUS
10
5.318341456692913
20
-3.4839804724409449
11
5.3164212204724413
21
-3.4868542913385827
0
LINE
8
BLACK
6
CONTINUOUS
10
5.3164212204724413
20
-3.4868542913385827
11
5.3135474015748034
21
-3.4887745275590549
0
LINE
8
BLACK
6
CONTINUOUS
10
5.3135474015748034
20
-3.4887745275590549
11
5.3101574803149605
21
-3.4894488188976376
0
LINE
8
BLACK
6
CONTINUOUS
10
5.3101574803149605
20
-3.4894488188976376
11
5.2924409448818892
21
-3.4894488188976376
0
LINE
8
BLACK
6
CONTINUOUS
10
5.2924409448818892
20
-3.4894488188976376
11
5.2890510236220472
21
-3.4887745275590549
0
LINE
8
BLACK
6
CONTINUOUS
10
5.2890510236220472
20
-3.4887745275590549
11
5.2861772047244093
21
-3.4868542913385827
0
LINE
8
BLACK
6
CONTINUOUS
10
5.2861772047244093
20
-3.4868542913385827
11
5.2842569685039367
21
-3.4839804724409449
0
LINE
8
BLACK
6
CONTINUOUS
10
5.2842569685039367
20
-3.4839804724409449
11
5.283582677165354
21
-3.4805905511811024
0
LINE
8
BLACK
6
CONTINUOUS
10
5.283582677165354
20
-3.4805905511811024
11
5.283582677165354
21
-3.4609055118110237
0
LINE
8
BLACK
6
CONTINUOUS
10
5.283582677165354
20
-3.4609055118110237
11
5.2842569685039367
21
-3.4575155905511812
0
LINE
8
BLACK
6
CONTINUOUS
10
5.2842569685039367
20
-3.4575155905511812
11
5.2861772047244093
21
-3.4546417716535434
0
LINE
8
BLACK
6
CONTINUOUS
10
5.2861772047244093
20
-3.4546417716535434
11
5.2890510236220472
21
-3.4527215354330707
0
LINE
8
BLACK
6
CONTINUOUS
10
5.2890510236220472
20
-3.4527215354330707
11
5.2924409448818892
21
-3.452047244094488
0
LINE
8
BLACK
6
CONTINUOUS
10
5.2924409448818892
20
-3.452047244094488
11
5.3101574803149605
21
-3.452047244094488
0
LINE
8
BLACK
6
CONTINUOUS
10
5.3101574803149605
20
-3.452047244094488
11
5.3135474015748034
21
-3.4527215354330707
0
LINE
8
BLACK
6
CONTINUOUS
10
5.7813256299212599
20
-3.4446468503937009
11
5.7845187795275592
21
-3.4467804330708662
0
LINE
8
BLACK
6
CONTINUOUS
10
5.7845187795275592
20
-3.4467804330708662
11
5.7866523622047241
21
-3.4499735826771651
0
LINE
8
BLACK
6
CONTINUOUS
10
5.7866523622047241
20
-3.4499735826771651
11
5.7874015748031491
21
-3.4537401574803148
0
LINE
8
BLACK
6
CONTINUOUS
10
5.7874015748031491
20
-3.4537401574803148
11
5.7874015748031491
21
-3.4793307086614171
0
LINE
8
BLACK
6
CONTINUOUS
10
5.7874015748031491
20
-3.4793307086614171
11
5.7866523622047241
21
-3.4830972834645668
0
LINE
8
BLACK
6
CONTINUOUS
10
5.7866523622047241
20
-3.4830972834645668
11
5.7845187795275592
21
-3.4862904330708662
0
LINE
8
BLACK
6
CONTINUOUS
10
5.7845187795275592
20
-3.4862904330708662
11
5.7813256299212599
21
-3.4884240157480315
0
LINE
8
BLACK
6
CONTINUOUS
10
5.7813256299212599
20
-3.4884240157480315
11
5.7775590551181102
21
-3.4891732283464565
0
LINE
8
BLACK
6
CONTINUOUS
10
5.7775590551181102
20
-3.4891732283464565
11
5.7421259842519685
21
-3.4891732283464565
0
LINE
8
BLACK
6
CONTINUOUS
10
5.7421259842519685
20
-3.4891732283464565
11
5.7383594094488188
21
-3.4884240157480315
0
LINE
8
BLACK
6
CONTINUOUS
10
5.7383594094488188
20
-3.4884240157480315
11
5.7351662598425195
21
-3.4862904330708662
0
LINE
8
BLACK
6
CONTINUOUS
10
5.7351662598425195
20
-3.4862904330708662
11
5.7330326771653546
21
-3.4830972834645668
0
LINE
8
BLACK
6
CONTINUOUS
10
5.7330326771653546
20
-3.4830972834645668
11
5.7322834645669287
21
-3.4793307086614171
0
LINE
8
BLACK
6
CONTINUOUS
10
5.7322834645669287
20
-3.4793307086614171
11
5.7322834645669287
21
-3.4537401574803148
0
LINE
8
BLACK
6
CONTINUOUS
10
5.7322834645669287
20
-3.4537401574803148
11
5.7330326771653546
21
-3.4499735826771651
0
LINE
8
BLACK
6
CONTINUOUS
10
5.7330326771653546
20
-3.4499735826771651
11
5.7351662598425195
21
-3.4467804330708662
0
LINE
8
BLACK
6
CONTINUOUS
10
5.7351662598425195
20
-3.4467804330708662
11
5.7383594094488188
21
-3.4446468503937009
0
LINE
8
BLACK
6
CONTINUOUS
10
5.7383594094488188
20
-3.4446468503937009
11
5.7421259842519685
21
-3.4438976377952755
0
LINE
8
BLACK
6
CONTINUOUS
10
5.7421259842519685
20
-3.4438976377952755
11
5.7775590551181102
21
-3.4438976377952755
0
LINE
8
BLACK
6
CONTINUOUS
10
5.7775590551181102
20
-3.4438976377952755
11
5.7813256299212599
21
-3.4446468503937009
0
LINE
8
BLACK
6
CONTINUOUS
10
6.3095316535433073
20
-3.4351939763779527
11
6.3124054724409451
21
-3.4371142125984253
0
LINE
8
BLACK
6
CONTINUOUS
10
6.3124054724409451
20
-3.4371142125984253
11
6.3143257086614168
21
-3.4399880314960627
0
LINE
8
BLACK
6
CONTINUOUS
10
6.3143257086614168
20
-3.4399880314960627
11
6.3149999999999995
21
-3.4433779527559056
0
LINE
8
BLACK
6
CONTINUOUS
10
6.3149999999999995
20
-3.4433779527559056
11
6.3149999999999995
21
-3.4610944881889765
0
LINE
8
BLACK
6
CONTINUOUS
10
6.3149999999999995
20
-3.4610944881889765
11
6.3143257086614168
21
-3.464484409448819
0
LINE
8
BLACK
6
CONTINUOUS
10
6.3143257086614168
20
-3.464484409448819
11
6.3124054724409451
21
-3.4673582283464568
0
LINE
8
BLACK
6
CONTINUOUS
10
6.3124054724409451
20
-3.4673582283464568
11
6.3095316535433073
21
-3.469278464566929
0
LINE
8
BLACK
6
CONTINUOUS
10
6.3095316535433073
20
-3.469278464566929
11
6.3061417322834643
21
-3.4699527559055117
0
LINE
8
BLACK
6
CONTINUOUS
10
6.3061417322834643
20
-3.4699527559055117
11
6.2864566929133856
21
-3.4699527559055117
0
LINE
8
BLACK
6
CONTINUOUS
10
6.2864566929133856
20
-3.4699527559055117
11
6.2830667716535435
21
-3.469278464566929
0
LINE
8
BLACK
6
CONTINUOUS
10
6.2830667716535435
20
-3.469278464566929
11
6.2801929527559057
21
-3.4673582283464568
0
LINE
8
BLACK
6
CONTINUOUS
10
6.2801929527559057
20
-3.4673582283464568
11
6.2782727165354331
21
-3.464484409448819
0
LINE
8
BLACK
6
CONTINUOUS
10
6.2782727165354331
20
-3.464484409448819
11
6.2775984251968504
21
-3.4610944881889765
0
LINE
8
BLACK
6
CONTINUOUS
10
6.2775984251968504
20
-3.4610944881889765
11
6.2775984251968504
21
-3.4433779527559056
0
LINE
8
BLACK
6
CONTINUOUS
10
6.2775984251968504
20
-3.4433779527559056
11
6.2782727165354331
21
-3.4399880314960627
0
LINE
8
BLACK
6
CONTINUOUS
10
6.2782727165354331
20
-3.4399880314960627
11
6.2801929527559057
21
-3.4371142125984253
0
LINE
8
BLACK
6
CONTINUOUS
10
6.2801929527559057
20
-3.4371142125984253
11
6.2830667716535435
21
-3.4351939763779527
0
LINE
8
BLACK
6
CONTINUOUS
10
6.2830667716535435
20
-3.4351939763779527
11
6.2864566929133856
21
-3.43451968503937
0
LINE
8
BLACK
6
CONTINUOUS
10
6.2864566929133856
20
-3.43451968503937
11
6.3061417322834643
21
-3.43451968503937
0
LINE
8
BLACK
6
CONTINUOUS
10
6.3061417322834643
20
-3.43451968503937
11
6.3095316535433073
21
-3.4351939763779527
0
LINE
8
BLACK
6
CONTINUOUS
10
5.9069601968503935
20
-3.420915708661417
11
5.9098340551181101
21
-3.4228359448818897
0
LINE
8
BLACK
6
CONTINUOUS
10
5.9098340551181101
20
-3.4228359448818897
11
5.9223615354330708
21
-3.4353634251968503
0
LINE
8
BLACK
6
CONTINUOUS
10
5.9223615354330708
20
-3.4353634251968503
11
5.9242817716535434
21
-3.4382372834645669
0
LINE
8
BLACK
6
CONTINUOUS
10
5.9242817716535434
20
-3.4382372834645669
11
5.9249560629921261
21
-3.4416271653543307
0
LINE
8
BLACK
6
CONTINUOUS
10
5.9249560629921261
20
-3.4416271653543307
11
5.9242817716535434
21
-3.4450170866141732
0
LINE
8
BLACK
6
CONTINUOUS
10
5.9242817716535434
20
-3.4450170866141732
11
5.9223615354330708
21
-3.447890905511811
0
LINE
8
BLACK
6
CONTINUOUS
10
5.9223615354330708
20
-3.447890905511811
11
5.9084420866141727
21
-3.4618103543307086
0
LINE
8
BLACK
6
CONTINUOUS
10
5.9084420866141727
20
-3.4618103543307086
11
5.9055682677165349
21
-3.4637305905511808
0
LINE
8
BLACK
6
CONTINUOUS
10
5.9055682677165349
20
-3.4637305905511808
11
5.9021783464566928
21
-3.4644048818897639
0
LINE
8
BLACK
6
CONTINUOUS
10
5.9021783464566928
20
-3.4644048818897639
11
5.8987884645669286
21
-3.4637305905511808
0
LINE
8
BLACK
6
CONTINUOUS
10
5.8987884645669286
20
-3.4637305905511808
11
5.895914606299212
21
-3.4618103543307086
0
LINE
8
BLACK
6
CONTINUOUS
10
5.895914606299212
20
-3.4618103543307086
11
5.8833871259842514
21
-3.449282874015748
0
LINE
8
BLACK
6
CONTINUOUS
10
5.8833871259842514
20
-3.449282874015748
11
5.8814668897637796
21
-3.4464090157480314
0
LINE
8
BLACK
6
CONTINUOUS
10
5.8814668897637796
20
-3.4464090157480314
11
5.880792598425197
21
-3.4430191338582676
0
LINE
8
BLACK
6
CONTINUOUS
10
5.880792598425197
20
-3.4430191338582676
11
5.8814668897637796
21
-3.4396292125984251
0
LINE
8
BLACK
6
CONTINUOUS
10
5.8814668897637796
20
-3.4396292125984251
11
5.8833871259842514
21
-3.4367553937007873
0
LINE
8
BLACK
6
CONTINUOUS
10
5.8833871259842514
20
-3.4367553937007873
11
5.8973065748031495
21
-3.4228359448818897
0
LINE
8
BLACK
6
CONTINUOUS
10
5.8973065748031495
20
-3.4228359448818897
11
5.9001803937007873
21
-3.420915708661417
0
LINE
8
BLACK
6
CONTINUOUS
10
5.9001803937007873
20
-3.420915708661417
11
5.9035703149606302
21
-3.4202414173228344
0
LINE
8
BLACK
6
CONTINUOUS
10
5.9035703149606302
20
-3.4202414173228344
11
5.9069601968503935
21
-3.420915708661417
0
LINE
8
BLACK
6
CONTINUOUS
10
5.4361188188976373
20
-3.4206597637795273
11
5.4369170866141729
21
-3.4211931496062991
0
LINE
8
BLACK
6
CONTINUOUS
10
5.4369170866141729
20
-3.4211931496062991
11
5.4374504724409451
21
-3.4219914173228347
0
LINE
8
BLACK
6
CONTINUOUS
10
5.4374504724409451
20
-3.4219914173228347
11
5.4376377952755908
21
-3.4229330708661418
0
LINE
8
BLACK
6
CONTINUOUS
10
5.4376377952755908
20
-3.4229330708661418
11
5.4376377952755908
21
-3.4514763779527557
0
LINE
8
BLACK
6
CONTINUOUS
10
5.4376377952755908
20
-3.4514763779527557
11
5.4374504724409451
21
-3.4524180314960629
0
LINE
8
BLACK
6
CONTINUOUS
10
5.4374504724409451
20
-3.4524180314960629
11
5.4369170866141729
21
-3.4532162992125985
0
LINE
8
BLACK
6
CONTINUOUS
10
5.4369170866141729
20
-3.4532162992125985
11
5.4361188188976373
21
-3.4537496850393699
0
LINE
8
BLACK
6
CONTINUOUS
10
5.4361188188976373
20
-3.4537496850393699
11
5.4351771653543306
21
-3.4539370078740155
0
LINE
8
BLACK
6
CONTINUOUS
10
5.4351771653543306
20
-3.4539370078740155
11
5.4302559055118111
21
-3.4539370078740155
0
LINE
8
BLACK
6
CONTINUOUS
10
5.4302559055118111
20
-3.4539370078740155
11
5.4293142519685036
21
-3.4537496850393699
0
LINE
8
BLACK
6
CONTINUOUS
10
5.4293142519685036
20
-3.4537496850393699
11
5.4285159842519688
21
-3.4532162992125985
0
LINE
8
BLACK
6
CONTINUOUS
10
5.4285159842519688
20
-3.4532162992125985
11
5.4279825984251966
21
-3.4524180314960629
0
LINE
8
BLACK
6
CONTINUOUS
10
5.4279825984251966
20
-3.4524180314960629
11
5.427795275590551
21
-3.4514763779527557
0
LINE
8
BLACK
6
CONTINUOUS
10
5.427795275590551
20
-3.4514763779527557
11
5.427795275590551
21
-3.4229330708661418
0
LINE
8
BLACK
6
CONTINUOUS
10
5.427795275590551
20
-3.4229330708661418
11
5.4279825984251966
21
-3.4219914173228347
0
LINE
8
BLACK
6
CONTINUOUS
10
5.4279825984251966
20
-3.4219914173228347
11
5.4285159842519688
21
-3.4211931496062991
0
LINE
8
BLACK
6
CONTINUOUS
10
5.4285159842519688
20
-3.4211931496062991
11
5.4293142519685036
21
-3.4206597637795273
0
LINE
8
BLACK
6
CONTINUOUS
10
5.4293142519685036
20
-3.4206597637795273
11
5.4302559055118111
21
-3.4204724409448817
0
LINE
8
BLACK
6
CONTINUOUS
10
5.4302559055118111
20
-3.4204724409448817
11
5.4351771653543306
21
-3.4204724409448817
0
LINE
8
BLACK
6
CONTINUOUS
10
5.4351771653543306
20
-3.4204724409448817
11
5.4361188188976373
21
-3.4206597637795273
0
LINE
8
BLACK
6
CONTINUOUS
10
5.4558038582677169
20
-3.4206597637795273
11
5.4566021259842516
21
-3.4211931496062991
0
LINE
8
BLACK
6
CONTINUOUS
10
5.4566021259842516
20
-3.4211931496062991
11
5.4571355118110239
21
-3.4219914173228347
0
LINE
8
BLACK
6
CONTINUOUS
10
5.4571355118110239
20
-3.4219914173228347
11
5.4573228346456695
21
-3.4229330708661418
0
LINE
8
BLACK
6
CONTINUOUS
10
5.4573228346456695
20
-3.4229330708661418
11
5.4573228346456695
21
-3.4514763779527557
0
LINE
8
BLACK
6
CONTINUOUS
10
5.4573228346456695
20
-3.4514763779527557
11
5.4571355118110239
21
-3.4524180314960629
0
LINE
8
BLACK
6
CONTINUOUS
10
5.4571355118110239
20
-3.4524180314960629
11
5.4566021259842516
21
-3.4532162992125985
0
LINE
8
BLACK
6
CONTINUOUS
10
5.4566021259842516
20
-3.4532162992125985
11
5.4558038582677169
21
-3.4537496850393699
0
LINE
8
BLACK
6
CONTINUOUS
10
5.4558038582677169
20
-3.4537496850393699
11
5.4548622047244093
21
-3.4539370078740155
0
LINE
8
BLACK
6
CONTINUOUS
10
5.4548622047244093
20
-3.4539370078740155
11
5.4499409448818898
21
-3.4539370078740155
0
LINE
8
BLACK
6
CONTINUOUS
10
5.4499409448818898
20
-3.4539370078740155
11
5.4489992913385823
21
-3.4537496850393699
0
LINE
8
BLACK
6
CONTINUOUS
10
5.4489992913385823
20
-3.4537496850393699
11
5.4482010236220475
21
-3.4532162992125985
0
LINE
8
BLACK
6
CONTINUOUS
10
5.4482010236220475
20
-3.4532162992125985
11
5.4476676377952753
21
-3.4524180314960629
0
LINE
8
BLACK
6
CONTINUOUS
10
5.4476676377952753
20
-3.4524180314960629
11
5.4474803149606297
21
-3.4514763779527557
0
LINE
8
BLACK
6
CONTINUOUS
10
5.4474803149606297
20
-3.4514763779527557
11
5.4474803149606297
21
-3.4229330708661418
0
LINE
8
BLACK
6
CONTINUOUS
10
5.4474803149606297
20
-3.4229330708661418
11
5.4476676377952753
21
-3.4219914173228347
0
LINE
8
BLACK
6
CONTINUOUS
10
5.4476676377952753
20
-3.4219914173228347
11
5.4482010236220475
21
-3.4211931496062991
0
LINE
8
BLACK
6
CONTINUOUS
10
5.4482010236220475
20
-3.4211931496062991
11
5.4489992913385823
21
-3.4206597637795273
0
LINE
8
BLACK
6
CONTINUOUS
10
5.4489992913385823
20
-3.4206597637795273
11
5.4499409448818898
21
-3.4204724409448817
0
LINE
8
BLACK
6
CONTINUOUS
10
5.4499409448818898
20
-3.4204724409448817
11
5.4548622047244093
21
-3.4204724409448817
0
LINE
8
BLACK
6
CONTINUOUS
10
5.4548622047244093
20
-3.4204724409448817
11
5.4558038582677169
21
-3.4206597637795273
0
LINE
8
BLACK
6
CONTINUOUS
10
5.4754888976377956
20
-3.4206597637795273
11
5.4762871653543304
21
-3.4211931496062991
0
LINE
8
BLACK
6
CONTINUOUS
10
5.4762871653543304
20
-3.4211931496062991
11
5.4768205511811026
21
-3.4219914173228347
0
LINE
8
BLACK
6
CONTINUOUS
10
5.4768205511811026
20
-3.4219914173228347
11
5.4770078740157482
21
-3.4229330708661418
0
LINE
8
BLACK
6
CONTINUOUS
10
5.4770078740157482
20
-3.4229330708661418
11
5.4770078740157482
21
-3.4514763779527557
0
LINE
8
BLACK
6
CONTINUOUS
10
5.4770078740157482
20
-3.4514763779527557
11
5.4768205511811026
21
-3.4524180314960629
0
LINE
8
BLACK
6
CONTINUOUS
10
5.4768205511811026
20
-3.4524180314960629
11
5.4762871653543304
21
-3.4532162992125985
0
LINE
8
BLACK
6
CONTINUOUS
10
5.4762871653543304
20
-3.4532162992125985
11
5.4754888976377956
21
-3.4537496850393699
0
LINE
8
BLACK
6
CONTINUOUS
10
5.4754888976377956
20
-3.4537496850393699
11
5.474547244094488
21
-3.4539370078740155
0
LINE
8
BLACK
6
CONTINUOUS
10
5.474547244094488
20
-3.4539370078740155
11
5.4696259842519686
21
-3.4539370078740155
0
LINE
8
BLACK
6
CONTINUOUS
10
5.4696259842519686
20
-3.4539370078740155
11
5.468684330708661
21
-3.4537496850393699
0
LINE
8
BLACK
6
CONTINUOUS
10
5.468684330708661
20
-3.4537496850393699
11
5.4678860629921262
21
-3.4532162992125985
0
LINE
8
BLACK
6
CONTINUOUS
10
5.4678860629921262
20
-3.4532162992125985
11
5.467352677165354
21
-3.4524180314960629
0
LINE
8
BLACK
6
CONTINUOUS
10
5.467352677165354
20
-3.4524180314960629
11
5.4671653543307084
21
-3.4514763779527557
0
LINE
8
BLACK
6
CONTINUOUS
10
5.4671653543307084
20
-3.4514763779527557
11
5.4671653543307084
21
-3.4229330708661418
0
LINE
8
BLACK
6
CONTINUOUS
10
5.4671653543307084
20
-3.4229330708661418
11
5.467352677165354
21
-3.4219914173228347
0
LINE
8
BLACK
6
CONTINUOUS
10
5.467352677165354
20
-3.4219914173228347
11
5.4678860629921262
21
-3.4211931496062991
0
LINE
8
BLACK
6
CONTINUOUS
10
5.4678860629921262
20
-3.4211931496062991
11
5.468684330708661
21
-3.4206597637795273
0
LINE
8
BLACK
6
CONTINUOUS
10
5.468684330708661
20
-3.4206597637795273
11
5.4696259842519686
21
-3.4204724409448817
0
LINE
8
BLACK
6
CONTINUOUS
10
5.4696259842519686
20
-3.4204724409448817
11
5.474547244094488
21
-3.4204724409448817
0
LINE
8
BLACK
6
CONTINUOUS
10
5.474547244094488
20
-3.4204724409448817
11
5.4754888976377956
21
-3.4206597637795273
0
LINE
8
BLACK
6
CONTINUOUS
10
5.4951739370078743
20
-3.4206597637795273
11
5.4959722047244091
21
-3.4211931496062991
0
LINE
8
BLACK
6
CONTINUOUS
10
5.4959722047244091
20
-3.4211931496062991
11
5.4965055905511813
21
-3.4219914173228347
0
LINE
8
BLACK
6
CONTINUOUS
10
5.4965055905511813
20
-3.4219914173228347
11
5.4966929133858269
21
-3.4229330708661418
0
LINE
8
BLACK
6
CONTINUOUS
10
5.4966929133858269
20
-3.4229330708661418
11
5.4966929133858269
21
-3.4514763779527557
0
LINE
8
BLACK
6
CONTINUOUS
10
5.4966929133858269
20
-3.4514763779527557
11
5.4965055905511813
21
-3.4524180314960629
0
LINE
8
BLACK
6
CONTINUOUS
10
5.4965055905511813
20
-3.4524180314960629
11
5.4959722047244091
21
-3.4532162992125985
0
LINE
8
BLACK
6
CONTINUOUS
10
5.4959722047244091
20
-3.4532162992125985
11
5.4951739370078743
21
-3.4537496850393699
0
LINE
8
BLACK
6
CONTINUOUS
10
5.4951739370078743
20
-3.4537496850393699
11
5.4942322834645667
21
-3.4539370078740155
0
LINE
8
BLACK
6
CONTINUOUS
10
5.4942322834645667
20
-3.4539370078740155
11
5.4893110236220473
21
-3.4539370078740155
0
LINE
8
BLACK
6
CONTINUOUS
10
5.4893110236220473
20
-3.4539370078740155
11
5.4883693700787397
21
-3.4537496850393699
0
LINE
8
BLACK
6
CONTINUOUS
10
5.4883693700787397
20
-3.4537496850393699
11
5.4875711023622049
21
-3.4532162992125985
0
LINE
8
BLACK
6
CONTINUOUS
10
5.4875711023622049
20
-3.4532162992125985
11
5.4870377165354327
21
-3.4524180314960629
0
LINE
8
BLACK
6
CONTINUOUS
10
5.4870377165354327
20
-3.4524180314960629
11
5.4868503937007871
21
-3.4514763779527557
0
LINE
8
BLACK
6
CONTINUOUS
10
5.4868503937007871
20
-3.4514763779527557
11
5.4868503937007871
21
-3.4229330708661418
0
LINE
8
BLACK
6
CONTINUOUS
10
5.4868503937007871
20
-3.4229330708661418
11
5.4870377165354327
21
-3.4219914173228347
0
LINE
8
BLACK
6
CONTINUOUS
10
5.4870377165354327
20
-3.4219914173228347
11
5.4875711023622049
21
-3.4211931496062991
0
LINE
8
BLACK
6
CONTINUOUS
10
5.4875711023622049
20
-3.4211931496062991
11
5.4883693700787397
21
-3.4206597637795273
0
LINE
8
BLACK
6
CONTINUOUS
10
5.4883693700787397
20
-3.4206597637795273
11
5.4893110236220473
21
-3.4204724409448817
0
LINE
8
BLACK
6
CONTINUOUS
10
5.4893110236220473
20
-3.4204724409448817
11
5.4942322834645667
21
-3.4204724409448817
0
LINE
8
BLACK
6
CONTINUOUS
10
5.4942322834645667
20
-3.4204724409448817
11
5.4951739370078743
21
-3.4206597637795273
0
LINE
8
BLACK
6
CONTINUOUS
10
5.514858976377953
20
-3.4206597637795273
11
5.5156572440944878
21
-3.4211931496062991
0
LINE
8
BLACK
6
CONTINUOUS
10
5.5156572440944878
20
-3.4211931496062991
11
5.51619062992126
21
-3.4219914173228347
0
LINE
8
BLACK
6
CONTINUOUS
10
5.51619062992126
20
-3.4219914173228347
11
5.5163779527559056
21
-3.4229330708661418
0
LINE
8
BLACK
6
CONTINUOUS
10
5.5163779527559056
20
-3.4229330708661418
11
5.5163779527559056
21
-3.4514763779527557
0
LINE
8
BLACK
6
CONTINUOUS
10
5.5163779527559056
20
-3.4514763779527557
11
5.51619062992126
21
-3.4524180314960629
0
LINE
8
BLACK
6
CONTINUOUS
10
5.51619062992126
20
-3.4524180314960629
11
5.5156572440944878
21
-3.4532162992125985
0
LINE
8
BLACK
6
CONTINUOUS
10
5.5156572440944878
20
-3.4532162992125985
11
5.514858976377953
21
-3.4537496850393699
0
LINE
8
BLACK
6
CONTINUOUS
10
5.514858976377953
20
-3.4537496850393699
11
5.5139173228346454
21
-3.4539370078740155
0
LINE
8
BLACK
6
CONTINUOUS
10
5.5139173228346454
20
-3.4539370078740155
11
5.508996062992126
21
-3.4539370078740155
0
LINE
8
BLACK
6
CONTINUOUS
10
5.508996062992126
20
-3.4539370078740155
11
5.5080544094488184
21
-3.4537496850393699
0
LINE
8
BLACK
6
CONTINUOUS
10
5.5080544094488184
20
-3.4537496850393699
11
5.5072561417322836
21
-3.4532162992125985
0
LINE
8
BLACK
6
CONTINUOUS
10
5.5072561417322836
20
-3.4532162992125985
11
5.5067227559055114
21
-3.4524180314960629
0
LINE
8
BLACK
6
CONTINUOUS
10
5.5067227559055114
20
-3.4524180314960629
11
5.5065354330708658
21
-3.4514763779527557
0
LINE
8
BLACK
6
CONTINUOUS
10
5.5065354330708658
20
-3.4514763779527557
11
5.5065354330708658
21
-3.4229330708661418
0
LINE
8
BLACK
6
CONTINUOUS
10
5.5065354330708658
20
-3.4229330708661418
11
5.5067227559055114
21
-3.4219914173228347
0
LINE
8
BLACK
6
CONTINUOUS
10
5.5067227559055114
20
-3.4219914173228347
11
5.5072561417322836
21
-3.4211931496062991
0
LINE
8
BLACK
6
CONTINUOUS
10
5.5072561417322836
20
-3.4211931496062991
11
5.5080544094488184
21
-3.4206597637795273
0
LINE
8
BLACK
6
CONTINUOUS
10
5.5080544094488184
20
-3.4206597637795273
11
5.508996062992126
21
-3.4204724409448817
0
LINE
8
BLACK
6
CONTINUOUS
10
5.508996062992126
20
-3.4204724409448817
11
5.5139173228346454
21
-3.4204724409448817
0
LINE
8
BLACK
6
CONTINUOUS
10
5.5139173228346454
20
-3.4204724409448817
11
5.514858976377953
21
-3.4206597637795273
0
LINE
8
BLACK
6
CONTINUOUS
10
5.5345440157480317
20
-3.4206597637795273
11
5.5353422834645665
21
-3.4211931496062991
0
LINE
8
BLACK
6
CONTINUOUS
10
5.5353422834645665
20
-3.4211931496062991
11
5.5358756692913387
21
-3.4219914173228347
0
LINE
8
BLACK
6
CONTINUOUS
10
5.5358756692913387
20
-3.4219914173228347
11
5.5360629921259843
21
-3.4229330708661418
0
LINE
8
BLACK
6
CONTINUOUS
10
5.5360629921259843
20
-3.4229330708661418
11
5.5360629921259843
21
-3.4514763779527557
0
LINE
8
BLACK
6
CONTINUOUS
10
5.5360629921259843
20
-3.4514763779527557
11
5.5358756692913387
21
-3.4524180314960629
0
LINE
8
BLACK
6
CONTINUOUS
10
5.5358756692913387
20
-3.4524180314960629
11
5.5353422834645665
21
-3.4532162992125985
0
LINE
8
BLACK
6
CONTINUOUS
10
5.5353422834645665
20
-3.4532162992125985
11
5.5345440157480317
21
-3.4537496850393699
0
LINE
8
BLACK
6
CONTINUOUS
10
5.5345440157480317
20
-3.4537496850393699
11
5.5336023622047241
21
-3.4539370078740155
0
LINE
8
BLACK
6
CONTINUOUS
10
5.5336023622047241
20
-3.4539370078740155
11
5.5286811023622047
21
-3.4539370078740155
0
LINE
8
BLACK
6
CONTINUOUS
10
5.5286811023622047
20
-3.4539370078740155
11
5.5277394488188971
21
-3.4537496850393699
0
LINE
8
BLACK
6
CONTINUOUS
10
5.5277394488188971
20
-3.4537496850393699
11
5.5269411811023623
21
-3.4532162992125985
0
LINE
8
BLACK
6
CONTINUOUS
10
5.5269411811023623
20
-3.4532162992125985
11
5.5264077952755901
21
-3.4524180314960629
0
LINE
8
BLACK
6
CONTINUOUS
10
5.5264077952755901
20
-3.4524180314960629
11
5.5262204724409445
21
-3.4514763779527557
0
LINE
8
BLACK
6
CONTINUOUS
10
5.5262204724409445
20
-3.4514763779527557
11
5.5262204724409445
21
-3.4229330708661418
0
LINE
8
BLACK
6
CONTINUOUS
10
5.5262204724409445
20
-3.4229330708661418
11
5.5264077952755901
21
-3.4219914173228347
0
LINE
8
BLACK
6
CONTINUOUS
10
5.5264077952755901
20
-3.4219914173228347
11
5.5269411811023623
21
-3.4211931496062991
0
LINE
8
BLACK
6
CONTINUOUS
10
5.5269411811023623
20
-3.4211931496062991
11
5.5277394488188971
21
-3.4206597637795273
0
LINE
8
BLACK
6
CONTINUOUS
10
5.5277394488188971
20
-3.4206597637795273
11
5.5286811023622047
21
-3.4204724409448817
0
LINE
8
BLACK
6
CONTINUOUS
10
5.5286811023622047
20
-3.4204724409448817
11
5.5336023622047241
21
-3.4204724409448817
0
LINE
8
BLACK
6
CONTINUOUS
10
5.5336023622047241
20
-3.4204724409448817
11
5.5345440157480317
21
-3.4206597637795273
0
LINE
8
BLACK
6
CONTINUOUS
10
5.5542290551181104
20
-3.4206597637795273
11
5.5550273228346452
21
-3.4211931496062991
0
LINE
8
BLACK
6
CONTINUOUS
10
5.5550273228346452
20
-3.4211931496062991
11
5.5555607086614174
21
-3.4219914173228347
0
LINE
8
BLACK
6
CONTINUOUS
10
5.5555607086614174
20
-3.4219914173228347
11
5.555748031496063
21
-3.4229330708661418
0
LINE
8
BLACK
6
CONTINUOUS
10
5.555748031496063
20
-3.4229330708661418
11
5.555748031496063
21
-3.4514763779527557
0
LINE
8
BLACK
6
CONTINUOUS
10
5.555748031496063
20
-3.4514763779527557
11
5.5555607086614174
21
-3.4524180314960629
0
LINE
8
BLACK
6
CONTINUOUS
10
5.5555607086614174
20
-3.4524180314960629
11
5.5550273228346452
21
-3.4532162992125985
0
LINE
8
BLACK
6
CONTINUOUS
10
5.5550273228346452
20
-3.4532162992125985
11
5.5542290551181104
21
-3.4537496850393699
0
LINE
8
BLACK
6
CONTINUOUS
10
5.5542290551181104
20
-3.4537496850393699
11
5.5532874015748028
21
-3.4539370078740155
0
LINE
8
BLACK
6
CONTINUOUS
10
5.5532874015748028
20
-3.4539370078740155
11
5.5483661417322834
21
-3.4539370078740155
0
LINE
8
BLACK
6
CONTINUOUS
10
5.5483661417322834
20
-3.4539370078740155
11
5.5474244881889758
21
-3.4537496850393699
0
LINE
8
BLACK
6
CONTINUOUS
10
5.5474244881889758
20
-3.4537496850393699
11
5.546626220472441
21
-3.4532162992125985
0
LINE
8
BLACK
6
CONTINUOUS
10
5.546626220472441
20
-3.4532162992125985
11
5.5460928346456688
21
-3.4524180314960629
0
LINE
8
BLACK
6
CONTINUOUS
10
5.5460928346456688
20
-3.4524180314960629
11
5.5459055118110232
21
-3.4514763779527557
0
LINE
8
BLACK
6
CONTINUOUS
10
5.5459055118110232
20
-3.4514763779527557
11
5.5459055118110232
21
-3.4229330708661418
0
LINE
8
BLACK
6
CONTINUOUS
10
5.5459055118110232
20
-3.4229330708661418
11
5.5460928346456688
21
-3.4219914173228347
0
LINE
8
BLACK
6
CONTINUOUS
10
5.5460928346456688
20
-3.4219914173228347
11
5.546626220472441
21
-3.4211931496062991
0
LINE
8
BLACK
6
CONTINUOUS
10
5.546626220472441
20
-3.4211931496062991
11
5.5474244881889758
21
-3.4206597637795273
0
LINE
8
BLACK
6
CONTINUOUS
10
5.5474244881889758
20
-3.4206597637795273
11
5.5483661417322834
21
-3.4204724409448817
0
LINE
8
BLACK
6
CONTINUOUS
10
5.5483661417322834
20
-3.4204724409448817
11
5.5532874015748028
21
-3.4204724409448817
0
LINE
8
BLACK
6
CONTINUOUS
10
5.5532874015748028
20
-3.4204724409448817
11
5.5542290551181104
21
-3.4206597637795273
0
LINE
8
BLACK
6
CONTINUOUS
10
5.5739140944881891
20
-3.4206597637795273
11
5.5747123622047239
21
-3.4211931496062991
0
LINE
8
BLACK
6
CONTINUOUS
10
5.5747123622047239
20
-3.4211931496062991
11
5.5752457480314961
21
-3.4219914173228347
0
LINE
8
BLACK
6
CONTINUOUS
10
5.5752457480314961
20
-3.4219914173228347
11
5.5754330708661417
21
-3.4229330708661418
0
LINE
8
BLACK
6
CONTINUOUS
10
5.5754330708661417
20
-3.4229330708661418
11
5.5754330708661417
21
-3.4514763779527557
0
LINE
8
BLACK
6
CONTINUOUS
10
5.5754330708661417
20
-3.4514763779527557
11
5.5752457480314961
21
-3.4524180314960629
0
LINE
8
BLACK
6
CONTINUOUS
10
5.5752457480314961
20
-3.4524180314960629
11
5.5747123622047239
21
-3.4532162992125985
0
LINE
8
BLACK
6
CONTINUOUS
10
5.5747123622047239
20
-3.4532162992125985
11
5.5739140944881891
21
-3.4537496850393699
0
LINE
8
BLACK
6
CONTINUOUS
10
5.5739140944881891
20
-3.4537496850393699
11
5.5729724409448815
21
-3.4539370078740155
0
LINE
8
BLACK
6
CONTINUOUS
10
5.5729724409448815
20
-3.4539370078740155
11
5.5680511811023621
21
-3.4539370078740155
0
LINE
8
BLACK
6
CONTINUOUS
10
5.5680511811023621
20
-3.4539370078740155
11
5.5671095275590554
21
-3.4537496850393699
0
LINE
8
BLACK
6
CONTINUOUS
10
5.5671095275590554
20
-3.4537496850393699
11
5.5663112598425197
21
-3.4532162992125985
0
LINE
8
BLACK
6
CONTINUOUS
10
5.5663112598425197
20
-3.4532162992125985
11
5.5657778740157475
21
-3.4524180314960629
0
LINE
8
BLACK
6
CONTINUOUS
10
5.5657778740157475
20
-3.4524180314960629
11
5.5655905511811019
21
-3.4514763779527557
0
LINE
8
BLACK
6
CONTINUOUS
10
5.5655905511811019
20
-3.4514763779527557
11
5.5655905511811019
21
-3.4229330708661418
0
LINE
8
BLACK
6
CONTINUOUS
10
5.5655905511811019
20
-3.4229330708661418
11
5.5657778740157475
21
-3.4219914173228347
0
LINE
8
BLACK
6
CONTINUOUS
10
5.5657778740157475
20
-3.4219914173228347
11
5.5663112598425197
21
-3.4211931496062991
0
LINE
8
BLACK
6
CONTINUOUS
10
5.5663112598425197
20
-3.4211931496062991
11
5.5671095275590554
21
-3.4206597637795273
0
LINE
8
BLACK
6
CONTINUOUS
10
5.5671095275590554
20
-3.4206597637795273
11
5.5680511811023621
21
-3.4204724409448817
0
LINE
8
BLACK
6
CONTINUOUS
10
5.5680511811023621
20
-3.4204724409448817
11
5.5729724409448815
21
-3.4204724409448817
0
LINE
8
BLACK
6
CONTINUOUS
10
5.5729724409448815
20
-3.4204724409448817
11
5.5739140944881891
21
-3.4206597637795273
0
LINE
8
BLACK
6
CONTINUOUS
10
5.5935991338582678
20
-3.4206597637795273
11
5.5943974015748026
21
-3.4211931496062991
0
LINE
8
BLACK
6
CONTINUOUS
10
5.5943974015748026
20
-3.4211931496062991
11
5.5949307874015748
21
-3.4219914173228347
0
LINE
8
BLACK
6
CONTINUOUS
10
5.5949307874015748
20
-3.4219914173228347
11
5.5951181102362204
21
-3.4229330708661418
0
LINE
8
BLACK
6
CONTINUOUS
10
5.5951181102362204
20
-3.4229330708661418
11
5.5951181102362204
21
-3.4514763779527557
0
LINE
8
BLACK
6
CONTINUOUS
10
5.5951181102362204
20
-3.4514763779527557
11
5.5949307874015748
21
-3.4524180314960629
0
LINE
8
BLACK
6
CONTINUOUS
10
5.5949307874015748
20
-3.4524180314960629
11
5.5943974015748026
21
-3.4532162992125985
0
LINE
8
BLACK
6
CONTINUOUS
10
5.5943974015748026
20
-3.4532162992125985
11
5.5935991338582678
21
-3.4537496850393699
0
LINE
8
BLACK
6
CONTINUOUS
10
5.5935991338582678
20
-3.4537496850393699
11
5.5926574803149602
21
-3.4539370078740155
0
LINE
8
BLACK
6
CONTINUOUS
10
5.5926574803149602
20
-3.4539370078740155
11
5.5877362204724408
21
-3.4539370078740155
0
LINE
8
BLACK
6
CONTINUOUS
10
5.5877362204724408
20
-3.4539370078740155
11
5.5867945669291341
21
-3.4537496850393699
0
LINE
8
BLACK
6
CONTINUOUS
10
5.5867945669291341
20
-3.4537496850393699
11
5.5859962992125984
21
-3.4532162992125985
0
LINE
8
BLACK
6
CONTINUOUS
10
5.5859962992125984
20
-3.4532162992125985
11
5.5854629133858262
21
-3.4524180314960629
0
LINE
8
BLACK
6
CONTINUOUS
10
5.5854629133858262
20
-3.4524180314960629
11
5.5852755905511806
21
-3.4514763779527557
0
LINE
8
BLACK
6
CONTINUOUS
10
5.5852755905511806
20
-3.4514763779527557
11
5.5852755905511806
21
-3.4229330708661418
0
LINE
8
BLACK
6
CONTINUOUS
10
5.5852755905511806
20
-3.4229330708661418
11
5.5854629133858262
21
-3.4219914173228347
0
LINE
8
BLACK
6
CONTINUOUS
10
5.5854629133858262
20
-3.4219914173228347
11
5.5859962992125984
21
-3.4211931496062991
0
LINE
8
BLACK
6
CONTINUOUS
10
5.5859962992125984
20
-3.4211931496062991
11
5.5867945669291341
21
-3.4206597637795273
0
LINE
8
BLACK
6
CONTINUOUS
10
5.5867945669291341
20
-3.4206597637795273
11
5.5877362204724408
21
-3.4204724409448817
0
LINE
8
BLACK
6
CONTINUOUS
10
5.5877362204724408
20
-3.4204724409448817
11
5.5926574803149602
21
-3.4204724409448817
0
LINE
8
BLACK
6
CONTINUOUS
10
5.5926574803149602
20
-3.4204724409448817
11
5.5935991338582678
21
-3.4206597637795273
0
LINE
8
BLACK
6
CONTINUOUS
10
5.6132841732283465
20
-3.4206597637795273
11
5.6140824409448822
21
-3.4211931496062991
0
LINE
8
BLACK
6
CONTINUOUS
10
5.6140824409448822
20
-3.4211931496062991
11
5.6146158267716535
21
-3.4219914173228347
0
LINE
8
BLACK
6
CONTINUOUS
10
5.6146158267716535
20
-3.4219914173228347
11
5.6148031496062991
21
-3.4229330708661418
0
LINE
8
BLACK
6
CONTINUOUS
10
5.6148031496062991
20
-3.4229330708661418
11
5.6148031496062991
21
-3.4514763779527557
0
LINE
8
BLACK
6
CONTINUOUS
10
5.6148031496062991
20
-3.4514763779527557
11
5.6146158267716535
21
-3.4524180314960629
0
LINE
8
BLACK
6
CONTINUOUS
10
5.6146158267716535
20
-3.4524180314960629
11
5.6140824409448822
21
-3.4532162992125985
0
LINE
8
BLACK
6
CONTINUOUS
10
5.6140824409448822
20
-3.4532162992125985
11
5.6132841732283465
21
-3.4537496850393699
0
LINE
8
BLACK
6
CONTINUOUS
10
5.6132841732283465
20
-3.4537496850393699
11
5.6123425196850389
21
-3.4539370078740155
0
LINE
8
BLACK
6
CONTINUOUS
10
5.6123425196850389
20
-3.4539370078740155
11
5.6074212598425195
21
-3.4539370078740155
0
LINE
8
BLACK
6
CONTINUOUS
10
5.6074212598425195
20
-3.4539370078740155
11
5.6064796062992128
21
-3.4537496850393699
0
LINE
8
BLACK
6
CONTINUOUS
10
5.6064796062992128
20
-3.4537496850393699
11
5.6056813385826771
21
-3.4532162992125985
0
LINE
8
BLACK
6
CONTINUOUS
10
5.6056813385826771
20
-3.4532162992125985
11
5.6051479527559058
21
-3.4524180314960629
0
LINE
8
BLACK
6
CONTINUOUS
10
5.6051479527559058
20
-3.4524180314960629
11
5.6049606299212593
21
-3.4514763779527557
0
LINE
8
BLACK
6
CONTINUOUS
10
5.6049606299212593
20
-3.4514763779527557
11
5.6049606299212593
21
-3.4229330708661418
0
LINE
8
BLACK
6
CONTINUOUS
10
5.6049606299212593
20
-3.4229330708661418
11
5.6051479527559058
21
-3.4219914173228347
0
LINE
8
BLACK
6
CONTINUOUS
10
5.6051479527559058
20
-3.4219914173228347
11
5.6056813385826771
21
-3.4211931496062991
0
LINE
8
BLACK
6
CONTINUOUS
10
5.6056813385826771
20
-3.4211931496062991
11
5.6064796062992128
21
-3.4206597637795273
0
LINE
8
BLACK
6
CONTINUOUS
10
5.6064796062992128
20
-3.4206597637795273
11
5.6074212598425195
21
-3.4204724409448817
0
LINE
8
BLACK
6
CONTINUOUS
10
5.6074212598425195
20
-3.4204724409448817
11
5.6123425196850389
21
-3.4204724409448817
0
LINE
8
BLACK
6
CONTINUOUS
10
5.6123425196850389
20
-3.4204724409448817
11
5.6132841732283465
21
-3.4206597637795273
0
LINE
8
BLACK
6
CONTINUOUS
10
6.1575237795275592
20
-3.4127215354330707
11
6.1603975984251971
21
-3.4146417716535433
0
LINE
8
BLACK
6
CONTINUOUS
10
6.1603975984251971
20
-3.4146417716535433
11
6.1623178346456688
21
-3.4175155905511811
0
LINE
8
BLACK
6
CONTINUOUS
10
6.1623178346456688
20
-3.4175155905511811
11
6.1629921259842515
21
-3.4209055118110236
0
LINE
8
BLACK
6
CONTINUOUS
10
6.1629921259842515
20
-3.4209055118110236
11
6.1629921259842515
21
-3.4405905511811024
0
LINE
8
BLACK
6
CONTINUOUS
10
6.1629921259842515
20
-3.4405905511811024
11
6.1623178346456688
21
-3.4439804724409449
0
LINE
8
BLACK
6
CONTINUOUS
10
6.1623178346456688
20
-3.4439804724409449
11
6.1603975984251971
21
-3.4468542913385827
0
LINE
8
BLACK
6
CONTINUOUS
10
6.1603975984251971
20
-3.4468542913385827
11
6.1575237795275592
21
-3.4487745275590549
0
LINE
8
BLACK
6
CONTINUOUS
10
6.1575237795275592
20
-3.4487745275590549
11
6.1541338582677163
21
-3.4494488188976375
0
LINE
8
BLACK
6
CONTINUOUS
10
6.1541338582677163
20
-3.4494488188976375
11
6.1364173228346459
21
-3.4494488188976375
0
LINE
8
BLACK
6
CONTINUOUS
10
6.1364173228346459
20
-3.4494488188976375
11
6.133027401574803
21
-3.4487745275590549
0
LINE
8
BLACK
6
CONTINUOUS
10
6.133027401574803
20
-3.4487745275590549
11
6.1301535826771651
21
-3.4468542913385827
0
LINE
8
BLACK
6
CONTINUOUS
10
6.1301535826771651
20
-3.4468542913385827
11
6.1282333464566925
21
-3.4439804724409449
0
LINE
8
BLACK
6
CONTINUOUS
10
6.1282333464566925
20
-3.4439804724409449
11
6.1275590551181098
21
-3.4405905511811024
0
LINE
8
BLACK
6
CONTINUOUS
10
6.1275590551181098
20
-3.4405905511811024
11
6.1275590551181098
21
-3.4209055118110236
0
LINE
8
BLACK
6
CONTINUOUS
10
6.1275590551181098
20
-3.4209055118110236
11
6.1282333464566925
21
-3.4175155905511811
0
LINE
8
BLACK
6
CONTINUOUS
10
6.1282333464566925
20
-3.4175155905511811
11
6.1301535826771651
21
-3.4146417716535433
0
LINE
8
BLACK
6
CONTINUOUS
10
6.1301535826771651
20
-3.4146417716535433
11
6.133027401574803
21
-3.4127215354330707
0
LINE
8
BLACK
6
CONTINUOUS
10
6.133027401574803
20
-3.4127215354330707
11
6.1364173228346459
21
-3.412047244094488
0
LINE
8
BLACK
6
CONTINUOUS
10
6.1364173228346459
20
-3.412047244094488
11
6.1541338582677163
21
-3.412047244094488
0
LINE
8
BLACK
6
CONTINUOUS
10
6.1541338582677163
20
-3.412047244094488
11
6.1575237795275592
21
-3.4127215354330707
0
LINE
8
BLACK
6
CONTINUOUS
10
6.2185474015748028
20
-3.4127215354330707
11
6.2214212204724406
21
-3.4146417716535433
0
LINE
8
BLACK
6
CONTINUOUS
10
6.2214212204724406
20
-3.4146417716535433
11
6.2233414566929133
21
-3.4175155905511811
0
LINE
8
BLACK
6
CONTINUOUS
10
6.2233414566929133
20
-3.4175155905511811
11
6.2240157480314959
21
-3.4209055118110236
0
LINE
8
BLACK
6
CONTINUOUS
10
6.2240157480314959
20
-3.4209055118110236
11
6.2240157480314959
21
-3.4405905511811024
0
LINE
8
BLACK
6
CONTINUOUS
10
6.2240157480314959
20
-3.4405905511811024
11
6.2233414566929133
21
-3.4439804724409449
0
LINE
8
BLACK
6
CONTINUOUS
10
6.2233414566929133
20
-3.4439804724409449
11
6.2214212204724406
21
-3.4468542913385827
0
LINE
8
BLACK
6
CONTINUOUS
10
6.2214212204724406
20
-3.4468542913385827
11
6.2185474015748028
21
-3.4487745275590549
0
LINE
8
BLACK
6
CONTINUOUS
10
6.2185474015748028
20
-3.4487745275590549
11
6.2151574803149607
21
-3.4494488188976375
0
LINE
8
BLACK
6
CONTINUOUS
10
6.2151574803149607
20
-3.4494488188976375
11
6.1974409448818895
21
-3.4494488188976375
0
LINE
8
BLACK
6
CONTINUOUS
10
6.1974409448818895
20
-3.4494488188976375
11
6.1940510236220474
21
-3.4487745275590549
0
LINE
8
BLACK
6
CONTINUOUS
10
6.1940510236220474
20
-3.4487745275590549
11
6.1911772047244096
21
-3.4468542913385827
0
LINE
8
BLACK
6
CONTINUOUS
10
6.1911772047244096
20
-3.4468542913385827
11
6.1892569685039369
21
-3.4439804724409449
0
LINE
8
BLACK
6
CONTINUOUS
10
6.1892569685039369
20
-3.4439804724409449
11
6.1885826771653543
21
-3.4405905511811024
0
LINE
8
BLACK
6
CONTINUOUS
10
6.1885826771653543
20
-3.4405905511811024
11
6.1885826771653543
21
-3.4209055118110236
0
LINE
8
BLACK
6
CONTINUOUS
10
6.1885826771653543
20
-3.4209055118110236
11
6.1892569685039369
21
-3.4175155905511811
0
LINE
8
BLACK
6
CONTINUOUS
10
6.1892569685039369
20
-3.4175155905511811
11
6.1911772047244096
21
-3.4146417716535433
0
LINE
8
BLACK
6
CONTINUOUS
10
6.1911772047244096
20
-3.4146417716535433
11
6.1940510236220474
21
-3.4127215354330707
0
LINE
8
BLACK
6
CONTINUOUS
10
6.1940510236220474
20
-3.4127215354330707
11
6.1974409448818895
21
-3.412047244094488
0
LINE
8
BLACK
6
CONTINUOUS
10
6.1974409448818895
20
-3.412047244094488
11
6.2151574803149607
21
-3.412047244094488
0
LINE
8
BLACK
6
CONTINUOUS
10
6.2151574803149607
20
-3.412047244094488
11
6.2185474015748028
21
-3.4127215354330707
0
LINE
8
BLACK
6
CONTINUOUS
10
6.0645316535433071
20
-3.4131939763779529
11
6.067405472440945
21
-3.4151142125984251
0
LINE
8
BLACK
6
CONTINUOUS
10
6.067405472440945
20
-3.4151142125984251
11
6.0693257086614176
21
-3.4179880314960629
0
LINE
8
BLACK
6
CONTINUOUS
10
6.0693257086614176
20
-3.4179880314960629
11
6.0700000000000003
21
-3.4213779527559054
0
LINE
8
BLACK
6
CONTINUOUS
10
6.0700000000000003
20
-3.4213779527559054
11
6.0700000000000003
21
-3.4390944881889762
0
LINE
8
BLACK
6
CONTINUOUS
10
6.0700000000000003
20
-3.4390944881889762
11
6.0693257086614176
21
-3.4424844094488187
0
LINE
8
BLACK
6
CONTINUOUS
10
6.0693257086614176
20
-3.4424844094488187
11
6.067405472440945
21
-3.4453582283464566
0
LINE
8
BLACK
6
CONTINUOUS
10
6.067405472440945
20
-3.4453582283464566
11
6.0645316535433071
21
-3.4472784645669292
0
LINE
8
BLACK
6
CONTINUOUS
10
6.0645316535433071
20
-3.4472784645669292
11
6.0611417322834642
21
-3.4479527559055119
0
LINE
8
BLACK
6
CONTINUOUS
10
6.0611417322834642
20
-3.4479527559055119
11
6.0414566929133855
21
-3.4479527559055119
0
LINE
8
BLACK
6
CONTINUOUS
10
6.0414566929133855
20
-3.4479527559055119
11
6.0380667716535434
21
-3.4472784645669292
0
LINE
8
BLACK
6
CONTINUOUS
10
6.0380667716535434
20
-3.4472784645669292
11
6.0351929527559056
21
-3.4453582283464566
0
LINE
8
BLACK
6
CONTINUOUS
10
6.0351929527559056
20
-3.4453582283464566
11
6.033272716535433
21
-3.4424844094488187
0
LINE
8
BLACK
6
CONTINUOUS
10
6.033272716535433
20
-3.4424844094488187
11
6.0325984251968503
21
-3.4390944881889762
0
LINE
8
BLACK
6
CONTINUOUS
10
6.0325984251968503
20
-3.4390944881889762
11
6.0325984251968503
21
-3.4213779527559054
0
LINE
8
BLACK
6
CONTINUOUS
10
6.0325984251968503
20
-3.4213779527559054
11
6.033272716535433
21
-3.4179880314960629
0
LINE
8
BLACK
6
CONTINUOUS
10
6.033272716535433
20
-3.4179880314960629
11
6.0351929527559056
21
-3.4151142125984251
0
LINE
8
BLACK
6
CONTINUOUS
10
6.0351929527559056
20
-3.4151142125984251
11
6.0380667716535434
21
-3.4131939763779529
0
LINE
8
BLACK
6
CONTINUOUS
10
6.0380667716535434
20
-3.4131939763779529
11
6.0414566929133855
21
-3.4125196850393702
0
LINE
8
BLACK
6
CONTINUOUS
10
6.0414566929133855
20
-3.4125196850393702
11
6.0611417322834642
21
-3.4125196850393702
0
LINE
8
BLACK
6
CONTINUOUS
10
6.0611417322834642
20
-3.4125196850393702
11
6.0645316535433071
21
-3.4131939763779529
0
LINE
8
BLACK
6
CONTINUOUS
10
6.4495316535433069
20
-3.4097294094488189
11
6.4524054724409448
21
-3.4116496456692911
0
LINE
8
BLACK
6
CONTINUOUS
10
6.4524054724409448
20
-3.4116496456692911
11
6.4543257086614174
21
-3.4145234645669289
0
LINE
8
BLACK
6
CONTINUOUS
10
6.4543257086614174
20
-3.4145234645669289
11
6.4550000000000001
21
-3.4179133858267714
0
LINE
8
BLACK
6
CONTINUOUS
10
6.4550000000000001
20
-3.4179133858267714
11
6.4550000000000001
21
-3.4356299212598422
0
LINE
8
BLACK
6
CONTINUOUS
10
6.4550000000000001
20
-3.4356299212598422
11
6.4543257086614174
21
-3.4390198425196852
0
LINE
8
BLACK
6
CONTINUOUS
10
6.4543257086614174
20
-3.4390198425196852
11
6.4524054724409448
21
-3.4418936614173226
0
LINE
8
BLACK
6
CONTINUOUS
10
6.4524054724409448
20
-3.4418936614173226
11
6.4495316535433069
21
-3.4438138976377952
0
LINE
8
BLACK
6
CONTINUOUS
10
6.4495316535433069
20
-3.4438138976377952
11
6.446141732283464
21
-3.4444881889763779
0
LINE
8
BLACK
6
CONTINUOUS
10
6.446141732283464
20
-3.4444881889763779
11
6.4264566929133853
21
-3.4444881889763779
0
LINE
8
BLACK
6
CONTINUOUS
10
6.4264566929133853
20
-3.4444881889763779
11
6.4230667716535432
21
-3.4438138976377952
0
LINE
8
BLACK
6
CONTINUOUS
10
6.4230667716535432
20
-3.4438138976377952
11
6.4201929527559054
21
-3.4418936614173226
0
LINE
8
BLACK
6
CONTINUOUS
10
6.4201929527559054
20
-3.4418936614173226
11
6.4182727165354327
21
-3.4390198425196852
0
LINE
8
BLACK
6
CONTINUOUS
10
6.4182727165354327
20
-3.4390198425196852
11
6.4175984251968501
21
-3.4356299212598422
0
LINE
8
BLACK
6
CONTINUOUS
10
6.4175984251968501
20
-3.4356299212598422
11
6.4175984251968501
21
-3.4179133858267714
0
LINE
8
BLACK
6
CONTINUOUS
10
6.4175984251968501
20
-3.4179133858267714
11
6.4182727165354327
21
-3.4145234645669289
0
LINE
8
BLACK
6
CONTINUOUS
10
6.4182727165354327
20
-3.4145234645669289
11
6.4201929527559054
21
-3.4116496456692911
0
LINE
8
BLACK
6
CONTINUOUS
10
6.4201929527559054
20
-3.4116496456692911
11
6.4230667716535432
21
-3.4097294094488189
0
LINE
8
BLACK
6
CONTINUOUS
10
6.4230667716535432
20
-3.4097294094488189
11
6.4264566929133853
21
-3.4090551181102362
0
LINE
8
BLACK
6
CONTINUOUS
10
6.4264566929133853
20
-3.4090551181102362
11
6.446141732283464
21
-3.4090551181102362
0
LINE
8
BLACK
6
CONTINUOUS
10
6.446141732283464
20
-3.4090551181102362
11
6.4495316535433069
21
-3.4097294094488189
0
LINE
8
BLACK
6
CONTINUOUS
10
5.8638099606299212
20
-3.3777654724409447
11
5.8666838188976378
21
-3.3796857086614174
0
LINE
8
BLACK
6
CONTINUOUS
10
5.8666838188976378
20
-3.3796857086614174
11
5.8792112992125984
21
-3.392213188976378
0
LINE
8
BLACK
6
CONTINUOUS
10
5.8792112992125984
20
-3.392213188976378
11
5.8811315354330711
21
-3.3950870472440946
0
LINE
8
BLACK
6
CONTINUOUS
10
5.8811315354330711
20
-3.3950870472440946
11
5.8818058267716538
21
-3.3984769291338583
0
LINE
8
BLACK
6
CONTINUOUS
10
5.8818058267716538
20
-3.3984769291338583
11
5.8811315354330711
21
-3.4018668503937008
0
LINE
8
BLACK
6
CONTINUOUS
10
5.8811315354330711
20
-3.4018668503937008
11
5.8792112992125984
21
-3.4047406692913387
0
LINE
8
BLACK
6
CONTINUOUS
10
5.8792112992125984
20
-3.4047406692913387
11
5.8652918503937004
21
-3.4186601181102363
0
LINE
8
BLACK
6
CONTINUOUS
10
5.8652918503937004
20
-3.4186601181102363
11
5.8624180314960626
21
-3.4205803543307085
0
LINE
8
BLACK
6
CONTINUOUS
10
5.8624180314960626
20
-3.4205803543307085
11
5.8590281102362205
21
-3.4212546456692912
0
LINE
8
BLACK
6
CONTINUOUS
10
5.8590281102362205
20
-3.4212546456692912
11
5.8556382283464563
21
-3.4205803543307085
0
LINE
8
BLACK
6
CONTINUOUS
10
5.8556382283464563
20
-3.4205803543307085
11
5.8527643700787397
21
-3.4186601181102363
0
LINE
8
BLACK
6
CONTINUOUS
10
5.8527643700787397
20
-3.4186601181102363
11
5.8402368897637791
21
-3.4061326377952756
0
LINE
8
BLACK
6
CONTINUOUS
10
5.8402368897637791
20
-3.4061326377952756
11
5.8383166535433073
21
-3.4032587795275591
0
LINE
8
BLACK
6
CONTINUOUS
10
5.8383166535433073
20
-3.4032587795275591
11
5.8376423622047247
21
-3.3998688976377953
0
LINE
8
BLACK
6
CONTINUOUS
10
5.8376423622047247
20
-3.3998688976377953
11
5.8383166535433073
21
-3.3964789763779528
0
LINE
8
BLACK
6
CONTINUOUS
10
5.8383166535433073
20
-3.3964789763779528
11
5.8402368897637791
21
-3.393605157480315
0
LINE
8
BLACK
6
CONTINUOUS
10
5.8402368897637791
20
-3.393605157480315
11
5.8541563385826771
21
-3.3796857086614174
0
LINE
8
BLACK
6
CONTINUOUS
10
5.8541563385826771
20
-3.3796857086614174
11
5.857030157480315
21
-3.3777654724409447
0
LINE
8
BLACK
6
CONTINUOUS
10
5.857030157480315
20
-3.3777654724409447
11
5.860420078740157
21
-3.3770911811023621
0
LINE
8
BLACK
6
CONTINUOUS
10
5.860420078740157
20
-3.3770911811023621
11
5.8638099606299212
21
-3.3777654724409447
0
LINE
8
BLACK
6
CONTINUOUS
10
5.252523779527559
20
-3.3827215354330709
11
5.2553975984251968
21
-3.3846417716535431
0
LINE
8
BLACK
6
CONTINUOUS
10
5.2553975984251968
20
-3.3846417716535431
11
5.2573178346456695
21
-3.3875155905511809
0
LINE
8
BLACK
6
CONTINUOUS
10
5.2573178346456695
20
-3.3875155905511809
11
5.2579921259842521
21
-3.3909055118110234
0
LINE
8
BLACK
6
CONTINUOUS
10
5.2579921259842521
20
-3.3909055118110234
11
5.2579921259842521
21
-3.4105905511811021
0
LINE
8
BLACK
6
CONTINUOUS
10
5.2579921259842521
20
-3.4105905511811021
11
5.2573178346456695
21
-3.4139804724409446
0
LINE
8
BLACK
6
CONTINUOUS
10
5.2573178346456695
20
-3.4139804724409446
11
5.2553975984251968
21
-3.4168542913385824
0
LINE
8
BLACK
6
CONTINUOUS
10
5.2553975984251968
20
-3.4168542913385824
11
5.252523779527559
21
-3.4187745275590551
0
LINE
8
BLACK
6
CONTINUOUS
10
5.252523779527559
20
-3.4187745275590551
11
5.2491338582677161
21
-3.4194488188976377
0
LINE
8
BLACK
6
CONTINUOUS
10
5.2491338582677161
20
-3.4194488188976377
11
5.2314173228346457
21
-3.4194488188976377
0
LINE
8
BLACK
6
CONTINUOUS
10
5.2314173228346457
20
-3.4194488188976377
11
5.2280274015748027
21
-3.4187745275590551
0
LINE
8
BLACK
6
CONTINUOUS
10
5.2280274015748027
20
-3.4187745275590551
11
5.2251535826771649
21
-3.4168542913385824
0
LINE
8
BLACK
6
CONTINUOUS
10
5.2251535826771649
20
-3.4168542913385824
11
5.2232333464566931
21
-3.4139804724409446
0
LINE
8
BLACK
6
CONTINUOUS
10
5.2232333464566931
20
-3.4139804724409446
11
5.2225590551181105
21
-3.4105905511811021
0
LINE
8
BLACK
6
CONTINUOUS
10
5.2225590551181105
20
-3.4105905511811021
11
5.2225590551181105
21
-3.3909055118110234
0
LINE
8
BLACK
6
CONTINUOUS
10
5.2225590551181105
20
-3.3909055118110234
11
5.2232333464566931
21
-3.3875155905511809
0
LINE
8
BLACK
6
CONTINUOUS
10
5.2232333464566931
20
-3.3875155905511809
11
5.2251535826771649
21
-3.3846417716535431
0
LINE
8
BLACK
6
CONTINUOUS
10
5.2251535826771649
20
-3.3846417716535431
11
5.2280274015748027
21
-3.3827215354330709
0
LINE
8
BLACK
6
CONTINUOUS
10
5.2280274015748027
20
-3.3827215354330709
11
5.2314173228346457
21
-3.3820472440944882
0
LINE
8
BLACK
6
CONTINUOUS
10
5.2314173228346457
20
-3.3820472440944882
11
5.2491338582677161
21
-3.3820472440944882
0
LINE
8
BLACK
6
CONTINUOUS
10
5.2491338582677161
20
-3.3820472440944882
11
5.252523779527559
21
-3.3827215354330709
0
LINE
8
BLACK
6
CONTINUOUS
10
5.3135474015748034
20
-3.3827215354330709
11
5.3164212204724413
21
-3.3846417716535431
0
LINE
8
BLACK
6
CONTINUOUS
10
5.3164212204724413
20
-3.3846417716535431
11
5.318341456692913
21
-3.3875155905511809
0
LINE
8
BLACK
6
CONTINUOUS
10
5.318341456692913
20
-3.3875155905511809
11
5.3190157480314957
21
-3.3909055118110234
0
LINE
8
BLACK
6
CONTINUOUS
10
5.3190157480314957
20
-3.3909055118110234
11
5.3190157480314957
21
-3.4105905511811021
0
LINE
8
BLACK
6
CONTINUOUS
10
5.3190157480314957
20
-3.4105905511811021
11
5.318341456692913
21
-3.4139804724409446
0
LINE
8
BLACK
6
CONTINUOUS
10
5.318341456692913
20
-3.4139804724409446
11
5.3164212204724413
21
-3.4168542913385824
0
LINE
8
BLACK
6
CONTINUOUS
10
5.3164212204724413
20
-3.4168542913385824
11
5.3135474015748034
21
-3.4187745275590551
0
LINE
8
BLACK
6
CONTINUOUS
10
5.3135474015748034
20
-3.4187745275590551
11
5.3101574803149605
21
-3.4194488188976377
0
LINE
8
BLACK
6
CONTINUOUS
10
5.3101574803149605
20
-3.4194488188976377
11
5.2924409448818892
21
-3.4194488188976377
0
LINE
8
BLACK
6
CONTINUOUS
10
5.2924409448818892
20
-3.4194488188976377
11
5.2890510236220472
21
-3.4187745275590551
0
LINE
8
BLACK
6
CONTINUOUS
10
5.2890510236220472
20
-3.4187745275590551
11
5.2861772047244093
21
-3.4168542913385824
0
LINE
8
BLACK
6
CONTINUOUS
10
5.2861772047244093
20
-3.4168542913385824
11
5.2842569685039367
21
-3.4139804724409446
0
LINE
8
BLACK
6
CONTINUOUS
10
5.2842569685039367
20
-3.4139804724409446
11
5.283582677165354
21
-3.4105905511811021
0
LINE
8
BLACK
6
CONTINUOUS
10
5.283582677165354
20
-3.4105905511811021
11
5.283582677165354
21
-3.3909055118110234
0
LINE
8
BLACK
6
CONTINUOUS
10
5.283582677165354
20
-3.3909055118110234
11
5.2842569685039367
21
-3.3875155905511809
0
LINE
8
BLACK
6
CONTINUOUS
10
5.2842569685039367
20
-3.3875155905511809
11
5.2861772047244093
21
-3.3846417716535431
0
LINE
8
BLACK
6
CONTINUOUS
10
5.2861772047244093
20
-3.3846417716535431
11
5.2890510236220472
21
-3.3827215354330709
0
LINE
8
BLACK
6
CONTINUOUS
10
5.2890510236220472
20
-3.3827215354330709
11
5.2924409448818892
21
-3.3820472440944882
0
LINE
8
BLACK
6
CONTINUOUS
10
5.2924409448818892
20
-3.3820472440944882
11
5.3101574803149605
21
-3.3820472440944882
0
LINE
8
BLACK
6
CONTINUOUS
10
5.3101574803149605
20
-3.3820472440944882
11
5.3135474015748034
21
-3.3827215354330709
0
LINE
8
BLACK
6
CONTINUOUS
10
5.4203707874015743
20
-3.4049117322834643
11
5.42116905511811
21
-3.4054451181102361
0
LINE
8
BLACK
6
CONTINUOUS
10
5.42116905511811
20
-3.4054451181102361
11
5.4217024409448822
21
-3.4062433858267718
0
LINE
8
BLACK
6
CONTINUOUS
10
5.4217024409448822
20
-3.4062433858267718
11
5.4218897637795278
21
-3.4071850393700789
0
LINE
8
BLACK
6
CONTINUOUS
10
5.4218897637795278
20
-3.4071850393700789
11
5.4218897637795278
21
-3.4121062992125983
0
LINE
8
BLACK
6
CONTINUOUS
10
5.4218897637795278
20
-3.4121062992125983
11
5.4217024409448822
21
-3.4130479527559054
0
LINE
8
BLACK
6
CONTINUOUS
10
5.4217024409448822
20
-3.4130479527559054
11
5.42116905511811
21
-3.4138462204724407
0
LINE
8
BLACK
6
CONTINUOUS
10
5.42116905511811
20
-3.4138462204724407
11
5.4203707874015743
21
-3.4143796062992124
0
LINE
8
BLACK
6
CONTINUOUS
10
5.4203707874015743
20
-3.4143796062992124
11
5.4194291338582676
21
-3.4145669291338581
0
LINE
8
BLACK
6
CONTINUOUS
10
5.4194291338582676
20
-3.4145669291338581
11
5.3908858267716537
21
-3.4145669291338581
0
LINE
8
BLACK
6
CONTINUOUS
10
5.3908858267716537
20
-3.4145669291338581
11
5.3899441732283462
21
-3.4143796062992124
0
LINE
8
BLACK
6
CONTINUOUS
10
5.3899441732283462
20
-3.4143796062992124
11
5.3891459055118105
21
-3.4138462204724407
0
LINE
8
BLACK
6
CONTINUOUS
10
5.3891459055118105
20
-3.4138462204724407
11
5.3886125196850392
21
-3.4130479527559054
0
LINE
8
BLACK
6
CONTINUOUS
10
5.3886125196850392
20
-3.4130479527559054
11
5.3884251968503936
21
-3.4121062992125983
0
LINE
8
BLACK
6
CONTINUOUS
10
5.3884251968503936
20
-3.4121062992125983
11
5.3884251968503936
21
-3.4071850393700789
0
LINE
8
BLACK
6
CONTINUOUS
10
5.3884251968503936
20
-3.4071850393700789
11
5.3886125196850392
21
-3.4062433858267718
0
LINE
8
BLACK
6
CONTINUOUS
10
5.3886125196850392
20
-3.4062433858267718
11
5.3891459055118105
21
-3.4054451181102361
0
LINE
8
BLACK
6
CONTINUOUS
10
5.3891459055118105
20
-3.4054451181102361
11
5.3899441732283462
21
-3.4049117322834643
0
LINE
8
BLACK
6
CONTINUOUS
10
5.3899441732283462
20
-3.4049117322834643
11
5.3908858267716537
21
-3.4047244094488187
0
LINE
8
BLACK
6
CONTINUOUS
10
5.3908858267716537
20
-3.4047244094488187
11
5.4194291338582676
21
-3.4047244094488187
0
LINE
8
BLACK
6
CONTINUOUS
10
5.4194291338582676
20
-3.4047244094488187
11
5.4203707874015743
21
-3.4049117322834643
0
LINE
8
BLACK
6
CONTINUOUS
10
5.6526542519685039
20
-3.4049117322834643
11
5.6534525196850396
21
-3.4054451181102361
0
LINE
8
BLACK
6
CONTINUOUS
10
5.6534525196850396
20
-3.4054451181102361
11
5.6539859055118109
21
-3.4062433858267718
0
LINE
8
BLACK
6
CONTINUOUS
10
5.6539859055118109
20
-3.4062433858267718
11
5.6541732283464565
21
-3.4071850393700789
0
LINE
8
BLACK
6
CONTINUOUS
10
5.6541732283464565
20
-3.4071850393700789
11
5.6541732283464565
21
-3.4121062992125983
0
LINE
8
BLACK
6
CONTINUOUS
10
5.6541732283464565
20
-3.4121062992125983
11
5.6539859055118109
21
-3.4130479527559054
0
LINE
8
BLACK
6
CONTINUOUS
10
5.6539859055118109
20
-3.4130479527559054
11
5.6534525196850396
21
-3.4138462204724407
0
LINE
8
BLACK
6
CONTINUOUS
10
5.6534525196850396
20
-3.4138462204724407
11
5.6526542519685039
21
-3.4143796062992124
0
LINE
8
BLACK
6
CONTINUOUS
10
5.6526542519685039
20
-3.4143796062992124
11
5.6517125984251964
21
-3.4145669291338581
0
LINE
8
BLACK
6
CONTINUOUS
10
5.6517125984251964
20
-3.4145669291338581
11
5.6231692913385825
21
-3.4145669291338581
0
LINE
8
BLACK
6
CONTINUOUS
10
5.6231692913385825
20
-3.4145669291338581
11
5.6222276377952758
21
-3.4143796062992124
0
LINE
8
BLACK
6
CONTINUOUS
10
5.6222276377952758
20
-3.4143796062992124
11
5.6214293700787401
21
-3.4138462204724407
0
LINE
8
BLACK
6
CONTINUOUS
10
5.6214293700787401
20
-3.4138462204724407
11
5.6208959842519688
21
-3.4130479527559054
0
LINE
8
BLACK
6
CONTINUOUS
10
5.6208959842519688
20
-3.4130479527559054
11
5.6207086614173223
21
-3.4121062992125983
0
LINE
8
BLACK
6
CONTINUOUS
10
5.6207086614173223
20
-3.4121062992125983
11
5.6207086614173223
21
-3.4071850393700789
0
LINE
8
BLACK
6
CONTINUOUS
10
5.6207086614173223
20
-3.4071850393700789
11
5.6208959842519688
21
-3.4062433858267718
0
LINE
8
BLACK
6
CONTINUOUS
10
5.6208959842519688
20
-3.4062433858267718
11
5.6214293700787401
21
-3.4054451181102361
0
LINE
8
BLACK
6
CONTINUOUS
10
5.6214293700787401
20
-3.4054451181102361
11
5.6222276377952758
21
-3.4049117322834643
0
LINE
8
BLACK
6
CONTINUOUS
10
5.6222276377952758
20
-3.4049117322834643
11
5.6231692913385825
21
-3.4047244094488187
0
LINE
8
BLACK
6
CONTINUOUS
10
5.6231692913385825
20
-3.4047244094488187
11
5.6517125984251964
21
-3.4047244094488187
0
LINE
8
BLACK
6
CONTINUOUS
10
5.6517125984251964
20
-3.4047244094488187
11
5.6526542519685039
21
-3.4049117322834643
0
LINE
8
BLACK
6
CONTINUOUS
10
5.7813256299212599
20
-3.3639381889763778
11
5.7845187795275592
21
-3.3660717716535431
0
LINE
8
BLACK
6
CONTINUOUS
10
5.7845187795275592
20
-3.3660717716535431
11
5.7866523622047241
21
-3.3692649212598424
0
LINE
8
BLACK
6
CONTINUOUS
10
5.7866523622047241
20
-3.3692649212598424
11
5.7874015748031491
21
-3.3730314960629921
0
LINE
8
BLACK
6
CONTINUOUS
10
5.7874015748031491
20
-3.3730314960629921
11
5.7874015748031491
21
-3.3986220472440944
0
LINE
8
BLACK
6
CONTINUOUS
10
5.7874015748031491
20
-3.3986220472440944
11
5.7866523622047241
21
-3.4023886220472441
0
LINE
8
BLACK
6
CONTINUOUS
10
5.7866523622047241
20
-3.4023886220472441
11
5.7845187795275592
21
-3.405581771653543
0
LINE
8
BLACK
6
CONTINUOUS
10
5.7845187795275592
20
-3.405581771653543
11
5.7813256299212599
21
-3.4077153543307084
0
LINE
8
BLACK
6
CONTINUOUS
10
5.7813256299212599
20
-3.4077153543307084
11
5.7775590551181102
21
-3.4084645669291338
0
LINE
8
BLACK
6
CONTINUOUS
10
5.7775590551181102
20
-3.4084645669291338
11
5.7421259842519685
21
-3.4084645669291338
0
LINE
8
BLACK
6
CONTINUOUS
10
5.7421259842519685
20
-3.4084645669291338
11
5.7383594094488188
21
-3.4077153543307084
0
LINE
8
BLACK
6
CONTINUOUS
10
5.7383594094488188
20
-3.4077153543307084
11
5.7351662598425195
21
-3.405581771653543
0
LINE
8
BLACK
6
CONTINUOUS
10
5.7351662598425195
20
-3.405581771653543
11
5.7330326771653546
21
-3.4023886220472441
0
LINE
8
BLACK
6
CONTINUOUS
10
5.7330326771653546
20
-3.4023886220472441
11
5.7322834645669287
21
-3.3986220472440944
0
LINE
8
BLACK
6
CONTINUOUS
10
5.7322834645669287
20
-3.3986220472440944
11
5.7322834645669287
21
-3.3730314960629921
0
LINE
8
BLACK
6
CONTINUOUS
10
5.7322834645669287
20
-3.3730314960629921
11
5.7330326771653546
21
-3.3692649212598424
0
LINE
8
BLACK
6
CONTINUOUS
10
5.7330326771653546
20
-3.3692649212598424
11
5.7351662598425195
21
-3.3660717716535431
0
LINE
8
BLACK
6
CONTINUOUS
10
5.7351662598425195
20
-3.3660717716535431
11
5.7383594094488188
21
-3.3639381889763778
0
LINE
8
BLACK
6
CONTINUOUS
10
5.7383594094488188
20
-3.3639381889763778
11
5.7421259842519685
21
-3.3631889763779528
0
LINE
8
BLACK
6
CONTINUOUS
10
5.7421259842519685
20
-3.3631889763779528
11
5.7775590551181102
21
-3.3631889763779528
0
LINE
8
BLACK
6
CONTINUOUS
10
5.7775590551181102
20
-3.3631889763779528
11
5.7813256299212599
21
-3.3639381889763778
0
LINE
8
BLACK
6
CONTINUOUS
10
5.4825777165354328
20
-3.3703818110236221
11
5.4855473228346456
21
-3.3723660629921257
0
LINE
8
BLACK
6
CONTINUOUS
10
5.4855473228346456
20
-3.3723660629921257
11
5.4875315748031497
21
-3.3753356692913385
0
LINE
8
BLACK
6
CONTINUOUS
10
5.4875315748031497
20
-3.3753356692913385
11
5.488228346456693
21
-3.3788385826771652
0
LINE
8
BLACK
6
CONTINUOUS
10
5.488228346456693
20
-3.3788385826771652
11
5.488228346456693
21
-3.3971456692913384
0
LINE
8
BLACK
6
CONTINUOUS
10
5.488228346456693
20
-3.3971456692913384
11
5.4875315748031497
21
-3.4006485826771651
0
LINE
8
BLACK
6
CONTINUOUS
10
5.4875315748031497
20
-3.4006485826771651
11
5.4855473228346456
21
-3.4036181889763779
0
LINE
8
BLACK
6
CONTINUOUS
10
5.4855473228346456
20
-3.4036181889763779
11
5.4825777165354328
21
-3.405602440944882
0
LINE
8
BLACK
6
CONTINUOUS
10
5.4825777165354328
20
-3.405602440944882
11
5.4790748031496062
21
-3.4062992125984253
0
LINE
8
BLACK
6
CONTINUOUS
10
5.4790748031496062
20
-3.4062992125984253
11
5.4556496062992128
21
-3.4062992125984253
0
LINE
8
BLACK
6
CONTINUOUS
10
5.4556496062992128
20
-3.4062992125984253
11
5.4521466929133853
21
-3.405602440944882
0
LINE
8
BLACK
6
CONTINUOUS
10
5.4521466929133853
20
-3.405602440944882
11
5.4491770866141733
21
-3.4036181889763779
0
LINE
8
BLACK
6
CONTINUOUS
10
5.4491770866141733
20
-3.4036181889763779
11
5.4471928346456693
21
-3.4006485826771651
0
LINE
8
BLACK
6
CONTINUOUS
10
5.4471928346456693
20
-3.4006485826771651
11
5.446496062992126
21
-3.3971456692913384
0
LINE
8
BLACK
6
CONTINUOUS
10
5.446496062992126
20
-3.3971456692913384
11
5.446496062992126
21
-3.3788385826771652
0
LINE
8
BLACK
6
CONTINUOUS
10
5.446496062992126
20
-3.3788385826771652
11
5.4471928346456693
21
-3.3753356692913385
0
LINE
8
BLACK
6
CONTINUOUS
10
5.4471928346456693
20
-3.3753356692913385
11
5.4491770866141733
21
-3.3723660629921257
0
LINE
8
BLACK
6
CONTINUOUS
10
5.4491770866141733
20
-3.3723660629921257
11
5.4521466929133853
21
-3.3703818110236221
0
LINE
8
BLACK
6
CONTINUOUS
10
5.4521466929133853
20
-3.3703818110236221
11
5.4556496062992128
21
-3.3696850393700788
0
LINE
8
BLACK
6
CONTINUOUS
10
5.4556496062992128
20
-3.3696850393700788
11
5.4790748031496062
21
-3.3696850393700788
0
LINE
8
BLACK
6
CONTINUOUS
10
5.4790748031496062
20
-3.3696850393700788
11
5.4825777165354328
21
-3.3703818110236221
0
LINE
8
BLACK
6
CONTINUOUS
10
5.5365147244094484
20
-3.3703818110236221
11
5.5394843307086612
21
-3.3723660629921257
0
LINE
8
BLACK
6
CONTINUOUS
10
5.5394843307086612
20
-3.3723660629921257
11
5.5414685826771652
21
-3.3753356692913385
0
LINE
8
BLACK
6
CONTINUOUS
10
5.5414685826771652
20
-3.3753356692913385
11
5.5421653543307086
21
-3.3788385826771652
0
LINE
8
BLACK
6
CONTINUOUS
10
5.5421653543307086
20
-3.3788385826771652
11
5.5421653543307086
21
-3.3971456692913384
0
LINE
8
BLACK
6
CONTINUOUS
10
5.5421653543307086
20
-3.3971456692913384
11
5.5414685826771652
21
-3.4006485826771651
0
LINE
8
BLACK
6
CONTINUOUS
10
5.5414685826771652
20
-3.4006485826771651
11
5.5394843307086612
21
-3.4036181889763779
0
LINE
8
BLACK
6
CONTINUOUS
10
5.5394843307086612
20
-3.4036181889763779
11
5.5365147244094484
21
-3.405602440944882
0
LINE
8
BLACK
6
CONTINUOUS
10
5.5365147244094484
20
-3.405602440944882
11
5.5330118110236217
21
-3.4062992125984253
0
LINE
8
BLACK
6
CONTINUOUS
10
5.5330118110236217
20
-3.4062992125984253
11
5.5095866141732284
21
-3.4062992125984253
0
LINE
8
BLACK
6
CONTINUOUS
10
5.5095866141732284
20
-3.4062992125984253
11
5.5060837007874017
21
-3.405602440944882
0
LINE
8
BLACK
6
CONTINUOUS
10
5.5060837007874017
20
-3.405602440944882
11
5.5031140944881889
21
-3.4036181889763779
0
LINE
8
BLACK
6
CONTINUOUS
10
5.5031140944881889
20
-3.4036181889763779
11
5.5011298425196848
21
-3.4006485826771651
0
LINE
8
BLACK
6
CONTINUOUS
10
5.5011298425196848
20
-3.4006485826771651
11
5.5004330708661415
21
-3.3971456692913384
0
LINE
8
BLACK
6
CONTINUOUS
10
5.5004330708661415
20
-3.3971456692913384
11
5.5004330708661415
21
-3.3788385826771652
0
LINE
8
BLACK
6
CONTINUOUS
10
5.5004330708661415
20
-3.3788385826771652
11
5.5011298425196848
21
-3.3753356692913385
0
LINE
8
BLACK
6
CONTINUOUS
10
5.5011298425196848
20
-3.3753356692913385
11
5.5031140944881889
21
-3.3723660629921257
0
LINE
8
BLACK
6
CONTINUOUS
10
5.5031140944881889
20
-3.3723660629921257
11
5.5060837007874017
21
-3.3703818110236221
0
LINE
8
BLACK
6
CONTINUOUS
10
5.5060837007874017
20
-3.3703818110236221
11
5.5095866141732284
21
-3.3696850393700788
0
LINE
8
BLACK
6
CONTINUOUS
10
5.5095866141732284
20
-3.3696850393700788
11
5.5330118110236217
21
-3.3696850393700788
0
LINE
8
BLACK
6
CONTINUOUS
10
5.5330118110236217
20
-3.3696850393700788
11
5.5365147244094484
21
-3.3703818110236221
0
LINE
8
BLACK
6
CONTINUOUS
10
5.5904517322834648
20
-3.3703818110236221
11
5.5934213385826768
21
-3.3723660629921257
0
LINE
8
BLACK
6
CONTINUOUS
10
5.5934213385826768
20
-3.3723660629921257
11
5.5954055905511808
21
-3.3753356692913385
0
LINE
8
BLACK
6
CONTINUOUS
10
5.5954055905511808
20
-3.3753356692913385
11
5.5961023622047241
21
-3.3788385826771652
0
LINE
8
BLACK
6
CONTINUOUS
10
5.5961023622047241
20
-3.3788385826771652
11
5.5961023622047241
21
-3.3971456692913384
0
LINE
8
BLACK
6
CONTINUOUS
10
5.5961023622047241
20
-3.3971456692913384
11
5.5954055905511808
21
-3.4006485826771651
0
LINE
8
BLACK
6
CONTINUOUS
10
5.5954055905511808
20
-3.4006485826771651
11
5.5934213385826768
21
-3.4036181889763779
0
LINE
8
BLACK
6
CONTINUOUS
10
5.5934213385826768
20
-3.4036181889763779
11
5.5904517322834648
21
-3.405602440944882
0
LINE
8
BLACK
6
CONTINUOUS
10
5.5904517322834648
20
-3.405602440944882
11
5.5869488188976373
21
-3.4062992125984253
0
LINE
8
BLACK
6
CONTINUOUS
10
5.5869488188976373
20
-3.4062992125984253
11
5.5635236220472439
21
-3.4062992125984253
0
LINE
8
BLACK
6
CONTINUOUS
10
5.5635236220472439
20
-3.4062992125984253
11
5.5600207086614173
21
-3.405602440944882
0
LINE
8
BLACK
6
CONTINUOUS
10
5.5600207086614173
20
-3.405602440944882
11
5.5570511023622045
21
-3.4036181889763779
0
LINE
8
BLACK
6
CONTINUOUS
10
5.5570511023622045
20
-3.4036181889763779
11
5.5550668503937004
21
-3.4006485826771651
0
LINE
8
BLACK
6
CONTINUOUS
10
5.5550668503937004
20
-3.4006485826771651
11
5.5543700787401571
21
-3.3971456692913384
0
LINE
8
BLACK
6
CONTINUOUS
10
5.5543700787401571
20
-3.3971456692913384
11
5.5543700787401571
21
-3.3788385826771652
0
LINE
8
BLACK
6
CONTINUOUS
10
5.5543700787401571
20
-3.3788385826771652
11
5.5550668503937004
21
-3.3753356692913385
0
LINE
8
BLACK
6
CONTINUOUS
10
5.5550668503937004
20
-3.3753356692913385
11
5.5570511023622045
21
-3.3723660629921257
0
LINE
8
BLACK
6
CONTINUOUS
10
5.5570511023622045
20
-3.3723660629921257
11
5.5600207086614173
21
-3.3703818110236221
0
LINE
8
BLACK
6
CONTINUOUS
10
5.5600207086614173
20
-3.3703818110236221
11
5.5635236220472439
21
-3.3696850393700788
0
LINE
8
BLACK
6
CONTINUOUS
10
5.5635236220472439
20
-3.3696850393700788
11
5.5869488188976373
21
-3.3696850393700788
0
LINE
8
BLACK
6
CONTINUOUS
10
5.5869488188976373
20
-3.3696850393700788
11
5.5904517322834648
21
-3.3703818110236221
0
LINE
8
BLACK
6
CONTINUOUS
10
5.4203707874015743
20
-3.3852266929133856
11
5.42116905511811
21
-3.3857600787401574
0
LINE
8
BLACK
6
CONTINUOUS
10
5.42116905511811
20
-3.3857600787401574
11
5.4217024409448822
21
-3.3865583464566926
0
LINE
8
BLACK
6
CONTINUOUS
10
5.4217024409448822
20
-3.3865583464566926
11
5.4218897637795278
21
-3.3874999999999997
0
LINE
8
BLACK
6
CONTINUOUS
10
5.4218897637795278
20
-3.3874999999999997
11
5.4218897637795278
21
-3.3924212598425196
0
LINE
8
BLACK
6
CONTINUOUS
10
5.4218897637795278
20
-3.3924212598425196
11
5.4217024409448822
21
-3.3933629133858267
0
LINE
8
BLACK
6
CONTINUOUS
10
5.4217024409448822
20
-3.3933629133858267
11
5.42116905511811
21
-3.394161181102362
0
LINE
8
BLACK
6
CONTINUOUS
10
5.42116905511811
20
-3.394161181102362
11
5.4203707874015743
21
-3.3946945669291337
0
LINE
8
BLACK
6
CONTINUOUS
10
5.4203707874015743
20
-3.3946945669291337
11
5.4194291338582676
21
-3.3948818897637794
0
LINE
8
BLACK
6
CONTINUOUS
10
5.4194291338582676
20
-3.3948818897637794
11
5.3908858267716537
21
-3.3948818897637794
0
LINE
8
BLACK
6
CONTINUOUS
10
5.3908858267716537
20
-3.3948818897637794
11
5.3899441732283462
21
-3.3946945669291337
0
LINE
8
BLACK
6
CONTINUOUS
10
5.3899441732283462
20
-3.3946945669291337
11
5.3891459055118105
21
-3.394161181102362
0
LINE
8
BLACK
6
CONTINUOUS
10
5.3891459055118105
20
-3.394161181102362
11
5.3886125196850392
21
-3.3933629133858267
0
LINE
8
BLACK
6
CONTINUOUS
10
5.3886125196850392
20
-3.3933629133858267
11
5.3884251968503936
21
-3.3924212598425196
0
LINE
8
BLACK
6
CONTINUOUS
10
5.3884251968503936
20
-3.3924212598425196
11
5.3884251968503936
21
-3.3874999999999997
0
LINE
8
BLACK
6
CONTINUOUS
10
5.3884251968503936
20
-3.3874999999999997
11
5.3886125196850392
21
-3.3865583464566926
0
LINE
8
BLACK
6
CONTINUOUS
10
5.3886125196850392
20
-3.3865583464566926
11
5.3891459055118105
21
-3.3857600787401574
0
LINE
8
BLACK
6
CONTINUOUS
10
5.3891459055118105
20
-3.3857600787401574
11
5.3899441732283462
21
-3.3852266929133856
0
LINE
8
BLACK
6
CONTINUOUS
10
5.3899441732283462
20
-3.3852266929133856
11
5.3908858267716537
21
-3.38503937007874
0
LINE
8
BLACK
6
CONTINUOUS
10
5.3908858267716537
20
-3.38503937007874
11
5.4194291338582676
21
-3.38503937007874
0
LINE
8
BLACK
6
CONTINUOUS
10
5.4194291338582676
20
-3.38503937007874
11
5.4203707874015743
21
-3.3852266929133856
0
LINE
8
BLACK
6
CONTINUOUS
10
5.6526542519685039
20
-3.3852266929133856
11
5.6534525196850396
21
-3.3857600787401574
0
LINE
8
BLACK
6
CONTINUOUS
10
5.6534525196850396
20
-3.3857600787401574
11
5.6539859055118109
21
-3.3865583464566926
0
LINE
8
BLACK
6
CONTINUOUS
10
5.6539859055118109
20
-3.3865583464566926
11
5.6541732283464565
21
-3.3874999999999997
0
LINE
8
BLACK
6
CONTINUOUS
10
5.6541732283464565
20
-3.3874999999999997
11
5.6541732283464565
21
-3.3924212598425196
0
LINE
8
BLACK
6
CONTINUOUS
10
5.6541732283464565
20
-3.3924212598425196
11
5.6539859055118109
21
-3.3933629133858267
0
LINE
8
BLACK
6
CONTINUOUS
10
5.6539859055118109
20
-3.3933629133858267
11
5.6534525196850396
21
-3.394161181102362
0
LINE
8
BLACK
6
CONTINUOUS
10
5.6534525196850396
20
-3.394161181102362
11
5.6526542519685039
21
-3.3946945669291337
0
LINE
8
BLACK
6
CONTINUOUS
10
5.6526542519685039
20
-3.3946945669291337
11
5.6517125984251964
21
-3.3948818897637794
0
LINE
8
BLACK
6
CONTINUOUS
10
5.6517125984251964
20
-3.3948818897637794
11
5.6231692913385825
21
-3.3948818897637794
0
LINE
8
BLACK
6
CONTINUOUS
10
5.6231692913385825
20
-3.3948818897637794
11
5.6222276377952758
21
-3.3946945669291337
0
LINE
8
BLACK
6
CONTINUOUS
10
5.6222276377952758
20
-3.3946945669291337
11
5.6214293700787401
21
-3.394161181102362
0
LINE
8
BLACK
6
CONTINUOUS
10
5.6214293700787401
20
-3.394161181102362
11
5.6208959842519688
21
-3.3933629133858267
0
LINE
8
BLACK
6
CONTINUOUS
10
5.6208959842519688
20
-3.3933629133858267
11
5.6207086614173223
21
-3.3924212598425196
0
LINE
8
BLACK
6
CONTINUOUS
10
5.6207086614173223
20
-3.3924212598425196
11
5.6207086614173223
21
-3.3874999999999997
0
LINE
8
BLACK
6
CONTINUOUS
10
5.6207086614173223
20
-3.3874999999999997
11
5.6208959842519688
21
-3.3865583464566926
0
LINE
8
BLACK
6
CONTINUOUS
10
5.6208959842519688
20
-3.3865583464566926
11
5.6214293700787401
21
-3.3857600787401574
0
LINE
8
BLACK
6
CONTINUOUS
10
5.6214293700787401
20
-3.3857600787401574
11
5.6222276377952758
21
-3.3852266929133856
0
LINE
8
BLACK
6
CONTINUOUS
10
5.6222276377952758
20
-3.3852266929133856
11
5.6231692913385825
21
-3.38503937007874
0
LINE
8
BLACK
6
CONTINUOUS
10
5.6231692913385825
20
-3.38503937007874
11
5.6517125984251964
21
-3.38503937007874
0
LINE
8
BLACK
6
CONTINUOUS
10
5.6517125984251964
20
-3.38503937007874
11
5.6526542519685039
21
-3.3852266929133856
0
LINE
8
BLACK
6
CONTINUOUS
10
6.4495316535433069
20
-3.3487057874015749
11
6.4524054724409448
21
-3.3506260236220471
0
LINE
8
BLACK
6
CONTINUOUS
10
6.4524054724409448
20
-3.3506260236220471
11
6.4543257086614174
21
-3.3534998425196849
0
LINE
8
BLACK
6
CONTINUOUS
10
6.4543257086614174
20
-3.3534998425196849
11
6.4550000000000001
21
-3.3568897637795274
0
LINE
8
BLACK
6
CONTINUOUS
10
6.4550000000000001
20
-3.3568897637795274
11
6.4550000000000001
21
-3.3746062992125982
0
LINE
8
BLACK
6
CONTINUOUS
10
6.4550000000000001
20
-3.3746062992125982
11
6.4543257086614174
21
-3.3779962204724407
0
LINE
8
BLACK
6
CONTINUOUS
10
6.4543257086614174
20
-3.3779962204724407
11
6.4524054724409448
21
-3.3808700393700786
0
LINE
8
BLACK
6
CONTINUOUS
10
6.4524054724409448
20
-3.3808700393700786
11
6.4495316535433069
21
-3.3827902755905512
0
LINE
8
BLACK
6
CONTINUOUS
10
6.4495316535433069
20
-3.3827902755905512
11
6.446141732283464
21
-3.3834645669291339
0
LINE
8
BLACK
6
CONTINUOUS
10
6.446141732283464
20
-3.3834645669291339
11
6.4264566929133853
21
-3.3834645669291339
0
LINE
8
BLACK
6
CONTINUOUS
10
6.4264566929133853
20
-3.3834645669291339
11
6.4230667716535432
21
-3.3827902755905512
0
LINE
8
BLACK
6
CONTINUOUS
10
6.4230667716535432
20
-3.3827902755905512
11
6.4201929527559054
21
-3.3808700393700786
0
LINE
8
BLACK
6
CONTINUOUS
10
6.4201929527559054
20
-3.3808700393700786
11
6.4182727165354327
21
-3.3779962204724407
0
LINE
8
BLACK
6
CONTINUOUS
10
6.4182727165354327
20
-3.3779962204724407
11
6.4175984251968501
21
-3.3746062992125982
0
LINE
8
BLACK
6
CONTINUOUS
10
6.4175984251968501
20
-3.3746062992125982
11
6.4175984251968501
21
-3.3568897637795274
0
LINE
8
BLACK
6
CONTINUOUS
10
6.4175984251968501
20
-3.3568897637795274
11
6.4182727165354327
21
-3.3534998425196849
0
LINE
8
BLACK
6
CONTINUOUS
10
6.4182727165354327
20
-3.3534998425196849
11
6.4201929527559054
21
-3.3506260236220471
0
LINE
8
BLACK
6
CONTINUOUS
10
6.4201929527559054
20
-3.3506260236220471
11
6.4230667716535432
21
-3.3487057874015749
0
LINE
8
BLACK
6
CONTINUOUS
10
6.4230667716535432
20
-3.3487057874015749
11
6.4264566929133853
21
-3.3480314960629922
0
LINE
8
BLACK
6
CONTINUOUS
10
6.4264566929133853
20
-3.3480314960629922
11
6.446141732283464
21
-3.3480314960629922
0
LINE
8
BLACK
6
CONTINUOUS
10
6.446141732283464
20
-3.3480314960629922
11
6.4495316535433069
21
-3.3487057874015749
0
LINE
8
BLACK
6
CONTINUOUS
10
6.0131102362204727
20
-3.3801968503937005
11
5.9894881889763782
21
-3.3801968503937005
0
LINE
8
BLACK
6
CONTINUOUS
10
5.9894881889763782
20
-3.3801968503937005
11
5.9894881889763782
21
-3.3211417322834644
0
LINE
8
BLACK
6
CONTINUOUS
10
5.9894881889763782
20
-3.3211417322834644
11
6.0131102362204727
21
-3.3211417322834644
0
LINE
8
BLACK
6
CONTINUOUS
10
6.0131102362204727
20
-3.3211417322834644
11
6.0131102362204727
21
-3.3801968503937005
0
LINE
8
BLACK
6
CONTINUOUS
10
6.0631102362204725
20
-3.3801968503937005
11
6.0394881889763781
21
-3.3801968503937005
0
LINE
8
BLACK
6
CONTINUOUS
10
6.0394881889763781
20
-3.3801968503937005
11
6.0394881889763781
21
-3.3211417322834644
0
LINE
8
BLACK
6
CONTINUOUS
10
6.0394881889763781
20
-3.3211417322834644
11
6.0631102362204725
21
-3.3211417322834644
0
LINE
8
BLACK
6
CONTINUOUS
10
6.0631102362204725
20
-3.3211417322834644
11
6.0631102362204725
21
-3.3801968503937005
0
LINE
8
BLACK
6
CONTINUOUS
10
6.1131102362204723
20
-3.3801968503937005
11
6.0894881889763779
21
-3.3801968503937005
0
LINE
8
BLACK
6
CONTINUOUS
10
6.0894881889763779
20
-3.3801968503937005
11
6.0894881889763779
21
-3.3211417322834644
0
LINE
8
BLACK
6
CONTINUOUS
10
6.0894881889763779
20
-3.3211417322834644
11
6.1131102362204723
21
-3.3211417322834644
0
LINE
8
BLACK
6
CONTINUOUS
10
6.1131102362204723
20
-3.3211417322834644
11
6.1131102362204723
21
-3.3801968503937005
0
LINE
8
BLACK
6
CONTINUOUS
10
5.4203707874015743
20
-3.3655416535433069
11
5.42116905511811
21
-3.3660750393700787
0
LINE
8
BLACK
6
CONTINUOUS
10
5.42116905511811
20
-3.3660750393700787
11
5.4217024409448822
21
-3.3668733070866139
0
LINE
8
BLACK
6
CONTINUOUS
10
5.4217024409448822
20
-3.3668733070866139
11
5.4218897637795278
21
-3.367814960629921
0
LINE
8
BLACK
6
CONTINUOUS
10
5.4218897637795278
20
-3.367814960629921
11
5.4218897637795278
21
-3.3727362204724409
0
LINE
8
BLACK
6
CONTINUOUS
10
5.4218897637795278
20
-3.3727362204724409
11
5.4217024409448822
21
-3.373677874015748
0
LINE
8
BLACK
6
CONTINUOUS
10
5.4217024409448822
20
-3.373677874015748
11
5.42116905511811
21
-3.3744761417322833
0
LINE
8
BLACK
6
CONTINUOUS
10
5.42116905511811
20
-3.3744761417322833
11
5.4203707874015743
21
-3.375009527559055
0
LINE
8
BLACK
6
CONTINUOUS
10
5.4203707874015743
20
-3.375009527559055
11
5.4194291338582676
21
-3.3751968503937007
0
LINE
8
BLACK
6
CONTINUOUS
10
5.4194291338582676
20
-3.3751968503937007
11
5.3908858267716537
21
-3.3751968503937007
0
LINE
8
BLACK
6
CONTINUOUS
10
5.3908858267716537
20
-3.3751968503937007
11
5.3899441732283462
21
-3.375009527559055
0
LINE
8
BLACK
6
CONTINUOUS
10
5.3899441732283462
20
-3.375009527559055
11
5.3891459055118105
21
-3.3744761417322833
0
LINE
8
BLACK
6
CONTINUOUS
10
5.3891459055118105
20
-3.3744761417322833
11
5.3886125196850392
21
-3.373677874015748
0
LINE
8
BLACK
6
CONTINUOUS
10
5.3886125196850392
20
-3.373677874015748
11
5.3884251968503936
21
-3.3727362204724409
0
LINE
8
BLACK
6
CONTINUOUS
10
5.3884251968503936
20
-3.3727362204724409
11
5.3884251968503936
21
-3.367814960629921
0
LINE
8
BLACK
6
CONTINUOUS
10
5.3884251968503936
20
-3.367814960629921
11
5.3886125196850392
21
-3.3668733070866139
0
LINE
8
BLACK
6
CONTINUOUS
10
5.3886125196850392
20
-3.3668733070866139
11
5.3891459055118105
21
-3.3660750393700787
0
LINE
8
BLACK
6
CONTINUOUS
10
5.3891459055118105
20
-3.3660750393700787
11
5.3899441732283462
21
-3.3655416535433069
0
LINE
8
BLACK
6
CONTINUOUS
10
5.3899441732283462
20
-3.3655416535433069
11
5.3908858267716537
21
-3.3653543307086613
0
LINE
8
BLACK
6
CONTINUOUS
10
5.3908858267716537
20
-3.3653543307086613
11
5.4194291338582676
21
-3.3653543307086613
0
LINE
8
BLACK
6
CONTINUOUS
10
5.4194291338582676
20
-3.3653543307086613
11
5.4203707874015743
21
-3.3655416535433069
0
LINE
8
BLACK
6
CONTINUOUS
10
5.6526542519685039
20
-3.3655416535433069
11
5.6534525196850396
21
-3.3660750393700787
0
LINE
8
BLACK
6
CONTINUOUS
10
5.6534525196850396
20
-3.3660750393700787
11
5.6539859055118109
21
-3.3668733070866139
0
LINE
8
BLACK
6
CONTINUOUS
10
5.6539859055118109
20
-3.3668733070866139
11
5.6541732283464565
21
-3.367814960629921
0
LINE
8
BLACK
6
CONTINUOUS
10
5.6541732283464565
20
-3.367814960629921
11
5.6541732283464565
21
-3.3727362204724409
0
LINE
8
BLACK
6
CONTINUOUS
10
5.6541732283464565
20
-3.3727362204724409
11
5.6539859055118109
21
-3.373677874015748
0
LINE
8
BLACK
6
CONTINUOUS
10
5.6539859055118109
20
-3.373677874015748
11
5.6534525196850396
21
-3.3744761417322833
0
LINE
8
BLACK
6
CONTINUOUS
10
5.6534525196850396
20
-3.3744761417322833
11
5.6526542519685039
21
-3.375009527559055
0
LINE
8
BLACK
6
CONTINUOUS
10
5.6526542519685039
20
-3.375009527559055
11
5.6517125984251964
21
-3.3751968503937007
0
LINE
8
BLACK
6
CONTINUOUS
10
5.6517125984251964
20
-3.3751968503937007
11
5.6231692913385825
21
-3.3751968503937007
0
LINE
8
BLACK
6
CONTINUOUS
10
5.6231692913385825
20
-3.3751968503937007
11
5.6222276377952758
21
-3.375009527559055
0
LINE
8
BLACK
6
CONTINUOUS
10
5.6222276377952758
20
-3.375009527559055
11
5.6214293700787401
21
-3.3744761417322833
0
LINE
8
BLACK
6
CONTINUOUS
10
5.6214293700787401
20
-3.3744761417322833
11
5.6208959842519688
21
-3.373677874015748
0
LINE
8
BLACK
6
CONTINUOUS
10
5.6208959842519688
20
-3.373677874015748
11
5.6207086614173223
21
-3.3727362204724409
0
LINE
8
BLACK
6
CONTINUOUS
10
5.6207086614173223
20
-3.3727362204724409
11
5.6207086614173223
21
-3.367814960629921
0
LINE
8
BLACK
6
CONTINUOUS
10
5.6207086614173223
20
-3.367814960629921
11
5.6208959842519688
21
-3.3668733070866139
0
LINE
8
BLACK
6
CONTINUOUS
10
5.6208959842519688
20
-3.3668733070866139
11
5.6214293700787401
21
-3.3660750393700787
0
LINE
8
BLACK
6
CONTINUOUS
10
5.6214293700787401
20
-3.3660750393700787
11
5.6222276377952758
21
-3.3655416535433069
0
LINE
8
BLACK
6
CONTINUOUS
10
5.6222276377952758
20
-3.3655416535433069
11
5.6231692913385825
21
-3.3653543307086613
0
LINE
8
BLACK
6
CONTINUOUS
10
5.6231692913385825
20
-3.3653543307086613
11
5.6517125984251964
21
-3.3653543307086613
0
LINE
8
BLACK
6
CONTINUOUS
10
5.6517125984251964
20
-3.3653543307086613
11
5.6526542519685039
21
-3.3655416535433069
0
LINE
8
BLACK
6
CONTINUOUS
10
5.4825777165354328
20
-3.3231377165354332
11
5.4855473228346456
21
-3.3251219685039368
0
LINE
8
BLACK
6
CONTINUOUS
10
5.4855473228346456
20
-3.3251219685039368
11
5.4875315748031497
21
-3.3280915748031497
0
LINE
8
BLACK
6
CONTINUOUS
10
5.4875315748031497
20
-3.3280915748031497
11
5.488228346456693
21
-3.3315944881889763
0
LINE
8
BLACK
6
CONTINUOUS
10
5.488228346456693
20
-3.3315944881889763
11
5.488228346456693
21
-3.3499015748031495
0
LINE
8
BLACK
6
CONTINUOUS
10
5.488228346456693
20
-3.3499015748031495
11
5.4875315748031497
21
-3.3534044881889762
0
LINE
8
BLACK
6
CONTINUOUS
10
5.4875315748031497
20
-3.3534044881889762
11
5.4855473228346456
21
-3.356374094488189
0
LINE
8
BLACK
6
CONTINUOUS
10
5.4855473228346456
20
-3.356374094488189
11
5.4825777165354328
21
-3.3583583464566926
0
LINE
8
BLACK
6
CONTINUOUS
10
5.4825777165354328
20
-3.3583583464566926
11
5.4790748031496062
21
-3.3590551181102359
0
LINE
8
BLACK
6
CONTINUOUS
10
5.4790748031496062
20
-3.3590551181102359
11
5.4556496062992128
21
-3.3590551181102359
0
LINE
8
BLACK
6
CONTINUOUS
10
5.4556496062992128
20
-3.3590551181102359
11
5.4521466929133853
21
-3.3583583464566926
0
LINE
8
BLACK
6
CONTINUOUS
10
5.4521466929133853
20
-3.3583583464566926
11
5.4491770866141733
21
-3.356374094488189
0
LINE
8
BLACK
6
CONTINUOUS
10
5.4491770866141733
20
-3.356374094488189
11
5.4471928346456693
21
-3.3534044881889762
0
LINE
8
BLACK
6
CONTINUOUS
10
5.4471928346456693
20
-3.3534044881889762
11
5.446496062992126
21
-3.3499015748031495
0
LINE
8
BLACK
6
CONTINUOUS
10
5.446496062992126
20
-3.3499015748031495
11
5.446496062992126
21
-3.3315944881889763
0
LINE
8
BLACK
6
CONTINUOUS
10
5.446496062992126
20
-3.3315944881889763
11
5.4471928346456693
21
-3.3280915748031497
0
LINE
8
BLACK
6
CONTINUOUS
10
5.4471928346456693
20
-3.3280915748031497
11
5.4491770866141733
21
-3.3251219685039368
0
LINE
8
BLACK
6
CONTINUOUS
10
5.4491770866141733
20
-3.3251219685039368
11
5.4521466929133853
21
-3.3231377165354332
0
LINE
8
BLACK
6
CONTINUOUS
10
5.4521466929133853
20
-3.3231377165354332
11
5.4556496062992128
21
-3.3224409448818899
0
LINE
8
BLACK
6
CONTINUOUS
10
5.4556496062992128
20
-3.3224409448818899
11
5.4790748031496062
21
-3.3224409448818899
0
LINE
8
BLACK
6
CONTINUOUS
10
5.4790748031496062
20
-3.3224409448818899
11
5.4825777165354328
21
-3.3231377165354332
0
LINE
8
BLACK
6
CONTINUOUS
10
5.5365147244094484
20
-3.3231377165354332
11
5.5394843307086612
21
-3.3251219685039368
0
LINE
8
BLACK
6
CONTINUOUS
10
5.5394843307086612
20
-3.3251219685039368
11
5.5414685826771652
21
-3.3280915748031497
0
LINE
8
BLACK
6
CONTINUOUS
10
5.5414685826771652
20
-3.3280915748031497
11
5.5421653543307086
21
-3.3315944881889763
0
LINE
8
BLACK
6
CONTINUOUS
10
5.5421653543307086
20
-3.3315944881889763
11
5.5421653543307086
21
-3.3499015748031495
0
LINE
8
BLACK
6
CONTINUOUS
10
5.5421653543307086
20
-3.3499015748031495
11
5.5414685826771652
21
-3.3534044881889762
0
LINE
8
BLACK
6
CONTINUOUS
10
5.5414685826771652
20
-3.3534044881889762
11
5.5394843307086612
21
-3.356374094488189
0
LINE
8
BLACK
6
CONTINUOUS
10
5.5394843307086612
20
-3.356374094488189
11
5.5365147244094484
21
-3.3583583464566926
0
LINE
8
BLACK
6
CONTINUOUS
10
5.5365147244094484
20
-3.3583583464566926
11
5.5330118110236217
21
-3.3590551181102359
0
LINE
8
BLACK
6
CONTINUOUS
10
5.5330118110236217
20
-3.3590551181102359
11
5.5095866141732284
21
-3.3590551181102359
0
LINE
8
BLACK
6
CONTINUOUS
10
5.5095866141732284
20
-3.3590551181102359
11
5.5060837007874017
21
-3.3583583464566926
0
LINE
8
BLACK
6
CONTINUOUS
10
5.5060837007874017
20
-3.3583583464566926
11
5.5031140944881889
21
-3.356374094488189
0
LINE
8
BLACK
6
CONTINUOUS
10
5.5031140944881889
20
-3.356374094488189
11
5.5011298425196848
21
-3.3534044881889762
0
LINE
8
BLACK
6
CONTINUOUS
10
5.5011298425196848
20
-3.3534044881889762
11
5.5004330708661415
21
-3.3499015748031495
0
LINE
8
BLACK
6
CONTINUOUS
10
5.5004330708661415
20
-3.3499015748031495
11
5.5004330708661415
21
-3.3315944881889763
0
LINE
8
BLACK
6
CONTINUOUS
10
5.5004330708661415
20
-3.3315944881889763
11
5.5011298425196848
21
-3.3280915748031497
0
LINE
8
BLACK
6
CONTINUOUS
10
5.5011298425196848
20
-3.3280915748031497
11
5.5031140944881889
21
-3.3251219685039368
0
LINE
8
BLACK
6
CONTINUOUS
10
5.5031140944881889
20
-3.3251219685039368
11
5.5060837007874017
21
-3.3231377165354332
0
LINE
8
BLACK
6
CONTINUOUS
10
5.5060837007874017
20
-3.3231377165354332
11
5.5095866141732284
21
-3.3224409448818899
0
LINE
8
BLACK
6
CONTINUOUS
10
5.5095866141732284
20
-3.3224409448818899
11
5.5330118110236217
21
-3.3224409448818899
0
LINE
8
BLACK
6
CONTINUOUS
10
5.5330118110236217
20
-3.3224409448818899
11
5.5365147244094484
21
-3.3231377165354332
0
LINE
8
BLACK
6
CONTINUOUS
10
5.5904517322834648
20
-3.3231377165354332
11
5.5934213385826768
21
-3.3251219685039368
0
LINE
8
BLACK
6
CONTINUOUS
10
5.5934213385826768
20
-3.3251219685039368
11
5.5954055905511808
21
-3.3280915748031497
0
LINE
8
BLACK
6
CONTINUOUS
10
5.5954055905511808
20
-3.3280915748031497
11
5.5961023622047241
21
-3.3315944881889763
0
LINE
8
BLACK
6
CONTINUOUS
10
5.5961023622047241
20
-3.3315944881889763
11
5.5961023622047241
21
-3.3499015748031495
0
LINE
8
BLACK
6
CONTINUOUS
10
5.5961023622047241
20
-3.3499015748031495
11
5.5954055905511808
21
-3.3534044881889762
0
LINE
8
BLACK
6
CONTINUOUS
10
5.5954055905511808
20
-3.3534044881889762
11
5.5934213385826768
21
-3.356374094488189
0
LINE
8
BLACK
6
CONTINUOUS
10
5.5934213385826768
20
-3.356374094488189
11
5.5904517322834648
21
-3.3583583464566926
0
LINE
8
BLACK
6
CONTINUOUS
10
5.5904517322834648
20
-3.3583583464566926
11
5.5869488188976373
21
-3.3590551181102359
0
LINE
8
BLACK
6
CONTINUOUS
10
5.5869488188976373
20
-3.3590551181102359
11
5.5635236220472439
21
-3.3590551181102359
0
LINE
8
BLACK
6
CONTINUOUS
10
5.5635236220472439
20
-3.3590551181102359
11
5.5600207086614173
21
-3.3583583464566926
0
LINE
8
BLACK
6
CONTINUOUS
10
5.5600207086614173
20
-3.3583583464566926
11
5.5570511023622045
21
-3.356374094488189
0
LINE
8
BLACK
6
CONTINUOUS
10
5.5570511023622045
20
-3.356374094488189
11
5.5550668503937004
21
-3.3534044881889762
0
LINE
8
BLACK
6
CONTINUOUS
10
5.5550668503937004
20
-3.3534044881889762
11
5.5543700787401571
21
-3.3499015748031495
0
LINE
8
BLACK
6
CONTINUOUS
10
5.5543700787401571
20
-3.3499015748031495
11
5.5543700787401571
21
-3.3315944881889763
0
LINE
8
BLACK
6
CONTINUOUS
10
5.5543700787401571
20
-3.3315944881889763
11
5.5550668503937004
21
-3.3280915748031497
0
LINE
8
BLACK
6
CONTINUOUS
10
5.5550668503937004
20
-3.3280915748031497
11
5.5570511023622045
21
-3.3251219685039368
0
LINE
8
BLACK
6
CONTINUOUS
10
5.5570511023622045
20
-3.3251219685039368
11
5.5600207086614173
21
-3.3231377165354332
0
LINE
8
BLACK
6
CONTINUOUS
10
5.5600207086614173
20
-3.3231377165354332
11
5.5635236220472439
21
-3.3224409448818899
0
LINE
8
BLACK
6
CONTINUOUS
10
5.5635236220472439
20
-3.3224409448818899
11
5.5869488188976373
21
-3.3224409448818899
0
LINE
8
BLACK
6
CONTINUOUS
10
5.5869488188976373
20
-3.3224409448818899
11
5.5904517322834648
21
-3.3231377165354332
0
LINE
8
BLACK
6
CONTINUOUS
10
5.4203707874015743
20
-3.3458566141732282
11
5.42116905511811
21
-3.34639
0
LINE
8
BLACK
6
CONTINUOUS
10
5.42116905511811
20
-3.34639
11
5.4217024409448822
21
-3.3471882677165352
0
LINE
8
BLACK
6
CONTINUOUS
10
5.4217024409448822
20
-3.3471882677165352
11
5.4218897637795278
21
-3.3481299212598423
0
LINE
8
BLACK
6
CONTINUOUS
10
5.4218897637795278
20
-3.3481299212598423
11
5.4218897637795278
21
-3.3530511811023622
0
LINE
8
BLACK
6
CONTINUOUS
10
5.4218897637795278
20
-3.3530511811023622
11
5.4217024409448822
21
-3.3539928346456693
0
LINE
8
BLACK
6
CONTINUOUS
10
5.4217024409448822
20
-3.3539928346456693
11
5.42116905511811
21
-3.3547911023622046
0
LINE
8
BLACK
6
CONTINUOUS
10
5.42116905511811
20
-3.3547911023622046
11
5.4203707874015743
21
-3.3553244881889763
0
LINE
8
BLACK
6
CONTINUOUS
10
5.4203707874015743
20
-3.3553244881889763
11
5.4194291338582676
21
-3.3555118110236219
0
LINE
8
BLACK
6
CONTINUOUS
10
5.4194291338582676
20
-3.3555118110236219
11
5.3908858267716537
21
-3.3555118110236219
0
LINE
8
BLACK
6
CONTINUOUS
10
5.3908858267716537
20
-3.3555118110236219
11
5.3899441732283462
21
-3.3553244881889763
0
LINE
8
BLACK
6
CONTINUOUS
10
5.3899441732283462
20
-3.3553244881889763
11
5.3891459055118105
21
-3.3547911023622046
0
LINE
8
BLACK
6
CONTINUOUS
10
5.3891459055118105
20
-3.3547911023622046
11
5.3886125196850392
21
-3.3539928346456693
0
LINE
8
BLACK
6
CONTINUOUS
10
5.3886125196850392
20
-3.3539928346456693
11
5.3884251968503936
21
-3.3530511811023622
0
LINE
8
BLACK
6
CONTINUOUS
10
5.3884251968503936
20
-3.3530511811023622
11
5.3884251968503936
21
-3.3481299212598423
0
LINE
8
BLACK
6
CONTINUOUS
10
5.3884251968503936
20
-3.3481299212598423
11
5.3886125196850392
21
-3.3471882677165352
0
LINE
8
BLACK
6
CONTINUOUS
10
5.3886125196850392
20
-3.3471882677165352
11
5.3891459055118105
21
-3.34639
0
LINE
8
BLACK
6
CONTINUOUS
10
5.3891459055118105
20
-3.34639
11
5.3899441732283462
21
-3.3458566141732282
0
LINE
8
BLACK
6
CONTINUOUS
10
5.3899441732283462
20
-3.3458566141732282
11
5.3908858267716537
21
-3.3456692913385826
0
LINE
8
BLACK
6
CONTINUOUS
10
5.3908858267716537
20
-3.3456692913385826
11
5.4194291338582676
21
-3.3456692913385826
0
LINE
8
BLACK
6
CONTINUOUS
10
5.4194291338582676
20
-3.3456692913385826
11
5.4203707874015743
21
-3.3458566141732282
0
LINE
8
BLACK
6
CONTINUOUS
10
5.6526542519685039
20
-3.3458566141732282
11
5.6534525196850396
21
-3.34639
0
LINE
8
BLACK
6
CONTINUOUS
10
5.6534525196850396
20
-3.34639
11
5.6539859055118109
21
-3.3471882677165352
0
LINE
8
BLACK
6
CONTINUOUS
10
5.6539859055118109
20
-3.3471882677165352
11
5.6541732283464565
21
-3.3481299212598423
0
LINE
8
BLACK
6
CONTINUOUS
10
5.6541732283464565
20
-3.3481299212598423
11
5.6541732283464565
21
-3.3530511811023622
0
LINE
8
BLACK
6
CONTINUOUS
10
5.6541732283464565
20
-3.3530511811023622
11
5.6539859055118109
21
-3.3539928346456693
0
LINE
8
BLACK
6
CONTINUOUS
10
5.6539859055118109
20
-3.3539928346456693
11
5.6534525196850396
21
-3.3547911023622046
0
LINE
8
BLACK
6
CONTINUOUS
10
5.6534525196850396
20
-3.3547911023622046
11
5.6526542519685039
21
-3.3553244881889763
0
LINE
8
BLACK
6
CONTINUOUS
10
5.6526542519685039
20
-3.3553244881889763
11
5.6517125984251964
21
-3.3555118110236219
0
LINE
8
BLACK
6
CONTINUOUS
10
5.6517125984251964
20
-3.3555118110236219
11
5.6231692913385825
21
-3.3555118110236219
0
LINE
8
BLACK
6
CONTINUOUS
10
5.6231692913385825
20
-3.3555118110236219
11
5.6222276377952758
21
-3.3553244881889763
0
LINE
8
BLACK
6
CONTINUOUS
10
5.6222276377952758
20
-3.3553244881889763
11
5.6214293700787401
21
-3.3547911023622046
0
LINE
8
BLACK
6
CONTINUOUS
10
5.6214293700787401
20
-3.3547911023622046
11
5.6208959842519688
21
-3.3539928346456693
0
LINE
8
BLACK
6
CONTINUOUS
10
5.6208959842519688
20
-3.3539928346456693
11
5.6207086614173223
21
-3.3530511811023622
0
LINE
8
BLACK
6
CONTINUOUS
10
5.6207086614173223
20
-3.3530511811023622
11
5.6207086614173223
21
-3.3481299212598423
0
LINE
8
BLACK
6
CONTINUOUS
10
5.6207086614173223
20
-3.3481299212598423
11
5.6208959842519688
21
-3.3471882677165352
0
LINE
8
BLACK
6
CONTINUOUS
10
5.6208959842519688
20
-3.3471882677165352
11
5.6214293700787401
21
-3.34639
0
LINE
8
BLACK
6
CONTINUOUS
10
5.6214293700787401
20
-3.34639
11
5.6222276377952758
21
-3.3458566141732282
0
LINE
8
BLACK
6
CONTINUOUS
10
5.6222276377952758
20
-3.3458566141732282
11
5.6231692913385825
21
-3.3456692913385826
0
LINE
8
BLACK
6
CONTINUOUS
10
5.6231692913385825
20
-3.3456692913385826
11
5.6517125984251964
21
-3.3456692913385826
0
LINE
8
BLACK
6
CONTINUOUS
10
5.6517125984251964
20
-3.3456692913385826
11
5.6526542519685039
21
-3.3458566141732282
0
LINE
8
BLACK
6
CONTINUOUS
10
5.4203707874015743
20
-3.3261715748031495
11
5.42116905511811
21
-3.3267049606299213
0
LINE
8
BLACK
6
CONTINUOUS
10
5.42116905511811
20
-3.3267049606299213
11
5.4217024409448822
21
-3.3275032283464565
0
LINE
8
BLACK
6
CONTINUOUS
10
5.4217024409448822
20
-3.3275032283464565
11
5.4218897637795278
21
-3.3284448818897636
0
LINE
8
BLACK
6
CONTINUOUS
10
5.4218897637795278
20
-3.3284448818897636
11
5.4218897637795278
21
-3.3333661417322835
0
LINE
8
BLACK
6
CONTINUOUS
10
5.4218897637795278
20
-3.3333661417322835
11
5.4217024409448822
21
-3.3343077952755906
0
LINE
8
BLACK
6
CONTINUOUS
10
5.4217024409448822
20
-3.3343077952755906
11
5.42116905511811
21
-3.3351060629921259
0
LINE
8
BLACK
6
CONTINUOUS
10
5.42116905511811
20
-3.3351060629921259
11
5.4203707874015743
21
-3.3356394488188976
0
LINE
8
BLACK
6
CONTINUOUS
10
5.4203707874015743
20
-3.3356394488188976
11
5.4194291338582676
21
-3.3358267716535432
0
LINE
8
BLACK
6
CONTINUOUS
10
5.4194291338582676
20
-3.3358267716535432
11
5.3908858267716537
21
-3.3358267716535432
0
LINE
8
BLACK
6
CONTINUOUS
10
5.3908858267716537
20
-3.3358267716535432
11
5.3899441732283462
21
-3.3356394488188976
0
LINE
8
BLACK
6
CONTINUOUS
10
5.3899441732283462
20
-3.3356394488188976
11
5.3891459055118105
21
-3.3351060629921259
0
LINE
8
BLACK
6
CONTINUOUS
10
5.3891459055118105
20
-3.3351060629921259
11
5.3886125196850392
21
-3.3343077952755906
0
LINE
8
BLACK
6
CONTINUOUS
10
5.3886125196850392
20
-3.3343077952755906
11
5.3884251968503936
21
-3.3333661417322835
0
LINE
8
BLACK
6
CONTINUOUS
10
5.3884251968503936
20
-3.3333661417322835
11
5.3884251968503936
21
-3.3284448818897636
0
LINE
8
BLACK
6
CONTINUOUS
10
5.3884251968503936
20
-3.3284448818897636
11
5.3886125196850392
21
-3.3275032283464565
0
LINE
8
BLACK
6
CONTINUOUS
10
5.3886125196850392
20
-3.3275032283464565
11
5.3891459055118105
21
-3.3267049606299213
0
LINE
8
BLACK
6
CONTINUOUS
10
5.3891459055118105
20
-3.3267049606299213
11
5.3899441732283462
21
-3.3261715748031495
0
LINE
8
BLACK
6
CONTINUOUS
10
5.3899441732283462
20
-3.3261715748031495
11
5.3908858267716537
21
-3.3259842519685039
0
LINE
8
BLACK
6
CONTINUOUS
10
5.3908858267716537
20
-3.3259842519685039
11
5.4194291338582676
21
-3.3259842519685039
0
LINE
8
BLACK
6
CONTINUOUS
10
5.4194291338582676
20
-3.3259842519685039
11
5.4203707874015743
21
-3.3261715748031495
0
LINE
8
BLACK
6
CONTINUOUS
10
5.6526542519685039
20
-3.3261715748031495
11
5.6534525196850396
21
-3.3267049606299213
0
LINE
8
BLACK
6
CONTINUOUS
10
5.6534525196850396
20
-3.3267049606299213
11
5.6539859055118109
21
-3.3275032283464565
0
LINE
8
BLACK
6
CONTINUOUS
10
5.6539859055118109
20
-3.3275032283464565
11
5.6541732283464565
21
-3.3284448818897636
0
LINE
8
BLACK
6
CONTINUOUS
10
5.6541732283464565
20
-3.3284448818897636
11
5.6541732283464565
21
-3.3333661417322835
0
LINE
8
BLACK
6
CONTINUOUS
10
5.6541732283464565
20
-3.3333661417322835
11
5.6539859055118109
21
-3.3343077952755906
0
LINE
8
BLACK
6
CONTINUOUS
10
5.6539859055118109
20
-3.3343077952755906
11
5.6534525196850396
21
-3.3351060629921259
0
LINE
8
BLACK
6
CONTINUOUS
10
5.6534525196850396
20
-3.3351060629921259
11
5.6526542519685039
21
-3.3356394488188976
0
LINE
8
BLACK
6
CONTINUOUS
10
5.6526542519685039
20
-3.3356394488188976
11
5.6517125984251964
21
-3.3358267716535432
0
LINE
8
BLACK
6
CONTINUOUS
10
5.6517125984251964
20
-3.3358267716535432
11
5.6231692913385825
21
-3.3358267716535432
0
LINE
8
BLACK
6
CONTINUOUS
10
5.6231692913385825
20
-3.3358267716535432
11
5.6222276377952758
21
-3.3356394488188976
0
LINE
8
BLACK
6
CONTINUOUS
10
5.6222276377952758
20
-3.3356394488188976
11
5.6214293700787401
21
-3.3351060629921259
0
LINE
8
BLACK
6
CONTINUOUS
10
5.6214293700787401
20
-3.3351060629921259
11
5.6208959842519688
21
-3.3343077952755906
0
LINE
8
BLACK
6
CONTINUOUS
10
5.6208959842519688
20
-3.3343077952755906
11
5.6207086614173223
21
-3.3333661417322835
0
LINE
8
BLACK
6
CONTINUOUS
10
5.6207086614173223
20
-3.3333661417322835
11
5.6207086614173223
21
-3.3284448818897636
0
LINE
8
BLACK
6
CONTINUOUS
10
5.6207086614173223
20
-3.3284448818897636
11
5.6208959842519688
21
-3.3275032283464565
0
LINE
8
BLACK
6
CONTINUOUS
10
5.6208959842519688
20
-3.3275032283464565
11
5.6214293700787401
21
-3.3267049606299213
0
LINE
8
BLACK
6
CONTINUOUS
10
5.6214293700787401
20
-3.3267049606299213
11
5.6222276377952758
21
-3.3261715748031495
0
LINE
8
BLACK
6
CONTINUOUS
10
5.6222276377952758
20
-3.3261715748031495
11
5.6231692913385825
21
-3.3259842519685039
0
LINE
8
BLACK
6
CONTINUOUS
10
5.6231692913385825
20
-3.3259842519685039
11
5.6517125984251964
21
-3.3259842519685039
0
LINE
8
BLACK
6
CONTINUOUS
10
5.6517125984251964
20
-3.3259842519685039
11
5.6526542519685039
21
-3.3261715748031495
0
LINE
8
BLACK
6
CONTINUOUS
10
5.7547823228346457
20
-3.2851980314960629
11
5.7579754724409451
21
-3.2873316141732283
0
LINE
8
BLACK
6
CONTINUOUS
10
5.7579754724409451
20
-3.2873316141732283
11
5.76010905511811
21
-3.2905247637795276
0
LINE
8
BLACK
6
CONTINUOUS
10
5.76010905511811
20
-3.2905247637795276
11
5.760858267716535
21
-3.2942913385826773
0
LINE
8
BLACK
6
CONTINUOUS
10
5.760858267716535
20
-3.2942913385826773
11
5.760858267716535
21
-3.3198818897637796
0
LINE
8
BLACK
6
CONTINUOUS
10
5.760858267716535
20
-3.3198818897637796
11
5.76010905511811
21
-3.3236484645669289
0
LINE
8
BLACK
6
CONTINUOUS
10
5.76010905511811
20
-3.3236484645669289
11
5.7579754724409451
21
-3.3268416141732282
0
LINE
8
BLACK
6
CONTINUOUS
10
5.7579754724409451
20
-3.3268416141732282
11
5.7547823228346457
21
-3.3289751968503936
0
LINE
8
BLACK
6
CONTINUOUS
10
5.7547823228346457
20
-3.3289751968503936
11
5.7510157480314961
21
-3.329724409448819
0
LINE
8
BLACK
6
CONTINUOUS
10
5.7510157480314961
20
-3.329724409448819
11
5.7155826771653544
21
-3.329724409448819
0
LINE
8
BLACK
6
CONTINUOUS
10
5.7155826771653544
20
-3.329724409448819
11
5.7118161023622047
21
-3.3289751968503936
0
LINE
8
BLACK
6
CONTINUOUS
10
5.7118161023622047
20
-3.3289751968503936
11
5.7086229527559054
21
-3.3268416141732282
0
LINE
8
BLACK
6
CONTINUOUS
10
5.7086229527559054
20
-3.3268416141732282
11
5.7064893700787405
21
-3.3236484645669289
0
LINE
8
BLACK
6
CONTINUOUS
10
5.7064893700787405
20
-3.3236484645669289
11
5.7057401574803146
21
-3.3198818897637796
0
LINE
8
BLACK
6
CONTINUOUS
10
5.7057401574803146
20
-3.3198818897637796
11
5.7057401574803146
21
-3.2942913385826773
0
LINE
8
BLACK
6
CONTINUOUS
10
5.7057401574803146
20
-3.2942913385826773
11
5.7064893700787405
21
-3.2905247637795276
0
LINE
8
BLACK
6
CONTINUOUS
10
5.7064893700787405
20
-3.2905247637795276
11
5.7086229527559054
21
-3.2873316141732283
0
LINE
8
BLACK
6
CONTINUOUS
10
5.7086229527559054
20
-3.2873316141732283
11
5.7118161023622047
21
-3.2851980314960629
0
LINE
8
BLACK
6
CONTINUOUS
10
5.7118161023622047
20
-3.2851980314960629
11
5.7155826771653544
21
-3.2844488188976375
0
LINE
8
BLACK
6
CONTINUOUS
10
5.7155826771653544
20
-3.2844488188976375
11
5.7510157480314961
21
-3.2844488188976375
0
LINE
8
BLACK
6
CONTINUOUS
10
5.7510157480314961
20
-3.2844488188976375
11
5.7547823228346457
21
-3.2851980314960629
0
LINE
8
BLACK
6
CONTINUOUS
10
5.3251392519685039
20
-3.2955993700787403
11
5.3276937401574802
21
-3.2973062598425198
0
LINE
8
BLACK
6
CONTINUOUS
10
5.3276937401574802
20
-3.2973062598425198
11
5.3294006299212597
21
-3.2998607480314961
0
LINE
8
BLACK
6
CONTINUOUS
10
5.3294006299212597
20
-3.2998607480314961
11
5.3300000000000001
21
-3.3028740157480314
0
LINE
8
BLACK
6
CONTINUOUS
10
5.3300000000000001
20
-3.3028740157480314
11
5.3300000000000001
21
-3.3186220472440944
0
LINE
8
BLACK
6
CONTINUOUS
10
5.3300000000000001
20
-3.3186220472440944
11
5.3294006299212597
21
-3.3216353149606297
0
LINE
8
BLACK
6
CONTINUOUS
10
5.3294006299212597
20
-3.3216353149606297
11
5.3276937401574802
21
-3.3241898031496064
0
LINE
8
BLACK
6
CONTINUOUS
10
5.3276937401574802
20
-3.3241898031496064
11
5.3251392519685039
21
-3.325896692913386
0
LINE
8
BLACK
6
CONTINUOUS
10
5.3251392519685039
20
-3.325896692913386
11
5.3221259842519686
21
-3.3264960629921259
0
LINE
8
BLACK
6
CONTINUOUS
10
5.3221259842519686
20
-3.3264960629921259
11
5.3004724409448816
21
-3.3264960629921259
0
LINE
8
BLACK
6
CONTINUOUS
10
5.3004724409448816
20
-3.3264960629921259
11
5.2974591732283463
21
-3.325896692913386
0
LINE
8
BLACK
6
CONTINUOUS
10
5.2974591732283463
20
-3.325896692913386
11
5.29490468503937
21
-3.3241898031496064
0
LINE
8
BLACK
6
CONTINUOUS
10
5.29490468503937
20
-3.3241898031496064
11
5.2931977952755904
21
-3.3216353149606297
0
LINE
8
BLACK
6
CONTINUOUS
10
5.2931977952755904
20
-3.3216353149606297
11
5.2925984251968501
21
-3.3186220472440944
0
LINE
8
BLACK
6
CONTINUOUS
10
5.2925984251968501
20
-3.3186220472440944
11
5.2925984251968501
21
-3.3028740157480314
0
LINE
8
BLACK
6
CONTINUOUS
10
5.2925984251968501
20
-3.3028740157480314
11
5.2931977952755904
21
-3.2998607480314961
0
LINE
8
BLACK
6
CONTINUOUS
10
5.2931977952755904
20
-3.2998607480314961
11
5.29490468503937
21
-3.2973062598425198
0
LINE
8
BLACK
6
CONTINUOUS
10
5.29490468503937
20
-3.2973062598425198
11
5.2974591732283463
21
-3.2955993700787403
0
LINE
8
BLACK
6
CONTINUOUS
10
5.2974591732283463
20
-3.2955993700787403
11
5.3004724409448816
21
-3.2949999999999999
0
LINE
8
BLACK
6
CONTINUOUS
10
5.3004724409448816
20
-3.2949999999999999
11
5.3221259842519686
21
-3.2949999999999999
0
LINE
8
BLACK
6
CONTINUOUS
10
5.3221259842519686
20
-3.2949999999999999
11
5.3251392519685039
21
-3.2955993700787403
0
LINE
8
BLACK
6
CONTINUOUS
10
5.8430355905511808
20
-3.2827215354330708
11
5.8459094094488186
21
-3.2846417716535434
0
LINE
8
BLACK
6
CONTINUOUS
10
5.8459094094488186
20
-3.2846417716535434
11
5.8478296456692913
21
-3.2875155905511808
0
LINE
8
BLACK
6
CONTINUOUS
10
5.8478296456692913
20
-3.2875155905511808
11
5.848503937007874
21
-3.2909055118110238
0
LINE
8
BLACK
6
CONTINUOUS
10
5.848503937007874
20
-3.2909055118110238
11
5.848503937007874
21
-3.3105905511811025
0
LINE
8
BLACK
6
CONTINUOUS
10
5.848503937007874
20
-3.3105905511811025
11
5.8478296456692913
21
-3.313980472440945
0
LINE
8
BLACK
6
CONTINUOUS
10
5.8478296456692913
20
-3.313980472440945
11
5.8459094094488186
21
-3.3168542913385828
0
LINE
8
BLACK
6
CONTINUOUS
10
5.8459094094488186
20
-3.3168542913385828
11
5.8430355905511808
21
-3.318774527559055
0
LINE
8
BLACK
6
CONTINUOUS
10
5.8430355905511808
20
-3.318774527559055
11
5.8396456692913388
21
-3.3194488188976377
0
LINE
8
BLACK
6
CONTINUOUS
10
5.8396456692913388
20
-3.3194488188976377
11
5.8219291338582675
21
-3.3194488188976377
0
LINE
8
BLACK
6
CONTINUOUS
10
5.8219291338582675
20
-3.3194488188976377
11
5.8185392125984254
21
-3.318774527559055
0
LINE
8
BLACK
6
CONTINUOUS
10
5.8185392125984254
20
-3.318774527559055
11
5.8156653937007876
21
-3.3168542913385828
0
LINE
8
BLACK
6
CONTINUOUS
10
5.8156653937007876
20
-3.3168542913385828
11
5.813745157480315
21
-3.313980472440945
0
LINE
8
BLACK
6
CONTINUOUS
10
5.813745157480315
20
-3.313980472440945
11
5.8130708661417323
21
-3.3105905511811025
0
LINE
8
BLACK
6
CONTINUOUS
10
5.8130708661417323
20
-3.3105905511811025
11
5.8130708661417323
21
-3.2909055118110238
0
LINE
8
BLACK
6
CONTINUOUS
10
5.8130708661417323
20
-3.2909055118110238
11
5.813745157480315
21
-3.2875155905511808
0
LINE
8
BLACK
6
CONTINUOUS
10
5.813745157480315
20
-3.2875155905511808
11
5.8156653937007876
21
-3.2846417716535434
0
LINE
8
BLACK
6
CONTINUOUS
10
5.8156653937007876
20
-3.2846417716535434
11
5.8185392125984254
21
-3.2827215354330708
0
LINE
8
BLACK
6
CONTINUOUS
10
5.8185392125984254
20
-3.2827215354330708
11
5.8219291338582675
21
-3.2820472440944881
0
LINE
8
BLACK
6
CONTINUOUS
10
5.8219291338582675
20
-3.2820472440944881
11
5.8396456692913388
21
-3.2820472440944881
0
LINE
8
BLACK
6
CONTINUOUS
10
5.8396456692913388
20
-3.2820472440944881
11
5.8430355905511808
21
-3.2827215354330708
0
LINE
8
BLACK
6
CONTINUOUS
10
5.9040592125984253
20
-3.2827215354330708
11
5.9069330314960631
21
-3.2846417716535434
0
LINE
8
BLACK
6
CONTINUOUS
10
5.9069330314960631
20
-3.2846417716535434
11
5.9088532677165357
21
-3.2875155905511808
0
LINE
8
BLACK
6
CONTINUOUS
10
5.9088532677165357
20
-3.2875155905511808
11
5.9095275590551184
21
-3.2909055118110238
0
LINE
8
BLACK
6
CONTINUOUS
10
5.9095275590551184
20
-3.2909055118110238
11
5.9095275590551184
21
-3.3105905511811025
0
LINE
8
BLACK
6
CONTINUOUS
10
5.9095275590551184
20
-3.3105905511811025
11
5.9088532677165357
21
-3.313980472440945
0
LINE
8
BLACK
6
CONTINUOUS
10
5.9088532677165357
20
-3.313980472440945
11
5.9069330314960631
21
-3.3168542913385828
0
LINE
8
BLACK
6
CONTINUOUS
10
5.9069330314960631
20
-3.3168542913385828
11
5.9040592125984253
21
-3.318774527559055
0
LINE
8
BLACK
6
CONTINUOUS
10
5.9040592125984253
20
-3.318774527559055
11
5.9006692913385823
21
-3.3194488188976377
0
LINE
8
BLACK
6
CONTINUOUS
10
5.9006692913385823
20
-3.3194488188976377
11
5.8829527559055119
21
-3.3194488188976377
0
LINE
8
BLACK
6
CONTINUOUS
10
5.8829527559055119
20
-3.3194488188976377
11
5.879562834645669
21
-3.318774527559055
0
LINE
8
BLACK
6
CONTINUOUS
10
5.879562834645669
20
-3.318774527559055
11
5.8766890157480312
21
-3.3168542913385828
0
LINE
8
BLACK
6
CONTINUOUS
10
5.8766890157480312
20
-3.3168542913385828
11
5.8747687795275585
21
-3.313980472440945
0
LINE
8
BLACK
6
CONTINUOUS
10
5.8747687795275585
20
-3.313980472440945
11
5.8740944881889758
21
-3.3105905511811025
0
LINE
8
BLACK
6
CONTINUOUS
10
5.8740944881889758
20
-3.3105905511811025
11
5.8740944881889758
21
-3.2909055118110238
0
LINE
8
BLACK
6
CONTINUOUS
10
5.8740944881889758
20
-3.2909055118110238
11
5.8747687795275585
21
-3.2875155905511808
0
LINE
8
BLACK
6
CONTINUOUS
10
5.8747687795275585
20
-3.2875155905511808
11
5.8766890157480312
21
-3.2846417716535434
0
LINE
8
BLACK
6
CONTINUOUS
10
5.8766890157480312
20
-3.2846417716535434
11
5.879562834645669
21
-3.2827215354330708
0
LINE
8
BLACK
6
CONTINUOUS
10
5.879562834645669
20
-3.2827215354330708
11
5.8829527559055119
21
-3.2820472440944881
0
LINE
8
BLACK
6
CONTINUOUS
10
5.8829527559055119
20
-3.2820472440944881
11
5.9006692913385823
21
-3.2820472440944881
0
LINE
8
BLACK
6
CONTINUOUS
10
5.9006692913385823
20
-3.2820472440944881
11
5.9040592125984253
21
-3.2827215354330708
0
LINE
8
BLACK
6
CONTINUOUS
10
5.4203707874015743
20
-3.3064865354330708
11
5.42116905511811
21
-3.3070199212598426
0
LINE
8
BLACK
6
CONTINUOUS
10
5.42116905511811
20
-3.3070199212598426
11
5.4217024409448822
21
-3.3078181889763778
0
LINE
8
BLACK
6
CONTINUOUS
10
5.4217024409448822
20
-3.3078181889763778
11
5.4218897637795278
21
-3.3087598425196849
0
LINE
8
BLACK
6
CONTINUOUS
10
5.4218897637795278
20
-3.3087598425196849
11
5.4218897637795278
21
-3.3136811023622048
0
LINE
8
BLACK
6
CONTINUOUS
10
5.4218897637795278
20
-3.3136811023622048
11
5.4217024409448822
21
-3.3146227559055119
0
LINE
8
BLACK
6
CONTINUOUS
10
5.4217024409448822
20
-3.3146227559055119
11
5.42116905511811
21
-3.3154210236220472
0
LINE
8
BLACK
6
CONTINUOUS
10
5.42116905511811
20
-3.3154210236220472
11
5.4203707874015743
21
-3.3159544094488189
0
LINE
8
BLACK
6
CONTINUOUS
10
5.4203707874015743
20
-3.3159544094488189
11
5.4194291338582676
21
-3.3161417322834645
0
LINE
8
BLACK
6
CONTINUOUS
10
5.4194291338582676
20
-3.3161417322834645
11
5.3908858267716537
21
-3.3161417322834645
0
LINE
8
BLACK
6
CONTINUOUS
10
5.3908858267716537
20
-3.3161417322834645
11
5.3899441732283462
21
-3.3159544094488189
0
LINE
8
BLACK
6
CONTINUOUS
10
5.3899441732283462
20
-3.3159544094488189
11
5.3891459055118105
21
-3.3154210236220472
0
LINE
8
BLACK
6
CONTINUOUS
10
5.3891459055118105
20
-3.3154210236220472
11
5.3886125196850392
21
-3.3146227559055119
0
LINE
8
BLACK
6
CONTINUOUS
10
5.3886125196850392
20
-3.3146227559055119
11
5.3884251968503936
21
-3.3136811023622048
0
LINE
8
BLACK
6
CONTINUOUS
10
5.3884251968503936
20
-3.3136811023622048
11
5.3884251968503936
21
-3.3087598425196849
0
LINE
8
BLACK
6
CONTINUOUS
10
5.3884251968503936
20
-3.3087598425196849
11
5.3886125196850392
21
-3.3078181889763778
0
LINE
8
BLACK
6
CONTINUOUS
10
5.3886125196850392
20
-3.3078181889763778
11
5.3891459055118105
21
-3.3070199212598426
0
LINE
8
BLACK
6
CONTINUOUS
10
5.3891459055118105
20
-3.3070199212598426
11
5.3899441732283462
21
-3.3064865354330708
0
LINE
8
BLACK
6
CONTINUOUS
10
5.3899441732283462
20
-3.3064865354330708
11
5.3908858267716537
21
-3.3062992125984252
0
LINE
8
BLACK
6
CONTINUOUS
10
5.3908858267716537
20
-3.3062992125984252
11
5.4194291338582676
21
-3.3062992125984252
0
LINE
8
BLACK
6
CONTINUOUS
10
5.4194291338582676
20
-3.3062992125984252
11
5.4203707874015743
21
-3.3064865354330708
0
LINE
8
BLACK
6
CONTINUOUS
10
5.6526542519685039
20
-3.3064865354330708
11
5.6534525196850396
21
-3.3070199212598426
0
LINE
8
BLACK
6
CONTINUOUS
10
5.6534525196850396
20
-3.3070199212598426
11
5.6539859055118109
21
-3.3078181889763778
0
LINE
8
BLACK
6
CONTINUOUS
10
5.6539859055118109
20
-3.3078181889763778
11
5.6541732283464565
21
-3.3087598425196849
0
LINE
8
BLACK
6
CONTINUOUS
10
5.6541732283464565
20
-3.3087598425196849
11
5.6541732283464565
21
-3.3136811023622048
0
LINE
8
BLACK
6
CONTINUOUS
10
5.6541732283464565
20
-3.3136811023622048
11
5.6539859055118109
21
-3.3146227559055119
0
LINE
8
BLACK
6
CONTINUOUS
10
5.6539859055118109
20
-3.3146227559055119
11
5.6534525196850396
21
-3.3154210236220472
0
LINE
8
BLACK
6
CONTINUOUS
10
5.6534525196850396
20
-3.3154210236220472
11
5.6526542519685039
21
-3.3159544094488189
0
LINE
8
BLACK
6
CONTINUOUS
10
5.6526542519685039
20
-3.3159544094488189
11
5.6517125984251964
21
-3.3161417322834645
0
LINE
8
BLACK
6
CONTINUOUS
10
5.6517125984251964
20
-3.3161417322834645
11
5.6231692913385825
21
-3.3161417322834645
0
LINE
8
BLACK
6
CONTINUOUS
10
5.6231692913385825
20
-3.3161417322834645
11
5.6222276377952758
21
-3.3159544094488189
0
LINE
8
BLACK
6
CONTINUOUS
10
5.6222276377952758
20
-3.3159544094488189
11
5.6214293700787401
21
-3.3154210236220472
0
LINE
8
BLACK
6
CONTINUOUS
10
5.6214293700787401
20
-3.3154210236220472
11
5.6208959842519688
21
-3.3146227559055119
0
LINE
8
BLACK
6
CONTINUOUS
10
5.6208959842519688
20
-3.3146227559055119
11
5.6207086614173223
21
-3.3136811023622048
0
LINE
8
BLACK
6
CONTINUOUS
10
5.6207086614173223
20
-3.3136811023622048
11
5.6207086614173223
21
-3.3087598425196849
0
LINE
8
BLACK
6
CONTINUOUS
10
5.6207086614173223
20
-3.3087598425196849
11
5.6208959842519688
21
-3.3078181889763778
0
LINE
8
BLACK
6
CONTINUOUS
10
5.6208959842519688
20
-3.3078181889763778
11
5.6214293700787401
21
-3.3070199212598426
0
LINE
8
BLACK
6
CONTINUOUS
10
5.6214293700787401
20
-3.3070199212598426
11
5.6222276377952758
21
-3.3064865354330708
0
LINE
8
BLACK
6
CONTINUOUS
10
5.6222276377952758
20
-3.3064865354330708
11
5.6231692913385825
21
-3.3062992125984252
0
LINE
8
BLACK
6
CONTINUOUS
10
5.6231692913385825
20
-3.3062992125984252
11
5.6517125984251964
21
-3.3062992125984252
0
LINE
8
BLACK
6
CONTINUOUS
10
5.6517125984251964
20
-3.3062992125984252
11
5.6526542519685039
21
-3.3064865354330708
0
LINE
8
BLACK
6
CONTINUOUS
10
5.4825777165354328
20
-3.2758936220472439
11
5.4855473228346456
21
-3.2778778740157479
0
LINE
8
BLACK
6
CONTINUOUS
10
5.4855473228346456
20
-3.2778778740157479
11
5.4875315748031497
21
-3.2808474803149608
0
LINE
8
BLACK
6
CONTINUOUS
10
5.4875315748031497
20
-3.2808474803149608
11
5.488228346456693
21
-3.2843503937007874
0
LINE
8
BLACK
6
CONTINUOUS
10
5.488228346456693
20
-3.2843503937007874
11
5.488228346456693
21
-3.3026574803149606
0
LINE
8
BLACK
6
CONTINUOUS
10
5.488228346456693
20
-3.3026574803149606
11
5.4875315748031497
21
-3.3061603937007873
0
LINE
8
BLACK
6
CONTINUOUS
10
5.4875315748031497
20
-3.3061603937007873
11
5.4855473228346456
21
-3.3091300000000001
0
LINE
8
BLACK
6
CONTINUOUS
10
5.4855473228346456
20
-3.3091300000000001
11
5.4825777165354328
21
-3.3111142519685037
0
LINE
8
BLACK
6
CONTINUOUS
10
5.4825777165354328
20
-3.3111142519685037
11
5.4790748031496062
21
-3.311811023622047
0
LINE
8
BLACK
6
CONTINUOUS
10
5.4790748031496062
20
-3.311811023622047
11
5.4556496062992128
21
-3.311811023622047
0
LINE
8
BLACK
6
CONTINUOUS
10
5.4556496062992128
20
-3.311811023622047
11
5.4521466929133853
21
-3.3111142519685037
0
LINE
8
BLACK
6
CONTINUOUS
10
5.4521466929133853
20
-3.3111142519685037
11
5.4491770866141733
21
-3.3091300000000001
0
LINE
8
BLACK
6
CONTINUOUS
10
5.4491770866141733
20
-3.3091300000000001
11
5.4471928346456693
21
-3.3061603937007873
0
LINE
8
BLACK
6
CONTINUOUS
10
5.4471928346456693
20
-3.3061603937007873
11
5.446496062992126
21
-3.3026574803149606
0
LINE
8
BLACK
6
CONTINUOUS
10
5.446496062992126
20
-3.3026574803149606
11
5.446496062992126
21
-3.2843503937007874
0
LINE
8
BLACK
6
CONTINUOUS
10
5.446496062992126
20
-3.2843503937007874
11
5.4471928346456693
21
-3.2808474803149608
0
LINE
8
BLACK
6
CONTINUOUS
10
5.4471928346456693
20
-3.2808474803149608
11
5.4491770866141733
21
-3.2778778740157479
0
LINE
8
BLACK
6
CONTINUOUS
10
5.4491770866141733
20
-3.2778778740157479
11
5.4521466929133853
21
-3.2758936220472439
0
LINE
8
BLACK
6
CONTINUOUS
10
5.4521466929133853
20
-3.2758936220472439
11
5.4556496062992128
21
-3.2751968503937006
0
LINE
8
BLACK
6
CONTINUOUS
10
5.4556496062992128
20
-3.2751968503937006
11
5.4790748031496062
21
-3.2751968503937006
0
LINE
8
BLACK
6
CONTINUOUS
10
5.4790748031496062
20
-3.2751968503937006
11
5.4825777165354328
21
-3.2758936220472439
0
LINE
8
BLACK
6
CONTINUOUS
10
5.5365147244094484
20
-3.2758936220472439
11
5.5394843307086612
21
-3.2778778740157479
0
LINE
8
BLACK
6
CONTINUOUS
10
5.5394843307086612
20
-3.2778778740157479
11
5.5414685826771652
21
-3.2808474803149608
0
LINE
8
BLACK
6
CONTINUOUS
10
5.5414685826771652
20
-3.2808474803149608
11
5.5421653543307086
21
-3.2843503937007874
0
LINE
8
BLACK
6
CONTINUOUS
10
5.5421653543307086
20
-3.2843503937007874
11
5.5421653543307086
21
-3.3026574803149606
0
LINE
8
BLACK
6
CONTINUOUS
10
5.5421653543307086
20
-3.3026574803149606
11
5.5414685826771652
21
-3.3061603937007873
0
LINE
8
BLACK
6
CONTINUOUS
10
5.5414685826771652
20
-3.3061603937007873
11
5.5394843307086612
21
-3.3091300000000001
0
LINE
8
BLACK
6
CONTINUOUS
10
5.5394843307086612
20
-3.3091300000000001
11
5.5365147244094484
21
-3.3111142519685037
0
LINE
8
BLACK
6
CONTINUOUS
10
5.5365147244094484
20
-3.3111142519685037
11
5.5330118110236217
21
-3.311811023622047
0
LINE
8
BLACK
6
CONTINUOUS
10
5.5330118110236217
20
-3.311811023622047
11
5.5095866141732284
21
-3.311811023622047
0
LINE
8
BLACK
6
CONTINUOUS
10
5.5095866141732284
20
-3.311811023622047
11
5.5060837007874017
21
-3.3111142519685037
0
LINE
8
BLACK
6
CONTINUOUS
10
5.5060837007874017
20
-3.3111142519685037
11
5.5031140944881889
21
-3.3091300000000001
0
LINE
8
BLACK
6
CONTINUOUS
10
5.5031140944881889
20
-3.3091300000000001
11
5.5011298425196848
21
-3.3061603937007873
0
LINE
8
BLACK
6
CONTINUOUS
10
5.5011298425196848
20
-3.3061603937007873
11
5.5004330708661415
21
-3.3026574803149606
0
LINE
8
BLACK
6
CONTINUOUS
10
5.5004330708661415
20
-3.3026574803149606
11
5.5004330708661415
21
-3.2843503937007874
0
LINE
8
BLACK
6
CONTINUOUS
10
5.5004330708661415
20
-3.2843503937007874
11
5.5011298425196848
21
-3.2808474803149608
0
LINE
8
BLACK
6
CONTINUOUS
10
5.5011298425196848
20
-3.2808474803149608
11
5.5031140944881889
21
-3.2778778740157479
0
LINE
8
BLACK
6
CONTINUOUS
10
5.5031140944881889
20
-3.2778778740157479
11
5.5060837007874017
21
-3.2758936220472439
0
LINE
8
BLACK
6
CONTINUOUS
10
5.5060837007874017
20
-3.2758936220472439
11
5.5095866141732284
21
-3.2751968503937006
0
LINE
8
BLACK
6
CONTINUOUS
10
5.5095866141732284
20
-3.2751968503937006
11
5.5330118110236217
21
-3.2751968503937006
0
LINE
8
BLACK
6
CONTINUOUS
10
5.5330118110236217
20
-3.2751968503937006
11
5.5365147244094484
21
-3.2758936220472439
0
LINE
8
BLACK
6
CONTINUOUS
10
5.5904517322834648
20
-3.2758936220472439
11
5.5934213385826768
21
-3.2778778740157479
0
LINE
8
BLACK
6
CONTINUOUS
10
5.5934213385826768
20
-3.2778778740157479
11
5.5954055905511808
21
-3.2808474803149608
0
LINE
8
BLACK
6
CONTINUOUS
10
5.5954055905511808
20
-3.2808474803149608
11
5.5961023622047241
21
-3.2843503937007874
0
LINE
8
BLACK
6
CONTINUOUS
10
5.5961023622047241
20
-3.2843503937007874
11
5.5961023622047241
21
-3.3026574803149606
0
LINE
8
BLACK
6
CONTINUOUS
10
5.5961023622047241
20
-3.3026574803149606
11
5.5954055905511808
21
-3.3061603937007873
0
LINE
8
BLACK
6
CONTINUOUS
10
5.5954055905511808
20
-3.3061603937007873
11
5.5934213385826768
21
-3.3091300000000001
0
LINE
8
BLACK
6
CONTINUOUS
10
5.5934213385826768
20
-3.3091300000000001
11
5.5904517322834648
21
-3.3111142519685037
0
LINE
8
BLACK
6
CONTINUOUS
10
5.5904517322834648
20
-3.3111142519685037
11
5.5869488188976373
21
-3.311811023622047
0
LINE
8
BLACK
6
CONTINUOUS
10
5.5869488188976373
20
-3.311811023622047
11
5.5635236220472439
21
-3.311811023622047
0
LINE
8
BLACK
6
CONTINUOUS
10
5.5635236220472439
20
-3.311811023622047
11
5.5600207086614173
21
-3.3111142519685037
0
LINE
8
BLACK
6
CONTINUOUS
10
5.5600207086614173
20
-3.3111142519685037
11
5.5570511023622045
21
-3.3091300000000001
0
LINE
8
BLACK
6
CONTINUOUS
10
5.5570511023622045
20
-3.3091300000000001
11
5.5550668503937004
21
-3.3061603937007873
0
LINE
8
BLACK
6
CONTINUOUS
10
5.5550668503937004
20
-3.3061603937007873
11
5.5543700787401571
21
-3.3026574803149606
0
LINE
8
BLACK
6
CONTINUOUS
10
5.5543700787401571
20
-3.3026574803149606
11
5.5543700787401571
21
-3.2843503937007874
0
LINE
8
BLACK
6
CONTINUOUS
10
5.5543700787401571
20
-3.2843503937007874
11
5.5550668503937004
21
-3.2808474803149608
0
LINE
8
BLACK
6
CONTINUOUS
10
5.5550668503937004
20
-3.2808474803149608
11
5.5570511023622045
21
-3.2778778740157479
0
LINE
8
BLACK
6
CONTINUOUS
10
5.5570511023622045
20
-3.2778778740157479
11
5.5600207086614173
21
-3.2758936220472439
0
LINE
8
BLACK
6
CONTINUOUS
10
5.5600207086614173
20
-3.2758936220472439
11
5.5635236220472439
21
-3.2751968503937006
0
LINE
8
BLACK
6
CONTINUOUS
10
5.5635236220472439
20
-3.2751968503937006
11
5.5869488188976373
21
-3.2751968503937006
0
LINE
8
BLACK
6
CONTINUOUS
10
5.5869488188976373
20
-3.2751968503937006
11
5.5904517322834648
21
-3.2758936220472439
0
LINE
8
BLACK
6
CONTINUOUS
10
5.4203707874015743
20
-3.2868014960629921
11
5.42116905511811
21
-3.2873348818897639
0
LINE
8
BLACK
6
CONTINUOUS
10
5.42116905511811
20
-3.2873348818897639
11
5.4217024409448822
21
-3.2881331496062991
0
LINE
8
BLACK
6
CONTINUOUS
10
5.4217024409448822
20
-3.2881331496062991
11
5.4218897637795278
21
-3.2890748031496062
0
LINE
8
BLACK
6
CONTINUOUS
10
5.4218897637795278
20
-3.2890748031496062
11
5.4218897637795278
21
-3.2939960629921261
0
LINE
8
BLACK
6
CONTINUOUS
10
5.4218897637795278
20
-3.2939960629921261
11
5.4217024409448822
21
-3.2949377165354332
0
LINE
8
BLACK
6
CONTINUOUS
10
5.4217024409448822
20
-3.2949377165354332
11
5.42116905511811
21
-3.2957359842519685
0
LINE
8
BLACK
6
CONTINUOUS
10
5.42116905511811
20
-3.2957359842519685
11
5.4203707874015743
21
-3.2962693700787402
0
LINE
8
BLACK
6
CONTINUOUS
10
5.4203707874015743
20
-3.2962693700787402
11
5.4194291338582676
21
-3.2964566929133858
0
LINE
8
BLACK
6
CONTINUOUS
10
5.4194291338582676
20
-3.2964566929133858
11
5.3908858267716537
21
-3.2964566929133858
0
LINE
8
BLACK
6
CONTINUOUS
10
5.3908858267716537
20
-3.2964566929133858
11
5.3899441732283462
21
-3.2962693700787402
0
LINE
8
BLACK
6
CONTINUOUS
10
5.3899441732283462
20
-3.2962693700787402
11
5.3891459055118105
21
-3.2957359842519685
0
LINE
8
BLACK
6
CONTINUOUS
10
5.3891459055118105
20
-3.2957359842519685
11
5.3886125196850392
21
-3.2949377165354332
0
LINE
8
BLACK
6
CONTINUOUS
10
5.3886125196850392
20
-3.2949377165354332
11
5.3884251968503936
21
-3.2939960629921261
0
LINE
8
BLACK
6
CONTINUOUS
10
5.3884251968503936
20
-3.2939960629921261
11
5.3884251968503936
21
-3.2890748031496062
0
LINE
8
BLACK
6
CONTINUOUS
10
5.3884251968503936
20
-3.2890748031496062
11
5.3886125196850392
21
-3.2881331496062991
0
LINE
8
BLACK
6
CONTINUOUS
10
5.3886125196850392
20
-3.2881331496062991
11
5.3891459055118105
21
-3.2873348818897639
0
LINE
8
BLACK
6
CONTINUOUS
10
5.3891459055118105
20
-3.2873348818897639
11
5.3899441732283462
21
-3.2868014960629921
0
LINE
8
BLACK
6
CONTINUOUS
10
5.3899441732283462
20
-3.2868014960629921
11
5.3908858267716537
21
-3.2866141732283465
0
LINE
8
BLACK
6
CONTINUOUS
10
5.3908858267716537
20
-3.2866141732283465
11
5.4194291338582676
21
-3.2866141732283465
0
LINE
8
BLACK
6
CONTINUOUS
10
5.4194291338582676
20
-3.2866141732283465
11
5.4203707874015743
21
-3.2868014960629921
0
LINE
8
BLACK
6
CONTINUOUS
10
5.6526542519685039
20
-3.2868014960629921
11
5.6534525196850396
21
-3.2873348818897639
0
LINE
8
BLACK
6
CONTINUOUS
10
5.6534525196850396
20
-3.2873348818897639
11
5.6539859055118109
21
-3.2881331496062991
0
LINE
8
BLACK
6
CONTINUOUS
10
5.6539859055118109
20
-3.2881331496062991
11
5.6541732283464565
21
-3.2890748031496062
0
LINE
8
BLACK
6
CONTINUOUS
10
5.6541732283464565
20
-3.2890748031496062
11
5.6541732283464565
21
-3.2939960629921261
0
LINE
8
BLACK
6
CONTINUOUS
10
5.6541732283464565
20
-3.2939960629921261
11
5.6539859055118109
21
-3.2949377165354332
0
LINE
8
BLACK
6
CONTINUOUS
10
5.6539859055118109
20
-3.2949377165354332
11
5.6534525196850396
21
-3.2957359842519685
0
LINE
8
BLACK
6
CONTINUOUS
10
5.6534525196850396
20
-3.2957359842519685
11
5.6526542519685039
21
-3.2962693700787402
0
LINE
8
BLACK
6
CONTINUOUS
10
5.6526542519685039
20
-3.2962693700787402
11
5.6517125984251964
21
-3.2964566929133858
0
LINE
8
BLACK
6
CONTINUOUS
10
5.6517125984251964
20
-3.2964566929133858
11
5.6231692913385825
21
-3.2964566929133858
0
LINE
8
BLACK
6
CONTINUOUS
10
5.6231692913385825
20
-3.2964566929133858
11
5.6222276377952758
21
-3.2962693700787402
0
LINE
8
BLACK
6
CONTINUOUS
10
5.6222276377952758
20
-3.2962693700787402
11
5.6214293700787401
21
-3.2957359842519685
0
LINE
8
BLACK
6
CONTINUOUS
10
5.6214293700787401
20
-3.2957359842519685
11
5.6208959842519688
21
-3.2949377165354332
0
LINE
8
BLACK
6
CONTINUOUS
10
5.6208959842519688
20
-3.2949377165354332
11
5.6207086614173223
21
-3.2939960629921261
0
LINE
8
BLACK
6
CONTINUOUS
10
5.6207086614173223
20
-3.2939960629921261
11
5.6207086614173223
21
-3.2890748031496062
0
LINE
8
BLACK
6
CONTINUOUS
10
5.6207086614173223
20
-3.2890748031496062
11
5.6208959842519688
21
-3.2881331496062991
0
LINE
8
BLACK
6
CONTINUOUS
10
5.6208959842519688
20
-3.2881331496062991
11
5.6214293700787401
21
-3.2873348818897639
0
LINE
8
BLACK
6
CONTINUOUS
10
5.6214293700787401
20
-3.2873348818897639
11
5.6222276377952758
21
-3.2868014960629921
0
LINE
8
BLACK
6
CONTINUOUS
10
5.6222276377952758
20
-3.2868014960629921
11
5.6231692913385825
21
-3.2866141732283465
0
LINE
8
BLACK
6
CONTINUOUS
10
5.6231692913385825
20
-3.2866141732283465
11
5.6517125984251964
21
-3.2866141732283465
0
LINE
8
BLACK
6
CONTINUOUS
10
5.6517125984251964
20
-3.2866141732283465
11
5.6526542519685039
21
-3.2868014960629921
0
LINE
8
BLACK
6
CONTINUOUS
10
5.4203707874015743
20
-3.2671164566929134
11
5.42116905511811
21
-3.2676498425196852
0
LINE
8
BLACK
6
CONTINUOUS
10
5.42116905511811
20
-3.2676498425196852
11
5.4217024409448822
21
-3.2684481102362204
0
LINE
8
BLACK
6
CONTINUOUS
10
5.4217024409448822
20
-3.2684481102362204
11
5.4218897637795278
21
-3.2693897637795275
0
LINE
8
BLACK
6
CONTINUOUS
10
5.4218897637795278
20
-3.2693897637795275
11
5.4218897637795278
21
-3.274311023622047
0
LINE
8
BLACK
6
CONTINUOUS
10
5.4218897637795278
20
-3.274311023622047
11
5.4217024409448822
21
-3.2752526771653541
0
LINE
8
BLACK
6
CONTINUOUS
10
5.4217024409448822
20
-3.2752526771653541
11
5.42116905511811
21
-3.2760509448818897
0
LINE
8
BLACK
6
CONTINUOUS
10
5.42116905511811
20
-3.2760509448818897
11
5.4203707874015743
21
-3.2765843307086615
0
LINE
8
BLACK
6
CONTINUOUS
10
5.4203707874015743
20
-3.2765843307086615
11
5.4194291338582676
21
-3.2767716535433071
0
LINE
8
BLACK
6
CONTINUOUS
10
5.4194291338582676
20
-3.2767716535433071
11
5.3908858267716537
21
-3.2767716535433071
0
LINE
8
BLACK
6
CONTINUOUS
10
5.3908858267716537
20
-3.2767716535433071
11
5.3899441732283462
21
-3.2765843307086615
0
LINE
8
BLACK
6
CONTINUOUS
10
5.3899441732283462
20
-3.2765843307086615
11
5.3891459055118105
21
-3.2760509448818897
0
LINE
8
BLACK
6
CONTINUOUS
10
5.3891459055118105
20
-3.2760509448818897
11
5.3886125196850392
21
-3.2752526771653541
0
LINE
8
BLACK
6
CONTINUOUS
10
5.3886125196850392
20
-3.2752526771653541
11
5.3884251968503936
21
-3.274311023622047
0
LINE
8
BLACK
6
CONTINUOUS
10
5.3884251968503936
20
-3.274311023622047
11
5.3884251968503936
21
-3.2693897637795275
0
LINE
8
BLACK
6
CONTINUOUS
10
5.3884251968503936
20
-3.2693897637795275
11
5.3886125196850392
21
-3.2684481102362204
0
LINE
8
BLACK
6
CONTINUOUS
10
5.3886125196850392
20
-3.2684481102362204
11
5.3891459055118105
21
-3.2676498425196852
0
LINE
8
BLACK
6
CONTINUOUS
10
5.3891459055118105
20
-3.2676498425196852
11
5.3899441732283462
21
-3.2671164566929134
0
LINE
8
BLACK
6
CONTINUOUS
10
5.3899441732283462
20
-3.2671164566929134
11
5.3908858267716537
21
-3.2669291338582678
0
LINE
8
BLACK
6
CONTINUOUS
10
5.3908858267716537
20
-3.2669291338582678
11
5.4194291338582676
21
-3.2669291338582678
0
LINE
8
BLACK
6
CONTINUOUS
10
5.4194291338582676
20
-3.2669291338582678
11
5.4203707874015743
21
-3.2671164566929134
0
LINE
8
BLACK
6
CONTINUOUS
10
5.6526542519685039
20
-3.2671164566929134
11
5.6534525196850396
21
-3.2676498425196852
0
LINE
8
BLACK
6
CONTINUOUS
10
5.6534525196850396
20
-3.2676498425196852
11
5.6539859055118109
21
-3.2684481102362204
0
LINE
8
BLACK
6
CONTINUOUS
10
5.6539859055118109
20
-3.2684481102362204
11
5.6541732283464565
21
-3.2693897637795275
0
LINE
8
BLACK
6
CONTINUOUS
10
5.6541732283464565
20
-3.2693897637795275
11
5.6541732283464565
21
-3.274311023622047
0
LINE
8
BLACK
6
CONTINUOUS
10
5.6541732283464565
20
-3.274311023622047
11
5.6539859055118109
21
-3.2752526771653541
0
LINE
8
BLACK
6
CONTINUOUS
10
5.6539859055118109
20
-3.2752526771653541
11
5.6534525196850396
21
-3.2760509448818897
0
LINE
8
BLACK
6
CONTINUOUS
10
5.6534525196850396
20
-3.2760509448818897
11
5.6526542519685039
21
-3.2765843307086615
0
LINE
8
BLACK
6
CONTINUOUS
10
5.6526542519685039
20
-3.2765843307086615
11
5.6517125984251964
21
-3.2767716535433071
0
LINE
8
BLACK
6
CONTINUOUS
10
5.6517125984251964
20
-3.2767716535433071
11
5.6231692913385825
21
-3.2767716535433071
0
LINE
8
BLACK
6
CONTINUOUS
10
5.6231692913385825
20
-3.2767716535433071
11
5.6222276377952758
21
-3.2765843307086615
0
LINE
8
BLACK
6
CONTINUOUS
10
5.6222276377952758
20
-3.2765843307086615
11
5.6214293700787401
21
-3.2760509448818897
0
LINE
8
BLACK
6
CONTINUOUS
10
5.6214293700787401
20
-3.2760509448818897
11
5.6208959842519688
21
-3.2752526771653541
0
LINE
8
BLACK
6
CONTINUOUS
10
5.6208959842519688
20
-3.2752526771653541
11
5.6207086614173223
21
-3.274311023622047
0
LINE
8
BLACK
6
CONTINUOUS
10
5.6207086614173223
20
-3.274311023622047
11
5.6207086614173223
21
-3.2693897637795275
0
LINE
8
BLACK
6
CONTINUOUS
10
5.6207086614173223
20
-3.2693897637795275
11
5.6208959842519688
21
-3.2684481102362204
0
LINE
8
BLACK
6
CONTINUOUS
10
5.6208959842519688
20
-3.2684481102362204
11
5.6214293700787401
21
-3.2676498425196852
0
LINE
8
BLACK
6
CONTINUOUS
10
5.6214293700787401
20
-3.2676498425196852
11
5.6222276377952758
21
-3.2671164566929134
0
LINE
8
BLACK
6
CONTINUOUS
10
5.6222276377952758
20
-3.2671164566929134
11
5.6231692913385825
21
-3.2669291338582678
0
LINE
8
BLACK
6
CONTINUOUS
10
5.6231692913385825
20
-3.2669291338582678
11
5.6517125984251964
21
-3.2669291338582678
0
LINE
8
BLACK
6
CONTINUOUS
10
5.6517125984251964
20
-3.2669291338582678
11
5.6526542519685039
21
-3.2671164566929134
0
LINE
8
BLACK
6
CONTINUOUS
10
5.2201392519685035
20
-3.2430796850393699
11
5.2226937401574798
21
-3.2447865748031495
0
LINE
8
BLACK
6
CONTINUOUS
10
5.2226937401574798
20
-3.2447865748031495
11
5.2244006299212593
21
-3.2473410629921258
0
LINE
8
BLACK
6
CONTINUOUS
10
5.2244006299212593
20
-3.2473410629921258
11
5.2249999999999996
21
-3.2503543307086615
0
LINE
8
BLACK
6
CONTINUOUS
10
5.2249999999999996
20
-3.2503543307086615
11
5.2249999999999996
21
-3.2661023622047245
0
LINE
8
BLACK
6
CONTINUOUS
10
5.2249999999999996
20
-3.2661023622047245
11
5.2244006299212593
21
-3.2691156299212598
0
LINE
8
BLACK
6
CONTINUOUS
10
5.2244006299212593
20
-3.2691156299212598
11
5.2226937401574798
21
-3.2716701181102361
0
LINE
8
BLACK
6
CONTINUOUS
10
5.2226937401574798
20
-3.2716701181102361
11
5.2201392519685035
21
-3.2733770078740156
0
LINE
8
BLACK
6
CONTINUOUS
10
5.2201392519685035
20
-3.2733770078740156
11
5.2171259842519682
21
-3.273976377952756
0
LINE
8
BLACK
6
CONTINUOUS
10
5.2171259842519682
20
-3.273976377952756
11
5.195472440944882
21
-3.273976377952756
0
LINE
8
BLACK
6
CONTINUOUS
10
5.195472440944882
20
-3.273976377952756
11
5.1924591732283467
21
-3.2733770078740156
0
LINE
8
BLACK
6
CONTINUOUS
10
5.1924591732283467
20
-3.2733770078740156
11
5.1899046850393695
21
-3.2716701181102361
0
LINE
8
BLACK
6
CONTINUOUS
10
5.1899046850393695
20
-3.2716701181102361
11
5.18819779527559
21
-3.2691156299212598
0
LINE
8
BLACK
6
CONTINUOUS
10
5.18819779527559
20
-3.2691156299212598
11
5.1875984251968505
21
-3.2661023622047245
0
LINE
8
BLACK
6
CONTINUOUS
10
5.1875984251968505
20
-3.2661023622047245
11
5.1875984251968505
21
-3.2503543307086615
0
LINE
8
BLACK
6
CONTINUOUS
10
5.1875984251968505
20
-3.2503543307086615
11
5.18819779527559
21
-3.2473410629921258
0
LINE
8
BLACK
6
CONTINUOUS
10
5.18819779527559
20
-3.2473410629921258
11
5.1899046850393695
21
-3.2447865748031495
0
LINE
8
BLACK
6
CONTINUOUS
10
5.1899046850393695
20
-3.2447865748031495
11
5.1924591732283467
21
-3.2430796850393699
0
LINE
8
BLACK
6
CONTINUOUS
10
5.1924591732283467
20
-3.2430796850393699
11
5.195472440944882
21
-3.2424803149606301
0
LINE
8
BLACK
6
CONTINUOUS
10
5.195472440944882
20
-3.2424803149606301
11
5.2171259842519682
21
-3.2424803149606301
0
LINE
8
BLACK
6
CONTINUOUS
10
5.2171259842519682
20
-3.2424803149606301
11
5.2201392519685035
21
-3.2430796850393699
0
LINE
8
BLACK
6
CONTINUOUS
10
6.6482480314960632
20
-3.2734645669291336
11
6.5203346456692914
21
-3.2734645669291336
0
LINE
8
BLACK
6
CONTINUOUS
10
6.5203346456692914
20
-3.2734645669291336
11
6.5203346456692914
21
-3.2163779527559053
0
LINE
8
BLACK
6
CONTINUOUS
10
6.5203346456692914
20
-3.2163779527559053
11
6.6482480314960632
21
-3.2163779527559053
0
LINE
8
BLACK
6
CONTINUOUS
10
6.6482480314960632
20
-3.2163779527559053
11
6.6482480314960632
21
-3.2734645669291336
0
LINE
8
BLACK
6
CONTINUOUS
10
5.019745551181102
20
-3.2407568503937005
11
5.0223000393700783
21
-3.2424637401574801
0
LINE
8
BLACK
6
CONTINUOUS
10
5.0223000393700783
20
-3.2424637401574801
11
5.0240069291338578
21
-3.2450182283464568
0
LINE
8
BLACK
6
CONTINUOUS
10
5.0240069291338578
20
-3.2450182283464568
11
5.0246062992125982
21
-3.2480314960629921
0
LINE
8
BLACK
6
CONTINUOUS
10
5.0246062992125982
20
-3.2480314960629921
11
5.0246062992125982
21
-3.2637795275590551
0
LINE
8
BLACK
6
CONTINUOUS
10
5.0246062992125982
20
-3.2637795275590551
11
5.0240069291338578
21
-3.2667927952755904
0
LINE
8
BLACK
6
CONTINUOUS
10
5.0240069291338578
20
-3.2667927952755904
11
5.0223000393700783
21
-3.2693472834645667
0
LINE
8
BLACK
6
CONTINUOUS
10
5.0223000393700783
20
-3.2693472834645667
11
5.019745551181102
21
-3.2710541732283462
0
LINE
8
BLACK
6
CONTINUOUS
10
5.019745551181102
20
-3.2710541732283462
11
5.0167322834645667
21
-3.2716535433070866
0
LINE
8
BLACK
6
CONTINUOUS
10
5.0167322834645667
20
-3.2716535433070866
11
4.9950787401574805
21
-3.2716535433070866
0
LINE
8
BLACK
6
CONTINUOUS
10
4.9950787401574805
20
-3.2716535433070866
11
4.9920654724409443
21
-3.2710541732283462
0
LINE
8
BLACK
6
CONTINUOUS
10
4.9920654724409443
20
-3.2710541732283462
11
4.989510984251968
21
-3.2693472834645667
0
LINE
8
BLACK
6
CONTINUOUS
10
4.989510984251968
20
-3.2693472834645667
11
4.9878040944881885
21
-3.2667927952755904
0
LINE
8
BLACK
6
CONTINUOUS
10
4.9878040944881885
20
-3.2667927952755904
11
4.9872047244094491
21
-3.2637795275590551
0
LINE
8
BLACK
6
CONTINUOUS
10
4.9872047244094491
20
-3.2637795275590551
11
4.9872047244094491
21
-3.2480314960629921
0
LINE
8
BLACK
6
CONTINUOUS
10
4.9872047244094491
20
-3.2480314960629921
11
4.9878040944881885
21
-3.2450182283464568
0
LINE
8
BLACK
6
CONTINUOUS
10
4.9878040944881885
20
-3.2450182283464568
11
4.989510984251968
21
-3.2424637401574801
0
LINE
8
BLACK
6
CONTINUOUS
10
4.989510984251968
20
-3.2424637401574801
11
4.9920654724409443
21
-3.2407568503937005
0
LINE
8
BLACK
6
CONTINUOUS
10
4.9920654724409443
20
-3.2407568503937005
11
4.9950787401574805
21
-3.2401574803149606
0
LINE
8
BLACK
6
CONTINUOUS
10
4.9950787401574805
20
-3.2401574803149606
11
5.0167322834645667
21
-3.2401574803149606
0
LINE
8
BLACK
6
CONTINUOUS
10
5.0167322834645667
20
-3.2401574803149606
11
5.019745551181102
21
-3.2407568503937005
0
LINE
8
BLACK
6
CONTINUOUS
10
5.1437612992125983
20
-3.2405993700787401
11
5.1463157874015746
21
-3.2423062598425196
0
LINE
8
BLACK
6
CONTINUOUS
10
5.1463157874015746
20
-3.2423062598425196
11
5.1480226771653541
21
-3.2448607480314959
0
LINE
8
BLACK
6
CONTINUOUS
10
5.1480226771653541
20
-3.2448607480314959
11
5.1486220472440944
21
-3.2478740157480313
0
LINE
8
BLACK
6
CONTINUOUS
10
5.1486220472440944
20
-3.2478740157480313
11
5.1486220472440944
21
-3.2636220472440942
0
LINE
8
BLACK
6
CONTINUOUS
10
5.1486220472440944
20
-3.2636220472440942
11
5.1480226771653541
21
-3.26663531496063
0
LINE
8
BLACK
6
CONTINUOUS
10
5.1480226771653541
20
-3.26663531496063
11
5.1463157874015746
21
-3.2691898031496063
0
LINE
8
BLACK
6
CONTINUOUS
10
5.1463157874015746
20
-3.2691898031496063
11
5.1437612992125983
21
-3.2708966929133858
0
LINE
8
BLACK
6
CONTINUOUS
10
5.1437612992125983
20
-3.2708966929133858
11
5.140748031496063
21
-3.2714960629921257
0
LINE
8
BLACK
6
CONTINUOUS
10
5.140748031496063
20
-3.2714960629921257
11
5.1190944881889759
21
-3.2714960629921257
0
LINE
8
BLACK
6
CONTINUOUS
10
5.1190944881889759
20
-3.2714960629921257
11
5.1160812204724406
21
-3.2708966929133858
0
LINE
8
BLACK
6
CONTINUOUS
10
5.1160812204724406
20
-3.2708966929133858
11
5.1135267322834643
21
-3.2691898031496063
0
LINE
8
BLACK
6
CONTINUOUS
10
5.1135267322834643
20
-3.2691898031496063
11
5.1118198425196848
21
-3.26663531496063
0
LINE
8
BLACK
6
CONTINUOUS
10
5.1118198425196848
20
-3.26663531496063
11
5.1112204724409445
21
-3.2636220472440942
0
LINE
8
BLACK
6
CONTINUOUS
10
5.1112204724409445
20
-3.2636220472440942
11
5.1112204724409445
21
-3.2478740157480313
0
LINE
8
BLACK
6
CONTINUOUS
10
5.1112204724409445
20
-3.2478740157480313
11
5.1118198425196848
21
-3.2448607480314959
0
LINE
8
BLACK
6
CONTINUOUS
10
5.1118198425196848
20
-3.2448607480314959
11
5.1135267322834643
21
-3.2423062598425196
0
LINE
8
BLACK
6
CONTINUOUS
10
5.1135267322834643
20
-3.2423062598425196
11
5.1160812204724406
21
-3.2405993700787401
0
LINE
8
BLACK
6
CONTINUOUS
10
5.1160812204724406
20
-3.2405993700787401
11
5.1190944881889759
21
-3.2399999999999998
0
LINE
8
BLACK
6
CONTINUOUS
10
5.1190944881889759
20
-3.2399999999999998
11
5.140748031496063
21
-3.2399999999999998
0
LINE
8
BLACK
6
CONTINUOUS
10
5.140748031496063
20
-3.2399999999999998
11
5.1437612992125983
21
-3.2405993700787401
0
LINE
8
BLACK
6
CONTINUOUS
10
5.0827376771653539
20
-3.2405599999999999
11
5.0852921653543302
21
-3.2422668897637794
0
LINE
8
BLACK
6
CONTINUOUS
10
5.0852921653543302
20
-3.2422668897637794
11
5.0869990551181097
21
-3.2448213779527557
0
LINE
8
BLACK
6
CONTINUOUS
10
5.0869990551181097
20
-3.2448213779527557
11
5.08759842519685
21
-3.2478346456692915
0
LINE
8
BLACK
6
CONTINUOUS
10
5.08759842519685
20
-3.2478346456692915
11
5.08759842519685
21
-3.2635826771653544
0
LINE
8
BLACK
6
CONTINUOUS
10
5.08759842519685
20
-3.2635826771653544
11
5.0869990551181097
21
-3.2665959448818898
0
LINE
8
BLACK
6
CONTINUOUS
10
5.0869990551181097
20
-3.2665959448818898
11
5.0852921653543302
21
-3.2691504330708661
0
LINE
8
BLACK
6
CONTINUOUS
10
5.0852921653543302
20
-3.2691504330708661
11
5.0827376771653539
21
-3.2708573228346456
0
LINE
8
BLACK
6
CONTINUOUS
10
5.0827376771653539
20
-3.2708573228346456
11
5.0797244094488185
21
-3.2714566929133859
0
LINE
8
BLACK
6
CONTINUOUS
10
5.0797244094488185
20
-3.2714566929133859
11
5.0580708661417324
21
-3.2714566929133859
0
LINE
8
BLACK
6
CONTINUOUS
10
5.0580708661417324
20
-3.2714566929133859
11
5.0550575984251971
21
-3.2708573228346456
0
LINE
8
BLACK
6
CONTINUOUS
10
5.0550575984251971
20
-3.2708573228346456
11
5.0525031102362208
21
-3.2691504330708661
0
LINE
8
BLACK
6
CONTINUOUS
10
5.0525031102362208
20
-3.2691504330708661
11
5.0507962204724413
21
-3.2665959448818898
0
LINE
8
BLACK
6
CONTINUOUS
10
5.0507962204724413
20
-3.2665959448818898
11
5.0501968503937009
21
-3.2635826771653544
0
LINE
8
BLACK
6
CONTINUOUS
10
5.0501968503937009
20
-3.2635826771653544
11
5.0501968503937009
21
-3.2478346456692915
0
LINE
8
BLACK
6
CONTINUOUS
10
5.0501968503937009
20
-3.2478346456692915
11
5.0507962204724413
21
-3.2448213779527557
0
LINE
8
BLACK
6
CONTINUOUS
10
5.0507962204724413
20
-3.2448213779527557
11
5.0525031102362208
21
-3.2422668897637794
0
LINE
8
BLACK
6
CONTINUOUS
10
5.0525031102362208
20
-3.2422668897637794
11
5.0550575984251971
21
-3.2405599999999999
0
LINE
8
BLACK
6
CONTINUOUS
10
5.0550575984251971
20
-3.2405599999999999
11
5.0580708661417324
21
-3.2399606299212595
0
LINE
8
BLACK
6
CONTINUOUS
10
5.0580708661417324
20
-3.2399606299212595
11
5.0797244094488185
21
-3.2399606299212595
0
LINE
8
BLACK
6
CONTINUOUS
10
5.0797244094488185
20
-3.2399606299212595
11
5.0827376771653539
21
-3.2405599999999999
0
LINE
8
BLACK
6
CONTINUOUS
10
6.4577823228346452
20
-3.2223830708661416
11
6.4609754724409445
21
-3.224516653543307
0
LINE
8
BLACK
6
CONTINUOUS
10
6.4609754724409445
20
-3.224516653543307
11
6.4631090551181103
21
-3.2277098031496063
0
LINE
8
BLACK
6
CONTINUOUS
10
6.4631090551181103
20
-3.2277098031496063
11
6.4638582677165353
21
-3.231476377952756
0
LINE
8
BLACK
6
CONTINUOUS
10
6.4638582677165353
20
-3.231476377952756
11
6.4638582677165353
21
-3.2570669291338583
0
LINE
8
BLACK
6
CONTINUOUS
10
6.4638582677165353
20
-3.2570669291338583
11
6.4631090551181103
21
-3.260833503937008
0
LINE
8
BLACK
6
CONTINUOUS
10
6.4631090551181103
20
-3.260833503937008
11
6.4609754724409445
21
-3.2640266535433069
0
LINE
8
BLACK
6
CONTINUOUS
10
6.4609754724409445
20
-3.2640266535433069
11
6.4577823228346452
21
-3.2661602362204722
0
LINE
8
BLACK
6
CONTINUOUS
10
6.4577823228346452
20
-3.2661602362204722
11
6.4540157480314964
21
-3.2669094488188977
0
LINE
8
BLACK
6
CONTINUOUS
10
6.4540157480314964
20
-3.2669094488188977
11
6.4185826771653538
21
-3.2669094488188977
0
LINE
8
BLACK
6
CONTINUOUS
10
6.4185826771653538
20
-3.2669094488188977
11
6.414816102362205
21
-3.2661602362204722
0
LINE
8
BLACK
6
CONTINUOUS
10
6.414816102362205
20
-3.2661602362204722
11
6.4116229527559057
21
-3.2640266535433069
0
LINE
8
BLACK
6
CONTINUOUS
10
6.4116229527559057
20
-3.2640266535433069
11
6.4094893700787399
21
-3.260833503937008
0
LINE
8
BLACK
6
CONTINUOUS
10
6.4094893700787399
20
-3.260833503937008
11
6.4087401574803149
21
-3.2570669291338583
0
LINE
8
BLACK
6
CONTINUOUS
10
6.4087401574803149
20
-3.2570669291338583
11
6.4087401574803149
21
-3.231476377952756
0
LINE
8
BLACK
6
CONTINUOUS
10
6.4087401574803149
20
-3.231476377952756
11
6.4094893700787399
21
-3.2277098031496063
0
LINE
8
BLACK
6
CONTINUOUS
10
6.4094893700787399
20
-3.2277098031496063
11
6.4116229527559057
21
-3.224516653543307
0
LINE
8
BLACK
6
CONTINUOUS
10
6.4116229527559057
20
-3.224516653543307
11
6.414816102362205
21
-3.2223830708661416
0
LINE
8
BLACK
6
CONTINUOUS
10
6.414816102362205
20
-3.2223830708661416
11
6.4185826771653538
21
-3.2216338582677166
0
LINE
8
BLACK
6
CONTINUOUS
10
6.4185826771653538
20
-3.2216338582677166
11
6.4540157480314964
21
-3.2216338582677166
0
LINE
8
BLACK
6
CONTINUOUS
10
6.4540157480314964
20
-3.2216338582677166
11
6.4577823228346452
21
-3.2223830708661416
0
LINE
8
BLACK
6
CONTINUOUS
10
5.3251392519685039
20
-3.2306387401574801
11
5.3276937401574802
21
-3.2323456299212596
0
LINE
8
BLACK
6
CONTINUOUS
10
5.3276937401574802
20
-3.2323456299212596
11
5.3294006299212597
21
-3.2349001181102364
0
LINE
8
BLACK
6
CONTINUOUS
10
5.3294006299212597
20
-3.2349001181102364
11
5.3300000000000001
21
-3.2379133858267717
0
LINE
8
BLACK
6
CONTINUOUS
10
5.3300000000000001
20
-3.2379133858267717
11
5.3300000000000001
21
-3.2536614173228346
0
LINE
8
BLACK
6
CONTINUOUS
10
5.3300000000000001
20
-3.2536614173228346
11
5.3294006299212597
21
-3.25667468503937
0
LINE
8
BLACK
6
CONTINUOUS
10
5.3294006299212597
20
-3.25667468503937
11
5.3276937401574802
21
-3.2592291732283463
0
LINE
8
BLACK
6
CONTINUOUS
10
5.3276937401574802
20
-3.2592291732283463
11
5.3251392519685039
21
-3.2609360629921258
0
LINE
8
BLACK
6
CONTINUOUS
10
5.3251392519685039
20
-3.2609360629921258
11
5.3221259842519686
21
-3.2615354330708661
0
LINE
8
BLACK
6
CONTINUOUS
10
5.3221259842519686
20
-3.2615354330708661
11
5.3004724409448816
21
-3.2615354330708661
0
LINE
8
BLACK
6
CONTINUOUS
10
5.3004724409448816
20
-3.2615354330708661
11
5.2974591732283463
21
-3.2609360629921258
0
LINE
8
BLACK
6
CONTINUOUS
10
5.2974591732283463
20
-3.2609360629921258
11
5.29490468503937
21
-3.2592291732283463
0
LINE
8
BLACK
6
CONTINUOUS
10
5.29490468503937
20
-3.2592291732283463
11
5.2931977952755904
21
-3.25667468503937
0
LINE
8
BLACK
6
CONTINUOUS
10
5.2931977952755904
20
-3.25667468503937
11
5.2925984251968501
21
-3.2536614173228346
0
LINE
8
BLACK
6
CONTINUOUS
10
5.2925984251968501
20
-3.2536614173228346
11
5.2925984251968501
21
-3.2379133858267717
0
LINE
8
BLACK
6
CONTINUOUS
10
5.2925984251968501
20
-3.2379133858267717
11
5.2931977952755904
21
-3.2349001181102364
0
LINE
8
BLACK
6
CONTINUOUS
10
5.2931977952755904
20
-3.2349001181102364
11
5.29490468503937
21
-3.2323456299212596
0
LINE
8
BLACK
6
CONTINUOUS
10
5.29490468503937
20
-3.2323456299212596
11
5.2974591732283463
21
-3.2306387401574801
0
LINE
8
BLACK
6
CONTINUOUS
10
5.2974591732283463
20
-3.2306387401574801
11
5.3004724409448816
21
-3.2300393700787402
0
LINE
8
BLACK
6
CONTINUOUS
10
5.3004724409448816
20
-3.2300393700787402
11
5.3221259842519686
21
-3.2300393700787402
0
LINE
8
BLACK
6
CONTINUOUS
10
5.3221259842519686
20
-3.2300393700787402
11
5.3251392519685039
21
-3.2306387401574801
0
LINE
8
BLACK
6
CONTINUOUS
10
5.4361188188976373
20
-3.227746377952756
11
5.4369170866141729
21
-3.2282797637795273
0
LINE
8
BLACK
6
CONTINUOUS
10
5.4369170866141729
20
-3.2282797637795273
11
5.4374504724409451
21
-3.229078031496063
0
LINE
8
BLACK
6
CONTINUOUS
10
5.4374504724409451
20
-3.229078031496063
11
5.4376377952755908
21
-3.2300196850393701
0
LINE
8
BLACK
6
CONTINUOUS
10
5.4376377952755908
20
-3.2300196850393701
11
5.4376377952755908
21
-3.258562992125984
0
LINE
8
BLACK
6
CONTINUOUS
10
5.4376377952755908
20
-3.258562992125984
11
5.4374504724409451
21
-3.2595046456692911
0
LINE
8
BLACK
6
CONTINUOUS
10
5.4374504724409451
20
-3.2595046456692911
11
5.4369170866141729
21
-3.2603029133858268
0
LINE
8
BLACK
6
CONTINUOUS
10
5.4369170866141729
20
-3.2603029133858268
11
5.4361188188976373
21
-3.2608362992125985
0
LINE
8
BLACK
6
CONTINUOUS
10
5.4361188188976373
20
-3.2608362992125985
11
5.4351771653543306
21
-3.2610236220472442
0
LINE
8
BLACK
6
CONTINUOUS
10
5.4351771653543306
20
-3.2610236220472442
11
5.4302559055118111
21
-3.2610236220472442
0
LINE
8
BLACK
6
CONTINUOUS
10
5.4302559055118111
20
-3.2610236220472442
11
5.4293142519685036
21
-3.2608362992125985
0
LINE
8
BLACK
6
CONTINUOUS
10
5.4293142519685036
20
-3.2608362992125985
11
5.4285159842519688
21
-3.2603029133858268
0
LINE
8
BLACK
6
CONTINUOUS
10
5.4285159842519688
20
-3.2603029133858268
11
5.4279825984251966
21
-3.2595046456692911
0
LINE
8
BLACK
6
CONTINUOUS
10
5.4279825984251966
20
-3.2595046456692911
11
5.427795275590551
21
-3.258562992125984
0
LINE
8
BLACK
6
CONTINUOUS
10
5.427795275590551
20
-3.258562992125984
11
5.427795275590551
21
-3.2300196850393701
0
LINE
8
BLACK
6
CONTINUOUS
10
5.427795275590551
20
-3.2300196850393701
11
5.4279825984251966
21
-3.229078031496063
0
LINE
8
BLACK
6
CONTINUOUS
10
5.4279825984251966
20
-3.229078031496063
11
5.4285159842519688
21
-3.2282797637795273
0
LINE
8
BLACK
6
CONTINUOUS
10
5.4285159842519688
20
-3.2282797637795273
11
5.4293142519685036
21
-3.227746377952756
0
LINE
8
BLACK
6
CONTINUOUS
10
5.4293142519685036
20
-3.227746377952756
11
5.4302559055118111
21
-3.2275590551181104
0
LINE
8
BLACK
6
CONTINUOUS
10
5.4302559055118111
20
-3.2275590551181104
11
5.4351771653543306
21
-3.2275590551181104
0
LINE
8
BLACK
6
CONTINUOUS
10
5.4351771653543306
20
-3.2275590551181104
11
5.4361188188976373
21
-3.227746377952756
0
LINE
8
BLACK
6
CONTINUOUS
10
5.4558038582677169
20
-3.227746377952756
11
5.4566021259842516
21
-3.2282797637795273
0
LINE
8
BLACK
6
CONTINUOUS
10
5.4566021259842516
20
-3.2282797637795273
11
5.4571355118110239
21
-3.229078031496063
0
LINE
8
BLACK
6
CONTINUOUS
10
5.4571355118110239
20
-3.229078031496063
11
5.4573228346456695
21
-3.2300196850393701
0
LINE
8
BLACK
6
CONTINUOUS
10
5.4573228346456695
20
-3.2300196850393701
11
5.4573228346456695
21
-3.258562992125984
0
LINE
8
BLACK
6
CONTINUOUS
10
5.4573228346456695
20
-3.258562992125984
11
5.4571355118110239
21
-3.2595046456692911
0
LINE
8
BLACK
6
CONTINUOUS
10
5.4571355118110239
20
-3.2595046456692911
11
5.4566021259842516
21
-3.2603029133858268
0
LINE
8
BLACK
6
CONTINUOUS
10
5.4566021259842516
20
-3.2603029133858268
11
5.4558038582677169
21
-3.2608362992125985
0
LINE
8
BLACK
6
CONTINUOUS
10
5.4558038582677169
20
-3.2608362992125985
11
5.4548622047244093
21
-3.2610236220472442
0
LINE
8
BLACK
6
CONTINUOUS
10
5.4548622047244093
20
-3.2610236220472442
11
5.4499409448818898
21
-3.2610236220472442
0
LINE
8
BLACK
6
CONTINUOUS
10
5.4499409448818898
20
-3.2610236220472442
11
5.4489992913385823
21
-3.2608362992125985
0
LINE
8
BLACK
6
CONTINUOUS
10
5.4489992913385823
20
-3.2608362992125985
11
5.4482010236220475
21
-3.2603029133858268
0
LINE
8
BLACK
6
CONTINUOUS
10
5.4482010236220475
20
-3.2603029133858268
11
5.4476676377952753
21
-3.2595046456692911
0
LINE
8
BLACK
6
CONTINUOUS
10
5.4476676377952753
20
-3.2595046456692911
11
5.4474803149606297
21
-3.258562992125984
0
LINE
8
BLACK
6
CONTINUOUS
10
5.4474803149606297
20
-3.258562992125984
11
5.4474803149606297
21
-3.2300196850393701
0
LINE
8
BLACK
6
CONTINUOUS
10
5.4474803149606297
20
-3.2300196850393701
11
5.4476676377952753
21
-3.229078031496063
0
LINE
8
BLACK
6
CONTINUOUS
10
5.4476676377952753
20
-3.229078031496063
11
5.4482010236220475
21
-3.2282797637795273
0
LINE
8
BLACK
6
CONTINUOUS
10
5.4482010236220475
20
-3.2282797637795273
11
5.4489992913385823
21
-3.227746377952756
0
LINE
8
BLACK
6
CONTINUOUS
10
5.4489992913385823
20
-3.227746377952756
11
5.4499409448818898
21
-3.2275590551181104
0
LINE
8
BLACK
6
CONTINUOUS
10
5.4499409448818898
20
-3.2275590551181104
11
5.4548622047244093
21
-3.2275590551181104
0
LINE
8
BLACK
6
CONTINUOUS
10
5.4548622047244093
20
-3.2275590551181104
11
5.4558038582677169
21
-3.227746377952756
0
LINE
8
BLACK
6
CONTINUOUS
10
5.4754888976377956
20
-3.227746377952756
11
5.4762871653543304
21
-3.2282797637795273
0
LINE
8
BLACK
6
CONTINUOUS
10
5.4762871653543304
20
-3.2282797637795273
11
5.4768205511811026
21
-3.229078031496063
0
LINE
8
BLACK
6
CONTINUOUS
10
5.4768205511811026
20
-3.229078031496063
11
5.4770078740157482
21
-3.2300196850393701
0
LINE
8
BLACK
6
CONTINUOUS
10
5.4770078740157482
20
-3.2300196850393701
11
5.4770078740157482
21
-3.258562992125984
0
LINE
8
BLACK
6
CONTINUOUS
10
5.4770078740157482
20
-3.258562992125984
11
5.4768205511811026
21
-3.2595046456692911
0
LINE
8
BLACK
6
CONTINUOUS
10
5.4768205511811026
20
-3.2595046456692911
11
5.4762871653543304
21
-3.2603029133858268
0
LINE
8
BLACK
6
CONTINUOUS
10
5.4762871653543304
20
-3.2603029133858268
11
5.4754888976377956
21
-3.2608362992125985
0
LINE
8
BLACK
6
CONTINUOUS
10
5.4754888976377956
20
-3.2608362992125985
11
5.474547244094488
21
-3.2610236220472442
0
LINE
8
BLACK
6
CONTINUOUS
10
5.474547244094488
20
-3.2610236220472442
11
5.4696259842519686
21
-3.2610236220472442
0
LINE
8
BLACK
6
CONTINUOUS
10
5.4696259842519686
20
-3.2610236220472442
11
5.468684330708661
21
-3.2608362992125985
0
LINE
8
BLACK
6
CONTINUOUS
10
5.468684330708661
20
-3.2608362992125985
11
5.4678860629921262
21
-3.2603029133858268
0
LINE
8
BLACK
6
CONTINUOUS
10
5.4678860629921262
20
-3.2603029133858268
11
5.467352677165354
21
-3.2595046456692911
0
LINE
8
BLACK
6
CONTINUOUS
10
5.467352677165354
20
-3.2595046456692911
11
5.4671653543307084
21
-3.258562992125984
0
LINE
8
BLACK
6
CONTINUOUS
10
5.4671653543307084
20
-3.258562992125984
11
5.4671653543307084
21
-3.2300196850393701
0
LINE
8
BLACK
6
CONTINUOUS
10
5.4671653543307084
20
-3.2300196850393701
11
5.467352677165354
21
-3.229078031496063
0
LINE
8
BLACK
6
CONTINUOUS
10
5.467352677165354
20
-3.229078031496063
11
5.4678860629921262
21
-3.2282797637795273
0
LINE
8
BLACK
6
CONTINUOUS
10
5.4678860629921262
20
-3.2282797637795273
11
5.468684330708661
21
-3.227746377952756
0
LINE
8
BLACK
6
CONTINUOUS
10
5.468684330708661
20
-3.227746377952756
11
5.4696259842519686
21
-3.2275590551181104
0
LINE
8
BLACK
6
CONTINUOUS
10
5.4696259842519686
20
-3.2275590551181104
11
5.474547244094488
21
-3.2275590551181104
0
LINE
8
BLACK
6
CONTINUOUS
10
5.474547244094488
20
-3.2275590551181104
11
5.4754888976377956
21
-3.227746377952756
0
LINE
8
BLACK
6
CONTINUOUS
10
5.4951739370078743
20
-3.227746377952756
11
5.4959722047244091
21
-3.2282797637795273
0
LINE
8
BLACK
6
CONTINUOUS
10
5.4959722047244091
20
-3.2282797637795273
11
5.4965055905511813
21
-3.229078031496063
0
LINE
8
BLACK
6
CONTINUOUS
10
5.4965055905511813
20
-3.229078031496063
11
5.4966929133858269
21
-3.2300196850393701
0
LINE
8
BLACK
6
CONTINUOUS
10
5.4966929133858269
20
-3.2300196850393701
11
5.4966929133858269
21
-3.258562992125984
0
LINE
8
BLACK
6
CONTINUOUS
10
5.4966929133858269
20
-3.258562992125984
11
5.4965055905511813
21
-3.2595046456692911
0
LINE
8
BLACK
6
CONTINUOUS
10
5.4965055905511813
20
-3.2595046456692911
11
5.4959722047244091
21
-3.2603029133858268
0
LINE
8
BLACK
6
CONTINUOUS
10
5.4959722047244091
20
-3.2603029133858268
11
5.4951739370078743
21
-3.2608362992125985
0
LINE
8
BLACK
6
CONTINUOUS
10
5.4951739370078743
20
-3.2608362992125985
11
5.4942322834645667
21
-3.2610236220472442
0
LINE
8
BLACK
6
CONTINUOUS
10
5.4942322834645667
20
-3.2610236220472442
11
5.4893110236220473
21
-3.2610236220472442
0
LINE
8
BLACK
6
CONTINUOUS
10
5.4893110236220473
20
-3.2610236220472442
11
5.4883693700787397
21
-3.2608362992125985
0
LINE
8
BLACK
6
CONTINUOUS
10
5.4883693700787397
20
-3.2608362992125985
11
5.4875711023622049
21
-3.2603029133858268
0
LINE
8
BLACK
6
CONTINUOUS
10
5.4875711023622049
20
-3.2603029133858268
11
5.4870377165354327
21
-3.2595046456692911
0
LINE
8
BLACK
6
CONTINUOUS
10
5.4870377165354327
20
-3.2595046456692911
11
5.4868503937007871
21
-3.258562992125984
0
LINE
8
BLACK
6
CONTINUOUS
10
5.4868503937007871
20
-3.258562992125984
11
5.4868503937007871
21
-3.2300196850393701
0
LINE
8
BLACK
6
CONTINUOUS
10
5.4868503937007871
20
-3.2300196850393701
11
5.4870377165354327
21
-3.229078031496063
0
LINE
8
BLACK
6
CONTINUOUS
10
5.4870377165354327
20
-3.229078031496063
11
5.4875711023622049
21
-3.2282797637795273
0
LINE
8
BLACK
6
CONTINUOUS
10
5.4875711023622049
20
-3.2282797637795273
11
5.4883693700787397
21
-3.227746377952756
0
LINE
8
BLACK
6
CONTINUOUS
10
5.4883693700787397
20
-3.227746377952756
11
5.4893110236220473
21
-3.2275590551181104
0
LINE
8
BLACK
6
CONTINUOUS
10
5.4893110236220473
20
-3.2275590551181104
11
5.4942322834645667
21
-3.2275590551181104
0
LINE
8
BLACK
6
CONTINUOUS
10
5.4942322834645667
20
-3.2275590551181104
11
5.4951739370078743
21
-3.227746377952756
0
LINE
8
BLACK
6
CONTINUOUS
10
5.514858976377953
20
-3.227746377952756
11
5.5156572440944878
21
-3.2282797637795273
0
LINE
8
BLACK
6
CONTINUOUS
10
5.5156572440944878
20
-3.2282797637795273
11
5.51619062992126
21
-3.229078031496063
0
LINE
8
BLACK
6
CONTINUOUS
10
5.51619062992126
20
-3.229078031496063
11
5.5163779527559056
21
-3.2300196850393701
0
LINE
8
BLACK
6
CONTINUOUS
10
5.5163779527559056
20
-3.2300196850393701
11
5.5163779527559056
21
-3.258562992125984
0
LINE
8
BLACK
6
CONTINUOUS
10
5.5163779527559056
20
-3.258562992125984
11
5.51619062992126
21
-3.2595046456692911
0
LINE
8
BLACK
6
CONTINUOUS
10
5.51619062992126
20
-3.2595046456692911
11
5.5156572440944878
21
-3.2603029133858268
0
LINE
8
BLACK
6
CONTINUOUS
10
5.5156572440944878
20
-3.2603029133858268
11
5.514858976377953
21
-3.2608362992125985
0
LINE
8
BLACK
6
CONTINUOUS
10
5.514858976377953
20
-3.2608362992125985
11
5.5139173228346454
21
-3.2610236220472442
0
LINE
8
BLACK
6
CONTINUOUS
10
5.5139173228346454
20
-3.2610236220472442
11
5.508996062992126
21
-3.2610236220472442
0
LINE
8
BLACK
6
CONTINUOUS
10
5.508996062992126
20
-3.2610236220472442
11
5.5080544094488184
21
-3.2608362992125985
0
LINE
8
BLACK
6
CONTINUOUS
10
5.5080544094488184
20
-3.2608362992125985
11
5.5072561417322836
21
-3.2603029133858268
0
LINE
8
BLACK
6
CONTINUOUS
10
5.5072561417322836
20
-3.2603029133858268
11
5.5067227559055114
21
-3.2595046456692911
0
LINE
8
BLACK
6
CONTINUOUS
10
5.5067227559055114
20
-3.2595046456692911
11
5.5065354330708658
21
-3.258562992125984
0
LINE
8
BLACK
6
CONTINUOUS
10
5.5065354330708658
20
-3.258562992125984
11
5.5065354330708658
21
-3.2300196850393701
0
LINE
8
BLACK
6
CONTINUOUS
10
5.5065354330708658
20
-3.2300196850393701
11
5.5067227559055114
21
-3.229078031496063
0
LINE
8
BLACK
6
CONTINUOUS
10
5.5067227559055114
20
-3.229078031496063
11
5.5072561417322836
21
-3.2282797637795273
0
LINE
8
BLACK
6
CONTINUOUS
10
5.5072561417322836
20
-3.2282797637795273
11
5.5080544094488184
21
-3.227746377952756
0
LINE
8
BLACK
6
CONTINUOUS
10
5.5080544094488184
20
-3.227746377952756
11
5.508996062992126
21
-3.2275590551181104
0
LINE
8
BLACK
6
CONTINUOUS
10
5.508996062992126
20
-3.2275590551181104
11
5.5139173228346454
21
-3.2275590551181104
0
LINE
8
BLACK
6
CONTINUOUS
10
5.5139173228346454
20
-3.2275590551181104
11
5.514858976377953
21
-3.227746377952756
0
LINE
8
BLACK
6
CONTINUOUS
10
5.5345440157480317
20
-3.227746377952756
11
5.5353422834645665
21
-3.2282797637795273
0
LINE
8
BLACK
6
CONTINUOUS
10
5.5353422834645665
20
-3.2282797637795273
11
5.5358756692913387
21
-3.229078031496063
0
LINE
8
BLACK
6
CONTINUOUS
10
5.5358756692913387
20
-3.229078031496063
11
5.5360629921259843
21
-3.2300196850393701
0
LINE
8
BLACK
6
CONTINUOUS
10
5.5360629921259843
20
-3.2300196850393701
11
5.5360629921259843
21
-3.258562992125984
0
LINE
8
BLACK
6
CONTINUOUS
10
5.5360629921259843
20
-3.258562992125984
11
5.5358756692913387
21
-3.2595046456692911
0
LINE
8
BLACK
6
CONTINUOUS
10
5.5358756692913387
20
-3.2595046456692911
11
5.5353422834645665
21
-3.2603029133858268
0
LINE
8
BLACK
6
CONTINUOUS
10
5.5353422834645665
20
-3.2603029133858268
11
5.5345440157480317
21
-3.2608362992125985
0
LINE
8
BLACK
6
CONTINUOUS
10
5.5345440157480317
20
-3.2608362992125985
11
5.5336023622047241
21
-3.2610236220472442
0
LINE
8
BLACK
6
CONTINUOUS
10
5.5336023622047241
20
-3.2610236220472442
11
5.5286811023622047
21
-3.2610236220472442
0
LINE
8
BLACK
6
CONTINUOUS
10
5.5286811023622047
20
-3.2610236220472442
11
5.5277394488188971
21
-3.2608362992125985
0
LINE
8
BLACK
6
CONTINUOUS
10
5.5277394488188971
20
-3.2608362992125985
11
5.5269411811023623
21
-3.2603029133858268
0
LINE
8
BLACK
6
CONTINUOUS
10
5.5269411811023623
20
-3.2603029133858268
11
5.5264077952755901
21
-3.2595046456692911
0
LINE
8
BLACK
6
CONTINUOUS
10
5.5264077952755901
20
-3.2595046456692911
11
5.5262204724409445
21
-3.258562992125984
0
LINE
8
BLACK
6
CONTINUOUS
10
5.5262204724409445
20
-3.258562992125984
11
5.5262204724409445
21
-3.2300196850393701
0
LINE
8
BLACK
6
CONTINUOUS
10
5.5262204724409445
20
-3.2300196850393701
11
5.5264077952755901
21
-3.229078031496063
0
LINE
8
BLACK
6
CONTINUOUS
10
5.5264077952755901
20
-3.229078031496063
11
5.5269411811023623
21
-3.2282797637795273
0
LINE
8
BLACK
6
CONTINUOUS
10
5.5269411811023623
20
-3.2282797637795273
11
5.5277394488188971
21
-3.227746377952756
0
LINE
8
BLACK
6
CONTINUOUS
10
5.5277394488188971
20
-3.227746377952756
11
5.5286811023622047
21
-3.2275590551181104
0
LINE
8
BLACK
6
CONTINUOUS
10
5.5286811023622047
20
-3.2275590551181104
11
5.5336023622047241
21
-3.2275590551181104
0
LINE
8
BLACK
6
CONTINUOUS
10
5.5336023622047241
20
-3.2275590551181104
11
5.5345440157480317
21
-3.227746377952756
0
LINE
8
BLACK
6
CONTINUOUS
10
5.5542290551181104
20
-3.227746377952756
11
5.5550273228346452
21
-3.2282797637795273
0
LINE
8
BLACK
6
CONTINUOUS
10
5.5550273228346452
20
-3.2282797637795273
11
5.5555607086614174
21
-3.229078031496063
0
LINE
8
BLACK
6
CONTINUOUS
10
5.5555607086614174
20
-3.229078031496063
11
5.555748031496063
21
-3.2300196850393701
0
LINE
8
BLACK
6
CONTINUOUS
10
5.555748031496063
20
-3.2300196850393701
11
5.555748031496063
21
-3.258562992125984
0
LINE
8
BLACK
6
CONTINUOUS
10
5.555748031496063
20
-3.258562992125984
11
5.5555607086614174
21
-3.2595046456692911
0
LINE
8
BLACK
6
CONTINUOUS
10
5.5555607086614174
20
-3.2595046456692911
11
5.5550273228346452
21
-3.2603029133858268
0
LINE
8
BLACK
6
CONTINUOUS
10
5.5550273228346452
20
-3.2603029133858268
11
5.5542290551181104
21
-3.2608362992125985
0
LINE
8
BLACK
6
CONTINUOUS
10
5.5542290551181104
20
-3.2608362992125985
11
5.5532874015748028
21
-3.2610236220472442
0
LINE
8
BLACK
6
CONTINUOUS
10
5.5532874015748028
20
-3.2610236220472442
11
5.5483661417322834
21
-3.2610236220472442
0
LINE
8
BLACK
6
CONTINUOUS
10
5.5483661417322834
20
-3.2610236220472442
11
5.5474244881889758
21
-3.2608362992125985
0
LINE
8
BLACK
6
CONTINUOUS
10
5.5474244881889758
20
-3.2608362992125985
11
5.546626220472441
21
-3.2603029133858268
0
LINE
8
BLACK
6
CONTINUOUS
10
5.546626220472441
20
-3.2603029133858268
11
5.5460928346456688
21
-3.2595046456692911
0
LINE
8
BLACK
6
CONTINUOUS
10
5.5460928346456688
20
-3.2595046456692911
11
5.5459055118110232
21
-3.258562992125984
0
LINE
8
BLACK
6
CONTINUOUS
10
5.5459055118110232
20
-3.258562992125984
11
5.5459055118110232
21
-3.2300196850393701
0
LINE
8
BLACK
6
CONTINUOUS
10
5.5459055118110232
20
-3.2300196850393701
11
5.5460928346456688
21
-3.229078031496063
0
LINE
8
BLACK
6
CONTINUOUS
10
5.5460928346456688
20
-3.229078031496063
11
5.546626220472441
21
-3.2282797637795273
0
LINE
8
BLACK
6
CONTINUOUS
10
5.546626220472441
20
-3.2282797637795273
11
5.5474244881889758
21
-3.227746377952756
0
LINE
8
BLACK
6
CONTINUOUS
10
5.5474244881889758
20
-3.227746377952756
11
5.5483661417322834
21
-3.2275590551181104
0
LINE
8
BLACK
6
CONTINUOUS
10
5.5483661417322834
20
-3.2275590551181104
11
5.5532874015748028
21
-3.2275590551181104
0
LINE
8
BLACK
6
CONTINUOUS
10
5.5532874015748028
20
-3.2275590551181104
11
5.5542290551181104
21
-3.227746377952756
0
LINE
8
BLACK
6
CONTINUOUS
10
5.5739140944881891
20
-3.227746377952756
11
5.5747123622047239
21
-3.2282797637795273
0
LINE
8
BLACK
6
CONTINUOUS
10
5.5747123622047239
20
-3.2282797637795273
11
5.5752457480314961
21
-3.229078031496063
0
LINE
8
BLACK
6
CONTINUOUS
10
5.5752457480314961
20
-3.229078031496063
11
5.5754330708661417
21
-3.2300196850393701
0
LINE
8
BLACK
6
CONTINUOUS
10
5.5754330708661417
20
-3.2300196850393701
11
5.5754330708661417
21
-3.258562992125984
0
LINE
8
BLACK
6
CONTINUOUS
10
5.5754330708661417
20
-3.258562992125984
11
5.5752457480314961
21
-3.2595046456692911
0
LINE
8
BLACK
6
CONTINUOUS
10
5.5752457480314961
20
-3.2595046456692911
11
5.5747123622047239
21
-3.2603029133858268
0
LINE
8
BLACK
6
CONTINUOUS
10
5.5747123622047239
20
-3.2603029133858268
11
5.5739140944881891
21
-3.2608362992125985
0
LINE
8
BLACK
6
CONTINUOUS
10
5.5739140944881891
20
-3.2608362992125985
11
5.5729724409448815
21
-3.2610236220472442
0
LINE
8
BLACK
6
CONTINUOUS
10
5.5729724409448815
20
-3.2610236220472442
11
5.5680511811023621
21
-3.2610236220472442
0
LINE
8
BLACK
6
CONTINUOUS
10
5.5680511811023621
20
-3.2610236220472442
11
5.5671095275590554
21
-3.2608362992125985
0
LINE
8
BLACK
6
CONTINUOUS
10
5.5671095275590554
20
-3.2608362992125985
11
5.5663112598425197
21
-3.2603029133858268
0
LINE
8
BLACK
6
CONTINUOUS
10
5.5663112598425197
20
-3.2603029133858268
11
5.5657778740157475
21
-3.2595046456692911
0
LINE
8
BLACK
6
CONTINUOUS
10
5.5657778740157475
20
-3.2595046456692911
11
5.5655905511811019
21
-3.258562992125984
0
LINE
8
BLACK
6
CONTINUOUS
10
5.5655905511811019
20
-3.258562992125984
11
5.5655905511811019
21
-3.2300196850393701
0
LINE
8
BLACK
6
CONTINUOUS
10
5.5655905511811019
20
-3.2300196850393701
11
5.5657778740157475
21
-3.229078031496063
0
LINE
8
BLACK
6
CONTINUOUS
10
5.5657778740157475
20
-3.229078031496063
11
5.5663112598425197
21
-3.2282797637795273
0
LINE
8
BLACK
6
CONTINUOUS
10
5.5663112598425197
20
-3.2282797637795273
11
5.5671095275590554
21
-3.227746377952756
0
LINE
8
BLACK
6
CONTINUOUS
10
5.5671095275590554
20
-3.227746377952756
11
5.5680511811023621
21
-3.2275590551181104
0
LINE
8
BLACK
6
CONTINUOUS
10
5.5680511811023621
20
-3.2275590551181104
11
5.5729724409448815
21
-3.2275590551181104
0
LINE
8
BLACK
6
CONTINUOUS
10
5.5729724409448815
20
-3.2275590551181104
11
5.5739140944881891
21
-3.227746377952756
0
LINE
8
BLACK
6
CONTINUOUS
10
5.5935991338582678
20
-3.227746377952756
11
5.5943974015748026
21
-3.2282797637795273
0
LINE
8
BLACK
6
CONTINUOUS
10
5.5943974015748026
20
-3.2282797637795273
11
5.5949307874015748
21
-3.229078031496063
0
LINE
8
BLACK
6
CONTINUOUS
10
5.5949307874015748
20
-3.229078031496063
11
5.5951181102362204
21
-3.2300196850393701
0
LINE
8
BLACK
6
CONTINUOUS
10
5.5951181102362204
20
-3.2300196850393701
11
5.5951181102362204
21
-3.258562992125984
0
LINE
8
BLACK
6
CONTINUOUS
10
5.5951181102362204
20
-3.258562992125984
11
5.5949307874015748
21
-3.2595046456692911
0
LINE
8
BLACK
6
CONTINUOUS
10
5.5949307874015748
20
-3.2595046456692911
11
5.5943974015748026
21
-3.2603029133858268
0
LINE
8
BLACK
6
CONTINUOUS
10
5.5943974015748026
20
-3.2603029133858268
11
5.5935991338582678
21
-3.2608362992125985
0
LINE
8
BLACK
6
CONTINUOUS
10
5.5935991338582678
20
-3.2608362992125985
11
5.5926574803149602
21
-3.2610236220472442
0
LINE
8
BLACK
6
CONTINUOUS
10
5.5926574803149602
20
-3.2610236220472442
11
5.5877362204724408
21
-3.2610236220472442
0
LINE
8
BLACK
6
CONTINUOUS
10
5.5877362204724408
20
-3.2610236220472442
11
5.5867945669291341
21
-3.2608362992125985
0
LINE
8
BLACK
6
CONTINUOUS
10
5.5867945669291341
20
-3.2608362992125985
11
5.5859962992125984
21
-3.2603029133858268
0
LINE
8
BLACK
6
CONTINUOUS
10
5.5859962992125984
20
-3.2603029133858268
11
5.5854629133858262
21
-3.2595046456692911
0
LINE
8
BLACK
6
CONTINUOUS
10
5.5854629133858262
20
-3.2595046456692911
11
5.5852755905511806
21
-3.258562992125984
0
LINE
8
BLACK
6
CONTINUOUS
10
5.5852755905511806
20
-3.258562992125984
11
5.5852755905511806
21
-3.2300196850393701
0
LINE
8
BLACK
6
CONTINUOUS
10
5.5852755905511806
20
-3.2300196850393701
11
5.5854629133858262
21
-3.229078031496063
0
LINE
8
BLACK
6
CONTINUOUS
10
5.5854629133858262
20
-3.229078031496063
11
5.5859962992125984
21
-3.2282797637795273
0
LINE
8
BLACK
6
CONTINUOUS
10
5.5859962992125984
20
-3.2282797637795273
11
5.5867945669291341
21
-3.227746377952756
0
LINE
8
BLACK
6
CONTINUOUS
10
5.5867945669291341
20
-3.227746377952756
11
5.5877362204724408
21
-3.2275590551181104
0
LINE
8
BLACK
6
CONTINUOUS
10
5.5877362204724408
20
-3.2275590551181104
11
5.5926574803149602
21
-3.2275590551181104
0
LINE
8
BLACK
6
CONTINUOUS
10
5.5926574803149602
20
-3.2275590551181104
11
5.5935991338582678
21
-3.227746377952756
0
LINE
8
BLACK
6
CONTINUOUS
10
5.6132841732283465
20
-3.227746377952756
11
5.6140824409448822
21
-3.2282797637795273
0
LINE
8
BLACK
6
CONTINUOUS
10
5.6140824409448822
20
-3.2282797637795273
11
5.6146158267716535
21
-3.229078031496063
0
LINE
8
BLACK
6
CONTINUOUS
10
5.6146158267716535
20
-3.229078031496063
11
5.6148031496062991
21
-3.2300196850393701
0
LINE
8
BLACK
6
CONTINUOUS
10
5.6148031496062991
20
-3.2300196850393701
11
5.6148031496062991
21
-3.258562992125984
0
LINE
8
BLACK
6
CONTINUOUS
10
5.6148031496062991
20
-3.258562992125984
11
5.6146158267716535
21
-3.2595046456692911
0
LINE
8
BLACK
6
CONTINUOUS
10
5.6146158267716535
20
-3.2595046456692911
11
5.6140824409448822
21
-3.2603029133858268
0
LINE
8
BLACK
6
CONTINUOUS
10
5.6140824409448822
20
-3.2603029133858268
11
5.6132841732283465
21
-3.2608362992125985
0
LINE
8
BLACK
6
CONTINUOUS
10
5.6132841732283465
20
-3.2608362992125985
11
5.6123425196850389
21
-3.2610236220472442
0
LINE
8
BLACK
6
CONTINUOUS
10
5.6123425196850389
20
-3.2610236220472442
11
5.6074212598425195
21
-3.2610236220472442
0
LINE
8
BLACK
6
CONTINUOUS
10
5.6074212598425195
20
-3.2610236220472442
11
5.6064796062992128
21
-3.2608362992125985
0
LINE
8
BLACK
6
CONTINUOUS
10
5.6064796062992128
20
-3.2608362992125985
11
5.6056813385826771
21
-3.2603029133858268
0
LINE
8
BLACK
6
CONTINUOUS
10
5.6056813385826771
20
-3.2603029133858268
11
5.6051479527559058
21
-3.2595046456692911
0
LINE
8
BLACK
6
CONTINUOUS
10
5.6051479527559058
20
-3.2595046456692911
11
5.6049606299212593
21
-3.258562992125984
0
LINE
8
BLACK
6
CONTINUOUS
10
5.6049606299212593
20
-3.258562992125984
11
5.6049606299212593
21
-3.2300196850393701
0
LINE
8
BLACK
6
CONTINUOUS
10
5.6049606299212593
20
-3.2300196850393701
11
5.6051479527559058
21
-3.229078031496063
0
LINE
8
BLACK
6
CONTINUOUS
10
5.6051479527559058
20
-3.229078031496063
11
5.6056813385826771
21
-3.2282797637795273
0
LINE
8
BLACK
6
CONTINUOUS
10
5.6056813385826771
20
-3.2282797637795273
11
5.6064796062992128
21
-3.227746377952756
0
LINE
8
BLACK
6
CONTINUOUS
10
5.6064796062992128
20
-3.227746377952756
11
5.6074212598425195
21
-3.2275590551181104
0
LINE
8
BLACK
6
CONTINUOUS
10
5.6074212598425195
20
-3.2275590551181104
11
5.6123425196850389
21
-3.2275590551181104
0
LINE
8
BLACK
6
CONTINUOUS
10
5.6123425196850389
20
-3.2275590551181104
11
5.6132841732283465
21
-3.227746377952756
0
LINE
8
BLACK
6
CONTINUOUS
10
6.0131102362204727
20
-3.2502755905511811
11
5.9894881889763782
21
-3.2502755905511811
0
LINE
8
BLACK
6
CONTINUOUS
10
5.9894881889763782
20
-3.2502755905511811
11
5.9894881889763782
21
-3.191220472440945
0
LINE
8
BLACK
6
CONTINUOUS
10
5.9894881889763782
20
-3.191220472440945
11
6.0131102362204727
21
-3.191220472440945
0
LINE
8
BLACK
6
CONTINUOUS
10
6.0131102362204727
20
-3.191220472440945
11
6.0131102362204727
21
-3.2502755905511811
0
LINE
8
BLACK
6
CONTINUOUS
10
6.0631102362204725
20
-3.2502755905511811
11
6.0394881889763781
21
-3.2502755905511811
0
LINE
8
BLACK
6
CONTINUOUS
10
6.0394881889763781
20
-3.2502755905511811
11
6.0394881889763781
21
-3.191220472440945
0
LINE
8
BLACK
6
CONTINUOUS
10
6.0394881889763781
20
-3.191220472440945
11
6.0631102362204725
21
-3.191220472440945
0
LINE
8
BLACK
6
CONTINUOUS
10
6.0631102362204725
20
-3.191220472440945
11
6.0631102362204725
21
-3.2502755905511811
0
LINE
8
BLACK
6
CONTINUOUS
10
6.1131102362204723
20
-3.2502755905511811
11
6.0894881889763779
21
-3.2502755905511811
0
LINE
8
BLACK
6
CONTINUOUS
10
6.0894881889763779
20
-3.2502755905511811
11
6.0894881889763779
21
-3.191220472440945
0
LINE
8
BLACK
6
CONTINUOUS
10
6.0894881889763779
20
-3.191220472440945
11
6.1131102362204723
21
-3.191220472440945
0
LINE
8
BLACK
6
CONTINUOUS
10
6.1131102362204723
20
-3.191220472440945
11
6.1131102362204723
21
-3.2502755905511811
0
LINE
8
BLACK
6
CONTINUOUS
10
5.7547823228346457
20
-3.2044893700787402
11
5.7579754724409451
21
-3.2066229527559056
0
LINE
8
BLACK
6
CONTINUOUS
10
5.7579754724409451
20
-3.2066229527559056
11
5.76010905511811
21
-3.2098161023622045
0
LINE
8
BLACK
6
CONTINUOUS
10
5.76010905511811
20
-3.2098161023622045
11
5.760858267716535
21
-3.2135826771653542
0
LINE
8
BLACK
6
CONTINUOUS
10
5.760858267716535
20
-3.2135826771653542
11
5.760858267716535
21
-3.2391732283464565
0
LINE
8
BLACK
6
CONTINUOUS
10
5.760858267716535
20
-3.2391732283464565
11
5.76010905511811
21
-3.2429398031496062
0
LINE
8
BLACK
6
CONTINUOUS
10
5.76010905511811
20
-3.2429398031496062
11
5.7579754724409451
21
-3.2461329527559055
0
LINE
8
BLACK
6
CONTINUOUS
10
5.7579754724409451
20
-3.2461329527559055
11
5.7547823228346457
21
-3.2482665354330709
0
LINE
8
BLACK
6
CONTINUOUS
10
5.7547823228346457
20
-3.2482665354330709
11
5.7510157480314961
21
-3.2490157480314958
0
LINE
8
BLACK
6
CONTINUOUS
10
5.7510157480314961
20
-3.2490157480314958
11
5.7155826771653544
21
-3.2490157480314958
0
LINE
8
BLACK
6
CONTINUOUS
10
5.7155826771653544
20
-3.2490157480314958
11
5.7118161023622047
21
-3.2482665354330709
0
LINE
8
BLACK
6
CONTINUOUS
10
5.7118161023622047
20
-3.2482665354330709
11
5.7086229527559054
21
-3.2461329527559055
0
LINE
8
BLACK
6
CONTINUOUS
10
5.7086229527559054
20
-3.2461329527559055
11
5.7064893700787405
21
-3.2429398031496062
0
LINE
8
BLACK
6
CONTINUOUS
10
5.7064893700787405
20
-3.2429398031496062
11
5.7057401574803146
21
-3.2391732283464565
0
LINE
8
BLACK
6
CONTINUOUS
10
5.7057401574803146
20
-3.2391732283464565
11
5.7057401574803146
21
-3.2135826771653542
0
LINE
8
BLACK
6
CONTINUOUS
10
5.7057401574803146
20
-3.2135826771653542
11
5.7064893700787405
21
-3.2098161023622045
0
LINE
8
BLACK
6
CONTINUOUS
10
5.7064893700787405
20
-3.2098161023622045
11
5.7086229527559054
21
-3.2066229527559056
0
LINE
8
BLACK
6
CONTINUOUS
10
5.7086229527559054
20
-3.2066229527559056
11
5.7118161023622047
21
-3.2044893700787402
0
LINE
8
BLACK
6
CONTINUOUS
10
5.7118161023622047
20
-3.2044893700787402
11
5.7155826771653544
21
-3.2037401574803148
0
LINE
8
BLACK
6
CONTINUOUS
10
5.7155826771653544
20
-3.2037401574803148
11
5.7510157480314961
21
-3.2037401574803148
0
LINE
8
BLACK
6
CONTINUOUS
10
5.7510157480314961
20
-3.2037401574803148
11
5.7547823228346457
21
-3.2044893700787402
0
LINE
8
BLACK
6
CONTINUOUS
10
5.883051102362205
20
-3.1786144094488189
11
5.8862442519685034
21
-3.180748031496063
0
LINE
8
BLACK
6
CONTINUOUS
10
5.8862442519685034
20
-3.180748031496063
11
5.9112992125984247
21
-3.2058029921259843
0
LINE
8
BLACK
6
CONTINUOUS
10
5.9112992125984247
20
-3.2058029921259843
11
5.9134328346456693
21
-3.2089961417322832
0
LINE
8
BLACK
6
CONTINUOUS
10
5.9134328346456693
20
-3.2089961417322832
11
5.9141820472440942
21
-3.2127626771653541
0
LINE
8
BLACK
6
CONTINUOUS
10
5.9141820472440942
20
-3.2127626771653541
11
5.9134328346456693
21
-3.2165292519685038
0
LINE
8
BLACK
6
CONTINUOUS
10
5.9134328346456693
20
-3.2165292519685038
11
5.9112992125984247
21
-3.2197224015748032
0
LINE
8
BLACK
6
CONTINUOUS
10
5.9112992125984247
20
-3.2197224015748032
11
5.8932039763779525
21
-3.2378176377952754
0
LINE
8
BLACK
6
CONTINUOUS
10
5.8932039763779525
20
-3.2378176377952754
11
5.8900108267716531
21
-3.2399512598425195
0
LINE
8
BLACK
6
CONTINUOUS
10
5.8900108267716531
20
-3.2399512598425195
11
5.8862442519685034
21
-3.2407004724409449
0
LINE
8
BLACK
6
CONTINUOUS
10
5.8862442519685034
20
-3.2407004724409449
11
5.8824777165354325
21
-3.2399512598425195
0
LINE
8
BLACK
6
CONTINUOUS
10
5.8824777165354325
20
-3.2399512598425195
11
5.879284566929134
21
-3.2378176377952754
0
LINE
8
BLACK
6
CONTINUOUS
10
5.879284566929134
20
-3.2378176377952754
11
5.8542296062992127
21
-3.2127626771653541
0
LINE
8
BLACK
6
CONTINUOUS
10
5.8542296062992127
20
-3.2127626771653541
11
5.8520959842519682
21
-3.2095695275590552
0
LINE
8
BLACK
6
CONTINUOUS
10
5.8520959842519682
20
-3.2095695275590552
11
5.8513467716535432
21
-3.2058029921259843
0
LINE
8
BLACK
6
CONTINUOUS
10
5.8513467716535432
20
-3.2058029921259843
11
5.8520959842519682
21
-3.2020364173228346
0
LINE
8
BLACK
6
CONTINUOUS
10
5.8520959842519682
20
-3.2020364173228346
11
5.8542296062992127
21
-3.1988432677165353
0
LINE
8
BLACK
6
CONTINUOUS
10
5.8542296062992127
20
-3.1988432677165353
11
5.872324842519685
21
-3.180748031496063
0
LINE
8
BLACK
6
CONTINUOUS
10
5.872324842519685
20
-3.180748031496063
11
5.8755179921259844
21
-3.1786144094488189
0
LINE
8
BLACK
6
CONTINUOUS
10
5.8755179921259844
20
-3.1786144094488189
11
5.879284566929134
21
-3.1778651968503935
0
LINE
8
BLACK
6
CONTINUOUS
10
5.879284566929134
20
-3.1778651968503935
11
5.883051102362205
21
-3.1786144094488189
0
LINE
8
BLACK
6
CONTINUOUS
10
5.8155316535433066
20
-3.2032175984251969
11
5.8184054724409444
21
-3.2051378346456691
0
LINE
8
BLACK
6
CONTINUOUS
10
5.8184054724409444
20
-3.2051378346456691
11
5.8203257086614171
21
-3.208011653543307
0
LINE
8
BLACK
6
CONTINUOUS
10
5.8203257086614171
20
-3.208011653543307
11
5.8209999999999997
21
-3.2114015748031495
0
LINE
8
BLACK
6
CONTINUOUS
10
5.8209999999999997
20
-3.2114015748031495
11
5.8209999999999997
21
-3.2291181102362203
0
LINE
8
BLACK
6
CONTINUOUS
10
5.8209999999999997
20
-3.2291181102362203
11
5.8203257086614171
21
-3.2325080314960628
0
LINE
8
BLACK
6
CONTINUOUS
10
5.8203257086614171
20
-3.2325080314960628
11
5.8184054724409444
21
-3.2353818503937006
0
LINE
8
BLACK
6
CONTINUOUS
10
5.8184054724409444
20
-3.2353818503937006
11
5.8155316535433066
21
-3.2373020866141733
0
LINE
8
BLACK
6
CONTINUOUS
10
5.8155316535433066
20
-3.2373020866141733
11
5.8121417322834645
21
-3.2379763779527559
0
LINE
8
BLACK
6
CONTINUOUS
10
5.8121417322834645
20
-3.2379763779527559
11
5.7924566929133858
21
-3.2379763779527559
0
LINE
8
BLACK
6
CONTINUOUS
10
5.7924566929133858
20
-3.2379763779527559
11
5.7890667716535429
21
-3.2373020866141733
0
LINE
8
BLACK
6
CONTINUOUS
10
5.7890667716535429
20
-3.2373020866141733
11
5.7861929527559051
21
-3.2353818503937006
0
LINE
8
BLACK
6
CONTINUOUS
10
5.7861929527559051
20
-3.2353818503937006
11
5.7842727165354333
21
-3.2325080314960628
0
LINE
8
BLACK
6
CONTINUOUS
10
5.7842727165354333
20
-3.2325080314960628
11
5.7835984251968506
21
-3.2291181102362203
0
LINE
8
BLACK
6
CONTINUOUS
10
5.7835984251968506
20
-3.2291181102362203
11
5.7835984251968506
21
-3.2114015748031495
0
LINE
8
BLACK
6
CONTINUOUS
10
5.7835984251968506
20
-3.2114015748031495
11
5.7842727165354333
21
-3.208011653543307
0
LINE
8
BLACK
6
CONTINUOUS
10
5.7842727165354333
20
-3.208011653543307
11
5.7861929527559051
21
-3.2051378346456691
0
LINE
8
BLACK
6
CONTINUOUS
10
5.7861929527559051
20
-3.2051378346456691
11
5.7890667716535429
21
-3.2032175984251969
0
LINE
8
BLACK
6
CONTINUOUS
10
5.7890667716535429
20
-3.2032175984251969
11
5.7924566929133858
21
-3.2025433070866143
0
LINE
8
BLACK
6
CONTINUOUS
10
5.7924566929133858
20
-3.2025433070866143
11
5.8121417322834645
21
-3.2025433070866143
0
LINE
8
BLACK
6
CONTINUOUS
10
5.8121417322834645
20
-3.2025433070866143
11
5.8155316535433066
21
-3.2032175984251969
0
LINE
8
BLACK
6
CONTINUOUS
10
5.2201392519685035
20
-3.1781190551181102
11
5.2226937401574798
21
-3.1798259448818897
0
LINE
8
BLACK
6
CONTINUOUS
10
5.2226937401574798
20
-3.1798259448818897
11
5.2244006299212593
21
-3.182380433070866
0
LINE
8
BLACK
6
CONTINUOUS
10
5.2244006299212593
20
-3.182380433070866
11
5.2249999999999996
21
-3.1853937007874014
0
LINE
8
BLACK
6
CONTINUOUS
10
5.2249999999999996
20
-3.1853937007874014
11
5.2249999999999996
21
-3.2011417322834643
0
LINE
8
BLACK
6
CONTINUOUS
10
5.2249999999999996
20
-3.2011417322834643
11
5.2244006299212593
21
-3.2041550000000001
0
LINE
8
BLACK
6
CONTINUOUS
10
5.2244006299212593
20
-3.2041550000000001
11
5.2226937401574798
21
-3.2067094881889764
0
LINE
8
BLACK
6
CONTINUOUS
10
5.2226937401574798
20
-3.2067094881889764
11
5.2201392519685035
21
-3.2084163779527559
0
LINE
8
BLACK
6
CONTINUOUS
10
5.2201392519685035
20
-3.2084163779527559
11
5.2171259842519682
21
-3.2090157480314958
0
LINE
8
BLACK
6
CONTINUOUS
10
5.2171259842519682
20
-3.2090157480314958
11
5.195472440944882
21
-3.2090157480314958
0
LINE
8
BLACK
6
CONTINUOUS
10
5.195472440944882
20
-3.2090157480314958
11
5.1924591732283467
21
-3.2084163779527559
0
LINE
8
BLACK
6
CONTINUOUS
10
5.1924591732283467
20
-3.2084163779527559
11
5.1899046850393695
21
-3.2067094881889764
0
LINE
8
BLACK
6
CONTINUOUS
10
5.1899046850393695
20
-3.2067094881889764
11
5.18819779527559
21
-3.2041550000000001
0
LINE
8
BLACK
6
CONTINUOUS
10
5.18819779527559
20
-3.2041550000000001
11
5.1875984251968505
21
-3.2011417322834643
0
LINE
8
BLACK
6
CONTINUOUS
10
5.1875984251968505
20
-3.2011417322834643
11
5.1875984251968505
21
-3.1853937007874014
0
LINE
8
BLACK
6
CONTINUOUS
10
5.1875984251968505
20
-3.1853937007874014
11
5.18819779527559
21
-3.182380433070866
0
LINE
8
BLACK
6
CONTINUOUS
10
5.18819779527559
20
-3.182380433070866
11
5.1899046850393695
21
-3.1798259448818897
0
LINE
8
BLACK
6
CONTINUOUS
10
5.1899046850393695
20
-3.1798259448818897
11
5.1924591732283467
21
-3.1781190551181102
0
LINE
8
BLACK
6
CONTINUOUS
10
5.1924591732283467
20
-3.1781190551181102
11
5.195472440944882
21
-3.1775196850393699
0
LINE
8
BLACK
6
CONTINUOUS
10
5.195472440944882
20
-3.1775196850393699
11
5.2171259842519682
21
-3.1775196850393699
0
LINE
8
BLACK
6
CONTINUOUS
10
5.2171259842519682
20
-3.1775196850393699
11
5.2201392519685035
21
-3.1781190551181102
0
LINE
8
BLACK
6
CONTINUOUS
10
5.019745551181102
20
-3.1757962204724408
11
5.0223000393700783
21
-3.1775031102362203
0
LINE
8
BLACK
6
CONTINUOUS
10
5.0223000393700783
20
-3.1775031102362203
11
5.0240069291338578
21
-3.1800575984251966
0
LINE
8
BLACK
6
CONTINUOUS
10
5.0240069291338578
20
-3.1800575984251966
11
5.0246062992125982
21
-3.1830708661417324
0
LINE
8
BLACK
6
CONTINUOUS
10
5.0246062992125982
20
-3.1830708661417324
11
5.0246062992125982
21
-3.1988188976377954
0
LINE
8
BLACK
6
CONTINUOUS
10
5.0246062992125982
20
-3.1988188976377954
11
5.0240069291338578
21
-3.2018321653543307
0
LINE
8
BLACK
6
CONTINUOUS
10
5.0240069291338578
20
-3.2018321653543307
11
5.0223000393700783
21
-3.204386653543307
0
LINE
8
BLACK
6
CONTINUOUS
10
5.0223000393700783
20
-3.204386653543307
11
5.019745551181102
21
-3.2060935433070865
0
LINE
8
BLACK
6
CONTINUOUS
10
5.019745551181102
20
-3.2060935433070865
11
5.0167322834645667
21
-3.2066929133858268
0
LINE
8
BLACK
6
CONTINUOUS
10
5.0167322834645667
20
-3.2066929133858268
11
4.9950787401574805
21
-3.2066929133858268
0
LINE
8
BLACK
6
CONTINUOUS
10
4.9950787401574805
20
-3.2066929133858268
11
4.9920654724409443
21
-3.2060935433070865
0
LINE
8
BLACK
6
CONTINUOUS
10
4.9920654724409443
20
-3.2060935433070865
11
4.989510984251968
21
-3.204386653543307
0
LINE
8
BLACK
6
CONTINUOUS
10
4.989510984251968
20
-3.204386653543307
11
4.9878040944881885
21
-3.2018321653543307
0
LINE
8
BLACK
6
CONTINUOUS
10
4.9878040944881885
20
-3.2018321653543307
11
4.9872047244094491
21
-3.1988188976377954
0
LINE
8
BLACK
6
CONTINUOUS
10
4.9872047244094491
20
-3.1988188976377954
11
4.9872047244094491
21
-3.1830708661417324
0
LINE
8
BLACK
6
CONTINUOUS
10
4.9872047244094491
20
-3.1830708661417324
11
4.9878040944881885
21
-3.1800575984251966
0
LINE
8
BLACK
6
CONTINUOUS
10
4.9878040944881885
20
-3.1800575984251966
11
4.989510984251968
21
-3.1775031102362203
0
LINE
8
BLACK
6
CONTINUOUS
10
4.989510984251968
20
-3.1775031102362203
11
4.9920654724409443
21
-3.1757962204724408
0
LINE
8
BLACK
6
CONTINUOUS
10
4.9920654724409443
20
-3.1757962204724408
11
4.9950787401574805
21
-3.1751968503937009
0
LINE
8
BLACK
6
CONTINUOUS
10
4.9950787401574805
20
-3.1751968503937009
11
5.0167322834645667
21
-3.1751968503937009
0
LINE
8
BLACK
6
CONTINUOUS
10
5.0167322834645667
20
-3.1751968503937009
11
5.019745551181102
21
-3.1757962204724408
0
LINE
8
BLACK
6
CONTINUOUS
10
5.1437612992125983
20
-3.1756387401574804
11
5.1463157874015746
21
-3.1773456299212599
0
LINE
8
BLACK
6
CONTINUOUS
10
5.1463157874015746
20
-3.1773456299212599
11
5.1480226771653541
21
-3.1799001181102362
0
LINE
8
BLACK
6
CONTINUOUS
10
5.1480226771653541
20
-3.1799001181102362
11
5.1486220472440944
21
-3.1829133858267715
0
LINE
8
BLACK
6
CONTINUOUS
10
5.1486220472440944
20
-3.1829133858267715
11
5.1486220472440944
21
-3.1986614173228345
0
LINE
8
BLACK
6
CONTINUOUS
10
5.1486220472440944
20
-3.1986614173228345
11
5.1480226771653541
21
-3.2016746850393698
0
LINE
8
BLACK
6
CONTINUOUS
10
5.1480226771653541
20
-3.2016746850393698
11
5.1463157874015746
21
-3.2042291732283465
0
LINE
8
BLACK
6
CONTINUOUS
10
5.1463157874015746
20
-3.2042291732283465
11
5.1437612992125983
21
-3.2059360629921261
0
LINE
8
BLACK
6
CONTINUOUS
10
5.1437612992125983
20
-3.2059360629921261
11
5.140748031496063
21
-3.206535433070866
0
LINE
8
BLACK
6
CONTINUOUS
10
5.140748031496063
20
-3.206535433070866
11
5.1190944881889759
21
-3.206535433070866
0
LINE
8
BLACK
6
CONTINUOUS
10
5.1190944881889759
20
-3.206535433070866
11
5.1160812204724406
21
-3.2059360629921261
0
LINE
8
BLACK
6
CONTINUOUS
10
5.1160812204724406
20
-3.2059360629921261
11
5.1135267322834643
21
-3.2042291732283465
0
LINE
8
BLACK
6
CONTINUOUS
10
5.1135267322834643
20
-3.2042291732283465
11
5.1118198425196848
21
-3.2016746850393698
0
LINE
8
BLACK
6
CONTINUOUS
10
5.1118198425196848
20
-3.2016746850393698
11
5.1112204724409445
21
-3.1986614173228345
0
LINE
8
BLACK
6
CONTINUOUS
10
5.1112204724409445
20
-3.1986614173228345
11
5.1112204724409445
21
-3.1829133858267715
0
LINE
8
BLACK
6
CONTINUOUS
10
5.1112204724409445
20
-3.1829133858267715
11
5.1118198425196848
21
-3.1799001181102362
0
LINE
8
BLACK
6
CONTINUOUS
10
5.1118198425196848
20
-3.1799001181102362
11
5.1135267322834643
21
-3.1773456299212599
0
LINE
8
BLACK
6
CONTINUOUS
10
5.1135267322834643
20
-3.1773456299212599
11
5.1160812204724406
21
-3.1756387401574804
0
LINE
8
BLACK
6
CONTINUOUS
10
5.1160812204724406
20
-3.1756387401574804
11
5.1190944881889759
21
-3.17503937007874
0
LINE
8
BLACK
6
CONTINUOUS
10
5.1190944881889759
20
-3.17503937007874
11
5.140748031496063
21
-3.17503937007874
0
LINE
8
BLACK
6
CONTINUOUS
10
5.140748031496063
20
-3.17503937007874
11
5.1437612992125983
21
-3.1756387401574804
0
LINE
8
BLACK
6
CONTINUOUS
10
5.0827376771653539
20
-3.1755993700787402
11
5.0852921653543302
21
-3.1773062598425197
0
LINE
8
BLACK
6
CONTINUOUS
10
5.0852921653543302
20
-3.1773062598425197
11
5.0869990551181097
21
-3.179860748031496
0
LINE
8
BLACK
6
CONTINUOUS
10
5.0869990551181097
20
-3.179860748031496
11
5.08759842519685
21
-3.1828740157480313
0
LINE
8
BLACK
6
CONTINUOUS
10
5.08759842519685
20
-3.1828740157480313
11
5.08759842519685
21
-3.1986220472440943
0
LINE
8
BLACK
6
CONTINUOUS
10
5.08759842519685
20
-3.1986220472440943
11
5.0869990551181097
21
-3.20163531496063
0
LINE
8
BLACK
6
CONTINUOUS
10
5.0869990551181097
20
-3.20163531496063
11
5.0852921653543302
21
-3.2041898031496063
0
LINE
8
BLACK
6
CONTINUOUS
10
5.0852921653543302
20
-3.2041898031496063
11
5.0827376771653539
21
-3.2058966929133859
0
LINE
8
BLACK
6
CONTINUOUS
10
5.0827376771653539
20
-3.2058966929133859
11
5.0797244094488185
21
-3.2064960629921258
0
LINE
8
BLACK
6
CONTINUOUS
10
5.0797244094488185
20
-3.2064960629921258
11
5.0580708661417324
21
-3.2064960629921258
0
LINE
8
BLACK
6
CONTINUOUS
10
5.0580708661417324
20
-3.2064960629921258
11
5.0550575984251971
21
-3.2058966929133859
0
LINE
8
BLACK
6
CONTINUOUS
10
5.0550575984251971
20
-3.2058966929133859
11
5.0525031102362208
21
-3.2041898031496063
0
LINE
8
BLACK
6
CONTINUOUS
10
5.0525031102362208
20
-3.2041898031496063
11
5.0507962204724413
21
-3.20163531496063
0
LINE
8
BLACK
6
CONTINUOUS
10
5.0507962204724413
20
-3.20163531496063
11
5.0501968503937009
21
-3.1986220472440943
0
LINE
8
BLACK
6
CONTINUOUS
10
5.0501968503937009
20
-3.1986220472440943
11
5.0501968503937009
21
-3.1828740157480313
0
LINE
8
BLACK
6
CONTINUOUS
10
5.0501968503937009
20
-3.1828740157480313
11
5.0507962204724413
21
-3.179860748031496
0
LINE
8
BLACK
6
CONTINUOUS
10
5.0507962204724413
20
-3.179860748031496
11
5.0525031102362208
21
-3.1773062598425197
0
LINE
8
BLACK
6
CONTINUOUS
10
5.0525031102362208
20
-3.1773062598425197
11
5.0550575984251971
21
-3.1755993700787402
0
LINE
8
BLACK
6
CONTINUOUS
10
5.0550575984251971
20
-3.1755993700787402
11
5.0580708661417324
21
-3.1749999999999998
0
LINE
8
BLACK
6
CONTINUOUS
10
5.0580708661417324
20
-3.1749999999999998
11
5.0797244094488185
21
-3.1749999999999998
0
LINE
8
BLACK
6
CONTINUOUS
10
5.0797244094488185
20
-3.1749999999999998
11
5.0827376771653539
21
-3.1755993700787402
0
LINE
8
BLACK
6
CONTINUOUS
10
6.4577823228346452
20
-3.1416744094488189
11
6.4609754724409445
21
-3.1438079921259843
0
LINE
8
BLACK
6
CONTINUOUS
10
6.4609754724409445
20
-3.1438079921259843
11
6.4631090551181103
21
-3.1470011417322832
0
LINE
8
BLACK
6
CONTINUOUS
10
6.4631090551181103
20
-3.1470011417322832
11
6.4638582677165353
21
-3.1507677165354329
0
LINE
8
BLACK
6
CONTINUOUS
10
6.4638582677165353
20
-3.1507677165354329
11
6.4638582677165353
21
-3.1763582677165352
0
LINE
8
BLACK
6
CONTINUOUS
10
6.4638582677165353
20
-3.1763582677165352
11
6.4631090551181103
21
-3.1801248425196849
0
LINE
8
BLACK
6
CONTINUOUS
10
6.4631090551181103
20
-3.1801248425196849
11
6.4609754724409445
21
-3.1833179921259842
0
LINE
8
BLACK
6
CONTINUOUS
10
6.4609754724409445
20
-3.1833179921259842
11
6.4577823228346452
21
-3.1854515748031496
0
LINE
8
BLACK
6
CONTINUOUS
10
6.4577823228346452
20
-3.1854515748031496
11
6.4540157480314964
21
-3.1862007874015745
0
LINE
8
BLACK
6
CONTINUOUS
10
6.4540157480314964
20
-3.1862007874015745
11
6.4185826771653538
21
-3.1862007874015745
0
LINE
8
BLACK
6
CONTINUOUS
10
6.4185826771653538
20
-3.1862007874015745
11
6.414816102362205
21
-3.1854515748031496
0
LINE
8
BLACK
6
CONTINUOUS
10
6.414816102362205
20
-3.1854515748031496
11
6.4116229527559057
21
-3.1833179921259842
0
LINE
8
BLACK
6
CONTINUOUS
10
6.4116229527559057
20
-3.1833179921259842
11
6.4094893700787399
21
-3.1801248425196849
0
LINE
8
BLACK
6
CONTINUOUS
10
6.4094893700787399
20
-3.1801248425196849
11
6.4087401574803149
21
-3.1763582677165352
0
LINE
8
BLACK
6
CONTINUOUS
10
6.4087401574803149
20
-3.1763582677165352
11
6.4087401574803149
21
-3.1507677165354329
0
LINE
8
BLACK
6
CONTINUOUS
10
6.4087401574803149
20
-3.1507677165354329
11
6.4094893700787399
21
-3.1470011417322832
0
LINE
8
BLACK
6
CONTINUOUS
10
6.4094893700787399
20
-3.1470011417322832
11
6.4116229527559057
21
-3.1438079921259843
0
LINE
8
BLACK
6
CONTINUOUS
10
6.4116229527559057
20
-3.1438079921259843
11
6.414816102362205
21
-3.1416744094488189
0
LINE
8
BLACK
6
CONTINUOUS
10
6.414816102362205
20
-3.1416744094488189
11
6.4185826771653538
21
-3.1409251968503935
0
LINE
8
BLACK
6
CONTINUOUS
10
6.4185826771653538
20
-3.1409251968503935
11
6.4540157480314964
21
-3.1409251968503935
0
LINE
8
BLACK
6
CONTINUOUS
10
6.4540157480314964
20
-3.1409251968503935
11
6.4577823228346452
21
-3.1416744094488189
0
LINE
8
BLACK
6
CONTINUOUS
10
5.9401207086614169
20
-3.121544803149606
11
5.9433138582677163
21
-3.1236784251968501
0
LINE
8
BLACK
6
CONTINUOUS
10
5.9433138582677163
20
-3.1236784251968501
11
5.9683688188976376
21
-3.1487333858267714
0
LINE
8
BLACK
6
CONTINUOUS
10
5.9683688188976376
20
-3.1487333858267714
11
5.9705024409448821
21
-3.1519265354330708
0
LINE
8
BLACK
6
CONTINUOUS
10
5.9705024409448821
20
-3.1519265354330708
11
5.9712516535433071
21
-3.1556930708661417
0
LINE
8
BLACK
6
CONTINUOUS
10
5.9712516535433071
20
-3.1556930708661417
11
5.9705024409448821
21
-3.1594596456692914
0
LINE
8
BLACK
6
CONTINUOUS
10
5.9705024409448821
20
-3.1594596456692914
11
5.9683688188976376
21
-3.1626527952755903
0
LINE
8
BLACK
6
CONTINUOUS
10
5.9683688188976376
20
-3.1626527952755903
11
5.9502735826771653
21
-3.180748031496063
0
LINE
8
BLACK
6
CONTINUOUS
10
5.9502735826771653
20
-3.180748031496063
11
5.947080433070866
21
-3.1828816535433071
0
LINE
8
BLACK
6
CONTINUOUS
10
5.947080433070866
20
-3.1828816535433071
11
5.9433138582677163
21
-3.1836308661417321
0
LINE
8
BLACK
6
CONTINUOUS
10
5.9433138582677163
20
-3.1836308661417321
11
5.9395473228346454
21
-3.1828816535433071
0
LINE
8
BLACK
6
CONTINUOUS
10
5.9395473228346454
20
-3.1828816535433071
11
5.936354173228346
21
-3.180748031496063
0
LINE
8
BLACK
6
CONTINUOUS
10
5.936354173228346
20
-3.180748031496063
11
5.9112992125984247
21
-3.1556930708661417
0
LINE
8
BLACK
6
CONTINUOUS
10
5.9112992125984247
20
-3.1556930708661417
11
5.9091655905511811
21
-3.1524999212598424
0
LINE
8
BLACK
6
CONTINUOUS
10
5.9091655905511811
20
-3.1524999212598424
11
5.9084163779527561
21
-3.1487333858267714
0
LINE
8
BLACK
6
CONTINUOUS
10
5.9084163779527561
20
-3.1487333858267714
11
5.9091655905511811
21
-3.1449668110236222
0
LINE
8
BLACK
6
CONTINUOUS
10
5.9091655905511811
20
-3.1449668110236222
11
5.9112992125984247
21
-3.1417736614173228
0
LINE
8
BLACK
6
CONTINUOUS
10
5.9112992125984247
20
-3.1417736614173228
11
5.9293944488188979
21
-3.1236784251968501
0
LINE
8
BLACK
6
CONTINUOUS
10
5.9293944488188979
20
-3.1236784251968501
11
5.9325875984251963
21
-3.121544803149606
0
LINE
8
BLACK
6
CONTINUOUS
10
5.9325875984251963
20
-3.121544803149606
11
5.936354173228346
21
-3.1207955905511811
0
LINE
8
BLACK
6
CONTINUOUS
10
5.936354173228346
20
-3.1207955905511811
11
5.9401207086614169
21
-3.121544803149606
0
LINE
8
BLACK
6
CONTINUOUS
10
5.8155316535433066
20
-3.1421939763779525
11
5.8184054724409444
21
-3.1441142125984252
0
LINE
8
BLACK
6
CONTINUOUS
10
5.8184054724409444
20
-3.1441142125984252
11
5.8203257086614171
21
-3.146988031496063
0
LINE
8
BLACK
6
CONTINUOUS
10
5.8203257086614171
20
-3.146988031496063
11
5.8209999999999997
21
-3.1503779527559055
0
LINE
8
BLACK
6
CONTINUOUS
10
5.8209999999999997
20
-3.1503779527559055
11
5.8209999999999997
21
-3.1680944881889763
0
LINE
8
BLACK
6
CONTINUOUS
10
5.8209999999999997
20
-3.1680944881889763
11
5.8203257086614171
21
-3.1714844094488188
0
LINE
8
BLACK
6
CONTINUOUS
10
5.8203257086614171
20
-3.1714844094488188
11
5.8184054724409444
21
-3.1743582283464566
0
LINE
8
BLACK
6
CONTINUOUS
10
5.8184054724409444
20
-3.1743582283464566
11
5.8155316535433066
21
-3.1762784645669289
0
LINE
8
BLACK
6
CONTINUOUS
10
5.8155316535433066
20
-3.1762784645669289
11
5.8121417322834645
21
-3.176952755905512
0
LINE
8
BLACK
6
CONTINUOUS
10
5.8121417322834645
20
-3.176952755905512
11
5.7924566929133858
21
-3.176952755905512
0
LINE
8
BLACK
6
CONTINUOUS
10
5.7924566929133858
20
-3.176952755905512
11
5.7890667716535429
21
-3.1762784645669289
0
LINE
8
BLACK
6
CONTINUOUS
10
5.7890667716535429
20
-3.1762784645669289
11
5.7861929527559051
21
-3.1743582283464566
0
LINE
8
BLACK
6
CONTINUOUS
10
5.7861929527559051
20
-3.1743582283464566
11
5.7842727165354333
21
-3.1714844094488188
0
LINE
8
BLACK
6
CONTINUOUS
10
5.7842727165354333
20
-3.1714844094488188
11
5.7835984251968506
21
-3.1680944881889763
0
LINE
8
BLACK
6
CONTINUOUS
10
5.7835984251968506
20
-3.1680944881889763
11
5.7835984251968506
21
-3.1503779527559055
0
LINE
8
BLACK
6
CONTINUOUS
10
5.7835984251968506
20
-3.1503779527559055
11
5.7842727165354333
21
-3.146988031496063
0
LINE
8
BLACK
6
CONTINUOUS
10
5.7842727165354333
20
-3.146988031496063
11
5.7861929527559051
21
-3.1441142125984252
0
LINE
8
BLACK
6
CONTINUOUS
10
5.7861929527559051
20
-3.1441142125984252
11
5.7890667716535429
21
-3.1421939763779525
0
LINE
8
BLACK
6
CONTINUOUS
10
5.7890667716535429
20
-3.1421939763779525
11
5.7924566929133858
21
-3.1415196850393698
0
LINE
8
BLACK
6
CONTINUOUS
10
5.7924566929133858
20
-3.1415196850393698
11
5.8121417322834645
21
-3.1415196850393698
0
LINE
8
BLACK
6
CONTINUOUS
10
5.8121417322834645
20
-3.1415196850393698
11
5.8155316535433066
21
-3.1421939763779525
0
LINE
8
BLACK
6
CONTINUOUS
10
5.3057716535433066
20
-3.1661811023622048
11
5.2664015748031492
21
-3.1661811023622048
0
LINE
8
BLACK
6
CONTINUOUS
10
5.2664015748031492
20
-3.1661811023622048
11
5.2664015748031492
21
-3.0953149606299211
0
LINE
8
BLACK
6
CONTINUOUS
10
5.2664015748031492
20
-3.0953149606299211
11
5.3057716535433066
21
-3.0953149606299211
0
LINE
8
BLACK
6
CONTINUOUS
10
5.3057716535433066
20
-3.0953149606299211
11
5.3057716535433066
21
-3.1661811023622048
0
LINE
8
BLACK
6
CONTINUOUS
10
5.404196850393701
20
-3.1661811023622048
11
5.3648267716535436
21
-3.1661811023622048
0
LINE
8
BLACK
6
CONTINUOUS
10
5.3648267716535436
20
-3.1661811023622048
11
5.3648267716535436
21
-3.0953149606299211
0
LINE
8
BLACK
6
CONTINUOUS
10
5.3648267716535436
20
-3.0953149606299211
11
5.404196850393701
21
-3.0953149606299211
0
LINE
8
BLACK
6
CONTINUOUS
10
5.404196850393701
20
-3.0953149606299211
11
5.404196850393701
21
-3.1661811023622048
0
LINE
8
BLACK
6
CONTINUOUS
10
5.5609161811023622
20
-3.1171192913385828
11
5.5641093307086615
21
-3.1192528740157481
0
LINE
8
BLACK
6
CONTINUOUS
10
5.5641093307086615
20
-3.1192528740157481
11
5.5662429133858264
21
-3.122446023622047
0
LINE
8
BLACK
6
CONTINUOUS
10
5.5662429133858264
20
-3.122446023622047
11
5.5669921259842514
21
-3.1262125984251967
0
LINE
8
BLACK
6
CONTINUOUS
10
5.5669921259842514
20
-3.1262125984251967
11
5.5669921259842514
21
-3.1537716535433069
0
LINE
8
BLACK
6
CONTINUOUS
10
5.5669921259842514
20
-3.1537716535433069
11
5.5662429133858264
21
-3.1575382283464566
0
LINE
8
BLACK
6
CONTINUOUS
10
5.5662429133858264
20
-3.1575382283464566
11
5.5641093307086615
21
-3.1607313779527559
0
LINE
8
BLACK
6
CONTINUOUS
10
5.5641093307086615
20
-3.1607313779527559
11
5.5609161811023622
21
-3.1628649606299213
0
LINE
8
BLACK
6
CONTINUOUS
10
5.5609161811023622
20
-3.1628649606299213
11
5.5571496062992125
21
-3.1636141732283463
0
LINE
8
BLACK
6
CONTINUOUS
10
5.5571496062992125
20
-3.1636141732283463
11
5.5059685039370079
21
-3.1636141732283463
0
LINE
8
BLACK
6
CONTINUOUS
10
5.5059685039370079
20
-3.1636141732283463
11
5.5022019291338582
21
-3.1628649606299213
0
LINE
8
BLACK
6
CONTINUOUS
10
5.5022019291338582
20
-3.1628649606299213
11
5.4990087795275588
21
-3.1607313779527559
0
LINE
8
BLACK
6
CONTINUOUS
10
5.4990087795275588
20
-3.1607313779527559
11
5.4968751968503939
21
-3.1575382283464566
0
LINE
8
BLACK
6
CONTINUOUS
10
5.4968751968503939
20
-3.1575382283464566
11
5.4961259842519681
21
-3.1537716535433069
0
LINE
8
BLACK
6
CONTINUOUS
10
5.4961259842519681
20
-3.1537716535433069
11
5.4961259842519681
21
-3.1262125984251967
0
LINE
8
BLACK
6
CONTINUOUS
10
5.4961259842519681
20
-3.1262125984251967
11
5.4968751968503939
21
-3.122446023622047
0
LINE
8
BLACK
6
CONTINUOUS
10
5.4968751968503939
20
-3.122446023622047
11
5.4990087795275588
21
-3.1192528740157481
0
LINE
8
BLACK
6
CONTINUOUS
10
5.4990087795275588
20
-3.1192528740157481
11
5.5022019291338582
21
-3.1171192913385828
0
LINE
8
BLACK
6
CONTINUOUS
10
5.5022019291338582
20
-3.1171192913385828
11
5.5059685039370079
21
-3.1163700787401574
0
LINE
8
BLACK
6
CONTINUOUS
10
5.5059685039370079
20
-3.1163700787401574
11
5.5571496062992125
21
-3.1163700787401574
0
LINE
8
BLACK
6
CONTINUOUS
10
5.5571496062992125
20
-3.1163700787401574
11
5.5609161811023622
21
-3.1171192913385828
0
LINE
8
BLACK
6
CONTINUOUS
10
5.7183964960629918
20
-3.1171192913385828
11
5.7215896456692912
21
-3.1192528740157481
0
LINE
8
BLACK
6
CONTINUOUS
10
5.7215896456692912
20
-3.1192528740157481
11
5.723723228346457
21
-3.122446023622047
0
LINE
8
BLACK
6
CONTINUOUS
10
5.723723228346457
20
-3.122446023622047
11
5.7244724409448819
21
-3.1262125984251967
0
LINE
8
BLACK
6
CONTINUOUS
10
5.7244724409448819
20
-3.1262125984251967
11
5.7244724409448819
21
-3.1537716535433069
0
LINE
8
BLACK
6
CONTINUOUS
10
5.7244724409448819
20
-3.1537716535433069
11
5.723723228346457
21
-3.1575382283464566
0
LINE
8
BLACK
6
CONTINUOUS
10
5.723723228346457
20
-3.1575382283464566
11
5.7215896456692912
21
-3.1607313779527559
0
LINE
8
BLACK
6
CONTINUOUS
10
5.7215896456692912
20
-3.1607313779527559
11
5.7183964960629918
21
-3.1628649606299213
0
LINE
8
BLACK
6
CONTINUOUS
10
5.7183964960629918
20
-3.1628649606299213
11
5.7146299212598421
21
-3.1636141732283463
0
LINE
8
BLACK
6
CONTINUOUS
10
5.7146299212598421
20
-3.1636141732283463
11
5.6634488188976375
21
-3.1636141732283463
0
LINE
8
BLACK
6
CONTINUOUS
10
5.6634488188976375
20
-3.1636141732283463
11
5.6596822440944878
21
-3.1628649606299213
0
LINE
8
BLACK
6
CONTINUOUS
10
5.6596822440944878
20
-3.1628649606299213
11
5.6564890944881885
21
-3.1607313779527559
0
LINE
8
BLACK
6
CONTINUOUS
10
5.6564890944881885
20
-3.1607313779527559
11
5.6543555118110236
21
-3.1575382283464566
0
LINE
8
BLACK
6
CONTINUOUS
10
5.6543555118110236
20
-3.1575382283464566
11
5.6536062992125986
21
-3.1537716535433069
0
LINE
8
BLACK
6
CONTINUOUS
10
5.6536062992125986
20
-3.1537716535433069
11
5.6536062992125986
21
-3.1262125984251967
0
LINE
8
BLACK
6
CONTINUOUS
10
5.6536062992125986
20
-3.1262125984251967
11
5.6543555118110236
21
-3.122446023622047
0
LINE
8
BLACK
6
CONTINUOUS
10
5.6543555118110236
20
-3.122446023622047
11
5.6564890944881885
21
-3.1192528740157481
0
LINE
8
BLACK
6
CONTINUOUS
10
5.6564890944881885
20
-3.1192528740157481
11
5.6596822440944878
21
-3.1171192913385828
0
LINE
8
BLACK
6
CONTINUOUS
10
5.6596822440944878
20
-3.1171192913385828
11
5.6634488188976375
21
-3.1163700787401574
0
LINE
8
BLACK
6
CONTINUOUS
10
5.6634488188976375
20
-3.1163700787401574
11
5.7146299212598421
21
-3.1163700787401574
0
LINE
8
BLACK
6
CONTINUOUS
10
5.7146299212598421
20
-3.1163700787401574
11
5.7183964960629918
21
-3.1171192913385828
0
LINE
8
BLACK
6
CONTINUOUS
10
6.0067363779527554
20
-3.1179735039370078
11
6.0096101968503932
21
-3.1198937401574804
0
LINE
8
BLACK
6
CONTINUOUS
10
6.0096101968503932
20
-3.1198937401574804
11
6.0115304330708659
21
-3.1227675590551178
0
LINE
8
BLACK
6
CONTINUOUS
10
6.0115304330708659
20
-3.1227675590551178
11
6.0122047244094485
21
-3.1261574803149608
0
LINE
8
BLACK
6
CONTINUOUS
10
6.0122047244094485
20
-3.1261574803149608
11
6.0122047244094485
21
-3.1458425196850395
0
LINE
8
BLACK
6
CONTINUOUS
10
6.0122047244094485
20
-3.1458425196850395
11
6.0115304330708659
21
-3.149232440944882
0
LINE
8
BLACK
6
CONTINUOUS
10
6.0115304330708659
20
-3.149232440944882
11
6.0096101968503932
21
-3.1521062598425198
0
LINE
8
BLACK
6
CONTINUOUS
10
6.0096101968503932
20
-3.1521062598425198
11
6.0067363779527554
21
-3.154026496062992
0
LINE
8
BLACK
6
CONTINUOUS
10
6.0067363779527554
20
-3.154026496062992
11
6.0033464566929133
21
-3.1547007874015747
0
LINE
8
BLACK
6
CONTINUOUS
10
6.0033464566929133
20
-3.1547007874015747
11
5.9856299212598421
21
-3.1547007874015747
0
LINE
8
BLACK
6
CONTINUOUS
10
5.9856299212598421
20
-3.1547007874015747
11
5.98224
21
-3.154026496062992
0
LINE
8
BLACK
6
CONTINUOUS
10
5.98224
20
-3.154026496062992
11
5.9793661811023622
21
-3.1521062598425198
0
LINE
8
BLACK
6
CONTINUOUS
10
5.9793661811023622
20
-3.1521062598425198
11
5.9774459448818895
21
-3.149232440944882
0
LINE
8
BLACK
6
CONTINUOUS
10
5.9774459448818895
20
-3.149232440944882
11
5.9767716535433069
21
-3.1458425196850395
0
LINE
8
BLACK
6
CONTINUOUS
10
5.9767716535433069
20
-3.1458425196850395
11
5.9767716535433069
21
-3.1261574803149608
0
LINE
8
BLACK
6
CONTINUOUS
10
5.9767716535433069
20
-3.1261574803149608
11
5.9774459448818895
21
-3.1227675590551178
0
LINE
8
BLACK
6
CONTINUOUS
10
5.9774459448818895
20
-3.1227675590551178
11
5.9793661811023622
21
-3.1198937401574804
0
LINE
8
BLACK
6
CONTINUOUS
10
5.9793661811023622
20
-3.1198937401574804
11
5.98224
21
-3.1179735039370078
0
LINE
8
BLACK
6
CONTINUOUS
10
5.98224
20
-3.1179735039370078
11
5.9856299212598421
21
-3.1172992125984251
0
LINE
8
BLACK
6
CONTINUOUS
10
5.9856299212598421
20
-3.1172992125984251
11
6.0033464566929133
21
-3.1172992125984251
0
LINE
8
BLACK
6
CONTINUOUS
10
6.0033464566929133
20
-3.1172992125984251
11
6.0067363779527554
21
-3.1179735039370078
0
LINE
8
BLACK
6
CONTINUOUS
10
6.0677599999999998
20
-3.1179735039370078
11
6.0706338188976376
21
-3.1198937401574804
0
LINE
8
BLACK
6
CONTINUOUS
10
6.0706338188976376
20
-3.1198937401574804
11
6.0725540551181103
21
-3.1227675590551178
0
LINE
8
BLACK
6
CONTINUOUS
10
6.0725540551181103
20
-3.1227675590551178
11
6.073228346456693
21
-3.1261574803149608
0
LINE
8
BLACK
6
CONTINUOUS
10
6.073228346456693
20
-3.1261574803149608
11
6.073228346456693
21
-3.1458425196850395
0
LINE
8
BLACK
6
CONTINUOUS
10
6.073228346456693
20
-3.1458425196850395
11
6.0725540551181103
21
-3.149232440944882
0
LINE
8
BLACK
6
CONTINUOUS
10
6.0725540551181103
20
-3.149232440944882
11
6.0706338188976376
21
-3.1521062598425198
0
LINE
8
BLACK
6
CONTINUOUS
10
6.0706338188976376
20
-3.1521062598425198
11
6.0677599999999998
21
-3.154026496062992
0
LINE
8
BLACK
6
CONTINUOUS
10
6.0677599999999998
20
-3.154026496062992
11
6.0643700787401578
21
-3.1547007874015747
0
LINE
8
BLACK
6
CONTINUOUS
10
6.0643700787401578
20
-3.1547007874015747
11
6.0466535433070865
21
-3.1547007874015747
0
LINE
8
BLACK
6
CONTINUOUS
10
6.0466535433070865
20
-3.1547007874015747
11
6.0432636220472435
21
-3.154026496062992
0
LINE
8
BLACK
6
CONTINUOUS
10
6.0432636220472435
20
-3.154026496062992
11
6.0403898031496057
21
-3.1521062598425198
0
LINE
8
BLACK
6
CONTINUOUS
10
6.0403898031496057
20
-3.1521062598425198
11
6.0384695669291339
21
-3.149232440944882
0
LINE
8
BLACK
6
CONTINUOUS
10
6.0384695669291339
20
-3.149232440944882
11
6.0377952755905513
21
-3.1458425196850395
0
LINE
8
BLACK
6
CONTINUOUS
10
6.0377952755905513
20
-3.1458425196850395
11
6.0377952755905513
21
-3.1261574803149608
0
LINE
8
BLACK
6
CONTINUOUS
10
6.0377952755905513
20
-3.1261574803149608
11
6.0384695669291339
21
-3.1227675590551178
0
LINE
8
BLACK
6
CONTINUOUS
10
6.0384695669291339
20
-3.1227675590551178
11
6.0403898031496057
21
-3.1198937401574804
0
LINE
8
BLACK
6
CONTINUOUS
10
6.0403898031496057
20
-3.1198937401574804
11
6.0432636220472435
21
-3.1179735039370078
0
LINE
8
BLACK
6
CONTINUOUS
10
6.0432636220472435
20
-3.1179735039370078
11
6.0466535433070865
21
-3.1172992125984251
0
LINE
8
BLACK
6
CONTINUOUS
10
6.0466535433070865
20
-3.1172992125984251
11
6.0643700787401578
21
-3.1172992125984251
0
LINE
8
BLACK
6
CONTINUOUS
10
6.0643700787401578
20
-3.1172992125984251
11
6.0677599999999998
21
-3.1179735039370078
0
LINE
8
BLACK
6
CONTINUOUS
10
5.0420472440944879
20
-3.1486889763779526
11
5.0184251968503935
21
-3.1486889763779526
0
LINE
8
BLACK
6
CONTINUOUS
10
5.0184251968503935
20
-3.1486889763779526
11
5.0184251968503935
21
-3.1014448818897637
0
LINE
8
BLACK
6
CONTINUOUS
10
5.0184251968503935
20
-3.1014448818897637
11
5.0420472440944879
21
-3.1014448818897637
0
LINE
8
BLACK
6
CONTINUOUS
10
5.0420472440944879
20
-3.1014448818897637
11
5.0420472440944879
21
-3.1486889763779526
0
LINE
8
BLACK
6
CONTINUOUS
10
5.0794488188976379
20
-3.1486889763779526
11
5.0558267716535434
21
-3.1486889763779526
0
LINE
8
BLACK
6
CONTINUOUS
10
5.0558267716535434
20
-3.1486889763779526
11
5.0558267716535434
21
-3.1014448818897637
0
LINE
8
BLACK
6
CONTINUOUS
10
5.0558267716535434
20
-3.1014448818897637
11
5.0794488188976379
21
-3.1014448818897637
0
LINE
8
BLACK
6
CONTINUOUS
10
5.0794488188976379
20
-3.1014448818897637
11
5.0794488188976379
21
-3.1486889763779526
0
LINE
8
BLACK
6
CONTINUOUS
10
5.1406057874015749
20
-3.1032393307086612
11
5.1436392913385829
21
-3.1052662204724411
0
LINE
8
BLACK
6
CONTINUOUS
10
5.1436392913385829
20
-3.1052662204724411
11
5.1456661811023618
21
-3.1082997244094486
0
LINE
8
BLACK
6
CONTINUOUS
10
5.1456661811023618
20
-3.1082997244094486
11
5.1463779527559055
21
-3.1118779527559055
0
LINE
8
BLACK
6
CONTINUOUS
10
5.1463779527559055
20
-3.1118779527559055
11
5.1463779527559055
21
-3.1345157480314958
0
LINE
8
BLACK
6
CONTINUOUS
10
5.1463779527559055
20
-3.1345157480314958
11
5.1456661811023618
21
-3.1380939763779527
0
LINE
8
BLACK
6
CONTINUOUS
10
5.1456661811023618
20
-3.1380939763779527
11
5.1436392913385829
21
-3.1411274803149607
0
LINE
8
BLACK
6
CONTINUOUS
10
5.1436392913385829
20
-3.1411274803149607
11
5.1406057874015749
21
-3.1431543700787401
0
LINE
8
BLACK
6
CONTINUOUS
10
5.1406057874015749
20
-3.1431543700787401
11
5.1370275590551184
21
-3.1438661417322833
0
LINE
8
BLACK
6
CONTINUOUS
10
5.1370275590551184
20
-3.1438661417322833
11
5.1183267716535434
21
-3.1438661417322833
0
LINE
8
BLACK
6
CONTINUOUS
10
5.1183267716535434
20
-3.1438661417322833
11
5.1147485433070861
21
-3.1431543700787401
0
LINE
8
BLACK
6
CONTINUOUS
10
5.1147485433070861
20
-3.1431543700787401
11
5.111715039370079
21
-3.1411274803149607
0
LINE
8
BLACK
6
CONTINUOUS
10
5.111715039370079
20
-3.1411274803149607
11
5.1096881496062991
21
-3.1380939763779527
0
LINE
8
BLACK
6
CONTINUOUS
10
5.1096881496062991
20
-3.1380939763779527
11
5.1089763779527555
21
-3.1345157480314958
0
LINE
8
BLACK
6
CONTINUOUS
10
5.1089763779527555
20
-3.1345157480314958
11
5.1089763779527555
21
-3.1118779527559055
0
LINE
8
BLACK
6
CONTINUOUS
10
5.1089763779527555
20
-3.1118779527559055
11
5.1096881496062991
21
-3.1082997244094486
0
LINE
8
BLACK
6
CONTINUOUS
10
5.1096881496062991
20
-3.1082997244094486
11
5.111715039370079
21
-3.1052662204724411
0
LINE
8
BLACK
6
CONTINUOUS
10
5.111715039370079
20
-3.1052662204724411
11
5.1147485433070861
21
-3.1032393307086612
0
LINE
8
BLACK
6
CONTINUOUS
10
5.1147485433070861
20
-3.1032393307086612
11
5.1183267716535434
21
-3.102527559055118
0
LINE
8
BLACK
6
CONTINUOUS
10
5.1183267716535434
20
-3.102527559055118
11
5.1370275590551184
21
-3.102527559055118
0
LINE
8
BLACK
6
CONTINUOUS
10
5.1370275590551184
20
-3.102527559055118
11
5.1406057874015749
21
-3.1032393307086612
0
LINE
8
BLACK
6
CONTINUOUS
10
5.2193459448818897
20
-3.1032393307086612
11
5.2223794488188977
21
-3.1052662204724411
0
LINE
8
BLACK
6
CONTINUOUS
10
5.2223794488188977
20
-3.1052662204724411
11
5.2244063385826767
21
-3.1082997244094486
0
LINE
8
BLACK
6
CONTINUOUS
10
5.2244063385826767
20
-3.1082997244094486
11
5.2251181102362203
21
-3.1118779527559055
0
LINE
8
BLACK
6
CONTINUOUS
10
5.2251181102362203
20
-3.1118779527559055
11
5.2251181102362203
21
-3.1345157480314958
0
LINE
8
BLACK
6
CONTINUOUS
10
5.2251181102362203
20
-3.1345157480314958
11
5.2244063385826767
21
-3.1380939763779527
0
LINE
8
BLACK
6
CONTINUOUS
10
5.2244063385826767
20
-3.1380939763779527
11
5.2223794488188977
21
-3.1411274803149607
0
LINE
8
BLACK
6
CONTINUOUS
10
5.2223794488188977
20
-3.1411274803149607
11
5.2193459448818897
21
-3.1431543700787401
0
LINE
8
BLACK
6
CONTINUOUS
10
5.2193459448818897
20
-3.1431543700787401
11
5.2157677165354333
21
-3.1438661417322833
0
LINE
8
BLACK
6
CONTINUOUS
10
5.2157677165354333
20
-3.1438661417322833
11
5.1970669291338583
21
-3.1438661417322833
0
LINE
8
BLACK
6
CONTINUOUS
10
5.1970669291338583
20
-3.1438661417322833
11
5.1934887007874018
21
-3.1431543700787401
0
LINE
8
BLACK
6
CONTINUOUS
10
5.1934887007874018
20
-3.1431543700787401
11
5.1904551968503938
21
-3.1411274803149607
0
LINE
8
BLACK
6
CONTINUOUS
10
5.1904551968503938
20
-3.1411274803149607
11
5.188428307086614
21
-3.1380939763779527
0
LINE
8
BLACK
6
CONTINUOUS
10
5.188428307086614
20
-3.1380939763779527
11
5.1877165354330703
21
-3.1345157480314958
0
LINE
8
BLACK
6
CONTINUOUS
10
5.1877165354330703
20
-3.1345157480314958
11
5.1877165354330703
21
-3.1118779527559055
0
LINE
8
BLACK
6
CONTINUOUS
10
5.1877165354330703
20
-3.1118779527559055
11
5.188428307086614
21
-3.1082997244094486
0
LINE
8
BLACK
6
CONTINUOUS
10
5.188428307086614
20
-3.1082997244094486
11
5.1904551968503938
21
-3.1052662204724411
0
LINE
8
BLACK
6
CONTINUOUS
10
5.1904551968503938
20
-3.1052662204724411
11
5.1934887007874018
21
-3.1032393307086612
0
LINE
8
BLACK
6
CONTINUOUS
10
5.1934887007874018
20
-3.1032393307086612
11
5.1970669291338583
21
-3.102527559055118
0
LINE
8
BLACK
6
CONTINUOUS
10
5.1970669291338583
20
-3.102527559055118
11
5.2157677165354333
21
-3.102527559055118
0
LINE
8
BLACK
6
CONTINUOUS
10
5.2157677165354333
20
-3.102527559055118
11
5.2193459448818897
21
-3.1032393307086612
0
LINE
8
BLACK
6
CONTINUOUS
10
5.0420472440944879
20
-3.0778228346456693
11
5.0184251968503935
21
-3.0778228346456693
0
LINE
8
BLACK
6
CONTINUOUS
10
5.0184251968503935
20
-3.0778228346456693
11
5.0184251968503935
21
-3.0305787401574804
0
LINE
8
BLACK
6
CONTINUOUS
10
5.0184251968503935
20
-3.0305787401574804
11
5.0420472440944879
21
-3.0305787401574804
0
LINE
8
BLACK
6
CONTINUOUS
10
5.0420472440944879
20
-3.0305787401574804
11
5.0420472440944879
21
-3.0778228346456693
0
LINE
8
BLACK
6
CONTINUOUS
10
5.0794488188976379
20
-3.0778228346456693
11
5.0558267716535434
21
-3.0778228346456693
0
LINE
8
BLACK
6
CONTINUOUS
10
5.0558267716535434
20
-3.0778228346456693
11
5.0558267716535434
21
-3.0305787401574804
0
LINE
8
BLACK
6
CONTINUOUS
10
5.0558267716535434
20
-3.0305787401574804
11
5.0794488188976379
21
-3.0305787401574804
0
LINE
8
BLACK
6
CONTINUOUS
10
5.0794488188976379
20
-3.0305787401574804
11
5.0794488188976379
21
-3.0778228346456693
0
LINE
8
BLACK
6
CONTINUOUS
10
5.1406057874015749
20
-3.0343416929133857
11
5.1436392913385829
21
-3.0363685826771651
0
LINE
8
BLACK
6
CONTINUOUS
10
5.1436392913385829
20
-3.0363685826771651
11
5.1456661811023618
21
-3.0394020866141731
0
LINE
8
BLACK
6
CONTINUOUS
10
5.1456661811023618
20
-3.0394020866141731
11
5.1463779527559055
21
-3.04298031496063
0
LINE
8
BLACK
6
CONTINUOUS
10
5.1463779527559055
20
-3.04298031496063
11
5.1463779527559055
21
-3.0656181102362203
0
LINE
8
BLACK
6
CONTINUOUS
10
5.1463779527559055
20
-3.0656181102362203
11
5.1456661811023618
21
-3.0691963385826773
0
LINE
8
BLACK
6
CONTINUOUS
10
5.1456661811023618
20
-3.0691963385826773
11
5.1436392913385829
21
-3.0722298425196848
0
LINE
8
BLACK
6
CONTINUOUS
10
5.1436392913385829
20
-3.0722298425196848
11
5.1406057874015749
21
-3.0742567322834646
0
LINE
8
BLACK
6
CONTINUOUS
10
5.1406057874015749
20
-3.0742567322834646
11
5.1370275590551184
21
-3.0749685039370078
0
LINE
8
BLACK
6
CONTINUOUS
10
5.1370275590551184
20
-3.0749685039370078
11
5.1183267716535434
21
-3.0749685039370078
0
LINE
8
BLACK
6
CONTINUOUS
10
5.1183267716535434
20
-3.0749685039370078
11
5.1147485433070861
21
-3.0742567322834646
0
LINE
8
BLACK
6
CONTINUOUS
10
5.1147485433070861
20
-3.0742567322834646
11
5.111715039370079
21
-3.0722298425196848
0
LINE
8
BLACK
6
CONTINUOUS
10
5.111715039370079
20
-3.0722298425196848
11
5.1096881496062991
21
-3.0691963385826773
0
LINE
8
BLACK
6
CONTINUOUS
10
5.1096881496062991
20
-3.0691963385826773
11
5.1089763779527555
21
-3.0656181102362203
0
LINE
8
BLACK
6
CONTINUOUS
10
5.1089763779527555
20
-3.0656181102362203
11
5.1089763779527555
21
-3.04298031496063
0
LINE
8
BLACK
6
CONTINUOUS
10
5.1089763779527555
20
-3.04298031496063
11
5.1096881496062991
21
-3.0394020866141731
0
LINE
8
BLACK
6
CONTINUOUS
10
5.1096881496062991
20
-3.0394020866141731
11
5.111715039370079
21
-3.0363685826771651
0
LINE
8
BLACK
6
CONTINUOUS
10
5.111715039370079
20
-3.0363685826771651
11
5.1147485433070861
21
-3.0343416929133857
0
LINE
8
BLACK
6
CONTINUOUS
10
5.1147485433070861
20
-3.0343416929133857
11
5.1183267716535434
21
-3.0336299212598425
0
LINE
8
BLACK
6
CONTINUOUS
10
5.1183267716535434
20
-3.0336299212598425
11
5.1370275590551184
21
-3.0336299212598425
0
LINE
8
BLACK
6
CONTINUOUS
10
5.1370275590551184
20
-3.0336299212598425
11
5.1406057874015749
21
-3.0343416929133857
0
LINE
8
BLACK
6
CONTINUOUS
10
5.2193459448818897
20
-3.0343416929133857
11
5.2223794488188977
21
-3.0363685826771651
0
LINE
8
BLACK
6
CONTINUOUS
10
5.2223794488188977
20
-3.0363685826771651
11
5.2244063385826767
21
-3.0394020866141731
0
LINE
8
BLACK
6
CONTINUOUS
10
5.2244063385826767
20
-3.0394020866141731
11
5.2251181102362203
21
-3.04298031496063
0
LINE
8
BLACK
6
CONTINUOUS
10
5.2251181102362203
20
-3.04298031496063
11
5.2251181102362203
21
-3.0656181102362203
0
LINE
8
BLACK
6
CONTINUOUS
10
5.2251181102362203
20
-3.0656181102362203
11
5.2244063385826767
21
-3.0691963385826773
0
LINE
8
BLACK
6
CONTINUOUS
10
5.2244063385826767
20
-3.0691963385826773
11
5.2223794488188977
21
-3.0722298425196848
0
LINE
8
BLACK
6
CONTINUOUS
10
5.2223794488188977
20
-3.0722298425196848
11
5.2193459448818897
21
-3.0742567322834646
0
LINE
8
BLACK
6
CONTINUOUS
10
5.2193459448818897
20
-3.0742567322834646
11
5.2157677165354333
21
-3.0749685039370078
0
LINE
8
BLACK
6
CONTINUOUS
10
5.2157677165354333
20
-3.0749685039370078
11
5.1970669291338583
21
-3.0749685039370078
0
LINE
8
BLACK
6
CONTINUOUS
10
5.1970669291338583
20
-3.0749685039370078
11
5.1934887007874018
21
-3.0742567322834646
0
LINE
8
BLACK
6
CONTINUOUS
10
5.1934887007874018
20
-3.0742567322834646
11
5.1904551968503938
21
-3.0722298425196848
0
LINE
8
BLACK
6
CONTINUOUS
10
5.1904551968503938
20
-3.0722298425196848
11
5.188428307086614
21
-3.0691963385826773
0
LINE
8
BLACK
6
CONTINUOUS
10
5.188428307086614
20
-3.0691963385826773
11
5.1877165354330703
21
-3.0656181102362203
0
LINE
8
BLACK
6
CONTINUOUS
10
5.1877165354330703
20
-3.0656181102362203
11
5.1877165354330703
21
-3.04298031496063
0
LINE
8
BLACK
6
CONTINUOUS
10
5.1877165354330703
20
-3.04298031496063
11
5.188428307086614
21
-3.0394020866141731
0
LINE
8
BLACK
6
CONTINUOUS
10
5.188428307086614
20
-3.0394020866141731
11
5.1904551968503938
21
-3.0363685826771651
0
LINE
8
BLACK
6
CONTINUOUS
10
5.1904551968503938
20
-3.0363685826771651
11
5.1934887007874018
21
-3.0343416929133857
0
LINE
8
BLACK
6
CONTINUOUS
10
5.1934887007874018
20
-3.0343416929133857
11
5.1970669291338583
21
-3.0336299212598425
0
LINE
8
BLACK
6
CONTINUOUS
10
5.1970669291338583
20
-3.0336299212598425
11
5.2157677165354333
21
-3.0336299212598425
0
LINE
8
BLACK
6
CONTINUOUS
10
5.2157677165354333
20
-3.0336299212598425
11
5.2193459448818897
21
-3.0343416929133857
0
LINE
8
BLACK
6
CONTINUOUS
10
5.5609161811023622
20
-3.0226311023622046
11
5.5641093307086615
21
-3.0247646850393699
0
LINE
8
BLACK
6
CONTINUOUS
10
5.5641093307086615
20
-3.0247646850393699
11
5.5662429133858264
21
-3.0279578346456693
0
LINE
8
BLACK
6
CONTINUOUS
10
5.5662429133858264
20
-3.0279578346456693
11
5.5669921259842514
21
-3.0317244094488189
0
LINE
8
BLACK
6
CONTINUOUS
10
5.5669921259842514
20
-3.0317244094488189
11
5.5669921259842514
21
-3.0592834645669291
0
LINE
8
BLACK
6
CONTINUOUS
10
5.5669921259842514
20
-3.0592834645669291
11
5.5662429133858264
21
-3.0630500393700788
0
LINE
8
BLACK
6
CONTINUOUS
10
5.5662429133858264
20
-3.0630500393700788
11
5.5641093307086615
21
-3.0662431889763777
0
LINE
8
BLACK
6
CONTINUOUS
10
5.5641093307086615
20
-3.0662431889763777
11
5.5609161811023622
21
-3.0683767716535431
0
LINE
8
BLACK
6
CONTINUOUS
10
5.5609161811023622
20
-3.0683767716535431
11
5.5571496062992125
21
-3.0691259842519685
0
LINE
8
BLACK
6
CONTINUOUS
10
5.5571496062992125
20
-3.0691259842519685
11
5.5059685039370079
21
-3.0691259842519685
0
LINE
8
BLACK
6
CONTINUOUS
10
5.5059685039370079
20
-3.0691259842519685
11
5.5022019291338582
21
-3.0683767716535431
0
LINE
8
BLACK
6
CONTINUOUS
10
5.5022019291338582
20
-3.0683767716535431
11
5.4990087795275588
21
-3.0662431889763777
0
LINE
8
BLACK
6
CONTINUOUS
10
5.4990087795275588
20
-3.0662431889763777
11
5.4968751968503939
21
-3.0630500393700788
0
LINE
8
BLACK
6
CONTINUOUS
10
5.4968751968503939
20
-3.0630500393700788
11
5.4961259842519681
21
-3.0592834645669291
0
LINE
8
BLACK
6
CONTINUOUS
10
5.4961259842519681
20
-3.0592834645669291
11
5.4961259842519681
21
-3.0317244094488189
0
LINE
8
BLACK
6
CONTINUOUS
10
5.4961259842519681
20
-3.0317244094488189
11
5.4968751968503939
21
-3.0279578346456693
0
LINE
8
BLACK
6
CONTINUOUS
10
5.4968751968503939
20
-3.0279578346456693
11
5.4990087795275588
21
-3.0247646850393699
0
LINE
8
BLACK
6
CONTINUOUS
10
5.4990087795275588
20
-3.0247646850393699
11
5.5022019291338582
21
-3.0226311023622046
0
LINE
8
BLACK
6
CONTINUOUS
10
5.5022019291338582
20
-3.0226311023622046
11
5.5059685039370079
21
-3.0218818897637796
0
LINE
8
BLACK
6
CONTINUOUS
10
5.5059685039370079
20
-3.0218818897637796
11
5.5571496062992125
21
-3.0218818897637796
0
LINE
8
BLACK
6
CONTINUOUS
10
5.5571496062992125
20
-3.0218818897637796
11
5.5609161811023622
21
-3.0226311023622046
0
LINE
8
BLACK
6
CONTINUOUS
10
5.7183964960629918
20
-3.0226311023622046
11
5.7215896456692912
21
-3.0247646850393699
0
LINE
8
BLACK
6
CONTINUOUS
10
5.7215896456692912
20
-3.0247646850393699
11
5.723723228346457
21
-3.0279578346456693
0
LINE
8
BLACK
6
CONTINUOUS
10
5.723723228346457
20
-3.0279578346456693
11
5.7244724409448819
21
-3.0317244094488189
0
LINE
8
BLACK
6
CONTINUOUS
10
5.7244724409448819
20
-3.0317244094488189
11
5.7244724409448819
21
-3.0592834645669291
0
LINE
8
BLACK
6
CONTINUOUS
10
5.7244724409448819
20
-3.0592834645669291
11
5.723723228346457
21
-3.0630500393700788
0
LINE
8
BLACK
6
CONTINUOUS
10
5.723723228346457
20
-3.0630500393700788
11
5.7215896456692912
21
-3.0662431889763777
0
LINE
8
BLACK
6
CONTINUOUS
10
5.7215896456692912
20
-3.0662431889763777
11
5.7183964960629918
21
-3.0683767716535431
0
LINE
8
BLACK
6
CONTINUOUS
10
5.7183964960629918
20
-3.0683767716535431
11
5.7146299212598421
21
-3.0691259842519685
0
LINE
8
BLACK
6
CONTINUOUS
10
5.7146299212598421
20
-3.0691259842519685
11
5.6634488188976375
21
-3.0691259842519685
0
LINE
8
BLACK
6
CONTINUOUS
10
5.6634488188976375
20
-3.0691259842519685
11
5.6596822440944878
21
-3.0683767716535431
0
LINE
8
BLACK
6
CONTINUOUS
10
5.6596822440944878
20
-3.0683767716535431
11
5.6564890944881885
21
-3.0662431889763777
0
LINE
8
BLACK
6
CONTINUOUS
10
5.6564890944881885
20
-3.0662431889763777
11
5.6543555118110236
21
-3.0630500393700788
0
LINE
8
BLACK
6
CONTINUOUS
10
5.6543555118110236
20
-3.0630500393700788
11
5.6536062992125986
21
-3.0592834645669291
0
LINE
8
BLACK
6
CONTINUOUS
10
5.6536062992125986
20
-3.0592834645669291
11
5.6536062992125986
21
-3.0317244094488189
0
LINE
8
BLACK
6
CONTINUOUS
10
5.6536062992125986
20
-3.0317244094488189
11
5.6543555118110236
21
-3.0279578346456693
0
LINE
8
BLACK
6
CONTINUOUS
10
5.6543555118110236
20
-3.0279578346456693
11
5.6564890944881885
21
-3.0247646850393699
0
LINE
8
BLACK
6
CONTINUOUS
10
5.6564890944881885
20
-3.0247646850393699
11
5.6596822440944878
21
-3.0226311023622046
0
LINE
8
BLACK
6
CONTINUOUS
10
5.6596822440944878
20
-3.0226311023622046
11
5.6634488188976375
21
-3.0218818897637796
0
LINE
8
BLACK
6
CONTINUOUS
10
5.6634488188976375
20
-3.0218818897637796
11
5.7146299212598421
21
-3.0218818897637796
0
LINE
8
BLACK
6
CONTINUOUS
10
5.7146299212598421
20
-3.0218818897637796
11
5.7183964960629918
21
-3.0226311023622046
0
CIRCLE
8
BLACK
10
5.8245275590551175
20
-2.9496456692913386
40
0.0068897637795276
0
CIRCLE
8
BLACK
10
5.0371259842519684
20
-2.9496456692913386
40
0.0068897637795276
0
CIRCLE
8
BLACK
10
5.4308267716535434
20
-2.9496456692913386
40
0.0068897637795276
0
CIRCLE
8
BLACK
10
6.6119291338582675
20
-4.1307480314960632
40
0.0068897637795276
0
CIRCLE
8
BLACK
10
6.2182283464566925
20
-4.1307480314960632
40
0.0068897637795276
0
CIRCLE
8
BLACK
10
5.8245275590551175
20
-4.1307480314960632
40
0.0068897637795276
0
CIRCLE
8
BLACK
10
5.0371259842519684
20
-4.1307480314960632
40
0.0068897637795276
0
CIRCLE
8
BLACK
10
6.6119291338582675
20
-2.9496456692913386
40
0.0068897637795276
0
CIRCLE
8
BLACK
10
6.2182283464566925
20
-2.9496456692913386
40
0.0068897637795276
0
CIRCLE
8
BLACK
10
5.4308267716535434
20
-4.1307480314960632
40
0.0068897637795276
0
CIRCLE
8
BLACK
10
5.5921653543307084
20
-3.2797244094488187
40
0.0039370078740157
0
CIRCLE
8
BLACK
10
5.5449212598425195
20
-3.2797244094488187
40
0.0039370078740157
0
CIRCLE
8
BLACK
10
5.4976771653543306
20
-3.2797244094488187
40
0.0039370078740157
0
CIRCLE
8
BLACK
10
5.4504330708661417
20
-3.2797244094488187
40
0.0039370078740157
0
CIRCLE
8
BLACK
10
5.5921653543307084
20
-3.3407480314960627
40
0.0039370078740157
0
CIRCLE
8
BLACK
10
5.5449212598425195
20
-3.3407480314960627
40
0.0039370078740157
0
CIRCLE
8
BLACK
10
5.4976771653543306
20
-3.3407480314960627
40
0.0039370078740157
0
CIRCLE
8
BLACK
10
5.4504330708661417
20
-3.3407480314960627
40
0.0039370078740157
0
CIRCLE
8
BLACK
10
5.5921653543307084
20
-3.4017716535433071
40
0.0039370078740157
0
CIRCLE
8
BLACK
10
5.5449212598425195
20
-3.4017716535433071
40
0.0039370078740157
0
CIRCLE
8
BLACK
10
5.4976771653543306
20
-3.4017716535433071
40
0.0039370078740157
0
CIRCLE
8
BLACK
10
5.4504330708661417
20
-3.4017716535433071
40
0.0039370078740157
0
CIRCLE
8
BLACK
10
6.0181496062992128
20
-3.6763779527559053
40
0.0039370078740157
0
CIRCLE
8
BLACK
10
6.0417716535433073
20
-3.6763779527559053
40
0.0039370078740157
0
CIRCLE
8
BLACK
10
6.0653937007874017
20
-3.6763779527559053
40
0.0039370078740157
0
CIRCLE
8
BLACK
10
6.5892913385826768
20
-3.3581102362204724
40
0.0039370078740157
0
CIRCLE
8
BLACK
10
6.5892913385826768
20
-3.1317322834645669
40
0.0039370078740157
0
CIRCLE
8
BLACK
10
6.5892913385826768
20
-3.9486614173228345
40
0.0039370078740157
0
CIRCLE
8
BLACK
10
6.5892913385826768
20
-3.7222834645669289
40
0.0039370078740157
  0
ENDSEC
  0
EOF
