  0
SECTION
  2
HEADER
  9
$ANGBASE
  50
0.0
  9
$ANGDIR
  70
1
  9
$MEASUREMENT
  70
0
  0
ENDSEC
  0
SECTION
  2
TABLES
  0
TABLE
  2
LTYPE
  70
4
  0
LTYPE
  5
40F
  2
CONTINUOUS
  70
0
  3
Solid line
  72
65
  73
0
  40
0.0
  0
LTYPE
  5
410
  2
DASHDOT
 70
0
  3
Dash Dot ____ _ ____ _
 72
65
 73
4
 40
2.0
 49
1.25
 49
-0.25
 49
0.25
 49
-0.25
  0
LTYPE
  5
411
  2
DASHED
 70
0
  3
Dashed __ __ __ __ __
 72
65
 73
2
 40
0.75
 49
0.5
 49
-0.25
  0
LTYPE
  5
43B
  2
DOTTED
 70
0
  3
Dotted .  .  .  .
 72
65
 73
2
 40
0.2
 49
0.0
 49
-0.2
  0
ENDTAB
  0
TABLE
  2
STYLE
  70
4
  0
STYLE
  2
KICAD
  70
0
  40
0
  41
1
  42
1
  50
0
  71
0
  3
isocp.shx
  0
STYLE
  2
KICADB
  70
0
  40
0
  41
1
  42
1
  50
0
  71
0
  3
isocp.shx
  0
STYLE
  2
KICADI
  70
0
  40
0
  41
1
  42
1
  50
15
  71
0
  3
isocp.shx
  0
STYLE
  2
KICADBI
  70
0
  40
0
  41
1
  42
1
  50
15
  71
0
  3
isocp.shx
  0
ENDTAB
  0
TABLE
  2
LAYER
  70
1
  0
LAYER
  2
BLACK
  70
0
  62
7
  6
CONTINUOUS
  0
ENDTAB
  0
ENDSEC
  0
SECTION
  2
ENTITIES
0
LINE
8
BLACK
6
CONTINUOUS
10
5.684464251968504
20
-4.0315371259842516
11
5.6854947244094483
21
-4.0320524015748029
0
LINE
8
BLACK
6
CONTINUOUS
10
5.6854947244094483
20
-4.0320524015748029
11
5.6862496062992127
21
-4.0329227559055116
0
LINE
8
BLACK
6
CONTINUOUS
10
5.6862496062992127
20
-4.0329227559055116
11
5.6866139370078743
21
-4.0340157086614168
0
LINE
8
BLACK
6
CONTINUOUS
10
5.6866139370078743
20
-4.0340157086614168
11
5.6865322834645671
21
-4.0351649212598426
0
LINE
8
BLACK
6
CONTINUOUS
10
5.6865322834645671
20
-4.0351649212598426
11
5.6863253937007876
21
-4.0357055511811026
0
LINE
8
BLACK
6
CONTINUOUS
10
5.6863253937007876
20
-4.0357055511811026
11
5.6839444488188979
21
-4.0404674803149607
0
LINE
8
BLACK
6
CONTINUOUS
10
5.6839444488188979
20
-4.0404674803149607
11
5.68378842519685
21
-4.0407152755905509
0
LINE
8
BLACK
6
CONTINUOUS
10
5.68378842519685
20
-4.0407152755905509
11
5.6837585826771653
21
-4.0407874409448814
0
LINE
8
BLACK
6
CONTINUOUS
10
5.6837585826771653
20
-4.0407874409448814
11
5.6836919685039371
21
-4.0408685826771649
0
LINE
8
BLACK
6
CONTINUOUS
10
5.6836919685039371
20
-4.0408685826771649
11
5.6836361023622048
21
-4.0409573622047246
0
LINE
8
BLACK
6
CONTINUOUS
10
5.6836361023622048
20
-4.0409573622047246
11
5.6835771653543308
21
-4.0410084645669286
0
LINE
8
BLACK
6
CONTINUOUS
10
5.6835771653543308
20
-4.0410084645669286
11
5.6833913385826769
21
-4.0412348818897641
0
LINE
8
BLACK
6
CONTINUOUS
10
5.6833913385826769
20
-4.0412348818897641
11
5.6789081889763775
21
-4.0457179921259838
0
LINE
8
BLACK
6
CONTINUOUS
10
5.6789081889763775
20
-4.0457179921259838
11
5.7164459055118106
21
-4.0457179921259838
0
LINE
8
BLACK
6
CONTINUOUS
10
5.7164459055118106
20
-4.0457179921259838
11
5.7164459055118106
21
-4.0343850393700791
0
LINE
8
BLACK
6
CONTINUOUS
10
5.7164459055118106
20
-4.0343850393700791
11
5.7165026377952755
21
-4.0338089763779523
0
LINE
8
BLACK
6
CONTINUOUS
10
5.7165026377952755
20
-4.0338089763779523
11
5.7169435433070861
21
-4.032744566929134
0
LINE
8
BLACK
6
CONTINUOUS
10
5.7169435433070861
20
-4.032744566929134
11
5.7177581889763776
21
-4.0319299212598425
0
LINE
8
BLACK
6
CONTINUOUS
10
5.7177581889763776
20
-4.0319299212598425
11
5.7188225984251968
21
-4.031489015748031
0
LINE
8
BLACK
6
CONTINUOUS
10
5.7188225984251968
20
-4.031489015748031
11
5.7199747244094485
21
-4.031489015748031
0
LINE
8
BLACK
6
CONTINUOUS
10
5.7199747244094485
20
-4.031489015748031
11
5.7210391338582678
21
-4.0319299212598425
0
LINE
8
BLACK
6
CONTINUOUS
10
5.7210391338582678
20
-4.0319299212598425
11
5.7218537795275592
21
-4.032744566929134
0
LINE
8
BLACK
6
CONTINUOUS
10
5.7218537795275592
20
-4.032744566929134
11
5.7222946850393699
21
-4.0338089763779523
0
LINE
8
BLACK
6
CONTINUOUS
10
5.7222946850393699
20
-4.0338089763779523
11
5.7223514173228347
21
-4.0343850393700791
0
LINE
8
BLACK
6
CONTINUOUS
10
5.7223514173228347
20
-4.0343850393700791
11
5.7223514173228347
21
-4.0629564960629923
0
LINE
8
BLACK
6
CONTINUOUS
10
5.7223514173228347
20
-4.0629564960629923
11
5.7222946850393699
21
-4.0635325590551181
0
LINE
8
BLACK
6
CONTINUOUS
10
5.7222946850393699
20
-4.0635325590551181
11
5.7218537795275592
21
-4.0645969685039365
0
LINE
8
BLACK
6
CONTINUOUS
10
5.7218537795275592
20
-4.0645969685039365
11
5.7210391338582678
21
-4.0654116141732279
0
LINE
8
BLACK
6
CONTINUOUS
10
5.7210391338582678
20
-4.0654116141732279
11
5.7199747244094485
21
-4.0658525196850395
0
LINE
8
BLACK
6
CONTINUOUS
10
5.7199747244094485
20
-4.0658525196850395
11
5.7188225984251968
21
-4.0658525196850395
0
LINE
8
BLACK
6
CONTINUOUS
10
5.7188225984251968
20
-4.0658525196850395
11
5.7177581889763776
21
-4.0654116141732279
0
LINE
8
BLACK
6
CONTINUOUS
10
5.7177581889763776
20
-4.0654116141732279
11
5.7169435433070861
21
-4.0645969685039365
0
LINE
8
BLACK
6
CONTINUOUS
10
5.7169435433070861
20
-4.0645969685039365
11
5.7165026377952755
21
-4.0635325590551181
0
LINE
8
BLACK
6
CONTINUOUS
10
5.7165026377952755
20
-4.0635325590551181
11
5.7164459055118106
21
-4.0629564960629923
0
LINE
8
BLACK
6
CONTINUOUS
10
5.7164459055118106
20
-4.0629564960629923
11
5.7164459055118106
21
-4.0516235039370079
0
LINE
8
BLACK
6
CONTINUOUS
10
5.7164459055118106
20
-4.0516235039370079
11
5.6693986614173228
21
-4.0516235039370079
0
LINE
8
BLACK
6
CONTINUOUS
10
5.6693986614173228
20
-4.0516235039370079
11
5.6693965748031498
21
-4.0516232677165354
0
LINE
8
BLACK
6
CONTINUOUS
10
5.6693965748031498
20
-4.0516232677165354
11
5.6693955511811023
21
-4.0516235039370079
0
LINE
8
BLACK
6
CONTINUOUS
10
5.6693955511811023
20
-4.0516235039370079
11
5.6693925196850392
21
-4.0516228740157478
0
LINE
8
BLACK
6
CONTINUOUS
10
5.6693925196850392
20
-4.0516228740157478
11
5.668822598425197
21
-4.0515667716535431
0
LINE
8
BLACK
6
CONTINUOUS
10
5.668822598425197
20
-4.0515667716535431
11
5.6685524803149603
21
-4.0514548818897635
0
LINE
8
BLACK
6
CONTINUOUS
10
5.6685524803149603
20
-4.0514548818897635
11
5.6682658661417324
21
-4.0513975590551183
0
LINE
8
BLACK
6
CONTINUOUS
10
5.6682658661417324
20
-4.0513975590551183
11
5.6680254724409451
21
-4.0512365748031494
0
LINE
8
BLACK
6
CONTINUOUS
10
5.6680254724409451
20
-4.0512365748031494
11
5.6677581889763777
21
-4.0511258661417324
0
LINE
8
BLACK
6
CONTINUOUS
10
5.6677581889763777
20
-4.0511258661417324
11
5.6675514566929133
21
-4.050919133858268
0
LINE
8
BLACK
6
CONTINUOUS
10
5.6675514566929133
20
-4.050919133858268
11
5.6673085826771654
21
-4.0507564960629923
0
LINE
8
BLACK
6
CONTINUOUS
10
5.6673085826771654
20
-4.0507564960629923
11
5.6671480708661415
21
-4.0505157480314962
0
LINE
8
BLACK
6
CONTINUOUS
10
5.6671480708661415
20
-4.0505157480314962
11
5.6669435433070863
21
-4.050311220472441
0
LINE
8
BLACK
6
CONTINUOUS
10
5.6669435433070863
20
-4.050311220472441
11
5.6668316535433068
21
-4.0500411023622043
0
LINE
8
BLACK
6
CONTINUOUS
10
5.6668316535433068
20
-4.0500411023622043
11
5.6666694881889761
21
-4.0497978740157476
0
LINE
8
BLACK
6
CONTINUOUS
10
5.6666694881889761
20
-4.0497978740157476
11
5.6666133464566926
21
-4.0495140551181104
0
LINE
8
BLACK
6
CONTINUOUS
10
5.6666133464566926
20
-4.0495140551181104
11
5.6665026377952756
21
-4.0492468110236217
0
LINE
8
BLACK
6
CONTINUOUS
10
5.6665026377952756
20
-4.0492468110236217
11
5.6665026377952756
21
-4.048954409448819
0
LINE
8
BLACK
6
CONTINUOUS
10
5.6665026377952756
20
-4.048954409448819
11
5.6664459055118108
21
-4.0486676377952753
0
LINE
8
BLACK
6
CONTINUOUS
10
5.6664459055118108
20
-4.0486676377952753
11
5.6665026377952756
21
-4.048383976377953
0
LINE
8
BLACK
6
CONTINUOUS
10
5.6665026377952756
20
-4.048383976377953
11
5.6665026377952756
21
-4.04809468503937
0
LINE
8
BLACK
6
CONTINUOUS
10
5.6665026377952756
20
-4.04809468503937
11
5.6666144881889764
21
-4.0478245669291342
0
LINE
8
BLACK
6
CONTINUOUS
10
5.6666144881889764
20
-4.0478245669291342
11
5.6666718503937004
21
-4.0475379527559054
0
LINE
8
BLACK
6
CONTINUOUS
10
5.6666718503937004
20
-4.0475379527559054
11
5.6668327952755906
21
-4.0472975590551181
0
LINE
8
BLACK
6
CONTINUOUS
10
5.6668327952755906
20
-4.0472975590551181
11
5.6669435433070863
21
-4.0470302755905507
0
LINE
8
BLACK
6
CONTINUOUS
10
5.6669435433070863
20
-4.0470302755905507
11
5.667150236220472
21
-4.0468235433070863
0
LINE
8
BLACK
6
CONTINUOUS
10
5.667150236220472
20
-4.0468235433070863
11
5.6673129133858264
21
-4.0465806692913384
0
LINE
8
BLACK
6
CONTINUOUS
10
5.6673129133858264
20
-4.0465806692913384
11
5.6677561417322835
21
-4.0462176377952757
0
LINE
8
BLACK
6
CONTINUOUS
10
5.6677561417322835
20
-4.0462176377952757
11
5.6677581889763777
21
-4.0462156299212602
0
LINE
8
BLACK
6
CONTINUOUS
10
5.6677581889763777
20
-4.0462156299212602
11
5.6677590551181103
21
-4.0462152362204726
0
LINE
8
BLACK
6
CONTINUOUS
10
5.6677590551181103
20
-4.0462152362204726
11
5.6677607480314958
21
-4.046213897637795
0
LINE
8
BLACK
6
CONTINUOUS
10
5.6677607480314958
20
-4.046213897637795
11
5.6746603937007869
21
-4.0416140944881889
0
LINE
8
BLACK
6
CONTINUOUS
10
5.6746603937007869
20
-4.0416140944881889
11
5.678876692913386
21
-4.0373978346456694
0
LINE
8
BLACK
6
CONTINUOUS
10
5.678876692913386
20
-4.0373978346456694
11
5.6810433464566925
21
-4.0330645669291334
0
LINE
8
BLACK
6
CONTINUOUS
10
5.6810433464566925
20
-4.0330645669291334
11
5.6813516929133856
21
-4.0325746850393696
0
LINE
8
BLACK
6
CONTINUOUS
10
5.6813516929133856
20
-4.0325746850393696
11
5.6822220866141731
21
-4.031819803149606
0
LINE
8
BLACK
6
CONTINUOUS
10
5.6822220866141731
20
-4.031819803149606
11
5.6833150393700782
21
-4.0314554724409444
0
LINE
8
BLACK
6
CONTINUOUS
10
5.6833150393700782
20
-4.0314554724409444
11
5.684464251968504
21
-4.0315371259842516
0
LINE
8
BLACK
6
CONTINUOUS
10
5.1735024015748028
20
-3.9783687795275591
11
5.1747808267716531
21
-3.9796472047244094
0
LINE
8
BLACK
6
CONTINUOUS
10
5.1747808267716531
20
-3.9796472047244094
11
5.1747808267716531
21
-3.981455157480315
0
LINE
8
BLACK
6
CONTINUOUS
10
5.1747808267716531
20
-3.981455157480315
11
5.1735024015748028
21
-3.9827335826771653
0
LINE
8
BLACK
6
CONTINUOUS
10
5.1735024015748028
20
-3.9827335826771653
11
5.17259842519685
21
-3.9829133858267713
0
LINE
8
BLACK
6
CONTINUOUS
10
5.17259842519685
20
-3.9829133858267713
11
5.1359842519685035
21
-3.9829133858267713
0
LINE
8
BLACK
6
CONTINUOUS
10
5.1359842519685035
20
-3.9829133858267713
11
5.1359842519685035
21
-4.051417322834646
0
LINE
8
BLACK
6
CONTINUOUS
10
5.1359842519685035
20
-4.051417322834646
11
5.1358044488188979
21
-4.0523212992125988
0
LINE
8
BLACK
6
CONTINUOUS
10
5.1358044488188979
20
-4.0523212992125988
11
5.1345260236220467
21
-4.053599724409449
0
LINE
8
BLACK
6
CONTINUOUS
10
5.1345260236220467
20
-4.053599724409449
11
5.1336220472440948
21
-4.0537795275590547
0
LINE
8
BLACK
6
CONTINUOUS
10
5.1336220472440948
20
-4.0537795275590547
11
5.0765354330708661
21
-4.0537795275590547
0
LINE
8
BLACK
6
CONTINUOUS
10
5.0765354330708661
20
-4.0537795275590547
11
5.0756314566929133
21
-4.053599724409449
0
LINE
8
BLACK
6
CONTINUOUS
10
5.0756314566929133
20
-4.053599724409449
11
5.074353031496063
21
-4.0523212992125988
0
LINE
8
BLACK
6
CONTINUOUS
10
5.074353031496063
20
-4.0523212992125988
11
5.074353031496063
21
-4.0505133464566931
0
LINE
8
BLACK
6
CONTINUOUS
10
5.074353031496063
20
-4.0505133464566931
11
5.0756314566929133
21
-4.0492349212598429
0
LINE
8
BLACK
6
CONTINUOUS
10
5.0756314566929133
20
-4.0492349212598429
11
5.0765354330708661
21
-4.0490551181102363
0
LINE
8
BLACK
6
CONTINUOUS
10
5.0765354330708661
20
-4.0490551181102363
11
5.1312598425196851
21
-4.0490551181102363
0
LINE
8
BLACK
6
CONTINUOUS
10
5.1312598425196851
20
-4.0490551181102363
11
5.1312598425196851
21
-3.9805511811023622
0
LINE
8
BLACK
6
CONTINUOUS
10
5.1312598425196851
20
-3.9805511811023622
11
5.1314396456692908
21
-3.9796472047244094
0
LINE
8
BLACK
6
CONTINUOUS
10
5.1314396456692908
20
-3.9796472047244094
11
5.132718070866142
21
-3.9783687795275591
0
LINE
8
BLACK
6
CONTINUOUS
10
5.132718070866142
20
-3.9783687795275591
11
5.1336220472440948
21
-3.9781889763779525
0
LINE
8
BLACK
6
CONTINUOUS
10
5.1336220472440948
20
-3.9781889763779525
11
5.17259842519685
21
-3.9781889763779525
0
LINE
8
BLACK
6
CONTINUOUS
10
5.17259842519685
20
-3.9781889763779525
11
5.1735024015748028
21
-3.9783687795275591
0
LINE
8
BLACK
6
CONTINUOUS
10
5.3779396850393697
20
-3.9282929133858269
11
5.3787543307086612
21
-3.9291075590551179
0
LINE
8
BLACK
6
CONTINUOUS
10
5.3787543307086612
20
-3.9291075590551179
11
5.3791952362204727
21
-3.9301719685039371
0
LINE
8
BLACK
6
CONTINUOUS
10
5.3791952362204727
20
-3.9301719685039371
11
5.3792519685039366
21
-3.930748031496063
0
LINE
8
BLACK
6
CONTINUOUS
10
5.3792519685039366
20
-3.930748031496063
11
5.3792519685039366
21
-4.0477952755905511
0
LINE
8
BLACK
6
CONTINUOUS
10
5.3792519685039366
20
-4.0477952755905511
11
5.6533464566929137
21
-4.0477952755905511
0
LINE
8
BLACK
6
CONTINUOUS
10
5.6533464566929137
20
-4.0477952755905511
11
5.6533464566929137
21
-3.930748031496063
0
LINE
8
BLACK
6
CONTINUOUS
10
5.6533464566929137
20
-3.930748031496063
11
5.6534031889763776
21
-3.9301719685039371
0
LINE
8
BLACK
6
CONTINUOUS
10
5.6534031889763776
20
-3.9301719685039371
11
5.6538440944881891
21
-3.9291075590551179
0
LINE
8
BLACK
6
CONTINUOUS
10
5.6538440944881891
20
-3.9291075590551179
11
5.6546587401574806
21
-3.9282929133858269
0
LINE
8
BLACK
6
CONTINUOUS
10
5.6546587401574806
20
-3.9282929133858269
11
5.655723149606299
21
-3.9278520078740158
0
LINE
8
BLACK
6
CONTINUOUS
10
5.655723149606299
20
-3.9278520078740158
11
5.6568752755905507
21
-3.9278520078740158
0
LINE
8
BLACK
6
CONTINUOUS
10
5.6568752755905507
20
-3.9278520078740158
11
5.6579396850393699
21
-3.9282929133858269
0
LINE
8
BLACK
6
CONTINUOUS
10
5.6579396850393699
20
-3.9282929133858269
11
5.6587543307086614
21
-3.9291075590551179
0
LINE
8
BLACK
6
CONTINUOUS
10
5.6587543307086614
20
-3.9291075590551179
11
5.659195236220472
21
-3.9301719685039371
0
LINE
8
BLACK
6
CONTINUOUS
10
5.659195236220472
20
-3.9301719685039371
11
5.6592519685039369
21
-3.930748031496063
0
LINE
8
BLACK
6
CONTINUOUS
10
5.6592519685039369
20
-3.930748031496063
11
5.6592519685039369
21
-4.0507480314960631
0
LINE
8
BLACK
6
CONTINUOUS
10
5.6592519685039369
20
-4.0507480314960631
11
5.659195236220472
21
-4.051324094488189
0
LINE
8
BLACK
6
CONTINUOUS
10
5.659195236220472
20
-4.051324094488189
11
5.6587543307086614
21
-4.0523885039370082
0
LINE
8
BLACK
6
CONTINUOUS
10
5.6587543307086614
20
-4.0523885039370082
11
5.6579396850393699
21
-4.0532031496062988
0
LINE
8
BLACK
6
CONTINUOUS
10
5.6579396850393699
20
-4.0532031496062988
11
5.6568752755905507
21
-4.0536440551181103
0
LINE
8
BLACK
6
CONTINUOUS
10
5.6568752755905507
20
-4.0536440551181103
11
5.6562992125984248
21
-4.0537007874015751
0
LINE
8
BLACK
6
CONTINUOUS
10
5.6562992125984248
20
-4.0537007874015751
11
5.3762992125984255
21
-4.0537007874015751
0
LINE
8
BLACK
6
CONTINUOUS
10
5.3762992125984255
20
-4.0537007874015751
11
5.3757231496062987
21
-4.0536440551181103
0
LINE
8
BLACK
6
CONTINUOUS
10
5.3757231496062987
20
-4.0536440551181103
11
5.3746587401574804
21
-4.0532031496062988
0
LINE
8
BLACK
6
CONTINUOUS
10
5.3746587401574804
20
-4.0532031496062988
11
5.3738440944881889
21
-4.0523885039370082
0
LINE
8
BLACK
6
CONTINUOUS
10
5.3738440944881889
20
-4.0523885039370082
11
5.3734031889763783
21
-4.051324094488189
0
LINE
8
BLACK
6
CONTINUOUS
10
5.3734031889763783
20
-4.051324094488189
11
5.3733464566929134
21
-4.0507480314960631
0
LINE
8
BLACK
6
CONTINUOUS
10
5.3733464566929134
20
-4.0507480314960631
11
5.3733464566929134
21
-3.930748031496063
0
LINE
8
BLACK
6
CONTINUOUS
10
5.3733464566929134
20
-3.930748031496063
11
5.3734031889763783
21
-3.9301719685039371
0
LINE
8
BLACK
6
CONTINUOUS
10
5.3734031889763783
20
-3.9301719685039371
11
5.3738440944881889
21
-3.9291075590551179
0
LINE
8
BLACK
6
CONTINUOUS
10
5.3738440944881889
20
-3.9291075590551179
11
5.3746587401574804
21
-3.9282929133858269
0
LINE
8
BLACK
6
CONTINUOUS
10
5.3746587401574804
20
-3.9282929133858269
11
5.3757231496062987
21
-3.9278520078740158
0
LINE
8
BLACK
6
CONTINUOUS
10
5.3757231496062987
20
-3.9278520078740158
11
5.3768752755905513
21
-3.9278520078740158
0
LINE
8
BLACK
6
CONTINUOUS
10
5.3768752755905513
20
-3.9278520078740158
11
5.3779396850393697
21
-3.9282929133858269
0
LINE
8
BLACK
6
CONTINUOUS
10
5.2854887007874014
20
-4.0445026377952757
11
5.2867671259842517
21
-4.045781062992126
0
LINE
8
BLACK
6
CONTINUOUS
10
5.2867671259842517
20
-4.045781062992126
11
5.2867671259842517
21
-4.0475890157480316
0
LINE
8
BLACK
6
CONTINUOUS
10
5.2867671259842517
20
-4.0475890157480316
11
5.2854887007874014
21
-4.0488674409448819
0
LINE
8
BLACK
6
CONTINUOUS
10
5.2854887007874014
20
-4.0488674409448819
11
5.2845847244094486
21
-4.0490472440944885
0
LINE
8
BLACK
6
CONTINUOUS
10
5.2845847244094486
20
-4.0490472440944885
11
5.2640137007874017
21
-4.0490472440944885
0
LINE
8
BLACK
6
CONTINUOUS
10
5.2640137007874017
20
-4.0490472440944885
11
5.2631097244094489
21
-4.0488674409448819
0
LINE
8
BLACK
6
CONTINUOUS
10
5.2631097244094489
20
-4.0488674409448819
11
5.2618312992125986
21
-4.0475890157480316
0
LINE
8
BLACK
6
CONTINUOUS
10
5.2618312992125986
20
-4.0475890157480316
11
5.2618312992125986
21
-4.045781062992126
0
LINE
8
BLACK
6
CONTINUOUS
10
5.2618312992125986
20
-4.045781062992126
11
5.2631097244094489
21
-4.0445026377952757
0
LINE
8
BLACK
6
CONTINUOUS
10
5.2631097244094489
20
-4.0445026377952757
11
5.2640137007874017
21
-4.0443228346456692
0
LINE
8
BLACK
6
CONTINUOUS
10
5.2640137007874017
20
-4.0443228346456692
11
5.2845847244094486
21
-4.0443228346456692
0
LINE
8
BLACK
6
CONTINUOUS
10
5.2845847244094486
20
-4.0443228346456692
11
5.2854887007874014
21
-4.0445026377952757
0
LINE
8
BLACK
6
CONTINUOUS
10
5.7104509055118111
20
-3.9814890157480316
11
5.7105488582677166
21
-3.981529566929134
0
LINE
8
BLACK
6
CONTINUOUS
10
5.7105488582677166
20
-3.981529566929134
11
5.7106547637795275
21
-3.9815371259842518
0
LINE
8
BLACK
6
CONTINUOUS
10
5.7106547637795275
20
-3.9815371259842518
11
5.7111953543307088
21
-3.9817440157480313
0
LINE
8
BLACK
6
CONTINUOUS
10
5.7111953543307088
20
-3.9817440157480313
11
5.7159572834645669
21
-3.9841249999999997
0
LINE
8
BLACK
6
CONTINUOUS
10
5.7159572834645669
20
-3.9841249999999997
11
5.716205078740157
21
-3.9842809842519684
0
LINE
8
BLACK
6
CONTINUOUS
10
5.716205078740157
20
-3.9842809842519684
11
5.7162771653543309
21
-3.9843108661417324
0
LINE
8
BLACK
6
CONTINUOUS
10
5.7162771653543309
20
-3.9843108661417324
11
5.7163583464566932
21
-3.9843774803149605
0
LINE
8
BLACK
6
CONTINUOUS
10
5.7163583464566932
20
-3.9843774803149605
11
5.716447125984252
21
-3.9844333858267715
0
LINE
8
BLACK
6
CONTINUOUS
10
5.716447125984252
20
-3.9844333858267715
11
5.7164981496062994
21
-3.9844922440944881
0
LINE
8
BLACK
6
CONTINUOUS
10
5.7164981496062994
20
-3.9844922440944881
11
5.7167246456692915
21
-3.9846781102362203
0
LINE
8
BLACK
6
CONTINUOUS
10
5.7167246456692915
20
-3.9846781102362203
11
5.7191056299212599
21
-3.98705905511811
0
LINE
8
BLACK
6
CONTINUOUS
10
5.7191056299212599
20
-3.98705905511811
11
5.7192913779527554
21
-3.9872853937007875
0
LINE
8
BLACK
6
CONTINUOUS
10
5.7192913779527554
20
-3.9872853937007875
11
5.719350393700787
21
-3.9873365748031495
0
LINE
8
BLACK
6
CONTINUOUS
10
5.719350393700787
20
-3.9873365748031495
11
5.7194063385826768
21
-3.9874255118110233
0
LINE
8
BLACK
6
CONTINUOUS
10
5.7194063385826768
20
-3.9874255118110233
11
5.7194728346456696
21
-3.9875064960629922
0
LINE
8
BLACK
6
CONTINUOUS
10
5.7194728346456696
20
-3.9875064960629922
11
5.7195026377952756
21
-3.9875784251968502
0
LINE
8
BLACK
6
CONTINUOUS
10
5.7195026377952756
20
-3.9875784251968502
11
5.7196587401574801
21
-3.9878264566929134
0
LINE
8
BLACK
6
CONTINUOUS
10
5.7196587401574801
20
-3.9878264566929134
11
5.7220396850393698
21
-3.9925883464566927
0
LINE
8
BLACK
6
CONTINUOUS
10
5.7220396850393698
20
-3.9925883464566927
11
5.7222465748031492
21
-3.993128937007874
0
LINE
8
BLACK
6
CONTINUOUS
10
5.7222465748031492
20
-3.993128937007874
11
5.7222540944881892
21
-3.9932348031496061
0
LINE
8
BLACK
6
CONTINUOUS
10
5.7222540944881892
20
-3.9932348031496061
11
5.7222946850393699
21
-3.9933327952755904
0
LINE
8
BLACK
6
CONTINUOUS
10
5.7222946850393699
20
-3.9933327952755904
11
5.7223514173228347
21
-3.9939088582677162
0
LINE
8
BLACK
6
CONTINUOUS
10
5.7223514173228347
20
-3.9939088582677162
11
5.7223514173228347
21
-4.0034326771653541
0
LINE
8
BLACK
6
CONTINUOUS
10
5.7223514173228347
20
-4.0034326771653541
11
5.7222946850393699
21
-4.00400874015748
0
LINE
8
BLACK
6
CONTINUOUS
10
5.7222946850393699
20
-4.00400874015748
11
5.7222540944881892
21
-4.0041066929133855
0
LINE
8
BLACK
6
CONTINUOUS
10
5.7222540944881892
20
-4.0041066929133855
11
5.7222465748031492
21
-4.0042125984251964
0
LINE
8
BLACK
6
CONTINUOUS
10
5.7222465748031492
20
-4.0042125984251964
11
5.7220396850393698
21
-4.0047531889763777
0
LINE
8
BLACK
6
CONTINUOUS
10
5.7220396850393698
20
-4.0047531889763777
11
5.7196587401574801
21
-4.009515078740157
0
LINE
8
BLACK
6
CONTINUOUS
10
5.7196587401574801
20
-4.009515078740157
11
5.7195026377952756
21
-4.0097630708661418
0
LINE
8
BLACK
6
CONTINUOUS
10
5.7195026377952756
20
-4.0097630708661418
11
5.7194728346456696
21
-4.0098350393700786
0
LINE
8
BLACK
6
CONTINUOUS
10
5.7194728346456696
20
-4.0098350393700786
11
5.7194063385826768
21
-4.0099159842519683
0
LINE
8
BLACK
6
CONTINUOUS
10
5.7194063385826768
20
-4.0099159842519683
11
5.719350393700787
21
-4.0100049606299208
0
LINE
8
BLACK
6
CONTINUOUS
10
5.719350393700787
20
-4.0100049606299208
11
5.7192913779527554
21
-4.0100561023622046
0
LINE
8
BLACK
6
CONTINUOUS
10
5.7192913779527554
20
-4.0100561023622046
11
5.7191056299212599
21
-4.0102824803149604
0
LINE
8
BLACK
6
CONTINUOUS
10
5.7191056299212599
20
-4.0102824803149604
11
5.7167246456692915
21
-4.0126634645669288
0
LINE
8
BLACK
6
CONTINUOUS
10
5.7167246456692915
20
-4.0126634645669288
11
5.7164981496062994
21
-4.0128492913385827
0
LINE
8
BLACK
6
CONTINUOUS
10
5.7164981496062994
20
-4.0128492913385827
11
5.7164470866141732
21
-4.0129082283464568
0
LINE
8
BLACK
6
CONTINUOUS
10
5.7164470866141732
20
-4.0129082283464568
11
5.7163582677165357
21
-4.012964094488189
0
LINE
8
BLACK
6
CONTINUOUS
10
5.7163582677165357
20
-4.012964094488189
11
5.7162772047244097
21
-4.0130306692913384
0
LINE
8
BLACK
6
CONTINUOUS
10
5.7162772047244097
20
-4.0130306692913384
11
5.7162051574803145
21
-4.0130604724409444
0
LINE
8
BLACK
6
CONTINUOUS
10
5.7162051574803145
20
-4.0130604724409444
11
5.7159572440944881
21
-4.0132165748031499
0
LINE
8
BLACK
6
CONTINUOUS
10
5.7159572440944881
20
-4.0132165748031499
11
5.7111953543307088
21
-4.0155975196850395
0
LINE
8
BLACK
6
CONTINUOUS
10
5.7111953543307088
20
-4.0155975196850395
11
5.7106547244094488
21
-4.015804409448819
0
LINE
8
BLACK
6
CONTINUOUS
10
5.7106547244094488
20
-4.015804409448819
11
5.7105488976377954
21
-4.0158118897637793
0
LINE
8
BLACK
6
CONTINUOUS
10
5.7105488976377954
20
-4.0158118897637793
11
5.7104509055118111
21
-4.0158525196850396
0
LINE
8
BLACK
6
CONTINUOUS
10
5.7104509055118111
20
-4.0158525196850396
11
5.7098748425196852
21
-4.0159092519685036
0
LINE
8
BLACK
6
CONTINUOUS
10
5.7098748425196852
20
-4.0159092519685036
11
5.6693986614173228
21
-4.0159092519685036
0
LINE
8
BLACK
6
CONTINUOUS
10
5.6693986614173228
20
-4.0159092519685036
11
5.668822598425197
21
-4.0158525196850396
0
LINE
8
BLACK
6
CONTINUOUS
10
5.668822598425197
20
-4.0158525196850396
11
5.6677581889763777
21
-4.0154116141732281
0
LINE
8
BLACK
6
CONTINUOUS
10
5.6677581889763777
20
-4.0154116141732281
11
5.6669435433070863
21
-4.0145969685039367
0
LINE
8
BLACK
6
CONTINUOUS
10
5.6669435433070863
20
-4.0145969685039367
11
5.6665026377952756
21
-4.0135325590551183
0
LINE
8
BLACK
6
CONTINUOUS
10
5.6665026377952756
20
-4.0135325590551183
11
5.6665026377952756
21
-4.0123804330708657
0
LINE
8
BLACK
6
CONTINUOUS
10
5.6665026377952756
20
-4.0123804330708657
11
5.6669435433070863
21
-4.0113160236220473
0
LINE
8
BLACK
6
CONTINUOUS
10
5.6669435433070863
20
-4.0113160236220473
11
5.6677581889763777
21
-4.0105013779527559
0
LINE
8
BLACK
6
CONTINUOUS
10
5.6677581889763777
20
-4.0105013779527559
11
5.668822598425197
21
-4.0100604724409452
0
LINE
8
BLACK
6
CONTINUOUS
10
5.668822598425197
20
-4.0100604724409452
11
5.6693986614173228
21
-4.0100037401574804
0
LINE
8
BLACK
6
CONTINUOUS
10
5.6693986614173228
20
-4.0100037401574804
11
5.7091777952755907
21
-4.0100037401574804
0
LINE
8
BLACK
6
CONTINUOUS
10
5.7091777952755907
20
-4.0100037401574804
11
5.7128876377952755
21
-4.008148818897638
0
LINE
8
BLACK
6
CONTINUOUS
10
5.7128876377952755
20
-4.008148818897638
11
5.7145909842519682
21
-4.0064454724409444
0
LINE
8
BLACK
6
CONTINUOUS
10
5.7145909842519682
20
-4.0064454724409444
11
5.7164459055118106
21
-4.0027356299212595
0
LINE
8
BLACK
6
CONTINUOUS
10
5.7164459055118106
20
-4.0027356299212595
11
5.7164459055118106
21
-3.9946059055118108
0
LINE
8
BLACK
6
CONTINUOUS
10
5.7164459055118106
20
-3.9946059055118108
11
5.7145909842519682
21
-3.990896062992126
0
LINE
8
BLACK
6
CONTINUOUS
10
5.7145909842519682
20
-3.990896062992126
11
5.7128876377952755
21
-3.9891927165354328
0
LINE
8
BLACK
6
CONTINUOUS
10
5.7128876377952755
20
-3.9891927165354328
11
5.7091777952755907
21
-3.9873377952755904
0
LINE
8
BLACK
6
CONTINUOUS
10
5.7091777952755907
20
-3.9873377952755904
11
5.6693986614173228
21
-3.9873377952755904
0
LINE
8
BLACK
6
CONTINUOUS
10
5.6693986614173228
20
-3.9873377952755904
11
5.668822598425197
21
-3.987281062992126
0
LINE
8
BLACK
6
CONTINUOUS
10
5.668822598425197
20
-3.987281062992126
11
5.6677581889763777
21
-3.986840157480315
0
LINE
8
BLACK
6
CONTINUOUS
10
5.6677581889763777
20
-3.986840157480315
11
5.6669435433070863
21
-3.9860255118110235
0
LINE
8
BLACK
6
CONTINUOUS
10
5.6669435433070863
20
-3.9860255118110235
11
5.6665026377952756
21
-3.9849611023622047
0
LINE
8
BLACK
6
CONTINUOUS
10
5.6665026377952756
20
-3.9849611023622047
11
5.6665026377952756
21
-3.9838089763779525
0
LINE
8
BLACK
6
CONTINUOUS
10
5.6665026377952756
20
-3.9838089763779525
11
5.6669435433070863
21
-3.9827445669291337
0
LINE
8
BLACK
6
CONTINUOUS
10
5.6669435433070863
20
-3.9827445669291337
11
5.6677581889763777
21
-3.9819299212598422
0
LINE
8
BLACK
6
CONTINUOUS
10
5.6677581889763777
20
-3.9819299212598422
11
5.668822598425197
21
-3.9814890157480316
0
LINE
8
BLACK
6
CONTINUOUS
10
5.668822598425197
20
-3.9814890157480316
11
5.6693986614173228
21
-3.9814322834645668
0
LINE
8
BLACK
6
CONTINUOUS
10
5.6693986614173228
20
-3.9814322834645668
11
5.7098748425196852
21
-3.9814322834645668
0
LINE
8
BLACK
6
CONTINUOUS
10
5.7098748425196852
20
-3.9814322834645668
11
5.7104509055118111
21
-3.9814890157480316
0
LINE
8
BLACK
6
CONTINUOUS
10
4.9676942125984249
20
-3.6686235826771654
11
4.9678740157480314
21
-3.6695275590551182
0
LINE
8
BLACK
6
CONTINUOUS
10
4.9678740157480314
20
-3.6695275590551182
11
4.9678740157480314
21
-4.0014173228346452
0
LINE
8
BLACK
6
CONTINUOUS
10
4.9678740157480314
20
-4.0014173228346452
11
4.9676942125984249
21
-4.002321299212598
0
LINE
8
BLACK
6
CONTINUOUS
10
4.9676942125984249
20
-4.002321299212598
11
4.9664157874015746
21
-4.0035997244094483
0
LINE
8
BLACK
6
CONTINUOUS
10
4.9664157874015746
20
-4.0035997244094483
11
4.964607834645669
21
-4.0035997244094483
0
LINE
8
BLACK
6
CONTINUOUS
10
4.964607834645669
20
-4.0035997244094483
11
4.9633294094488187
21
-4.002321299212598
0
LINE
8
BLACK
6
CONTINUOUS
10
4.9633294094488187
20
-4.002321299212598
11
4.9631496062992122
21
-4.0014173228346452
0
LINE
8
BLACK
6
CONTINUOUS
10
4.9631496062992122
20
-4.0014173228346452
11
4.9631496062992122
21
-3.6695275590551182
0
LINE
8
BLACK
6
CONTINUOUS
10
4.9631496062992122
20
-3.6695275590551182
11
4.9633294094488187
21
-3.6686235826771654
0
LINE
8
BLACK
6
CONTINUOUS
10
4.9633294094488187
20
-3.6686235826771654
11
4.964607834645669
21
-3.6673451574803151
0
LINE
8
BLACK
6
CONTINUOUS
10
4.964607834645669
20
-3.6673451574803151
11
4.9664157874015746
21
-3.6673451574803151
0
LINE
8
BLACK
6
CONTINUOUS
10
4.9664157874015746
20
-3.6673451574803151
11
4.9676942125984249
21
-3.6686235826771654
0
LINE
8
BLACK
6
CONTINUOUS
10
5.2854887007874014
20
-3.986628622047244
11
5.2867671259842517
21
-3.9879070472440943
0
LINE
8
BLACK
6
CONTINUOUS
10
5.2867671259842517
20
-3.9879070472440943
11
5.2867671259842517
21
-3.9897149999999999
0
LINE
8
BLACK
6
CONTINUOUS
10
5.2867671259842517
20
-3.9897149999999999
11
5.2854887007874014
21
-3.9909934251968502
0
LINE
8
BLACK
6
CONTINUOUS
10
5.2854887007874014
20
-3.9909934251968502
11
5.2845847244094486
21
-3.9911732283464567
0
LINE
8
BLACK
6
CONTINUOUS
10
5.2845847244094486
20
-3.9911732283464567
11
5.2640137007874017
21
-3.9911732283464567
0
LINE
8
BLACK
6
CONTINUOUS
10
5.2640137007874017
20
-3.9911732283464567
11
5.2631097244094489
21
-3.9909934251968502
0
LINE
8
BLACK
6
CONTINUOUS
10
5.2631097244094489
20
-3.9909934251968502
11
5.2618312992125986
21
-3.9897149999999999
0
LINE
8
BLACK
6
CONTINUOUS
10
5.2618312992125986
20
-3.9897149999999999
11
5.2618312992125986
21
-3.9879070472440943
0
LINE
8
BLACK
6
CONTINUOUS
10
5.2618312992125986
20
-3.9879070472440943
11
5.2631097244094489
21
-3.986628622047244
0
LINE
8
BLACK
6
CONTINUOUS
10
5.2631097244094489
20
-3.986628622047244
11
5.2640137007874017
21
-3.9864488188976379
0
LINE
8
BLACK
6
CONTINUOUS
10
5.2640137007874017
20
-3.9864488188976379
11
5.2845847244094486
21
-3.9864488188976379
0
LINE
8
BLACK
6
CONTINUOUS
10
5.2845847244094486
20
-3.9864488188976379
11
5.2854887007874014
21
-3.986628622047244
0
LINE
8
BLACK
6
CONTINUOUS
10
6.9081087007874018
20
-3.6905735039370078
11
6.9093871259842521
21
-3.6918519291338581
0
LINE
8
BLACK
6
CONTINUOUS
10
6.9093871259842521
20
-3.6918519291338581
11
6.9093871259842521
21
-3.6936598818897637
0
LINE
8
BLACK
6
CONTINUOUS
10
6.9093871259842521
20
-3.6936598818897637
11
6.9081087007874018
21
-3.694938307086614
0
LINE
8
BLACK
6
CONTINUOUS
10
6.9081087007874018
20
-3.694938307086614
11
6.907204724409449
21
-3.6951181102362205
0
LINE
8
BLACK
6
CONTINUOUS
10
6.907204724409449
20
-3.6951181102362205
11
6.5237401574803151
21
-3.6951181102362205
0
LINE
8
BLACK
6
CONTINUOUS
10
6.5237401574803151
20
-3.6951181102362205
11
6.5237401574803151
21
-3.9758267716535434
0
LINE
8
BLACK
6
CONTINUOUS
10
6.5237401574803151
20
-3.9758267716535434
11
6.907204724409449
21
-3.9758267716535434
0
LINE
8
BLACK
6
CONTINUOUS
10
6.907204724409449
20
-3.9758267716535434
11
6.9081087007874018
21
-3.9760065748031495
0
LINE
8
BLACK
6
CONTINUOUS
10
6.9081087007874018
20
-3.9760065748031495
11
6.9093871259842521
21
-3.9772849999999997
0
LINE
8
BLACK
6
CONTINUOUS
10
6.9093871259842521
20
-3.9772849999999997
11
6.9093871259842521
21
-3.9790929527559054
0
LINE
8
BLACK
6
CONTINUOUS
10
6.9093871259842521
20
-3.9790929527559054
11
6.9081087007874018
21
-3.9803713779527556
0
LINE
8
BLACK
6
CONTINUOUS
10
6.9081087007874018
20
-3.9803713779527556
11
6.907204724409449
21
-3.9805511811023622
0
LINE
8
BLACK
6
CONTINUOUS
10
6.907204724409449
20
-3.9805511811023622
11
6.5213779527559055
21
-3.9805511811023622
0
LINE
8
BLACK
6
CONTINUOUS
10
6.5213779527559055
20
-3.9805511811023622
11
6.5204739763779527
21
-3.9803713779527556
0
LINE
8
BLACK
6
CONTINUOUS
10
6.5204739763779527
20
-3.9803713779527556
11
6.5191955511811024
21
-3.9790929527559054
0
LINE
8
BLACK
6
CONTINUOUS
10
6.5191955511811024
20
-3.9790929527559054
11
6.5190157480314959
21
-3.9781889763779525
0
LINE
8
BLACK
6
CONTINUOUS
10
6.5190157480314959
20
-3.9781889763779525
11
6.5190157480314959
21
-3.6927559055118109
0
LINE
8
BLACK
6
CONTINUOUS
10
6.5190157480314959
20
-3.6927559055118109
11
6.5191955511811024
21
-3.6918519291338581
0
LINE
8
BLACK
6
CONTINUOUS
10
6.5191955511811024
20
-3.6918519291338581
11
6.5204739763779527
21
-3.6905735039370078
0
LINE
8
BLACK
6
CONTINUOUS
10
6.5204739763779527
20
-3.6905735039370078
11
6.5213779527559055
21
-3.6903937007874017
0
LINE
8
BLACK
6
CONTINUOUS
10
6.5213779527559055
20
-3.6903937007874017
11
6.907204724409449
21
-3.6903937007874017
0
LINE
8
BLACK
6
CONTINUOUS
10
6.907204724409449
20
-3.6903937007874017
11
6.9081087007874018
21
-3.6905735039370078
0
LINE
8
BLACK
6
CONTINUOUS
10
5.2815440551181103
20
-3.9241364960629919
11
5.2828224803149606
21
-3.9254149212598426
0
LINE
8
BLACK
6
CONTINUOUS
10
5.2828224803149606
20
-3.9254149212598426
11
5.2828224803149606
21
-3.9272228740157478
0
LINE
8
BLACK
6
CONTINUOUS
10
5.2828224803149606
20
-3.9272228740157478
11
5.2815440551181103
21
-3.9285012992125985
0
LINE
8
BLACK
6
CONTINUOUS
10
5.2815440551181103
20
-3.9285012992125985
11
5.2806400787401575
21
-3.9286811023622046
0
LINE
8
BLACK
6
CONTINUOUS
10
5.2806400787401575
20
-3.9286811023622046
11
5.2619583464566926
21
-3.9286811023622046
0
LINE
8
BLACK
6
CONTINUOUS
10
5.2619583464566926
20
-3.9286811023622046
11
5.2610543700787398
21
-3.9285012992125985
0
LINE
8
BLACK
6
CONTINUOUS
10
5.2610543700787398
20
-3.9285012992125985
11
5.2597759448818895
21
-3.9272228740157478
0
LINE
8
BLACK
6
CONTINUOUS
10
5.2597759448818895
20
-3.9272228740157478
11
5.2597759448818895
21
-3.9254149212598426
0
LINE
8
BLACK
6
CONTINUOUS
10
5.2597759448818895
20
-3.9254149212598426
11
5.2610543700787398
21
-3.9241364960629919
0
LINE
8
BLACK
6
CONTINUOUS
10
5.2610543700787398
20
-3.9241364960629919
11
5.2619583464566926
21
-3.9239566929133858
0
LINE
8
BLACK
6
CONTINUOUS
10
5.2619583464566926
20
-3.9239566929133858
11
5.2806400787401575
21
-3.9239566929133858
0
LINE
8
BLACK
6
CONTINUOUS
10
5.2806400787401575
20
-3.9239566929133858
11
5.2815440551181103
21
-3.9241364960629919
0
LINE
8
BLACK
6
CONTINUOUS
10
5.968402874015748
20
-3.9098212204724407
11
5.9685826771653545
21
-3.9107251968503935
0
LINE
8
BLACK
6
CONTINUOUS
10
5.9685826771653545
20
-3.9107251968503935
11
5.9685826771653545
21
-3.9217944881889761
0
LINE
8
BLACK
6
CONTINUOUS
10
5.9685826771653545
20
-3.9217944881889761
11
5.968402874015748
21
-3.9226984645669289
0
LINE
8
BLACK
6
CONTINUOUS
10
5.968402874015748
20
-3.9226984645669289
11
5.9671244488188977
21
-3.9239768897637792
0
LINE
8
BLACK
6
CONTINUOUS
10
5.9671244488188977
20
-3.9239768897637792
11
5.9653164960629921
21
-3.9239768897637792
0
LINE
8
BLACK
6
CONTINUOUS
10
5.9653164960629921
20
-3.9239768897637792
11
5.9640380708661418
21
-3.9226984645669289
0
LINE
8
BLACK
6
CONTINUOUS
10
5.9640380708661418
20
-3.9226984645669289
11
5.9638582677165353
21
-3.9217944881889761
0
LINE
8
BLACK
6
CONTINUOUS
10
5.9638582677165353
20
-3.9217944881889761
11
5.9638582677165353
21
-3.9107251968503935
0
LINE
8
BLACK
6
CONTINUOUS
10
5.9638582677165353
20
-3.9107251968503935
11
5.9640380708661418
21
-3.9098212204724407
0
LINE
8
BLACK
6
CONTINUOUS
10
5.9640380708661418
20
-3.9098212204724407
11
5.9653164960629921
21
-3.9085427952755905
0
LINE
8
BLACK
6
CONTINUOUS
10
5.9653164960629921
20
-3.9085427952755905
11
5.9671244488188977
21
-3.9085427952755905
0
LINE
8
BLACK
6
CONTINUOUS
10
5.9671244488188977
20
-3.9085427952755905
11
5.968402874015748
21
-3.9098212204724407
0
LINE
8
BLACK
6
CONTINUOUS
10
6.0085603543307089
20
-3.9098212204724407
11
6.0087401574803145
21
-3.9107251968503935
0
LINE
8
BLACK
6
CONTINUOUS
10
6.0087401574803145
20
-3.9107251968503935
11
6.0087401574803145
21
-3.9217944881889761
0
LINE
8
BLACK
6
CONTINUOUS
10
6.0087401574803145
20
-3.9217944881889761
11
6.0085603543307089
21
-3.9226984645669289
0
LINE
8
BLACK
6
CONTINUOUS
10
6.0085603543307089
20
-3.9226984645669289
11
6.0072819291338577
21
-3.9239768897637792
0
LINE
8
BLACK
6
CONTINUOUS
10
6.0072819291338577
20
-3.9239768897637792
11
6.005473976377953
21
-3.9239768897637792
0
LINE
8
BLACK
6
CONTINUOUS
10
6.005473976377953
20
-3.9239768897637792
11
6.0041955511811018
21
-3.9226984645669289
0
LINE
8
BLACK
6
CONTINUOUS
10
6.0041955511811018
20
-3.9226984645669289
11
6.0040157480314962
21
-3.9217944881889761
0
LINE
8
BLACK
6
CONTINUOUS
10
6.0040157480314962
20
-3.9217944881889761
11
6.0040157480314962
21
-3.9107251968503935
0
LINE
8
BLACK
6
CONTINUOUS
10
6.0040157480314962
20
-3.9107251968503935
11
6.0041955511811018
21
-3.9098212204724407
0
LINE
8
BLACK
6
CONTINUOUS
10
6.0041955511811018
20
-3.9098212204724407
11
6.005473976377953
21
-3.9085427952755905
0
LINE
8
BLACK
6
CONTINUOUS
10
6.005473976377953
20
-3.9085427952755905
11
6.0072819291338577
21
-3.9085427952755905
0
LINE
8
BLACK
6
CONTINUOUS
10
6.0072819291338577
20
-3.9085427952755905
11
6.0085603543307089
21
-3.9098212204724407
0
LINE
8
BLACK
6
CONTINUOUS
10
6.1106579921259838
20
-3.9115183858267715
11
6.1119364173228341
21
-3.9127968110236218
0
LINE
8
BLACK
6
CONTINUOUS
10
6.1119364173228341
20
-3.9127968110236218
11
6.1119364173228341
21
-3.9146047637795274
0
LINE
8
BLACK
6
CONTINUOUS
10
6.1119364173228341
20
-3.9146047637795274
11
6.1106579921259838
21
-3.9158831889763777
0
LINE
8
BLACK
6
CONTINUOUS
10
6.1106579921259838
20
-3.9158831889763777
11
6.109754015748031
21
-3.9160629921259842
0
LINE
8
BLACK
6
CONTINUOUS
10
6.109754015748031
20
-3.9160629921259842
11
6.0891829921259841
21
-3.9160629921259842
0
LINE
8
BLACK
6
CONTINUOUS
10
6.0891829921259841
20
-3.9160629921259842
11
6.0882790157480313
21
-3.9158831889763777
0
LINE
8
BLACK
6
CONTINUOUS
10
6.0882790157480313
20
-3.9158831889763777
11
6.087000590551181
21
-3.9146047637795274
0
LINE
8
BLACK
6
CONTINUOUS
10
6.087000590551181
20
-3.9146047637795274
11
6.087000590551181
21
-3.9127968110236218
0
LINE
8
BLACK
6
CONTINUOUS
10
6.087000590551181
20
-3.9127968110236218
11
6.0882790157480313
21
-3.9115183858267715
0
LINE
8
BLACK
6
CONTINUOUS
10
6.0882790157480313
20
-3.9115183858267715
11
6.0891829921259841
21
-3.9113385826771654
0
LINE
8
BLACK
6
CONTINUOUS
10
6.0891829921259841
20
-3.9113385826771654
11
6.109754015748031
21
-3.9113385826771654
0
LINE
8
BLACK
6
CONTINUOUS
10
6.109754015748031
20
-3.9113385826771654
11
6.1106579921259838
21
-3.9115183858267715
0
LINE
8
BLACK
6
CONTINUOUS
10
6.2572260236220467
20
-3.90364437007874
11
6.2585044488188979
21
-3.9049227952755903
0
LINE
8
BLACK
6
CONTINUOUS
10
6.2585044488188979
20
-3.9049227952755903
11
6.2585044488188979
21
-3.9067307480314959
0
LINE
8
BLACK
6
CONTINUOUS
10
6.2585044488188979
20
-3.9067307480314959
11
6.2572260236220467
21
-3.9080091732283462
0
LINE
8
BLACK
6
CONTINUOUS
10
6.2572260236220467
20
-3.9080091732283462
11
6.2563220472440939
21
-3.9081889763779527
0
LINE
8
BLACK
6
CONTINUOUS
10
6.2563220472440939
20
-3.9081889763779527
11
6.2452527559055113
21
-3.9081889763779527
0
LINE
8
BLACK
6
CONTINUOUS
10
6.2452527559055113
20
-3.9081889763779527
11
6.2443487795275585
21
-3.9080091732283462
0
LINE
8
BLACK
6
CONTINUOUS
10
6.2443487795275585
20
-3.9080091732283462
11
6.2430703543307082
21
-3.9067307480314959
0
LINE
8
BLACK
6
CONTINUOUS
10
6.2430703543307082
20
-3.9067307480314959
11
6.2430703543307082
21
-3.9049227952755903
0
LINE
8
BLACK
6
CONTINUOUS
10
6.2430703543307082
20
-3.9049227952755903
11
6.2443487795275585
21
-3.90364437007874
0
LINE
8
BLACK
6
CONTINUOUS
10
6.2443487795275585
20
-3.90364437007874
11
6.2452527559055113
21
-3.9034645669291339
0
LINE
8
BLACK
6
CONTINUOUS
10
6.2452527559055113
20
-3.9034645669291339
11
6.2563220472440939
21
-3.9034645669291339
0
LINE
8
BLACK
6
CONTINUOUS
10
6.2563220472440939
20
-3.9034645669291339
11
6.2572260236220467
21
-3.90364437007874
0
LINE
8
BLACK
6
CONTINUOUS
10
6.4105288582677167
20
-3.8663892519685037
11
6.4107086614173223
21
-3.8672932283464565
0
LINE
8
BLACK
6
CONTINUOUS
10
6.4107086614173223
20
-3.8672932283464565
11
6.4107086614173223
21
-3.8878642519685038
0
LINE
8
BLACK
6
CONTINUOUS
10
6.4107086614173223
20
-3.8878642519685038
11
6.4105288582677167
21
-3.8887682283464566
0
LINE
8
BLACK
6
CONTINUOUS
10
6.4105288582677167
20
-3.8887682283464566
11
6.4092504330708664
21
-3.8900466535433069
0
LINE
8
BLACK
6
CONTINUOUS
10
6.4092504330708664
20
-3.8900466535433069
11
6.4074424803149608
21
-3.8900466535433069
0
LINE
8
BLACK
6
CONTINUOUS
10
6.4074424803149608
20
-3.8900466535433069
11
6.4061640551181105
21
-3.8887682283464566
0
LINE
8
BLACK
6
CONTINUOUS
10
6.4061640551181105
20
-3.8887682283464566
11
6.405984251968504
21
-3.8878642519685038
0
LINE
8
BLACK
6
CONTINUOUS
10
6.405984251968504
20
-3.8878642519685038
11
6.405984251968504
21
-3.8672932283464565
0
LINE
8
BLACK
6
CONTINUOUS
10
6.405984251968504
20
-3.8672932283464565
11
6.4061640551181105
21
-3.8663892519685037
0
LINE
8
BLACK
6
CONTINUOUS
10
6.4061640551181105
20
-3.8663892519685037
11
6.4074424803149608
21
-3.8651108267716534
0
LINE
8
BLACK
6
CONTINUOUS
10
6.4074424803149608
20
-3.8651108267716534
11
6.4092504330708664
21
-3.8651108267716534
0
LINE
8
BLACK
6
CONTINUOUS
10
6.4092504330708664
20
-3.8651108267716534
11
6.4105288582677167
21
-3.8663892519685037
0
LINE
8
BLACK
6
CONTINUOUS
10
6.4664343700787397
20
-3.8663892519685037
11
6.4666141732283462
21
-3.8672932283464565
0
LINE
8
BLACK
6
CONTINUOUS
10
6.4666141732283462
20
-3.8672932283464565
11
6.4666141732283462
21
-3.8878642519685038
0
LINE
8
BLACK
6
CONTINUOUS
10
6.4666141732283462
20
-3.8878642519685038
11
6.4664343700787397
21
-3.8887682283464566
0
LINE
8
BLACK
6
CONTINUOUS
10
6.4664343700787397
20
-3.8887682283464566
11
6.4651559448818894
21
-3.8900466535433069
0
LINE
8
BLACK
6
CONTINUOUS
10
6.4651559448818894
20
-3.8900466535433069
11
6.4633479921259838
21
-3.8900466535433069
0
LINE
8
BLACK
6
CONTINUOUS
10
6.4633479921259838
20
-3.8900466535433069
11
6.4620695669291335
21
-3.8887682283464566
0
LINE
8
BLACK
6
CONTINUOUS
10
6.4620695669291335
20
-3.8887682283464566
11
6.4618897637795278
21
-3.8878642519685038
0
LINE
8
BLACK
6
CONTINUOUS
10
6.4618897637795278
20
-3.8878642519685038
11
6.4618897637795278
21
-3.8672932283464565
0
LINE
8
BLACK
6
CONTINUOUS
10
6.4618897637795278
20
-3.8672932283464565
11
6.4620695669291335
21
-3.8663892519685037
0
LINE
8
BLACK
6
CONTINUOUS
10
6.4620695669291335
20
-3.8663892519685037
11
6.4633479921259838
21
-3.8651108267716534
0
LINE
8
BLACK
6
CONTINUOUS
10
6.4633479921259838
20
-3.8651108267716534
11
6.4651559448818894
21
-3.8651108267716534
0
LINE
8
BLACK
6
CONTINUOUS
10
6.4651559448818894
20
-3.8651108267716534
11
6.4664343700787397
21
-3.8663892519685037
0
LINE
8
BLACK
6
CONTINUOUS
10
5.2815440551181103
20
-3.8829947637795277
11
5.2828224803149606
21
-3.884273188976378
0
LINE
8
BLACK
6
CONTINUOUS
10
5.2828224803149606
20
-3.884273188976378
11
5.2828224803149606
21
-3.8860811417322836
0
LINE
8
BLACK
6
CONTINUOUS
10
5.2828224803149606
20
-3.8860811417322836
11
5.2815440551181103
21
-3.8873595669291339
0
LINE
8
BLACK
6
CONTINUOUS
10
5.2815440551181103
20
-3.8873595669291339
11
5.2806400787401575
21
-3.88753937007874
0
LINE
8
BLACK
6
CONTINUOUS
10
5.2806400787401575
20
-3.88753937007874
11
5.2619583464566926
21
-3.88753937007874
0
LINE
8
BLACK
6
CONTINUOUS
10
5.2619583464566926
20
-3.88753937007874
11
5.2610543700787398
21
-3.8873595669291339
0
LINE
8
BLACK
6
CONTINUOUS
10
5.2610543700787398
20
-3.8873595669291339
11
5.2597759448818895
21
-3.8860811417322836
0
LINE
8
BLACK
6
CONTINUOUS
10
5.2597759448818895
20
-3.8860811417322836
11
5.2597759448818895
21
-3.884273188976378
0
LINE
8
BLACK
6
CONTINUOUS
10
5.2597759448818895
20
-3.884273188976378
11
5.2610543700787398
21
-3.8829947637795277
0
LINE
8
BLACK
6
CONTINUOUS
10
5.2610543700787398
20
-3.8829947637795277
11
5.2619583464566926
21
-3.8828149606299212
0
LINE
8
BLACK
6
CONTINUOUS
10
5.2619583464566926
20
-3.8828149606299212
11
5.2806400787401575
21
-3.8828149606299212
0
LINE
8
BLACK
6
CONTINUOUS
10
5.2806400787401575
20
-3.8828149606299212
11
5.2815440551181103
21
-3.8829947637795277
0
LINE
8
BLACK
6
CONTINUOUS
10
5.6755446062992121
20
-3.846960118110236
11
5.6757244094488186
21
-3.8478640944881888
0
LINE
8
BLACK
6
CONTINUOUS
10
5.6757244094488186
20
-3.8478640944881888
11
5.6757244094488186
21
-3.8684351181102361
0
LINE
8
BLACK
6
CONTINUOUS
10
5.6757244094488186
20
-3.8684351181102361
11
5.6755446062992121
21
-3.8693390944881889
0
LINE
8
BLACK
6
CONTINUOUS
10
5.6755446062992121
20
-3.8693390944881889
11
5.6742661811023618
21
-3.8706175196850392
0
LINE
8
BLACK
6
CONTINUOUS
10
5.6742661811023618
20
-3.8706175196850392
11
5.6724582283464562
21
-3.8706175196850392
0
LINE
8
BLACK
6
CONTINUOUS
10
5.6724582283464562
20
-3.8706175196850392
11
5.6711798031496059
21
-3.8693390944881889
0
LINE
8
BLACK
6
CONTINUOUS
10
5.6711798031496059
20
-3.8693390944881889
11
5.6710000000000003
21
-3.8684351181102361
0
LINE
8
BLACK
6
CONTINUOUS
10
5.6710000000000003
20
-3.8684351181102361
11
5.6710000000000003
21
-3.8478640944881888
0
LINE
8
BLACK
6
CONTINUOUS
10
5.6710000000000003
20
-3.8478640944881888
11
5.6711798031496059
21
-3.846960118110236
0
LINE
8
BLACK
6
CONTINUOUS
10
5.6711798031496059
20
-3.846960118110236
11
5.6724582283464562
21
-3.8456816929133857
0
LINE
8
BLACK
6
CONTINUOUS
10
5.6724582283464562
20
-3.8456816929133857
11
5.6742661811023618
21
-3.8456816929133857
0
LINE
8
BLACK
6
CONTINUOUS
10
5.6742661811023618
20
-3.8456816929133857
11
5.6755446062992121
21
-3.846960118110236
0
LINE
8
BLACK
6
CONTINUOUS
10
5.7334186220472443
20
-3.846960118110236
11
5.7335984251968499
21
-3.8478640944881888
0
LINE
8
BLACK
6
CONTINUOUS
10
5.7335984251968499
20
-3.8478640944881888
11
5.7335984251968499
21
-3.8684351181102361
0
LINE
8
BLACK
6
CONTINUOUS
10
5.7335984251968499
20
-3.8684351181102361
11
5.7334186220472443
21
-3.8693390944881889
0
LINE
8
BLACK
6
CONTINUOUS
10
5.7334186220472443
20
-3.8693390944881889
11
5.732140196850394
21
-3.8706175196850392
0
LINE
8
BLACK
6
CONTINUOUS
10
5.732140196850394
20
-3.8706175196850392
11
5.7303322440944884
21
-3.8706175196850392
0
LINE
8
BLACK
6
CONTINUOUS
10
5.7303322440944884
20
-3.8706175196850392
11
5.7290538188976381
21
-3.8693390944881889
0
LINE
8
BLACK
6
CONTINUOUS
10
5.7290538188976381
20
-3.8693390944881889
11
5.7288740157480316
21
-3.8684351181102361
0
LINE
8
BLACK
6
CONTINUOUS
10
5.7288740157480316
20
-3.8684351181102361
11
5.7288740157480316
21
-3.8478640944881888
0
LINE
8
BLACK
6
CONTINUOUS
10
5.7288740157480316
20
-3.8478640944881888
11
5.7290538188976381
21
-3.846960118110236
0
LINE
8
BLACK
6
CONTINUOUS
10
5.7290538188976381
20
-3.846960118110236
11
5.7303322440944884
21
-3.8456816929133857
0
LINE
8
BLACK
6
CONTINUOUS
10
5.7303322440944884
20
-3.8456816929133857
11
5.732140196850394
21
-3.8456816929133857
0
LINE
8
BLACK
6
CONTINUOUS
10
5.732140196850394
20
-3.8456816929133857
11
5.7334186220472443
21
-3.846960118110236
0
LINE
8
BLACK
6
CONTINUOUS
10
6.2572260236220467
20
-3.8634868897637795
11
6.2585044488188979
21
-3.8647653149606298
0
LINE
8
BLACK
6
CONTINUOUS
10
6.2585044488188979
20
-3.8647653149606298
11
6.2585044488188979
21
-3.8665732677165354
0
LINE
8
BLACK
6
CONTINUOUS
10
6.2585044488188979
20
-3.8665732677165354
11
6.2572260236220467
21
-3.8678516929133857
0
LINE
8
BLACK
6
CONTINUOUS
10
6.2572260236220467
20
-3.8678516929133857
11
6.2563220472440939
21
-3.8680314960629922
0
LINE
8
BLACK
6
CONTINUOUS
10
6.2563220472440939
20
-3.8680314960629922
11
6.2452527559055113
21
-3.8680314960629922
0
LINE
8
BLACK
6
CONTINUOUS
10
6.2452527559055113
20
-3.8680314960629922
11
6.2443487795275585
21
-3.8678516929133857
0
LINE
8
BLACK
6
CONTINUOUS
10
6.2443487795275585
20
-3.8678516929133857
11
6.2430703543307082
21
-3.8665732677165354
0
LINE
8
BLACK
6
CONTINUOUS
10
6.2430703543307082
20
-3.8665732677165354
11
6.2430703543307082
21
-3.8647653149606298
0
LINE
8
BLACK
6
CONTINUOUS
10
6.2430703543307082
20
-3.8647653149606298
11
6.2443487795275585
21
-3.8634868897637795
0
LINE
8
BLACK
6
CONTINUOUS
10
6.2443487795275585
20
-3.8634868897637795
11
6.2452527559055113
21
-3.863307086614173
0
LINE
8
BLACK
6
CONTINUOUS
10
6.2452527559055113
20
-3.863307086614173
11
6.2563220472440939
21
-3.863307086614173
0
LINE
8
BLACK
6
CONTINUOUS
10
6.2563220472440939
20
-3.863307086614173
11
6.2572260236220467
21
-3.8634868897637795
0
LINE
8
BLACK
6
CONTINUOUS
10
6.1106579921259838
20
-3.855612874015748
11
6.1119364173228341
21
-3.8568912992125983
0
LINE
8
BLACK
6
CONTINUOUS
10
6.1119364173228341
20
-3.8568912992125983
11
6.1119364173228341
21
-3.8586992519685039
0
LINE
8
BLACK
6
CONTINUOUS
10
6.1119364173228341
20
-3.8586992519685039
11
6.1106579921259838
21
-3.8599776771653542
0
LINE
8
BLACK
6
CONTINUOUS
10
6.1106579921259838
20
-3.8599776771653542
11
6.109754015748031
21
-3.8601574803149608
0
LINE
8
BLACK
6
CONTINUOUS
10
6.109754015748031
20
-3.8601574803149608
11
6.0891829921259841
21
-3.8601574803149608
0
LINE
8
BLACK
6
CONTINUOUS
10
6.0891829921259841
20
-3.8601574803149608
11
6.0882790157480313
21
-3.8599776771653542
0
LINE
8
BLACK
6
CONTINUOUS
10
6.0882790157480313
20
-3.8599776771653542
11
6.087000590551181
21
-3.8586992519685039
0
LINE
8
BLACK
6
CONTINUOUS
10
6.087000590551181
20
-3.8586992519685039
11
6.087000590551181
21
-3.8568912992125983
0
LINE
8
BLACK
6
CONTINUOUS
10
6.087000590551181
20
-3.8568912992125983
11
6.0882790157480313
21
-3.855612874015748
0
LINE
8
BLACK
6
CONTINUOUS
10
6.0882790157480313
20
-3.855612874015748
11
6.0891829921259841
21
-3.8554330708661415
0
LINE
8
BLACK
6
CONTINUOUS
10
6.0891829921259841
20
-3.8554330708661415
11
6.109754015748031
21
-3.8554330708661415
0
LINE
8
BLACK
6
CONTINUOUS
10
6.109754015748031
20
-3.8554330708661415
11
6.1106579921259838
21
-3.855612874015748
0
LINE
8
BLACK
6
CONTINUOUS
10
6.5078123228346456
20
-3.8129149212598423
11
6.5079921259842521
21
-3.8138188976377951
0
LINE
8
BLACK
6
CONTINUOUS
10
6.5079921259842521
20
-3.8138188976377951
11
6.5079921259842521
21
-3.8571259842519683
0
LINE
8
BLACK
6
CONTINUOUS
10
6.5079921259842521
20
-3.8571259842519683
11
6.5078123228346456
21
-3.8580299606299211
0
LINE
8
BLACK
6
CONTINUOUS
10
6.5078123228346456
20
-3.8580299606299211
11
6.5065338976377953
21
-3.8593083858267714
0
LINE
8
BLACK
6
CONTINUOUS
10
6.5065338976377953
20
-3.8593083858267714
11
6.5047259448818897
21
-3.8593083858267714
0
LINE
8
BLACK
6
CONTINUOUS
10
6.5047259448818897
20
-3.8593083858267714
11
6.5034475196850394
21
-3.8580299606299211
0
LINE
8
BLACK
6
CONTINUOUS
10
6.5034475196850394
20
-3.8580299606299211
11
6.5032677165354329
21
-3.8571259842519683
0
LINE
8
BLACK
6
CONTINUOUS
10
6.5032677165354329
20
-3.8571259842519683
11
6.5032677165354329
21
-3.8138188976377951
0
LINE
8
BLACK
6
CONTINUOUS
10
6.5032677165354329
20
-3.8138188976377951
11
6.5034475196850394
21
-3.8129149212598423
0
LINE
8
BLACK
6
CONTINUOUS
10
6.5034475196850394
20
-3.8129149212598423
11
6.5047259448818897
21
-3.811636496062992
0
LINE
8
BLACK
6
CONTINUOUS
10
6.5047259448818897
20
-3.811636496062992
11
6.5065338976377953
21
-3.811636496062992
0
LINE
8
BLACK
6
CONTINUOUS
10
6.5065338976377953
20
-3.811636496062992
11
6.5078123228346456
21
-3.8129149212598423
0
LINE
8
BLACK
6
CONTINUOUS
10
5.2840637401574799
20
-3.8491364960629921
11
5.2853421653543302
21
-3.8504149212598424
0
LINE
8
BLACK
6
CONTINUOUS
10
5.2853421653543302
20
-3.8504149212598424
11
5.2853421653543302
21
-3.852222874015748
0
LINE
8
BLACK
6
CONTINUOUS
10
5.2853421653543302
20
-3.852222874015748
11
5.2840637401574799
21
-3.8535012992125983
0
LINE
8
BLACK
6
CONTINUOUS
10
5.2840637401574799
20
-3.8535012992125983
11
5.2831597637795271
21
-3.8536811023622048
0
LINE
8
BLACK
6
CONTINUOUS
10
5.2831597637795271
20
-3.8536811023622048
11
5.2644780314960631
21
-3.8536811023622048
0
LINE
8
BLACK
6
CONTINUOUS
10
5.2644780314960631
20
-3.8536811023622048
11
5.2635740551181103
21
-3.8535012992125983
0
LINE
8
BLACK
6
CONTINUOUS
10
5.2635740551181103
20
-3.8535012992125983
11
5.26229562992126
21
-3.852222874015748
0
LINE
8
BLACK
6
CONTINUOUS
10
5.26229562992126
20
-3.852222874015748
11
5.26229562992126
21
-3.8504149212598424
0
LINE
8
BLACK
6
CONTINUOUS
10
5.26229562992126
20
-3.8504149212598424
11
5.2635740551181103
21
-3.8491364960629921
0
LINE
8
BLACK
6
CONTINUOUS
10
5.2635740551181103
20
-3.8491364960629921
11
5.2644780314960631
21
-3.8489566929133856
0
LINE
8
BLACK
6
CONTINUOUS
10
5.2644780314960631
20
-3.8489566929133856
11
5.2831597637795271
21
-3.8489566929133856
0
LINE
8
BLACK
6
CONTINUOUS
10
5.2831597637795271
20
-3.8489566929133856
11
5.2840637401574799
21
-3.8491364960629921
0
LINE
8
BLACK
6
CONTINUOUS
10
6.097232362204724
20
-3.7964275590551182
11
6.0982967716535432
21
-3.7968684645669288
0
LINE
8
BLACK
6
CONTINUOUS
10
6.0982967716535432
20
-3.7968684645669288
11
6.0991114173228347
21
-3.7976831102362203
0
LINE
8
BLACK
6
CONTINUOUS
10
6.0991114173228347
20
-3.7976831102362203
11
6.0995523228346453
21
-3.7987475196850391
0
LINE
8
BLACK
6
CONTINUOUS
10
6.0995523228346453
20
-3.7987475196850391
11
6.0995523228346453
21
-3.7998996456692913
0
LINE
8
BLACK
6
CONTINUOUS
10
6.0995523228346453
20
-3.7998996456692913
11
6.0991114173228347
21
-3.8009640551181101
0
LINE
8
BLACK
6
CONTINUOUS
10
6.0991114173228347
20
-3.8009640551181101
11
6.0982967716535432
21
-3.8017787007874015
0
LINE
8
BLACK
6
CONTINUOUS
10
6.0982967716535432
20
-3.8017787007874015
11
6.097232362204724
21
-3.8022196062992126
0
LINE
8
BLACK
6
CONTINUOUS
10
6.097232362204724
20
-3.8022196062992126
11
6.0966562992125981
21
-3.802276338582677
0
LINE
8
BLACK
6
CONTINUOUS
10
6.0966562992125981
20
-3.802276338582677
11
6.078791535433071
21
-3.802276338582677
0
LINE
8
BLACK
6
CONTINUOUS
10
6.078791535433071
20
-3.802276338582677
11
6.0876298818897636
21
-3.8123772834645671
0
LINE
8
BLACK
6
CONTINUOUS
10
6.0876298818897636
20
-3.8123772834645671
11
6.0878078740157475
21
-3.8126262598425198
0
LINE
8
BLACK
6
CONTINUOUS
10
6.0878078740157475
20
-3.8126262598425198
11
6.0878628346456694
21
-3.8126812204724407
0
LINE
8
BLACK
6
CONTINUOUS
10
6.0878628346456694
20
-3.8126812204724407
11
6.0878844094488187
21
-3.8127333070866141
0
LINE
8
BLACK
6
CONTINUOUS
10
6.0878844094488187
20
-3.8127333070866141
11
6.087966535433071
21
-3.8128481889763779
0
LINE
8
BLACK
6
CONTINUOUS
10
6.087966535433071
20
-3.8128481889763779
11
6.0881201181102362
21
-3.8133024015748029
0
LINE
8
BLACK
6
CONTINUOUS
10
6.0881201181102362
20
-3.8133024015748029
11
6.08830374015748
21
-3.8137456299212595
0
LINE
8
BLACK
6
CONTINUOUS
10
6.08830374015748
20
-3.8137456299212595
11
6.08830374015748
21
-3.8138452362204722
0
LINE
8
BLACK
6
CONTINUOUS
10
6.08830374015748
20
-3.8138452362204722
11
6.0883356299212599
21
-3.8139395669291338
0
LINE
8
BLACK
6
CONTINUOUS
10
6.0883356299212599
20
-3.8139395669291338
11
6.08830374015748
21
-3.814418031496063
0
LINE
8
BLACK
6
CONTINUOUS
10
6.08830374015748
20
-3.814418031496063
11
6.08830374015748
21
-3.8148977559055117
0
LINE
8
BLACK
6
CONTINUOUS
10
6.08830374015748
20
-3.8148977559055117
11
6.0882656299212599
21
-3.8149897244094486
0
LINE
8
BLACK
6
CONTINUOUS
10
6.0882656299212599
20
-3.8149897244094486
11
6.0882590157480312
21
-3.8150890944881888
0
LINE
8
BLACK
6
CONTINUOUS
10
6.0882590157480312
20
-3.8150890944881888
11
6.0880462992125981
21
-3.8155192125984252
0
LINE
8
BLACK
6
CONTINUOUS
10
6.0880462992125981
20
-3.8155192125984252
11
6.0878628346456694
21
-3.8159621653543305
0
LINE
8
BLACK
6
CONTINUOUS
10
6.0878628346456694
20
-3.8159621653543305
11
6.0877924803149606
21
-3.8160324803149606
0
LINE
8
BLACK
6
CONTINUOUS
10
6.0877924803149606
20
-3.8160324803149606
11
6.0877483070866143
21
-3.8161218503937007
0
LINE
8
BLACK
6
CONTINUOUS
10
6.0877483070866143
20
-3.8161218503937007
11
6.0873871653543308
21
-3.8164377952755904
0
LINE
8
BLACK
6
CONTINUOUS
10
6.0873871653543308
20
-3.8164377952755904
11
6.0870481889763779
21
-3.816776811023622
0
LINE
8
BLACK
6
CONTINUOUS
10
6.0870481889763779
20
-3.816776811023622
11
6.0869561811023623
21
-3.8168149212598426
0
LINE
8
BLACK
6
CONTINUOUS
10
6.0869561811023623
20
-3.8168149212598426
11
6.0868812204724412
21
-3.8168805118110236
0
LINE
8
BLACK
6
CONTINUOUS
10
6.0868812204724412
20
-3.8168805118110236
11
6.0864269685039369
21
-3.8170340944881889
0
LINE
8
BLACK
6
CONTINUOUS
10
6.0864269685039369
20
-3.8170340944881889
11
6.0859837795275586
21
-3.8172177165354331
0
LINE
8
BLACK
6
CONTINUOUS
10
6.0859837795275586
20
-3.8172177165354331
11
6.0858431889763782
21
-3.8172315354330708
0
LINE
8
BLACK
6
CONTINUOUS
10
6.0858431889763782
20
-3.8172315354330708
11
6.0857898425196852
21
-3.8172496062992125
0
LINE
8
BLACK
6
CONTINUOUS
10
6.0857898425196852
20
-3.8172496062992125
11
6.085712362204724
21
-3.8172444094488189
0
LINE
8
BLACK
6
CONTINUOUS
10
6.085712362204724
20
-3.8172444094488189
11
6.0854077165354328
21
-3.8172744488188974
0
LINE
8
BLACK
6
CONTINUOUS
10
6.0854077165354328
20
-3.8172744488188974
11
6.0804804724409447
21
-3.8172744488188974
0
LINE
8
BLACK
6
CONTINUOUS
10
6.0804804724409447
20
-3.8172744488188974
11
6.0777829921259841
21
-3.8186231889763778
0
LINE
8
BLACK
6
CONTINUOUS
10
6.0777829921259841
20
-3.8186231889763778
11
6.0765858661417322
21
-3.81982031496063
0
LINE
8
BLACK
6
CONTINUOUS
10
6.0765858661417322
20
-3.81982031496063
11
6.0752371259842519
21
-3.8225177952755907
0
LINE
8
BLACK
6
CONTINUOUS
10
6.0752371259842519
20
-3.8225177952755907
11
6.0752371259842519
21
-3.8304975196850393
0
LINE
8
BLACK
6
CONTINUOUS
10
6.0752371259842519
20
-3.8304975196850393
11
6.0765858661417322
21
-3.8331949999999999
0
LINE
8
BLACK
6
CONTINUOUS
10
6.0765858661417322
20
-3.8331949999999999
11
6.0777829921259841
21
-3.8343921653543305
0
LINE
8
BLACK
6
CONTINUOUS
10
6.0777829921259841
20
-3.8343921653543305
11
6.0804804724409447
21
-3.8357409055118108
0
LINE
8
BLACK
6
CONTINUOUS
10
6.0804804724409447
20
-3.8357409055118108
11
6.0903349606299209
21
-3.8357409055118108
0
LINE
8
BLACK
6
CONTINUOUS
10
6.0903349606299209
20
-3.8357409055118108
11
6.0930324015748027
21
-3.8343921653543305
0
LINE
8
BLACK
6
CONTINUOUS
10
6.0930324015748027
20
-3.8343921653543305
11
6.0945683464566924
21
-3.8328562204724408
0
LINE
8
BLACK
6
CONTINUOUS
10
6.0945683464566924
20
-3.8328562204724408
11
6.095015826771653
21
-3.8324889763779528
0
LINE
8
BLACK
6
CONTINUOUS
10
6.095015826771653
20
-3.8324889763779528
11
6.0960802362204722
21
-3.8320480708661417
0
LINE
8
BLACK
6
CONTINUOUS
10
6.0960802362204722
20
-3.8320480708661417
11
6.0972323228346452
21
-3.8320480708661417
0
LINE
8
BLACK
6
CONTINUOUS
10
6.0972323228346452
20
-3.8320480708661417
11
6.0982967322834645
21
-3.8324889370078741
0
LINE
8
BLACK
6
CONTINUOUS
10
6.0982967322834645
20
-3.8324889370078741
11
6.0991114173228347
21
-3.8333036220472438
0
LINE
8
BLACK
6
CONTINUOUS
10
6.0991114173228347
20
-3.8333036220472438
11
6.0995523228346453
21
-3.8343680314960631
0
LINE
8
BLACK
6
CONTINUOUS
10
6.0995523228346453
20
-3.8343680314960631
11
6.0995523228346453
21
-3.8355201181102361
0
LINE
8
BLACK
6
CONTINUOUS
10
6.0995523228346453
20
-3.8355201181102361
11
6.0991114566929134
21
-3.8365845275590549
0
LINE
8
BLACK
6
CONTINUOUS
10
6.0991114566929134
20
-3.8365845275590549
11
6.098744212598425
21
-3.8370320078740159
0
LINE
8
BLACK
6
CONTINUOUS
10
6.098744212598425
20
-3.8370320078740159
11
6.0968694881889762
21
-3.8389067716535434
0
LINE
8
BLACK
6
CONTINUOUS
10
6.0968694881889762
20
-3.8389067716535434
11
6.0966431102362204
21
-3.8390925196850394
0
LINE
8
BLACK
6
CONTINUOUS
10
6.0966431102362204
20
-3.8390925196850394
11
6.0965919291338579
21
-3.8391515748031497
0
LINE
8
BLACK
6
CONTINUOUS
10
6.0965919291338579
20
-3.8391515748031497
11
6.0965029527559054
21
-3.8392075590551182
0
LINE
8
BLACK
6
CONTINUOUS
10
6.0965029527559054
20
-3.8392075590551182
11
6.0964220078740157
21
-3.8392740157480314
0
LINE
8
BLACK
6
CONTINUOUS
10
6.0964220078740157
20
-3.8392740157480314
11
6.0963500393700789
21
-3.8393038188976378
0
LINE
8
BLACK
6
CONTINUOUS
10
6.0963500393700789
20
-3.8393038188976378
11
6.0961020472440941
21
-3.8394599212598424
0
LINE
8
BLACK
6
CONTINUOUS
10
6.0961020472440941
20
-3.8394599212598424
11
6.092352519685039
21
-3.8413346850393699
0
LINE
8
BLACK
6
CONTINUOUS
10
6.092352519685039
20
-3.8413346850393699
11
6.091811889763779
21
-3.8415415748031494
0
LINE
8
BLACK
6
CONTINUOUS
10
6.091811889763779
20
-3.8415415748031494
11
6.0917060629921256
21
-3.8415490551181102
0
LINE
8
BLACK
6
CONTINUOUS
10
6.0917060629921256
20
-3.8415490551181102
11
6.0916080708661413
21
-3.84158968503937
0
LINE
8
BLACK
6
CONTINUOUS
10
6.0916080708661413
20
-3.84158968503937
11
6.0910320078740154
21
-3.8416464173228344
0
LINE
8
BLACK
6
CONTINUOUS
10
6.0910320078740154
20
-3.8416464173228344
11
6.0797834251968501
21
-3.8416464173228344
0
LINE
8
BLACK
6
CONTINUOUS
10
6.0797834251968501
20
-3.8416464173228344
11
6.0792073622047242
21
-3.84158968503937
0
LINE
8
BLACK
6
CONTINUOUS
10
6.0792073622047242
20
-3.84158968503937
11
6.07910937007874
21
-3.8415490944881889
0
LINE
8
BLACK
6
CONTINUOUS
10
6.07910937007874
20
-3.8415490944881889
11
6.0790035039370078
21
-3.8415415748031494
0
LINE
8
BLACK
6
CONTINUOUS
10
6.0790035039370078
20
-3.8415415748031494
11
6.0784629133858266
21
-3.8413346850393699
0
LINE
8
BLACK
6
CONTINUOUS
10
6.0784629133858266
20
-3.8413346850393699
11
6.0747133858267715
21
-3.8394599212598424
0
LINE
8
BLACK
6
CONTINUOUS
10
6.0747133858267715
20
-3.8394599212598424
11
6.0744653543307088
21
-3.8393038188976378
0
LINE
8
BLACK
6
CONTINUOUS
10
6.0744653543307088
20
-3.8393038188976378
11
6.0743934251968499
21
-3.8392740157480314
0
LINE
8
BLACK
6
CONTINUOUS
10
6.0743934251968499
20
-3.8392740157480314
11
6.0743124409448814
21
-3.8392075590551182
0
LINE
8
BLACK
6
CONTINUOUS
10
6.0743124409448814
20
-3.8392075590551182
11
6.0742235039370076
21
-3.8391515748031497
0
LINE
8
BLACK
6
CONTINUOUS
10
6.0742235039370076
20
-3.8391515748031497
11
6.0741722834645664
21
-3.8390925196850394
0
LINE
8
BLACK
6
CONTINUOUS
10
6.0741722834645664
20
-3.8390925196850394
11
6.0739459448818893
21
-3.8389067716535434
0
LINE
8
BLACK
6
CONTINUOUS
10
6.0739459448818893
20
-3.8389067716535434
11
6.0720711811023618
21
-3.8370319685039371
0
LINE
8
BLACK
6
CONTINUOUS
10
6.0720711811023618
20
-3.8370319685039371
11
6.0718854330708663
21
-3.8368056299212596
0
LINE
8
BLACK
6
CONTINUOUS
10
6.0718854330708663
20
-3.8368056299212596
11
6.0718264566929134
21
-3.8367544881889764
0
LINE
8
BLACK
6
CONTINUOUS
10
6.0718264566929134
20
-3.8367544881889764
11
6.0717704724409449
21
-3.8366655511811021
0
LINE
8
BLACK
6
CONTINUOUS
10
6.0717704724409449
20
-3.8366655511811021
11
6.071703976377953
21
-3.8365845275590549
0
LINE
8
BLACK
6
CONTINUOUS
10
6.071703976377953
20
-3.8365845275590549
11
6.0716741338582674
21
-3.8365124803149606
0
LINE
8
BLACK
6
CONTINUOUS
10
6.0716741338582674
20
-3.8365124803149606
11
6.0715181102362203
21
-3.8362646062992125
0
LINE
8
BLACK
6
CONTINUOUS
10
6.0715181102362203
20
-3.8362646062992125
11
6.0696433464566928
21
-3.8325150787401574
0
LINE
8
BLACK
6
CONTINUOUS
10
6.0696433464566928
20
-3.8325150787401574
11
6.0694364566929133
21
-3.8319744488188974
0
LINE
8
BLACK
6
CONTINUOUS
10
6.0694364566929133
20
-3.8319744488188974
11
6.0694289370078742
21
-3.831868622047244
0
LINE
8
BLACK
6
CONTINUOUS
10
6.0694289370078742
20
-3.831868622047244
11
6.0693883464566927
21
-3.8317706299212597
0
LINE
8
BLACK
6
CONTINUOUS
10
6.0693883464566927
20
-3.8317706299212597
11
6.0693316141732279
21
-3.8311945669291338
0
LINE
8
BLACK
6
CONTINUOUS
10
6.0693316141732279
20
-3.8311945669291338
11
6.0693316141732279
21
-3.8218207480314961
0
LINE
8
BLACK
6
CONTINUOUS
10
6.0693316141732279
20
-3.8218207480314961
11
6.0693883464566927
21
-3.8212446850393702
0
LINE
8
BLACK
6
CONTINUOUS
10
6.0693883464566927
20
-3.8212446850393702
11
6.0694289370078742
21
-3.8211466535433072
0
LINE
8
BLACK
6
CONTINUOUS
10
6.0694289370078742
20
-3.8211466535433072
11
6.0694364566929133
21
-3.8210408661417321
0
LINE
8
BLACK
6
CONTINUOUS
10
6.0694364566929133
20
-3.8210408661417321
11
6.0696433464566928
21
-3.8205002362204725
0
LINE
8
BLACK
6
CONTINUOUS
10
6.0696433464566928
20
-3.8205002362204725
11
6.0715181102362203
21
-3.8167507086614174
0
LINE
8
BLACK
6
CONTINUOUS
10
6.0715181102362203
20
-3.8167507086614174
11
6.0716741732283461
21
-3.8165026771653543
0
LINE
8
BLACK
6
CONTINUOUS
10
6.0716741732283461
20
-3.8165026771653543
11
6.0717040157480318
21
-3.8164307480314958
0
LINE
8
BLACK
6
CONTINUOUS
10
6.0717040157480318
20
-3.8164307480314958
11
6.0717704724409449
21
-3.8163497637795274
0
LINE
8
BLACK
6
CONTINUOUS
10
6.0717704724409449
20
-3.8163497637795274
11
6.0718264566929134
21
-3.8162608267716536
0
LINE
8
BLACK
6
CONTINUOUS
10
6.0718264566929134
20
-3.8162608267716536
11
6.0718854330708663
21
-3.8162096456692911
0
LINE
8
BLACK
6
CONTINUOUS
10
6.0718854330708663
20
-3.8162096456692911
11
6.0720712204724405
21
-3.815983307086614
0
LINE
8
BLACK
6
CONTINUOUS
10
6.0720712204724405
20
-3.815983307086614
11
6.0739459842519681
21
-3.8141085433070865
0
LINE
8
BLACK
6
CONTINUOUS
10
6.0739459842519681
20
-3.8141085433070865
11
6.0741723228346451
21
-3.8139227559055118
0
LINE
8
BLACK
6
CONTINUOUS
10
6.0741723228346451
20
-3.8139227559055118
11
6.0742235039370076
21
-3.813863779527559
0
LINE
8
BLACK
6
CONTINUOUS
10
6.0742235039370076
20
-3.813863779527559
11
6.0743124409448814
21
-3.8138077952755904
0
LINE
8
BLACK
6
CONTINUOUS
10
6.0743124409448814
20
-3.8138077952755904
11
6.0743934251968499
21
-3.8137413385826773
0
LINE
8
BLACK
6
CONTINUOUS
10
6.0743934251968499
20
-3.8137413385826773
11
6.0744653543307088
21
-3.8137114960629921
0
LINE
8
BLACK
6
CONTINUOUS
10
6.0744653543307088
20
-3.8137114960629921
11
6.0747133858267715
21
-3.8135554330708659
0
LINE
8
BLACK
6
CONTINUOUS
10
6.0747133858267715
20
-3.8135554330708659
11
6.0784629133858266
21
-3.8116806692913383
0
LINE
8
BLACK
6
CONTINUOUS
10
6.0784629133858266
20
-3.8116806692913383
11
6.0789950787401574
21
-3.8114769685039369
0
LINE
8
BLACK
6
CONTINUOUS
10
6.0789950787401574
20
-3.8114769685039369
11
6.070062204724409
21
-3.8012679921259842
0
LINE
8
BLACK
6
CONTINUOUS
10
6.070062204724409
20
-3.8012679921259842
11
6.0698841732283464
21
-3.8010189763779527
0
LINE
8
BLACK
6
CONTINUOUS
10
6.0698841732283464
20
-3.8010189763779527
11
6.0698292519685042
21
-3.8009640551181101
0
LINE
8
BLACK
6
CONTINUOUS
10
6.0698292519685042
20
-3.8009640551181101
11
6.0698076377952752
21
-3.800911929133858
0
LINE
8
BLACK
6
CONTINUOUS
10
6.0698076377952752
20
-3.800911929133858
11
6.0697255511811026
21
-3.8007970866141729
0
LINE
8
BLACK
6
CONTINUOUS
10
6.0697255511811026
20
-3.8007970866141729
11
6.0695719291338586
21
-3.8003428346456691
0
LINE
8
BLACK
6
CONTINUOUS
10
6.0695719291338586
20
-3.8003428346456691
11
6.0693883464566927
21
-3.7998996456692913
0
LINE
8
BLACK
6
CONTINUOUS
10
6.0693883464566927
20
-3.7998996456692913
11
6.0693883464566927
21
-3.7997999999999998
0
LINE
8
BLACK
6
CONTINUOUS
10
6.0693883464566927
20
-3.7997999999999998
11
6.0693564566929137
21
-3.7997057086614174
0
LINE
8
BLACK
6
CONTINUOUS
10
6.0693564566929137
20
-3.7997057086614174
11
6.0693883464566927
21
-3.7992272047244096
0
LINE
8
BLACK
6
CONTINUOUS
10
6.0693883464566927
20
-3.7992272047244096
11
6.0693883464566927
21
-3.7987475196850391
0
LINE
8
BLACK
6
CONTINUOUS
10
6.0693883464566927
20
-3.7987475196850391
11
6.0694264173228349
21
-3.7986555118110235
0
LINE
8
BLACK
6
CONTINUOUS
10
6.0694264173228349
20
-3.7986555118110235
11
6.0694330708661415
21
-3.798556181102362
0
LINE
8
BLACK
6
CONTINUOUS
10
6.0694330708661415
20
-3.798556181102362
11
6.0696457480314958
21
-3.7981260236220473
0
LINE
8
BLACK
6
CONTINUOUS
10
6.0696457480314958
20
-3.7981260236220473
11
6.0698292519685042
21
-3.7976831102362203
0
LINE
8
BLACK
6
CONTINUOUS
10
6.0698292519685042
20
-3.7976831102362203
11
6.0698995669291333
21
-3.7976127559055115
0
LINE
8
BLACK
6
CONTINUOUS
10
6.0698995669291333
20
-3.7976127559055115
11
6.0699437795275593
21
-3.7975234251968502
0
LINE
8
BLACK
6
CONTINUOUS
10
6.0699437795275593
20
-3.7975234251968502
11
6.070304881889764
21
-3.7972074409448817
0
LINE
8
BLACK
6
CONTINUOUS
10
6.070304881889764
20
-3.7972074409448817
11
6.0706438976377948
21
-3.7968684645669288
0
LINE
8
BLACK
6
CONTINUOUS
10
6.0706438976377948
20
-3.7968684645669288
11
6.0707358661417326
21
-3.7968303149606299
0
LINE
8
BLACK
6
CONTINUOUS
10
6.0707358661417326
20
-3.7968303149606299
11
6.0708108661417324
21
-3.7967647637795277
0
LINE
8
BLACK
6
CONTINUOUS
10
6.0708108661417324
20
-3.7967647637795277
11
6.071265078740157
21
-3.7966111417322832
0
LINE
8
BLACK
6
CONTINUOUS
10
6.071265078740157
20
-3.7966111417322832
11
6.071708307086614
21
-3.7964275590551182
0
LINE
8
BLACK
6
CONTINUOUS
10
6.071708307086614
20
-3.7964275590551182
11
6.0718488582677166
21
-3.7964137007874017
0
LINE
8
BLACK
6
CONTINUOUS
10
6.0718488582677166
20
-3.7964137007874017
11
6.0719022440944883
21
-3.7963956692913383
0
LINE
8
BLACK
6
CONTINUOUS
10
6.0719022440944883
20
-3.7963956692913383
11
6.0719796850393699
21
-3.7964008267716536
0
LINE
8
BLACK
6
CONTINUOUS
10
6.0719796850393699
20
-3.7964008267716536
11
6.0722843700787399
21
-3.7963708267716534
0
LINE
8
BLACK
6
CONTINUOUS
10
6.0722843700787399
20
-3.7963708267716534
11
6.0966562992125981
21
-3.7963708267716534
0
LINE
8
BLACK
6
CONTINUOUS
10
6.0966562992125981
20
-3.7963708267716534
11
6.097232362204724
21
-3.7964275590551182
0
LINE
8
BLACK
6
CONTINUOUS
10
6.1264182677165353
20
-3.7968684645669288
11
6.1272329133858268
21
-3.7976831102362203
0
LINE
8
BLACK
6
CONTINUOUS
10
6.1272329133858268
20
-3.7976831102362203
11
6.1276738188976374
21
-3.7987475196850391
0
LINE
8
BLACK
6
CONTINUOUS
10
6.1276738188976374
20
-3.7987475196850391
11
6.1277305511811022
21
-3.7993235826771654
0
LINE
8
BLACK
6
CONTINUOUS
10
6.1277305511811022
20
-3.7993235826771654
11
6.1277305511811022
21
-3.8386936614173228
0
LINE
8
BLACK
6
CONTINUOUS
10
6.1277305511811022
20
-3.8386936614173228
11
6.1276738188976374
21
-3.8392697244094487
0
LINE
8
BLACK
6
CONTINUOUS
10
6.1276738188976374
20
-3.8392697244094487
11
6.1272329133858268
21
-3.8403341338582675
0
LINE
8
BLACK
6
CONTINUOUS
10
6.1272329133858268
20
-3.8403341338582675
11
6.1264182677165353
21
-3.841148779527559
0
LINE
8
BLACK
6
CONTINUOUS
10
6.1264182677165353
20
-3.841148779527559
11
6.1253538582677161
21
-3.84158968503937
0
LINE
8
BLACK
6
CONTINUOUS
10
6.1253538582677161
20
-3.84158968503937
11
6.1247777952755902
21
-3.8416464173228344
0
LINE
8
BLACK
6
CONTINUOUS
10
6.1247777952755902
20
-3.8416464173228344
11
6.1060301574803146
21
-3.8416464173228344
0
LINE
8
BLACK
6
CONTINUOUS
10
6.1060301574803146
20
-3.8416464173228344
11
6.1054540944881888
21
-3.84158968503937
0
LINE
8
BLACK
6
CONTINUOUS
10
6.1054540944881888
20
-3.84158968503937
11
6.1043896850393695
21
-3.841148779527559
0
LINE
8
BLACK
6
CONTINUOUS
10
6.1043896850393695
20
-3.841148779527559
11
6.1035750393700789
21
-3.8403341338582675
0
LINE
8
BLACK
6
CONTINUOUS
10
6.1035750393700789
20
-3.8403341338582675
11
6.1031341338582674
21
-3.8392697244094487
0
LINE
8
BLACK
6
CONTINUOUS
10
6.1031341338582674
20
-3.8392697244094487
11
6.1031341338582674
21
-3.838117598425197
0
LINE
8
BLACK
6
CONTINUOUS
10
6.1031341338582674
20
-3.838117598425197
11
6.1035750393700789
21
-3.8370531889763777
0
LINE
8
BLACK
6
CONTINUOUS
10
6.1035750393700789
20
-3.8370531889763777
11
6.1043896850393695
21
-3.8362385433070867
0
LINE
8
BLACK
6
CONTINUOUS
10
6.1043896850393695
20
-3.8362385433070867
11
6.1054540944881888
21
-3.8357976377952756
0
LINE
8
BLACK
6
CONTINUOUS
10
6.1054540944881888
20
-3.8357976377952756
11
6.1060301574803146
21
-3.8357409055118108
0
LINE
8
BLACK
6
CONTINUOUS
10
6.1060301574803146
20
-3.8357409055118108
11
6.1218250393700782
21
-3.8357409055118108
0
LINE
8
BLACK
6
CONTINUOUS
10
6.1218250393700782
20
-3.8357409055118108
11
6.1218250393700782
21
-3.7993235826771654
0
LINE
8
BLACK
6
CONTINUOUS
10
6.1218250393700782
20
-3.7993235826771654
11
6.121881771653543
21
-3.7987475196850391
0
LINE
8
BLACK
6
CONTINUOUS
10
6.121881771653543
20
-3.7987475196850391
11
6.1223226771653545
21
-3.7976831102362203
0
LINE
8
BLACK
6
CONTINUOUS
10
6.1223226771653545
20
-3.7976831102362203
11
6.123137322834646
21
-3.7968684645669288
0
LINE
8
BLACK
6
CONTINUOUS
10
6.123137322834646
20
-3.7968684645669288
11
6.1242017322834643
21
-3.7964275590551182
0
LINE
8
BLACK
6
CONTINUOUS
10
6.1242017322834643
20
-3.7964275590551182
11
6.1253538582677161
21
-3.7964275590551182
0
LINE
8
BLACK
6
CONTINUOUS
10
6.1253538582677161
20
-3.7964275590551182
11
6.1264182677165353
21
-3.7968684645669288
0
LINE
8
BLACK
6
CONTINUOUS
10
5.9739710629921259
20
-3.8043696456692913
11
5.9741196850393701
21
-3.8043696456692913
0
LINE
8
BLACK
6
CONTINUOUS
10
5.9741196850393701
20
-3.8043696456692913
11
5.9745182677165349
21
-3.8045347244094487
0
LINE
8
BLACK
6
CONTINUOUS
10
5.9745182677165349
20
-3.8045347244094487
11
5.974931692913386
21
-3.8046594881889764
0
LINE
8
BLACK
6
CONTINUOUS
10
5.974931692913386
20
-3.8046594881889764
11
5.9750468110236223
21
-3.804753661417323
0
LINE
8
BLACK
6
CONTINUOUS
10
5.9750468110236223
20
-3.804753661417323
11
5.9751840944881884
21
-3.8048105511811023
0
LINE
8
BLACK
6
CONTINUOUS
10
5.9751840944881884
20
-3.8048105511811023
11
5.9754891338582672
21
-3.8051155905511811
0
LINE
8
BLACK
6
CONTINUOUS
10
5.9754891338582672
20
-3.8051155905511811
11
5.9758233464566928
21
-3.80538905511811
0
LINE
8
BLACK
6
CONTINUOUS
10
5.9758233464566928
20
-3.80538905511811
11
5.9758936220472441
21
-3.8055200787401575
0
LINE
8
BLACK
6
CONTINUOUS
10
5.9758936220472441
20
-3.8055200787401575
11
5.9759987795275586
21
-3.8056252362204726
0
LINE
8
BLACK
6
CONTINUOUS
10
5.9759987795275586
20
-3.8056252362204726
11
5.9761638582677161
21
-3.8060238188976379
0
LINE
8
BLACK
6
CONTINUOUS
10
5.9761638582677161
20
-3.8060238188976379
11
5.9763679921259838
21
-3.8064042913385827
0
LINE
8
BLACK
6
CONTINUOUS
10
5.9763679921259838
20
-3.8064042913385827
11
5.9763827559055116
21
-3.8065522834645669
0
LINE
8
BLACK
6
CONTINUOUS
10
5.9763827559055116
20
-3.8065522834645669
11
5.9764396850393702
21
-3.8066896456692914
0
LINE
8
BLACK
6
CONTINUOUS
10
5.9764396850393702
20
-3.8066896456692914
11
5.9764396850393702
21
-3.807121181102362
0
LINE
8
BLACK
6
CONTINUOUS
10
5.9764396850393702
20
-3.807121181102362
11
5.9764826377952751
21
-3.8075507086614171
0
LINE
8
BLACK
6
CONTINUOUS
10
5.9764826377952751
20
-3.8075507086614171
11
5.9764396850393702
21
-3.8076930314960631
0
LINE
8
BLACK
6
CONTINUOUS
10
5.9764396850393702
20
-3.8076930314960631
11
5.9764396850393702
21
-3.8078417322834643
0
LINE
8
BLACK
6
CONTINUOUS
10
5.9764396850393702
20
-3.8078417322834643
11
5.9762745275590552
21
-3.8082403937007872
0
LINE
8
BLACK
6
CONTINUOUS
10
5.9762745275590552
20
-3.8082403937007872
11
5.9761498425196846
21
-3.8086537007874015
0
LINE
8
BLACK
6
CONTINUOUS
10
5.9761498425196846
20
-3.8086537007874015
11
5.9760556692913385
21
-3.8087687795275591
0
LINE
8
BLACK
6
CONTINUOUS
10
5.9760556692913385
20
-3.8087687795275591
11
5.9759987795275586
21
-3.8089061417322836
0
LINE
8
BLACK
6
CONTINUOUS
10
5.9759987795275586
20
-3.8089061417322836
11
5.9756315748031499
21
-3.8093535826771654
0
LINE
8
BLACK
6
CONTINUOUS
10
5.9756315748031499
20
-3.8093535826771654
11
5.9740956299212593
21
-3.8108895275590551
0
LINE
8
BLACK
6
CONTINUOUS
10
5.9740956299212593
20
-3.8108895275590551
11
5.972746889763779
21
-3.8135870078740157
0
LINE
8
BLACK
6
CONTINUOUS
10
5.972746889763779
20
-3.8135870078740157
11
5.972746889763779
21
-3.8215667322834643
0
LINE
8
BLACK
6
CONTINUOUS
10
5.972746889763779
20
-3.8215667322834643
11
5.9740956299212593
21
-3.824264212598425
0
LINE
8
BLACK
6
CONTINUOUS
10
5.9740956299212593
20
-3.824264212598425
11
5.975292755905512
21
-3.8254613385826772
0
LINE
8
BLACK
6
CONTINUOUS
10
5.975292755905512
20
-3.8254613385826772
11
5.9779902362204727
21
-3.8268100787401576
0
LINE
8
BLACK
6
CONTINUOUS
10
5.9779902362204727
20
-3.8268100787401576
11
5.9859699606299213
21
-3.8268100787401576
0
LINE
8
BLACK
6
CONTINUOUS
10
5.9859699606299213
20
-3.8268100787401576
11
5.9886674409448819
21
-3.8254612992125985
0
LINE
8
BLACK
6
CONTINUOUS
10
5.9886674409448819
20
-3.8254612992125985
11
5.9898646062992125
21
-3.8242641732283462
0
LINE
8
BLACK
6
CONTINUOUS
10
5.9898646062992125
20
-3.8242641732283462
11
5.9912133464566928
21
-3.8215667322834643
0
LINE
8
BLACK
6
CONTINUOUS
10
5.9912133464566928
20
-3.8215667322834643
11
5.9912133464566928
21
-3.8135870078740157
0
LINE
8
BLACK
6
CONTINUOUS
10
5.9912133464566928
20
-3.8135870078740157
11
5.9898646062992125
21
-3.8108895275590551
0
LINE
8
BLACK
6
CONTINUOUS
10
5.9898646062992125
20
-3.8108895275590551
11
5.9883286614173228
21
-3.8093536220472441
0
LINE
8
BLACK
6
CONTINUOUS
10
5.9883286614173228
20
-3.8093536220472441
11
5.9879614173228344
21
-3.8089061417322836
0
LINE
8
BLACK
6
CONTINUOUS
10
5.9879614173228344
20
-3.8089061417322836
11
5.9875205118110237
21
-3.8078417322834643
0
LINE
8
BLACK
6
CONTINUOUS
10
5.9875205118110237
20
-3.8078417322834643
11
5.9875205118110237
21
-3.8066896456692914
0
LINE
8
BLACK
6
CONTINUOUS
10
5.9875205118110237
20
-3.8066896456692914
11
5.9879613779527556
21
-3.8056252362204726
0
LINE
8
BLACK
6
CONTINUOUS
10
5.9879613779527556
20
-3.8056252362204726
11
5.9887760629921258
21
-3.8048105511811023
0
LINE
8
BLACK
6
CONTINUOUS
10
5.9887760629921258
20
-3.8048105511811023
11
5.9898404724409451
21
-3.8043696456692913
0
LINE
8
BLACK
6
CONTINUOUS
10
5.9898404724409451
20
-3.8043696456692913
11
5.9909925590551181
21
-3.8043696456692913
0
LINE
8
BLACK
6
CONTINUOUS
10
5.9909925590551181
20
-3.8043696456692913
11
5.9920569685039364
21
-3.8048105118110236
0
LINE
8
BLACK
6
CONTINUOUS
10
5.9920569685039364
20
-3.8048105118110236
11
5.9925044094488191
21
-3.8051777165354328
0
LINE
8
BLACK
6
CONTINUOUS
10
5.9925044094488191
20
-3.8051777165354328
11
5.9943792125984254
21
-3.8070524803149604
0
LINE
8
BLACK
6
CONTINUOUS
10
5.9943792125984254
20
-3.8070524803149604
11
5.9945649606299209
21
-3.8072788188976379
0
LINE
8
BLACK
6
CONTINUOUS
10
5.9945649606299209
20
-3.8072788188976379
11
5.9946240157480313
21
-3.8073300393700786
0
LINE
8
BLACK
6
CONTINUOUS
10
5.9946240157480313
20
-3.8073300393700786
11
5.9946799999999998
21
-3.8074189763779525
0
LINE
8
BLACK
6
CONTINUOUS
10
5.9946799999999998
20
-3.8074189763779525
11
5.994746456692913
21
-3.8074999606299214
0
LINE
8
BLACK
6
CONTINUOUS
10
5.994746456692913
20
-3.8074999606299214
11
5.9947762598425198
21
-3.8075718897637794
0
LINE
8
BLACK
6
CONTINUOUS
10
5.9947762598425198
20
-3.8075718897637794
11
5.9949323622047244
21
-3.8078199212598425
0
LINE
8
BLACK
6
CONTINUOUS
10
5.9949323622047244
20
-3.8078199212598425
11
5.9968071259842519
21
-3.8115694488188976
0
LINE
8
BLACK
6
CONTINUOUS
10
5.9968071259842519
20
-3.8115694488188976
11
5.9970140157480314
21
-3.8121100393700789
0
LINE
8
BLACK
6
CONTINUOUS
10
5.9970140157480314
20
-3.8121100393700789
11
5.9970215354330705
21
-3.812215905511811
0
LINE
8
BLACK
6
CONTINUOUS
10
5.9970215354330705
20
-3.812215905511811
11
5.997062125984252
21
-3.8123138976377953
0
LINE
8
BLACK
6
CONTINUOUS
10
5.997062125984252
20
-3.8123138976377953
11
5.997118858267716
21
-3.8128899606299211
0
LINE
8
BLACK
6
CONTINUOUS
10
5.997118858267716
20
-3.8128899606299211
11
5.997118858267716
21
-3.8222637795275589
0
LINE
8
BLACK
6
CONTINUOUS
10
5.997118858267716
20
-3.8222637795275589
11
5.997062125984252
21
-3.8228398425196848
0
LINE
8
BLACK
6
CONTINUOUS
10
5.997062125984252
20
-3.8228398425196848
11
5.9970215354330705
21
-3.8229377952755903
0
LINE
8
BLACK
6
CONTINUOUS
10
5.9970215354330705
20
-3.8229377952755903
11
5.9970140157480314
21
-3.8230437007874016
0
LINE
8
BLACK
6
CONTINUOUS
10
5.9970140157480314
20
-3.8230437007874016
11
5.9968071259842519
21
-3.8235842913385825
0
LINE
8
BLACK
6
CONTINUOUS
10
5.9968071259842519
20
-3.8235842913385825
11
5.9949323622047244
21
-3.8273338188976376
0
LINE
8
BLACK
6
CONTINUOUS
10
5.9949323622047244
20
-3.8273338188976376
11
5.9947762598425198
21
-3.8275818110236219
0
LINE
8
BLACK
6
CONTINUOUS
10
5.9947762598425198
20
-3.8275818110236219
11
5.994746456692913
21
-3.8276537795275591
0
LINE
8
BLACK
6
CONTINUOUS
10
5.994746456692913
20
-3.8276537795275591
11
5.9946799999999998
21
-3.8277347244094488
0
LINE
8
BLACK
6
CONTINUOUS
10
5.9946799999999998
20
-3.8277347244094488
11
5.9946240157480313
21
-3.8278237007874014
0
LINE
8
BLACK
6
CONTINUOUS
10
5.9946240157480313
20
-3.8278237007874014
11
5.9945649606299209
21
-3.8278748818897639
0
LINE
8
BLACK
6
CONTINUOUS
10
5.9945649606299209
20
-3.8278748818897639
11
5.9943792125984254
21
-3.8281012598425197
0
LINE
8
BLACK
6
CONTINUOUS
10
5.9943792125984254
20
-3.8281012598425197
11
5.9925044094488191
21
-3.8299760236220473
0
LINE
8
BLACK
6
CONTINUOUS
10
5.9925044094488191
20
-3.8299760236220473
11
5.9922780708661412
21
-3.8301617322834645
0
LINE
8
BLACK
6
CONTINUOUS
10
5.9922780708661412
20
-3.8301617322834645
11
5.9922269291338583
21
-3.830220748031496
0
LINE
8
BLACK
6
CONTINUOUS
10
5.9922269291338583
20
-3.830220748031496
11
5.9921379921259845
21
-3.8302766929133858
0
LINE
8
BLACK
6
CONTINUOUS
10
5.9921379921259845
20
-3.8302766929133858
11
5.9920569685039364
21
-3.8303432283464565
0
LINE
8
BLACK
6
CONTINUOUS
10
5.9920569685039364
20
-3.8303432283464565
11
5.9919849212598422
21
-3.8303730314960629
0
LINE
8
BLACK
6
CONTINUOUS
10
5.9919849212598422
20
-3.8303730314960629
11
5.9917370472440945
21
-3.8305290944881887
0
LINE
8
BLACK
6
CONTINUOUS
10
5.9917370472440945
20
-3.8305290944881887
11
5.9879875196850394
21
-3.8324038582677162
0
LINE
8
BLACK
6
CONTINUOUS
10
5.9879875196850394
20
-3.8324038582677162
11
5.9874468897637794
21
-3.8326107480314962
0
LINE
8
BLACK
6
CONTINUOUS
10
5.9874468897637794
20
-3.8326107480314962
11
5.987341062992126
21
-3.8326182283464565
0
LINE
8
BLACK
6
CONTINUOUS
10
5.987341062992126
20
-3.8326182283464565
11
5.9872430708661417
21
-3.8326588582677164
0
LINE
8
BLACK
6
CONTINUOUS
10
5.9872430708661417
20
-3.8326588582677164
11
5.9866670078740158
21
-3.8327155905511812
0
LINE
8
BLACK
6
CONTINUOUS
10
5.9866670078740158
20
-3.8327155905511812
11
5.9772931889763781
21
-3.8327155905511812
0
LINE
8
BLACK
6
CONTINUOUS
10
5.9772931889763781
20
-3.8327155905511812
11
5.9767171259842522
21
-3.8326588582677164
0
LINE
8
BLACK
6
CONTINUOUS
10
5.9767171259842522
20
-3.8326588582677164
11
5.9766191338582679
21
-3.8326182677165352
0
LINE
8
BLACK
6
CONTINUOUS
10
5.9766191338582679
20
-3.8326182677165352
11
5.9765132677165349
21
-3.8326107480314962
0
LINE
8
BLACK
6
CONTINUOUS
10
5.9765132677165349
20
-3.8326107480314962
11
5.9759726771653545
21
-3.8324038582677162
0
LINE
8
BLACK
6
CONTINUOUS
10
5.9759726771653545
20
-3.8324038582677162
11
5.9722231496062994
21
-3.8305290944881887
0
LINE
8
BLACK
6
CONTINUOUS
10
5.9722231496062994
20
-3.8305290944881887
11
5.9719751181102358
21
-3.8303729921259841
0
LINE
8
BLACK
6
CONTINUOUS
10
5.9719751181102358
20
-3.8303729921259841
11
5.9719031889763778
21
-3.8303431889763777
0
LINE
8
BLACK
6
CONTINUOUS
10
5.9719031889763778
20
-3.8303431889763777
11
5.9718222047244094
21
-3.8302766929133858
0
LINE
8
BLACK
6
CONTINUOUS
10
5.9718222047244094
20
-3.8302766929133858
11
5.9717332677165356
21
-3.830220748031496
0
LINE
8
BLACK
6
CONTINUOUS
10
5.9717332677165356
20
-3.830220748031496
11
5.9716820866141731
21
-3.8301617322834645
0
LINE
8
BLACK
6
CONTINUOUS
10
5.9716820866141731
20
-3.8301617322834645
11
5.971455748031496
21
-3.8299759842519685
0
LINE
8
BLACK
6
CONTINUOUS
10
5.971455748031496
20
-3.8299759842519685
11
5.9695809842519685
21
-3.8281012204724409
0
LINE
8
BLACK
6
CONTINUOUS
10
5.9695809842519685
20
-3.8281012204724409
11
5.9693951968503933
21
-3.8278748425196851
0
LINE
8
BLACK
6
CONTINUOUS
10
5.9693951968503933
20
-3.8278748425196851
11
5.9693362204724405
21
-3.8278237007874014
0
LINE
8
BLACK
6
CONTINUOUS
10
5.9693362204724405
20
-3.8278237007874014
11
5.969280236220472
21
-3.8277347244094488
0
LINE
8
BLACK
6
CONTINUOUS
10
5.969280236220472
20
-3.8277347244094488
11
5.9692137795275588
21
-3.8276537795275591
0
LINE
8
BLACK
6
CONTINUOUS
10
5.9692137795275588
20
-3.8276537795275591
11
5.9691839370078741
21
-3.8275818110236219
0
LINE
8
BLACK
6
CONTINUOUS
10
5.9691839370078741
20
-3.8275818110236219
11
5.9690278740157483
21
-3.8273338188976376
0
LINE
8
BLACK
6
CONTINUOUS
10
5.9690278740157483
20
-3.8273338188976376
11
5.9671531102362207
21
-3.8235842913385825
0
LINE
8
BLACK
6
CONTINUOUS
10
5.9671531102362207
20
-3.8235842913385825
11
5.9669462204724404
21
-3.8230436614173229
0
LINE
8
BLACK
6
CONTINUOUS
10
5.9669462204724404
20
-3.8230436614173229
11
5.9669387007874013
21
-3.8229378346456691
0
LINE
8
BLACK
6
CONTINUOUS
10
5.9669387007874013
20
-3.8229378346456691
11
5.9668981102362206
21
-3.8228398425196848
0
LINE
8
BLACK
6
CONTINUOUS
10
5.9668981102362206
20
-3.8228398425196848
11
5.9668413779527558
21
-3.8222637795275589
0
LINE
8
BLACK
6
CONTINUOUS
10
5.9668413779527558
20
-3.8222637795275589
11
5.9668413779527558
21
-3.8128899606299211
0
LINE
8
BLACK
6
CONTINUOUS
10
5.9668413779527558
20
-3.8128899606299211
11
5.9668981102362206
21
-3.8123138976377953
0
LINE
8
BLACK
6
CONTINUOUS
10
5.9668981102362206
20
-3.8123138976377953
11
5.9669387007874013
21
-3.8122158661417322
0
LINE
8
BLACK
6
CONTINUOUS
10
5.9669387007874013
20
-3.8122158661417322
11
5.9669462204724404
21
-3.8121100787401576
0
LINE
8
BLACK
6
CONTINUOUS
10
5.9669462204724404
20
-3.8121100787401576
11
5.9671531102362207
21
-3.8115694488188976
0
LINE
8
BLACK
6
CONTINUOUS
10
5.9671531102362207
20
-3.8115694488188976
11
5.9675200393700782
21
-3.8108355118110238
0
LINE
8
BLACK
6
CONTINUOUS
10
5.9675200393700782
20
-3.8108355118110238
11
5.9577487795275585
21
-3.8118126377952755
0
LINE
8
BLACK
6
CONTINUOUS
10
5.9577487795275585
20
-3.8118126377952755
11
5.9577487795275585
21
-3.8278880708661416
0
LINE
8
BLACK
6
CONTINUOUS
10
5.9577487795275585
20
-3.8278880708661416
11
5.9576920472440946
21
-3.8284641338582674
0
LINE
8
BLACK
6
CONTINUOUS
10
5.9576920472440946
20
-3.8284641338582674
11
5.9572511417322831
21
-3.8295285433070867
0
LINE
8
BLACK
6
CONTINUOUS
10
5.9572511417322831
20
-3.8295285433070867
11
5.9564364960629916
21
-3.8303431889763777
0
LINE
8
BLACK
6
CONTINUOUS
10
5.9564364960629916
20
-3.8303431889763777
11
5.9553720866141733
21
-3.8307840944881888
0
LINE
8
BLACK
6
CONTINUOUS
10
5.9553720866141733
20
-3.8307840944881888
11
5.9542199606299215
21
-3.8307840944881888
0
LINE
8
BLACK
6
CONTINUOUS
10
5.9542199606299215
20
-3.8307840944881888
11
5.9531555511811023
21
-3.8303431889763777
0
LINE
8
BLACK
6
CONTINUOUS
10
5.9531555511811023
20
-3.8303431889763777
11
5.9523409055118108
21
-3.8295285433070867
0
LINE
8
BLACK
6
CONTINUOUS
10
5.9523409055118108
20
-3.8295285433070867
11
5.9519000000000002
21
-3.8284641338582674
0
LINE
8
BLACK
6
CONTINUOUS
10
5.9519000000000002
20
-3.8284641338582674
11
5.9518432677165354
21
-3.8278880708661416
0
LINE
8
BLACK
6
CONTINUOUS
10
5.9518432677165354
20
-3.8278880708661416
11
5.9518432677165354
21
-3.809140433070866
0
LINE
8
BLACK
6
CONTINUOUS
10
5.9518432677165354
20
-3.809140433070866
11
5.9518642125984247
21
-3.8089273622047242
0
LINE
8
BLACK
6
CONTINUOUS
10
5.9518642125984247
20
-3.8089273622047242
11
5.9518570472440944
21
-3.8088553937007874
0
LINE
8
BLACK
6
CONTINUOUS
10
5.9518570472440944
20
-3.8088553937007874
11
5.9518782283464562
21
-3.8087850393700786
0
LINE
8
BLACK
6
CONTINUOUS
10
5.9518782283464562
20
-3.8087850393700786
11
5.9519000000000002
21
-3.8085643700787402
0
LINE
8
BLACK
6
CONTINUOUS
10
5.9519000000000002
20
-3.8085643700787402
11
5.9520651181102364
21
-3.8081656692913386
0
LINE
8
BLACK
6
CONTINUOUS
10
5.9520651181102364
20
-3.8081656692913386
11
5.9521898425196849
21
-3.807752401574803
0
LINE
8
BLACK
6
CONTINUOUS
10
5.9521898425196849
20
-3.807752401574803
11
5.9522839763779523
21
-3.8076372834645666
0
LINE
8
BLACK
6
CONTINUOUS
10
5.9522839763779523
20
-3.8076372834645666
11
5.9523409055118108
21
-3.8074999606299214
0
LINE
8
BLACK
6
CONTINUOUS
10
5.9523409055118108
20
-3.8074999606299214
11
5.9526461417322833
21
-3.8071946850393701
0
LINE
8
BLACK
6
CONTINUOUS
10
5.9526461417322833
20
-3.8071946850393701
11
5.9529194094488185
21
-3.8068607480314958
0
LINE
8
BLACK
6
CONTINUOUS
10
5.9529194094488185
20
-3.8068607480314958
11
5.9530503543307089
21
-3.8067904724409449
0
LINE
8
BLACK
6
CONTINUOUS
10
5.9530503543307089
20
-3.8067904724409449
11
5.9531555511811023
21
-3.8066853149606299
0
LINE
8
BLACK
6
CONTINUOUS
10
5.9531555511811023
20
-3.8066853149606299
11
5.9535543307086609
21
-3.8065201181102362
0
LINE
8
BLACK
6
CONTINUOUS
10
5.9535543307086609
20
-3.8065201181102362
11
5.9539346456692908
21
-3.8063161023622047
0
LINE
8
BLACK
6
CONTINUOUS
10
5.9539346456692908
20
-3.8063161023622047
11
5.954152125984252
21
-3.8062724803149606
0
LINE
8
BLACK
6
CONTINUOUS
10
5.954152125984252
20
-3.8062724803149606
11
5.9542199606299215
21
-3.8062444094488188
0
LINE
8
BLACK
6
CONTINUOUS
10
5.9542199606299215
20
-3.8062444094488188
11
5.9542922834645671
21
-3.8062444094488188
0
LINE
8
BLACK
6
CONTINUOUS
10
5.9542922834645671
20
-3.8062444094488188
11
5.9545022047244096
21
-3.8062023228346455
0
LINE
8
BLACK
6
CONTINUOUS
10
5.9545022047244096
20
-3.8062023228346455
11
5.9732498425196852
21
-3.804327559055118
0
LINE
8
BLACK
6
CONTINUOUS
10
5.9732498425196852
20
-3.804327559055118
11
5.9738287007874016
21
-3.8043266929133859
0
LINE
8
BLACK
6
CONTINUOUS
10
5.9738287007874016
20
-3.8043266929133859
11
5.9739710629921259
21
-3.8043696456692913
0
LINE
8
BLACK
6
CONTINUOUS
10
5.8855288582677163
20
-3.791389251968504
11
5.8857086614173229
21
-3.7922932283464568
0
LINE
8
BLACK
6
CONTINUOUS
10
5.8857086614173229
20
-3.7922932283464568
11
5.8857086614173229
21
-3.8128642519685036
0
LINE
8
BLACK
6
CONTINUOUS
10
5.8857086614173229
20
-3.8128642519685036
11
5.8855288582677163
21
-3.8137682283464565
0
LINE
8
BLACK
6
CONTINUOUS
10
5.8855288582677163
20
-3.8137682283464565
11
5.884250433070866
21
-3.8150466535433072
0
LINE
8
BLACK
6
CONTINUOUS
10
5.884250433070866
20
-3.8150466535433072
11
5.8824424803149604
21
-3.8150466535433072
0
LINE
8
BLACK
6
CONTINUOUS
10
5.8824424803149604
20
-3.8150466535433072
11
5.8811640551181101
21
-3.8137682283464565
0
LINE
8
BLACK
6
CONTINUOUS
10
5.8811640551181101
20
-3.8137682283464565
11
5.8809842519685036
21
-3.8128642519685036
0
LINE
8
BLACK
6
CONTINUOUS
10
5.8809842519685036
20
-3.8128642519685036
11
5.8809842519685036
21
-3.7922932283464568
0
LINE
8
BLACK
6
CONTINUOUS
10
5.8809842519685036
20
-3.7922932283464568
11
5.8811640551181101
21
-3.791389251968504
0
LINE
8
BLACK
6
CONTINUOUS
10
5.8811640551181101
20
-3.791389251968504
11
5.8824424803149604
21
-3.7901108267716537
0
LINE
8
BLACK
6
CONTINUOUS
10
5.8824424803149604
20
-3.7901108267716537
11
5.884250433070866
21
-3.7901108267716537
0
LINE
8
BLACK
6
CONTINUOUS
10
5.884250433070866
20
-3.7901108267716537
11
5.8855288582677163
21
-3.791389251968504
0
LINE
8
BLACK
6
CONTINUOUS
10
5.9414343700787402
20
-3.791389251968504
11
5.9416141732283467
21
-3.7922932283464568
0
LINE
8
BLACK
6
CONTINUOUS
10
5.9416141732283467
20
-3.7922932283464568
11
5.9416141732283467
21
-3.8128642519685036
0
LINE
8
BLACK
6
CONTINUOUS
10
5.9416141732283467
20
-3.8128642519685036
11
5.9414343700787402
21
-3.8137682283464565
0
LINE
8
BLACK
6
CONTINUOUS
10
5.9414343700787402
20
-3.8137682283464565
11
5.9401559448818899
21
-3.8150466535433072
0
LINE
8
BLACK
6
CONTINUOUS
10
5.9401559448818899
20
-3.8150466535433072
11
5.9383479921259843
21
-3.8150466535433072
0
LINE
8
BLACK
6
CONTINUOUS
10
5.9383479921259843
20
-3.8150466535433072
11
5.937069566929134
21
-3.8137682283464565
0
LINE
8
BLACK
6
CONTINUOUS
10
5.937069566929134
20
-3.8137682283464565
11
5.9368897637795275
21
-3.8128642519685036
0
LINE
8
BLACK
6
CONTINUOUS
10
5.9368897637795275
20
-3.8128642519685036
11
5.9368897637795275
21
-3.7922932283464568
0
LINE
8
BLACK
6
CONTINUOUS
10
5.9368897637795275
20
-3.7922932283464568
11
5.937069566929134
21
-3.791389251968504
0
LINE
8
BLACK
6
CONTINUOUS
10
5.937069566929134
20
-3.791389251968504
11
5.9383479921259843
21
-3.7901108267716537
0
LINE
8
BLACK
6
CONTINUOUS
10
5.9383479921259843
20
-3.7901108267716537
11
5.9401559448818899
21
-3.7901108267716537
0
LINE
8
BLACK
6
CONTINUOUS
10
5.9401559448818899
20
-3.7901108267716537
11
5.9414343700787402
21
-3.791389251968504
0
LINE
8
BLACK
6
CONTINUOUS
10
5.5974320078740156
20
-3.6880212204724407
11
5.5983892913385827
21
-3.6886622834645668
0
LINE
8
BLACK
6
CONTINUOUS
10
5.5983892913385827
20
-3.6886622834645668
11
5.598756062992126
21
-3.6891101181102361
0
LINE
8
BLACK
6
CONTINUOUS
10
5.598756062992126
20
-3.6891101181102361
11
5.6587560629921256
21
-3.779110118110236
0
LINE
8
BLACK
6
CONTINUOUS
10
5.6587560629921256
20
-3.779110118110236
11
5.6590283858267716
21
-3.7796209055118108
0
LINE
8
BLACK
6
CONTINUOUS
10
5.6590283858267716
20
-3.7796209055118108
11
5.6590844881889764
21
-3.7799046850393698
0
LINE
8
BLACK
6
CONTINUOUS
10
5.6590844881889764
20
-3.7799046850393698
11
5.659195236220472
21
-3.7801719685039368
0
LINE
8
BLACK
6
CONTINUOUS
10
5.659195236220472
20
-3.7801719685039368
11
5.6592519685039369
21
-3.7807480314960631
0
LINE
8
BLACK
6
CONTINUOUS
10
5.6592519685039369
20
-3.7807480314960631
11
5.6592519685039369
21
-3.8107480314960629
0
LINE
8
BLACK
6
CONTINUOUS
10
5.6592519685039369
20
-3.8107480314960629
11
5.659195236220472
21
-3.8113240944881888
0
LINE
8
BLACK
6
CONTINUOUS
10
5.659195236220472
20
-3.8113240944881888
11
5.6587543307086614
21
-3.8123885039370076
0
LINE
8
BLACK
6
CONTINUOUS
10
5.6587543307086614
20
-3.8123885039370076
11
5.6579396850393699
21
-3.813203149606299
0
LINE
8
BLACK
6
CONTINUOUS
10
5.6579396850393699
20
-3.813203149606299
11
5.6568752755905507
21
-3.8136440551181101
0
LINE
8
BLACK
6
CONTINUOUS
10
5.6568752755905507
20
-3.8136440551181101
11
5.655723149606299
21
-3.8136440551181101
0
LINE
8
BLACK
6
CONTINUOUS
10
5.655723149606299
20
-3.8136440551181101
11
5.6546587401574806
21
-3.813203149606299
0
LINE
8
BLACK
6
CONTINUOUS
10
5.6546587401574806
20
-3.813203149606299
11
5.6538440944881891
21
-3.8123885039370076
0
LINE
8
BLACK
6
CONTINUOUS
10
5.6538440944881891
20
-3.8123885039370076
11
5.6534031889763776
21
-3.8113240944881888
0
LINE
8
BLACK
6
CONTINUOUS
10
5.6534031889763776
20
-3.8113240944881888
11
5.6533464566929137
21
-3.8107480314960629
0
LINE
8
BLACK
6
CONTINUOUS
10
5.6533464566929137
20
-3.8107480314960629
11
5.6533464566929137
21
-3.7816420472440946
0
LINE
8
BLACK
6
CONTINUOUS
10
5.6533464566929137
20
-3.7816420472440946
11
5.5953802362204721
21
-3.6946927952755906
0
LINE
8
BLACK
6
CONTINUOUS
10
5.5953802362204721
20
-3.6946927952755906
11
5.5952992125984249
21
-3.6947007874015747
0
LINE
8
BLACK
6
CONTINUOUS
10
5.5952992125984249
20
-3.6947007874015747
11
5.4372128346456687
21
-3.6947007874015747
0
LINE
8
BLACK
6
CONTINUOUS
10
5.4372128346456687
20
-3.6947007874015747
11
5.3792519685039366
21
-3.7816420866141733
0
LINE
8
BLACK
6
CONTINUOUS
10
5.3792519685039366
20
-3.7816420866141733
11
5.3792519685039366
21
-3.8107480314960629
0
LINE
8
BLACK
6
CONTINUOUS
10
5.3792519685039366
20
-3.8107480314960629
11
5.3791952362204727
21
-3.8113240944881888
0
LINE
8
BLACK
6
CONTINUOUS
10
5.3791952362204727
20
-3.8113240944881888
11
5.3787543307086612
21
-3.8123885039370076
0
LINE
8
BLACK
6
CONTINUOUS
10
5.3787543307086612
20
-3.8123885039370076
11
5.3779396850393697
21
-3.813203149606299
0
LINE
8
BLACK
6
CONTINUOUS
10
5.3779396850393697
20
-3.813203149606299
11
5.3768752755905513
21
-3.8136440551181101
0
LINE
8
BLACK
6
CONTINUOUS
10
5.3768752755905513
20
-3.8136440551181101
11
5.3757231496062987
21
-3.8136440551181101
0
LINE
8
BLACK
6
CONTINUOUS
10
5.3757231496062987
20
-3.8136440551181101
11
5.3746587401574804
21
-3.813203149606299
0
LINE
8
BLACK
6
CONTINUOUS
10
5.3746587401574804
20
-3.813203149606299
11
5.3738440944881889
21
-3.8123885039370076
0
LINE
8
BLACK
6
CONTINUOUS
10
5.3738440944881889
20
-3.8123885039370076
11
5.3734031889763783
21
-3.8113240944881888
0
LINE
8
BLACK
6
CONTINUOUS
10
5.3734031889763783
20
-3.8113240944881888
11
5.3733464566929134
21
-3.8107480314960629
0
LINE
8
BLACK
6
CONTINUOUS
10
5.3733464566929134
20
-3.8107480314960629
11
5.3733464566929134
21
-3.7807480314960631
0
LINE
8
BLACK
6
CONTINUOUS
10
5.3733464566929134
20
-3.7807480314960631
11
5.3734031889763783
21
-3.7801719685039368
0
LINE
8
BLACK
6
CONTINUOUS
10
5.3734031889763783
20
-3.7801719685039368
11
5.3735138976377952
21
-3.7799046850393698
0
LINE
8
BLACK
6
CONTINUOUS
10
5.3735138976377952
20
-3.7799046850393698
11
5.3735700393700787
21
-3.7796209055118108
0
LINE
8
BLACK
6
CONTINUOUS
10
5.3735700393700787
20
-3.7796209055118108
11
5.3738423622047247
21
-3.779110118110236
0
LINE
8
BLACK
6
CONTINUOUS
10
5.3738423622047247
20
-3.779110118110236
11
5.4324031889763775
21
-3.6912688976377952
0
LINE
8
BLACK
6
CONTINUOUS
10
5.4324031889763775
20
-3.6912688976377952
11
5.4324031889763775
21
-3.6911719685039368
0
LINE
8
BLACK
6
CONTINUOUS
10
5.4324031889763775
20
-3.6911719685039368
11
5.4328440944881891
21
-3.690107559055118
0
LINE
8
BLACK
6
CONTINUOUS
10
5.4328440944881891
20
-3.690107559055118
11
5.4336587401574805
21
-3.6892929133858265
0
LINE
8
BLACK
6
CONTINUOUS
10
5.4336587401574805
20
-3.6892929133858265
11
5.4337440944881887
21
-3.6892575196850395
0
LINE
8
BLACK
6
CONTINUOUS
10
5.4337440944881887
20
-3.6892575196850395
11
5.4338423622047243
21
-3.6891101574803149
0
LINE
8
BLACK
6
CONTINUOUS
10
5.4338423622047243
20
-3.6891101574803149
11
5.4342091338582676
21
-3.6886622834645668
0
LINE
8
BLACK
6
CONTINUOUS
10
5.4342091338582676
20
-3.6886622834645668
11
5.4351664173228347
21
-3.6880212204724407
0
LINE
8
BLACK
6
CONTINUOUS
10
5.4351664173228347
20
-3.6880212204724407
11
5.4362961023622045
21
-3.6877952755905512
0
LINE
8
BLACK
6
CONTINUOUS
10
5.4362961023622045
20
-3.6877952755905512
11
5.4374263385826769
21
-3.6880188582677165
0
LINE
8
BLACK
6
CONTINUOUS
10
5.4374263385826769
20
-3.6880188582677165
11
5.4383849606299215
21
-3.6886579527559054
0
LINE
8
BLACK
6
CONTINUOUS
10
5.4383849606299215
20
-3.6886579527559054
11
5.4384769291338584
21
-3.6887952755905511
0
LINE
8
BLACK
6
CONTINUOUS
10
5.4384769291338584
20
-3.6887952755905511
11
5.5941214960629919
21
-3.6887952755905511
0
LINE
8
BLACK
6
CONTINUOUS
10
5.5941214960629919
20
-3.6887952755905511
11
5.5942134645669288
21
-3.6886579527559054
0
LINE
8
BLACK
6
CONTINUOUS
10
5.5942134645669288
20
-3.6886579527559054
11
5.5951720866141734
21
-3.6880188582677165
0
LINE
8
BLACK
6
CONTINUOUS
10
5.5951720866141734
20
-3.6880188582677165
11
5.5963023228346458
21
-3.6877952755905512
0
LINE
8
BLACK
6
CONTINUOUS
10
5.5963023228346458
20
-3.6877952755905512
11
5.5974320078740156
21
-3.6880212204724407
0
LINE
8
BLACK
6
CONTINUOUS
10
5.2840637401574799
20
-3.8079947637795275
11
5.2853421653543302
21
-3.8092731889763778
0
LINE
8
BLACK
6
CONTINUOUS
10
5.2853421653543302
20
-3.8092731889763778
11
5.2853421653543302
21
-3.8110811417322834
0
LINE
8
BLACK
6
CONTINUOUS
10
5.2853421653543302
20
-3.8110811417322834
11
5.2840637401574799
21
-3.8123595669291337
0
LINE
8
BLACK
6
CONTINUOUS
10
5.2840637401574799
20
-3.8123595669291337
11
5.2831597637795271
21
-3.8125393700787402
0
LINE
8
BLACK
6
CONTINUOUS
10
5.2831597637795271
20
-3.8125393700787402
11
5.2644780314960631
21
-3.8125393700787402
0
LINE
8
BLACK
6
CONTINUOUS
10
5.2644780314960631
20
-3.8125393700787402
11
5.2635740551181103
21
-3.8123595669291337
0
LINE
8
BLACK
6
CONTINUOUS
10
5.2635740551181103
20
-3.8123595669291337
11
5.26229562992126
21
-3.8110811417322834
0
LINE
8
BLACK
6
CONTINUOUS
10
5.26229562992126
20
-3.8110811417322834
11
5.26229562992126
21
-3.8092731889763778
0
LINE
8
BLACK
6
CONTINUOUS
10
5.26229562992126
20
-3.8092731889763778
11
5.2635740551181103
21
-3.8079947637795275
0
LINE
8
BLACK
6
CONTINUOUS
10
5.2635740551181103
20
-3.8079947637795275
11
5.2644780314960631
21
-3.807814960629921
0
LINE
8
BLACK
6
CONTINUOUS
10
5.2644780314960631
20
-3.807814960629921
11
5.2831597637795271
21
-3.807814960629921
0
LINE
8
BLACK
6
CONTINUOUS
10
5.2831597637795271
20
-3.807814960629921
11
5.2840637401574799
21
-3.8079947637795275
0
LINE
8
BLACK
6
CONTINUOUS
10
5.9947421653543307
20
-3.7743733858267716
11
5.995806574803149
21
-3.7748142913385827
0
LINE
8
BLACK
6
CONTINUOUS
10
5.995806574803149
20
-3.7748142913385827
11
5.9966212204724405
21
-3.7756289370078737
0
LINE
8
BLACK
6
CONTINUOUS
10
5.9966212204724405
20
-3.7756289370078737
11
5.997062125984252
21
-3.776693346456693
0
LINE
8
BLACK
6
CONTINUOUS
10
5.997062125984252
20
-3.776693346456693
11
5.997118858267716
21
-3.7772694094488188
0
LINE
8
BLACK
6
CONTINUOUS
10
5.997118858267716
20
-3.7772694094488188
11
5.997118858267716
21
-3.7960170472440944
0
LINE
8
BLACK
6
CONTINUOUS
10
5.997118858267716
20
-3.7960170472440944
11
5.997062125984252
21
-3.7965931102362203
0
LINE
8
BLACK
6
CONTINUOUS
10
5.997062125984252
20
-3.7965931102362203
11
5.9966212204724405
21
-3.7976575196850391
0
LINE
8
BLACK
6
CONTINUOUS
10
5.9966212204724405
20
-3.7976575196850391
11
5.995806574803149
21
-3.7984721653543305
0
LINE
8
BLACK
6
CONTINUOUS
10
5.995806574803149
20
-3.7984721653543305
11
5.9947421653543307
21
-3.7989130708661416
0
LINE
8
BLACK
6
CONTINUOUS
10
5.9947421653543307
20
-3.7989130708661416
11
5.9935900393700789
21
-3.7989130708661416
0
LINE
8
BLACK
6
CONTINUOUS
10
5.9935900393700789
20
-3.7989130708661416
11
5.9925256299212597
21
-3.7984721653543305
0
LINE
8
BLACK
6
CONTINUOUS
10
5.9925256299212597
20
-3.7984721653543305
11
5.9917109842519682
21
-3.7976575196850391
0
LINE
8
BLACK
6
CONTINUOUS
10
5.9917109842519682
20
-3.7976575196850391
11
5.9912700787401576
21
-3.7965931102362203
0
LINE
8
BLACK
6
CONTINUOUS
10
5.9912700787401576
20
-3.7965931102362203
11
5.9912133464566928
21
-3.7960170472440944
0
LINE
8
BLACK
6
CONTINUOUS
10
5.9912133464566928
20
-3.7960170472440944
11
5.9912133464566928
21
-3.7802221653543304
0
LINE
8
BLACK
6
CONTINUOUS
10
5.9912133464566928
20
-3.7802221653543304
11
5.9547960236220474
21
-3.7802221653543304
0
LINE
8
BLACK
6
CONTINUOUS
10
5.9547960236220474
20
-3.7802221653543304
11
5.9542199606299215
21
-3.7801654330708661
0
LINE
8
BLACK
6
CONTINUOUS
10
5.9542199606299215
20
-3.7801654330708661
11
5.9531555511811023
21
-3.779724527559055
0
LINE
8
BLACK
6
CONTINUOUS
10
5.9531555511811023
20
-3.779724527559055
11
5.9523409055118108
21
-3.7789098818897635
0
LINE
8
BLACK
6
CONTINUOUS
10
5.9523409055118108
20
-3.7789098818897635
11
5.9519000000000002
21
-3.7778454724409447
0
LINE
8
BLACK
6
CONTINUOUS
10
5.9519000000000002
20
-3.7778454724409447
11
5.9519000000000002
21
-3.776693346456693
0
LINE
8
BLACK
6
CONTINUOUS
10
5.9519000000000002
20
-3.776693346456693
11
5.9523409055118108
21
-3.7756289370078737
0
LINE
8
BLACK
6
CONTINUOUS
10
5.9523409055118108
20
-3.7756289370078737
11
5.9531555511811023
21
-3.7748142913385827
0
LINE
8
BLACK
6
CONTINUOUS
10
5.9531555511811023
20
-3.7748142913385827
11
5.9542199606299215
21
-3.7743733858267716
0
LINE
8
BLACK
6
CONTINUOUS
10
5.9542199606299215
20
-3.7743733858267716
11
5.9547960236220474
21
-3.7743166535433068
0
LINE
8
BLACK
6
CONTINUOUS
10
5.9547960236220474
20
-3.7743166535433068
11
5.9941661023622048
21
-3.7743166535433068
0
LINE
8
BLACK
6
CONTINUOUS
10
5.9941661023622048
20
-3.7743166535433068
11
5.9947421653543307
21
-3.7743733858267716
0
LINE
8
BLACK
6
CONTINUOUS
10
6.1972260236220471
20
-3.7936443700787401
11
6.1985044488188974
21
-3.7949227952755904
0
LINE
8
BLACK
6
CONTINUOUS
10
6.1985044488188974
20
-3.7949227952755904
11
6.1985044488188974
21
-3.796730748031496
0
LINE
8
BLACK
6
CONTINUOUS
10
6.1985044488188974
20
-3.796730748031496
11
6.1972260236220471
21
-3.7980091732283463
0
LINE
8
BLACK
6
CONTINUOUS
10
6.1972260236220471
20
-3.7980091732283463
11
6.1963220472440943
21
-3.7981889763779528
0
LINE
8
BLACK
6
CONTINUOUS
10
6.1963220472440943
20
-3.7981889763779528
11
6.1852527559055117
21
-3.7981889763779528
0
LINE
8
BLACK
6
CONTINUOUS
10
6.1852527559055117
20
-3.7981889763779528
11
6.1843487795275589
21
-3.7980091732283463
0
LINE
8
BLACK
6
CONTINUOUS
10
6.1843487795275589
20
-3.7980091732283463
11
6.1830703543307086
21
-3.796730748031496
0
LINE
8
BLACK
6
CONTINUOUS
10
6.1830703543307086
20
-3.796730748031496
11
6.1830703543307086
21
-3.7949227952755904
0
LINE
8
BLACK
6
CONTINUOUS
10
6.1830703543307086
20
-3.7949227952755904
11
6.1843487795275589
21
-3.7936443700787401
0
LINE
8
BLACK
6
CONTINUOUS
10
6.1843487795275589
20
-3.7936443700787401
11
6.1852527559055117
21
-3.7934645669291336
0
LINE
8
BLACK
6
CONTINUOUS
10
6.1852527559055117
20
-3.7934645669291336
11
6.1963220472440943
21
-3.7934645669291336
0
LINE
8
BLACK
6
CONTINUOUS
10
6.1963220472440943
20
-3.7934645669291336
11
6.1972260236220471
21
-3.7936443700787401
0
LINE
8
BLACK
6
CONTINUOUS
10
6.4829562598425197
20
-3.7654598031496063
11
6.4834298031496065
21
-3.7654598031496063
0
LINE
8
BLACK
6
CONTINUOUS
10
6.4834298031496065
20
-3.7654598031496063
11
6.4835278740157483
21
-3.7655004330708661
0
LINE
8
BLACK
6
CONTINUOUS
10
6.4835278740157483
20
-3.7655004330708661
11
6.4836336220472441
21
-3.7655079527559052
0
LINE
8
BLACK
6
CONTINUOUS
10
6.4836336220472441
20
-3.7655079527559052
11
6.4840567322834648
21
-3.7657194881889762
0
LINE
8
BLACK
6
CONTINUOUS
10
6.4840567322834648
20
-3.7657194881889762
11
6.4844942125984248
21
-3.7659007086614174
0
LINE
8
BLACK
6
CONTINUOUS
10
6.4844942125984248
20
-3.7659007086614174
11
6.4845692125984247
21
-3.7659757086614172
0
LINE
8
BLACK
6
CONTINUOUS
10
6.4845692125984247
20
-3.7659757086614172
11
6.4846640944881893
21
-3.766023149606299
0
LINE
8
BLACK
6
CONTINUOUS
10
6.4846640944881893
20
-3.766023149606299
11
6.4849740944881891
21
-3.7663805905511811
0
LINE
8
BLACK
6
CONTINUOUS
10
6.4849740944881891
20
-3.7663805905511811
11
6.4853088582677163
21
-3.7667153543307084
0
LINE
8
BLACK
6
CONTINUOUS
10
6.4853088582677163
20
-3.7667153543307084
11
6.4853494488188979
21
-3.7668133858267714
0
LINE
8
BLACK
6
CONTINUOUS
10
6.4853494488188979
20
-3.7668133858267714
11
6.4854189763779528
21
-3.7668935433070865
0
LINE
8
BLACK
6
CONTINUOUS
10
6.4854189763779528
20
-3.7668935433070865
11
6.485568582677165
21
-3.7673423622047242
0
LINE
8
BLACK
6
CONTINUOUS
10
6.485568582677165
20
-3.7673423622047242
11
6.4857497637795278
21
-3.7677797637795276
0
LINE
8
BLACK
6
CONTINUOUS
10
6.4857497637795278
20
-3.7677797637795276
11
6.4857645669291335
21
-3.7679303937007873
0
LINE
8
BLACK
6
CONTINUOUS
10
6.4857645669291335
20
-3.7679303937007873
11
6.4857833070866144
21
-3.7679865354330708
0
LINE
8
BLACK
6
CONTINUOUS
10
6.4857833070866144
20
-3.7679865354330708
11
6.4857777559055121
21
-3.7680642519685037
0
LINE
8
BLACK
6
CONTINUOUS
10
6.4857777559055121
20
-3.7680642519685037
11
6.4858064960629918
21
-3.7683558267716535
0
LINE
8
BLACK
6
CONTINUOUS
10
6.4858064960629918
20
-3.7683558267716535
11
6.4858064960629918
21
-3.7841507086614175
0
LINE
8
BLACK
6
CONTINUOUS
10
6.4858064960629918
20
-3.7841507086614175
11
6.4959771259842523
21
-3.7841507086614175
0
LINE
8
BLACK
6
CONTINUOUS
10
6.4959771259842523
20
-3.7841507086614175
11
6.4965531889763781
21
-3.7842074409448818
0
LINE
8
BLACK
6
CONTINUOUS
10
6.4965531889763781
20
-3.7842074409448818
11
6.4976175984251965
21
-3.7846483464566929
0
LINE
8
BLACK
6
CONTINUOUS
10
6.4976175984251965
20
-3.7846483464566929
11
6.4984322440944879
21
-3.7854629921259844
0
LINE
8
BLACK
6
CONTINUOUS
10
6.4984322440944879
20
-3.7854629921259844
11
6.4988731496062995
21
-3.7865274015748032
0
LINE
8
BLACK
6
CONTINUOUS
10
6.4988731496062995
20
-3.7865274015748032
11
6.4988731496062995
21
-3.7876795275590549
0
LINE
8
BLACK
6
CONTINUOUS
10
6.4988731496062995
20
-3.7876795275590549
11
6.4984322440944879
21
-3.7887439370078737
0
LINE
8
BLACK
6
CONTINUOUS
10
6.4984322440944879
20
-3.7887439370078737
11
6.4976175984251965
21
-3.7895585826771652
0
LINE
8
BLACK
6
CONTINUOUS
10
6.4976175984251965
20
-3.7895585826771652
11
6.4965531889763781
21
-3.7899994881889763
0
LINE
8
BLACK
6
CONTINUOUS
10
6.4965531889763781
20
-3.7899994881889763
11
6.4959771259842523
21
-3.7900562204724411
0
LINE
8
BLACK
6
CONTINUOUS
10
6.4959771259842523
20
-3.7900562204724411
11
6.4858064960629918
21
-3.7900562204724411
0
LINE
8
BLACK
6
CONTINUOUS
10
6.4858064960629918
20
-3.7900562204724411
11
6.4858064960629918
21
-3.7927277559055117
0
LINE
8
BLACK
6
CONTINUOUS
10
6.4858064960629918
20
-3.7927277559055117
11
6.4857497637795278
21
-3.7933038188976376
0
LINE
8
BLACK
6
CONTINUOUS
10
6.4857497637795278
20
-3.7933038188976376
11
6.4853088582677163
21
-3.7943682283464568
0
LINE
8
BLACK
6
CONTINUOUS
10
6.4853088582677163
20
-3.7943682283464568
11
6.4844942125984248
21
-3.7951828740157478
0
LINE
8
BLACK
6
CONTINUOUS
10
6.4844942125984248
20
-3.7951828740157478
11
6.4834298031496065
21
-3.7956237795275589
0
LINE
8
BLACK
6
CONTINUOUS
10
6.4834298031496065
20
-3.7956237795275589
11
6.4822776771653539
21
-3.7956237795275589
0
LINE
8
BLACK
6
CONTINUOUS
10
6.4822776771653539
20
-3.7956237795275589
11
6.4812132677165355
21
-3.7951828740157478
0
LINE
8
BLACK
6
CONTINUOUS
10
6.4812132677165355
20
-3.7951828740157478
11
6.480398622047244
21
-3.7943682283464568
0
LINE
8
BLACK
6
CONTINUOUS
10
6.480398622047244
20
-3.7943682283464568
11
6.4799577165354325
21
-3.7933038188976376
0
LINE
8
BLACK
6
CONTINUOUS
10
6.4799577165354325
20
-3.7933038188976376
11
6.4799009842519686
21
-3.7927277559055117
0
LINE
8
BLACK
6
CONTINUOUS
10
6.4799009842519686
20
-3.7927277559055117
11
6.4799009842519686
21
-3.7900562204724411
0
LINE
8
BLACK
6
CONTINUOUS
10
6.4799009842519686
20
-3.7900562204724411
11
6.4697303937007868
21
-3.7900562204724411
0
LINE
8
BLACK
6
CONTINUOUS
10
6.4697303937007868
20
-3.7900562204724411
11
6.469154330708661
21
-3.7899994881889763
0
LINE
8
BLACK
6
CONTINUOUS
10
6.469154330708661
20
-3.7899994881889763
11
6.4680899212598426
21
-3.7895585826771652
0
LINE
8
BLACK
6
CONTINUOUS
10
6.4680899212598426
20
-3.7895585826771652
11
6.4672752755905512
21
-3.7887439370078737
0
LINE
8
BLACK
6
CONTINUOUS
10
6.4672752755905512
20
-3.7887439370078737
11
6.4668343700787396
21
-3.7876795275590549
0
LINE
8
BLACK
6
CONTINUOUS
10
6.4668343700787396
20
-3.7876795275590549
11
6.4668343700787396
21
-3.7865274015748032
0
LINE
8
BLACK
6
CONTINUOUS
10
6.4668343700787396
20
-3.7865274015748032
11
6.4672752755905512
21
-3.7854629921259844
0
LINE
8
BLACK
6
CONTINUOUS
10
6.4672752755905512
20
-3.7854629921259844
11
6.4680899212598426
21
-3.7846483464566929
0
LINE
8
BLACK
6
CONTINUOUS
10
6.4680899212598426
20
-3.7846483464566929
11
6.469154330708661
21
-3.7842074409448818
0
LINE
8
BLACK
6
CONTINUOUS
10
6.469154330708661
20
-3.7842074409448818
11
6.4697303937007868
21
-3.7841507086614175
0
LINE
8
BLACK
6
CONTINUOUS
10
6.4697303937007868
20
-3.7841507086614175
11
6.4799009842519686
21
-3.7841507086614175
0
LINE
8
BLACK
6
CONTINUOUS
10
6.4799009842519686
20
-3.7841507086614175
11
6.4799009842519686
21
-3.7724525196850394
0
LINE
8
BLACK
6
CONTINUOUS
10
6.4799009842519686
20
-3.7724525196850394
11
6.4556660236220473
21
-3.7805308661417323
0
LINE
8
BLACK
6
CONTINUOUS
10
6.4556660236220473
20
-3.7805308661417323
11
6.4551015748031491
21
-3.7806592125984251
0
LINE
8
BLACK
6
CONTINUOUS
10
6.4551015748031491
20
-3.7806592125984251
11
6.4539523622047241
21
-3.7805775196850391
0
LINE
8
BLACK
6
CONTINUOUS
10
6.4539523622047241
20
-3.7805775196850391
11
6.4529219291338578
21
-3.7800623228346457
0
LINE
8
BLACK
6
CONTINUOUS
10
6.4529219291338578
20
-3.7800623228346457
11
6.4521670472440942
21
-3.779191968503937
0
LINE
8
BLACK
6
CONTINUOUS
10
6.4521670472440942
20
-3.779191968503937
11
6.4518027165354326
21
-3.7780989370078739
0
LINE
8
BLACK
6
CONTINUOUS
10
6.4518027165354326
20
-3.7780989370078739
11
6.4518844094488186
21
-3.7769497244094485
0
LINE
8
BLACK
6
CONTINUOUS
10
6.4518844094488186
20
-3.7769497244094485
11
6.4523996062992124
21
-3.7759192913385826
0
LINE
8
BLACK
6
CONTINUOUS
10
6.4523996062992124
20
-3.7759192913385826
11
6.4532699606299211
21
-3.7751644094488186
0
LINE
8
BLACK
6
CONTINUOUS
10
6.4532699606299211
20
-3.7751644094488186
11
6.4537985433070864
21
-3.7749284251968502
0
LINE
8
BLACK
6
CONTINUOUS
10
6.4537985433070864
20
-3.7749284251968502
11
6.4819199606299209
21
-3.7655546062992125
0
LINE
8
BLACK
6
CONTINUOUS
10
6.4819199606299209
20
-3.7655546062992125
11
6.4822055905511808
21
-3.7654896456692915
0
LINE
8
BLACK
6
CONTINUOUS
10
6.4822055905511808
20
-3.7654896456692915
11
6.4822776771653539
21
-3.7654598031496063
0
LINE
8
BLACK
6
CONTINUOUS
10
6.4822776771653539
20
-3.7654598031496063
11
6.4823368897637792
21
-3.7654598031496063
0
LINE
8
BLACK
6
CONTINUOUS
10
6.4823368897637792
20
-3.7654598031496063
11
6.4824844094488183
21
-3.7654262598425197
0
LINE
8
BLACK
6
CONTINUOUS
10
6.4824844094488183
20
-3.7654262598425197
11
6.4829562598425197
21
-3.7654598031496063
0
LINE
8
BLACK
6
CONTINUOUS
10
6.3841509055118113
20
-3.7072849999999997
11
6.3843307086614169
21
-3.7081889763779525
0
LINE
8
BLACK
6
CONTINUOUS
10
6.3843307086614169
20
-3.7081889763779525
11
6.3843307086614169
21
-3.7829921259842521
0
LINE
8
BLACK
6
CONTINUOUS
10
6.3843307086614169
20
-3.7829921259842521
11
6.3841509055118113
21
-3.7838961023622044
0
LINE
8
BLACK
6
CONTINUOUS
10
6.3841509055118113
20
-3.7838961023622044
11
6.3828724803149601
21
-3.7851745275590551
0
LINE
8
BLACK
6
CONTINUOUS
10
6.3828724803149601
20
-3.7851745275590551
11
6.3810645275590554
21
-3.7851745275590551
0
LINE
8
BLACK
6
CONTINUOUS
10
6.3810645275590554
20
-3.7851745275590551
11
6.3797861023622042
21
-3.7838961023622044
0
LINE
8
BLACK
6
CONTINUOUS
10
6.3797861023622042
20
-3.7838961023622044
11
6.3796062992125986
21
-3.7829921259842521
0
LINE
8
BLACK
6
CONTINUOUS
10
6.3796062992125986
20
-3.7829921259842521
11
6.3796062992125986
21
-3.7081889763779525
0
LINE
8
BLACK
6
CONTINUOUS
10
6.3796062992125986
20
-3.7081889763779525
11
6.3797861023622042
21
-3.7072849999999997
0
LINE
8
BLACK
6
CONTINUOUS
10
6.3797861023622042
20
-3.7072849999999997
11
6.3810645275590554
21
-3.7060065748031494
0
LINE
8
BLACK
6
CONTINUOUS
10
6.3810645275590554
20
-3.7060065748031494
11
6.3828724803149601
21
-3.7060065748031494
0
LINE
8
BLACK
6
CONTINUOUS
10
6.3828724803149601
20
-3.7060065748031494
11
6.3841509055118113
21
-3.7072849999999997
0
LINE
8
BLACK
6
CONTINUOUS
10
5.2840637401574799
20
-3.774136496062992
11
5.2853421653543302
21
-3.7754149212598422
0
LINE
8
BLACK
6
CONTINUOUS
10
5.2853421653543302
20
-3.7754149212598422
11
5.2853421653543302
21
-3.7772228740157479
0
LINE
8
BLACK
6
CONTINUOUS
10
5.2853421653543302
20
-3.7772228740157479
11
5.2840637401574799
21
-3.7785012992125981
0
LINE
8
BLACK
6
CONTINUOUS
10
5.2840637401574799
20
-3.7785012992125981
11
5.2831597637795271
21
-3.7786811023622047
0
LINE
8
BLACK
6
CONTINUOUS
10
5.2831597637795271
20
-3.7786811023622047
11
5.2644780314960631
21
-3.7786811023622047
0
LINE
8
BLACK
6
CONTINUOUS
10
5.2644780314960631
20
-3.7786811023622047
11
5.2635740551181103
21
-3.7785012992125981
0
LINE
8
BLACK
6
CONTINUOUS
10
5.2635740551181103
20
-3.7785012992125981
11
5.26229562992126
21
-3.7772228740157479
0
LINE
8
BLACK
6
CONTINUOUS
10
5.26229562992126
20
-3.7772228740157479
11
5.26229562992126
21
-3.7754149212598422
0
LINE
8
BLACK
6
CONTINUOUS
10
5.26229562992126
20
-3.7754149212598422
11
5.2635740551181103
21
-3.774136496062992
0
LINE
8
BLACK
6
CONTINUOUS
10
5.2635740551181103
20
-3.774136496062992
11
5.2644780314960631
21
-3.7739566929133859
0
LINE
8
BLACK
6
CONTINUOUS
10
5.2644780314960631
20
-3.7739566929133859
11
5.2831597637795271
21
-3.7739566929133859
0
LINE
8
BLACK
6
CONTINUOUS
10
5.2831597637795271
20
-3.7739566929133859
11
5.2840637401574799
21
-3.774136496062992
0
LINE
8
BLACK
6
CONTINUOUS
10
6.2928123228346458
20
-3.7072849999999997
11
6.2929921259842514
21
-3.7081889763779525
0
LINE
8
BLACK
6
CONTINUOUS
10
6.2929921259842514
20
-3.7081889763779525
11
6.2929921259842514
21
-3.7633070866141733
0
LINE
8
BLACK
6
CONTINUOUS
10
6.2929921259842514
20
-3.7633070866141733
11
6.2928123228346458
21
-3.7642110629921257
0
LINE
8
BLACK
6
CONTINUOUS
10
6.2928123228346458
20
-3.7642110629921257
11
6.2915338976377955
21
-3.7654894881889764
0
LINE
8
BLACK
6
CONTINUOUS
10
6.2915338976377955
20
-3.7654894881889764
11
6.2897259448818899
21
-3.7654894881889764
0
LINE
8
BLACK
6
CONTINUOUS
10
6.2897259448818899
20
-3.7654894881889764
11
6.2884475196850396
21
-3.7642110629921257
0
LINE
8
BLACK
6
CONTINUOUS
10
6.2884475196850396
20
-3.7642110629921257
11
6.288267716535433
21
-3.7633070866141733
0
LINE
8
BLACK
6
CONTINUOUS
10
6.288267716535433
20
-3.7633070866141733
11
6.288267716535433
21
-3.7081889763779525
0
LINE
8
BLACK
6
CONTINUOUS
10
6.288267716535433
20
-3.7081889763779525
11
6.2884475196850396
21
-3.7072849999999997
0
LINE
8
BLACK
6
CONTINUOUS
10
6.2884475196850396
20
-3.7072849999999997
11
6.2897259448818899
21
-3.7060065748031494
0
LINE
8
BLACK
6
CONTINUOUS
10
6.2897259448818899
20
-3.7060065748031494
11
6.2915338976377955
21
-3.7060065748031494
0
LINE
8
BLACK
6
CONTINUOUS
10
6.2915338976377955
20
-3.7060065748031494
11
6.2928123228346458
21
-3.7072849999999997
0
LINE
8
BLACK
6
CONTINUOUS
10
6.1972260236220471
20
-3.7534868897637796
11
6.1985044488188974
21
-3.7547653149606299
0
LINE
8
BLACK
6
CONTINUOUS
10
6.1985044488188974
20
-3.7547653149606299
11
6.1985044488188974
21
-3.7565732677165355
0
LINE
8
BLACK
6
CONTINUOUS
10
6.1985044488188974
20
-3.7565732677165355
11
6.1972260236220471
21
-3.7578516929133858
0
LINE
8
BLACK
6
CONTINUOUS
10
6.1972260236220471
20
-3.7578516929133858
11
6.1963220472440943
21
-3.7580314960629919
0
LINE
8
BLACK
6
CONTINUOUS
10
6.1963220472440943
20
-3.7580314960629919
11
6.1852527559055117
21
-3.7580314960629919
0
LINE
8
BLACK
6
CONTINUOUS
10
6.1852527559055117
20
-3.7580314960629919
11
6.1843487795275589
21
-3.7578516929133858
0
LINE
8
BLACK
6
CONTINUOUS
10
6.1843487795275589
20
-3.7578516929133858
11
6.1830703543307086
21
-3.7565732677165355
0
LINE
8
BLACK
6
CONTINUOUS
10
6.1830703543307086
20
-3.7565732677165355
11
6.1830703543307086
21
-3.7547653149606299
0
LINE
8
BLACK
6
CONTINUOUS
10
6.1830703543307086
20
-3.7547653149606299
11
6.1843487795275589
21
-3.7534868897637796
0
LINE
8
BLACK
6
CONTINUOUS
10
6.1843487795275589
20
-3.7534868897637796
11
6.1852527559055117
21
-3.7533070866141731
0
LINE
8
BLACK
6
CONTINUOUS
10
6.1852527559055117
20
-3.7533070866141731
11
6.1963220472440943
21
-3.7533070866141731
0
LINE
8
BLACK
6
CONTINUOUS
10
6.1963220472440943
20
-3.7533070866141731
11
6.1972260236220471
21
-3.7534868897637796
0
LINE
8
BLACK
6
CONTINUOUS
10
6.4976175984251965
20
-3.7340296850393702
11
6.4984322440944879
21
-3.7348443307086612
0
LINE
8
BLACK
6
CONTINUOUS
10
6.4984322440944879
20
-3.7348443307086612
11
6.4988731496062995
21
-3.7359087401574804
0
LINE
8
BLACK
6
CONTINUOUS
10
6.4988731496062995
20
-3.7359087401574804
11
6.4989298818897634
21
-3.7364848031496063
0
LINE
8
BLACK
6
CONTINUOUS
10
6.4989298818897634
20
-3.7364848031496063
11
6.4989298818897634
21
-3.7402343307086614
0
LINE
8
BLACK
6
CONTINUOUS
10
6.4989298818897634
20
-3.7402343307086614
11
6.4989011417322837
21
-3.7405259055118107
0
LINE
8
BLACK
6
CONTINUOUS
10
6.4989011417322837
20
-3.7405259055118107
11
6.4989066929133861
21
-3.7406036614173228
0
LINE
8
BLACK
6
CONTINUOUS
10
6.4989066929133861
20
-3.7406036614173228
11
6.4988834251968504
21
-3.740705905511811
0
LINE
8
BLACK
6
CONTINUOUS
10
6.4988834251968504
20
-3.740705905511811
11
6.4988731496062995
21
-3.7408103937007873
0
LINE
8
BLACK
6
CONTINUOUS
10
6.4988731496062995
20
-3.7408103937007873
11
6.4988432677165351
21
-3.740882440944882
0
LINE
8
BLACK
6
CONTINUOUS
10
6.4988432677165351
20
-3.740882440944882
11
6.4987783464566924
21
-3.7411681102362202
0
LINE
8
BLACK
6
CONTINUOUS
10
6.4987783464566924
20
-3.7411681102362202
11
6.4969035826771648
21
-3.7467923622047241
0
LINE
8
BLACK
6
CONTINUOUS
10
6.4969035826771648
20
-3.7467923622047241
11
6.4966675984251969
21
-3.7473209448818898
0
LINE
8
BLACK
6
CONTINUOUS
10
6.4966675984251969
20
-3.7473209448818898
11
6.4965981102362207
21
-3.747401023622047
0
LINE
8
BLACK
6
CONTINUOUS
10
6.4965981102362207
20
-3.747401023622047
11
6.4965575196850391
21
-3.7474990944881887
0
LINE
8
BLACK
6
CONTINUOUS
10
6.4965575196850391
20
-3.7474990944881887
11
6.4961902755905507
21
-3.747946535433071
0
LINE
8
BLACK
6
CONTINUOUS
10
6.4961902755905507
20
-3.747946535433071
11
6.4924407086614169
21
-3.7516960629921261
0
LINE
8
BLACK
6
CONTINUOUS
10
6.4924407086614169
20
-3.7516960629921261
11
6.4919932283464563
21
-3.7520633070866141
0
LINE
8
BLACK
6
CONTINUOUS
10
6.4919932283464563
20
-3.7520633070866141
11
6.4918951574803145
21
-3.7521038976377952
0
LINE
8
BLACK
6
CONTINUOUS
10
6.4918951574803145
20
-3.7521038976377952
11
6.4918150787401574
21
-3.7521733858267714
0
LINE
8
BLACK
6
CONTINUOUS
10
6.4918150787401574
20
-3.7521733858267714
11
6.4912865354330709
21
-3.7524093700787402
0
LINE
8
BLACK
6
CONTINUOUS
10
6.4912865354330709
20
-3.7524093700787402
11
6.4856622440944882
21
-3.7542841338582678
0
LINE
8
BLACK
6
CONTINUOUS
10
6.4856622440944882
20
-3.7542841338582678
11
6.4853766535433071
21
-3.75434905511811
0
LINE
8
BLACK
6
CONTINUOUS
10
6.4853766535433071
20
-3.75434905511811
11
6.485304566929134
21
-3.754378937007874
0
LINE
8
BLACK
6
CONTINUOUS
10
6.485304566929134
20
-3.754378937007874
11
6.4852000393700786
21
-3.7543892125984253
0
LINE
8
BLACK
6
CONTINUOUS
10
6.4852000393700786
20
-3.7543892125984253
11
6.4850977952755908
21
-3.7544124803149606
0
LINE
8
BLACK
6
CONTINUOUS
10
6.4850977952755908
20
-3.7544124803149606
11
6.4850200393700783
21
-3.7544069291338582
0
LINE
8
BLACK
6
CONTINUOUS
10
6.4850200393700783
20
-3.7544069291338582
11
6.4847285039370082
21
-3.7544356692913383
0
LINE
8
BLACK
6
CONTINUOUS
10
6.4847285039370082
20
-3.7544356692913383
11
6.456607047244094
21
-3.7544356692913383
0
LINE
8
BLACK
6
CONTINUOUS
10
6.456607047244094
20
-3.7544356692913383
11
6.4560309842519681
21
-3.754378937007874
0
LINE
8
BLACK
6
CONTINUOUS
10
6.4560309842519681
20
-3.754378937007874
11
6.4549665748031497
21
-3.7539380314960629
0
LINE
8
BLACK
6
CONTINUOUS
10
6.4549665748031497
20
-3.7539380314960629
11
6.4541519291338583
21
-3.7531233858267714
0
LINE
8
BLACK
6
CONTINUOUS
10
6.4541519291338583
20
-3.7531233858267714
11
6.4537110236220467
21
-3.7520589763779526
0
LINE
8
BLACK
6
CONTINUOUS
10
6.4537110236220467
20
-3.7520589763779526
11
6.4537110236220467
21
-3.7509068503937009
0
LINE
8
BLACK
6
CONTINUOUS
10
6.4537110236220467
20
-3.7509068503937009
11
6.4541519291338583
21
-3.7498424409448816
0
LINE
8
BLACK
6
CONTINUOUS
10
6.4541519291338583
20
-3.7498424409448816
11
6.4549665748031497
21
-3.7490277952755906
0
LINE
8
BLACK
6
CONTINUOUS
10
6.4549665748031497
20
-3.7490277952755906
11
6.4560309842519681
21
-3.7485868897637795
0
LINE
8
BLACK
6
CONTINUOUS
10
6.4560309842519681
20
-3.7485868897637795
11
6.456607047244094
21
-3.7485301574803147
0
LINE
8
BLACK
6
CONTINUOUS
10
6.456607047244094
20
-3.7485301574803147
11
6.4842493700787402
21
-3.7485301574803147
0
LINE
8
BLACK
6
CONTINUOUS
10
6.4842493700787402
20
-3.7485301574803147
11
6.4887577559055121
21
-3.7470273228346458
0
LINE
8
BLACK
6
CONTINUOUS
10
6.4887577559055121
20
-3.7470273228346458
11
6.4915215748031496
21
-3.7442635433070866
0
LINE
8
BLACK
6
CONTINUOUS
10
6.4915215748031496
20
-3.7442635433070866
11
6.4930243700787402
21
-3.7397551968503935
0
LINE
8
BLACK
6
CONTINUOUS
10
6.4930243700787402
20
-3.7397551968503935
11
6.4930243700787402
21
-3.7364848031496063
0
LINE
8
BLACK
6
CONTINUOUS
10
6.4930243700787402
20
-3.7364848031496063
11
6.4930811023622041
21
-3.7359087401574804
0
LINE
8
BLACK
6
CONTINUOUS
10
6.4930811023622041
20
-3.7359087401574804
11
6.4935220078740157
21
-3.7348443307086612
0
LINE
8
BLACK
6
CONTINUOUS
10
6.4935220078740157
20
-3.7348443307086612
11
6.4943366535433071
21
-3.7340296850393702
0
LINE
8
BLACK
6
CONTINUOUS
10
6.4943366535433071
20
-3.7340296850393702
11
6.4954010629921255
21
-3.7335887795275591
0
LINE
8
BLACK
6
CONTINUOUS
10
6.4954010629921255
20
-3.7335887795275591
11
6.4965531889763781
21
-3.7335887795275591
0
LINE
8
BLACK
6
CONTINUOUS
10
6.4965531889763781
20
-3.7335887795275591
11
6.4976175984251965
21
-3.7340296850393702
0
LINE
8
BLACK
6
CONTINUOUS
10
6.1023579921259845
20
-3.7223280708661415
11
6.1050735039370077
21
-3.7250435826771651
0
LINE
8
BLACK
6
CONTINUOUS
10
6.1050735039370077
20
-3.7250435826771651
11
6.1065431496062992
21
-3.728591614173228
0
LINE
8
BLACK
6
CONTINUOUS
10
6.1065431496062992
20
-3.728591614173228
11
6.1065431496062992
21
-3.7324320078740159
0
LINE
8
BLACK
6
CONTINUOUS
10
6.1065431496062992
20
-3.7324320078740159
11
6.1050735039370077
21
-3.7359800393700788
0
LINE
8
BLACK
6
CONTINUOUS
10
6.1050735039370077
20
-3.7359800393700788
11
6.1023579921259845
21
-3.7386955511811024
0
LINE
8
BLACK
6
CONTINUOUS
10
6.1023579921259845
20
-3.7386955511811024
11
6.0988099606299215
21
-3.7401651968503935
0
LINE
8
BLACK
6
CONTINUOUS
10
6.0988099606299215
20
-3.7401651968503935
11
6.0949695669291337
21
-3.7401651968503935
0
LINE
8
BLACK
6
CONTINUOUS
10
6.0949695669291337
20
-3.7401651968503935
11
6.0914215354330707
21
-3.7386955511811024
0
LINE
8
BLACK
6
CONTINUOUS
10
6.0914215354330707
20
-3.7386955511811024
11
6.0887060236220467
21
-3.7359800393700788
0
LINE
8
BLACK
6
CONTINUOUS
10
6.0887060236220467
20
-3.7359800393700788
11
6.0872363779527561
21
-3.7324320078740159
0
LINE
8
BLACK
6
CONTINUOUS
10
6.0872363779527561
20
-3.7324320078740159
11
6.0872363779527561
21
-3.728591614173228
0
LINE
8
BLACK
6
CONTINUOUS
10
6.0872363779527561
20
-3.728591614173228
11
6.0887060236220467
21
-3.7250435826771651
0
LINE
8
BLACK
6
CONTINUOUS
10
6.0887060236220467
20
-3.7250435826771651
11
6.0914215354330707
21
-3.7223280708661415
0
LINE
8
BLACK
6
CONTINUOUS
10
6.0914215354330707
20
-3.7223280708661415
11
6.0949695669291337
21
-3.7208584251968504
0
LINE
8
BLACK
6
CONTINUOUS
10
6.0949695669291337
20
-3.7208584251968504
11
6.0988099606299215
21
-3.7208584251968504
0
LINE
8
BLACK
6
CONTINUOUS
10
6.0988099606299215
20
-3.7208584251968504
11
6.1023579921259845
21
-3.7223280708661415
0
LINE
8
BLACK
6
CONTINUOUS
10
5.2840637401574799
20
-3.7329947637795273
11
5.2853421653543302
21
-3.7342731889763781
0
LINE
8
BLACK
6
CONTINUOUS
10
5.2853421653543302
20
-3.7342731889763781
11
5.2853421653543302
21
-3.7360811417322832
0
LINE
8
BLACK
6
CONTINUOUS
10
5.2853421653543302
20
-3.7360811417322832
11
5.2840637401574799
21
-3.737359566929134
0
LINE
8
BLACK
6
CONTINUOUS
10
5.2840637401574799
20
-3.737359566929134
11
5.2831597637795271
21
-3.73753937007874
0
LINE
8
BLACK
6
CONTINUOUS
10
5.2831597637795271
20
-3.73753937007874
11
5.2644780314960631
21
-3.73753937007874
0
LINE
8
BLACK
6
CONTINUOUS
10
5.2644780314960631
20
-3.73753937007874
11
5.2635740551181103
21
-3.737359566929134
0
LINE
8
BLACK
6
CONTINUOUS
10
5.2635740551181103
20
-3.737359566929134
11
5.26229562992126
21
-3.7360811417322832
0
LINE
8
BLACK
6
CONTINUOUS
10
5.26229562992126
20
-3.7360811417322832
11
5.26229562992126
21
-3.7342731889763781
0
LINE
8
BLACK
6
CONTINUOUS
10
5.26229562992126
20
-3.7342731889763781
11
5.2635740551181103
21
-3.7329947637795273
0
LINE
8
BLACK
6
CONTINUOUS
10
5.2635740551181103
20
-3.7329947637795273
11
5.2644780314960631
21
-3.7328149606299212
0
LINE
8
BLACK
6
CONTINUOUS
10
5.2644780314960631
20
-3.7328149606299212
11
5.2831597637795271
21
-3.7328149606299212
0
LINE
8
BLACK
6
CONTINUOUS
10
5.2831597637795271
20
-3.7328149606299212
11
5.2840637401574799
21
-3.7329947637795273
0
LINE
8
BLACK
6
CONTINUOUS
10
5.6755446062992121
20
-3.6985585433070867
11
5.6757244094488186
21
-3.6994625196850395
0
LINE
8
BLACK
6
CONTINUOUS
10
5.6757244094488186
20
-3.6994625196850395
11
5.6757244094488186
21
-3.7200335433070864
0
LINE
8
BLACK
6
CONTINUOUS
10
5.6757244094488186
20
-3.7200335433070864
11
5.6755446062992121
21
-3.7209375196850392
0
LINE
8
BLACK
6
CONTINUOUS
10
5.6755446062992121
20
-3.7209375196850392
11
5.6742661811023618
21
-3.7222159448818899
0
LINE
8
BLACK
6
CONTINUOUS
10
5.6742661811023618
20
-3.7222159448818899
11
5.6724582283464562
21
-3.7222159448818899
0
LINE
8
BLACK
6
CONTINUOUS
10
5.6724582283464562
20
-3.7222159448818899
11
5.6711798031496059
21
-3.7209375196850392
0
LINE
8
BLACK
6
CONTINUOUS
10
5.6711798031496059
20
-3.7209375196850392
11
5.6710000000000003
21
-3.7200335433070864
0
LINE
8
BLACK
6
CONTINUOUS
10
5.6710000000000003
20
-3.7200335433070864
11
5.6710000000000003
21
-3.6994625196850395
0
LINE
8
BLACK
6
CONTINUOUS
10
5.6710000000000003
20
-3.6994625196850395
11
5.6711798031496059
21
-3.6985585433070867
0
LINE
8
BLACK
6
CONTINUOUS
10
5.6711798031496059
20
-3.6985585433070867
11
5.6724582283464562
21
-3.6972801181102359
0
LINE
8
BLACK
6
CONTINUOUS
10
5.6724582283464562
20
-3.6972801181102359
11
5.6742661811023618
21
-3.6972801181102359
0
LINE
8
BLACK
6
CONTINUOUS
10
5.6742661811023618
20
-3.6972801181102359
11
5.6755446062992121
21
-3.6985585433070867
0
LINE
8
BLACK
6
CONTINUOUS
10
5.7334186220472443
20
-3.6985585433070867
11
5.7335984251968499
21
-3.6994625196850395
0
LINE
8
BLACK
6
CONTINUOUS
10
5.7335984251968499
20
-3.6994625196850395
11
5.7335984251968499
21
-3.7200335433070864
0
LINE
8
BLACK
6
CONTINUOUS
10
5.7335984251968499
20
-3.7200335433070864
11
5.7334186220472443
21
-3.7209375196850392
0
LINE
8
BLACK
6
CONTINUOUS
10
5.7334186220472443
20
-3.7209375196850392
11
5.732140196850394
21
-3.7222159448818899
0
LINE
8
BLACK
6
CONTINUOUS
10
5.732140196850394
20
-3.7222159448818899
11
5.7303322440944884
21
-3.7222159448818899
0
LINE
8
BLACK
6
CONTINUOUS
10
5.7303322440944884
20
-3.7222159448818899
11
5.7290538188976381
21
-3.7209375196850392
0
LINE
8
BLACK
6
CONTINUOUS
10
5.7290538188976381
20
-3.7209375196850392
11
5.7288740157480316
21
-3.7200335433070864
0
LINE
8
BLACK
6
CONTINUOUS
10
5.7288740157480316
20
-3.7200335433070864
11
5.7288740157480316
21
-3.6994625196850395
0
LINE
8
BLACK
6
CONTINUOUS
10
5.7288740157480316
20
-3.6994625196850395
11
5.7290538188976381
21
-3.6985585433070867
0
LINE
8
BLACK
6
CONTINUOUS
10
5.7290538188976381
20
-3.6985585433070867
11
5.7303322440944884
21
-3.6972801181102359
0
LINE
8
BLACK
6
CONTINUOUS
10
5.7303322440944884
20
-3.6972801181102359
11
5.732140196850394
21
-3.6972801181102359
0
LINE
8
BLACK
6
CONTINUOUS
10
5.732140196850394
20
-3.6972801181102359
11
5.7334186220472443
21
-3.6985585433070867
0
LINE
8
BLACK
6
CONTINUOUS
10
6.0042202362204726
20
-3.636254566929134
11
6.0043700787401573
21
-3.6370078740157479
0
LINE
8
BLACK
6
CONTINUOUS
10
6.0043700787401573
20
-3.6370078740157479
11
6.0043700787401573
21
-3.7157480314960627
0
LINE
8
BLACK
6
CONTINUOUS
10
6.0043700787401573
20
-3.7157480314960627
11
6.0042202362204726
21
-3.7165013385826771
0
LINE
8
BLACK
6
CONTINUOUS
10
6.0042202362204726
20
-3.7165013385826771
11
6.0031548818897633
21
-3.7175666929133859
0
LINE
8
BLACK
6
CONTINUOUS
10
6.0031548818897633
20
-3.7175666929133859
11
6.0016482677165355
21
-3.7175666929133859
0
LINE
8
BLACK
6
CONTINUOUS
10
6.0016482677165355
20
-3.7175666929133859
11
6.0005829133858271
21
-3.7165013385826771
0
LINE
8
BLACK
6
CONTINUOUS
10
6.0005829133858271
20
-3.7165013385826771
11
6.0004330708661415
21
-3.7157480314960627
0
LINE
8
BLACK
6
CONTINUOUS
10
6.0004330708661415
20
-3.7157480314960627
11
6.0004330708661415
21
-3.6370078740157479
0
LINE
8
BLACK
6
CONTINUOUS
10
6.0004330708661415
20
-3.6370078740157479
11
6.0005829133858271
21
-3.636254566929134
0
LINE
8
BLACK
6
CONTINUOUS
10
6.0005829133858271
20
-3.636254566929134
11
6.0016482677165355
21
-3.6351892125984251
0
LINE
8
BLACK
6
CONTINUOUS
10
6.0016482677165355
20
-3.6351892125984251
11
6.0031548818897633
21
-3.6351892125984251
0
LINE
8
BLACK
6
CONTINUOUS
10
6.0031548818897633
20
-3.6351892125984251
11
6.0042202362204726
21
-3.636254566929134
0
LINE
8
BLACK
6
CONTINUOUS
10
6.0829603937007874
20
-3.636254566929134
11
6.0831102362204721
21
-3.6370078740157479
0
LINE
8
BLACK
6
CONTINUOUS
10
6.0831102362204721
20
-3.6370078740157479
11
6.0831102362204721
21
-3.7157480314960627
0
LINE
8
BLACK
6
CONTINUOUS
10
6.0831102362204721
20
-3.7157480314960627
11
6.0829603937007874
21
-3.7165013385826771
0
LINE
8
BLACK
6
CONTINUOUS
10
6.0829603937007874
20
-3.7165013385826771
11
6.081895039370079
21
-3.7175666929133859
0
LINE
8
BLACK
6
CONTINUOUS
10
6.081895039370079
20
-3.7175666929133859
11
6.0803884251968503
21
-3.7175666929133859
0
LINE
8
BLACK
6
CONTINUOUS
10
6.0803884251968503
20
-3.7175666929133859
11
6.0793230708661419
21
-3.7165013385826771
0
LINE
8
BLACK
6
CONTINUOUS
10
6.0793230708661419
20
-3.7165013385826771
11
6.0791732283464563
21
-3.7157480314960627
0
LINE
8
BLACK
6
CONTINUOUS
10
6.0791732283464563
20
-3.7157480314960627
11
6.0791732283464563
21
-3.6370078740157479
0
LINE
8
BLACK
6
CONTINUOUS
10
6.0791732283464563
20
-3.6370078740157479
11
6.0793230708661419
21
-3.636254566929134
0
LINE
8
BLACK
6
CONTINUOUS
10
6.0793230708661419
20
-3.636254566929134
11
6.0803884251968503
21
-3.6351892125984251
0
LINE
8
BLACK
6
CONTINUOUS
10
6.0803884251968503
20
-3.6351892125984251
11
6.081895039370079
21
-3.6351892125984251
0
LINE
8
BLACK
6
CONTINUOUS
10
6.081895039370079
20
-3.6351892125984251
11
6.0829603937007874
21
-3.636254566929134
0
LINE
8
BLACK
6
CONTINUOUS
10
5.8872260236220475
20
-3.7086443700787401
11
5.8885044488188978
21
-3.7099227952755904
0
LINE
8
BLACK
6
CONTINUOUS
10
5.8885044488188978
20
-3.7099227952755904
11
5.8885044488188978
21
-3.7117307480314961
0
LINE
8
BLACK
6
CONTINUOUS
10
5.8885044488188978
20
-3.7117307480314961
11
5.8872260236220475
21
-3.7130091732283463
0
LINE
8
BLACK
6
CONTINUOUS
10
5.8872260236220475
20
-3.7130091732283463
11
5.8863220472440947
21
-3.7131889763779529
0
LINE
8
BLACK
6
CONTINUOUS
10
5.8863220472440947
20
-3.7131889763779529
11
5.8752527559055121
21
-3.7131889763779529
0
LINE
8
BLACK
6
CONTINUOUS
10
5.8752527559055121
20
-3.7131889763779529
11
5.8743487795275593
21
-3.7130091732283463
0
LINE
8
BLACK
6
CONTINUOUS
10
5.8743487795275593
20
-3.7130091732283463
11
5.8730703543307081
21
-3.7117307480314961
0
LINE
8
BLACK
6
CONTINUOUS
10
5.8730703543307081
20
-3.7117307480314961
11
5.8730703543307081
21
-3.7099227952755904
0
LINE
8
BLACK
6
CONTINUOUS
10
5.8730703543307081
20
-3.7099227952755904
11
5.8743487795275593
21
-3.7086443700787401
0
LINE
8
BLACK
6
CONTINUOUS
10
5.8743487795275593
20
-3.7086443700787401
11
5.8752527559055121
21
-3.7084645669291336
0
LINE
8
BLACK
6
CONTINUOUS
10
5.8752527559055121
20
-3.7084645669291336
11
5.8863220472440947
21
-3.7084645669291336
0
LINE
8
BLACK
6
CONTINUOUS
10
5.8863220472440947
20
-3.7084645669291336
11
5.8872260236220475
21
-3.7086443700787401
0
LINE
8
BLACK
6
CONTINUOUS
10
5.2840637401574799
20
-3.7041364960629921
11
5.2853421653543302
21
-3.7054149212598424
0
LINE
8
BLACK
6
CONTINUOUS
10
5.2853421653543302
20
-3.7054149212598424
11
5.2853421653543302
21
-3.707222874015748
0
LINE
8
BLACK
6
CONTINUOUS
10
5.2853421653543302
20
-3.707222874015748
11
5.2840637401574799
21
-3.7085012992125983
0
LINE
8
BLACK
6
CONTINUOUS
10
5.2840637401574799
20
-3.7085012992125983
11
5.2831597637795271
21
-3.7086811023622048
0
LINE
8
BLACK
6
CONTINUOUS
10
5.2831597637795271
20
-3.7086811023622048
11
5.2644780314960631
21
-3.7086811023622048
0
LINE
8
BLACK
6
CONTINUOUS
10
5.2644780314960631
20
-3.7086811023622048
11
5.2635740551181103
21
-3.7085012992125983
0
LINE
8
BLACK
6
CONTINUOUS
10
5.2635740551181103
20
-3.7085012992125983
11
5.26229562992126
21
-3.707222874015748
0
LINE
8
BLACK
6
CONTINUOUS
10
5.26229562992126
20
-3.707222874015748
11
5.26229562992126
21
-3.7054149212598424
0
LINE
8
BLACK
6
CONTINUOUS
10
5.26229562992126
20
-3.7054149212598424
11
5.2635740551181103
21
-3.7041364960629921
0
LINE
8
BLACK
6
CONTINUOUS
10
5.2635740551181103
20
-3.7041364960629921
11
5.2644780314960631
21
-3.7039566929133856
0
LINE
8
BLACK
6
CONTINUOUS
10
5.2644780314960631
20
-3.7039566929133856
11
5.2831597637795271
21
-3.7039566929133856
0
LINE
8
BLACK
6
CONTINUOUS
10
5.2831597637795271
20
-3.7039566929133856
11
5.2840637401574799
21
-3.7041364960629921
0
LINE
8
BLACK
6
CONTINUOUS
10
5.1345260236220467
20
-3.6173451574803148
11
5.1358044488188979
21
-3.6186235826771651
0
LINE
8
BLACK
6
CONTINUOUS
10
5.1358044488188979
20
-3.6186235826771651
11
5.1359842519685035
21
-3.6195275590551179
0
LINE
8
BLACK
6
CONTINUOUS
10
5.1359842519685035
20
-3.6195275590551179
11
5.1359842519685035
21
-3.6903937007874017
0
LINE
8
BLACK
6
CONTINUOUS
10
5.1359842519685035
20
-3.6903937007874017
11
5.1358044488188979
21
-3.6912976771653541
0
LINE
8
BLACK
6
CONTINUOUS
10
5.1358044488188979
20
-3.6912976771653541
11
5.1345260236220467
21
-3.6925761023622048
0
LINE
8
BLACK
6
CONTINUOUS
10
5.1345260236220467
20
-3.6925761023622048
11
5.132718070866142
21
-3.6925761023622048
0
LINE
8
BLACK
6
CONTINUOUS
10
5.132718070866142
20
-3.6925761023622048
11
5.1314396456692908
21
-3.6912976771653541
0
LINE
8
BLACK
6
CONTINUOUS
10
5.1314396456692908
20
-3.6912976771653541
11
5.1312598425196851
21
-3.6903937007874017
0
LINE
8
BLACK
6
CONTINUOUS
10
5.1312598425196851
20
-3.6903937007874017
11
5.1312598425196851
21
-3.6218897637795275
0
LINE
8
BLACK
6
CONTINUOUS
10
5.1312598425196851
20
-3.6218897637795275
11
5.0765354330708661
21
-3.6218897637795275
0
LINE
8
BLACK
6
CONTINUOUS
10
5.0765354330708661
20
-3.6218897637795275
11
5.0756314566929133
21
-3.621709960629921
0
LINE
8
BLACK
6
CONTINUOUS
10
5.0756314566929133
20
-3.621709960629921
11
5.074353031496063
21
-3.6204315354330707
0
LINE
8
BLACK
6
CONTINUOUS
10
5.074353031496063
20
-3.6204315354330707
11
5.074353031496063
21
-3.6186235826771651
0
LINE
8
BLACK
6
CONTINUOUS
10
5.074353031496063
20
-3.6186235826771651
11
5.0756314566929133
21
-3.6173451574803148
0
LINE
8
BLACK
6
CONTINUOUS
10
5.0756314566929133
20
-3.6173451574803148
11
5.0765354330708661
21
-3.6171653543307087
0
LINE
8
BLACK
6
CONTINUOUS
10
5.0765354330708661
20
-3.6171653543307087
11
5.1336220472440948
21
-3.6171653543307087
0
LINE
8
BLACK
6
CONTINUOUS
10
5.1336220472440948
20
-3.6171653543307087
11
5.1345260236220467
21
-3.6173451574803148
0
LINE
8
BLACK
6
CONTINUOUS
10
6.1129107480314957
20
-3.663022874015748
11
6.1130905511811022
21
-3.6639268503937008
0
LINE
8
BLACK
6
CONTINUOUS
10
6.1130905511811022
20
-3.6639268503937008
11
6.1130905511811022
21
-3.6826085826771653
0
LINE
8
BLACK
6
CONTINUOUS
10
6.1130905511811022
20
-3.6826085826771653
11
6.1129107480314957
21
-3.6835125590551181
0
LINE
8
BLACK
6
CONTINUOUS
10
6.1129107480314957
20
-3.6835125590551181
11
6.1116323228346454
21
-3.6847909842519684
0
LINE
8
BLACK
6
CONTINUOUS
10
6.1116323228346454
20
-3.6847909842519684
11
6.1098243700787398
21
-3.6847909842519684
0
LINE
8
BLACK
6
CONTINUOUS
10
6.1098243700787398
20
-3.6847909842519684
11
6.1085459448818895
21
-3.6835125590551181
0
LINE
8
BLACK
6
CONTINUOUS
10
6.1085459448818895
20
-3.6835125590551181
11
6.108366141732283
21
-3.6826085826771653
0
LINE
8
BLACK
6
CONTINUOUS
10
6.108366141732283
20
-3.6826085826771653
11
6.108366141732283
21
-3.6639268503937008
0
LINE
8
BLACK
6
CONTINUOUS
10
6.108366141732283
20
-3.6639268503937008
11
6.1085459448818895
21
-3.663022874015748
0
LINE
8
BLACK
6
CONTINUOUS
10
6.1085459448818895
20
-3.663022874015748
11
6.1098243700787398
21
-3.6617444488188977
0
LINE
8
BLACK
6
CONTINUOUS
10
6.1098243700787398
20
-3.6617444488188977
11
6.1116323228346454
21
-3.6617444488188977
0
LINE
8
BLACK
6
CONTINUOUS
10
6.1116323228346454
20
-3.6617444488188977
11
6.1129107480314957
21
-3.663022874015748
0
LINE
8
BLACK
6
CONTINUOUS
10
6.1540524803149603
20
-3.663022874015748
11
6.1542322834645669
21
-3.6639268503937008
0
LINE
8
BLACK
6
CONTINUOUS
10
6.1542322834645669
20
-3.6639268503937008
11
6.1542322834645669
21
-3.6826085826771653
0
LINE
8
BLACK
6
CONTINUOUS
10
6.1542322834645669
20
-3.6826085826771653
11
6.1540524803149603
21
-3.6835125590551181
0
LINE
8
BLACK
6
CONTINUOUS
10
6.1540524803149603
20
-3.6835125590551181
11
6.15277405511811
21
-3.6847909842519684
0
LINE
8
BLACK
6
CONTINUOUS
10
6.15277405511811
20
-3.6847909842519684
11
6.1509661023622044
21
-3.6847909842519684
0
LINE
8
BLACK
6
CONTINUOUS
10
6.1509661023622044
20
-3.6847909842519684
11
6.1496876771653541
21
-3.6835125590551181
0
LINE
8
BLACK
6
CONTINUOUS
10
6.1496876771653541
20
-3.6835125590551181
11
6.1495078740157476
21
-3.6826085826771653
0
LINE
8
BLACK
6
CONTINUOUS
10
6.1495078740157476
20
-3.6826085826771653
11
6.1495078740157476
21
-3.6639268503937008
0
LINE
8
BLACK
6
CONTINUOUS
10
6.1495078740157476
20
-3.6639268503937008
11
6.1496876771653541
21
-3.663022874015748
0
LINE
8
BLACK
6
CONTINUOUS
10
6.1496876771653541
20
-3.663022874015748
11
6.1509661023622044
21
-3.6617444488188977
0
LINE
8
BLACK
6
CONTINUOUS
10
6.1509661023622044
20
-3.6617444488188977
11
6.15277405511811
21
-3.6617444488188977
0
LINE
8
BLACK
6
CONTINUOUS
10
6.15277405511811
20
-3.6617444488188977
11
6.1540524803149603
21
-3.663022874015748
0
LINE
8
BLACK
6
CONTINUOUS
10
6.4184028740157482
20
-3.6648212204724411
11
6.4185826771653538
21
-3.6657251968503934
0
LINE
8
BLACK
6
CONTINUOUS
10
6.4185826771653538
20
-3.6657251968503934
11
6.4185826771653538
21
-3.6767944881889765
0
LINE
8
BLACK
6
CONTINUOUS
10
6.4185826771653538
20
-3.6767944881889765
11
6.4184028740157482
21
-3.6776984645669288
0
LINE
8
BLACK
6
CONTINUOUS
10
6.4184028740157482
20
-3.6776984645669288
11
6.4171244488188979
21
-3.6789768897637796
0
LINE
8
BLACK
6
CONTINUOUS
10
6.4171244488188979
20
-3.6789768897637796
11
6.4153164960629923
21
-3.6789768897637796
0
LINE
8
BLACK
6
CONTINUOUS
10
6.4153164960629923
20
-3.6789768897637796
11
6.414038070866142
21
-3.6776984645669288
0
LINE
8
BLACK
6
CONTINUOUS
10
6.414038070866142
20
-3.6776984645669288
11
6.4138582677165354
21
-3.6767944881889765
0
LINE
8
BLACK
6
CONTINUOUS
10
6.4138582677165354
20
-3.6767944881889765
11
6.4138582677165354
21
-3.6657251968503934
0
LINE
8
BLACK
6
CONTINUOUS
10
6.4138582677165354
20
-3.6657251968503934
11
6.414038070866142
21
-3.6648212204724411
0
LINE
8
BLACK
6
CONTINUOUS
10
6.414038070866142
20
-3.6648212204724411
11
6.4153164960629923
21
-3.6635427952755903
0
LINE
8
BLACK
6
CONTINUOUS
10
6.4153164960629923
20
-3.6635427952755903
11
6.4171244488188979
21
-3.6635427952755903
0
LINE
8
BLACK
6
CONTINUOUS
10
6.4171244488188979
20
-3.6635427952755903
11
6.4184028740157482
21
-3.6648212204724411
0
LINE
8
BLACK
6
CONTINUOUS
10
6.4585603543307082
20
-3.6648212204724411
11
6.4587401574803147
21
-3.6657251968503934
0
LINE
8
BLACK
6
CONTINUOUS
10
6.4587401574803147
20
-3.6657251968503934
11
6.4587401574803147
21
-3.6767944881889765
0
LINE
8
BLACK
6
CONTINUOUS
10
6.4587401574803147
20
-3.6767944881889765
11
6.4585603543307082
21
-3.6776984645669288
0
LINE
8
BLACK
6
CONTINUOUS
10
6.4585603543307082
20
-3.6776984645669288
11
6.4572819291338579
21
-3.6789768897637796
0
LINE
8
BLACK
6
CONTINUOUS
10
6.4572819291338579
20
-3.6789768897637796
11
6.4554739763779523
21
-3.6789768897637796
0
LINE
8
BLACK
6
CONTINUOUS
10
6.4554739763779523
20
-3.6789768897637796
11
6.454195551181102
21
-3.6776984645669288
0
LINE
8
BLACK
6
CONTINUOUS
10
6.454195551181102
20
-3.6776984645669288
11
6.4540157480314964
21
-3.6767944881889765
0
LINE
8
BLACK
6
CONTINUOUS
10
6.4540157480314964
20
-3.6767944881889765
11
6.4540157480314964
21
-3.6657251968503934
0
LINE
8
BLACK
6
CONTINUOUS
10
6.4540157480314964
20
-3.6657251968503934
11
6.454195551181102
21
-3.6648212204724411
0
LINE
8
BLACK
6
CONTINUOUS
10
6.454195551181102
20
-3.6648212204724411
11
6.4554739763779523
21
-3.6635427952755903
0
LINE
8
BLACK
6
CONTINUOUS
10
6.4554739763779523
20
-3.6635427952755903
11
6.4572819291338579
21
-3.6635427952755903
0
LINE
8
BLACK
6
CONTINUOUS
10
6.4572819291338579
20
-3.6635427952755903
11
6.4585603543307082
21
-3.6648212204724411
0
LINE
8
BLACK
6
CONTINUOUS
10
5.8872260236220475
20
-3.6684868897637792
11
5.8885044488188978
21
-3.66976531496063
0
LINE
8
BLACK
6
CONTINUOUS
10
5.8885044488188978
20
-3.66976531496063
11
5.8885044488188978
21
-3.6715732677165351
0
LINE
8
BLACK
6
CONTINUOUS
10
5.8885044488188978
20
-3.6715732677165351
11
5.8872260236220475
21
-3.6728516929133859
0
LINE
8
BLACK
6
CONTINUOUS
10
5.8872260236220475
20
-3.6728516929133859
11
5.8863220472440947
21
-3.673031496062992
0
LINE
8
BLACK
6
CONTINUOUS
10
5.8863220472440947
20
-3.673031496062992
11
5.8752527559055121
21
-3.673031496062992
0
LINE
8
BLACK
6
CONTINUOUS
10
5.8752527559055121
20
-3.673031496062992
11
5.8743487795275593
21
-3.6728516929133859
0
LINE
8
BLACK
6
CONTINUOUS
10
5.8743487795275593
20
-3.6728516929133859
11
5.8730703543307081
21
-3.6715732677165351
0
LINE
8
BLACK
6
CONTINUOUS
10
5.8730703543307081
20
-3.6715732677165351
11
5.8730703543307081
21
-3.66976531496063
0
LINE
8
BLACK
6
CONTINUOUS
10
5.8730703543307081
20
-3.66976531496063
11
5.8743487795275593
21
-3.6684868897637792
0
LINE
8
BLACK
6
CONTINUOUS
10
5.8743487795275593
20
-3.6684868897637792
11
5.8752527559055121
21
-3.6683070866141732
0
LINE
8
BLACK
6
CONTINUOUS
10
5.8752527559055121
20
-3.6683070866141732
11
5.8863220472440947
21
-3.6683070866141732
0
LINE
8
BLACK
6
CONTINUOUS
10
5.8863220472440947
20
-3.6683070866141732
11
5.8872260236220475
21
-3.6684868897637792
0
LINE
8
BLACK
6
CONTINUOUS
10
5.2840637401574799
20
-3.6629947637795275
11
5.2853421653543302
21
-3.6642731889763778
0
LINE
8
BLACK
6
CONTINUOUS
10
5.2853421653543302
20
-3.6642731889763778
11
5.2853421653543302
21
-3.6660811417322834
0
LINE
8
BLACK
6
CONTINUOUS
10
5.2853421653543302
20
-3.6660811417322834
11
5.2840637401574799
21
-3.6673595669291337
0
LINE
8
BLACK
6
CONTINUOUS
10
5.2840637401574799
20
-3.6673595669291337
11
5.2831597637795271
21
-3.6675393700787402
0
LINE
8
BLACK
6
CONTINUOUS
10
5.2831597637795271
20
-3.6675393700787402
11
5.2644780314960631
21
-3.6675393700787402
0
LINE
8
BLACK
6
CONTINUOUS
10
5.2644780314960631
20
-3.6675393700787402
11
5.2635740551181103
21
-3.6673595669291337
0
LINE
8
BLACK
6
CONTINUOUS
10
5.2635740551181103
20
-3.6673595669291337
11
5.26229562992126
21
-3.6660811417322834
0
LINE
8
BLACK
6
CONTINUOUS
10
5.26229562992126
20
-3.6660811417322834
11
5.26229562992126
21
-3.6642731889763778
0
LINE
8
BLACK
6
CONTINUOUS
10
5.26229562992126
20
-3.6642731889763778
11
5.2635740551181103
21
-3.6629947637795275
0
LINE
8
BLACK
6
CONTINUOUS
10
5.2635740551181103
20
-3.6629947637795275
11
5.2644780314960631
21
-3.662814960629921
0
LINE
8
BLACK
6
CONTINUOUS
10
5.2644780314960631
20
-3.662814960629921
11
5.2831597637795271
21
-3.662814960629921
0
LINE
8
BLACK
6
CONTINUOUS
10
5.2831597637795271
20
-3.662814960629921
11
5.2840637401574799
21
-3.6629947637795275
0
LINE
8
BLACK
6
CONTINUOUS
10
5.1722964960629918
20
-3.5976874015748033
11
5.1725857874015748
21
-3.5976874015748033
0
LINE
8
BLACK
6
CONTINUOUS
10
5.1725857874015748
20
-3.5976874015748033
11
5.1728558661417319
21
-3.597799251968504
0
LINE
8
BLACK
6
CONTINUOUS
10
5.1728558661417319
20
-3.597799251968504
11
5.1731425196850394
21
-3.5978566141732284
0
LINE
8
BLACK
6
CONTINUOUS
10
5.1731425196850394
20
-3.5978566141732284
11
5.1733828740157479
21
-3.5980175590551182
0
LINE
8
BLACK
6
CONTINUOUS
10
5.1733828740157479
20
-3.5980175590551182
11
5.1736501968503932
21
-3.5981283070866139
0
LINE
8
BLACK
6
CONTINUOUS
10
5.1736501968503932
20
-3.5981283070866139
11
5.1738568897637798
21
-3.5983350000000001
0
LINE
8
BLACK
6
CONTINUOUS
10
5.1738568897637798
20
-3.5983350000000001
11
5.1740998031496064
21
-3.5984976771653541
0
LINE
8
BLACK
6
CONTINUOUS
10
5.1740998031496064
20
-3.5984976771653541
11
5.1744627952755904
21
-3.5989409055118111
0
LINE
8
BLACK
6
CONTINUOUS
10
5.1744627952755904
20
-3.5989409055118111
11
5.1744648425196846
21
-3.5989429527559054
0
LINE
8
BLACK
6
CONTINUOUS
10
5.1744648425196846
20
-3.5989429527559054
11
5.1744651968503934
21
-3.5989438188976379
0
LINE
8
BLACK
6
CONTINUOUS
10
5.1744651968503934
20
-3.5989438188976379
11
5.1744665748031498
21
-3.5989455118110234
0
LINE
8
BLACK
6
CONTINUOUS
10
5.1744665748031498
20
-3.5989455118110234
11
5.1780538976377954
21
-3.6043265354330707
0
LINE
8
BLACK
6
CONTINUOUS
10
5.1780538976377954
20
-3.6043265354330707
11
5.1812578740157482
21
-3.6075305118110235
0
LINE
8
BLACK
6
CONTINUOUS
10
5.1812578740157482
20
-3.6075305118110235
11
5.1845788188976378
21
-3.6091909842519683
0
LINE
8
BLACK
6
CONTINUOUS
10
5.1845788188976378
20
-3.6091909842519683
11
5.1850687007874017
21
-3.6094993307086614
0
LINE
8
BLACK
6
CONTINUOUS
10
5.1850687007874017
20
-3.6094993307086614
11
5.1858235433070865
21
-3.6103697244094488
0
LINE
8
BLACK
6
CONTINUOUS
10
5.1858235433070865
20
-3.6103697244094488
11
5.1861878740157481
21
-3.6114626771653544
0
LINE
8
BLACK
6
CONTINUOUS
10
5.1861878740157481
20
-3.6114626771653544
11
5.1861062204724409
21
-3.6126118897637793
0
LINE
8
BLACK
6
CONTINUOUS
10
5.1861062204724409
20
-3.6126118897637793
11
5.1855909448818895
21
-3.6136424015748032
0
LINE
8
BLACK
6
CONTINUOUS
10
5.1855909448818895
20
-3.6136424015748032
11
5.1847205905511808
21
-3.614397244094488
0
LINE
8
BLACK
6
CONTINUOUS
10
5.1847205905511808
20
-3.614397244094488
11
5.1836275984251969
21
-3.6147615748031496
0
LINE
8
BLACK
6
CONTINUOUS
10
5.1836275984251969
20
-3.6147615748031496
11
5.1824783858267711
21
-3.6146799212598424
0
LINE
8
BLACK
6
CONTINUOUS
10
5.1824783858267711
20
-3.6146799212598424
11
5.1819377952755907
21
-3.6144730314960629
0
LINE
8
BLACK
6
CONTINUOUS
10
5.1819377952755907
20
-3.6144730314960629
11
5.1781882677165356
21
-3.6125982677165354
0
LINE
8
BLACK
6
CONTINUOUS
10
5.1781882677165356
20
-3.6125982677165354
11
5.1779404330708658
21
-3.6124422440944879
0
LINE
8
BLACK
6
CONTINUOUS
10
5.1779404330708658
20
-3.6124422440944879
11
5.1778683070866141
21
-3.6124124015748031
0
LINE
8
BLACK
6
CONTINUOUS
10
5.1778683070866141
20
-3.6124124015748031
11
5.1777871259842518
21
-3.6123457874015745
0
LINE
8
BLACK
6
CONTINUOUS
10
5.1777871259842518
20
-3.6123457874015745
11
5.1776983858267718
21
-3.6122899212598423
0
LINE
8
BLACK
6
CONTINUOUS
10
5.1776983858267718
20
-3.6122899212598423
11
5.1776472440944881
21
-3.6122309842519682
0
LINE
8
BLACK
6
CONTINUOUS
10
5.1776472440944881
20
-3.6122309842519682
11
5.1774208661417322
21
-3.6120451574803147
0
LINE
8
BLACK
6
CONTINUOUS
10
5.1774208661417322
20
-3.6120451574803147
11
5.1749624803149601
21
-3.609586771653543
0
LINE
8
BLACK
6
CONTINUOUS
10
5.1749624803149601
20
-3.609586771653543
11
5.1749624803149601
21
-3.6370007480314959
0
LINE
8
BLACK
6
CONTINUOUS
10
5.1749624803149601
20
-3.6370007480314959
11
5.1832583070866143
21
-3.6370007480314959
0
LINE
8
BLACK
6
CONTINUOUS
10
5.1832583070866143
20
-3.6370007480314959
11
5.1838343700787402
21
-3.6370574803149607
0
LINE
8
BLACK
6
CONTINUOUS
10
5.1838343700787402
20
-3.6370574803149607
11
5.1848987795275585
21
-3.6374983858267718
0
LINE
8
BLACK
6
CONTINUOUS
10
5.1848987795275585
20
-3.6374983858267718
11
5.18571342519685
21
-3.6383130314960628
0
LINE
8
BLACK
6
CONTINUOUS
10
5.18571342519685
20
-3.6383130314960628
11
5.1861543307086615
21
-3.639377440944882
0
LINE
8
BLACK
6
CONTINUOUS
10
5.1861543307086615
20
-3.639377440944882
11
5.1861543307086615
21
-3.6405295669291338
0
LINE
8
BLACK
6
CONTINUOUS
10
5.1861543307086615
20
-3.6405295669291338
11
5.18571342519685
21
-3.6415939763779526
0
LINE
8
BLACK
6
CONTINUOUS
10
5.18571342519685
20
-3.6415939763779526
11
5.1848987795275585
21
-3.642408622047244
0
LINE
8
BLACK
6
CONTINUOUS
10
5.1848987795275585
20
-3.642408622047244
11
5.1838343700787402
21
-3.6428495275590551
0
LINE
8
BLACK
6
CONTINUOUS
10
5.1838343700787402
20
-3.6428495275590551
11
5.1832583070866143
21
-3.6429062598425195
0
LINE
8
BLACK
6
CONTINUOUS
10
5.1832583070866143
20
-3.6429062598425195
11
5.1607611417322836
21
-3.6429062598425195
0
LINE
8
BLACK
6
CONTINUOUS
10
5.1607611417322836
20
-3.6429062598425195
11
5.1601850787401577
21
-3.6428495275590551
0
LINE
8
BLACK
6
CONTINUOUS
10
5.1601850787401577
20
-3.6428495275590551
11
5.1591206692913385
21
-3.642408622047244
0
LINE
8
BLACK
6
CONTINUOUS
10
5.1591206692913385
20
-3.642408622047244
11
5.158306023622047
21
-3.6415939763779526
0
LINE
8
BLACK
6
CONTINUOUS
10
5.158306023622047
20
-3.6415939763779526
11
5.1578651181102364
21
-3.6405295669291338
0
LINE
8
BLACK
6
CONTINUOUS
10
5.1578651181102364
20
-3.6405295669291338
11
5.1578651181102364
21
-3.639377440944882
0
LINE
8
BLACK
6
CONTINUOUS
10
5.1578651181102364
20
-3.639377440944882
11
5.158306023622047
21
-3.6383130314960628
0
LINE
8
BLACK
6
CONTINUOUS
10
5.158306023622047
20
-3.6383130314960628
11
5.1591206692913385
21
-3.6374983858267718
0
LINE
8
BLACK
6
CONTINUOUS
10
5.1591206692913385
20
-3.6374983858267718
11
5.1601850787401577
21
-3.6370574803149607
0
LINE
8
BLACK
6
CONTINUOUS
10
5.1601850787401577
20
-3.6370574803149607
11
5.1607611417322836
21
-3.6370007480314959
0
LINE
8
BLACK
6
CONTINUOUS
10
5.1607611417322836
20
-3.6370007480314959
11
5.1690569685039369
21
-3.6370007480314959
0
LINE
8
BLACK
6
CONTINUOUS
10
5.1690569685039369
20
-3.6370007480314959
11
5.1690569685039369
21
-3.6005834251968505
0
LINE
8
BLACK
6
CONTINUOUS
10
5.1690569685039369
20
-3.6005834251968505
11
5.1690571653543307
21
-3.600581338582677
0
LINE
8
BLACK
6
CONTINUOUS
10
5.1690571653543307
20
-3.600581338582677
11
5.1690569685039369
21
-3.6005803149606299
0
LINE
8
BLACK
6
CONTINUOUS
10
5.1690569685039369
20
-3.6005803149606299
11
5.1690575590551182
21
-3.6005772834645668
0
LINE
8
BLACK
6
CONTINUOUS
10
5.1690575590551182
20
-3.6005772834645668
11
5.1691137007874017
21
-3.6000073622047242
0
LINE
8
BLACK
6
CONTINUOUS
10
5.1691137007874017
20
-3.6000073622047242
11
5.1692255511811025
21
-3.5997372440944879
0
LINE
8
BLACK
6
CONTINUOUS
10
5.1692255511811025
20
-3.5997372440944879
11
5.1692829133858265
21
-3.5994506299212596
0
LINE
8
BLACK
6
CONTINUOUS
10
5.1692829133858265
20
-3.5994506299212596
11
5.1694438582677167
21
-3.5992102362204723
0
LINE
8
BLACK
6
CONTINUOUS
10
5.1694438582677167
20
-3.5992102362204723
11
5.1695546062992124
21
-3.5989429527559054
0
LINE
8
BLACK
6
CONTINUOUS
10
5.1695546062992124
20
-3.5989429527559054
11
5.1697612992125981
21
-3.5987362204724409
0
LINE
8
BLACK
6
CONTINUOUS
10
5.1697612992125981
20
-3.5987362204724409
11
5.1699239763779525
21
-3.5984933464566926
0
LINE
8
BLACK
6
CONTINUOUS
10
5.1699239763779525
20
-3.5984933464566926
11
5.1701646850393699
21
-3.5983328346456691
0
LINE
8
BLACK
6
CONTINUOUS
10
5.1701646850393699
20
-3.5983328346456691
11
5.1703692519685038
21
-3.5981283070866139
0
LINE
8
BLACK
6
CONTINUOUS
10
5.1703692519685038
20
-3.5981283070866139
11
5.1706393307086609
21
-3.5980164173228344
0
LINE
8
BLACK
6
CONTINUOUS
10
5.1706393307086609
20
-3.5980164173228344
11
5.1708825984251972
21
-3.5978542519685037
0
LINE
8
BLACK
6
CONTINUOUS
10
5.1708825984251972
20
-3.5978542519685037
11
5.1711663779527557
21
-3.5977981102362202
0
LINE
8
BLACK
6
CONTINUOUS
10
5.1711663779527557
20
-3.5977981102362202
11
5.1714336614173231
21
-3.5976874015748033
0
LINE
8
BLACK
6
CONTINUOUS
10
5.1714336614173231
20
-3.5976874015748033
11
5.1717260629921258
21
-3.5976874015748033
0
LINE
8
BLACK
6
CONTINUOUS
10
5.1717260629921258
20
-3.5976874015748033
11
5.1720128346456695
21
-3.5976306692913385
0
LINE
8
BLACK
6
CONTINUOUS
10
5.1720128346456695
20
-3.5976306692913385
11
5.1722964960629918
21
-3.5976874015748033
0
LINE
8
BLACK
6
CONTINUOUS
10
5.2017716929133861
20
-3.5981283070866139
11
5.2025863385826767
21
-3.5989429527559054
0
LINE
8
BLACK
6
CONTINUOUS
10
5.2025863385826767
20
-3.5989429527559054
11
5.2030272440944882
21
-3.6000073622047242
0
LINE
8
BLACK
6
CONTINUOUS
10
5.2030272440944882
20
-3.6000073622047242
11
5.2030839763779531
21
-3.6005834251968505
0
LINE
8
BLACK
6
CONTINUOUS
10
5.2030839763779531
20
-3.6005834251968505
11
5.2030839763779531
21
-3.6282257086614171
0
LINE
8
BLACK
6
CONTINUOUS
10
5.2030839763779531
20
-3.6282257086614171
11
5.2045867716535428
21
-3.6327341338582677
0
LINE
8
BLACK
6
CONTINUOUS
10
5.2045867716535428
20
-3.6327341338582677
11
5.2073505511811025
21
-3.6354979527559053
0
LINE
8
BLACK
6
CONTINUOUS
10
5.2073505511811025
20
-3.6354979527559053
11
5.2118589370078743
21
-3.6370007480314959
0
LINE
8
BLACK
6
CONTINUOUS
10
5.2118589370078743
20
-3.6370007480314959
11
5.2151293307086615
21
-3.6370007480314959
0
LINE
8
BLACK
6
CONTINUOUS
10
5.2151293307086615
20
-3.6370007480314959
11
5.2157053937007873
21
-3.6370574803149607
0
LINE
8
BLACK
6
CONTINUOUS
10
5.2157053937007873
20
-3.6370574803149607
11
5.2167698031496066
21
-3.6374983858267718
0
LINE
8
BLACK
6
CONTINUOUS
10
5.2167698031496066
20
-3.6374983858267718
11
5.2175844488188972
21
-3.6383130314960628
0
LINE
8
BLACK
6
CONTINUOUS
10
5.2175844488188972
20
-3.6383130314960628
11
5.2180253543307087
21
-3.639377440944882
0
LINE
8
BLACK
6
CONTINUOUS
10
5.2180253543307087
20
-3.639377440944882
11
5.2180253543307087
21
-3.6405295669291338
0
LINE
8
BLACK
6
CONTINUOUS
10
5.2180253543307087
20
-3.6405295669291338
11
5.2175844488188972
21
-3.6415939763779526
0
LINE
8
BLACK
6
CONTINUOUS
10
5.2175844488188972
20
-3.6415939763779526
11
5.2167698031496066
21
-3.642408622047244
0
LINE
8
BLACK
6
CONTINUOUS
10
5.2167698031496066
20
-3.642408622047244
11
5.2157053937007873
21
-3.6428495275590551
0
LINE
8
BLACK
6
CONTINUOUS
10
5.2157053937007873
20
-3.6428495275590551
11
5.2151293307086615
21
-3.6429062598425195
0
LINE
8
BLACK
6
CONTINUOUS
10
5.2151293307086615
20
-3.6429062598425195
11
5.2113798031496064
21
-3.6429062598425195
0
LINE
8
BLACK
6
CONTINUOUS
10
5.2113798031496064
20
-3.6429062598425195
11
5.2110881889763778
21
-3.6428775196850394
0
LINE
8
BLACK
6
CONTINUOUS
10
5.2110881889763778
20
-3.6428775196850394
11
5.211010472440945
21
-3.6428830708661417
0
LINE
8
BLACK
6
CONTINUOUS
10
5.211010472440945
20
-3.6428830708661417
11
5.2109081889763775
21
-3.642859803149606
0
LINE
8
BLACK
6
CONTINUOUS
10
5.2109081889763775
20
-3.642859803149606
11
5.2108037401574805
21
-3.6428495275590551
0
LINE
8
BLACK
6
CONTINUOUS
10
5.2108037401574805
20
-3.6428495275590551
11
5.2107316535433066
21
-3.6428196456692912
0
LINE
8
BLACK
6
CONTINUOUS
10
5.2107316535433066
20
-3.6428196456692912
11
5.2104460236220476
21
-3.6427547244094489
0
LINE
8
BLACK
6
CONTINUOUS
10
5.2104460236220476
20
-3.6427547244094489
11
5.2048217716535428
21
-3.6408799606299214
0
LINE
8
BLACK
6
CONTINUOUS
10
5.2048217716535428
20
-3.6408799606299214
11
5.2042931889763775
21
-3.6406439763779526
0
LINE
8
BLACK
6
CONTINUOUS
10
5.2042931889763775
20
-3.6406439763779526
11
5.2042130708661416
21
-3.6405744881889763
0
LINE
8
BLACK
6
CONTINUOUS
10
5.2042130708661416
20
-3.6405744881889763
11
5.2041150393700786
21
-3.6405338976377952
0
LINE
8
BLACK
6
CONTINUOUS
10
5.2041150393700786
20
-3.6405338976377952
11
5.2036675984251968
21
-3.6401666535433068
0
LINE
8
BLACK
6
CONTINUOUS
10
5.2036675984251968
20
-3.6401666535433068
11
5.1999180708661417
21
-3.636417086614173
0
LINE
8
BLACK
6
CONTINUOUS
10
5.1999180708661417
20
-3.636417086614173
11
5.1995508267716533
21
-3.6359696062992124
0
LINE
8
BLACK
6
CONTINUOUS
10
5.1995508267716533
20
-3.6359696062992124
11
5.1995101968503938
21
-3.6358715354330706
0
LINE
8
BLACK
6
CONTINUOUS
10
5.1995101968503938
20
-3.6358715354330706
11
5.1994407480314964
21
-3.6357914566929135
0
LINE
8
BLACK
6
CONTINUOUS
10
5.1994407480314964
20
-3.6357914566929135
11
5.1992047637795276
21
-3.6352629133858265
0
LINE
8
BLACK
6
CONTINUOUS
10
5.1992047637795276
20
-3.6352629133858265
11
5.19733
21
-3.6296386220472439
0
LINE
8
BLACK
6
CONTINUOUS
10
5.19733
20
-3.6296386220472439
11
5.1972650393700786
21
-3.6293530314960627
0
LINE
8
BLACK
6
CONTINUOUS
10
5.1972650393700786
20
-3.6293530314960627
11
5.1972351968503938
21
-3.6292809448818897
0
LINE
8
BLACK
6
CONTINUOUS
10
5.1972351968503938
20
-3.6292809448818897
11
5.1972248818897633
21
-3.6291764173228347
0
LINE
8
BLACK
6
CONTINUOUS
10
5.1972248818897633
20
-3.6291764173228347
11
5.1972016535433072
21
-3.6290741732283465
0
LINE
8
BLACK
6
CONTINUOUS
10
5.1972016535433072
20
-3.6290741732283465
11
5.1972071653543308
21
-3.6289964173228344
0
LINE
8
BLACK
6
CONTINUOUS
10
5.1972071653543308
20
-3.6289964173228344
11
5.197178464566929
21
-3.6287048818897638
0
LINE
8
BLACK
6
CONTINUOUS
10
5.197178464566929
20
-3.6287048818897638
11
5.197178464566929
21
-3.6005834251968505
0
LINE
8
BLACK
6
CONTINUOUS
10
5.197178464566929
20
-3.6005834251968505
11
5.1972351968503938
21
-3.6000073622047242
0
LINE
8
BLACK
6
CONTINUOUS
10
5.1972351968503938
20
-3.6000073622047242
11
5.1976761023622045
21
-3.5989429527559054
0
LINE
8
BLACK
6
CONTINUOUS
10
5.1976761023622045
20
-3.5989429527559054
11
5.1984907480314959
21
-3.5981283070866139
0
LINE
8
BLACK
6
CONTINUOUS
10
5.1984907480314959
20
-3.5981283070866139
11
5.1995551574803152
21
-3.5976874015748033
0
LINE
8
BLACK
6
CONTINUOUS
10
5.1995551574803152
20
-3.5976874015748033
11
5.2007072834645669
21
-3.5976874015748033
0
LINE
8
BLACK
6
CONTINUOUS
10
5.2007072834645669
20
-3.5976874015748033
11
5.2017716929133861
21
-3.5981283070866139
0
LINE
8
BLACK
6
CONTINUOUS
10
5.4290406299212597
20
-3.5643874409448819
11
5.4301050393700789
21
-3.564828346456693
0
LINE
8
BLACK
6
CONTINUOUS
10
5.4301050393700789
20
-3.564828346456693
11
5.4309196850393704
21
-3.565642992125984
0
LINE
8
BLACK
6
CONTINUOUS
10
5.4309196850393704
20
-3.565642992125984
11
5.431360590551181
21
-3.5667074015748033
0
LINE
8
BLACK
6
CONTINUOUS
10
5.431360590551181
20
-3.5667074015748033
11
5.431360590551181
21
-3.567859527559055
0
LINE
8
BLACK
6
CONTINUOUS
10
5.431360590551181
20
-3.567859527559055
11
5.4309196850393704
21
-3.5689239370078738
0
LINE
8
BLACK
6
CONTINUOUS
10
5.4309196850393704
20
-3.5689239370078738
11
5.4301050393700789
21
-3.5697385826771653
0
LINE
8
BLACK
6
CONTINUOUS
10
5.4301050393700789
20
-3.5697385826771653
11
5.4290406299212597
21
-3.5701794881889763
0
LINE
8
BLACK
6
CONTINUOUS
10
5.4290406299212597
20
-3.5701794881889763
11
5.4284645669291338
21
-3.5702362204724407
0
LINE
8
BLACK
6
CONTINUOUS
10
5.4284645669291338
20
-3.5702362204724407
11
5.3664566929133857
21
-3.5702362204724407
0
LINE
8
BLACK
6
CONTINUOUS
10
5.3664566929133857
20
-3.5702362204724407
11
5.3664566929133857
21
-3.6312598425196851
0
LINE
8
BLACK
6
CONTINUOUS
10
5.3664566929133857
20
-3.6312598425196851
11
5.4284645669291338
21
-3.6312598425196851
0
LINE
8
BLACK
6
CONTINUOUS
10
5.4284645669291338
20
-3.6312598425196851
11
5.4290406299212597
21
-3.6313165748031495
0
LINE
8
BLACK
6
CONTINUOUS
10
5.4290406299212597
20
-3.6313165748031495
11
5.4301050393700789
21
-3.6317574803149606
0
LINE
8
BLACK
6
CONTINUOUS
10
5.4301050393700789
20
-3.6317574803149606
11
5.4309196850393704
21
-3.6325721259842521
0
LINE
8
BLACK
6
CONTINUOUS
10
5.4309196850393704
20
-3.6325721259842521
11
5.431360590551181
21
-3.6336365354330709
0
LINE
8
BLACK
6
CONTINUOUS
10
5.431360590551181
20
-3.6336365354330709
11
5.431360590551181
21
-3.6347886614173226
0
LINE
8
BLACK
6
CONTINUOUS
10
5.431360590551181
20
-3.6347886614173226
11
5.4309196850393704
21
-3.6358530708661418
0
LINE
8
BLACK
6
CONTINUOUS
10
5.4309196850393704
20
-3.6358530708661418
11
5.4301050393700789
21
-3.6366677165354329
0
LINE
8
BLACK
6
CONTINUOUS
10
5.4301050393700789
20
-3.6366677165354329
11
5.4290406299212597
21
-3.6371086220472439
0
LINE
8
BLACK
6
CONTINUOUS
10
5.4290406299212597
20
-3.6371086220472439
11
5.4284645669291338
21
-3.6371653543307088
0
LINE
8
BLACK
6
CONTINUOUS
10
5.4284645669291338
20
-3.6371653543307088
11
5.3635039370078736
21
-3.6371653543307088
0
LINE
8
BLACK
6
CONTINUOUS
10
5.3635039370078736
20
-3.6371653543307088
11
5.3629278740157478
21
-3.6371086220472439
0
LINE
8
BLACK
6
CONTINUOUS
10
5.3629278740157478
20
-3.6371086220472439
11
5.3618634645669294
21
-3.6366677165354329
0
LINE
8
BLACK
6
CONTINUOUS
10
5.3618634645669294
20
-3.6366677165354329
11
5.361048818897638
21
-3.6358530708661418
0
LINE
8
BLACK
6
CONTINUOUS
10
5.361048818897638
20
-3.6358530708661418
11
5.3606079133858264
21
-3.6347886614173226
0
LINE
8
BLACK
6
CONTINUOUS
10
5.3606079133858264
20
-3.6347886614173226
11
5.3605511811023625
21
-3.6342125984251967
0
LINE
8
BLACK
6
CONTINUOUS
10
5.3605511811023625
20
-3.6342125984251967
11
5.3605511811023625
21
-3.5672834645669291
0
LINE
8
BLACK
6
CONTINUOUS
10
5.3605511811023625
20
-3.5672834645669291
11
5.3606079133858264
21
-3.5667074015748033
0
LINE
8
BLACK
6
CONTINUOUS
10
5.3606079133858264
20
-3.5667074015748033
11
5.361048818897638
21
-3.565642992125984
0
LINE
8
BLACK
6
CONTINUOUS
10
5.361048818897638
20
-3.565642992125984
11
5.3618634645669294
21
-3.564828346456693
0
LINE
8
BLACK
6
CONTINUOUS
10
5.3618634645669294
20
-3.564828346456693
11
5.3629278740157478
21
-3.5643874409448819
0
LINE
8
BLACK
6
CONTINUOUS
10
5.3629278740157478
20
-3.5643874409448819
11
5.3635039370078736
21
-3.5643307086614171
0
LINE
8
BLACK
6
CONTINUOUS
10
5.3635039370078736
20
-3.5643307086614171
11
5.4284645669291338
21
-3.5643307086614171
0
LINE
8
BLACK
6
CONTINUOUS
10
5.4284645669291338
20
-3.5643307086614171
11
5.4290406299212597
21
-3.5643874409448819
0
LINE
8
BLACK
6
CONTINUOUS
10
5.5333713385826773
20
-3.5643874409448819
11
5.5344357480314956
21
-3.564828346456693
0
LINE
8
BLACK
6
CONTINUOUS
10
5.5344357480314956
20
-3.564828346456693
11
5.5352503937007871
21
-3.565642992125984
0
LINE
8
BLACK
6
CONTINUOUS
10
5.5352503937007871
20
-3.565642992125984
11
5.5356912992125986
21
-3.5667074015748033
0
LINE
8
BLACK
6
CONTINUOUS
10
5.5356912992125986
20
-3.5667074015748033
11
5.5357480314960625
21
-3.5672834645669291
0
LINE
8
BLACK
6
CONTINUOUS
10
5.5357480314960625
20
-3.5672834645669291
11
5.5357480314960625
21
-3.6342125984251967
0
LINE
8
BLACK
6
CONTINUOUS
10
5.5357480314960625
20
-3.6342125984251967
11
5.5356912992125986
21
-3.6347886614173226
0
LINE
8
BLACK
6
CONTINUOUS
10
5.5356912992125986
20
-3.6347886614173226
11
5.5352503937007871
21
-3.6358530708661418
0
LINE
8
BLACK
6
CONTINUOUS
10
5.5352503937007871
20
-3.6358530708661418
11
5.5344357480314956
21
-3.6366677165354329
0
LINE
8
BLACK
6
CONTINUOUS
10
5.5344357480314956
20
-3.6366677165354329
11
5.5333713385826773
21
-3.6371086220472439
0
LINE
8
BLACK
6
CONTINUOUS
10
5.5333713385826773
20
-3.6371086220472439
11
5.5327952755905514
21
-3.6371653543307088
0
LINE
8
BLACK
6
CONTINUOUS
10
5.5327952755905514
20
-3.6371653543307088
11
5.4678346456692912
21
-3.6371653543307088
0
LINE
8
BLACK
6
CONTINUOUS
10
5.4678346456692912
20
-3.6371653543307088
11
5.4672585826771654
21
-3.6371086220472439
0
LINE
8
BLACK
6
CONTINUOUS
10
5.4672585826771654
20
-3.6371086220472439
11
5.4661941732283461
21
-3.6366677165354329
0
LINE
8
BLACK
6
CONTINUOUS
10
5.4661941732283461
20
-3.6366677165354329
11
5.4653795275590547
21
-3.6358530708661418
0
LINE
8
BLACK
6
CONTINUOUS
10
5.4653795275590547
20
-3.6358530708661418
11
5.464938622047244
21
-3.6347886614173226
0
LINE
8
BLACK
6
CONTINUOUS
10
5.464938622047244
20
-3.6347886614173226
11
5.464938622047244
21
-3.6336365354330709
0
LINE
8
BLACK
6
CONTINUOUS
10
5.464938622047244
20
-3.6336365354330709
11
5.4653795275590547
21
-3.6325721259842521
0
LINE
8
BLACK
6
CONTINUOUS
10
5.4653795275590547
20
-3.6325721259842521
11
5.4661941732283461
21
-3.6317574803149606
0
LINE
8
BLACK
6
CONTINUOUS
10
5.4661941732283461
20
-3.6317574803149606
11
5.4672585826771654
21
-3.6313165748031495
0
LINE
8
BLACK
6
CONTINUOUS
10
5.4672585826771654
20
-3.6313165748031495
11
5.4678346456692912
21
-3.6312598425196851
0
LINE
8
BLACK
6
CONTINUOUS
10
5.4678346456692912
20
-3.6312598425196851
11
5.5298425196850394
21
-3.6312598425196851
0
LINE
8
BLACK
6
CONTINUOUS
10
5.5298425196850394
20
-3.6312598425196851
11
5.5298425196850394
21
-3.5702362204724407
0
LINE
8
BLACK
6
CONTINUOUS
10
5.5298425196850394
20
-3.5702362204724407
11
5.4678346456692912
21
-3.5702362204724407
0
LINE
8
BLACK
6
CONTINUOUS
10
5.4678346456692912
20
-3.5702362204724407
11
5.4672585826771654
21
-3.5701794881889763
0
LINE
8
BLACK
6
CONTINUOUS
10
5.4672585826771654
20
-3.5701794881889763
11
5.4661941732283461
21
-3.5697385826771653
0
LINE
8
BLACK
6
CONTINUOUS
10
5.4661941732283461
20
-3.5697385826771653
11
5.4653795275590547
21
-3.5689239370078738
0
LINE
8
BLACK
6
CONTINUOUS
10
5.4653795275590547
20
-3.5689239370078738
11
5.464938622047244
21
-3.567859527559055
0
LINE
8
BLACK
6
CONTINUOUS
10
5.464938622047244
20
-3.567859527559055
11
5.464938622047244
21
-3.5667074015748033
0
LINE
8
BLACK
6
CONTINUOUS
10
5.464938622047244
20
-3.5667074015748033
11
5.4653795275590547
21
-3.565642992125984
0
LINE
8
BLACK
6
CONTINUOUS
10
5.4653795275590547
20
-3.565642992125984
11
5.4661941732283461
21
-3.564828346456693
0
LINE
8
BLACK
6
CONTINUOUS
10
5.4661941732283461
20
-3.564828346456693
11
5.4672585826771654
21
-3.5643874409448819
0
LINE
8
BLACK
6
CONTINUOUS
10
5.4672585826771654
20
-3.5643874409448819
11
5.4678346456692912
21
-3.5643307086614171
0
LINE
8
BLACK
6
CONTINUOUS
10
5.4678346456692912
20
-3.5643307086614171
11
5.5327952755905514
21
-3.5643307086614171
0
LINE
8
BLACK
6
CONTINUOUS
10
5.5327952755905514
20
-3.5643307086614171
11
5.5333713385826773
21
-3.5643874409448819
0
LINE
8
BLACK
6
CONTINUOUS
10
6.2015288582677162
20
-3.6015585433070867
11
6.2017086614173227
21
-3.6024625196850395
0
LINE
8
BLACK
6
CONTINUOUS
10
6.2017086614173227
20
-3.6024625196850395
11
6.2017086614173227
21
-3.6230335433070864
0
LINE
8
BLACK
6
CONTINUOUS
10
6.2017086614173227
20
-3.6230335433070864
11
6.2015288582677162
21
-3.6239375196850392
0
LINE
8
BLACK
6
CONTINUOUS
10
6.2015288582677162
20
-3.6239375196850392
11
6.2002504330708659
21
-3.6252159448818895
0
LINE
8
BLACK
6
CONTINUOUS
10
6.2002504330708659
20
-3.6252159448818895
11
6.1984424803149603
21
-3.6252159448818895
0
LINE
8
BLACK
6
CONTINUOUS
10
6.1984424803149603
20
-3.6252159448818895
11
6.19716405511811
21
-3.6239375196850392
0
LINE
8
BLACK
6
CONTINUOUS
10
6.19716405511811
20
-3.6239375196850392
11
6.1969842519685034
21
-3.6230335433070864
0
LINE
8
BLACK
6
CONTINUOUS
10
6.1969842519685034
20
-3.6230335433070864
11
6.1969842519685034
21
-3.6024625196850395
0
LINE
8
BLACK
6
CONTINUOUS
10
6.1969842519685034
20
-3.6024625196850395
11
6.19716405511811
21
-3.6015585433070867
0
LINE
8
BLACK
6
CONTINUOUS
10
6.19716405511811
20
-3.6015585433070867
11
6.1984424803149603
21
-3.600280118110236
0
LINE
8
BLACK
6
CONTINUOUS
10
6.1984424803149603
20
-3.600280118110236
11
6.2002504330708659
21
-3.600280118110236
0
LINE
8
BLACK
6
CONTINUOUS
10
6.2002504330708659
20
-3.600280118110236
11
6.2015288582677162
21
-3.6015585433070867
0
LINE
8
BLACK
6
CONTINUOUS
10
6.25743437007874
20
-3.6015585433070867
11
6.2576141732283466
21
-3.6024625196850395
0
LINE
8
BLACK
6
CONTINUOUS
10
6.2576141732283466
20
-3.6024625196850395
11
6.2576141732283466
21
-3.6230335433070864
0
LINE
8
BLACK
6
CONTINUOUS
10
6.2576141732283466
20
-3.6230335433070864
11
6.25743437007874
21
-3.6239375196850392
0
LINE
8
BLACK
6
CONTINUOUS
10
6.25743437007874
20
-3.6239375196850392
11
6.2561559448818898
21
-3.6252159448818895
0
LINE
8
BLACK
6
CONTINUOUS
10
6.2561559448818898
20
-3.6252159448818895
11
6.2543479921259841
21
-3.6252159448818895
0
LINE
8
BLACK
6
CONTINUOUS
10
6.2543479921259841
20
-3.6252159448818895
11
6.2530695669291338
21
-3.6239375196850392
0
LINE
8
BLACK
6
CONTINUOUS
10
6.2530695669291338
20
-3.6239375196850392
11
6.2528897637795273
21
-3.6230335433070864
0
LINE
8
BLACK
6
CONTINUOUS
10
6.2528897637795273
20
-3.6230335433070864
11
6.2528897637795273
21
-3.6024625196850395
0
LINE
8
BLACK
6
CONTINUOUS
10
6.2528897637795273
20
-3.6024625196850395
11
6.2530695669291338
21
-3.6015585433070867
0
LINE
8
BLACK
6
CONTINUOUS
10
6.2530695669291338
20
-3.6015585433070867
11
6.2543479921259841
21
-3.600280118110236
0
LINE
8
BLACK
6
CONTINUOUS
10
6.2543479921259841
20
-3.600280118110236
11
6.2561559448818898
21
-3.600280118110236
0
LINE
8
BLACK
6
CONTINUOUS
10
6.2561559448818898
20
-3.600280118110236
11
6.25743437007874
21
-3.6015585433070867
0
LINE
8
BLACK
6
CONTINUOUS
10
6.282402874015748
20
-3.6003094094488186
11
6.2825826771653546
21
-3.6012133858267714
0
LINE
8
BLACK
6
CONTINUOUS
10
6.2825826771653546
20
-3.6012133858267714
11
6.2825826771653546
21
-3.6122826771653544
0
LINE
8
BLACK
6
CONTINUOUS
10
6.2825826771653546
20
-3.6122826771653544
11
6.282402874015748
21
-3.6131866535433068
0
LINE
8
BLACK
6
CONTINUOUS
10
6.282402874015748
20
-3.6131866535433068
11
6.2811244488188978
21
-3.6144650787401575
0
LINE
8
BLACK
6
CONTINUOUS
10
6.2811244488188978
20
-3.6144650787401575
11
6.2793164960629921
21
-3.6144650787401575
0
LINE
8
BLACK
6
CONTINUOUS
10
6.2793164960629921
20
-3.6144650787401575
11
6.2780380708661419
21
-3.6131866535433068
0
LINE
8
BLACK
6
CONTINUOUS
10
6.2780380708661419
20
-3.6131866535433068
11
6.2778582677165353
21
-3.6122826771653544
0
LINE
8
BLACK
6
CONTINUOUS
10
6.2778582677165353
20
-3.6122826771653544
11
6.2778582677165353
21
-3.6012133858267714
0
LINE
8
BLACK
6
CONTINUOUS
10
6.2778582677165353
20
-3.6012133858267714
11
6.2780380708661419
21
-3.6003094094488186
0
LINE
8
BLACK
6
CONTINUOUS
10
6.2780380708661419
20
-3.6003094094488186
11
6.2793164960629921
21
-3.5990309842519683
0
LINE
8
BLACK
6
CONTINUOUS
10
6.2793164960629921
20
-3.5990309842519683
11
6.2811244488188978
21
-3.5990309842519683
0
LINE
8
BLACK
6
CONTINUOUS
10
6.2811244488188978
20
-3.5990309842519683
11
6.282402874015748
21
-3.6003094094488186
0
LINE
8
BLACK
6
CONTINUOUS
10
6.322560354330709
20
-3.6003094094488186
11
6.3227401574803146
21
-3.6012133858267714
0
LINE
8
BLACK
6
CONTINUOUS
10
6.3227401574803146
20
-3.6012133858267714
11
6.3227401574803146
21
-3.6122826771653544
0
LINE
8
BLACK
6
CONTINUOUS
10
6.3227401574803146
20
-3.6122826771653544
11
6.322560354330709
21
-3.6131866535433068
0
LINE
8
BLACK
6
CONTINUOUS
10
6.322560354330709
20
-3.6131866535433068
11
6.3212819291338578
21
-3.6144650787401575
0
LINE
8
BLACK
6
CONTINUOUS
10
6.3212819291338578
20
-3.6144650787401575
11
6.3194739763779531
21
-3.6144650787401575
0
LINE
8
BLACK
6
CONTINUOUS
10
6.3194739763779531
20
-3.6144650787401575
11
6.3181955511811019
21
-3.6131866535433068
0
LINE
8
BLACK
6
CONTINUOUS
10
6.3181955511811019
20
-3.6131866535433068
11
6.3180157480314962
21
-3.6122826771653544
0
LINE
8
BLACK
6
CONTINUOUS
10
6.3180157480314962
20
-3.6122826771653544
11
6.3180157480314962
21
-3.6012133858267714
0
LINE
8
BLACK
6
CONTINUOUS
10
6.3180157480314962
20
-3.6012133858267714
11
6.3181955511811019
21
-3.6003094094488186
0
LINE
8
BLACK
6
CONTINUOUS
10
6.3181955511811019
20
-3.6003094094488186
11
6.3194739763779531
21
-3.5990309842519683
0
LINE
8
BLACK
6
CONTINUOUS
10
6.3194739763779531
20
-3.5990309842519683
11
6.3212819291338578
21
-3.5990309842519683
0
LINE
8
BLACK
6
CONTINUOUS
10
6.3212819291338578
20
-3.5990309842519683
11
6.322560354330709
21
-3.6003094094488186
0
LINE
8
BLACK
6
CONTINUOUS
10
5.9564364960629916
20
-3.5779357874015747
11
5.9572511417322831
21
-3.5787504330708662
0
LINE
8
BLACK
6
CONTINUOUS
10
5.9572511417322831
20
-3.5787504330708662
11
5.9576920472440946
21
-3.579814842519685
0
LINE
8
BLACK
6
CONTINUOUS
10
5.9576920472440946
20
-3.579814842519685
11
5.9577487795275585
21
-3.5803909055118108
0
LINE
8
BLACK
6
CONTINUOUS
10
5.9577487795275585
20
-3.5803909055118108
11
5.9577487795275585
21
-3.6021596062992125
0
LINE
8
BLACK
6
CONTINUOUS
10
5.9577487795275585
20
-3.6021596062992125
11
5.993002952755905
21
-3.5870507086614172
0
LINE
8
BLACK
6
CONTINUOUS
10
5.993002952755905
20
-3.5870507086614172
11
5.9935547637795272
21
-3.5868759448818897
0
LINE
8
BLACK
6
CONTINUOUS
10
5.9935547637795272
20
-3.5868759448818897
11
5.9947068110236224
21
-3.5868618897637794
0
LINE
8
BLACK
6
CONTINUOUS
10
5.9947068110236224
20
-3.5868618897637794
11
5.9957764960629918
21
-3.5872897637795274
0
LINE
8
BLACK
6
CONTINUOUS
10
5.9957764960629918
20
-3.5872897637795274
11
5.9966010236220475
21
-3.5880944488188975
0
LINE
8
BLACK
6
CONTINUOUS
10
5.9966010236220475
20
-3.5880944488188975
11
5.9970548818897633
21
-3.5891534251968502
0
LINE
8
BLACK
6
CONTINUOUS
10
5.9970548818897633
20
-3.5891534251968502
11
5.9970688976377948
21
-3.5903054330708661
0
LINE
8
BLACK
6
CONTINUOUS
10
5.9970688976377948
20
-3.5903054330708661
11
5.9966410236220469
21
-3.591375118110236
0
LINE
8
BLACK
6
CONTINUOUS
10
5.9966410236220469
20
-3.591375118110236
11
5.9958363779527559
21
-3.59219968503937
0
LINE
8
BLACK
6
CONTINUOUS
10
5.9958363779527559
20
-3.59219968503937
11
5.9953292519685037
21
-3.59247874015748
0
LINE
8
BLACK
6
CONTINUOUS
10
5.9953292519685037
20
-3.59247874015748
11
5.9559591732283463
21
-3.6093516141732285
0
LINE
8
BLACK
6
CONTINUOUS
10
5.9559591732283463
20
-3.6093516141732285
11
5.9554073228346454
21
-3.609526377952756
0
LINE
8
BLACK
6
CONTINUOUS
10
5.9554073228346454
20
-3.609526377952756
11
5.9553890157480316
21
-3.6095265748031493
0
LINE
8
BLACK
6
CONTINUOUS
10
5.9553890157480316
20
-3.6095265748031493
11
5.9553720866141733
21
-3.6095336220472438
0
LINE
8
BLACK
6
CONTINUOUS
10
5.9553720866141733
20
-3.6095336220472438
11
5.9548135826771649
21
-3.6095336220472438
0
LINE
8
BLACK
6
CONTINUOUS
10
5.9548135826771649
20
-3.6095336220472438
11
5.9542553149606299
21
-3.6095404330708662
0
LINE
8
BLACK
6
CONTINUOUS
10
5.9542553149606299
20
-3.6095404330708662
11
5.9542383070866141
21
-3.6095336220472438
0
LINE
8
BLACK
6
CONTINUOUS
10
5.9542383070866141
20
-3.6095336220472438
11
5.9542199606299215
21
-3.6095336220472438
0
LINE
8
BLACK
6
CONTINUOUS
10
5.9542199606299215
20
-3.6095336220472438
11
5.9537046062992127
21
-3.6093201574803149
0
LINE
8
BLACK
6
CONTINUOUS
10
5.9537046062992127
20
-3.6093201574803149
11
5.9531856299212595
21
-3.6091125590551179
0
LINE
8
BLACK
6
CONTINUOUS
10
5.9531856299212595
20
-3.6091125590551179
11
5.9531724803149606
21
-3.6090997244094489
0
LINE
8
BLACK
6
CONTINUOUS
10
5.9531724803149606
20
-3.6090997244094489
11
5.9531555511811023
21
-3.6090927165354332
0
LINE
8
BLACK
6
CONTINUOUS
10
5.9531555511811023
20
-3.6090927165354332
11
5.9527610629921259
21
-3.6086982283464568
0
LINE
8
BLACK
6
CONTINUOUS
10
5.9527610629921259
20
-3.6086982283464568
11
5.952361062992126
21
-3.6083078740157482
0
LINE
8
BLACK
6
CONTINUOUS
10
5.952361062992126
20
-3.6083078740157482
11
5.9523538188976373
21
-3.6082909842519686
0
LINE
8
BLACK
6
CONTINUOUS
10
5.9523538188976373
20
-3.6082909842519686
11
5.9523409055118108
21
-3.6082780708661417
0
LINE
8
BLACK
6
CONTINUOUS
10
5.9523409055118108
20
-3.6082780708661417
11
5.9521272440944877
21
-3.6077622834645671
0
LINE
8
BLACK
6
CONTINUOUS
10
5.9521272440944877
20
-3.6077622834645671
11
5.951907244094488
21
-3.607248897637795
0
LINE
8
BLACK
6
CONTINUOUS
10
5.951907244094488
20
-3.607248897637795
11
5.9519070078740155
21
-3.6072305905511812
0
LINE
8
BLACK
6
CONTINUOUS
10
5.9519070078740155
20
-3.6072305905511812
11
5.9519000000000002
21
-3.6072136614173229
0
LINE
8
BLACK
6
CONTINUOUS
10
5.9519000000000002
20
-3.6072136614173229
11
5.9518432677165354
21
-3.6066375984251966
0
LINE
8
BLACK
6
CONTINUOUS
10
5.9518432677165354
20
-3.6066375984251966
11
5.9518432677165354
21
-3.5803909055118108
0
LINE
8
BLACK
6
CONTINUOUS
10
5.9518432677165354
20
-3.5803909055118108
11
5.9519000000000002
21
-3.579814842519685
0
LINE
8
BLACK
6
CONTINUOUS
10
5.9519000000000002
20
-3.579814842519685
11
5.9523409055118108
21
-3.5787504330708662
0
LINE
8
BLACK
6
CONTINUOUS
10
5.9523409055118108
20
-3.5787504330708662
11
5.9531555511811023
21
-3.5779357874015747
0
LINE
8
BLACK
6
CONTINUOUS
10
5.9531555511811023
20
-3.5779357874015747
11
5.9542199606299215
21
-3.5774948818897636
0
LINE
8
BLACK
6
CONTINUOUS
10
5.9542199606299215
20
-3.5774948818897636
11
5.9553720866141733
21
-3.5774948818897636
0
LINE
8
BLACK
6
CONTINUOUS
10
5.9553720866141733
20
-3.5774948818897636
11
5.9564364960629916
21
-3.5779357874015747
0
LINE
8
BLACK
6
CONTINUOUS
10
6.1056579921259839
20
-3.5915183858267716
11
6.1069364173228342
21
-3.5927968110236219
0
LINE
8
BLACK
6
CONTINUOUS
10
6.1069364173228342
20
-3.5927968110236219
11
6.1069364173228342
21
-3.5946047637795275
0
LINE
8
BLACK
6
CONTINUOUS
10
6.1069364173228342
20
-3.5946047637795275
11
6.1056579921259839
21
-3.5958831889763778
0
LINE
8
BLACK
6
CONTINUOUS
10
6.1056579921259839
20
-3.5958831889763778
11
6.1047540157480311
21
-3.5960629921259843
0
LINE
8
BLACK
6
CONTINUOUS
10
6.1047540157480311
20
-3.5960629921259843
11
6.0841829921259842
21
-3.5960629921259843
0
LINE
8
BLACK
6
CONTINUOUS
10
6.0841829921259842
20
-3.5960629921259843
11
6.0832790157480314
21
-3.5958831889763778
0
LINE
8
BLACK
6
CONTINUOUS
10
6.0832790157480314
20
-3.5958831889763778
11
6.0820005905511811
21
-3.5946047637795275
0
LINE
8
BLACK
6
CONTINUOUS
10
6.0820005905511811
20
-3.5946047637795275
11
6.0820005905511811
21
-3.5927968110236219
0
LINE
8
BLACK
6
CONTINUOUS
10
6.0820005905511811
20
-3.5927968110236219
11
6.0832790157480314
21
-3.5915183858267716
0
LINE
8
BLACK
6
CONTINUOUS
10
6.0832790157480314
20
-3.5915183858267716
11
6.0841829921259842
21
-3.5913385826771651
0
LINE
8
BLACK
6
CONTINUOUS
10
6.0841829921259842
20
-3.5913385826771651
11
6.1047540157480311
21
-3.5913385826771651
0
LINE
8
BLACK
6
CONTINUOUS
10
6.1047540157480311
20
-3.5913385826771651
11
6.1056579921259839
21
-3.5915183858267716
0
LINE
8
BLACK
6
CONTINUOUS
10
5.295087125984252
20
-3.5875026377952755
11
5.2963655511811023
21
-3.5887810629921257
0
LINE
8
BLACK
6
CONTINUOUS
10
5.2963655511811023
20
-3.5887810629921257
11
5.2963655511811023
21
-3.5905890157480314
0
LINE
8
BLACK
6
CONTINUOUS
10
5.2963655511811023
20
-3.5905890157480314
11
5.295087125984252
21
-3.5918674409448816
0
LINE
8
BLACK
6
CONTINUOUS
10
5.295087125984252
20
-3.5918674409448816
11
5.2941831496062992
21
-3.5920472440944882
0
LINE
8
BLACK
6
CONTINUOUS
10
5.2941831496062992
20
-3.5920472440944882
11
5.2736121259842514
21
-3.5920472440944882
0
LINE
8
BLACK
6
CONTINUOUS
10
5.2736121259842514
20
-3.5920472440944882
11
5.2727081496062995
21
-3.5918674409448816
0
LINE
8
BLACK
6
CONTINUOUS
10
5.2727081496062995
20
-3.5918674409448816
11
5.2714297244094483
21
-3.5905890157480314
0
LINE
8
BLACK
6
CONTINUOUS
10
5.2714297244094483
20
-3.5905890157480314
11
5.2714297244094483
21
-3.5887810629921257
0
LINE
8
BLACK
6
CONTINUOUS
10
5.2714297244094483
20
-3.5887810629921257
11
5.2727081496062995
21
-3.5875026377952755
0
LINE
8
BLACK
6
CONTINUOUS
10
5.2727081496062995
20
-3.5875026377952755
11
5.2736121259842514
21
-3.5873228346456694
0
LINE
8
BLACK
6
CONTINUOUS
10
5.2736121259842514
20
-3.5873228346456694
11
5.2941831496062992
21
-3.5873228346456694
0
LINE
8
BLACK
6
CONTINUOUS
10
5.2941831496062992
20
-3.5873228346456694
11
5.295087125984252
21
-3.5875026377952755
0
LINE
8
BLACK
6
CONTINUOUS
10
5.8855288582677163
20
-3.5663892519685039
11
5.8857086614173229
21
-3.5672932283464567
0
LINE
8
BLACK
6
CONTINUOUS
10
5.8857086614173229
20
-3.5672932283464567
11
5.8857086614173229
21
-3.587864251968504
0
LINE
8
BLACK
6
CONTINUOUS
10
5.8857086614173229
20
-3.587864251968504
11
5.8855288582677163
21
-3.5887682283464568
0
LINE
8
BLACK
6
CONTINUOUS
10
5.8855288582677163
20
-3.5887682283464568
11
5.884250433070866
21
-3.5900466535433071
0
LINE
8
BLACK
6
CONTINUOUS
10
5.884250433070866
20
-3.5900466535433071
11
5.8824424803149604
21
-3.5900466535433071
0
LINE
8
BLACK
6
CONTINUOUS
10
5.8824424803149604
20
-3.5900466535433071
11
5.8811640551181101
21
-3.5887682283464568
0
LINE
8
BLACK
6
CONTINUOUS
10
5.8811640551181101
20
-3.5887682283464568
11
5.8809842519685036
21
-3.587864251968504
0
LINE
8
BLACK
6
CONTINUOUS
10
5.8809842519685036
20
-3.587864251968504
11
5.8809842519685036
21
-3.5672932283464567
0
LINE
8
BLACK
6
CONTINUOUS
10
5.8809842519685036
20
-3.5672932283464567
11
5.8811640551181101
21
-3.5663892519685039
0
LINE
8
BLACK
6
CONTINUOUS
10
5.8811640551181101
20
-3.5663892519685039
11
5.8824424803149604
21
-3.5651108267716536
0
LINE
8
BLACK
6
CONTINUOUS
10
5.8824424803149604
20
-3.5651108267716536
11
5.884250433070866
21
-3.5651108267716536
0
LINE
8
BLACK
6
CONTINUOUS
10
5.884250433070866
20
-3.5651108267716536
11
5.8855288582677163
21
-3.5663892519685039
0
LINE
8
BLACK
6
CONTINUOUS
10
5.9414343700787402
20
-3.5663892519685039
11
5.9416141732283467
21
-3.5672932283464567
0
LINE
8
BLACK
6
CONTINUOUS
10
5.9416141732283467
20
-3.5672932283464567
11
5.9416141732283467
21
-3.587864251968504
0
LINE
8
BLACK
6
CONTINUOUS
10
5.9416141732283467
20
-3.587864251968504
11
5.9414343700787402
21
-3.5887682283464568
0
LINE
8
BLACK
6
CONTINUOUS
10
5.9414343700787402
20
-3.5887682283464568
11
5.9401559448818899
21
-3.5900466535433071
0
LINE
8
BLACK
6
CONTINUOUS
10
5.9401559448818899
20
-3.5900466535433071
11
5.9383479921259843
21
-3.5900466535433071
0
LINE
8
BLACK
6
CONTINUOUS
10
5.9383479921259843
20
-3.5900466535433071
11
5.937069566929134
21
-3.5887682283464568
0
LINE
8
BLACK
6
CONTINUOUS
10
5.937069566929134
20
-3.5887682283464568
11
5.9368897637795275
21
-3.587864251968504
0
LINE
8
BLACK
6
CONTINUOUS
10
5.9368897637795275
20
-3.587864251968504
11
5.9368897637795275
21
-3.5672932283464567
0
LINE
8
BLACK
6
CONTINUOUS
10
5.9368897637795275
20
-3.5672932283464567
11
5.937069566929134
21
-3.5663892519685039
0
LINE
8
BLACK
6
CONTINUOUS
10
5.937069566929134
20
-3.5663892519685039
11
5.9383479921259843
21
-3.5651108267716536
0
LINE
8
BLACK
6
CONTINUOUS
10
5.9383479921259843
20
-3.5651108267716536
11
5.9401559448818899
21
-3.5651108267716536
0
LINE
8
BLACK
6
CONTINUOUS
10
5.9401559448818899
20
-3.5651108267716536
11
5.9414343700787402
21
-3.5663892519685039
0
LINE
8
BLACK
6
CONTINUOUS
10
5.7695446062992124
20
-3.5619601181102363
11
5.7697244094488189
21
-3.5628640944881891
0
LINE
8
BLACK
6
CONTINUOUS
10
5.7697244094488189
20
-3.5628640944881891
11
5.7697244094488189
21
-3.583435118110236
0
LINE
8
BLACK
6
CONTINUOUS
10
5.7697244094488189
20
-3.583435118110236
11
5.7695446062992124
21
-3.5843390944881888
0
LINE
8
BLACK
6
CONTINUOUS
10
5.7695446062992124
20
-3.5843390944881888
11
5.7682661811023621
21
-3.5856175196850395
0
LINE
8
BLACK
6
CONTINUOUS
10
5.7682661811023621
20
-3.5856175196850395
11
5.7664582283464565
21
-3.5856175196850395
0
LINE
8
BLACK
6
CONTINUOUS
10
5.7664582283464565
20
-3.5856175196850395
11
5.7651798031496062
21
-3.5843390944881888
0
LINE
8
BLACK
6
CONTINUOUS
10
5.7651798031496062
20
-3.5843390944881888
11
5.7649999999999997
21
-3.583435118110236
0
LINE
8
BLACK
6
CONTINUOUS
10
5.7649999999999997
20
-3.583435118110236
11
5.7649999999999997
21
-3.5628640944881891
0
LINE
8
BLACK
6
CONTINUOUS
10
5.7649999999999997
20
-3.5628640944881891
11
5.7651798031496062
21
-3.5619601181102363
0
LINE
8
BLACK
6
CONTINUOUS
10
5.7651798031496062
20
-3.5619601181102363
11
5.7664582283464565
21
-3.5606816929133855
0
LINE
8
BLACK
6
CONTINUOUS
10
5.7664582283464565
20
-3.5606816929133855
11
5.7682661811023621
21
-3.5606816929133855
0
LINE
8
BLACK
6
CONTINUOUS
10
5.7682661811023621
20
-3.5606816929133855
11
5.7695446062992124
21
-3.5619601181102363
0
LINE
8
BLACK
6
CONTINUOUS
10
5.8274186220472437
20
-3.5619601181102363
11
5.8275984251968502
21
-3.5628640944881891
0
LINE
8
BLACK
6
CONTINUOUS
10
5.8275984251968502
20
-3.5628640944881891
11
5.8275984251968502
21
-3.583435118110236
0
LINE
8
BLACK
6
CONTINUOUS
10
5.8275984251968502
20
-3.583435118110236
11
5.8274186220472437
21
-3.5843390944881888
0
LINE
8
BLACK
6
CONTINUOUS
10
5.8274186220472437
20
-3.5843390944881888
11
5.8261401968503934
21
-3.5856175196850395
0
LINE
8
BLACK
6
CONTINUOUS
10
5.8261401968503934
20
-3.5856175196850395
11
5.8243322440944878
21
-3.5856175196850395
0
LINE
8
BLACK
6
CONTINUOUS
10
5.8243322440944878
20
-3.5856175196850395
11
5.8230538188976375
21
-3.5843390944881888
0
LINE
8
BLACK
6
CONTINUOUS
10
5.8230538188976375
20
-3.5843390944881888
11
5.822874015748031
21
-3.583435118110236
0
LINE
8
BLACK
6
CONTINUOUS
10
5.822874015748031
20
-3.583435118110236
11
5.822874015748031
21
-3.5628640944881891
0
LINE
8
BLACK
6
CONTINUOUS
10
5.822874015748031
20
-3.5628640944881891
11
5.8230538188976375
21
-3.5619601181102363
0
LINE
8
BLACK
6
CONTINUOUS
10
5.8230538188976375
20
-3.5619601181102363
11
5.8243322440944878
21
-3.5606816929133855
0
LINE
8
BLACK
6
CONTINUOUS
10
5.8243322440944878
20
-3.5606816929133855
11
5.8261401968503934
21
-3.5606816929133855
0
LINE
8
BLACK
6
CONTINUOUS
10
5.8261401968503934
20
-3.5606816929133855
11
5.8274186220472437
21
-3.5619601181102363
0
LINE
8
BLACK
6
CONTINUOUS
10
6.4423606692913387
20
-3.5798254724409446
11
6.4436390944881889
21
-3.5811038976377954
0
LINE
8
BLACK
6
CONTINUOUS
10
6.4436390944881889
20
-3.5811038976377954
11
6.4436390944881889
21
-3.5829118503937005
0
LINE
8
BLACK
6
CONTINUOUS
10
6.4436390944881889
20
-3.5829118503937005
11
6.4423606692913387
21
-3.5841902755905513
0
LINE
8
BLACK
6
CONTINUOUS
10
6.4423606692913387
20
-3.5841902755905513
11
6.4414566929133859
21
-3.5843700787401573
0
LINE
8
BLACK
6
CONTINUOUS
10
6.4414566929133859
20
-3.5843700787401573
11
6.3863385826771655
21
-3.5843700787401573
0
LINE
8
BLACK
6
CONTINUOUS
10
6.3863385826771655
20
-3.5843700787401573
11
6.3854346062992127
21
-3.5841902755905513
0
LINE
8
BLACK
6
CONTINUOUS
10
6.3854346062992127
20
-3.5841902755905513
11
6.3841561811023624
21
-3.5829118503937005
0
LINE
8
BLACK
6
CONTINUOUS
10
6.3841561811023624
20
-3.5829118503937005
11
6.3841561811023624
21
-3.5811038976377954
0
LINE
8
BLACK
6
CONTINUOUS
10
6.3841561811023624
20
-3.5811038976377954
11
6.3854346062992127
21
-3.5798254724409446
0
LINE
8
BLACK
6
CONTINUOUS
10
6.3854346062992127
20
-3.5798254724409446
11
6.3863385826771655
21
-3.5796456692913385
0
LINE
8
BLACK
6
CONTINUOUS
10
6.3863385826771655
20
-3.5796456692913385
11
6.4414566929133859
21
-3.5796456692913385
0
LINE
8
BLACK
6
CONTINUOUS
10
6.4414566929133859
20
-3.5796456692913385
11
6.4423606692913387
21
-3.5798254724409446
0
LINE
8
BLACK
6
CONTINUOUS
10
5.5584028740157478
20
-3.5693094094488189
11
5.5585826771653544
21
-3.5702133858267717
0
LINE
8
BLACK
6
CONTINUOUS
10
5.5585826771653544
20
-3.5702133858267717
11
5.5585826771653544
21
-3.5812826771653543
0
LINE
8
BLACK
6
CONTINUOUS
10
5.5585826771653544
20
-3.5812826771653543
11
5.5584028740157478
21
-3.5821866535433071
0
LINE
8
BLACK
6
CONTINUOUS
10
5.5584028740157478
20
-3.5821866535433071
11
5.5571244488188976
21
-3.5834650787401574
0
LINE
8
BLACK
6
CONTINUOUS
10
5.5571244488188976
20
-3.5834650787401574
11
5.5553164960629919
21
-3.5834650787401574
0
LINE
8
BLACK
6
CONTINUOUS
10
5.5553164960629919
20
-3.5834650787401574
11
5.5540380708661417
21
-3.5821866535433071
0
LINE
8
BLACK
6
CONTINUOUS
10
5.5540380708661417
20
-3.5821866535433071
11
5.5538582677165351
21
-3.5812826771653543
0
LINE
8
BLACK
6
CONTINUOUS
10
5.5538582677165351
20
-3.5812826771653543
11
5.5538582677165351
21
-3.5702133858267717
0
LINE
8
BLACK
6
CONTINUOUS
10
5.5538582677165351
20
-3.5702133858267717
11
5.5540380708661417
21
-3.5693094094488189
0
LINE
8
BLACK
6
CONTINUOUS
10
5.5540380708661417
20
-3.5693094094488189
11
5.5553164960629919
21
-3.5680309842519686
0
LINE
8
BLACK
6
CONTINUOUS
10
5.5553164960629919
20
-3.5680309842519686
11
5.5571244488188976
21
-3.5680309842519686
0
LINE
8
BLACK
6
CONTINUOUS
10
5.5571244488188976
20
-3.5680309842519686
11
5.5584028740157478
21
-3.5693094094488189
0
LINE
8
BLACK
6
CONTINUOUS
10
5.5985603543307088
20
-3.5693094094488189
11
5.5987401574803144
21
-3.5702133858267717
0
LINE
8
BLACK
6
CONTINUOUS
10
5.5987401574803144
20
-3.5702133858267717
11
5.5987401574803144
21
-3.5812826771653543
0
LINE
8
BLACK
6
CONTINUOUS
10
5.5987401574803144
20
-3.5812826771653543
11
5.5985603543307088
21
-3.5821866535433071
0
LINE
8
BLACK
6
CONTINUOUS
10
5.5985603543307088
20
-3.5821866535433071
11
5.5972819291338585
21
-3.5834650787401574
0
LINE
8
BLACK
6
CONTINUOUS
10
5.5972819291338585
20
-3.5834650787401574
11
5.5954739763779529
21
-3.5834650787401574
0
LINE
8
BLACK
6
CONTINUOUS
10
5.5954739763779529
20
-3.5834650787401574
11
5.5941955511811026
21
-3.5821866535433071
0
LINE
8
BLACK
6
CONTINUOUS
10
5.5941955511811026
20
-3.5821866535433071
11
5.594015748031496
21
-3.5812826771653543
0
LINE
8
BLACK
6
CONTINUOUS
10
5.594015748031496
20
-3.5812826771653543
11
5.594015748031496
21
-3.5702133858267717
0
LINE
8
BLACK
6
CONTINUOUS
10
5.594015748031496
20
-3.5702133858267717
11
5.5941955511811026
21
-3.5693094094488189
0
LINE
8
BLACK
6
CONTINUOUS
10
5.5941955511811026
20
-3.5693094094488189
11
5.5954739763779529
21
-3.5680309842519686
0
LINE
8
BLACK
6
CONTINUOUS
10
5.5954739763779529
20
-3.5680309842519686
11
5.5972819291338585
21
-3.5680309842519686
0
LINE
8
BLACK
6
CONTINUOUS
10
5.5972819291338585
20
-3.5680309842519686
11
5.5985603543307088
21
-3.5693094094488189
0
LINE
8
BLACK
6
CONTINUOUS
10
5.9947421653543307
20
-3.5493733858267715
11
5.995806574803149
21
-3.5498142913385826
0
LINE
8
BLACK
6
CONTINUOUS
10
5.995806574803149
20
-3.5498142913385826
11
5.9966212204724405
21
-3.5506289370078741
0
LINE
8
BLACK
6
CONTINUOUS
10
5.9966212204724405
20
-3.5506289370078741
11
5.997062125984252
21
-3.5516933464566929
0
LINE
8
BLACK
6
CONTINUOUS
10
5.997062125984252
20
-3.5516933464566929
11
5.997118858267716
21
-3.5522694094488187
0
LINE
8
BLACK
6
CONTINUOUS
10
5.997118858267716
20
-3.5522694094488187
11
5.997118858267716
21
-3.5710170472440943
0
LINE
8
BLACK
6
CONTINUOUS
10
5.997118858267716
20
-3.5710170472440943
11
5.997062125984252
21
-3.5715931102362202
0
LINE
8
BLACK
6
CONTINUOUS
10
5.997062125984252
20
-3.5715931102362202
11
5.9966212204724405
21
-3.5726575196850394
0
LINE
8
BLACK
6
CONTINUOUS
10
5.9966212204724405
20
-3.5726575196850394
11
5.995806574803149
21
-3.5734721653543304
0
LINE
8
BLACK
6
CONTINUOUS
10
5.995806574803149
20
-3.5734721653543304
11
5.9947421653543307
21
-3.5739130708661415
0
LINE
8
BLACK
6
CONTINUOUS
10
5.9947421653543307
20
-3.5739130708661415
11
5.9935900393700789
21
-3.5739130708661415
0
LINE
8
BLACK
6
CONTINUOUS
10
5.9935900393700789
20
-3.5739130708661415
11
5.9925256299212597
21
-3.5734721653543304
0
LINE
8
BLACK
6
CONTINUOUS
10
5.9925256299212597
20
-3.5734721653543304
11
5.9917109842519682
21
-3.5726575196850394
0
LINE
8
BLACK
6
CONTINUOUS
10
5.9917109842519682
20
-3.5726575196850394
11
5.9912700787401576
21
-3.5715931102362202
0
LINE
8
BLACK
6
CONTINUOUS
10
5.9912700787401576
20
-3.5715931102362202
11
5.9912133464566928
21
-3.5710170472440943
0
LINE
8
BLACK
6
CONTINUOUS
10
5.9912133464566928
20
-3.5710170472440943
11
5.9912133464566928
21
-3.5552221653543308
0
LINE
8
BLACK
6
CONTINUOUS
10
5.9912133464566928
20
-3.5552221653543308
11
5.9547960236220474
21
-3.5552221653543308
0
LINE
8
BLACK
6
CONTINUOUS
10
5.9547960236220474
20
-3.5552221653543308
11
5.9542199606299215
21
-3.555165433070866
0
LINE
8
BLACK
6
CONTINUOUS
10
5.9542199606299215
20
-3.555165433070866
11
5.9531555511811023
21
-3.5547245275590549
0
LINE
8
BLACK
6
CONTINUOUS
10
5.9531555511811023
20
-3.5547245275590549
11
5.9523409055118108
21
-3.5539098818897639
0
LINE
8
BLACK
6
CONTINUOUS
10
5.9523409055118108
20
-3.5539098818897639
11
5.9519000000000002
21
-3.5528454724409446
0
LINE
8
BLACK
6
CONTINUOUS
10
5.9519000000000002
20
-3.5528454724409446
11
5.9519000000000002
21
-3.5516933464566929
0
LINE
8
BLACK
6
CONTINUOUS
10
5.9519000000000002
20
-3.5516933464566929
11
5.9523409055118108
21
-3.5506289370078741
0
LINE
8
BLACK
6
CONTINUOUS
10
5.9523409055118108
20
-3.5506289370078741
11
5.9531555511811023
21
-3.5498142913385826
0
LINE
8
BLACK
6
CONTINUOUS
10
5.9531555511811023
20
-3.5498142913385826
11
5.9542199606299215
21
-3.5493733858267715
0
LINE
8
BLACK
6
CONTINUOUS
10
5.9542199606299215
20
-3.5493733858267715
11
5.9547960236220474
21
-3.5493166535433072
0
LINE
8
BLACK
6
CONTINUOUS
10
5.9547960236220474
20
-3.5493166535433072
11
5.9941661023622048
21
-3.5493166535433072
0
LINE
8
BLACK
6
CONTINUOUS
10
5.9941661023622048
20
-3.5493166535433072
11
5.9947421653543307
21
-3.5493733858267715
0
LINE
8
BLACK
6
CONTINUOUS
10
5.633402874015748
20
-3.5593094094488187
11
5.6335826771653545
21
-3.5602133858267715
0
LINE
8
BLACK
6
CONTINUOUS
10
5.6335826771653545
20
-3.5602133858267715
11
5.6335826771653545
21
-3.5712826771653541
0
LINE
8
BLACK
6
CONTINUOUS
10
5.6335826771653545
20
-3.5712826771653541
11
5.633402874015748
21
-3.5721866535433069
0
LINE
8
BLACK
6
CONTINUOUS
10
5.633402874015748
20
-3.5721866535433069
11
5.6321244488188977
21
-3.5734650787401576
0
LINE
8
BLACK
6
CONTINUOUS
10
5.6321244488188977
20
-3.5734650787401576
11
5.6303164960629921
21
-3.5734650787401576
0
LINE
8
BLACK
6
CONTINUOUS
10
5.6303164960629921
20
-3.5734650787401576
11
5.6290380708661418
21
-3.5721866535433069
0
LINE
8
BLACK
6
CONTINUOUS
10
5.6290380708661418
20
-3.5721866535433069
11
5.6288582677165353
21
-3.5712826771653541
0
LINE
8
BLACK
6
CONTINUOUS
10
5.6288582677165353
20
-3.5712826771653541
11
5.6288582677165353
21
-3.5602133858267715
0
LINE
8
BLACK
6
CONTINUOUS
10
5.6288582677165353
20
-3.5602133858267715
11
5.6290380708661418
21
-3.5593094094488187
0
LINE
8
BLACK
6
CONTINUOUS
10
5.6290380708661418
20
-3.5593094094488187
11
5.6303164960629921
21
-3.5580309842519684
0
LINE
8
BLACK
6
CONTINUOUS
10
5.6303164960629921
20
-3.5580309842519684
11
5.6321244488188977
21
-3.5580309842519684
0
LINE
8
BLACK
6
CONTINUOUS
10
5.6321244488188977
20
-3.5580309842519684
11
5.633402874015748
21
-3.5593094094488187
0
LINE
8
BLACK
6
CONTINUOUS
10
5.6735603543307089
20
-3.5593094094488187
11
5.6737401574803146
21
-3.5602133858267715
0
LINE
8
BLACK
6
CONTINUOUS
10
5.6737401574803146
20
-3.5602133858267715
11
5.6737401574803146
21
-3.5712826771653541
0
LINE
8
BLACK
6
CONTINUOUS
10
5.6737401574803146
20
-3.5712826771653541
11
5.6735603543307089
21
-3.5721866535433069
0
LINE
8
BLACK
6
CONTINUOUS
10
5.6735603543307089
20
-3.5721866535433069
11
5.6722819291338578
21
-3.5734650787401576
0
LINE
8
BLACK
6
CONTINUOUS
10
5.6722819291338578
20
-3.5734650787401576
11
5.670473976377953
21
-3.5734650787401576
0
LINE
8
BLACK
6
CONTINUOUS
10
5.670473976377953
20
-3.5734650787401576
11
5.6691955511811019
21
-3.5721866535433069
0
LINE
8
BLACK
6
CONTINUOUS
10
5.6691955511811019
20
-3.5721866535433069
11
5.6690157480314962
21
-3.5712826771653541
0
LINE
8
BLACK
6
CONTINUOUS
10
5.6690157480314962
20
-3.5712826771653541
11
5.6690157480314962
21
-3.5602133858267715
0
LINE
8
BLACK
6
CONTINUOUS
10
5.6690157480314962
20
-3.5602133858267715
11
5.6691955511811019
21
-3.5593094094488187
0
LINE
8
BLACK
6
CONTINUOUS
10
5.6691955511811019
20
-3.5593094094488187
11
5.670473976377953
21
-3.5580309842519684
0
LINE
8
BLACK
6
CONTINUOUS
10
5.670473976377953
20
-3.5580309842519684
11
5.6722819291338578
21
-3.5580309842519684
0
LINE
8
BLACK
6
CONTINUOUS
10
5.6722819291338578
20
-3.5580309842519684
11
5.6735603543307089
21
-3.5593094094488187
0
LINE
8
BLACK
6
CONTINUOUS
10
5.7034028740157483
20
-3.5587975984251967
11
5.7035826771653539
21
-3.5597015748031495
0
LINE
8
BLACK
6
CONTINUOUS
10
5.7035826771653539
20
-3.5597015748031495
11
5.7035826771653539
21
-3.5707708661417321
0
LINE
8
BLACK
6
CONTINUOUS
10
5.7035826771653539
20
-3.5707708661417321
11
5.7034028740157483
21
-3.5716748425196849
0
LINE
8
BLACK
6
CONTINUOUS
10
5.7034028740157483
20
-3.5716748425196849
11
5.7021244488188971
21
-3.5729532677165352
0
LINE
8
BLACK
6
CONTINUOUS
10
5.7021244488188971
20
-3.5729532677165352
11
5.7003164960629924
21
-3.5729532677165352
0
LINE
8
BLACK
6
CONTINUOUS
10
5.7003164960629924
20
-3.5729532677165352
11
5.6990380708661412
21
-3.5716748425196849
0
LINE
8
BLACK
6
CONTINUOUS
10
5.6990380708661412
20
-3.5716748425196849
11
5.6988582677165356
21
-3.5707708661417321
0
LINE
8
BLACK
6
CONTINUOUS
10
5.6988582677165356
20
-3.5707708661417321
11
5.6988582677165356
21
-3.5597015748031495
0
LINE
8
BLACK
6
CONTINUOUS
10
5.6988582677165356
20
-3.5597015748031495
11
5.6990380708661412
21
-3.5587975984251967
0
LINE
8
BLACK
6
CONTINUOUS
10
5.6990380708661412
20
-3.5587975984251967
11
5.7003164960629924
21
-3.5575191732283464
0
LINE
8
BLACK
6
CONTINUOUS
10
5.7003164960629924
20
-3.5575191732283464
11
5.7021244488188971
21
-3.5575191732283464
0
LINE
8
BLACK
6
CONTINUOUS
10
5.7021244488188971
20
-3.5575191732283464
11
5.7034028740157483
21
-3.5587975984251967
0
LINE
8
BLACK
6
CONTINUOUS
10
5.7435603543307083
20
-3.5587975984251967
11
5.7437401574803149
21
-3.5597015748031495
0
LINE
8
BLACK
6
CONTINUOUS
10
5.7437401574803149
20
-3.5597015748031495
11
5.7437401574803149
21
-3.5707708661417321
0
LINE
8
BLACK
6
CONTINUOUS
10
5.7437401574803149
20
-3.5707708661417321
11
5.7435603543307083
21
-3.5716748425196849
0
LINE
8
BLACK
6
CONTINUOUS
10
5.7435603543307083
20
-3.5716748425196849
11
5.742281929133858
21
-3.5729532677165352
0
LINE
8
BLACK
6
CONTINUOUS
10
5.742281929133858
20
-3.5729532677165352
11
5.7404739763779524
21
-3.5729532677165352
0
LINE
8
BLACK
6
CONTINUOUS
10
5.7404739763779524
20
-3.5729532677165352
11
5.7391955511811021
21
-3.5716748425196849
0
LINE
8
BLACK
6
CONTINUOUS
10
5.7391955511811021
20
-3.5716748425196849
11
5.7390157480314956
21
-3.5707708661417321
0
LINE
8
BLACK
6
CONTINUOUS
10
5.7390157480314956
20
-3.5707708661417321
11
5.7390157480314956
21
-3.5597015748031495
0
LINE
8
BLACK
6
CONTINUOUS
10
5.7390157480314956
20
-3.5597015748031495
11
5.7391955511811021
21
-3.5587975984251967
0
LINE
8
BLACK
6
CONTINUOUS
10
5.7391955511811021
20
-3.5587975984251967
11
5.7404739763779524
21
-3.5575191732283464
0
LINE
8
BLACK
6
CONTINUOUS
10
5.7404739763779524
20
-3.5575191732283464
11
5.742281929133858
21
-3.5575191732283464
0
LINE
8
BLACK
6
CONTINUOUS
10
5.742281929133858
20
-3.5575191732283464
11
5.7435603543307083
21
-3.5587975984251967
0
LINE
8
BLACK
6
CONTINUOUS
10
6.1056579921259839
20
-3.5356128740157478
11
6.1069364173228342
21
-3.5368912992125985
0
LINE
8
BLACK
6
CONTINUOUS
10
6.1069364173228342
20
-3.5368912992125985
11
6.1069364173228342
21
-3.5386992519685037
0
LINE
8
BLACK
6
CONTINUOUS
10
6.1069364173228342
20
-3.5386992519685037
11
6.1056579921259839
21
-3.5399776771653544
0
LINE
8
BLACK
6
CONTINUOUS
10
6.1056579921259839
20
-3.5399776771653544
11
6.1047540157480311
21
-3.5401574803149605
0
LINE
8
BLACK
6
CONTINUOUS
10
6.1047540157480311
20
-3.5401574803149605
11
6.0841829921259842
21
-3.5401574803149605
0
LINE
8
BLACK
6
CONTINUOUS
10
6.0841829921259842
20
-3.5401574803149605
11
6.0832790157480314
21
-3.5399776771653544
0
LINE
8
BLACK
6
CONTINUOUS
10
6.0832790157480314
20
-3.5399776771653544
11
6.0820005905511811
21
-3.5386992519685037
0
LINE
8
BLACK
6
CONTINUOUS
10
6.0820005905511811
20
-3.5386992519685037
11
6.0820005905511811
21
-3.5368912992125985
0
LINE
8
BLACK
6
CONTINUOUS
10
6.0820005905511811
20
-3.5368912992125985
11
6.0832790157480314
21
-3.5356128740157478
0
LINE
8
BLACK
6
CONTINUOUS
10
6.0832790157480314
20
-3.5356128740157478
11
6.0841829921259842
21
-3.5354330708661417
0
LINE
8
BLACK
6
CONTINUOUS
10
6.0841829921259842
20
-3.5354330708661417
11
6.1047540157480311
21
-3.5354330708661417
0
LINE
8
BLACK
6
CONTINUOUS
10
6.1047540157480311
20
-3.5354330708661417
11
6.1056579921259839
21
-3.5356128740157478
0
LINE
8
BLACK
6
CONTINUOUS
10
5.295087125984252
20
-3.5296286220472441
11
5.2963655511811023
21
-3.5309070472440944
0
LINE
8
BLACK
6
CONTINUOUS
10
5.2963655511811023
20
-3.5309070472440944
11
5.2963655511811023
21
-3.532715
0
LINE
8
BLACK
6
CONTINUOUS
10
5.2963655511811023
20
-3.532715
11
5.295087125984252
21
-3.5339934251968503
0
LINE
8
BLACK
6
CONTINUOUS
10
5.295087125984252
20
-3.5339934251968503
11
5.2941831496062992
21
-3.5341732283464564
0
LINE
8
BLACK
6
CONTINUOUS
10
5.2941831496062992
20
-3.5341732283464564
11
5.2736121259842514
21
-3.5341732283464564
0
LINE
8
BLACK
6
CONTINUOUS
10
5.2736121259842514
20
-3.5341732283464564
11
5.2727081496062995
21
-3.5339934251968503
0
LINE
8
BLACK
6
CONTINUOUS
10
5.2727081496062995
20
-3.5339934251968503
11
5.2714297244094483
21
-3.532715
0
LINE
8
BLACK
6
CONTINUOUS
10
5.2714297244094483
20
-3.532715
11
5.2714297244094483
21
-3.5309070472440944
0
LINE
8
BLACK
6
CONTINUOUS
10
5.2714297244094483
20
-3.5309070472440944
11
5.2727081496062995
21
-3.5296286220472441
0
LINE
8
BLACK
6
CONTINUOUS
10
5.2727081496062995
20
-3.5296286220472441
11
5.2736121259842514
21
-3.5294488188976376
0
LINE
8
BLACK
6
CONTINUOUS
10
5.2736121259842514
20
-3.5294488188976376
11
5.2941831496062992
21
-3.5294488188976376
0
LINE
8
BLACK
6
CONTINUOUS
10
5.2941831496062992
20
-3.5294488188976376
11
5.295087125984252
21
-3.5296286220472441
0
LINE
8
BLACK
6
CONTINUOUS
10
6.1822260236220474
20
-3.5136443700787399
11
6.1835044488188977
21
-3.5149227952755906
0
LINE
8
BLACK
6
CONTINUOUS
10
6.1835044488188977
20
-3.5149227952755906
11
6.1835044488188977
21
-3.5167307480314958
0
LINE
8
BLACK
6
CONTINUOUS
10
6.1835044488188977
20
-3.5167307480314958
11
6.1822260236220474
21
-3.5180091732283465
0
LINE
8
BLACK
6
CONTINUOUS
10
6.1822260236220474
20
-3.5180091732283465
11
6.1813220472440946
21
-3.5181889763779526
0
LINE
8
BLACK
6
CONTINUOUS
10
6.1813220472440946
20
-3.5181889763779526
11
6.170252755905512
21
-3.5181889763779526
0
LINE
8
BLACK
6
CONTINUOUS
10
6.170252755905512
20
-3.5181889763779526
11
6.1693487795275592
21
-3.5180091732283465
0
LINE
8
BLACK
6
CONTINUOUS
10
6.1693487795275592
20
-3.5180091732283465
11
6.1680703543307089
21
-3.5167307480314958
0
LINE
8
BLACK
6
CONTINUOUS
10
6.1680703543307089
20
-3.5167307480314958
11
6.1680703543307089
21
-3.5149227952755906
0
LINE
8
BLACK
6
CONTINUOUS
10
6.1680703543307089
20
-3.5149227952755906
11
6.1693487795275592
21
-3.5136443700787399
0
LINE
8
BLACK
6
CONTINUOUS
10
6.1693487795275592
20
-3.5136443700787399
11
6.170252755905512
21
-3.5134645669291338
0
LINE
8
BLACK
6
CONTINUOUS
10
6.170252755905512
20
-3.5134645669291338
11
6.1813220472440946
21
-3.5134645669291338
0
LINE
8
BLACK
6
CONTINUOUS
10
6.1813220472440946
20
-3.5134645669291338
11
6.1822260236220474
21
-3.5136443700787399
0
LINE
8
BLACK
6
CONTINUOUS
10
5.2772260236220472
20
-3.48864437007874
11
5.2785044488188975
21
-3.4899227952755907
0
LINE
8
BLACK
6
CONTINUOUS
10
5.2785044488188975
20
-3.4899227952755907
11
5.2785044488188975
21
-3.4917307480314959
0
LINE
8
BLACK
6
CONTINUOUS
10
5.2785044488188975
20
-3.4917307480314959
11
5.2772260236220472
21
-3.4930091732283466
0
LINE
8
BLACK
6
CONTINUOUS
10
5.2772260236220472
20
-3.4930091732283466
11
5.2763220472440944
21
-3.4931889763779527
0
LINE
8
BLACK
6
CONTINUOUS
10
5.2763220472440944
20
-3.4931889763779527
11
5.2652527559055118
21
-3.4931889763779527
0
LINE
8
BLACK
6
CONTINUOUS
10
5.2652527559055118
20
-3.4931889763779527
11
5.264348779527559
21
-3.4930091732283466
0
LINE
8
BLACK
6
CONTINUOUS
10
5.264348779527559
20
-3.4930091732283466
11
5.2630703543307087
21
-3.4917307480314959
0
LINE
8
BLACK
6
CONTINUOUS
10
5.2630703543307087
20
-3.4917307480314959
11
5.2630703543307087
21
-3.4899227952755907
0
LINE
8
BLACK
6
CONTINUOUS
10
5.2630703543307087
20
-3.4899227952755907
11
5.264348779527559
21
-3.48864437007874
0
LINE
8
BLACK
6
CONTINUOUS
10
5.264348779527559
20
-3.48864437007874
11
5.2652527559055118
21
-3.4884645669291339
0
LINE
8
BLACK
6
CONTINUOUS
10
5.2652527559055118
20
-3.4884645669291339
11
5.2763220472440944
21
-3.4884645669291339
0
LINE
8
BLACK
6
CONTINUOUS
10
5.2763220472440944
20
-3.4884645669291339
11
5.2772260236220472
21
-3.48864437007874
0
LINE
8
BLACK
6
CONTINUOUS
10
6.4620457086614174
20
-3.4884868897637795
11
6.4633241338582677
21
-3.4897653149606298
0
LINE
8
BLACK
6
CONTINUOUS
10
6.4633241338582677
20
-3.4897653149606298
11
6.4633241338582677
21
-3.4915732677165354
0
LINE
8
BLACK
6
CONTINUOUS
10
6.4633241338582677
20
-3.4915732677165354
11
6.4620457086614174
21
-3.4928516929133857
0
LINE
8
BLACK
6
CONTINUOUS
10
6.4620457086614174
20
-3.4928516929133857
11
6.4611417322834646
21
-3.4930314960629922
0
LINE
8
BLACK
6
CONTINUOUS
10
6.4611417322834646
20
-3.4930314960629922
11
6.3863385826771655
21
-3.4930314960629922
0
LINE
8
BLACK
6
CONTINUOUS
10
6.3863385826771655
20
-3.4930314960629922
11
6.3854346062992127
21
-3.4928516929133857
0
LINE
8
BLACK
6
CONTINUOUS
10
6.3854346062992127
20
-3.4928516929133857
11
6.3841561811023624
21
-3.4915732677165354
0
LINE
8
BLACK
6
CONTINUOUS
10
6.3841561811023624
20
-3.4915732677165354
11
6.3841561811023624
21
-3.4897653149606298
0
LINE
8
BLACK
6
CONTINUOUS
10
6.3841561811023624
20
-3.4897653149606298
11
6.3854346062992127
21
-3.4884868897637795
0
LINE
8
BLACK
6
CONTINUOUS
10
6.3854346062992127
20
-3.4884868897637795
11
6.3863385826771655
21
-3.488307086614173
0
LINE
8
BLACK
6
CONTINUOUS
10
6.3863385826771655
20
-3.488307086614173
11
6.4611417322834646
21
-3.488307086614173
0
LINE
8
BLACK
6
CONTINUOUS
10
6.4611417322834646
20
-3.488307086614173
11
6.4620457086614174
21
-3.4884868897637795
0
LINE
8
BLACK
6
CONTINUOUS
10
6.2784028740157476
20
-3.4763094094488189
11
6.2785826771653541
21
-3.4772133858267718
0
LINE
8
BLACK
6
CONTINUOUS
10
6.2785826771653541
20
-3.4772133858267718
11
6.2785826771653541
21
-3.4882826771653543
0
LINE
8
BLACK
6
CONTINUOUS
10
6.2785826771653541
20
-3.4882826771653543
11
6.2784028740157476
21
-3.4891866535433071
0
LINE
8
BLACK
6
CONTINUOUS
10
6.2784028740157476
20
-3.4891866535433071
11
6.2771244488188973
21
-3.4904650787401574
0
LINE
8
BLACK
6
CONTINUOUS
10
6.2771244488188973
20
-3.4904650787401574
11
6.2753164960629917
21
-3.4904650787401574
0
LINE
8
BLACK
6
CONTINUOUS
10
6.2753164960629917
20
-3.4904650787401574
11
6.2740380708661414
21
-3.4891866535433071
0
LINE
8
BLACK
6
CONTINUOUS
10
6.2740380708661414
20
-3.4891866535433071
11
6.2738582677165349
21
-3.4882826771653543
0
LINE
8
BLACK
6
CONTINUOUS
10
6.2738582677165349
20
-3.4882826771653543
11
6.2738582677165349
21
-3.4772133858267718
0
LINE
8
BLACK
6
CONTINUOUS
10
6.2738582677165349
20
-3.4772133858267718
11
6.2740380708661414
21
-3.4763094094488189
0
LINE
8
BLACK
6
CONTINUOUS
10
6.2740380708661414
20
-3.4763094094488189
11
6.2753164960629917
21
-3.4750309842519682
0
LINE
8
BLACK
6
CONTINUOUS
10
6.2753164960629917
20
-3.4750309842519682
11
6.2771244488188973
21
-3.4750309842519682
0
LINE
8
BLACK
6
CONTINUOUS
10
6.2771244488188973
20
-3.4750309842519682
11
6.2784028740157476
21
-3.4763094094488189
0
LINE
8
BLACK
6
CONTINUOUS
10
6.3185603543307085
20
-3.4763094094488189
11
6.318740157480315
21
-3.4772133858267718
0
LINE
8
BLACK
6
CONTINUOUS
10
6.318740157480315
20
-3.4772133858267718
11
6.318740157480315
21
-3.4882826771653543
0
LINE
8
BLACK
6
CONTINUOUS
10
6.318740157480315
20
-3.4882826771653543
11
6.3185603543307085
21
-3.4891866535433071
0
LINE
8
BLACK
6
CONTINUOUS
10
6.3185603543307085
20
-3.4891866535433071
11
6.3172819291338582
21
-3.4904650787401574
0
LINE
8
BLACK
6
CONTINUOUS
10
6.3172819291338582
20
-3.4904650787401574
11
6.3154739763779526
21
-3.4904650787401574
0
LINE
8
BLACK
6
CONTINUOUS
10
6.3154739763779526
20
-3.4904650787401574
11
6.3141955511811023
21
-3.4891866535433071
0
LINE
8
BLACK
6
CONTINUOUS
10
6.3141955511811023
20
-3.4891866535433071
11
6.3140157480314958
21
-3.4882826771653543
0
LINE
8
BLACK
6
CONTINUOUS
10
6.3140157480314958
20
-3.4882826771653543
11
6.3140157480314958
21
-3.4772133858267718
0
LINE
8
BLACK
6
CONTINUOUS
10
6.3140157480314958
20
-3.4772133858267718
11
6.3141955511811023
21
-3.4763094094488189
0
LINE
8
BLACK
6
CONTINUOUS
10
6.3141955511811023
20
-3.4763094094488189
11
6.3154739763779526
21
-3.4750309842519682
0
LINE
8
BLACK
6
CONTINUOUS
10
6.3154739763779526
20
-3.4750309842519682
11
6.3172819291338582
21
-3.4750309842519682
0
LINE
8
BLACK
6
CONTINUOUS
10
6.3172819291338582
20
-3.4750309842519682
11
6.3185603543307085
21
-3.4763094094488189
0
LINE
8
BLACK
6
CONTINUOUS
10
6.1822260236220474
20
-3.4734868897637794
11
6.1835044488188977
21
-3.4747653149606297
0
LINE
8
BLACK
6
CONTINUOUS
10
6.1835044488188977
20
-3.4747653149606297
11
6.1835044488188977
21
-3.4765732677165353
0
LINE
8
BLACK
6
CONTINUOUS
10
6.1835044488188977
20
-3.4765732677165353
11
6.1822260236220474
21
-3.4778516929133856
0
LINE
8
BLACK
6
CONTINUOUS
10
6.1822260236220474
20
-3.4778516929133856
11
6.1813220472440946
21
-3.4780314960629921
0
LINE
8
BLACK
6
CONTINUOUS
10
6.1813220472440946
20
-3.4780314960629921
11
6.170252755905512
21
-3.4780314960629921
0
LINE
8
BLACK
6
CONTINUOUS
10
6.170252755905512
20
-3.4780314960629921
11
6.1693487795275592
21
-3.4778516929133856
0
LINE
8
BLACK
6
CONTINUOUS
10
6.1693487795275592
20
-3.4778516929133856
11
6.1680703543307089
21
-3.4765732677165353
0
LINE
8
BLACK
6
CONTINUOUS
10
6.1680703543307089
20
-3.4765732677165353
11
6.1680703543307089
21
-3.4747653149606297
0
LINE
8
BLACK
6
CONTINUOUS
10
6.1680703543307089
20
-3.4747653149606297
11
6.1693487795275592
21
-3.4734868897637794
0
LINE
8
BLACK
6
CONTINUOUS
10
6.1693487795275592
20
-3.4734868897637794
11
6.170252755905512
21
-3.4733070866141733
0
LINE
8
BLACK
6
CONTINUOUS
10
6.170252755905512
20
-3.4733070866141733
11
6.1813220472440946
21
-3.4733070866141733
0
LINE
8
BLACK
6
CONTINUOUS
10
6.1813220472440946
20
-3.4733070866141733
11
6.1822260236220474
21
-3.4734868897637794
0
LINE
8
BLACK
6
CONTINUOUS
10
6.0334028740157475
20
-3.4543094094488187
11
6.033582677165354
21
-3.4552133858267715
0
LINE
8
BLACK
6
CONTINUOUS
10
6.033582677165354
20
-3.4552133858267715
11
6.033582677165354
21
-3.4662826771653541
0
LINE
8
BLACK
6
CONTINUOUS
10
6.033582677165354
20
-3.4662826771653541
11
6.0334028740157475
21
-3.4671866535433069
0
LINE
8
BLACK
6
CONTINUOUS
10
6.0334028740157475
20
-3.4671866535433069
11
6.0321244488188972
21
-3.4684650787401572
0
LINE
8
BLACK
6
CONTINUOUS
10
6.0321244488188972
20
-3.4684650787401572
11
6.0303164960629916
21
-3.4684650787401572
0
LINE
8
BLACK
6
CONTINUOUS
10
6.0303164960629916
20
-3.4684650787401572
11
6.0290380708661413
21
-3.4671866535433069
0
LINE
8
BLACK
6
CONTINUOUS
10
6.0290380708661413
20
-3.4671866535433069
11
6.0288582677165357
21
-3.4662826771653541
0
LINE
8
BLACK
6
CONTINUOUS
10
6.0288582677165357
20
-3.4662826771653541
11
6.0288582677165357
21
-3.4552133858267715
0
LINE
8
BLACK
6
CONTINUOUS
10
6.0288582677165357
20
-3.4552133858267715
11
6.0290380708661413
21
-3.4543094094488187
0
LINE
8
BLACK
6
CONTINUOUS
10
6.0290380708661413
20
-3.4543094094488187
11
6.0303164960629916
21
-3.4530309842519684
0
LINE
8
BLACK
6
CONTINUOUS
10
6.0303164960629916
20
-3.4530309842519684
11
6.0321244488188972
21
-3.4530309842519684
0
LINE
8
BLACK
6
CONTINUOUS
10
6.0321244488188972
20
-3.4530309842519684
11
6.0334028740157475
21
-3.4543094094488187
0
LINE
8
BLACK
6
CONTINUOUS
10
6.0735603543307084
20
-3.4543094094488187
11
6.0737401574803149
21
-3.4552133858267715
0
LINE
8
BLACK
6
CONTINUOUS
10
6.0737401574803149
20
-3.4552133858267715
11
6.0737401574803149
21
-3.4662826771653541
0
LINE
8
BLACK
6
CONTINUOUS
10
6.0737401574803149
20
-3.4662826771653541
11
6.0735603543307084
21
-3.4671866535433069
0
LINE
8
BLACK
6
CONTINUOUS
10
6.0735603543307084
20
-3.4671866535433069
11
6.0722819291338581
21
-3.4684650787401572
0
LINE
8
BLACK
6
CONTINUOUS
10
6.0722819291338581
20
-3.4684650787401572
11
6.0704739763779525
21
-3.4684650787401572
0
LINE
8
BLACK
6
CONTINUOUS
10
6.0704739763779525
20
-3.4684650787401572
11
6.0691955511811022
21
-3.4671866535433069
0
LINE
8
BLACK
6
CONTINUOUS
10
6.0691955511811022
20
-3.4671866535433069
11
6.0690157480314957
21
-3.4662826771653541
0
LINE
8
BLACK
6
CONTINUOUS
10
6.0690157480314957
20
-3.4662826771653541
11
6.0690157480314957
21
-3.4552133858267715
0
LINE
8
BLACK
6
CONTINUOUS
10
6.0690157480314957
20
-3.4552133858267715
11
6.0691955511811022
21
-3.4543094094488187
0
LINE
8
BLACK
6
CONTINUOUS
10
6.0691955511811022
20
-3.4543094094488187
11
6.0704739763779525
21
-3.4530309842519684
0
LINE
8
BLACK
6
CONTINUOUS
10
6.0704739763779525
20
-3.4530309842519684
11
6.0722819291338581
21
-3.4530309842519684
0
LINE
8
BLACK
6
CONTINUOUS
10
6.0722819291338581
20
-3.4530309842519684
11
6.0735603543307084
21
-3.4543094094488187
0
LINE
8
BLACK
6
CONTINUOUS
10
6.1822260236220474
20
-3.4486443700787399
11
6.1835044488188977
21
-3.4499227952755906
0
LINE
8
BLACK
6
CONTINUOUS
10
6.1835044488188977
20
-3.4499227952755906
11
6.1835044488188977
21
-3.4517307480314958
0
LINE
8
BLACK
6
CONTINUOUS
10
6.1835044488188977
20
-3.4517307480314958
11
6.1822260236220474
21
-3.4530091732283466
0
LINE
8
BLACK
6
CONTINUOUS
10
6.1822260236220474
20
-3.4530091732283466
11
6.1813220472440946
21
-3.4531889763779526
0
LINE
8
BLACK
6
CONTINUOUS
10
6.1813220472440946
20
-3.4531889763779526
11
6.170252755905512
21
-3.4531889763779526
0
LINE
8
BLACK
6
CONTINUOUS
10
6.170252755905512
20
-3.4531889763779526
11
6.1693487795275592
21
-3.4530091732283466
0
LINE
8
BLACK
6
CONTINUOUS
10
6.1693487795275592
20
-3.4530091732283466
11
6.1680703543307089
21
-3.4517307480314958
0
LINE
8
BLACK
6
CONTINUOUS
10
6.1680703543307089
20
-3.4517307480314958
11
6.1680703543307089
21
-3.4499227952755906
0
LINE
8
BLACK
6
CONTINUOUS
10
6.1680703543307089
20
-3.4499227952755906
11
6.1693487795275592
21
-3.4486443700787399
0
LINE
8
BLACK
6
CONTINUOUS
10
6.1693487795275592
20
-3.4486443700787399
11
6.170252755905512
21
-3.4484645669291338
0
LINE
8
BLACK
6
CONTINUOUS
10
6.170252755905512
20
-3.4484645669291338
11
6.1813220472440946
21
-3.4484645669291338
0
LINE
8
BLACK
6
CONTINUOUS
10
6.1813220472440946
20
-3.4484645669291338
11
6.1822260236220474
21
-3.4486443700787399
0
LINE
8
BLACK
6
CONTINUOUS
10
5.2772260236220472
20
-3.4484868897637795
11
5.2785044488188975
21
-3.4497653149606298
0
LINE
8
BLACK
6
CONTINUOUS
10
5.2785044488188975
20
-3.4497653149606298
11
5.2785044488188975
21
-3.4515732677165354
0
LINE
8
BLACK
6
CONTINUOUS
10
5.2785044488188975
20
-3.4515732677165354
11
5.2772260236220472
21
-3.4528516929133857
0
LINE
8
BLACK
6
CONTINUOUS
10
5.2772260236220472
20
-3.4528516929133857
11
5.2763220472440944
21
-3.4530314960629922
0
LINE
8
BLACK
6
CONTINUOUS
10
5.2763220472440944
20
-3.4530314960629922
11
5.2652527559055118
21
-3.4530314960629922
0
LINE
8
BLACK
6
CONTINUOUS
10
5.2652527559055118
20
-3.4530314960629922
11
5.264348779527559
21
-3.4528516929133857
0
LINE
8
BLACK
6
CONTINUOUS
10
5.264348779527559
20
-3.4528516929133857
11
5.2630703543307087
21
-3.4515732677165354
0
LINE
8
BLACK
6
CONTINUOUS
10
5.2630703543307087
20
-3.4515732677165354
11
5.2630703543307087
21
-3.4497653149606298
0
LINE
8
BLACK
6
CONTINUOUS
10
5.2630703543307087
20
-3.4497653149606298
11
5.264348779527559
21
-3.4484868897637795
0
LINE
8
BLACK
6
CONTINUOUS
10
5.264348779527559
20
-3.4484868897637795
11
5.2652527559055118
21
-3.448307086614173
0
LINE
8
BLACK
6
CONTINUOUS
10
5.2652527559055118
20
-3.448307086614173
11
5.2763220472440944
21
-3.448307086614173
0
LINE
8
BLACK
6
CONTINUOUS
10
5.2763220472440944
20
-3.448307086614173
11
5.2772260236220472
21
-3.4484868897637795
0
LINE
8
BLACK
6
CONTINUOUS
10
5.4010406692913389
20
-3.4238991732283464
11
5.4012204724409445
21
-3.4248031496062992
0
LINE
8
BLACK
6
CONTINUOUS
10
5.4012204724409445
20
-3.4248031496062992
11
5.4012204724409445
21
-3.4411417322834645
0
LINE
8
BLACK
6
CONTINUOUS
10
5.4012204724409445
20
-3.4411417322834645
11
5.4175590551181099
21
-3.4411417322834645
0
LINE
8
BLACK
6
CONTINUOUS
10
5.4175590551181099
20
-3.4411417322834645
11
5.4184630314960627
21
-3.4413215354330706
0
LINE
8
BLACK
6
CONTINUOUS
10
5.4184630314960627
20
-3.4413215354330706
11
5.419741456692913
21
-3.4425999606299214
0
LINE
8
BLACK
6
CONTINUOUS
10
5.419741456692913
20
-3.4425999606299214
11
5.419741456692913
21
-3.4444079133858265
0
LINE
8
BLACK
6
CONTINUOUS
10
5.419741456692913
20
-3.4444079133858265
11
5.4184630314960627
21
-3.4456863385826773
0
LINE
8
BLACK
6
CONTINUOUS
10
5.4184630314960627
20
-3.4456863385826773
11
5.4175590551181099
21
-3.4458661417322833
0
LINE
8
BLACK
6
CONTINUOUS
10
5.4175590551181099
20
-3.4458661417322833
11
5.3988582677165349
21
-3.4458661417322833
0
LINE
8
BLACK
6
CONTINUOUS
10
5.3988582677165349
20
-3.4458661417322833
11
5.397954291338583
21
-3.4456863385826773
0
LINE
8
BLACK
6
CONTINUOUS
10
5.397954291338583
20
-3.4456863385826773
11
5.3966758661417318
21
-3.4444079133858265
0
LINE
8
BLACK
6
CONTINUOUS
10
5.3966758661417318
20
-3.4444079133858265
11
5.3964960629921261
21
-3.4435039370078737
0
LINE
8
BLACK
6
CONTINUOUS
10
5.3964960629921261
20
-3.4435039370078737
11
5.3964960629921261
21
-3.4248031496062992
0
LINE
8
BLACK
6
CONTINUOUS
10
5.3964960629921261
20
-3.4248031496062992
11
5.3966758661417318
21
-3.4238991732283464
0
LINE
8
BLACK
6
CONTINUOUS
10
5.3966758661417318
20
-3.4238991732283464
11
5.397954291338583
21
-3.4226207480314961
0
LINE
8
BLACK
6
CONTINUOUS
10
5.397954291338583
20
-3.4226207480314961
11
5.3997622440944877
21
-3.4226207480314961
0
LINE
8
BLACK
6
CONTINUOUS
10
5.3997622440944877
20
-3.4226207480314961
11
5.4010406692913389
21
-3.4238991732283464
0
LINE
8
BLACK
6
CONTINUOUS
10
5.6459225590551183
20
-3.4238991732283464
11
5.6461023622047239
21
-3.4248031496062992
0
LINE
8
BLACK
6
CONTINUOUS
10
5.6461023622047239
20
-3.4248031496062992
11
5.6461023622047239
21
-3.4435039370078737
0
LINE
8
BLACK
6
CONTINUOUS
10
5.6461023622047239
20
-3.4435039370078737
11
5.6459225590551183
21
-3.4444079133858265
0
LINE
8
BLACK
6
CONTINUOUS
10
5.6459225590551183
20
-3.4444079133858265
11
5.644644133858268
21
-3.4456863385826773
0
LINE
8
BLACK
6
CONTINUOUS
10
5.644644133858268
20
-3.4456863385826773
11
5.6437401574803152
21
-3.4458661417322833
0
LINE
8
BLACK
6
CONTINUOUS
10
5.6437401574803152
20
-3.4458661417322833
11
5.6250393700787402
21
-3.4458661417322833
0
LINE
8
BLACK
6
CONTINUOUS
10
5.6250393700787402
20
-3.4458661417322833
11
5.6241353937007874
21
-3.4456863385826773
0
LINE
8
BLACK
6
CONTINUOUS
10
5.6241353937007874
20
-3.4456863385826773
11
5.6228569685039371
21
-3.4444079133858265
0
LINE
8
BLACK
6
CONTINUOUS
10
5.6228569685039371
20
-3.4444079133858265
11
5.6228569685039371
21
-3.4425999606299214
0
LINE
8
BLACK
6
CONTINUOUS
10
5.6228569685039371
20
-3.4425999606299214
11
5.6241353937007874
21
-3.4413215354330706
0
LINE
8
BLACK
6
CONTINUOUS
10
5.6241353937007874
20
-3.4413215354330706
11
5.6250393700787402
21
-3.4411417322834645
0
LINE
8
BLACK
6
CONTINUOUS
10
5.6250393700787402
20
-3.4411417322834645
11
5.6413779527559056
21
-3.4411417322834645
0
LINE
8
BLACK
6
CONTINUOUS
10
5.6413779527559056
20
-3.4411417322834645
11
5.6413779527559056
21
-3.4248031496062992
0
LINE
8
BLACK
6
CONTINUOUS
10
5.6413779527559056
20
-3.4248031496062992
11
5.6415577559055121
21
-3.4238991732283464
0
LINE
8
BLACK
6
CONTINUOUS
10
5.6415577559055121
20
-3.4238991732283464
11
5.6428361811023624
21
-3.4226207480314961
0
LINE
8
BLACK
6
CONTINUOUS
10
5.6428361811023624
20
-3.4226207480314961
11
5.644644133858268
21
-3.4226207480314961
0
LINE
8
BLACK
6
CONTINUOUS
10
5.644644133858268
20
-3.4226207480314961
11
5.6459225590551183
21
-3.4238991732283464
0
LINE
8
BLACK
6
CONTINUOUS
10
5.8648581102362201
20
-3.4293619291338584
11
5.8726853149606297
21
-3.4371890944881889
0
LINE
8
BLACK
6
CONTINUOUS
10
5.8726853149606297
20
-3.4371890944881889
11
5.873197401574803
21
-3.4379554724409447
0
LINE
8
BLACK
6
CONTINUOUS
10
5.873197401574803
20
-3.4379554724409447
11
5.873197401574803
21
-3.4397634251968503
0
LINE
8
BLACK
6
CONTINUOUS
10
5.873197401574803
20
-3.4397634251968503
11
5.8719189763779527
21
-3.4410418503937006
0
LINE
8
BLACK
6
CONTINUOUS
10
5.8719189763779527
20
-3.4410418503937006
11
5.8701110236220471
21
-3.4410418503937006
0
LINE
8
BLACK
6
CONTINUOUS
10
5.8701110236220471
20
-3.4410418503937006
11
5.8693446456692913
21
-3.4405297637795274
0
LINE
8
BLACK
6
CONTINUOUS
10
5.8693446456692913
20
-3.4405297637795274
11
5.8615174803149603
21
-3.4327025590551181
0
LINE
8
BLACK
6
CONTINUOUS
10
5.8615174803149603
20
-3.4327025590551181
11
5.8610053937007871
21
-3.4319362204724411
0
LINE
8
BLACK
6
CONTINUOUS
10
5.8610053937007871
20
-3.4319362204724411
11
5.8610053937007871
21
-3.4301282677165355
0
LINE
8
BLACK
6
CONTINUOUS
10
5.8610053937007871
20
-3.4301282677165355
11
5.8622838188976374
21
-3.4288498425196852
0
LINE
8
BLACK
6
CONTINUOUS
10
5.8622838188976374
20
-3.4288498425196852
11
5.864091771653543
21
-3.4288498425196852
0
LINE
8
BLACK
6
CONTINUOUS
10
5.864091771653543
20
-3.4288498425196852
11
5.8648581102362201
21
-3.4293619291338584
0
LINE
8
BLACK
6
CONTINUOUS
10
5.7415288582677162
20
-3.4115585433070867
11
5.7417086614173227
21
-3.4124625196850391
0
LINE
8
BLACK
6
CONTINUOUS
10
5.7417086614173227
20
-3.4124625196850391
11
5.7417086614173227
21
-3.4330335433070864
0
LINE
8
BLACK
6
CONTINUOUS
10
5.7417086614173227
20
-3.4330335433070864
11
5.7415288582677162
21
-3.4339375196850392
0
LINE
8
BLACK
6
CONTINUOUS
10
5.7415288582677162
20
-3.4339375196850392
11
5.7402504330708659
21
-3.4352159448818895
0
LINE
8
BLACK
6
CONTINUOUS
10
5.7402504330708659
20
-3.4352159448818895
11
5.7384424803149603
21
-3.4352159448818895
0
LINE
8
BLACK
6
CONTINUOUS
10
5.7384424803149603
20
-3.4352159448818895
11
5.73716405511811
21
-3.4339375196850392
0
LINE
8
BLACK
6
CONTINUOUS
10
5.73716405511811
20
-3.4339375196850392
11
5.7369842519685035
21
-3.4330335433070864
0
LINE
8
BLACK
6
CONTINUOUS
10
5.7369842519685035
20
-3.4330335433070864
11
5.7369842519685035
21
-3.4124625196850391
0
LINE
8
BLACK
6
CONTINUOUS
10
5.7369842519685035
20
-3.4124625196850391
11
5.73716405511811
21
-3.4115585433070867
0
LINE
8
BLACK
6
CONTINUOUS
10
5.73716405511811
20
-3.4115585433070867
11
5.7384424803149603
21
-3.410280118110236
0
LINE
8
BLACK
6
CONTINUOUS
10
5.7384424803149603
20
-3.410280118110236
11
5.7402504330708659
21
-3.410280118110236
0
LINE
8
BLACK
6
CONTINUOUS
10
5.7402504330708659
20
-3.410280118110236
11
5.7415288582677162
21
-3.4115585433070867
0
LINE
8
BLACK
6
CONTINUOUS
10
5.7974343700787401
20
-3.4115585433070867
11
5.7976141732283466
21
-3.4124625196850391
0
LINE
8
BLACK
6
CONTINUOUS
10
5.7976141732283466
20
-3.4124625196850391
11
5.7976141732283466
21
-3.4330335433070864
0
LINE
8
BLACK
6
CONTINUOUS
10
5.7976141732283466
20
-3.4330335433070864
11
5.7974343700787401
21
-3.4339375196850392
0
LINE
8
BLACK
6
CONTINUOUS
10
5.7974343700787401
20
-3.4339375196850392
11
5.7961559448818898
21
-3.4352159448818895
0
LINE
8
BLACK
6
CONTINUOUS
10
5.7961559448818898
20
-3.4352159448818895
11
5.7943479921259842
21
-3.4352159448818895
0
LINE
8
BLACK
6
CONTINUOUS
10
5.7943479921259842
20
-3.4352159448818895
11
5.7930695669291339
21
-3.4339375196850392
0
LINE
8
BLACK
6
CONTINUOUS
10
5.7930695669291339
20
-3.4339375196850392
11
5.7928897637795274
21
-3.4330335433070864
0
LINE
8
BLACK
6
CONTINUOUS
10
5.7928897637795274
20
-3.4330335433070864
11
5.7928897637795274
21
-3.4124625196850391
0
LINE
8
BLACK
6
CONTINUOUS
10
5.7928897637795274
20
-3.4124625196850391
11
5.7930695669291339
21
-3.4115585433070867
0
LINE
8
BLACK
6
CONTINUOUS
10
5.7930695669291339
20
-3.4115585433070867
11
5.7943479921259842
21
-3.410280118110236
0
LINE
8
BLACK
6
CONTINUOUS
10
5.7943479921259842
20
-3.410280118110236
11
5.7961559448818898
21
-3.410280118110236
0
LINE
8
BLACK
6
CONTINUOUS
10
5.7961559448818898
20
-3.410280118110236
11
5.7974343700787401
21
-3.4115585433070867
0
LINE
8
BLACK
6
CONTINUOUS
10
5.2772260236220472
20
-3.4186443700787401
11
5.2785044488188975
21
-3.4199227952755904
0
LINE
8
BLACK
6
CONTINUOUS
10
5.2785044488188975
20
-3.4199227952755904
11
5.2785044488188975
21
-3.421730748031496
0
LINE
8
BLACK
6
CONTINUOUS
10
5.2785044488188975
20
-3.421730748031496
11
5.2772260236220472
21
-3.4230091732283463
0
LINE
8
BLACK
6
CONTINUOUS
10
5.2772260236220472
20
-3.4230091732283463
11
5.2763220472440944
21
-3.4231889763779528
0
LINE
8
BLACK
6
CONTINUOUS
10
5.2763220472440944
20
-3.4231889763779528
11
5.2652527559055118
21
-3.4231889763779528
0
LINE
8
BLACK
6
CONTINUOUS
10
5.2652527559055118
20
-3.4231889763779528
11
5.264348779527559
21
-3.4230091732283463
0
LINE
8
BLACK
6
CONTINUOUS
10
5.264348779527559
20
-3.4230091732283463
11
5.2630703543307087
21
-3.421730748031496
0
LINE
8
BLACK
6
CONTINUOUS
10
5.2630703543307087
20
-3.421730748031496
11
5.2630703543307087
21
-3.4199227952755904
0
LINE
8
BLACK
6
CONTINUOUS
10
5.2630703543307087
20
-3.4199227952755904
11
5.264348779527559
21
-3.4186443700787401
0
LINE
8
BLACK
6
CONTINUOUS
10
5.264348779527559
20
-3.4186443700787401
11
5.2652527559055118
21
-3.4184645669291336
0
LINE
8
BLACK
6
CONTINUOUS
10
5.2652527559055118
20
-3.4184645669291336
11
5.2763220472440944
21
-3.4184645669291336
0
LINE
8
BLACK
6
CONTINUOUS
10
5.2763220472440944
20
-3.4184645669291336
11
5.2772260236220472
21
-3.4186443700787401
0
LINE
8
BLACK
6
CONTINUOUS
10
6.1822260236220474
20
-3.4084868897637794
11
6.1835044488188977
21
-3.4097653149606297
0
LINE
8
BLACK
6
CONTINUOUS
10
6.1835044488188977
20
-3.4097653149606297
11
6.1835044488188977
21
-3.4115732677165354
0
LINE
8
BLACK
6
CONTINUOUS
10
6.1835044488188977
20
-3.4115732677165354
11
6.1822260236220474
21
-3.4128516929133856
0
LINE
8
BLACK
6
CONTINUOUS
10
6.1822260236220474
20
-3.4128516929133856
11
6.1813220472440946
21
-3.4130314960629922
0
LINE
8
BLACK
6
CONTINUOUS
10
6.1813220472440946
20
-3.4130314960629922
11
6.170252755905512
21
-3.4130314960629922
0
LINE
8
BLACK
6
CONTINUOUS
10
6.170252755905512
20
-3.4130314960629922
11
6.1693487795275592
21
-3.4128516929133856
0
LINE
8
BLACK
6
CONTINUOUS
10
6.1693487795275592
20
-3.4128516929133856
11
6.1680703543307089
21
-3.4115732677165354
0
LINE
8
BLACK
6
CONTINUOUS
10
6.1680703543307089
20
-3.4115732677165354
11
6.1680703543307089
21
-3.4097653149606297
0
LINE
8
BLACK
6
CONTINUOUS
10
6.1680703543307089
20
-3.4097653149606297
11
6.1693487795275592
21
-3.4084868897637794
0
LINE
8
BLACK
6
CONTINUOUS
10
6.1693487795275592
20
-3.4084868897637794
11
6.170252755905512
21
-3.4083070866141734
0
LINE
8
BLACK
6
CONTINUOUS
10
6.170252755905512
20
-3.4083070866141734
11
6.1813220472440946
21
-3.4083070866141734
0
LINE
8
BLACK
6
CONTINUOUS
10
6.1813220472440946
20
-3.4083070866141734
11
6.1822260236220474
21
-3.4084868897637794
0
LINE
8
BLACK
6
CONTINUOUS
10
5.8932537401574798
20
-3.4009662992125982
11
5.9010809448818895
21
-3.4087934645669291
0
LINE
8
BLACK
6
CONTINUOUS
10
5.9010809448818895
20
-3.4087934645669291
11
5.9015930314960627
21
-3.4095598425196849
0
LINE
8
BLACK
6
CONTINUOUS
10
5.9015930314960627
20
-3.4095598425196849
11
5.9015930314960627
21
-3.4113677952755905
0
LINE
8
BLACK
6
CONTINUOUS
10
5.9015930314960627
20
-3.4113677952755905
11
5.9003146062992124
21
-3.4126462204724408
0
LINE
8
BLACK
6
CONTINUOUS
10
5.9003146062992124
20
-3.4126462204724408
11
5.8985066535433068
21
-3.4126462204724408
0
LINE
8
BLACK
6
CONTINUOUS
10
5.8985066535433068
20
-3.4126462204724408
11
5.897740275590551
21
-3.4121341338582676
0
LINE
8
BLACK
6
CONTINUOUS
10
5.897740275590551
20
-3.4121341338582676
11
5.8899131102362201
21
-3.4043069291338584
0
LINE
8
BLACK
6
CONTINUOUS
10
5.8899131102362201
20
-3.4043069291338584
11
5.8894010236220469
21
-3.4035405905511809
0
LINE
8
BLACK
6
CONTINUOUS
10
5.8894010236220469
20
-3.4035405905511809
11
5.8894010236220469
21
-3.4017326377952757
0
LINE
8
BLACK
6
CONTINUOUS
10
5.8894010236220469
20
-3.4017326377952757
11
5.8906794488188972
21
-3.400454212598425
0
LINE
8
BLACK
6
CONTINUOUS
10
5.8906794488188972
20
-3.400454212598425
11
5.8924874015748028
21
-3.400454212598425
0
LINE
8
BLACK
6
CONTINUOUS
10
5.8924874015748028
20
-3.400454212598425
11
5.8932537401574798
21
-3.4009662992125982
0
LINE
8
BLACK
6
CONTINUOUS
10
6.4184028740157482
20
-3.3898212204724407
11
6.4185826771653538
21
-3.3907251968503935
0
LINE
8
BLACK
6
CONTINUOUS
10
6.4185826771653538
20
-3.3907251968503935
11
6.4185826771653538
21
-3.4017944881889761
0
LINE
8
BLACK
6
CONTINUOUS
10
6.4185826771653538
20
-3.4017944881889761
11
6.4184028740157482
21
-3.4026984645669289
0
LINE
8
BLACK
6
CONTINUOUS
10
6.4184028740157482
20
-3.4026984645669289
11
6.4171244488188979
21
-3.4039768897637797
0
LINE
8
BLACK
6
CONTINUOUS
10
6.4171244488188979
20
-3.4039768897637797
11
6.4153164960629923
21
-3.4039768897637797
0
LINE
8
BLACK
6
CONTINUOUS
10
6.4153164960629923
20
-3.4039768897637797
11
6.414038070866142
21
-3.4026984645669289
0
LINE
8
BLACK
6
CONTINUOUS
10
6.414038070866142
20
-3.4026984645669289
11
6.4138582677165354
21
-3.4017944881889761
0
LINE
8
BLACK
6
CONTINUOUS
10
6.4138582677165354
20
-3.4017944881889761
11
6.4138582677165354
21
-3.3907251968503935
0
LINE
8
BLACK
6
CONTINUOUS
10
6.4138582677165354
20
-3.3907251968503935
11
6.414038070866142
21
-3.3898212204724407
0
LINE
8
BLACK
6
CONTINUOUS
10
6.414038070866142
20
-3.3898212204724407
11
6.4153164960629923
21
-3.3885427952755904
0
LINE
8
BLACK
6
CONTINUOUS
10
6.4153164960629923
20
-3.3885427952755904
11
6.4171244488188979
21
-3.3885427952755904
0
LINE
8
BLACK
6
CONTINUOUS
10
6.4171244488188979
20
-3.3885427952755904
11
6.4184028740157482
21
-3.3898212204724407
0
LINE
8
BLACK
6
CONTINUOUS
10
6.4585603543307082
20
-3.3898212204724407
11
6.4587401574803147
21
-3.3907251968503935
0
LINE
8
BLACK
6
CONTINUOUS
10
6.4587401574803147
20
-3.3907251968503935
11
6.4587401574803147
21
-3.4017944881889761
0
LINE
8
BLACK
6
CONTINUOUS
10
6.4587401574803147
20
-3.4017944881889761
11
6.4585603543307082
21
-3.4026984645669289
0
LINE
8
BLACK
6
CONTINUOUS
10
6.4585603543307082
20
-3.4026984645669289
11
6.4572819291338579
21
-3.4039768897637797
0
LINE
8
BLACK
6
CONTINUOUS
10
6.4572819291338579
20
-3.4039768897637797
11
6.4554739763779523
21
-3.4039768897637797
0
LINE
8
BLACK
6
CONTINUOUS
10
6.4554739763779523
20
-3.4039768897637797
11
6.454195551181102
21
-3.4026984645669289
0
LINE
8
BLACK
6
CONTINUOUS
10
6.454195551181102
20
-3.4026984645669289
11
6.4540157480314964
21
-3.4017944881889761
0
LINE
8
BLACK
6
CONTINUOUS
10
6.4540157480314964
20
-3.4017944881889761
11
6.4540157480314964
21
-3.3907251968503935
0
LINE
8
BLACK
6
CONTINUOUS
10
6.4540157480314964
20
-3.3907251968503935
11
6.454195551181102
21
-3.3898212204724407
0
LINE
8
BLACK
6
CONTINUOUS
10
6.454195551181102
20
-3.3898212204724407
11
6.4554739763779523
21
-3.3885427952755904
0
LINE
8
BLACK
6
CONTINUOUS
10
6.4554739763779523
20
-3.3885427952755904
11
6.4572819291338579
21
-3.3885427952755904
0
LINE
8
BLACK
6
CONTINUOUS
10
6.4572819291338579
20
-3.3885427952755904
11
6.4585603543307082
21
-3.3898212204724407
0
LINE
8
BLACK
6
CONTINUOUS
10
6.9081087007874018
20
-3.1000223228346457
11
6.9093871259842521
21
-3.101300748031496
0
LINE
8
BLACK
6
CONTINUOUS
10
6.9093871259842521
20
-3.101300748031496
11
6.9093871259842521
21
-3.1031087007874016
0
LINE
8
BLACK
6
CONTINUOUS
10
6.9093871259842521
20
-3.1031087007874016
11
6.9081087007874018
21
-3.1043871259842519
0
LINE
8
BLACK
6
CONTINUOUS
10
6.9081087007874018
20
-3.1043871259842519
11
6.907204724409449
21
-3.104566929133858
0
LINE
8
BLACK
6
CONTINUOUS
10
6.907204724409449
20
-3.104566929133858
11
6.5237401574803151
21
-3.104566929133858
0
LINE
8
BLACK
6
CONTINUOUS
10
6.5237401574803151
20
-3.104566929133858
11
6.5237401574803151
21
-3.3852755905511809
0
LINE
8
BLACK
6
CONTINUOUS
10
6.5237401574803151
20
-3.3852755905511809
11
6.907204724409449
21
-3.3852755905511809
0
LINE
8
BLACK
6
CONTINUOUS
10
6.907204724409449
20
-3.3852755905511809
11
6.9081087007874018
21
-3.3854553937007874
0
LINE
8
BLACK
6
CONTINUOUS
10
6.9081087007874018
20
-3.3854553937007874
11
6.9093871259842521
21
-3.3867338188976377
0
LINE
8
BLACK
6
CONTINUOUS
10
6.9093871259842521
20
-3.3867338188976377
11
6.9093871259842521
21
-3.3885417716535433
0
LINE
8
BLACK
6
CONTINUOUS
10
6.9093871259842521
20
-3.3885417716535433
11
6.9081087007874018
21
-3.3898201968503936
0
LINE
8
BLACK
6
CONTINUOUS
10
6.9081087007874018
20
-3.3898201968503936
11
6.907204724409449
21
-3.3900000000000001
0
LINE
8
BLACK
6
CONTINUOUS
10
6.907204724409449
20
-3.3900000000000001
11
6.5213779527559055
21
-3.3900000000000001
0
LINE
8
BLACK
6
CONTINUOUS
10
6.5213779527559055
20
-3.3900000000000001
11
6.5204739763779527
21
-3.3898201968503936
0
LINE
8
BLACK
6
CONTINUOUS
10
6.5204739763779527
20
-3.3898201968503936
11
6.5191955511811024
21
-3.3885417716535433
0
LINE
8
BLACK
6
CONTINUOUS
10
6.5191955511811024
20
-3.3885417716535433
11
6.5190157480314959
21
-3.3876377952755905
0
LINE
8
BLACK
6
CONTINUOUS
10
6.5190157480314959
20
-3.3876377952755905
11
6.5190157480314959
21
-3.1022047244094488
0
LINE
8
BLACK
6
CONTINUOUS
10
6.5190157480314959
20
-3.1022047244094488
11
6.5191955511811024
21
-3.101300748031496
0
LINE
8
BLACK
6
CONTINUOUS
10
6.5191955511811024
20
-3.101300748031496
11
6.5204739763779527
21
-3.1000223228346457
0
LINE
8
BLACK
6
CONTINUOUS
10
6.5204739763779527
20
-3.1000223228346457
11
6.5213779527559055
21
-3.0998425196850392
0
LINE
8
BLACK
6
CONTINUOUS
10
6.5213779527559055
20
-3.0998425196850392
11
6.907204724409449
21
-3.0998425196850392
0
LINE
8
BLACK
6
CONTINUOUS
10
6.907204724409449
20
-3.0998425196850392
11
6.9081087007874018
21
-3.1000223228346457
0
LINE
8
BLACK
6
CONTINUOUS
10
6.1382809842519688
20
-3.3677735039370078
11
6.1408879133858267
21
-3.3703804330708662
0
LINE
8
BLACK
6
CONTINUOUS
10
6.1408879133858267
20
-3.3703804330708662
11
6.1422987401574805
21
-3.3737865354330707
0
LINE
8
BLACK
6
CONTINUOUS
10
6.1422987401574805
20
-3.3737865354330707
11
6.1422987401574805
21
-3.3774733070866141
0
LINE
8
BLACK
6
CONTINUOUS
10
6.1422987401574805
20
-3.3774733070866141
11
6.1408879133858267
21
-3.380879409448819
0
LINE
8
BLACK
6
CONTINUOUS
10
6.1408879133858267
20
-3.380879409448819
11
6.1382809842519688
21
-3.383486338582677
0
LINE
8
BLACK
6
CONTINUOUS
10
6.1382809842519688
20
-3.383486338582677
11
6.1348748818897638
21
-3.3848971653543307
0
LINE
8
BLACK
6
CONTINUOUS
10
6.1348748818897638
20
-3.3848971653543307
11
6.13118811023622
21
-3.3848971653543307
0
LINE
8
BLACK
6
CONTINUOUS
10
6.13118811023622
20
-3.3848971653543307
11
6.1277820078740159
21
-3.383486338582677
0
LINE
8
BLACK
6
CONTINUOUS
10
6.1277820078740159
20
-3.383486338582677
11
6.1251750787401571
21
-3.380879409448819
0
LINE
8
BLACK
6
CONTINUOUS
10
6.1251750787401571
20
-3.380879409448819
11
6.1237642519685034
21
-3.3774733070866141
0
LINE
8
BLACK
6
CONTINUOUS
10
6.1237642519685034
20
-3.3774733070866141
11
6.1237642519685034
21
-3.3737865354330707
0
LINE
8
BLACK
6
CONTINUOUS
10
6.1237642519685034
20
-3.3737865354330707
11
6.1251750787401571
21
-3.3703804330708662
0
LINE
8
BLACK
6
CONTINUOUS
10
6.1251750787401571
20
-3.3703804330708662
11
6.1277820078740159
21
-3.3677735039370078
0
LINE
8
BLACK
6
CONTINUOUS
10
6.1277820078740159
20
-3.3677735039370078
11
6.13118811023622
21
-3.3663626771653541
0
LINE
8
BLACK
6
CONTINUOUS
10
6.13118811023622
20
-3.3663626771653541
11
6.1348748818897638
21
-3.3663626771653541
0
LINE
8
BLACK
6
CONTINUOUS
10
6.1348748818897638
20
-3.3663626771653541
11
6.1382809842519688
21
-3.3677735039370078
0
LINE
8
BLACK
6
CONTINUOUS
10
5.2772260236220472
20
-3.3784868897637796
11
5.2785044488188975
21
-3.3797653149606299
0
LINE
8
BLACK
6
CONTINUOUS
10
5.2785044488188975
20
-3.3797653149606299
11
5.2785044488188975
21
-3.3815732677165355
0
LINE
8
BLACK
6
CONTINUOUS
10
5.2785044488188975
20
-3.3815732677165355
11
5.2772260236220472
21
-3.3828516929133858
0
LINE
8
BLACK
6
CONTINUOUS
10
5.2772260236220472
20
-3.3828516929133858
11
5.2763220472440944
21
-3.3830314960629919
0
LINE
8
BLACK
6
CONTINUOUS
10
5.2763220472440944
20
-3.3830314960629919
11
5.2652527559055118
21
-3.3830314960629919
0
LINE
8
BLACK
6
CONTINUOUS
10
5.2652527559055118
20
-3.3830314960629919
11
5.264348779527559
21
-3.3828516929133858
0
LINE
8
BLACK
6
CONTINUOUS
10
5.264348779527559
20
-3.3828516929133858
11
5.2630703543307087
21
-3.3815732677165355
0
LINE
8
BLACK
6
CONTINUOUS
10
5.2630703543307087
20
-3.3815732677165355
11
5.2630703543307087
21
-3.3797653149606299
0
LINE
8
BLACK
6
CONTINUOUS
10
5.2630703543307087
20
-3.3797653149606299
11
5.264348779527559
21
-3.3784868897637796
0
LINE
8
BLACK
6
CONTINUOUS
10
5.264348779527559
20
-3.3784868897637796
11
5.2652527559055118
21
-3.3783070866141731
0
LINE
8
BLACK
6
CONTINUOUS
10
5.2652527559055118
20
-3.3783070866141731
11
5.2763220472440944
21
-3.3783070866141731
0
LINE
8
BLACK
6
CONTINUOUS
10
5.2763220472440944
20
-3.3783070866141731
11
5.2772260236220472
21
-3.3784868897637796
0
LINE
8
BLACK
6
CONTINUOUS
10
5.9788057480314958
20
-3.2099488188976375
11
5.9789960629921257
21
-3.2109055118110237
0
LINE
8
BLACK
6
CONTINUOUS
10
5.9789960629921257
20
-3.2109055118110237
11
5.9789960629921257
21
-3.3605118110236218
0
LINE
8
BLACK
6
CONTINUOUS
10
5.9789960629921257
20
-3.3605118110236218
11
5.9788057480314958
21
-3.3614685039370076
0
LINE
8
BLACK
6
CONTINUOUS
10
5.9788057480314958
20
-3.3614685039370076
11
5.9774527559055119
21
-3.3628214960629919
0
LINE
8
BLACK
6
CONTINUOUS
10
5.9774527559055119
20
-3.3628214960629919
11
5.9755393700787396
21
-3.3628214960629919
0
LINE
8
BLACK
6
CONTINUOUS
10
5.9755393700787396
20
-3.3628214960629919
11
5.9741863779527558
21
-3.3614685039370076
0
LINE
8
BLACK
6
CONTINUOUS
10
5.9741863779527558
20
-3.3614685039370076
11
5.9739960629921258
21
-3.3605118110236218
0
LINE
8
BLACK
6
CONTINUOUS
10
5.9739960629921258
20
-3.3605118110236218
11
5.9739960629921258
21
-3.2109055118110237
0
LINE
8
BLACK
6
CONTINUOUS
10
5.9739960629921258
20
-3.2109055118110237
11
5.9741863779527558
21
-3.2099488188976375
0
LINE
8
BLACK
6
CONTINUOUS
10
5.9741863779527558
20
-3.2099488188976375
11
5.9755393700787396
21
-3.2085958267716537
0
LINE
8
BLACK
6
CONTINUOUS
10
5.9755393700787396
20
-3.2085958267716537
11
5.9774527559055119
21
-3.2085958267716537
0
LINE
8
BLACK
6
CONTINUOUS
10
5.9774527559055119
20
-3.2085958267716537
11
5.9788057480314958
21
-3.2099488188976375
0
LINE
8
BLACK
6
CONTINUOUS
10
6.1284120472440939
20
-3.2099488188976375
11
6.1286023622047239
21
-3.2109055118110237
0
LINE
8
BLACK
6
CONTINUOUS
10
6.1286023622047239
20
-3.2109055118110237
11
6.1286023622047239
21
-3.3605118110236218
0
LINE
8
BLACK
6
CONTINUOUS
10
6.1286023622047239
20
-3.3605118110236218
11
6.1284120472440939
21
-3.3614685039370076
0
LINE
8
BLACK
6
CONTINUOUS
10
6.1284120472440939
20
-3.3614685039370076
11
6.1270590551181101
21
-3.3628214960629919
0
LINE
8
BLACK
6
CONTINUOUS
10
6.1270590551181101
20
-3.3628214960629919
11
6.1251456692913386
21
-3.3628214960629919
0
LINE
8
BLACK
6
CONTINUOUS
10
6.1251456692913386
20
-3.3628214960629919
11
6.1237926771653539
21
-3.3614685039370076
0
LINE
8
BLACK
6
CONTINUOUS
10
6.1237926771653539
20
-3.3614685039370076
11
6.123602362204724
21
-3.3605118110236218
0
LINE
8
BLACK
6
CONTINUOUS
10
6.123602362204724
20
-3.3605118110236218
11
6.123602362204724
21
-3.2109055118110237
0
LINE
8
BLACK
6
CONTINUOUS
10
6.123602362204724
20
-3.2109055118110237
11
6.1237926771653539
21
-3.2099488188976375
0
LINE
8
BLACK
6
CONTINUOUS
10
6.1237926771653539
20
-3.2099488188976375
11
6.1251456692913386
21
-3.2085958267716537
0
LINE
8
BLACK
6
CONTINUOUS
10
6.1251456692913386
20
-3.2085958267716537
11
6.1270590551181101
21
-3.2085958267716537
0
LINE
8
BLACK
6
CONTINUOUS
10
6.1270590551181101
20
-3.2085958267716537
11
6.1284120472440939
21
-3.2099488188976375
0
LINE
8
BLACK
6
CONTINUOUS
10
6.4720270472440946
20
-3.3053645275590551
11
6.4728416929133861
21
-3.3061791732283465
0
LINE
8
BLACK
6
CONTINUOUS
10
6.4728416929133861
20
-3.3061791732283465
11
6.4732825984251967
21
-3.3072435826771653
0
LINE
8
BLACK
6
CONTINUOUS
10
6.4732825984251967
20
-3.3072435826771653
11
6.4733393307086615
21
-3.3078196456692912
0
LINE
8
BLACK
6
CONTINUOUS
10
6.4733393307086615
20
-3.3078196456692912
11
6.4733393307086615
21
-3.32568437007874
0
LINE
8
BLACK
6
CONTINUOUS
10
6.4733393307086615
20
-3.32568437007874
11
6.4834402755905511
21
-3.3168460629921257
0
LINE
8
BLACK
6
CONTINUOUS
10
6.4834402755905511
20
-3.3168460629921257
11
6.4836892519685039
21
-3.316668031496063
0
LINE
8
BLACK
6
CONTINUOUS
10
6.4836892519685039
20
-3.316668031496063
11
6.4837442125984248
21
-3.3166131102362204
0
LINE
8
BLACK
6
CONTINUOUS
10
6.4837442125984248
20
-3.3166131102362204
11
6.4837962992125986
21
-3.3165914960629919
0
LINE
8
BLACK
6
CONTINUOUS
10
6.4837962992125986
20
-3.3165914960629919
11
6.4839111811023624
21
-3.3165094094488188
0
LINE
8
BLACK
6
CONTINUOUS
10
6.4839111811023624
20
-3.3165094094488188
11
6.484365393700787
21
-3.3163557874015748
0
LINE
8
BLACK
6
CONTINUOUS
10
6.484365393700787
20
-3.3163557874015748
11
6.4848086220472441
21
-3.3161722047244093
0
LINE
8
BLACK
6
CONTINUOUS
10
6.4848086220472441
20
-3.3161722047244093
11
6.4849082677165351
21
-3.3161722047244093
0
LINE
8
BLACK
6
CONTINUOUS
10
6.4849082677165351
20
-3.3161722047244093
11
6.4850025590551184
21
-3.3161403149606299
0
LINE
8
BLACK
6
CONTINUOUS
10
6.4850025590551184
20
-3.3161403149606299
11
6.4854810236220475
21
-3.3161722047244093
0
LINE
8
BLACK
6
CONTINUOUS
10
6.4854810236220475
20
-3.3161722047244093
11
6.4859607480314958
21
-3.3161722047244093
0
LINE
8
BLACK
6
CONTINUOUS
10
6.4859607480314958
20
-3.3161722047244093
11
6.4860527165354327
21
-3.3162102755905511
0
LINE
8
BLACK
6
CONTINUOUS
10
6.4860527165354327
20
-3.3162102755905511
11
6.4861520866141733
21
-3.3162169291338581
0
LINE
8
BLACK
6
CONTINUOUS
10
6.4861520866141733
20
-3.3162169291338581
11
6.4865822047244093
21
-3.3164296062992125
0
LINE
8
BLACK
6
CONTINUOUS
10
6.4865822047244093
20
-3.3164296062992125
11
6.4870251574803151
21
-3.3166131102362204
0
LINE
8
BLACK
6
CONTINUOUS
10
6.4870251574803151
20
-3.3166131102362204
11
6.4870954724409451
21
-3.3166834251968504
0
LINE
8
BLACK
6
CONTINUOUS
10
6.4870954724409451
20
-3.3166834251968504
11
6.4871848425196852
21
-3.3167276377952755
0
LINE
8
BLACK
6
CONTINUOUS
10
6.4871848425196852
20
-3.3167276377952755
11
6.4875007874015749
21
-3.3170887401574802
0
LINE
8
BLACK
6
CONTINUOUS
10
6.4875007874015749
20
-3.3170887401574802
11
6.4878398031496065
21
-3.3174277559055119
0
LINE
8
BLACK
6
CONTINUOUS
10
6.4878398031496065
20
-3.3174277559055119
11
6.4878779133858266
21
-3.3175197244094488
0
LINE
8
BLACK
6
CONTINUOUS
10
6.4878779133858266
20
-3.3175197244094488
11
6.4879435039370081
21
-3.3175947244094486
0
LINE
8
BLACK
6
CONTINUOUS
10
6.4879435039370081
20
-3.3175947244094486
11
6.4880970866141734
21
-3.3180489370078741
0
LINE
8
BLACK
6
CONTINUOUS
10
6.4880970866141734
20
-3.3180489370078741
11
6.4882807086614172
21
-3.3184921653543307
0
LINE
8
BLACK
6
CONTINUOUS
10
6.4882807086614172
20
-3.3184921653543307
11
6.4882945275590549
21
-3.3186327165354328
0
LINE
8
BLACK
6
CONTINUOUS
10
6.4882945275590549
20
-3.3186327165354328
11
6.488312598425197
21
-3.3186861023622045
0
LINE
8
BLACK
6
CONTINUOUS
10
6.488312598425197
20
-3.3186861023622045
11
6.4883074015748026
21
-3.3187635433070866
0
LINE
8
BLACK
6
CONTINUOUS
10
6.4883074015748026
20
-3.3187635433070866
11
6.488337440944882
21
-3.3190682283464565
0
LINE
8
BLACK
6
CONTINUOUS
10
6.488337440944882
20
-3.3190682283464565
11
6.488337440944882
21
-3.3239954724409446
0
LINE
8
BLACK
6
CONTINUOUS
10
6.488337440944882
20
-3.3239954724409446
11
6.4896861811023623
21
-3.3266929527559053
0
LINE
8
BLACK
6
CONTINUOUS
10
6.4896861811023623
20
-3.3266929527559053
11
6.4908833070866141
21
-3.3278900787401575
0
LINE
8
BLACK
6
CONTINUOUS
10
6.4908833070866141
20
-3.3278900787401575
11
6.4935807874015747
21
-3.3292388188976378
0
LINE
8
BLACK
6
CONTINUOUS
10
6.4935807874015747
20
-3.3292388188976378
11
6.5015605118110233
21
-3.3292388188976378
0
LINE
8
BLACK
6
CONTINUOUS
10
6.5015605118110233
20
-3.3292388188976378
11
6.504257992125984
21
-3.3278900393700788
0
LINE
8
BLACK
6
CONTINUOUS
10
6.504257992125984
20
-3.3278900393700788
11
6.5054551574803146
21
-3.3266929133858265
0
LINE
8
BLACK
6
CONTINUOUS
10
6.5054551574803146
20
-3.3266929133858265
11
6.5068038976377949
21
-3.3239954724409446
0
LINE
8
BLACK
6
CONTINUOUS
10
6.5068038976377949
20
-3.3239954724409446
11
6.5068038976377949
21
-3.3141409842519685
0
LINE
8
BLACK
6
CONTINUOUS
10
6.5068038976377949
20
-3.3141409842519685
11
6.5054551574803146
21
-3.3114435039370078
0
LINE
8
BLACK
6
CONTINUOUS
10
6.5054551574803146
20
-3.3114435039370078
11
6.5039192125984249
21
-3.3099075984251969
0
LINE
8
BLACK
6
CONTINUOUS
10
6.5039192125984249
20
-3.3099075984251969
11
6.5035519685039365
21
-3.3094601181102363
0
LINE
8
BLACK
6
CONTINUOUS
10
6.5035519685039365
20
-3.3094601181102363
11
6.5031110629921258
21
-3.3083957086614171
0
LINE
8
BLACK
6
CONTINUOUS
10
6.5031110629921258
20
-3.3083957086614171
11
6.5031110629921258
21
-3.3072436220472441
0
LINE
8
BLACK
6
CONTINUOUS
10
6.5031110629921258
20
-3.3072436220472441
11
6.5035519291338577
21
-3.3061792125984253
0
LINE
8
BLACK
6
CONTINUOUS
10
6.5035519291338577
20
-3.3061792125984253
11
6.5043666141732279
21
-3.3053645275590551
0
LINE
8
BLACK
6
CONTINUOUS
10
6.5043666141732279
20
-3.3053645275590551
11
6.5054310236220472
21
-3.304923622047244
0
LINE
8
BLACK
6
CONTINUOUS
10
6.5054310236220472
20
-3.304923622047244
11
6.5065831102362202
21
-3.304923622047244
0
LINE
8
BLACK
6
CONTINUOUS
10
6.5065831102362202
20
-3.304923622047244
11
6.5076475196850394
21
-3.3053644881889763
0
LINE
8
BLACK
6
CONTINUOUS
10
6.5076475196850394
20
-3.3053644881889763
11
6.5080949606299212
21
-3.3057316929133855
0
LINE
8
BLACK
6
CONTINUOUS
10
6.5080949606299212
20
-3.3057316929133855
11
6.5099697637795275
21
-3.3076064566929135
0
LINE
8
BLACK
6
CONTINUOUS
10
6.5099697637795275
20
-3.3076064566929135
11
6.510155511811023
21
-3.3078327952755906
0
LINE
8
BLACK
6
CONTINUOUS
10
6.510155511811023
20
-3.3078327952755906
11
6.5102145669291334
21
-3.3078840157480314
0
LINE
8
BLACK
6
CONTINUOUS
10
6.5102145669291334
20
-3.3078840157480314
11
6.5102705511811019
21
-3.3079729527559056
0
LINE
8
BLACK
6
CONTINUOUS
10
6.5102705511811019
20
-3.3079729527559056
11
6.5103370078740159
21
-3.3080539370078741
0
LINE
8
BLACK
6
CONTINUOUS
10
6.5103370078740159
20
-3.3080539370078741
11
6.5103668110236219
21
-3.3081258661417321
0
LINE
8
BLACK
6
CONTINUOUS
10
6.5103668110236219
20
-3.3081258661417321
11
6.5105229133858264
21
-3.3083738976377952
0
LINE
8
BLACK
6
CONTINUOUS
10
6.5105229133858264
20
-3.3083738976377952
11
6.512397677165354
21
-3.3121234251968503
0
LINE
8
BLACK
6
CONTINUOUS
10
6.512397677165354
20
-3.3121234251968503
11
6.5126045669291335
21
-3.3126640157480316
0
LINE
8
BLACK
6
CONTINUOUS
10
6.5126045669291335
20
-3.3126640157480316
11
6.5126120866141735
21
-3.3127698818897637
0
LINE
8
BLACK
6
CONTINUOUS
10
6.5126120866141735
20
-3.3127698818897637
11
6.5126526771653541
21
-3.312867874015748
0
LINE
8
BLACK
6
CONTINUOUS
10
6.5126526771653541
20
-3.312867874015748
11
6.5127094094488189
21
-3.3134439370078739
0
LINE
8
BLACK
6
CONTINUOUS
10
6.5127094094488189
20
-3.3134439370078739
11
6.5127094094488189
21
-3.3246925196850392
0
LINE
8
BLACK
6
CONTINUOUS
10
6.5127094094488189
20
-3.3246925196850392
11
6.5126526771653541
21
-3.3252685826771651
0
LINE
8
BLACK
6
CONTINUOUS
10
6.5126526771653541
20
-3.3252685826771651
11
6.5126120866141735
21
-3.3253665354330706
0
LINE
8
BLACK
6
CONTINUOUS
10
6.5126120866141735
20
-3.3253665354330706
11
6.5126045669291335
21
-3.3254724409448819
0
LINE
8
BLACK
6
CONTINUOUS
10
6.5126045669291335
20
-3.3254724409448819
11
6.512397677165354
21
-3.3260130314960628
0
LINE
8
BLACK
6
CONTINUOUS
10
6.512397677165354
20
-3.3260130314960628
11
6.5105229133858264
21
-3.3297625590551179
0
LINE
8
BLACK
6
CONTINUOUS
10
6.5105229133858264
20
-3.3297625590551179
11
6.5103668110236219
21
-3.3300105511811022
0
LINE
8
BLACK
6
CONTINUOUS
10
6.5103668110236219
20
-3.3300105511811022
11
6.5103370078740159
21
-3.3300825196850394
0
LINE
8
BLACK
6
CONTINUOUS
10
6.5103370078740159
20
-3.3300825196850394
11
6.5102705511811019
21
-3.3301634645669291
0
LINE
8
BLACK
6
CONTINUOUS
10
6.5102705511811019
20
-3.3301634645669291
11
6.5102145669291334
21
-3.3302524409448817
0
LINE
8
BLACK
6
CONTINUOUS
10
6.5102145669291334
20
-3.3302524409448817
11
6.510155511811023
21
-3.3303036220472442
0
LINE
8
BLACK
6
CONTINUOUS
10
6.510155511811023
20
-3.3303036220472442
11
6.5099697637795275
21
-3.33053
0
LINE
8
BLACK
6
CONTINUOUS
10
6.5099697637795275
20
-3.33053
11
6.5080949606299212
21
-3.3324047637795275
0
LINE
8
BLACK
6
CONTINUOUS
10
6.5080949606299212
20
-3.3324047637795275
11
6.5078686220472441
21
-3.3325904724409448
0
LINE
8
BLACK
6
CONTINUOUS
10
6.5078686220472441
20
-3.3325904724409448
11
6.5078174803149604
21
-3.3326494881889763
0
LINE
8
BLACK
6
CONTINUOUS
10
6.5078174803149604
20
-3.3326494881889763
11
6.5077285433070866
21
-3.3327054330708661
0
LINE
8
BLACK
6
CONTINUOUS
10
6.5077285433070866
20
-3.3327054330708661
11
6.5076475196850394
21
-3.3327719685039368
0
LINE
8
BLACK
6
CONTINUOUS
10
6.5076475196850394
20
-3.3327719685039368
11
6.5075754724409451
21
-3.3328017716535432
0
LINE
8
BLACK
6
CONTINUOUS
10
6.5075754724409451
20
-3.3328017716535432
11
6.5073275984251966
21
-3.3329578346456694
0
LINE
8
BLACK
6
CONTINUOUS
10
6.5073275984251966
20
-3.3329578346456694
11
6.5035780708661415
21
-3.334832598425197
0
LINE
8
BLACK
6
CONTINUOUS
10
6.5035780708661415
20
-3.334832598425197
11
6.5030374409448815
21
-3.3350394881889764
0
LINE
8
BLACK
6
CONTINUOUS
10
6.5030374409448815
20
-3.3350394881889764
11
6.5029316141732281
21
-3.3350469685039368
0
LINE
8
BLACK
6
CONTINUOUS
10
6.5029316141732281
20
-3.3350469685039368
11
6.5028336220472438
21
-3.3350875984251966
0
LINE
8
BLACK
6
CONTINUOUS
10
6.5028336220472438
20
-3.3350875984251966
11
6.5022575590551179
21
-3.3351443307086615
0
LINE
8
BLACK
6
CONTINUOUS
10
6.5022575590551179
20
-3.3351443307086615
11
6.4928837401574802
21
-3.3351443307086615
0
LINE
8
BLACK
6
CONTINUOUS
10
6.4928837401574802
20
-3.3351443307086615
11
6.4923076771653543
21
-3.3350875984251966
0
LINE
8
BLACK
6
CONTINUOUS
10
6.4923076771653543
20
-3.3350875984251966
11
6.49220968503937
21
-3.3350470078740155
0
LINE
8
BLACK
6
CONTINUOUS
10
6.49220968503937
20
-3.3350470078740155
11
6.4921038188976379
21
-3.3350394881889764
0
LINE
8
BLACK
6
CONTINUOUS
10
6.4921038188976379
20
-3.3350394881889764
11
6.4915632283464566
21
-3.334832598425197
0
LINE
8
BLACK
6
CONTINUOUS
10
6.4915632283464566
20
-3.334832598425197
11
6.4878137007874015
21
-3.3329578346456694
0
LINE
8
BLACK
6
CONTINUOUS
10
6.4878137007874015
20
-3.3329578346456694
11
6.4875656692913388
21
-3.3328017322834644
0
LINE
8
BLACK
6
CONTINUOUS
10
6.4875656692913388
20
-3.3328017322834644
11
6.4874937401574799
21
-3.332771929133858
0
LINE
8
BLACK
6
CONTINUOUS
10
6.4874937401574799
20
-3.332771929133858
11
6.4874127559055115
21
-3.3327054330708661
0
LINE
8
BLACK
6
CONTINUOUS
10
6.4874127559055115
20
-3.3327054330708661
11
6.4873238188976377
21
-3.3326494881889763
0
LINE
8
BLACK
6
CONTINUOUS
10
6.4873238188976377
20
-3.3326494881889763
11
6.4872726377952752
21
-3.3325904724409448
0
LINE
8
BLACK
6
CONTINUOUS
10
6.4872726377952752
20
-3.3325904724409448
11
6.4870462992125981
21
-3.3324047244094488
0
LINE
8
BLACK
6
CONTINUOUS
10
6.4870462992125981
20
-3.3324047244094488
11
6.4851715354330706
21
-3.3305299606299212
0
LINE
8
BLACK
6
CONTINUOUS
10
6.4851715354330706
20
-3.3305299606299212
11
6.4849857480314963
21
-3.3303035826771654
0
LINE
8
BLACK
6
CONTINUOUS
10
6.4849857480314963
20
-3.3303035826771654
11
6.4849267716535435
21
-3.3302524409448817
0
LINE
8
BLACK
6
CONTINUOUS
10
6.4849267716535435
20
-3.3302524409448817
11
6.484870787401575
21
-3.3301634645669291
0
LINE
8
BLACK
6
CONTINUOUS
10
6.484870787401575
20
-3.3301634645669291
11
6.4848043307086609
21
-3.3300825196850394
0
LINE
8
BLACK
6
CONTINUOUS
10
6.4848043307086609
20
-3.3300825196850394
11
6.4847744881889762
21
-3.3300105511811022
0
LINE
8
BLACK
6
CONTINUOUS
10
6.4847744881889762
20
-3.3300105511811022
11
6.4846184251968504
21
-3.3297625590551179
0
LINE
8
BLACK
6
CONTINUOUS
10
6.4846184251968504
20
-3.3297625590551179
11
6.4827436614173228
21
-3.3260130314960628
0
LINE
8
BLACK
6
CONTINUOUS
10
6.4827436614173228
20
-3.3260130314960628
11
6.4825400000000002
21
-3.3254808267716536
0
LINE
8
BLACK
6
CONTINUOUS
10
6.4825400000000002
20
-3.3254808267716536
11
6.4723309842519683
21
-3.3344137401574803
0
LINE
8
BLACK
6
CONTINUOUS
10
6.4723309842519683
20
-3.3344137401574803
11
6.4720819685039368
21
-3.3345917322834646
0
LINE
8
BLACK
6
CONTINUOUS
10
6.4720819685039368
20
-3.3345917322834646
11
6.4720270472440946
21
-3.3346466929133856
0
LINE
8
BLACK
6
CONTINUOUS
10
6.4720270472440946
20
-3.3346466929133856
11
6.4719749212598421
21
-3.3346682677165354
0
LINE
8
BLACK
6
CONTINUOUS
10
6.4719749212598421
20
-3.3346682677165354
11
6.471860078740157
21
-3.3347503937007872
0
LINE
8
BLACK
6
CONTINUOUS
10
6.471860078740157
20
-3.3347503937007872
11
6.4714058267716537
21
-3.3349039763779529
0
LINE
8
BLACK
6
CONTINUOUS
10
6.4714058267716537
20
-3.3349039763779529
11
6.4709626377952754
21
-3.3350875984251966
0
LINE
8
BLACK
6
CONTINUOUS
10
6.4709626377952754
20
-3.3350875984251966
11
6.4708629921259844
21
-3.3350875984251966
0
LINE
8
BLACK
6
CONTINUOUS
10
6.4708629921259844
20
-3.3350875984251966
11
6.4707687007874011
21
-3.3351194881889765
0
LINE
8
BLACK
6
CONTINUOUS
10
6.4707687007874011
20
-3.3351194881889765
11
6.4702902362204719
21
-3.3350875984251966
0
LINE
8
BLACK
6
CONTINUOUS
10
6.4702902362204719
20
-3.3350875984251966
11
6.4698105118110236
21
-3.3350875984251966
0
LINE
8
BLACK
6
CONTINUOUS
10
6.4698105118110236
20
-3.3350875984251966
11
6.469718503937008
21
-3.3350494881889765
0
LINE
8
BLACK
6
CONTINUOUS
10
6.469718503937008
20
-3.3350494881889765
11
6.4696191732283461
21
-3.3350428740157478
0
LINE
8
BLACK
6
CONTINUOUS
10
6.4696191732283461
20
-3.3350428740157478
11
6.4691890157480314
21
-3.3348301574803147
0
LINE
8
BLACK
6
CONTINUOUS
10
6.4691890157480314
20
-3.3348301574803147
11
6.4687461023622044
21
-3.3346466929133856
0
LINE
8
BLACK
6
CONTINUOUS
10
6.4687461023622044
20
-3.3346466929133856
11
6.4686757480314956
21
-3.3345763385826772
0
LINE
8
BLACK
6
CONTINUOUS
10
6.4686757480314956
20
-3.3345763385826772
11
6.4685864173228342
21
-3.3345321653543305
0
LINE
8
BLACK
6
CONTINUOUS
10
6.4685864173228342
20
-3.3345321653543305
11
6.4682704330708658
21
-3.334171023622047
0
LINE
8
BLACK
6
CONTINUOUS
10
6.4682704330708658
20
-3.334171023622047
11
6.4679314566929129
21
-3.3338320472440945
0
LINE
8
BLACK
6
CONTINUOUS
10
6.4679314566929129
20
-3.3338320472440945
11
6.467893307086614
21
-3.3337400393700785
0
LINE
8
BLACK
6
CONTINUOUS
10
6.467893307086614
20
-3.3337400393700785
11
6.4678277559055113
21
-3.3336650787401574
0
LINE
8
BLACK
6
CONTINUOUS
10
6.4678277559055113
20
-3.3336650787401574
11
6.4676741338582673
21
-3.3332108267716536
0
LINE
8
BLACK
6
CONTINUOUS
10
6.4676741338582673
20
-3.3332108267716536
11
6.4674905511811023
21
-3.3327676377952753
0
LINE
8
BLACK
6
CONTINUOUS
10
6.4674905511811023
20
-3.3327676377952753
11
6.4674766929133858
21
-3.3326270472440944
0
LINE
8
BLACK
6
CONTINUOUS
10
6.4674766929133858
20
-3.3326270472440944
11
6.4674586614173224
21
-3.3325737007874014
0
LINE
8
BLACK
6
CONTINUOUS
10
6.4674586614173224
20
-3.3325737007874014
11
6.4674638188976372
21
-3.3324962204724407
0
LINE
8
BLACK
6
CONTINUOUS
10
6.4674638188976372
20
-3.3324962204724407
11
6.4674338188976375
21
-3.3321915748031494
0
LINE
8
BLACK
6
CONTINUOUS
10
6.4674338188976375
20
-3.3321915748031494
11
6.4674338188976375
21
-3.3078196456692912
0
LINE
8
BLACK
6
CONTINUOUS
10
6.4674338188976375
20
-3.3078196456692912
11
6.4674905511811023
21
-3.3072435826771653
0
LINE
8
BLACK
6
CONTINUOUS
10
6.4674905511811023
20
-3.3072435826771653
11
6.4679314566929129
21
-3.3061791732283465
0
LINE
8
BLACK
6
CONTINUOUS
10
6.4679314566929129
20
-3.3061791732283465
11
6.4687461023622044
21
-3.3053645275590551
0
LINE
8
BLACK
6
CONTINUOUS
10
6.4687461023622044
20
-3.3053645275590551
11
6.4698105118110236
21
-3.304923622047244
0
LINE
8
BLACK
6
CONTINUOUS
10
6.4698105118110236
20
-3.304923622047244
11
6.4709626377952754
21
-3.304923622047244
0
LINE
8
BLACK
6
CONTINUOUS
10
6.4709626377952754
20
-3.304923622047244
11
6.4720270472440946
21
-3.3053645275590551
0
LINE
8
BLACK
6
CONTINUOUS
10
5.867737834645669
20
-3.31864437007874
11
5.8690162598425193
21
-3.3199227952755903
0
LINE
8
BLACK
6
CONTINUOUS
10
5.8690162598425193
20
-3.3199227952755903
11
5.8690162598425193
21
-3.3217307480314959
0
LINE
8
BLACK
6
CONTINUOUS
10
5.8690162598425193
20
-3.3217307480314959
11
5.867737834645669
21
-3.3230091732283462
0
LINE
8
BLACK
6
CONTINUOUS
10
5.867737834645669
20
-3.3230091732283462
11
5.8668338582677162
21
-3.3231889763779527
0
LINE
8
BLACK
6
CONTINUOUS
10
5.8668338582677162
20
-3.3231889763779527
11
5.8557645669291336
21
-3.3231889763779527
0
LINE
8
BLACK
6
CONTINUOUS
10
5.8557645669291336
20
-3.3231889763779527
11
5.8548605905511808
21
-3.3230091732283462
0
LINE
8
BLACK
6
CONTINUOUS
10
5.8548605905511808
20
-3.3230091732283462
11
5.8535821653543305
21
-3.3217307480314959
0
LINE
8
BLACK
6
CONTINUOUS
10
5.8535821653543305
20
-3.3217307480314959
11
5.8535821653543305
21
-3.3199227952755903
0
LINE
8
BLACK
6
CONTINUOUS
10
5.8535821653543305
20
-3.3199227952755903
11
5.8548605905511808
21
-3.31864437007874
0
LINE
8
BLACK
6
CONTINUOUS
10
5.8548605905511808
20
-3.31864437007874
11
5.8557645669291336
21
-3.3184645669291339
0
LINE
8
BLACK
6
CONTINUOUS
10
5.8557645669291336
20
-3.3184645669291339
11
5.8668338582677162
21
-3.3184645669291339
0
LINE
8
BLACK
6
CONTINUOUS
10
5.8668338582677162
20
-3.3184645669291339
11
5.867737834645669
21
-3.31864437007874
0
LINE
8
BLACK
6
CONTINUOUS
10
6.511397125984252
20
-3.2753682677165354
11
6.5122117716535435
21
-3.2761829133858269
0
LINE
8
BLACK
6
CONTINUOUS
10
6.5122117716535435
20
-3.2761829133858269
11
6.5126526771653541
21
-3.2772473228346457
0
LINE
8
BLACK
6
CONTINUOUS
10
6.5126526771653541
20
-3.2772473228346457
11
6.5127094094488189
21
-3.2778233858267716
0
LINE
8
BLACK
6
CONTINUOUS
10
6.5127094094488189
20
-3.2778233858267716
11
6.5127094094488189
21
-3.2815729133858267
0
LINE
8
BLACK
6
CONTINUOUS
10
6.5127094094488189
20
-3.2815729133858267
11
6.5126806692913384
21
-3.2818644881889765
0
LINE
8
BLACK
6
CONTINUOUS
10
6.5126806692913384
20
-3.2818644881889765
11
6.5126862204724407
21
-3.2819422440944881
0
LINE
8
BLACK
6
CONTINUOUS
10
6.5126862204724407
20
-3.2819422440944881
11
6.512662952755905
21
-3.2820444881889763
0
LINE
8
BLACK
6
CONTINUOUS
10
6.512662952755905
20
-3.2820444881889763
11
6.5126526771653541
21
-3.2821489763779526
0
LINE
8
BLACK
6
CONTINUOUS
10
6.5126526771653541
20
-3.2821489763779526
11
6.5126227952755906
21
-3.2822210236220473
0
LINE
8
BLACK
6
CONTINUOUS
10
6.5126227952755906
20
-3.2822210236220473
11
6.5125578740157479
21
-3.2825066929133859
0
LINE
8
BLACK
6
CONTINUOUS
10
6.5125578740157479
20
-3.2825066929133859
11
6.5106831102362204
21
-3.2881309448818898
0
LINE
8
BLACK
6
CONTINUOUS
10
6.5106831102362204
20
-3.2881309448818898
11
6.5104471259842516
21
-3.2886595275590551
0
LINE
8
BLACK
6
CONTINUOUS
10
6.5104471259842516
20
-3.2886595275590551
11
6.5103776377952753
21
-3.2887396062992127
0
LINE
8
BLACK
6
CONTINUOUS
10
6.5103776377952753
20
-3.2887396062992127
11
6.5103370472440947
21
-3.2888376771653545
0
LINE
8
BLACK
6
CONTINUOUS
10
6.5103370472440947
20
-3.2888376771653545
11
6.5099698031496063
21
-3.2892851181102363
0
LINE
8
BLACK
6
CONTINUOUS
10
6.5099698031496063
20
-3.2892851181102363
11
6.5062202362204724
21
-3.2930346456692914
0
LINE
8
BLACK
6
CONTINUOUS
10
6.5062202362204724
20
-3.2930346456692914
11
6.5057727559055119
21
-3.2934018897637793
0
LINE
8
BLACK
6
CONTINUOUS
10
6.5057727559055119
20
-3.2934018897637793
11
6.5056746850393701
21
-3.2934424803149605
0
LINE
8
BLACK
6
CONTINUOUS
10
6.5056746850393701
20
-3.2934424803149605
11
6.505594606299212
21
-3.2935119685039371
0
LINE
8
BLACK
6
CONTINUOUS
10
6.505594606299212
20
-3.2935119685039371
11
6.5050660629921255
21
-3.2937479527559055
0
LINE
8
BLACK
6
CONTINUOUS
10
6.5050660629921255
20
-3.2937479527559055
11
6.4994417716535429
21
-3.295622716535433
0
LINE
8
BLACK
6
CONTINUOUS
10
6.4994417716535429
20
-3.295622716535433
11
6.4991561811023617
21
-3.2956876377952757
0
LINE
8
BLACK
6
CONTINUOUS
10
6.4991561811023617
20
-3.2956876377952757
11
6.4990840944881887
21
-3.2957175196850392
0
LINE
8
BLACK
6
CONTINUOUS
10
6.4990840944881887
20
-3.2957175196850392
11
6.4989795669291341
21
-3.2957277952755906
0
LINE
8
BLACK
6
CONTINUOUS
10
6.4989795669291341
20
-3.2957277952755906
11
6.4988773228346455
21
-3.2957510629921258
0
LINE
8
BLACK
6
CONTINUOUS
10
6.4988773228346455
20
-3.2957510629921258
11
6.4987995669291339
21
-3.2957455118110235
0
LINE
8
BLACK
6
CONTINUOUS
10
6.4987995669291339
20
-3.2957455118110235
11
6.4985080314960628
21
-3.295774251968504
0
LINE
8
BLACK
6
CONTINUOUS
10
6.4985080314960628
20
-3.295774251968504
11
6.4703865748031495
21
-3.295774251968504
0
LINE
8
BLACK
6
CONTINUOUS
10
6.4703865748031495
20
-3.295774251968504
11
6.4698105118110236
21
-3.2957175196850392
0
LINE
8
BLACK
6
CONTINUOUS
10
6.4698105118110236
20
-3.2957175196850392
11
6.4687461023622044
21
-3.2952766141732281
0
LINE
8
BLACK
6
CONTINUOUS
10
6.4687461023622044
20
-3.2952766141732281
11
6.4679314566929129
21
-3.2944619685039371
0
LINE
8
BLACK
6
CONTINUOUS
10
6.4679314566929129
20
-3.2944619685039371
11
6.4674905511811023
21
-3.2933975590551179
0
LINE
8
BLACK
6
CONTINUOUS
10
6.4674905511811023
20
-3.2933975590551179
11
6.4674905511811023
21
-3.2922454330708661
0
LINE
8
BLACK
6
CONTINUOUS
10
6.4674905511811023
20
-3.2922454330708661
11
6.4679314566929129
21
-3.2911810236220473
0
LINE
8
BLACK
6
CONTINUOUS
10
6.4679314566929129
20
-3.2911810236220473
11
6.4687461023622044
21
-3.2903663779527559
0
LINE
8
BLACK
6
CONTINUOUS
10
6.4687461023622044
20
-3.2903663779527559
11
6.4698105118110236
21
-3.2899254724409448
0
LINE
8
BLACK
6
CONTINUOUS
10
6.4698105118110236
20
-3.2899254724409448
11
6.4703865748031495
21
-3.2898687401574804
0
LINE
8
BLACK
6
CONTINUOUS
10
6.4703865748031495
20
-3.2898687401574804
11
6.4980288976377949
21
-3.2898687401574804
0
LINE
8
BLACK
6
CONTINUOUS
10
6.4980288976377949
20
-3.2898687401574804
11
6.5025372834645667
21
-3.2883659055118111
0
LINE
8
BLACK
6
CONTINUOUS
10
6.5025372834645667
20
-3.2883659055118111
11
6.5053011023622043
21
-3.2856021259842518
0
LINE
8
BLACK
6
CONTINUOUS
10
6.5053011023622043
20
-3.2856021259842518
11
6.5068038976377949
21
-3.2810937795275588
0
LINE
8
BLACK
6
CONTINUOUS
10
6.5068038976377949
20
-3.2810937795275588
11
6.5068038976377949
21
-3.2778233858267716
0
LINE
8
BLACK
6
CONTINUOUS
10
6.5068038976377949
20
-3.2778233858267716
11
6.5068606299212597
21
-3.2772473228346457
0
LINE
8
BLACK
6
CONTINUOUS
10
6.5068606299212597
20
-3.2772473228346457
11
6.5073015354330703
21
-3.2761829133858269
0
LINE
8
BLACK
6
CONTINUOUS
10
6.5073015354330703
20
-3.2761829133858269
11
6.5081161811023618
21
-3.2753682677165354
0
LINE
8
BLACK
6
CONTINUOUS
10
6.5081161811023618
20
-3.2753682677165354
11
6.509180590551181
21
-3.2749273622047244
0
LINE
8
BLACK
6
CONTINUOUS
10
6.509180590551181
20
-3.2749273622047244
11
6.5103327165354328
21
-3.2749273622047244
0
LINE
8
BLACK
6
CONTINUOUS
10
6.5103327165354328
20
-3.2749273622047244
11
6.511397125984252
21
-3.2753682677165354
0
LINE
8
BLACK
6
CONTINUOUS
10
5.2929107480314963
20
-3.268022874015748
11
5.2930905511811019
21
-3.2689268503937008
0
LINE
8
BLACK
6
CONTINUOUS
10
5.2930905511811019
20
-3.2689268503937008
11
5.2930905511811019
21
-3.2876085826771653
0
LINE
8
BLACK
6
CONTINUOUS
10
5.2930905511811019
20
-3.2876085826771653
11
5.2929107480314963
21
-3.2885125590551181
0
LINE
8
BLACK
6
CONTINUOUS
10
5.2929107480314963
20
-3.2885125590551181
11
5.2916323228346451
21
-3.2897909842519684
0
LINE
8
BLACK
6
CONTINUOUS
10
5.2916323228346451
20
-3.2897909842519684
11
5.2898243700787404
21
-3.2897909842519684
0
LINE
8
BLACK
6
CONTINUOUS
10
5.2898243700787404
20
-3.2897909842519684
11
5.2885459448818892
21
-3.2885125590551181
0
LINE
8
BLACK
6
CONTINUOUS
10
5.2885459448818892
20
-3.2885125590551181
11
5.2883661417322836
21
-3.2876085826771653
0
LINE
8
BLACK
6
CONTINUOUS
10
5.2883661417322836
20
-3.2876085826771653
11
5.2883661417322836
21
-3.2689268503937008
0
LINE
8
BLACK
6
CONTINUOUS
10
5.2883661417322836
20
-3.2689268503937008
11
5.2885459448818892
21
-3.268022874015748
0
LINE
8
BLACK
6
CONTINUOUS
10
5.2885459448818892
20
-3.268022874015748
11
5.2898243700787404
21
-3.2667444488188977
0
LINE
8
BLACK
6
CONTINUOUS
10
5.2898243700787404
20
-3.2667444488188977
11
5.2916323228346451
21
-3.2667444488188977
0
LINE
8
BLACK
6
CONTINUOUS
10
5.2916323228346451
20
-3.2667444488188977
11
5.2929107480314963
21
-3.268022874015748
0
LINE
8
BLACK
6
CONTINUOUS
10
5.3340524803149609
20
-3.268022874015748
11
5.3342322834645666
21
-3.2689268503937008
0
LINE
8
BLACK
6
CONTINUOUS
10
5.3342322834645666
20
-3.2689268503937008
11
5.3342322834645666
21
-3.2876085826771653
0
LINE
8
BLACK
6
CONTINUOUS
10
5.3342322834645666
20
-3.2876085826771653
11
5.3340524803149609
21
-3.2885125590551181
0
LINE
8
BLACK
6
CONTINUOUS
10
5.3340524803149609
20
-3.2885125590551181
11
5.3327740551181098
21
-3.2897909842519684
0
LINE
8
BLACK
6
CONTINUOUS
10
5.3327740551181098
20
-3.2897909842519684
11
5.330966102362205
21
-3.2897909842519684
0
LINE
8
BLACK
6
CONTINUOUS
10
5.330966102362205
20
-3.2897909842519684
11
5.3296876771653539
21
-3.2885125590551181
0
LINE
8
BLACK
6
CONTINUOUS
10
5.3296876771653539
20
-3.2885125590551181
11
5.3295078740157482
21
-3.2876085826771653
0
LINE
8
BLACK
6
CONTINUOUS
10
5.3295078740157482
20
-3.2876085826771653
11
5.3295078740157482
21
-3.2689268503937008
0
LINE
8
BLACK
6
CONTINUOUS
10
5.3295078740157482
20
-3.2689268503937008
11
5.3296876771653539
21
-3.268022874015748
0
LINE
8
BLACK
6
CONTINUOUS
10
5.3296876771653539
20
-3.268022874015748
11
5.330966102362205
21
-3.2667444488188977
0
LINE
8
BLACK
6
CONTINUOUS
10
5.330966102362205
20
-3.2667444488188977
11
5.3327740551181098
21
-3.2667444488188977
0
LINE
8
BLACK
6
CONTINUOUS
10
5.3327740551181098
20
-3.2667444488188977
11
5.3340524803149609
21
-3.268022874015748
0
LINE
8
BLACK
6
CONTINUOUS
10
5.7075288582677164
20
-3.2615585433070864
11
5.7077086614173229
21
-3.2624625196850392
0
LINE
8
BLACK
6
CONTINUOUS
10
5.7077086614173229
20
-3.2624625196850392
11
5.7077086614173229
21
-3.2830335433070865
0
LINE
8
BLACK
6
CONTINUOUS
10
5.7077086614173229
20
-3.2830335433070865
11
5.7075288582677164
21
-3.2839375196850393
0
LINE
8
BLACK
6
CONTINUOUS
10
5.7075288582677164
20
-3.2839375196850393
11
5.7062504330708661
21
-3.2852159448818896
0
LINE
8
BLACK
6
CONTINUOUS
10
5.7062504330708661
20
-3.2852159448818896
11
5.7044424803149605
21
-3.2852159448818896
0
LINE
8
BLACK
6
CONTINUOUS
10
5.7044424803149605
20
-3.2852159448818896
11
5.7031640551181102
21
-3.2839375196850393
0
LINE
8
BLACK
6
CONTINUOUS
10
5.7031640551181102
20
-3.2839375196850393
11
5.7029842519685037
21
-3.2830335433070865
0
LINE
8
BLACK
6
CONTINUOUS
10
5.7029842519685037
20
-3.2830335433070865
11
5.7029842519685037
21
-3.2624625196850392
0
LINE
8
BLACK
6
CONTINUOUS
10
5.7029842519685037
20
-3.2624625196850392
11
5.7031640551181102
21
-3.2615585433070864
0
LINE
8
BLACK
6
CONTINUOUS
10
5.7031640551181102
20
-3.2615585433070864
11
5.7044424803149605
21
-3.2602801181102361
0
LINE
8
BLACK
6
CONTINUOUS
10
5.7044424803149605
20
-3.2602801181102361
11
5.7062504330708661
21
-3.2602801181102361
0
LINE
8
BLACK
6
CONTINUOUS
10
5.7062504330708661
20
-3.2602801181102361
11
5.7075288582677164
21
-3.2615585433070864
0
LINE
8
BLACK
6
CONTINUOUS
10
5.7634343700787403
20
-3.2615585433070864
11
5.7636141732283459
21
-3.2624625196850392
0
LINE
8
BLACK
6
CONTINUOUS
10
5.7636141732283459
20
-3.2624625196850392
11
5.7636141732283459
21
-3.2830335433070865
0
LINE
8
BLACK
6
CONTINUOUS
10
5.7636141732283459
20
-3.2830335433070865
11
5.7634343700787403
21
-3.2839375196850393
0
LINE
8
BLACK
6
CONTINUOUS
10
5.7634343700787403
20
-3.2839375196850393
11
5.76215594488189
21
-3.2852159448818896
0
LINE
8
BLACK
6
CONTINUOUS
10
5.76215594488189
20
-3.2852159448818896
11
5.7603479921259844
21
-3.2852159448818896
0
LINE
8
BLACK
6
CONTINUOUS
10
5.7603479921259844
20
-3.2852159448818896
11
5.7590695669291341
21
-3.2839375196850393
0
LINE
8
BLACK
6
CONTINUOUS
10
5.7590695669291341
20
-3.2839375196850393
11
5.7588897637795275
21
-3.2830335433070865
0
LINE
8
BLACK
6
CONTINUOUS
10
5.7588897637795275
20
-3.2830335433070865
11
5.7588897637795275
21
-3.2624625196850392
0
LINE
8
BLACK
6
CONTINUOUS
10
5.7588897637795275
20
-3.2624625196850392
11
5.7590695669291341
21
-3.2615585433070864
0
LINE
8
BLACK
6
CONTINUOUS
10
5.7590695669291341
20
-3.2615585433070864
11
5.7603479921259844
21
-3.2602801181102361
0
LINE
8
BLACK
6
CONTINUOUS
10
5.7603479921259844
20
-3.2602801181102361
11
5.76215594488189
21
-3.2602801181102361
0
LINE
8
BLACK
6
CONTINUOUS
10
5.76215594488189
20
-3.2602801181102361
11
5.7634343700787403
21
-3.2615585433070864
0
LINE
8
BLACK
6
CONTINUOUS
10
5.867737834645669
20
-3.2784868897637796
11
5.8690162598425193
21
-3.2797653149606298
0
LINE
8
BLACK
6
CONTINUOUS
10
5.8690162598425193
20
-3.2797653149606298
11
5.8690162598425193
21
-3.2815732677165355
0
LINE
8
BLACK
6
CONTINUOUS
10
5.8690162598425193
20
-3.2815732677165355
11
5.867737834645669
21
-3.2828516929133857
0
LINE
8
BLACK
6
CONTINUOUS
10
5.867737834645669
20
-3.2828516929133857
11
5.8668338582677162
21
-3.2830314960629923
0
LINE
8
BLACK
6
CONTINUOUS
10
5.8668338582677162
20
-3.2830314960629923
11
5.8557645669291336
21
-3.2830314960629923
0
LINE
8
BLACK
6
CONTINUOUS
10
5.8557645669291336
20
-3.2830314960629923
11
5.8548605905511808
21
-3.2828516929133857
0
LINE
8
BLACK
6
CONTINUOUS
10
5.8548605905511808
20
-3.2828516929133857
11
5.8535821653543305
21
-3.2815732677165355
0
LINE
8
BLACK
6
CONTINUOUS
10
5.8535821653543305
20
-3.2815732677165355
11
5.8535821653543305
21
-3.2797653149606298
0
LINE
8
BLACK
6
CONTINUOUS
10
5.8535821653543305
20
-3.2797653149606298
11
5.8548605905511808
21
-3.2784868897637796
0
LINE
8
BLACK
6
CONTINUOUS
10
5.8548605905511808
20
-3.2784868897637796
11
5.8557645669291336
21
-3.278307086614173
0
LINE
8
BLACK
6
CONTINUOUS
10
5.8557645669291336
20
-3.278307086614173
11
5.8668338582677162
21
-3.278307086614173
0
LINE
8
BLACK
6
CONTINUOUS
10
5.8668338582677162
20
-3.278307086614173
11
5.867737834645669
21
-3.2784868897637796
0
LINE
8
BLACK
6
CONTINUOUS
10
6.5078123228346456
20
-3.2223637401574803
11
6.5079921259842521
21
-3.2232677165354331
0
LINE
8
BLACK
6
CONTINUOUS
10
6.5079921259842521
20
-3.2232677165354331
11
6.5079921259842521
21
-3.2665748031496062
0
LINE
8
BLACK
6
CONTINUOUS
10
6.5079921259842521
20
-3.2665748031496062
11
6.5078123228346456
21
-3.2674787795275591
0
LINE
8
BLACK
6
CONTINUOUS
10
6.5078123228346456
20
-3.2674787795275591
11
6.5065338976377953
21
-3.2687572047244093
0
LINE
8
BLACK
6
CONTINUOUS
10
6.5065338976377953
20
-3.2687572047244093
11
6.5047259448818897
21
-3.2687572047244093
0
LINE
8
BLACK
6
CONTINUOUS
10
6.5047259448818897
20
-3.2687572047244093
11
6.5034475196850394
21
-3.2674787795275591
0
LINE
8
BLACK
6
CONTINUOUS
10
6.5034475196850394
20
-3.2674787795275591
11
6.5032677165354329
21
-3.2665748031496062
0
LINE
8
BLACK
6
CONTINUOUS
10
6.5032677165354329
20
-3.2665748031496062
11
6.5032677165354329
21
-3.2232677165354331
0
LINE
8
BLACK
6
CONTINUOUS
10
6.5032677165354329
20
-3.2232677165354331
11
6.5034475196850394
21
-3.2223637401574803
0
LINE
8
BLACK
6
CONTINUOUS
10
6.5034475196850394
20
-3.2223637401574803
11
6.5047259448818897
21
-3.22108531496063
0
LINE
8
BLACK
6
CONTINUOUS
10
6.5047259448818897
20
-3.22108531496063
11
6.5065338976377953
21
-3.22108531496063
0
LINE
8
BLACK
6
CONTINUOUS
10
6.5065338976377953
20
-3.22108531496063
11
6.5078123228346456
21
-3.2223637401574803
0
LINE
8
BLACK
6
CONTINUOUS
10
5.4010406692913389
20
-3.2370881496062993
11
5.4012204724409445
21
-3.2379921259842517
0
LINE
8
BLACK
6
CONTINUOUS
10
5.4012204724409445
20
-3.2379921259842517
11
5.4012204724409445
21
-3.2566929133858267
0
LINE
8
BLACK
6
CONTINUOUS
10
5.4012204724409445
20
-3.2566929133858267
11
5.4010406692913389
21
-3.2575968897637795
0
LINE
8
BLACK
6
CONTINUOUS
10
5.4010406692913389
20
-3.2575968897637795
11
5.3997622440944877
21
-3.2588753149606298
0
LINE
8
BLACK
6
CONTINUOUS
10
5.3997622440944877
20
-3.2588753149606298
11
5.397954291338583
21
-3.2588753149606298
0
LINE
8
BLACK
6
CONTINUOUS
10
5.397954291338583
20
-3.2588753149606298
11
5.3966758661417318
21
-3.2575968897637795
0
LINE
8
BLACK
6
CONTINUOUS
10
5.3966758661417318
20
-3.2575968897637795
11
5.3964960629921261
21
-3.2566929133858267
0
LINE
8
BLACK
6
CONTINUOUS
10
5.3964960629921261
20
-3.2566929133858267
11
5.3964960629921261
21
-3.2379921259842517
0
LINE
8
BLACK
6
CONTINUOUS
10
5.3964960629921261
20
-3.2379921259842517
11
5.3966758661417318
21
-3.2370881496062993
0
LINE
8
BLACK
6
CONTINUOUS
10
5.3966758661417318
20
-3.2370881496062993
11
5.397954291338583
21
-3.2358097244094486
0
LINE
8
BLACK
6
CONTINUOUS
10
5.397954291338583
20
-3.2358097244094486
11
5.3997622440944877
21
-3.2358097244094486
0
LINE
8
BLACK
6
CONTINUOUS
10
5.3997622440944877
20
-3.2358097244094486
11
5.4010406692913389
21
-3.2370881496062993
0
LINE
8
BLACK
6
CONTINUOUS
10
5.644644133858268
20
-3.2358097244094486
11
5.6459225590551183
21
-3.2370881496062993
0
LINE
8
BLACK
6
CONTINUOUS
10
5.6459225590551183
20
-3.2370881496062993
11
5.6461023622047239
21
-3.2379921259842517
0
LINE
8
BLACK
6
CONTINUOUS
10
5.6461023622047239
20
-3.2379921259842517
11
5.6461023622047239
21
-3.2566929133858267
0
LINE
8
BLACK
6
CONTINUOUS
10
5.6461023622047239
20
-3.2566929133858267
11
5.6459225590551183
21
-3.2575968897637795
0
LINE
8
BLACK
6
CONTINUOUS
10
5.6459225590551183
20
-3.2575968897637795
11
5.644644133858268
21
-3.2588753149606298
0
LINE
8
BLACK
6
CONTINUOUS
10
5.644644133858268
20
-3.2588753149606298
11
5.6428361811023624
21
-3.2588753149606298
0
LINE
8
BLACK
6
CONTINUOUS
10
5.6428361811023624
20
-3.2588753149606298
11
5.6415577559055121
21
-3.2575968897637795
0
LINE
8
BLACK
6
CONTINUOUS
10
5.6415577559055121
20
-3.2575968897637795
11
5.6413779527559056
21
-3.2566929133858267
0
LINE
8
BLACK
6
CONTINUOUS
10
5.6413779527559056
20
-3.2566929133858267
11
5.6413779527559056
21
-3.2403543307086613
0
LINE
8
BLACK
6
CONTINUOUS
10
5.6413779527559056
20
-3.2403543307086613
11
5.6250393700787402
21
-3.2403543307086613
0
LINE
8
BLACK
6
CONTINUOUS
10
5.6250393700787402
20
-3.2403543307086613
11
5.6241353937007874
21
-3.2401745275590552
0
LINE
8
BLACK
6
CONTINUOUS
10
5.6241353937007874
20
-3.2401745275590552
11
5.6228569685039371
21
-3.2388961023622045
0
LINE
8
BLACK
6
CONTINUOUS
10
5.6228569685039371
20
-3.2388961023622045
11
5.6228569685039371
21
-3.2370881496062993
0
LINE
8
BLACK
6
CONTINUOUS
10
5.6228569685039371
20
-3.2370881496062993
11
5.6241353937007874
21
-3.2358097244094486
0
LINE
8
BLACK
6
CONTINUOUS
10
5.6241353937007874
20
-3.2358097244094486
11
5.6250393700787402
21
-3.2356299212598425
0
LINE
8
BLACK
6
CONTINUOUS
10
5.6250393700787402
20
-3.2356299212598425
11
5.6437401574803152
21
-3.2356299212598425
0
LINE
8
BLACK
6
CONTINUOUS
10
5.6437401574803152
20
-3.2356299212598425
11
5.644644133858268
21
-3.2358097244094486
0
LINE
8
BLACK
6
CONTINUOUS
10
5.0039832283464563
20
-3.228768779527559
11
5.0040812204724405
21
-3.2288093700787401
0
LINE
8
BLACK
6
CONTINUOUS
10
5.0040812204724405
20
-3.2288093700787401
11
5.0041870472440948
21
-3.2288168897637797
0
LINE
8
BLACK
6
CONTINUOUS
10
5.0041870472440948
20
-3.2288168897637797
11
5.0047276771653539
21
-3.2290237795275591
0
LINE
8
BLACK
6
CONTINUOUS
10
5.0047276771653539
20
-3.2290237795275591
11
5.008477204724409
21
-3.2308985433070867
0
LINE
8
BLACK
6
CONTINUOUS
10
5.008477204724409
20
-3.2308985433070867
11
5.0087250787401576
21
-3.2310545669291337
0
LINE
8
BLACK
6
CONTINUOUS
10
5.0087250787401576
20
-3.2310545669291337
11
5.0087971259842519
21
-3.2310844094488189
0
LINE
8
BLACK
6
CONTINUOUS
10
5.0087971259842519
20
-3.2310844094488189
11
5.0088781496062991
21
-3.2311509055118108
0
LINE
8
BLACK
6
CONTINUOUS
10
5.0088781496062991
20
-3.2311509055118108
11
5.0089670866141729
21
-3.2312068897637793
0
LINE
8
BLACK
6
CONTINUOUS
10
5.0089670866141729
20
-3.2312068897637793
11
5.0090182283464566
21
-3.2312658661417322
0
LINE
8
BLACK
6
CONTINUOUS
10
5.0090182283464566
20
-3.2312658661417322
11
5.0092445669291337
21
-3.2314516141732281
0
LINE
8
BLACK
6
CONTINUOUS
10
5.0092445669291337
20
-3.2314516141732281
11
5.01111937007874
21
-3.2333263779527557
0
LINE
8
BLACK
6
CONTINUOUS
10
5.01111937007874
20
-3.2333263779527557
11
5.0113051181102364
21
-3.2335527165354332
0
LINE
8
BLACK
6
CONTINUOUS
10
5.0113051181102364
20
-3.2335527165354332
11
5.0113641732283467
21
-3.233603937007874
0
LINE
8
BLACK
6
CONTINUOUS
10
5.0113641732283467
20
-3.233603937007874
11
5.0114201574803152
21
-3.2336928740157478
0
LINE
8
BLACK
6
CONTINUOUS
10
5.0114201574803152
20
-3.2336928740157478
11
5.0114866141732284
21
-3.2337738582677167
0
LINE
8
BLACK
6
CONTINUOUS
10
5.0114866141732284
20
-3.2337738582677167
11
5.0115164173228344
21
-3.2338457874015747
0
LINE
8
BLACK
6
CONTINUOUS
10
5.0115164173228344
20
-3.2338457874015747
11
5.0116725196850389
21
-3.2340938188976378
0
LINE
8
BLACK
6
CONTINUOUS
10
5.0116725196850389
20
-3.2340938188976378
11
5.0135472834645665
21
-3.2378433464566929
0
LINE
8
BLACK
6
CONTINUOUS
10
5.0135472834645665
20
-3.2378433464566929
11
5.0137541732283459
21
-3.2383839370078737
0
LINE
8
BLACK
6
CONTINUOUS
10
5.0137541732283459
20
-3.2383839370078737
11
5.0137616929133859
21
-3.2384898031496063
0
LINE
8
BLACK
6
CONTINUOUS
10
5.0137616929133859
20
-3.2384898031496063
11
5.0138022834645666
21
-3.2385877952755906
0
LINE
8
BLACK
6
CONTINUOUS
10
5.0138022834645666
20
-3.2385877952755906
11
5.0138590157480314
21
-3.2391638582677165
0
LINE
8
BLACK
6
CONTINUOUS
10
5.0138590157480314
20
-3.2391638582677165
11
5.0138590157480314
21
-3.2466629133858267
0
LINE
8
BLACK
6
CONTINUOUS
10
5.0138590157480314
20
-3.2466629133858267
11
5.0138022834645666
21
-3.2472389763779526
0
LINE
8
BLACK
6
CONTINUOUS
10
5.0138022834645666
20
-3.2472389763779526
11
5.0137616929133859
21
-3.2473369291338581
0
LINE
8
BLACK
6
CONTINUOUS
10
5.0137616929133859
20
-3.2473369291338581
11
5.0137541732283459
21
-3.2474428346456694
0
LINE
8
BLACK
6
CONTINUOUS
10
5.0137541732283459
20
-3.2474428346456694
11
5.0135472834645665
21
-3.2479834251968502
0
LINE
8
BLACK
6
CONTINUOUS
10
5.0135472834645665
20
-3.2479834251968502
11
5.0116725196850389
21
-3.2517329527559053
0
LINE
8
BLACK
6
CONTINUOUS
10
5.0116725196850389
20
-3.2517329527559053
11
5.0115164173228344
21
-3.2519809448818897
0
LINE
8
BLACK
6
CONTINUOUS
10
5.0115164173228344
20
-3.2519809448818897
11
5.0114866141732284
21
-3.2520529133858269
0
LINE
8
BLACK
6
CONTINUOUS
10
5.0114866141732284
20
-3.2520529133858269
11
5.0114201574803152
21
-3.2521338582677166
0
LINE
8
BLACK
6
CONTINUOUS
10
5.0114201574803152
20
-3.2521338582677166
11
5.0113641732283467
21
-3.2522228346456692
0
LINE
8
BLACK
6
CONTINUOUS
10
5.0113641732283467
20
-3.2522228346456692
11
5.0113051181102364
21
-3.2522740157480312
0
LINE
8
BLACK
6
CONTINUOUS
10
5.0113051181102364
20
-3.2522740157480312
11
5.01111937007874
21
-3.2525003937007875
0
LINE
8
BLACK
6
CONTINUOUS
10
5.01111937007874
20
-3.2525003937007875
11
5.0092445669291337
21
-3.254375157480315
0
LINE
8
BLACK
6
CONTINUOUS
10
5.0092445669291337
20
-3.254375157480315
11
5.0090182283464566
21
-3.2545608661417322
0
LINE
8
BLACK
6
CONTINUOUS
10
5.0090182283464566
20
-3.2545608661417322
11
5.0089670866141729
21
-3.2546198818897638
0
LINE
8
BLACK
6
CONTINUOUS
10
5.0089670866141729
20
-3.2546198818897638
11
5.0088781496062991
21
-3.2546758267716536
0
LINE
8
BLACK
6
CONTINUOUS
10
5.0088781496062991
20
-3.2546758267716536
11
5.0087971259842519
21
-3.2547423622047242
0
LINE
8
BLACK
6
CONTINUOUS
10
5.0087971259842519
20
-3.2547423622047242
11
5.0087250787401576
21
-3.2547721653543307
0
LINE
8
BLACK
6
CONTINUOUS
10
5.0087250787401576
20
-3.2547721653543307
11
5.008477204724409
21
-3.2549282283464565
0
LINE
8
BLACK
6
CONTINUOUS
10
5.008477204724409
20
-3.2549282283464565
11
5.0047276771653539
21
-3.256802992125984
0
LINE
8
BLACK
6
CONTINUOUS
10
5.0047276771653539
20
-3.256802992125984
11
5.0041870472440948
21
-3.2570098818897639
0
LINE
8
BLACK
6
CONTINUOUS
10
5.0041870472440948
20
-3.2570098818897639
11
5.0040812204724405
21
-3.2570173622047243
0
LINE
8
BLACK
6
CONTINUOUS
10
5.0040812204724405
20
-3.2570173622047243
11
5.0039832283464563
21
-3.2570579921259841
0
LINE
8
BLACK
6
CONTINUOUS
10
5.0039832283464563
20
-3.2570579921259841
11
5.0034071653543304
21
-3.2571147244094489
0
LINE
8
BLACK
6
CONTINUOUS
10
5.0034071653543304
20
-3.2571147244094489
11
4.9940333464566926
21
-3.2571147244094489
0
LINE
8
BLACK
6
CONTINUOUS
10
4.9940333464566926
20
-3.2571147244094489
11
4.9934572834645667
21
-3.2570579921259841
0
LINE
8
BLACK
6
CONTINUOUS
10
4.9934572834645667
20
-3.2570579921259841
11
4.9933592913385825
21
-3.257017401574803
0
LINE
8
BLACK
6
CONTINUOUS
10
4.9933592913385825
20
-3.257017401574803
11
4.9932534251968503
21
-3.2570098818897639
0
LINE
8
BLACK
6
CONTINUOUS
10
4.9932534251968503
20
-3.2570098818897639
11
4.9927128346456691
21
-3.256802992125984
0
LINE
8
BLACK
6
CONTINUOUS
10
4.9927128346456691
20
-3.256802992125984
11
4.988963307086614
21
-3.2549282283464565
0
LINE
8
BLACK
6
CONTINUOUS
10
4.988963307086614
20
-3.2549282283464565
11
4.9887152755905513
21
-3.2547721259842519
0
LINE
8
BLACK
6
CONTINUOUS
10
4.9887152755905513
20
-3.2547721259842519
11
4.9886433464566924
21
-3.2547423228346455
0
LINE
8
BLACK
6
CONTINUOUS
10
4.9886433464566924
20
-3.2547423228346455
11
4.9885623622047239
21
-3.2546758267716536
0
LINE
8
BLACK
6
CONTINUOUS
10
4.9885623622047239
20
-3.2546758267716536
11
4.9884734251968501
21
-3.2546198818897638
0
LINE
8
BLACK
6
CONTINUOUS
10
4.9884734251968501
20
-3.2546198818897638
11
4.9884222440944876
21
-3.2545608661417322
0
LINE
8
BLACK
6
CONTINUOUS
10
4.9884222440944876
20
-3.2545608661417322
11
4.9881959055118106
21
-3.2543751181102363
0
LINE
8
BLACK
6
CONTINUOUS
10
4.9881959055118106
20
-3.2543751181102363
11
4.986321141732283
21
-3.2525003543307087
0
LINE
8
BLACK
6
CONTINUOUS
10
4.986321141732283
20
-3.2525003543307087
11
4.9861353543307088
21
-3.2522739763779529
0
LINE
8
BLACK
6
CONTINUOUS
10
4.9861353543307088
20
-3.2522739763779529
11
4.9860763779527559
21
-3.2522228346456692
0
LINE
8
BLACK
6
CONTINUOUS
10
4.9860763779527559
20
-3.2522228346456692
11
4.9860203937007874
21
-3.2521338582677166
0
LINE
8
BLACK
6
CONTINUOUS
10
4.9860203937007874
20
-3.2521338582677166
11
4.9859539370078743
21
-3.2520529133858269
0
LINE
8
BLACK
6
CONTINUOUS
10
4.9859539370078743
20
-3.2520529133858269
11
4.9859240944881886
21
-3.2519809448818897
0
LINE
8
BLACK
6
CONTINUOUS
10
4.9859240944881886
20
-3.2519809448818897
11
4.9857680314960628
21
-3.2517329527559053
0
LINE
8
BLACK
6
CONTINUOUS
10
4.9857680314960628
20
-3.2517329527559053
11
4.9838932677165353
21
-3.2479834251968502
0
LINE
8
BLACK
6
CONTINUOUS
10
4.9838932677165353
20
-3.2479834251968502
11
4.9836863779527558
21
-3.2474427952755907
0
LINE
8
BLACK
6
CONTINUOUS
10
4.9836863779527558
20
-3.2474427952755907
11
4.9836788582677167
21
-3.2473369685039368
0
LINE
8
BLACK
6
CONTINUOUS
10
4.9836788582677167
20
-3.2473369685039368
11
4.9836382677165352
21
-3.2472389763779526
0
LINE
8
BLACK
6
CONTINUOUS
10
4.9836382677165352
20
-3.2472389763779526
11
4.9835815354330704
21
-3.2466629133858267
0
LINE
8
BLACK
6
CONTINUOUS
10
4.9835815354330704
20
-3.2466629133858267
11
4.9835815354330704
21
-3.2391638582677165
0
LINE
8
BLACK
6
CONTINUOUS
10
4.9835815354330704
20
-3.2391638582677165
11
4.9836382677165352
21
-3.2385877952755906
0
LINE
8
BLACK
6
CONTINUOUS
10
4.9836382677165352
20
-3.2385877952755906
11
4.9836788582677167
21
-3.2384897637795276
0
LINE
8
BLACK
6
CONTINUOUS
10
4.9836788582677167
20
-3.2384897637795276
11
4.9836863779527558
21
-3.2383839763779525
0
LINE
8
BLACK
6
CONTINUOUS
10
4.9836863779527558
20
-3.2383839763779525
11
4.9838932677165353
21
-3.2378433464566929
0
LINE
8
BLACK
6
CONTINUOUS
10
4.9838932677165353
20
-3.2378433464566929
11
4.9850395275590547
21
-3.2355508267716533
0
LINE
8
BLACK
6
CONTINUOUS
10
4.9850395275590547
20
-3.2355508267716533
11
4.9821223622047244
21
-3.2362801181102361
0
LINE
8
BLACK
6
CONTINUOUS
10
4.9821223622047244
20
-3.2362801181102361
11
4.977166811023622
21
-3.2395838188976378
0
LINE
8
BLACK
6
CONTINUOUS
10
4.977166811023622
20
-3.2395838188976378
11
4.9758376771653543
21
-3.2409129527559055
0
LINE
8
BLACK
6
CONTINUOUS
10
4.9758376771653543
20
-3.2409129527559055
11
4.974488937007874
21
-3.2436104330708662
0
LINE
8
BLACK
6
CONTINUOUS
10
4.974488937007874
20
-3.2436104330708662
11
4.974488937007874
21
-3.2504124409448818
0
LINE
8
BLACK
6
CONTINUOUS
10
4.974488937007874
20
-3.2504124409448818
11
4.9744322047244092
21
-3.2509885039370077
0
LINE
8
BLACK
6
CONTINUOUS
10
4.9744322047244092
20
-3.2509885039370077
11
4.9739912992125985
21
-3.2520529133858269
0
LINE
8
BLACK
6
CONTINUOUS
10
4.9739912992125985
20
-3.2520529133858269
11
4.9731766535433071
21
-3.2528675590551179
0
LINE
8
BLACK
6
CONTINUOUS
10
4.9731766535433071
20
-3.2528675590551179
11
4.9721122440944878
21
-3.253308464566929
0
LINE
8
BLACK
6
CONTINUOUS
10
4.9721122440944878
20
-3.253308464566929
11
4.9709601181102361
21
-3.253308464566929
0
LINE
8
BLACK
6
CONTINUOUS
10
4.9709601181102361
20
-3.253308464566929
11
4.9698957086614168
21
-3.2528675590551179
0
LINE
8
BLACK
6
CONTINUOUS
10
4.9698957086614168
20
-3.2528675590551179
11
4.9690810629921263
21
-3.2520529133858269
0
LINE
8
BLACK
6
CONTINUOUS
10
4.9690810629921263
20
-3.2520529133858269
11
4.9686401574803147
21
-3.2509885039370077
0
LINE
8
BLACK
6
CONTINUOUS
10
4.9686401574803147
20
-3.2509885039370077
11
4.9685834251968499
21
-3.2504124409448818
0
LINE
8
BLACK
6
CONTINUOUS
10
4.9685834251968499
20
-3.2504124409448818
11
4.9685834251968499
21
-3.2429133858267716
0
LINE
8
BLACK
6
CONTINUOUS
10
4.9685834251968499
20
-3.2429133858267716
11
4.9686401574803147
21
-3.2423373228346457
0
LINE
8
BLACK
6
CONTINUOUS
10
4.9686401574803147
20
-3.2423373228346457
11
4.9686807480314963
21
-3.2422392913385827
0
LINE
8
BLACK
6
CONTINUOUS
10
4.9686807480314963
20
-3.2422392913385827
11
4.9686882677165354
21
-3.2421335039370076
0
LINE
8
BLACK
6
CONTINUOUS
10
4.9686882677165354
20
-3.2421335039370076
11
4.9688951574803149
21
-3.241592874015748
0
LINE
8
BLACK
6
CONTINUOUS
10
4.9688951574803149
20
-3.241592874015748
11
4.9707699212598424
21
-3.2378433464566929
0
LINE
8
BLACK
6
CONTINUOUS
10
4.9707699212598424
20
-3.2378433464566929
11
4.9709259842519682
21
-3.2375953149606298
0
LINE
8
BLACK
6
CONTINUOUS
10
4.9709259842519682
20
-3.2375953149606298
11
4.9709558267716538
21
-3.2375233858267718
0
LINE
8
BLACK
6
CONTINUOUS
10
4.9709558267716538
20
-3.2375233858267718
11
4.971022283464567
21
-3.2374424015748029
0
LINE
8
BLACK
6
CONTINUOUS
10
4.971022283464567
20
-3.2374424015748029
11
4.9710782677165355
21
-3.2373534645669291
0
LINE
8
BLACK
6
CONTINUOUS
10
4.9710782677165355
20
-3.2373534645669291
11
4.9711372440944883
21
-3.2373022834645671
0
LINE
8
BLACK
6
CONTINUOUS
10
4.9711372440944883
20
-3.2373022834645671
11
4.9713230314960626
21
-3.2370759448818895
0
LINE
8
BLACK
6
CONTINUOUS
10
4.9713230314960626
20
-3.2370759448818895
11
4.9731977952755901
21
-3.235201181102362
0
LINE
8
BLACK
6
CONTINUOUS
10
4.9731977952755901
20
-3.235201181102362
11
4.9731993700787402
21
-3.2351998425196848
0
LINE
8
BLACK
6
CONTINUOUS
10
4.9731993700787402
20
-3.2351998425196848
11
4.9731999606299215
21
-3.2351990157480315
0
LINE
8
BLACK
6
CONTINUOUS
10
4.9731999606299215
20
-3.2351990157480315
11
4.9734299212598421
21
-3.2350106692913383
0
LINE
8
BLACK
6
CONTINUOUS
10
4.9734299212598421
20
-3.2350106692913383
11
4.9736452362204719
21
-3.2348339763779528
0
LINE
8
BLACK
6
CONTINUOUS
10
4.9736452362204719
20
-3.2348339763779528
11
4.9736461023622045
21
-3.2348335826771653
0
LINE
8
BLACK
6
CONTINUOUS
10
4.9736461023622045
20
-3.2348335826771653
11
4.9736477952755909
21
-3.2348322440944881
0
LINE
8
BLACK
6
CONTINUOUS
10
4.9736477952755909
20
-3.2348322440944881
11
4.9792721259842523
21
-3.231082716535433
0
LINE
8
BLACK
6
CONTINUOUS
10
4.9792721259842523
20
-3.231082716535433
11
4.97959
21
-3.2309132283464566
0
LINE
8
BLACK
6
CONTINUOUS
10
4.97959
20
-3.2309132283464566
11
4.9796487401574803
21
-3.2308697244094486
0
LINE
8
BLACK
6
CONTINUOUS
10
4.9796487401574803
20
-3.2308697244094486
11
4.9797181102362202
21
-3.2308449212598425
0
LINE
8
BLACK
6
CONTINUOUS
10
4.9797181102362202
20
-3.2308449212598425
11
4.9797829133858267
21
-3.2308103937007875
0
LINE
8
BLACK
6
CONTINUOUS
10
4.9797829133858267
20
-3.2308103937007875
11
4.9798543307086609
21
-3.2307962598425197
0
LINE
8
BLACK
6
CONTINUOUS
10
4.9798543307086609
20
-3.2307962598425197
11
4.9801938582677163
21
-3.230674960629921
0
LINE
8
BLACK
6
CONTINUOUS
10
4.9801938582677163
20
-3.230674960629921
11
4.9876929133858265
21
-3.2288001968503934
0
LINE
8
BLACK
6
CONTINUOUS
10
4.9876929133858265
20
-3.2288001968503934
11
4.9877927559055113
21
-3.2287853937007873
0
LINE
8
BLACK
6
CONTINUOUS
10
4.9877927559055113
20
-3.2287853937007873
11
4.9878329921259841
21
-3.228768779527559
0
LINE
8
BLACK
6
CONTINUOUS
10
4.9878329921259841
20
-3.228768779527559
11
4.9880500000000003
21
-3.228747401574803
0
LINE
8
BLACK
6
CONTINUOUS
10
4.9880500000000003
20
-3.228747401574803
11
4.9882655118110231
21
-3.2287155511811023
0
LINE
8
BLACK
6
CONTINUOUS
10
4.9882655118110231
20
-3.2287155511811023
11
4.9883085039370076
21
-3.228721929133858
0
LINE
8
BLACK
6
CONTINUOUS
10
4.9883085039370076
20
-3.228721929133858
11
4.9884090551181099
21
-3.2287120472440942
0
LINE
8
BLACK
6
CONTINUOUS
10
4.9884090551181099
20
-3.2287120472440942
11
5.0034071653543304
21
-3.2287120472440942
0
LINE
8
BLACK
6
CONTINUOUS
10
5.0034071653543304
20
-3.2287120472440942
11
5.0039832283464563
21
-3.228768779527559
0
LINE
8
BLACK
6
CONTINUOUS
10
4.9920329133858266
20
-3.2359662992125982
11
4.9908357874015747
21
-3.2371634251968504
0
LINE
8
BLACK
6
CONTINUOUS
10
4.9908357874015747
20
-3.2371634251968504
11
4.9894870472440944
21
-3.2398609055118111
0
LINE
8
BLACK
6
CONTINUOUS
10
4.9894870472440944
20
-3.2398609055118111
11
4.9894870472440944
21
-3.2459658661417321
0
LINE
8
BLACK
6
CONTINUOUS
10
4.9894870472440944
20
-3.2459658661417321
11
4.9908357874015747
21
-3.2486633464566927
0
LINE
8
BLACK
6
CONTINUOUS
10
4.9908357874015747
20
-3.2486633464566927
11
4.9920329133858266
21
-3.249860472440945
0
LINE
8
BLACK
6
CONTINUOUS
10
4.9920329133858266
20
-3.249860472440945
11
4.9947303937007872
21
-3.2512092125984253
0
LINE
8
BLACK
6
CONTINUOUS
10
4.9947303937007872
20
-3.2512092125984253
11
5.0027101181102358
21
-3.2512092125984253
0
LINE
8
BLACK
6
CONTINUOUS
10
5.0027101181102358
20
-3.2512092125984253
11
5.0054075984251964
21
-3.2498604330708663
0
LINE
8
BLACK
6
CONTINUOUS
10
5.0054075984251964
20
-3.2498604330708663
11
5.006604763779527
21
-3.248663307086614
0
LINE
8
BLACK
6
CONTINUOUS
10
5.006604763779527
20
-3.248663307086614
11
5.0079535039370073
21
-3.2459658661417321
0
LINE
8
BLACK
6
CONTINUOUS
10
5.0079535039370073
20
-3.2459658661417321
11
5.0079535039370073
21
-3.2398609055118111
0
LINE
8
BLACK
6
CONTINUOUS
10
5.0079535039370073
20
-3.2398609055118111
11
5.006604763779527
21
-3.2371634251968504
0
LINE
8
BLACK
6
CONTINUOUS
10
5.006604763779527
20
-3.2371634251968504
11
5.0054075984251964
21
-3.2359662992125982
0
LINE
8
BLACK
6
CONTINUOUS
10
5.0054075984251964
20
-3.2359662992125982
11
5.0027101181102358
21
-3.2346175590551178
0
LINE
8
BLACK
6
CONTINUOUS
10
5.0027101181102358
20
-3.2346175590551178
11
4.9947303937007872
21
-3.2346175590551178
0
LINE
8
BLACK
6
CONTINUOUS
10
4.9947303937007872
20
-3.2346175590551178
11
4.9920329133858266
21
-3.2359662992125982
0
LINE
8
BLACK
6
CONTINUOUS
10
6.3619032283464563
20
-3.2245039763779526
11
6.3629337401574801
21
-3.2250192519685039
0
LINE
8
BLACK
6
CONTINUOUS
10
6.3629337401574801
20
-3.2250192519685039
11
6.363688582677165
21
-3.2258896062992126
0
LINE
8
BLACK
6
CONTINUOUS
10
6.363688582677165
20
-3.2258896062992126
11
6.3640529133858266
21
-3.226982598425197
0
LINE
8
BLACK
6
CONTINUOUS
10
6.3640529133858266
20
-3.226982598425197
11
6.3639712598425193
21
-3.2281318110236219
0
LINE
8
BLACK
6
CONTINUOUS
10
6.3639712598425193
20
-3.2281318110236219
11
6.3637643700787399
21
-3.2286724015748032
0
LINE
8
BLACK
6
CONTINUOUS
10
6.3637643700787399
20
-3.2286724015748032
11
6.3618896062992123
21
-3.2324219291338583
0
LINE
8
BLACK
6
CONTINUOUS
10
6.3618896062992123
20
-3.2324219291338583
11
6.3617335826771653
21
-3.2326697244094489
0
LINE
8
BLACK
6
CONTINUOUS
10
6.3617335826771653
20
-3.2326697244094489
11
6.3617037401574805
21
-3.2327418897637794
0
LINE
8
BLACK
6
CONTINUOUS
10
6.3617037401574805
20
-3.2327418897637794
11
6.3616371259842515
21
-3.2328230314960629
0
LINE
8
BLACK
6
CONTINUOUS
10
6.3616371259842515
20
-3.2328230314960629
11
6.3615812598425192
21
-3.2329118110236221
0
LINE
8
BLACK
6
CONTINUOUS
10
6.3615812598425192
20
-3.2329118110236221
11
6.3615223228346451
21
-3.2329629133858266
0
LINE
8
BLACK
6
CONTINUOUS
10
6.3615223228346451
20
-3.2329629133858266
11
6.3613364960629921
21
-3.2331893307086612
0
LINE
8
BLACK
6
CONTINUOUS
10
6.3613364960629921
20
-3.2331893307086612
11
6.35887811023622
21
-3.2356477165354329
0
LINE
8
BLACK
6
CONTINUOUS
10
6.35887811023622
20
-3.2356477165354329
11
6.3862920866141728
21
-3.2356477165354329
0
LINE
8
BLACK
6
CONTINUOUS
10
6.3862920866141728
20
-3.2356477165354329
11
6.3862920866141728
21
-3.2273518897637796
0
LINE
8
BLACK
6
CONTINUOUS
10
6.3862920866141728
20
-3.2273518897637796
11
6.3863488188976376
21
-3.2267758267716533
0
LINE
8
BLACK
6
CONTINUOUS
10
6.3863488188976376
20
-3.2267758267716533
11
6.3867897244094483
21
-3.2257114173228345
0
LINE
8
BLACK
6
CONTINUOUS
10
6.3867897244094483
20
-3.2257114173228345
11
6.3876043700787397
21
-3.224896771653543
0
LINE
8
BLACK
6
CONTINUOUS
10
6.3876043700787397
20
-3.224896771653543
11
6.388668779527559
21
-3.2244558661417324
0
LINE
8
BLACK
6
CONTINUOUS
10
6.388668779527559
20
-3.2244558661417324
11
6.3898209055118107
21
-3.2244558661417324
0
LINE
8
BLACK
6
CONTINUOUS
10
6.3898209055118107
20
-3.2244558661417324
11
6.3908853149606299
21
-3.224896771653543
0
LINE
8
BLACK
6
CONTINUOUS
10
6.3908853149606299
20
-3.224896771653543
11
6.3916999606299214
21
-3.2257114173228345
0
LINE
8
BLACK
6
CONTINUOUS
10
6.3916999606299214
20
-3.2257114173228345
11
6.392140866141732
21
-3.2267758267716533
0
LINE
8
BLACK
6
CONTINUOUS
10
6.392140866141732
20
-3.2267758267716533
11
6.3921975984251969
21
-3.2273518897637796
0
LINE
8
BLACK
6
CONTINUOUS
10
6.3921975984251969
20
-3.2273518897637796
11
6.3921975984251969
21
-3.2498490551181103
0
LINE
8
BLACK
6
CONTINUOUS
10
6.3921975984251969
20
-3.2498490551181103
11
6.392140866141732
21
-3.2504251181102362
0
LINE
8
BLACK
6
CONTINUOUS
10
6.392140866141732
20
-3.2504251181102362
11
6.3916999606299214
21
-3.251489527559055
0
LINE
8
BLACK
6
CONTINUOUS
10
6.3916999606299214
20
-3.251489527559055
11
6.3908853149606299
21
-3.2523041732283464
0
LINE
8
BLACK
6
CONTINUOUS
10
6.3908853149606299
20
-3.2523041732283464
11
6.3898209055118107
21
-3.2527450787401575
0
LINE
8
BLACK
6
CONTINUOUS
10
6.3898209055118107
20
-3.2527450787401575
11
6.388668779527559
21
-3.2527450787401575
0
LINE
8
BLACK
6
CONTINUOUS
10
6.388668779527559
20
-3.2527450787401575
11
6.3876043700787397
21
-3.2523041732283464
0
LINE
8
BLACK
6
CONTINUOUS
10
6.3876043700787397
20
-3.2523041732283464
11
6.3867897244094483
21
-3.251489527559055
0
LINE
8
BLACK
6
CONTINUOUS
10
6.3867897244094483
20
-3.251489527559055
11
6.3863488188976376
21
-3.2504251181102362
0
LINE
8
BLACK
6
CONTINUOUS
10
6.3863488188976376
20
-3.2504251181102362
11
6.3862920866141728
21
-3.2498490551181103
0
LINE
8
BLACK
6
CONTINUOUS
10
6.3862920866141728
20
-3.2498490551181103
11
6.3862920866141728
21
-3.2415532283464565
0
LINE
8
BLACK
6
CONTINUOUS
10
6.3862920866141728
20
-3.2415532283464565
11
6.3498747637795274
21
-3.2415532283464565
0
LINE
8
BLACK
6
CONTINUOUS
10
6.3498747637795274
20
-3.2415532283464565
11
6.3498726771653544
21
-3.241552992125984
0
LINE
8
BLACK
6
CONTINUOUS
10
6.3498726771653544
20
-3.241552992125984
11
6.3498716535433068
21
-3.2415532283464565
0
LINE
8
BLACK
6
CONTINUOUS
10
6.3498716535433068
20
-3.2415532283464565
11
6.3498686220472438
21
-3.2415525984251969
0
LINE
8
BLACK
6
CONTINUOUS
10
6.3498686220472438
20
-3.2415525984251969
11
6.3492987007874016
21
-3.2414964960629922
0
LINE
8
BLACK
6
CONTINUOUS
10
6.3492987007874016
20
-3.2414964960629922
11
6.3490285826771649
21
-3.2413846062992127
0
LINE
8
BLACK
6
CONTINUOUS
10
6.3490285826771649
20
-3.2413846062992127
11
6.348741968503937
21
-3.241327283464567
0
LINE
8
BLACK
6
CONTINUOUS
10
6.348741968503937
20
-3.241327283464567
11
6.3485015748031497
21
-3.2411662992125985
0
LINE
8
BLACK
6
CONTINUOUS
10
6.3485015748031497
20
-3.2411662992125985
11
6.3482342913385823
21
-3.2410555905511811
0
LINE
8
BLACK
6
CONTINUOUS
10
6.3482342913385823
20
-3.2410555905511811
11
6.3480275590551178
21
-3.2408488582677166
0
LINE
8
BLACK
6
CONTINUOUS
10
6.3480275590551178
20
-3.2408488582677166
11
6.34778468503937
21
-3.2406862204724409
0
LINE
8
BLACK
6
CONTINUOUS
10
6.34778468503937
20
-3.2406862204724409
11
6.347624173228346
21
-3.2404454724409448
0
LINE
8
BLACK
6
CONTINUOUS
10
6.347624173228346
20
-3.2404454724409448
11
6.3474196456692908
21
-3.2402409448818896
0
LINE
8
BLACK
6
CONTINUOUS
10
6.3474196456692908
20
-3.2402409448818896
11
6.3473077559055113
21
-3.2399708267716534
0
LINE
8
BLACK
6
CONTINUOUS
10
6.3473077559055113
20
-3.2399708267716534
11
6.3471455905511807
21
-3.2397275984251968
0
LINE
8
BLACK
6
CONTINUOUS
10
6.3471455905511807
20
-3.2397275984251968
11
6.3470894488188971
21
-3.239443779527559
0
LINE
8
BLACK
6
CONTINUOUS
10
6.3470894488188971
20
-3.239443779527559
11
6.3469787401574802
21
-3.2391765354330708
0
LINE
8
BLACK
6
CONTINUOUS
10
6.3469787401574802
20
-3.2391765354330708
11
6.3469787401574802
21
-3.2388841338582677
0
LINE
8
BLACK
6
CONTINUOUS
10
6.3469787401574802
20
-3.2388841338582677
11
6.3469220078740154
21
-3.2385973622047244
0
LINE
8
BLACK
6
CONTINUOUS
10
6.3469220078740154
20
-3.2385973622047244
11
6.3469787401574802
21
-3.2383137007874017
0
LINE
8
BLACK
6
CONTINUOUS
10
6.3469787401574802
20
-3.2383137007874017
11
6.3469787401574802
21
-3.2380244094488186
0
LINE
8
BLACK
6
CONTINUOUS
10
6.3469787401574802
20
-3.2380244094488186
11
6.347090590551181
21
-3.2377542913385824
0
LINE
8
BLACK
6
CONTINUOUS
10
6.347090590551181
20
-3.2377542913385824
11
6.3471479527559049
21
-3.2374676771653541
0
LINE
8
BLACK
6
CONTINUOUS
10
6.3471479527559049
20
-3.2374676771653541
11
6.3473088976377952
21
-3.2372272834645668
0
LINE
8
BLACK
6
CONTINUOUS
10
6.3473088976377952
20
-3.2372272834645668
11
6.3474196456692908
21
-3.2369599999999998
0
LINE
8
BLACK
6
CONTINUOUS
10
6.3474196456692908
20
-3.2369599999999998
11
6.3476263385826774
21
-3.2367532677165354
0
LINE
8
BLACK
6
CONTINUOUS
10
6.3476263385826774
20
-3.2367532677165354
11
6.347789015748031
21
-3.2365103937007875
0
LINE
8
BLACK
6
CONTINUOUS
10
6.347789015748031
20
-3.2365103937007875
11
6.3482322440944881
21
-3.2361473622047243
0
LINE
8
BLACK
6
CONTINUOUS
10
6.3482322440944881
20
-3.2361473622047243
11
6.3482342913385823
21
-3.2361453543307084
0
LINE
8
BLACK
6
CONTINUOUS
10
6.3482342913385823
20
-3.2361453543307084
11
6.3482351574803149
21
-3.2361449606299213
0
LINE
8
BLACK
6
CONTINUOUS
10
6.3482351574803149
20
-3.2361449606299213
11
6.3482368503937003
21
-3.2361436220472442
0
LINE
8
BLACK
6
CONTINUOUS
10
6.3482368503937003
20
-3.2361436220472442
11
6.3536178740157476
21
-3.2325562598425197
0
LINE
8
BLACK
6
CONTINUOUS
10
6.3536178740157476
20
-3.2325562598425197
11
6.3568218503937004
21
-3.2293523228346457
0
LINE
8
BLACK
6
CONTINUOUS
10
6.3568218503937004
20
-3.2293523228346457
11
6.3584823228346457
21
-3.2260313779527556
0
LINE
8
BLACK
6
CONTINUOUS
10
6.3584823228346457
20
-3.2260313779527556
11
6.3587906692913387
21
-3.2255414960629922
0
LINE
8
BLACK
6
CONTINUOUS
10
6.3587906692913387
20
-3.2255414960629922
11
6.3596610629921262
21
-3.224786653543307
0
LINE
8
BLACK
6
CONTINUOUS
10
6.3596610629921262
20
-3.224786653543307
11
6.3607540157480313
21
-3.2244223228346458
0
LINE
8
BLACK
6
CONTINUOUS
10
6.3607540157480313
20
-3.2244223228346458
11
6.3619032283464563
21
-3.2245039763779526
0
LINE
8
BLACK
6
CONTINUOUS
10
5.1879107480314959
20
-3.2155031889763777
11
5.1880905511811024
21
-3.2164071653543305
0
LINE
8
BLACK
6
CONTINUOUS
10
5.1880905511811024
20
-3.2164071653543305
11
5.1880905511811024
21
-3.2350888976377954
0
LINE
8
BLACK
6
CONTINUOUS
10
5.1880905511811024
20
-3.2350888976377954
11
5.1879107480314959
21
-3.2359928740157478
0
LINE
8
BLACK
6
CONTINUOUS
10
5.1879107480314959
20
-3.2359928740157478
11
5.1866323228346456
21
-3.2372712992125985
0
LINE
8
BLACK
6
CONTINUOUS
10
5.1866323228346456
20
-3.2372712992125985
11
5.18482437007874
21
-3.2372712992125985
0
LINE
8
BLACK
6
CONTINUOUS
10
5.18482437007874
20
-3.2372712992125985
11
5.1835459448818897
21
-3.2359928740157478
0
LINE
8
BLACK
6
CONTINUOUS
10
5.1835459448818897
20
-3.2359928740157478
11
5.1833661417322832
21
-3.2350888976377954
0
LINE
8
BLACK
6
CONTINUOUS
10
5.1833661417322832
20
-3.2350888976377954
11
5.1833661417322832
21
-3.2164071653543305
0
LINE
8
BLACK
6
CONTINUOUS
10
5.1833661417322832
20
-3.2164071653543305
11
5.1835459448818897
21
-3.2155031889763777
0
LINE
8
BLACK
6
CONTINUOUS
10
5.1835459448818897
20
-3.2155031889763777
11
5.18482437007874
21
-3.2142247637795274
0
LINE
8
BLACK
6
CONTINUOUS
10
5.18482437007874
20
-3.2142247637795274
11
5.1866323228346456
21
-3.2142247637795274
0
LINE
8
BLACK
6
CONTINUOUS
10
5.1866323228346456
20
-3.2142247637795274
11
5.1879107480314959
21
-3.2155031889763777
0
LINE
8
BLACK
6
CONTINUOUS
10
5.2290524803149605
20
-3.2155031889763777
11
5.229232283464567
21
-3.2164071653543305
0
LINE
8
BLACK
6
CONTINUOUS
10
5.229232283464567
20
-3.2164071653543305
11
5.229232283464567
21
-3.2350888976377954
0
LINE
8
BLACK
6
CONTINUOUS
10
5.229232283464567
20
-3.2350888976377954
11
5.2290524803149605
21
-3.2359928740157478
0
LINE
8
BLACK
6
CONTINUOUS
10
5.2290524803149605
20
-3.2359928740157478
11
5.2277740551181102
21
-3.2372712992125985
0
LINE
8
BLACK
6
CONTINUOUS
10
5.2277740551181102
20
-3.2372712992125985
11
5.2259661023622046
21
-3.2372712992125985
0
LINE
8
BLACK
6
CONTINUOUS
10
5.2259661023622046
20
-3.2372712992125985
11
5.2246876771653543
21
-3.2359928740157478
0
LINE
8
BLACK
6
CONTINUOUS
10
5.2246876771653543
20
-3.2359928740157478
11
5.2245078740157478
21
-3.2350888976377954
0
LINE
8
BLACK
6
CONTINUOUS
10
5.2245078740157478
20
-3.2350888976377954
11
5.2245078740157478
21
-3.2164071653543305
0
LINE
8
BLACK
6
CONTINUOUS
10
5.2245078740157478
20
-3.2164071653543305
11
5.2246876771653543
21
-3.2155031889763777
0
LINE
8
BLACK
6
CONTINUOUS
10
5.2246876771653543
20
-3.2155031889763777
11
5.2259661023622046
21
-3.2142247637795274
0
LINE
8
BLACK
6
CONTINUOUS
10
5.2259661023622046
20
-3.2142247637795274
11
5.2277740551181102
21
-3.2142247637795274
0
LINE
8
BLACK
6
CONTINUOUS
10
5.2277740551181102
20
-3.2142247637795274
11
5.2290524803149605
21
-3.2155031889763777
0
LINE
8
BLACK
6
CONTINUOUS
10
5.1079107480314958
20
-3.2130228740157478
11
5.1080905511811023
21
-3.2139268503937006
0
LINE
8
BLACK
6
CONTINUOUS
10
5.1080905511811023
20
-3.2139268503937006
11
5.1080905511811023
21
-3.2326085826771651
0
LINE
8
BLACK
6
CONTINUOUS
10
5.1080905511811023
20
-3.2326085826771651
11
5.1079107480314958
21
-3.2335125590551179
0
LINE
8
BLACK
6
CONTINUOUS
10
5.1079107480314958
20
-3.2335125590551179
11
5.1066323228346455
21
-3.2347909842519686
0
LINE
8
BLACK
6
CONTINUOUS
10
5.1066323228346455
20
-3.2347909842519686
11
5.1048243700787399
21
-3.2347909842519686
0
LINE
8
BLACK
6
CONTINUOUS
10
5.1048243700787399
20
-3.2347909842519686
11
5.1035459448818896
21
-3.2335125590551179
0
LINE
8
BLACK
6
CONTINUOUS
10
5.1035459448818896
20
-3.2335125590551179
11
5.1033661417322831
21
-3.2326085826771651
0
LINE
8
BLACK
6
CONTINUOUS
10
5.1033661417322831
20
-3.2326085826771651
11
5.1033661417322831
21
-3.2139268503937006
0
LINE
8
BLACK
6
CONTINUOUS
10
5.1033661417322831
20
-3.2139268503937006
11
5.1035459448818896
21
-3.2130228740157478
0
LINE
8
BLACK
6
CONTINUOUS
10
5.1035459448818896
20
-3.2130228740157478
11
5.1048243700787399
21
-3.2117444488188975
0
LINE
8
BLACK
6
CONTINUOUS
10
5.1048243700787399
20
-3.2117444488188975
11
5.1066323228346455
21
-3.2117444488188975
0
LINE
8
BLACK
6
CONTINUOUS
10
5.1066323228346455
20
-3.2117444488188975
11
5.1079107480314958
21
-3.2130228740157478
0
LINE
8
BLACK
6
CONTINUOUS
10
5.1490524803149604
20
-3.2130228740157478
11
5.149232283464567
21
-3.2139268503937006
0
LINE
8
BLACK
6
CONTINUOUS
10
5.149232283464567
20
-3.2139268503937006
11
5.149232283464567
21
-3.2326085826771651
0
LINE
8
BLACK
6
CONTINUOUS
10
5.149232283464567
20
-3.2326085826771651
11
5.1490524803149604
21
-3.2335125590551179
0
LINE
8
BLACK
6
CONTINUOUS
10
5.1490524803149604
20
-3.2335125590551179
11
5.1477740551181101
21
-3.2347909842519686
0
LINE
8
BLACK
6
CONTINUOUS
10
5.1477740551181101
20
-3.2347909842519686
11
5.1459661023622045
21
-3.2347909842519686
0
LINE
8
BLACK
6
CONTINUOUS
10
5.1459661023622045
20
-3.2347909842519686
11
5.1446876771653542
21
-3.2335125590551179
0
LINE
8
BLACK
6
CONTINUOUS
10
5.1446876771653542
20
-3.2335125590551179
11
5.1445078740157477
21
-3.2326085826771651
0
LINE
8
BLACK
6
CONTINUOUS
10
5.1445078740157477
20
-3.2326085826771651
11
5.1445078740157477
21
-3.2139268503937006
0
LINE
8
BLACK
6
CONTINUOUS
10
5.1445078740157477
20
-3.2139268503937006
11
5.1446876771653542
21
-3.2130228740157478
0
LINE
8
BLACK
6
CONTINUOUS
10
5.1446876771653542
20
-3.2130228740157478
11
5.1459661023622045
21
-3.2117444488188975
0
LINE
8
BLACK
6
CONTINUOUS
10
5.1459661023622045
20
-3.2117444488188975
11
5.1477740551181101
21
-3.2117444488188975
0
LINE
8
BLACK
6
CONTINUOUS
10
5.1477740551181101
20
-3.2117444488188975
11
5.1490524803149604
21
-3.2130228740157478
0
LINE
8
BLACK
6
CONTINUOUS
10
5.0309107480314958
20
-3.2129835039370076
11
5.0310905511811024
21
-3.2138874803149604
0
LINE
8
BLACK
6
CONTINUOUS
10
5.0310905511811024
20
-3.2138874803149604
11
5.0310905511811024
21
-3.2325692125984253
0
LINE
8
BLACK
6
CONTINUOUS
10
5.0310905511811024
20
-3.2325692125984253
11
5.0309107480314958
21
-3.2334731889763777
0
LINE
8
BLACK
6
CONTINUOUS
10
5.0309107480314958
20
-3.2334731889763777
11
5.0296323228346456
21
-3.2347516141732284
0
LINE
8
BLACK
6
CONTINUOUS
10
5.0296323228346456
20
-3.2347516141732284
11
5.0278243700787399
21
-3.2347516141732284
0
LINE
8
BLACK
6
CONTINUOUS
10
5.0278243700787399
20
-3.2347516141732284
11
5.0265459448818897
21
-3.2334731889763777
0
LINE
8
BLACK
6
CONTINUOUS
10
5.0265459448818897
20
-3.2334731889763777
11
5.0263661417322831
21
-3.2325692125984253
0
LINE
8
BLACK
6
CONTINUOUS
10
5.0263661417322831
20
-3.2325692125984253
11
5.0263661417322831
21
-3.2138874803149604
0
LINE
8
BLACK
6
CONTINUOUS
10
5.0263661417322831
20
-3.2138874803149604
11
5.0265459448818897
21
-3.2129835039370076
0
LINE
8
BLACK
6
CONTINUOUS
10
5.0265459448818897
20
-3.2129835039370076
11
5.0278243700787399
21
-3.2117050787401573
0
LINE
8
BLACK
6
CONTINUOUS
10
5.0278243700787399
20
-3.2117050787401573
11
5.0296323228346456
21
-3.2117050787401573
0
LINE
8
BLACK
6
CONTINUOUS
10
5.0296323228346456
20
-3.2117050787401573
11
5.0309107480314958
21
-3.2129835039370076
0
LINE
8
BLACK
6
CONTINUOUS
10
5.0720524803149605
20
-3.2129835039370076
11
5.072232283464567
21
-3.2138874803149604
0
LINE
8
BLACK
6
CONTINUOUS
10
5.072232283464567
20
-3.2138874803149604
11
5.072232283464567
21
-3.2325692125984253
0
LINE
8
BLACK
6
CONTINUOUS
10
5.072232283464567
20
-3.2325692125984253
11
5.0720524803149605
21
-3.2334731889763777
0
LINE
8
BLACK
6
CONTINUOUS
10
5.0720524803149605
20
-3.2334731889763777
11
5.0707740551181102
21
-3.2347516141732284
0
LINE
8
BLACK
6
CONTINUOUS
10
5.0707740551181102
20
-3.2347516141732284
11
5.0689661023622046
21
-3.2347516141732284
0
LINE
8
BLACK
6
CONTINUOUS
10
5.0689661023622046
20
-3.2347516141732284
11
5.0676876771653543
21
-3.2334731889763777
0
LINE
8
BLACK
6
CONTINUOUS
10
5.0676876771653543
20
-3.2334731889763777
11
5.0675078740157478
21
-3.2325692125984253
0
LINE
8
BLACK
6
CONTINUOUS
10
5.0675078740157478
20
-3.2325692125984253
11
5.0675078740157478
21
-3.2138874803149604
0
LINE
8
BLACK
6
CONTINUOUS
10
5.0675078740157478
20
-3.2138874803149604
11
5.0676876771653543
21
-3.2129835039370076
0
LINE
8
BLACK
6
CONTINUOUS
10
5.0676876771653543
20
-3.2129835039370076
11
5.0689661023622046
21
-3.2117050787401573
0
LINE
8
BLACK
6
CONTINUOUS
10
5.0689661023622046
20
-3.2117050787401573
11
5.0707740551181102
21
-3.2117050787401573
0
LINE
8
BLACK
6
CONTINUOUS
10
5.0707740551181102
20
-3.2117050787401573
11
5.0720524803149605
21
-3.2129835039370076
0
LINE
8
BLACK
6
CONTINUOUS
10
5.0114823228346452
20
-3.1912734645669292
11
5.0125467322834645
21
-3.1917143700787403
0
LINE
8
BLACK
6
CONTINUOUS
10
5.0125467322834645
20
-3.1917143700787403
11
5.0133613779527559
21
-3.1925290157480313
0
LINE
8
BLACK
6
CONTINUOUS
10
5.0133613779527559
20
-3.1925290157480313
11
5.0138022834645666
21
-3.1935934251968505
0
LINE
8
BLACK
6
CONTINUOUS
10
5.0138022834645666
20
-3.1935934251968505
11
5.0138022834645666
21
-3.1947455511811023
0
LINE
8
BLACK
6
CONTINUOUS
10
5.0138022834645666
20
-3.1947455511811023
11
5.0133613779527559
21
-3.1958099606299211
0
LINE
8
BLACK
6
CONTINUOUS
10
5.0133613779527559
20
-3.1958099606299211
11
5.0125467322834645
21
-3.1966246062992125
0
LINE
8
BLACK
6
CONTINUOUS
10
5.0125467322834645
20
-3.1966246062992125
11
5.0114823228346452
21
-3.1970655118110236
0
LINE
8
BLACK
6
CONTINUOUS
10
5.0114823228346452
20
-3.1970655118110236
11
5.0109062598425194
21
-3.197122244094488
0
LINE
8
BLACK
6
CONTINUOUS
10
5.0109062598425194
20
-3.197122244094488
11
4.9951113385826771
21
-3.197122244094488
0
LINE
8
BLACK
6
CONTINUOUS
10
4.9951113385826771
20
-3.197122244094488
11
4.9951113385826771
21
-3.2020059055118111
0
LINE
8
BLACK
6
CONTINUOUS
10
4.9951113385826771
20
-3.2020059055118111
11
5.0125995669291337
21
-3.2142476771653543
0
LINE
8
BLACK
6
CONTINUOUS
10
5.0125995669291337
20
-3.2142476771653543
11
5.0130389370078738
21
-3.2146244881889765
0
LINE
8
BLACK
6
CONTINUOUS
10
5.0130389370078738
20
-3.2146244881889765
11
5.0136581102362205
21
-3.2155961023622046
0
LINE
8
BLACK
6
CONTINUOUS
10
5.0136581102362205
20
-3.2155961023622046
11
5.0138583464566926
21
-3.2167306299212597
0
LINE
8
BLACK
6
CONTINUOUS
10
5.0138583464566926
20
-3.2167306299212597
11
5.0136091338582673
21
-3.2178554724409447
0
LINE
8
BLACK
6
CONTINUOUS
10
5.0136091338582673
20
-3.2178554724409447
11
5.0129484251968499
21
-3.2187993307086615
0
LINE
8
BLACK
6
CONTINUOUS
10
5.0129484251968499
20
-3.2187993307086615
11
5.011976850393701
21
-3.2194185039370078
0
LINE
8
BLACK
6
CONTINUOUS
10
5.011976850393701
20
-3.2194185039370078
11
5.0108422834645667
21
-3.2196187007874015
0
LINE
8
BLACK
6
CONTINUOUS
10
5.0108422834645667
20
-3.2196187007874015
11
5.0097174409448817
21
-3.219369527559055
0
LINE
8
BLACK
6
CONTINUOUS
10
5.0097174409448817
20
-3.219369527559055
11
5.0092129921259838
21
-3.2190856692913385
0
LINE
8
BLACK
6
CONTINUOUS
10
5.0092129921259838
20
-3.2190856692913385
11
4.9951070078740161
21
-3.2092114960629923
0
LINE
8
BLACK
6
CONTINUOUS
10
4.9951070078740161
20
-3.2092114960629923
11
4.9950546062992123
21
-3.2097436614173227
0
LINE
8
BLACK
6
CONTINUOUS
10
4.9950546062992123
20
-3.2097436614173227
11
4.9950140157480316
21
-3.2098416141732282
0
LINE
8
BLACK
6
CONTINUOUS
10
4.9950140157480316
20
-3.2098416141732282
11
4.9950064960629916
21
-3.2099475196850391
0
LINE
8
BLACK
6
CONTINUOUS
10
4.9950064960629916
20
-3.2099475196850391
11
4.9947996062992122
21
-3.2104881102362204
0
LINE
8
BLACK
6
CONTINUOUS
10
4.9947996062992122
20
-3.2104881102362204
11
4.9929248425196846
21
-3.2142376377952755
0
LINE
8
BLACK
6
CONTINUOUS
10
4.9929248425196846
20
-3.2142376377952755
11
4.9927687401574801
21
-3.2144856299212599
0
LINE
8
BLACK
6
CONTINUOUS
10
4.9927687401574801
20
-3.2144856299212599
11
4.9927389370078741
21
-3.2145575984251966
0
LINE
8
BLACK
6
CONTINUOUS
10
4.9927389370078741
20
-3.2145575984251966
11
4.9926724409448822
21
-3.2146385433070868
0
LINE
8
BLACK
6
CONTINUOUS
10
4.9926724409448822
20
-3.2146385433070868
11
4.9926164960629924
21
-3.2147275196850393
0
LINE
8
BLACK
6
CONTINUOUS
10
4.9926164960629924
20
-3.2147275196850393
11
4.9925574803149608
21
-3.2147786614173226
0
LINE
8
BLACK
6
CONTINUOUS
10
4.9925574803149608
20
-3.2147786614173226
11
4.9923717322834644
21
-3.2150050393700789
0
LINE
8
BLACK
6
CONTINUOUS
10
4.9923717322834644
20
-3.2150050393700789
11
4.9904969685039369
21
-3.2168798031496064
0
LINE
8
BLACK
6
CONTINUOUS
10
4.9904969685039369
20
-3.2168798031496064
11
4.9902705905511811
21
-3.2170655511811024
0
LINE
8
BLACK
6
CONTINUOUS
10
4.9902705905511811
20
-3.2170655511811024
11
4.9902194488188973
21
-3.217124566929134
0
LINE
8
BLACK
6
CONTINUOUS
10
4.9902194488188973
20
-3.217124566929134
11
4.9901304724409448
21
-3.2171805118110237
0
LINE
8
BLACK
6
CONTINUOUS
10
4.9901304724409448
20
-3.2171805118110237
11
4.9900495275590551
21
-3.2172470078740156
0
LINE
8
BLACK
6
CONTINUOUS
10
4.9900495275590551
20
-3.2172470078740156
11
4.9899775590551183
21
-3.2172768110236221
0
LINE
8
BLACK
6
CONTINUOUS
10
4.9899775590551183
20
-3.2172768110236221
11
4.9897295669291335
21
-3.2174329133858266
0
LINE
8
BLACK
6
CONTINUOUS
10
4.9897295669291335
20
-3.2174329133858266
11
4.9859800393700784
21
-3.2193076771653542
0
LINE
8
BLACK
6
CONTINUOUS
10
4.9859800393700784
20
-3.2193076771653542
11
4.9854394094488184
21
-3.2195145669291336
0
LINE
8
BLACK
6
CONTINUOUS
10
4.9854394094488184
20
-3.2195145669291336
11
4.985333582677165
21
-3.2195220472440944
0
LINE
8
BLACK
6
CONTINUOUS
10
4.985333582677165
20
-3.2195220472440944
11
4.9852355905511807
21
-3.2195626771653543
0
LINE
8
BLACK
6
CONTINUOUS
10
4.9852355905511807
20
-3.2195626771653543
11
4.9846595275590548
21
-3.2196194094488186
0
LINE
8
BLACK
6
CONTINUOUS
10
4.9846595275590548
20
-3.2196194094488186
11
4.9790352362204722
21
-3.2196194094488186
0
LINE
8
BLACK
6
CONTINUOUS
10
4.9790352362204722
20
-3.2196194094488186
11
4.9784591732283463
21
-3.2195626771653543
0
LINE
8
BLACK
6
CONTINUOUS
10
4.9784591732283463
20
-3.2195626771653543
11
4.978361181102362
21
-3.2195220866141732
0
LINE
8
BLACK
6
CONTINUOUS
10
4.978361181102362
20
-3.2195220866141732
11
4.9782553149606299
21
-3.2195145669291336
0
LINE
8
BLACK
6
CONTINUOUS
10
4.9782553149606299
20
-3.2195145669291336
11
4.9777147244094486
21
-3.2193076771653542
0
LINE
8
BLACK
6
CONTINUOUS
10
4.9777147244094486
20
-3.2193076771653542
11
4.9739651968503935
21
-3.2174329133858266
0
LINE
8
BLACK
6
CONTINUOUS
10
4.9739651968503935
20
-3.2174329133858266
11
4.9737171653543308
21
-3.2172768110236221
0
LINE
8
BLACK
6
CONTINUOUS
10
4.9737171653543308
20
-3.2172768110236221
11
4.9736452362204719
21
-3.2172470078740156
0
LINE
8
BLACK
6
CONTINUOUS
10
4.9736452362204719
20
-3.2172470078740156
11
4.9735642519685035
21
-3.2171805118110237
0
LINE
8
BLACK
6
CONTINUOUS
10
4.9735642519685035
20
-3.2171805118110237
11
4.9734753149606297
21
-3.217124566929134
0
LINE
8
BLACK
6
CONTINUOUS
10
4.9734753149606297
20
-3.217124566929134
11
4.9734241338582672
21
-3.2170655511811024
0
LINE
8
BLACK
6
CONTINUOUS
10
4.9734241338582672
20
-3.2170655511811024
11
4.9731977952755901
21
-3.2168798031496064
0
LINE
8
BLACK
6
CONTINUOUS
10
4.9731977952755901
20
-3.2168798031496064
11
4.9713230314960626
21
-3.2150050393700789
0
LINE
8
BLACK
6
CONTINUOUS
10
4.9713230314960626
20
-3.2150050393700789
11
4.9711372440944883
21
-3.2147786614173226
0
LINE
8
BLACK
6
CONTINUOUS
10
4.9711372440944883
20
-3.2147786614173226
11
4.9710782677165355
21
-3.2147275196850393
0
LINE
8
BLACK
6
CONTINUOUS
10
4.9710782677165355
20
-3.2147275196850393
11
4.971022283464567
21
-3.2146385433070868
0
LINE
8
BLACK
6
CONTINUOUS
10
4.971022283464567
20
-3.2146385433070868
11
4.9709558267716538
21
-3.2145575984251966
0
LINE
8
BLACK
6
CONTINUOUS
10
4.9709558267716538
20
-3.2145575984251966
11
4.9709259842519682
21
-3.2144856299212599
0
LINE
8
BLACK
6
CONTINUOUS
10
4.9709259842519682
20
-3.2144856299212599
11
4.9707699212598424
21
-3.2142376377952755
0
LINE
8
BLACK
6
CONTINUOUS
10
4.9707699212598424
20
-3.2142376377952755
11
4.9688951574803149
21
-3.2104881102362204
0
LINE
8
BLACK
6
CONTINUOUS
10
4.9688951574803149
20
-3.2104881102362204
11
4.9686882677165354
21
-3.2099474803149604
0
LINE
8
BLACK
6
CONTINUOUS
10
4.9686882677165354
20
-3.2099474803149604
11
4.9686807480314963
21
-3.209841653543307
0
LINE
8
BLACK
6
CONTINUOUS
10
4.9686807480314963
20
-3.209841653543307
11
4.9686401574803147
21
-3.2097436614173227
0
LINE
8
BLACK
6
CONTINUOUS
10
4.9686401574803147
20
-3.2097436614173227
11
4.9685834251968499
21
-3.2091675984251968
0
LINE
8
BLACK
6
CONTINUOUS
10
4.9685834251968499
20
-3.2091675984251968
11
4.9685834251968499
21
-3.1941694881889764
0
LINE
8
BLACK
6
CONTINUOUS
10
4.9685834251968499
20
-3.1941694881889764
11
4.9686401574803147
21
-3.1935934251968505
0
LINE
8
BLACK
6
CONTINUOUS
10
4.9686401574803147
20
-3.1935934251968505
11
4.9690810629921263
21
-3.1925290157480313
0
LINE
8
BLACK
6
CONTINUOUS
10
4.9690810629921263
20
-3.1925290157480313
11
4.9698957086614168
21
-3.1917143700787403
0
LINE
8
BLACK
6
CONTINUOUS
10
4.9698957086614168
20
-3.1917143700787403
11
4.9709601181102361
21
-3.1912734645669292
0
LINE
8
BLACK
6
CONTINUOUS
10
4.9709601181102361
20
-3.1912734645669292
11
4.971536181102362
21
-3.1912167322834644
0
LINE
8
BLACK
6
CONTINUOUS
10
4.971536181102362
20
-3.1912167322834644
11
5.0109062598425194
21
-3.1912167322834644
0
LINE
8
BLACK
6
CONTINUOUS
10
5.0109062598425194
20
-3.1912167322834644
11
5.0114823228346452
21
-3.1912734645669292
0
LINE
8
BLACK
6
CONTINUOUS
10
4.974488937007874
20
-3.2084705511811022
11
4.9758376771653543
21
-3.2111680314960629
0
LINE
8
BLACK
6
CONTINUOUS
10
4.9758376771653543
20
-3.2111680314960629
11
4.9770348031496061
21
-3.2123651574803147
0
LINE
8
BLACK
6
CONTINUOUS
10
4.9770348031496061
20
-3.2123651574803147
11
4.9797322834645668
21
-3.213713897637795
0
LINE
8
BLACK
6
CONTINUOUS
10
4.9797322834645668
20
-3.213713897637795
11
4.9839624803149603
21
-3.213713897637795
0
LINE
8
BLACK
6
CONTINUOUS
10
4.9839624803149603
20
-3.213713897637795
11
4.9866599606299209
21
-3.2123651574803147
0
LINE
8
BLACK
6
CONTINUOUS
10
4.9866599606299209
20
-3.2123651574803147
11
4.9878570866141727
21
-3.2111680314960629
0
LINE
8
BLACK
6
CONTINUOUS
10
4.9878570866141727
20
-3.2111680314960629
11
4.989205826771653
21
-3.2084705511811022
0
LINE
8
BLACK
6
CONTINUOUS
10
4.989205826771653
20
-3.2084705511811022
11
4.989205826771653
21
-3.197122244094488
0
LINE
8
BLACK
6
CONTINUOUS
10
4.989205826771653
20
-3.197122244094488
11
4.974488937007874
21
-3.197122244094488
0
LINE
8
BLACK
6
CONTINUOUS
10
4.974488937007874
20
-3.197122244094488
11
4.974488937007874
21
-3.2084705511811022
0
LINE
8
BLACK
6
CONTINUOUS
10
6.4105288582677167
20
-3.1927278346456691
11
6.4107086614173223
21
-3.1936318110236219
0
LINE
8
BLACK
6
CONTINUOUS
10
6.4107086614173223
20
-3.1936318110236219
11
6.4107086614173223
21
-3.2142028346456692
0
LINE
8
BLACK
6
CONTINUOUS
10
6.4107086614173223
20
-3.2142028346456692
11
6.4105288582677167
21
-3.2151068110236221
0
LINE
8
BLACK
6
CONTINUOUS
10
6.4105288582677167
20
-3.2151068110236221
11
6.4092504330708664
21
-3.2163852362204723
0
LINE
8
BLACK
6
CONTINUOUS
10
6.4092504330708664
20
-3.2163852362204723
11
6.4074424803149608
21
-3.2163852362204723
0
LINE
8
BLACK
6
CONTINUOUS
10
6.4074424803149608
20
-3.2163852362204723
11
6.4061640551181105
21
-3.2151068110236221
0
LINE
8
BLACK
6
CONTINUOUS
10
6.4061640551181105
20
-3.2151068110236221
11
6.405984251968504
21
-3.2142028346456692
0
LINE
8
BLACK
6
CONTINUOUS
10
6.405984251968504
20
-3.2142028346456692
11
6.405984251968504
21
-3.1936318110236219
0
LINE
8
BLACK
6
CONTINUOUS
10
6.405984251968504
20
-3.1936318110236219
11
6.4061640551181105
21
-3.1927278346456691
0
LINE
8
BLACK
6
CONTINUOUS
10
6.4061640551181105
20
-3.1927278346456691
11
6.4074424803149608
21
-3.1914494094488188
0
LINE
8
BLACK
6
CONTINUOUS
10
6.4074424803149608
20
-3.1914494094488188
11
6.4092504330708664
21
-3.1914494094488188
0
LINE
8
BLACK
6
CONTINUOUS
10
6.4092504330708664
20
-3.1914494094488188
11
6.4105288582677167
21
-3.1927278346456691
0
LINE
8
BLACK
6
CONTINUOUS
10
6.4664343700787397
20
-3.1927278346456691
11
6.4666141732283462
21
-3.1936318110236219
0
LINE
8
BLACK
6
CONTINUOUS
10
6.4666141732283462
20
-3.1936318110236219
11
6.4666141732283462
21
-3.2142028346456692
0
LINE
8
BLACK
6
CONTINUOUS
10
6.4666141732283462
20
-3.2142028346456692
11
6.4664343700787397
21
-3.2151068110236221
0
LINE
8
BLACK
6
CONTINUOUS
10
6.4664343700787397
20
-3.2151068110236221
11
6.4651559448818894
21
-3.2163852362204723
0
LINE
8
BLACK
6
CONTINUOUS
10
6.4651559448818894
20
-3.2163852362204723
11
6.4633479921259838
21
-3.2163852362204723
0
LINE
8
BLACK
6
CONTINUOUS
10
6.4633479921259838
20
-3.2163852362204723
11
6.4620695669291335
21
-3.2151068110236221
0
LINE
8
BLACK
6
CONTINUOUS
10
6.4620695669291335
20
-3.2151068110236221
11
6.4618897637795278
21
-3.2142028346456692
0
LINE
8
BLACK
6
CONTINUOUS
10
6.4618897637795278
20
-3.2142028346456692
11
6.4618897637795278
21
-3.1936318110236219
0
LINE
8
BLACK
6
CONTINUOUS
10
6.4618897637795278
20
-3.1936318110236219
11
6.4620695669291335
21
-3.1927278346456691
0
LINE
8
BLACK
6
CONTINUOUS
10
6.4620695669291335
20
-3.1927278346456691
11
6.4633479921259838
21
-3.1914494094488188
0
LINE
8
BLACK
6
CONTINUOUS
10
6.4633479921259838
20
-3.1914494094488188
11
6.4651559448818894
21
-3.1914494094488188
0
LINE
8
BLACK
6
CONTINUOUS
10
6.4651559448818894
20
-3.1914494094488188
11
6.4664343700787397
21
-3.1927278346456691
0
LINE
8
BLACK
6
CONTINUOUS
10
6.3619032283464563
20
-3.1870086614173228
11
6.3629337401574801
21
-3.1875239370078741
0
LINE
8
BLACK
6
CONTINUOUS
10
6.3629337401574801
20
-3.1875239370078741
11
6.363688582677165
21
-3.1883942913385828
0
LINE
8
BLACK
6
CONTINUOUS
10
6.363688582677165
20
-3.1883942913385828
11
6.3640529133858266
21
-3.1894872834645667
0
LINE
8
BLACK
6
CONTINUOUS
10
6.3640529133858266
20
-3.1894872834645667
11
6.3639712598425193
21
-3.190636496062992
0
LINE
8
BLACK
6
CONTINUOUS
10
6.3639712598425193
20
-3.190636496062992
11
6.3637643700787399
21
-3.1911770866141733
0
LINE
8
BLACK
6
CONTINUOUS
10
6.3637643700787399
20
-3.1911770866141733
11
6.3618896062992123
21
-3.1949266141732284
0
LINE
8
BLACK
6
CONTINUOUS
10
6.3618896062992123
20
-3.1949266141732284
11
6.3617335826771653
21
-3.195174409448819
0
LINE
8
BLACK
6
CONTINUOUS
10
6.3617335826771653
20
-3.195174409448819
11
6.3617037401574805
21
-3.1952465748031496
0
LINE
8
BLACK
6
CONTINUOUS
10
6.3617037401574805
20
-3.1952465748031496
11
6.3616371259842515
21
-3.195327716535433
0
LINE
8
BLACK
6
CONTINUOUS
10
6.3616371259842515
20
-3.195327716535433
11
6.3615812598425192
21
-3.1954164960629923
0
LINE
8
BLACK
6
CONTINUOUS
10
6.3615812598425192
20
-3.1954164960629923
11
6.3615223228346451
21
-3.1954675984251968
0
LINE
8
BLACK
6
CONTINUOUS
10
6.3615223228346451
20
-3.1954675984251968
11
6.3613364960629921
21
-3.1956940157480314
0
LINE
8
BLACK
6
CONTINUOUS
10
6.3613364960629921
20
-3.1956940157480314
11
6.35887811023622
21
-3.1981524015748031
0
LINE
8
BLACK
6
CONTINUOUS
10
6.35887811023622
20
-3.1981524015748031
11
6.3862920866141728
21
-3.1981524015748031
0
LINE
8
BLACK
6
CONTINUOUS
10
6.3862920866141728
20
-3.1981524015748031
11
6.3862920866141728
21
-3.1898565748031493
0
LINE
8
BLACK
6
CONTINUOUS
10
6.3862920866141728
20
-3.1898565748031493
11
6.3863488188976376
21
-3.1892805118110235
0
LINE
8
BLACK
6
CONTINUOUS
10
6.3863488188976376
20
-3.1892805118110235
11
6.3867897244094483
21
-3.1882161023622047
0
LINE
8
BLACK
6
CONTINUOUS
10
6.3867897244094483
20
-3.1882161023622047
11
6.3876043700787397
21
-3.1874014566929132
0
LINE
8
BLACK
6
CONTINUOUS
10
6.3876043700787397
20
-3.1874014566929132
11
6.388668779527559
21
-3.1869605511811021
0
LINE
8
BLACK
6
CONTINUOUS
10
6.388668779527559
20
-3.1869605511811021
11
6.3898209055118107
21
-3.1869605511811021
0
LINE
8
BLACK
6
CONTINUOUS
10
6.3898209055118107
20
-3.1869605511811021
11
6.3908853149606299
21
-3.1874014566929132
0
LINE
8
BLACK
6
CONTINUOUS
10
6.3908853149606299
20
-3.1874014566929132
11
6.3916999606299214
21
-3.1882161023622047
0
LINE
8
BLACK
6
CONTINUOUS
10
6.3916999606299214
20
-3.1882161023622047
11
6.392140866141732
21
-3.1892805118110235
0
LINE
8
BLACK
6
CONTINUOUS
10
6.392140866141732
20
-3.1892805118110235
11
6.3921975984251969
21
-3.1898565748031493
0
LINE
8
BLACK
6
CONTINUOUS
10
6.3921975984251969
20
-3.1898565748031493
11
6.3921975984251969
21
-3.2123537401574804
0
LINE
8
BLACK
6
CONTINUOUS
10
6.3921975984251969
20
-3.2123537401574804
11
6.392140866141732
21
-3.2129298031496063
0
LINE
8
BLACK
6
CONTINUOUS
10
6.392140866141732
20
-3.2129298031496063
11
6.3916999606299214
21
-3.2139942125984251
0
LINE
8
BLACK
6
CONTINUOUS
10
6.3916999606299214
20
-3.2139942125984251
11
6.3908853149606299
21
-3.2148088582677166
0
LINE
8
BLACK
6
CONTINUOUS
10
6.3908853149606299
20
-3.2148088582677166
11
6.3898209055118107
21
-3.2152497637795276
0
LINE
8
BLACK
6
CONTINUOUS
10
6.3898209055118107
20
-3.2152497637795276
11
6.388668779527559
21
-3.2152497637795276
0
LINE
8
BLACK
6
CONTINUOUS
10
6.388668779527559
20
-3.2152497637795276
11
6.3876043700787397
21
-3.2148088582677166
0
LINE
8
BLACK
6
CONTINUOUS
10
6.3876043700787397
20
-3.2148088582677166
11
6.3867897244094483
21
-3.2139942125984251
0
LINE
8
BLACK
6
CONTINUOUS
10
6.3867897244094483
20
-3.2139942125984251
11
6.3863488188976376
21
-3.2129298031496063
0
LINE
8
BLACK
6
CONTINUOUS
10
6.3863488188976376
20
-3.2129298031496063
11
6.3862920866141728
21
-3.2123537401574804
0
LINE
8
BLACK
6
CONTINUOUS
10
6.3862920866141728
20
-3.2123537401574804
11
6.3862920866141728
21
-3.2040579133858267
0
LINE
8
BLACK
6
CONTINUOUS
10
6.3862920866141728
20
-3.2040579133858267
11
6.3498747637795274
21
-3.2040579133858267
0
LINE
8
BLACK
6
CONTINUOUS
10
6.3498747637795274
20
-3.2040579133858267
11
6.3498726771653544
21
-3.2040576771653542
0
LINE
8
BLACK
6
CONTINUOUS
10
6.3498726771653544
20
-3.2040576771653542
11
6.3498716535433068
21
-3.2040579133858267
0
LINE
8
BLACK
6
CONTINUOUS
10
6.3498716535433068
20
-3.2040579133858267
11
6.3498686220472438
21
-3.2040572834645666
0
LINE
8
BLACK
6
CONTINUOUS
10
6.3498686220472438
20
-3.2040572834645666
11
6.3492987007874016
21
-3.2040011811023623
0
LINE
8
BLACK
6
CONTINUOUS
10
6.3492987007874016
20
-3.2040011811023623
11
6.3490285826771649
21
-3.2038892913385828
0
LINE
8
BLACK
6
CONTINUOUS
10
6.3490285826771649
20
-3.2038892913385828
11
6.348741968503937
21
-3.2038319685039371
0
LINE
8
BLACK
6
CONTINUOUS
10
6.348741968503937
20
-3.2038319685039371
11
6.3485015748031497
21
-3.2036709842519686
0
LINE
8
BLACK
6
CONTINUOUS
10
6.3485015748031497
20
-3.2036709842519686
11
6.3482342913385823
21
-3.2035602755905512
0
LINE
8
BLACK
6
CONTINUOUS
10
6.3482342913385823
20
-3.2035602755905512
11
6.3480275590551178
21
-3.2033535433070863
0
LINE
8
BLACK
6
CONTINUOUS
10
6.3480275590551178
20
-3.2033535433070863
11
6.34778468503937
21
-3.2031909055118111
0
LINE
8
BLACK
6
CONTINUOUS
10
6.34778468503937
20
-3.2031909055118111
11
6.347624173228346
21
-3.202950157480315
0
LINE
8
BLACK
6
CONTINUOUS
10
6.347624173228346
20
-3.202950157480315
11
6.3474196456692908
21
-3.2027456299212598
0
LINE
8
BLACK
6
CONTINUOUS
10
6.3474196456692908
20
-3.2027456299212598
11
6.3473077559055113
21
-3.2024755118110235
0
LINE
8
BLACK
6
CONTINUOUS
10
6.3473077559055113
20
-3.2024755118110235
11
6.3471455905511807
21
-3.2022322834645669
0
LINE
8
BLACK
6
CONTINUOUS
10
6.3471455905511807
20
-3.2022322834645669
11
6.3470894488188971
21
-3.2019484645669292
0
LINE
8
BLACK
6
CONTINUOUS
10
6.3470894488188971
20
-3.2019484645669292
11
6.3469787401574802
21
-3.201681220472441
0
LINE
8
BLACK
6
CONTINUOUS
10
6.3469787401574802
20
-3.201681220472441
11
6.3469787401574802
21
-3.2013888188976378
0
LINE
8
BLACK
6
CONTINUOUS
10
6.3469787401574802
20
-3.2013888188976378
11
6.3469220078740154
21
-3.2011020472440945
0
LINE
8
BLACK
6
CONTINUOUS
10
6.3469220078740154
20
-3.2011020472440945
11
6.3469787401574802
21
-3.2008183858267714
0
LINE
8
BLACK
6
CONTINUOUS
10
6.3469787401574802
20
-3.2008183858267714
11
6.3469787401574802
21
-3.2005290944881888
0
LINE
8
BLACK
6
CONTINUOUS
10
6.3469787401574802
20
-3.2005290944881888
11
6.347090590551181
21
-3.2002589763779525
0
LINE
8
BLACK
6
CONTINUOUS
10
6.347090590551181
20
-3.2002589763779525
11
6.3471479527559049
21
-3.1999723622047243
0
LINE
8
BLACK
6
CONTINUOUS
10
6.3471479527559049
20
-3.1999723622047243
11
6.3473088976377952
21
-3.1997319685039369
0
LINE
8
BLACK
6
CONTINUOUS
10
6.3473088976377952
20
-3.1997319685039369
11
6.3474196456692908
21
-3.19946468503937
0
LINE
8
BLACK
6
CONTINUOUS
10
6.3474196456692908
20
-3.19946468503937
11
6.3476263385826774
21
-3.1992579527559055
0
LINE
8
BLACK
6
CONTINUOUS
10
6.3476263385826774
20
-3.1992579527559055
11
6.347789015748031
21
-3.1990150787401572
0
LINE
8
BLACK
6
CONTINUOUS
10
6.347789015748031
20
-3.1990150787401572
11
6.3482322440944881
21
-3.1986520472440945
0
LINE
8
BLACK
6
CONTINUOUS
10
6.3482322440944881
20
-3.1986520472440945
11
6.3482342913385823
21
-3.1986500393700785
0
LINE
8
BLACK
6
CONTINUOUS
10
6.3482342913385823
20
-3.1986500393700785
11
6.3482351574803149
21
-3.1986496456692914
0
LINE
8
BLACK
6
CONTINUOUS
10
6.3482351574803149
20
-3.1986496456692914
11
6.3482368503937003
21
-3.1986483070866143
0
LINE
8
BLACK
6
CONTINUOUS
10
6.3482368503937003
20
-3.1986483070866143
11
6.3536178740157476
21
-3.1950609448818899
0
LINE
8
BLACK
6
CONTINUOUS
10
6.3536178740157476
20
-3.1950609448818899
11
6.3568218503937004
21
-3.1918570078740158
0
LINE
8
BLACK
6
CONTINUOUS
10
6.3568218503937004
20
-3.1918570078740158
11
6.3584823228346457
21
-3.1885360629921258
0
LINE
8
BLACK
6
CONTINUOUS
10
6.3584823228346457
20
-3.1885360629921258
11
6.3587906692913387
21
-3.1880461811023619
0
LINE
8
BLACK
6
CONTINUOUS
10
6.3587906692913387
20
-3.1880461811023619
11
6.3596610629921262
21
-3.1872913385826771
0
LINE
8
BLACK
6
CONTINUOUS
10
6.3596610629921262
20
-3.1872913385826771
11
6.3607540157480313
21
-3.1869270078740155
0
LINE
8
BLACK
6
CONTINUOUS
10
6.3607540157480313
20
-3.1869270078740155
11
6.3619032283464563
21
-3.1870086614173228
0
LINE
8
BLACK
6
CONTINUOUS
10
5.9405201574803153
20
-3.1923366929133858
11
5.9405201574803153
21
-3.1941446456692915
0
LINE
8
BLACK
6
CONTINUOUS
10
5.9405201574803153
20
-3.1941446456692915
11
5.9400081102362208
21
-3.1949109842519685
0
LINE
8
BLACK
6
CONTINUOUS
10
5.9400081102362208
20
-3.1949109842519685
11
5.9254621653543307
21
-3.2094568897637794
0
LINE
8
BLACK
6
CONTINUOUS
10
5.9254621653543307
20
-3.2094568897637794
11
5.9246958267716536
21
-3.2099689763779526
0
LINE
8
BLACK
6
CONTINUOUS
10
5.9246958267716536
20
-3.2099689763779526
11
5.922887874015748
21
-3.2099689763779526
0
LINE
8
BLACK
6
CONTINUOUS
10
5.922887874015748
20
-3.2099689763779526
11
5.9216094488188977
21
-3.2086905511811024
0
LINE
8
BLACK
6
CONTINUOUS
10
5.9216094488188977
20
-3.2086905511811024
11
5.9216094488188977
21
-3.2068825984251967
0
LINE
8
BLACK
6
CONTINUOUS
10
5.9216094488188977
20
-3.2068825984251967
11
5.922121535433071
21
-3.2061162598425197
0
LINE
8
BLACK
6
CONTINUOUS
10
5.922121535433071
20
-3.2061162598425197
11
5.9366674409448814
21
-3.19157031496063
0
LINE
8
BLACK
6
CONTINUOUS
10
5.9366674409448814
20
-3.19157031496063
11
5.9374337795275594
21
-3.1910582677165356
0
LINE
8
BLACK
6
CONTINUOUS
10
5.9374337795275594
20
-3.1910582677165356
11
5.9392417322834641
21
-3.1910582677165356
0
LINE
8
BLACK
6
CONTINUOUS
10
5.9392417322834641
20
-3.1910582677165356
11
5.9405201574803153
21
-3.1923366929133858
0
LINE
8
BLACK
6
CONTINUOUS
10
5.7844028740157478
20
-3.1833094094488188
11
5.7845826771653543
21
-3.1842133858267716
0
LINE
8
BLACK
6
CONTINUOUS
10
5.7845826771653543
20
-3.1842133858267716
11
5.7845826771653543
21
-3.1952826771653542
0
LINE
8
BLACK
6
CONTINUOUS
10
5.7845826771653543
20
-3.1952826771653542
11
5.7844028740157478
21
-3.196186653543307
0
LINE
8
BLACK
6
CONTINUOUS
10
5.7844028740157478
20
-3.196186653543307
11
5.7831244488188975
21
-3.1974650787401573
0
LINE
8
BLACK
6
CONTINUOUS
10
5.7831244488188975
20
-3.1974650787401573
11
5.7813164960629919
21
-3.1974650787401573
0
LINE
8
BLACK
6
CONTINUOUS
10
5.7813164960629919
20
-3.1974650787401573
11
5.7800380708661416
21
-3.196186653543307
0
LINE
8
BLACK
6
CONTINUOUS
10
5.7800380708661416
20
-3.196186653543307
11
5.7798582677165351
21
-3.1952826771653542
0
LINE
8
BLACK
6
CONTINUOUS
10
5.7798582677165351
20
-3.1952826771653542
11
5.7798582677165351
21
-3.1842133858267716
0
LINE
8
BLACK
6
CONTINUOUS
10
5.7798582677165351
20
-3.1842133858267716
11
5.7800380708661416
21
-3.1833094094488188
0
LINE
8
BLACK
6
CONTINUOUS
10
5.7800380708661416
20
-3.1833094094488188
11
5.7813164960629919
21
-3.1820309842519685
0
LINE
8
BLACK
6
CONTINUOUS
10
5.7813164960629919
20
-3.1820309842519685
11
5.7831244488188975
21
-3.1820309842519685
0
LINE
8
BLACK
6
CONTINUOUS
10
5.7831244488188975
20
-3.1820309842519685
11
5.7844028740157478
21
-3.1833094094488188
0
LINE
8
BLACK
6
CONTINUOUS
10
5.8245603543307087
20
-3.1833094094488188
11
5.8247401574803153
21
-3.1842133858267716
0
LINE
8
BLACK
6
CONTINUOUS
10
5.8247401574803153
20
-3.1842133858267716
11
5.8247401574803153
21
-3.1952826771653542
0
LINE
8
BLACK
6
CONTINUOUS
10
5.8247401574803153
20
-3.1952826771653542
11
5.8245603543307087
21
-3.196186653543307
0
LINE
8
BLACK
6
CONTINUOUS
10
5.8245603543307087
20
-3.196186653543307
11
5.8232819291338584
21
-3.1974650787401573
0
LINE
8
BLACK
6
CONTINUOUS
10
5.8232819291338584
20
-3.1974650787401573
11
5.8214739763779528
21
-3.1974650787401573
0
LINE
8
BLACK
6
CONTINUOUS
10
5.8214739763779528
20
-3.1974650787401573
11
5.8201955511811025
21
-3.196186653543307
0
LINE
8
BLACK
6
CONTINUOUS
10
5.8201955511811025
20
-3.196186653543307
11
5.820015748031496
21
-3.1952826771653542
0
LINE
8
BLACK
6
CONTINUOUS
10
5.820015748031496
20
-3.1952826771653542
11
5.820015748031496
21
-3.1842133858267716
0
LINE
8
BLACK
6
CONTINUOUS
10
5.820015748031496
20
-3.1842133858267716
11
5.8201955511811025
21
-3.1833094094488188
0
LINE
8
BLACK
6
CONTINUOUS
10
5.8201955511811025
20
-3.1833094094488188
11
5.8214739763779528
21
-3.1820309842519685
0
LINE
8
BLACK
6
CONTINUOUS
10
5.8214739763779528
20
-3.1820309842519685
11
5.8232819291338584
21
-3.1820309842519685
0
LINE
8
BLACK
6
CONTINUOUS
10
5.8232819291338584
20
-3.1820309842519685
11
5.8245603543307087
21
-3.1833094094488188
0
LINE
8
BLACK
6
CONTINUOUS
10
6.3898209055118107
20
-3.1569642913385825
11
6.3908853149606299
21
-3.1574051968503936
0
LINE
8
BLACK
6
CONTINUOUS
10
6.3908853149606299
20
-3.1574051968503936
11
6.3916999606299214
21
-3.158219842519685
0
LINE
8
BLACK
6
CONTINUOUS
10
6.3916999606299214
20
-3.158219842519685
11
6.392140866141732
21
-3.1592842519685038
0
LINE
8
BLACK
6
CONTINUOUS
10
6.392140866141732
20
-3.1592842519685038
11
6.3921975984251969
21
-3.1598603149606297
0
LINE
8
BLACK
6
CONTINUOUS
10
6.3921975984251969
20
-3.1598603149606297
11
6.3921975984251969
21
-3.1786079527559052
0
LINE
8
BLACK
6
CONTINUOUS
10
6.3921975984251969
20
-3.1786079527559052
11
6.392140866141732
21
-3.1791840157480316
0
LINE
8
BLACK
6
CONTINUOUS
10
6.392140866141732
20
-3.1791840157480316
11
6.3916999606299214
21
-3.1802484251968504
0
LINE
8
BLACK
6
CONTINUOUS
10
6.3916999606299214
20
-3.1802484251968504
11
6.3908853149606299
21
-3.1810630708661418
0
LINE
8
BLACK
6
CONTINUOUS
10
6.3908853149606299
20
-3.1810630708661418
11
6.3898209055118107
21
-3.1815039763779529
0
LINE
8
BLACK
6
CONTINUOUS
10
6.3898209055118107
20
-3.1815039763779529
11
6.388668779527559
21
-3.1815039763779529
0
LINE
8
BLACK
6
CONTINUOUS
10
6.388668779527559
20
-3.1815039763779529
11
6.3876043700787397
21
-3.1810630708661418
0
LINE
8
BLACK
6
CONTINUOUS
10
6.3876043700787397
20
-3.1810630708661418
11
6.3867897244094483
21
-3.1802484251968504
0
LINE
8
BLACK
6
CONTINUOUS
10
6.3867897244094483
20
-3.1802484251968504
11
6.3863488188976376
21
-3.1791840157480316
0
LINE
8
BLACK
6
CONTINUOUS
10
6.3863488188976376
20
-3.1791840157480316
11
6.3862920866141728
21
-3.1786079527559052
0
LINE
8
BLACK
6
CONTINUOUS
10
6.3862920866141728
20
-3.1786079527559052
11
6.3862920866141728
21
-3.1628130708661417
0
LINE
8
BLACK
6
CONTINUOUS
10
6.3862920866141728
20
-3.1628130708661417
11
6.3498747637795274
21
-3.1628130708661417
0
LINE
8
BLACK
6
CONTINUOUS
10
6.3498747637795274
20
-3.1628130708661417
11
6.3492987007874016
21
-3.1627563385826769
0
LINE
8
BLACK
6
CONTINUOUS
10
6.3492987007874016
20
-3.1627563385826769
11
6.3482342913385823
21
-3.1623154330708663
0
LINE
8
BLACK
6
CONTINUOUS
10
6.3482342913385823
20
-3.1623154330708663
11
6.3474196456692908
21
-3.1615007874015748
0
LINE
8
BLACK
6
CONTINUOUS
10
6.3474196456692908
20
-3.1615007874015748
11
6.3469787401574802
21
-3.160436377952756
0
LINE
8
BLACK
6
CONTINUOUS
10
6.3469787401574802
20
-3.160436377952756
11
6.3469787401574802
21
-3.1592842519685038
0
LINE
8
BLACK
6
CONTINUOUS
10
6.3469787401574802
20
-3.1592842519685038
11
6.3474196456692908
21
-3.158219842519685
0
LINE
8
BLACK
6
CONTINUOUS
10
6.3474196456692908
20
-3.158219842519685
11
6.3482342913385823
21
-3.1574051968503936
0
LINE
8
BLACK
6
CONTINUOUS
10
6.3482342913385823
20
-3.1574051968503936
11
6.3492987007874016
21
-3.1569642913385825
0
LINE
8
BLACK
6
CONTINUOUS
10
6.3492987007874016
20
-3.1569642913385825
11
6.3498747637795274
21
-3.1569075590551181
0
LINE
8
BLACK
6
CONTINUOUS
10
6.3498747637795274
20
-3.1569075590551181
11
6.3892448425196848
21
-3.1569075590551181
0
LINE
8
BLACK
6
CONTINUOUS
10
6.3892448425196848
20
-3.1569075590551181
11
6.3898209055118107
21
-3.1569642913385825
0
LINE
8
BLACK
6
CONTINUOUS
10
5.6466362598425199
20
-3.1614317716535432
11
5.6479146850393702
21
-3.1627101968503935
0
LINE
8
BLACK
6
CONTINUOUS
10
5.6479146850393702
20
-3.1627101968503935
11
5.6480944881889759
21
-3.1636141732283463
0
LINE
8
BLACK
6
CONTINUOUS
10
5.6480944881889759
20
-3.1636141732283463
11
5.6480944881889759
21
-3.1730629921259843
0
LINE
8
BLACK
6
CONTINUOUS
10
5.6480944881889759
20
-3.1730629921259843
11
5.6479146850393702
21
-3.1739669685039371
0
LINE
8
BLACK
6
CONTINUOUS
10
5.6479146850393702
20
-3.1739669685039371
11
5.6466362598425199
21
-3.1752453937007874
0
LINE
8
BLACK
6
CONTINUOUS
10
5.6466362598425199
20
-3.1752453937007874
11
5.6448283070866143
21
-3.1752453937007874
0
LINE
8
BLACK
6
CONTINUOUS
10
5.6448283070866143
20
-3.1752453937007874
11
5.643549881889764
21
-3.1739669685039371
0
LINE
8
BLACK
6
CONTINUOUS
10
5.643549881889764
20
-3.1739669685039371
11
5.6433700787401575
21
-3.1730629921259843
0
LINE
8
BLACK
6
CONTINUOUS
10
5.6433700787401575
20
-3.1730629921259843
11
5.6433700787401575
21
-3.1659763779527559
0
LINE
8
BLACK
6
CONTINUOUS
10
5.6433700787401575
20
-3.1659763779527559
11
5.5748661417322829
21
-3.1659763779527559
0
LINE
8
BLACK
6
CONTINUOUS
10
5.5748661417322829
20
-3.1659763779527559
11
5.573962165354331
21
-3.1657965748031494
0
LINE
8
BLACK
6
CONTINUOUS
10
5.573962165354331
20
-3.1657965748031494
11
5.5726837401574798
21
-3.1645181496062991
0
LINE
8
BLACK
6
CONTINUOUS
10
5.5726837401574798
20
-3.1645181496062991
11
5.5726837401574798
21
-3.1627101968503935
0
LINE
8
BLACK
6
CONTINUOUS
10
5.5726837401574798
20
-3.1627101968503935
11
5.573962165354331
21
-3.1614317716535432
0
LINE
8
BLACK
6
CONTINUOUS
10
5.573962165354331
20
-3.1614317716535432
11
5.5748661417322829
21
-3.1612519685039371
0
LINE
8
BLACK
6
CONTINUOUS
10
5.5748661417322829
20
-3.1612519685039371
11
5.6457322834645671
21
-3.1612519685039371
0
LINE
8
BLACK
6
CONTINUOUS
10
5.6457322834645671
20
-3.1612519685039371
11
5.6466362598425199
21
-3.1614317716535432
0
LINE
8
BLACK
6
CONTINUOUS
10
5.9009889763779526
20
-3.1528055118110236
11
5.9009889763779526
21
-3.1546134645669293
0
LINE
8
BLACK
6
CONTINUOUS
10
5.9009889763779526
20
-3.1546134645669293
11
5.9004769291338581
21
-3.1553798031496063
0
LINE
8
BLACK
6
CONTINUOUS
10
5.9004769291338581
20
-3.1553798031496063
11
5.885930984251968
21
-3.1699257086614172
0
LINE
8
BLACK
6
CONTINUOUS
10
5.885930984251968
20
-3.1699257086614172
11
5.885164645669291
21
-3.1704377952755904
0
LINE
8
BLACK
6
CONTINUOUS
10
5.885164645669291
20
-3.1704377952755904
11
5.8833566929133854
21
-3.1704377952755904
0
LINE
8
BLACK
6
CONTINUOUS
10
5.8833566929133854
20
-3.1704377952755904
11
5.8820782677165351
21
-3.1691593700787402
0
LINE
8
BLACK
6
CONTINUOUS
10
5.8820782677165351
20
-3.1691593700787402
11
5.8820782677165351
21
-3.1673514173228345
0
LINE
8
BLACK
6
CONTINUOUS
10
5.8820782677165351
20
-3.1673514173228345
11
5.8825903543307083
21
-3.1665850787401575
0
LINE
8
BLACK
6
CONTINUOUS
10
5.8825903543307083
20
-3.1665850787401575
11
5.8971362598425197
21
-3.1520391338582678
0
LINE
8
BLACK
6
CONTINUOUS
10
5.8971362598425197
20
-3.1520391338582678
11
5.8979025984251967
21
-3.1515270866141734
0
LINE
8
BLACK
6
CONTINUOUS
10
5.8979025984251967
20
-3.1515270866141734
11
5.8997105511811023
21
-3.1515270866141734
0
LINE
8
BLACK
6
CONTINUOUS
10
5.8997105511811023
20
-3.1515270866141734
11
5.9009889763779526
21
-3.1528055118110236
0
LINE
8
BLACK
6
CONTINUOUS
10
6.0597378346456692
20
-3.15364437007874
11
6.0610162598425195
21
-3.1549227952755903
0
LINE
8
BLACK
6
CONTINUOUS
10
6.0610162598425195
20
-3.1549227952755903
11
6.0610162598425195
21
-3.1567307480314959
0
LINE
8
BLACK
6
CONTINUOUS
10
6.0610162598425195
20
-3.1567307480314959
11
6.0597378346456692
21
-3.1580091732283462
0
LINE
8
BLACK
6
CONTINUOUS
10
6.0597378346456692
20
-3.1580091732283462
11
6.0588338582677164
21
-3.1581889763779527
0
LINE
8
BLACK
6
CONTINUOUS
10
6.0588338582677164
20
-3.1581889763779527
11
6.0477645669291338
21
-3.1581889763779527
0
LINE
8
BLACK
6
CONTINUOUS
10
6.0477645669291338
20
-3.1581889763779527
11
6.046860590551181
21
-3.1580091732283462
0
LINE
8
BLACK
6
CONTINUOUS
10
6.046860590551181
20
-3.1580091732283462
11
6.0455821653543307
21
-3.1567307480314959
0
LINE
8
BLACK
6
CONTINUOUS
10
6.0455821653543307
20
-3.1567307480314959
11
6.0455821653543307
21
-3.1549227952755903
0
LINE
8
BLACK
6
CONTINUOUS
10
6.0455821653543307
20
-3.1549227952755903
11
6.046860590551181
21
-3.15364437007874
0
LINE
8
BLACK
6
CONTINUOUS
10
6.046860590551181
20
-3.15364437007874
11
6.0477645669291338
21
-3.1534645669291339
0
LINE
8
BLACK
6
CONTINUOUS
10
6.0477645669291338
20
-3.1534645669291339
11
6.0588338582677164
21
-3.1534645669291339
0
LINE
8
BLACK
6
CONTINUOUS
10
6.0588338582677164
20
-3.1534645669291339
11
6.0597378346456692
21
-3.15364437007874
0
LINE
8
BLACK
6
CONTINUOUS
10
5.0221824015748027
20
-3.0563479921259842
11
5.0223622047244092
21
-3.057251968503937
0
LINE
8
BLACK
6
CONTINUOUS
10
5.0223622047244092
20
-3.057251968503937
11
5.0223622047244092
21
-3.1517401574803148
0
LINE
8
BLACK
6
CONTINUOUS
10
5.0223622047244092
20
-3.1517401574803148
11
5.0755118110236221
21
-3.1517401574803148
0
LINE
8
BLACK
6
CONTINUOUS
10
5.0755118110236221
20
-3.1517401574803148
11
5.0755118110236221
21
-3.057251968503937
0
LINE
8
BLACK
6
CONTINUOUS
10
5.0755118110236221
20
-3.057251968503937
11
5.0756916141732287
21
-3.0563479921259842
0
LINE
8
BLACK
6
CONTINUOUS
10
5.0756916141732287
20
-3.0563479921259842
11
5.076970039370079
21
-3.0550695669291339
0
LINE
8
BLACK
6
CONTINUOUS
10
5.076970039370079
20
-3.0550695669291339
11
5.0787779921259846
21
-3.0550695669291339
0
LINE
8
BLACK
6
CONTINUOUS
10
5.0787779921259846
20
-3.0550695669291339
11
5.0800564173228349
21
-3.0563479921259842
0
LINE
8
BLACK
6
CONTINUOUS
10
5.0800564173228349
20
-3.0563479921259842
11
5.0802362204724405
21
-3.057251968503937
0
LINE
8
BLACK
6
CONTINUOUS
10
5.0802362204724405
20
-3.057251968503937
11
5.0802362204724405
21
-3.1541023622047244
0
LINE
8
BLACK
6
CONTINUOUS
10
5.0802362204724405
20
-3.1541023622047244
11
5.0800564173228349
21
-3.1550063385826772
0
LINE
8
BLACK
6
CONTINUOUS
10
5.0800564173228349
20
-3.1550063385826772
11
5.0787779921259846
21
-3.1562847637795275
0
LINE
8
BLACK
6
CONTINUOUS
10
5.0787779921259846
20
-3.1562847637795275
11
5.0778740157480318
21
-3.1564645669291336
0
LINE
8
BLACK
6
CONTINUOUS
10
5.0778740157480318
20
-3.1564645669291336
11
5.0199999999999996
21
-3.1564645669291336
0
LINE
8
BLACK
6
CONTINUOUS
10
5.0199999999999996
20
-3.1564645669291336
11
5.0190960236220468
21
-3.1562847637795275
0
LINE
8
BLACK
6
CONTINUOUS
10
5.0190960236220468
20
-3.1562847637795275
11
5.0178175984251965
21
-3.1550063385826772
0
LINE
8
BLACK
6
CONTINUOUS
10
5.0178175984251965
20
-3.1550063385826772
11
5.0176377952755908
21
-3.1541023622047244
0
LINE
8
BLACK
6
CONTINUOUS
10
5.0176377952755908
20
-3.1541023622047244
11
5.0176377952755908
21
-3.057251968503937
0
LINE
8
BLACK
6
CONTINUOUS
10
5.0176377952755908
20
-3.057251968503937
11
5.0178175984251965
21
-3.0563479921259842
0
LINE
8
BLACK
6
CONTINUOUS
10
5.0178175984251965
20
-3.0563479921259842
11
5.0190960236220468
21
-3.0550695669291339
0
LINE
8
BLACK
6
CONTINUOUS
10
5.0190960236220468
20
-3.0550695669291339
11
5.0209039763779524
21
-3.0550695669291339
0
LINE
8
BLACK
6
CONTINUOUS
10
5.0209039763779524
20
-3.0550695669291339
11
5.0221824015748027
21
-3.0563479921259842
0
LINE
8
BLACK
6
CONTINUOUS
10
5.1009225590551184
20
-3.0563479921259842
11
5.101102362204724
21
-3.057251968503937
0
LINE
8
BLACK
6
CONTINUOUS
10
5.101102362204724
20
-3.057251968503937
11
5.101102362204724
21
-3.1517401574803148
0
LINE
8
BLACK
6
CONTINUOUS
10
5.101102362204724
20
-3.1517401574803148
11
5.154251968503937
21
-3.1517401574803148
0
LINE
8
BLACK
6
CONTINUOUS
10
5.154251968503937
20
-3.1517401574803148
11
5.154251968503937
21
-3.057251968503937
0
LINE
8
BLACK
6
CONTINUOUS
10
5.154251968503937
20
-3.057251968503937
11
5.1544317716535435
21
-3.0563479921259842
0
LINE
8
BLACK
6
CONTINUOUS
10
5.1544317716535435
20
-3.0563479921259842
11
5.1557101968503938
21
-3.0550695669291339
0
LINE
8
BLACK
6
CONTINUOUS
10
5.1557101968503938
20
-3.0550695669291339
11
5.1575181496062994
21
-3.0550695669291339
0
LINE
8
BLACK
6
CONTINUOUS
10
5.1575181496062994
20
-3.0550695669291339
11
5.1587965748031497
21
-3.0563479921259842
0
LINE
8
BLACK
6
CONTINUOUS
10
5.1587965748031497
20
-3.0563479921259842
11
5.1589763779527562
21
-3.057251968503937
0
LINE
8
BLACK
6
CONTINUOUS
10
5.1589763779527562
20
-3.057251968503937
11
5.1589763779527562
21
-3.1541023622047244
0
LINE
8
BLACK
6
CONTINUOUS
10
5.1589763779527562
20
-3.1541023622047244
11
5.1587965748031497
21
-3.1550063385826772
0
LINE
8
BLACK
6
CONTINUOUS
10
5.1587965748031497
20
-3.1550063385826772
11
5.1575181496062994
21
-3.1562847637795275
0
LINE
8
BLACK
6
CONTINUOUS
10
5.1575181496062994
20
-3.1562847637795275
11
5.1566141732283466
21
-3.1564645669291336
0
LINE
8
BLACK
6
CONTINUOUS
10
5.1566141732283466
20
-3.1564645669291336
11
5.0987401574803153
21
-3.1564645669291336
0
LINE
8
BLACK
6
CONTINUOUS
10
5.0987401574803153
20
-3.1564645669291336
11
5.0978361811023625
21
-3.1562847637795275
0
LINE
8
BLACK
6
CONTINUOUS
10
5.0978361811023625
20
-3.1562847637795275
11
5.0965577559055113
21
-3.1550063385826772
0
LINE
8
BLACK
6
CONTINUOUS
10
5.0965577559055113
20
-3.1550063385826772
11
5.0963779527559057
21
-3.1541023622047244
0
LINE
8
BLACK
6
CONTINUOUS
10
5.0963779527559057
20
-3.1541023622047244
11
5.0963779527559057
21
-3.057251968503937
0
LINE
8
BLACK
6
CONTINUOUS
10
5.0963779527559057
20
-3.057251968503937
11
5.0965577559055113
21
-3.0563479921259842
0
LINE
8
BLACK
6
CONTINUOUS
10
5.0965577559055113
20
-3.0563479921259842
11
5.0978361811023625
21
-3.0550695669291339
0
LINE
8
BLACK
6
CONTINUOUS
10
5.0978361811023625
20
-3.0550695669291339
11
5.0996441338582672
21
-3.0550695669291339
0
LINE
8
BLACK
6
CONTINUOUS
10
5.0996441338582672
20
-3.0550695669291339
11
5.1009225590551184
21
-3.0563479921259842
0
LINE
8
BLACK
6
CONTINUOUS
10
5.1796627165354332
20
-3.0563479921259842
11
5.1798425196850388
21
-3.057251968503937
0
LINE
8
BLACK
6
CONTINUOUS
10
5.1798425196850388
20
-3.057251968503937
11
5.1798425196850388
21
-3.1517401574803148
0
LINE
8
BLACK
6
CONTINUOUS
10
5.1798425196850388
20
-3.1517401574803148
11
5.2329921259842518
21
-3.1517401574803148
0
LINE
8
BLACK
6
CONTINUOUS
10
5.2329921259842518
20
-3.1517401574803148
11
5.2329921259842518
21
-3.057251968503937
0
LINE
8
BLACK
6
CONTINUOUS
10
5.2329921259842518
20
-3.057251968503937
11
5.2331719291338583
21
-3.0563479921259842
0
LINE
8
BLACK
6
CONTINUOUS
10
5.2331719291338583
20
-3.0563479921259842
11
5.2344503543307086
21
-3.0550695669291339
0
LINE
8
BLACK
6
CONTINUOUS
10
5.2344503543307086
20
-3.0550695669291339
11
5.2362583070866142
21
-3.0550695669291339
0
LINE
8
BLACK
6
CONTINUOUS
10
5.2362583070866142
20
-3.0550695669291339
11
5.2375367322834645
21
-3.0563479921259842
0
LINE
8
BLACK
6
CONTINUOUS
10
5.2375367322834645
20
-3.0563479921259842
11
5.237716535433071
21
-3.057251968503937
0
LINE
8
BLACK
6
CONTINUOUS
10
5.237716535433071
20
-3.057251968503937
11
5.237716535433071
21
-3.1541023622047244
0
LINE
8
BLACK
6
CONTINUOUS
10
5.237716535433071
20
-3.1541023622047244
11
5.2375367322834645
21
-3.1550063385826772
0
LINE
8
BLACK
6
CONTINUOUS
10
5.2375367322834645
20
-3.1550063385826772
11
5.2362583070866142
21
-3.1562847637795275
0
LINE
8
BLACK
6
CONTINUOUS
10
5.2362583070866142
20
-3.1562847637795275
11
5.2353543307086614
21
-3.1564645669291336
0
LINE
8
BLACK
6
CONTINUOUS
10
5.2353543307086614
20
-3.1564645669291336
11
5.1774803149606301
21
-3.1564645669291336
0
LINE
8
BLACK
6
CONTINUOUS
10
5.1774803149606301
20
-3.1564645669291336
11
5.1765763385826773
21
-3.1562847637795275
0
LINE
8
BLACK
6
CONTINUOUS
10
5.1765763385826773
20
-3.1562847637795275
11
5.175297913385827
21
-3.1550063385826772
0
LINE
8
BLACK
6
CONTINUOUS
10
5.175297913385827
20
-3.1550063385826772
11
5.1751181102362205
21
-3.1541023622047244
0
LINE
8
BLACK
6
CONTINUOUS
10
5.1751181102362205
20
-3.1541023622047244
11
5.1751181102362205
21
-3.057251968503937
0
LINE
8
BLACK
6
CONTINUOUS
10
5.1751181102362205
20
-3.057251968503937
11
5.175297913385827
21
-3.0563479921259842
0
LINE
8
BLACK
6
CONTINUOUS
10
5.175297913385827
20
-3.0563479921259842
11
5.1765763385826773
21
-3.0550695669291339
0
LINE
8
BLACK
6
CONTINUOUS
10
5.1765763385826773
20
-3.0550695669291339
11
5.1783842913385829
21
-3.0550695669291339
0
LINE
8
BLACK
6
CONTINUOUS
10
5.1783842913385829
20
-3.0550695669291339
11
5.1796627165354332
21
-3.0563479921259842
0
LINE
8
BLACK
6
CONTINUOUS
10
6.0597378346456692
20
-3.1134868897637795
11
6.0610162598425195
21
-3.1147653149606298
0
LINE
8
BLACK
6
CONTINUOUS
10
6.0610162598425195
20
-3.1147653149606298
11
6.0610162598425195
21
-3.1165732677165354
0
LINE
8
BLACK
6
CONTINUOUS
10
6.0610162598425195
20
-3.1165732677165354
11
6.0597378346456692
21
-3.1178516929133857
0
LINE
8
BLACK
6
CONTINUOUS
10
6.0597378346456692
20
-3.1178516929133857
11
6.0588338582677164
21
-3.1180314960629922
0
LINE
8
BLACK
6
CONTINUOUS
10
6.0588338582677164
20
-3.1180314960629922
11
6.0477645669291338
21
-3.1180314960629922
0
LINE
8
BLACK
6
CONTINUOUS
10
6.0477645669291338
20
-3.1180314960629922
11
6.046860590551181
21
-3.1178516929133857
0
LINE
8
BLACK
6
CONTINUOUS
10
6.046860590551181
20
-3.1178516929133857
11
6.0455821653543307
21
-3.1165732677165354
0
LINE
8
BLACK
6
CONTINUOUS
10
6.0455821653543307
20
-3.1165732677165354
11
6.0455821653543307
21
-3.1147653149606298
0
LINE
8
BLACK
6
CONTINUOUS
10
6.0455821653543307
20
-3.1147653149606298
11
6.046860590551181
21
-3.1134868897637795
0
LINE
8
BLACK
6
CONTINUOUS
10
6.046860590551181
20
-3.1134868897637795
11
6.0477645669291338
21
-3.113307086614173
0
LINE
8
BLACK
6
CONTINUOUS
10
6.0477645669291338
20
-3.113307086614173
11
6.0588338582677164
21
-3.113307086614173
0
LINE
8
BLACK
6
CONTINUOUS
10
6.0588338582677164
20
-3.113307086614173
11
6.0597378346456692
21
-3.1134868897637795
0
LINE
8
BLACK
6
CONTINUOUS
10
5.7187808267716536
20
-3.0760960236220471
11
5.7189606299212601
21
-3.077
0
LINE
8
BLACK
6
CONTINUOUS
10
5.7189606299212601
20
-3.077
11
5.7189606299212601
21
-3.1061338582677163
0
LINE
8
BLACK
6
CONTINUOUS
10
5.7189606299212601
20
-3.1061338582677163
11
5.7323464566929134
21
-3.1061338582677163
0
LINE
8
BLACK
6
CONTINUOUS
10
5.7323464566929134
20
-3.1061338582677163
11
5.7332504330708662
21
-3.1063136614173228
0
LINE
8
BLACK
6
CONTINUOUS
10
5.7332504330708662
20
-3.1063136614173228
11
5.7345288582677165
21
-3.1075920866141731
0
LINE
8
BLACK
6
CONTINUOUS
10
5.7345288582677165
20
-3.1075920866141731
11
5.7345288582677165
21
-3.1094000393700787
0
LINE
8
BLACK
6
CONTINUOUS
10
5.7345288582677165
20
-3.1094000393700787
11
5.7332504330708662
21
-3.110678464566929
0
LINE
8
BLACK
6
CONTINUOUS
10
5.7332504330708662
20
-3.110678464566929
11
5.7323464566929134
21
-3.1108582677165355
0
LINE
8
BLACK
6
CONTINUOUS
10
5.7323464566929134
20
-3.1108582677165355
11
5.7165984251968505
21
-3.1108582677165355
0
LINE
8
BLACK
6
CONTINUOUS
10
5.7165984251968505
20
-3.1108582677165355
11
5.7156944488188977
21
-3.110678464566929
0
LINE
8
BLACK
6
CONTINUOUS
10
5.7156944488188977
20
-3.110678464566929
11
5.7144160236220474
21
-3.1094000393700787
0
LINE
8
BLACK
6
CONTINUOUS
10
5.7144160236220474
20
-3.1094000393700787
11
5.7142362204724408
21
-3.1084960629921259
0
LINE
8
BLACK
6
CONTINUOUS
10
5.7142362204724408
20
-3.1084960629921259
11
5.7142362204724408
21
-3.077
0
LINE
8
BLACK
6
CONTINUOUS
10
5.7142362204724408
20
-3.077
11
5.7144160236220474
21
-3.0760960236220471
0
LINE
8
BLACK
6
CONTINUOUS
10
5.7144160236220474
20
-3.0760960236220471
11
5.7156944488188977
21
-3.0748175984251969
0
LINE
8
BLACK
6
CONTINUOUS
10
5.7156944488188977
20
-3.0748175984251969
11
5.7175024015748033
21
-3.0748175984251969
0
LINE
8
BLACK
6
CONTINUOUS
10
5.7175024015748033
20
-3.0748175984251969
11
5.7187808267716536
21
-3.0760960236220471
0
LINE
8
BLACK
6
CONTINUOUS
10
5.5061824015748027
20
-3.0760960236220471
11
5.5063622047244092
21
-3.077
0
LINE
8
BLACK
6
CONTINUOUS
10
5.5063622047244092
20
-3.077
11
5.5063622047244092
21
-3.1084960629921259
0
LINE
8
BLACK
6
CONTINUOUS
10
5.5063622047244092
20
-3.1084960629921259
11
5.5061824015748027
21
-3.1094000393700787
0
LINE
8
BLACK
6
CONTINUOUS
10
5.5061824015748027
20
-3.1094000393700787
11
5.5049039763779524
21
-3.110678464566929
0
LINE
8
BLACK
6
CONTINUOUS
10
5.5049039763779524
20
-3.110678464566929
11
5.5030960236220468
21
-3.110678464566929
0
LINE
8
BLACK
6
CONTINUOUS
10
5.5030960236220468
20
-3.110678464566929
11
5.5018175984251965
21
-3.1094000393700787
0
LINE
8
BLACK
6
CONTINUOUS
10
5.5018175984251965
20
-3.1094000393700787
11
5.5016377952755908
21
-3.1084960629921259
0
LINE
8
BLACK
6
CONTINUOUS
10
5.5016377952755908
20
-3.1084960629921259
11
5.5016377952755908
21
-3.077
0
LINE
8
BLACK
6
CONTINUOUS
10
5.5016377952755908
20
-3.077
11
5.5018175984251965
21
-3.0760960236220471
0
LINE
8
BLACK
6
CONTINUOUS
10
5.5018175984251965
20
-3.0760960236220471
11
5.5030960236220468
21
-3.0748175984251969
0
LINE
8
BLACK
6
CONTINUOUS
10
5.5030960236220468
20
-3.0748175984251969
11
5.5049039763779524
21
-3.0748175984251969
0
LINE
8
BLACK
6
CONTINUOUS
10
5.5049039763779524
20
-3.0748175984251969
11
5.5061824015748027
21
-3.0760960236220471
0
LINE
8
BLACK
6
CONTINUOUS
10
4.9738638582677162
20
-3.0543365748031497
11
4.97489437007874
21
-3.0548518503937006
0
LINE
8
BLACK
6
CONTINUOUS
10
4.97489437007874
20
-3.0548518503937006
11
4.9756492125984249
21
-3.0557222047244093
0
LINE
8
BLACK
6
CONTINUOUS
10
4.9756492125984249
20
-3.0557222047244093
11
4.9760135433070865
21
-3.0568151968503936
0
LINE
8
BLACK
6
CONTINUOUS
10
4.9760135433070865
20
-3.0568151968503936
11
4.9759318897637792
21
-3.057964409448819
0
LINE
8
BLACK
6
CONTINUOUS
10
4.9759318897637792
20
-3.057964409448819
11
4.9757249999999997
21
-3.0585049999999998
0
LINE
8
BLACK
6
CONTINUOUS
10
4.9757249999999997
20
-3.0585049999999998
11
4.9738502362204722
21
-3.0622545275590549
0
LINE
8
BLACK
6
CONTINUOUS
10
4.9738502362204722
20
-3.0622545275590549
11
4.9736942125984251
21
-3.0625023228346455
0
LINE
8
BLACK
6
CONTINUOUS
10
4.9736942125984251
20
-3.0625023228346455
11
4.9736643700787404
21
-3.0625744881889765
0
LINE
8
BLACK
6
CONTINUOUS
10
4.9736643700787404
20
-3.0625744881889765
11
4.9735977559055113
21
-3.0626556299212599
0
LINE
8
BLACK
6
CONTINUOUS
10
4.9735977559055113
20
-3.0626556299212599
11
4.9735418897637791
21
-3.0627444094488188
0
LINE
8
BLACK
6
CONTINUOUS
10
4.9735418897637791
20
-3.0627444094488188
11
4.973482952755905
21
-3.0627955118110237
0
LINE
8
BLACK
6
CONTINUOUS
10
4.973482952755905
20
-3.0627955118110237
11
4.973297125984252
21
-3.0630219291338583
0
LINE
8
BLACK
6
CONTINUOUS
10
4.973297125984252
20
-3.0630219291338583
11
4.9708387401574798
21
-3.06548031496063
0
LINE
8
BLACK
6
CONTINUOUS
10
4.9708387401574798
20
-3.06548031496063
11
4.9982527165354327
21
-3.06548031496063
0
LINE
8
BLACK
6
CONTINUOUS
10
4.9982527165354327
20
-3.06548031496063
11
4.9982527165354327
21
-3.0571844881889763
0
LINE
8
BLACK
6
CONTINUOUS
10
4.9982527165354327
20
-3.0571844881889763
11
4.9983094488188975
21
-3.0566084251968504
0
LINE
8
BLACK
6
CONTINUOUS
10
4.9983094488188975
20
-3.0566084251968504
11
4.9987503543307081
21
-3.0555440157480316
0
LINE
8
BLACK
6
CONTINUOUS
10
4.9987503543307081
20
-3.0555440157480316
11
4.9995649999999996
21
-3.0547293700787401
0
LINE
8
BLACK
6
CONTINUOUS
10
4.9995649999999996
20
-3.0547293700787401
11
5.0006294094488188
21
-3.054288464566929
0
LINE
8
BLACK
6
CONTINUOUS
10
5.0006294094488188
20
-3.054288464566929
11
5.0017815354330706
21
-3.054288464566929
0
LINE
8
BLACK
6
CONTINUOUS
10
5.0017815354330706
20
-3.054288464566929
11
5.0028459448818898
21
-3.0547293700787401
0
LINE
8
BLACK
6
CONTINUOUS
10
5.0028459448818898
20
-3.0547293700787401
11
5.0036605905511813
21
-3.0555440157480316
0
LINE
8
BLACK
6
CONTINUOUS
10
5.0036605905511813
20
-3.0555440157480316
11
5.0041014960629919
21
-3.0566084251968504
0
LINE
8
BLACK
6
CONTINUOUS
10
5.0041014960629919
20
-3.0566084251968504
11
5.0041582283464567
21
-3.0571844881889763
0
LINE
8
BLACK
6
CONTINUOUS
10
5.0041582283464567
20
-3.0571844881889763
11
5.0041582283464567
21
-3.0796816535433069
0
LINE
8
BLACK
6
CONTINUOUS
10
5.0041582283464567
20
-3.0796816535433069
11
5.0041014960629919
21
-3.0802577165354328
0
LINE
8
BLACK
6
CONTINUOUS
10
5.0041014960629919
20
-3.0802577165354328
11
5.0036605905511813
21
-3.081322125984252
0
LINE
8
BLACK
6
CONTINUOUS
10
5.0036605905511813
20
-3.081322125984252
11
5.0028459448818898
21
-3.0821367716535431
0
LINE
8
BLACK
6
CONTINUOUS
10
5.0028459448818898
20
-3.0821367716535431
11
5.0017815354330706
21
-3.0825776771653541
0
LINE
8
BLACK
6
CONTINUOUS
10
5.0017815354330706
20
-3.0825776771653541
11
5.0006294094488188
21
-3.0825776771653541
0
LINE
8
BLACK
6
CONTINUOUS
10
5.0006294094488188
20
-3.0825776771653541
11
4.9995649999999996
21
-3.0821367716535431
0
LINE
8
BLACK
6
CONTINUOUS
10
4.9995649999999996
20
-3.0821367716535431
11
4.9987503543307081
21
-3.081322125984252
0
LINE
8
BLACK
6
CONTINUOUS
10
4.9987503543307081
20
-3.081322125984252
11
4.9983094488188975
21
-3.0802577165354328
0
LINE
8
BLACK
6
CONTINUOUS
10
4.9983094488188975
20
-3.0802577165354328
11
4.9982527165354327
21
-3.0796816535433069
0
LINE
8
BLACK
6
CONTINUOUS
10
4.9982527165354327
20
-3.0796816535433069
11
4.9982527165354327
21
-3.0713858267716536
0
LINE
8
BLACK
6
CONTINUOUS
10
4.9982527165354327
20
-3.0713858267716536
11
4.9618353937007873
21
-3.0713858267716536
0
LINE
8
BLACK
6
CONTINUOUS
10
4.9618353937007873
20
-3.0713858267716536
11
4.9618333070866143
21
-3.0713855905511811
0
LINE
8
BLACK
6
CONTINUOUS
10
4.9618333070866143
20
-3.0713855905511811
11
4.9618322834645667
21
-3.0713858267716536
0
LINE
8
BLACK
6
CONTINUOUS
10
4.9618322834645667
20
-3.0713858267716536
11
4.9618292519685037
21
-3.0713851968503936
0
LINE
8
BLACK
6
CONTINUOUS
10
4.9618292519685037
20
-3.0713851968503936
11
4.9612593307086614
21
-3.0713290944881888
0
LINE
8
BLACK
6
CONTINUOUS
10
4.9612593307086614
20
-3.0713290944881888
11
4.9609892125984247
21
-3.0712172047244093
0
LINE
8
BLACK
6
CONTINUOUS
10
4.9609892125984247
20
-3.0712172047244093
11
4.9607025984251969
21
-3.0711598818897636
0
LINE
8
BLACK
6
CONTINUOUS
10
4.9607025984251969
20
-3.0711598818897636
11
4.9604622047244096
21
-3.0709988976377951
0
LINE
8
BLACK
6
CONTINUOUS
10
4.9604622047244096
20
-3.0709988976377951
11
4.9601949212598422
21
-3.0708881889763777
0
LINE
8
BLACK
6
CONTINUOUS
10
4.9601949212598422
20
-3.0708881889763777
11
4.9599881889763777
21
-3.0706814566929133
0
LINE
8
BLACK
6
CONTINUOUS
10
4.9599881889763777
20
-3.0706814566929133
11
4.9597453149606299
21
-3.0705188188976376
0
LINE
8
BLACK
6
CONTINUOUS
10
4.9597453149606299
20
-3.0705188188976376
11
4.9595848031496059
21
-3.0702780708661415
0
LINE
8
BLACK
6
CONTINUOUS
10
4.9595848031496059
20
-3.0702780708661415
11
4.9593802755905507
21
-3.0700735433070867
0
LINE
8
BLACK
6
CONTINUOUS
10
4.9593802755905507
20
-3.0700735433070867
11
4.9592683858267712
21
-3.0698034251968505
0
LINE
8
BLACK
6
CONTINUOUS
10
4.9592683858267712
20
-3.0698034251968505
11
4.9591062204724405
21
-3.0695601968503938
0
LINE
8
BLACK
6
CONTINUOUS
10
4.9591062204724405
20
-3.0695601968503938
11
4.959050078740157
21
-3.0692763779527557
0
LINE
8
BLACK
6
CONTINUOUS
10
4.959050078740157
20
-3.0692763779527557
11
4.9589393700787401
21
-3.0690091338582675
0
LINE
8
BLACK
6
CONTINUOUS
10
4.9589393700787401
20
-3.0690091338582675
11
4.9589393700787401
21
-3.0687167322834643
0
LINE
8
BLACK
6
CONTINUOUS
10
4.9589393700787401
20
-3.0687167322834643
11
4.9588826377952753
21
-3.068429960629921
0
LINE
8
BLACK
6
CONTINUOUS
10
4.9588826377952753
20
-3.068429960629921
11
4.9589393700787401
21
-3.0681462992125983
0
LINE
8
BLACK
6
CONTINUOUS
10
4.9589393700787401
20
-3.0681462992125983
11
4.9589393700787401
21
-3.0678570078740157
0
LINE
8
BLACK
6
CONTINUOUS
10
4.9589393700787401
20
-3.0678570078740157
11
4.9590512204724408
21
-3.0675868897637795
0
LINE
8
BLACK
6
CONTINUOUS
10
4.9590512204724408
20
-3.0675868897637795
11
4.9591085826771648
21
-3.0673002755905512
0
LINE
8
BLACK
6
CONTINUOUS
10
4.9591085826771648
20
-3.0673002755905512
11
4.959269527559055
21
-3.0670598818897639
0
LINE
8
BLACK
6
CONTINUOUS
10
4.959269527559055
20
-3.0670598818897639
11
4.9593802755905507
21
-3.0667925984251969
0
LINE
8
BLACK
6
CONTINUOUS
10
4.9593802755905507
20
-3.0667925984251969
11
4.9595869685039373
21
-3.066585866141732
0
LINE
8
BLACK
6
CONTINUOUS
10
4.9595869685039373
20
-3.066585866141732
11
4.9597496456692909
21
-3.0663429921259842
0
LINE
8
BLACK
6
CONTINUOUS
10
4.9597496456692909
20
-3.0663429921259842
11
4.9601928740157479
21
-3.0659799606299214
0
LINE
8
BLACK
6
CONTINUOUS
10
4.9601928740157479
20
-3.0659799606299214
11
4.9601949212598422
21
-3.0659779527559055
0
LINE
8
BLACK
6
CONTINUOUS
10
4.9601949212598422
20
-3.0659779527559055
11
4.9601957874015747
21
-3.0659775590551179
0
LINE
8
BLACK
6
CONTINUOUS
10
4.9601957874015747
20
-3.0659775590551179
11
4.9601974803149602
21
-3.0659762204724408
0
LINE
8
BLACK
6
CONTINUOUS
10
4.9601974803149602
20
-3.0659762204724408
11
4.9655785039370075
21
-3.0623888582677163
0
LINE
8
BLACK
6
CONTINUOUS
10
4.9655785039370075
20
-3.0623888582677163
11
4.9687824803149603
21
-3.0591849212598423
0
LINE
8
BLACK
6
CONTINUOUS
10
4.9687824803149603
20
-3.0591849212598423
11
4.9704429527559055
21
-3.0558639763779527
0
LINE
8
BLACK
6
CONTINUOUS
10
4.9704429527559055
20
-3.0558639763779527
11
4.9707512992125986
21
-3.0553740944881889
0
LINE
8
BLACK
6
CONTINUOUS
10
4.9707512992125986
20
-3.0553740944881889
11
4.9716216929133861
21
-3.054619251968504
0
LINE
8
BLACK
6
CONTINUOUS
10
4.9716216929133861
20
-3.054619251968504
11
4.9727146456692912
21
-3.0542549212598424
0
LINE
8
BLACK
6
CONTINUOUS
10
4.9727146456692912
20
-3.0542549212598424
11
4.9738638582677162
21
-3.0543365748031497
0
LINE
8
BLACK
6
CONTINUOUS
10
5.0017815354330706
20
-3.0167931496062992
11
5.0028459448818898
21
-3.0172340551181103
0
LINE
8
BLACK
6
CONTINUOUS
10
5.0028459448818898
20
-3.0172340551181103
11
5.0036605905511813
21
-3.0180487007874017
0
LINE
8
BLACK
6
CONTINUOUS
10
5.0036605905511813
20
-3.0180487007874017
11
5.0041014960629919
21
-3.0191131102362205
0
LINE
8
BLACK
6
CONTINUOUS
10
5.0041014960629919
20
-3.0191131102362205
11
5.0041582283464567
21
-3.0196891732283464
0
LINE
8
BLACK
6
CONTINUOUS
10
5.0041582283464567
20
-3.0196891732283464
11
5.0041582283464567
21
-3.0290629921259842
0
LINE
8
BLACK
6
CONTINUOUS
10
5.0041582283464567
20
-3.0290629921259842
11
5.0041294881889762
21
-3.029354566929134
0
LINE
8
BLACK
6
CONTINUOUS
10
5.0041294881889762
20
-3.029354566929134
11
5.0041350393700785
21
-3.0294323228346456
0
LINE
8
BLACK
6
CONTINUOUS
10
5.0041350393700785
20
-3.0294323228346456
11
5.0041117716535428
21
-3.0295345669291338
0
LINE
8
BLACK
6
CONTINUOUS
10
5.0041117716535428
20
-3.0295345669291338
11
5.0041014960629919
21
-3.02963905511811
0
LINE
8
BLACK
6
CONTINUOUS
10
5.0041014960629919
20
-3.02963905511811
11
5.0040716141732284
21
-3.0297111023622048
0
LINE
8
BLACK
6
CONTINUOUS
10
5.0040716141732284
20
-3.0297111023622048
11
5.0040066929133857
21
-3.0299967716535434
0
LINE
8
BLACK
6
CONTINUOUS
10
5.0040066929133857
20
-3.0299967716535434
11
5.0021319291338582
21
-3.0356210236220473
0
LINE
8
BLACK
6
CONTINUOUS
10
5.0021319291338582
20
-3.0356210236220473
11
5.0018959448818894
21
-3.0361496062992126
0
LINE
8
BLACK
6
CONTINUOUS
10
5.0018959448818894
20
-3.0361496062992126
11
5.0018264566929131
21
-3.0362296850393702
0
LINE
8
BLACK
6
CONTINUOUS
10
5.0018264566929131
20
-3.0362296850393702
11
5.0017858661417325
21
-3.036327755905512
0
LINE
8
BLACK
6
CONTINUOUS
10
5.0017858661417325
20
-3.036327755905512
11
5.0014186220472441
21
-3.0367751968503938
0
LINE
8
BLACK
6
CONTINUOUS
10
5.0014186220472441
20
-3.0367751968503938
11
4.9976690551181102
21
-3.0405247244094489
0
LINE
8
BLACK
6
CONTINUOUS
10
4.9976690551181102
20
-3.0405247244094489
11
4.9974426771653544
21
-3.0407104724409448
0
LINE
8
BLACK
6
CONTINUOUS
10
4.9974426771653544
20
-3.0407104724409448
11
4.9973915354330707
21
-3.0407694881889764
0
LINE
8
BLACK
6
CONTINUOUS
10
4.9973915354330707
20
-3.0407694881889764
11
4.9973025984251969
21
-3.0408254330708662
0
LINE
8
BLACK
6
CONTINUOUS
10
4.9973025984251969
20
-3.0408254330708662
11
4.9972215748031497
21
-3.0408919685039368
0
LINE
8
BLACK
6
CONTINUOUS
10
4.9972215748031497
20
-3.0408919685039368
11
4.9971495275590554
21
-3.0409217716535433
0
LINE
8
BLACK
6
CONTINUOUS
10
4.9971495275590554
20
-3.0409217716535433
11
4.9969016535433068
21
-3.0410778346456691
0
LINE
8
BLACK
6
CONTINUOUS
10
4.9969016535433068
20
-3.0410778346456691
11
4.9931521259842517
21
-3.0429525984251966
0
LINE
8
BLACK
6
CONTINUOUS
10
4.9931521259842517
20
-3.0429525984251966
11
4.9931099999999997
21
-3.0429687007874016
0
LINE
8
BLACK
6
CONTINUOUS
10
4.9931099999999997
20
-3.0429687007874016
11
4.9930928740157476
21
-3.0429814173228347
0
LINE
8
BLACK
6
CONTINUOUS
10
4.9930928740157476
20
-3.0429814173228347
11
4.9928509055118111
21
-3.0430678346456692
0
LINE
8
BLACK
6
CONTINUOUS
10
4.9928509055118111
20
-3.0430678346456692
11
4.9926114960629917
21
-3.0431594881889765
0
LINE
8
BLACK
6
CONTINUOUS
10
4.9926114960629917
20
-3.0431594881889765
11
4.9925902362204724
21
-3.0431609842519682
0
LINE
8
BLACK
6
CONTINUOUS
10
4.9925902362204724
20
-3.0431609842519682
11
4.9925477559055116
21
-3.0431761811023623
0
LINE
8
BLACK
6
CONTINUOUS
10
4.9925477559055116
20
-3.0431761811023623
11
4.9850487007874014
21
-3.0450509448818899
0
LINE
8
BLACK
6
CONTINUOUS
10
4.9850487007874014
20
-3.0450509448818899
11
4.9849488188976379
21
-3.0450657086614172
0
LINE
8
BLACK
6
CONTINUOUS
10
4.9849488188976379
20
-3.0450657086614172
11
4.9849086220472438
21
-3.0450823622047243
0
LINE
8
BLACK
6
CONTINUOUS
10
4.9849086220472438
20
-3.0450823622047243
11
4.9846915748031497
21
-3.0451037007874016
0
LINE
8
BLACK
6
CONTINUOUS
10
4.9846915748031497
20
-3.0451037007874016
11
4.9844761023622048
21
-3.045135590551181
0
LINE
8
BLACK
6
CONTINUOUS
10
4.9844761023622048
20
-3.045135590551181
11
4.9844330708661415
21
-3.0451291732283465
0
LINE
8
BLACK
6
CONTINUOUS
10
4.9844330708661415
20
-3.0451291732283465
11
4.984332559055118
21
-3.0451390944881891
0
LINE
8
BLACK
6
CONTINUOUS
10
4.984332559055118
20
-3.0451390944881891
11
4.9787082677165353
21
-3.0451390944881891
0
LINE
8
BLACK
6
CONTINUOUS
10
4.9787082677165353
20
-3.0451390944881891
11
4.978607716535433
21
-3.0451291732283465
0
LINE
8
BLACK
6
CONTINUOUS
10
4.978607716535433
20
-3.0451291732283465
11
4.9785647244094484
21
-3.045135590551181
0
LINE
8
BLACK
6
CONTINUOUS
10
4.9785647244094484
20
-3.045135590551181
11
4.9783492125984248
21
-3.0451037007874016
0
LINE
8
BLACK
6
CONTINUOUS
10
4.9783492125984248
20
-3.0451037007874016
11
4.9781322047244094
21
-3.0450823622047243
0
LINE
8
BLACK
6
CONTINUOUS
10
4.9781322047244094
20
-3.0450823622047243
11
4.9780919685039366
21
-3.0450657086614172
0
LINE
8
BLACK
6
CONTINUOUS
10
4.9780919685039366
20
-3.0450657086614172
11
4.9779921259842519
21
-3.0450509448818899
0
LINE
8
BLACK
6
CONTINUOUS
10
4.9779921259842519
20
-3.0450509448818899
11
4.9704930708661417
21
-3.0431761811023623
0
LINE
8
BLACK
6
CONTINUOUS
10
4.9704930708661417
20
-3.0431761811023623
11
4.9704505511811021
21
-3.0431609842519682
0
LINE
8
BLACK
6
CONTINUOUS
10
4.9704505511811021
20
-3.0431609842519682
11
4.9704292913385828
21
-3.0431594881889765
0
LINE
8
BLACK
6
CONTINUOUS
10
4.9704292913385828
20
-3.0431594881889765
11
4.9701895275590546
21
-3.043067716535433
0
LINE
8
BLACK
6
CONTINUOUS
10
4.9701895275590546
20
-3.043067716535433
11
4.9699479527559056
21
-3.0429814173228347
0
LINE
8
BLACK
6
CONTINUOUS
10
4.9699479527559056
20
-3.0429814173228347
11
4.9699307874015748
21
-3.0429687007874016
0
LINE
8
BLACK
6
CONTINUOUS
10
4.9699307874015748
20
-3.0429687007874016
11
4.9698887007874015
21
-3.0429525984251966
0
LINE
8
BLACK
6
CONTINUOUS
10
4.9698887007874015
20
-3.0429525984251966
11
4.9661391732283464
21
-3.0410778346456691
0
LINE
8
BLACK
6
CONTINUOUS
10
4.9661391732283464
20
-3.0410778346456691
11
4.9658913385826766
21
-3.040921811023622
0
LINE
8
BLACK
6
CONTINUOUS
10
4.9658913385826766
20
-3.040921811023622
11
4.9658192125984248
21
-3.0408919685039368
0
LINE
8
BLACK
6
CONTINUOUS
10
4.9658192125984248
20
-3.0408919685039368
11
4.9657380314960626
21
-3.0408253543307087
0
LINE
8
BLACK
6
CONTINUOUS
10
4.9657380314960626
20
-3.0408253543307087
11
4.9656492913385826
21
-3.0407694881889764
0
LINE
8
BLACK
6
CONTINUOUS
10
4.9656492913385826
20
-3.0407694881889764
11
4.9655981496062989
21
-3.0407105511811023
0
LINE
8
BLACK
6
CONTINUOUS
10
4.9655981496062989
20
-3.0407105511811023
11
4.965371771653543
21
-3.0405247244094489
0
LINE
8
BLACK
6
CONTINUOUS
10
4.965371771653543
20
-3.0405247244094489
11
4.9616222440944879
21
-3.0367751968503938
0
LINE
8
BLACK
6
CONTINUOUS
10
4.9616222440944879
20
-3.0367751968503938
11
4.9612550393700783
21
-3.036327755905512
0
LINE
8
BLACK
6
CONTINUOUS
10
4.9612550393700783
20
-3.036327755905512
11
4.9612144094488189
21
-3.0362296850393702
0
LINE
8
BLACK
6
CONTINUOUS
10
4.9612144094488189
20
-3.0362296850393702
11
4.9611449212598426
21
-3.0361495669291338
0
LINE
8
BLACK
6
CONTINUOUS
10
4.9611449212598426
20
-3.0361495669291338
11
4.9609089370078738
21
-3.0356210236220473
0
LINE
8
BLACK
6
CONTINUOUS
10
4.9609089370078738
20
-3.0356210236220473
11
4.9590341732283463
21
-3.0299967322834647
0
LINE
8
BLACK
6
CONTINUOUS
10
4.9590341732283463
20
-3.0299967322834647
11
4.9589692125984248
21
-3.0297111417322835
0
LINE
8
BLACK
6
CONTINUOUS
10
4.9589692125984248
20
-3.0297111417322835
11
4.9589393700787401
21
-3.02963905511811
0
LINE
8
BLACK
6
CONTINUOUS
10
4.9589393700787401
20
-3.02963905511811
11
4.9589290551181104
21
-3.0295345275590551
0
LINE
8
BLACK
6
CONTINUOUS
10
4.9589290551181104
20
-3.0295345275590551
11
4.9589058267716535
21
-3.0294322834645668
0
LINE
8
BLACK
6
CONTINUOUS
10
4.9589058267716535
20
-3.0294322834645668
11
4.9589113385826771
21
-3.0293545275590552
0
LINE
8
BLACK
6
CONTINUOUS
10
4.9589113385826771
20
-3.0293545275590552
11
4.9588826377952753
21
-3.0290629921259842
0
LINE
8
BLACK
6
CONTINUOUS
10
4.9588826377952753
20
-3.0290629921259842
11
4.9588826377952753
21
-3.0196891732283464
0
LINE
8
BLACK
6
CONTINUOUS
10
4.9588826377952753
20
-3.0196891732283464
11
4.9589393700787401
21
-3.0191131102362205
0
LINE
8
BLACK
6
CONTINUOUS
10
4.9589393700787401
20
-3.0191131102362205
11
4.9593802755905507
21
-3.0180487007874017
0
LINE
8
BLACK
6
CONTINUOUS
10
4.9593802755905507
20
-3.0180487007874017
11
4.9601949212598422
21
-3.0172340551181103
0
LINE
8
BLACK
6
CONTINUOUS
10
4.9601949212598422
20
-3.0172340551181103
11
4.9612593307086614
21
-3.0167931496062992
0
LINE
8
BLACK
6
CONTINUOUS
10
4.9612593307086614
20
-3.0167931496062992
11
4.9618353937007873
21
-3.0167364173228344
0
LINE
8
BLACK
6
CONTINUOUS
10
4.9618353937007873
20
-3.0167364173228344
11
5.0012054724409447
21
-3.0167364173228344
0
LINE
8
BLACK
6
CONTINUOUS
10
5.0012054724409447
20
-3.0167364173228344
11
5.0017815354330706
21
-3.0167931496062992
0
LINE
8
BLACK
6
CONTINUOUS
10
4.9647881496062993
20
-3.0285838188976379
11
4.9662909448818899
21
-3.0330922440944881
0
LINE
8
BLACK
6
CONTINUOUS
10
4.9662909448818899
20
-3.0330922440944881
11
4.969208779527559
21
-3.0360100787401576
0
LINE
8
BLACK
6
CONTINUOUS
10
4.969208779527559
20
-3.0360100787401576
11
4.9722397637795277
21
-3.0375255511811021
0
LINE
8
BLACK
6
CONTINUOUS
10
4.9722397637795277
20
-3.0375255511811021
11
4.9790718110236218
21
-3.0392335826771655
0
LINE
8
BLACK
6
CONTINUOUS
10
4.9790718110236218
20
-3.0392335826771655
11
4.9839690157480314
21
-3.0392335826771655
0
LINE
8
BLACK
6
CONTINUOUS
10
4.9839690157480314
20
-3.0392335826771655
11
4.9908010629921256
21
-3.0375255511811021
0
LINE
8
BLACK
6
CONTINUOUS
10
4.9908010629921256
20
-3.0375255511811021
11
4.9938320472440942
21
-3.0360100393700789
0
LINE
8
BLACK
6
CONTINUOUS
10
4.9938320472440942
20
-3.0360100393700789
11
4.9967499212598421
21
-3.0330922047244093
0
LINE
8
BLACK
6
CONTINUOUS
10
4.9967499212598421
20
-3.0330922047244093
11
4.9982527165354327
21
-3.0285838582677163
0
LINE
8
BLACK
6
CONTINUOUS
10
4.9982527165354327
20
-3.0285838582677163
11
4.9982527165354327
21
-3.022641929133858
0
LINE
8
BLACK
6
CONTINUOUS
10
4.9982527165354327
20
-3.022641929133858
11
4.9647881496062993
21
-3.022641929133858
0
LINE
8
BLACK
6
CONTINUOUS
10
4.9647881496062993
20
-3.022641929133858
11
4.9647881496062993
21
-3.0285838188976379
0
LINE
8
BLACK
6
CONTINUOUS
10
5.6466362598425199
20
-3.0196994881889765
11
5.6479146850393702
21
-3.0209779133858268
0
LINE
8
BLACK
6
CONTINUOUS
10
5.6479146850393702
20
-3.0209779133858268
11
5.6479146850393702
21
-3.0227858661417324
0
LINE
8
BLACK
6
CONTINUOUS
10
5.6479146850393702
20
-3.0227858661417324
11
5.6466362598425199
21
-3.0240642913385827
0
LINE
8
BLACK
6
CONTINUOUS
10
5.6466362598425199
20
-3.0240642913385827
11
5.6457322834645671
21
-3.0242440944881888
0
LINE
8
BLACK
6
CONTINUOUS
10
5.6457322834645671
20
-3.0242440944881888
11
5.5748661417322829
21
-3.0242440944881888
0
LINE
8
BLACK
6
CONTINUOUS
10
5.5748661417322829
20
-3.0242440944881888
11
5.573962165354331
21
-3.0240642913385827
0
LINE
8
BLACK
6
CONTINUOUS
10
5.573962165354331
20
-3.0240642913385827
11
5.5726837401574798
21
-3.0227858661417324
0
LINE
8
BLACK
6
CONTINUOUS
10
5.5726837401574798
20
-3.0227858661417324
11
5.5726837401574798
21
-3.0209779133858268
0
LINE
8
BLACK
6
CONTINUOUS
10
5.5726837401574798
20
-3.0209779133858268
11
5.573962165354331
21
-3.0196994881889765
0
LINE
8
BLACK
6
CONTINUOUS
10
5.573962165354331
20
-3.0196994881889765
11
5.5748661417322829
21
-3.01951968503937
0
LINE
8
BLACK
6
CONTINUOUS
10
5.5748661417322829
20
-3.01951968503937
11
5.6457322834645671
21
-3.01951968503937
0
LINE
8
BLACK
6
CONTINUOUS
10
5.6457322834645671
20
-3.01951968503937
11
5.6466362598425199
21
-3.0196994881889765
0
LINE
8
BLACK
6
CONTINUOUS
10
5.2385152755905509
20
-2.9726401574803147
11
5.2386132677165351
21
-2.9726807480314958
0
LINE
8
BLACK
6
CONTINUOUS
10
5.2386132677165351
20
-2.9726807480314958
11
5.2387190944881885
21
-2.9726882677165354
0
LINE
8
BLACK
6
CONTINUOUS
10
5.2387190944881885
20
-2.9726882677165354
11
5.2392597244094485
21
-2.9728951574803149
0
LINE
8
BLACK
6
CONTINUOUS
10
5.2392597244094485
20
-2.9728951574803149
11
5.2430092519685036
21
-2.9747699212598424
0
LINE
8
BLACK
6
CONTINUOUS
10
5.2430092519685036
20
-2.9747699212598424
11
5.2432572440944885
21
-2.9749259842519686
0
LINE
8
BLACK
6
CONTINUOUS
10
5.2432572440944885
20
-2.9749259842519686
11
5.2433292125984252
21
-2.9749558267716534
0
LINE
8
BLACK
6
CONTINUOUS
10
5.2433292125984252
20
-2.9749558267716534
11
5.2434101574803149
21
-2.975022283464567
0
LINE
8
BLACK
6
CONTINUOUS
10
5.2434101574803149
20
-2.975022283464567
11
5.2434991338582675
21
-2.9750782677165355
0
LINE
8
BLACK
6
CONTINUOUS
10
5.2434991338582675
20
-2.9750782677165355
11
5.2435502755905512
21
-2.9751372440944883
0
LINE
8
BLACK
6
CONTINUOUS
10
5.2435502755905512
20
-2.9751372440944883
11
5.243776653543307
21
-2.975323031496063
0
LINE
8
BLACK
6
CONTINUOUS
10
5.243776653543307
20
-2.975323031496063
11
5.2456514173228346
21
-2.9771977952755906
0
LINE
8
BLACK
6
CONTINUOUS
10
5.2456514173228346
20
-2.9771977952755906
11
5.2460186220472442
21
-2.9776452362204724
0
LINE
8
BLACK
6
CONTINUOUS
10
5.2460186220472442
20
-2.9776452362204724
11
5.2464595275590549
21
-2.9787096456692912
0
LINE
8
BLACK
6
CONTINUOUS
10
5.2464595275590549
20
-2.9787096456692912
11
5.2464595275590549
21
-2.9798617322834646
0
LINE
8
BLACK
6
CONTINUOUS
10
5.2464595275590549
20
-2.9798617322834646
11
5.2460186220472442
21
-2.9809261417322834
0
LINE
8
BLACK
6
CONTINUOUS
10
5.2460186220472442
20
-2.9809261417322834
11
5.245203937007874
21
-2.9817408267716536
0
LINE
8
BLACK
6
CONTINUOUS
10
5.245203937007874
20
-2.9817408267716536
11
5.2441395275590548
21
-2.9821817322834643
0
LINE
8
BLACK
6
CONTINUOUS
10
5.2441395275590548
20
-2.9821817322834643
11
5.2429874409448818
21
-2.9821817322834643
0
LINE
8
BLACK
6
CONTINUOUS
10
5.2429874409448818
20
-2.9821817322834643
11
5.2419230314960625
21
-2.9817408267716536
0
LINE
8
BLACK
6
CONTINUOUS
10
5.2419230314960625
20
-2.9817408267716536
11
5.2414755905511807
21
-2.981373622047244
0
LINE
8
BLACK
6
CONTINUOUS
10
5.2414755905511807
20
-2.981373622047244
11
5.239939645669291
21
-2.9798376771653543
0
LINE
8
BLACK
6
CONTINUOUS
10
5.239939645669291
20
-2.9798376771653543
11
5.2372421653543304
21
-2.978488937007874
0
LINE
8
BLACK
6
CONTINUOUS
10
5.2372421653543304
20
-2.978488937007874
11
5.2292624409448818
21
-2.978488937007874
0
LINE
8
BLACK
6
CONTINUOUS
10
5.2292624409448818
20
-2.978488937007874
11
5.2265649606299212
21
-2.9798376771653543
0
LINE
8
BLACK
6
CONTINUOUS
10
5.2265649606299212
20
-2.9798376771653543
11
5.2253678346456693
21
-2.9810348031496061
0
LINE
8
BLACK
6
CONTINUOUS
10
5.2253678346456693
20
-2.9810348031496061
11
5.224019094488189
21
-2.9837322834645668
0
LINE
8
BLACK
6
CONTINUOUS
10
5.224019094488189
20
-2.9837322834645668
11
5.224019094488189
21
-2.9863055905511811
0
LINE
8
BLACK
6
CONTINUOUS
10
5.224019094488189
20
-2.9863055905511811
11
5.2255218897637796
21
-2.9908140157480316
0
LINE
8
BLACK
6
CONTINUOUS
10
5.2255218897637796
20
-2.9908140157480316
11
5.2475261811023621
21
-3.0128183464566929
0
LINE
8
BLACK
6
CONTINUOUS
10
5.2475261811023621
20
-3.0128183464566929
11
5.2478934251968505
21
-3.0132657874015747
0
LINE
8
BLACK
6
CONTINUOUS
10
5.2478934251968505
20
-3.0132657874015747
11
5.2483342913385824
21
-3.0143302362204722
0
LINE
8
BLACK
6
CONTINUOUS
10
5.2483342913385824
20
-3.0143302362204722
11
5.2483342913385824
21
-3.0154823228346457
0
LINE
8
BLACK
6
CONTINUOUS
10
5.2483342913385824
20
-3.0154823228346457
11
5.2478933858267718
21
-3.0165467322834645
0
LINE
8
BLACK
6
CONTINUOUS
10
5.2478933858267718
20
-3.0165467322834645
11
5.2470787401574803
21
-3.0173614173228347
0
LINE
8
BLACK
6
CONTINUOUS
10
5.2470787401574803
20
-3.0173614173228347
11
5.246326062992126
21
-3.0176731496062992
0
LINE
8
BLACK
6
CONTINUOUS
10
5.246326062992126
20
-3.0176731496062992
11
5.2460143307086611
21
-3.017802283464567
0
LINE
8
BLACK
6
CONTINUOUS
10
5.2460143307086611
20
-3.017802283464567
11
5.2454382677165352
21
-3.0178590157480314
0
LINE
8
BLACK
6
CONTINUOUS
10
5.2454382677165352
20
-3.0178590157480314
11
5.221066338582677
21
-3.0178590157480314
0
LINE
8
BLACK
6
CONTINUOUS
10
5.221066338582677
20
-3.0178590157480314
11
5.2204902755905511
21
-3.017802283464567
0
LINE
8
BLACK
6
CONTINUOUS
10
5.2204902755905511
20
-3.017802283464567
11
5.2194258661417319
21
-3.0173613779527559
0
LINE
8
BLACK
6
CONTINUOUS
10
5.2194258661417319
20
-3.0173613779527559
11
5.2186112204724404
21
-3.0165467322834645
0
LINE
8
BLACK
6
CONTINUOUS
10
5.2186112204724404
20
-3.0165467322834645
11
5.2181703149606298
21
-3.0154823228346457
0
LINE
8
BLACK
6
CONTINUOUS
10
5.2181703149606298
20
-3.0154823228346457
11
5.2181703149606298
21
-3.0143301968503935
0
LINE
8
BLACK
6
CONTINUOUS
10
5.2181703149606298
20
-3.0143301968503935
11
5.2186112204724404
21
-3.0132657874015747
0
LINE
8
BLACK
6
CONTINUOUS
10
5.2186112204724404
20
-3.0132657874015747
11
5.2194258661417319
21
-3.0124511417322832
0
LINE
8
BLACK
6
CONTINUOUS
10
5.2194258661417319
20
-3.0124511417322832
11
5.2204902755905511
21
-3.0120102362204726
0
LINE
8
BLACK
6
CONTINUOUS
10
5.2204902755905511
20
-3.0120102362204726
11
5.221066338582677
21
-3.0119535039370078
0
LINE
8
BLACK
6
CONTINUOUS
10
5.221066338582677
20
-3.0119535039370078
11
5.2383096850393702
21
-3.0119535039370078
0
LINE
8
BLACK
6
CONTINUOUS
10
5.2383096850393702
20
-3.0119535039370078
11
5.2208531889763776
21
-2.9944969685039369
0
LINE
8
BLACK
6
CONTINUOUS
10
5.2208531889763776
20
-2.9944969685039369
11
5.220485984251968
21
-2.9940495275590551
0
LINE
8
BLACK
6
CONTINUOUS
10
5.220485984251968
20
-2.9940495275590551
11
5.2204453543307086
21
-2.9939514566929133
0
LINE
8
BLACK
6
CONTINUOUS
10
5.2204453543307086
20
-2.9939514566929133
11
5.2203758661417323
21
-2.993871338582677
0
LINE
8
BLACK
6
CONTINUOUS
10
5.2203758661417323
20
-2.993871338582677
11
5.2201398818897635
21
-2.9933427952755904
0
LINE
8
BLACK
6
CONTINUOUS
10
5.2201398818897635
20
-2.9933427952755904
11
5.218265118110236
21
-2.9877185039370078
0
LINE
8
BLACK
6
CONTINUOUS
10
5.218265118110236
20
-2.9877185039370078
11
5.2182001574803145
21
-2.9874329133858266
0
LINE
8
BLACK
6
CONTINUOUS
10
5.2182001574803145
20
-2.9874329133858266
11
5.2181703149606298
21
-2.9873608267716536
0
LINE
8
BLACK
6
CONTINUOUS
10
5.2181703149606298
20
-2.9873608267716536
11
5.2181600000000001
21
-2.9872562992125982
0
LINE
8
BLACK
6
CONTINUOUS
10
5.2181600000000001
20
-2.9872562992125982
11
5.2181367716535432
21
-2.9871540551181104
0
LINE
8
BLACK
6
CONTINUOUS
10
5.2181367716535432
20
-2.9871540551181104
11
5.2181422834645668
21
-2.9870762992125983
0
LINE
8
BLACK
6
CONTINUOUS
10
5.2181422834645668
20
-2.9870762992125983
11
5.218113582677165
21
-2.9867847637795273
0
LINE
8
BLACK
6
CONTINUOUS
10
5.218113582677165
20
-2.9867847637795273
11
5.218113582677165
21
-2.9830352362204722
0
LINE
8
BLACK
6
CONTINUOUS
10
5.218113582677165
20
-2.9830352362204722
11
5.2181703149606298
21
-2.9824591732283463
0
LINE
8
BLACK
6
CONTINUOUS
10
5.2181703149606298
20
-2.9824591732283463
11
5.2182109055118113
21
-2.9823611417322833
0
LINE
8
BLACK
6
CONTINUOUS
10
5.2182109055118113
20
-2.9823611417322833
11
5.2182184251968504
21
-2.9822553543307087
0
LINE
8
BLACK
6
CONTINUOUS
10
5.2182184251968504
20
-2.9822553543307087
11
5.2184253149606299
21
-2.9817147244094486
0
LINE
8
BLACK
6
CONTINUOUS
10
5.2184253149606299
20
-2.9817147244094486
11
5.2203000787401574
21
-2.9779651968503935
0
LINE
8
BLACK
6
CONTINUOUS
10
5.2203000787401574
20
-2.9779651968503935
11
5.2204561417322832
21
-2.9777171653543308
0
LINE
8
BLACK
6
CONTINUOUS
10
5.2204561417322832
20
-2.9777171653543308
11
5.220485984251968
21
-2.9776452362204724
0
LINE
8
BLACK
6
CONTINUOUS
10
5.220485984251968
20
-2.9776452362204724
11
5.220552440944882
21
-2.9775642519685039
0
LINE
8
BLACK
6
CONTINUOUS
10
5.220552440944882
20
-2.9775642519685039
11
5.2206084251968505
21
-2.9774753149606297
0
LINE
8
BLACK
6
CONTINUOUS
10
5.2206084251968505
20
-2.9774753149606297
11
5.2206674015748034
21
-2.9774241338582677
0
LINE
8
BLACK
6
CONTINUOUS
10
5.2206674015748034
20
-2.9774241338582677
11
5.2208531889763776
21
-2.9771977952755906
0
LINE
8
BLACK
6
CONTINUOUS
10
5.2208531889763776
20
-2.9771977952755906
11
5.2227279527559052
21
-2.975323031496063
0
LINE
8
BLACK
6
CONTINUOUS
10
5.2227279527559052
20
-2.975323031496063
11
5.2229542913385822
21
-2.9751372440944883
0
LINE
8
BLACK
6
CONTINUOUS
10
5.2229542913385822
20
-2.9751372440944883
11
5.2230054724409447
21
-2.9750782677165355
0
LINE
8
BLACK
6
CONTINUOUS
10
5.2230054724409447
20
-2.9750782677165355
11
5.2230944094488185
21
-2.975022283464567
0
LINE
8
BLACK
6
CONTINUOUS
10
5.2230944094488185
20
-2.975022283464567
11
5.223175393700787
21
-2.9749558267716534
0
LINE
8
BLACK
6
CONTINUOUS
10
5.223175393700787
20
-2.9749558267716534
11
5.2232473228346459
21
-2.9749259842519686
0
LINE
8
BLACK
6
CONTINUOUS
10
5.2232473228346459
20
-2.9749259842519686
11
5.2234953543307086
21
-2.9747699212598424
0
LINE
8
BLACK
6
CONTINUOUS
10
5.2234953543307086
20
-2.9747699212598424
11
5.2272448818897637
21
-2.9728951574803149
0
LINE
8
BLACK
6
CONTINUOUS
10
5.2272448818897637
20
-2.9728951574803149
11
5.2277854724409449
21
-2.9726882677165354
0
LINE
8
BLACK
6
CONTINUOUS
10
5.2277854724409449
20
-2.9726882677165354
11
5.2278913385826771
21
-2.9726807086614171
0
LINE
8
BLACK
6
CONTINUOUS
10
5.2278913385826771
20
-2.9726807086614171
11
5.2279893307086613
21
-2.9726401574803147
0
LINE
8
BLACK
6
CONTINUOUS
10
5.2279893307086613
20
-2.9726401574803147
11
5.2285653937007872
21
-2.9725834251968504
0
LINE
8
BLACK
6
CONTINUOUS
10
5.2285653937007872
20
-2.9725834251968504
11
5.237939212598425
21
-2.9725834251968504
0
LINE
8
BLACK
6
CONTINUOUS
10
5.237939212598425
20
-2.9725834251968504
11
5.2385152755905509
21
-2.9726401574803147
0
LINE
8
BLACK
6
CONTINUOUS
10
5.2816348818897634
20
-2.9726401574803147
11
5.2826992913385826
21
-2.9730810629921258
0
LINE
8
BLACK
6
CONTINUOUS
10
5.2826992913385826
20
-2.9730810629921258
11
5.2835139370078741
21
-2.9738957086614173
0
LINE
8
BLACK
6
CONTINUOUS
10
5.2835139370078741
20
-2.9738957086614173
11
5.2839548425196847
21
-2.9749601181102361
0
LINE
8
BLACK
6
CONTINUOUS
10
5.2839548425196847
20
-2.9749601181102361
11
5.2840115748031495
21
-2.975536181102362
0
LINE
8
BLACK
6
CONTINUOUS
10
5.2840115748031495
20
-2.975536181102362
11
5.2840115748031495
21
-3.0149062598425198
0
LINE
8
BLACK
6
CONTINUOUS
10
5.2840115748031495
20
-3.0149062598425198
11
5.2839548425196847
21
-3.0154823228346457
0
LINE
8
BLACK
6
CONTINUOUS
10
5.2839548425196847
20
-3.0154823228346457
11
5.2835139370078741
21
-3.0165467322834645
0
LINE
8
BLACK
6
CONTINUOUS
10
5.2835139370078741
20
-3.0165467322834645
11
5.2826992913385826
21
-3.0173613779527559
0
LINE
8
BLACK
6
CONTINUOUS
10
5.2826992913385826
20
-3.0173613779527559
11
5.2816348818897634
21
-3.017802283464567
0
LINE
8
BLACK
6
CONTINUOUS
10
5.2816348818897634
20
-3.017802283464567
11
5.2810588188976375
21
-3.0178590157480314
0
LINE
8
BLACK
6
CONTINUOUS
10
5.2810588188976375
20
-3.0178590157480314
11
5.2716849999999997
21
-3.0178590157480314
0
LINE
8
BLACK
6
CONTINUOUS
10
5.2716849999999997
20
-3.0178590157480314
11
5.2713933858267712
21
-3.0178302755905513
0
LINE
8
BLACK
6
CONTINUOUS
10
5.2713933858267712
20
-3.0178302755905513
11
5.2713156692913383
21
-3.0178358267716536
0
LINE
8
BLACK
6
CONTINUOUS
10
5.2713156692913383
20
-3.0178358267716536
11
5.2712133858267718
21
-3.0178125590551179
0
LINE
8
BLACK
6
CONTINUOUS
10
5.2712133858267718
20
-3.0178125590551179
11
5.2711089370078739
21
-3.017802283464567
0
LINE
8
BLACK
6
CONTINUOUS
10
5.2711089370078739
20
-3.017802283464567
11
5.2710368503937008
21
-3.0177724015748031
0
LINE
8
BLACK
6
CONTINUOUS
10
5.2710368503937008
20
-3.0177724015748031
11
5.2707512204724409
21
-3.0177074803149604
0
LINE
8
BLACK
6
CONTINUOUS
10
5.2707512204724409
20
-3.0177074803149604
11
5.265126968503937
21
-3.0158327165354328
0
LINE
8
BLACK
6
CONTINUOUS
10
5.265126968503937
20
-3.0158327165354328
11
5.2645983858267718
21
-3.0155967322834645
0
LINE
8
BLACK
6
CONTINUOUS
10
5.2645983858267718
20
-3.0155967322834645
11
5.264518267716535
21
-3.0155272440944882
0
LINE
8
BLACK
6
CONTINUOUS
10
5.264518267716535
20
-3.0155272440944882
11
5.2644202362204719
21
-3.0154866535433071
0
LINE
8
BLACK
6
CONTINUOUS
10
5.2644202362204719
20
-3.0154866535433071
11
5.2639727952755901
21
-3.0151194094488187
0
LINE
8
BLACK
6
CONTINUOUS
10
5.2639727952755901
20
-3.0151194094488187
11
5.260223267716535
21
-3.0113698425196849
0
LINE
8
BLACK
6
CONTINUOUS
10
5.260223267716535
20
-3.0113698425196849
11
5.2600374803149608
21
-3.0111434645669291
0
LINE
8
BLACK
6
CONTINUOUS
10
5.2600374803149608
20
-3.0111434645669291
11
5.2599785039370079
21
-3.0110923228346458
0
LINE
8
BLACK
6
CONTINUOUS
10
5.2599785039370079
20
-3.0110923228346458
11
5.2599225196850394
21
-3.0110033858267715
0
LINE
8
BLACK
6
CONTINUOUS
10
5.2599225196850394
20
-3.0110033858267715
11
5.2598560236220475
21
-3.0109223622047243
0
LINE
8
BLACK
6
CONTINUOUS
10
5.2598560236220475
20
-3.0109223622047243
11
5.2598261811023619
21
-3.01085031496063
0
LINE
8
BLACK
6
CONTINUOUS
10
5.2598261811023619
20
-3.01085031496063
11
5.2596701574803149
21
-3.0106024409448819
0
LINE
8
BLACK
6
CONTINUOUS
10
5.2596701574803149
20
-3.0106024409448819
11
5.2577953937007873
21
-3.0068529133858268
0
LINE
8
BLACK
6
CONTINUOUS
10
5.2577953937007873
20
-3.0068529133858268
11
5.257779251968504
21
-3.0068107874015748
0
LINE
8
BLACK
6
CONTINUOUS
10
5.257779251968504
20
-3.0068107874015748
11
5.2577665748031492
21
-3.0067936614173227
0
LINE
8
BLACK
6
CONTINUOUS
10
5.2577665748031492
20
-3.0067936614173227
11
5.2576801181102359
21
-3.0065516929133858
0
LINE
8
BLACK
6
CONTINUOUS
10
5.2576801181102359
20
-3.0065516929133858
11
5.2575885039370078
21
-3.0063122834645668
0
LINE
8
BLACK
6
CONTINUOUS
10
5.2575885039370078
20
-3.0063122834645668
11
5.2575869685039365
21
-3.006291023622047
0
LINE
8
BLACK
6
CONTINUOUS
10
5.2575869685039365
20
-3.006291023622047
11
5.257571811023622
21
-3.0062485433070867
0
LINE
8
BLACK
6
CONTINUOUS
10
5.257571811023622
20
-3.0062485433070867
11
5.2556970472440945
21
-2.9987494881889765
0
LINE
8
BLACK
6
CONTINUOUS
10
5.2556970472440945
20
-2.9987494881889765
11
5.2556822440944879
21
-2.9986496062992125
0
LINE
8
BLACK
6
CONTINUOUS
10
5.2556822440944879
20
-2.9986496062992125
11
5.2556656299212596
21
-2.9986094094488189
0
LINE
8
BLACK
6
CONTINUOUS
10
5.2556656299212596
20
-2.9986094094488189
11
5.255644251968504
21
-2.9983923622047244
0
LINE
8
BLACK
6
CONTINUOUS
10
5.255644251968504
20
-2.9983923622047244
11
5.2556124015748029
21
-2.9981768897637795
0
LINE
8
BLACK
6
CONTINUOUS
10
5.2556124015748029
20
-2.9981768897637795
11
5.2556187795275591
21
-2.9981338582677166
0
LINE
8
BLACK
6
CONTINUOUS
10
5.2556187795275591
20
-2.9981338582677166
11
5.2556088976377948
21
-2.9980333464566931
0
LINE
8
BLACK
6
CONTINUOUS
10
5.2556088976377948
20
-2.9980333464566931
11
5.2556088976377948
21
-2.99240905511811
0
LINE
8
BLACK
6
CONTINUOUS
10
5.2556088976377948
20
-2.99240905511811
11
5.2556187795275591
21
-2.9923085039370076
0
LINE
8
BLACK
6
CONTINUOUS
10
5.2556187795275591
20
-2.9923085039370076
11
5.2556124015748029
21
-2.9922655118110235
0
LINE
8
BLACK
6
CONTINUOUS
10
5.2556124015748029
20
-2.9922655118110235
11
5.255644251968504
21
-2.9920499999999999
0
LINE
8
BLACK
6
CONTINUOUS
10
5.255644251968504
20
-2.9920499999999999
11
5.2556656299212596
21
-2.9918329921259841
0
LINE
8
BLACK
6
CONTINUOUS
10
5.2556656299212596
20
-2.9918329921259841
11
5.2556822440944879
21
-2.9917927559055117
0
LINE
8
BLACK
6
CONTINUOUS
10
5.2556822440944879
20
-2.9917927559055117
11
5.2556970472440945
21
-2.9916929133858265
0
LINE
8
BLACK
6
CONTINUOUS
10
5.2556970472440945
20
-2.9916929133858265
11
5.257571811023622
21
-2.9841938582677163
0
LINE
8
BLACK
6
CONTINUOUS
10
5.257571811023622
20
-2.9841938582677163
11
5.2575869685039365
21
-2.9841513385826772
0
LINE
8
BLACK
6
CONTINUOUS
10
5.2575869685039365
20
-2.9841513385826772
11
5.2575885039370078
21
-2.9841301181102362
0
LINE
8
BLACK
6
CONTINUOUS
10
5.2575885039370078
20
-2.9841301181102362
11
5.2576801181102359
21
-2.9838906692913385
0
LINE
8
BLACK
6
CONTINUOUS
10
5.2576801181102359
20
-2.9838906692913385
11
5.2577665748031492
21
-2.9836487401574803
0
LINE
8
BLACK
6
CONTINUOUS
10
5.2577665748031492
20
-2.9836487401574803
11
5.257779251968504
21
-2.9836315748031494
0
LINE
8
BLACK
6
CONTINUOUS
10
5.257779251968504
20
-2.9836315748031494
11
5.2577953937007873
21
-2.9835894881889762
0
LINE
8
BLACK
6
CONTINUOUS
10
5.2577953937007873
20
-2.9835894881889762
11
5.2596701574803149
21
-2.9798399606299211
0
LINE
8
BLACK
6
CONTINUOUS
10
5.2596701574803149
20
-2.9798399606299211
11
5.2598262204724406
21
-2.9795919291338584
0
LINE
8
BLACK
6
CONTINUOUS
10
5.2598262204724406
20
-2.9795919291338584
11
5.2598560629921263
21
-2.9795199999999999
0
LINE
8
BLACK
6
CONTINUOUS
10
5.2598560629921263
20
-2.9795199999999999
11
5.2599225196850394
21
-2.9794390157480315
0
LINE
8
BLACK
6
CONTINUOUS
10
5.2599225196850394
20
-2.9794390157480315
11
5.2599785039370079
21
-2.9793500787401572
0
LINE
8
BLACK
6
CONTINUOUS
10
5.2599785039370079
20
-2.9793500787401572
11
5.2600374803149608
21
-2.9792988976377952
0
LINE
8
BLACK
6
CONTINUOUS
10
5.2600374803149608
20
-2.9792988976377952
11
5.260223267716535
21
-2.9790725590551181
0
LINE
8
BLACK
6
CONTINUOUS
10
5.260223267716535
20
-2.9790725590551181
11
5.2639727952755901
21
-2.975323031496063
0
LINE
8
BLACK
6
CONTINUOUS
10
5.2639727952755901
20
-2.975323031496063
11
5.2644202362204719
21
-2.9749557874015746
0
LINE
8
BLACK
6
CONTINUOUS
10
5.2644202362204719
20
-2.9749557874015746
11
5.264518267716535
21
-2.9749151574803148
0
LINE
8
BLACK
6
CONTINUOUS
10
5.264518267716535
20
-2.9749151574803148
11
5.2645983858267718
21
-2.9748457086614173
0
LINE
8
BLACK
6
CONTINUOUS
10
5.2645983858267718
20
-2.9748457086614173
11
5.265126968503937
21
-2.9746097244094489
0
LINE
8
BLACK
6
CONTINUOUS
10
5.265126968503937
20
-2.9746097244094489
11
5.2707512204724409
21
-2.9727349606299214
0
LINE
8
BLACK
6
CONTINUOUS
10
5.2707512204724409
20
-2.9727349606299214
11
5.2710368503937008
21
-2.9726699999999999
0
LINE
8
BLACK
6
CONTINUOUS
10
5.2710368503937008
20
-2.9726699999999999
11
5.2711089370078739
21
-2.9726401574803147
0
LINE
8
BLACK
6
CONTINUOUS
10
5.2711089370078739
20
-2.9726401574803147
11
5.2712133858267718
21
-2.9726298425196851
0
LINE
8
BLACK
6
CONTINUOUS
10
5.2712133858267718
20
-2.9726298425196851
11
5.2713156692913383
21
-2.9726066141732281
0
LINE
8
BLACK
6
CONTINUOUS
10
5.2713156692913383
20
-2.9726066141732281
11
5.2713933858267712
21
-2.9726121259842517
0
LINE
8
BLACK
6
CONTINUOUS
10
5.2713933858267712
20
-2.9726121259842517
11
5.2716849999999997
21
-2.9725834251968504
0
LINE
8
BLACK
6
CONTINUOUS
10
5.2716849999999997
20
-2.9725834251968504
11
5.2810588188976375
21
-2.9725834251968504
0
LINE
8
BLACK
6
CONTINUOUS
10
5.2810588188976375
20
-2.9725834251968504
11
5.2816348818897634
21
-2.9726401574803147
0
LINE
8
BLACK
6
CONTINUOUS
10
5.2676557480314958
20
-2.9799917322834646
11
5.2647379133858268
21
-2.9829095669291337
0
LINE
8
BLACK
6
CONTINUOUS
10
5.2647379133858268
20
-2.9829095669291337
11
5.2632224015748026
21
-2.9859405511811024
0
LINE
8
BLACK
6
CONTINUOUS
10
5.2632224015748026
20
-2.9859405511811024
11
5.2615144094488189
21
-2.9927725984251969
0
LINE
8
BLACK
6
CONTINUOUS
10
5.2615144094488189
20
-2.9927725984251969
11
5.2615144094488189
21
-2.9976698031496061
0
LINE
8
BLACK
6
CONTINUOUS
10
5.2615144094488189
20
-2.9976698031496061
11
5.2632224015748026
21
-3.0045018503937007
0
LINE
8
BLACK
6
CONTINUOUS
10
5.2632224015748026
20
-3.0045018503937007
11
5.2647379133858268
21
-3.0075328346456693
0
LINE
8
BLACK
6
CONTINUOUS
10
5.2647379133858268
20
-3.0075328346456693
11
5.2676557480314958
21
-3.0104507086614172
0
LINE
8
BLACK
6
CONTINUOUS
10
5.2676557480314958
20
-3.0104507086614172
11
5.2721641338582677
21
-3.0119535039370078
0
LINE
8
BLACK
6
CONTINUOUS
10
5.2721641338582677
20
-3.0119535039370078
11
5.2781060629921255
21
-3.0119535039370078
0
LINE
8
BLACK
6
CONTINUOUS
10
5.2781060629921255
20
-3.0119535039370078
11
5.2781060629921255
21
-2.978488937007874
0
LINE
8
BLACK
6
CONTINUOUS
10
5.2781060629921255
20
-2.978488937007874
11
5.2721641338582677
21
-2.978488937007874
0
LINE
8
BLACK
6
CONTINUOUS
10
5.2721641338582677
20
-2.978488937007874
11
5.2676557480314958
21
-2.9799917322834646
0
LINE
8
BLACK
6
CONTINUOUS
10
5.1313135433070869
20
-2.9723881889763777
11
5.1323779527559052
21
-2.9728290944881888
0
LINE
8
BLACK
6
CONTINUOUS
10
5.1323779527559052
20
-2.9728290944881888
11
5.1331925984251967
21
-2.9736437401574802
0
LINE
8
BLACK
6
CONTINUOUS
10
5.1331925984251967
20
-2.9736437401574802
11
5.1336335039370073
21
-2.974708149606299
0
LINE
8
BLACK
6
CONTINUOUS
10
5.1336335039370073
20
-2.974708149606299
11
5.1336335039370073
21
-2.9758602755905512
0
LINE
8
BLACK
6
CONTINUOUS
10
5.1336335039370073
20
-2.9758602755905512
11
5.1331925984251967
21
-2.97692468503937
0
LINE
8
BLACK
6
CONTINUOUS
10
5.1331925984251967
20
-2.97692468503937
11
5.1323779527559052
21
-2.9777393307086615
0
LINE
8
BLACK
6
CONTINUOUS
10
5.1323779527559052
20
-2.9777393307086615
11
5.1313135433070869
21
-2.9781802362204726
0
LINE
8
BLACK
6
CONTINUOUS
10
5.1313135433070869
20
-2.9781802362204726
11
5.1307374803149601
21
-2.9782369685039369
0
LINE
8
BLACK
6
CONTINUOUS
10
5.1307374803149601
20
-2.9782369685039369
11
5.1128727165354331
21
-2.9782369685039369
0
LINE
8
BLACK
6
CONTINUOUS
10
5.1128727165354331
20
-2.9782369685039369
11
5.1217110629921256
21
-2.9883379133858265
0
LINE
8
BLACK
6
CONTINUOUS
10
5.1217110629921256
20
-2.9883379133858265
11
5.1218890551181104
21
-2.9885868897637793
0
LINE
8
BLACK
6
CONTINUOUS
10
5.1218890551181104
20
-2.9885868897637793
11
5.1219440157480314
21
-2.9886418503937007
0
LINE
8
BLACK
6
CONTINUOUS
10
5.1219440157480314
20
-2.9886418503937007
11
5.1219655905511807
21
-2.988693937007874
0
LINE
8
BLACK
6
CONTINUOUS
10
5.1219655905511807
20
-2.988693937007874
11
5.122047716535433
21
-2.9888088188976378
0
LINE
8
BLACK
6
CONTINUOUS
10
5.122047716535433
20
-2.9888088188976378
11
5.1222012992125983
21
-2.9892630314960629
0
LINE
8
BLACK
6
CONTINUOUS
10
5.1222012992125983
20
-2.9892630314960629
11
5.122384921259842
21
-2.9897062598425195
0
LINE
8
BLACK
6
CONTINUOUS
10
5.122384921259842
20
-2.9897062598425195
11
5.122384921259842
21
-2.9898058661417322
0
LINE
8
BLACK
6
CONTINUOUS
10
5.122384921259842
20
-2.9898058661417322
11
5.1224168110236219
21
-2.9899001968503938
0
LINE
8
BLACK
6
CONTINUOUS
10
5.1224168110236219
20
-2.9899001968503938
11
5.122384921259842
21
-2.9903786614173229
0
LINE
8
BLACK
6
CONTINUOUS
10
5.122384921259842
20
-2.9903786614173229
11
5.122384921259842
21
-2.9908583858267717
0
LINE
8
BLACK
6
CONTINUOUS
10
5.122384921259842
20
-2.9908583858267717
11
5.1223468110236219
21
-2.9909503543307085
0
LINE
8
BLACK
6
CONTINUOUS
10
5.1223468110236219
20
-2.9909503543307085
11
5.1223401968503932
21
-2.9910497244094487
0
LINE
8
BLACK
6
CONTINUOUS
10
5.1223401968503932
20
-2.9910497244094487
11
5.1221274803149601
21
-2.9914798425196851
0
LINE
8
BLACK
6
CONTINUOUS
10
5.1221274803149601
20
-2.9914798425196851
11
5.1219440157480314
21
-2.9919227952755905
0
LINE
8
BLACK
6
CONTINUOUS
10
5.1219440157480314
20
-2.9919227952755905
11
5.1218736614173226
21
-2.9919931102362205
0
LINE
8
BLACK
6
CONTINUOUS
10
5.1218736614173226
20
-2.9919931102362205
11
5.1218294881889763
21
-2.9920824803149606
0
LINE
8
BLACK
6
CONTINUOUS
10
5.1218294881889763
20
-2.9920824803149606
11
5.1214683464566928
21
-2.9923984251968503
0
LINE
8
BLACK
6
CONTINUOUS
10
5.1214683464566928
20
-2.9923984251968503
11
5.1211293700787399
21
-2.9927374409448819
0
LINE
8
BLACK
6
CONTINUOUS
10
5.1211293700787399
20
-2.9927374409448819
11
5.1210373622047243
21
-2.9927755511811025
0
LINE
8
BLACK
6
CONTINUOUS
10
5.1210373622047243
20
-2.9927755511811025
11
5.1209624015748032
21
-2.9928411417322835
0
LINE
8
BLACK
6
CONTINUOUS
10
5.1209624015748032
20
-2.9928411417322835
11
5.120508149606299
21
-2.9929947244094488
0
LINE
8
BLACK
6
CONTINUOUS
10
5.120508149606299
20
-2.9929947244094488
11
5.1200649606299216
21
-2.993178346456693
0
LINE
8
BLACK
6
CONTINUOUS
10
5.1200649606299216
20
-2.993178346456693
11
5.1199243700787402
21
-2.9931921653543307
0
LINE
8
BLACK
6
CONTINUOUS
10
5.1199243700787402
20
-2.9931921653543307
11
5.1198710236220473
21
-2.9932102362204724
0
LINE
8
BLACK
6
CONTINUOUS
10
5.1198710236220473
20
-2.9932102362204724
11
5.1197935433070869
21
-2.9932050393700789
0
LINE
8
BLACK
6
CONTINUOUS
10
5.1197935433070869
20
-2.9932050393700789
11
5.1194888976377948
21
-2.9932350787401574
0
LINE
8
BLACK
6
CONTINUOUS
10
5.1194888976377948
20
-2.9932350787401574
11
5.1145616535433067
21
-2.9932350787401574
0
LINE
8
BLACK
6
CONTINUOUS
10
5.1145616535433067
20
-2.9932350787401574
11
5.1118641732283461
21
-2.9945838188976377
0
LINE
8
BLACK
6
CONTINUOUS
10
5.1118641732283461
20
-2.9945838188976377
11
5.1106670472440943
21
-2.9957809448818895
0
LINE
8
BLACK
6
CONTINUOUS
10
5.1106670472440943
20
-2.9957809448818895
11
5.1093183070866139
21
-2.9984784251968502
0
LINE
8
BLACK
6
CONTINUOUS
10
5.1093183070866139
20
-2.9984784251968502
11
5.1093183070866139
21
-3.0064581496062992
0
LINE
8
BLACK
6
CONTINUOUS
10
5.1093183070866139
20
-3.0064581496062992
11
5.1106670472440943
21
-3.0091556299212598
0
LINE
8
BLACK
6
CONTINUOUS
10
5.1106670472440943
20
-3.0091556299212598
11
5.1118641732283461
21
-3.0103527952755904
0
LINE
8
BLACK
6
CONTINUOUS
10
5.1118641732283461
20
-3.0103527952755904
11
5.1145616535433067
21
-3.0117015354330707
0
LINE
8
BLACK
6
CONTINUOUS
10
5.1145616535433067
20
-3.0117015354330707
11
5.1244161417322838
21
-3.0117015354330707
0
LINE
8
BLACK
6
CONTINUOUS
10
5.1244161417322838
20
-3.0117015354330707
11
5.1271135826771657
21
-3.0103527952755904
0
LINE
8
BLACK
6
CONTINUOUS
10
5.1271135826771657
20
-3.0103527952755904
11
5.1286495275590553
21
-3.0088168503937007
0
LINE
8
BLACK
6
CONTINUOUS
10
5.1286495275590553
20
-3.0088168503937007
11
5.1290970078740159
21
-3.0084496062992123
0
LINE
8
BLACK
6
CONTINUOUS
10
5.1290970078740159
20
-3.0084496062992123
11
5.1301614173228343
21
-3.0080087007874017
0
LINE
8
BLACK
6
CONTINUOUS
10
5.1301614173228343
20
-3.0080087007874017
11
5.1313135039370081
21
-3.0080087007874017
0
LINE
8
BLACK
6
CONTINUOUS
10
5.1313135039370081
20
-3.0080087007874017
11
5.1323779133858265
21
-3.008449566929134
0
LINE
8
BLACK
6
CONTINUOUS
10
5.1323779133858265
20
-3.008449566929134
11
5.1331925984251967
21
-3.0092642519685038
0
LINE
8
BLACK
6
CONTINUOUS
10
5.1331925984251967
20
-3.0092642519685038
11
5.1336335039370073
21
-3.0103286614173226
0
LINE
8
BLACK
6
CONTINUOUS
10
5.1336335039370073
20
-3.0103286614173226
11
5.1336335039370073
21
-3.011480748031496
0
LINE
8
BLACK
6
CONTINUOUS
10
5.1336335039370073
20
-3.011480748031496
11
5.1331926377952755
21
-3.0125451574803148
0
LINE
8
BLACK
6
CONTINUOUS
10
5.1331926377952755
20
-3.0125451574803148
11
5.1328253937007871
21
-3.0129926377952754
0
LINE
8
BLACK
6
CONTINUOUS
10
5.1328253937007871
20
-3.0129926377952754
11
5.1309506692913383
21
-3.0148674015748029
0
LINE
8
BLACK
6
CONTINUOUS
10
5.1309506692913383
20
-3.0148674015748029
11
5.1307242913385824
21
-3.0150531496062993
0
LINE
8
BLACK
6
CONTINUOUS
10
5.1307242913385824
20
-3.0150531496062993
11
5.13067311023622
21
-3.0151122047244092
0
LINE
8
BLACK
6
CONTINUOUS
10
5.13067311023622
20
-3.0151122047244092
11
5.1305841338582674
21
-3.0151681889763777
0
LINE
8
BLACK
6
CONTINUOUS
10
5.1305841338582674
20
-3.0151681889763777
11
5.1305031889763777
21
-3.0152346456692913
0
LINE
8
BLACK
6
CONTINUOUS
10
5.1305031889763777
20
-3.0152346456692913
11
5.1304312204724409
21
-3.0152644488188978
0
LINE
8
BLACK
6
CONTINUOUS
10
5.1304312204724409
20
-3.0152644488188978
11
5.130183228346457
21
-3.0154205511811023
0
LINE
8
BLACK
6
CONTINUOUS
10
5.130183228346457
20
-3.0154205511811023
11
5.126433700787401
21
-3.0172953149606299
0
LINE
8
BLACK
6
CONTINUOUS
10
5.126433700787401
20
-3.0172953149606299
11
5.1258930708661419
21
-3.0175022047244093
0
LINE
8
BLACK
6
CONTINUOUS
10
5.1258930708661419
20
-3.0175022047244093
11
5.1257872440944885
21
-3.0175096850393701
0
LINE
8
BLACK
6
CONTINUOUS
10
5.1257872440944885
20
-3.0175096850393701
11
5.1256892519685042
21
-3.01755031496063
0
LINE
8
BLACK
6
CONTINUOUS
10
5.1256892519685042
20
-3.01755031496063
11
5.1251131889763775
21
-3.0176070472440943
0
LINE
8
BLACK
6
CONTINUOUS
10
5.1251131889763775
20
-3.0176070472440943
11
5.1138646062992121
21
-3.0176070472440943
0
LINE
8
BLACK
6
CONTINUOUS
10
5.1138646062992121
20
-3.0176070472440943
11
5.1132885433070863
21
-3.01755031496063
0
LINE
8
BLACK
6
CONTINUOUS
10
5.1132885433070863
20
-3.01755031496063
11
5.113190551181102
21
-3.0175097244094489
0
LINE
8
BLACK
6
CONTINUOUS
10
5.113190551181102
20
-3.0175097244094489
11
5.1130846850393699
21
-3.0175022047244093
0
LINE
8
BLACK
6
CONTINUOUS
10
5.1130846850393699
20
-3.0175022047244093
11
5.1125440944881886
21
-3.0172953149606299
0
LINE
8
BLACK
6
CONTINUOUS
10
5.1125440944881886
20
-3.0172953149606299
11
5.1087945669291335
21
-3.0154205511811023
0
LINE
8
BLACK
6
CONTINUOUS
10
5.1087945669291335
20
-3.0154205511811023
11
5.1085465354330708
21
-3.0152644488188978
0
LINE
8
BLACK
6
CONTINUOUS
10
5.1085465354330708
20
-3.0152644488188978
11
5.1084746062992128
21
-3.0152346456692913
0
LINE
8
BLACK
6
CONTINUOUS
10
5.1084746062992128
20
-3.0152346456692913
11
5.1083936220472443
21
-3.0151681889763777
0
LINE
8
BLACK
6
CONTINUOUS
10
5.1083936220472443
20
-3.0151681889763777
11
5.1083046850393696
21
-3.0151122047244092
0
LINE
8
BLACK
6
CONTINUOUS
10
5.1083046850393696
20
-3.0151122047244092
11
5.1082534645669293
21
-3.0150531496062993
0
LINE
8
BLACK
6
CONTINUOUS
10
5.1082534645669293
20
-3.0150531496062993
11
5.1080271259842522
21
-3.0148674015748029
0
LINE
8
BLACK
6
CONTINUOUS
10
5.1080271259842522
20
-3.0148674015748029
11
5.1061523622047247
21
-3.0129925984251966
0
LINE
8
BLACK
6
CONTINUOUS
10
5.1061523622047247
20
-3.0129925984251966
11
5.1059666141732283
21
-3.0127662598425196
0
LINE
8
BLACK
6
CONTINUOUS
10
5.1059666141732283
20
-3.0127662598425196
11
5.1059076377952755
21
-3.0127151181102363
0
LINE
8
BLACK
6
CONTINUOUS
10
5.1059076377952755
20
-3.0127151181102363
11
5.1058516535433069
21
-3.012626181102362
0
LINE
8
BLACK
6
CONTINUOUS
10
5.1058516535433069
20
-3.012626181102362
11
5.105785157480315
21
-3.0125451574803148
0
LINE
8
BLACK
6
CONTINUOUS
10
5.105785157480315
20
-3.0125451574803148
11
5.1057553149606294
21
-3.0124731102362206
0
LINE
8
BLACK
6
CONTINUOUS
10
5.1057553149606294
20
-3.0124731102362206
11
5.1055992913385824
21
-3.0122252362204724
0
LINE
8
BLACK
6
CONTINUOUS
10
5.1055992913385824
20
-3.0122252362204724
11
5.1037245275590548
21
-3.0084757086614173
0
LINE
8
BLACK
6
CONTINUOUS
10
5.1037245275590548
20
-3.0084757086614173
11
5.1035176377952753
21
-3.0079350787401573
0
LINE
8
BLACK
6
CONTINUOUS
10
5.1035176377952753
20
-3.0079350787401573
11
5.1035101181102362
21
-3.0078292519685039
0
LINE
8
BLACK
6
CONTINUOUS
10
5.1035101181102362
20
-3.0078292519685039
11
5.1034695275590547
21
-3.0077312598425197
0
LINE
8
BLACK
6
CONTINUOUS
10
5.1034695275590547
20
-3.0077312598425197
11
5.1034127952755908
21
-3.0071551968503938
0
LINE
8
BLACK
6
CONTINUOUS
10
5.1034127952755908
20
-3.0071551968503938
11
5.1034127952755908
21
-2.997781377952756
0
LINE
8
BLACK
6
CONTINUOUS
10
5.1034127952755908
20
-2.997781377952756
11
5.1034695275590547
21
-2.9972053149606297
0
LINE
8
BLACK
6
CONTINUOUS
10
5.1034695275590547
20
-2.9972053149606297
11
5.1035101181102362
21
-2.9971072834645667
0
LINE
8
BLACK
6
CONTINUOUS
10
5.1035101181102362
20
-2.9971072834645667
11
5.1035176377952753
21
-2.997001496062992
0
LINE
8
BLACK
6
CONTINUOUS
10
5.1035176377952753
20
-2.997001496062992
11
5.1037245275590548
21
-2.996460866141732
0
LINE
8
BLACK
6
CONTINUOUS
10
5.1037245275590548
20
-2.996460866141732
11
5.1055992913385824
21
-2.9927113385826769
0
LINE
8
BLACK
6
CONTINUOUS
10
5.1055992913385824
20
-2.9927113385826769
11
5.1057553543307082
21
-2.9924633070866142
0
LINE
8
BLACK
6
CONTINUOUS
10
5.1057553543307082
20
-2.9924633070866142
11
5.1057851968503938
21
-2.9923913779527558
0
LINE
8
BLACK
6
CONTINUOUS
10
5.1057851968503938
20
-2.9923913779527558
11
5.1058516535433069
21
-2.9923103937007873
0
LINE
8
BLACK
6
CONTINUOUS
10
5.1058516535433069
20
-2.9923103937007873
11
5.1059076377952755
21
-2.9922214566929135
0
LINE
8
BLACK
6
CONTINUOUS
10
5.1059076377952755
20
-2.9922214566929135
11
5.1059666141732283
21
-2.992170275590551
0
LINE
8
BLACK
6
CONTINUOUS
10
5.1059666141732283
20
-2.992170275590551
11
5.1061524015748034
21
-2.991943937007874
0
LINE
8
BLACK
6
CONTINUOUS
10
5.1061524015748034
20
-2.991943937007874
11
5.108027165354331
21
-2.9900691732283464
0
LINE
8
BLACK
6
CONTINUOUS
10
5.108027165354331
20
-2.9900691732283464
11
5.1082535039370081
21
-2.9898833858267717
0
LINE
8
BLACK
6
CONTINUOUS
10
5.1082535039370081
20
-2.9898833858267717
11
5.1083046850393696
21
-2.9898244094488189
0
LINE
8
BLACK
6
CONTINUOUS
10
5.1083046850393696
20
-2.9898244094488189
11
5.1083936220472443
21
-2.9897684251968504
0
LINE
8
BLACK
6
CONTINUOUS
10
5.1083936220472443
20
-2.9897684251968504
11
5.1084746062992128
21
-2.9897019685039368
0
LINE
8
BLACK
6
CONTINUOUS
10
5.1084746062992128
20
-2.9897019685039368
11
5.1085465354330708
21
-2.989672125984252
0
LINE
8
BLACK
6
CONTINUOUS
10
5.1085465354330708
20
-2.989672125984252
11
5.1087945669291335
21
-2.9895160629921258
0
LINE
8
BLACK
6
CONTINUOUS
10
5.1087945669291335
20
-2.9895160629921258
11
5.1125440944881886
21
-2.9876412992125982
0
LINE
8
BLACK
6
CONTINUOUS
10
5.1125440944881886
20
-2.9876412992125982
11
5.1130762598425195
21
-2.9874375984251968
0
LINE
8
BLACK
6
CONTINUOUS
10
5.1130762598425195
20
-2.9874375984251968
11
5.104143385826772
21
-2.9772286220472441
0
LINE
8
BLACK
6
CONTINUOUS
10
5.104143385826772
20
-2.9772286220472441
11
5.1039653543307084
21
-2.9769796062992127
0
LINE
8
BLACK
6
CONTINUOUS
10
5.1039653543307084
20
-2.9769796062992127
11
5.1039104330708662
21
-2.97692468503937
0
LINE
8
BLACK
6
CONTINUOUS
10
5.1039104330708662
20
-2.97692468503937
11
5.1038888188976372
21
-2.9768725590551179
0
LINE
8
BLACK
6
CONTINUOUS
10
5.1038888188976372
20
-2.9768725590551179
11
5.1038067322834646
21
-2.9767577165354329
0
LINE
8
BLACK
6
CONTINUOUS
10
5.1038067322834646
20
-2.9767577165354329
11
5.1036531102362206
21
-2.9763034645669291
0
LINE
8
BLACK
6
CONTINUOUS
10
5.1036531102362206
20
-2.9763034645669291
11
5.1034695275590547
21
-2.9758602755905512
0
LINE
8
BLACK
6
CONTINUOUS
10
5.1034695275590547
20
-2.9758602755905512
11
5.1034695275590547
21
-2.9757606299212598
0
LINE
8
BLACK
6
CONTINUOUS
10
5.1034695275590547
20
-2.9757606299212598
11
5.1034376377952757
21
-2.9756663385826769
0
LINE
8
BLACK
6
CONTINUOUS
10
5.1034376377952757
20
-2.9756663385826769
11
5.1034695275590547
21
-2.975187834645669
0
LINE
8
BLACK
6
CONTINUOUS
10
5.1034695275590547
20
-2.975187834645669
11
5.1034695275590547
21
-2.974708149606299
0
LINE
8
BLACK
6
CONTINUOUS
10
5.1034695275590547
20
-2.974708149606299
11
5.103507598425197
21
-2.9746161417322834
0
LINE
8
BLACK
6
CONTINUOUS
10
5.103507598425197
20
-2.9746161417322834
11
5.1035142519685035
21
-2.974516811023622
0
LINE
8
BLACK
6
CONTINUOUS
10
5.1035142519685035
20
-2.974516811023622
11
5.1037269291338578
21
-2.9740866535433068
0
LINE
8
BLACK
6
CONTINUOUS
10
5.1037269291338578
20
-2.9740866535433068
11
5.1039104330708662
21
-2.9736437401574802
0
LINE
8
BLACK
6
CONTINUOUS
10
5.1039104330708662
20
-2.9736437401574802
11
5.1039807480314963
21
-2.9735733858267714
0
LINE
8
BLACK
6
CONTINUOUS
10
5.1039807480314963
20
-2.9735733858267714
11
5.1040249606299213
21
-2.9734840551181101
0
LINE
8
BLACK
6
CONTINUOUS
10
5.1040249606299213
20
-2.9734840551181101
11
5.104386062992126
21
-2.9731680708661417
0
LINE
8
BLACK
6
CONTINUOUS
10
5.104386062992126
20
-2.9731680708661417
11
5.1047250787401577
21
-2.9728290944881888
0
LINE
8
BLACK
6
CONTINUOUS
10
5.1047250787401577
20
-2.9728290944881888
11
5.1048170472440946
21
-2.9727909448818899
0
LINE
8
BLACK
6
CONTINUOUS
10
5.1048170472440946
20
-2.9727909448818899
11
5.1048920472440944
21
-2.9727253937007871
0
LINE
8
BLACK
6
CONTINUOUS
10
5.1048920472440944
20
-2.9727253937007871
11
5.1053462598425199
21
-2.9725717716535431
0
LINE
8
BLACK
6
CONTINUOUS
10
5.1053462598425199
20
-2.9725717716535431
11
5.105789488188976
21
-2.9723881889763777
0
LINE
8
BLACK
6
CONTINUOUS
10
5.105789488188976
20
-2.9723881889763777
11
5.1059300393700786
21
-2.9723743307086612
0
LINE
8
BLACK
6
CONTINUOUS
10
5.1059300393700786
20
-2.9723743307086612
11
5.1059834251968503
21
-2.9723562992125983
0
LINE
8
BLACK
6
CONTINUOUS
10
5.1059834251968503
20
-2.9723562992125983
11
5.1060608661417319
21
-2.9723614566929135
0
LINE
8
BLACK
6
CONTINUOUS
10
5.1060608661417319
20
-2.9723614566929135
11
5.1063655511811019
21
-2.9723314566929133
0
LINE
8
BLACK
6
CONTINUOUS
10
5.1063655511811019
20
-2.9723314566929133
11
5.1307374803149601
21
-2.9723314566929133
0
LINE
8
BLACK
6
CONTINUOUS
10
5.1307374803149601
20
-2.9723314566929133
11
5.1313135433070869
21
-2.9723881889763777
0
LINE
8
BLACK
6
CONTINUOUS
10
5.1669340944881892
20
-2.9723881889763777
11
5.1679985039370075
21
-2.9728290944881888
0
LINE
8
BLACK
6
CONTINUOUS
10
5.1679985039370075
20
-2.9728290944881888
11
5.168813149606299
21
-2.9736437401574802
0
LINE
8
BLACK
6
CONTINUOUS
10
5.168813149606299
20
-2.9736437401574802
11
5.1692540551181105
21
-2.974708149606299
0
LINE
8
BLACK
6
CONTINUOUS
10
5.1692540551181105
20
-2.974708149606299
11
5.1693107874015745
21
-2.9752842125984253
0
LINE
8
BLACK
6
CONTINUOUS
10
5.1693107874015745
20
-2.9752842125984253
11
5.1693107874015745
21
-3.0146542913385828
0
LINE
8
BLACK
6
CONTINUOUS
10
5.1693107874015745
20
-3.0146542913385828
11
5.1692540551181105
21
-3.0152303543307086
0
LINE
8
BLACK
6
CONTINUOUS
10
5.1692540551181105
20
-3.0152303543307086
11
5.168813149606299
21
-3.0162947637795274
0
LINE
8
BLACK
6
CONTINUOUS
10
5.168813149606299
20
-3.0162947637795274
11
5.1679985039370075
21
-3.0171094094488189
0
LINE
8
BLACK
6
CONTINUOUS
10
5.1679985039370075
20
-3.0171094094488189
11
5.1669340944881892
21
-3.01755031496063
0
LINE
8
BLACK
6
CONTINUOUS
10
5.1669340944881892
20
-3.01755031496063
11
5.1663580314960624
21
-3.0176070472440943
0
LINE
8
BLACK
6
CONTINUOUS
10
5.1663580314960624
20
-3.0176070472440943
11
5.1569842125984247
21
-3.0176070472440943
0
LINE
8
BLACK
6
CONTINUOUS
10
5.1569842125984247
20
-3.0176070472440943
11
5.156692598425197
21
-3.0175783070866142
0
LINE
8
BLACK
6
CONTINUOUS
10
5.156692598425197
20
-3.0175783070866142
11
5.1566148818897632
21
-3.0175838582677166
0
LINE
8
BLACK
6
CONTINUOUS
10
5.1566148818897632
20
-3.0175838582677166
11
5.1565125984251967
21
-3.0175605905511809
0
LINE
8
BLACK
6
CONTINUOUS
10
5.1565125984251967
20
-3.0175605905511809
11
5.1564081496062988
21
-3.01755031496063
0
LINE
8
BLACK
6
CONTINUOUS
10
5.1564081496062988
20
-3.01755031496063
11
5.1563360629921258
21
-3.017520433070866
0
LINE
8
BLACK
6
CONTINUOUS
10
5.1563360629921258
20
-3.017520433070866
11
5.1560504330708659
21
-3.0174555118110233
0
LINE
8
BLACK
6
CONTINUOUS
10
5.1560504330708659
20
-3.0174555118110233
11
5.1504261811023619
21
-3.0155807480314958
0
LINE
8
BLACK
6
CONTINUOUS
10
5.1504261811023619
20
-3.0155807480314958
11
5.1498975984251967
21
-3.0153447637795274
0
LINE
8
BLACK
6
CONTINUOUS
10
5.1498975984251967
20
-3.0153447637795274
11
5.1498174803149608
21
-3.0152752755905512
0
LINE
8
BLACK
6
CONTINUOUS
10
5.1498174803149608
20
-3.0152752755905512
11
5.1497194488188978
21
-3.0152346850393701
0
LINE
8
BLACK
6
CONTINUOUS
10
5.1497194488188978
20
-3.0152346850393701
11
5.149272007874016
21
-3.0148674409448817
0
LINE
8
BLACK
6
CONTINUOUS
10
5.149272007874016
20
-3.0148674409448817
11
5.1455224803149608
21
-3.0111178740157478
0
LINE
8
BLACK
6
CONTINUOUS
10
5.1455224803149608
20
-3.0111178740157478
11
5.1453366929133857
21
-3.010891496062992
0
LINE
8
BLACK
6
CONTINUOUS
10
5.1453366929133857
20
-3.010891496062992
11
5.1452777165354329
21
-3.0108403543307087
0
LINE
8
BLACK
6
CONTINUOUS
10
5.1452777165354329
20
-3.0108403543307087
11
5.1452217322834644
21
-3.0107514173228345
0
LINE
8
BLACK
6
CONTINUOUS
10
5.1452217322834644
20
-3.0107514173228345
11
5.1451552362204724
21
-3.0106703937007873
0
LINE
8
BLACK
6
CONTINUOUS
10
5.1451552362204724
20
-3.0106703937007873
11
5.1451253937007877
21
-3.010598346456693
0
LINE
8
BLACK
6
CONTINUOUS
10
5.1451253937007877
20
-3.010598346456693
11
5.1449693700787398
21
-3.0103504724409449
0
LINE
8
BLACK
6
CONTINUOUS
10
5.1449693700787398
20
-3.0103504724409449
11
5.1430946062992122
21
-3.0066009448818898
0
LINE
8
BLACK
6
CONTINUOUS
10
5.1430946062992122
20
-3.0066009448818898
11
5.143078464566929
21
-3.0065588188976378
0
LINE
8
BLACK
6
CONTINUOUS
10
5.143078464566929
20
-3.0065588188976378
11
5.1430657874015751
21
-3.0065416929133857
0
LINE
8
BLACK
6
CONTINUOUS
10
5.1430657874015751
20
-3.0065416929133857
11
5.1429793307086609
21
-3.0062997244094487
0
LINE
8
BLACK
6
CONTINUOUS
10
5.1429793307086609
20
-3.0062997244094487
11
5.1428877165354328
21
-3.0060603149606298
0
LINE
8
BLACK
6
CONTINUOUS
10
5.1428877165354328
20
-3.0060603149606298
11
5.1428861811023623
21
-3.00603905511811
0
LINE
8
BLACK
6
CONTINUOUS
10
5.1428861811023623
20
-3.00603905511811
11
5.142871023622047
21
-3.0059965748031496
0
LINE
8
BLACK
6
CONTINUOUS
10
5.142871023622047
20
-3.0059965748031496
11
5.1409962598425194
21
-2.9984975196850394
0
LINE
8
BLACK
6
CONTINUOUS
10
5.1409962598425194
20
-2.9984975196850394
11
5.1409814566929128
21
-2.9983976377952755
0
LINE
8
BLACK
6
CONTINUOUS
10
5.1409814566929128
20
-2.9983976377952755
11
5.1409648425196846
21
-2.9983574409448819
0
LINE
8
BLACK
6
CONTINUOUS
10
5.1409648425196846
20
-2.9983574409448819
11
5.140943464566929
21
-2.9981403937007873
0
LINE
8
BLACK
6
CONTINUOUS
10
5.140943464566929
20
-2.9981403937007873
11
5.1409116141732278
21
-2.9979249212598424
0
LINE
8
BLACK
6
CONTINUOUS
10
5.1409116141732278
20
-2.9979249212598424
11
5.140917992125984
21
-2.9978818897637796
0
LINE
8
BLACK
6
CONTINUOUS
10
5.140917992125984
20
-2.9978818897637796
11
5.1409081102362206
21
-2.997781377952756
0
LINE
8
BLACK
6
CONTINUOUS
10
5.1409081102362206
20
-2.997781377952756
11
5.1409081102362206
21
-2.9921570866141733
0
LINE
8
BLACK
6
CONTINUOUS
10
5.1409081102362206
20
-2.9921570866141733
11
5.140917992125984
21
-2.9920565354330706
0
LINE
8
BLACK
6
CONTINUOUS
10
5.140917992125984
20
-2.9920565354330706
11
5.1409116141732278
21
-2.9920135433070865
0
LINE
8
BLACK
6
CONTINUOUS
10
5.1409116141732278
20
-2.9920135433070865
11
5.140943464566929
21
-2.9917980314960628
0
LINE
8
BLACK
6
CONTINUOUS
10
5.140943464566929
20
-2.9917980314960628
11
5.1409648425196846
21
-2.991581023622047
0
LINE
8
BLACK
6
CONTINUOUS
10
5.1409648425196846
20
-2.991581023622047
11
5.1409814566929128
21
-2.9915407874015747
0
LINE
8
BLACK
6
CONTINUOUS
10
5.1409814566929128
20
-2.9915407874015747
11
5.1409962598425194
21
-2.9914409448818895
0
LINE
8
BLACK
6
CONTINUOUS
10
5.1409962598425194
20
-2.9914409448818895
11
5.142871023622047
21
-2.9839418897637793
0
LINE
8
BLACK
6
CONTINUOUS
10
5.142871023622047
20
-2.9839418897637793
11
5.1428861811023623
21
-2.9838993700787402
0
LINE
8
BLACK
6
CONTINUOUS
10
5.1428861811023623
20
-2.9838993700787402
11
5.1428877165354328
21
-2.9838781496062992
0
LINE
8
BLACK
6
CONTINUOUS
10
5.1428877165354328
20
-2.9838781496062992
11
5.1429793307086609
21
-2.9836387007874015
0
LINE
8
BLACK
6
CONTINUOUS
10
5.1429793307086609
20
-2.9836387007874015
11
5.1430657874015751
21
-2.9833967716535432
0
LINE
8
BLACK
6
CONTINUOUS
10
5.1430657874015751
20
-2.9833967716535432
11
5.143078464566929
21
-2.9833796062992124
0
LINE
8
BLACK
6
CONTINUOUS
10
5.143078464566929
20
-2.9833796062992124
11
5.1430946062992122
21
-2.9833375196850391
0
LINE
8
BLACK
6
CONTINUOUS
10
5.1430946062992122
20
-2.9833375196850391
11
5.1449693700787398
21
-2.979587992125984
0
LINE
8
BLACK
6
CONTINUOUS
10
5.1449693700787398
20
-2.979587992125984
11
5.1451254330708664
21
-2.9793399606299213
0
LINE
8
BLACK
6
CONTINUOUS
10
5.1451254330708664
20
-2.9793399606299213
11
5.1451552755905512
21
-2.9792680314960629
0
LINE
8
BLACK
6
CONTINUOUS
10
5.1451552755905512
20
-2.9792680314960629
11
5.1452217322834644
21
-2.9791870472440944
0
LINE
8
BLACK
6
CONTINUOUS
10
5.1452217322834644
20
-2.9791870472440944
11
5.1452777165354329
21
-2.9790981102362206
0
LINE
8
BLACK
6
CONTINUOUS
10
5.1452777165354329
20
-2.9790981102362206
11
5.1453366929133857
21
-2.9790469291338582
0
LINE
8
BLACK
6
CONTINUOUS
10
5.1453366929133857
20
-2.9790469291338582
11
5.1455224803149608
21
-2.9788205905511811
0
LINE
8
BLACK
6
CONTINUOUS
10
5.1455224803149608
20
-2.9788205905511811
11
5.149272007874016
21
-2.975071062992126
0
LINE
8
BLACK
6
CONTINUOUS
10
5.149272007874016
20
-2.975071062992126
11
5.1497194488188978
21
-2.9747038188976376
0
LINE
8
BLACK
6
CONTINUOUS
10
5.1497194488188978
20
-2.9747038188976376
11
5.1498174803149608
21
-2.9746631889763777
0
LINE
8
BLACK
6
CONTINUOUS
10
5.1498174803149608
20
-2.9746631889763777
11
5.1498975984251967
21
-2.9745937401574802
0
LINE
8
BLACK
6
CONTINUOUS
10
5.1498975984251967
20
-2.9745937401574802
11
5.1504261811023619
21
-2.9743577559055119
0
LINE
8
BLACK
6
CONTINUOUS
10
5.1504261811023619
20
-2.9743577559055119
11
5.1560504330708659
21
-2.9724829921259843
0
LINE
8
BLACK
6
CONTINUOUS
10
5.1560504330708659
20
-2.9724829921259843
11
5.1563360629921258
21
-2.9724180314960629
0
LINE
8
BLACK
6
CONTINUOUS
10
5.1563360629921258
20
-2.9724180314960629
11
5.1564081496062988
21
-2.9723881889763777
0
LINE
8
BLACK
6
CONTINUOUS
10
5.1564081496062988
20
-2.9723881889763777
11
5.1565125984251967
21
-2.972377874015748
0
LINE
8
BLACK
6
CONTINUOUS
10
5.1565125984251967
20
-2.972377874015748
11
5.1566148818897632
21
-2.9723546456692911
0
LINE
8
BLACK
6
CONTINUOUS
10
5.1566148818897632
20
-2.9723546456692911
11
5.156692598425197
21
-2.9723601574803147
0
LINE
8
BLACK
6
CONTINUOUS
10
5.156692598425197
20
-2.9723601574803147
11
5.1569842125984247
21
-2.9723314566929133
0
LINE
8
BLACK
6
CONTINUOUS
10
5.1569842125984247
20
-2.9723314566929133
11
5.1663580314960624
21
-2.9723314566929133
0
LINE
8
BLACK
6
CONTINUOUS
10
5.1663580314960624
20
-2.9723314566929133
11
5.1669340944881892
21
-2.9723881889763777
0
LINE
8
BLACK
6
CONTINUOUS
10
5.1529549606299208
20
-2.9797397637795275
11
5.1500371259842517
21
-2.9826575984251966
0
LINE
8
BLACK
6
CONTINUOUS
10
5.1500371259842517
20
-2.9826575984251966
11
5.1485216141732284
21
-2.9856885826771653
0
LINE
8
BLACK
6
CONTINUOUS
10
5.1485216141732284
20
-2.9856885826771653
11
5.1468136220472438
21
-2.9925206299212599
0
LINE
8
BLACK
6
CONTINUOUS
10
5.1468136220472438
20
-2.9925206299212599
11
5.1468136220472438
21
-2.997417834645669
0
LINE
8
BLACK
6
CONTINUOUS
10
5.1468136220472438
20
-2.997417834645669
11
5.1485216141732284
21
-3.0042498818897636
0
LINE
8
BLACK
6
CONTINUOUS
10
5.1485216141732284
20
-3.0042498818897636
11
5.1500371259842517
21
-3.0072808661417323
0
LINE
8
BLACK
6
CONTINUOUS
10
5.1500371259842517
20
-3.0072808661417323
11
5.1529549606299208
21
-3.0101987401574801
0
LINE
8
BLACK
6
CONTINUOUS
10
5.1529549606299208
20
-3.0101987401574801
11
5.1574633464566926
21
-3.0117015354330707
0
LINE
8
BLACK
6
CONTINUOUS
10
5.1574633464566926
20
-3.0117015354330707
11
5.1634052755905513
21
-3.0117015354330707
0
LINE
8
BLACK
6
CONTINUOUS
10
5.1634052755905513
20
-3.0117015354330707
11
5.1634052755905513
21
-2.9782369685039369
0
LINE
8
BLACK
6
CONTINUOUS
10
5.1634052755905513
20
-2.9782369685039369
11
5.1574633464566926
21
-2.9782369685039369
0
LINE
8
BLACK
6
CONTINUOUS
10
5.1574633464566926
20
-2.9782369685039369
11
5.1529549606299208
21
-2.9797397637795275
0
LINE
8
BLACK
6
CONTINUOUS
10
5.5835400393700789
20
-2.9616559055118108
11
5.5836380314960632
21
-2.9616964960629919
0
LINE
8
BLACK
6
CONTINUOUS
10
5.5836380314960632
20
-2.9616964960629919
11
5.5837438582677166
21
-2.9617040157480314
0
LINE
8
BLACK
6
CONTINUOUS
10
5.5837438582677166
20
-2.9617040157480314
11
5.5842844881889766
21
-2.9619109055118109
0
LINE
8
BLACK
6
CONTINUOUS
10
5.5842844881889766
20
-2.9619109055118109
11
5.5880340157480317
21
-2.9637856692913385
0
LINE
8
BLACK
6
CONTINUOUS
10
5.5880340157480317
20
-2.9637856692913385
11
5.5882820078740156
21
-2.9639417322834647
0
LINE
8
BLACK
6
CONTINUOUS
10
5.5882820078740156
20
-2.9639417322834647
11
5.5883539763779524
21
-2.9639715748031494
0
LINE
8
BLACK
6
CONTINUOUS
10
5.5883539763779524
20
-2.9639715748031494
11
5.5884349212598421
21
-2.964038031496063
0
LINE
8
BLACK
6
CONTINUOUS
10
5.5884349212598421
20
-2.964038031496063
11
5.5885238976377956
21
-2.9640940157480316
0
LINE
8
BLACK
6
CONTINUOUS
10
5.5885238976377956
20
-2.9640940157480316
11
5.5885750393700784
21
-2.9641529921259844
0
LINE
8
BLACK
6
CONTINUOUS
10
5.5885750393700784
20
-2.9641529921259844
11
5.5888014173228342
21
-2.9643387795275591
0
LINE
8
BLACK
6
CONTINUOUS
10
5.5888014173228342
20
-2.9643387795275591
11
5.5906761811023618
21
-2.9662135433070866
0
LINE
8
BLACK
6
CONTINUOUS
10
5.5906761811023618
20
-2.9662135433070866
11
5.5910433858267714
21
-2.9666609842519684
0
LINE
8
BLACK
6
CONTINUOUS
10
5.5910433858267714
20
-2.9666609842519684
11
5.5914842913385829
21
-2.9677253937007873
0
LINE
8
BLACK
6
CONTINUOUS
10
5.5914842913385829
20
-2.9677253937007873
11
5.5914842913385829
21
-2.9688774803149607
0
LINE
8
BLACK
6
CONTINUOUS
10
5.5914842913385829
20
-2.9688774803149607
11
5.5910433858267714
21
-2.9699418897637795
0
LINE
8
BLACK
6
CONTINUOUS
10
5.5910433858267714
20
-2.9699418897637795
11
5.5902287007874012
21
-2.9707565748031497
0
LINE
8
BLACK
6
CONTINUOUS
10
5.5902287007874012
20
-2.9707565748031497
11
5.5891642913385828
21
-2.9711974803149608
0
LINE
8
BLACK
6
CONTINUOUS
10
5.5891642913385828
20
-2.9711974803149608
11
5.588012204724409
21
-2.9711974803149608
0
LINE
8
BLACK
6
CONTINUOUS
10
5.588012204724409
20
-2.9711974803149608
11
5.5869477952755906
21
-2.9707565748031497
0
LINE
8
BLACK
6
CONTINUOUS
10
5.5869477952755906
20
-2.9707565748031497
11
5.5865003543307088
21
-2.97038937007874
0
LINE
8
BLACK
6
CONTINUOUS
10
5.5865003543307088
20
-2.97038937007874
11
5.5849644094488191
21
-2.9688534251968504
0
LINE
8
BLACK
6
CONTINUOUS
10
5.5849644094488191
20
-2.9688534251968504
11
5.5822669291338585
21
-2.96750468503937
0
LINE
8
BLACK
6
CONTINUOUS
10
5.5822669291338585
20
-2.96750468503937
11
5.574287204724409
21
-2.96750468503937
0
LINE
8
BLACK
6
CONTINUOUS
10
5.574287204724409
20
-2.96750468503937
11
5.5715897244094483
21
-2.9688534251968504
0
LINE
8
BLACK
6
CONTINUOUS
10
5.5715897244094483
20
-2.9688534251968504
11
5.5703925984251965
21
-2.9700505511811022
0
LINE
8
BLACK
6
CONTINUOUS
10
5.5703925984251965
20
-2.9700505511811022
11
5.5690438582677162
21
-2.9727480314960628
0
LINE
8
BLACK
6
CONTINUOUS
10
5.5690438582677162
20
-2.9727480314960628
11
5.5690438582677162
21
-2.9753213385826771
0
LINE
8
BLACK
6
CONTINUOUS
10
5.5690438582677162
20
-2.9753213385826771
11
5.5705466535433068
21
-2.9798297637795277
0
LINE
8
BLACK
6
CONTINUOUS
10
5.5705466535433068
20
-2.9798297637795277
11
5.5925509448818893
21
-3.0018340944881889
0
LINE
8
BLACK
6
CONTINUOUS
10
5.5925509448818893
20
-3.0018340944881889
11
5.5929181889763777
21
-3.0022815354330707
0
LINE
8
BLACK
6
CONTINUOUS
10
5.5929181889763777
20
-3.0022815354330707
11
5.5933590551181105
21
-3.0033459842519683
0
LINE
8
BLACK
6
CONTINUOUS
10
5.5933590551181105
20
-3.0033459842519683
11
5.5933590551181105
21
-3.0044980708661417
0
LINE
8
BLACK
6
CONTINUOUS
10
5.5933590551181105
20
-3.0044980708661417
11
5.592918149606299
21
-3.0055624803149605
0
LINE
8
BLACK
6
CONTINUOUS
10
5.592918149606299
20
-3.0055624803149605
11
5.5921035039370075
21
-3.0063771653543307
0
LINE
8
BLACK
6
CONTINUOUS
10
5.5921035039370075
20
-3.0063771653543307
11
5.5913508267716532
21
-3.0066888976377952
0
LINE
8
BLACK
6
CONTINUOUS
10
5.5913508267716532
20
-3.0066888976377952
11
5.5910390944881891
21
-3.0068180314960631
0
LINE
8
BLACK
6
CONTINUOUS
10
5.5910390944881891
20
-3.0068180314960631
11
5.5904630314960633
21
-3.0068747637795274
0
LINE
8
BLACK
6
CONTINUOUS
10
5.5904630314960633
20
-3.0068747637795274
11
5.5660911023622042
21
-3.0068747637795274
0
LINE
8
BLACK
6
CONTINUOUS
10
5.5660911023622042
20
-3.0068747637795274
11
5.5655150393700783
21
-3.0068180314960631
0
LINE
8
BLACK
6
CONTINUOUS
10
5.5655150393700783
20
-3.0068180314960631
11
5.5644506299212599
21
-3.006377125984252
0
LINE
8
BLACK
6
CONTINUOUS
10
5.5644506299212599
20
-3.006377125984252
11
5.5636359842519685
21
-3.0055624803149605
0
LINE
8
BLACK
6
CONTINUOUS
10
5.5636359842519685
20
-3.0055624803149605
11
5.563195078740157
21
-3.0044980708661417
0
LINE
8
BLACK
6
CONTINUOUS
10
5.563195078740157
20
-3.0044980708661417
11
5.563195078740157
21
-3.0033459448818896
0
LINE
8
BLACK
6
CONTINUOUS
10
5.563195078740157
20
-3.0033459448818896
11
5.5636359842519685
21
-3.0022815354330707
0
LINE
8
BLACK
6
CONTINUOUS
10
5.5636359842519685
20
-3.0022815354330707
11
5.5644506299212599
21
-3.0014668897637793
0
LINE
8
BLACK
6
CONTINUOUS
10
5.5644506299212599
20
-3.0014668897637793
11
5.5655150393700783
21
-3.0010259842519686
0
LINE
8
BLACK
6
CONTINUOUS
10
5.5655150393700783
20
-3.0010259842519686
11
5.5660911023622042
21
-3.0009692519685038
0
LINE
8
BLACK
6
CONTINUOUS
10
5.5660911023622042
20
-3.0009692519685038
11
5.5833344488188974
21
-3.0009692519685038
0
LINE
8
BLACK
6
CONTINUOUS
10
5.5833344488188974
20
-3.0009692519685038
11
5.5658779527559057
21
-2.9835127165354329
0
LINE
8
BLACK
6
CONTINUOUS
10
5.5658779527559057
20
-2.9835127165354329
11
5.565510748031496
21
-2.9830652755905511
0
LINE
8
BLACK
6
CONTINUOUS
10
5.565510748031496
20
-2.9830652755905511
11
5.5654701181102357
21
-2.9829672047244093
0
LINE
8
BLACK
6
CONTINUOUS
10
5.5654701181102357
20
-2.9829672047244093
11
5.5654006299212595
21
-2.982887086614173
0
LINE
8
BLACK
6
CONTINUOUS
10
5.5654006299212595
20
-2.982887086614173
11
5.5651646456692916
21
-2.9823585433070865
0
LINE
8
BLACK
6
CONTINUOUS
10
5.5651646456692916
20
-2.9823585433070865
11
5.563289881889764
21
-2.9767342519685038
0
LINE
8
BLACK
6
CONTINUOUS
10
5.563289881889764
20
-2.9767342519685038
11
5.5632249212598426
21
-2.9764486614173227
0
LINE
8
BLACK
6
CONTINUOUS
10
5.5632249212598426
20
-2.9764486614173227
11
5.563195078740157
21
-2.9763765748031497
0
LINE
8
BLACK
6
CONTINUOUS
10
5.563195078740157
20
-2.9763765748031497
11
5.5631847637795273
21
-2.9762720472440942
0
LINE
8
BLACK
6
CONTINUOUS
10
5.5631847637795273
20
-2.9762720472440942
11
5.5631615354330703
21
-2.9761698031496064
0
LINE
8
BLACK
6
CONTINUOUS
10
5.5631615354330703
20
-2.9761698031496064
11
5.5631670472440939
21
-2.9760920472440944
0
LINE
8
BLACK
6
CONTINUOUS
10
5.5631670472440939
20
-2.9760920472440944
11
5.563138346456693
21
-2.9758005118110233
0
LINE
8
BLACK
6
CONTINUOUS
10
5.563138346456693
20
-2.9758005118110233
11
5.563138346456693
21
-2.9720509842519682
0
LINE
8
BLACK
6
CONTINUOUS
10
5.563138346456693
20
-2.9720509842519682
11
5.563195078740157
21
-2.9714749212598424
0
LINE
8
BLACK
6
CONTINUOUS
10
5.563195078740157
20
-2.9714749212598424
11
5.5632356692913385
21
-2.9713768897637793
0
LINE
8
BLACK
6
CONTINUOUS
10
5.5632356692913385
20
-2.9713768897637793
11
5.5632431889763776
21
-2.9712711023622047
0
LINE
8
BLACK
6
CONTINUOUS
10
5.5632431889763776
20
-2.9712711023622047
11
5.5634500787401571
21
-2.9707304724409447
0
LINE
8
BLACK
6
CONTINUOUS
10
5.5634500787401571
20
-2.9707304724409447
11
5.5653248425196846
21
-2.9669809448818896
0
LINE
8
BLACK
6
CONTINUOUS
10
5.5653248425196846
20
-2.9669809448818896
11
5.5654809055118113
21
-2.9667329133858269
0
LINE
8
BLACK
6
CONTINUOUS
10
5.5654809055118113
20
-2.9667329133858269
11
5.565510748031496
21
-2.9666609842519684
0
LINE
8
BLACK
6
CONTINUOUS
10
5.565510748031496
20
-2.9666609842519684
11
5.5655772047244092
21
-2.96658
0
LINE
8
BLACK
6
CONTINUOUS
10
5.5655772047244092
20
-2.96658
11
5.5656331889763777
21
-2.9664910629921257
0
LINE
8
BLACK
6
CONTINUOUS
10
5.5656331889763777
20
-2.9664910629921257
11
5.5656921653543305
21
-2.9664398818897637
0
LINE
8
BLACK
6
CONTINUOUS
10
5.5656921653543305
20
-2.9664398818897637
11
5.5658779527559057
21
-2.9662135433070866
0
LINE
8
BLACK
6
CONTINUOUS
10
5.5658779527559057
20
-2.9662135433070866
11
5.5677527165354332
21
-2.9643387795275591
0
LINE
8
BLACK
6
CONTINUOUS
10
5.5677527165354332
20
-2.9643387795275591
11
5.5679790551181103
21
-2.9641529921259844
0
LINE
8
BLACK
6
CONTINUOUS
10
5.5679790551181103
20
-2.9641529921259844
11
5.5680302362204719
21
-2.9640940157480316
0
LINE
8
BLACK
6
CONTINUOUS
10
5.5680302362204719
20
-2.9640940157480316
11
5.5681191732283466
21
-2.964038031496063
0
LINE
8
BLACK
6
CONTINUOUS
10
5.5681191732283466
20
-2.964038031496063
11
5.568200157480315
21
-2.9639715748031494
0
LINE
8
BLACK
6
CONTINUOUS
10
5.568200157480315
20
-2.9639715748031494
11
5.5682720866141731
21
-2.9639417322834647
0
LINE
8
BLACK
6
CONTINUOUS
10
5.5682720866141731
20
-2.9639417322834647
11
5.5685201181102357
21
-2.9637856692913385
0
LINE
8
BLACK
6
CONTINUOUS
10
5.5685201181102357
20
-2.9637856692913385
11
5.5722696456692908
21
-2.9619109055118109
0
LINE
8
BLACK
6
CONTINUOUS
10
5.5722696456692908
20
-2.9619109055118109
11
5.5728102362204721
21
-2.9617040157480314
0
LINE
8
BLACK
6
CONTINUOUS
10
5.5728102362204721
20
-2.9617040157480314
11
5.5729161023622042
21
-2.9616964566929131
0
LINE
8
BLACK
6
CONTINUOUS
10
5.5729161023622042
20
-2.9616964566929131
11
5.5730140944881885
21
-2.9616559055118108
0
LINE
8
BLACK
6
CONTINUOUS
10
5.5730140944881885
20
-2.9616559055118108
11
5.5735901574803153
21
-2.9615991732283464
0
LINE
8
BLACK
6
CONTINUOUS
10
5.5735901574803153
20
-2.9615991732283464
11
5.5829639763779531
21
-2.9615991732283464
0
LINE
8
BLACK
6
CONTINUOUS
10
5.5829639763779531
20
-2.9615991732283464
11
5.5835400393700789
21
-2.9616559055118108
0
LINE
8
BLACK
6
CONTINUOUS
10
5.6271524015748033
20
-2.9617993700787402
11
5.6281244094488185
21
-2.9624179133858268
0
LINE
8
BLACK
6
CONTINUOUS
10
5.6281244094488185
20
-2.9624179133858268
11
5.6287856692913385
21
-2.9633613779527557
0
LINE
8
BLACK
6
CONTINUOUS
10
5.6287856692913385
20
-2.9633613779527557
11
5.6290355905511813
21
-2.9644860236220474
0
LINE
8
BLACK
6
CONTINUOUS
10
5.6290355905511813
20
-2.9644860236220474
11
5.6288361417322834
21
-2.9656207086614175
0
LINE
8
BLACK
6
CONTINUOUS
10
5.6288361417322834
20
-2.9656207086614175
11
5.6285747244094484
21
-2.9661371653543305
0
LINE
8
BLACK
6
CONTINUOUS
10
5.6285747244094484
20
-2.9661371653543305
11
5.6159129921259838
21
-2.9860341732283464
0
LINE
8
BLACK
6
CONTINUOUS
10
5.6159129921259838
20
-2.9860341732283464
11
5.6159129921259838
21
-3.0039220078740159
0
LINE
8
BLACK
6
CONTINUOUS
10
5.6159129921259838
20
-3.0039220078740159
11
5.6158562598425199
21
-3.0044980708661417
0
LINE
8
BLACK
6
CONTINUOUS
10
5.6158562598425199
20
-3.0044980708661417
11
5.6154153543307084
21
-3.0055624803149605
0
LINE
8
BLACK
6
CONTINUOUS
10
5.6154153543307084
20
-3.0055624803149605
11
5.6146007086614169
21
-3.006377125984252
0
LINE
8
BLACK
6
CONTINUOUS
10
5.6146007086614169
20
-3.006377125984252
11
5.6135362992125986
21
-3.0068180314960631
0
LINE
8
BLACK
6
CONTINUOUS
10
5.6135362992125986
20
-3.0068180314960631
11
5.6123841732283459
21
-3.0068180314960631
0
LINE
8
BLACK
6
CONTINUOUS
10
5.6123841732283459
20
-3.0068180314960631
11
5.6113197637795276
21
-3.006377125984252
0
LINE
8
BLACK
6
CONTINUOUS
10
5.6113197637795276
20
-3.006377125984252
11
5.6105051181102361
21
-3.0055624803149605
0
LINE
8
BLACK
6
CONTINUOUS
10
5.6105051181102361
20
-3.0055624803149605
11
5.6100642125984255
21
-3.0044980708661417
0
LINE
8
BLACK
6
CONTINUOUS
10
5.6100642125984255
20
-3.0044980708661417
11
5.6100074803149607
21
-3.0039220078740159
0
LINE
8
BLACK
6
CONTINUOUS
10
5.6100074803149607
20
-3.0039220078740159
11
5.6100074803149607
21
-2.9860342125984252
0
LINE
8
BLACK
6
CONTINUOUS
10
5.6100074803149607
20
-2.9860342125984252
11
5.5973457480314961
21
-2.9661372047244092
0
LINE
8
BLACK
6
CONTINUOUS
10
5.5973457480314961
20
-2.9661372047244092
11
5.5970843700787398
21
-2.9656207480314958
0
LINE
8
BLACK
6
CONTINUOUS
10
5.5970843700787398
20
-2.9656207480314958
11
5.5968848818897641
21
-2.9644860236220474
0
LINE
8
BLACK
6
CONTINUOUS
10
5.5968848818897641
20
-2.9644860236220474
11
5.597134803149606
21
-2.9633613779527557
0
LINE
8
BLACK
6
CONTINUOUS
10
5.597134803149606
20
-2.9633613779527557
11
5.5977961023622047
21
-2.9624179527559056
0
LINE
8
BLACK
6
CONTINUOUS
10
5.5977961023622047
20
-2.9624179527559056
11
5.598768070866142
21
-2.9617994094488189
0
LINE
8
BLACK
6
CONTINUOUS
10
5.598768070866142
20
-2.9617994094488189
11
5.5999027952755904
21
-2.9615999212598423
0
LINE
8
BLACK
6
CONTINUOUS
10
5.5999027952755904
20
-2.9615999212598423
11
5.6010274409448817
21
-2.9618498425196851
0
LINE
8
BLACK
6
CONTINUOUS
10
5.6010274409448817
20
-2.9618498425196851
11
5.6019708661417322
21
-2.9625111417322834
0
LINE
8
BLACK
6
CONTINUOUS
10
5.6019708661417322
20
-2.9625111417322834
11
5.6023280314960626
21
-2.9629666535433072
0
LINE
8
BLACK
6
CONTINUOUS
10
5.6023280314960626
20
-2.9629666535433072
11
5.6129601968503939
21
-2.979674409448819
0
LINE
8
BLACK
6
CONTINUOUS
10
5.6129601968503939
20
-2.979674409448819
11
5.6235924409448819
21
-2.9629666535433072
0
LINE
8
BLACK
6
CONTINUOUS
10
5.6235924409448819
20
-2.9629666535433072
11
5.6239496062992123
21
-2.9625111023622046
0
LINE
8
BLACK
6
CONTINUOUS
10
5.6239496062992123
20
-2.9625111023622046
11
5.6248930314960628
21
-2.9618498425196851
0
LINE
8
BLACK
6
CONTINUOUS
10
5.6248930314960628
20
-2.9618498425196851
11
5.6260176771653541
21
-2.9615999212598423
0
LINE
8
BLACK
6
CONTINUOUS
10
5.6260176771653541
20
-2.9615999212598423
11
5.6271524015748033
21
-2.9617993700787402
0
CIRCLE
8
BLACK
10
5.8245275590551175
20
-2.9496456692913386
40
0.0068897637795276
0
CIRCLE
8
BLACK
10
5.0371259842519684
20
-2.9496456692913386
40
0.0068897637795276
0
CIRCLE
8
BLACK
10
5.4308267716535434
20
-2.9496456692913386
40
0.0068897637795276
0
CIRCLE
8
BLACK
10
6.6119291338582675
20
-4.1307480314960632
40
0.0068897637795276
0
CIRCLE
8
BLACK
10
6.2182283464566925
20
-4.1307480314960632
40
0.0068897637795276
0
CIRCLE
8
BLACK
10
5.8245275590551175
20
-4.1307480314960632
40
0.0068897637795276
0
CIRCLE
8
BLACK
10
5.0371259842519684
20
-4.1307480314960632
40
0.0068897637795276
0
CIRCLE
8
BLACK
10
6.6119291338582675
20
-2.9496456692913386
40
0.0068897637795276
0
CIRCLE
8
BLACK
10
6.2182283464566925
20
-2.9496456692913386
40
0.0068897637795276
0
CIRCLE
8
BLACK
10
5.4308267716535434
20
-4.1307480314960632
40
0.0068897637795276
0
CIRCLE
8
BLACK
10
5.5921653543307084
20
-3.2797244094488187
40
0.0039370078740157
0
CIRCLE
8
BLACK
10
5.5449212598425195
20
-3.2797244094488187
40
0.0039370078740157
0
CIRCLE
8
BLACK
10
5.4976771653543306
20
-3.2797244094488187
40
0.0039370078740157
0
CIRCLE
8
BLACK
10
5.4504330708661417
20
-3.2797244094488187
40
0.0039370078740157
0
CIRCLE
8
BLACK
10
5.5921653543307084
20
-3.3407480314960627
40
0.0039370078740157
0
CIRCLE
8
BLACK
10
5.5449212598425195
20
-3.3407480314960627
40
0.0039370078740157
0
CIRCLE
8
BLACK
10
5.4976771653543306
20
-3.3407480314960627
40
0.0039370078740157
0
CIRCLE
8
BLACK
10
5.4504330708661417
20
-3.3407480314960627
40
0.0039370078740157
0
CIRCLE
8
BLACK
10
5.5921653543307084
20
-3.4017716535433071
40
0.0039370078740157
0
CIRCLE
8
BLACK
10
5.5449212598425195
20
-3.4017716535433071
40
0.0039370078740157
0
CIRCLE
8
BLACK
10
5.4976771653543306
20
-3.4017716535433071
40
0.0039370078740157
0
CIRCLE
8
BLACK
10
5.4504330708661417
20
-3.4017716535433071
40
0.0039370078740157
0
CIRCLE
8
BLACK
10
6.0181496062992128
20
-3.6763779527559053
40
0.0039370078740157
0
CIRCLE
8
BLACK
10
6.0417716535433073
20
-3.6763779527559053
40
0.0039370078740157
0
CIRCLE
8
BLACK
10
6.0653937007874017
20
-3.6763779527559053
40
0.0039370078740157
0
CIRCLE
8
BLACK
10
6.5892913385826768
20
-3.3581102362204724
40
0.0059055118110236
0
CIRCLE
8
BLACK
10
6.5892913385826768
20
-3.1317322834645669
40
0.0059055118110236
0
CIRCLE
8
BLACK
10
6.5892913385826768
20
-3.9486614173228345
40
0.0059055118110236
0
CIRCLE
8
BLACK
10
6.5892913385826768
20
-3.7222834645669289
40
0.0059055118110236
0
CIRCLE
8
BLACK
10
5.8245275590551175
20
-2.9496456692913386
40
0.0068897637795276
0
CIRCLE
8
BLACK
10
5.0371259842519684
20
-2.9496456692913386
40
0.0068897637795276
0
CIRCLE
8
BLACK
10
5.4308267716535434
20
-2.9496456692913386
40
0.0068897637795276
0
CIRCLE
8
BLACK
10
6.6119291338582675
20
-4.1307480314960632
40
0.0068897637795276
0
CIRCLE
8
BLACK
10
6.2182283464566925
20
-4.1307480314960632
40
0.0068897637795276
0
CIRCLE
8
BLACK
10
5.8245275590551175
20
-4.1307480314960632
40
0.0068897637795276
0
CIRCLE
8
BLACK
10
5.0371259842519684
20
-4.1307480314960632
40
0.0068897637795276
0
CIRCLE
8
BLACK
10
6.6119291338582675
20
-2.9496456692913386
40
0.0068897637795276
0
CIRCLE
8
BLACK
10
6.2182283464566925
20
-2.9496456692913386
40
0.0068897637795276
0
CIRCLE
8
BLACK
10
5.4308267716535434
20
-4.1307480314960632
40
0.0068897637795276
0
CIRCLE
8
BLACK
10
5.5921653543307084
20
-3.2797244094488187
40
0.0039370078740157
0
CIRCLE
8
BLACK
10
5.5449212598425195
20
-3.2797244094488187
40
0.0039370078740157
0
CIRCLE
8
BLACK
10
5.4976771653543306
20
-3.2797244094488187
40
0.0039370078740157
0
CIRCLE
8
BLACK
10
5.4504330708661417
20
-3.2797244094488187
40
0.0039370078740157
0
CIRCLE
8
BLACK
10
5.5921653543307084
20
-3.3407480314960627
40
0.0039370078740157
0
CIRCLE
8
BLACK
10
5.5449212598425195
20
-3.3407480314960627
40
0.0039370078740157
0
CIRCLE
8
BLACK
10
5.4976771653543306
20
-3.3407480314960627
40
0.0039370078740157
0
CIRCLE
8
BLACK
10
5.4504330708661417
20
-3.3407480314960627
40
0.0039370078740157
0
CIRCLE
8
BLACK
10
5.5921653543307084
20
-3.4017716535433071
40
0.0039370078740157
0
CIRCLE
8
BLACK
10
5.5449212598425195
20
-3.4017716535433071
40
0.0039370078740157
0
CIRCLE
8
BLACK
10
5.4976771653543306
20
-3.4017716535433071
40
0.0039370078740157
0
CIRCLE
8
BLACK
10
5.4504330708661417
20
-3.4017716535433071
40
0.0039370078740157
0
CIRCLE
8
BLACK
10
6.0181496062992128
20
-3.6763779527559053
40
0.0039370078740157
0
CIRCLE
8
BLACK
10
6.0417716535433073
20
-3.6763779527559053
40
0.0039370078740157
0
CIRCLE
8
BLACK
10
6.0653937007874017
20
-3.6763779527559053
40
0.0039370078740157
0
CIRCLE
8
BLACK
10
6.5892913385826768
20
-3.3581102362204724
40
0.0059055118110236
0
CIRCLE
8
BLACK
10
6.5892913385826768
20
-3.1317322834645669
40
0.0059055118110236
0
CIRCLE
8
BLACK
10
6.5892913385826768
20
-3.9486614173228345
40
0.0059055118110236
0
CIRCLE
8
BLACK
10
6.5892913385826768
20
-3.7222834645669289
40
0.0059055118110236
  0
ENDSEC
  0
EOF
