  0
SECTION
  2
HEADER
  9
$ANGBASE
  50
0.0
  9
$ANGDIR
  70
1
  9
$MEASUREMENT
  70
0
  0
ENDSEC
  0
SECTION
  2
TABLES
  0
TABLE
  2
LTYPE
  70
4
  0
LTYPE
  5
40F
  2
CONTINUOUS
  70
0
  3
Solid line
  72
65
  73
0
  40
0.0
  0
LTYPE
  5
410
  2
DASHDOT
 70
0
  3
Dash Dot ____ _ ____ _
 72
65
 73
4
 40
2.0
 49
1.25
 49
-0.25
 49
0.25
 49
-0.25
  0
LTYPE
  5
411
  2
DASHED
 70
0
  3
Dashed __ __ __ __ __
 72
65
 73
2
 40
0.75
 49
0.5
 49
-0.25
  0
LTYPE
  5
43B
  2
DOTTED
 70
0
  3
Dotted .  .  .  .
 72
65
 73
2
 40
0.2
 49
0.0
 49
-0.2
  0
ENDTAB
  0
TABLE
  2
STYLE
  70
4
  0
STYLE
  2
KICAD
  70
0
  40
0
  41
1
  42
1
  50
0
  71
0
  3
isocp.shx
  0
STYLE
  2
KICADB
  70
0
  40
0
  41
1
  42
1
  50
0
  71
0
  3
isocp.shx
  0
STYLE
  2
KICADI
  70
0
  40
0
  41
1
  42
1
  50
15
  71
0
  3
isocp.shx
  0
STYLE
  2
KICADBI
  70
0
  40
0
  41
1
  42
1
  50
15
  71
0
  3
isocp.shx
  0
ENDTAB
  0
TABLE
  2
LAYER
  70
1
  0
LAYER
  2
BLACK
  70
0
  62
7
  6
CONTINUOUS
  0
ENDTAB
  0
ENDSEC
  0
SECTION
  2
ENTITIES
0
LINE
8
BLACK
6
CONTINUOUS
10
5.3193105118110235
20
-4.0725205118110237
11
5.320125157480315
21
-4.0733351574803152
0
LINE
8
BLACK
6
CONTINUOUS
10
5.320125157480315
20
-4.0733351574803152
11
5.3205660629921256
21
-4.0743995669291335
0
LINE
8
BLACK
6
CONTINUOUS
10
5.3205660629921256
20
-4.0743995669291335
11
5.3206227952755905
21
-4.0749756299212594
0
LINE
8
BLACK
6
CONTINUOUS
10
5.3206227952755905
20
-4.0749756299212594
11
5.3206227952755905
21
-4.0928403543307086
0
LINE
8
BLACK
6
CONTINUOUS
10
5.3206227952755905
20
-4.0928403543307086
11
5.3307237401574801
21
-4.0840020472440948
0
LINE
8
BLACK
6
CONTINUOUS
10
5.3307237401574801
20
-4.0840020472440948
11
5.3309727165354328
21
-4.0838240157480312
0
LINE
8
BLACK
6
CONTINUOUS
10
5.3309727165354328
20
-4.0838240157480312
11
5.3310276771653546
21
-4.083769094488189
0
LINE
8
BLACK
6
CONTINUOUS
10
5.3310276771653546
20
-4.083769094488189
11
5.3310797637795275
21
-4.0837474803149609
0
LINE
8
BLACK
6
CONTINUOUS
10
5.3310797637795275
20
-4.0837474803149609
11
5.3311946456692914
21
-4.0836653937007874
0
LINE
8
BLACK
6
CONTINUOUS
10
5.3311946456692914
20
-4.0836653937007874
11
5.3316488582677168
21
-4.0835117716535434
0
LINE
8
BLACK
6
CONTINUOUS
10
5.3316488582677168
20
-4.0835117716535434
11
5.332092086614173
21
-4.0833281889763775
0
LINE
8
BLACK
6
CONTINUOUS
10
5.332092086614173
20
-4.0833281889763775
11
5.3321917322834649
21
-4.0833281889763775
0
LINE
8
BLACK
6
CONTINUOUS
10
5.3321917322834649
20
-4.0833281889763775
11
5.3322860236220473
21
-4.0832962992125985
0
LINE
8
BLACK
6
CONTINUOUS
10
5.3322860236220473
20
-4.0832962992125985
11
5.3327644881889764
21
-4.0833281889763775
0
LINE
8
BLACK
6
CONTINUOUS
10
5.3327644881889764
20
-4.0833281889763775
11
5.3332442125984247
21
-4.0833281889763775
0
LINE
8
BLACK
6
CONTINUOUS
10
5.3332442125984247
20
-4.0833281889763775
11
5.3333361811023625
21
-4.0833662598425198
0
LINE
8
BLACK
6
CONTINUOUS
10
5.3333361811023625
20
-4.0833662598425198
11
5.3334355511811022
21
-4.0833729133858263
0
LINE
8
BLACK
6
CONTINUOUS
10
5.3334355511811022
20
-4.0833729133858263
11
5.3338656692913382
21
-4.0835855905511806
0
LINE
8
BLACK
6
CONTINUOUS
10
5.3338656692913382
20
-4.0835855905511806
11
5.334308622047244
21
-4.083769094488189
0
LINE
8
BLACK
6
CONTINUOUS
10
5.334308622047244
20
-4.083769094488189
11
5.334378937007874
21
-4.0838394094488191
0
LINE
8
BLACK
6
CONTINUOUS
10
5.334378937007874
20
-4.0838394094488191
11
5.3344683070866141
21
-4.0838836220472441
0
LINE
8
BLACK
6
CONTINUOUS
10
5.3344683070866141
20
-4.0838836220472441
11
5.3347842519685038
21
-4.0842447244094489
0
LINE
8
BLACK
6
CONTINUOUS
10
5.3347842519685038
20
-4.0842447244094489
11
5.3351232677165354
21
-4.0845837401574805
0
LINE
8
BLACK
6
CONTINUOUS
10
5.3351232677165354
20
-4.0845837401574805
11
5.3351613779527556
21
-4.0846757086614174
0
LINE
8
BLACK
6
CONTINUOUS
10
5.3351613779527556
20
-4.0846757086614174
11
5.3352269685039371
21
-4.0847507086614172
0
LINE
8
BLACK
6
CONTINUOUS
10
5.3352269685039371
20
-4.0847507086614172
11
5.3353805511811023
21
-4.0852049212598427
0
LINE
8
BLACK
6
CONTINUOUS
10
5.3353805511811023
20
-4.0852049212598427
11
5.3355641732283461
21
-4.0856481496062989
0
LINE
8
BLACK
6
CONTINUOUS
10
5.3355641732283461
20
-4.0856481496062989
11
5.3355779921259838
21
-4.0857887007874014
0
LINE
8
BLACK
6
CONTINUOUS
10
5.3355779921259838
20
-4.0857887007874014
11
5.335596062992126
21
-4.0858420866141731
0
LINE
8
BLACK
6
CONTINUOUS
10
5.335596062992126
20
-4.0858420866141731
11
5.3355908661417324
21
-4.0859195275590547
0
LINE
8
BLACK
6
CONTINUOUS
10
5.3355908661417324
20
-4.0859195275590547
11
5.3356209055118109
21
-4.0862242125984247
0
LINE
8
BLACK
6
CONTINUOUS
10
5.3356209055118109
20
-4.0862242125984247
11
5.3356209055118109
21
-4.0911514566929137
0
LINE
8
BLACK
6
CONTINUOUS
10
5.3356209055118109
20
-4.0911514566929137
11
5.3369696456692912
21
-4.0938489370078743
0
LINE
8
BLACK
6
CONTINUOUS
10
5.3369696456692912
20
-4.0938489370078743
11
5.338166771653543
21
-4.0950460629921261
0
LINE
8
BLACK
6
CONTINUOUS
10
5.338166771653543
20
-4.0950460629921261
11
5.3408642519685037
21
-4.0963948031496065
0
LINE
8
BLACK
6
CONTINUOUS
10
5.3408642519685037
20
-4.0963948031496065
11
5.3488439763779523
21
-4.0963948031496065
0
LINE
8
BLACK
6
CONTINUOUS
10
5.3488439763779523
20
-4.0963948031496065
11
5.3515414566929129
21
-4.0950460236220474
0
LINE
8
BLACK
6
CONTINUOUS
10
5.3515414566929129
20
-4.0950460236220474
11
5.3527386220472444
21
-4.0938488976377956
0
LINE
8
BLACK
6
CONTINUOUS
10
5.3527386220472444
20
-4.0938488976377956
11
5.3540873622047247
21
-4.0911514566929137
0
LINE
8
BLACK
6
CONTINUOUS
10
5.3540873622047247
20
-4.0911514566929137
11
5.3540873622047247
21
-4.0812969685039366
0
LINE
8
BLACK
6
CONTINUOUS
10
5.3540873622047247
20
-4.0812969685039366
11
5.3527386220472444
21
-4.078599488188976
0
LINE
8
BLACK
6
CONTINUOUS
10
5.3527386220472444
20
-4.078599488188976
11
5.3512026771653538
21
-4.0770635826771651
0
LINE
8
BLACK
6
CONTINUOUS
10
5.3512026771653538
20
-4.0770635826771651
11
5.3508354330708663
21
-4.0766161023622045
0
LINE
8
BLACK
6
CONTINUOUS
10
5.3508354330708663
20
-4.0766161023622045
11
5.3503945275590548
21
-4.0755516929133861
0
LINE
8
BLACK
6
CONTINUOUS
10
5.3503945275590548
20
-4.0755516929133861
11
5.3503945275590548
21
-4.0743996062992123
0
LINE
8
BLACK
6
CONTINUOUS
10
5.3503945275590548
20
-4.0743996062992123
11
5.3508353937007875
21
-4.0733351968503939
0
LINE
8
BLACK
6
CONTINUOUS
10
5.3508353937007875
20
-4.0733351968503939
11
5.3516500787401577
21
-4.0725205118110237
0
LINE
8
BLACK
6
CONTINUOUS
10
5.3516500787401577
20
-4.0725205118110237
11
5.3527144881889761
21
-4.0720796062992122
0
LINE
8
BLACK
6
CONTINUOUS
10
5.3527144881889761
20
-4.0720796062992122
11
5.3538665748031491
21
-4.0720796062992122
0
LINE
8
BLACK
6
CONTINUOUS
10
5.3538665748031491
20
-4.0720796062992122
11
5.3549309842519683
21
-4.0725204724409449
0
LINE
8
BLACK
6
CONTINUOUS
10
5.3549309842519683
20
-4.0725204724409449
11
5.3553784251968501
21
-4.0728876771653546
0
LINE
8
BLACK
6
CONTINUOUS
10
5.3553784251968501
20
-4.0728876771653546
11
5.3572532283464565
21
-4.0747624409448822
0
LINE
8
BLACK
6
CONTINUOUS
10
5.3572532283464565
20
-4.0747624409448822
11
5.3574389763779529
21
-4.0749887795275592
0
LINE
8
BLACK
6
CONTINUOUS
10
5.3574389763779529
20
-4.0749887795275592
11
5.3574980314960632
21
-4.0750399999999996
0
LINE
8
BLACK
6
CONTINUOUS
10
5.3574980314960632
20
-4.0750399999999996
11
5.3575540157480317
21
-4.0751289370078743
0
LINE
8
BLACK
6
CONTINUOUS
10
5.3575540157480317
20
-4.0751289370078743
11
5.3576204724409449
21
-4.0752099212598427
0
LINE
8
BLACK
6
CONTINUOUS
10
5.3576204724409449
20
-4.0752099212598427
11
5.3576502755905508
21
-4.0752818503937007
0
LINE
8
BLACK
6
CONTINUOUS
10
5.3576502755905508
20
-4.0752818503937007
11
5.3578063779527554
21
-4.0755298818897634
0
LINE
8
BLACK
6
CONTINUOUS
10
5.3578063779527554
20
-4.0755298818897634
11
5.3596811417322829
21
-4.0792794094488185
0
LINE
8
BLACK
6
CONTINUOUS
10
5.3596811417322829
20
-4.0792794094488185
11
5.3598880314960633
21
-4.0798199999999998
0
LINE
8
BLACK
6
CONTINUOUS
10
5.3598880314960633
20
-4.0798199999999998
11
5.3598955511811024
21
-4.0799258661417319
0
LINE
8
BLACK
6
CONTINUOUS
10
5.3598955511811024
20
-4.0799258661417319
11
5.3599361417322831
21
-4.0800238582677162
0
LINE
8
BLACK
6
CONTINUOUS
10
5.3599361417322831
20
-4.0800238582677162
11
5.3599928740157479
21
-4.0805999212598421
0
LINE
8
BLACK
6
CONTINUOUS
10
5.3599928740157479
20
-4.0805999212598421
11
5.3599928740157479
21
-4.0918485039370074
0
LINE
8
BLACK
6
CONTINUOUS
10
5.3599928740157479
20
-4.0918485039370074
11
5.3599361417322831
21
-4.0924245669291341
0
LINE
8
BLACK
6
CONTINUOUS
10
5.3599361417322831
20
-4.0924245669291341
11
5.3598955511811024
21
-4.0925225196850397
0
LINE
8
BLACK
6
CONTINUOUS
10
5.3598955511811024
20
-4.0925225196850397
11
5.3598880314960633
21
-4.0926284251968506
0
LINE
8
BLACK
6
CONTINUOUS
10
5.3598880314960633
20
-4.0926284251968506
11
5.3596811417322829
21
-4.0931690157480318
0
LINE
8
BLACK
6
CONTINUOUS
10
5.3596811417322829
20
-4.0931690157480318
11
5.3578063779527554
21
-4.0969185433070869
0
LINE
8
BLACK
6
CONTINUOUS
10
5.3578063779527554
20
-4.0969185433070869
11
5.3576502755905508
21
-4.0971665354330709
0
LINE
8
BLACK
6
CONTINUOUS
10
5.3576502755905508
20
-4.0971665354330709
11
5.3576204724409449
21
-4.0972385039370076
0
LINE
8
BLACK
6
CONTINUOUS
10
5.3576204724409449
20
-4.0972385039370076
11
5.3575540157480317
21
-4.0973194488188973
0
LINE
8
BLACK
6
CONTINUOUS
10
5.3575540157480317
20
-4.0973194488188973
11
5.3574980314960632
21
-4.0974084251968499
0
LINE
8
BLACK
6
CONTINUOUS
10
5.3574980314960632
20
-4.0974084251968499
11
5.3574389763779529
21
-4.0974596062992124
0
LINE
8
BLACK
6
CONTINUOUS
10
5.3574389763779529
20
-4.0974596062992124
11
5.3572532283464565
21
-4.0976859842519682
0
LINE
8
BLACK
6
CONTINUOUS
10
5.3572532283464565
20
-4.0976859842519682
11
5.3553784251968501
21
-4.0995607480314957
0
LINE
8
BLACK
6
CONTINUOUS
10
5.3553784251968501
20
-4.0995607480314957
11
5.3551520866141731
21
-4.0997464566929134
0
LINE
8
BLACK
6
CONTINUOUS
10
5.3551520866141731
20
-4.0997464566929134
11
5.3551009448818894
21
-4.099805472440945
0
LINE
8
BLACK
6
CONTINUOUS
10
5.3551009448818894
20
-4.099805472440945
11
5.3550120078740155
21
-4.0998614173228347
0
LINE
8
BLACK
6
CONTINUOUS
10
5.3550120078740155
20
-4.0998614173228347
11
5.3549309842519683
21
-4.0999279527559054
0
LINE
8
BLACK
6
CONTINUOUS
10
5.3549309842519683
20
-4.0999279527559054
11
5.3548589370078741
21
-4.0999577559055114
0
LINE
8
BLACK
6
CONTINUOUS
10
5.3548589370078741
20
-4.0999577559055114
11
5.3546110629921255
21
-4.100113818897638
0
LINE
8
BLACK
6
CONTINUOUS
10
5.3546110629921255
20
-4.100113818897638
11
5.3508615354330704
21
-4.1019885826771656
0
LINE
8
BLACK
6
CONTINUOUS
10
5.3508615354330704
20
-4.1019885826771656
11
5.3503209055118113
21
-4.1021954724409451
0
LINE
8
BLACK
6
CONTINUOUS
10
5.3503209055118113
20
-4.1021954724409451
11
5.350215078740157
21
-4.1022029527559054
0
LINE
8
BLACK
6
CONTINUOUS
10
5.350215078740157
20
-4.1022029527559054
11
5.3501170866141727
21
-4.1022435826771648
0
LINE
8
BLACK
6
CONTINUOUS
10
5.3501170866141727
20
-4.1022435826771648
11
5.3495410236220469
21
-4.1023003149606296
0
LINE
8
BLACK
6
CONTINUOUS
10
5.3495410236220469
20
-4.1023003149606296
11
5.3401672047244091
21
-4.1023003149606296
0
LINE
8
BLACK
6
CONTINUOUS
10
5.3401672047244091
20
-4.1023003149606296
11
5.3395911417322832
21
-4.1022435826771648
0
LINE
8
BLACK
6
CONTINUOUS
10
5.3395911417322832
20
-4.1022435826771648
11
5.3394931496062989
21
-4.1022029921259842
0
LINE
8
BLACK
6
CONTINUOUS
10
5.3394931496062989
20
-4.1022029921259842
11
5.3393872834645668
21
-4.1021954724409451
0
LINE
8
BLACK
6
CONTINUOUS
10
5.3393872834645668
20
-4.1021954724409451
11
5.3388466929133855
21
-4.1019885826771656
0
LINE
8
BLACK
6
CONTINUOUS
10
5.3388466929133855
20
-4.1019885826771656
11
5.3350971653543304
21
-4.100113818897638
0
LINE
8
BLACK
6
CONTINUOUS
10
5.3350971653543304
20
-4.100113818897638
11
5.3348491338582678
21
-4.0999577165354326
0
LINE
8
BLACK
6
CONTINUOUS
10
5.3348491338582678
20
-4.0999577165354326
11
5.3347772047244097
21
-4.0999279133858266
0
LINE
8
BLACK
6
CONTINUOUS
10
5.3347772047244097
20
-4.0999279133858266
11
5.3346962204724404
21
-4.0998614173228347
0
LINE
8
BLACK
6
CONTINUOUS
10
5.3346962204724404
20
-4.0998614173228347
11
5.3346072834645666
21
-4.099805472440945
0
LINE
8
BLACK
6
CONTINUOUS
10
5.3346072834645666
20
-4.099805472440945
11
5.334556102362205
21
-4.0997464566929134
0
LINE
8
BLACK
6
CONTINUOUS
10
5.334556102362205
20
-4.0997464566929134
11
5.3343297637795271
21
-4.099560708661417
0
LINE
8
BLACK
6
CONTINUOUS
10
5.3343297637795271
20
-4.099560708661417
11
5.3324549999999995
21
-4.0976859448818894
0
LINE
8
BLACK
6
CONTINUOUS
10
5.3324549999999995
20
-4.0976859448818894
11
5.3322692125984252
21
-4.0974595669291336
0
LINE
8
BLACK
6
CONTINUOUS
10
5.3322692125984252
20
-4.0974595669291336
11
5.3322102362204724
21
-4.0974084251968499
0
LINE
8
BLACK
6
CONTINUOUS
10
5.3322102362204724
20
-4.0974084251968499
11
5.3321542519685039
21
-4.0973194488188973
0
LINE
8
BLACK
6
CONTINUOUS
10
5.3321542519685039
20
-4.0973194488188973
11
5.3320877952755907
21
-4.0972385039370076
0
LINE
8
BLACK
6
CONTINUOUS
10
5.3320877952755907
20
-4.0972385039370076
11
5.3320579527559051
21
-4.0971665354330709
0
LINE
8
BLACK
6
CONTINUOUS
10
5.3320579527559051
20
-4.0971665354330709
11
5.3319018897637793
21
-4.0969185433070869
0
LINE
8
BLACK
6
CONTINUOUS
10
5.3319018897637793
20
-4.0969185433070869
11
5.3300271259842518
21
-4.0931690157480318
0
LINE
8
BLACK
6
CONTINUOUS
10
5.3300271259842518
20
-4.0931690157480318
11
5.3298234645669291
21
-4.0926368110236222
0
LINE
8
BLACK
6
CONTINUOUS
10
5.3298234645669291
20
-4.0926368110236222
11
5.3196144488188972
21
-4.1015697244094484
0
LINE
8
BLACK
6
CONTINUOUS
10
5.3196144488188972
20
-4.1015697244094484
11
5.3193654330708657
21
-4.1017477165354332
0
LINE
8
BLACK
6
CONTINUOUS
10
5.3193654330708657
20
-4.1017477165354332
11
5.3193105118110235
21
-4.1018026771653542
0
LINE
8
BLACK
6
CONTINUOUS
10
5.3193105118110235
20
-4.1018026771653542
11
5.3192583858267719
21
-4.1018242519685035
0
LINE
8
BLACK
6
CONTINUOUS
10
5.3192583858267719
20
-4.1018242519685035
11
5.3191435433070868
21
-4.1019063779527558
0
LINE
8
BLACK
6
CONTINUOUS
10
5.3191435433070868
20
-4.1019063779527558
11
5.3186892913385826
21
-4.1020599606299211
0
LINE
8
BLACK
6
CONTINUOUS
10
5.3186892913385826
20
-4.1020599606299211
11
5.3182461023622043
21
-4.1022435826771648
0
LINE
8
BLACK
6
CONTINUOUS
10
5.3182461023622043
20
-4.1022435826771648
11
5.3181464566929133
21
-4.1022435826771648
0
LINE
8
BLACK
6
CONTINUOUS
10
5.3181464566929133
20
-4.1022435826771648
11
5.3180521653543309
21
-4.1022754724409447
0
LINE
8
BLACK
6
CONTINUOUS
10
5.3180521653543309
20
-4.1022754724409447
11
5.3175737007874018
21
-4.1022435826771648
0
LINE
8
BLACK
6
CONTINUOUS
10
5.3175737007874018
20
-4.1022435826771648
11
5.3170939763779526
21
-4.1022435826771648
0
LINE
8
BLACK
6
CONTINUOUS
10
5.3170939763779526
20
-4.1022435826771648
11
5.3170019685039369
21
-4.1022054724409447
0
LINE
8
BLACK
6
CONTINUOUS
10
5.3170019685039369
20
-4.1022054724409447
11
5.3169026377952751
21
-4.102198858267716
0
LINE
8
BLACK
6
CONTINUOUS
10
5.3169026377952751
20
-4.102198858267716
11
5.3164724803149603
21
-4.1019861417322829
0
LINE
8
BLACK
6
CONTINUOUS
10
5.3164724803149603
20
-4.1019861417322829
11
5.3160295669291333
21
-4.1018026771653542
0
LINE
8
BLACK
6
CONTINUOUS
10
5.3160295669291333
20
-4.1018026771653542
11
5.3159592125984254
21
-4.1017323228346454
0
LINE
8
BLACK
6
CONTINUOUS
10
5.3159592125984254
20
-4.1017323228346454
11
5.3158698818897641
21
-4.1016881496062991
0
LINE
8
BLACK
6
CONTINUOUS
10
5.3158698818897641
20
-4.1016881496062991
11
5.3155538976377947
21
-4.1013270078740156
0
LINE
8
BLACK
6
CONTINUOUS
10
5.3155538976377947
20
-4.1013270078740156
11
5.3152149212598427
21
-4.1009880314960627
0
LINE
8
BLACK
6
CONTINUOUS
10
5.3152149212598427
20
-4.1009880314960627
11
5.315176771653543
21
-4.1008960236220471
0
LINE
8
BLACK
6
CONTINUOUS
10
5.315176771653543
20
-4.1008960236220471
11
5.3151112204724411
21
-4.100821062992126
0
LINE
8
BLACK
6
CONTINUOUS
10
5.3151112204724411
20
-4.100821062992126
11
5.3149575984251971
21
-4.1003668110236218
0
LINE
8
BLACK
6
CONTINUOUS
10
5.3149575984251971
20
-4.1003668110236218
11
5.3147740157480312
21
-4.0999236220472444
0
LINE
8
BLACK
6
CONTINUOUS
10
5.3147740157480312
20
-4.0999236220472444
11
5.3147601574803147
21
-4.099783031496063
0
LINE
8
BLACK
6
CONTINUOUS
10
5.3147601574803147
20
-4.099783031496063
11
5.3147421259842522
21
-4.0997296850393701
0
LINE
8
BLACK
6
CONTINUOUS
10
5.3147421259842522
20
-4.0997296850393701
11
5.314747283464567
21
-4.0996522047244097
0
LINE
8
BLACK
6
CONTINUOUS
10
5.314747283464567
20
-4.0996522047244097
11
5.3147172834645664
21
-4.0993475590551176
0
LINE
8
BLACK
6
CONTINUOUS
10
5.3147172834645664
20
-4.0993475590551176
11
5.3147172834645664
21
-4.0749756299212594
0
LINE
8
BLACK
6
CONTINUOUS
10
5.3147172834645664
20
-4.0749756299212594
11
5.3147740157480312
21
-4.0743995669291335
0
LINE
8
BLACK
6
CONTINUOUS
10
5.3147740157480312
20
-4.0743995669291335
11
5.3152149212598427
21
-4.0733351574803152
0
LINE
8
BLACK
6
CONTINUOUS
10
5.3152149212598427
20
-4.0733351574803152
11
5.3160295669291333
21
-4.0725205118110237
0
LINE
8
BLACK
6
CONTINUOUS
10
5.3160295669291333
20
-4.0725205118110237
11
5.3170939763779526
21
-4.0720796062992122
0
LINE
8
BLACK
6
CONTINUOUS
10
5.3170939763779526
20
-4.0720796062992122
11
5.3182461023622043
21
-4.0720796062992122
0
LINE
8
BLACK
6
CONTINUOUS
10
5.3182461023622043
20
-4.0720796062992122
11
5.3193105118110235
21
-4.0725205118110237
0
LINE
8
BLACK
6
CONTINUOUS
10
4.9312382283464569
20
-4.0434875590551176
11
4.9323026377952752
21
-4.0439284645669291
0
LINE
8
BLACK
6
CONTINUOUS
10
4.9323026377952752
20
-4.0439284645669291
11
4.9331172834645667
21
-4.0447431102362206
0
LINE
8
BLACK
6
CONTINUOUS
10
4.9331172834645667
20
-4.0447431102362206
11
4.9335581889763782
21
-4.0458075196850389
0
LINE
8
BLACK
6
CONTINUOUS
10
4.9335581889763782
20
-4.0458075196850389
11
4.9336149212598421
21
-4.0463835826771657
0
LINE
8
BLACK
6
CONTINUOUS
10
4.9336149212598421
20
-4.0463835826771657
11
4.9336149212598421
21
-4.0613816929133861
0
LINE
8
BLACK
6
CONTINUOUS
10
4.9336149212598421
20
-4.0613816929133861
11
4.9335581889763782
21
-4.061957755905512
0
LINE
8
BLACK
6
CONTINUOUS
10
4.9335581889763782
20
-4.061957755905512
11
4.9335175984251967
21
-4.0620557086614175
0
LINE
8
BLACK
6
CONTINUOUS
10
4.9335175984251967
20
-4.0620557086614175
11
4.9335100787401576
21
-4.0621616141732284
0
LINE
8
BLACK
6
CONTINUOUS
10
4.9335100787401576
20
-4.0621616141732284
11
4.9333031889763781
21
-4.0627022047244097
0
LINE
8
BLACK
6
CONTINUOUS
10
4.9333031889763781
20
-4.0627022047244097
11
4.9314284251968505
21
-4.0664517322834648
0
LINE
8
BLACK
6
CONTINUOUS
10
4.9314284251968505
20
-4.0664517322834648
11
4.9312723228346451
21
-4.0666997244094487
0
LINE
8
BLACK
6
CONTINUOUS
10
4.9312723228346451
20
-4.0666997244094487
11
4.9312425196850391
21
-4.0667716929133855
0
LINE
8
BLACK
6
CONTINUOUS
10
4.9312425196850391
20
-4.0667716929133855
11
4.931176062992126
21
-4.0668526377952752
0
LINE
8
BLACK
6
CONTINUOUS
10
4.931176062992126
20
-4.0668526377952752
11
4.9311200787401575
21
-4.0669416141732286
0
LINE
8
BLACK
6
CONTINUOUS
10
4.9311200787401575
20
-4.0669416141732286
11
4.9310610236220471
21
-4.0669927952755902
0
LINE
8
BLACK
6
CONTINUOUS
10
4.9310610236220471
20
-4.0669927952755902
11
4.9308752755905507
21
-4.067219173228346
0
LINE
8
BLACK
6
CONTINUOUS
10
4.9308752755905507
20
-4.067219173228346
11
4.9290004724409444
21
-4.0690939370078736
0
LINE
8
BLACK
6
CONTINUOUS
10
4.9290004724409444
20
-4.0690939370078736
11
4.9287741338582673
21
-4.0692796456692912
0
LINE
8
BLACK
6
CONTINUOUS
10
4.9287741338582673
20
-4.0692796456692912
11
4.9287229921259845
21
-4.0693386614173228
0
LINE
8
BLACK
6
CONTINUOUS
10
4.9287229921259845
20
-4.0693386614173228
11
4.9286340551181098
21
-4.0693946062992126
0
LINE
8
BLACK
6
CONTINUOUS
10
4.9286340551181098
20
-4.0693946062992126
11
4.9285530314960626
21
-4.0694611417322832
0
LINE
8
BLACK
6
CONTINUOUS
10
4.9285530314960626
20
-4.0694611417322832
11
4.9284809842519683
21
-4.0694909448818892
0
LINE
8
BLACK
6
CONTINUOUS
10
4.9284809842519683
20
-4.0694909448818892
11
4.9282331102362207
21
-4.0696470078740159
0
LINE
8
BLACK
6
CONTINUOUS
10
4.9282331102362207
20
-4.0696470078740159
11
4.9244835826771656
21
-4.0715217716535435
0
LINE
8
BLACK
6
CONTINUOUS
10
4.9244835826771656
20
-4.0715217716535435
11
4.9239429527559055
21
-4.0717286614173229
0
LINE
8
BLACK
6
CONTINUOUS
10
4.9239429527559055
20
-4.0717286614173229
11
4.9238371259842522
21
-4.0717361417322833
0
LINE
8
BLACK
6
CONTINUOUS
10
4.9238371259842522
20
-4.0717361417322833
11
4.9237391338582679
21
-4.0717767716535436
0
LINE
8
BLACK
6
CONTINUOUS
10
4.9237391338582679
20
-4.0717767716535436
11
4.923163070866142
21
-4.0718335039370075
0
LINE
8
BLACK
6
CONTINUOUS
10
4.923163070866142
20
-4.0718335039370075
11
4.9175387795275594
21
-4.0718335039370075
0
LINE
8
BLACK
6
CONTINUOUS
10
4.9175387795275594
20
-4.0718335039370075
11
4.9169627165354326
21
-4.0717767716535436
0
LINE
8
BLACK
6
CONTINUOUS
10
4.9169627165354326
20
-4.0717767716535436
11
4.9168647244094483
21
-4.071736181102362
0
LINE
8
BLACK
6
CONTINUOUS
10
4.9168647244094483
20
-4.071736181102362
11
4.9167588582677162
21
-4.0717286614173229
0
LINE
8
BLACK
6
CONTINUOUS
10
4.9167588582677162
20
-4.0717286614173229
11
4.9162182677165349
21
-4.0715217716535435
0
LINE
8
BLACK
6
CONTINUOUS
10
4.9162182677165349
20
-4.0715217716535435
11
4.9124687401574798
21
-4.0696470078740159
0
LINE
8
BLACK
6
CONTINUOUS
10
4.9124687401574798
20
-4.0696470078740159
11
4.9122207086614171
21
-4.0694909055118114
0
LINE
8
BLACK
6
CONTINUOUS
10
4.9122207086614171
20
-4.0694909055118114
11
4.9121487795275591
21
-4.0694611023622045
0
LINE
8
BLACK
6
CONTINUOUS
10
4.9121487795275591
20
-4.0694611023622045
11
4.9120677952755907
21
-4.0693946062992126
0
LINE
8
BLACK
6
CONTINUOUS
10
4.9120677952755907
20
-4.0693946062992126
11
4.9119788582677169
21
-4.0693386614173228
0
LINE
8
BLACK
6
CONTINUOUS
10
4.9119788582677169
20
-4.0693386614173228
11
4.9119276771653544
21
-4.0692796456692912
0
LINE
8
BLACK
6
CONTINUOUS
10
4.9119276771653544
20
-4.0692796456692912
11
4.9117013385826773
21
-4.0690938976377948
0
LINE
8
BLACK
6
CONTINUOUS
10
4.9117013385826773
20
-4.0690938976377948
11
4.9098265748031498
21
-4.0672191338582673
0
LINE
8
BLACK
6
CONTINUOUS
10
4.9098265748031498
20
-4.0672191338582673
11
4.9094593700787401
21
-4.0667716929133855
0
LINE
8
BLACK
6
CONTINUOUS
10
4.9094593700787401
20
-4.0667716929133855
11
4.9094187401574798
21
-4.0666736220472437
0
LINE
8
BLACK
6
CONTINUOUS
10
4.9094187401574798
20
-4.0666736220472437
11
4.9093492519685036
21
-4.0665935039370078
0
LINE
8
BLACK
6
CONTINUOUS
10
4.9093492519685036
20
-4.0665935039370078
11
4.9092425984251964
21
-4.0663546062992122
0
LINE
8
BLACK
6
CONTINUOUS
10
4.9092425984251964
20
-4.0663546062992122
11
4.9083781102362201
21
-4.0672191338582673
0
LINE
8
BLACK
6
CONTINUOUS
10
4.9083781102362201
20
-4.0672191338582673
11
4.9081517322834642
21
-4.0674048818897637
0
LINE
8
BLACK
6
CONTINUOUS
10
4.9081517322834642
20
-4.0674048818897637
11
4.9081005905511814
21
-4.0674638976377953
0
LINE
8
BLACK
6
CONTINUOUS
10
4.9081005905511814
20
-4.0674638976377953
11
4.908011614173228
21
-4.067519842519685
0
LINE
8
BLACK
6
CONTINUOUS
10
4.908011614173228
20
-4.067519842519685
11
4.9079306692913383
21
-4.0675863385826769
0
LINE
8
BLACK
6
CONTINUOUS
10
4.9079306692913383
20
-4.0675863385826769
11
4.9078587007874015
21
-4.0676161417322838
0
LINE
8
BLACK
6
CONTINUOUS
10
4.9078587007874015
20
-4.0676161417322838
11
4.9076107086614176
21
-4.0677722440944883
0
LINE
8
BLACK
6
CONTINUOUS
10
4.9076107086614176
20
-4.0677722440944883
11
4.9038611811023625
21
-4.0696470078740159
0
LINE
8
BLACK
6
CONTINUOUS
10
4.9038611811023625
20
-4.0696470078740159
11
4.9033205511811024
21
-4.0698538976377954
0
LINE
8
BLACK
6
CONTINUOUS
10
4.9033205511811024
20
-4.0698538976377954
11
4.9032147244094491
21
-4.0698613779527557
0
LINE
8
BLACK
6
CONTINUOUS
10
4.9032147244094491
20
-4.0698613779527557
11
4.9031167322834648
21
-4.069902007874016
0
LINE
8
BLACK
6
CONTINUOUS
10
4.9031167322834648
20
-4.069902007874016
11
4.9025406692913389
21
-4.0699587401574799
0
LINE
8
BLACK
6
CONTINUOUS
10
4.9025406692913389
20
-4.0699587401574799
11
4.8987911417322829
21
-4.0699587401574799
0
LINE
8
BLACK
6
CONTINUOUS
10
4.8987911417322829
20
-4.0699587401574799
11
4.898215078740157
21
-4.069902007874016
0
LINE
8
BLACK
6
CONTINUOUS
10
4.898215078740157
20
-4.069902007874016
11
4.8981170866141728
21
-4.0698614173228345
0
LINE
8
BLACK
6
CONTINUOUS
10
4.8981170866141728
20
-4.0698614173228345
11
4.8980112204724406
21
-4.0698538976377954
0
LINE
8
BLACK
6
CONTINUOUS
10
4.8980112204724406
20
-4.0698538976377954
11
4.8974706299212594
21
-4.0696470078740159
0
LINE
8
BLACK
6
CONTINUOUS
10
4.8974706299212594
20
-4.0696470078740159
11
4.8937211023622043
21
-4.0677722440944883
0
LINE
8
BLACK
6
CONTINUOUS
10
4.8937211023622043
20
-4.0677722440944883
11
4.8934730708661416
21
-4.0676161417322838
0
LINE
8
BLACK
6
CONTINUOUS
10
4.8934730708661416
20
-4.0676161417322838
11
4.8934011417322836
21
-4.0675863385826769
0
LINE
8
BLACK
6
CONTINUOUS
10
4.8934011417322836
20
-4.0675863385826769
11
4.8933201574803151
21
-4.067519842519685
0
LINE
8
BLACK
6
CONTINUOUS
10
4.8933201574803151
20
-4.067519842519685
11
4.8932312204724404
21
-4.0674638976377953
0
LINE
8
BLACK
6
CONTINUOUS
10
4.8932312204724404
20
-4.0674638976377953
11
4.8931800393700788
21
-4.0674048818897637
0
LINE
8
BLACK
6
CONTINUOUS
10
4.8931800393700788
20
-4.0674048818897637
11
4.8929537007874018
21
-4.0672191338582673
0
LINE
8
BLACK
6
CONTINUOUS
10
4.8929537007874018
20
-4.0672191338582673
11
4.8910789370078742
21
-4.0653443700787397
0
LINE
8
BLACK
6
CONTINUOUS
10
4.8910789370078742
20
-4.0653443700787397
11
4.8908931496062991
21
-4.0651179921259839
0
LINE
8
BLACK
6
CONTINUOUS
10
4.8908931496062991
20
-4.0651179921259839
11
4.8908341732283462
21
-4.0650668503937011
0
LINE
8
BLACK
6
CONTINUOUS
10
4.8908341732283462
20
-4.0650668503937011
11
4.8907781889763777
21
-4.0649778740157476
0
LINE
8
BLACK
6
CONTINUOUS
10
4.8907781889763777
20
-4.0649778740157476
11
4.8907117322834646
21
-4.0648969291338579
0
LINE
8
BLACK
6
CONTINUOUS
10
4.8907117322834646
20
-4.0648969291338579
11
4.8906818897637798
21
-4.0648249606299212
0
LINE
8
BLACK
6
CONTINUOUS
10
4.8906818897637798
20
-4.0648249606299212
11
4.8905258267716532
21
-4.0645769685039372
0
LINE
8
BLACK
6
CONTINUOUS
10
4.8905258267716532
20
-4.0645769685039372
11
4.8886510629921256
21
-4.0608274409448821
0
LINE
8
BLACK
6
CONTINUOUS
10
4.8886510629921256
20
-4.0608274409448821
11
4.8884441732283461
21
-4.0602868110236221
0
LINE
8
BLACK
6
CONTINUOUS
10
4.8884441732283461
20
-4.0602868110236221
11
4.888436653543307
21
-4.0601809842519687
0
LINE
8
BLACK
6
CONTINUOUS
10
4.888436653543307
20
-4.0601809842519687
11
4.8883960629921255
21
-4.0600829921259844
0
LINE
8
BLACK
6
CONTINUOUS
10
4.8883960629921255
20
-4.0600829921259844
11
4.8883393307086616
21
-4.0595069291338586
0
LINE
8
BLACK
6
CONTINUOUS
10
4.8883393307086616
20
-4.0595069291338586
11
4.8883393307086616
21
-4.0463835826771657
0
LINE
8
BLACK
6
CONTINUOUS
10
4.8883393307086616
20
-4.0463835826771657
11
4.8883960629921255
21
-4.0458075196850389
0
LINE
8
BLACK
6
CONTINUOUS
10
4.8883960629921255
20
-4.0458075196850389
11
4.888836968503937
21
-4.0447431102362206
0
LINE
8
BLACK
6
CONTINUOUS
10
4.888836968503937
20
-4.0447431102362206
11
4.8896516141732285
21
-4.0439284645669291
0
LINE
8
BLACK
6
CONTINUOUS
10
4.8896516141732285
20
-4.0439284645669291
11
4.8907160236220468
21
-4.0434875590551176
0
LINE
8
BLACK
6
CONTINUOUS
10
4.8907160236220468
20
-4.0434875590551176
11
4.8912920866141727
21
-4.0434308267716537
0
LINE
8
BLACK
6
CONTINUOUS
10
4.8912920866141727
20
-4.0434308267716537
11
4.930662165354331
21
-4.0434308267716537
0
LINE
8
BLACK
6
CONTINUOUS
10
4.930662165354331
20
-4.0434308267716537
11
4.9312382283464569
21
-4.0434875590551176
0
LINE
8
BLACK
6
CONTINUOUS
10
4.9129924803149603
20
-4.0590277559055119
11
4.9144952755905509
21
-4.0635361811023625
0
LINE
8
BLACK
6
CONTINUOUS
10
4.9144952755905509
20
-4.0635361811023625
11
4.9155383464566924
21
-4.064579251968504
0
LINE
8
BLACK
6
CONTINUOUS
10
4.9155383464566924
20
-4.064579251968504
11
4.9182358267716531
21
-4.0659279921259843
0
LINE
8
BLACK
6
CONTINUOUS
10
4.9182358267716531
20
-4.0659279921259843
11
4.9224660236220474
21
-4.0659279921259843
0
LINE
8
BLACK
6
CONTINUOUS
10
4.9224660236220474
20
-4.0659279921259843
11
4.9251635039370081
21
-4.0645792125984253
0
LINE
8
BLACK
6
CONTINUOUS
10
4.9251635039370081
20
-4.0645792125984253
11
4.9263606692913386
21
-4.0633820866141734
0
LINE
8
BLACK
6
CONTINUOUS
10
4.9263606692913386
20
-4.0633820866141734
11
4.927709409448819
21
-4.0606846456692915
0
LINE
8
BLACK
6
CONTINUOUS
10
4.927709409448819
20
-4.0606846456692915
11
4.927709409448819
21
-4.0493363385826768
0
LINE
8
BLACK
6
CONTINUOUS
10
4.927709409448819
20
-4.0493363385826768
11
4.9129924803149603
21
-4.0493363385826768
0
LINE
8
BLACK
6
CONTINUOUS
10
4.9129924803149603
20
-4.0493363385826768
11
4.9129924803149603
21
-4.0590277559055119
0
LINE
8
BLACK
6
CONTINUOUS
10
4.8942448425196847
20
-4.058809881889764
11
4.895593582677165
21
-4.0615073622047246
0
LINE
8
BLACK
6
CONTINUOUS
10
4.895593582677165
20
-4.0615073622047246
11
4.8967907086614169
21
-4.0627044881889764
0
LINE
8
BLACK
6
CONTINUOUS
10
4.8967907086614169
20
-4.0627044881889764
11
4.8994881889763775
21
-4.0640532283464568
0
LINE
8
BLACK
6
CONTINUOUS
10
4.8994881889763775
20
-4.0640532283464568
11
4.9018436220472443
21
-4.0640532283464568
0
LINE
8
BLACK
6
CONTINUOUS
10
4.9018436220472443
20
-4.0640532283464568
11
4.904541102362205
21
-4.0627044881889764
0
LINE
8
BLACK
6
CONTINUOUS
10
4.904541102362205
20
-4.0627044881889764
11
4.9057382283464568
21
-4.0615073622047246
0
LINE
8
BLACK
6
CONTINUOUS
10
4.9057382283464568
20
-4.0615073622047246
11
4.9070869685039371
21
-4.058809881889764
0
LINE
8
BLACK
6
CONTINUOUS
10
4.9070869685039371
20
-4.058809881889764
11
4.9070869685039371
21
-4.0493363385826768
0
LINE
8
BLACK
6
CONTINUOUS
10
4.9070869685039371
20
-4.0493363385826768
11
4.8942448425196847
21
-4.0493363385826768
0
LINE
8
BLACK
6
CONTINUOUS
10
4.8942448425196847
20
-4.0493363385826768
11
4.8942448425196847
21
-4.058809881889764
0
LINE
8
BLACK
6
CONTINUOUS
10
5.3568057480314959
20
-4.055647598425197
11
5.3568058267716534
21
-4.0556476377952757
0
LINE
8
BLACK
6
CONTINUOUS
10
5.3568058267716534
20
-4.0556476377952757
11
5.3572532677165352
21
-4.0560148425196854
0
LINE
8
BLACK
6
CONTINUOUS
10
5.3572532677165352
20
-4.0560148425196854
11
5.3591280314960628
21
-4.0578896062992129
0
LINE
8
BLACK
6
CONTINUOUS
10
5.3591280314960628
20
-4.0578896062992129
11
5.3594952362204724
21
-4.0583370472440947
0
LINE
8
BLACK
6
CONTINUOUS
10
5.3594952362204724
20
-4.0583370472440947
11
5.3596368110236217
21
-4.0586788188976373
0
LINE
8
BLACK
6
CONTINUOUS
10
5.3596368110236217
20
-4.0586788188976373
11
5.3599361417322831
21
-4.0594014960629918
0
LINE
8
BLACK
6
CONTINUOUS
10
5.3599361417322831
20
-4.0594014960629918
11
5.3599361417322831
21
-4.0605535826771648
0
LINE
8
BLACK
6
CONTINUOUS
10
5.3599361417322831
20
-4.0605535826771648
11
5.3594952362204724
21
-4.0616179921259841
0
LINE
8
BLACK
6
CONTINUOUS
10
5.3594952362204724
20
-4.0616179921259841
11
5.3591280314960628
21
-4.0620654330708659
0
LINE
8
BLACK
6
CONTINUOUS
10
5.3591280314960628
20
-4.0620654330708659
11
5.3572532677165352
21
-4.0639401968503934
0
LINE
8
BLACK
6
CONTINUOUS
10
5.3572532677165352
20
-4.0639401968503934
11
5.3568058267716534
21
-4.0643074015748031
0
LINE
8
BLACK
6
CONTINUOUS
10
5.3568058267716534
20
-4.0643074015748031
11
5.3557414173228342
21
-4.0647483070866137
0
LINE
8
BLACK
6
CONTINUOUS
10
5.3557414173228342
20
-4.0647483070866137
11
5.3557413779527554
21
-4.0647483070866137
0
LINE
8
BLACK
6
CONTINUOUS
10
5.3557413779527554
20
-4.0647483070866137
11
5.3545893307086612
21
-4.0647483070866137
0
LINE
8
BLACK
6
CONTINUOUS
10
5.3545893307086612
20
-4.0647483070866137
11
5.3535249212598428
21
-4.0643074409448818
0
LINE
8
BLACK
6
CONTINUOUS
10
5.3535249212598428
20
-4.0643074409448818
11
5.3530774409448814
21
-4.0639401968503934
0
LINE
8
BLACK
6
CONTINUOUS
10
5.3530774409448814
20
-4.0639401968503934
11
5.3512026771653538
21
-4.0620654724409446
0
LINE
8
BLACK
6
CONTINUOUS
10
5.3512026771653538
20
-4.0620654724409446
11
5.3508354330708663
21
-4.0616179921259841
0
LINE
8
BLACK
6
CONTINUOUS
10
5.3508354330708663
20
-4.0616179921259841
11
5.3508353937007875
21
-4.0616179527559053
0
LINE
8
BLACK
6
CONTINUOUS
10
5.3508353937007875
20
-4.0616179527559053
11
5.3503945275590548
21
-4.060553543307087
0
LINE
8
BLACK
6
CONTINUOUS
10
5.3503945275590548
20
-4.060553543307087
11
5.3503945275590548
21
-4.0594014566929131
0
LINE
8
BLACK
6
CONTINUOUS
10
5.3503945275590548
20
-4.0594014566929131
11
5.3506938582677162
21
-4.0586788188976373
0
LINE
8
BLACK
6
CONTINUOUS
10
5.3506938582677162
20
-4.0586788188976373
11
5.3508353937007875
21
-4.0583370866141735
0
LINE
8
BLACK
6
CONTINUOUS
10
5.3508353937007875
20
-4.0583370866141735
11
5.3508354330708663
21
-4.0583370472440947
0
LINE
8
BLACK
6
CONTINUOUS
10
5.3508354330708663
20
-4.0583370472440947
11
5.3512026771653538
21
-4.0578895669291342
0
LINE
8
BLACK
6
CONTINUOUS
10
5.3512026771653538
20
-4.0578895669291342
11
5.3530774409448814
21
-4.0560148425196854
0
LINE
8
BLACK
6
CONTINUOUS
10
5.3530774409448814
20
-4.0560148425196854
11
5.3535249212598428
21
-4.055647598425197
0
LINE
8
BLACK
6
CONTINUOUS
10
5.3535249212598428
20
-4.055647598425197
11
5.3545893307086612
21
-4.0552067322834642
0
LINE
8
BLACK
6
CONTINUOUS
10
5.3545893307086612
20
-4.0552067322834642
11
5.3557414173228342
21
-4.0552067322834642
0
LINE
8
BLACK
6
CONTINUOUS
10
5.3557414173228342
20
-4.0552067322834642
11
5.3568057480314959
21
-4.055647598425197
0
LINE
8
BLACK
6
CONTINUOUS
10
5.1300446456692912
20
-3.6220396062992126
11
5.1311099999999996
21
-3.623104960629921
0
LINE
8
BLACK
6
CONTINUOUS
10
5.1311099999999996
20
-3.623104960629921
11
5.1312598425196851
21
-3.6238582677165354
0
LINE
8
BLACK
6
CONTINUOUS
10
5.1312598425196851
20
-3.6238582677165354
11
5.1312598425196851
21
-4.047086614173228
0
LINE
8
BLACK
6
CONTINUOUS
10
5.1312598425196851
20
-4.047086614173228
11
5.1311099999999996
21
-4.0478399212598424
0
LINE
8
BLACK
6
CONTINUOUS
10
5.1311099999999996
20
-4.0478399212598424
11
5.1300446456692912
21
-4.0489052755905508
0
LINE
8
BLACK
6
CONTINUOUS
10
5.1300446456692912
20
-4.0489052755905508
11
5.1292913385826768
21
-4.0490551181102363
0
LINE
8
BLACK
6
CONTINUOUS
10
5.1292913385826768
20
-4.0490551181102363
11
4.9698425196850389
21
-4.0490551181102363
0
LINE
8
BLACK
6
CONTINUOUS
10
4.9698425196850389
20
-4.0490551181102363
11
4.9690892125984254
21
-4.0489052755905508
0
LINE
8
BLACK
6
CONTINUOUS
10
4.9690892125984254
20
-4.0489052755905508
11
4.9680238582677161
21
-4.0478399212598424
0
LINE
8
BLACK
6
CONTINUOUS
10
4.9680238582677161
20
-4.0478399212598424
11
4.9678740157480314
21
-4.047086614173228
0
LINE
8
BLACK
6
CONTINUOUS
10
4.9678740157480314
20
-4.047086614173228
11
4.9678740157480314
21
-3.6238582677165354
0
LINE
8
BLACK
6
CONTINUOUS
10
4.9678740157480314
20
-3.6238582677165354
11
4.9680238582677161
21
-3.623104960629921
0
LINE
8
BLACK
6
CONTINUOUS
10
4.9680238582677161
20
-3.623104960629921
11
4.9690892125984254
21
-3.6220396062992126
0
LINE
8
BLACK
6
CONTINUOUS
10
4.9690892125984254
20
-3.6220396062992126
11
4.9698425196850389
21
-3.6218897637795275
0
LINE
8
BLACK
6
CONTINUOUS
10
4.9698425196850389
20
-3.6218897637795275
11
5.1292913385826768
21
-3.6218897637795275
0
LINE
8
BLACK
6
CONTINUOUS
10
5.1292913385826768
20
-3.6218897637795275
11
5.1300446456692912
21
-3.6220396062992126
0
LINE
8
BLACK
6
CONTINUOUS
10
4.9718110236220472
20
-3.6258267716535433
11
4.9718110236220472
21
-4.0451181102362206
0
LINE
8
BLACK
6
CONTINUOUS
10
4.9718110236220472
20
-4.0451181102362206
11
5.1273228346456694
21
-4.0451181102362206
0
LINE
8
BLACK
6
CONTINUOUS
10
5.1273228346456694
20
-4.0451181102362206
11
5.1273228346456694
21
-3.9792079133858267
0
LINE
8
BLACK
6
CONTINUOUS
10
5.1273228346456694
20
-3.9792079133858267
11
5.1003159448818893
21
-3.9601112204724407
0
LINE
8
BLACK
6
CONTINUOUS
10
5.1003159448818893
20
-3.9601112204724407
11
5.0997874015748028
21
-3.9595539370078741
0
LINE
8
BLACK
6
CONTINUOUS
10
5.0997874015748028
20
-3.9595539370078741
11
5.0997296456692913
21
-3.9592175196850392
0
LINE
8
BLACK
6
CONTINUOUS
10
5.0997296456692913
20
-3.9592175196850392
11
5.0995326377952752
21
-3.9589388582677163
0
LINE
8
BLACK
6
CONTINUOUS
10
5.0995326377952752
20
-3.9589388582677163
11
5.0996072440944884
21
-3.9585039370078738
0
LINE
8
BLACK
6
CONTINUOUS
10
5.0996072440944884
20
-3.9585039370078738
11
5.0995326377952752
21
-3.9580690157480314
0
LINE
8
BLACK
6
CONTINUOUS
10
5.0995326377952752
20
-3.9580690157480314
11
5.0997296456692913
21
-3.9577903149606297
0
LINE
8
BLACK
6
CONTINUOUS
10
5.0997296456692913
20
-3.9577903149606297
11
5.0997874015748028
21
-3.9574539370078741
0
LINE
8
BLACK
6
CONTINUOUS
10
5.0997874015748028
20
-3.9574539370078741
11
5.1003159448818893
21
-3.956896653543307
0
LINE
8
BLACK
6
CONTINUOUS
10
5.1003159448818893
20
-3.956896653543307
11
5.1273228346456694
21
-3.9377999212598422
0
LINE
8
BLACK
6
CONTINUOUS
10
5.1273228346456694
20
-3.9377999212598422
11
5.1273228346456694
21
-3.6258267716535433
0
LINE
8
BLACK
6
CONTINUOUS
10
5.1273228346456694
20
-3.6258267716535433
11
4.9718110236220472
21
-3.6258267716535433
0
LINE
8
BLACK
6
CONTINUOUS
10
5.1048620472440946
20
-3.9585039370078738
11
5.1273228346456694
21
-3.9743860629921257
0
LINE
8
BLACK
6
CONTINUOUS
10
5.1273228346456694
20
-3.9743860629921257
11
5.1273228346456694
21
-3.9426217716535432
0
LINE
8
BLACK
6
CONTINUOUS
10
5.1273228346456694
20
-3.9426217716535432
11
5.1048620472440946
21
-3.9585039370078738
0
LINE
8
BLACK
6
CONTINUOUS
10
5.3144225984251969
20
-3.9913230708661418
11
5.3154879527559054
21
-3.9923884251968502
0
LINE
8
BLACK
6
CONTINUOUS
10
5.3154879527559054
20
-3.9923884251968502
11
5.31563779527559
21
-3.9931417322834646
0
LINE
8
BLACK
6
CONTINUOUS
10
5.31563779527559
20
-3.9931417322834646
11
5.31563779527559
21
-4.0166693307086616
0
LINE
8
BLACK
6
CONTINUOUS
10
5.31563779527559
20
-4.0166693307086616
11
5.3160295669291333
21
-4.0162775590551183
0
LINE
8
BLACK
6
CONTINUOUS
10
5.3160295669291333
20
-4.0162775590551183
11
5.3170939763779526
21
-4.0158366535433068
0
LINE
8
BLACK
6
CONTINUOUS
10
5.3170939763779526
20
-4.0158366535433068
11
5.3182461023622043
21
-4.0158366535433068
0
LINE
8
BLACK
6
CONTINUOUS
10
5.3182461023622043
20
-4.0158366535433068
11
5.3193105118110235
21
-4.0162775590551183
0
LINE
8
BLACK
6
CONTINUOUS
10
5.3193105118110235
20
-4.0162775590551183
11
5.320125157480315
21
-4.0170922047244098
0
LINE
8
BLACK
6
CONTINUOUS
10
5.320125157480315
20
-4.0170922047244098
11
5.3205660629921256
21
-4.0181566141732281
0
LINE
8
BLACK
6
CONTINUOUS
10
5.3205660629921256
20
-4.0181566141732281
11
5.3206227952755905
21
-4.018732677165354
0
LINE
8
BLACK
6
CONTINUOUS
10
5.3206227952755905
20
-4.018732677165354
11
5.3206227952755905
21
-4.0365974015748032
0
LINE
8
BLACK
6
CONTINUOUS
10
5.3206227952755905
20
-4.0365974015748032
11
5.3307237401574801
21
-4.0277590944881885
0
LINE
8
BLACK
6
CONTINUOUS
10
5.3307237401574801
20
-4.0277590944881885
11
5.3309727165354328
21
-4.0275810629921258
0
LINE
8
BLACK
6
CONTINUOUS
10
5.3309727165354328
20
-4.0275810629921258
11
5.3310276771653546
21
-4.0275261417322836
0
LINE
8
BLACK
6
CONTINUOUS
10
5.3310276771653546
20
-4.0275261417322836
11
5.3310797637795275
21
-4.0275045275590546
0
LINE
8
BLACK
6
CONTINUOUS
10
5.3310797637795275
20
-4.0275045275590546
11
5.3311946456692914
21
-4.027422440944882
0
LINE
8
BLACK
6
CONTINUOUS
10
5.3311946456692914
20
-4.027422440944882
11
5.3316488582677168
21
-4.027268818897638
0
LINE
8
BLACK
6
CONTINUOUS
10
5.3316488582677168
20
-4.027268818897638
11
5.332092086614173
21
-4.0270852362204721
0
LINE
8
BLACK
6
CONTINUOUS
10
5.332092086614173
20
-4.0270852362204721
11
5.3321917322834649
21
-4.0270852362204721
0
LINE
8
BLACK
6
CONTINUOUS
10
5.3321917322834649
20
-4.0270852362204721
11
5.3322860236220473
21
-4.0270533464566931
0
LINE
8
BLACK
6
CONTINUOUS
10
5.3322860236220473
20
-4.0270533464566931
11
5.3327644881889764
21
-4.0270852362204721
0
LINE
8
BLACK
6
CONTINUOUS
10
5.3327644881889764
20
-4.0270852362204721
11
5.3332442125984247
21
-4.0270852362204721
0
LINE
8
BLACK
6
CONTINUOUS
10
5.3332442125984247
20
-4.0270852362204721
11
5.3333361811023625
21
-4.0271233070866144
0
LINE
8
BLACK
6
CONTINUOUS
10
5.3333361811023625
20
-4.0271233070866144
11
5.3334355511811022
21
-4.0271299606299209
0
LINE
8
BLACK
6
CONTINUOUS
10
5.3334355511811022
20
-4.0271299606299209
11
5.3338656692913382
21
-4.0273426377952752
0
LINE
8
BLACK
6
CONTINUOUS
10
5.3338656692913382
20
-4.0273426377952752
11
5.334308622047244
21
-4.0275261417322836
0
LINE
8
BLACK
6
CONTINUOUS
10
5.334308622047244
20
-4.0275261417322836
11
5.334378937007874
21
-4.0275964566929137
0
LINE
8
BLACK
6
CONTINUOUS
10
5.334378937007874
20
-4.0275964566929137
11
5.3344683070866141
21
-4.0276406692913387
0
LINE
8
BLACK
6
CONTINUOUS
10
5.3344683070866141
20
-4.0276406692913387
11
5.3347842519685038
21
-4.0280017716535435
0
LINE
8
BLACK
6
CONTINUOUS
10
5.3347842519685038
20
-4.0280017716535435
11
5.3351232677165354
21
-4.0283407874015751
0
LINE
8
BLACK
6
CONTINUOUS
10
5.3351232677165354
20
-4.0283407874015751
11
5.3351613779527556
21
-4.028432755905512
0
LINE
8
BLACK
6
CONTINUOUS
10
5.3351613779527556
20
-4.028432755905512
11
5.3352269685039371
21
-4.0285077559055118
0
LINE
8
BLACK
6
CONTINUOUS
10
5.3352269685039371
20
-4.0285077559055118
11
5.3353805511811023
21
-4.0289619685039373
0
LINE
8
BLACK
6
CONTINUOUS
10
5.3353805511811023
20
-4.0289619685039373
11
5.3355641732283461
21
-4.0294051968503934
0
LINE
8
BLACK
6
CONTINUOUS
10
5.3355641732283461
20
-4.0294051968503934
11
5.3355779921259838
21
-4.029545748031496
0
LINE
8
BLACK
6
CONTINUOUS
10
5.3355779921259838
20
-4.029545748031496
11
5.335596062992126
21
-4.0295991338582677
0
LINE
8
BLACK
6
CONTINUOUS
10
5.335596062992126
20
-4.0295991338582677
11
5.3355908661417324
21
-4.0296765748031493
0
LINE
8
BLACK
6
CONTINUOUS
10
5.3355908661417324
20
-4.0296765748031493
11
5.3356209055118109
21
-4.0299812598425193
0
LINE
8
BLACK
6
CONTINUOUS
10
5.3356209055118109
20
-4.0299812598425193
11
5.3356209055118109
21
-4.0349085039370074
0
LINE
8
BLACK
6
CONTINUOUS
10
5.3356209055118109
20
-4.0349085039370074
11
5.3369696456692912
21
-4.037605984251968
0
LINE
8
BLACK
6
CONTINUOUS
10
5.3369696456692912
20
-4.037605984251968
11
5.338166771653543
21
-4.0388031102362207
0
LINE
8
BLACK
6
CONTINUOUS
10
5.338166771653543
20
-4.0388031102362207
11
5.3408642519685037
21
-4.0401518503937011
0
LINE
8
BLACK
6
CONTINUOUS
10
5.3408642519685037
20
-4.0401518503937011
11
5.3488439763779523
21
-4.0401518503937011
0
LINE
8
BLACK
6
CONTINUOUS
10
5.3488439763779523
20
-4.0401518503937011
11
5.3515414566929129
21
-4.038803070866142
0
LINE
8
BLACK
6
CONTINUOUS
10
5.3515414566929129
20
-4.038803070866142
11
5.3527386220472444
21
-4.0376059448818893
0
LINE
8
BLACK
6
CONTINUOUS
10
5.3527386220472444
20
-4.0376059448818893
11
5.3540873622047247
21
-4.0349085039370074
0
LINE
8
BLACK
6
CONTINUOUS
10
5.3540873622047247
20
-4.0349085039370074
11
5.3540873622047247
21
-4.0250540157480312
0
LINE
8
BLACK
6
CONTINUOUS
10
5.3540873622047247
20
-4.0250540157480312
11
5.3527386220472444
21
-4.0223565354330706
0
LINE
8
BLACK
6
CONTINUOUS
10
5.3527386220472444
20
-4.0223565354330706
11
5.3512026771653538
21
-4.0208206299212597
0
LINE
8
BLACK
6
CONTINUOUS
10
5.3512026771653538
20
-4.0208206299212597
11
5.3508354330708663
21
-4.0203731496062991
0
LINE
8
BLACK
6
CONTINUOUS
10
5.3508354330708663
20
-4.0203731496062991
11
5.3503945275590548
21
-4.0193087401574799
0
LINE
8
BLACK
6
CONTINUOUS
10
5.3503945275590548
20
-4.0193087401574799
11
5.3503945275590548
21
-4.0181566535433069
0
LINE
8
BLACK
6
CONTINUOUS
10
5.3503945275590548
20
-4.0181566535433069
11
5.3508353937007875
21
-4.0170922440944885
0
LINE
8
BLACK
6
CONTINUOUS
10
5.3508353937007875
20
-4.0170922440944885
11
5.3516500787401577
21
-4.0162775590551183
0
LINE
8
BLACK
6
CONTINUOUS
10
5.3516500787401577
20
-4.0162775590551183
11
5.3527144881889761
21
-4.0158366535433068
0
LINE
8
BLACK
6
CONTINUOUS
10
5.3527144881889761
20
-4.0158366535433068
11
5.3538665748031491
21
-4.0158366535433068
0
LINE
8
BLACK
6
CONTINUOUS
10
5.3538665748031491
20
-4.0158366535433068
11
5.3549309842519683
21
-4.0162775196850395
0
LINE
8
BLACK
6
CONTINUOUS
10
5.3549309842519683
20
-4.0162775196850395
11
5.3553784251968501
21
-4.0166447244094483
0
LINE
8
BLACK
6
CONTINUOUS
10
5.3553784251968501
20
-4.0166447244094483
11
5.3572532283464565
21
-4.0185194881889759
0
LINE
8
BLACK
6
CONTINUOUS
10
5.3572532283464565
20
-4.0185194881889759
11
5.3574389763779529
21
-4.0187458267716538
0
LINE
8
BLACK
6
CONTINUOUS
10
5.3574389763779529
20
-4.0187458267716538
11
5.3574980314960632
21
-4.0187970472440941
0
LINE
8
BLACK
6
CONTINUOUS
10
5.3574980314960632
20
-4.0187970472440941
11
5.3575540157480317
21
-4.018885984251968
0
LINE
8
BLACK
6
CONTINUOUS
10
5.3575540157480317
20
-4.018885984251968
11
5.3576204724409449
21
-4.0189669685039373
0
LINE
8
BLACK
6
CONTINUOUS
10
5.3576204724409449
20
-4.0189669685039373
11
5.3576502755905508
21
-4.0190388976377953
0
LINE
8
BLACK
6
CONTINUOUS
10
5.3576502755905508
20
-4.0190388976377953
11
5.3578063779527554
21
-4.019286929133858
0
LINE
8
BLACK
6
CONTINUOUS
10
5.3578063779527554
20
-4.019286929133858
11
5.3596811417322829
21
-4.0230364566929131
0
LINE
8
BLACK
6
CONTINUOUS
10
5.3596811417322829
20
-4.0230364566929131
11
5.3598880314960633
21
-4.0235770472440944
0
LINE
8
BLACK
6
CONTINUOUS
10
5.3598880314960633
20
-4.0235770472440944
11
5.3598955511811024
21
-4.0236829133858265
0
LINE
8
BLACK
6
CONTINUOUS
10
5.3598955511811024
20
-4.0236829133858265
11
5.3599361417322831
21
-4.0237809055118108
0
LINE
8
BLACK
6
CONTINUOUS
10
5.3599361417322831
20
-4.0237809055118108
11
5.3599928740157479
21
-4.0243569685039366
0
LINE
8
BLACK
6
CONTINUOUS
10
5.3599928740157479
20
-4.0243569685039366
11
5.3599928740157479
21
-4.035605551181102
0
LINE
8
BLACK
6
CONTINUOUS
10
5.3599928740157479
20
-4.035605551181102
11
5.3599361417322831
21
-4.0361816141732278
0
LINE
8
BLACK
6
CONTINUOUS
10
5.3599361417322831
20
-4.0361816141732278
11
5.3598955511811024
21
-4.0362795669291334
0
LINE
8
BLACK
6
CONTINUOUS
10
5.3598955511811024
20
-4.0362795669291334
11
5.3598880314960633
21
-4.0363854724409451
0
LINE
8
BLACK
6
CONTINUOUS
10
5.3598880314960633
20
-4.0363854724409451
11
5.3596811417322829
21
-4.0369260629921255
0
LINE
8
BLACK
6
CONTINUOUS
10
5.3596811417322829
20
-4.0369260629921255
11
5.3578063779527554
21
-4.0406755905511806
0
LINE
8
BLACK
6
CONTINUOUS
10
5.3578063779527554
20
-4.0406755905511806
11
5.3576502755905508
21
-4.0409235826771654
0
LINE
8
BLACK
6
CONTINUOUS
10
5.3576502755905508
20
-4.0409235826771654
11
5.3576204724409449
21
-4.0409955511811022
0
LINE
8
BLACK
6
CONTINUOUS
10
5.3576204724409449
20
-4.0409955511811022
11
5.3575540157480317
21
-4.0410764960629919
0
LINE
8
BLACK
6
CONTINUOUS
10
5.3575540157480317
20
-4.0410764960629919
11
5.3574980314960632
21
-4.0411654724409445
0
LINE
8
BLACK
6
CONTINUOUS
10
5.3574980314960632
20
-4.0411654724409445
11
5.3574389763779529
21
-4.0412166535433069
0
LINE
8
BLACK
6
CONTINUOUS
10
5.3574389763779529
20
-4.0412166535433069
11
5.3572532283464565
21
-4.0414430314960628
0
LINE
8
BLACK
6
CONTINUOUS
10
5.3572532283464565
20
-4.0414430314960628
11
5.3553784251968501
21
-4.0433177952755903
0
LINE
8
BLACK
6
CONTINUOUS
10
5.3553784251968501
20
-4.0433177952755903
11
5.3551520866141731
21
-4.043503503937008
0
LINE
8
BLACK
6
CONTINUOUS
10
5.3551520866141731
20
-4.043503503937008
11
5.3551009448818894
21
-4.0435625196850395
0
LINE
8
BLACK
6
CONTINUOUS
10
5.3551009448818894
20
-4.0435625196850395
11
5.3550120078740155
21
-4.0436184645669293
0
LINE
8
BLACK
6
CONTINUOUS
10
5.3550120078740155
20
-4.0436184645669293
11
5.3549309842519683
21
-4.043685
0
LINE
8
BLACK
6
CONTINUOUS
10
5.3549309842519683
20
-4.043685
11
5.3548589370078741
21
-4.043714803149606
0
LINE
8
BLACK
6
CONTINUOUS
10
5.3548589370078741
20
-4.043714803149606
11
5.3546110629921255
21
-4.0438708661417326
0
LINE
8
BLACK
6
CONTINUOUS
10
5.3546110629921255
20
-4.0438708661417326
11
5.3508615354330704
21
-4.0457456299212602
0
LINE
8
BLACK
6
CONTINUOUS
10
5.3508615354330704
20
-4.0457456299212602
11
5.3503209055118113
21
-4.0459525196850397
0
LINE
8
BLACK
6
CONTINUOUS
10
5.3503209055118113
20
-4.0459525196850397
11
5.350215078740157
21
-4.04596
0
LINE
8
BLACK
6
CONTINUOUS
10
5.350215078740157
20
-4.04596
11
5.3501170866141727
21
-4.0460006299212594
0
LINE
8
BLACK
6
CONTINUOUS
10
5.3501170866141727
20
-4.0460006299212594
11
5.3495410236220469
21
-4.0460573622047242
0
LINE
8
BLACK
6
CONTINUOUS
10
5.3495410236220469
20
-4.0460573622047242
11
5.3401672047244091
21
-4.0460573622047242
0
LINE
8
BLACK
6
CONTINUOUS
10
5.3401672047244091
20
-4.0460573622047242
11
5.3395911417322832
21
-4.0460006299212594
0
LINE
8
BLACK
6
CONTINUOUS
10
5.3395911417322832
20
-4.0460006299212594
11
5.3394931496062989
21
-4.0459600393700788
0
LINE
8
BLACK
6
CONTINUOUS
10
5.3394931496062989
20
-4.0459600393700788
11
5.3393872834645668
21
-4.0459525196850397
0
LINE
8
BLACK
6
CONTINUOUS
10
5.3393872834645668
20
-4.0459525196850397
11
5.3388466929133855
21
-4.0457456299212602
0
LINE
8
BLACK
6
CONTINUOUS
10
5.3388466929133855
20
-4.0457456299212602
11
5.3350971653543304
21
-4.0438708661417326
0
LINE
8
BLACK
6
CONTINUOUS
10
5.3350971653543304
20
-4.0438708661417326
11
5.3348491338582678
21
-4.0437147637795272
0
LINE
8
BLACK
6
CONTINUOUS
10
5.3348491338582678
20
-4.0437147637795272
11
5.3347772047244097
21
-4.0436849606299212
0
LINE
8
BLACK
6
CONTINUOUS
10
5.3347772047244097
20
-4.0436849606299212
11
5.3346962204724404
21
-4.0436184645669293
0
LINE
8
BLACK
6
CONTINUOUS
10
5.3346962204724404
20
-4.0436184645669293
11
5.3346072834645666
21
-4.0435625196850395
0
LINE
8
BLACK
6
CONTINUOUS
10
5.3346072834645666
20
-4.0435625196850395
11
5.334556102362205
21
-4.043503503937008
0
LINE
8
BLACK
6
CONTINUOUS
10
5.334556102362205
20
-4.043503503937008
11
5.3343297637795271
21
-4.0433177559055116
0
LINE
8
BLACK
6
CONTINUOUS
10
5.3343297637795271
20
-4.0433177559055116
11
5.3324549999999995
21
-4.041442992125984
0
LINE
8
BLACK
6
CONTINUOUS
10
5.3324549999999995
20
-4.041442992125984
11
5.3322692125984252
21
-4.0412166141732282
0
LINE
8
BLACK
6
CONTINUOUS
10
5.3322692125984252
20
-4.0412166141732282
11
5.3322102362204724
21
-4.0411654724409445
0
LINE
8
BLACK
6
CONTINUOUS
10
5.3322102362204724
20
-4.0411654724409445
11
5.3321542519685039
21
-4.0410764960629919
0
LINE
8
BLACK
6
CONTINUOUS
10
5.3321542519685039
20
-4.0410764960629919
11
5.3320877952755907
21
-4.0409955511811022
0
LINE
8
BLACK
6
CONTINUOUS
10
5.3320877952755907
20
-4.0409955511811022
11
5.3320579527559051
21
-4.0409235826771654
0
LINE
8
BLACK
6
CONTINUOUS
10
5.3320579527559051
20
-4.0409235826771654
11
5.3319018897637793
21
-4.0406755905511806
0
LINE
8
BLACK
6
CONTINUOUS
10
5.3319018897637793
20
-4.0406755905511806
11
5.3300271259842518
21
-4.0369260629921255
0
LINE
8
BLACK
6
CONTINUOUS
10
5.3300271259842518
20
-4.0369260629921255
11
5.3298234645669291
21
-4.0363938582677168
0
LINE
8
BLACK
6
CONTINUOUS
10
5.3298234645669291
20
-4.0363938582677168
11
5.3196144488188972
21
-4.045326771653543
0
LINE
8
BLACK
6
CONTINUOUS
10
5.3196144488188972
20
-4.045326771653543
11
5.3193654330708657
21
-4.0455047637795278
0
LINE
8
BLACK
6
CONTINUOUS
10
5.3193654330708657
20
-4.0455047637795278
11
5.3193105118110235
21
-4.0455597244094488
0
LINE
8
BLACK
6
CONTINUOUS
10
5.3193105118110235
20
-4.0455597244094488
11
5.3192583858267719
21
-4.0455812992125981
0
LINE
8
BLACK
6
CONTINUOUS
10
5.3192583858267719
20
-4.0455812992125981
11
5.3191435433070868
21
-4.0456634251968504
0
LINE
8
BLACK
6
CONTINUOUS
10
5.3191435433070868
20
-4.0456634251968504
11
5.3186892913385826
21
-4.0458170078740157
0
LINE
8
BLACK
6
CONTINUOUS
10
5.3186892913385826
20
-4.0458170078740157
11
5.3182461023622043
21
-4.0460006299212594
0
LINE
8
BLACK
6
CONTINUOUS
10
5.3182461023622043
20
-4.0460006299212594
11
5.3181464566929133
21
-4.0460006299212594
0
LINE
8
BLACK
6
CONTINUOUS
10
5.3181464566929133
20
-4.0460006299212594
11
5.3180521653543309
21
-4.0460325196850393
0
LINE
8
BLACK
6
CONTINUOUS
10
5.3180521653543309
20
-4.0460325196850393
11
5.3175737007874018
21
-4.0460006299212594
0
LINE
8
BLACK
6
CONTINUOUS
10
5.3175737007874018
20
-4.0460006299212594
11
5.3170939763779526
21
-4.0460006299212594
0
LINE
8
BLACK
6
CONTINUOUS
10
5.3170939763779526
20
-4.0460006299212594
11
5.3170019685039369
21
-4.0459625196850393
0
LINE
8
BLACK
6
CONTINUOUS
10
5.3170019685039369
20
-4.0459625196850393
11
5.3169026377952751
21
-4.0459559055118106
0
LINE
8
BLACK
6
CONTINUOUS
10
5.3169026377952751
20
-4.0459559055118106
11
5.3164724803149603
21
-4.0457431889763775
0
LINE
8
BLACK
6
CONTINUOUS
10
5.3164724803149603
20
-4.0457431889763775
11
5.3160295669291333
21
-4.0455597244094488
0
LINE
8
BLACK
6
CONTINUOUS
10
5.3160295669291333
20
-4.0455597244094488
11
5.3159592125984254
21
-4.04548937007874
0
LINE
8
BLACK
6
CONTINUOUS
10
5.3159592125984254
20
-4.04548937007874
11
5.3158698818897641
21
-4.0454451968503937
0
LINE
8
BLACK
6
CONTINUOUS
10
5.3158698818897641
20
-4.0454451968503937
11
5.3155538976377947
21
-4.0450840551181102
0
LINE
8
BLACK
6
CONTINUOUS
10
5.3155538976377947
20
-4.0450840551181102
11
5.3152149212598427
21
-4.0447450787401573
0
LINE
8
BLACK
6
CONTINUOUS
10
5.3152149212598427
20
-4.0447450787401573
11
5.315176771653543
21
-4.0446530708661417
0
LINE
8
BLACK
6
CONTINUOUS
10
5.315176771653543
20
-4.0446530708661417
11
5.3151112204724411
21
-4.0445781102362206
0
LINE
8
BLACK
6
CONTINUOUS
10
5.3151112204724411
20
-4.0445781102362206
11
5.3149575984251971
21
-4.0441238582677164
0
LINE
8
BLACK
6
CONTINUOUS
10
5.3149575984251971
20
-4.0441238582677164
11
5.3148152755905507
21
-4.0437802755905512
0
LINE
8
BLACK
6
CONTINUOUS
10
5.3148152755905507
20
-4.0437802755905512
11
5.3144225984251969
21
-4.0441729921259846
0
LINE
8
BLACK
6
CONTINUOUS
10
5.3144225984251969
20
-4.0441729921259846
11
5.3136692913385826
21
-4.0443228346456692
0
LINE
8
BLACK
6
CONTINUOUS
10
5.3136692913385826
20
-4.0443228346456692
11
5.2349291338582677
21
-4.0443228346456692
0
LINE
8
BLACK
6
CONTINUOUS
10
5.2349291338582677
20
-4.0443228346456692
11
5.2341758267716534
21
-4.0441729921259846
0
LINE
8
BLACK
6
CONTINUOUS
10
5.2341758267716534
20
-4.0441729921259846
11
5.233110472440945
21
-4.0431076377952753
0
LINE
8
BLACK
6
CONTINUOUS
10
5.233110472440945
20
-4.0431076377952753
11
5.2329606299212594
21
-4.0423543307086609
0
LINE
8
BLACK
6
CONTINUOUS
10
5.2329606299212594
20
-4.0423543307086609
11
5.2329606299212594
21
-3.9931417322834646
0
LINE
8
BLACK
6
CONTINUOUS
10
5.2329606299212594
20
-3.9931417322834646
11
5.233110472440945
21
-3.9923884251968502
0
LINE
8
BLACK
6
CONTINUOUS
10
5.233110472440945
20
-3.9923884251968502
11
5.2341758267716534
21
-3.9913230708661418
0
LINE
8
BLACK
6
CONTINUOUS
10
5.2341758267716534
20
-3.9913230708661418
11
5.2349291338582677
21
-3.9911732283464567
0
LINE
8
BLACK
6
CONTINUOUS
10
5.2349291338582677
20
-3.9911732283464567
11
5.3136692913385826
21
-3.9911732283464567
0
LINE
8
BLACK
6
CONTINUOUS
10
5.3136692913385826
20
-3.9911732283464567
11
5.3144225984251969
21
-3.9913230708661418
0
LINE
8
BLACK
6
CONTINUOUS
10
5.2368976377952752
20
-3.9951102362204725
11
5.2368976377952752
21
-4.0403858267716535
0
LINE
8
BLACK
6
CONTINUOUS
10
5.2368976377952752
20
-4.0403858267716535
11
5.3117007874015743
21
-4.0403858267716535
0
LINE
8
BLACK
6
CONTINUOUS
10
5.3117007874015743
20
-4.0403858267716535
11
5.3117007874015743
21
-3.9951102362204725
0
LINE
8
BLACK
6
CONTINUOUS
10
5.3117007874015743
20
-3.9951102362204725
11
5.2368976377952752
21
-3.9951102362204725
0
LINE
8
BLACK
6
CONTINUOUS
10
4.8929325590551178
20
-4.0083079133858268
11
4.8937472047244093
21
-4.0091225590551183
0
LINE
8
BLACK
6
CONTINUOUS
10
4.8937472047244093
20
-4.0091225590551183
11
4.8941881102362208
21
-4.0101869685039366
0
LINE
8
BLACK
6
CONTINUOUS
10
4.8941881102362208
20
-4.0101869685039366
11
4.8942448425196847
21
-4.0107630314960625
0
LINE
8
BLACK
6
CONTINUOUS
10
4.8942448425196847
20
-4.0107630314960625
11
4.8942448425196847
21
-4.0190588582677167
0
LINE
8
BLACK
6
CONTINUOUS
10
4.8942448425196847
20
-4.0190588582677167
11
4.930662165354331
21
-4.0190588582677167
0
LINE
8
BLACK
6
CONTINUOUS
10
4.930662165354331
20
-4.0190588582677167
11
4.9312382283464569
21
-4.0191155905511806
0
LINE
8
BLACK
6
CONTINUOUS
10
4.9312382283464569
20
-4.0191155905511806
11
4.9323026377952752
21
-4.0195564960629921
0
LINE
8
BLACK
6
CONTINUOUS
10
4.9323026377952752
20
-4.0195564960629921
11
4.9331172834645667
21
-4.0203711417322836
0
LINE
8
BLACK
6
CONTINUOUS
10
4.9331172834645667
20
-4.0203711417322836
11
4.9335581889763782
21
-4.021435551181102
0
LINE
8
BLACK
6
CONTINUOUS
10
4.9335581889763782
20
-4.021435551181102
11
4.9335581889763782
21
-4.0225876771653546
0
LINE
8
BLACK
6
CONTINUOUS
10
4.9335581889763782
20
-4.0225876771653546
11
4.9331172834645667
21
-4.023652086614173
0
LINE
8
BLACK
6
CONTINUOUS
10
4.9331172834645667
20
-4.023652086614173
11
4.9323026377952752
21
-4.0244667322834644
0
LINE
8
BLACK
6
CONTINUOUS
10
4.9323026377952752
20
-4.0244667322834644
11
4.9312382283464569
21
-4.0249076377952759
0
LINE
8
BLACK
6
CONTINUOUS
10
4.9312382283464569
20
-4.0249076377952759
11
4.930662165354331
21
-4.0249643700787399
0
LINE
8
BLACK
6
CONTINUOUS
10
4.930662165354331
20
-4.0249643700787399
11
4.8942448425196847
21
-4.0249643700787399
0
LINE
8
BLACK
6
CONTINUOUS
10
4.8942448425196847
20
-4.0249643700787399
11
4.8942448425196847
21
-4.0332601968503941
0
LINE
8
BLACK
6
CONTINUOUS
10
4.8942448425196847
20
-4.0332601968503941
11
4.8941881102362208
21
-4.0338362598425199
0
LINE
8
BLACK
6
CONTINUOUS
10
4.8941881102362208
20
-4.0338362598425199
11
4.8937472047244093
21
-4.0349006692913383
0
LINE
8
BLACK
6
CONTINUOUS
10
4.8937472047244093
20
-4.0349006692913383
11
4.8929325590551178
21
-4.0357153149606297
0
LINE
8
BLACK
6
CONTINUOUS
10
4.8929325590551178
20
-4.0357153149606297
11
4.8918681496062995
21
-4.0361562204724413
0
LINE
8
BLACK
6
CONTINUOUS
10
4.8918681496062995
20
-4.0361562204724413
11
4.8907160236220468
21
-4.0361562204724413
0
LINE
8
BLACK
6
CONTINUOUS
10
4.8907160236220468
20
-4.0361562204724413
11
4.8896516141732285
21
-4.0357153149606297
0
LINE
8
BLACK
6
CONTINUOUS
10
4.8896516141732285
20
-4.0357153149606297
11
4.888836968503937
21
-4.0349006692913383
0
LINE
8
BLACK
6
CONTINUOUS
10
4.888836968503937
20
-4.0349006692913383
11
4.8883960629921255
21
-4.0338362598425199
0
LINE
8
BLACK
6
CONTINUOUS
10
4.8883960629921255
20
-4.0338362598425199
11
4.8883393307086616
21
-4.0332601968503941
0
LINE
8
BLACK
6
CONTINUOUS
10
4.8883393307086616
20
-4.0332601968503941
11
4.8883393307086616
21
-4.0107630314960625
0
LINE
8
BLACK
6
CONTINUOUS
10
4.8883393307086616
20
-4.0107630314960625
11
4.8883960629921255
21
-4.0101869685039366
0
LINE
8
BLACK
6
CONTINUOUS
10
4.8883960629921255
20
-4.0101869685039366
11
4.888836968503937
21
-4.0091225590551183
0
LINE
8
BLACK
6
CONTINUOUS
10
4.888836968503937
20
-4.0091225590551183
11
4.8896516141732285
21
-4.0083079133858268
0
LINE
8
BLACK
6
CONTINUOUS
10
4.8896516141732285
20
-4.0083079133858268
11
4.8907160236220468
21
-4.0078670078740153
0
LINE
8
BLACK
6
CONTINUOUS
10
4.8907160236220468
20
-4.0078670078740153
11
4.8918681496062995
21
-4.0078670078740153
0
LINE
8
BLACK
6
CONTINUOUS
10
4.8918681496062995
20
-4.0078670078740153
11
4.8929325590551178
21
-4.0083079133858268
0
LINE
8
BLACK
6
CONTINUOUS
10
5.3436824409448818
20
-3.9712831889763778
11
5.3444970866141732
21
-3.9720978346456692
0
LINE
8
BLACK
6
CONTINUOUS
10
5.3444970866141732
20
-3.9720978346456692
11
5.3449379921259839
21
-3.973162244094488
0
LINE
8
BLACK
6
CONTINUOUS
10
5.3449379921259839
20
-3.973162244094488
11
5.3449947244094487
21
-3.9737383070866139
0
LINE
8
BLACK
6
CONTINUOUS
10
5.3449947244094487
20
-3.9737383070866139
11
5.3449947244094487
21
-4.0037345669291335
0
LINE
8
BLACK
6
CONTINUOUS
10
5.3449947244094487
20
-4.0037345669291335
11
5.3449379921259839
21
-4.0043106299212594
0
LINE
8
BLACK
6
CONTINUOUS
10
5.3449379921259839
20
-4.0043106299212594
11
5.3444970866141732
21
-4.0053750393700787
0
LINE
8
BLACK
6
CONTINUOUS
10
5.3444970866141732
20
-4.0053750393700787
11
5.3436824409448818
21
-4.0061896850393701
0
LINE
8
BLACK
6
CONTINUOUS
10
5.3436824409448818
20
-4.0061896850393701
11
5.3426180314960625
21
-4.0066305905511808
0
LINE
8
BLACK
6
CONTINUOUS
10
5.3426180314960625
20
-4.0066305905511808
11
5.3414659055118108
21
-4.0066305905511808
0
LINE
8
BLACK
6
CONTINUOUS
10
5.3414659055118108
20
-4.0066305905511808
11
5.3404014960629924
21
-4.0061896850393701
0
LINE
8
BLACK
6
CONTINUOUS
10
5.3404014960629924
20
-4.0061896850393701
11
5.339586850393701
21
-4.0053750393700787
0
LINE
8
BLACK
6
CONTINUOUS
10
5.339586850393701
20
-4.0053750393700787
11
5.3391459448818894
21
-4.0043106299212594
0
LINE
8
BLACK
6
CONTINUOUS
10
5.3391459448818894
20
-4.0043106299212594
11
5.3390892125984255
21
-4.0037345669291335
0
LINE
8
BLACK
6
CONTINUOUS
10
5.3390892125984255
20
-4.0037345669291335
11
5.3390892125984255
21
-3.9737383070866139
0
LINE
8
BLACK
6
CONTINUOUS
10
5.3390892125984255
20
-3.9737383070866139
11
5.3391459448818894
21
-3.973162244094488
0
LINE
8
BLACK
6
CONTINUOUS
10
5.3391459448818894
20
-3.973162244094488
11
5.339586850393701
21
-3.9720978346456692
0
LINE
8
BLACK
6
CONTINUOUS
10
5.339586850393701
20
-3.9720978346456692
11
5.3404014960629924
21
-3.9712831889763778
0
LINE
8
BLACK
6
CONTINUOUS
10
5.3404014960629924
20
-3.9712831889763778
11
5.3414659055118108
21
-3.9708422834645667
0
LINE
8
BLACK
6
CONTINUOUS
10
5.3414659055118108
20
-3.9708422834645667
11
5.3426180314960625
21
-3.9708422834645667
0
LINE
8
BLACK
6
CONTINUOUS
10
5.3426180314960625
20
-3.9708422834645667
11
5.3436824409448818
21
-3.9712831889763778
0
LINE
8
BLACK
6
CONTINUOUS
10
4.917304488188976
20
-3.9651883070866143
11
4.9181191338582675
21
-3.9660029527559053
0
LINE
8
BLACK
6
CONTINUOUS
10
4.9181191338582675
20
-3.9660029527559053
11
4.918560039370079
21
-3.9670673622047241
0
LINE
8
BLACK
6
CONTINUOUS
10
4.918560039370079
20
-3.9670673622047241
11
4.9186167716535429
21
-3.9676434251968504
0
LINE
8
BLACK
6
CONTINUOUS
10
4.9186167716535429
20
-3.9676434251968504
11
4.9186167716535429
21
-3.9976396850393701
0
LINE
8
BLACK
6
CONTINUOUS
10
4.9186167716535429
20
-3.9976396850393701
11
4.918560039370079
21
-3.9982157480314959
0
LINE
8
BLACK
6
CONTINUOUS
10
4.918560039370079
20
-3.9982157480314959
11
4.9181191338582675
21
-3.9992801574803147
0
LINE
8
BLACK
6
CONTINUOUS
10
4.9181191338582675
20
-3.9992801574803147
11
4.917304488188976
21
-4.0000948031496062
0
LINE
8
BLACK
6
CONTINUOUS
10
4.917304488188976
20
-4.0000948031496062
11
4.9162400787401577
21
-4.0005357086614168
0
LINE
8
BLACK
6
CONTINUOUS
10
4.9162400787401577
20
-4.0005357086614168
11
4.915087952755905
21
-4.0005357086614168
0
LINE
8
BLACK
6
CONTINUOUS
10
4.915087952755905
20
-4.0005357086614168
11
4.9140235433070867
21
-4.0000948031496062
0
LINE
8
BLACK
6
CONTINUOUS
10
4.9140235433070867
20
-4.0000948031496062
11
4.9132088976377952
21
-3.9992801574803147
0
LINE
8
BLACK
6
CONTINUOUS
10
4.9132088976377952
20
-3.9992801574803147
11
4.9127679921259846
21
-3.9982157480314959
0
LINE
8
BLACK
6
CONTINUOUS
10
4.9127679921259846
20
-3.9982157480314959
11
4.9127112598425198
21
-3.9976396850393701
0
LINE
8
BLACK
6
CONTINUOUS
10
4.9127112598425198
20
-3.9976396850393701
11
4.9127112598425198
21
-3.9676434251968504
0
LINE
8
BLACK
6
CONTINUOUS
10
4.9127112598425198
20
-3.9676434251968504
11
4.9127679921259846
21
-3.9670673622047241
0
LINE
8
BLACK
6
CONTINUOUS
10
4.9127679921259846
20
-3.9670673622047241
11
4.9132088976377952
21
-3.9660029527559053
0
LINE
8
BLACK
6
CONTINUOUS
10
4.9132088976377952
20
-3.9660029527559053
11
4.9140235433070867
21
-3.9651883070866143
0
LINE
8
BLACK
6
CONTINUOUS
10
4.9140235433070867
20
-3.9651883070866143
11
4.915087952755905
21
-3.9647474015748032
0
LINE
8
BLACK
6
CONTINUOUS
10
4.915087952755905
20
-3.9647474015748032
11
4.9162400787401577
21
-3.9647474015748032
0
LINE
8
BLACK
6
CONTINUOUS
10
4.9162400787401577
20
-3.9647474015748032
11
4.917304488188976
21
-3.9651883070866143
0
LINE
8
BLACK
6
CONTINUOUS
10
6.9079580314960625
20
-3.6909372440944881
11
6.9090233858267718
21
-3.692002598425197
0
LINE
8
BLACK
6
CONTINUOUS
10
6.9090233858267718
20
-3.692002598425197
11
6.9091732283464564
21
-3.6927559055118109
0
LINE
8
BLACK
6
CONTINUOUS
10
6.9091732283464564
20
-3.6927559055118109
11
6.9091732283464564
21
-3.9781889763779525
0
LINE
8
BLACK
6
CONTINUOUS
10
6.9091732283464564
20
-3.9781889763779525
11
6.9090233858267718
21
-3.9789422834645669
0
LINE
8
BLACK
6
CONTINUOUS
10
6.9090233858267718
20
-3.9789422834645669
11
6.9079580314960625
21
-3.9800076377952753
0
LINE
8
BLACK
6
CONTINUOUS
10
6.9079580314960625
20
-3.9800076377952753
11
6.907204724409449
21
-3.9801574803149604
0
LINE
8
BLACK
6
CONTINUOUS
10
6.907204724409449
20
-3.9801574803149604
11
6.5213779527559055
21
-3.9801574803149604
0
LINE
8
BLACK
6
CONTINUOUS
10
6.5213779527559055
20
-3.9801574803149604
11
6.5206246456692911
21
-3.9800076377952753
0
LINE
8
BLACK
6
CONTINUOUS
10
6.5206246456692911
20
-3.9800076377952753
11
6.5195592913385827
21
-3.9789422834645669
0
LINE
8
BLACK
6
CONTINUOUS
10
6.5195592913385827
20
-3.9789422834645669
11
6.5194094488188972
21
-3.9781889763779525
0
LINE
8
BLACK
6
CONTINUOUS
10
6.5194094488188972
20
-3.9781889763779525
11
6.5194094488188972
21
-3.6927559055118109
0
LINE
8
BLACK
6
CONTINUOUS
10
6.5194094488188972
20
-3.6927559055118109
11
6.5195592913385827
21
-3.692002598425197
0
LINE
8
BLACK
6
CONTINUOUS
10
6.5195592913385827
20
-3.692002598425197
11
6.5206246456692911
21
-3.6909372440944881
0
LINE
8
BLACK
6
CONTINUOUS
10
6.5206246456692911
20
-3.6909372440944881
11
6.5213779527559055
21
-3.690787401574803
0
LINE
8
BLACK
6
CONTINUOUS
10
6.5213779527559055
20
-3.690787401574803
11
6.907204724409449
21
-3.690787401574803
0
LINE
8
BLACK
6
CONTINUOUS
10
6.907204724409449
20
-3.690787401574803
11
6.9079580314960625
21
-3.6909372440944881
0
LINE
8
BLACK
6
CONTINUOUS
10
6.5233464566929129
20
-3.6947244094488187
11
6.5233464566929129
21
-3.8143177952755907
0
LINE
8
BLACK
6
CONTINUOUS
10
6.5233464566929129
20
-3.8143177952755907
11
6.5236955118110238
21
-3.8139687401574802
0
LINE
8
BLACK
6
CONTINUOUS
10
6.5236955118110238
20
-3.8139687401574802
11
6.5252021259842516
21
-3.8139687401574802
0
LINE
8
BLACK
6
CONTINUOUS
10
6.5252021259842516
20
-3.8139687401574802
11
6.5258407480314959
21
-3.8143954724409448
0
LINE
8
BLACK
6
CONTINUOUS
10
6.5258407480314959
20
-3.8143954724409448
11
6.5455257874015746
21
-3.8340805118110235
0
LINE
8
BLACK
6
CONTINUOUS
10
6.5455257874015746
20
-3.8340805118110235
11
6.5459525196850397
21
-3.8347191338582678
0
LINE
8
BLACK
6
CONTINUOUS
10
6.5459525196850397
20
-3.8347191338582678
11
6.5459525196850397
21
-3.8362257480314961
0
LINE
8
BLACK
6
CONTINUOUS
10
6.5459525196850397
20
-3.8362257480314961
11
6.5455257874015746
21
-3.8368643700787399
0
LINE
8
BLACK
6
CONTINUOUS
10
6.5455257874015746
20
-3.8368643700787399
11
6.5258407480314959
21
-3.8565494094488186
0
LINE
8
BLACK
6
CONTINUOUS
10
6.5258407480314959
20
-3.8565494094488186
11
6.5252021259842516
21
-3.8569761417322832
0
LINE
8
BLACK
6
CONTINUOUS
10
6.5252021259842516
20
-3.8569761417322832
11
6.5236955118110238
21
-3.8569761417322832
0
LINE
8
BLACK
6
CONTINUOUS
10
6.5236955118110238
20
-3.8569761417322832
11
6.5233464566929129
21
-3.8566270866141732
0
LINE
8
BLACK
6
CONTINUOUS
10
6.5233464566929129
20
-3.8566270866141732
11
6.5233464566929129
21
-3.9762204724409447
0
LINE
8
BLACK
6
CONTINUOUS
10
6.5233464566929129
20
-3.9762204724409447
11
6.9052362204724407
21
-3.9762204724409447
0
LINE
8
BLACK
6
CONTINUOUS
10
6.9052362204724407
20
-3.9762204724409447
11
6.9052362204724407
21
-3.6947244094488187
0
LINE
8
BLACK
6
CONTINUOUS
10
6.9052362204724407
20
-3.6947244094488187
11
6.5233464566929129
21
-3.6947244094488187
0
LINE
8
BLACK
6
CONTINUOUS
10
6.5233464566929129
20
-3.8534759842519684
11
6.5413499999999996
21
-3.8354724409448817
0
LINE
8
BLACK
6
CONTINUOUS
10
6.5413499999999996
20
-3.8354724409448817
11
6.5233464566929129
21
-3.8174688976377951
0
LINE
8
BLACK
6
CONTINUOUS
10
6.5233464566929129
20
-3.8174688976377951
11
6.5233464566929129
21
-3.8534759842519684
0
LINE
8
BLACK
6
CONTINUOUS
10
5.3576161811023617
20
-3.9314722047244093
11
5.358680590551181
21
-3.9319131102362204
0
LINE
8
BLACK
6
CONTINUOUS
10
5.358680590551181
20
-3.9319131102362204
11
5.3594952362204724
21
-3.9327277559055118
0
LINE
8
BLACK
6
CONTINUOUS
10
5.3594952362204724
20
-3.9327277559055118
11
5.3599361417322831
21
-3.9337921653543306
0
LINE
8
BLACK
6
CONTINUOUS
10
5.3599361417322831
20
-3.9337921653543306
11
5.3599361417322831
21
-3.9349442913385824
0
LINE
8
BLACK
6
CONTINUOUS
10
5.3599361417322831
20
-3.9349442913385824
11
5.3594952362204724
21
-3.9360087007874016
0
LINE
8
BLACK
6
CONTINUOUS
10
5.3594952362204724
20
-3.9360087007874016
11
5.358680590551181
21
-3.9368233464566926
0
LINE
8
BLACK
6
CONTINUOUS
10
5.358680590551181
20
-3.9368233464566926
11
5.3576161811023617
21
-3.9372642519685037
0
LINE
8
BLACK
6
CONTINUOUS
10
5.3576161811023617
20
-3.9372642519685037
11
5.3570401181102358
21
-3.9373209842519685
0
LINE
8
BLACK
6
CONTINUOUS
10
5.3570401181102358
20
-3.9373209842519685
11
5.3412451968503936
21
-3.9373209842519685
0
LINE
8
BLACK
6
CONTINUOUS
10
5.3412451968503936
20
-3.9373209842519685
11
5.3412451968503936
21
-3.9493663385826769
0
LINE
8
BLACK
6
CONTINUOUS
10
5.3412451968503936
20
-3.9493663385826769
11
5.3411884645669288
21
-3.9499424015748033
0
LINE
8
BLACK
6
CONTINUOUS
10
5.3411884645669288
20
-3.9499424015748033
11
5.3411478740157481
21
-3.9500403543307088
0
LINE
8
BLACK
6
CONTINUOUS
10
5.3411478740157481
20
-3.9500403543307088
11
5.3411403543307081
21
-3.9501462598425197
0
LINE
8
BLACK
6
CONTINUOUS
10
5.3411403543307081
20
-3.9501462598425197
11
5.3409334645669286
21
-3.9506868503937005
0
LINE
8
BLACK
6
CONTINUOUS
10
5.3409334645669286
20
-3.9506868503937005
11
5.3390587007874011
21
-3.9544363779527556
0
LINE
8
BLACK
6
CONTINUOUS
10
5.3390587007874011
20
-3.9544363779527556
11
5.3389025984251965
21
-3.95468437007874
0
LINE
8
BLACK
6
CONTINUOUS
10
5.3389025984251965
20
-3.95468437007874
11
5.3388727952755906
21
-3.9547563385826772
0
LINE
8
BLACK
6
CONTINUOUS
10
5.3388727952755906
20
-3.9547563385826772
11
5.3388062992125986
21
-3.9548372834645669
0
LINE
8
BLACK
6
CONTINUOUS
10
5.3388062992125986
20
-3.9548372834645669
11
5.3387503543307089
21
-3.9549262598425194
0
LINE
8
BLACK
6
CONTINUOUS
10
5.3387503543307089
20
-3.9549262598425194
11
5.3386913385826773
21
-3.9549774015748032
0
LINE
8
BLACK
6
CONTINUOUS
10
5.3386913385826773
20
-3.9549774015748032
11
5.3385055905511809
21
-3.955203779527559
0
LINE
8
BLACK
6
CONTINUOUS
10
5.3385055905511809
20
-3.955203779527559
11
5.3366308267716533
21
-3.9570785433070865
0
LINE
8
BLACK
6
CONTINUOUS
10
5.3366308267716533
20
-3.9570785433070865
11
5.3364044488188975
21
-3.9572642913385825
0
LINE
8
BLACK
6
CONTINUOUS
10
5.3364044488188975
20
-3.9572642913385825
11
5.3363533070866138
21
-3.9573233070866141
0
LINE
8
BLACK
6
CONTINUOUS
10
5.3363533070866138
20
-3.9573233070866141
11
5.3362643307086612
21
-3.9573792519685038
0
LINE
8
BLACK
6
CONTINUOUS
10
5.3362643307086612
20
-3.9573792519685038
11
5.3361833858267715
21
-3.9574457480314962
0
LINE
8
BLACK
6
CONTINUOUS
10
5.3361833858267715
20
-3.9574457480314962
11
5.3361114173228348
21
-3.9574755511811022
0
LINE
8
BLACK
6
CONTINUOUS
10
5.3361114173228348
20
-3.9574755511811022
11
5.33586342519685
21
-3.9576316535433071
0
LINE
8
BLACK
6
CONTINUOUS
10
5.33586342519685
20
-3.9576316535433071
11
5.3321138976377949
21
-3.9595064173228347
0
LINE
8
BLACK
6
CONTINUOUS
10
5.3321138976377949
20
-3.9595064173228347
11
5.3315732677165357
21
-3.9597133070866142
0
LINE
8
BLACK
6
CONTINUOUS
10
5.3315732677165357
20
-3.9597133070866142
11
5.3314674409448815
21
-3.9597207874015745
0
LINE
8
BLACK
6
CONTINUOUS
10
5.3314674409448815
20
-3.9597207874015745
11
5.3313694488188972
21
-3.9597614173228344
0
LINE
8
BLACK
6
CONTINUOUS
10
5.3313694488188972
20
-3.9597614173228344
11
5.3307933858267713
21
-3.9598181496062992
0
LINE
8
BLACK
6
CONTINUOUS
10
5.3307933858267713
20
-3.9598181496062992
11
5.3251690944881886
21
-3.9598181496062992
0
LINE
8
BLACK
6
CONTINUOUS
10
5.3251690944881886
20
-3.9598181496062992
11
5.3245930314960628
21
-3.9597614173228344
0
LINE
8
BLACK
6
CONTINUOUS
10
5.3245930314960628
20
-3.9597614173228344
11
5.3244950393700785
21
-3.9597208267716533
0
LINE
8
BLACK
6
CONTINUOUS
10
5.3244950393700785
20
-3.9597208267716533
11
5.3243891732283464
21
-3.9597133070866142
0
LINE
8
BLACK
6
CONTINUOUS
10
5.3243891732283464
20
-3.9597133070866142
11
5.3238485826771651
21
-3.9595064173228347
0
LINE
8
BLACK
6
CONTINUOUS
10
5.3238485826771651
20
-3.9595064173228347
11
5.32009905511811
21
-3.9576316535433071
0
LINE
8
BLACK
6
CONTINUOUS
10
5.32009905511811
20
-3.9576316535433071
11
5.3198510236220473
21
-3.9574755511811022
0
LINE
8
BLACK
6
CONTINUOUS
10
5.3198510236220473
20
-3.9574755511811022
11
5.3197790944881884
21
-3.9574457480314962
0
LINE
8
BLACK
6
CONTINUOUS
10
5.3197790944881884
20
-3.9574457480314962
11
5.31969811023622
21
-3.9573792519685038
0
LINE
8
BLACK
6
CONTINUOUS
10
5.31969811023622
20
-3.9573792519685038
11
5.3196091732283461
21
-3.9573233070866141
0
LINE
8
BLACK
6
CONTINUOUS
10
5.3196091732283461
20
-3.9573233070866141
11
5.3195579921259846
21
-3.9572642913385825
0
LINE
8
BLACK
6
CONTINUOUS
10
5.3195579921259846
20
-3.9572642913385825
11
5.3193316535433066
21
-3.9570785433070865
0
LINE
8
BLACK
6
CONTINUOUS
10
5.3193316535433066
20
-3.9570785433070865
11
5.3174568897637791
21
-3.955203779527559
0
LINE
8
BLACK
6
CONTINUOUS
10
5.3174568897637791
20
-3.955203779527559
11
5.3172711023622048
21
-3.9549774015748032
0
LINE
8
BLACK
6
CONTINUOUS
10
5.3172711023622048
20
-3.9549774015748032
11
5.317212125984252
21
-3.9549262598425194
0
LINE
8
BLACK
6
CONTINUOUS
10
5.317212125984252
20
-3.9549262598425194
11
5.3171561417322835
21
-3.9548372834645669
0
LINE
8
BLACK
6
CONTINUOUS
10
5.3171561417322835
20
-3.9548372834645669
11
5.3170896850393703
21
-3.9547563385826772
0
LINE
8
BLACK
6
CONTINUOUS
10
5.3170896850393703
20
-3.9547563385826772
11
5.3170598425196847
21
-3.95468437007874
0
LINE
8
BLACK
6
CONTINUOUS
10
5.3170598425196847
20
-3.95468437007874
11
5.3169037795275589
21
-3.9544363779527556
0
LINE
8
BLACK
6
CONTINUOUS
10
5.3169037795275589
20
-3.9544363779527556
11
5.3150290157480313
21
-3.9506868503937005
0
LINE
8
BLACK
6
CONTINUOUS
10
5.3150290157480313
20
-3.9506868503937005
11
5.3148221259842519
21
-3.9501462204724409
0
LINE
8
BLACK
6
CONTINUOUS
10
5.3148221259842519
20
-3.9501462204724409
11
5.3148146062992128
21
-3.9500403937007875
0
LINE
8
BLACK
6
CONTINUOUS
10
5.3148146062992128
20
-3.9500403937007875
11
5.3147740157480312
21
-3.9499424015748033
0
LINE
8
BLACK
6
CONTINUOUS
10
5.3147740157480312
20
-3.9499424015748033
11
5.3147172834645664
21
-3.9493663385826769
0
LINE
8
BLACK
6
CONTINUOUS
10
5.3147172834645664
20
-3.9493663385826769
11
5.3147172834645664
21
-3.9343682283464565
0
LINE
8
BLACK
6
CONTINUOUS
10
5.3147172834645664
20
-3.9343682283464565
11
5.3147740157480312
21
-3.9337921653543306
0
LINE
8
BLACK
6
CONTINUOUS
10
5.3147740157480312
20
-3.9337921653543306
11
5.3152149212598427
21
-3.9327277559055118
0
LINE
8
BLACK
6
CONTINUOUS
10
5.3152149212598427
20
-3.9327277559055118
11
5.3160295669291333
21
-3.9319131102362204
0
LINE
8
BLACK
6
CONTINUOUS
10
5.3160295669291333
20
-3.9319131102362204
11
5.3170939763779526
21
-3.9314722047244093
0
LINE
8
BLACK
6
CONTINUOUS
10
5.3170939763779526
20
-3.9314722047244093
11
5.3176700393700784
21
-3.9314154724409449
0
LINE
8
BLACK
6
CONTINUOUS
10
5.3176700393700784
20
-3.9314154724409449
11
5.3570401181102358
21
-3.9314154724409449
0
LINE
8
BLACK
6
CONTINUOUS
10
5.3570401181102358
20
-3.9314154724409449
11
5.3576161811023617
21
-3.9314722047244093
0
LINE
8
BLACK
6
CONTINUOUS
10
5.3206227952755905
20
-3.9486692913385828
11
5.3219715354330708
21
-3.951366771653543
0
LINE
8
BLACK
6
CONTINUOUS
10
5.3219715354330708
20
-3.951366771653543
11
5.3231686614173226
21
-3.9525638976377953
0
LINE
8
BLACK
6
CONTINUOUS
10
5.3231686614173226
20
-3.9525638976377953
11
5.3258661417322832
21
-3.9539126377952756
0
LINE
8
BLACK
6
CONTINUOUS
10
5.3258661417322832
20
-3.9539126377952756
11
5.3300963385826767
21
-3.9539126377952756
0
LINE
8
BLACK
6
CONTINUOUS
10
5.3300963385826767
20
-3.9539126377952756
11
5.3327938188976374
21
-3.9525638976377953
0
LINE
8
BLACK
6
CONTINUOUS
10
5.3327938188976374
20
-3.9525638976377953
11
5.3339909448818901
21
-3.951366771653543
0
LINE
8
BLACK
6
CONTINUOUS
10
5.3339909448818901
20
-3.951366771653543
11
5.3353396850393704
21
-3.9486692913385828
0
LINE
8
BLACK
6
CONTINUOUS
10
5.3353396850393704
20
-3.9486692913385828
11
5.3353396850393704
21
-3.9373209842519685
0
LINE
8
BLACK
6
CONTINUOUS
10
5.3353396850393704
20
-3.9373209842519685
11
5.3206227952755905
21
-3.9373209842519685
0
LINE
8
BLACK
6
CONTINUOUS
10
5.3206227952755905
20
-3.9373209842519685
11
5.3206227952755905
21
-3.9486692913385828
0
LINE
8
BLACK
6
CONTINUOUS
10
5.6489422834645664
20
-3.8053466929133859
11
5.6500076377952757
21
-3.8064120472440943
0
LINE
8
BLACK
6
CONTINUOUS
10
5.6500076377952757
20
-3.8064120472440943
11
5.6501574803149603
21
-3.8071653543307087
0
LINE
8
BLACK
6
CONTINUOUS
10
5.6501574803149603
20
-3.8071653543307087
11
5.6501574803149603
21
-3.9134645669291337
0
LINE
8
BLACK
6
CONTINUOUS
10
5.6501574803149603
20
-3.9134645669291337
11
5.6500076377952757
21
-3.9142178740157481
0
LINE
8
BLACK
6
CONTINUOUS
10
5.6500076377952757
20
-3.9142178740157481
11
5.6495809448818894
21
-3.9148564960629919
0
LINE
8
BLACK
6
CONTINUOUS
10
5.6495809448818894
20
-3.9148564960629919
11
5.6102108267716533
21
-3.9542265748031493
0
LINE
8
BLACK
6
CONTINUOUS
10
5.6102108267716533
20
-3.9542265748031493
11
5.609572204724409
21
-3.9546533070866139
0
LINE
8
BLACK
6
CONTINUOUS
10
5.609572204724409
20
-3.9546533070866139
11
5.6088188976377955
21
-3.954803149606299
0
LINE
8
BLACK
6
CONTINUOUS
10
5.6088188976377955
20
-3.954803149606299
11
5.3844094488188974
21
-3.954803149606299
0
LINE
8
BLACK
6
CONTINUOUS
10
5.3844094488188974
20
-3.954803149606299
11
5.383656141732283
21
-3.9546533070866139
0
LINE
8
BLACK
6
CONTINUOUS
10
5.383656141732283
20
-3.9546533070866139
11
5.3825907874015746
21
-3.9535879527559055
0
LINE
8
BLACK
6
CONTINUOUS
10
5.3825907874015746
20
-3.9535879527559055
11
5.38244094488189
21
-3.9528346456692911
0
LINE
8
BLACK
6
CONTINUOUS
10
5.38244094488189
20
-3.9528346456692911
11
5.38244094488189
21
-3.8071653543307087
0
LINE
8
BLACK
6
CONTINUOUS
10
5.38244094488189
20
-3.8071653543307087
11
5.3825907874015746
21
-3.8064120472440943
0
LINE
8
BLACK
6
CONTINUOUS
10
5.3825907874015746
20
-3.8064120472440943
11
5.383656141732283
21
-3.8053466929133859
0
LINE
8
BLACK
6
CONTINUOUS
10
5.383656141732283
20
-3.8053466929133859
11
5.3844094488188974
21
-3.8051968503937008
0
LINE
8
BLACK
6
CONTINUOUS
10
5.3844094488188974
20
-3.8051968503937008
11
5.6481889763779529
21
-3.8051968503937008
0
LINE
8
BLACK
6
CONTINUOUS
10
5.6481889763779529
20
-3.8051968503937008
11
5.6489422834645664
21
-3.8053466929133859
0
LINE
8
BLACK
6
CONTINUOUS
10
5.3863779527559057
20
-3.8091338582677166
11
5.3863779527559057
21
-3.9508661417322832
0
LINE
8
BLACK
6
CONTINUOUS
10
5.3863779527559057
20
-3.9508661417322832
11
5.6080035433070865
21
-3.9508661417322832
0
LINE
8
BLACK
6
CONTINUOUS
10
5.6080035433070865
20
-3.9508661417322832
11
5.6462204724409446
21
-3.9126491732283464
0
LINE
8
BLACK
6
CONTINUOUS
10
5.6462204724409446
20
-3.9126491732283464
11
5.6462204724409446
21
-3.8091338582677166
0
LINE
8
BLACK
6
CONTINUOUS
10
5.6462204724409446
20
-3.8091338582677166
11
5.3863779527559057
21
-3.8091338582677166
0
LINE
8
BLACK
6
CONTINUOUS
10
4.9031167322834648
20
-3.9253773228346458
11
4.9032147244094491
21
-3.9254179133858265
0
LINE
8
BLACK
6
CONTINUOUS
10
4.9032147244094491
20
-3.9254179133858265
11
4.9033205511811024
21
-3.925425433070866
0
LINE
8
BLACK
6
CONTINUOUS
10
4.9033205511811024
20
-3.925425433070866
11
4.9038611811023625
21
-3.9256323228346455
0
LINE
8
BLACK
6
CONTINUOUS
10
4.9038611811023625
20
-3.9256323228346455
11
4.9076107086614176
21
-3.927507086614173
0
LINE
8
BLACK
6
CONTINUOUS
10
4.9076107086614176
20
-3.927507086614173
11
4.9078587007874015
21
-3.9276631496062993
0
LINE
8
BLACK
6
CONTINUOUS
10
4.9078587007874015
20
-3.9276631496062993
11
4.9079306692913383
21
-3.927692992125984
0
LINE
8
BLACK
6
CONTINUOUS
10
4.9079306692913383
20
-3.927692992125984
11
4.908011614173228
21
-3.9277594488188976
0
LINE
8
BLACK
6
CONTINUOUS
10
4.908011614173228
20
-3.9277594488188976
11
4.9081005905511814
21
-3.9278154330708661
0
LINE
8
BLACK
6
CONTINUOUS
10
4.9081005905511814
20
-3.9278154330708661
11
4.9081517322834642
21
-3.9278744094488189
0
LINE
8
BLACK
6
CONTINUOUS
10
4.9081517322834642
20
-3.9278744094488189
11
4.9083781102362201
21
-3.9280601968503936
0
LINE
8
BLACK
6
CONTINUOUS
10
4.9083781102362201
20
-3.9280601968503936
11
4.9102528740157476
21
-3.9299349606299212
0
LINE
8
BLACK
6
CONTINUOUS
10
4.9102528740157476
20
-3.9299349606299212
11
4.910438622047244
21
-3.9301612992125983
0
LINE
8
BLACK
6
CONTINUOUS
10
4.910438622047244
20
-3.9301612992125983
11
4.9104976377952756
21
-3.9302124803149607
0
LINE
8
BLACK
6
CONTINUOUS
10
4.9104976377952756
20
-3.9302124803149607
11
4.9105535826771654
21
-3.9303014173228346
0
LINE
8
BLACK
6
CONTINUOUS
10
4.9105535826771654
20
-3.9303014173228346
11
4.9106200787401573
21
-3.930382401574803
0
LINE
8
BLACK
6
CONTINUOUS
10
4.9106200787401573
20
-3.930382401574803
11
4.9106498818897633
21
-3.9304543307086615
0
LINE
8
BLACK
6
CONTINUOUS
10
4.9106498818897633
20
-3.9304543307086615
11
4.9108059842519687
21
-3.9307023622047241
0
LINE
8
BLACK
6
CONTINUOUS
10
4.9108059842519687
20
-3.9307023622047241
11
4.9126807480314962
21
-3.9344518897637792
0
LINE
8
BLACK
6
CONTINUOUS
10
4.9126807480314962
20
-3.9344518897637792
11
4.9126968503937007
21
-3.9344939763779525
0
LINE
8
BLACK
6
CONTINUOUS
10
4.9126968503937007
20
-3.9344939763779525
11
4.9127095669291334
21
-3.9345111417322833
0
LINE
8
BLACK
6
CONTINUOUS
10
4.9127095669291334
20
-3.9345111417322833
11
4.9127958661417326
21
-3.9347527165354328
0
LINE
8
BLACK
6
CONTINUOUS
10
4.9127958661417326
20
-3.9347527165354328
11
4.9128876377952757
21
-3.9349924803149605
0
LINE
8
BLACK
6
CONTINUOUS
10
4.9128876377952757
20
-3.9349924803149605
11
4.9128891338582674
21
-3.9350137401574803
0
LINE
8
BLACK
6
CONTINUOUS
10
4.9128891338582674
20
-3.9350137401574803
11
4.9129043307086615
21
-3.9350562598425194
0
LINE
8
BLACK
6
CONTINUOUS
10
4.9129043307086615
20
-3.9350562598425194
11
4.9147004724409449
21
-3.9422409055118108
0
LINE
8
BLACK
6
CONTINUOUS
10
4.9147004724409449
20
-3.9422409055118108
11
4.9162159842519682
21
-3.9452718897637795
0
LINE
8
BLACK
6
CONTINUOUS
10
4.9162159842519682
20
-3.9452718897637795
11
4.91741311023622
21
-3.9464690157480313
0
LINE
8
BLACK
6
CONTINUOUS
10
4.91741311023622
20
-3.9464690157480313
11
4.9201105905511806
21
-3.9478177559055116
0
LINE
8
BLACK
6
CONTINUOUS
10
4.9201105905511806
20
-3.9478177559055116
11
4.9224660236220474
21
-3.9478177559055116
0
LINE
8
BLACK
6
CONTINUOUS
10
4.9224660236220474
20
-3.9478177559055116
11
4.9251635039370081
21
-3.9464689763779526
0
LINE
8
BLACK
6
CONTINUOUS
10
4.9251635039370081
20
-3.9464689763779526
11
4.9263606692913386
21
-3.9452718503937008
0
LINE
8
BLACK
6
CONTINUOUS
10
4.9263606692913386
20
-3.9452718503937008
11
4.927709409448819
21
-3.9425744094488189
0
LINE
8
BLACK
6
CONTINUOUS
10
4.927709409448819
20
-3.9425744094488189
11
4.927709409448819
21
-3.9343767716535432
0
LINE
8
BLACK
6
CONTINUOUS
10
4.927709409448819
20
-3.9343767716535432
11
4.9259861811023624
21
-3.9292070866141731
0
LINE
8
BLACK
6
CONTINUOUS
10
4.9259861811023624
20
-3.9292070866141731
11
4.9258578346456696
21
-3.9286426377952757
0
LINE
8
BLACK
6
CONTINUOUS
10
4.9258578346456696
20
-3.9286426377952757
11
4.9259395275590547
21
-3.9274934251968503
0
LINE
8
BLACK
6
CONTINUOUS
10
4.9259395275590547
20
-3.9274934251968503
11
4.9264547244094485
21
-3.9264629921259844
0
LINE
8
BLACK
6
CONTINUOUS
10
4.9264547244094485
20
-3.9264629921259844
11
4.9273250787401572
21
-3.9257081102362203
0
LINE
8
BLACK
6
CONTINUOUS
10
4.9273250787401572
20
-3.9257081102362203
11
4.9284181102362208
21
-3.9253437795275588
0
LINE
8
BLACK
6
CONTINUOUS
10
4.9284181102362208
20
-3.9253437795275588
11
4.9295673228346457
21
-3.9254254724409448
0
LINE
8
BLACK
6
CONTINUOUS
10
4.9295673228346457
20
-3.9254254724409448
11
4.9305977559055121
21
-3.9259406692913386
0
LINE
8
BLACK
6
CONTINUOUS
10
4.9305977559055121
20
-3.9259406692913386
11
4.9313526377952757
21
-3.9268110236220473
0
LINE
8
BLACK
6
CONTINUOUS
10
4.9313526377952757
20
-3.9268110236220473
11
4.9315886220472436
21
-3.9273396062992125
0
LINE
8
BLACK
6
CONTINUOUS
10
4.9315886220472436
20
-3.9273396062992125
11
4.9334633858267711
21
-3.9329638582677164
0
LINE
8
BLACK
6
CONTINUOUS
10
4.9334633858267711
20
-3.9329638582677164
11
4.9335283070866138
21
-3.9332494881889764
0
LINE
8
BLACK
6
CONTINUOUS
10
4.9335283070866138
20
-3.9332494881889764
11
4.9335581889763782
21
-3.9333215748031494
0
LINE
8
BLACK
6
CONTINUOUS
10
4.9335581889763782
20
-3.9333215748031494
11
4.9335684645669291
21
-3.9334260236220473
0
LINE
8
BLACK
6
CONTINUOUS
10
4.9335684645669291
20
-3.9334260236220473
11
4.9335917322834648
21
-3.9335283070866143
0
LINE
8
BLACK
6
CONTINUOUS
10
4.9335917322834648
20
-3.9335283070866143
11
4.9335861811023625
21
-3.9336060236220471
0
LINE
8
BLACK
6
CONTINUOUS
10
4.9335861811023625
20
-3.9336060236220471
11
4.9336149212598421
21
-3.9338976377952757
0
LINE
8
BLACK
6
CONTINUOUS
10
4.9336149212598421
20
-3.9338976377952757
11
4.9336149212598421
21
-3.9432714566929135
0
LINE
8
BLACK
6
CONTINUOUS
10
4.9336149212598421
20
-3.9432714566929135
11
4.9335581889763782
21
-3.9438475196850393
0
LINE
8
BLACK
6
CONTINUOUS
10
4.9335581889763782
20
-3.9438475196850393
11
4.9335175984251967
21
-3.9439454724409448
0
LINE
8
BLACK
6
CONTINUOUS
10
4.9335175984251967
20
-3.9439454724409448
11
4.9335100787401576
21
-3.9440513779527557
0
LINE
8
BLACK
6
CONTINUOUS
10
4.9335100787401576
20
-3.9440513779527557
11
4.9333031889763781
21
-3.944591968503937
0
LINE
8
BLACK
6
CONTINUOUS
10
4.9333031889763781
20
-3.944591968503937
11
4.9314284251968505
21
-3.9483414960629921
0
LINE
8
BLACK
6
CONTINUOUS
10
4.9314284251968505
20
-3.9483414960629921
11
4.9312723228346451
21
-3.9485894881889765
0
LINE
8
BLACK
6
CONTINUOUS
10
4.9312723228346451
20
-3.9485894881889765
11
4.9312425196850391
21
-3.9486614566929132
0
LINE
8
BLACK
6
CONTINUOUS
10
4.9312425196850391
20
-3.9486614566929132
11
4.931176062992126
21
-3.9487424015748029
0
LINE
8
BLACK
6
CONTINUOUS
10
4.931176062992126
20
-3.9487424015748029
11
4.9311200787401575
21
-3.948831377952756
0
LINE
8
BLACK
6
CONTINUOUS
10
4.9311200787401575
20
-3.948831377952756
11
4.9310610236220471
21
-3.948882559055118
0
LINE
8
BLACK
6
CONTINUOUS
10
4.9310610236220471
20
-3.948882559055118
11
4.9308752755905507
21
-3.9491089370078738
0
LINE
8
BLACK
6
CONTINUOUS
10
4.9308752755905507
20
-3.9491089370078738
11
4.9290004724409444
21
-3.9509837007874014
0
LINE
8
BLACK
6
CONTINUOUS
10
4.9290004724409444
20
-3.9509837007874014
11
4.9287741338582673
21
-3.951169409448819
0
LINE
8
BLACK
6
CONTINUOUS
10
4.9287741338582673
20
-3.951169409448819
11
4.9287229921259845
21
-3.9512284251968501
0
LINE
8
BLACK
6
CONTINUOUS
10
4.9287229921259845
20
-3.9512284251968501
11
4.9286340551181098
21
-3.9512843700787399
0
LINE
8
BLACK
6
CONTINUOUS
10
4.9286340551181098
20
-3.9512843700787399
11
4.9285530314960626
21
-3.951350905511811
0
LINE
8
BLACK
6
CONTINUOUS
10
4.9285530314960626
20
-3.951350905511811
11
4.9284809842519683
21
-3.9513807086614174
0
LINE
8
BLACK
6
CONTINUOUS
10
4.9284809842519683
20
-3.9513807086614174
11
4.9282331102362207
21
-3.9515367716535432
0
LINE
8
BLACK
6
CONTINUOUS
10
4.9282331102362207
20
-3.9515367716535432
11
4.9244835826771656
21
-3.9534115354330708
0
LINE
8
BLACK
6
CONTINUOUS
10
4.9244835826771656
20
-3.9534115354330708
11
4.9239429527559055
21
-3.9536184251968503
0
LINE
8
BLACK
6
CONTINUOUS
10
4.9239429527559055
20
-3.9536184251968503
11
4.9238371259842522
21
-3.953625905511811
0
LINE
8
BLACK
6
CONTINUOUS
10
4.9238371259842522
20
-3.953625905511811
11
4.9237391338582679
21
-3.9536665354330709
0
LINE
8
BLACK
6
CONTINUOUS
10
4.9237391338582679
20
-3.9536665354330709
11
4.923163070866142
21
-3.9537232677165353
0
LINE
8
BLACK
6
CONTINUOUS
10
4.923163070866142
20
-3.9537232677165353
11
4.9194135433070869
21
-3.9537232677165353
0
LINE
8
BLACK
6
CONTINUOUS
10
4.9194135433070869
20
-3.9537232677165353
11
4.9188374803149602
21
-3.9536665354330709
0
LINE
8
BLACK
6
CONTINUOUS
10
4.9188374803149602
20
-3.9536665354330709
11
4.9187394881889759
21
-3.9536259448818898
0
LINE
8
BLACK
6
CONTINUOUS
10
4.9187394881889759
20
-3.9536259448818898
11
4.9186336220472437
21
-3.9536184251968503
0
LINE
8
BLACK
6
CONTINUOUS
10
4.9186336220472437
20
-3.9536184251968503
11
4.9180930314960625
21
-3.9534115354330708
0
LINE
8
BLACK
6
CONTINUOUS
10
4.9180930314960625
20
-3.9534115354330708
11
4.9143435039370074
21
-3.9515367716535432
0
LINE
8
BLACK
6
CONTINUOUS
10
4.9143435039370074
20
-3.9515367716535432
11
4.9140954724409447
21
-3.9513806692913387
0
LINE
8
BLACK
6
CONTINUOUS
10
4.9140954724409447
20
-3.9513806692913387
11
4.9140235433070867
21
-3.9513508661417323
0
LINE
8
BLACK
6
CONTINUOUS
10
4.9140235433070867
20
-3.9513508661417323
11
4.9139425590551182
21
-3.9512843700787399
0
LINE
8
BLACK
6
CONTINUOUS
10
4.9139425590551182
20
-3.9512843700787399
11
4.9138536220472444
21
-3.9512284251968501
0
LINE
8
BLACK
6
CONTINUOUS
10
4.9138536220472444
20
-3.9512284251968501
11
4.9138024409448819
21
-3.951169409448819
0
LINE
8
BLACK
6
CONTINUOUS
10
4.9138024409448819
20
-3.951169409448819
11
4.9135761023622049
21
-3.9509836614173226
0
LINE
8
BLACK
6
CONTINUOUS
10
4.9135761023622049
20
-3.9509836614173226
11
4.9117013385826773
21
-3.949108897637795
0
LINE
8
BLACK
6
CONTINUOUS
10
4.9117013385826773
20
-3.949108897637795
11
4.9115155511811022
21
-3.9488825196850392
0
LINE
8
BLACK
6
CONTINUOUS
10
4.9115155511811022
20
-3.9488825196850392
11
4.9114565748031493
21
-3.948831377952756
0
LINE
8
BLACK
6
CONTINUOUS
10
4.9114565748031493
20
-3.948831377952756
11
4.9114005905511808
21
-3.9487424015748029
0
LINE
8
BLACK
6
CONTINUOUS
10
4.9114005905511808
20
-3.9487424015748029
11
4.9113341338582677
21
-3.9486614566929132
0
LINE
8
BLACK
6
CONTINUOUS
10
4.9113341338582677
20
-3.9486614566929132
11
4.9113042913385829
21
-3.9485894881889765
0
LINE
8
BLACK
6
CONTINUOUS
10
4.9113042913385829
20
-3.9485894881889765
11
4.9111482283464563
21
-3.9483414960629921
0
LINE
8
BLACK
6
CONTINUOUS
10
4.9111482283464563
20
-3.9483414960629921
11
4.9092734645669287
21
-3.944591968503937
0
LINE
8
BLACK
6
CONTINUOUS
10
4.9092734645669287
20
-3.944591968503937
11
4.9092573228346454
21
-3.944549842519685
0
LINE
8
BLACK
6
CONTINUOUS
10
4.9092573228346454
20
-3.944549842519685
11
4.9092446456692915
21
-3.9445327165354329
0
LINE
8
BLACK
6
CONTINUOUS
10
4.9092446456692915
20
-3.9445327165354329
11
4.9091581889763782
21
-3.9442907480314959
0
LINE
8
BLACK
6
CONTINUOUS
10
4.9091581889763782
20
-3.9442907480314959
11
4.9090665748031492
21
-3.944051338582677
0
LINE
8
BLACK
6
CONTINUOUS
10
4.9090665748031492
20
-3.944051338582677
11
4.9090650393700788
21
-3.9440300787401572
0
LINE
8
BLACK
6
CONTINUOUS
10
4.9090650393700788
20
-3.9440300787401572
11
4.9090498818897634
21
-3.9439875984251969
0
LINE
8
BLACK
6
CONTINUOUS
10
4.9090498818897634
20
-3.9439875984251969
11
4.9072537007874013
21
-3.9368029527559054
0
LINE
8
BLACK
6
CONTINUOUS
10
4.9072537007874013
20
-3.9368029527559054
11
4.9057382283464568
21
-3.9337719685039367
0
LINE
8
BLACK
6
CONTINUOUS
10
4.9057382283464568
20
-3.9337719685039367
11
4.904541102362205
21
-3.9325748425196849
0
LINE
8
BLACK
6
CONTINUOUS
10
4.904541102362205
20
-3.9325748425196849
11
4.9018436220472443
21
-3.9312261023622046
0
LINE
8
BLACK
6
CONTINUOUS
10
4.9018436220472443
20
-3.9312261023622046
11
4.8994881889763775
21
-3.9312261023622046
0
LINE
8
BLACK
6
CONTINUOUS
10
4.8994881889763775
20
-3.9312261023622046
11
4.8967907086614169
21
-3.9325748425196849
0
LINE
8
BLACK
6
CONTINUOUS
10
4.8967907086614169
20
-3.9325748425196849
11
4.895593582677165
21
-3.9337719685039367
0
LINE
8
BLACK
6
CONTINUOUS
10
4.895593582677165
20
-3.9337719685039367
11
4.8942448425196847
21
-3.9364694488188974
0
LINE
8
BLACK
6
CONTINUOUS
10
4.8942448425196847
20
-3.9364694488188974
11
4.8942448425196847
21
-3.9446670472440943
0
LINE
8
BLACK
6
CONTINUOUS
10
4.8942448425196847
20
-3.9446670472440943
11
4.8959680708661413
21
-3.9498367322834644
0
LINE
8
BLACK
6
CONTINUOUS
10
4.8959680708661413
20
-3.9498367322834644
11
4.896096417322835
21
-3.9504011811023623
0
LINE
8
BLACK
6
CONTINUOUS
10
4.896096417322835
20
-3.9504011811023623
11
4.896014724409449
21
-3.9515503937007872
0
LINE
8
BLACK
6
CONTINUOUS
10
4.896014724409449
20
-3.9515503937007872
11
4.8954995275590552
21
-3.9525808661417323
0
LINE
8
BLACK
6
CONTINUOUS
10
4.8954995275590552
20
-3.9525808661417323
11
4.8946291338582677
21
-3.9533357480314959
0
LINE
8
BLACK
6
CONTINUOUS
10
4.8946291338582677
20
-3.9533357480314959
11
4.8935361417322838
21
-3.9537000787401575
0
LINE
8
BLACK
6
CONTINUOUS
10
4.8935361417322838
20
-3.9537000787401575
11
4.892386929133858
21
-3.9536183858267715
0
LINE
8
BLACK
6
CONTINUOUS
10
4.892386929133858
20
-3.9536183858267715
11
4.8913564960629916
21
-3.9531031496062989
0
LINE
8
BLACK
6
CONTINUOUS
10
4.8913564960629916
20
-3.9531031496062989
11
4.890601614173228
21
-3.9522327952755907
0
LINE
8
BLACK
6
CONTINUOUS
10
4.890601614173228
20
-3.9522327952755907
11
4.8903656299212601
21
-3.9517042519685037
0
LINE
8
BLACK
6
CONTINUOUS
10
4.8903656299212601
20
-3.9517042519685037
11
4.8884908661417326
21
-3.9460799606299211
0
LINE
8
BLACK
6
CONTINUOUS
10
4.8884908661417326
20
-3.9460799606299211
11
4.8884259055118111
21
-3.9457943700787399
0
LINE
8
BLACK
6
CONTINUOUS
10
4.8884259055118111
20
-3.9457943700787399
11
4.8883960629921255
21
-3.9457222834645669
0
LINE
8
BLACK
6
CONTINUOUS
10
4.8883960629921255
20
-3.9457222834645669
11
4.8883857480314958
21
-3.9456177559055119
0
LINE
8
BLACK
6
CONTINUOUS
10
4.8883857480314958
20
-3.9456177559055119
11
4.8883625196850389
21
-3.9455155118110237
0
LINE
8
BLACK
6
CONTINUOUS
10
4.8883625196850389
20
-3.9455155118110237
11
4.8883680314960625
21
-3.9454377559055116
0
LINE
8
BLACK
6
CONTINUOUS
10
4.8883680314960625
20
-3.9454377559055116
11
4.8883393307086616
21
-3.945146220472441
0
LINE
8
BLACK
6
CONTINUOUS
10
4.8883393307086616
20
-3.945146220472441
11
4.8883393307086616
21
-3.9357724015748032
0
LINE
8
BLACK
6
CONTINUOUS
10
4.8883393307086616
20
-3.9357724015748032
11
4.8883960629921255
21
-3.9351963385826769
0
LINE
8
BLACK
6
CONTINUOUS
10
4.8883960629921255
20
-3.9351963385826769
11
4.888436653543307
21
-3.9350983070866139
0
LINE
8
BLACK
6
CONTINUOUS
10
4.888436653543307
20
-3.9350983070866139
11
4.8884441732283461
21
-3.9349925196850393
0
LINE
8
BLACK
6
CONTINUOUS
10
4.8884441732283461
20
-3.9349925196850393
11
4.8886510629921256
21
-3.9344518897637792
0
LINE
8
BLACK
6
CONTINUOUS
10
4.8886510629921256
20
-3.9344518897637792
11
4.8905258267716532
21
-3.9307023622047241
0
LINE
8
BLACK
6
CONTINUOUS
10
4.8905258267716532
20
-3.9307023622047241
11
4.8906818897637798
21
-3.9304543307086615
0
LINE
8
BLACK
6
CONTINUOUS
10
4.8906818897637798
20
-3.9304543307086615
11
4.8907117322834646
21
-3.930382401574803
0
LINE
8
BLACK
6
CONTINUOUS
10
4.8907117322834646
20
-3.930382401574803
11
4.8907781889763777
21
-3.9303014173228346
0
LINE
8
BLACK
6
CONTINUOUS
10
4.8907781889763777
20
-3.9303014173228346
11
4.8908341732283462
21
-3.9302124803149607
0
LINE
8
BLACK
6
CONTINUOUS
10
4.8908341732283462
20
-3.9302124803149607
11
4.8908931496062991
21
-3.9301612992125983
0
LINE
8
BLACK
6
CONTINUOUS
10
4.8908931496062991
20
-3.9301612992125983
11
4.8910789370078742
21
-3.9299349606299212
0
LINE
8
BLACK
6
CONTINUOUS
10
4.8910789370078742
20
-3.9299349606299212
11
4.8929537007874018
21
-3.9280601968503936
0
LINE
8
BLACK
6
CONTINUOUS
10
4.8929537007874018
20
-3.9280601968503936
11
4.8931800393700788
21
-3.9278744094488189
0
LINE
8
BLACK
6
CONTINUOUS
10
4.8931800393700788
20
-3.9278744094488189
11
4.8932312204724404
21
-3.9278154330708661
0
LINE
8
BLACK
6
CONTINUOUS
10
4.8932312204724404
20
-3.9278154330708661
11
4.8933201574803151
21
-3.9277594488188976
0
LINE
8
BLACK
6
CONTINUOUS
10
4.8933201574803151
20
-3.9277594488188976
11
4.8934011417322836
21
-3.927692992125984
0
LINE
8
BLACK
6
CONTINUOUS
10
4.8934011417322836
20
-3.927692992125984
11
4.8934730708661416
21
-3.9276631496062993
0
LINE
8
BLACK
6
CONTINUOUS
10
4.8934730708661416
20
-3.9276631496062993
11
4.8937211023622043
21
-3.927507086614173
0
LINE
8
BLACK
6
CONTINUOUS
10
4.8937211023622043
20
-3.927507086614173
11
4.8974706299212594
21
-3.9256323228346455
0
LINE
8
BLACK
6
CONTINUOUS
10
4.8974706299212594
20
-3.9256323228346455
11
4.8980112204724406
21
-3.925425433070866
0
LINE
8
BLACK
6
CONTINUOUS
10
4.8980112204724406
20
-3.925425433070866
11
4.8981170866141728
21
-3.9254178740157482
0
LINE
8
BLACK
6
CONTINUOUS
10
4.8981170866141728
20
-3.9254178740157482
11
4.898215078740157
21
-3.9253773228346458
0
LINE
8
BLACK
6
CONTINUOUS
10
4.898215078740157
20
-3.9253773228346458
11
4.8987911417322829
21
-3.925320590551181
0
LINE
8
BLACK
6
CONTINUOUS
10
4.8987911417322829
20
-3.925320590551181
11
4.9025406692913389
21
-3.925320590551181
0
LINE
8
BLACK
6
CONTINUOUS
10
4.9025406692913389
20
-3.925320590551181
11
4.9031167322834648
21
-3.9253773228346458
0
LINE
8
BLACK
6
CONTINUOUS
10
6.0028005511811022
20
-3.8829451181102361
11
6.0038659055118107
21
-3.884010472440945
0
LINE
8
BLACK
6
CONTINUOUS
10
6.0038659055118107
20
-3.884010472440945
11
6.0040157480314962
21
-3.8847637795275589
0
LINE
8
BLACK
6
CONTINUOUS
10
6.0040157480314962
20
-3.8847637795275589
11
6.0040157480314962
21
-3.9477559055118108
0
LINE
8
BLACK
6
CONTINUOUS
10
6.0040157480314962
20
-3.9477559055118108
11
6.0038659055118107
21
-3.9485092125984251
0
LINE
8
BLACK
6
CONTINUOUS
10
6.0038659055118107
20
-3.9485092125984251
11
6.0028005511811022
21
-3.9495745669291336
0
LINE
8
BLACK
6
CONTINUOUS
10
6.0028005511811022
20
-3.9495745669291336
11
6.0020472440944879
21
-3.9497244094488186
0
LINE
8
BLACK
6
CONTINUOUS
10
6.0020472440944879
20
-3.9497244094488186
11
5.9705511811023619
21
-3.9497244094488186
0
LINE
8
BLACK
6
CONTINUOUS
10
5.9705511811023619
20
-3.9497244094488186
11
5.9697978740157476
21
-3.9495745669291336
0
LINE
8
BLACK
6
CONTINUOUS
10
5.9697978740157476
20
-3.9495745669291336
11
5.9687325196850392
21
-3.9485092125984251
0
LINE
8
BLACK
6
CONTINUOUS
10
5.9687325196850392
20
-3.9485092125984251
11
5.9685826771653545
21
-3.9477559055118108
0
LINE
8
BLACK
6
CONTINUOUS
10
5.9685826771653545
20
-3.9477559055118108
11
5.9685826771653545
21
-3.8847637795275589
0
LINE
8
BLACK
6
CONTINUOUS
10
5.9685826771653545
20
-3.8847637795275589
11
5.9687325196850392
21
-3.884010472440945
0
LINE
8
BLACK
6
CONTINUOUS
10
5.9687325196850392
20
-3.884010472440945
11
5.9697978740157476
21
-3.8829451181102361
0
LINE
8
BLACK
6
CONTINUOUS
10
5.9697978740157476
20
-3.8829451181102361
11
5.9705511811023619
21
-3.882795275590551
0
LINE
8
BLACK
6
CONTINUOUS
10
5.9705511811023619
20
-3.882795275590551
11
6.0020472440944879
21
-3.882795275590551
0
LINE
8
BLACK
6
CONTINUOUS
10
6.0020472440944879
20
-3.882795275590551
11
6.0028005511811022
21
-3.8829451181102361
0
LINE
8
BLACK
6
CONTINUOUS
10
5.9725196850393703
20
-3.8867322834645668
11
5.9725196850393703
21
-3.9457874015748029
0
LINE
8
BLACK
6
CONTINUOUS
10
5.9725196850393703
20
-3.9457874015748029
11
6.0000787401574804
21
-3.9457874015748029
0
LINE
8
BLACK
6
CONTINUOUS
10
6.0000787401574804
20
-3.9457874015748029
11
6.0000787401574804
21
-3.8867322834645668
0
LINE
8
BLACK
6
CONTINUOUS
10
6.0000787401574804
20
-3.8867322834645668
11
5.9725196850393703
21
-3.8867322834645668
0
LINE
8
BLACK
6
CONTINUOUS
10
5.3035485826771653
20
-3.887689212598425
11
5.3046139370078738
21
-3.8887545669291339
0
LINE
8
BLACK
6
CONTINUOUS
10
5.3046139370078738
20
-3.8887545669291339
11
5.3047637795275593
21
-3.8895078740157478
0
LINE
8
BLACK
6
CONTINUOUS
10
5.3047637795275593
20
-3.8895078740157478
11
5.3047637795275593
21
-3.9219881889763779
0
LINE
8
BLACK
6
CONTINUOUS
10
5.3047637795275593
20
-3.9219881889763779
11
5.3046139370078738
21
-3.9227414960629918
0
LINE
8
BLACK
6
CONTINUOUS
10
5.3046139370078738
20
-3.9227414960629918
11
5.3035485826771653
21
-3.9238068503937007
0
LINE
8
BLACK
6
CONTINUOUS
10
5.3035485826771653
20
-3.9238068503937007
11
5.302795275590551
21
-3.9239566929133858
0
LINE
8
BLACK
6
CONTINUOUS
10
5.302795275590551
20
-3.9239566929133858
11
5.2398031496062991
21
-3.9239566929133858
0
LINE
8
BLACK
6
CONTINUOUS
10
5.2398031496062991
20
-3.9239566929133858
11
5.2390498425196848
21
-3.9238068503937007
0
LINE
8
BLACK
6
CONTINUOUS
10
5.2390498425196848
20
-3.9238068503937007
11
5.2379844881889763
21
-3.9227414960629918
0
LINE
8
BLACK
6
CONTINUOUS
10
5.2379844881889763
20
-3.9227414960629918
11
5.2378346456692908
21
-3.9219881889763779
0
LINE
8
BLACK
6
CONTINUOUS
10
5.2378346456692908
20
-3.9219881889763779
11
5.2378346456692908
21
-3.8895078740157478
0
LINE
8
BLACK
6
CONTINUOUS
10
5.2378346456692908
20
-3.8895078740157478
11
5.2379844881889763
21
-3.8887545669291339
0
LINE
8
BLACK
6
CONTINUOUS
10
5.2379844881889763
20
-3.8887545669291339
11
5.2390498425196848
21
-3.887689212598425
0
LINE
8
BLACK
6
CONTINUOUS
10
5.2390498425196848
20
-3.887689212598425
11
5.2398031496062991
21
-3.88753937007874
0
LINE
8
BLACK
6
CONTINUOUS
10
5.2398031496062991
20
-3.88753937007874
11
5.302795275590551
21
-3.88753937007874
0
LINE
8
BLACK
6
CONTINUOUS
10
5.302795275590551
20
-3.88753937007874
11
5.3035485826771653
21
-3.887689212598425
0
LINE
8
BLACK
6
CONTINUOUS
10
5.2417716535433065
20
-3.8914763779527557
11
5.2417716535433065
21
-3.92001968503937
0
LINE
8
BLACK
6
CONTINUOUS
10
5.2417716535433065
20
-3.92001968503937
11
5.3008267716535435
21
-3.92001968503937
0
LINE
8
BLACK
6
CONTINUOUS
10
5.3008267716535435
20
-3.92001968503937
11
5.3008267716535435
21
-3.8914763779527557
0
LINE
8
BLACK
6
CONTINUOUS
10
5.3008267716535435
20
-3.8914763779527557
11
5.2417716535433065
21
-3.8914763779527557
0
LINE
8
BLACK
6
CONTINUOUS
10
6.4606745669291339
20
-3.8363899999999997
11
6.4617399212598423
21
-3.8374553543307086
0
LINE
8
BLACK
6
CONTINUOUS
10
6.4617399212598423
20
-3.8374553543307086
11
6.4618897637795278
21
-3.8382086614173225
0
LINE
8
BLACK
6
CONTINUOUS
10
6.4618897637795278
20
-3.8382086614173225
11
6.4618897637795278
21
-3.9169488188976378
0
LINE
8
BLACK
6
CONTINUOUS
10
6.4618897637795278
20
-3.9169488188976378
11
6.4617399212598423
21
-3.9177021259842517
0
LINE
8
BLACK
6
CONTINUOUS
10
6.4617399212598423
20
-3.9177021259842517
11
6.4606745669291339
21
-3.9187674803149606
0
LINE
8
BLACK
6
CONTINUOUS
10
6.4606745669291339
20
-3.9187674803149606
11
6.4599212598425195
21
-3.9189173228346457
0
LINE
8
BLACK
6
CONTINUOUS
10
6.4599212598425195
20
-3.9189173228346457
11
6.4126771653543306
21
-3.9189173228346457
0
LINE
8
BLACK
6
CONTINUOUS
10
6.4126771653543306
20
-3.9189173228346457
11
6.4119238582677163
21
-3.9187674803149606
0
LINE
8
BLACK
6
CONTINUOUS
10
6.4119238582677163
20
-3.9187674803149606
11
6.4108585039370078
21
-3.9177021259842517
0
LINE
8
BLACK
6
CONTINUOUS
10
6.4108585039370078
20
-3.9177021259842517
11
6.4107086614173223
21
-3.9169488188976378
0
LINE
8
BLACK
6
CONTINUOUS
10
6.4107086614173223
20
-3.9169488188976378
11
6.4107086614173223
21
-3.8382086614173225
0
LINE
8
BLACK
6
CONTINUOUS
10
6.4107086614173223
20
-3.8382086614173225
11
6.4108585039370078
21
-3.8374553543307086
0
LINE
8
BLACK
6
CONTINUOUS
10
6.4108585039370078
20
-3.8374553543307086
11
6.4119238582677163
21
-3.8363899999999997
0
LINE
8
BLACK
6
CONTINUOUS
10
6.4119238582677163
20
-3.8363899999999997
11
6.4126771653543306
21
-3.8362401574803147
0
LINE
8
BLACK
6
CONTINUOUS
10
6.4126771653543306
20
-3.8362401574803147
11
6.4599212598425195
21
-3.8362401574803147
0
LINE
8
BLACK
6
CONTINUOUS
10
6.4599212598425195
20
-3.8362401574803147
11
6.4606745669291339
21
-3.8363899999999997
0
LINE
8
BLACK
6
CONTINUOUS
10
6.4146456692913381
20
-3.8401771653543304
11
6.4146456692913381
21
-3.9149803149606299
0
LINE
8
BLACK
6
CONTINUOUS
10
6.4146456692913381
20
-3.9149803149606299
11
6.4579527559055121
21
-3.9149803149606299
0
LINE
8
BLACK
6
CONTINUOUS
10
6.4579527559055121
20
-3.9149803149606299
11
6.4579527559055121
21
-3.8401771653543304
0
LINE
8
BLACK
6
CONTINUOUS
10
6.4579527559055121
20
-3.8401771653543304
11
6.4146456692913381
21
-3.8401771653543304
0
LINE
8
BLACK
6
CONTINUOUS
10
5.3576161811023617
20
-3.8864778346456692
11
5.358680590551181
21
-3.8869187401574803
0
LINE
8
BLACK
6
CONTINUOUS
10
5.358680590551181
20
-3.8869187401574803
11
5.3594952362204724
21
-3.8877333858267717
0
LINE
8
BLACK
6
CONTINUOUS
10
5.3594952362204724
20
-3.8877333858267717
11
5.3599361417322831
21
-3.8887977952755906
0
LINE
8
BLACK
6
CONTINUOUS
10
5.3599361417322831
20
-3.8887977952755906
11
5.3599361417322831
21
-3.8899499212598423
0
LINE
8
BLACK
6
CONTINUOUS
10
5.3599361417322831
20
-3.8899499212598423
11
5.3594952362204724
21
-3.8910143307086615
0
LINE
8
BLACK
6
CONTINUOUS
10
5.3594952362204724
20
-3.8910143307086615
11
5.358680590551181
21
-3.8918289763779526
0
LINE
8
BLACK
6
CONTINUOUS
10
5.358680590551181
20
-3.8918289763779526
11
5.3576161811023617
21
-3.8922698818897636
0
LINE
8
BLACK
6
CONTINUOUS
10
5.3576161811023617
20
-3.8922698818897636
11
5.3570401181102358
21
-3.8923266141732284
0
LINE
8
BLACK
6
CONTINUOUS
10
5.3570401181102358
20
-3.8923266141732284
11
5.3309798031496065
21
-3.8923266141732284
0
LINE
8
BLACK
6
CONTINUOUS
10
5.3309798031496065
20
-3.8923266141732284
11
5.3470401968503936
21
-3.8998214566929135
0
LINE
8
BLACK
6
CONTINUOUS
10
5.3470401968503936
20
-3.8998214566929135
11
5.3472511811023624
21
-3.8999464173228344
0
LINE
8
BLACK
6
CONTINUOUS
10
5.3472511811023624
20
-3.8999464173228344
11
5.3473225590551179
21
-3.8999724015748032
0
LINE
8
BLACK
6
CONTINUOUS
10
5.3473225590551179
20
-3.8999724015748032
11
5.3473730314960628
21
-3.9000186220472441
0
LINE
8
BLACK
6
CONTINUOUS
10
5.3473730314960628
20
-3.9000186220472441
11
5.3475382283464565
21
-3.9001164960629922
0
LINE
8
BLACK
6
CONTINUOUS
10
5.3475382283464565
20
-3.9001164960629922
11
5.3478412598425198
21
-3.900447401574803
0
LINE
8
BLACK
6
CONTINUOUS
10
5.3478412598425198
20
-3.900447401574803
11
5.3481722440944877
21
-3.9007505118110237
0
LINE
8
BLACK
6
CONTINUOUS
10
5.3481722440944877
20
-3.9007505118110237
11
5.3482277165354333
21
-3.900869409448819
0
LINE
8
BLACK
6
CONTINUOUS
10
5.3482277165354333
20
-3.900869409448819
11
5.3483162992125983
21
-3.9009661417322832
0
LINE
8
BLACK
6
CONTINUOUS
10
5.3483162992125983
20
-3.9009661417322832
11
5.3484696062992123
21
-3.9013877559055117
0
LINE
8
BLACK
6
CONTINUOUS
10
5.3484696062992123
20
-3.9013877559055117
11
5.3486594488188972
21
-3.9017945275590549
0
LINE
8
BLACK
6
CONTINUOUS
10
5.3486594488188972
20
-3.9017945275590549
11
5.3486651968503933
21
-3.9019255511811024
0
LINE
8
BLACK
6
CONTINUOUS
10
5.3486651968503933
20
-3.9019255511811024
11
5.3487100393700784
21
-3.9020488582677166
0
LINE
8
BLACK
6
CONTINUOUS
10
5.3487100393700784
20
-3.9020488582677166
11
5.3486903149606295
21
-3.9024972047244093
0
LINE
8
BLACK
6
CONTINUOUS
10
5.3486903149606295
20
-3.9024972047244093
11
5.3487100393700784
21
-3.9029455511811024
0
LINE
8
BLACK
6
CONTINUOUS
10
5.3487100393700784
20
-3.9029455511811024
11
5.3486651968503933
21
-3.9030688188976379
0
LINE
8
BLACK
6
CONTINUOUS
10
5.3486651968503933
20
-3.9030688188976379
11
5.3486594488188972
21
-3.9031998818897637
0
LINE
8
BLACK
6
CONTINUOUS
10
5.3486594488188972
20
-3.9031998818897637
11
5.3484696062992123
21
-3.9036066141732282
0
LINE
8
BLACK
6
CONTINUOUS
10
5.3484696062992123
20
-3.9036066141732282
11
5.3483162992125983
21
-3.9040282677165354
0
LINE
8
BLACK
6
CONTINUOUS
10
5.3483162992125983
20
-3.9040282677165354
11
5.3482277165354333
21
-3.9041249606299213
0
LINE
8
BLACK
6
CONTINUOUS
10
5.3482277165354333
20
-3.9041249606299213
11
5.3481722440944877
21
-3.9042438976377953
0
LINE
8
BLACK
6
CONTINUOUS
10
5.3481722440944877
20
-3.9042438976377953
11
5.3478412598425198
21
-3.9045469685039369
0
LINE
8
BLACK
6
CONTINUOUS
10
5.3478412598425198
20
-3.9045469685039369
11
5.3475382283464565
21
-3.9048779133858269
0
LINE
8
BLACK
6
CONTINUOUS
10
5.3475382283464565
20
-3.9048779133858269
11
5.3473730314960628
21
-3.9049757480314962
0
LINE
8
BLACK
6
CONTINUOUS
10
5.3473730314960628
20
-3.9049757480314962
11
5.3473225590551179
21
-3.9050220078740159
0
LINE
8
BLACK
6
CONTINUOUS
10
5.3473225590551179
20
-3.9050220078740159
11
5.3472511811023624
21
-3.9050479527559054
0
LINE
8
BLACK
6
CONTINUOUS
10
5.3472511811023624
20
-3.9050479527559054
11
5.3470401968503936
21
-3.9051729527559056
0
LINE
8
BLACK
6
CONTINUOUS
10
5.3470401968503936
20
-3.9051729527559056
11
5.3309798031496065
21
-3.9126677952755906
0
LINE
8
BLACK
6
CONTINUOUS
10
5.3309798031496065
20
-3.9126677952755906
11
5.3570401181102358
21
-3.9126677952755906
0
LINE
8
BLACK
6
CONTINUOUS
10
5.3570401181102358
20
-3.9126677952755906
11
5.3576161811023617
21
-3.912724527559055
0
LINE
8
BLACK
6
CONTINUOUS
10
5.3576161811023617
20
-3.912724527559055
11
5.358680590551181
21
-3.9131654330708661
0
LINE
8
BLACK
6
CONTINUOUS
10
5.358680590551181
20
-3.9131654330708661
11
5.3594952362204724
21
-3.9139800787401575
0
LINE
8
BLACK
6
CONTINUOUS
10
5.3594952362204724
20
-3.9139800787401575
11
5.3599361417322831
21
-3.9150444881889763
0
LINE
8
BLACK
6
CONTINUOUS
10
5.3599361417322831
20
-3.9150444881889763
11
5.3599361417322831
21
-3.9161966141732281
0
LINE
8
BLACK
6
CONTINUOUS
10
5.3599361417322831
20
-3.9161966141732281
11
5.3594952362204724
21
-3.9172610236220473
0
LINE
8
BLACK
6
CONTINUOUS
10
5.3594952362204724
20
-3.9172610236220473
11
5.358680590551181
21
-3.9180756692913383
0
LINE
8
BLACK
6
CONTINUOUS
10
5.358680590551181
20
-3.9180756692913383
11
5.3576161811023617
21
-3.9185165748031494
0
LINE
8
BLACK
6
CONTINUOUS
10
5.3576161811023617
20
-3.9185165748031494
11
5.3570401181102358
21
-3.9185733070866142
0
LINE
8
BLACK
6
CONTINUOUS
10
5.3570401181102358
20
-3.9185733070866142
11
5.3176700393700784
21
-3.9185733070866142
0
LINE
8
BLACK
6
CONTINUOUS
10
5.3176700393700784
20
-3.9185733070866142
11
5.3172912204724412
21
-3.9185359842519683
0
LINE
8
BLACK
6
CONTINUOUS
10
5.3172912204724412
20
-3.9185359842519683
11
5.3172216929133853
21
-3.9185390551181101
0
LINE
8
BLACK
6
CONTINUOUS
10
5.3172216929133853
20
-3.9185390551181101
11
5.3171843307086615
21
-3.9185254724409448
0
LINE
8
BLACK
6
CONTINUOUS
10
5.3171843307086615
20
-3.9185254724409448
11
5.3170939763779526
21
-3.9185165748031494
0
LINE
8
BLACK
6
CONTINUOUS
10
5.3170939763779526
20
-3.9185165748031494
11
5.3166204724409445
21
-3.9183204330708659
0
LINE
8
BLACK
6
CONTINUOUS
10
5.3166204724409445
20
-3.9183204330708659
11
5.3161389763779523
21
-3.9181453543307088
0
LINE
8
BLACK
6
CONTINUOUS
10
5.3161389763779523
20
-3.9181453543307088
11
5.3160903937007875
21
-3.918100866141732
0
LINE
8
BLACK
6
CONTINUOUS
10
5.3160903937007875
20
-3.918100866141732
11
5.3160295669291333
21
-3.9180756692913383
0
LINE
8
BLACK
6
CONTINUOUS
10
5.3160295669291333
20
-3.9180756692913383
11
5.3156671259842518
21
-3.9177132283464564
0
LINE
8
BLACK
6
CONTINUOUS
10
5.3156671259842518
20
-3.9177132283464564
11
5.3152893307086613
21
-3.9173672440944882
0
LINE
8
BLACK
6
CONTINUOUS
10
5.3152893307086613
20
-3.9173672440944882
11
5.3152614566929133
21
-3.9173075590551178
0
LINE
8
BLACK
6
CONTINUOUS
10
5.3152614566929133
20
-3.9173075590551178
11
5.3152149212598427
21
-3.9172610236220473
0
LINE
8
BLACK
6
CONTINUOUS
10
5.3152149212598427
20
-3.9172610236220473
11
5.3150188582677167
21
-3.916787716535433
0
LINE
8
BLACK
6
CONTINUOUS
10
5.3150188582677167
20
-3.916787716535433
11
5.314802086614173
21
-3.9163232283464566
0
LINE
8
BLACK
6
CONTINUOUS
10
5.314802086614173
20
-3.9163232283464566
11
5.3147991732283462
21
-3.9162574015748031
0
LINE
8
BLACK
6
CONTINUOUS
10
5.3147991732283462
20
-3.9162574015748031
11
5.3147740157480312
21
-3.9161966141732281
0
LINE
8
BLACK
6
CONTINUOUS
10
5.3147740157480312
20
-3.9161966141732281
11
5.3147740157480312
21
-3.9156840551181102
0
LINE
8
BLACK
6
CONTINUOUS
10
5.3147740157480312
20
-3.9156840551181102
11
5.3147515354330706
21
-3.9151722047244095
0
LINE
8
BLACK
6
CONTINUOUS
10
5.3147515354330706
20
-3.9151722047244095
11
5.3147740157480312
21
-3.9151103543307086
0
LINE
8
BLACK
6
CONTINUOUS
10
5.3147740157480312
20
-3.9151103543307086
11
5.3147740157480312
21
-3.9150444881889763
0
LINE
8
BLACK
6
CONTINUOUS
10
5.3147740157480312
20
-3.9150444881889763
11
5.314970118110236
21
-3.9145709842519683
0
LINE
8
BLACK
6
CONTINUOUS
10
5.314970118110236
20
-3.9145709842519683
11
5.3151452362204727
21
-3.9140894881889765
0
LINE
8
BLACK
6
CONTINUOUS
10
5.3151452362204727
20
-3.9140894881889765
11
5.3151896850393703
21
-3.9140409055118108
0
LINE
8
BLACK
6
CONTINUOUS
10
5.3151896850393703
20
-3.9140409055118108
11
5.3152149212598427
21
-3.9139800787401575
0
LINE
8
BLACK
6
CONTINUOUS
10
5.3152149212598427
20
-3.9139800787401575
11
5.3155773228346455
21
-3.9136176377952756
0
LINE
8
BLACK
6
CONTINUOUS
10
5.3155773228346455
20
-3.9136176377952756
11
5.3159233464566924
21
-3.913239842519685
0
LINE
8
BLACK
6
CONTINUOUS
10
5.3159233464566924
20
-3.913239842519685
11
5.3160013779527562
21
-3.9131935826771653
0
LINE
8
BLACK
6
CONTINUOUS
10
5.3160013779527562
20
-3.9131935826771653
11
5.3160295669291333
21
-3.9131654330708661
0
LINE
8
BLACK
6
CONTINUOUS
10
5.3160295669291333
20
-3.9131654330708661
11
5.3160939763779522
21
-3.9131387007874014
0
LINE
8
BLACK
6
CONTINUOUS
10
5.3160939763779522
20
-3.9131387007874014
11
5.3164213779527554
21
-3.9129448031496064
0
LINE
8
BLACK
6
CONTINUOUS
10
5.3164213779527554
20
-3.9129448031496064
11
5.3388090551181104
21
-3.9024972047244093
0
LINE
8
BLACK
6
CONTINUOUS
10
5.3388090551181104
20
-3.9024972047244093
11
5.3164213779527554
21
-3.8920496062992127
0
LINE
8
BLACK
6
CONTINUOUS
10
5.3164213779527554
20
-3.8920496062992127
11
5.3160939763779522
21
-3.8918556692913384
0
LINE
8
BLACK
6
CONTINUOUS
10
5.3160939763779522
20
-3.8918556692913384
11
5.3160295669291333
21
-3.8918289763779526
0
LINE
8
BLACK
6
CONTINUOUS
10
5.3160295669291333
20
-3.8918289763779526
11
5.3160013779527562
21
-3.8918007874015745
0
LINE
8
BLACK
6
CONTINUOUS
10
5.3160013779527562
20
-3.8918007874015745
11
5.3159233464566924
21
-3.8917545669291336
0
LINE
8
BLACK
6
CONTINUOUS
10
5.3159233464566924
20
-3.8917545669291336
11
5.3155773228346455
21
-3.8913767322834643
0
LINE
8
BLACK
6
CONTINUOUS
10
5.3155773228346455
20
-3.8913767322834643
11
5.3152149212598427
21
-3.8910143307086615
0
LINE
8
BLACK
6
CONTINUOUS
10
5.3152149212598427
20
-3.8910143307086615
11
5.3151896850393703
21
-3.890953464566929
0
LINE
8
BLACK
6
CONTINUOUS
10
5.3151896850393703
20
-3.890953464566929
11
5.3151452362204727
21
-3.8909049212598426
0
LINE
8
BLACK
6
CONTINUOUS
10
5.3151452362204727
20
-3.8909049212598426
11
5.314970118110236
21
-3.8904233858267716
0
LINE
8
BLACK
6
CONTINUOUS
10
5.314970118110236
20
-3.8904233858267716
11
5.3147740157480312
21
-3.8899499212598423
0
LINE
8
BLACK
6
CONTINUOUS
10
5.3147740157480312
20
-3.8899499212598423
11
5.3147740157480312
21
-3.8898840157480312
0
LINE
8
BLACK
6
CONTINUOUS
10
5.3147740157480312
20
-3.8898840157480312
11
5.3147515354330706
21
-3.8898222047244095
0
LINE
8
BLACK
6
CONTINUOUS
10
5.3147515354330706
20
-3.8898222047244095
11
5.3147740157480312
21
-3.8893103149606296
0
LINE
8
BLACK
6
CONTINUOUS
10
5.3147740157480312
20
-3.8893103149606296
11
5.3147740157480312
21
-3.8887977952755906
0
LINE
8
BLACK
6
CONTINUOUS
10
5.3147740157480312
20
-3.8887977952755906
11
5.3147991732283462
21
-3.8887369685039368
0
LINE
8
BLACK
6
CONTINUOUS
10
5.3147991732283462
20
-3.8887369685039368
11
5.314802086614173
21
-3.888671181102362
0
LINE
8
BLACK
6
CONTINUOUS
10
5.314802086614173
20
-3.888671181102362
11
5.3150188582677167
21
-3.8882066535433069
0
LINE
8
BLACK
6
CONTINUOUS
10
5.3150188582677167
20
-3.8882066535433069
11
5.3152149212598427
21
-3.8877333858267717
0
LINE
8
BLACK
6
CONTINUOUS
10
5.3152149212598427
20
-3.8877333858267717
11
5.3152614566929133
21
-3.887686811023622
0
LINE
8
BLACK
6
CONTINUOUS
10
5.3152614566929133
20
-3.887686811023622
11
5.3152893307086613
21
-3.8876271653543308
0
LINE
8
BLACK
6
CONTINUOUS
10
5.3152893307086613
20
-3.8876271653543308
11
5.3156671259842518
21
-3.8872811417322835
0
LINE
8
BLACK
6
CONTINUOUS
10
5.3156671259842518
20
-3.8872811417322835
11
5.3160295669291333
21
-3.8869187401574803
0
LINE
8
BLACK
6
CONTINUOUS
10
5.3160295669291333
20
-3.8869187401574803
11
5.3160903937007875
21
-3.8868935039370078
0
LINE
8
BLACK
6
CONTINUOUS
10
5.3160903937007875
20
-3.8868935039370078
11
5.3161389763779523
21
-3.8868490551181103
0
LINE
8
BLACK
6
CONTINUOUS
10
5.3161389763779523
20
-3.8868490551181103
11
5.3166204724409445
21
-3.886673937007874
0
LINE
8
BLACK
6
CONTINUOUS
10
5.3166204724409445
20
-3.886673937007874
11
5.3170939763779526
21
-3.8864778346456692
0
LINE
8
BLACK
6
CONTINUOUS
10
5.3170939763779526
20
-3.8864778346456692
11
5.3171843307086615
21
-3.886468897637795
0
LINE
8
BLACK
6
CONTINUOUS
10
5.3171843307086615
20
-3.886468897637795
11
5.3172216929133853
21
-3.8864553543307085
0
LINE
8
BLACK
6
CONTINUOUS
10
5.3172216929133853
20
-3.8864553543307085
11
5.3172912204724412
21
-3.8864583858267716
0
LINE
8
BLACK
6
CONTINUOUS
10
5.3172912204724412
20
-3.8864583858267716
11
5.3176700393700784
21
-3.8864211023622048
0
LINE
8
BLACK
6
CONTINUOUS
10
5.3176700393700784
20
-3.8864211023622048
11
5.3570401181102358
21
-3.8864211023622048
0
LINE
8
BLACK
6
CONTINUOUS
10
5.3570401181102358
20
-3.8864211023622048
11
5.3576161811023617
21
-3.8864778346456692
0
LINE
8
BLACK
6
CONTINUOUS
10
4.9312382283464569
20
-3.8860072440944879
11
4.9323026377952752
21
-3.886448149606299
0
LINE
8
BLACK
6
CONTINUOUS
10
4.9323026377952752
20
-3.886448149606299
11
4.9331172834645667
21
-3.8872627952755905
0
LINE
8
BLACK
6
CONTINUOUS
10
4.9331172834645667
20
-3.8872627952755905
11
4.9335581889763782
21
-3.8883272047244093
0
LINE
8
BLACK
6
CONTINUOUS
10
4.9335581889763782
20
-3.8883272047244093
11
4.9335581889763782
21
-3.8894793307086615
0
LINE
8
BLACK
6
CONTINUOUS
10
4.9335581889763782
20
-3.8894793307086615
11
4.9331172834645667
21
-3.8905437401574803
0
LINE
8
BLACK
6
CONTINUOUS
10
4.9331172834645667
20
-3.8905437401574803
11
4.9323026377952752
21
-3.8913583858267717
0
LINE
8
BLACK
6
CONTINUOUS
10
4.9323026377952752
20
-3.8913583858267717
11
4.9312382283464569
21
-3.8917992913385824
0
LINE
8
BLACK
6
CONTINUOUS
10
4.9312382283464569
20
-3.8917992913385824
11
4.930662165354331
21
-3.8918560236220472
0
LINE
8
BLACK
6
CONTINUOUS
10
4.930662165354331
20
-3.8918560236220472
11
4.9129924803149603
21
-3.8918560236220472
0
LINE
8
BLACK
6
CONTINUOUS
10
4.9129924803149603
20
-3.8918560236220472
11
4.9129924803149603
21
-3.9084476771653542
0
LINE
8
BLACK
6
CONTINUOUS
10
4.9129924803149603
20
-3.9084476771653542
11
4.930662165354331
21
-3.9084476771653542
0
LINE
8
BLACK
6
CONTINUOUS
10
4.930662165354331
20
-3.9084476771653542
11
4.9312382283464569
21
-3.9085044094488186
0
LINE
8
BLACK
6
CONTINUOUS
10
4.9312382283464569
20
-3.9085044094488186
11
4.9323026377952752
21
-3.9089453149606297
0
LINE
8
BLACK
6
CONTINUOUS
10
4.9323026377952752
20
-3.9089453149606297
11
4.9331172834645667
21
-3.9097599606299211
0
LINE
8
BLACK
6
CONTINUOUS
10
4.9331172834645667
20
-3.9097599606299211
11
4.9335581889763782
21
-3.91082437007874
0
LINE
8
BLACK
6
CONTINUOUS
10
4.9335581889763782
20
-3.91082437007874
11
4.9335581889763782
21
-3.9119764960629921
0
LINE
8
BLACK
6
CONTINUOUS
10
4.9335581889763782
20
-3.9119764960629921
11
4.9331172834645667
21
-3.9130409055118109
0
LINE
8
BLACK
6
CONTINUOUS
10
4.9331172834645667
20
-3.9130409055118109
11
4.9323026377952752
21
-3.9138555511811024
0
LINE
8
BLACK
6
CONTINUOUS
10
4.9323026377952752
20
-3.9138555511811024
11
4.9312382283464569
21
-3.9142964566929135
0
LINE
8
BLACK
6
CONTINUOUS
10
4.9312382283464569
20
-3.9142964566929135
11
4.930662165354331
21
-3.9143531889763779
0
LINE
8
BLACK
6
CONTINUOUS
10
4.930662165354331
20
-3.9143531889763779
11
4.8912920866141727
21
-3.9143531889763779
0
LINE
8
BLACK
6
CONTINUOUS
10
4.8912920866141727
20
-3.9143531889763779
11
4.8907160236220468
21
-3.9142964566929135
0
LINE
8
BLACK
6
CONTINUOUS
10
4.8907160236220468
20
-3.9142964566929135
11
4.8896516141732285
21
-3.9138555511811024
0
LINE
8
BLACK
6
CONTINUOUS
10
4.8896516141732285
20
-3.9138555511811024
11
4.888836968503937
21
-3.9130409055118109
0
LINE
8
BLACK
6
CONTINUOUS
10
4.888836968503937
20
-3.9130409055118109
11
4.8883960629921255
21
-3.9119764960629921
0
LINE
8
BLACK
6
CONTINUOUS
10
4.8883960629921255
20
-3.9119764960629921
11
4.8883960629921255
21
-3.91082437007874
0
LINE
8
BLACK
6
CONTINUOUS
10
4.8883960629921255
20
-3.91082437007874
11
4.888836968503937
21
-3.9097599606299211
0
LINE
8
BLACK
6
CONTINUOUS
10
4.888836968503937
20
-3.9097599606299211
11
4.8896516141732285
21
-3.9089453149606297
0
LINE
8
BLACK
6
CONTINUOUS
10
4.8896516141732285
20
-3.9089453149606297
11
4.8907160236220468
21
-3.9085044094488186
0
LINE
8
BLACK
6
CONTINUOUS
10
4.8907160236220468
20
-3.9085044094488186
11
4.8912920866141727
21
-3.9084476771653542
0
LINE
8
BLACK
6
CONTINUOUS
10
4.8912920866141727
20
-3.9084476771653542
11
4.9070869685039371
21
-3.9084476771653542
0
LINE
8
BLACK
6
CONTINUOUS
10
4.9070869685039371
20
-3.9084476771653542
11
4.9070869685039371
21
-3.8918560236220472
0
LINE
8
BLACK
6
CONTINUOUS
10
4.9070869685039371
20
-3.8918560236220472
11
4.8912920866141727
21
-3.8918560236220472
0
LINE
8
BLACK
6
CONTINUOUS
10
4.8912920866141727
20
-3.8918560236220472
11
4.8907160236220468
21
-3.8917992913385824
0
LINE
8
BLACK
6
CONTINUOUS
10
4.8907160236220468
20
-3.8917992913385824
11
4.8896516141732285
21
-3.8913583858267717
0
LINE
8
BLACK
6
CONTINUOUS
10
4.8896516141732285
20
-3.8913583858267717
11
4.888836968503937
21
-3.8905437401574803
0
LINE
8
BLACK
6
CONTINUOUS
10
4.888836968503937
20
-3.8905437401574803
11
4.8883960629921255
21
-3.8894793307086615
0
LINE
8
BLACK
6
CONTINUOUS
10
4.8883960629921255
20
-3.8894793307086615
11
4.8883960629921255
21
-3.8883272047244093
0
LINE
8
BLACK
6
CONTINUOUS
10
4.8883960629921255
20
-3.8883272047244093
11
4.888836968503937
21
-3.8872627952755905
0
LINE
8
BLACK
6
CONTINUOUS
10
4.888836968503937
20
-3.8872627952755905
11
4.8896516141732285
21
-3.886448149606299
0
LINE
8
BLACK
6
CONTINUOUS
10
4.8896516141732285
20
-3.886448149606299
11
4.8907160236220468
21
-3.8860072440944879
0
LINE
8
BLACK
6
CONTINUOUS
10
4.8907160236220468
20
-3.8860072440944879
11
4.8912920866141727
21
-3.8859505118110236
0
LINE
8
BLACK
6
CONTINUOUS
10
4.8912920866141727
20
-3.8859505118110236
11
4.930662165354331
21
-3.8859505118110236
0
LINE
8
BLACK
6
CONTINUOUS
10
4.930662165354331
20
-3.8859505118110236
11
4.9312382283464569
21
-3.8860072440944879
0
LINE
8
BLACK
6
CONTINUOUS
10
6.1395918897637793
20
-3.8603073228346454
11
6.1406572440944878
21
-3.8613726771653543
0
LINE
8
BLACK
6
CONTINUOUS
10
6.1406572440944878
20
-3.8613726771653543
11
6.1408070866141733
21
-3.8621259842519686
0
LINE
8
BLACK
6
CONTINUOUS
10
6.1408070866141733
20
-3.8621259842519686
11
6.1408070866141733
21
-3.9093700787401575
0
LINE
8
BLACK
6
CONTINUOUS
10
6.1408070866141733
20
-3.9093700787401575
11
6.1406572440944878
21
-3.9101233858267714
0
LINE
8
BLACK
6
CONTINUOUS
10
6.1406572440944878
20
-3.9101233858267714
11
6.1395918897637793
21
-3.9111887401574803
0
LINE
8
BLACK
6
CONTINUOUS
10
6.1395918897637793
20
-3.9111887401574803
11
6.138838582677165
21
-3.9113385826771654
0
LINE
8
BLACK
6
CONTINUOUS
10
6.138838582677165
20
-3.9113385826771654
11
6.0600984251968502
21
-3.9113385826771654
0
LINE
8
BLACK
6
CONTINUOUS
10
6.0600984251968502
20
-3.9113385826771654
11
6.0593451181102358
21
-3.9111887401574803
0
LINE
8
BLACK
6
CONTINUOUS
10
6.0593451181102358
20
-3.9111887401574803
11
6.0582797637795274
21
-3.9101233858267714
0
LINE
8
BLACK
6
CONTINUOUS
10
6.0582797637795274
20
-3.9101233858267714
11
6.0581299212598427
21
-3.9093700787401575
0
LINE
8
BLACK
6
CONTINUOUS
10
6.0581299212598427
20
-3.9093700787401575
11
6.0581299212598427
21
-3.8621259842519686
0
LINE
8
BLACK
6
CONTINUOUS
10
6.0581299212598427
20
-3.8621259842519686
11
6.0582797637795274
21
-3.8613726771653543
0
LINE
8
BLACK
6
CONTINUOUS
10
6.0582797637795274
20
-3.8613726771653543
11
6.0593451181102358
21
-3.8603073228346454
0
LINE
8
BLACK
6
CONTINUOUS
10
6.0593451181102358
20
-3.8603073228346454
11
6.0600984251968502
21
-3.8601574803149608
0
LINE
8
BLACK
6
CONTINUOUS
10
6.0600984251968502
20
-3.8601574803149608
11
6.138838582677165
21
-3.8601574803149608
0
LINE
8
BLACK
6
CONTINUOUS
10
6.138838582677165
20
-3.8601574803149608
11
6.1395918897637793
21
-3.8603073228346454
0
LINE
8
BLACK
6
CONTINUOUS
10
6.0620669291338585
20
-3.8640944881889765
11
6.0620669291338585
21
-3.9074015748031496
0
LINE
8
BLACK
6
CONTINUOUS
10
6.0620669291338585
20
-3.9074015748031496
11
6.1368700787401576
21
-3.9074015748031496
0
LINE
8
BLACK
6
CONTINUOUS
10
6.1368700787401576
20
-3.9074015748031496
11
6.1368700787401576
21
-3.8640944881889765
0
LINE
8
BLACK
6
CONTINUOUS
10
6.1368700787401576
20
-3.8640944881889765
11
6.0620669291338585
21
-3.8640944881889765
0
LINE
8
BLACK
6
CONTINUOUS
10
6.2830367716535429
20
-3.8681813385826769
11
6.2841021259842522
21
-3.8692466929133857
0
LINE
8
BLACK
6
CONTINUOUS
10
6.2841021259842522
20
-3.8692466929133857
11
6.2842519685039369
21
-3.8700000000000001
0
LINE
8
BLACK
6
CONTINUOUS
10
6.2842519685039369
20
-3.8700000000000001
11
6.2842519685039369
21
-3.901496062992126
0
LINE
8
BLACK
6
CONTINUOUS
10
6.2842519685039369
20
-3.901496062992126
11
6.2841021259842522
21
-3.90224937007874
0
LINE
8
BLACK
6
CONTINUOUS
10
6.2841021259842522
20
-3.90224937007874
11
6.2830367716535429
21
-3.9033147244094488
0
LINE
8
BLACK
6
CONTINUOUS
10
6.2830367716535429
20
-3.9033147244094488
11
6.2822834645669294
21
-3.9034645669291339
0
LINE
8
BLACK
6
CONTINUOUS
10
6.2822834645669294
20
-3.9034645669291339
11
6.2192913385826767
21
-3.9034645669291339
0
LINE
8
BLACK
6
CONTINUOUS
10
6.2192913385826767
20
-3.9034645669291339
11
6.2185380314960632
21
-3.9033147244094488
0
LINE
8
BLACK
6
CONTINUOUS
10
6.2185380314960632
20
-3.9033147244094488
11
6.2174726771653539
21
-3.90224937007874
0
LINE
8
BLACK
6
CONTINUOUS
10
6.2174726771653539
20
-3.90224937007874
11
6.2173228346456693
21
-3.901496062992126
0
LINE
8
BLACK
6
CONTINUOUS
10
6.2173228346456693
20
-3.901496062992126
11
6.2173228346456693
21
-3.8700000000000001
0
LINE
8
BLACK
6
CONTINUOUS
10
6.2173228346456693
20
-3.8700000000000001
11
6.2174726771653539
21
-3.8692466929133857
0
LINE
8
BLACK
6
CONTINUOUS
10
6.2174726771653539
20
-3.8692466929133857
11
6.2185380314960632
21
-3.8681813385826769
0
LINE
8
BLACK
6
CONTINUOUS
10
6.2185380314960632
20
-3.8681813385826769
11
6.2192913385826767
21
-3.8680314960629922
0
LINE
8
BLACK
6
CONTINUOUS
10
6.2192913385826767
20
-3.8680314960629922
11
6.2822834645669294
21
-3.8680314960629922
0
LINE
8
BLACK
6
CONTINUOUS
10
6.2822834645669294
20
-3.8680314960629922
11
6.2830367716535429
21
-3.8681813385826769
0
LINE
8
BLACK
6
CONTINUOUS
10
6.221259842519685
20
-3.871968503937008
11
6.221259842519685
21
-3.8995275590551182
0
LINE
8
BLACK
6
CONTINUOUS
10
6.221259842519685
20
-3.8995275590551182
11
6.2803149606299211
21
-3.8995275590551182
0
LINE
8
BLACK
6
CONTINUOUS
10
6.2803149606299211
20
-3.8995275590551182
11
6.2803149606299211
21
-3.871968503937008
0
LINE
8
BLACK
6
CONTINUOUS
10
6.2803149606299211
20
-3.871968503937008
11
6.221259842519685
21
-3.871968503937008
0
LINE
8
BLACK
6
CONTINUOUS
10
5.7276588188976376
20
-3.816960866141732
11
5.728724173228346
21
-3.8180262204724409
0
LINE
8
BLACK
6
CONTINUOUS
10
5.728724173228346
20
-3.8180262204724409
11
5.7288740157480316
21
-3.8187795275590548
0
LINE
8
BLACK
6
CONTINUOUS
10
5.7288740157480316
20
-3.8187795275590548
11
5.7288740157480316
21
-3.8975196850393701
0
LINE
8
BLACK
6
CONTINUOUS
10
5.7288740157480316
20
-3.8975196850393701
11
5.728724173228346
21
-3.898272992125984
0
LINE
8
BLACK
6
CONTINUOUS
10
5.728724173228346
20
-3.898272992125984
11
5.7276588188976376
21
-3.8993383464566929
0
LINE
8
BLACK
6
CONTINUOUS
10
5.7276588188976376
20
-3.8993383464566929
11
5.7269055118110233
21
-3.8994881889763779
0
LINE
8
BLACK
6
CONTINUOUS
10
5.7269055118110233
20
-3.8994881889763779
11
5.6776929133858269
21
-3.8994881889763779
0
LINE
8
BLACK
6
CONTINUOUS
10
5.6776929133858269
20
-3.8994881889763779
11
5.6769396062992126
21
-3.8993383464566929
0
LINE
8
BLACK
6
CONTINUOUS
10
5.6769396062992126
20
-3.8993383464566929
11
5.6758742519685041
21
-3.898272992125984
0
LINE
8
BLACK
6
CONTINUOUS
10
5.6758742519685041
20
-3.898272992125984
11
5.6757244094488186
21
-3.8975196850393701
0
LINE
8
BLACK
6
CONTINUOUS
10
5.6757244094488186
20
-3.8975196850393701
11
5.6757244094488186
21
-3.8187795275590548
0
LINE
8
BLACK
6
CONTINUOUS
10
5.6757244094488186
20
-3.8187795275590548
11
5.6758742519685041
21
-3.8180262204724409
0
LINE
8
BLACK
6
CONTINUOUS
10
5.6758742519685041
20
-3.8180262204724409
11
5.6769396062992126
21
-3.816960866141732
0
LINE
8
BLACK
6
CONTINUOUS
10
5.6769396062992126
20
-3.816960866141732
11
5.6776929133858269
21
-3.8168110236220469
0
LINE
8
BLACK
6
CONTINUOUS
10
5.6776929133858269
20
-3.8168110236220469
11
5.7269055118110233
21
-3.8168110236220469
0
LINE
8
BLACK
6
CONTINUOUS
10
5.7269055118110233
20
-3.8168110236220469
11
5.7276588188976376
21
-3.816960866141732
0
LINE
8
BLACK
6
CONTINUOUS
10
5.6796614173228344
20
-3.8207480314960631
11
5.6796614173228344
21
-3.8955511811023622
0
LINE
8
BLACK
6
CONTINUOUS
10
5.6796614173228344
20
-3.8955511811023622
11
5.7249370078740158
21
-3.8955511811023622
0
LINE
8
BLACK
6
CONTINUOUS
10
5.7249370078740158
20
-3.8955511811023622
11
5.7249370078740158
21
-3.8207480314960631
0
LINE
8
BLACK
6
CONTINUOUS
10
5.7249370078740158
20
-3.8207480314960631
11
5.6796614173228344
21
-3.8207480314960631
0
LINE
8
BLACK
6
CONTINUOUS
10
5.3193105118110235
20
-3.8456738976377953
11
5.320125157480315
21
-3.8464885433070863
0
LINE
8
BLACK
6
CONTINUOUS
10
5.320125157480315
20
-3.8464885433070863
11
5.3205660629921256
21
-3.8475529527559056
0
LINE
8
BLACK
6
CONTINUOUS
10
5.3205660629921256
20
-3.8475529527559056
11
5.3206227952755905
21
-3.8481290157480315
0
LINE
8
BLACK
6
CONTINUOUS
10
5.3206227952755905
20
-3.8481290157480315
11
5.3206227952755905
21
-3.8698977165354331
0
LINE
8
BLACK
6
CONTINUOUS
10
5.3206227952755905
20
-3.8698977165354331
11
5.3558769685039369
21
-3.8547888188976378
0
LINE
8
BLACK
6
CONTINUOUS
10
5.3558769685039369
20
-3.8547888188976378
11
5.3564287795275591
21
-3.8546140551181103
0
LINE
8
BLACK
6
CONTINUOUS
10
5.3564287795275591
20
-3.8546140551181103
11
5.3575808267716534
21
-3.8546
0
LINE
8
BLACK
6
CONTINUOUS
10
5.3575808267716534
20
-3.8546
11
5.3586505118110237
21
-3.855027874015748
0
LINE
8
BLACK
6
CONTINUOUS
10
5.3586505118110237
20
-3.855027874015748
11
5.3594750393700785
21
-3.8558325590551181
0
LINE
8
BLACK
6
CONTINUOUS
10
5.3594750393700785
20
-3.8558325590551181
11
5.3599288976377952
21
-3.8568915354330708
0
LINE
8
BLACK
6
CONTINUOUS
10
5.3599288976377952
20
-3.8568915354330708
11
5.3599429133858267
21
-3.8580435433070863
0
LINE
8
BLACK
6
CONTINUOUS
10
5.3599429133858267
20
-3.8580435433070863
11
5.3595150393700788
21
-3.8591132283464566
0
LINE
8
BLACK
6
CONTINUOUS
10
5.3595150393700788
20
-3.8591132283464566
11
5.3587103937007869
21
-3.8599377952755907
0
LINE
8
BLACK
6
CONTINUOUS
10
5.3587103937007869
20
-3.8599377952755907
11
5.3582032677165357
21
-3.8602168503937007
0
LINE
8
BLACK
6
CONTINUOUS
10
5.3582032677165357
20
-3.8602168503937007
11
5.3188331889763782
21
-3.8770897244094487
0
LINE
8
BLACK
6
CONTINUOUS
10
5.3188331889763782
20
-3.8770897244094487
11
5.3182813385826773
21
-3.8772644881889762
0
LINE
8
BLACK
6
CONTINUOUS
10
5.3182813385826773
20
-3.8772644881889762
11
5.3182630314960626
21
-3.8772646850393699
0
LINE
8
BLACK
6
CONTINUOUS
10
5.3182630314960626
20
-3.8772646850393699
11
5.3182461023622043
21
-3.8772717322834644
0
LINE
8
BLACK
6
CONTINUOUS
10
5.3182461023622043
20
-3.8772717322834644
11
5.3176875984251968
21
-3.8772717322834644
0
LINE
8
BLACK
6
CONTINUOUS
10
5.3176875984251968
20
-3.8772717322834644
11
5.3171293307086609
21
-3.8772785433070864
0
LINE
8
BLACK
6
CONTINUOUS
10
5.3171293307086609
20
-3.8772785433070864
11
5.317112322834646
21
-3.8772717322834644
0
LINE
8
BLACK
6
CONTINUOUS
10
5.317112322834646
20
-3.8772717322834644
11
5.3170939763779526
21
-3.8772717322834644
0
LINE
8
BLACK
6
CONTINUOUS
10
5.3170939763779526
20
-3.8772717322834644
11
5.3165786220472437
21
-3.8770582677165355
0
LINE
8
BLACK
6
CONTINUOUS
10
5.3165786220472437
20
-3.8770582677165355
11
5.3160596456692915
21
-3.8768506692913385
0
LINE
8
BLACK
6
CONTINUOUS
10
5.3160596456692915
20
-3.8768506692913385
11
5.3160464960629916
21
-3.8768378346456691
0
LINE
8
BLACK
6
CONTINUOUS
10
5.3160464960629916
20
-3.8768378346456691
11
5.3160295669291333
21
-3.8768308267716534
0
LINE
8
BLACK
6
CONTINUOUS
10
5.3160295669291333
20
-3.8768308267716534
11
5.3156350787401569
21
-3.876436338582677
0
LINE
8
BLACK
6
CONTINUOUS
10
5.3156350787401569
20
-3.876436338582677
11
5.315235078740157
21
-3.8760459842519683
0
LINE
8
BLACK
6
CONTINUOUS
10
5.315235078740157
20
-3.8760459842519683
11
5.3152278346456692
21
-3.8760290944881888
0
LINE
8
BLACK
6
CONTINUOUS
10
5.3152278346456692
20
-3.8760290944881888
11
5.3152149212598427
21
-3.8760161811023619
0
LINE
8
BLACK
6
CONTINUOUS
10
5.3152149212598427
20
-3.8760161811023619
11
5.3150012598425196
21
-3.8755003937007872
0
LINE
8
BLACK
6
CONTINUOUS
10
5.3150012598425196
20
-3.8755003937007872
11
5.3147812598425199
21
-3.8749870078740156
0
LINE
8
BLACK
6
CONTINUOUS
10
5.3147812598425199
20
-3.8749870078740156
11
5.3147810236220474
21
-3.8749687007874014
0
LINE
8
BLACK
6
CONTINUOUS
10
5.3147810236220474
20
-3.8749687007874014
11
5.3147740157480312
21
-3.8749517716535431
0
LINE
8
BLACK
6
CONTINUOUS
10
5.3147740157480312
20
-3.8749517716535431
11
5.3147172834645664
21
-3.8743757086614172
0
LINE
8
BLACK
6
CONTINUOUS
10
5.3147172834645664
20
-3.8743757086614172
11
5.3147172834645664
21
-3.8481290157480315
0
LINE
8
BLACK
6
CONTINUOUS
10
5.3147172834645664
20
-3.8481290157480315
11
5.3147740157480312
21
-3.8475529527559056
0
LINE
8
BLACK
6
CONTINUOUS
10
5.3147740157480312
20
-3.8475529527559056
11
5.3152149212598427
21
-3.8464885433070863
0
LINE
8
BLACK
6
CONTINUOUS
10
5.3152149212598427
20
-3.8464885433070863
11
5.3160295669291333
21
-3.8456738976377953
0
LINE
8
BLACK
6
CONTINUOUS
10
5.3160295669291333
20
-3.8456738976377953
11
5.3170939763779526
21
-3.8452329921259842
0
LINE
8
BLACK
6
CONTINUOUS
10
5.3170939763779526
20
-3.8452329921259842
11
5.3182461023622043
21
-3.8452329921259842
0
LINE
8
BLACK
6
CONTINUOUS
10
5.3182461023622043
20
-3.8452329921259842
11
5.3193105118110235
21
-3.8456738976377953
0
LINE
8
BLACK
6
CONTINUOUS
10
4.9138897637795278
20
-3.8447155511811024
11
4.9139327952755902
21
-3.8447091732283463
0
LINE
8
BLACK
6
CONTINUOUS
10
4.9139327952755902
20
-3.8447091732283463
11
4.9141482677165351
21
-3.8447410236220469
0
LINE
8
BLACK
6
CONTINUOUS
10
4.9141482677165351
20
-3.8447410236220469
11
4.9143653149606301
21
-3.844762401574803
0
LINE
8
BLACK
6
CONTINUOUS
10
4.9143653149606301
20
-3.844762401574803
11
4.9144055118110233
21
-3.8447790157480313
0
LINE
8
BLACK
6
CONTINUOUS
10
4.9144055118110233
20
-3.8447790157480313
11
4.9145053937007876
21
-3.8447938188976378
0
LINE
8
BLACK
6
CONTINUOUS
10
4.9145053937007876
20
-3.8447938188976378
11
4.9220044488188979
21
-3.8466685826771654
0
LINE
8
BLACK
6
CONTINUOUS
10
4.9220044488188979
20
-3.8466685826771654
11
4.9220469291338578
21
-3.8466837401574803
0
LINE
8
BLACK
6
CONTINUOUS
10
4.9220469291338578
20
-3.8466837401574803
11
4.922068188976378
21
-3.8466852755905512
0
LINE
8
BLACK
6
CONTINUOUS
10
4.922068188976378
20
-3.8466852755905512
11
4.9223075984251965
21
-3.8467768897637793
0
LINE
8
BLACK
6
CONTINUOUS
10
4.9223075984251965
20
-3.8467768897637793
11
4.9225495669291339
21
-3.846863346456693
0
LINE
8
BLACK
6
CONTINUOUS
10
4.9225495669291339
20
-3.846863346456693
11
4.922566692913386
21
-3.8468760236220469
0
LINE
8
BLACK
6
CONTINUOUS
10
4.922566692913386
20
-3.8468760236220469
11
4.922608818897638
21
-3.8468921653543307
0
LINE
8
BLACK
6
CONTINUOUS
10
4.922608818897638
20
-3.8468921653543307
11
4.9263583464566931
21
-3.8487669291338582
0
LINE
8
BLACK
6
CONTINUOUS
10
4.9263583464566931
20
-3.8487669291338582
11
4.9266062204724408
21
-3.8489229527559052
0
LINE
8
BLACK
6
CONTINUOUS
10
4.9266062204724408
20
-3.8489229527559052
11
4.9266782677165351
21
-3.8489527952755904
0
LINE
8
BLACK
6
CONTINUOUS
10
4.9266782677165351
20
-3.8489527952755904
11
4.9267592913385823
21
-3.8490192913385828
0
LINE
8
BLACK
6
CONTINUOUS
10
4.9267592913385823
20
-3.8490192913385828
11
4.926848228346457
21
-3.8490752755905513
0
LINE
8
BLACK
6
CONTINUOUS
10
4.926848228346457
20
-3.8490752755905513
11
4.9268993700787398
21
-3.8491342519685037
0
LINE
8
BLACK
6
CONTINUOUS
10
4.9268993700787398
20
-3.8491342519685037
11
4.9271257480314956
21
-3.8493200393700788
0
LINE
8
BLACK
6
CONTINUOUS
10
4.9271257480314956
20
-3.8493200393700788
11
4.9308753149606295
21
-3.8530695669291339
0
LINE
8
BLACK
6
CONTINUOUS
10
4.9308753149606295
20
-3.8530695669291339
11
4.9312425590551179
21
-3.8535170078740157
0
LINE
8
BLACK
6
CONTINUOUS
10
4.9312425590551179
20
-3.8535170078740157
11
4.9312831496062994
21
-3.8536150393700788
0
LINE
8
BLACK
6
CONTINUOUS
10
4.9312831496062994
20
-3.8536150393700788
11
4.9313526377952757
21
-3.8536951574803147
0
LINE
8
BLACK
6
CONTINUOUS
10
4.9313526377952757
20
-3.8536951574803147
11
4.9315886220472436
21
-3.8542237401574804
0
LINE
8
BLACK
6
CONTINUOUS
10
4.9315886220472436
20
-3.8542237401574804
11
4.9334633858267711
21
-3.8598479921259843
0
LINE
8
BLACK
6
CONTINUOUS
10
4.9334633858267711
20
-3.8598479921259843
11
4.9335283070866138
21
-3.8601336220472442
0
LINE
8
BLACK
6
CONTINUOUS
10
4.9335283070866138
20
-3.8601336220472442
11
4.9335581889763782
21
-3.8602057086614172
0
LINE
8
BLACK
6
CONTINUOUS
10
4.9335581889763782
20
-3.8602057086614172
11
4.9335684645669291
21
-3.8603101574803147
0
LINE
8
BLACK
6
CONTINUOUS
10
4.9335684645669291
20
-3.8603101574803147
11
4.9335917322834648
21
-3.8604124409448817
0
LINE
8
BLACK
6
CONTINUOUS
10
4.9335917322834648
20
-3.8604124409448817
11
4.9335861811023625
21
-3.860490157480315
0
LINE
8
BLACK
6
CONTINUOUS
10
4.9335861811023625
20
-3.860490157480315
11
4.9336149212598421
21
-3.8607817716535431
0
LINE
8
BLACK
6
CONTINUOUS
10
4.9336149212598421
20
-3.8607817716535431
11
4.9336149212598421
21
-3.8645312992125982
0
LINE
8
BLACK
6
CONTINUOUS
10
4.9336149212598421
20
-3.8645312992125982
11
4.9335861811023625
21
-3.864822874015748
0
LINE
8
BLACK
6
CONTINUOUS
10
4.9335861811023625
20
-3.864822874015748
11
4.9335917322834648
21
-3.8649006299212596
0
LINE
8
BLACK
6
CONTINUOUS
10
4.9335917322834648
20
-3.8649006299212596
11
4.9335684645669291
21
-3.8650028740157478
0
LINE
8
BLACK
6
CONTINUOUS
10
4.9335684645669291
20
-3.8650028740157478
11
4.9335581889763782
21
-3.8651073622047245
0
LINE
8
BLACK
6
CONTINUOUS
10
4.9335581889763782
20
-3.8651073622047245
11
4.9335283070866138
21
-3.8651794094488188
0
LINE
8
BLACK
6
CONTINUOUS
10
4.9335283070866138
20
-3.8651794094488188
11
4.9334633858267711
21
-3.8654650787401574
0
LINE
8
BLACK
6
CONTINUOUS
10
4.9334633858267711
20
-3.8654650787401574
11
4.9315886220472436
21
-3.8710893307086613
0
LINE
8
BLACK
6
CONTINUOUS
10
4.9315886220472436
20
-3.8710893307086613
11
4.9313526377952757
21
-3.8716179133858266
0
LINE
8
BLACK
6
CONTINUOUS
10
4.9313526377952757
20
-3.8716179133858266
11
4.9312830708661419
21
-3.8716980708661417
0
LINE
8
BLACK
6
CONTINUOUS
10
4.9312830708661419
20
-3.8716980708661417
11
4.9312425196850391
21
-3.871796062992126
0
LINE
8
BLACK
6
CONTINUOUS
10
4.9312425196850391
20
-3.871796062992126
11
4.9308752755905507
21
-3.8722435433070865
0
LINE
8
BLACK
6
CONTINUOUS
10
4.9308752755905507
20
-3.8722435433070865
11
4.9290004724409444
21
-3.8741183070866141
0
LINE
8
BLACK
6
CONTINUOUS
10
4.9290004724409444
20
-3.8741183070866141
11
4.9285530314960626
21
-3.8744855118110237
0
LINE
8
BLACK
6
CONTINUOUS
10
4.9285530314960626
20
-3.8744855118110237
11
4.9279295275590549
21
-3.8747437401574802
0
LINE
8
BLACK
6
CONTINUOUS
10
4.9279295275590549
20
-3.8747437401574802
11
4.927488661417323
21
-3.8749263779527556
0
LINE
8
BLACK
6
CONTINUOUS
10
4.927488661417323
20
-3.8749263779527556
11
4.9269125984251971
21
-3.8749831102362204
0
LINE
8
BLACK
6
CONTINUOUS
10
4.9269125984251971
20
-3.8749831102362204
11
4.9137892519685042
21
-3.8749831102362204
0
LINE
8
BLACK
6
CONTINUOUS
10
4.9137892519685042
20
-3.8749831102362204
11
4.9132131889763775
21
-3.8749263779527556
0
LINE
8
BLACK
6
CONTINUOUS
10
4.9132131889763775
20
-3.8749263779527556
11
4.9121487795275591
21
-3.874485472440945
0
LINE
8
BLACK
6
CONTINUOUS
10
4.9121487795275591
20
-3.874485472440945
11
4.9113341338582677
21
-3.8736708267716535
0
LINE
8
BLACK
6
CONTINUOUS
10
4.9113341338582677
20
-3.8736708267716535
11
4.9108932283464561
21
-3.8726064173228347
0
LINE
8
BLACK
6
CONTINUOUS
10
4.9108932283464561
20
-3.8726064173228347
11
4.9108932283464561
21
-3.872606377952756
0
LINE
8
BLACK
6
CONTINUOUS
10
4.9108932283464561
20
-3.872606377952756
11
4.9108364960629922
21
-3.8720303543307084
0
LINE
8
BLACK
6
CONTINUOUS
10
4.9108364960629922
20
-3.8720303543307084
11
4.9108364960629922
21
-3.8645312992125982
0
LINE
8
BLACK
6
CONTINUOUS
10
4.9108364960629922
20
-3.8645312992125982
11
4.9108932283464561
21
-3.8639552362204723
0
LINE
8
BLACK
6
CONTINUOUS
10
4.9108932283464561
20
-3.8639552362204723
11
4.9113341338582677
21
-3.8628908267716535
0
LINE
8
BLACK
6
CONTINUOUS
10
4.9113341338582677
20
-3.8628908267716535
11
4.9121487795275591
21
-3.8620761811023621
0
LINE
8
BLACK
6
CONTINUOUS
10
4.9121487795275591
20
-3.8620761811023621
11
4.9132131889763775
21
-3.861635275590551
0
LINE
8
BLACK
6
CONTINUOUS
10
4.9132131889763775
20
-3.861635275590551
11
4.9143653149606301
21
-3.861635275590551
0
LINE
8
BLACK
6
CONTINUOUS
10
4.9143653149606301
20
-3.861635275590551
11
4.9154297244094485
21
-3.8620761811023621
0
LINE
8
BLACK
6
CONTINUOUS
10
4.9154297244094485
20
-3.8620761811023621
11
4.9162443700787399
21
-3.8628908267716535
0
LINE
8
BLACK
6
CONTINUOUS
10
4.9162443700787399
20
-3.8628908267716535
11
4.9166852755905515
21
-3.8639552362204723
0
LINE
8
BLACK
6
CONTINUOUS
10
4.9166852755905515
20
-3.8639552362204723
11
4.9167420078740154
21
-3.8645312992125982
0
LINE
8
BLACK
6
CONTINUOUS
10
4.9167420078740154
20
-3.8645312992125982
11
4.9167420078740154
21
-3.8690775984251968
0
LINE
8
BLACK
6
CONTINUOUS
10
4.9167420078740154
20
-3.8690775984251968
11
4.9256895275590553
21
-3.8690775984251968
0
LINE
8
BLACK
6
CONTINUOUS
10
4.9256895275590553
20
-3.8690775984251968
11
4.9262066141732284
21
-3.8685605118110233
0
LINE
8
BLACK
6
CONTINUOUS
10
4.9262066141732284
20
-3.8685605118110233
11
4.927709409448819
21
-3.8640521653543307
0
LINE
8
BLACK
6
CONTINUOUS
10
4.927709409448819
20
-3.8640521653543307
11
4.927709409448819
21
-3.861260905511811
0
LINE
8
BLACK
6
CONTINUOUS
10
4.927709409448819
20
-3.861260905511811
11
4.9262066141732284
21
-3.8567525196850392
0
LINE
8
BLACK
6
CONTINUOUS
10
4.9262066141732284
20
-3.8567525196850392
11
4.9232887401574805
21
-3.8538346850393701
0
LINE
8
BLACK
6
CONTINUOUS
10
4.9232887401574805
20
-3.8538346850393701
11
4.9202577559055118
21
-3.8523191732283464
0
LINE
8
BLACK
6
CONTINUOUS
10
4.9202577559055118
20
-3.8523191732283464
11
4.9134257086614168
21
-3.8506111811023622
0
LINE
8
BLACK
6
CONTINUOUS
10
4.9134257086614168
20
-3.8506111811023622
11
4.9085285039370081
21
-3.8506111811023622
0
LINE
8
BLACK
6
CONTINUOUS
10
4.9085285039370081
20
-3.8506111811023622
11
4.9016964566929131
21
-3.8523191732283464
0
LINE
8
BLACK
6
CONTINUOUS
10
4.9016964566929131
20
-3.8523191732283464
11
4.8986654724409444
21
-3.8538346850393701
0
LINE
8
BLACK
6
CONTINUOUS
10
4.8986654724409444
20
-3.8538346850393701
11
4.8957476377952753
21
-3.8567524803149604
0
LINE
8
BLACK
6
CONTINUOUS
10
4.8957476377952753
20
-3.8567524803149604
11
4.8942448425196847
21
-3.861260905511811
0
LINE
8
BLACK
6
CONTINUOUS
10
4.8942448425196847
20
-3.861260905511811
11
4.8942448425196847
21
-3.8657090157480316
0
LINE
8
BLACK
6
CONTINUOUS
10
4.8942448425196847
20
-3.8657090157480316
11
4.8958078740157482
21
-3.8688350787401573
0
LINE
8
BLACK
6
CONTINUOUS
10
4.8958078740157482
20
-3.8688350787401573
11
4.8960147637795277
21
-3.8693756692913386
0
LINE
8
BLACK
6
CONTINUOUS
10
4.8960147637795277
20
-3.8693756692913386
11
4.896096417322835
21
-3.8705248818897635
0
LINE
8
BLACK
6
CONTINUOUS
10
4.896096417322835
20
-3.8705248818897635
11
4.8957320866141734
21
-3.8716178740157479
0
LINE
8
BLACK
6
CONTINUOUS
10
4.8957320866141734
20
-3.8716178740157479
11
4.8949772440944876
21
-3.8724882283464566
0
LINE
8
BLACK
6
CONTINUOUS
10
4.8949772440944876
20
-3.8724882283464566
11
4.8939467322834647
21
-3.8730035039370079
0
LINE
8
BLACK
6
CONTINUOUS
10
4.8939467322834647
20
-3.8730035039370079
11
4.8927975196850388
21
-3.8730851574803147
0
LINE
8
BLACK
6
CONTINUOUS
10
4.8927975196850388
20
-3.8730851574803147
11
4.8917045669291337
21
-3.8727208267716535
0
LINE
8
BLACK
6
CONTINUOUS
10
4.8917045669291337
20
-3.8727208267716535
11
4.8908341732283462
21
-3.8719659842519683
0
LINE
8
BLACK
6
CONTINUOUS
10
4.8908341732283462
20
-3.8719659842519683
11
4.8905258267716532
21
-3.8714761023622049
0
LINE
8
BLACK
6
CONTINUOUS
10
4.8905258267716532
20
-3.8714761023622049
11
4.8886510629921256
21
-3.8677265748031493
0
LINE
8
BLACK
6
CONTINUOUS
10
4.8886510629921256
20
-3.8677265748031493
11
4.8884441732283461
21
-3.8671859448818897
0
LINE
8
BLACK
6
CONTINUOUS
10
4.8884441732283461
20
-3.8671859448818897
11
4.888436653543307
21
-3.8670801181102363
0
LINE
8
BLACK
6
CONTINUOUS
10
4.888436653543307
20
-3.8670801181102363
11
4.8883960629921255
21
-3.8669821259842521
0
LINE
8
BLACK
6
CONTINUOUS
10
4.8883960629921255
20
-3.8669821259842521
11
4.8883393307086616
21
-3.8664060629921257
0
LINE
8
BLACK
6
CONTINUOUS
10
4.8883393307086616
20
-3.8664060629921257
11
4.8883393307086616
21
-3.8607817716535431
0
LINE
8
BLACK
6
CONTINUOUS
10
4.8883393307086616
20
-3.8607817716535431
11
4.8883680314960625
21
-3.8604901968503937
0
LINE
8
BLACK
6
CONTINUOUS
10
4.8883680314960625
20
-3.8604901968503937
11
4.8883625196850389
21
-3.8604124803149604
0
LINE
8
BLACK
6
CONTINUOUS
10
4.8883625196850389
20
-3.8604124803149604
11
4.8883857480314958
21
-3.8603101968503934
0
LINE
8
BLACK
6
CONTINUOUS
10
4.8883857480314958
20
-3.8603101968503934
11
4.8883960629921255
21
-3.8602057086614172
0
LINE
8
BLACK
6
CONTINUOUS
10
4.8883960629921255
20
-3.8602057086614172
11
4.8884259055118111
21
-3.8601335826771654
0
LINE
8
BLACK
6
CONTINUOUS
10
4.8884259055118111
20
-3.8601335826771654
11
4.8884908661417326
21
-3.859848031496063
0
LINE
8
BLACK
6
CONTINUOUS
10
4.8884908661417326
20
-3.859848031496063
11
4.8903656299212601
21
-3.8542237401574804
0
LINE
8
BLACK
6
CONTINUOUS
10
4.8903656299212601
20
-3.8542237401574804
11
4.890601614173228
21
-3.8536951968503934
0
LINE
8
BLACK
6
CONTINUOUS
10
4.890601614173228
20
-3.8536951968503934
11
4.8906711023622043
21
-3.8536150393700788
0
LINE
8
BLACK
6
CONTINUOUS
10
4.8906711023622043
20
-3.8536150393700788
11
4.8907117322834646
21
-3.8535170078740157
0
LINE
8
BLACK
6
CONTINUOUS
10
4.8907117322834646
20
-3.8535170078740157
11
4.8910789370078742
21
-3.8530695669291339
0
LINE
8
BLACK
6
CONTINUOUS
10
4.8910789370078742
20
-3.8530695669291339
11
4.8948284645669293
21
-3.8493200393700788
0
LINE
8
BLACK
6
CONTINUOUS
10
4.8948284645669293
20
-3.8493200393700788
11
4.8950548425196851
21
-3.8491341732283462
0
LINE
8
BLACK
6
CONTINUOUS
10
4.8950548425196851
20
-3.8491341732283462
11
4.895105984251968
21
-3.8490752755905513
0
LINE
8
BLACK
6
CONTINUOUS
10
4.895105984251968
20
-3.8490752755905513
11
4.8951947244094489
21
-3.8490193700787403
0
LINE
8
BLACK
6
CONTINUOUS
10
4.8951947244094489
20
-3.8490193700787403
11
4.8952759055118111
21
-3.8489527952755904
0
LINE
8
BLACK
6
CONTINUOUS
10
4.8952759055118111
20
-3.8489527952755904
11
4.8953480314960629
21
-3.8489229133858265
0
LINE
8
BLACK
6
CONTINUOUS
10
4.8953480314960629
20
-3.8489229133858265
11
4.8955958661417318
21
-3.8487669291338582
0
LINE
8
BLACK
6
CONTINUOUS
10
4.8955958661417318
20
-3.8487669291338582
11
4.8993453937007869
21
-3.8468921653543307
0
LINE
8
BLACK
6
CONTINUOUS
10
4.8993453937007869
20
-3.8468921653543307
11
4.8993874803149602
21
-3.8468760236220469
0
LINE
8
BLACK
6
CONTINUOUS
10
4.8993874803149602
20
-3.8468760236220469
11
4.899404645669291
21
-3.846863346456693
0
LINE
8
BLACK
6
CONTINUOUS
10
4.899404645669291
20
-3.846863346456693
11
4.8996462204724409
21
-3.8467770078740156
0
LINE
8
BLACK
6
CONTINUOUS
10
4.8996462204724409
20
-3.8467770078740156
11
4.8998859842519682
21
-3.8466852755905512
0
LINE
8
BLACK
6
CONTINUOUS
10
4.8998859842519682
20
-3.8466852755905512
11
4.8999072440944884
21
-3.8466837401574803
0
LINE
8
BLACK
6
CONTINUOUS
10
4.8999072440944884
20
-3.8466837401574803
11
4.8999497637795271
21
-3.8466685826771654
0
LINE
8
BLACK
6
CONTINUOUS
10
4.8999497637795271
20
-3.8466685826771654
11
4.9074488188976373
21
-3.8447938188976378
0
LINE
8
BLACK
6
CONTINUOUS
10
4.9074488188976373
20
-3.8447938188976378
11
4.9075486614173229
21
-3.8447790157480313
0
LINE
8
BLACK
6
CONTINUOUS
10
4.9075486614173229
20
-3.8447790157480313
11
4.9075888976377948
21
-3.844762401574803
0
LINE
8
BLACK
6
CONTINUOUS
10
4.9075888976377948
20
-3.844762401574803
11
4.9078059055118111
21
-3.8447410236220469
0
LINE
8
BLACK
6
CONTINUOUS
10
4.9078059055118111
20
-3.8447410236220469
11
4.9080214173228347
21
-3.8447091732283463
0
LINE
8
BLACK
6
CONTINUOUS
10
4.9080214173228347
20
-3.8447091732283463
11
4.9080644094488184
21
-3.8447155511811024
0
LINE
8
BLACK
6
CONTINUOUS
10
4.9080644094488184
20
-3.8447155511811024
11
4.9081649606299216
21
-3.8447056692913386
0
LINE
8
BLACK
6
CONTINUOUS
10
4.9081649606299216
20
-3.8447056692913386
11
4.9137892519685042
21
-3.8447056692913386
0
LINE
8
BLACK
6
CONTINUOUS
10
4.9137892519685042
20
-3.8447056692913386
11
4.9138897637795278
21
-3.8447155511811024
0
LINE
8
BLACK
6
CONTINUOUS
10
5.3060682677165349
20
-3.8126892125984253
11
5.3071336220472443
21
-3.8137545669291337
0
LINE
8
BLACK
6
CONTINUOUS
10
5.3071336220472443
20
-3.8137545669291337
11
5.3072834645669289
21
-3.8145078740157481
0
LINE
8
BLACK
6
CONTINUOUS
10
5.3072834645669289
20
-3.8145078740157481
11
5.3072834645669289
21
-3.8469881889763777
0
LINE
8
BLACK
6
CONTINUOUS
10
5.3072834645669289
20
-3.8469881889763777
11
5.3071336220472443
21
-3.8477414960629921
0
LINE
8
BLACK
6
CONTINUOUS
10
5.3071336220472443
20
-3.8477414960629921
11
5.3060682677165349
21
-3.8488068503937005
0
LINE
8
BLACK
6
CONTINUOUS
10
5.3060682677165349
20
-3.8488068503937005
11
5.3053149606299215
21
-3.8489566929133856
0
LINE
8
BLACK
6
CONTINUOUS
10
5.3053149606299215
20
-3.8489566929133856
11
5.2423228346456696
21
-3.8489566929133856
0
LINE
8
BLACK
6
CONTINUOUS
10
5.2423228346456696
20
-3.8489566929133856
11
5.2415695275590553
21
-3.8488068503937005
0
LINE
8
BLACK
6
CONTINUOUS
10
5.2415695275590553
20
-3.8488068503937005
11
5.2405041732283459
21
-3.8477414960629921
0
LINE
8
BLACK
6
CONTINUOUS
10
5.2405041732283459
20
-3.8477414960629921
11
5.2403543307086613
21
-3.8469881889763777
0
LINE
8
BLACK
6
CONTINUOUS
10
5.2403543307086613
20
-3.8469881889763777
11
5.2403543307086613
21
-3.8145078740157481
0
LINE
8
BLACK
6
CONTINUOUS
10
5.2403543307086613
20
-3.8145078740157481
11
5.2405041732283459
21
-3.8137545669291337
0
LINE
8
BLACK
6
CONTINUOUS
10
5.2405041732283459
20
-3.8137545669291337
11
5.2415695275590553
21
-3.8126892125984253
0
LINE
8
BLACK
6
CONTINUOUS
10
5.2415695275590553
20
-3.8126892125984253
11
5.2423228346456696
21
-3.8125393700787402
0
LINE
8
BLACK
6
CONTINUOUS
10
5.2423228346456696
20
-3.8125393700787402
11
5.3053149606299215
21
-3.8125393700787402
0
LINE
8
BLACK
6
CONTINUOUS
10
5.3053149606299215
20
-3.8125393700787402
11
5.3060682677165349
21
-3.8126892125984253
0
LINE
8
BLACK
6
CONTINUOUS
10
5.244291338582677
20
-3.816476377952756
11
5.244291338582677
21
-3.8450196850393699
0
LINE
8
BLACK
6
CONTINUOUS
10
5.244291338582677
20
-3.8450196850393699
11
5.3033464566929132
21
-3.8450196850393699
0
LINE
8
BLACK
6
CONTINUOUS
10
5.3033464566929132
20
-3.8450196850393699
11
5.3033464566929132
21
-3.816476377952756
0
LINE
8
BLACK
6
CONTINUOUS
10
5.3033464566929132
20
-3.816476377952756
11
5.244291338582677
21
-3.816476377952756
0
LINE
8
BLACK
6
CONTINUOUS
10
5.9356745669291335
20
-3.76139
11
5.936739921259842
21
-3.7624553543307084
0
LINE
8
BLACK
6
CONTINUOUS
10
5.936739921259842
20
-3.7624553543307084
11
5.9368897637795275
21
-3.7632086614173228
0
LINE
8
BLACK
6
CONTINUOUS
10
5.9368897637795275
20
-3.7632086614173228
11
5.9368897637795275
21
-3.8419488188976376
0
LINE
8
BLACK
6
CONTINUOUS
10
5.9368897637795275
20
-3.8419488188976376
11
5.936739921259842
21
-3.842702125984252
0
LINE
8
BLACK
6
CONTINUOUS
10
5.936739921259842
20
-3.842702125984252
11
5.9356745669291335
21
-3.8437674803149604
0
LINE
8
BLACK
6
CONTINUOUS
10
5.9356745669291335
20
-3.8437674803149604
11
5.9349212598425192
21
-3.8439173228346455
0
LINE
8
BLACK
6
CONTINUOUS
10
5.9349212598425192
20
-3.8439173228346455
11
5.8876771653543303
21
-3.8439173228346455
0
LINE
8
BLACK
6
CONTINUOUS
10
5.8876771653543303
20
-3.8439173228346455
11
5.8869238582677168
21
-3.8437674803149604
0
LINE
8
BLACK
6
CONTINUOUS
10
5.8869238582677168
20
-3.8437674803149604
11
5.8858585039370075
21
-3.842702125984252
0
LINE
8
BLACK
6
CONTINUOUS
10
5.8858585039370075
20
-3.842702125984252
11
5.8857086614173229
21
-3.8419488188976376
0
LINE
8
BLACK
6
CONTINUOUS
10
5.8857086614173229
20
-3.8419488188976376
11
5.8857086614173229
21
-3.7632086614173228
0
LINE
8
BLACK
6
CONTINUOUS
10
5.8857086614173229
20
-3.7632086614173228
11
5.8858585039370075
21
-3.7624553543307084
0
LINE
8
BLACK
6
CONTINUOUS
10
5.8858585039370075
20
-3.7624553543307084
11
5.8869238582677168
21
-3.76139
0
LINE
8
BLACK
6
CONTINUOUS
10
5.8869238582677168
20
-3.76139
11
5.8876771653543303
21
-3.7612401574803149
0
LINE
8
BLACK
6
CONTINUOUS
10
5.8876771653543303
20
-3.7612401574803149
11
5.9349212598425192
21
-3.7612401574803149
0
LINE
8
BLACK
6
CONTINUOUS
10
5.9349212598425192
20
-3.7612401574803149
11
5.9356745669291335
21
-3.76139
0
LINE
8
BLACK
6
CONTINUOUS
10
5.8896456692913386
20
-3.7651771653543307
11
5.8896456692913386
21
-3.8399803149606297
0
LINE
8
BLACK
6
CONTINUOUS
10
5.8896456692913386
20
-3.8399803149606297
11
5.9329527559055117
21
-3.8399803149606297
0
LINE
8
BLACK
6
CONTINUOUS
10
5.9329527559055117
20
-3.8399803149606297
11
5.9329527559055117
21
-3.7651771653543307
0
LINE
8
BLACK
6
CONTINUOUS
10
5.9329527559055117
20
-3.7651771653543307
11
5.8896456692913386
21
-3.7651771653543307
0
LINE
8
BLACK
6
CONTINUOUS
10
5.3296985039370082
20
-3.8096605511811021
11
5.3307290157480312
21
-3.8101758267716535
0
LINE
8
BLACK
6
CONTINUOUS
10
5.3307290157480312
20
-3.8101758267716535
11
5.331483858267716
21
-3.8110461811023622
0
LINE
8
BLACK
6
CONTINUOUS
10
5.331483858267716
20
-3.8110461811023622
11
5.3318481889763776
21
-3.8121391732283465
0
LINE
8
BLACK
6
CONTINUOUS
10
5.3318481889763776
20
-3.8121391732283465
11
5.3317665354330703
21
-3.8132883858267714
0
LINE
8
BLACK
6
CONTINUOUS
10
5.3317665354330703
20
-3.8132883858267714
11
5.3315596456692909
21
-3.8138289763779527
0
LINE
8
BLACK
6
CONTINUOUS
10
5.3315596456692909
20
-3.8138289763779527
11
5.3296848818897633
21
-3.8175785039370078
0
LINE
8
BLACK
6
CONTINUOUS
10
5.3296848818897633
20
-3.8175785039370078
11
5.3295288582677163
21
-3.8178262992125984
0
LINE
8
BLACK
6
CONTINUOUS
10
5.3295288582677163
20
-3.8178262992125984
11
5.3294990157480315
21
-3.8178984645669289
0
LINE
8
BLACK
6
CONTINUOUS
10
5.3294990157480315
20
-3.8178984645669289
11
5.3294324015748034
21
-3.8179796062992124
0
LINE
8
BLACK
6
CONTINUOUS
10
5.3294324015748034
20
-3.8179796062992124
11
5.3293765354330711
21
-3.8180683858267717
0
LINE
8
BLACK
6
CONTINUOUS
10
5.3293765354330711
20
-3.8180683858267717
11
5.329317598425197
21
-3.8181194881889762
0
LINE
8
BLACK
6
CONTINUOUS
10
5.329317598425197
20
-3.8181194881889762
11
5.3291317716535431
21
-3.8183459055118107
0
LINE
8
BLACK
6
CONTINUOUS
10
5.3291317716535431
20
-3.8183459055118107
11
5.3266733858267719
21
-3.8208042913385825
0
LINE
8
BLACK
6
CONTINUOUS
10
5.3266733858267719
20
-3.8208042913385825
11
5.3540873622047247
21
-3.8208042913385825
0
LINE
8
BLACK
6
CONTINUOUS
10
5.3540873622047247
20
-3.8208042913385825
11
5.3540873622047247
21
-3.8125084645669292
0
LINE
8
BLACK
6
CONTINUOUS
10
5.3540873622047247
20
-3.8125084645669292
11
5.3541440944881886
21
-3.8119324015748028
0
LINE
8
BLACK
6
CONTINUOUS
10
5.3541440944881886
20
-3.8119324015748028
11
5.3545850000000002
21
-3.810867992125984
0
LINE
8
BLACK
6
CONTINUOUS
10
5.3545850000000002
20
-3.810867992125984
11
5.3553996456692916
21
-3.810053346456693
0
LINE
8
BLACK
6
CONTINUOUS
10
5.3553996456692916
20
-3.810053346456693
11
5.35646405511811
21
-3.8096124409448819
0
LINE
8
BLACK
6
CONTINUOUS
10
5.35646405511811
20
-3.8096124409448819
11
5.3576161811023617
21
-3.8096124409448819
0
LINE
8
BLACK
6
CONTINUOUS
10
5.3576161811023617
20
-3.8096124409448819
11
5.358680590551181
21
-3.810053346456693
0
LINE
8
BLACK
6
CONTINUOUS
10
5.358680590551181
20
-3.810053346456693
11
5.3594952362204724
21
-3.810867992125984
0
LINE
8
BLACK
6
CONTINUOUS
10
5.3594952362204724
20
-3.810867992125984
11
5.3599361417322831
21
-3.8119324015748028
0
LINE
8
BLACK
6
CONTINUOUS
10
5.3599361417322831
20
-3.8119324015748028
11
5.3599928740157479
21
-3.8125084645669292
0
LINE
8
BLACK
6
CONTINUOUS
10
5.3599928740157479
20
-3.8125084645669292
11
5.3599928740157479
21
-3.8350056299212598
0
LINE
8
BLACK
6
CONTINUOUS
10
5.3599928740157479
20
-3.8350056299212598
11
5.3599361417322831
21
-3.8355816929133857
0
LINE
8
BLACK
6
CONTINUOUS
10
5.3599361417322831
20
-3.8355816929133857
11
5.3594952362204724
21
-3.8366461023622045
0
LINE
8
BLACK
6
CONTINUOUS
10
5.3594952362204724
20
-3.8366461023622045
11
5.358680590551181
21
-3.8374607480314959
0
LINE
8
BLACK
6
CONTINUOUS
10
5.358680590551181
20
-3.8374607480314959
11
5.3576161811023617
21
-3.837901653543307
0
LINE
8
BLACK
6
CONTINUOUS
10
5.3576161811023617
20
-3.837901653543307
11
5.35646405511811
21
-3.837901653543307
0
LINE
8
BLACK
6
CONTINUOUS
10
5.35646405511811
20
-3.837901653543307
11
5.3553996456692916
21
-3.8374607480314959
0
LINE
8
BLACK
6
CONTINUOUS
10
5.3553996456692916
20
-3.8374607480314959
11
5.3545850000000002
21
-3.8366461023622045
0
LINE
8
BLACK
6
CONTINUOUS
10
5.3545850000000002
20
-3.8366461023622045
11
5.3541440944881886
21
-3.8355816929133857
0
LINE
8
BLACK
6
CONTINUOUS
10
5.3541440944881886
20
-3.8355816929133857
11
5.3540873622047247
21
-3.8350056299212598
0
LINE
8
BLACK
6
CONTINUOUS
10
5.3540873622047247
20
-3.8350056299212598
11
5.3540873622047247
21
-3.8267098031496061
0
LINE
8
BLACK
6
CONTINUOUS
10
5.3540873622047247
20
-3.8267098031496061
11
5.3176700393700784
21
-3.8267098031496061
0
LINE
8
BLACK
6
CONTINUOUS
10
5.3176700393700784
20
-3.8267098031496061
11
5.3176679527559054
21
-3.8267095669291336
0
LINE
8
BLACK
6
CONTINUOUS
10
5.3176679527559054
20
-3.8267095669291336
11
5.3176669291338579
21
-3.8267098031496061
0
LINE
8
BLACK
6
CONTINUOUS
10
5.3176669291338579
20
-3.8267098031496061
11
5.3176638976377948
21
-3.8267091732283465
0
LINE
8
BLACK
6
CONTINUOUS
10
5.3176638976377948
20
-3.8267091732283465
11
5.3170939763779526
21
-3.8266530708661417
0
LINE
8
BLACK
6
CONTINUOUS
10
5.3170939763779526
20
-3.8266530708661417
11
5.3168238582677168
21
-3.8265411811023622
0
LINE
8
BLACK
6
CONTINUOUS
10
5.3168238582677168
20
-3.8265411811023622
11
5.316537244094488
21
-3.8264838582677165
0
LINE
8
BLACK
6
CONTINUOUS
10
5.316537244094488
20
-3.8264838582677165
11
5.3162968503937007
21
-3.826322874015748
0
LINE
8
BLACK
6
CONTINUOUS
10
5.3162968503937007
20
-3.826322874015748
11
5.3160295669291333
21
-3.8262121653543306
0
LINE
8
BLACK
6
CONTINUOUS
10
5.3160295669291333
20
-3.8262121653543306
11
5.3158228346456688
21
-3.8260054330708662
0
LINE
8
BLACK
6
CONTINUOUS
10
5.3158228346456688
20
-3.8260054330708662
11
5.315579960629921
21
-3.8258427952755905
0
LINE
8
BLACK
6
CONTINUOUS
10
5.315579960629921
20
-3.8258427952755905
11
5.3154194488188979
21
-3.8256020472440944
0
LINE
8
BLACK
6
CONTINUOUS
10
5.3154194488188979
20
-3.8256020472440944
11
5.3152149212598427
21
-3.8253975196850392
0
LINE
8
BLACK
6
CONTINUOUS
10
5.3152149212598427
20
-3.8253975196850392
11
5.3151030314960632
21
-3.8251274015748029
0
LINE
8
BLACK
6
CONTINUOUS
10
5.3151030314960632
20
-3.8251274015748029
11
5.3149408661417326
21
-3.8248841732283463
0
LINE
8
BLACK
6
CONTINUOUS
10
5.3149408661417326
20
-3.8248841732283463
11
5.314884724409449
21
-3.8246003543307086
0
LINE
8
BLACK
6
CONTINUOUS
10
5.314884724409449
20
-3.8246003543307086
11
5.3147740157480312
21
-3.8243331102362204
0
LINE
8
BLACK
6
CONTINUOUS
10
5.3147740157480312
20
-3.8243331102362204
11
5.3147740157480312
21
-3.8240407086614172
0
LINE
8
BLACK
6
CONTINUOUS
10
5.3147740157480312
20
-3.8240407086614172
11
5.3147172834645664
21
-3.8237539370078739
0
LINE
8
BLACK
6
CONTINUOUS
10
5.3147172834645664
20
-3.8237539370078739
11
5.3147740157480312
21
-3.8234702755905512
0
LINE
8
BLACK
6
CONTINUOUS
10
5.3147740157480312
20
-3.8234702755905512
11
5.3147740157480312
21
-3.8231809842519686
0
LINE
8
BLACK
6
CONTINUOUS
10
5.3147740157480312
20
-3.8231809842519686
11
5.314885866141732
21
-3.8229108661417324
0
LINE
8
BLACK
6
CONTINUOUS
10
5.314885866141732
20
-3.8229108661417324
11
5.3149432283464568
21
-3.8226242519685036
0
LINE
8
BLACK
6
CONTINUOUS
10
5.3149432283464568
20
-3.8226242519685036
11
5.3151041732283462
21
-3.8223838582677163
0
LINE
8
BLACK
6
CONTINUOUS
10
5.3151041732283462
20
-3.8223838582677163
11
5.3152149212598427
21
-3.8221165748031494
0
LINE
8
BLACK
6
CONTINUOUS
10
5.3152149212598427
20
-3.8221165748031494
11
5.3154216141732284
21
-3.8219098425196849
0
LINE
8
BLACK
6
CONTINUOUS
10
5.3154216141732284
20
-3.8219098425196849
11
5.3155842913385829
21
-3.8216669685039371
0
LINE
8
BLACK
6
CONTINUOUS
10
5.3155842913385829
20
-3.8216669685039371
11
5.3160275196850391
21
-3.8213039370078739
0
LINE
8
BLACK
6
CONTINUOUS
10
5.3160275196850391
20
-3.8213039370078739
11
5.3160295669291333
21
-3.8213019291338584
0
LINE
8
BLACK
6
CONTINUOUS
10
5.3160295669291333
20
-3.8213019291338584
11
5.3160304330708659
21
-3.8213015354330708
0
LINE
8
BLACK
6
CONTINUOUS
10
5.3160304330708659
20
-3.8213015354330708
11
5.3160321259842522
21
-3.8213001968503937
0
LINE
8
BLACK
6
CONTINUOUS
10
5.3160321259842522
20
-3.8213001968503937
11
5.3214131496062995
21
-3.8177128346456692
0
LINE
8
BLACK
6
CONTINUOUS
10
5.3214131496062995
20
-3.8177128346456692
11
5.3246171259842514
21
-3.8145088976377952
0
LINE
8
BLACK
6
CONTINUOUS
10
5.3246171259842514
20
-3.8145088976377952
11
5.3262775984251967
21
-3.8111879527559056
0
LINE
8
BLACK
6
CONTINUOUS
10
5.3262775984251967
20
-3.8111879527559056
11
5.3265859448818897
21
-3.8106980708661418
0
LINE
8
BLACK
6
CONTINUOUS
10
5.3265859448818897
20
-3.8106980708661418
11
5.3274563385826772
21
-3.8099432283464565
0
LINE
8
BLACK
6
CONTINUOUS
10
5.3274563385826772
20
-3.8099432283464565
11
5.3285492913385823
21
-3.8095788976377953
0
LINE
8
BLACK
6
CONTINUOUS
10
5.3285492913385823
20
-3.8095788976377953
11
5.3296985039370082
21
-3.8096605511811021
0
LINE
8
BLACK
6
CONTINUOUS
10
4.917304488188976
20
-3.7983341732283464
11
4.9181191338582675
21
-3.7991488188976379
0
LINE
8
BLACK
6
CONTINUOUS
10
4.9181191338582675
20
-3.7991488188976379
11
4.918560039370079
21
-3.8002132283464567
0
LINE
8
BLACK
6
CONTINUOUS
10
4.918560039370079
20
-3.8002132283464567
11
4.9186167716535429
21
-3.8007892913385826
0
LINE
8
BLACK
6
CONTINUOUS
10
4.9186167716535429
20
-3.8007892913385826
11
4.9186167716535429
21
-3.8307855511811022
0
LINE
8
BLACK
6
CONTINUOUS
10
4.9186167716535429
20
-3.8307855511811022
11
4.918560039370079
21
-3.8313616141732281
0
LINE
8
BLACK
6
CONTINUOUS
10
4.918560039370079
20
-3.8313616141732281
11
4.9181191338582675
21
-3.8324260236220473
0
LINE
8
BLACK
6
CONTINUOUS
10
4.9181191338582675
20
-3.8324260236220473
11
4.917304488188976
21
-3.8332406692913383
0
LINE
8
BLACK
6
CONTINUOUS
10
4.917304488188976
20
-3.8332406692913383
11
4.9162400787401577
21
-3.8336815748031494
0
LINE
8
BLACK
6
CONTINUOUS
10
4.9162400787401577
20
-3.8336815748031494
11
4.915087952755905
21
-3.8336815748031494
0
LINE
8
BLACK
6
CONTINUOUS
10
4.915087952755905
20
-3.8336815748031494
11
4.9140235433070867
21
-3.8332406692913383
0
LINE
8
BLACK
6
CONTINUOUS
10
4.9140235433070867
20
-3.8332406692913383
11
4.9132088976377952
21
-3.8324260236220473
0
LINE
8
BLACK
6
CONTINUOUS
10
4.9132088976377952
20
-3.8324260236220473
11
4.9127679921259846
21
-3.8313616141732281
0
LINE
8
BLACK
6
CONTINUOUS
10
4.9127679921259846
20
-3.8313616141732281
11
4.9127112598425198
21
-3.8307855511811022
0
LINE
8
BLACK
6
CONTINUOUS
10
4.9127112598425198
20
-3.8307855511811022
11
4.9127112598425198
21
-3.8007892913385826
0
LINE
8
BLACK
6
CONTINUOUS
10
4.9127112598425198
20
-3.8007892913385826
11
4.9127679921259846
21
-3.8002132283464567
0
LINE
8
BLACK
6
CONTINUOUS
10
4.9127679921259846
20
-3.8002132283464567
11
4.9132088976377952
21
-3.7991488188976379
0
LINE
8
BLACK
6
CONTINUOUS
10
4.9132088976377952
20
-3.7991488188976379
11
4.9140235433070867
21
-3.7983341732283464
0
LINE
8
BLACK
6
CONTINUOUS
10
4.9140235433070867
20
-3.7983341732283464
11
4.915087952755905
21
-3.7978932677165353
0
LINE
8
BLACK
6
CONTINUOUS
10
4.915087952755905
20
-3.7978932677165353
11
4.9162400787401577
21
-3.7978932677165353
0
LINE
8
BLACK
6
CONTINUOUS
10
4.9162400787401577
20
-3.7978932677165353
11
4.917304488188976
21
-3.7983341732283464
0
LINE
8
BLACK
6
CONTINUOUS
10
5.3296985039370082
20
-3.7721652362204723
11
5.3307290157480312
21
-3.7726805118110236
0
LINE
8
BLACK
6
CONTINUOUS
10
5.3307290157480312
20
-3.7726805118110236
11
5.331483858267716
21
-3.7735508661417323
0
LINE
8
BLACK
6
CONTINUOUS
10
5.331483858267716
20
-3.7735508661417323
11
5.3318481889763776
21
-3.7746438582677166
0
LINE
8
BLACK
6
CONTINUOUS
10
5.3318481889763776
20
-3.7746438582677166
11
5.3317665354330703
21
-3.7757930708661416
0
LINE
8
BLACK
6
CONTINUOUS
10
5.3317665354330703
20
-3.7757930708661416
11
5.3315596456692909
21
-3.7763336614173229
0
LINE
8
BLACK
6
CONTINUOUS
10
5.3315596456692909
20
-3.7763336614173229
11
5.3296848818897633
21
-3.780083188976378
0
LINE
8
BLACK
6
CONTINUOUS
10
5.3296848818897633
20
-3.780083188976378
11
5.3295288582677163
21
-3.7803309842519686
0
LINE
8
BLACK
6
CONTINUOUS
10
5.3295288582677163
20
-3.7803309842519686
11
5.3294990157480315
21
-3.7804031496062991
0
LINE
8
BLACK
6
CONTINUOUS
10
5.3294990157480315
20
-3.7804031496062991
11
5.3294324015748034
21
-3.7804842913385825
0
LINE
8
BLACK
6
CONTINUOUS
10
5.3294324015748034
20
-3.7804842913385825
11
5.3293765354330711
21
-3.7805730708661418
0
LINE
8
BLACK
6
CONTINUOUS
10
5.3293765354330711
20
-3.7805730708661418
11
5.329317598425197
21
-3.7806241732283463
0
LINE
8
BLACK
6
CONTINUOUS
10
5.329317598425197
20
-3.7806241732283463
11
5.3291317716535431
21
-3.7808505905511809
0
LINE
8
BLACK
6
CONTINUOUS
10
5.3291317716535431
20
-3.7808505905511809
11
5.3266733858267719
21
-3.7833089763779526
0
LINE
8
BLACK
6
CONTINUOUS
10
5.3266733858267719
20
-3.7833089763779526
11
5.3540873622047247
21
-3.7833089763779526
0
LINE
8
BLACK
6
CONTINUOUS
10
5.3540873622047247
20
-3.7833089763779526
11
5.3540873622047247
21
-3.7750131496062993
0
LINE
8
BLACK
6
CONTINUOUS
10
5.3540873622047247
20
-3.7750131496062993
11
5.3541440944881886
21
-3.774437086614173
0
LINE
8
BLACK
6
CONTINUOUS
10
5.3541440944881886
20
-3.774437086614173
11
5.3545850000000002
21
-3.7733726771653542
0
LINE
8
BLACK
6
CONTINUOUS
10
5.3545850000000002
20
-3.7733726771653542
11
5.3553996456692916
21
-3.7725580314960627
0
LINE
8
BLACK
6
CONTINUOUS
10
5.3553996456692916
20
-3.7725580314960627
11
5.35646405511811
21
-3.7721171259842521
0
LINE
8
BLACK
6
CONTINUOUS
10
5.35646405511811
20
-3.7721171259842521
11
5.3576161811023617
21
-3.7721171259842521
0
LINE
8
BLACK
6
CONTINUOUS
10
5.3576161811023617
20
-3.7721171259842521
11
5.358680590551181
21
-3.7725580314960627
0
LINE
8
BLACK
6
CONTINUOUS
10
5.358680590551181
20
-3.7725580314960627
11
5.3594952362204724
21
-3.7733726771653542
0
LINE
8
BLACK
6
CONTINUOUS
10
5.3594952362204724
20
-3.7733726771653542
11
5.3599361417322831
21
-3.774437086614173
0
LINE
8
BLACK
6
CONTINUOUS
10
5.3599361417322831
20
-3.774437086614173
11
5.3599928740157479
21
-3.7750131496062993
0
LINE
8
BLACK
6
CONTINUOUS
10
5.3599928740157479
20
-3.7750131496062993
11
5.3599928740157479
21
-3.79751031496063
0
LINE
8
BLACK
6
CONTINUOUS
10
5.3599928740157479
20
-3.79751031496063
11
5.3599361417322831
21
-3.7980863779527558
0
LINE
8
BLACK
6
CONTINUOUS
10
5.3599361417322831
20
-3.7980863779527558
11
5.3594952362204724
21
-3.7991507874015746
0
LINE
8
BLACK
6
CONTINUOUS
10
5.3594952362204724
20
-3.7991507874015746
11
5.358680590551181
21
-3.7999654330708661
0
LINE
8
BLACK
6
CONTINUOUS
10
5.358680590551181
20
-3.7999654330708661
11
5.3576161811023617
21
-3.8004063385826772
0
LINE
8
BLACK
6
CONTINUOUS
10
5.3576161811023617
20
-3.8004063385826772
11
5.35646405511811
21
-3.8004063385826772
0
LINE
8
BLACK
6
CONTINUOUS
10
5.35646405511811
20
-3.8004063385826772
11
5.3553996456692916
21
-3.7999654330708661
0
LINE
8
BLACK
6
CONTINUOUS
10
5.3553996456692916
20
-3.7999654330708661
11
5.3545850000000002
21
-3.7991507874015746
0
LINE
8
BLACK
6
CONTINUOUS
10
5.3545850000000002
20
-3.7991507874015746
11
5.3541440944881886
21
-3.7980863779527558
0
LINE
8
BLACK
6
CONTINUOUS
10
5.3541440944881886
20
-3.7980863779527558
11
5.3540873622047247
21
-3.79751031496063
0
LINE
8
BLACK
6
CONTINUOUS
10
5.3540873622047247
20
-3.79751031496063
11
5.3540873622047247
21
-3.7892144881889762
0
LINE
8
BLACK
6
CONTINUOUS
10
5.3540873622047247
20
-3.7892144881889762
11
5.3176700393700784
21
-3.7892144881889762
0
LINE
8
BLACK
6
CONTINUOUS
10
5.3176700393700784
20
-3.7892144881889762
11
5.3176679527559054
21
-3.7892142519685037
0
LINE
8
BLACK
6
CONTINUOUS
10
5.3176679527559054
20
-3.7892142519685037
11
5.3176669291338579
21
-3.7892144881889762
0
LINE
8
BLACK
6
CONTINUOUS
10
5.3176669291338579
20
-3.7892144881889762
11
5.3176638976377948
21
-3.7892138582677166
0
LINE
8
BLACK
6
CONTINUOUS
10
5.3176638976377948
20
-3.7892138582677166
11
5.3170939763779526
21
-3.7891577559055118
0
LINE
8
BLACK
6
CONTINUOUS
10
5.3170939763779526
20
-3.7891577559055118
11
5.3168238582677168
21
-3.7890458661417323
0
LINE
8
BLACK
6
CONTINUOUS
10
5.3168238582677168
20
-3.7890458661417323
11
5.316537244094488
21
-3.7889885433070867
0
LINE
8
BLACK
6
CONTINUOUS
10
5.316537244094488
20
-3.7889885433070867
11
5.3162968503937007
21
-3.7888275590551181
0
LINE
8
BLACK
6
CONTINUOUS
10
5.3162968503937007
20
-3.7888275590551181
11
5.3160295669291333
21
-3.7887168503937008
0
LINE
8
BLACK
6
CONTINUOUS
10
5.3160295669291333
20
-3.7887168503937008
11
5.3158228346456688
21
-3.7885101181102363
0
LINE
8
BLACK
6
CONTINUOUS
10
5.3158228346456688
20
-3.7885101181102363
11
5.315579960629921
21
-3.7883474803149606
0
LINE
8
BLACK
6
CONTINUOUS
10
5.315579960629921
20
-3.7883474803149606
11
5.3154194488188979
21
-3.7881067322834645
0
LINE
8
BLACK
6
CONTINUOUS
10
5.3154194488188979
20
-3.7881067322834645
11
5.3152149212598427
21
-3.7879022047244093
0
LINE
8
BLACK
6
CONTINUOUS
10
5.3152149212598427
20
-3.7879022047244093
11
5.3151030314960632
21
-3.7876320866141731
0
LINE
8
BLACK
6
CONTINUOUS
10
5.3151030314960632
20
-3.7876320866141731
11
5.3149408661417326
21
-3.7873888582677164
0
LINE
8
BLACK
6
CONTINUOUS
10
5.3149408661417326
20
-3.7873888582677164
11
5.314884724409449
21
-3.7871050393700787
0
LINE
8
BLACK
6
CONTINUOUS
10
5.314884724409449
20
-3.7871050393700787
11
5.3147740157480312
21
-3.7868377952755905
0
LINE
8
BLACK
6
CONTINUOUS
10
5.3147740157480312
20
-3.7868377952755905
11
5.3147740157480312
21
-3.7865453937007874
0
LINE
8
BLACK
6
CONTINUOUS
10
5.3147740157480312
20
-3.7865453937007874
11
5.3147172834645664
21
-3.7862586220472441
0
LINE
8
BLACK
6
CONTINUOUS
10
5.3147172834645664
20
-3.7862586220472441
11
5.3147740157480312
21
-3.7859749606299213
0
LINE
8
BLACK
6
CONTINUOUS
10
5.3147740157480312
20
-3.7859749606299213
11
5.3147740157480312
21
-3.7856856692913383
0
LINE
8
BLACK
6
CONTINUOUS
10
5.3147740157480312
20
-3.7856856692913383
11
5.314885866141732
21
-3.7854155511811021
0
LINE
8
BLACK
6
CONTINUOUS
10
5.314885866141732
20
-3.7854155511811021
11
5.3149432283464568
21
-3.7851289370078738
0
LINE
8
BLACK
6
CONTINUOUS
10
5.3149432283464568
20
-3.7851289370078738
11
5.3151041732283462
21
-3.7848885433070865
0
LINE
8
BLACK
6
CONTINUOUS
10
5.3151041732283462
20
-3.7848885433070865
11
5.3152149212598427
21
-3.7846212598425195
0
LINE
8
BLACK
6
CONTINUOUS
10
5.3152149212598427
20
-3.7846212598425195
11
5.3154216141732284
21
-3.7844145275590551
0
LINE
8
BLACK
6
CONTINUOUS
10
5.3154216141732284
20
-3.7844145275590551
11
5.3155842913385829
21
-3.7841716535433072
0
LINE
8
BLACK
6
CONTINUOUS
10
5.3155842913385829
20
-3.7841716535433072
11
5.3160275196850391
21
-3.783808622047244
0
LINE
8
BLACK
6
CONTINUOUS
10
5.3160275196850391
20
-3.783808622047244
11
5.3160295669291333
21
-3.7838066141732281
0
LINE
8
BLACK
6
CONTINUOUS
10
5.3160295669291333
20
-3.7838066141732281
11
5.3160304330708659
21
-3.783806220472441
0
LINE
8
BLACK
6
CONTINUOUS
10
5.3160304330708659
20
-3.783806220472441
11
5.3160321259842522
21
-3.7838048818897638
0
LINE
8
BLACK
6
CONTINUOUS
10
5.3160321259842522
20
-3.7838048818897638
11
5.3214131496062995
21
-3.7802175196850394
0
LINE
8
BLACK
6
CONTINUOUS
10
5.3214131496062995
20
-3.7802175196850394
11
5.3246171259842514
21
-3.7770135826771654
0
LINE
8
BLACK
6
CONTINUOUS
10
5.3246171259842514
20
-3.7770135826771654
11
5.3262775984251967
21
-3.7736926377952753
0
LINE
8
BLACK
6
CONTINUOUS
10
5.3262775984251967
20
-3.7736926377952753
11
5.3265859448818897
21
-3.7732027559055119
0
LINE
8
BLACK
6
CONTINUOUS
10
5.3265859448818897
20
-3.7732027559055119
11
5.3274563385826772
21
-3.7724479133858266
0
LINE
8
BLACK
6
CONTINUOUS
10
5.3274563385826772
20
-3.7724479133858266
11
5.3285492913385823
21
-3.7720835826771655
0
LINE
8
BLACK
6
CONTINUOUS
10
5.3285492913385823
20
-3.7720835826771655
11
5.3296985039370082
21
-3.7721652362204723
0
LINE
8
BLACK
6
CONTINUOUS
10
6.2230367716535433
20
-3.758181338582677
11
6.2241021259842517
21
-3.7592466929133859
0
LINE
8
BLACK
6
CONTINUOUS
10
6.2241021259842517
20
-3.7592466929133859
11
6.2242519685039372
21
-3.7599999999999998
0
LINE
8
BLACK
6
CONTINUOUS
10
6.2242519685039372
20
-3.7599999999999998
11
6.2242519685039372
21
-3.7914960629921257
0
LINE
8
BLACK
6
CONTINUOUS
10
6.2242519685039372
20
-3.7914960629921257
11
6.2241021259842517
21
-3.7922493700787401
0
LINE
8
BLACK
6
CONTINUOUS
10
6.2241021259842517
20
-3.7922493700787401
11
6.2230367716535433
21
-3.7933147244094489
0
LINE
8
BLACK
6
CONTINUOUS
10
6.2230367716535433
20
-3.7933147244094489
11
6.2222834645669289
21
-3.7934645669291336
0
LINE
8
BLACK
6
CONTINUOUS
10
6.2222834645669289
20
-3.7934645669291336
11
6.1592913385826771
21
-3.7934645669291336
0
LINE
8
BLACK
6
CONTINUOUS
10
6.1592913385826771
20
-3.7934645669291336
11
6.1585380314960627
21
-3.7933147244094489
0
LINE
8
BLACK
6
CONTINUOUS
10
6.1585380314960627
20
-3.7933147244094489
11
6.1574726771653543
21
-3.7922493700787401
0
LINE
8
BLACK
6
CONTINUOUS
10
6.1574726771653543
20
-3.7922493700787401
11
6.1573228346456688
21
-3.7914960629921257
0
LINE
8
BLACK
6
CONTINUOUS
10
6.1573228346456688
20
-3.7914960629921257
11
6.1573228346456688
21
-3.7599999999999998
0
LINE
8
BLACK
6
CONTINUOUS
10
6.1573228346456688
20
-3.7599999999999998
11
6.1574726771653543
21
-3.7592466929133859
0
LINE
8
BLACK
6
CONTINUOUS
10
6.1574726771653543
20
-3.7592466929133859
11
6.1585380314960627
21
-3.758181338582677
0
LINE
8
BLACK
6
CONTINUOUS
10
6.1585380314960627
20
-3.758181338582677
11
6.1592913385826771
21
-3.7580314960629919
0
LINE
8
BLACK
6
CONTINUOUS
10
6.1592913385826771
20
-3.7580314960629919
11
6.2222834645669289
21
-3.7580314960629919
0
LINE
8
BLACK
6
CONTINUOUS
10
6.2222834645669289
20
-3.7580314960629919
11
6.2230367716535433
21
-3.758181338582677
0
LINE
8
BLACK
6
CONTINUOUS
10
6.1612598425196845
20
-3.7619685039370077
11
6.1612598425196845
21
-3.7895275590551178
0
LINE
8
BLACK
6
CONTINUOUS
10
6.1612598425196845
20
-3.7895275590551178
11
6.2203149606299215
21
-3.7895275590551178
0
LINE
8
BLACK
6
CONTINUOUS
10
6.2203149606299215
20
-3.7895275590551178
11
6.2203149606299215
21
-3.7619685039370077
0
LINE
8
BLACK
6
CONTINUOUS
10
6.2203149606299215
20
-3.7619685039370077
11
6.1612598425196845
21
-3.7619685039370077
0
LINE
8
BLACK
6
CONTINUOUS
10
4.9312382283464569
20
-3.7585231889763779
11
4.9323026377952752
21
-3.758964094488189
0
LINE
8
BLACK
6
CONTINUOUS
10
4.9323026377952752
20
-3.758964094488189
11
4.9331172834645667
21
-3.75977874015748
0
LINE
8
BLACK
6
CONTINUOUS
10
4.9331172834645667
20
-3.75977874015748
11
4.9335581889763782
21
-3.7608431496062993
0
LINE
8
BLACK
6
CONTINUOUS
10
4.9335581889763782
20
-3.7608431496062993
11
4.9336149212598421
21
-3.7614192125984252
0
LINE
8
BLACK
6
CONTINUOUS
10
4.9336149212598421
20
-3.7614192125984252
11
4.9336149212598421
21
-3.7764173228346456
0
LINE
8
BLACK
6
CONTINUOUS
10
4.9336149212598421
20
-3.7764173228346456
11
4.9335581889763782
21
-3.7769933858267715
0
LINE
8
BLACK
6
CONTINUOUS
10
4.9335581889763782
20
-3.7769933858267715
11
4.9335175984251967
21
-3.777091338582677
0
LINE
8
BLACK
6
CONTINUOUS
10
4.9335175984251967
20
-3.777091338582677
11
4.9335100787401576
21
-3.7771972440944883
0
LINE
8
BLACK
6
CONTINUOUS
10
4.9335100787401576
20
-3.7771972440944883
11
4.9333031889763781
21
-3.7777378346456691
0
LINE
8
BLACK
6
CONTINUOUS
10
4.9333031889763781
20
-3.7777378346456691
11
4.9314284251968505
21
-3.7814873622047243
0
LINE
8
BLACK
6
CONTINUOUS
10
4.9314284251968505
20
-3.7814873622047243
11
4.9312723228346451
21
-3.7817353543307086
0
LINE
8
BLACK
6
CONTINUOUS
10
4.9312723228346451
20
-3.7817353543307086
11
4.9312425196850391
21
-3.7818073228346454
0
LINE
8
BLACK
6
CONTINUOUS
10
4.9312425196850391
20
-3.7818073228346454
11
4.931176062992126
21
-3.7818882677165355
0
LINE
8
BLACK
6
CONTINUOUS
10
4.931176062992126
20
-3.7818882677165355
11
4.9311200787401575
21
-3.7819772440944881
0
LINE
8
BLACK
6
CONTINUOUS
10
4.9311200787401575
20
-3.7819772440944881
11
4.9310610236220471
21
-3.7820284251968501
0
LINE
8
BLACK
6
CONTINUOUS
10
4.9310610236220471
20
-3.7820284251968501
11
4.9308752755905507
21
-3.7822548031496064
0
LINE
8
BLACK
6
CONTINUOUS
10
4.9308752755905507
20
-3.7822548031496064
11
4.9290004724409444
21
-3.7841295669291339
0
LINE
8
BLACK
6
CONTINUOUS
10
4.9290004724409444
20
-3.7841295669291339
11
4.9287741338582673
21
-3.7843152755905511
0
LINE
8
BLACK
6
CONTINUOUS
10
4.9287741338582673
20
-3.7843152755905511
11
4.9287229921259845
21
-3.7843742913385827
0
LINE
8
BLACK
6
CONTINUOUS
10
4.9287229921259845
20
-3.7843742913385827
11
4.9286340551181098
21
-3.7844302362204725
0
LINE
8
BLACK
6
CONTINUOUS
10
4.9286340551181098
20
-3.7844302362204725
11
4.9285530314960626
21
-3.7844967716535431
0
LINE
8
BLACK
6
CONTINUOUS
10
4.9285530314960626
20
-3.7844967716535431
11
4.9284809842519683
21
-3.7845265748031496
0
LINE
8
BLACK
6
CONTINUOUS
10
4.9284809842519683
20
-3.7845265748031496
11
4.9282331102362207
21
-3.7846826377952754
0
LINE
8
BLACK
6
CONTINUOUS
10
4.9282331102362207
20
-3.7846826377952754
11
4.9244835826771656
21
-3.7865574015748029
0
LINE
8
BLACK
6
CONTINUOUS
10
4.9244835826771656
20
-3.7865574015748029
11
4.9239429527559055
21
-3.7867642913385824
0
LINE
8
BLACK
6
CONTINUOUS
10
4.9239429527559055
20
-3.7867642913385824
11
4.9238371259842522
21
-3.7867717716535432
0
LINE
8
BLACK
6
CONTINUOUS
10
4.9238371259842522
20
-3.7867717716535432
11
4.9237391338582679
21
-3.786812401574803
0
LINE
8
BLACK
6
CONTINUOUS
10
4.9237391338582679
20
-3.786812401574803
11
4.923163070866142
21
-3.7868691338582678
0
LINE
8
BLACK
6
CONTINUOUS
10
4.923163070866142
20
-3.7868691338582678
11
4.9175387795275594
21
-3.7868691338582678
0
LINE
8
BLACK
6
CONTINUOUS
10
4.9175387795275594
20
-3.7868691338582678
11
4.9169627165354326
21
-3.786812401574803
0
LINE
8
BLACK
6
CONTINUOUS
10
4.9169627165354326
20
-3.786812401574803
11
4.9168647244094483
21
-3.7867718110236219
0
LINE
8
BLACK
6
CONTINUOUS
10
4.9168647244094483
20
-3.7867718110236219
11
4.9167588582677162
21
-3.7867642913385824
0
LINE
8
BLACK
6
CONTINUOUS
10
4.9167588582677162
20
-3.7867642913385824
11
4.9162182677165349
21
-3.7865574015748029
0
LINE
8
BLACK
6
CONTINUOUS
10
4.9162182677165349
20
-3.7865574015748029
11
4.9124687401574798
21
-3.7846826377952754
0
LINE
8
BLACK
6
CONTINUOUS
10
4.9124687401574798
20
-3.7846826377952754
11
4.9122207086614171
21
-3.7845265354330708
0
LINE
8
BLACK
6
CONTINUOUS
10
4.9122207086614171
20
-3.7845265354330708
11
4.9121487795275591
21
-3.7844967322834644
0
LINE
8
BLACK
6
CONTINUOUS
10
4.9121487795275591
20
-3.7844967322834644
11
4.9120677952755907
21
-3.7844302362204725
0
LINE
8
BLACK
6
CONTINUOUS
10
4.9120677952755907
20
-3.7844302362204725
11
4.9119788582677169
21
-3.7843742913385827
0
LINE
8
BLACK
6
CONTINUOUS
10
4.9119788582677169
20
-3.7843742913385827
11
4.9119276771653544
21
-3.7843152755905511
0
LINE
8
BLACK
6
CONTINUOUS
10
4.9119276771653544
20
-3.7843152755905511
11
4.9117013385826773
21
-3.7841295275590552
0
LINE
8
BLACK
6
CONTINUOUS
10
4.9117013385826773
20
-3.7841295275590552
11
4.9098265748031498
21
-3.7822547637795276
0
LINE
8
BLACK
6
CONTINUOUS
10
4.9098265748031498
20
-3.7822547637795276
11
4.9094593700787401
21
-3.7818073228346454
0
LINE
8
BLACK
6
CONTINUOUS
10
4.9094593700787401
20
-3.7818073228346454
11
4.9094187401574798
21
-3.781709251968504
0
LINE
8
BLACK
6
CONTINUOUS
10
4.9094187401574798
20
-3.781709251968504
11
4.9093492519685036
21
-3.7816291338582677
0
LINE
8
BLACK
6
CONTINUOUS
10
4.9093492519685036
20
-3.7816291338582677
11
4.9092425984251964
21
-3.7813902362204725
0
LINE
8
BLACK
6
CONTINUOUS
10
4.9092425984251964
20
-3.7813902362204725
11
4.9083781102362201
21
-3.7822547637795276
0
LINE
8
BLACK
6
CONTINUOUS
10
4.9083781102362201
20
-3.7822547637795276
11
4.9081517322834642
21
-3.7824405118110236
0
LINE
8
BLACK
6
CONTINUOUS
10
4.9081517322834642
20
-3.7824405118110236
11
4.9081005905511814
21
-3.7824995275590552
0
LINE
8
BLACK
6
CONTINUOUS
10
4.9081005905511814
20
-3.7824995275590552
11
4.908011614173228
21
-3.7825554724409449
0
LINE
8
BLACK
6
CONTINUOUS
10
4.908011614173228
20
-3.7825554724409449
11
4.9079306692913383
21
-3.7826219685039368
0
LINE
8
BLACK
6
CONTINUOUS
10
4.9079306692913383
20
-3.7826219685039368
11
4.9078587007874015
21
-3.7826517716535433
0
LINE
8
BLACK
6
CONTINUOUS
10
4.9078587007874015
20
-3.7826517716535433
11
4.9076107086614176
21
-3.7828078740157478
0
LINE
8
BLACK
6
CONTINUOUS
10
4.9076107086614176
20
-3.7828078740157478
11
4.9038611811023625
21
-3.7846826377952754
0
LINE
8
BLACK
6
CONTINUOUS
10
4.9038611811023625
20
-3.7846826377952754
11
4.9033205511811024
21
-3.7848895275590548
0
LINE
8
BLACK
6
CONTINUOUS
10
4.9033205511811024
20
-3.7848895275590548
11
4.9032147244094491
21
-3.7848970078740156
0
LINE
8
BLACK
6
CONTINUOUS
10
4.9032147244094491
20
-3.7848970078740156
11
4.9031167322834648
21
-3.7849376377952755
0
LINE
8
BLACK
6
CONTINUOUS
10
4.9031167322834648
20
-3.7849376377952755
11
4.9025406692913389
21
-3.7849943700787403
0
LINE
8
BLACK
6
CONTINUOUS
10
4.9025406692913389
20
-3.7849943700787403
11
4.8987911417322829
21
-3.7849943700787403
0
LINE
8
BLACK
6
CONTINUOUS
10
4.8987911417322829
20
-3.7849943700787403
11
4.898215078740157
21
-3.7849376377952755
0
LINE
8
BLACK
6
CONTINUOUS
10
4.898215078740157
20
-3.7849376377952755
11
4.8981170866141728
21
-3.7848970472440944
0
LINE
8
BLACK
6
CONTINUOUS
10
4.8981170866141728
20
-3.7848970472440944
11
4.8980112204724406
21
-3.7848895275590548
0
LINE
8
BLACK
6
CONTINUOUS
10
4.8980112204724406
20
-3.7848895275590548
11
4.8974706299212594
21
-3.7846826377952754
0
LINE
8
BLACK
6
CONTINUOUS
10
4.8974706299212594
20
-3.7846826377952754
11
4.8937211023622043
21
-3.7828078740157478
0
LINE
8
BLACK
6
CONTINUOUS
10
4.8937211023622043
20
-3.7828078740157478
11
4.8934730708661416
21
-3.7826517716535433
0
LINE
8
BLACK
6
CONTINUOUS
10
4.8934730708661416
20
-3.7826517716535433
11
4.8934011417322836
21
-3.7826219685039368
0
LINE
8
BLACK
6
CONTINUOUS
10
4.8934011417322836
20
-3.7826219685039368
11
4.8933201574803151
21
-3.7825554724409449
0
LINE
8
BLACK
6
CONTINUOUS
10
4.8933201574803151
20
-3.7825554724409449
11
4.8932312204724404
21
-3.7824995275590552
0
LINE
8
BLACK
6
CONTINUOUS
10
4.8932312204724404
20
-3.7824995275590552
11
4.8931800393700788
21
-3.7824405118110236
0
LINE
8
BLACK
6
CONTINUOUS
10
4.8931800393700788
20
-3.7824405118110236
11
4.8929537007874018
21
-3.7822547637795276
0
LINE
8
BLACK
6
CONTINUOUS
10
4.8929537007874018
20
-3.7822547637795276
11
4.8910789370078742
21
-3.7803800000000001
0
LINE
8
BLACK
6
CONTINUOUS
10
4.8910789370078742
20
-3.7803800000000001
11
4.8908931496062991
21
-3.7801536220472438
0
LINE
8
BLACK
6
CONTINUOUS
10
4.8908931496062991
20
-3.7801536220472438
11
4.8908341732283462
21
-3.7801024803149605
0
LINE
8
BLACK
6
CONTINUOUS
10
4.8908341732283462
20
-3.7801024803149605
11
4.8907781889763777
21
-3.780013503937008
0
LINE
8
BLACK
6
CONTINUOUS
10
4.8907781889763777
20
-3.780013503937008
11
4.8907117322834646
21
-3.7799325590551178
0
LINE
8
BLACK
6
CONTINUOUS
10
4.8907117322834646
20
-3.7799325590551178
11
4.8906818897637798
21
-3.7798605905511811
0
LINE
8
BLACK
6
CONTINUOUS
10
4.8906818897637798
20
-3.7798605905511811
11
4.8905258267716532
21
-3.7796125984251967
0
LINE
8
BLACK
6
CONTINUOUS
10
4.8905258267716532
20
-3.7796125984251967
11
4.8886510629921256
21
-3.7758630708661416
0
LINE
8
BLACK
6
CONTINUOUS
10
4.8886510629921256
20
-3.7758630708661416
11
4.8884441732283461
21
-3.775322440944882
0
LINE
8
BLACK
6
CONTINUOUS
10
4.8884441732283461
20
-3.775322440944882
11
4.888436653543307
21
-3.7752166141732282
0
LINE
8
BLACK
6
CONTINUOUS
10
4.888436653543307
20
-3.7752166141732282
11
4.8883960629921255
21
-3.7751186220472439
0
LINE
8
BLACK
6
CONTINUOUS
10
4.8883960629921255
20
-3.7751186220472439
11
4.8883393307086616
21
-3.774542559055118
0
LINE
8
BLACK
6
CONTINUOUS
10
4.8883393307086616
20
-3.774542559055118
11
4.8883393307086616
21
-3.7614192125984252
0
LINE
8
BLACK
6
CONTINUOUS
10
4.8883393307086616
20
-3.7614192125984252
11
4.8883960629921255
21
-3.7608431496062993
0
LINE
8
BLACK
6
CONTINUOUS
10
4.8883960629921255
20
-3.7608431496062993
11
4.888836968503937
21
-3.75977874015748
0
LINE
8
BLACK
6
CONTINUOUS
10
4.888836968503937
20
-3.75977874015748
11
4.8896516141732285
21
-3.758964094488189
0
LINE
8
BLACK
6
CONTINUOUS
10
4.8896516141732285
20
-3.758964094488189
11
4.8907160236220468
21
-3.7585231889763779
0
LINE
8
BLACK
6
CONTINUOUS
10
4.8907160236220468
20
-3.7585231889763779
11
4.8912920866141727
21
-3.7584664566929131
0
LINE
8
BLACK
6
CONTINUOUS
10
4.8912920866141727
20
-3.7584664566929131
11
4.930662165354331
21
-3.7584664566929131
0
LINE
8
BLACK
6
CONTINUOUS
10
4.930662165354331
20
-3.7584664566929131
11
4.9312382283464569
21
-3.7585231889763779
0
LINE
8
BLACK
6
CONTINUOUS
10
4.9129924803149603
20
-3.7740633858267714
11
4.9144952755905509
21
-3.7785718110236219
0
LINE
8
BLACK
6
CONTINUOUS
10
4.9144952755905509
20
-3.7785718110236219
11
4.9155383464566924
21
-3.7796148818897639
0
LINE
8
BLACK
6
CONTINUOUS
10
4.9155383464566924
20
-3.7796148818897639
11
4.9182358267716531
21
-3.7809636220472438
0
LINE
8
BLACK
6
CONTINUOUS
10
4.9182358267716531
20
-3.7809636220472438
11
4.9224660236220474
21
-3.7809636220472438
0
LINE
8
BLACK
6
CONTINUOUS
10
4.9224660236220474
20
-3.7809636220472438
11
4.9251635039370081
21
-3.7796148425196852
0
LINE
8
BLACK
6
CONTINUOUS
10
4.9251635039370081
20
-3.7796148425196852
11
4.9263606692913386
21
-3.7784177165354329
0
LINE
8
BLACK
6
CONTINUOUS
10
4.9263606692913386
20
-3.7784177165354329
11
4.927709409448819
21
-3.775720275590551
0
LINE
8
BLACK
6
CONTINUOUS
10
4.927709409448819
20
-3.775720275590551
11
4.927709409448819
21
-3.7643719685039367
0
LINE
8
BLACK
6
CONTINUOUS
10
4.927709409448819
20
-3.7643719685039367
11
4.9129924803149603
21
-3.7643719685039367
0
LINE
8
BLACK
6
CONTINUOUS
10
4.9129924803149603
20
-3.7643719685039367
11
4.9129924803149603
21
-3.7740633858267714
0
LINE
8
BLACK
6
CONTINUOUS
10
4.8942448425196847
20
-3.7738455118110235
11
4.895593582677165
21
-3.7765429921259841
0
LINE
8
BLACK
6
CONTINUOUS
10
4.895593582677165
20
-3.7765429921259841
11
4.8967907086614169
21
-3.7777401181102364
0
LINE
8
BLACK
6
CONTINUOUS
10
4.8967907086614169
20
-3.7777401181102364
11
4.8994881889763775
21
-3.7790888582677162
0
LINE
8
BLACK
6
CONTINUOUS
10
4.8994881889763775
20
-3.7790888582677162
11
4.9018436220472443
21
-3.7790888582677162
0
LINE
8
BLACK
6
CONTINUOUS
10
4.9018436220472443
20
-3.7790888582677162
11
4.904541102362205
21
-3.7777401181102364
0
LINE
8
BLACK
6
CONTINUOUS
10
4.904541102362205
20
-3.7777401181102364
11
4.9057382283464568
21
-3.7765429921259841
0
LINE
8
BLACK
6
CONTINUOUS
10
4.9057382283464568
20
-3.7765429921259841
11
4.9070869685039371
21
-3.7738455118110235
0
LINE
8
BLACK
6
CONTINUOUS
10
4.9070869685039371
20
-3.7738455118110235
11
4.9070869685039371
21
-3.7643719685039367
0
LINE
8
BLACK
6
CONTINUOUS
10
4.9070869685039371
20
-3.7643719685039367
11
4.8942448425196847
21
-3.7643719685039367
0
LINE
8
BLACK
6
CONTINUOUS
10
4.8942448425196847
20
-3.7643719685039367
11
4.8942448425196847
21
-3.7738455118110235
0
LINE
8
BLACK
6
CONTINUOUS
10
5.3060682677165349
20
-3.7376892125984251
11
5.3071336220472443
21
-3.738754566929134
0
LINE
8
BLACK
6
CONTINUOUS
10
5.3071336220472443
20
-3.738754566929134
11
5.3072834645669289
21
-3.7395078740157479
0
LINE
8
BLACK
6
CONTINUOUS
10
5.3072834645669289
20
-3.7395078740157479
11
5.3072834645669289
21
-3.771988188976378
0
LINE
8
BLACK
6
CONTINUOUS
10
5.3072834645669289
20
-3.771988188976378
11
5.3071336220472443
21
-3.7727414960629919
0
LINE
8
BLACK
6
CONTINUOUS
10
5.3071336220472443
20
-3.7727414960629919
11
5.3060682677165349
21
-3.7738068503937008
0
LINE
8
BLACK
6
CONTINUOUS
10
5.3060682677165349
20
-3.7738068503937008
11
5.3053149606299215
21
-3.7739566929133859
0
LINE
8
BLACK
6
CONTINUOUS
10
5.3053149606299215
20
-3.7739566929133859
11
5.2423228346456696
21
-3.7739566929133859
0
LINE
8
BLACK
6
CONTINUOUS
10
5.2423228346456696
20
-3.7739566929133859
11
5.2415695275590553
21
-3.7738068503937008
0
LINE
8
BLACK
6
CONTINUOUS
10
5.2415695275590553
20
-3.7738068503937008
11
5.2405041732283459
21
-3.7727414960629919
0
LINE
8
BLACK
6
CONTINUOUS
10
5.2405041732283459
20
-3.7727414960629919
11
5.2403543307086613
21
-3.771988188976378
0
LINE
8
BLACK
6
CONTINUOUS
10
5.2403543307086613
20
-3.771988188976378
11
5.2403543307086613
21
-3.7395078740157479
0
LINE
8
BLACK
6
CONTINUOUS
10
5.2403543307086613
20
-3.7395078740157479
11
5.2405041732283459
21
-3.738754566929134
0
LINE
8
BLACK
6
CONTINUOUS
10
5.2405041732283459
20
-3.738754566929134
11
5.2415695275590553
21
-3.7376892125984251
0
LINE
8
BLACK
6
CONTINUOUS
10
5.2415695275590553
20
-3.7376892125984251
11
5.2423228346456696
21
-3.73753937007874
0
LINE
8
BLACK
6
CONTINUOUS
10
5.2423228346456696
20
-3.73753937007874
11
5.3053149606299215
21
-3.73753937007874
0
LINE
8
BLACK
6
CONTINUOUS
10
5.3053149606299215
20
-3.73753937007874
11
5.3060682677165349
21
-3.7376892125984251
0
LINE
8
BLACK
6
CONTINUOUS
10
5.244291338582677
20
-3.7414763779527558
11
5.244291338582677
21
-3.7700196850393701
0
LINE
8
BLACK
6
CONTINUOUS
10
5.244291338582677
20
-3.7700196850393701
11
5.3033464566929132
21
-3.7700196850393701
0
LINE
8
BLACK
6
CONTINUOUS
10
5.3033464566929132
20
-3.7700196850393701
11
5.3033464566929132
21
-3.7414763779527558
0
LINE
8
BLACK
6
CONTINUOUS
10
5.3033464566929132
20
-3.7414763779527558
11
5.244291338582677
21
-3.7414763779527558
0
LINE
8
BLACK
6
CONTINUOUS
10
6.3803596062992121
20
-3.7073545669291339
11
6.3814249606299214
21
-3.7084199212598423
0
LINE
8
BLACK
6
CONTINUOUS
10
6.3814249606299214
20
-3.7084199212598423
11
6.381574803149606
21
-3.7091732283464567
0
LINE
8
BLACK
6
CONTINUOUS
10
6.381574803149606
20
-3.7091732283464567
11
6.381574803149606
21
-3.7426377952755905
0
LINE
8
BLACK
6
CONTINUOUS
10
6.381574803149606
20
-3.7426377952755905
11
6.3814249606299214
21
-3.7433911023622048
0
LINE
8
BLACK
6
CONTINUOUS
10
6.3814249606299214
20
-3.7433911023622048
11
6.3809982283464564
21
-3.7440297244094487
0
LINE
8
BLACK
6
CONTINUOUS
10
6.3809982283464564
20
-3.7440297244094487
11
6.3613131889763777
21
-3.7637147637795274
0
LINE
8
BLACK
6
CONTINUOUS
10
6.3613131889763777
20
-3.7637147637795274
11
6.3606745669291334
21
-3.764141496062992
0
LINE
8
BLACK
6
CONTINUOUS
10
6.3606745669291334
20
-3.764141496062992
11
6.3599212598425199
21
-3.7642913385826771
0
LINE
8
BLACK
6
CONTINUOUS
10
6.3599212598425199
20
-3.7642913385826771
11
6.2929921259842514
21
-3.7642913385826771
0
LINE
8
BLACK
6
CONTINUOUS
10
6.2929921259842514
20
-3.7642913385826771
11
6.2922388188976379
21
-3.764141496062992
0
LINE
8
BLACK
6
CONTINUOUS
10
6.2922388188976379
20
-3.764141496062992
11
6.2911734645669286
21
-3.7630761417322836
0
LINE
8
BLACK
6
CONTINUOUS
10
6.2911734645669286
20
-3.7630761417322836
11
6.291023622047244
21
-3.7623228346456692
0
LINE
8
BLACK
6
CONTINUOUS
10
6.291023622047244
20
-3.7623228346456692
11
6.291023622047244
21
-3.7091732283464567
0
LINE
8
BLACK
6
CONTINUOUS
10
6.291023622047244
20
-3.7091732283464567
11
6.2911734645669286
21
-3.7084199212598423
0
LINE
8
BLACK
6
CONTINUOUS
10
6.2911734645669286
20
-3.7084199212598423
11
6.2922388188976379
21
-3.7073545669291339
0
LINE
8
BLACK
6
CONTINUOUS
10
6.2922388188976379
20
-3.7073545669291339
11
6.2929921259842514
21
-3.7072047244094488
0
LINE
8
BLACK
6
CONTINUOUS
10
6.2929921259842514
20
-3.7072047244094488
11
6.3796062992125986
21
-3.7072047244094488
0
LINE
8
BLACK
6
CONTINUOUS
10
6.3796062992125986
20
-3.7072047244094488
11
6.3803596062992121
21
-3.7073545669291339
0
LINE
8
BLACK
6
CONTINUOUS
10
6.2949606299212597
20
-3.7111417322834646
11
6.2949606299212597
21
-3.7603543307086613
0
LINE
8
BLACK
6
CONTINUOUS
10
6.2949606299212597
20
-3.7603543307086613
11
6.3591059055118109
21
-3.7603543307086613
0
LINE
8
BLACK
6
CONTINUOUS
10
6.3591059055118109
20
-3.7603543307086613
11
6.3776377952755903
21
-3.7418224409448819
0
LINE
8
BLACK
6
CONTINUOUS
10
6.3776377952755903
20
-3.7418224409448819
11
6.3776377952755903
21
-3.7111417322834646
0
LINE
8
BLACK
6
CONTINUOUS
10
6.3776377952755903
20
-3.7111417322834646
11
6.2949606299212597
21
-3.7111417322834646
0
LINE
8
BLACK
6
CONTINUOUS
10
5.3296985039370082
20
-3.7346699212598424
11
5.3307290157480312
21
-3.7351851968503937
0
LINE
8
BLACK
6
CONTINUOUS
10
5.3307290157480312
20
-3.7351851968503937
11
5.331483858267716
21
-3.7360555511811024
0
LINE
8
BLACK
6
CONTINUOUS
10
5.331483858267716
20
-3.7360555511811024
11
5.3318481889763776
21
-3.7371485433070863
0
LINE
8
BLACK
6
CONTINUOUS
10
5.3318481889763776
20
-3.7371485433070863
11
5.3317665354330703
21
-3.7382977559055117
0
LINE
8
BLACK
6
CONTINUOUS
10
5.3317665354330703
20
-3.7382977559055117
11
5.3315596456692909
21
-3.738838346456693
0
LINE
8
BLACK
6
CONTINUOUS
10
5.3315596456692909
20
-3.738838346456693
11
5.3296848818897633
21
-3.7425878740157481
0
LINE
8
BLACK
6
CONTINUOUS
10
5.3296848818897633
20
-3.7425878740157481
11
5.3295288582677163
21
-3.7428356692913387
0
LINE
8
BLACK
6
CONTINUOUS
10
5.3295288582677163
20
-3.7428356692913387
11
5.3294990157480315
21
-3.7429078346456692
0
LINE
8
BLACK
6
CONTINUOUS
10
5.3294990157480315
20
-3.7429078346456692
11
5.3294324015748034
21
-3.7429889763779527
0
LINE
8
BLACK
6
CONTINUOUS
10
5.3294324015748034
20
-3.7429889763779527
11
5.3293765354330711
21
-3.7430777559055115
0
LINE
8
BLACK
6
CONTINUOUS
10
5.3293765354330711
20
-3.7430777559055115
11
5.329317598425197
21
-3.7431288582677165
0
LINE
8
BLACK
6
CONTINUOUS
10
5.329317598425197
20
-3.7431288582677165
11
5.3291317716535431
21
-3.743355275590551
0
LINE
8
BLACK
6
CONTINUOUS
10
5.3291317716535431
20
-3.743355275590551
11
5.3266733858267719
21
-3.7458136614173227
0
LINE
8
BLACK
6
CONTINUOUS
10
5.3266733858267719
20
-3.7458136614173227
11
5.3540873622047247
21
-3.7458136614173227
0
LINE
8
BLACK
6
CONTINUOUS
10
5.3540873622047247
20
-3.7458136614173227
11
5.3540873622047247
21
-3.737517834645669
0
LINE
8
BLACK
6
CONTINUOUS
10
5.3540873622047247
20
-3.737517834645669
11
5.3541440944881886
21
-3.7369417716535431
0
LINE
8
BLACK
6
CONTINUOUS
10
5.3541440944881886
20
-3.7369417716535431
11
5.3545850000000002
21
-3.7358773622047243
0
LINE
8
BLACK
6
CONTINUOUS
10
5.3545850000000002
20
-3.7358773622047243
11
5.3553996456692916
21
-3.7350627165354329
0
LINE
8
BLACK
6
CONTINUOUS
10
5.3553996456692916
20
-3.7350627165354329
11
5.35646405511811
21
-3.7346218110236218
0
LINE
8
BLACK
6
CONTINUOUS
10
5.35646405511811
20
-3.7346218110236218
11
5.3576161811023617
21
-3.7346218110236218
0
LINE
8
BLACK
6
CONTINUOUS
10
5.3576161811023617
20
-3.7346218110236218
11
5.358680590551181
21
-3.7350627165354329
0
LINE
8
BLACK
6
CONTINUOUS
10
5.358680590551181
20
-3.7350627165354329
11
5.3594952362204724
21
-3.7358773622047243
0
LINE
8
BLACK
6
CONTINUOUS
10
5.3594952362204724
20
-3.7358773622047243
11
5.3599361417322831
21
-3.7369417716535431
0
LINE
8
BLACK
6
CONTINUOUS
10
5.3599361417322831
20
-3.7369417716535431
11
5.3599928740157479
21
-3.737517834645669
0
LINE
8
BLACK
6
CONTINUOUS
10
5.3599928740157479
20
-3.737517834645669
11
5.3599928740157479
21
-3.7600150000000001
0
LINE
8
BLACK
6
CONTINUOUS
10
5.3599928740157479
20
-3.7600150000000001
11
5.3599361417322831
21
-3.760591062992126
0
LINE
8
BLACK
6
CONTINUOUS
10
5.3599361417322831
20
-3.760591062992126
11
5.3594952362204724
21
-3.7616554724409448
0
LINE
8
BLACK
6
CONTINUOUS
10
5.3594952362204724
20
-3.7616554724409448
11
5.358680590551181
21
-3.7624701181102362
0
LINE
8
BLACK
6
CONTINUOUS
10
5.358680590551181
20
-3.7624701181102362
11
5.3576161811023617
21
-3.7629110236220473
0
LINE
8
BLACK
6
CONTINUOUS
10
5.3576161811023617
20
-3.7629110236220473
11
5.35646405511811
21
-3.7629110236220473
0
LINE
8
BLACK
6
CONTINUOUS
10
5.35646405511811
20
-3.7629110236220473
11
5.3553996456692916
21
-3.7624701181102362
0
LINE
8
BLACK
6
CONTINUOUS
10
5.3553996456692916
20
-3.7624701181102362
11
5.3545850000000002
21
-3.7616554724409448
0
LINE
8
BLACK
6
CONTINUOUS
10
5.3545850000000002
20
-3.7616554724409448
11
5.3541440944881886
21
-3.760591062992126
0
LINE
8
BLACK
6
CONTINUOUS
10
5.3541440944881886
20
-3.760591062992126
11
5.3540873622047247
21
-3.7600150000000001
0
LINE
8
BLACK
6
CONTINUOUS
10
5.3540873622047247
20
-3.7600150000000001
11
5.3540873622047247
21
-3.7517191732283464
0
LINE
8
BLACK
6
CONTINUOUS
10
5.3540873622047247
20
-3.7517191732283464
11
5.3176700393700784
21
-3.7517191732283464
0
LINE
8
BLACK
6
CONTINUOUS
10
5.3176700393700784
20
-3.7517191732283464
11
5.3176679527559054
21
-3.7517189370078738
0
LINE
8
BLACK
6
CONTINUOUS
10
5.3176679527559054
20
-3.7517189370078738
11
5.3176669291338579
21
-3.7517191732283464
0
LINE
8
BLACK
6
CONTINUOUS
10
5.3176669291338579
20
-3.7517191732283464
11
5.3176638976377948
21
-3.7517185433070863
0
LINE
8
BLACK
6
CONTINUOUS
10
5.3176638976377948
20
-3.7517185433070863
11
5.3170939763779526
21
-3.751662440944882
0
LINE
8
BLACK
6
CONTINUOUS
10
5.3170939763779526
20
-3.751662440944882
11
5.3168238582677168
21
-3.7515505511811025
0
LINE
8
BLACK
6
CONTINUOUS
10
5.3168238582677168
20
-3.7515505511811025
11
5.316537244094488
21
-3.7514932283464568
0
LINE
8
BLACK
6
CONTINUOUS
10
5.316537244094488
20
-3.7514932283464568
11
5.3162968503937007
21
-3.7513322440944883
0
LINE
8
BLACK
6
CONTINUOUS
10
5.3162968503937007
20
-3.7513322440944883
11
5.3160295669291333
21
-3.7512215354330709
0
LINE
8
BLACK
6
CONTINUOUS
10
5.3160295669291333
20
-3.7512215354330709
11
5.3158228346456688
21
-3.751014803149606
0
LINE
8
BLACK
6
CONTINUOUS
10
5.3158228346456688
20
-3.751014803149606
11
5.315579960629921
21
-3.7508521653543307
0
LINE
8
BLACK
6
CONTINUOUS
10
5.315579960629921
20
-3.7508521653543307
11
5.3154194488188979
21
-3.7506114173228347
0
LINE
8
BLACK
6
CONTINUOUS
10
5.3154194488188979
20
-3.7506114173228347
11
5.3152149212598427
21
-3.7504068897637794
0
LINE
8
BLACK
6
CONTINUOUS
10
5.3152149212598427
20
-3.7504068897637794
11
5.3151030314960632
21
-3.7501367716535432
0
LINE
8
BLACK
6
CONTINUOUS
10
5.3151030314960632
20
-3.7501367716535432
11
5.3149408661417326
21
-3.7498935433070866
0
LINE
8
BLACK
6
CONTINUOUS
10
5.3149408661417326
20
-3.7498935433070866
11
5.314884724409449
21
-3.7496097244094488
0
LINE
8
BLACK
6
CONTINUOUS
10
5.314884724409449
20
-3.7496097244094488
11
5.3147740157480312
21
-3.7493424803149606
0
LINE
8
BLACK
6
CONTINUOUS
10
5.3147740157480312
20
-3.7493424803149606
11
5.3147740157480312
21
-3.7490500787401575
0
LINE
8
BLACK
6
CONTINUOUS
10
5.3147740157480312
20
-3.7490500787401575
11
5.3147172834645664
21
-3.7487633070866142
0
LINE
8
BLACK
6
CONTINUOUS
10
5.3147172834645664
20
-3.7487633070866142
11
5.3147740157480312
21
-3.748479645669291
0
LINE
8
BLACK
6
CONTINUOUS
10
5.3147740157480312
20
-3.748479645669291
11
5.3147740157480312
21
-3.7481903543307085
0
LINE
8
BLACK
6
CONTINUOUS
10
5.3147740157480312
20
-3.7481903543307085
11
5.314885866141732
21
-3.7479202362204722
0
LINE
8
BLACK
6
CONTINUOUS
10
5.314885866141732
20
-3.7479202362204722
11
5.3149432283464568
21
-3.7476336220472439
0
LINE
8
BLACK
6
CONTINUOUS
10
5.3149432283464568
20
-3.7476336220472439
11
5.3151041732283462
21
-3.7473932283464566
0
LINE
8
BLACK
6
CONTINUOUS
10
5.3151041732283462
20
-3.7473932283464566
11
5.3152149212598427
21
-3.7471259448818897
0
LINE
8
BLACK
6
CONTINUOUS
10
5.3152149212598427
20
-3.7471259448818897
11
5.3154216141732284
21
-3.7469192125984252
0
LINE
8
BLACK
6
CONTINUOUS
10
5.3154216141732284
20
-3.7469192125984252
11
5.3155842913385829
21
-3.7466763385826769
0
LINE
8
BLACK
6
CONTINUOUS
10
5.3155842913385829
20
-3.7466763385826769
11
5.3160275196850391
21
-3.7463133070866141
0
LINE
8
BLACK
6
CONTINUOUS
10
5.3160275196850391
20
-3.7463133070866141
11
5.3160295669291333
21
-3.7463112992125982
0
LINE
8
BLACK
6
CONTINUOUS
10
5.3160295669291333
20
-3.7463112992125982
11
5.3160304330708659
21
-3.7463109055118111
0
LINE
8
BLACK
6
CONTINUOUS
10
5.3160304330708659
20
-3.7463109055118111
11
5.3160321259842522
21
-3.746309566929134
0
LINE
8
BLACK
6
CONTINUOUS
10
5.3160321259842522
20
-3.746309566929134
11
5.3214131496062995
21
-3.7427222047244095
0
LINE
8
BLACK
6
CONTINUOUS
10
5.3214131496062995
20
-3.7427222047244095
11
5.3246171259842514
21
-3.7395182677165355
0
LINE
8
BLACK
6
CONTINUOUS
10
5.3246171259842514
20
-3.7395182677165355
11
5.3262775984251967
21
-3.7361973228346455
0
LINE
8
BLACK
6
CONTINUOUS
10
5.3262775984251967
20
-3.7361973228346455
11
5.3265859448818897
21
-3.7357074409448816
0
LINE
8
BLACK
6
CONTINUOUS
10
5.3265859448818897
20
-3.7357074409448816
11
5.3274563385826772
21
-3.7349525984251968
0
LINE
8
BLACK
6
CONTINUOUS
10
5.3274563385826772
20
-3.7349525984251968
11
5.3285492913385823
21
-3.7345882677165352
0
LINE
8
BLACK
6
CONTINUOUS
10
5.3285492913385823
20
-3.7345882677165352
11
5.3296985039370082
21
-3.7346699212598424
0
LINE
8
BLACK
6
CONTINUOUS
10
5.7276588188976376
20
-3.6685592913385827
11
5.728724173228346
21
-3.6696246456692911
0
LINE
8
BLACK
6
CONTINUOUS
10
5.728724173228346
20
-3.6696246456692911
11
5.7288740157480316
21
-3.6703779527559055
0
LINE
8
BLACK
6
CONTINUOUS
10
5.7288740157480316
20
-3.6703779527559055
11
5.7288740157480316
21
-3.7491181102362203
0
LINE
8
BLACK
6
CONTINUOUS
10
5.7288740157480316
20
-3.7491181102362203
11
5.728724173228346
21
-3.7498714173228347
0
LINE
8
BLACK
6
CONTINUOUS
10
5.728724173228346
20
-3.7498714173228347
11
5.7276588188976376
21
-3.7509367716535431
0
LINE
8
BLACK
6
CONTINUOUS
10
5.7276588188976376
20
-3.7509367716535431
11
5.7269055118110233
21
-3.7510866141732282
0
LINE
8
BLACK
6
CONTINUOUS
10
5.7269055118110233
20
-3.7510866141732282
11
5.6776929133858269
21
-3.7510866141732282
0
LINE
8
BLACK
6
CONTINUOUS
10
5.6776929133858269
20
-3.7510866141732282
11
5.6769396062992126
21
-3.7509367716535431
0
LINE
8
BLACK
6
CONTINUOUS
10
5.6769396062992126
20
-3.7509367716535431
11
5.6758742519685041
21
-3.7498714173228347
0
LINE
8
BLACK
6
CONTINUOUS
10
5.6758742519685041
20
-3.7498714173228347
11
5.6757244094488186
21
-3.7491181102362203
0
LINE
8
BLACK
6
CONTINUOUS
10
5.6757244094488186
20
-3.7491181102362203
11
5.6757244094488186
21
-3.6703779527559055
0
LINE
8
BLACK
6
CONTINUOUS
10
5.6757244094488186
20
-3.6703779527559055
11
5.6758742519685041
21
-3.6696246456692911
0
LINE
8
BLACK
6
CONTINUOUS
10
5.6758742519685041
20
-3.6696246456692911
11
5.6769396062992126
21
-3.6685592913385827
0
LINE
8
BLACK
6
CONTINUOUS
10
5.6769396062992126
20
-3.6685592913385827
11
5.6776929133858269
21
-3.6684094488188976
0
LINE
8
BLACK
6
CONTINUOUS
10
5.6776929133858269
20
-3.6684094488188976
11
5.7269055118110233
21
-3.6684094488188976
0
LINE
8
BLACK
6
CONTINUOUS
10
5.7269055118110233
20
-3.6684094488188976
11
5.7276588188976376
21
-3.6685592913385827
0
LINE
8
BLACK
6
CONTINUOUS
10
5.6796614173228344
20
-3.6723464566929134
11
5.6796614173228344
21
-3.7471496062992125
0
LINE
8
BLACK
6
CONTINUOUS
10
5.6796614173228344
20
-3.7471496062992125
11
5.7249370078740158
21
-3.7471496062992125
0
LINE
8
BLACK
6
CONTINUOUS
10
5.7249370078740158
20
-3.7471496062992125
11
5.7249370078740158
21
-3.6723464566929134
0
LINE
8
BLACK
6
CONTINUOUS
10
5.7249370078740158
20
-3.6723464566929134
11
5.6796614173228344
21
-3.6723464566929134
0
LINE
8
BLACK
6
CONTINUOUS
10
4.9237391338582679
20
-3.7191531102362205
11
4.9238371259842522
21
-3.7191937007874016
0
LINE
8
BLACK
6
CONTINUOUS
10
4.9238371259842522
20
-3.7191937007874016
11
4.9239429527559055
21
-3.7192012204724407
0
LINE
8
BLACK
6
CONTINUOUS
10
4.9239429527559055
20
-3.7192012204724407
11
4.9244835826771656
21
-3.7194081102362202
0
LINE
8
BLACK
6
CONTINUOUS
10
4.9244835826771656
20
-3.7194081102362202
11
4.9282331102362207
21
-3.7212828740157478
0
LINE
8
BLACK
6
CONTINUOUS
10
4.9282331102362207
20
-3.7212828740157478
11
4.9284809842519683
21
-3.7214388976377952
0
LINE
8
BLACK
6
CONTINUOUS
10
4.9284809842519683
20
-3.7214388976377952
11
4.9285530314960626
21
-3.7214687401574804
0
LINE
8
BLACK
6
CONTINUOUS
10
4.9285530314960626
20
-3.7214687401574804
11
4.9286340551181098
21
-3.7215352362204723
0
LINE
8
BLACK
6
CONTINUOUS
10
4.9286340551181098
20
-3.7215352362204723
11
4.9287229921259845
21
-3.7215912204724408
0
LINE
8
BLACK
6
CONTINUOUS
10
4.9287229921259845
20
-3.7215912204724408
11
4.9287741338582673
21
-3.7216501968503937
0
LINE
8
BLACK
6
CONTINUOUS
10
4.9287741338582673
20
-3.7216501968503937
11
4.9290004724409444
21
-3.7218359448818896
0
LINE
8
BLACK
6
CONTINUOUS
10
4.9290004724409444
20
-3.7218359448818896
11
4.9308752755905507
21
-3.7237107086614172
0
LINE
8
BLACK
6
CONTINUOUS
10
4.9308752755905507
20
-3.7237107086614172
11
4.9310610236220471
21
-3.7239370472440942
0
LINE
8
BLACK
6
CONTINUOUS
10
4.9310610236220471
20
-3.7239370472440942
11
4.9311200787401575
21
-3.7239882677165355
0
LINE
8
BLACK
6
CONTINUOUS
10
4.9311200787401575
20
-3.7239882677165355
11
4.931176062992126
21
-3.7240772047244093
0
LINE
8
BLACK
6
CONTINUOUS
10
4.931176062992126
20
-3.7240772047244093
11
4.9312425196850391
21
-3.7241581889763777
0
LINE
8
BLACK
6
CONTINUOUS
10
4.9312425196850391
20
-3.7241581889763777
11
4.9312723228346451
21
-3.7242301181102362
0
LINE
8
BLACK
6
CONTINUOUS
10
4.9312723228346451
20
-3.7242301181102362
11
4.9314284251968505
21
-3.7244781496062993
0
LINE
8
BLACK
6
CONTINUOUS
10
4.9314284251968505
20
-3.7244781496062993
11
4.9333031889763781
21
-3.7282276771653544
0
LINE
8
BLACK
6
CONTINUOUS
10
4.9333031889763781
20
-3.7282276771653544
11
4.9335100787401576
21
-3.7287682677165352
0
LINE
8
BLACK
6
CONTINUOUS
10
4.9335100787401576
20
-3.7287682677165352
11
4.9335175984251967
21
-3.7288741338582678
0
LINE
8
BLACK
6
CONTINUOUS
10
4.9335175984251967
20
-3.7288741338582678
11
4.9335581889763782
21
-3.7289721259842521
0
LINE
8
BLACK
6
CONTINUOUS
10
4.9335581889763782
20
-3.7289721259842521
11
4.9336149212598421
21
-3.729548188976378
0
LINE
8
BLACK
6
CONTINUOUS
10
4.9336149212598421
20
-3.729548188976378
11
4.9336149212598421
21
-3.7370472440944882
0
LINE
8
BLACK
6
CONTINUOUS
10
4.9336149212598421
20
-3.7370472440944882
11
4.9335581889763782
21
-3.7376233070866141
0
LINE
8
BLACK
6
CONTINUOUS
10
4.9335581889763782
20
-3.7376233070866141
11
4.9335175984251967
21
-3.7377212598425196
0
LINE
8
BLACK
6
CONTINUOUS
10
4.9335175984251967
20
-3.7377212598425196
11
4.9335100787401576
21
-3.7378271653543305
0
LINE
8
BLACK
6
CONTINUOUS
10
4.9335100787401576
20
-3.7378271653543305
11
4.9333031889763781
21
-3.7383677559055117
0
LINE
8
BLACK
6
CONTINUOUS
10
4.9333031889763781
20
-3.7383677559055117
11
4.9314284251968505
21
-3.7421172834645668
0
LINE
8
BLACK
6
CONTINUOUS
10
4.9314284251968505
20
-3.7421172834645668
11
4.9312723228346451
21
-3.7423652755905512
0
LINE
8
BLACK
6
CONTINUOUS
10
4.9312723228346451
20
-3.7423652755905512
11
4.9312425196850391
21
-3.742437244094488
0
LINE
8
BLACK
6
CONTINUOUS
10
4.9312425196850391
20
-3.742437244094488
11
4.931176062992126
21
-3.7425181889763777
0
LINE
8
BLACK
6
CONTINUOUS
10
4.931176062992126
20
-3.7425181889763777
11
4.9311200787401575
21
-3.7426071653543307
0
LINE
8
BLACK
6
CONTINUOUS
10
4.9311200787401575
20
-3.7426071653543307
11
4.9310610236220471
21
-3.7426583464566927
0
LINE
8
BLACK
6
CONTINUOUS
10
4.9310610236220471
20
-3.7426583464566927
11
4.9308752755905507
21
-3.7428847244094485
0
LINE
8
BLACK
6
CONTINUOUS
10
4.9308752755905507
20
-3.7428847244094485
11
4.9290004724409444
21
-3.7447594881889761
0
LINE
8
BLACK
6
CONTINUOUS
10
4.9290004724409444
20
-3.7447594881889761
11
4.9287741338582673
21
-3.7449451968503937
0
LINE
8
BLACK
6
CONTINUOUS
10
4.9287741338582673
20
-3.7449451968503937
11
4.9287229921259845
21
-3.7450042125984253
0
LINE
8
BLACK
6
CONTINUOUS
10
4.9287229921259845
20
-3.7450042125984253
11
4.9286340551181098
21
-3.7450601574803151
0
LINE
8
BLACK
6
CONTINUOUS
10
4.9286340551181098
20
-3.7450601574803151
11
4.9285530314960626
21
-3.7451266929133857
0
LINE
8
BLACK
6
CONTINUOUS
10
4.9285530314960626
20
-3.7451266929133857
11
4.9284809842519683
21
-3.7451564960629922
0
LINE
8
BLACK
6
CONTINUOUS
10
4.9284809842519683
20
-3.7451564960629922
11
4.9282331102362207
21
-3.745312559055118
0
LINE
8
BLACK
6
CONTINUOUS
10
4.9282331102362207
20
-3.745312559055118
11
4.9244835826771656
21
-3.7471873228346455
0
LINE
8
BLACK
6
CONTINUOUS
10
4.9244835826771656
20
-3.7471873228346455
11
4.9239429527559055
21
-3.747394212598425
0
LINE
8
BLACK
6
CONTINUOUS
10
4.9239429527559055
20
-3.747394212598425
11
4.9238371259842522
21
-3.7474016929133858
0
LINE
8
BLACK
6
CONTINUOUS
10
4.9238371259842522
20
-3.7474016929133858
11
4.9237391338582679
21
-3.7474423228346456
0
LINE
8
BLACK
6
CONTINUOUS
10
4.9237391338582679
20
-3.7474423228346456
11
4.923163070866142
21
-3.74749905511811
0
LINE
8
BLACK
6
CONTINUOUS
10
4.923163070866142
20
-3.74749905511811
11
4.9137892519685042
21
-3.74749905511811
0
LINE
8
BLACK
6
CONTINUOUS
10
4.9137892519685042
20
-3.74749905511811
11
4.9132131889763775
21
-3.7474423228346456
0
LINE
8
BLACK
6
CONTINUOUS
10
4.9132131889763775
20
-3.7474423228346456
11
4.9131151968503932
21
-3.7474017322834645
0
LINE
8
BLACK
6
CONTINUOUS
10
4.9131151968503932
20
-3.7474017322834645
11
4.9130093307086611
21
-3.747394212598425
0
LINE
8
BLACK
6
CONTINUOUS
10
4.9130093307086611
20
-3.747394212598425
11
4.9124687401574798
21
-3.7471873228346455
0
LINE
8
BLACK
6
CONTINUOUS
10
4.9124687401574798
20
-3.7471873228346455
11
4.9087192125984247
21
-3.745312559055118
0
LINE
8
BLACK
6
CONTINUOUS
10
4.9087192125984247
20
-3.745312559055118
11
4.908471181102362
21
-3.7451564566929134
0
LINE
8
BLACK
6
CONTINUOUS
10
4.908471181102362
20
-3.7451564566929134
11
4.908399251968504
21
-3.745126653543307
0
LINE
8
BLACK
6
CONTINUOUS
10
4.908399251968504
20
-3.745126653543307
11
4.9083182677165356
21
-3.7450601574803151
0
LINE
8
BLACK
6
CONTINUOUS
10
4.9083182677165356
20
-3.7450601574803151
11
4.9082293307086617
21
-3.7450042125984253
0
LINE
8
BLACK
6
CONTINUOUS
10
4.9082293307086617
20
-3.7450042125984253
11
4.9081781496062993
21
-3.7449451968503937
0
LINE
8
BLACK
6
CONTINUOUS
10
4.9081781496062993
20
-3.7449451968503937
11
4.9079518110236222
21
-3.7447594488188978
0
LINE
8
BLACK
6
CONTINUOUS
10
4.9079518110236222
20
-3.7447594488188978
11
4.9060770472440947
21
-3.7428846850393698
0
LINE
8
BLACK
6
CONTINUOUS
10
4.9060770472440947
20
-3.7428846850393698
11
4.9058912598425195
21
-3.742658307086614
0
LINE
8
BLACK
6
CONTINUOUS
10
4.9058912598425195
20
-3.742658307086614
11
4.9058322834645667
21
-3.7426071653543307
0
LINE
8
BLACK
6
CONTINUOUS
10
4.9058322834645667
20
-3.7426071653543307
11
4.9057762992125982
21
-3.7425181889763777
0
LINE
8
BLACK
6
CONTINUOUS
10
4.9057762992125982
20
-3.7425181889763777
11
4.905709842519685
21
-3.742437244094488
0
LINE
8
BLACK
6
CONTINUOUS
10
4.905709842519685
20
-3.742437244094488
11
4.9056800000000003
21
-3.7423652755905512
0
LINE
8
BLACK
6
CONTINUOUS
10
4.9056800000000003
20
-3.7423652755905512
11
4.9055239370078736
21
-3.7421172834645668
0
LINE
8
BLACK
6
CONTINUOUS
10
4.9055239370078736
20
-3.7421172834645668
11
4.903649173228346
21
-3.7383677559055117
0
LINE
8
BLACK
6
CONTINUOUS
10
4.903649173228346
20
-3.7383677559055117
11
4.9034422834645666
21
-3.7378271259842517
0
LINE
8
BLACK
6
CONTINUOUS
10
4.9034422834645666
20
-3.7378271259842517
11
4.9034347637795275
21
-3.7377212992125983
0
LINE
8
BLACK
6
CONTINUOUS
10
4.9034347637795275
20
-3.7377212992125983
11
4.9033941732283459
21
-3.7376233070866141
0
LINE
8
BLACK
6
CONTINUOUS
10
4.9033941732283459
20
-3.7376233070866141
11
4.903337440944882
21
-3.7370472440944882
0
LINE
8
BLACK
6
CONTINUOUS
10
4.903337440944882
20
-3.7370472440944882
11
4.903337440944882
21
-3.729548188976378
0
LINE
8
BLACK
6
CONTINUOUS
10
4.903337440944882
20
-3.729548188976378
11
4.9033941732283459
21
-3.7289721259842521
0
LINE
8
BLACK
6
CONTINUOUS
10
4.9033941732283459
20
-3.7289721259842521
11
4.9034347637795275
21
-3.7288740944881891
0
LINE
8
BLACK
6
CONTINUOUS
10
4.9034347637795275
20
-3.7288740944881891
11
4.9034422834645666
21
-3.728768307086614
0
LINE
8
BLACK
6
CONTINUOUS
10
4.9034422834645666
20
-3.728768307086614
11
4.903649173228346
21
-3.7282276771653544
0
LINE
8
BLACK
6
CONTINUOUS
10
4.903649173228346
20
-3.7282276771653544
11
4.9047954330708663
21
-3.7259351574803148
0
LINE
8
BLACK
6
CONTINUOUS
10
4.9047954330708663
20
-3.7259351574803148
11
4.9018782677165351
21
-3.7266644488188976
0
LINE
8
BLACK
6
CONTINUOUS
10
4.9018782677165351
20
-3.7266644488188976
11
4.8969227165354328
21
-3.7299681496062993
0
LINE
8
BLACK
6
CONTINUOUS
10
4.8969227165354328
20
-3.7299681496062993
11
4.895593582677165
21
-3.731297283464567
0
LINE
8
BLACK
6
CONTINUOUS
10
4.895593582677165
20
-3.731297283464567
11
4.8942448425196847
21
-3.7339947637795277
0
LINE
8
BLACK
6
CONTINUOUS
10
4.8942448425196847
20
-3.7339947637795277
11
4.8942448425196847
21
-3.7407967716535433
0
LINE
8
BLACK
6
CONTINUOUS
10
4.8942448425196847
20
-3.7407967716535433
11
4.8941881102362208
21
-3.7413728346456692
0
LINE
8
BLACK
6
CONTINUOUS
10
4.8941881102362208
20
-3.7413728346456692
11
4.8937472047244093
21
-3.742437244094488
0
LINE
8
BLACK
6
CONTINUOUS
10
4.8937472047244093
20
-3.742437244094488
11
4.8929325590551178
21
-3.7432518897637794
0
LINE
8
BLACK
6
CONTINUOUS
10
4.8929325590551178
20
-3.7432518897637794
11
4.8918681496062995
21
-3.7436927952755905
0
LINE
8
BLACK
6
CONTINUOUS
10
4.8918681496062995
20
-3.7436927952755905
11
4.8907160236220468
21
-3.7436927952755905
0
LINE
8
BLACK
6
CONTINUOUS
10
4.8907160236220468
20
-3.7436927952755905
11
4.8896516141732285
21
-3.7432518897637794
0
LINE
8
BLACK
6
CONTINUOUS
10
4.8896516141732285
20
-3.7432518897637794
11
4.888836968503937
21
-3.742437244094488
0
LINE
8
BLACK
6
CONTINUOUS
10
4.888836968503937
20
-3.742437244094488
11
4.8883960629921255
21
-3.7413728346456692
0
LINE
8
BLACK
6
CONTINUOUS
10
4.8883960629921255
20
-3.7413728346456692
11
4.8883393307086616
21
-3.7407967716535433
0
LINE
8
BLACK
6
CONTINUOUS
10
4.8883393307086616
20
-3.7407967716535433
11
4.8883393307086616
21
-3.7332977165354331
0
LINE
8
BLACK
6
CONTINUOUS
10
4.8883393307086616
20
-3.7332977165354331
11
4.8883960629921255
21
-3.7327216535433072
0
LINE
8
BLACK
6
CONTINUOUS
10
4.8883960629921255
20
-3.7327216535433072
11
4.888436653543307
21
-3.7326236220472442
0
LINE
8
BLACK
6
CONTINUOUS
10
4.888436653543307
20
-3.7326236220472442
11
4.8884441732283461
21
-3.7325178346456691
0
LINE
8
BLACK
6
CONTINUOUS
10
4.8884441732283461
20
-3.7325178346456691
11
4.8886510629921256
21
-3.7319772047244095
0
LINE
8
BLACK
6
CONTINUOUS
10
4.8886510629921256
20
-3.7319772047244095
11
4.8905258267716532
21
-3.7282276771653544
0
LINE
8
BLACK
6
CONTINUOUS
10
4.8905258267716532
20
-3.7282276771653544
11
4.8906818897637798
21
-3.7279796456692913
0
LINE
8
BLACK
6
CONTINUOUS
10
4.8906818897637798
20
-3.7279796456692913
11
4.8907117322834646
21
-3.7279077165354328
0
LINE
8
BLACK
6
CONTINUOUS
10
4.8907117322834646
20
-3.7279077165354328
11
4.8907781889763777
21
-3.7278267322834644
0
LINE
8
BLACK
6
CONTINUOUS
10
4.8907781889763777
20
-3.7278267322834644
11
4.8908341732283462
21
-3.7277377952755906
0
LINE
8
BLACK
6
CONTINUOUS
10
4.8908341732283462
20
-3.7277377952755906
11
4.8908931496062991
21
-3.7276866141732281
0
LINE
8
BLACK
6
CONTINUOUS
10
4.8908931496062991
20
-3.7276866141732281
11
4.8910789370078742
21
-3.727460275590551
0
LINE
8
BLACK
6
CONTINUOUS
10
4.8910789370078742
20
-3.727460275590551
11
4.8929537007874018
21
-3.7255855118110235
0
LINE
8
BLACK
6
CONTINUOUS
10
4.8929537007874018
20
-3.7255855118110235
11
4.892955275590551
21
-3.7255841732283463
0
LINE
8
BLACK
6
CONTINUOUS
10
4.892955275590551
20
-3.7255841732283463
11
4.8929558661417323
21
-3.725583346456693
0
LINE
8
BLACK
6
CONTINUOUS
10
4.8929558661417323
20
-3.725583346456693
11
4.8931858267716537
21
-3.7253949999999998
0
LINE
8
BLACK
6
CONTINUOUS
10
4.8931858267716537
20
-3.7253949999999998
11
4.8934011417322836
21
-3.7252183070866143
0
LINE
8
BLACK
6
CONTINUOUS
10
4.8934011417322836
20
-3.7252183070866143
11
4.8934020078740152
21
-3.7252179133858268
0
LINE
8
BLACK
6
CONTINUOUS
10
4.8934020078740152
20
-3.7252179133858268
11
4.8934037007874016
21
-3.7252165748031496
0
LINE
8
BLACK
6
CONTINUOUS
10
4.8934037007874016
20
-3.7252165748031496
11
4.899028031496063
21
-3.7214670472440945
0
LINE
8
BLACK
6
CONTINUOUS
10
4.899028031496063
20
-3.7214670472440945
11
4.8993459055118107
21
-3.7212975590551181
0
LINE
8
BLACK
6
CONTINUOUS
10
4.8993459055118107
20
-3.7212975590551181
11
4.899404645669291
21
-3.7212540551181101
0
LINE
8
BLACK
6
CONTINUOUS
10
4.899404645669291
20
-3.7212540551181101
11
4.899474015748031
21
-3.721229251968504
0
LINE
8
BLACK
6
CONTINUOUS
10
4.899474015748031
20
-3.721229251968504
11
4.8995388188976374
21
-3.7211947244094485
0
LINE
8
BLACK
6
CONTINUOUS
10
4.8995388188976374
20
-3.7211947244094485
11
4.8996102362204725
21
-3.7211805905511812
0
LINE
8
BLACK
6
CONTINUOUS
10
4.8996102362204725
20
-3.7211805905511812
11
4.8999497637795271
21
-3.7210592913385825
0
LINE
8
BLACK
6
CONTINUOUS
10
4.8999497637795271
20
-3.7210592913385825
11
4.9074488188976373
21
-3.7191845275590549
0
LINE
8
BLACK
6
CONTINUOUS
10
4.9074488188976373
20
-3.7191845275590549
11
4.9075486614173229
21
-3.7191697244094488
0
LINE
8
BLACK
6
CONTINUOUS
10
4.9075486614173229
20
-3.7191697244094488
11
4.9075888976377948
21
-3.7191531102362205
0
LINE
8
BLACK
6
CONTINUOUS
10
4.9075888976377948
20
-3.7191531102362205
11
4.9078059055118111
21
-3.7191317322834645
0
LINE
8
BLACK
6
CONTINUOUS
10
4.9078059055118111
20
-3.7191317322834645
11
4.9080214173228347
21
-3.7190998818897638
0
LINE
8
BLACK
6
CONTINUOUS
10
4.9080214173228347
20
-3.7190998818897638
11
4.9080644094488184
21
-3.7191062598425195
0
LINE
8
BLACK
6
CONTINUOUS
10
4.9080644094488184
20
-3.7191062598425195
11
4.9081649606299216
21
-3.7190963779527557
0
LINE
8
BLACK
6
CONTINUOUS
10
4.9081649606299216
20
-3.7190963779527557
11
4.923163070866142
21
-3.7190963779527557
0
LINE
8
BLACK
6
CONTINUOUS
10
4.923163070866142
20
-3.7190963779527557
11
4.9237391338582679
21
-3.7191531102362205
0
LINE
8
BLACK
6
CONTINUOUS
10
4.9117888188976373
20
-3.7263506299212596
11
4.9105916929133855
21
-3.7275477559055119
0
LINE
8
BLACK
6
CONTINUOUS
10
4.9105916929133855
20
-3.7275477559055119
11
4.9092429527559052
21
-3.7302452362204725
0
LINE
8
BLACK
6
CONTINUOUS
10
4.9092429527559052
20
-3.7302452362204725
11
4.9092429527559052
21
-3.7363501968503936
0
LINE
8
BLACK
6
CONTINUOUS
10
4.9092429527559052
20
-3.7363501968503936
11
4.9105916929133855
21
-3.7390476771653542
0
LINE
8
BLACK
6
CONTINUOUS
10
4.9105916929133855
20
-3.7390476771653542
11
4.9117888188976373
21
-3.7402448031496061
0
LINE
8
BLACK
6
CONTINUOUS
10
4.9117888188976373
20
-3.7402448031496061
11
4.9144862992125979
21
-3.7415935433070864
0
LINE
8
BLACK
6
CONTINUOUS
10
4.9144862992125979
20
-3.7415935433070864
11
4.9224660236220474
21
-3.7415935433070864
0
LINE
8
BLACK
6
CONTINUOUS
10
4.9224660236220474
20
-3.7415935433070864
11
4.9251635039370081
21
-3.7402447637795273
0
LINE
8
BLACK
6
CONTINUOUS
10
4.9251635039370081
20
-3.7402447637795273
11
4.9263606692913386
21
-3.7390476377952755
0
LINE
8
BLACK
6
CONTINUOUS
10
4.9263606692913386
20
-3.7390476377952755
11
4.927709409448819
21
-3.7363501968503936
0
LINE
8
BLACK
6
CONTINUOUS
10
4.927709409448819
20
-3.7363501968503936
11
4.927709409448819
21
-3.7302452362204725
0
LINE
8
BLACK
6
CONTINUOUS
10
4.927709409448819
20
-3.7302452362204725
11
4.9263606692913386
21
-3.7275477559055119
0
LINE
8
BLACK
6
CONTINUOUS
10
4.9263606692913386
20
-3.7275477559055119
11
4.9251635039370081
21
-3.7263506299212596
0
LINE
8
BLACK
6
CONTINUOUS
10
4.9251635039370081
20
-3.7263506299212596
11
4.9224660236220474
21
-3.7250018897637793
0
LINE
8
BLACK
6
CONTINUOUS
10
4.9224660236220474
20
-3.7250018897637793
11
4.9144862992125979
21
-3.7250018897637793
0
LINE
8
BLACK
6
CONTINUOUS
10
4.9144862992125979
20
-3.7250018897637793
11
4.9117888188976373
21
-3.7263506299212596
0
LINE
8
BLACK
6
CONTINUOUS
10
5.2736386614173227
20
-3.65693937007874
11
5.273736653543307
21
-3.6569799606299211
0
LINE
8
BLACK
6
CONTINUOUS
10
5.273736653543307
20
-3.6569799606299211
11
5.2738424803149604
21
-3.6569874803149607
0
LINE
8
BLACK
6
CONTINUOUS
10
5.2738424803149604
20
-3.6569874803149607
11
5.2743831102362204
21
-3.6571943700787402
0
LINE
8
BLACK
6
CONTINUOUS
10
5.2743831102362204
20
-3.6571943700787402
11
5.2781326377952755
21
-3.6590691338582677
0
LINE
8
BLACK
6
CONTINUOUS
10
5.2781326377952755
20
-3.6590691338582677
11
5.2783806299212594
21
-3.6592251968503935
0
LINE
8
BLACK
6
CONTINUOUS
10
5.2783806299212594
20
-3.6592251968503935
11
5.2784525984251971
21
-3.6592550393700787
0
LINE
8
BLACK
6
CONTINUOUS
10
5.2784525984251971
20
-3.6592550393700787
11
5.2785335433070868
21
-3.6593214960629918
0
LINE
8
BLACK
6
CONTINUOUS
10
5.2785335433070868
20
-3.6593214960629918
11
5.2786225196850394
21
-3.6593774803149604
0
LINE
8
BLACK
6
CONTINUOUS
10
5.2786225196850394
20
-3.6593774803149604
11
5.2786736614173231
21
-3.6594364566929132
0
LINE
8
BLACK
6
CONTINUOUS
10
5.2786736614173231
20
-3.6594364566929132
11
5.2789000393700789
21
-3.6596222440944879
0
LINE
8
BLACK
6
CONTINUOUS
10
5.2789000393700789
20
-3.6596222440944879
11
5.2807748031496065
21
-3.6614970078740159
0
LINE
8
BLACK
6
CONTINUOUS
10
5.2807748031496065
20
-3.6614970078740159
11
5.280960551181102
21
-3.661723346456693
0
LINE
8
BLACK
6
CONTINUOUS
10
5.280960551181102
20
-3.661723346456693
11
5.2810195669291335
21
-3.661774527559055
0
LINE
8
BLACK
6
CONTINUOUS
10
5.2810195669291335
20
-3.661774527559055
11
5.2810755118110233
21
-3.6618634645669292
0
LINE
8
BLACK
6
CONTINUOUS
10
5.2810755118110233
20
-3.6618634645669292
11
5.2811420078740152
21
-3.6619444488188977
0
LINE
8
BLACK
6
CONTINUOUS
10
5.2811420078740152
20
-3.6619444488188977
11
5.2811718110236221
21
-3.6620163779527557
0
LINE
8
BLACK
6
CONTINUOUS
10
5.2811718110236221
20
-3.6620163779527557
11
5.2813279133858266
21
-3.6622644094488188
0
LINE
8
BLACK
6
CONTINUOUS
10
5.2813279133858266
20
-3.6622644094488188
11
5.2832026771653542
21
-3.6660139370078739
0
LINE
8
BLACK
6
CONTINUOUS
10
5.2832026771653542
20
-3.6660139370078739
11
5.2832187795275587
21
-3.6660560236220472
0
LINE
8
BLACK
6
CONTINUOUS
10
5.2832187795275587
20
-3.6660560236220472
11
5.2832314960629922
21
-3.666073188976378
0
LINE
8
BLACK
6
CONTINUOUS
10
5.2832314960629922
20
-3.666073188976378
11
5.2833177952755905
21
-3.6663147637795275
0
LINE
8
BLACK
6
CONTINUOUS
10
5.2833177952755905
20
-3.6663147637795275
11
5.2834095669291337
21
-3.6665545275590552
0
LINE
8
BLACK
6
CONTINUOUS
10
5.2834095669291337
20
-3.6665545275590552
11
5.2834110629921263
21
-3.6665757874015745
0
LINE
8
BLACK
6
CONTINUOUS
10
5.2834110629921263
20
-3.6665757874015745
11
5.2834262598425195
21
-3.6666183070866141
0
LINE
8
BLACK
6
CONTINUOUS
10
5.2834262598425195
20
-3.6666183070866141
11
5.2836565354330709
21
-3.6675393700787402
0
LINE
8
BLACK
6
CONTINUOUS
10
5.2836565354330709
20
-3.6675393700787402
11
5.3053149606299215
21
-3.6675393700787402
0
LINE
8
BLACK
6
CONTINUOUS
10
5.3053149606299215
20
-3.6675393700787402
11
5.3057303937007871
21
-3.6676219685039371
0
LINE
8
BLACK
6
CONTINUOUS
10
5.3057303937007871
20
-3.6676219685039371
11
5.3057303937007871
21
-3.6598353937007873
0
LINE
8
BLACK
6
CONTINUOUS
10
5.3057303937007871
20
-3.6598353937007873
11
5.3057305905511809
21
-3.6598333070866143
0
LINE
8
BLACK
6
CONTINUOUS
10
5.3057305905511809
20
-3.6598333070866143
11
5.3057303937007871
21
-3.6598322834645667
0
LINE
8
BLACK
6
CONTINUOUS
10
5.3057303937007871
20
-3.6598322834645667
11
5.3057309842519684
21
-3.6598292519685041
0
LINE
8
BLACK
6
CONTINUOUS
10
5.3057309842519684
20
-3.6598292519685041
11
5.305787125984252
21
-3.6592593307086614
0
LINE
8
BLACK
6
CONTINUOUS
10
5.305787125984252
20
-3.6592593307086614
11
5.3058989763779527
21
-3.6589892125984251
0
LINE
8
BLACK
6
CONTINUOUS
10
5.3058989763779527
20
-3.6589892125984251
11
5.3059563385826767
21
-3.6587025984251969
0
LINE
8
BLACK
6
CONTINUOUS
10
5.3059563385826767
20
-3.6587025984251969
11
5.3061172834645669
21
-3.6584622047244095
0
LINE
8
BLACK
6
CONTINUOUS
10
5.3061172834645669
20
-3.6584622047244095
11
5.3062280314960626
21
-3.6581949212598426
0
LINE
8
BLACK
6
CONTINUOUS
10
5.3062280314960626
20
-3.6581949212598426
11
5.3064347244094483
21
-3.6579881889763777
0
LINE
8
BLACK
6
CONTINUOUS
10
5.3064347244094483
20
-3.6579881889763777
11
5.3065974015748028
21
-3.6577453149606298
0
LINE
8
BLACK
6
CONTINUOUS
10
5.3065974015748028
20
-3.6577453149606298
11
5.3068381102362201
21
-3.6575848031496063
0
LINE
8
BLACK
6
CONTINUOUS
10
5.3068381102362201
20
-3.6575848031496063
11
5.307042677165354
21
-3.6573802755905511
0
LINE
8
BLACK
6
CONTINUOUS
10
5.307042677165354
20
-3.6573802755905511
11
5.307312755905512
21
-3.6572683858267716
0
LINE
8
BLACK
6
CONTINUOUS
10
5.307312755905512
20
-3.6572683858267716
11
5.3075560236220474
21
-3.6571062204724409
0
LINE
8
BLACK
6
CONTINUOUS
10
5.3075560236220474
20
-3.6571062204724409
11
5.3078398031496059
21
-3.6570500787401574
0
LINE
8
BLACK
6
CONTINUOUS
10
5.3078398031496059
20
-3.6570500787401574
11
5.3081070866141733
21
-3.65693937007874
0
LINE
8
BLACK
6
CONTINUOUS
10
5.3081070866141733
20
-3.65693937007874
11
5.308399488188976
21
-3.65693937007874
0
LINE
8
BLACK
6
CONTINUOUS
10
5.308399488188976
20
-3.65693937007874
11
5.3086862598425197
21
-3.6568826377952757
0
LINE
8
BLACK
6
CONTINUOUS
10
5.3086862598425197
20
-3.6568826377952757
11
5.308969921259842
21
-3.65693937007874
0
LINE
8
BLACK
6
CONTINUOUS
10
5.308969921259842
20
-3.65693937007874
11
5.309259212598425
21
-3.65693937007874
0
LINE
8
BLACK
6
CONTINUOUS
10
5.309259212598425
20
-3.65693937007874
11
5.309529291338583
21
-3.6570512204724408
0
LINE
8
BLACK
6
CONTINUOUS
10
5.309529291338583
20
-3.6570512204724408
11
5.3098159448818896
21
-3.6571085826771652
0
LINE
8
BLACK
6
CONTINUOUS
10
5.3098159448818896
20
-3.6571085826771652
11
5.3100562992125981
21
-3.657269527559055
0
LINE
8
BLACK
6
CONTINUOUS
10
5.3100562992125981
20
-3.657269527559055
11
5.3103236220472443
21
-3.6573802755905511
0
LINE
8
BLACK
6
CONTINUOUS
10
5.3103236220472443
20
-3.6573802755905511
11
5.31053031496063
21
-3.6575869685039368
0
LINE
8
BLACK
6
CONTINUOUS
10
5.31053031496063
20
-3.6575869685039368
11
5.3107732283464566
21
-3.6577496456692913
0
LINE
8
BLACK
6
CONTINUOUS
10
5.3107732283464566
20
-3.6577496456692913
11
5.3111362204724406
21
-3.6581928740157479
0
LINE
8
BLACK
6
CONTINUOUS
10
5.3111362204724406
20
-3.6581928740157479
11
5.3111382677165357
21
-3.6581949212598426
0
LINE
8
BLACK
6
CONTINUOUS
10
5.3111382677165357
20
-3.6581949212598426
11
5.3111386220472436
21
-3.6581957874015747
0
LINE
8
BLACK
6
CONTINUOUS
10
5.3111386220472436
20
-3.6581957874015747
11
5.31114
21
-3.6581974803149606
0
LINE
8
BLACK
6
CONTINUOUS
10
5.31114
20
-3.6581974803149606
11
5.3147273228346457
21
-3.6635785039370079
0
LINE
8
BLACK
6
CONTINUOUS
10
5.3147273228346457
20
-3.6635785039370079
11
5.3151430708661414
21
-3.663994251968504
0
LINE
8
BLACK
6
CONTINUOUS
10
5.3151430708661414
20
-3.663994251968504
11
5.3147740157480312
21
-3.6631032677165352
0
LINE
8
BLACK
6
CONTINUOUS
10
5.3147740157480312
20
-3.6631032677165352
11
5.3147740157480312
21
-3.6619511417322834
0
LINE
8
BLACK
6
CONTINUOUS
10
5.3147740157480312
20
-3.6619511417322834
11
5.3152149212598427
21
-3.6608867322834646
0
LINE
8
BLACK
6
CONTINUOUS
10
5.3152149212598427
20
-3.6608867322834646
11
5.3160295669291333
21
-3.6600720866141732
0
LINE
8
BLACK
6
CONTINUOUS
10
5.3160295669291333
20
-3.6600720866141732
11
5.3170939763779526
21
-3.6596311811023621
0
LINE
8
BLACK
6
CONTINUOUS
10
5.3170939763779526
20
-3.6596311811023621
11
5.3176700393700784
21
-3.6595744488188977
0
LINE
8
BLACK
6
CONTINUOUS
10
5.3176700393700784
20
-3.6595744488188977
11
5.3570401181102358
21
-3.6595744488188977
0
LINE
8
BLACK
6
CONTINUOUS
10
5.3570401181102358
20
-3.6595744488188977
11
5.3576161811023617
21
-3.6596311811023621
0
LINE
8
BLACK
6
CONTINUOUS
10
5.3576161811023617
20
-3.6596311811023621
11
5.358680590551181
21
-3.6600720866141732
0
LINE
8
BLACK
6
CONTINUOUS
10
5.358680590551181
20
-3.6600720866141732
11
5.3594952362204724
21
-3.6608867322834646
0
LINE
8
BLACK
6
CONTINUOUS
10
5.3594952362204724
20
-3.6608867322834646
11
5.3599361417322831
21
-3.6619511417322834
0
LINE
8
BLACK
6
CONTINUOUS
10
5.3599361417322831
20
-3.6619511417322834
11
5.3599928740157479
21
-3.6625272047244093
0
LINE
8
BLACK
6
CONTINUOUS
10
5.3599928740157479
20
-3.6625272047244093
11
5.3599928740157479
21
-3.6812748425196848
0
LINE
8
BLACK
6
CONTINUOUS
10
5.3599928740157479
20
-3.6812748425196848
11
5.3599361417322831
21
-3.6818509055118112
0
LINE
8
BLACK
6
CONTINUOUS
10
5.3599361417322831
20
-3.6818509055118112
11
5.3594952362204724
21
-3.68291531496063
0
LINE
8
BLACK
6
CONTINUOUS
10
5.3594952362204724
20
-3.68291531496063
11
5.358680590551181
21
-3.683729960629921
0
LINE
8
BLACK
6
CONTINUOUS
10
5.358680590551181
20
-3.683729960629921
11
5.3576161811023617
21
-3.6841708661417321
0
LINE
8
BLACK
6
CONTINUOUS
10
5.3576161811023617
20
-3.6841708661417321
11
5.35646405511811
21
-3.6841708661417321
0
LINE
8
BLACK
6
CONTINUOUS
10
5.35646405511811
20
-3.6841708661417321
11
5.3553996456692916
21
-3.683729960629921
0
LINE
8
BLACK
6
CONTINUOUS
10
5.3553996456692916
20
-3.683729960629921
11
5.3545850000000002
21
-3.68291531496063
0
LINE
8
BLACK
6
CONTINUOUS
10
5.3545850000000002
20
-3.68291531496063
11
5.3541440944881886
21
-3.6818509055118112
0
LINE
8
BLACK
6
CONTINUOUS
10
5.3541440944881886
20
-3.6818509055118112
11
5.3540873622047247
21
-3.6812748425196848
0
LINE
8
BLACK
6
CONTINUOUS
10
5.3540873622047247
20
-3.6812748425196848
11
5.3540873622047247
21
-3.6654799606299213
0
LINE
8
BLACK
6
CONTINUOUS
10
5.3540873622047247
20
-3.6654799606299213
11
5.3176700393700784
21
-3.6654799606299213
0
LINE
8
BLACK
6
CONTINUOUS
10
5.3176700393700784
20
-3.6654799606299213
11
5.3170939763779526
21
-3.6654232283464565
0
LINE
8
BLACK
6
CONTINUOUS
10
5.3170939763779526
20
-3.6654232283464565
11
5.3162029527559058
21
-3.6650541338582676
0
LINE
8
BLACK
6
CONTINUOUS
10
5.3162029527559058
20
-3.6650541338582676
11
5.3179312992125984
21
-3.6667824803149607
0
LINE
8
BLACK
6
CONTINUOUS
10
5.3179312992125984
20
-3.6667824803149607
11
5.321252244094488
21
-3.6684429527559055
0
LINE
8
BLACK
6
CONTINUOUS
10
5.321252244094488
20
-3.6684429527559055
11
5.3217421259842519
21
-3.6687512992125981
0
LINE
8
BLACK
6
CONTINUOUS
10
5.3217421259842519
20
-3.6687512992125981
11
5.3224969685039367
21
-3.6696216929133856
0
LINE
8
BLACK
6
CONTINUOUS
10
5.3224969685039367
20
-3.6696216929133856
11
5.3228612992125983
21
-3.6707146456692912
0
LINE
8
BLACK
6
CONTINUOUS
10
5.3228612992125983
20
-3.6707146456692912
11
5.3227796456692911
21
-3.6718638582677166
0
LINE
8
BLACK
6
CONTINUOUS
10
5.3227796456692911
20
-3.6718638582677166
11
5.3222643700787398
21
-3.67289437007874
0
LINE
8
BLACK
6
CONTINUOUS
10
5.3222643700787398
20
-3.67289437007874
11
5.3213940157480311
21
-3.6736492125984253
0
LINE
8
BLACK
6
CONTINUOUS
10
5.3213940157480311
20
-3.6736492125984253
11
5.3203010236220472
21
-3.6740135433070864
0
LINE
8
BLACK
6
CONTINUOUS
10
5.3203010236220472
20
-3.6740135433070864
11
5.3191518110236222
21
-3.6739318897637796
0
LINE
8
BLACK
6
CONTINUOUS
10
5.3191518110236222
20
-3.6739318897637796
11
5.3186112204724409
21
-3.6737250000000001
0
LINE
8
BLACK
6
CONTINUOUS
10
5.3186112204724409
20
-3.6737250000000001
11
5.3148616929133858
21
-3.6718502362204726
0
LINE
8
BLACK
6
CONTINUOUS
10
5.3148616929133858
20
-3.6718502362204726
11
5.314613858267716
21
-3.6716942125984251
0
LINE
8
BLACK
6
CONTINUOUS
10
5.314613858267716
20
-3.6716942125984251
11
5.3145417322834643
21
-3.6716643700787399
0
LINE
8
BLACK
6
CONTINUOUS
10
5.3145417322834643
20
-3.6716643700787399
11
5.3144605511811021
21
-3.6715977559055117
0
LINE
8
BLACK
6
CONTINUOUS
10
5.3144605511811021
20
-3.6715977559055117
11
5.314371811023622
21
-3.6715418897637795
0
LINE
8
BLACK
6
CONTINUOUS
10
5.314371811023622
20
-3.6715418897637795
11
5.3143206692913383
21
-3.6714829527559054
0
LINE
8
BLACK
6
CONTINUOUS
10
5.3143206692913383
20
-3.6714829527559054
11
5.3140942913385825
21
-3.671297125984252
0
LINE
8
BLACK
6
CONTINUOUS
10
5.3140942913385825
20
-3.671297125984252
11
5.3116359055118112
21
-3.6688387401574802
0
LINE
8
BLACK
6
CONTINUOUS
10
5.3116359055118112
20
-3.6688387401574802
11
5.3116359055118112
21
-3.6962527165354331
0
LINE
8
BLACK
6
CONTINUOUS
10
5.3116359055118112
20
-3.6962527165354331
11
5.3154289370078738
21
-3.6962527165354331
0
LINE
8
BLACK
6
CONTINUOUS
10
5.3154289370078738
20
-3.6962527165354331
11
5.3152149212598427
21
-3.6960387007874016
0
LINE
8
BLACK
6
CONTINUOUS
10
5.3152149212598427
20
-3.6960387007874016
11
5.3151896850393703
21
-3.6959778346456691
0
LINE
8
BLACK
6
CONTINUOUS
10
5.3151896850393703
20
-3.6959778346456691
11
5.3151452362204727
21
-3.6959292913385826
0
LINE
8
BLACK
6
CONTINUOUS
10
5.3151452362204727
20
-3.6959292913385826
11
5.314970118110236
21
-3.6954477559055117
0
LINE
8
BLACK
6
CONTINUOUS
10
5.314970118110236
20
-3.6954477559055117
11
5.3147740157480312
21
-3.6949742913385828
0
LINE
8
BLACK
6
CONTINUOUS
10
5.3147740157480312
20
-3.6949742913385828
11
5.3147740157480312
21
-3.6949083858267717
0
LINE
8
BLACK
6
CONTINUOUS
10
5.3147740157480312
20
-3.6949083858267717
11
5.3147515354330706
21
-3.6948465748031496
0
LINE
8
BLACK
6
CONTINUOUS
10
5.3147515354330706
20
-3.6948465748031496
11
5.3147740157480312
21
-3.6943346850393701
0
LINE
8
BLACK
6
CONTINUOUS
10
5.3147740157480312
20
-3.6943346850393701
11
5.3147740157480312
21
-3.6938221653543306
0
LINE
8
BLACK
6
CONTINUOUS
10
5.3147740157480312
20
-3.6938221653543306
11
5.3147991732283462
21
-3.6937613385826773
0
LINE
8
BLACK
6
CONTINUOUS
10
5.3147991732283462
20
-3.6937613385826773
11
5.314802086614173
21
-3.6936955511811025
0
LINE
8
BLACK
6
CONTINUOUS
10
5.314802086614173
20
-3.6936955511811025
11
5.3150188582677167
21
-3.6932310236220474
0
LINE
8
BLACK
6
CONTINUOUS
10
5.3150188582677167
20
-3.6932310236220474
11
5.3152149212598427
21
-3.6927577559055118
0
LINE
8
BLACK
6
CONTINUOUS
10
5.3152149212598427
20
-3.6927577559055118
11
5.3152614566929133
21
-3.6927111811023621
0
LINE
8
BLACK
6
CONTINUOUS
10
5.3152614566929133
20
-3.6927111811023621
11
5.3152893307086613
21
-3.6926515354330709
0
LINE
8
BLACK
6
CONTINUOUS
10
5.3152893307086613
20
-3.6926515354330709
11
5.3156671259842518
21
-3.6923055118110235
0
LINE
8
BLACK
6
CONTINUOUS
10
5.3156671259842518
20
-3.6923055118110235
11
5.3160295669291333
21
-3.6919431102362203
0
LINE
8
BLACK
6
CONTINUOUS
10
5.3160295669291333
20
-3.6919431102362203
11
5.3160903937007875
21
-3.6919178740157479
0
LINE
8
BLACK
6
CONTINUOUS
10
5.3160903937007875
20
-3.6919178740157479
11
5.3161389763779523
21
-3.6918734251968504
0
LINE
8
BLACK
6
CONTINUOUS
10
5.3161389763779523
20
-3.6918734251968504
11
5.3166204724409445
21
-3.6916983070866141
0
LINE
8
BLACK
6
CONTINUOUS
10
5.3166204724409445
20
-3.6916983070866141
11
5.3170939763779526
21
-3.6915022047244093
0
LINE
8
BLACK
6
CONTINUOUS
10
5.3170939763779526
20
-3.6915022047244093
11
5.3171843307086615
21
-3.6914932677165355
0
LINE
8
BLACK
6
CONTINUOUS
10
5.3171843307086615
20
-3.6914932677165355
11
5.3172216929133853
21
-3.6914797244094486
0
LINE
8
BLACK
6
CONTINUOUS
10
5.3172216929133853
20
-3.6914797244094486
11
5.3172912204724412
21
-3.6914827559055117
0
LINE
8
BLACK
6
CONTINUOUS
10
5.3172912204724412
20
-3.6914827559055117
11
5.3176700393700784
21
-3.6914454724409449
0
LINE
8
BLACK
6
CONTINUOUS
10
5.3176700393700784
20
-3.6914454724409449
11
5.3570401181102358
21
-3.6914454724409449
0
LINE
8
BLACK
6
CONTINUOUS
10
5.3570401181102358
20
-3.6914454724409449
11
5.3576161811023617
21
-3.6915022047244093
0
LINE
8
BLACK
6
CONTINUOUS
10
5.3576161811023617
20
-3.6915022047244093
11
5.358680590551181
21
-3.6919431102362203
0
LINE
8
BLACK
6
CONTINUOUS
10
5.358680590551181
20
-3.6919431102362203
11
5.3594952362204724
21
-3.6927577559055118
0
LINE
8
BLACK
6
CONTINUOUS
10
5.3594952362204724
20
-3.6927577559055118
11
5.3599361417322831
21
-3.6938221653543306
0
LINE
8
BLACK
6
CONTINUOUS
10
5.3599361417322831
20
-3.6938221653543306
11
5.3599361417322831
21
-3.6949742913385828
0
LINE
8
BLACK
6
CONTINUOUS
10
5.3599361417322831
20
-3.6949742913385828
11
5.3594952362204724
21
-3.6960387007874016
0
LINE
8
BLACK
6
CONTINUOUS
10
5.3594952362204724
20
-3.6960387007874016
11
5.358680590551181
21
-3.6968533464566926
0
LINE
8
BLACK
6
CONTINUOUS
10
5.358680590551181
20
-3.6968533464566926
11
5.3576161811023617
21
-3.6972942519685037
0
LINE
8
BLACK
6
CONTINUOUS
10
5.3576161811023617
20
-3.6972942519685037
11
5.3570401181102358
21
-3.6973509842519685
0
LINE
8
BLACK
6
CONTINUOUS
10
5.3570401181102358
20
-3.6973509842519685
11
5.3309798031496065
21
-3.6973509842519685
0
LINE
8
BLACK
6
CONTINUOUS
10
5.3309798031496065
20
-3.6973509842519685
11
5.3470401968503936
21
-3.7048458267716535
0
LINE
8
BLACK
6
CONTINUOUS
10
5.3470401968503936
20
-3.7048458267716535
11
5.3472511811023624
21
-3.7049707874015749
0
LINE
8
BLACK
6
CONTINUOUS
10
5.3472511811023624
20
-3.7049707874015749
11
5.3473225590551179
21
-3.7049967716535432
0
LINE
8
BLACK
6
CONTINUOUS
10
5.3473225590551179
20
-3.7049967716535432
11
5.3473730314960628
21
-3.7050429921259842
0
LINE
8
BLACK
6
CONTINUOUS
10
5.3473730314960628
20
-3.7050429921259842
11
5.3475382283464565
21
-3.7051408661417322
0
LINE
8
BLACK
6
CONTINUOUS
10
5.3475382283464565
20
-3.7051408661417322
11
5.3478412598425198
21
-3.705471771653543
0
LINE
8
BLACK
6
CONTINUOUS
10
5.3478412598425198
20
-3.705471771653543
11
5.3481722440944877
21
-3.7057748818897638
0
LINE
8
BLACK
6
CONTINUOUS
10
5.3481722440944877
20
-3.7057748818897638
11
5.3482277165354333
21
-3.7058937795275591
0
LINE
8
BLACK
6
CONTINUOUS
10
5.3482277165354333
20
-3.7058937795275591
11
5.3483162992125983
21
-3.7059905118110237
0
LINE
8
BLACK
6
CONTINUOUS
10
5.3483162992125983
20
-3.7059905118110237
11
5.3484696062992123
21
-3.7064121259842517
0
LINE
8
BLACK
6
CONTINUOUS
10
5.3484696062992123
20
-3.7064121259842517
11
5.3486594488188972
21
-3.7068188976377954
0
LINE
8
BLACK
6
CONTINUOUS
10
5.3486594488188972
20
-3.7068188976377954
11
5.3486651968503933
21
-3.7069499212598425
0
LINE
8
BLACK
6
CONTINUOUS
10
5.3486651968503933
20
-3.7069499212598425
11
5.3487100393700784
21
-3.7070732283464567
0
LINE
8
BLACK
6
CONTINUOUS
10
5.3487100393700784
20
-3.7070732283464567
11
5.3486903149606295
21
-3.7075215748031494
0
LINE
8
BLACK
6
CONTINUOUS
10
5.3486903149606295
20
-3.7075215748031494
11
5.3487100393700784
21
-3.7079699212598425
0
LINE
8
BLACK
6
CONTINUOUS
10
5.3487100393700784
20
-3.7079699212598425
11
5.3486651968503933
21
-3.708093188976378
0
LINE
8
BLACK
6
CONTINUOUS
10
5.3486651968503933
20
-3.708093188976378
11
5.3486594488188972
21
-3.7082242519685038
0
LINE
8
BLACK
6
CONTINUOUS
10
5.3486594488188972
20
-3.7082242519685038
11
5.3484696062992123
21
-3.7086309842519682
0
LINE
8
BLACK
6
CONTINUOUS
10
5.3484696062992123
20
-3.7086309842519682
11
5.3483162992125983
21
-3.7090526377952755
0
LINE
8
BLACK
6
CONTINUOUS
10
5.3483162992125983
20
-3.7090526377952755
11
5.3482277165354333
21
-3.7091493307086614
0
LINE
8
BLACK
6
CONTINUOUS
10
5.3482277165354333
20
-3.7091493307086614
11
5.3481722440944877
21
-3.7092682677165354
0
LINE
8
BLACK
6
CONTINUOUS
10
5.3481722440944877
20
-3.7092682677165354
11
5.3478412598425198
21
-3.709571338582677
0
LINE
8
BLACK
6
CONTINUOUS
10
5.3478412598425198
20
-3.709571338582677
11
5.3475382283464565
21
-3.709902283464567
0
LINE
8
BLACK
6
CONTINUOUS
10
5.3475382283464565
20
-3.709902283464567
11
5.3473730314960628
21
-3.7100001181102362
0
LINE
8
BLACK
6
CONTINUOUS
10
5.3473730314960628
20
-3.7100001181102362
11
5.3473225590551179
21
-3.7100463779527559
0
LINE
8
BLACK
6
CONTINUOUS
10
5.3473225590551179
20
-3.7100463779527559
11
5.3472511811023624
21
-3.7100723228346455
0
LINE
8
BLACK
6
CONTINUOUS
10
5.3472511811023624
20
-3.7100723228346455
11
5.3470401968503936
21
-3.7101973228346457
0
LINE
8
BLACK
6
CONTINUOUS
10
5.3470401968503936
20
-3.7101973228346457
11
5.3309798031496065
21
-3.7176921653543307
0
LINE
8
BLACK
6
CONTINUOUS
10
5.3309798031496065
20
-3.7176921653543307
11
5.3570401181102358
21
-3.7176921653543307
0
LINE
8
BLACK
6
CONTINUOUS
10
5.3570401181102358
20
-3.7176921653543307
11
5.3576161811023617
21
-3.717748897637795
0
LINE
8
BLACK
6
CONTINUOUS
10
5.3576161811023617
20
-3.717748897637795
11
5.358680590551181
21
-3.7181898031496061
0
LINE
8
BLACK
6
CONTINUOUS
10
5.358680590551181
20
-3.7181898031496061
11
5.3594952362204724
21
-3.7190044488188976
0
LINE
8
BLACK
6
CONTINUOUS
10
5.3594952362204724
20
-3.7190044488188976
11
5.3599361417322831
21
-3.7200688582677164
0
LINE
8
BLACK
6
CONTINUOUS
10
5.3599361417322831
20
-3.7200688582677164
11
5.3599361417322831
21
-3.7212209842519686
0
LINE
8
BLACK
6
CONTINUOUS
10
5.3599361417322831
20
-3.7212209842519686
11
5.3594952362204724
21
-3.7222853937007874
0
LINE
8
BLACK
6
CONTINUOUS
10
5.3594952362204724
20
-3.7222853937007874
11
5.358680590551181
21
-3.7231000393700788
0
LINE
8
BLACK
6
CONTINUOUS
10
5.358680590551181
20
-3.7231000393700788
11
5.3576161811023617
21
-3.7235409448818895
0
LINE
8
BLACK
6
CONTINUOUS
10
5.3576161811023617
20
-3.7235409448818895
11
5.3570401181102358
21
-3.7235976771653543
0
LINE
8
BLACK
6
CONTINUOUS
10
5.3570401181102358
20
-3.7235976771653543
11
5.3176700393700784
21
-3.7235976771653543
0
LINE
8
BLACK
6
CONTINUOUS
10
5.3176700393700784
20
-3.7235976771653543
11
5.3172912204724412
21
-3.7235603543307088
0
LINE
8
BLACK
6
CONTINUOUS
10
5.3172912204724412
20
-3.7235603543307088
11
5.3172216929133853
21
-3.7235634251968501
0
LINE
8
BLACK
6
CONTINUOUS
10
5.3172216929133853
20
-3.7235634251968501
11
5.3171843307086615
21
-3.7235498425196849
0
LINE
8
BLACK
6
CONTINUOUS
10
5.3171843307086615
20
-3.7235498425196849
11
5.3170939763779526
21
-3.7235409448818895
0
LINE
8
BLACK
6
CONTINUOUS
10
5.3170939763779526
20
-3.7235409448818895
11
5.3166204724409445
21
-3.7233448031496064
0
LINE
8
BLACK
6
CONTINUOUS
10
5.3166204724409445
20
-3.7233448031496064
11
5.3161389763779523
21
-3.7231697244094488
0
LINE
8
BLACK
6
CONTINUOUS
10
5.3161389763779523
20
-3.7231697244094488
11
5.3160903937007875
21
-3.7231252362204725
0
LINE
8
BLACK
6
CONTINUOUS
10
5.3160903937007875
20
-3.7231252362204725
11
5.3160295669291333
21
-3.7231000393700788
0
LINE
8
BLACK
6
CONTINUOUS
10
5.3160295669291333
20
-3.7231000393700788
11
5.3156671259842518
21
-3.7227375984251969
0
LINE
8
BLACK
6
CONTINUOUS
10
5.3156671259842518
20
-3.7227375984251969
11
5.3152893307086613
21
-3.7223916141732283
0
LINE
8
BLACK
6
CONTINUOUS
10
5.3152893307086613
20
-3.7223916141732283
11
5.3152614566929133
21
-3.7223319291338584
0
LINE
8
BLACK
6
CONTINUOUS
10
5.3152614566929133
20
-3.7223319291338584
11
5.3152149212598427
21
-3.7222853937007874
0
LINE
8
BLACK
6
CONTINUOUS
10
5.3152149212598427
20
-3.7222853937007874
11
5.3150188582677167
21
-3.7218120866141731
0
LINE
8
BLACK
6
CONTINUOUS
10
5.3150188582677167
20
-3.7218120866141731
11
5.314802086614173
21
-3.7213475984251967
0
LINE
8
BLACK
6
CONTINUOUS
10
5.314802086614173
20
-3.7213475984251967
11
5.3147991732283462
21
-3.7212817716535431
0
LINE
8
BLACK
6
CONTINUOUS
10
5.3147991732283462
20
-3.7212817716535431
11
5.3147740157480312
21
-3.7212209842519686
0
LINE
8
BLACK
6
CONTINUOUS
10
5.3147740157480312
20
-3.7212209842519686
11
5.3147740157480312
21
-3.7207084251968503
0
LINE
8
BLACK
6
CONTINUOUS
10
5.3147740157480312
20
-3.7207084251968503
11
5.3147515354330706
21
-3.7201965748031496
0
LINE
8
BLACK
6
CONTINUOUS
10
5.3147515354330706
20
-3.7201965748031496
11
5.3147740157480312
21
-3.7201347244094487
0
LINE
8
BLACK
6
CONTINUOUS
10
5.3147740157480312
20
-3.7201347244094487
11
5.3147740157480312
21
-3.7200688582677164
0
LINE
8
BLACK
6
CONTINUOUS
10
5.3147740157480312
20
-3.7200688582677164
11
5.314970118110236
21
-3.7195953543307088
0
LINE
8
BLACK
6
CONTINUOUS
10
5.314970118110236
20
-3.7195953543307088
11
5.3151452362204727
21
-3.7191138582677166
0
LINE
8
BLACK
6
CONTINUOUS
10
5.3151452362204727
20
-3.7191138582677166
11
5.3151896850393703
21
-3.7190652755905509
0
LINE
8
BLACK
6
CONTINUOUS
10
5.3151896850393703
20
-3.7190652755905509
11
5.3152149212598427
21
-3.7190044488188976
0
LINE
8
BLACK
6
CONTINUOUS
10
5.3152149212598427
20
-3.7190044488188976
11
5.3155773228346455
21
-3.7186420078740157
0
LINE
8
BLACK
6
CONTINUOUS
10
5.3155773228346455
20
-3.7186420078740157
11
5.3159233464566924
21
-3.7182642125984251
0
LINE
8
BLACK
6
CONTINUOUS
10
5.3159233464566924
20
-3.7182642125984251
11
5.3160013779527562
21
-3.7182179527559054
0
LINE
8
BLACK
6
CONTINUOUS
10
5.3160013779527562
20
-3.7182179527559054
11
5.3160295669291333
21
-3.7181898031496061
0
LINE
8
BLACK
6
CONTINUOUS
10
5.3160295669291333
20
-3.7181898031496061
11
5.3160939763779522
21
-3.7181630708661415
0
LINE
8
BLACK
6
CONTINUOUS
10
5.3160939763779522
20
-3.7181630708661415
11
5.3164213779527554
21
-3.7179691732283464
0
LINE
8
BLACK
6
CONTINUOUS
10
5.3164213779527554
20
-3.7179691732283464
11
5.3388090551181104
21
-3.7075215748031494
0
LINE
8
BLACK
6
CONTINUOUS
10
5.3388090551181104
20
-3.7075215748031494
11
5.3227298031496062
21
-3.7000179133858269
0
LINE
8
BLACK
6
CONTINUOUS
10
5.3227298031496062
20
-3.7000179133858269
11
5.3223868503937011
21
-3.7008459448818898
0
LINE
8
BLACK
6
CONTINUOUS
10
5.3223868503937011
20
-3.7008459448818898
11
5.3215722047244096
21
-3.7016605905511808
0
LINE
8
BLACK
6
CONTINUOUS
10
5.3215722047244096
20
-3.7016605905511808
11
5.3205077952755904
21
-3.7021014960629919
0
LINE
8
BLACK
6
CONTINUOUS
10
5.3205077952755904
20
-3.7021014960629919
11
5.3199317322834645
21
-3.7021582283464567
0
LINE
8
BLACK
6
CONTINUOUS
10
5.3199317322834645
20
-3.7021582283464567
11
5.307249645669291
21
-3.7021582283464567
0
LINE
8
BLACK
6
CONTINUOUS
10
5.307249645669291
20
-3.7021582283464567
11
5.3071336220472443
21
-3.7027414960629921
0
LINE
8
BLACK
6
CONTINUOUS
10
5.3071336220472443
20
-3.7027414960629921
11
5.3060682677165349
21
-3.7038068503937005
0
LINE
8
BLACK
6
CONTINUOUS
10
5.3060682677165349
20
-3.7038068503937005
11
5.3053149606299215
21
-3.7039566929133856
0
LINE
8
BLACK
6
CONTINUOUS
10
5.3053149606299215
20
-3.7039566929133856
11
5.2423228346456696
21
-3.7039566929133856
0
LINE
8
BLACK
6
CONTINUOUS
10
5.2423228346456696
20
-3.7039566929133856
11
5.2415695275590553
21
-3.7038068503937005
0
LINE
8
BLACK
6
CONTINUOUS
10
5.2415695275590553
20
-3.7038068503937005
11
5.2405041732283459
21
-3.7027414960629921
0
LINE
8
BLACK
6
CONTINUOUS
10
5.2405041732283459
20
-3.7027414960629921
11
5.2403543307086613
21
-3.7019881889763777
0
LINE
8
BLACK
6
CONTINUOUS
10
5.2403543307086613
20
-3.7019881889763777
11
5.2403543307086613
21
-3.700225748031496
0
LINE
8
BLACK
6
CONTINUOUS
10
5.2403543307086613
20
-3.700225748031496
11
5.24017031496063
21
-3.699781535433071
0
LINE
8
BLACK
6
CONTINUOUS
10
5.24017031496063
20
-3.699781535433071
11
5.2401135826771652
21
-3.6992054724409447
0
LINE
8
BLACK
6
CONTINUOUS
10
5.2401135826771652
20
-3.6992054724409447
11
5.2401135826771652
21
-3.6891799212598424
0
LINE
8
BLACK
6
CONTINUOUS
10
5.2401135826771652
20
-3.6891799212598424
11
5.2396362598425199
21
-3.6887025984251967
0
LINE
8
BLACK
6
CONTINUOUS
10
5.2396362598425199
20
-3.6887025984251967
11
5.2304304330708664
21
-3.7009771259842519
0
LINE
8
BLACK
6
CONTINUOUS
10
5.2304304330708664
20
-3.7009771259842519
11
5.2300394094488185
21
-3.701403937007874
0
LINE
8
BLACK
6
CONTINUOUS
10
5.2300394094488185
20
-3.701403937007874
11
5.2290480314960632
21
-3.7019909055118108
0
LINE
8
BLACK
6
CONTINUOUS
10
5.2290480314960632
20
-3.7019909055118108
11
5.2279075196850391
21
-3.7021538582677165
0
LINE
8
BLACK
6
CONTINUOUS
10
5.2279075196850391
20
-3.7021538582677165
11
5.2267914566929132
21
-3.7018679133858265
0
LINE
8
BLACK
6
CONTINUOUS
10
5.2267914566929132
20
-3.7018679133858265
11
5.2258697637795271
21
-3.7011766535433068
0
LINE
8
BLACK
6
CONTINUOUS
10
5.2258697637795271
20
-3.7011766535433068
11
5.2252827952755903
21
-3.7001852755905511
0
LINE
8
BLACK
6
CONTINUOUS
10
5.2252827952755903
20
-3.7001852755905511
11
5.2251198425196845
21
-3.6990447637795274
0
LINE
8
BLACK
6
CONTINUOUS
10
5.2251198425196845
20
-3.6990447637795274
11
5.2254057874015745
21
-3.6979287007874015
0
LINE
8
BLACK
6
CONTINUOUS
10
5.2254057874015745
20
-3.6979287007874015
11
5.2257060236220472
21
-3.6974338188976379
0
LINE
8
BLACK
6
CONTINUOUS
10
5.2257060236220472
20
-3.6974338188976379
11
5.2354180314960628
21
-3.68448437007874
0
LINE
8
BLACK
6
CONTINUOUS
10
5.2354180314960628
20
-3.68448437007874
11
5.2259803149606299
21
-3.6750466535433071
0
LINE
8
BLACK
6
CONTINUOUS
10
5.2259803149606299
20
-3.6750466535433071
11
5.2256131102362202
21
-3.6745992125984253
0
LINE
8
BLACK
6
CONTINUOUS
10
5.2256131102362202
20
-3.6745992125984253
11
5.2251722047244096
21
-3.6735347637795273
0
LINE
8
BLACK
6
CONTINUOUS
10
5.2251722047244096
20
-3.6735347637795273
11
5.2251722047244096
21
-3.672382716535433
0
LINE
8
BLACK
6
CONTINUOUS
10
5.2251722047244096
20
-3.672382716535433
11
5.2256131102362202
21
-3.6713182677165355
0
LINE
8
BLACK
6
CONTINUOUS
10
5.2256131102362202
20
-3.6713182677165355
11
5.2264277559055117
21
-3.670503622047244
0
LINE
8
BLACK
6
CONTINUOUS
10
5.2264277559055117
20
-3.670503622047244
11
5.2274922047244097
21
-3.6700627165354329
0
LINE
8
BLACK
6
CONTINUOUS
10
5.2274922047244097
20
-3.6700627165354329
11
5.2286442519685039
21
-3.6700627165354329
0
LINE
8
BLACK
6
CONTINUOUS
10
5.2286442519685039
20
-3.6700627165354329
11
5.229708700787401
21
-3.670503622047244
0
LINE
8
BLACK
6
CONTINUOUS
10
5.229708700787401
20
-3.670503622047244
11
5.2301561417322837
21
-3.6708708267716537
0
LINE
8
BLACK
6
CONTINUOUS
10
5.2301561417322837
20
-3.6708708267716537
11
5.2401135826771652
21
-3.6808282677165352
0
LINE
8
BLACK
6
CONTINUOUS
10
5.2401135826771652
20
-3.6808282677165352
11
5.2401135826771652
21
-3.6598353937007873
0
LINE
8
BLACK
6
CONTINUOUS
10
5.2401135826771652
20
-3.6598353937007873
11
5.24017031496063
21
-3.6592593307086614
0
LINE
8
BLACK
6
CONTINUOUS
10
5.24017031496063
20
-3.6592593307086614
11
5.2406112204724407
21
-3.6581949212598426
0
LINE
8
BLACK
6
CONTINUOUS
10
5.2406112204724407
20
-3.6581949212598426
11
5.2414258661417321
21
-3.6573802755905511
0
LINE
8
BLACK
6
CONTINUOUS
10
5.2414258661417321
20
-3.6573802755905511
11
5.2424902755905514
21
-3.65693937007874
0
LINE
8
BLACK
6
CONTINUOUS
10
5.2424902755905514
20
-3.65693937007874
11
5.2436424015748031
21
-3.65693937007874
0
LINE
8
BLACK
6
CONTINUOUS
10
5.2436424015748031
20
-3.65693937007874
11
5.2447068110236224
21
-3.6573802755905511
0
LINE
8
BLACK
6
CONTINUOUS
10
5.2447068110236224
20
-3.6573802755905511
11
5.2455214566929129
21
-3.6581949212598426
0
LINE
8
BLACK
6
CONTINUOUS
10
5.2455214566929129
20
-3.6581949212598426
11
5.2459623622047244
21
-3.6592593307086614
0
LINE
8
BLACK
6
CONTINUOUS
10
5.2459623622047244
20
-3.6592593307086614
11
5.2460190944881893
21
-3.6598353937007873
0
LINE
8
BLACK
6
CONTINUOUS
10
5.2460190944881893
20
-3.6598353937007873
11
5.2460190944881893
21
-3.6675393700787402
0
LINE
8
BLACK
6
CONTINUOUS
10
5.2460190944881893
20
-3.6675393700787402
11
5.2587191338582677
21
-3.6675393700787402
0
LINE
8
BLACK
6
CONTINUOUS
10
5.2587191338582677
20
-3.6675393700787402
11
5.2589494094488192
21
-3.6666183070866141
0
LINE
8
BLACK
6
CONTINUOUS
10
5.2589494094488192
20
-3.6666183070866141
11
5.2589645669291336
21
-3.6665757874015745
0
LINE
8
BLACK
6
CONTINUOUS
10
5.2589645669291336
20
-3.6665757874015745
11
5.258966102362205
21
-3.666554566929134
0
LINE
8
BLACK
6
CONTINUOUS
10
5.258966102362205
20
-3.666554566929134
11
5.2590577165354331
21
-3.6663151181102362
0
LINE
8
BLACK
6
CONTINUOUS
10
5.2590577165354331
20
-3.6663151181102362
11
5.2591441732283464
21
-3.666073188976378
0
LINE
8
BLACK
6
CONTINUOUS
10
5.2591441732283464
20
-3.666073188976378
11
5.2591568503937003
21
-3.6660560236220472
0
LINE
8
BLACK
6
CONTINUOUS
10
5.2591568503937003
20
-3.6660560236220472
11
5.2591729921259844
21
-3.6660139370078739
0
LINE
8
BLACK
6
CONTINUOUS
10
5.2591729921259844
20
-3.6660139370078739
11
5.261047755905512
21
-3.6622644094488188
0
LINE
8
BLACK
6
CONTINUOUS
10
5.261047755905512
20
-3.6622644094488188
11
5.2612038188976378
21
-3.6620163779527557
0
LINE
8
BLACK
6
CONTINUOUS
10
5.2612038188976378
20
-3.6620163779527557
11
5.2612336614173225
21
-3.6619444488188977
0
LINE
8
BLACK
6
CONTINUOUS
10
5.2612336614173225
20
-3.6619444488188977
11
5.2613001181102357
21
-3.6618634645669292
0
LINE
8
BLACK
6
CONTINUOUS
10
5.2613001181102357
20
-3.6618634645669292
11
5.2613561023622042
21
-3.661774527559055
0
LINE
8
BLACK
6
CONTINUOUS
10
5.2613561023622042
20
-3.661774527559055
11
5.261415078740157
21
-3.661723346456693
0
LINE
8
BLACK
6
CONTINUOUS
10
5.261415078740157
20
-3.661723346456693
11
5.2616008661417322
21
-3.6614970078740159
0
LINE
8
BLACK
6
CONTINUOUS
10
5.2616008661417322
20
-3.6614970078740159
11
5.2634756299212597
21
-3.6596222440944879
0
LINE
8
BLACK
6
CONTINUOUS
10
5.2634756299212597
20
-3.6596222440944879
11
5.2637019685039368
21
-3.6594364566929132
0
LINE
8
BLACK
6
CONTINUOUS
10
5.2637019685039368
20
-3.6594364566929132
11
5.2637531496062993
21
-3.6593774803149604
0
LINE
8
BLACK
6
CONTINUOUS
10
5.2637531496062993
20
-3.6593774803149604
11
5.2638420866141731
21
-3.6593214960629918
0
LINE
8
BLACK
6
CONTINUOUS
10
5.2638420866141731
20
-3.6593214960629918
11
5.2639230708661415
21
-3.6592550393700787
0
LINE
8
BLACK
6
CONTINUOUS
10
5.2639230708661415
20
-3.6592550393700787
11
5.2639949999999995
21
-3.6592251968503935
0
LINE
8
BLACK
6
CONTINUOUS
10
5.2639949999999995
20
-3.6592251968503935
11
5.2642430314960631
21
-3.6590691338582677
0
LINE
8
BLACK
6
CONTINUOUS
10
5.2642430314960631
20
-3.6590691338582677
11
5.2679925590551182
21
-3.6571943700787402
0
LINE
8
BLACK
6
CONTINUOUS
10
5.2679925590551182
20
-3.6571943700787402
11
5.2685331496062995
21
-3.6569874803149607
0
LINE
8
BLACK
6
CONTINUOUS
10
5.2685331496062995
20
-3.6569874803149607
11
5.2686390157480316
21
-3.6569799212598424
0
LINE
8
BLACK
6
CONTINUOUS
10
5.2686390157480316
20
-3.6569799212598424
11
5.2687370078740159
21
-3.65693937007874
0
LINE
8
BLACK
6
CONTINUOUS
10
5.2687370078740159
20
-3.65693937007874
11
5.2693130708661418
21
-3.6568826377952757
0
LINE
8
BLACK
6
CONTINUOUS
10
5.2693130708661418
20
-3.6568826377952757
11
5.2730625984251969
21
-3.6568826377952757
0
LINE
8
BLACK
6
CONTINUOUS
10
5.2730625984251969
20
-3.6568826377952757
11
5.2736386614173227
21
-3.65693937007874
0
LINE
8
BLACK
6
CONTINUOUS
10
5.2460190944881893
20
-3.6714763779527559
11
5.2460190944881893
21
-3.6992054724409447
0
LINE
8
BLACK
6
CONTINUOUS
10
5.2460190944881893
20
-3.6992054724409447
11
5.2459623622047244
21
-3.699781535433071
0
LINE
8
BLACK
6
CONTINUOUS
10
5.2459623622047244
20
-3.699781535433071
11
5.2458637007874014
21
-3.7000196850393698
0
LINE
8
BLACK
6
CONTINUOUS
10
5.2458637007874014
20
-3.7000196850393698
11
5.2643389370078735
21
-3.7000196850393698
0
LINE
8
BLACK
6
CONTINUOUS
10
5.2643389370078735
20
-3.7000196850393698
11
5.2642430314960631
21
-3.6999717322834647
0
LINE
8
BLACK
6
CONTINUOUS
10
5.2642430314960631
20
-3.6999717322834647
11
5.2639949999999995
21
-3.6998156299212597
0
LINE
8
BLACK
6
CONTINUOUS
10
5.2639949999999995
20
-3.6998156299212597
11
5.2639230708661415
21
-3.6997858267716532
0
LINE
8
BLACK
6
CONTINUOUS
10
5.2639230708661415
20
-3.6997858267716532
11
5.2638420866141731
21
-3.6997193700787401
0
LINE
8
BLACK
6
CONTINUOUS
10
5.2638420866141731
20
-3.6997193700787401
11
5.2637531496062993
21
-3.6996633858267716
0
LINE
8
BLACK
6
CONTINUOUS
10
5.2637531496062993
20
-3.6996633858267716
11
5.263701929133858
21
-3.6996043307086612
0
LINE
8
BLACK
6
CONTINUOUS
10
5.263701929133858
20
-3.6996043307086612
11
5.263475590551181
21
-3.6994185826771653
0
LINE
8
BLACK
6
CONTINUOUS
10
5.263475590551181
20
-3.6994185826771653
11
5.2616008267716534
21
-3.697543779527559
0
LINE
8
BLACK
6
CONTINUOUS
10
5.2616008267716534
20
-3.697543779527559
11
5.261415078740157
21
-3.6973174409448819
0
LINE
8
BLACK
6
CONTINUOUS
10
5.261415078740157
20
-3.6973174409448819
11
5.2613561023622042
21
-3.6972662992125982
0
LINE
8
BLACK
6
CONTINUOUS
10
5.2613561023622042
20
-3.6972662992125982
11
5.2613001181102357
21
-3.6971773622047244
0
LINE
8
BLACK
6
CONTINUOUS
10
5.2613001181102357
20
-3.6971773622047244
11
5.2612336220472438
21
-3.6970963385826772
0
LINE
8
BLACK
6
CONTINUOUS
10
5.2612336220472438
20
-3.6970963385826772
11
5.261203779527559
21
-3.6970242913385825
0
LINE
8
BLACK
6
CONTINUOUS
10
5.261203779527559
20
-3.6970242913385825
11
5.261047755905512
21
-3.6967764173228344
0
LINE
8
BLACK
6
CONTINUOUS
10
5.261047755905512
20
-3.6967764173228344
11
5.2591729921259844
21
-3.6930268897637792
0
LINE
8
BLACK
6
CONTINUOUS
10
5.2591729921259844
20
-3.6930268897637792
11
5.2591568503937003
21
-3.6929847637795277
0
LINE
8
BLACK
6
CONTINUOUS
10
5.2591568503937003
20
-3.6929847637795277
11
5.2591441732283464
21
-3.6929676377952756
0
LINE
8
BLACK
6
CONTINUOUS
10
5.2591441732283464
20
-3.6929676377952756
11
5.2590577165354331
21
-3.6927256692913386
0
LINE
8
BLACK
6
CONTINUOUS
10
5.2590577165354331
20
-3.6927256692913386
11
5.258966102362205
21
-3.6924862598425197
0
LINE
8
BLACK
6
CONTINUOUS
10
5.258966102362205
20
-3.6924862598425197
11
5.2589645669291336
21
-3.6924649999999999
0
LINE
8
BLACK
6
CONTINUOUS
10
5.2589645669291336
20
-3.6924649999999999
11
5.2589494094488192
21
-3.6924225196850391
0
LINE
8
BLACK
6
CONTINUOUS
10
5.2589494094488192
20
-3.6924225196850391
11
5.2570746456692916
21
-3.6849234645669289
0
LINE
8
BLACK
6
CONTINUOUS
10
5.2570746456692916
20
-3.6849234645669289
11
5.2570598425196851
21
-3.6848235826771654
0
LINE
8
BLACK
6
CONTINUOUS
10
5.2570598425196851
20
-3.6848235826771654
11
5.2570432283464568
21
-3.6847833858267718
0
LINE
8
BLACK
6
CONTINUOUS
10
5.2570432283464568
20
-3.6847833858267718
11
5.2570218503937003
21
-3.6845663385826772
0
LINE
8
BLACK
6
CONTINUOUS
10
5.2570218503937003
20
-3.6845663385826772
11
5.2569900000000001
21
-3.6843508661417324
0
LINE
8
BLACK
6
CONTINUOUS
10
5.2569900000000001
20
-3.6843508661417324
11
5.2569963779527562
21
-3.684307834645669
0
LINE
8
BLACK
6
CONTINUOUS
10
5.2569963779527562
20
-3.684307834645669
11
5.256986496062992
21
-3.6842073228346455
0
LINE
8
BLACK
6
CONTINUOUS
10
5.256986496062992
20
-3.6842073228346455
11
5.256986496062992
21
-3.6748335039370077
0
LINE
8
BLACK
6
CONTINUOUS
10
5.256986496062992
20
-3.6748335039370077
11
5.2569963779527562
21
-3.6747329527559054
0
LINE
8
BLACK
6
CONTINUOUS
10
5.2569963779527562
20
-3.6747329527559054
11
5.2569900000000001
21
-3.6746899606299213
0
LINE
8
BLACK
6
CONTINUOUS
10
5.2569900000000001
20
-3.6746899606299213
11
5.2570218503937003
21
-3.6744744488188976
0
LINE
8
BLACK
6
CONTINUOUS
10
5.2570218503937003
20
-3.6744744488188976
11
5.2570432283464568
21
-3.6742574409448818
0
LINE
8
BLACK
6
CONTINUOUS
10
5.2570432283464568
20
-3.6742574409448818
11
5.2570598425196851
21
-3.6742172047244095
0
LINE
8
BLACK
6
CONTINUOUS
10
5.2570598425196851
20
-3.6742172047244095
11
5.2570746456692916
21
-3.6741173622047243
0
LINE
8
BLACK
6
CONTINUOUS
10
5.2570746456692916
20
-3.6741173622047243
11
5.257734881889764
21
-3.6714763779527559
0
LINE
8
BLACK
6
CONTINUOUS
10
5.257734881889764
20
-3.6714763779527559
11
5.2460190944881893
21
-3.6714763779527559
0
LINE
8
BLACK
6
CONTINUOUS
10
5.2846407874015746
20
-3.6714763779527559
11
5.285301023622047
21
-3.6741173622047243
0
LINE
8
BLACK
6
CONTINUOUS
10
5.285301023622047
20
-3.6741173622047243
11
5.2853157874015748
21
-3.6742172047244095
0
LINE
8
BLACK
6
CONTINUOUS
10
5.2853157874015748
20
-3.6742172047244095
11
5.2853324409448819
21
-3.6742574409448818
0
LINE
8
BLACK
6
CONTINUOUS
10
5.2853324409448819
20
-3.6742574409448818
11
5.2853537795275587
21
-3.6744744488188976
0
LINE
8
BLACK
6
CONTINUOUS
10
5.2853537795275587
20
-3.6744744488188976
11
5.2853856692913386
21
-3.6746899606299213
0
LINE
8
BLACK
6
CONTINUOUS
10
5.2853856692913386
20
-3.6746899606299213
11
5.2853792519685037
21
-3.6747329527559054
0
LINE
8
BLACK
6
CONTINUOUS
10
5.2853792519685037
20
-3.6747329527559054
11
5.2853891732283467
21
-3.6748335039370077
0
LINE
8
BLACK
6
CONTINUOUS
10
5.2853891732283467
20
-3.6748335039370077
11
5.2853891732283467
21
-3.6842073228346455
0
LINE
8
BLACK
6
CONTINUOUS
10
5.2853891732283467
20
-3.6842073228346455
11
5.2853792519685037
21
-3.684307834645669
0
LINE
8
BLACK
6
CONTINUOUS
10
5.2853792519685037
20
-3.684307834645669
11
5.2853856692913386
21
-3.6843508661417324
0
LINE
8
BLACK
6
CONTINUOUS
10
5.2853856692913386
20
-3.6843508661417324
11
5.2853537795275587
21
-3.6845663385826772
0
LINE
8
BLACK
6
CONTINUOUS
10
5.2853537795275587
20
-3.6845663385826772
11
5.2853324409448819
21
-3.6847833858267718
0
LINE
8
BLACK
6
CONTINUOUS
10
5.2853324409448819
20
-3.6847833858267718
11
5.2853157874015748
21
-3.6848235826771654
0
LINE
8
BLACK
6
CONTINUOUS
10
5.2853157874015748
20
-3.6848235826771654
11
5.285301023622047
21
-3.6849234645669289
0
LINE
8
BLACK
6
CONTINUOUS
10
5.285301023622047
20
-3.6849234645669289
11
5.2834262598425195
21
-3.6924225196850391
0
LINE
8
BLACK
6
CONTINUOUS
10
5.2834262598425195
20
-3.6924225196850391
11
5.2834110629921263
21
-3.6924649999999999
0
LINE
8
BLACK
6
CONTINUOUS
10
5.2834110629921263
20
-3.6924649999999999
11
5.2834095669291337
21
-3.6924862992125984
0
LINE
8
BLACK
6
CONTINUOUS
10
5.2834095669291337
20
-3.6924862992125984
11
5.2833177952755905
21
-3.6927260236220469
0
LINE
8
BLACK
6
CONTINUOUS
10
5.2833177952755905
20
-3.6927260236220469
11
5.2832314960629922
21
-3.6929676377952756
0
LINE
8
BLACK
6
CONTINUOUS
10
5.2832314960629922
20
-3.6929676377952756
11
5.2832187795275587
21
-3.6929847637795277
0
LINE
8
BLACK
6
CONTINUOUS
10
5.2832187795275587
20
-3.6929847637795277
11
5.2832026771653542
21
-3.6930268897637792
0
LINE
8
BLACK
6
CONTINUOUS
10
5.2832026771653542
20
-3.6930268897637792
11
5.2813279133858266
21
-3.6967764173228344
0
LINE
8
BLACK
6
CONTINUOUS
10
5.2813279133858266
20
-3.6967764173228344
11
5.2811718503937009
21
-3.6970242913385825
0
LINE
8
BLACK
6
CONTINUOUS
10
5.2811718503937009
20
-3.6970242913385825
11
5.281142047244094
21
-3.6970963385826772
0
LINE
8
BLACK
6
CONTINUOUS
10
5.281142047244094
20
-3.6970963385826772
11
5.2810755118110233
21
-3.6971773622047244
0
LINE
8
BLACK
6
CONTINUOUS
10
5.2810755118110233
20
-3.6971773622047244
11
5.2810195669291335
21
-3.6972662992125982
0
LINE
8
BLACK
6
CONTINUOUS
10
5.2810195669291335
20
-3.6972662992125982
11
5.280960551181102
21
-3.6973174409448819
0
LINE
8
BLACK
6
CONTINUOUS
10
5.280960551181102
20
-3.6973174409448819
11
5.2807748031496065
21
-3.6975438188976377
0
LINE
8
BLACK
6
CONTINUOUS
10
5.2807748031496065
20
-3.6975438188976377
11
5.2789000787401577
21
-3.6994185826771653
0
LINE
8
BLACK
6
CONTINUOUS
10
5.2789000787401577
20
-3.6994185826771653
11
5.2786737007874018
21
-3.6996043307086612
0
LINE
8
BLACK
6
CONTINUOUS
10
5.2786737007874018
20
-3.6996043307086612
11
5.2786225196850394
21
-3.6996633858267716
0
LINE
8
BLACK
6
CONTINUOUS
10
5.2786225196850394
20
-3.6996633858267716
11
5.2785335433070868
21
-3.6997193700787401
0
LINE
8
BLACK
6
CONTINUOUS
10
5.2785335433070868
20
-3.6997193700787401
11
5.2784525984251971
21
-3.6997858267716532
0
LINE
8
BLACK
6
CONTINUOUS
10
5.2784525984251971
20
-3.6997858267716532
11
5.2783806299212594
21
-3.6998156299212597
0
LINE
8
BLACK
6
CONTINUOUS
10
5.2783806299212594
20
-3.6998156299212597
11
5.2781326377952755
21
-3.6999717322834647
0
LINE
8
BLACK
6
CONTINUOUS
10
5.2781326377952755
20
-3.6999717322834647
11
5.2780367322834643
21
-3.7000196850393698
0
LINE
8
BLACK
6
CONTINUOUS
10
5.2780367322834643
20
-3.7000196850393698
11
5.2946372047244097
21
-3.7000196850393698
0
LINE
8
BLACK
6
CONTINUOUS
10
5.2946372047244097
20
-3.7000196850393698
11
5.2945385433070866
21
-3.699781535433071
0
LINE
8
BLACK
6
CONTINUOUS
10
5.2945385433070866
20
-3.699781535433071
11
5.2945385433070866
21
-3.6986294094488188
0
LINE
8
BLACK
6
CONTINUOUS
10
5.2945385433070866
20
-3.6986294094488188
11
5.2949794488188973
21
-3.697565
0
LINE
8
BLACK
6
CONTINUOUS
10
5.2949794488188973
20
-3.697565
11
5.2957940944881887
21
-3.6967503543307085
0
LINE
8
BLACK
6
CONTINUOUS
10
5.2957940944881887
20
-3.6967503543307085
11
5.296858503937008
21
-3.6963094488188974
0
LINE
8
BLACK
6
CONTINUOUS
10
5.296858503937008
20
-3.6963094488188974
11
5.2974345669291338
21
-3.6962527165354331
0
LINE
8
BLACK
6
CONTINUOUS
10
5.2974345669291338
20
-3.6962527165354331
11
5.3033464566929132
21
-3.6962527165354331
0
LINE
8
BLACK
6
CONTINUOUS
10
5.3033464566929132
20
-3.6962527165354331
11
5.3033464566929132
21
-3.6714763779527559
0
LINE
8
BLACK
6
CONTINUOUS
10
5.3033464566929132
20
-3.6714763779527559
11
5.2846407874015746
21
-3.6714763779527559
0
LINE
8
BLACK
6
CONTINUOUS
10
5.2638221653543305
20
-3.6714763779527559
11
5.262892007874016
21
-3.6751970472440942
0
LINE
8
BLACK
6
CONTINUOUS
10
5.262892007874016
20
-3.6751970472440942
11
5.262892007874016
21
-3.6838437795275589
0
LINE
8
BLACK
6
CONTINUOUS
10
5.262892007874016
20
-3.6838437795275589
11
5.2645999999999997
21
-3.6906758267716535
0
LINE
8
BLACK
6
CONTINUOUS
10
5.2645999999999997
20
-3.6906758267716535
11
5.2661155118110239
21
-3.6937068110236217
0
LINE
8
BLACK
6
CONTINUOUS
10
5.2661155118110239
20
-3.6937068110236217
11
5.2673126377952757
21
-3.6949039763779528
0
LINE
8
BLACK
6
CONTINUOUS
10
5.2673126377952757
20
-3.6949039763779528
11
5.2700101181102363
21
-3.6962527165354331
0
LINE
8
BLACK
6
CONTINUOUS
10
5.2700101181102363
20
-3.6962527165354331
11
5.2723655511811023
21
-3.6962527165354331
0
LINE
8
BLACK
6
CONTINUOUS
10
5.2723655511811023
20
-3.6962527165354331
11
5.2750629921259842
21
-3.6949039763779528
0
LINE
8
BLACK
6
CONTINUOUS
10
5.2750629921259842
20
-3.6949039763779528
11
5.276260118110236
21
-3.6937068110236217
0
LINE
8
BLACK
6
CONTINUOUS
10
5.276260118110236
20
-3.6937068110236217
11
5.2777756299212601
21
-3.6906758267716535
0
LINE
8
BLACK
6
CONTINUOUS
10
5.2777756299212601
20
-3.6906758267716535
11
5.2794836614173226
21
-3.6838437795275589
0
LINE
8
BLACK
6
CONTINUOUS
10
5.2794836614173226
20
-3.6838437795275589
11
5.2794836614173226
21
-3.6751970472440942
0
LINE
8
BLACK
6
CONTINUOUS
10
5.2794836614173226
20
-3.6751970472440942
11
5.2785534645669294
21
-3.6714763779527559
0
LINE
8
BLACK
6
CONTINUOUS
10
5.2785534645669294
20
-3.6714763779527559
11
5.2638221653543305
21
-3.6714763779527559
0
LINE
8
BLACK
6
CONTINUOUS
10
5.2673126377952757
20
-3.6641368897637796
11
5.2661155118110239
21
-3.6653340157480314
0
LINE
8
BLACK
6
CONTINUOUS
10
5.2661155118110239
20
-3.6653340157480314
11
5.2650128346456695
21
-3.6675393700787402
0
LINE
8
BLACK
6
CONTINUOUS
10
5.2650128346456695
20
-3.6675393700787402
11
5.2773628346456691
21
-3.6675393700787402
0
LINE
8
BLACK
6
CONTINUOUS
10
5.2773628346456691
20
-3.6675393700787402
11
5.2762601574803147
21
-3.6653340157480314
0
LINE
8
BLACK
6
CONTINUOUS
10
5.2762601574803147
20
-3.6653340157480314
11
5.2750630314960629
21
-3.6641368897637796
0
LINE
8
BLACK
6
CONTINUOUS
10
5.2750630314960629
20
-3.6641368897637796
11
5.2723655511811023
21
-3.6627881496062993
0
LINE
8
BLACK
6
CONTINUOUS
10
5.2723655511811023
20
-3.6627881496062993
11
5.2700101181102363
21
-3.6627881496062993
0
LINE
8
BLACK
6
CONTINUOUS
10
5.2700101181102363
20
-3.6627881496062993
11
5.2673126377952757
21
-3.6641368897637796
0
LINE
8
BLACK
6
CONTINUOUS
10
6.081895039370079
20
-3.6351892125984251
11
6.0829603937007874
21
-3.636254566929134
0
LINE
8
BLACK
6
CONTINUOUS
10
6.0829603937007874
20
-3.636254566929134
11
6.0831102362204721
21
-3.6370078740157479
0
LINE
8
BLACK
6
CONTINUOUS
10
6.0831102362204721
20
-3.6370078740157479
11
6.0831102362204721
21
-3.7157480314960627
0
LINE
8
BLACK
6
CONTINUOUS
10
6.0831102362204721
20
-3.7157480314960627
11
6.0829603937007874
21
-3.7165013385826771
0
LINE
8
BLACK
6
CONTINUOUS
10
6.0829603937007874
20
-3.7165013385826771
11
6.081895039370079
21
-3.7175666929133859
0
LINE
8
BLACK
6
CONTINUOUS
10
6.081895039370079
20
-3.7175666929133859
11
6.0811417322834647
21
-3.7177165354330706
0
LINE
8
BLACK
6
CONTINUOUS
10
6.0811417322834647
20
-3.7177165354330706
11
6.0024015748031498
21
-3.7177165354330706
0
LINE
8
BLACK
6
CONTINUOUS
10
6.0024015748031498
20
-3.7177165354330706
11
6.0016482677165355
21
-3.7175666929133859
0
LINE
8
BLACK
6
CONTINUOUS
10
6.0016482677165355
20
-3.7175666929133859
11
6.0005829133858271
21
-3.7165013385826771
0
LINE
8
BLACK
6
CONTINUOUS
10
6.0005829133858271
20
-3.7165013385826771
11
6.0004330708661415
21
-3.7157480314960627
0
LINE
8
BLACK
6
CONTINUOUS
10
6.0004330708661415
20
-3.7157480314960627
11
6.0004330708661415
21
-3.6370078740157479
0
LINE
8
BLACK
6
CONTINUOUS
10
6.0004330708661415
20
-3.6370078740157479
11
6.0005829133858271
21
-3.636254566929134
0
LINE
8
BLACK
6
CONTINUOUS
10
6.0005829133858271
20
-3.636254566929134
11
6.0016482677165355
21
-3.6351892125984251
0
LINE
8
BLACK
6
CONTINUOUS
10
6.0016482677165355
20
-3.6351892125984251
11
6.0024015748031498
21
-3.63503937007874
0
LINE
8
BLACK
6
CONTINUOUS
10
6.0024015748031498
20
-3.63503937007874
11
6.0811417322834647
21
-3.63503937007874
0
LINE
8
BLACK
6
CONTINUOUS
10
6.0811417322834647
20
-3.63503937007874
11
6.081895039370079
21
-3.6351892125984251
0
LINE
8
BLACK
6
CONTINUOUS
10
6.0043700787401573
20
-3.6389763779527557
11
6.0043700787401573
21
-3.7137795275590548
0
LINE
8
BLACK
6
CONTINUOUS
10
6.0043700787401573
20
-3.7137795275590548
11
6.060641338582677
21
-3.7137795275590548
0
LINE
8
BLACK
6
CONTINUOUS
10
6.060641338582677
20
-3.7137795275590548
11
6.0791732283464563
21
-3.6952476377952754
0
LINE
8
BLACK
6
CONTINUOUS
10
6.0791732283464563
20
-3.6952476377952754
11
6.0791732283464563
21
-3.6389763779527557
0
LINE
8
BLACK
6
CONTINUOUS
10
6.0791732283464563
20
-3.6389763779527557
11
6.0043700787401573
21
-3.6389763779527557
0
LINE
8
BLACK
6
CONTINUOUS
10
6.0662090551181098
20
-3.7137795275590548
11
6.0791732283464563
21
-3.7137795275590548
0
LINE
8
BLACK
6
CONTINUOUS
10
6.0791732283464563
20
-3.7137795275590548
11
6.0791732283464563
21
-3.7008153543307087
0
LINE
8
BLACK
6
CONTINUOUS
10
6.0791732283464563
20
-3.7008153543307087
11
6.0662090551181098
21
-3.7137795275590548
0
LINE
8
BLACK
6
CONTINUOUS
10
4.9157645275590554
20
-3.6816109448818897
11
4.9158075590551178
21
-3.681604566929134
0
LINE
8
BLACK
6
CONTINUOUS
10
4.9158075590551178
20
-3.681604566929134
11
4.9160230314960627
21
-3.6816364173228346
0
LINE
8
BLACK
6
CONTINUOUS
10
4.9160230314960627
20
-3.6816364173228346
11
4.9162400787401577
21
-3.6816577952755907
0
LINE
8
BLACK
6
CONTINUOUS
10
4.9162400787401577
20
-3.6816577952755907
11
4.9162802755905508
21
-3.681674409448819
0
LINE
8
BLACK
6
CONTINUOUS
10
4.9162802755905508
20
-3.681674409448819
11
4.9163801574803152
21
-3.6816892125984251
0
LINE
8
BLACK
6
CONTINUOUS
10
4.9163801574803152
20
-3.6816892125984251
11
4.9238792125984254
21
-3.6835639763779526
0
LINE
8
BLACK
6
CONTINUOUS
10
4.9238792125984254
20
-3.6835639763779526
11
4.9239216929133853
21
-3.6835791338582675
0
LINE
8
BLACK
6
CONTINUOUS
10
4.9239216929133853
20
-3.6835791338582675
11
4.9239429527559055
21
-3.6835806692913384
0
LINE
8
BLACK
6
CONTINUOUS
10
4.9239429527559055
20
-3.6835806692913384
11
4.9241823622047241
21
-3.683672283464567
0
LINE
8
BLACK
6
CONTINUOUS
10
4.9241823622047241
20
-3.683672283464567
11
4.9244243307086615
21
-3.6837587401574803
0
LINE
8
BLACK
6
CONTINUOUS
10
4.9244243307086615
20
-3.6837587401574803
11
4.9244414566929136
21
-3.6837714173228346
0
LINE
8
BLACK
6
CONTINUOUS
10
4.9244414566929136
20
-3.6837714173228346
11
4.9244835826771656
21
-3.6837875590551179
0
LINE
8
BLACK
6
CONTINUOUS
10
4.9244835826771656
20
-3.6837875590551179
11
4.9282331102362207
21
-3.6856623228346455
0
LINE
8
BLACK
6
CONTINUOUS
10
4.9282331102362207
20
-3.6856623228346455
11
4.9284809842519683
21
-3.6858183464566929
0
LINE
8
BLACK
6
CONTINUOUS
10
4.9284809842519683
20
-3.6858183464566929
11
4.9285530314960626
21
-3.6858481889763777
0
LINE
8
BLACK
6
CONTINUOUS
10
4.9285530314960626
20
-3.6858481889763777
11
4.9286340551181098
21
-3.68591468503937
0
LINE
8
BLACK
6
CONTINUOUS
10
4.9286340551181098
20
-3.68591468503937
11
4.9287229921259845
21
-3.6859706692913385
0
LINE
8
BLACK
6
CONTINUOUS
10
4.9287229921259845
20
-3.6859706692913385
11
4.9287741338582673
21
-3.6860296456692914
0
LINE
8
BLACK
6
CONTINUOUS
10
4.9287741338582673
20
-3.6860296456692914
11
4.9290004724409444
21
-3.6862153937007873
0
LINE
8
BLACK
6
CONTINUOUS
10
4.9290004724409444
20
-3.6862153937007873
11
4.9308752755905507
21
-3.6880901574803149
0
LINE
8
BLACK
6
CONTINUOUS
10
4.9308752755905507
20
-3.6880901574803149
11
4.9310610236220471
21
-3.6883164960629919
0
LINE
8
BLACK
6
CONTINUOUS
10
4.9310610236220471
20
-3.6883164960629919
11
4.9311200787401575
21
-3.6883677165354332
0
LINE
8
BLACK
6
CONTINUOUS
10
4.9311200787401575
20
-3.6883677165354332
11
4.931176062992126
21
-3.688456653543307
0
LINE
8
BLACK
6
CONTINUOUS
10
4.931176062992126
20
-3.688456653543307
11
4.9312425196850391
21
-3.6885376377952754
0
LINE
8
BLACK
6
CONTINUOUS
10
4.9312425196850391
20
-3.6885376377952754
11
4.9312723228346451
21
-3.6886095669291339
0
LINE
8
BLACK
6
CONTINUOUS
10
4.9312723228346451
20
-3.6886095669291339
11
4.9314284251968505
21
-3.6888575984251966
0
LINE
8
BLACK
6
CONTINUOUS
10
4.9314284251968505
20
-3.6888575984251966
11
4.9333031889763781
21
-3.6926071259842517
0
LINE
8
BLACK
6
CONTINUOUS
10
4.9333031889763781
20
-3.6926071259842517
11
4.9335100787401576
21
-3.6931477165354329
0
LINE
8
BLACK
6
CONTINUOUS
10
4.9335100787401576
20
-3.6931477165354329
11
4.9335175984251967
21
-3.6932535826771651
0
LINE
8
BLACK
6
CONTINUOUS
10
4.9335175984251967
20
-3.6932535826771651
11
4.9335581889763782
21
-3.6933515748031494
0
LINE
8
BLACK
6
CONTINUOUS
10
4.9335581889763782
20
-3.6933515748031494
11
4.9336149212598421
21
-3.6939276377952757
0
LINE
8
BLACK
6
CONTINUOUS
10
4.9336149212598421
20
-3.6939276377952757
11
4.9336149212598421
21
-3.6976771653543308
0
LINE
8
BLACK
6
CONTINUOUS
10
4.9336149212598421
20
-3.6976771653543308
11
4.9335581889763782
21
-3.6982532283464566
0
LINE
8
BLACK
6
CONTINUOUS
10
4.9335581889763782
20
-3.6982532283464566
11
4.9335175984251967
21
-3.6983511811023622
0
LINE
8
BLACK
6
CONTINUOUS
10
4.9335175984251967
20
-3.6983511811023622
11
4.9335100787401576
21
-3.6984570866141731
0
LINE
8
BLACK
6
CONTINUOUS
10
4.9335100787401576
20
-3.6984570866141731
11
4.9333031889763781
21
-3.6989976771653543
0
LINE
8
BLACK
6
CONTINUOUS
10
4.9333031889763781
20
-3.6989976771653543
11
4.9314284251968505
21
-3.7027472047244094
0
LINE
8
BLACK
6
CONTINUOUS
10
4.9314284251968505
20
-3.7027472047244094
11
4.9312723228346451
21
-3.7029951968503938
0
LINE
8
BLACK
6
CONTINUOUS
10
4.9312723228346451
20
-3.7029951968503938
11
4.9312425196850391
21
-3.7030671653543306
0
LINE
8
BLACK
6
CONTINUOUS
10
4.9312425196850391
20
-3.7030671653543306
11
4.931176062992126
21
-3.7031481102362203
0
LINE
8
BLACK
6
CONTINUOUS
10
4.931176062992126
20
-3.7031481102362203
11
4.9311200787401575
21
-3.7032370866141733
0
LINE
8
BLACK
6
CONTINUOUS
10
4.9311200787401575
20
-3.7032370866141733
11
4.9310610236220471
21
-3.7032882677165353
0
LINE
8
BLACK
6
CONTINUOUS
10
4.9310610236220471
20
-3.7032882677165353
11
4.9308752755905507
21
-3.7035146456692911
0
LINE
8
BLACK
6
CONTINUOUS
10
4.9308752755905507
20
-3.7035146456692911
11
4.9290004724409444
21
-3.7053894094488187
0
LINE
8
BLACK
6
CONTINUOUS
10
4.9290004724409444
20
-3.7053894094488187
11
4.9287741338582673
21
-3.7055751181102363
0
LINE
8
BLACK
6
CONTINUOUS
10
4.9287741338582673
20
-3.7055751181102363
11
4.9287229921259845
21
-3.7056341338582675
0
LINE
8
BLACK
6
CONTINUOUS
10
4.9287229921259845
20
-3.7056341338582675
11
4.9286340551181098
21
-3.7056900787401572
0
LINE
8
BLACK
6
CONTINUOUS
10
4.9286340551181098
20
-3.7056900787401572
11
4.9285530314960626
21
-3.7057566141732283
0
LINE
8
BLACK
6
CONTINUOUS
10
4.9285530314960626
20
-3.7057566141732283
11
4.9284809842519683
21
-3.7057864173228348
0
LINE
8
BLACK
6
CONTINUOUS
10
4.9284809842519683
20
-3.7057864173228348
11
4.9282331102362207
21
-3.7059424803149605
0
LINE
8
BLACK
6
CONTINUOUS
10
4.9282331102362207
20
-3.7059424803149605
11
4.9244835826771656
21
-3.7078172440944881
0
LINE
8
BLACK
6
CONTINUOUS
10
4.9244835826771656
20
-3.7078172440944881
11
4.9244414566929136
21
-3.707833346456693
0
LINE
8
BLACK
6
CONTINUOUS
10
4.9244414566929136
20
-3.707833346456693
11
4.9244243307086615
21
-3.7078460629921257
0
LINE
8
BLACK
6
CONTINUOUS
10
4.9244243307086615
20
-3.7078460629921257
11
4.9241823622047241
21
-3.7079324803149607
0
LINE
8
BLACK
6
CONTINUOUS
10
4.9241823622047241
20
-3.7079324803149607
11
4.9239429527559055
21
-3.7080241338582676
0
LINE
8
BLACK
6
CONTINUOUS
10
4.9239429527559055
20
-3.7080241338582676
11
4.9239216929133853
21
-3.7080256299212597
0
LINE
8
BLACK
6
CONTINUOUS
10
4.9239216929133853
20
-3.7080256299212597
11
4.9238792125984254
21
-3.7080408267716534
0
LINE
8
BLACK
6
CONTINUOUS
10
4.9238792125984254
20
-3.7080408267716534
11
4.9163801574803152
21
-3.7099155905511809
0
LINE
8
BLACK
6
CONTINUOUS
10
4.9163801574803152
20
-3.7099155905511809
11
4.9162802755905508
21
-3.7099303543307087
0
LINE
8
BLACK
6
CONTINUOUS
10
4.9162802755905508
20
-3.7099303543307087
11
4.9162400787401577
21
-3.7099470078740158
0
LINE
8
BLACK
6
CONTINUOUS
10
4.9162400787401577
20
-3.7099470078740158
11
4.9160230314960627
21
-3.709968346456693
0
LINE
8
BLACK
6
CONTINUOUS
10
4.9160230314960627
20
-3.709968346456693
11
4.9158075590551178
21
-3.7100002362204725
0
LINE
8
BLACK
6
CONTINUOUS
10
4.9158075590551178
20
-3.7100002362204725
11
4.9157645275590554
21
-3.7099938188976376
0
LINE
8
BLACK
6
CONTINUOUS
10
4.9157645275590554
20
-3.7099938188976376
11
4.9156640157480318
21
-3.7100037401574801
0
LINE
8
BLACK
6
CONTINUOUS
10
4.9156640157480318
20
-3.7100037401574801
11
4.906290196850394
21
-3.7100037401574801
0
LINE
8
BLACK
6
CONTINUOUS
10
4.906290196850394
20
-3.7100037401574801
11
4.9061896456692908
21
-3.7099938188976376
0
LINE
8
BLACK
6
CONTINUOUS
10
4.9061896456692908
20
-3.7099938188976376
11
4.9061466535433071
21
-3.7100002362204725
0
LINE
8
BLACK
6
CONTINUOUS
10
4.9061466535433071
20
-3.7100002362204725
11
4.9059311417322835
21
-3.709968346456693
0
LINE
8
BLACK
6
CONTINUOUS
10
4.9059311417322835
20
-3.709968346456693
11
4.9057141338582673
21
-3.7099470078740158
0
LINE
8
BLACK
6
CONTINUOUS
10
4.9057141338582673
20
-3.7099470078740158
11
4.9056738976377954
21
-3.7099303543307087
0
LINE
8
BLACK
6
CONTINUOUS
10
4.9056738976377954
20
-3.7099303543307087
11
4.9055740551181097
21
-3.7099155905511809
0
LINE
8
BLACK
6
CONTINUOUS
10
4.9055740551181097
20
-3.7099155905511809
11
4.8980749999999995
21
-3.7080408267716534
0
LINE
8
BLACK
6
CONTINUOUS
10
4.8980749999999995
20
-3.7080408267716534
11
4.8980324803149609
21
-3.7080256299212597
0
LINE
8
BLACK
6
CONTINUOUS
10
4.8980324803149609
20
-3.7080256299212597
11
4.8980112204724406
21
-3.7080241338582676
0
LINE
8
BLACK
6
CONTINUOUS
10
4.8980112204724406
20
-3.7080241338582676
11
4.8977714566929134
21
-3.7079323622047244
0
LINE
8
BLACK
6
CONTINUOUS
10
4.8977714566929134
20
-3.7079323622047244
11
4.8975298818897635
21
-3.7078460629921257
0
LINE
8
BLACK
6
CONTINUOUS
10
4.8975298818897635
20
-3.7078460629921257
11
4.8975127165354326
21
-3.707833346456693
0
LINE
8
BLACK
6
CONTINUOUS
10
4.8975127165354326
20
-3.707833346456693
11
4.8974706299212594
21
-3.7078172440944881
0
LINE
8
BLACK
6
CONTINUOUS
10
4.8974706299212594
20
-3.7078172440944881
11
4.8937211023622043
21
-3.7059424803149605
0
LINE
8
BLACK
6
CONTINUOUS
10
4.8937211023622043
20
-3.7059424803149605
11
4.8934730708661416
21
-3.705786377952756
0
LINE
8
BLACK
6
CONTINUOUS
10
4.8934730708661416
20
-3.705786377952756
11
4.8934011417322836
21
-3.7057565748031496
0
LINE
8
BLACK
6
CONTINUOUS
10
4.8934011417322836
20
-3.7057565748031496
11
4.8933201574803151
21
-3.7056900787401572
0
LINE
8
BLACK
6
CONTINUOUS
10
4.8933201574803151
20
-3.7056900787401572
11
4.8932312204724404
21
-3.7056341338582675
0
LINE
8
BLACK
6
CONTINUOUS
10
4.8932312204724404
20
-3.7056341338582675
11
4.8931800393700788
21
-3.7055751181102363
0
LINE
8
BLACK
6
CONTINUOUS
10
4.8931800393700788
20
-3.7055751181102363
11
4.8929537007874018
21
-3.7053893700787399
0
LINE
8
BLACK
6
CONTINUOUS
10
4.8929537007874018
20
-3.7053893700787399
11
4.8910789370078742
21
-3.7035146062992124
0
LINE
8
BLACK
6
CONTINUOUS
10
4.8910789370078742
20
-3.7035146062992124
11
4.8908931496062991
21
-3.7032882283464565
0
LINE
8
BLACK
6
CONTINUOUS
10
4.8908931496062991
20
-3.7032882283464565
11
4.8908341732283462
21
-3.7032370866141733
0
LINE
8
BLACK
6
CONTINUOUS
10
4.8908341732283462
20
-3.7032370866141733
11
4.8907781889763777
21
-3.7031481102362203
0
LINE
8
BLACK
6
CONTINUOUS
10
4.8907781889763777
20
-3.7031481102362203
11
4.8907117322834646
21
-3.7030671653543306
0
LINE
8
BLACK
6
CONTINUOUS
10
4.8907117322834646
20
-3.7030671653543306
11
4.8906818897637798
21
-3.7029951968503938
0
LINE
8
BLACK
6
CONTINUOUS
10
4.8906818897637798
20
-3.7029951968503938
11
4.8905258267716532
21
-3.7027472047244094
0
LINE
8
BLACK
6
CONTINUOUS
10
4.8905258267716532
20
-3.7027472047244094
11
4.8886510629921256
21
-3.6989976771653543
0
LINE
8
BLACK
6
CONTINUOUS
10
4.8886510629921256
20
-3.6989976771653543
11
4.8884441732283461
21
-3.6984570472440943
0
LINE
8
BLACK
6
CONTINUOUS
10
4.8884441732283461
20
-3.6984570472440943
11
4.888436653543307
21
-3.6983512204724409
0
LINE
8
BLACK
6
CONTINUOUS
10
4.888436653543307
20
-3.6983512204724409
11
4.8883960629921255
21
-3.6982532283464566
0
LINE
8
BLACK
6
CONTINUOUS
10
4.8883960629921255
20
-3.6982532283464566
11
4.8883393307086616
21
-3.6976771653543308
0
LINE
8
BLACK
6
CONTINUOUS
10
4.8883393307086616
20
-3.6976771653543308
11
4.8883393307086616
21
-3.6939276377952757
0
LINE
8
BLACK
6
CONTINUOUS
10
4.8883393307086616
20
-3.6939276377952757
11
4.8883960629921255
21
-3.6933515748031494
0
LINE
8
BLACK
6
CONTINUOUS
10
4.8883960629921255
20
-3.6933515748031494
11
4.888436653543307
21
-3.6932535433070863
0
LINE
8
BLACK
6
CONTINUOUS
10
4.888436653543307
20
-3.6932535433070863
11
4.8884441732283461
21
-3.6931477559055117
0
LINE
8
BLACK
6
CONTINUOUS
10
4.8884441732283461
20
-3.6931477559055117
11
4.8886510629921256
21
-3.6926071259842517
0
LINE
8
BLACK
6
CONTINUOUS
10
4.8886510629921256
20
-3.6926071259842517
11
4.8905258267716532
21
-3.6888575984251966
0
LINE
8
BLACK
6
CONTINUOUS
10
4.8905258267716532
20
-3.6888575984251966
11
4.8906818897637798
21
-3.6886095669291339
0
LINE
8
BLACK
6
CONTINUOUS
10
4.8906818897637798
20
-3.6886095669291339
11
4.8907117322834646
21
-3.6885376377952754
0
LINE
8
BLACK
6
CONTINUOUS
10
4.8907117322834646
20
-3.6885376377952754
11
4.8907781889763777
21
-3.688456653543307
0
LINE
8
BLACK
6
CONTINUOUS
10
4.8907781889763777
20
-3.688456653543307
11
4.8908341732283462
21
-3.6883677165354332
0
LINE
8
BLACK
6
CONTINUOUS
10
4.8908341732283462
20
-3.6883677165354332
11
4.8908931496062991
21
-3.6883165354330707
0
LINE
8
BLACK
6
CONTINUOUS
10
4.8908931496062991
20
-3.6883165354330707
11
4.8910789370078742
21
-3.6880901968503936
0
LINE
8
BLACK
6
CONTINUOUS
10
4.8910789370078742
20
-3.6880901968503936
11
4.8929537007874018
21
-3.6862154330708661
0
LINE
8
BLACK
6
CONTINUOUS
10
4.8929537007874018
20
-3.6862154330708661
11
4.8931800393700788
21
-3.6860296456692914
0
LINE
8
BLACK
6
CONTINUOUS
10
4.8931800393700788
20
-3.6860296456692914
11
4.8932312204724404
21
-3.6859706692913385
0
LINE
8
BLACK
6
CONTINUOUS
10
4.8932312204724404
20
-3.6859706692913385
11
4.8933201574803151
21
-3.68591468503937
0
LINE
8
BLACK
6
CONTINUOUS
10
4.8933201574803151
20
-3.68591468503937
11
4.8934011417322836
21
-3.6858482283464564
0
LINE
8
BLACK
6
CONTINUOUS
10
4.8934011417322836
20
-3.6858482283464564
11
4.8934730708661416
21
-3.6858183858267717
0
LINE
8
BLACK
6
CONTINUOUS
10
4.8934730708661416
20
-3.6858183858267717
11
4.8937211023622043
21
-3.6856623228346455
0
LINE
8
BLACK
6
CONTINUOUS
10
4.8937211023622043
20
-3.6856623228346455
11
4.8974706299212594
21
-3.6837875590551179
0
LINE
8
BLACK
6
CONTINUOUS
10
4.8974706299212594
20
-3.6837875590551179
11
4.8975127165354326
21
-3.6837714173228346
0
LINE
8
BLACK
6
CONTINUOUS
10
4.8975127165354326
20
-3.6837714173228346
11
4.8975298818897635
21
-3.6837587401574803
0
LINE
8
BLACK
6
CONTINUOUS
10
4.8975298818897635
20
-3.6837587401574803
11
4.8977714566929134
21
-3.6836724015748032
0
LINE
8
BLACK
6
CONTINUOUS
10
4.8977714566929134
20
-3.6836724015748032
11
4.8980112204724406
21
-3.6835806692913384
0
LINE
8
BLACK
6
CONTINUOUS
10
4.8980112204724406
20
-3.6835806692913384
11
4.8980324803149609
21
-3.6835791338582675
0
LINE
8
BLACK
6
CONTINUOUS
10
4.8980324803149609
20
-3.6835791338582675
11
4.8980749999999995
21
-3.6835639763779526
0
LINE
8
BLACK
6
CONTINUOUS
10
4.8980749999999995
20
-3.6835639763779526
11
4.9055740551181097
21
-3.6816892125984251
0
LINE
8
BLACK
6
CONTINUOUS
10
4.9055740551181097
20
-3.6816892125984251
11
4.9056738976377954
21
-3.681674409448819
0
LINE
8
BLACK
6
CONTINUOUS
10
4.9056738976377954
20
-3.681674409448819
11
4.9057141338582673
21
-3.6816577952755907
0
LINE
8
BLACK
6
CONTINUOUS
10
4.9057141338582673
20
-3.6816577952755907
11
4.9059311417322835
21
-3.6816364173228346
0
LINE
8
BLACK
6
CONTINUOUS
10
4.9059311417322835
20
-3.6816364173228346
11
4.9061466535433071
21
-3.681604566929134
0
LINE
8
BLACK
6
CONTINUOUS
10
4.9061466535433071
20
-3.681604566929134
11
4.9061896456692908
21
-3.6816109448818897
0
LINE
8
BLACK
6
CONTINUOUS
10
4.9061896456692908
20
-3.6816109448818897
11
4.906290196850394
21
-3.6816010629921259
0
LINE
8
BLACK
6
CONTINUOUS
10
4.906290196850394
20
-3.6816010629921259
11
4.9156640157480318
21
-3.6816010629921259
0
LINE
8
BLACK
6
CONTINUOUS
10
4.9156640157480318
20
-3.6816010629921259
11
4.9157645275590554
21
-3.6816109448818897
0
LINE
8
BLACK
6
CONTINUOUS
10
4.8998216929133855
20
-3.6892145669291336
11
4.8967907086614169
21
-3.6907300787401573
0
LINE
8
BLACK
6
CONTINUOUS
10
4.8967907086614169
20
-3.6907300787401573
11
4.895593582677165
21
-3.6919272047244092
0
LINE
8
BLACK
6
CONTINUOUS
10
4.895593582677165
20
-3.6919272047244092
11
4.8942448425196847
21
-3.6946246850393698
0
LINE
8
BLACK
6
CONTINUOUS
10
4.8942448425196847
20
-3.6946246850393698
11
4.8942448425196847
21
-3.6969801181102362
0
LINE
8
BLACK
6
CONTINUOUS
10
4.8942448425196847
20
-3.6969801181102362
11
4.895593582677165
21
-3.6996775984251968
0
LINE
8
BLACK
6
CONTINUOUS
10
4.895593582677165
20
-3.6996775984251968
11
4.8967907086614169
21
-3.7008747244094486
0
LINE
8
BLACK
6
CONTINUOUS
10
4.8967907086614169
20
-3.7008747244094486
11
4.8998216929133855
21
-3.7023901968503936
0
LINE
8
BLACK
6
CONTINUOUS
10
4.8998216929133855
20
-3.7023901968503936
11
4.9066537401574806
21
-3.7040982283464565
0
LINE
8
BLACK
6
CONTINUOUS
10
4.9066537401574806
20
-3.7040982283464565
11
4.9153004724409444
21
-3.7040982283464565
0
LINE
8
BLACK
6
CONTINUOUS
10
4.9153004724409444
20
-3.7040982283464565
11
4.9221325196850394
21
-3.7023901968503936
0
LINE
8
BLACK
6
CONTINUOUS
10
4.9221325196850394
20
-3.7023901968503936
11
4.9251635039370081
21
-3.7008746850393699
0
LINE
8
BLACK
6
CONTINUOUS
10
4.9251635039370081
20
-3.7008746850393699
11
4.9263606692913386
21
-3.6996775590551181
0
LINE
8
BLACK
6
CONTINUOUS
10
4.9263606692913386
20
-3.6996775590551181
11
4.927709409448819
21
-3.6969801181102362
0
LINE
8
BLACK
6
CONTINUOUS
10
4.927709409448819
20
-3.6969801181102362
11
4.927709409448819
21
-3.6946246850393698
0
LINE
8
BLACK
6
CONTINUOUS
10
4.927709409448819
20
-3.6946246850393698
11
4.9263606692913386
21
-3.6919272047244092
0
LINE
8
BLACK
6
CONTINUOUS
10
4.9263606692913386
20
-3.6919272047244092
11
4.9251635039370081
21
-3.6907300787401573
0
LINE
8
BLACK
6
CONTINUOUS
10
4.9251635039370081
20
-3.6907300787401573
11
4.9221325196850394
21
-3.6892145669291336
0
LINE
8
BLACK
6
CONTINUOUS
10
4.9221325196850394
20
-3.6892145669291336
11
4.9153004724409444
21
-3.6875065748031495
0
LINE
8
BLACK
6
CONTINUOUS
10
4.9153004724409444
20
-3.6875065748031495
11
4.9066537401574806
21
-3.6875065748031495
0
LINE
8
BLACK
6
CONTINUOUS
10
4.9066537401574806
20
-3.6875065748031495
11
4.8998216929133855
21
-3.6892145669291336
0
LINE
8
BLACK
6
CONTINUOUS
10
5.9130367716535428
20
-3.673181338582677
11
5.9141021259842521
21
-3.6742466929133859
0
LINE
8
BLACK
6
CONTINUOUS
10
5.9141021259842521
20
-3.6742466929133859
11
5.9142519685039368
21
-3.6749999999999998
0
LINE
8
BLACK
6
CONTINUOUS
10
5.9142519685039368
20
-3.6749999999999998
11
5.9142519685039368
21
-3.7064960629921258
0
LINE
8
BLACK
6
CONTINUOUS
10
5.9142519685039368
20
-3.7064960629921258
11
5.9141021259842521
21
-3.7072493700787401
0
LINE
8
BLACK
6
CONTINUOUS
10
5.9141021259842521
20
-3.7072493700787401
11
5.9130367716535428
21
-3.7083147244094485
0
LINE
8
BLACK
6
CONTINUOUS
10
5.9130367716535428
20
-3.7083147244094485
11
5.9122834645669293
21
-3.7084645669291336
0
LINE
8
BLACK
6
CONTINUOUS
10
5.9122834645669293
20
-3.7084645669291336
11
5.8492913385826775
21
-3.7084645669291336
0
LINE
8
BLACK
6
CONTINUOUS
10
5.8492913385826775
20
-3.7084645669291336
11
5.8485380314960631
21
-3.7083147244094485
0
LINE
8
BLACK
6
CONTINUOUS
10
5.8485380314960631
20
-3.7083147244094485
11
5.8474726771653538
21
-3.7072493700787401
0
LINE
8
BLACK
6
CONTINUOUS
10
5.8474726771653538
20
-3.7072493700787401
11
5.8473228346456692
21
-3.7064960629921258
0
LINE
8
BLACK
6
CONTINUOUS
10
5.8473228346456692
20
-3.7064960629921258
11
5.8473228346456692
21
-3.6749999999999998
0
LINE
8
BLACK
6
CONTINUOUS
10
5.8473228346456692
20
-3.6749999999999998
11
5.8474726771653538
21
-3.6742466929133859
0
LINE
8
BLACK
6
CONTINUOUS
10
5.8474726771653538
20
-3.6742466929133859
11
5.8485380314960631
21
-3.673181338582677
0
LINE
8
BLACK
6
CONTINUOUS
10
5.8485380314960631
20
-3.673181338582677
11
5.8492913385826775
21
-3.673031496062992
0
LINE
8
BLACK
6
CONTINUOUS
10
5.8492913385826775
20
-3.673031496062992
11
5.9122834645669293
21
-3.673031496062992
0
LINE
8
BLACK
6
CONTINUOUS
10
5.9122834645669293
20
-3.673031496062992
11
5.9130367716535428
21
-3.673181338582677
0
LINE
8
BLACK
6
CONTINUOUS
10
5.8512598425196849
20
-3.6769685039370077
11
5.8512598425196849
21
-3.7045275590551179
0
LINE
8
BLACK
6
CONTINUOUS
10
5.8512598425196849
20
-3.7045275590551179
11
5.910314960629921
21
-3.7045275590551179
0
LINE
8
BLACK
6
CONTINUOUS
10
5.910314960629921
20
-3.7045275590551179
11
5.910314960629921
21
-3.6769685039370077
0
LINE
8
BLACK
6
CONTINUOUS
10
5.910314960629921
20
-3.6769685039370077
11
5.8512598425196849
21
-3.6769685039370077
0
LINE
8
BLACK
6
CONTINUOUS
10
6.1482926771653545
20
-3.6399529921259841
11
6.149358031496063
21
-3.641018346456693
0
LINE
8
BLACK
6
CONTINUOUS
10
6.149358031496063
20
-3.641018346456693
11
6.1495078740157476
21
-3.6417716535433069
0
LINE
8
BLACK
6
CONTINUOUS
10
6.1495078740157476
20
-3.6417716535433069
11
6.1495078740157476
21
-3.7047637795275588
0
LINE
8
BLACK
6
CONTINUOUS
10
6.1495078740157476
20
-3.7047637795275588
11
6.149358031496063
21
-3.7055170866141731
0
LINE
8
BLACK
6
CONTINUOUS
10
6.149358031496063
20
-3.7055170866141731
11
6.1482926771653545
21
-3.706582440944882
0
LINE
8
BLACK
6
CONTINUOUS
10
6.1482926771653545
20
-3.706582440944882
11
6.1475393700787402
21
-3.7067322834645666
0
LINE
8
BLACK
6
CONTINUOUS
10
6.1475393700787402
20
-3.7067322834645666
11
6.1150590551181097
21
-3.7067322834645666
0
LINE
8
BLACK
6
CONTINUOUS
10
6.1150590551181097
20
-3.7067322834645666
11
6.1143057480314962
21
-3.706582440944882
0
LINE
8
BLACK
6
CONTINUOUS
10
6.1143057480314962
20
-3.706582440944882
11
6.1132403937007869
21
-3.7055170866141731
0
LINE
8
BLACK
6
CONTINUOUS
10
6.1132403937007869
20
-3.7055170866141731
11
6.1130905511811022
21
-3.7047637795275588
0
LINE
8
BLACK
6
CONTINUOUS
10
6.1130905511811022
20
-3.7047637795275588
11
6.1130905511811022
21
-3.6417716535433069
0
LINE
8
BLACK
6
CONTINUOUS
10
6.1130905511811022
20
-3.6417716535433069
11
6.1132403937007869
21
-3.641018346456693
0
LINE
8
BLACK
6
CONTINUOUS
10
6.1132403937007869
20
-3.641018346456693
11
6.1143057480314962
21
-3.6399529921259841
0
LINE
8
BLACK
6
CONTINUOUS
10
6.1143057480314962
20
-3.6399529921259841
11
6.1150590551181097
21
-3.639803149606299
0
LINE
8
BLACK
6
CONTINUOUS
10
6.1150590551181097
20
-3.639803149606299
11
6.1475393700787402
21
-3.639803149606299
0
LINE
8
BLACK
6
CONTINUOUS
10
6.1475393700787402
20
-3.639803149606299
11
6.1482926771653545
21
-3.6399529921259841
0
LINE
8
BLACK
6
CONTINUOUS
10
6.117027559055118
20
-3.6437401574803148
11
6.117027559055118
21
-3.7027952755905509
0
LINE
8
BLACK
6
CONTINUOUS
10
6.117027559055118
20
-3.7027952755905509
11
6.1455708661417319
21
-3.7027952755905509
0
LINE
8
BLACK
6
CONTINUOUS
10
6.1455708661417319
20
-3.7027952755905509
11
6.1455708661417319
21
-3.6437401574803148
0
LINE
8
BLACK
6
CONTINUOUS
10
6.1455708661417319
20
-3.6437401574803148
11
6.117027559055118
21
-3.6437401574803148
0
LINE
8
BLACK
6
CONTINUOUS
10
6.4528005511811024
20
-3.637945118110236
11
6.4538659055118108
21
-3.6390104724409449
0
LINE
8
BLACK
6
CONTINUOUS
10
6.4538659055118108
20
-3.6390104724409449
11
6.4540157480314964
21
-3.6397637795275588
0
LINE
8
BLACK
6
CONTINUOUS
10
6.4540157480314964
20
-3.6397637795275588
11
6.4540157480314964
21
-3.7027559055118111
0
LINE
8
BLACK
6
CONTINUOUS
10
6.4540157480314964
20
-3.7027559055118111
11
6.4538659055118108
21
-3.703509212598425
0
LINE
8
BLACK
6
CONTINUOUS
10
6.4538659055118108
20
-3.703509212598425
11
6.4528005511811024
21
-3.7045745669291339
0
LINE
8
BLACK
6
CONTINUOUS
10
6.4528005511811024
20
-3.7045745669291339
11
6.452047244094488
21
-3.704724409448819
0
LINE
8
BLACK
6
CONTINUOUS
10
6.452047244094488
20
-3.704724409448819
11
6.4205511811023621
21
-3.704724409448819
0
LINE
8
BLACK
6
CONTINUOUS
10
6.4205511811023621
20
-3.704724409448819
11
6.4197978740157478
21
-3.7045745669291339
0
LINE
8
BLACK
6
CONTINUOUS
10
6.4197978740157478
20
-3.7045745669291339
11
6.4187325196850393
21
-3.703509212598425
0
LINE
8
BLACK
6
CONTINUOUS
10
6.4187325196850393
20
-3.703509212598425
11
6.4185826771653538
21
-3.7027559055118111
0
LINE
8
BLACK
6
CONTINUOUS
10
6.4185826771653538
20
-3.7027559055118111
11
6.4185826771653538
21
-3.6397637795275588
0
LINE
8
BLACK
6
CONTINUOUS
10
6.4185826771653538
20
-3.6397637795275588
11
6.4187325196850393
21
-3.6390104724409449
0
LINE
8
BLACK
6
CONTINUOUS
10
6.4187325196850393
20
-3.6390104724409449
11
6.4197978740157478
21
-3.637945118110236
0
LINE
8
BLACK
6
CONTINUOUS
10
6.4197978740157478
20
-3.637945118110236
11
6.4205511811023621
21
-3.6377952755905509
0
LINE
8
BLACK
6
CONTINUOUS
10
6.4205511811023621
20
-3.6377952755905509
11
6.452047244094488
21
-3.6377952755905509
0
LINE
8
BLACK
6
CONTINUOUS
10
6.452047244094488
20
-3.6377952755905509
11
6.4528005511811024
21
-3.637945118110236
0
LINE
8
BLACK
6
CONTINUOUS
10
6.4225196850393695
20
-3.6417322834645667
11
6.4225196850393695
21
-3.7007874015748032
0
LINE
8
BLACK
6
CONTINUOUS
10
6.4225196850393695
20
-3.7007874015748032
11
6.4500787401574797
21
-3.7007874015748032
0
LINE
8
BLACK
6
CONTINUOUS
10
6.4500787401574797
20
-3.7007874015748032
11
6.4500787401574797
21
-3.6417322834645667
0
LINE
8
BLACK
6
CONTINUOUS
10
6.4500787401574797
20
-3.6417322834645667
11
6.4225196850393695
21
-3.6417322834645667
0
LINE
8
BLACK
6
CONTINUOUS
10
4.9312382283464569
20
-3.6385381889763777
11
4.9323026377952752
21
-3.6389790944881888
0
LINE
8
BLACK
6
CONTINUOUS
10
4.9323026377952752
20
-3.6389790944881888
11
4.9331172834645667
21
-3.6397937401574803
0
LINE
8
BLACK
6
CONTINUOUS
10
4.9331172834645667
20
-3.6397937401574803
11
4.9335581889763782
21
-3.6408581496062991
0
LINE
8
BLACK
6
CONTINUOUS
10
4.9335581889763782
20
-3.6408581496062991
11
4.9335581889763782
21
-3.6420102755905512
0
LINE
8
BLACK
6
CONTINUOUS
10
4.9335581889763782
20
-3.6420102755905512
11
4.9331172834645667
21
-3.64307468503937
0
LINE
8
BLACK
6
CONTINUOUS
10
4.9331172834645667
20
-3.64307468503937
11
4.9323026377952752
21
-3.6438893307086615
0
LINE
8
BLACK
6
CONTINUOUS
10
4.9323026377952752
20
-3.6438893307086615
11
4.9312382283464569
21
-3.6443302362204721
0
LINE
8
BLACK
6
CONTINUOUS
10
4.9312382283464569
20
-3.6443302362204721
11
4.930662165354331
21
-3.644386968503937
0
LINE
8
BLACK
6
CONTINUOUS
10
4.930662165354331
20
-3.644386968503937
11
4.9046018503937008
21
-3.644386968503937
0
LINE
8
BLACK
6
CONTINUOUS
10
4.9046018503937008
20
-3.644386968503937
11
4.9206622440944878
21
-3.651881811023622
0
LINE
8
BLACK
6
CONTINUOUS
10
4.9206622440944878
20
-3.651881811023622
11
4.9208732283464567
21
-3.6520067716535434
0
LINE
8
BLACK
6
CONTINUOUS
10
4.9208732283464567
20
-3.6520067716535434
11
4.9209446062992122
21
-3.6520327559055117
0
LINE
8
BLACK
6
CONTINUOUS
10
4.9209446062992122
20
-3.6520327559055117
11
4.9209950787401571
21
-3.6520789763779526
0
LINE
8
BLACK
6
CONTINUOUS
10
4.9209950787401571
20
-3.6520789763779526
11
4.9211602755905508
21
-3.6521768503937007
0
LINE
8
BLACK
6
CONTINUOUS
10
4.9211602755905508
20
-3.6521768503937007
11
4.9214633070866141
21
-3.6525077559055119
0
LINE
8
BLACK
6
CONTINUOUS
10
4.9214633070866141
20
-3.6525077559055119
11
4.9217942913385828
21
-3.6528108661417322
0
LINE
8
BLACK
6
CONTINUOUS
10
4.9217942913385828
20
-3.6528108661417322
11
4.9218497637795275
21
-3.6529297637795275
0
LINE
8
BLACK
6
CONTINUOUS
10
4.9218497637795275
20
-3.6529297637795275
11
4.9219383464566926
21
-3.6530264960629921
0
LINE
8
BLACK
6
CONTINUOUS
10
4.9219383464566926
20
-3.6530264960629921
11
4.9220916535433066
21
-3.6534481102362202
0
LINE
8
BLACK
6
CONTINUOUS
10
4.9220916535433066
20
-3.6534481102362202
11
4.9222814960629924
21
-3.6538548818897638
0
LINE
8
BLACK
6
CONTINUOUS
10
4.9222814960629924
20
-3.6538548818897638
11
4.9222872440944885
21
-3.6539859055118109
0
LINE
8
BLACK
6
CONTINUOUS
10
4.9222872440944885
20
-3.6539859055118109
11
4.9223320866141735
21
-3.6541092125984251
0
LINE
8
BLACK
6
CONTINUOUS
10
4.9223320866141735
20
-3.6541092125984251
11
4.9223123622047247
21
-3.6545575590551178
0
LINE
8
BLACK
6
CONTINUOUS
10
4.9223123622047247
20
-3.6545575590551178
11
4.9223320866141735
21
-3.6550059055118109
0
LINE
8
BLACK
6
CONTINUOUS
10
4.9223320866141735
20
-3.6550059055118109
11
4.9222872440944885
21
-3.6551291732283464
0
LINE
8
BLACK
6
CONTINUOUS
10
4.9222872440944885
20
-3.6551291732283464
11
4.9222814960629924
21
-3.6552602362204722
0
LINE
8
BLACK
6
CONTINUOUS
10
4.9222814960629924
20
-3.6552602362204722
11
4.9220916535433066
21
-3.6556669685039371
0
LINE
8
BLACK
6
CONTINUOUS
10
4.9220916535433066
20
-3.6556669685039371
11
4.9219383464566926
21
-3.6560886220472439
0
LINE
8
BLACK
6
CONTINUOUS
10
4.9219383464566926
20
-3.6560886220472439
11
4.9218497637795275
21
-3.6561853149606298
0
LINE
8
BLACK
6
CONTINUOUS
10
4.9218497637795275
20
-3.6561853149606298
11
4.9217942913385828
21
-3.6563042519685038
0
LINE
8
BLACK
6
CONTINUOUS
10
4.9217942913385828
20
-3.6563042519685038
11
4.9214633070866141
21
-3.6566073228346454
0
LINE
8
BLACK
6
CONTINUOUS
10
4.9214633070866141
20
-3.6566073228346454
11
4.9211602755905508
21
-3.6569382677165354
0
LINE
8
BLACK
6
CONTINUOUS
10
4.9211602755905508
20
-3.6569382677165354
11
4.9209950787401571
21
-3.6570361023622047
0
LINE
8
BLACK
6
CONTINUOUS
10
4.9209950787401571
20
-3.6570361023622047
11
4.9209446062992122
21
-3.6570823622047244
0
LINE
8
BLACK
6
CONTINUOUS
10
4.9209446062992122
20
-3.6570823622047244
11
4.9208732283464567
21
-3.6571083070866139
0
LINE
8
BLACK
6
CONTINUOUS
10
4.9208732283464567
20
-3.6571083070866139
11
4.9206622440944878
21
-3.6572333070866141
0
LINE
8
BLACK
6
CONTINUOUS
10
4.9206622440944878
20
-3.6572333070866141
11
4.9046018503937008
21
-3.6647281496062991
0
LINE
8
BLACK
6
CONTINUOUS
10
4.9046018503937008
20
-3.6647281496062991
11
4.930662165354331
21
-3.6647281496062991
0
LINE
8
BLACK
6
CONTINUOUS
10
4.930662165354331
20
-3.6647281496062991
11
4.9312382283464569
21
-3.6647848818897635
0
LINE
8
BLACK
6
CONTINUOUS
10
4.9312382283464569
20
-3.6647848818897635
11
4.9323026377952752
21
-3.6652257874015746
0
LINE
8
BLACK
6
CONTINUOUS
10
4.9323026377952752
20
-3.6652257874015746
11
4.9331172834645667
21
-3.666040433070866
0
LINE
8
BLACK
6
CONTINUOUS
10
4.9331172834645667
20
-3.666040433070866
11
4.9335581889763782
21
-3.6671048425196848
0
LINE
8
BLACK
6
CONTINUOUS
10
4.9335581889763782
20
-3.6671048425196848
11
4.9335581889763782
21
-3.668256968503937
0
LINE
8
BLACK
6
CONTINUOUS
10
4.9335581889763782
20
-3.668256968503937
11
4.9331172834645667
21
-3.6693213779527558
0
LINE
8
BLACK
6
CONTINUOUS
10
4.9331172834645667
20
-3.6693213779527558
11
4.9323026377952752
21
-3.6701360236220473
0
LINE
8
BLACK
6
CONTINUOUS
10
4.9323026377952752
20
-3.6701360236220473
11
4.9312382283464569
21
-3.6705769291338584
0
LINE
8
BLACK
6
CONTINUOUS
10
4.9312382283464569
20
-3.6705769291338584
11
4.930662165354331
21
-3.6706336614173227
0
LINE
8
BLACK
6
CONTINUOUS
10
4.930662165354331
20
-3.6706336614173227
11
4.8912920866141727
21
-3.6706336614173227
0
LINE
8
BLACK
6
CONTINUOUS
10
4.8912920866141727
20
-3.6706336614173227
11
4.8909132677165355
21
-3.6705963385826772
0
LINE
8
BLACK
6
CONTINUOUS
10
4.8909132677165355
20
-3.6705963385826772
11
4.8908437401574805
21
-3.670599409448819
0
LINE
8
BLACK
6
CONTINUOUS
10
4.8908437401574805
20
-3.670599409448819
11
4.8908063779527557
21
-3.6705858267716533
0
LINE
8
BLACK
6
CONTINUOUS
10
4.8908063779527557
20
-3.6705858267716533
11
4.8907160236220468
21
-3.6705769291338584
0
LINE
8
BLACK
6
CONTINUOUS
10
4.8907160236220468
20
-3.6705769291338584
11
4.8902425196850396
21
-3.6703807874015748
0
LINE
8
BLACK
6
CONTINUOUS
10
4.8902425196850396
20
-3.6703807874015748
11
4.8897610236220475
21
-3.6702057086614173
0
LINE
8
BLACK
6
CONTINUOUS
10
4.8897610236220475
20
-3.6702057086614173
11
4.8897124409448818
21
-3.670161220472441
0
LINE
8
BLACK
6
CONTINUOUS
10
4.8897124409448818
20
-3.670161220472441
11
4.8896516141732285
21
-3.6701360236220473
0
LINE
8
BLACK
6
CONTINUOUS
10
4.8896516141732285
20
-3.6701360236220473
11
4.8892891732283461
21
-3.6697735826771654
0
LINE
8
BLACK
6
CONTINUOUS
10
4.8892891732283461
20
-3.6697735826771654
11
4.8889113779527555
21
-3.6694275984251967
0
LINE
8
BLACK
6
CONTINUOUS
10
4.8889113779527555
20
-3.6694275984251967
11
4.8888835039370075
21
-3.6693679133858268
0
LINE
8
BLACK
6
CONTINUOUS
10
4.8888835039370075
20
-3.6693679133858268
11
4.888836968503937
21
-3.6693213779527558
0
LINE
8
BLACK
6
CONTINUOUS
10
4.888836968503937
20
-3.6693213779527558
11
4.888640905511811
21
-3.6688480708661415
0
LINE
8
BLACK
6
CONTINUOUS
10
4.888640905511811
20
-3.6688480708661415
11
4.8884241338582672
21
-3.6683835826771651
0
LINE
8
BLACK
6
CONTINUOUS
10
4.8884241338582672
20
-3.6683835826771651
11
4.8884212204724404
21
-3.6683177559055116
0
LINE
8
BLACK
6
CONTINUOUS
10
4.8884212204724404
20
-3.6683177559055116
11
4.8883960629921255
21
-3.668256968503937
0
LINE
8
BLACK
6
CONTINUOUS
10
4.8883960629921255
20
-3.668256968503937
11
4.8883960629921255
21
-3.6677444094488187
0
LINE
8
BLACK
6
CONTINUOUS
10
4.8883960629921255
20
-3.6677444094488187
11
4.8883735826771648
21
-3.667232559055118
0
LINE
8
BLACK
6
CONTINUOUS
10
4.8883735826771648
20
-3.667232559055118
11
4.8883960629921255
21
-3.6671707086614171
0
LINE
8
BLACK
6
CONTINUOUS
10
4.8883960629921255
20
-3.6671707086614171
11
4.8883960629921255
21
-3.6671048425196848
0
LINE
8
BLACK
6
CONTINUOUS
10
4.8883960629921255
20
-3.6671048425196848
11
4.8885921653543303
21
-3.6666313385826772
0
LINE
8
BLACK
6
CONTINUOUS
10
4.8885921653543303
20
-3.6666313385826772
11
4.888767283464567
21
-3.666149842519685
0
LINE
8
BLACK
6
CONTINUOUS
10
4.888767283464567
20
-3.666149842519685
11
4.8888117322834646
21
-3.6661012598425198
0
LINE
8
BLACK
6
CONTINUOUS
10
4.8888117322834646
20
-3.6661012598425198
11
4.888836968503937
21
-3.666040433070866
0
LINE
8
BLACK
6
CONTINUOUS
10
4.888836968503937
20
-3.666040433070866
11
4.8891993700787397
21
-3.6656779921259841
0
LINE
8
BLACK
6
CONTINUOUS
10
4.8891993700787397
20
-3.6656779921259841
11
4.8895453937007876
21
-3.6653001968503935
0
LINE
8
BLACK
6
CONTINUOUS
10
4.8895453937007876
20
-3.6653001968503935
11
4.8896234251968504
21
-3.6652539370078738
0
LINE
8
BLACK
6
CONTINUOUS
10
4.8896234251968504
20
-3.6652539370078738
11
4.8896516141732285
21
-3.6652257874015746
0
LINE
8
BLACK
6
CONTINUOUS
10
4.8896516141732285
20
-3.6652257874015746
11
4.8897160236220474
21
-3.6651990551181099
0
LINE
8
BLACK
6
CONTINUOUS
10
4.8897160236220474
20
-3.6651990551181099
11
4.8900434251968505
21
-3.6650051574803149
0
LINE
8
BLACK
6
CONTINUOUS
10
4.8900434251968505
20
-3.6650051574803149
11
4.9124311023622047
21
-3.6545575590551178
0
LINE
8
BLACK
6
CONTINUOUS
10
4.9124311023622047
20
-3.6545575590551178
11
4.8900434251968505
21
-3.6441099606299212
0
LINE
8
BLACK
6
CONTINUOUS
10
4.8900434251968505
20
-3.6441099606299212
11
4.8897160236220474
21
-3.6439160236220474
0
LINE
8
BLACK
6
CONTINUOUS
10
4.8897160236220474
20
-3.6439160236220474
11
4.8896516141732285
21
-3.6438893307086615
0
LINE
8
BLACK
6
CONTINUOUS
10
4.8896516141732285
20
-3.6438893307086615
11
4.8896234251968504
21
-3.6438611417322835
0
LINE
8
BLACK
6
CONTINUOUS
10
4.8896234251968504
20
-3.6438611417322835
11
4.8895453937007876
21
-3.6438149212598425
0
LINE
8
BLACK
6
CONTINUOUS
10
4.8895453937007876
20
-3.6438149212598425
11
4.8891993700787397
21
-3.6434370866141732
0
LINE
8
BLACK
6
CONTINUOUS
10
4.8891993700787397
20
-3.6434370866141732
11
4.888836968503937
21
-3.64307468503937
0
LINE
8
BLACK
6
CONTINUOUS
10
4.888836968503937
20
-3.64307468503937
11
4.8888117322834646
21
-3.6430138188976375
0
LINE
8
BLACK
6
CONTINUOUS
10
4.8888117322834646
20
-3.6430138188976375
11
4.888767283464567
21
-3.6429652755905511
0
LINE
8
BLACK
6
CONTINUOUS
10
4.888767283464567
20
-3.6429652755905511
11
4.8885921653543303
21
-3.6424837401574801
0
LINE
8
BLACK
6
CONTINUOUS
10
4.8885921653543303
20
-3.6424837401574801
11
4.8883960629921255
21
-3.6420102755905512
0
LINE
8
BLACK
6
CONTINUOUS
10
4.8883960629921255
20
-3.6420102755905512
11
4.8883960629921255
21
-3.6419443700787402
0
LINE
8
BLACK
6
CONTINUOUS
10
4.8883960629921255
20
-3.6419443700787402
11
4.8883735826771648
21
-3.641882559055118
0
LINE
8
BLACK
6
CONTINUOUS
10
4.8883735826771648
20
-3.641882559055118
11
4.8883960629921255
21
-3.6413706692913386
0
LINE
8
BLACK
6
CONTINUOUS
10
4.8883960629921255
20
-3.6413706692913386
11
4.8883960629921255
21
-3.6408581496062991
0
LINE
8
BLACK
6
CONTINUOUS
10
4.8883960629921255
20
-3.6408581496062991
11
4.8884212204724404
21
-3.6407973228346457
0
LINE
8
BLACK
6
CONTINUOUS
10
4.8884212204724404
20
-3.6407973228346457
11
4.8884241338582672
21
-3.6407315354330709
0
LINE
8
BLACK
6
CONTINUOUS
10
4.8884241338582672
20
-3.6407315354330709
11
4.888640905511811
21
-3.6402670078740158
0
LINE
8
BLACK
6
CONTINUOUS
10
4.888640905511811
20
-3.6402670078740158
11
4.888836968503937
21
-3.6397937401574803
0
LINE
8
BLACK
6
CONTINUOUS
10
4.888836968503937
20
-3.6397937401574803
11
4.8888835039370075
21
-3.6397471653543305
0
LINE
8
BLACK
6
CONTINUOUS
10
4.8888835039370075
20
-3.6397471653543305
11
4.8889113779527555
21
-3.6396875196850393
0
LINE
8
BLACK
6
CONTINUOUS
10
4.8889113779527555
20
-3.6396875196850393
11
4.8892891732283461
21
-3.639341496062992
0
LINE
8
BLACK
6
CONTINUOUS
10
4.8892891732283461
20
-3.639341496062992
11
4.8896516141732285
21
-3.6389790944881888
0
LINE
8
BLACK
6
CONTINUOUS
10
4.8896516141732285
20
-3.6389790944881888
11
4.8897124409448818
21
-3.6389538582677163
0
LINE
8
BLACK
6
CONTINUOUS
10
4.8897124409448818
20
-3.6389538582677163
11
4.8897610236220475
21
-3.6389094094488188
0
LINE
8
BLACK
6
CONTINUOUS
10
4.8897610236220475
20
-3.6389094094488188
11
4.8902425196850396
21
-3.6387342913385825
0
LINE
8
BLACK
6
CONTINUOUS
10
4.8902425196850396
20
-3.6387342913385825
11
4.8907160236220468
21
-3.6385381889763777
0
LINE
8
BLACK
6
CONTINUOUS
10
4.8907160236220468
20
-3.6385381889763777
11
4.8908063779527557
21
-3.638529251968504
0
LINE
8
BLACK
6
CONTINUOUS
10
4.8908063779527557
20
-3.638529251968504
11
4.8908437401574805
21
-3.638515708661417
0
LINE
8
BLACK
6
CONTINUOUS
10
4.8908437401574805
20
-3.638515708661417
11
4.8909132677165355
21
-3.6385187401574801
0
LINE
8
BLACK
6
CONTINUOUS
10
4.8909132677165355
20
-3.6385187401574801
11
4.8912920866141727
21
-3.6384814566929133
0
LINE
8
BLACK
6
CONTINUOUS
10
4.8912920866141727
20
-3.6384814566929133
11
4.930662165354331
21
-3.6384814566929133
0
LINE
8
BLACK
6
CONTINUOUS
10
4.930662165354331
20
-3.6384814566929133
11
4.9312382283464569
21
-3.6385381889763777
0
LINE
8
BLACK
6
CONTINUOUS
10
6.2516745669291334
20
-3.5847955118110235
11
6.2527399212598427
21
-3.5858608661417324
0
LINE
8
BLACK
6
CONTINUOUS
10
6.2527399212598427
20
-3.5858608661417324
11
6.2528897637795273
21
-3.5866141732283463
0
LINE
8
BLACK
6
CONTINUOUS
10
6.2528897637795273
20
-3.5866141732283463
11
6.2528897637795273
21
-3.6653543307086611
0
LINE
8
BLACK
6
CONTINUOUS
10
6.2528897637795273
20
-3.6653543307086611
11
6.2527399212598427
21
-3.6661076377952755
0
LINE
8
BLACK
6
CONTINUOUS
10
6.2527399212598427
20
-3.6661076377952755
11
6.2516745669291334
21
-3.6671729921259844
0
LINE
8
BLACK
6
CONTINUOUS
10
6.2516745669291334
20
-3.6671729921259844
11
6.2509212598425199
21
-3.667322834645669
0
LINE
8
BLACK
6
CONTINUOUS
10
6.2509212598425199
20
-3.667322834645669
11
6.203677165354331
21
-3.667322834645669
0
LINE
8
BLACK
6
CONTINUOUS
10
6.203677165354331
20
-3.667322834645669
11
6.2029238582677166
21
-3.6671729921259844
0
LINE
8
BLACK
6
CONTINUOUS
10
6.2029238582677166
20
-3.6671729921259844
11
6.2018585039370073
21
-3.6661076377952755
0
LINE
8
BLACK
6
CONTINUOUS
10
6.2018585039370073
20
-3.6661076377952755
11
6.2017086614173227
21
-3.6653543307086611
0
LINE
8
BLACK
6
CONTINUOUS
10
6.2017086614173227
20
-3.6653543307086611
11
6.2017086614173227
21
-3.5866141732283463
0
LINE
8
BLACK
6
CONTINUOUS
10
6.2017086614173227
20
-3.5866141732283463
11
6.2018585039370073
21
-3.5858608661417324
0
LINE
8
BLACK
6
CONTINUOUS
10
6.2018585039370073
20
-3.5858608661417324
11
6.2029238582677166
21
-3.5847955118110235
0
LINE
8
BLACK
6
CONTINUOUS
10
6.2029238582677166
20
-3.5847955118110235
11
6.203677165354331
21
-3.5846456692913384
0
LINE
8
BLACK
6
CONTINUOUS
10
6.203677165354331
20
-3.5846456692913384
11
6.2509212598425199
21
-3.5846456692913384
0
LINE
8
BLACK
6
CONTINUOUS
10
6.2509212598425199
20
-3.5846456692913384
11
6.2516745669291334
21
-3.5847955118110235
0
LINE
8
BLACK
6
CONTINUOUS
10
6.2056456692913384
20
-3.5885826771653542
11
6.2056456692913384
21
-3.6633858267716533
0
LINE
8
BLACK
6
CONTINUOUS
10
6.2056456692913384
20
-3.6633858267716533
11
6.2489527559055116
21
-3.6633858267716533
0
LINE
8
BLACK
6
CONTINUOUS
10
6.2489527559055116
20
-3.6633858267716533
11
6.2489527559055116
21
-3.5885826771653542
0
LINE
8
BLACK
6
CONTINUOUS
10
6.2489527559055116
20
-3.5885826771653542
11
6.2056456692913384
21
-3.5885826771653542
0
LINE
8
BLACK
6
CONTINUOUS
10
6.3168005511811023
20
-3.5808585039370078
11
6.3178659055118107
21
-3.5819238582677166
0
LINE
8
BLACK
6
CONTINUOUS
10
6.3178659055118107
20
-3.5819238582677166
11
6.3180157480314962
21
-3.5826771653543306
0
LINE
8
BLACK
6
CONTINUOUS
10
6.3180157480314962
20
-3.5826771653543306
11
6.3180157480314962
21
-3.6456692913385824
0
LINE
8
BLACK
6
CONTINUOUS
10
6.3180157480314962
20
-3.6456692913385824
11
6.3178659055118107
21
-3.6464225984251968
0
LINE
8
BLACK
6
CONTINUOUS
10
6.3178659055118107
20
-3.6464225984251968
11
6.3168005511811023
21
-3.6474879527559056
0
LINE
8
BLACK
6
CONTINUOUS
10
6.3168005511811023
20
-3.6474879527559056
11
6.3160472440944879
21
-3.6476377952755903
0
LINE
8
BLACK
6
CONTINUOUS
10
6.3160472440944879
20
-3.6476377952755903
11
6.284551181102362
21
-3.6476377952755903
0
LINE
8
BLACK
6
CONTINUOUS
10
6.284551181102362
20
-3.6476377952755903
11
6.2837978740157476
21
-3.6474879527559056
0
LINE
8
BLACK
6
CONTINUOUS
10
6.2837978740157476
20
-3.6474879527559056
11
6.2827325196850392
21
-3.6464225984251968
0
LINE
8
BLACK
6
CONTINUOUS
10
6.2827325196850392
20
-3.6464225984251968
11
6.2825826771653546
21
-3.6456692913385824
0
LINE
8
BLACK
6
CONTINUOUS
10
6.2825826771653546
20
-3.6456692913385824
11
6.2825826771653546
21
-3.5826771653543306
0
LINE
8
BLACK
6
CONTINUOUS
10
6.2825826771653546
20
-3.5826771653543306
11
6.2827325196850392
21
-3.5819238582677166
0
LINE
8
BLACK
6
CONTINUOUS
10
6.2827325196850392
20
-3.5819238582677166
11
6.2837978740157476
21
-3.5808585039370078
0
LINE
8
BLACK
6
CONTINUOUS
10
6.2837978740157476
20
-3.5808585039370078
11
6.284551181102362
21
-3.5807086614173227
0
LINE
8
BLACK
6
CONTINUOUS
10
6.284551181102362
20
-3.5807086614173227
11
6.3160472440944879
21
-3.5807086614173227
0
LINE
8
BLACK
6
CONTINUOUS
10
6.3160472440944879
20
-3.5807086614173227
11
6.3168005511811023
21
-3.5808585039370078
0
LINE
8
BLACK
6
CONTINUOUS
10
6.2865196850393703
20
-3.5846456692913384
11
6.2865196850393703
21
-3.6437007874015745
0
LINE
8
BLACK
6
CONTINUOUS
10
6.2865196850393703
20
-3.6437007874015745
11
6.3140787401574805
21
-3.6437007874015745
0
LINE
8
BLACK
6
CONTINUOUS
10
6.3140787401574805
20
-3.6437007874015745
11
6.3140787401574805
21
-3.5846456692913384
0
LINE
8
BLACK
6
CONTINUOUS
10
6.3140787401574805
20
-3.5846456692913384
11
6.2865196850393703
21
-3.5846456692913384
0
LINE
8
BLACK
6
CONTINUOUS
10
5.3062493700787403
20
-3.6069411811023619
11
5.3073147244094487
21
-3.6080065354330708
0
LINE
8
BLACK
6
CONTINUOUS
10
5.3073147244094487
20
-3.6080065354330708
11
5.3074645669291334
21
-3.6087598425196852
0
LINE
8
BLACK
6
CONTINUOUS
10
5.3074645669291334
20
-3.6087598425196852
11
5.3074645669291334
21
-3.6412401574803148
0
LINE
8
BLACK
6
CONTINUOUS
10
5.3074645669291334
20
-3.6412401574803148
11
5.3073147244094487
21
-3.6419934645669292
0
LINE
8
BLACK
6
CONTINUOUS
10
5.3073147244094487
20
-3.6419934645669292
11
5.3062493700787403
21
-3.6430588188976376
0
LINE
8
BLACK
6
CONTINUOUS
10
5.3062493700787403
20
-3.6430588188976376
11
5.3054960629921259
21
-3.6432086614173227
0
LINE
8
BLACK
6
CONTINUOUS
10
5.3054960629921259
20
-3.6432086614173227
11
5.2425039370078741
21
-3.6432086614173227
0
LINE
8
BLACK
6
CONTINUOUS
10
5.2425039370078741
20
-3.6432086614173227
11
5.2417506299212597
21
-3.6430588188976376
0
LINE
8
BLACK
6
CONTINUOUS
10
5.2417506299212597
20
-3.6430588188976376
11
5.2406852755905513
21
-3.6419934645669292
0
LINE
8
BLACK
6
CONTINUOUS
10
5.2406852755905513
20
-3.6419934645669292
11
5.2405354330708658
21
-3.6412401574803148
0
LINE
8
BLACK
6
CONTINUOUS
10
5.2405354330708658
20
-3.6412401574803148
11
5.2405354330708658
21
-3.6087598425196852
0
LINE
8
BLACK
6
CONTINUOUS
10
5.2405354330708658
20
-3.6087598425196852
11
5.2406852755905513
21
-3.6080065354330708
0
LINE
8
BLACK
6
CONTINUOUS
10
5.2406852755905513
20
-3.6080065354330708
11
5.2417506299212597
21
-3.6069411811023619
0
LINE
8
BLACK
6
CONTINUOUS
10
5.2417506299212597
20
-3.6069411811023619
11
5.2425039370078741
21
-3.6067913385826769
0
LINE
8
BLACK
6
CONTINUOUS
10
5.2425039370078741
20
-3.6067913385826769
11
5.3054960629921259
21
-3.6067913385826769
0
LINE
8
BLACK
6
CONTINUOUS
10
5.3054960629921259
20
-3.6067913385826769
11
5.3062493700787403
21
-3.6069411811023619
0
LINE
8
BLACK
6
CONTINUOUS
10
5.2444724409448815
20
-3.610728346456693
11
5.2444724409448815
21
-3.639271653543307
0
LINE
8
BLACK
6
CONTINUOUS
10
5.2444724409448815
20
-3.639271653543307
11
5.3035275590551176
21
-3.639271653543307
0
LINE
8
BLACK
6
CONTINUOUS
10
5.3035275590551176
20
-3.639271653543307
11
5.3035275590551176
21
-3.610728346456693
0
LINE
8
BLACK
6
CONTINUOUS
10
5.3035275590551176
20
-3.610728346456693
11
5.2444724409448815
21
-3.610728346456693
0
LINE
8
BLACK
6
CONTINUOUS
10
4.9031167322834648
20
-3.5991681102362203
11
4.9032147244094491
21
-3.5992087007874014
0
LINE
8
BLACK
6
CONTINUOUS
10
4.9032147244094491
20
-3.5992087007874014
11
4.9033205511811024
21
-3.5992162204724409
0
LINE
8
BLACK
6
CONTINUOUS
10
4.9033205511811024
20
-3.5992162204724409
11
4.9038611811023625
21
-3.5994231102362204
0
LINE
8
BLACK
6
CONTINUOUS
10
4.9038611811023625
20
-3.5994231102362204
11
4.9076107086614176
21
-3.601297874015748
0
LINE
8
BLACK
6
CONTINUOUS
10
4.9076107086614176
20
-3.601297874015748
11
4.9078587007874015
21
-3.6014539370078738
0
LINE
8
BLACK
6
CONTINUOUS
10
4.9078587007874015
20
-3.6014539370078738
11
4.9079306692913383
21
-3.6014837795275589
0
LINE
8
BLACK
6
CONTINUOUS
10
4.9079306692913383
20
-3.6014837795275589
11
4.908011614173228
21
-3.6015502362204725
0
LINE
8
BLACK
6
CONTINUOUS
10
4.908011614173228
20
-3.6015502362204725
11
4.9081005905511814
21
-3.6016062204724411
0
LINE
8
BLACK
6
CONTINUOUS
10
4.9081005905511814
20
-3.6016062204724411
11
4.9081517322834642
21
-3.6016651968503934
0
LINE
8
BLACK
6
CONTINUOUS
10
4.9081517322834642
20
-3.6016651968503934
11
4.9083781102362201
21
-3.6018509842519686
0
LINE
8
BLACK
6
CONTINUOUS
10
4.9083781102362201
20
-3.6018509842519686
11
4.9102528740157476
21
-3.6037257480314961
0
LINE
8
BLACK
6
CONTINUOUS
10
4.9102528740157476
20
-3.6037257480314961
11
4.910438622047244
21
-3.6039520866141732
0
LINE
8
BLACK
6
CONTINUOUS
10
4.910438622047244
20
-3.6039520866141732
11
4.9104976377952756
21
-3.6040032677165352
0
LINE
8
BLACK
6
CONTINUOUS
10
4.9104976377952756
20
-3.6040032677165352
11
4.9105535826771654
21
-3.6040922047244095
0
LINE
8
BLACK
6
CONTINUOUS
10
4.9105535826771654
20
-3.6040922047244095
11
4.9106200787401573
21
-3.604173188976378
0
LINE
8
BLACK
6
CONTINUOUS
10
4.9106200787401573
20
-3.604173188976378
11
4.9106498818897633
21
-3.604245118110236
0
LINE
8
BLACK
6
CONTINUOUS
10
4.9106498818897633
20
-3.604245118110236
11
4.9108059842519687
21
-3.6044931496062991
0
LINE
8
BLACK
6
CONTINUOUS
10
4.9108059842519687
20
-3.6044931496062991
11
4.9126807480314962
21
-3.6082426771653542
0
LINE
8
BLACK
6
CONTINUOUS
10
4.9126807480314962
20
-3.6082426771653542
11
4.9126968503937007
21
-3.6082847637795274
0
LINE
8
BLACK
6
CONTINUOUS
10
4.9126968503937007
20
-3.6082847637795274
11
4.9127095669291334
21
-3.6083019291338583
0
LINE
8
BLACK
6
CONTINUOUS
10
4.9127095669291334
20
-3.6083019291338583
11
4.9127958661417326
21
-3.6085435039370077
0
LINE
8
BLACK
6
CONTINUOUS
10
4.9127958661417326
20
-3.6085435039370077
11
4.9128876377952757
21
-3.6087832677165355
0
LINE
8
BLACK
6
CONTINUOUS
10
4.9128876377952757
20
-3.6087832677165355
11
4.9128891338582674
21
-3.6088045275590552
0
LINE
8
BLACK
6
CONTINUOUS
10
4.9128891338582674
20
-3.6088045275590552
11
4.9129043307086615
21
-3.6088470472440943
0
LINE
8
BLACK
6
CONTINUOUS
10
4.9129043307086615
20
-3.6088470472440943
11
4.9147004724409449
21
-3.6160316929133858
0
LINE
8
BLACK
6
CONTINUOUS
10
4.9147004724409449
20
-3.6160316929133858
11
4.9162159842519682
21
-3.6190626771653545
0
LINE
8
BLACK
6
CONTINUOUS
10
4.9162159842519682
20
-3.6190626771653545
11
4.91741311023622
21
-3.6202598031496063
0
LINE
8
BLACK
6
CONTINUOUS
10
4.91741311023622
20
-3.6202598031496063
11
4.9201105905511806
21
-3.6216085433070866
0
LINE
8
BLACK
6
CONTINUOUS
10
4.9201105905511806
20
-3.6216085433070866
11
4.9224660236220474
21
-3.6216085433070866
0
LINE
8
BLACK
6
CONTINUOUS
10
4.9224660236220474
20
-3.6216085433070866
11
4.9251635039370081
21
-3.6202597637795275
0
LINE
8
BLACK
6
CONTINUOUS
10
4.9251635039370081
20
-3.6202597637795275
11
4.9263606692913386
21
-3.6190626377952757
0
LINE
8
BLACK
6
CONTINUOUS
10
4.9263606692913386
20
-3.6190626377952757
11
4.927709409448819
21
-3.6163651968503938
0
LINE
8
BLACK
6
CONTINUOUS
10
4.927709409448819
20
-3.6163651968503938
11
4.927709409448819
21
-3.6081675590551181
0
LINE
8
BLACK
6
CONTINUOUS
10
4.927709409448819
20
-3.6081675590551181
11
4.9259861811023624
21
-3.602997874015748
0
LINE
8
BLACK
6
CONTINUOUS
10
4.9259861811023624
20
-3.602997874015748
11
4.9258578346456696
21
-3.6024334251968502
0
LINE
8
BLACK
6
CONTINUOUS
10
4.9258578346456696
20
-3.6024334251968502
11
4.9259395275590547
21
-3.6012842125984252
0
LINE
8
BLACK
6
CONTINUOUS
10
4.9259395275590547
20
-3.6012842125984252
11
4.9264547244094485
21
-3.6002537795275589
0
LINE
8
BLACK
6
CONTINUOUS
10
4.9264547244094485
20
-3.6002537795275589
11
4.9273250787401572
21
-3.5994988976377953
0
LINE
8
BLACK
6
CONTINUOUS
10
4.9273250787401572
20
-3.5994988976377953
11
4.9284181102362208
21
-3.5991345669291337
0
LINE
8
BLACK
6
CONTINUOUS
10
4.9284181102362208
20
-3.5991345669291337
11
4.9295673228346457
21
-3.5992162598425197
0
LINE
8
BLACK
6
CONTINUOUS
10
4.9295673228346457
20
-3.5992162598425197
11
4.9305977559055121
21
-3.5997314566929135
0
LINE
8
BLACK
6
CONTINUOUS
10
4.9305977559055121
20
-3.5997314566929135
11
4.9313526377952757
21
-3.6006018110236218
0
LINE
8
BLACK
6
CONTINUOUS
10
4.9313526377952757
20
-3.6006018110236218
11
4.9315886220472436
21
-3.6011303937007875
0
LINE
8
BLACK
6
CONTINUOUS
10
4.9315886220472436
20
-3.6011303937007875
11
4.9334633858267711
21
-3.6067546456692914
0
LINE
8
BLACK
6
CONTINUOUS
10
4.9334633858267711
20
-3.6067546456692914
11
4.9335283070866138
21
-3.6070402755905513
0
LINE
8
BLACK
6
CONTINUOUS
10
4.9335283070866138
20
-3.6070402755905513
11
4.9335581889763782
21
-3.6071123622047243
0
LINE
8
BLACK
6
CONTINUOUS
10
4.9335581889763782
20
-3.6071123622047243
11
4.9335684645669291
21
-3.6072168110236218
0
LINE
8
BLACK
6
CONTINUOUS
10
4.9335684645669291
20
-3.6072168110236218
11
4.9335917322834648
21
-3.6073190944881888
0
LINE
8
BLACK
6
CONTINUOUS
10
4.9335917322834648
20
-3.6073190944881888
11
4.9335861811023625
21
-3.6073968110236221
0
LINE
8
BLACK
6
CONTINUOUS
10
4.9335861811023625
20
-3.6073968110236221
11
4.9336149212598421
21
-3.6076884251968502
0
LINE
8
BLACK
6
CONTINUOUS
10
4.9336149212598421
20
-3.6076884251968502
11
4.9336149212598421
21
-3.617062244094488
0
LINE
8
BLACK
6
CONTINUOUS
10
4.9336149212598421
20
-3.617062244094488
11
4.9335581889763782
21
-3.6176383070866143
0
LINE
8
BLACK
6
CONTINUOUS
10
4.9335581889763782
20
-3.6176383070866143
11
4.9335175984251967
21
-3.6177362598425198
0
LINE
8
BLACK
6
CONTINUOUS
10
4.9335175984251967
20
-3.6177362598425198
11
4.9335100787401576
21
-3.6178421653543307
0
LINE
8
BLACK
6
CONTINUOUS
10
4.9335100787401576
20
-3.6178421653543307
11
4.9333031889763781
21
-3.6183827559055119
0
LINE
8
BLACK
6
CONTINUOUS
10
4.9333031889763781
20
-3.6183827559055119
11
4.9314284251968505
21
-3.6221322834645671
0
LINE
8
BLACK
6
CONTINUOUS
10
4.9314284251968505
20
-3.6221322834645671
11
4.9312723228346451
21
-3.622380275590551
0
LINE
8
BLACK
6
CONTINUOUS
10
4.9312723228346451
20
-3.622380275590551
11
4.9312425196850391
21
-3.6224522440944882
0
LINE
8
BLACK
6
CONTINUOUS
10
4.9312425196850391
20
-3.6224522440944882
11
4.931176062992126
21
-3.6225331889763779
0
LINE
8
BLACK
6
CONTINUOUS
10
4.931176062992126
20
-3.6225331889763779
11
4.9311200787401575
21
-3.6226221653543305
0
LINE
8
BLACK
6
CONTINUOUS
10
4.9311200787401575
20
-3.6226221653543305
11
4.9310610236220471
21
-3.6226733464566929
0
LINE
8
BLACK
6
CONTINUOUS
10
4.9310610236220471
20
-3.6226733464566929
11
4.9308752755905507
21
-3.6228997244094487
0
LINE
8
BLACK
6
CONTINUOUS
10
4.9308752755905507
20
-3.6228997244094487
11
4.9290004724409444
21
-3.6247744881889763
0
LINE
8
BLACK
6
CONTINUOUS
10
4.9290004724409444
20
-3.6247744881889763
11
4.9287741338582673
21
-3.6249601968503935
0
LINE
8
BLACK
6
CONTINUOUS
10
4.9287741338582673
20
-3.6249601968503935
11
4.9287229921259845
21
-3.6250192125984251
0
LINE
8
BLACK
6
CONTINUOUS
10
4.9287229921259845
20
-3.6250192125984251
11
4.9286340551181098
21
-3.6250751574803148
0
LINE
8
BLACK
6
CONTINUOUS
10
4.9286340551181098
20
-3.6250751574803148
11
4.9285530314960626
21
-3.6251416929133859
0
LINE
8
BLACK
6
CONTINUOUS
10
4.9285530314960626
20
-3.6251416929133859
11
4.9284809842519683
21
-3.6251714960629919
0
LINE
8
BLACK
6
CONTINUOUS
10
4.9284809842519683
20
-3.6251714960629919
11
4.9282331102362207
21
-3.6253275590551182
0
LINE
8
BLACK
6
CONTINUOUS
10
4.9282331102362207
20
-3.6253275590551182
11
4.9244835826771656
21
-3.6272023228346457
0
LINE
8
BLACK
6
CONTINUOUS
10
4.9244835826771656
20
-3.6272023228346457
11
4.9239429527559055
21
-3.6274092125984252
0
LINE
8
BLACK
6
CONTINUOUS
10
4.9239429527559055
20
-3.6274092125984252
11
4.9238371259842522
21
-3.6274166929133855
0
LINE
8
BLACK
6
CONTINUOUS
10
4.9238371259842522
20
-3.6274166929133855
11
4.9237391338582679
21
-3.6274573228346454
0
LINE
8
BLACK
6
CONTINUOUS
10
4.9237391338582679
20
-3.6274573228346454
11
4.923163070866142
21
-3.6275140551181102
0
LINE
8
BLACK
6
CONTINUOUS
10
4.923163070866142
20
-3.6275140551181102
11
4.9194135433070869
21
-3.6275140551181102
0
LINE
8
BLACK
6
CONTINUOUS
10
4.9194135433070869
20
-3.6275140551181102
11
4.9188374803149602
21
-3.6274573228346454
0
LINE
8
BLACK
6
CONTINUOUS
10
4.9188374803149602
20
-3.6274573228346454
11
4.9187394881889759
21
-3.6274167322834643
0
LINE
8
BLACK
6
CONTINUOUS
10
4.9187394881889759
20
-3.6274167322834643
11
4.9186336220472437
21
-3.6274092125984252
0
LINE
8
BLACK
6
CONTINUOUS
10
4.9186336220472437
20
-3.6274092125984252
11
4.9180930314960625
21
-3.6272023228346457
0
LINE
8
BLACK
6
CONTINUOUS
10
4.9180930314960625
20
-3.6272023228346457
11
4.9143435039370074
21
-3.6253275590551182
0
LINE
8
BLACK
6
CONTINUOUS
10
4.9143435039370074
20
-3.6253275590551182
11
4.9140954724409447
21
-3.6251714566929132
0
LINE
8
BLACK
6
CONTINUOUS
10
4.9140954724409447
20
-3.6251714566929132
11
4.9140235433070867
21
-3.6251416535433072
0
LINE
8
BLACK
6
CONTINUOUS
10
4.9140235433070867
20
-3.6251416535433072
11
4.9139425590551182
21
-3.6250751574803148
0
LINE
8
BLACK
6
CONTINUOUS
10
4.9139425590551182
20
-3.6250751574803148
11
4.9138536220472444
21
-3.6250192125984251
0
LINE
8
BLACK
6
CONTINUOUS
10
4.9138536220472444
20
-3.6250192125984251
11
4.9138024409448819
21
-3.6249601968503935
0
LINE
8
BLACK
6
CONTINUOUS
10
4.9138024409448819
20
-3.6249601968503935
11
4.9135761023622049
21
-3.6247744488188975
0
LINE
8
BLACK
6
CONTINUOUS
10
4.9135761023622049
20
-3.6247744488188975
11
4.9117013385826773
21
-3.62289968503937
0
LINE
8
BLACK
6
CONTINUOUS
10
4.9117013385826773
20
-3.62289968503937
11
4.9115155511811022
21
-3.6226733070866142
0
LINE
8
BLACK
6
CONTINUOUS
10
4.9115155511811022
20
-3.6226733070866142
11
4.9114565748031493
21
-3.6226221653543305
0
LINE
8
BLACK
6
CONTINUOUS
10
4.9114565748031493
20
-3.6226221653543305
11
4.9114005905511808
21
-3.6225331889763779
0
LINE
8
BLACK
6
CONTINUOUS
10
4.9114005905511808
20
-3.6225331889763779
11
4.9113341338582677
21
-3.6224522440944882
0
LINE
8
BLACK
6
CONTINUOUS
10
4.9113341338582677
20
-3.6224522440944882
11
4.9113042913385829
21
-3.622380275590551
0
LINE
8
BLACK
6
CONTINUOUS
10
4.9113042913385829
20
-3.622380275590551
11
4.9111482283464563
21
-3.6221322834645671
0
LINE
8
BLACK
6
CONTINUOUS
10
4.9111482283464563
20
-3.6221322834645671
11
4.9092734645669287
21
-3.6183827559055119
0
LINE
8
BLACK
6
CONTINUOUS
10
4.9092734645669287
20
-3.6183827559055119
11
4.9092573228346454
21
-3.6183406299212599
0
LINE
8
BLACK
6
CONTINUOUS
10
4.9092573228346454
20
-3.6183406299212599
11
4.9092446456692915
21
-3.6183235039370079
0
LINE
8
BLACK
6
CONTINUOUS
10
4.9092446456692915
20
-3.6183235039370079
11
4.9091581889763782
21
-3.6180815354330709
0
LINE
8
BLACK
6
CONTINUOUS
10
4.9091581889763782
20
-3.6180815354330709
11
4.9090665748031492
21
-3.6178421259842519
0
LINE
8
BLACK
6
CONTINUOUS
10
4.9090665748031492
20
-3.6178421259842519
11
4.9090650393700788
21
-3.6178208661417322
0
LINE
8
BLACK
6
CONTINUOUS
10
4.9090650393700788
20
-3.6178208661417322
11
4.9090498818897634
21
-3.6177783858267714
0
LINE
8
BLACK
6
CONTINUOUS
10
4.9090498818897634
20
-3.6177783858267714
11
4.9072537007874013
21
-3.6105937401574804
0
LINE
8
BLACK
6
CONTINUOUS
10
4.9072537007874013
20
-3.6105937401574804
11
4.9057382283464568
21
-3.6075627559055117
0
LINE
8
BLACK
6
CONTINUOUS
10
4.9057382283464568
20
-3.6075627559055117
11
4.904541102362205
21
-3.6063656299212599
0
LINE
8
BLACK
6
CONTINUOUS
10
4.904541102362205
20
-3.6063656299212599
11
4.9018436220472443
21
-3.6050168897637795
0
LINE
8
BLACK
6
CONTINUOUS
10
4.9018436220472443
20
-3.6050168897637795
11
4.8994881889763775
21
-3.6050168897637795
0
LINE
8
BLACK
6
CONTINUOUS
10
4.8994881889763775
20
-3.6050168897637795
11
4.8967907086614169
21
-3.6063656299212599
0
LINE
8
BLACK
6
CONTINUOUS
10
4.8967907086614169
20
-3.6063656299212599
11
4.895593582677165
21
-3.6075627559055117
0
LINE
8
BLACK
6
CONTINUOUS
10
4.895593582677165
20
-3.6075627559055117
11
4.8942448425196847
21
-3.6102602362204723
0
LINE
8
BLACK
6
CONTINUOUS
10
4.8942448425196847
20
-3.6102602362204723
11
4.8942448425196847
21
-3.6184578346456693
0
LINE
8
BLACK
6
CONTINUOUS
10
4.8942448425196847
20
-3.6184578346456693
11
4.8959680708661413
21
-3.6236275196850394
0
LINE
8
BLACK
6
CONTINUOUS
10
4.8959680708661413
20
-3.6236275196850394
11
4.896096417322835
21
-3.6241919685039368
0
LINE
8
BLACK
6
CONTINUOUS
10
4.896096417322835
20
-3.6241919685039368
11
4.896014724409449
21
-3.6253411811023621
0
LINE
8
BLACK
6
CONTINUOUS
10
4.896014724409449
20
-3.6253411811023621
11
4.8954995275590552
21
-3.6263716535433068
0
LINE
8
BLACK
6
CONTINUOUS
10
4.8954995275590552
20
-3.6263716535433068
11
4.8946291338582677
21
-3.6271265354330708
0
LINE
8
BLACK
6
CONTINUOUS
10
4.8946291338582677
20
-3.6271265354330708
11
4.8935361417322838
21
-3.627490866141732
0
LINE
8
BLACK
6
CONTINUOUS
10
4.8935361417322838
20
-3.627490866141732
11
4.892386929133858
21
-3.6274091732283464
0
LINE
8
BLACK
6
CONTINUOUS
10
4.892386929133858
20
-3.6274091732283464
11
4.8913564960629916
21
-3.6268939370078739
0
LINE
8
BLACK
6
CONTINUOUS
10
4.8913564960629916
20
-3.6268939370078739
11
4.890601614173228
21
-3.6260235826771652
0
LINE
8
BLACK
6
CONTINUOUS
10
4.890601614173228
20
-3.6260235826771652
11
4.8903656299212601
21
-3.6254950393700787
0
LINE
8
BLACK
6
CONTINUOUS
10
4.8903656299212601
20
-3.6254950393700787
11
4.8884908661417326
21
-3.619870748031496
0
LINE
8
BLACK
6
CONTINUOUS
10
4.8884908661417326
20
-3.619870748031496
11
4.8884259055118111
21
-3.6195851574803148
0
LINE
8
BLACK
6
CONTINUOUS
10
4.8884259055118111
20
-3.6195851574803148
11
4.8883960629921255
21
-3.6195130708661418
0
LINE
8
BLACK
6
CONTINUOUS
10
4.8883960629921255
20
-3.6195130708661418
11
4.8883857480314958
21
-3.6194085433070864
0
LINE
8
BLACK
6
CONTINUOUS
10
4.8883857480314958
20
-3.6194085433070864
11
4.8883625196850389
21
-3.6193062992125982
0
LINE
8
BLACK
6
CONTINUOUS
10
4.8883625196850389
20
-3.6193062992125982
11
4.8883680314960625
21
-3.6192285433070865
0
LINE
8
BLACK
6
CONTINUOUS
10
4.8883680314960625
20
-3.6192285433070865
11
4.8883393307086616
21
-3.6189370078740155
0
LINE
8
BLACK
6
CONTINUOUS
10
4.8883393307086616
20
-3.6189370078740155
11
4.8883393307086616
21
-3.6095631889763777
0
LINE
8
BLACK
6
CONTINUOUS
10
4.8883393307086616
20
-3.6095631889763777
11
4.8883960629921255
21
-3.6089871259842519
0
LINE
8
BLACK
6
CONTINUOUS
10
4.8883960629921255
20
-3.6089871259842519
11
4.888436653543307
21
-3.6088890944881888
0
LINE
8
BLACK
6
CONTINUOUS
10
4.888436653543307
20
-3.6088890944881888
11
4.8884441732283461
21
-3.6087833070866142
0
LINE
8
BLACK
6
CONTINUOUS
10
4.8884441732283461
20
-3.6087833070866142
11
4.8886510629921256
21
-3.6082426771653542
0
LINE
8
BLACK
6
CONTINUOUS
10
4.8886510629921256
20
-3.6082426771653542
11
4.8905258267716532
21
-3.6044931496062991
0
LINE
8
BLACK
6
CONTINUOUS
10
4.8905258267716532
20
-3.6044931496062991
11
4.8906818897637798
21
-3.604245118110236
0
LINE
8
BLACK
6
CONTINUOUS
10
4.8906818897637798
20
-3.604245118110236
11
4.8907117322834646
21
-3.604173188976378
0
LINE
8
BLACK
6
CONTINUOUS
10
4.8907117322834646
20
-3.604173188976378
11
4.8907781889763777
21
-3.6040922047244095
0
LINE
8
BLACK
6
CONTINUOUS
10
4.8907781889763777
20
-3.6040922047244095
11
4.8908341732283462
21
-3.6040032677165352
0
LINE
8
BLACK
6
CONTINUOUS
10
4.8908341732283462
20
-3.6040032677165352
11
4.8908931496062991
21
-3.6039520866141732
0
LINE
8
BLACK
6
CONTINUOUS
10
4.8908931496062991
20
-3.6039520866141732
11
4.8910789370078742
21
-3.6037257480314961
0
LINE
8
BLACK
6
CONTINUOUS
10
4.8910789370078742
20
-3.6037257480314961
11
4.8929537007874018
21
-3.6018509842519686
0
LINE
8
BLACK
6
CONTINUOUS
10
4.8929537007874018
20
-3.6018509842519686
11
4.8931800393700788
21
-3.6016651968503934
0
LINE
8
BLACK
6
CONTINUOUS
10
4.8931800393700788
20
-3.6016651968503934
11
4.8932312204724404
21
-3.6016062204724411
0
LINE
8
BLACK
6
CONTINUOUS
10
4.8932312204724404
20
-3.6016062204724411
11
4.8933201574803151
21
-3.6015502362204725
0
LINE
8
BLACK
6
CONTINUOUS
10
4.8933201574803151
20
-3.6015502362204725
11
4.8934011417322836
21
-3.6014837795275589
0
LINE
8
BLACK
6
CONTINUOUS
10
4.8934011417322836
20
-3.6014837795275589
11
4.8934730708661416
21
-3.6014539370078738
0
LINE
8
BLACK
6
CONTINUOUS
10
4.8934730708661416
20
-3.6014539370078738
11
4.8937211023622043
21
-3.601297874015748
0
LINE
8
BLACK
6
CONTINUOUS
10
4.8937211023622043
20
-3.601297874015748
11
4.8974706299212594
21
-3.5994231102362204
0
LINE
8
BLACK
6
CONTINUOUS
10
4.8974706299212594
20
-3.5994231102362204
11
4.8980112204724406
21
-3.5992162204724409
0
LINE
8
BLACK
6
CONTINUOUS
10
4.8980112204724406
20
-3.5992162204724409
11
4.8981170866141728
21
-3.5992086614173227
0
LINE
8
BLACK
6
CONTINUOUS
10
4.8981170866141728
20
-3.5992086614173227
11
4.898215078740157
21
-3.5991681102362203
0
LINE
8
BLACK
6
CONTINUOUS
10
4.898215078740157
20
-3.5991681102362203
11
4.8987911417322829
21
-3.5991113779527559
0
LINE
8
BLACK
6
CONTINUOUS
10
4.8987911417322829
20
-3.5991113779527559
11
4.9025406692913389
21
-3.5991113779527559
0
LINE
8
BLACK
6
CONTINUOUS
10
4.9025406692913389
20
-3.5991113779527559
11
4.9031167322834648
21
-3.5991681102362203
0
LINE
8
BLACK
6
CONTINUOUS
10
5.5156154330708658
20
-3.5615921653543308
11
5.516679842519685
21
-3.5620330708661418
0
LINE
8
BLACK
6
CONTINUOUS
10
5.516679842519685
20
-3.5620330708661418
11
5.5174944881889765
21
-3.5628477165354329
0
LINE
8
BLACK
6
CONTINUOUS
10
5.5174944881889765
20
-3.5628477165354329
11
5.5179353937007871
21
-3.5639121259842517
0
LINE
8
BLACK
6
CONTINUOUS
10
5.5179353937007871
20
-3.5639121259842517
11
5.5179921259842519
21
-3.564488188976378
0
LINE
8
BLACK
6
CONTINUOUS
10
5.5179921259842519
20
-3.564488188976378
11
5.5179921259842519
21
-3.624488188976378
0
LINE
8
BLACK
6
CONTINUOUS
10
5.5179921259842519
20
-3.624488188976378
11
5.5179353937007871
21
-3.6250642519685039
0
LINE
8
BLACK
6
CONTINUOUS
10
5.5179353937007871
20
-3.6250642519685039
11
5.5174944881889765
21
-3.6261286614173227
0
LINE
8
BLACK
6
CONTINUOUS
10
5.5174944881889765
20
-3.6261286614173227
11
5.516679842519685
21
-3.6269433070866142
0
LINE
8
BLACK
6
CONTINUOUS
10
5.516679842519685
20
-3.6269433070866142
11
5.5156154330708658
21
-3.6273842125984253
0
LINE
8
BLACK
6
CONTINUOUS
10
5.5156154330708658
20
-3.6273842125984253
11
5.5150393700787399
21
-3.6274409448818896
0
LINE
8
BLACK
6
CONTINUOUS
10
5.5150393700787399
20
-3.6274409448818896
11
5.3550393700787398
21
-3.6274409448818896
0
LINE
8
BLACK
6
CONTINUOUS
10
5.3550393700787398
20
-3.6274409448818896
11
5.3544633070866139
21
-3.6273842125984253
0
LINE
8
BLACK
6
CONTINUOUS
10
5.3544633070866139
20
-3.6273842125984253
11
5.3533988976377955
21
-3.6269433070866142
0
LINE
8
BLACK
6
CONTINUOUS
10
5.3533988976377955
20
-3.6269433070866142
11
5.3525842519685041
21
-3.6261286614173227
0
LINE
8
BLACK
6
CONTINUOUS
10
5.3525842519685041
20
-3.6261286614173227
11
5.3521433464566925
21
-3.6250642519685039
0
LINE
8
BLACK
6
CONTINUOUS
10
5.3521433464566925
20
-3.6250642519685039
11
5.3520866141732286
21
-3.624488188976378
0
LINE
8
BLACK
6
CONTINUOUS
10
5.3520866141732286
20
-3.624488188976378
11
5.3520866141732286
21
-3.564488188976378
0
LINE
8
BLACK
6
CONTINUOUS
10
5.3520866141732286
20
-3.564488188976378
11
5.3521433464566925
21
-3.5639121259842517
0
LINE
8
BLACK
6
CONTINUOUS
10
5.3521433464566925
20
-3.5639121259842517
11
5.3525842519685041
21
-3.5628477165354329
0
LINE
8
BLACK
6
CONTINUOUS
10
5.3525842519685041
20
-3.5628477165354329
11
5.3533988976377955
21
-3.5620330708661418
0
LINE
8
BLACK
6
CONTINUOUS
10
5.3533988976377955
20
-3.5620330708661418
11
5.3544633070866139
21
-3.5615921653543308
0
LINE
8
BLACK
6
CONTINUOUS
10
5.3544633070866139
20
-3.5615921653543308
11
5.3550393700787398
21
-3.561535433070866
0
LINE
8
BLACK
6
CONTINUOUS
10
5.3550393700787398
20
-3.561535433070866
11
5.5150393700787399
21
-3.561535433070866
0
LINE
8
BLACK
6
CONTINUOUS
10
5.5150393700787399
20
-3.561535433070866
11
5.5156154330708658
21
-3.5615921653543308
0
LINE
8
BLACK
6
CONTINUOUS
10
5.3579921259842518
20
-3.5674409448818896
11
5.3579921259842518
21
-3.621535433070866
0
LINE
8
BLACK
6
CONTINUOUS
10
5.3579921259842518
20
-3.621535433070866
11
5.5120866141732279
21
-3.621535433070866
0
LINE
8
BLACK
6
CONTINUOUS
10
5.5120866141732279
20
-3.621535433070866
11
5.5120866141732279
21
-3.5674409448818896
0
LINE
8
BLACK
6
CONTINUOUS
10
5.5120866141732279
20
-3.5674409448818896
11
5.3579921259842518
21
-3.5674409448818896
0
LINE
8
BLACK
6
CONTINUOUS
10
5.9397296850393699
20
-3.5375514173228346
11
5.9407950393700784
21
-3.538616771653543
0
LINE
8
BLACK
6
CONTINUOUS
10
5.9407950393700784
20
-3.538616771653543
11
5.9409448818897639
21
-3.5393700787401574
0
LINE
8
BLACK
6
CONTINUOUS
10
5.9409448818897639
20
-3.5393700787401574
11
5.9409448818897639
21
-3.6181102362204722
0
LINE
8
BLACK
6
CONTINUOUS
10
5.9409448818897639
20
-3.6181102362204722
11
5.9407950393700784
21
-3.6188635433070866
0
LINE
8
BLACK
6
CONTINUOUS
10
5.9407950393700784
20
-3.6188635433070866
11
5.9397296850393699
21
-3.619928897637795
0
LINE
8
BLACK
6
CONTINUOUS
10
5.9397296850393699
20
-3.619928897637795
11
5.9389763779527556
21
-3.6200787401574801
0
LINE
8
BLACK
6
CONTINUOUS
10
5.9389763779527556
20
-3.6200787401574801
11
5.8917322834645667
21
-3.6200787401574801
0
LINE
8
BLACK
6
CONTINUOUS
10
5.8917322834645667
20
-3.6200787401574801
11
5.8909789763779523
21
-3.619928897637795
0
LINE
8
BLACK
6
CONTINUOUS
10
5.8909789763779523
20
-3.619928897637795
11
5.8899136220472439
21
-3.6188635433070866
0
LINE
8
BLACK
6
CONTINUOUS
10
5.8899136220472439
20
-3.6188635433070866
11
5.8897637795275593
21
-3.6181102362204722
0
LINE
8
BLACK
6
CONTINUOUS
10
5.8897637795275593
20
-3.6181102362204722
11
5.8897637795275593
21
-3.5393700787401574
0
LINE
8
BLACK
6
CONTINUOUS
10
5.8897637795275593
20
-3.5393700787401574
11
5.8899136220472439
21
-3.538616771653543
0
LINE
8
BLACK
6
CONTINUOUS
10
5.8899136220472439
20
-3.538616771653543
11
5.8909789763779523
21
-3.5375514173228346
0
LINE
8
BLACK
6
CONTINUOUS
10
5.8909789763779523
20
-3.5375514173228346
11
5.8917322834645667
21
-3.5374015748031495
0
LINE
8
BLACK
6
CONTINUOUS
10
5.8917322834645667
20
-3.5374015748031495
11
5.9389763779527556
21
-3.5374015748031495
0
LINE
8
BLACK
6
CONTINUOUS
10
5.9389763779527556
20
-3.5374015748031495
11
5.9397296850393699
21
-3.5375514173228346
0
LINE
8
BLACK
6
CONTINUOUS
10
5.893700787401575
20
-3.5413385826771653
11
5.893700787401575
21
-3.6161417322834644
0
LINE
8
BLACK
6
CONTINUOUS
10
5.893700787401575
20
-3.6161417322834644
11
5.9370078740157481
21
-3.6161417322834644
0
LINE
8
BLACK
6
CONTINUOUS
10
5.9370078740157481
20
-3.6161417322834644
11
5.9370078740157481
21
-3.5413385826771653
0
LINE
8
BLACK
6
CONTINUOUS
10
5.9370078740157481
20
-3.5413385826771653
11
5.893700787401575
21
-3.5413385826771653
0
LINE
8
BLACK
6
CONTINUOUS
10
5.7781705905511807
20
-3.516761220472441
11
5.7789852755905509
21
-3.5175759055118108
0
LINE
8
BLACK
6
CONTINUOUS
10
5.7789852755905509
20
-3.5175759055118108
11
5.7794261811023624
21
-3.51864031496063
0
LINE
8
BLACK
6
CONTINUOUS
10
5.7794261811023624
20
-3.51864031496063
11
5.7794261811023624
21
-3.519792401574803
0
LINE
8
BLACK
6
CONTINUOUS
10
5.7794261811023624
20
-3.519792401574803
11
5.7789852755905509
21
-3.5208568110236218
0
LINE
8
BLACK
6
CONTINUOUS
10
5.7789852755905509
20
-3.5208568110236218
11
5.7786180708661412
21
-3.5213042519685041
0
LINE
8
BLACK
6
CONTINUOUS
10
5.7786180708661412
20
-3.5213042519685041
11
5.7770821259842515
21
-3.5228401968503937
0
LINE
8
BLACK
6
CONTINUOUS
10
5.7770821259842515
20
-3.5228401968503937
11
5.7760818897637796
21
-3.5248406299212598
0
LINE
8
BLACK
6
CONTINUOUS
10
5.7760818897637796
20
-3.5248406299212598
11
5.7774411023622045
21
-3.5275590551181102
0
LINE
8
BLACK
6
CONTINUOUS
10
5.7774411023622045
20
-3.5275590551181102
11
5.784448818897638
21
-3.5275590551181102
0
LINE
8
BLACK
6
CONTINUOUS
10
5.784448818897638
20
-3.5275590551181102
11
5.7852021259842514
21
-3.5277088976377953
0
LINE
8
BLACK
6
CONTINUOUS
10
5.7852021259842514
20
-3.5277088976377953
11
5.7862674803149607
21
-3.5287742519685037
0
LINE
8
BLACK
6
CONTINUOUS
10
5.7862674803149607
20
-3.5287742519685037
11
5.7864173228346454
21
-3.5295275590551181
0
LINE
8
BLACK
6
CONTINUOUS
10
5.7864173228346454
20
-3.5295275590551181
11
5.7864173228346454
21
-3.6082677165354329
0
LINE
8
BLACK
6
CONTINUOUS
10
5.7864173228346454
20
-3.6082677165354329
11
5.7862674803149607
21
-3.6090210236220472
0
LINE
8
BLACK
6
CONTINUOUS
10
5.7862674803149607
20
-3.6090210236220472
11
5.7852021259842514
21
-3.6100863779527557
0
LINE
8
BLACK
6
CONTINUOUS
10
5.7852021259842514
20
-3.6100863779527557
11
5.784448818897638
21
-3.6102362204724407
0
LINE
8
BLACK
6
CONTINUOUS
10
5.784448818897638
20
-3.6102362204724407
11
5.7352362204724407
21
-3.6102362204724407
0
LINE
8
BLACK
6
CONTINUOUS
10
5.7352362204724407
20
-3.6102362204724407
11
5.7344829133858264
21
-3.6100863779527557
0
LINE
8
BLACK
6
CONTINUOUS
10
5.7344829133858264
20
-3.6100863779527557
11
5.733417559055118
21
-3.6090210236220472
0
LINE
8
BLACK
6
CONTINUOUS
10
5.733417559055118
20
-3.6090210236220472
11
5.7332677165354333
21
-3.6082677165354329
0
LINE
8
BLACK
6
CONTINUOUS
10
5.7332677165354333
20
-3.6082677165354329
11
5.7332677165354333
21
-3.5295275590551181
0
LINE
8
BLACK
6
CONTINUOUS
10
5.7332677165354333
20
-3.5295275590551181
11
5.733417559055118
21
-3.5287742519685037
0
LINE
8
BLACK
6
CONTINUOUS
10
5.733417559055118
20
-3.5287742519685037
11
5.7344829133858264
21
-3.5277088976377953
0
LINE
8
BLACK
6
CONTINUOUS
10
5.7344829133858264
20
-3.5277088976377953
11
5.7352362204724407
21
-3.5275590551181102
0
LINE
8
BLACK
6
CONTINUOUS
10
5.7352362204724407
20
-3.5275590551181102
11
5.7708385433070868
21
-3.5275590551181102
0
LINE
8
BLACK
6
CONTINUOUS
10
5.7708385433070868
20
-3.5275590551181102
11
5.7701396062992121
21
-3.5261611417322833
0
LINE
8
BLACK
6
CONTINUOUS
10
5.7701396062992121
20
-3.5261611417322833
11
5.7699327165354326
21
-3.5256205118110238
0
LINE
8
BLACK
6
CONTINUOUS
10
5.7699327165354326
20
-3.5256205118110238
11
5.7699177559055119
21
-3.5254100393700787
0
LINE
8
BLACK
6
CONTINUOUS
10
5.7699177559055119
20
-3.5254100393700787
11
5.7698510629921262
21
-3.5252099606299212
0
LINE
8
BLACK
6
CONTINUOUS
10
5.7698510629921262
20
-3.5252099606299212
11
5.7698772834645666
21
-3.5248406299212598
0
LINE
8
BLACK
6
CONTINUOUS
10
5.7698772834645666
20
-3.5248406299212598
11
5.7698510629921262
21
-3.5244712992125984
0
LINE
8
BLACK
6
CONTINUOUS
10
5.7698510629921262
20
-3.5244712992125984
11
5.7699177559055119
21
-3.5242711811023621
0
LINE
8
BLACK
6
CONTINUOUS
10
5.7699177559055119
20
-3.5242711811023621
11
5.7699327165354326
21
-3.5240607480314958
0
LINE
8
BLACK
6
CONTINUOUS
10
5.7699327165354326
20
-3.5240607480314958
11
5.7701396062992121
21
-3.5235201181102362
0
LINE
8
BLACK
6
CONTINUOUS
10
5.7701396062992121
20
-3.5235201181102362
11
5.7720143700787396
21
-3.5197705905511811
0
LINE
8
BLACK
6
CONTINUOUS
10
5.7720143700787396
20
-3.5197705905511811
11
5.7721704330708663
21
-3.519522559055118
0
LINE
8
BLACK
6
CONTINUOUS
10
5.7721704330708663
20
-3.519522559055118
11
5.772200275590551
21
-3.5194506299212596
0
LINE
8
BLACK
6
CONTINUOUS
10
5.772200275590551
20
-3.5194506299212596
11
5.7722667322834642
21
-3.5193696456692911
0
LINE
8
BLACK
6
CONTINUOUS
10
5.7722667322834642
20
-3.5193696456692911
11
5.7723227165354327
21
-3.5192807086614173
0
LINE
8
BLACK
6
CONTINUOUS
10
5.7723227165354327
20
-3.5192807086614173
11
5.7723816929133855
21
-3.5192295275590548
0
LINE
8
BLACK
6
CONTINUOUS
10
5.7723816929133855
20
-3.5192295275590548
11
5.7725674803149607
21
-3.5190031889763778
0
LINE
8
BLACK
6
CONTINUOUS
10
5.7725674803149607
20
-3.5190031889763778
11
5.7744422440944883
21
-3.5171284251968502
0
LINE
8
BLACK
6
CONTINUOUS
10
5.7744422440944883
20
-3.5171284251968502
11
5.7748896850393701
21
-3.516761220472441
0
LINE
8
BLACK
6
CONTINUOUS
10
5.7748896850393701
20
-3.516761220472441
11
5.7759540944881884
21
-3.5163203149606299
0
LINE
8
BLACK
6
CONTINUOUS
10
5.7759540944881884
20
-3.5163203149606299
11
5.7771061811023623
21
-3.5163203149606299
0
LINE
8
BLACK
6
CONTINUOUS
10
5.7771061811023623
20
-3.5163203149606299
11
5.7781705905511807
21
-3.516761220472441
0
LINE
8
BLACK
6
CONTINUOUS
10
5.7793536614173231
20
-3.5314960629921259
11
5.7793780708661417
21
-3.531559803149606
0
LINE
8
BLACK
6
CONTINUOUS
10
5.7793780708661417
20
-3.531559803149606
11
5.7793929921259846
21
-3.5317702755905511
0
LINE
8
BLACK
6
CONTINUOUS
10
5.7793929921259846
20
-3.5317702755905511
11
5.779459724409449
21
-3.5319703937007874
0
LINE
8
BLACK
6
CONTINUOUS
10
5.779459724409449
20
-3.5319703937007874
11
5.779433464566929
21
-3.53233968503937
0
LINE
8
BLACK
6
CONTINUOUS
10
5.779433464566929
20
-3.53233968503937
11
5.779459724409449
21
-3.5327090157480314
0
LINE
8
BLACK
6
CONTINUOUS
10
5.779459724409449
20
-3.5327090157480314
11
5.7793929921259846
21
-3.5329090944881889
0
LINE
8
BLACK
6
CONTINUOUS
10
5.7793929921259846
20
-3.5329090944881889
11
5.7793780708661417
21
-3.5331196062992127
0
LINE
8
BLACK
6
CONTINUOUS
10
5.7793780708661417
20
-3.5331196062992127
11
5.7791711811023623
21
-3.5336601968503936
0
LINE
8
BLACK
6
CONTINUOUS
10
5.7791711811023623
20
-3.5336601968503936
11
5.7772964173228347
21
-3.5374097244094487
0
LINE
8
BLACK
6
CONTINUOUS
10
5.7772964173228347
20
-3.5374097244094487
11
5.7771403149606302
21
-3.537657716535433
0
LINE
8
BLACK
6
CONTINUOUS
10
5.7771403149606302
20
-3.537657716535433
11
5.7771105118110233
21
-3.5377296850393698
0
LINE
8
BLACK
6
CONTINUOUS
10
5.7771105118110233
20
-3.5377296850393698
11
5.7770440157480314
21
-3.5378106299212599
0
LINE
8
BLACK
6
CONTINUOUS
10
5.7770440157480314
20
-3.5378106299212599
11
5.7769880708661416
21
-3.5378996062992125
0
LINE
8
BLACK
6
CONTINUOUS
10
5.7769880708661416
20
-3.5378996062992125
11
5.7769290551181101
21
-3.5379507480314958
0
LINE
8
BLACK
6
CONTINUOUS
10
5.7769290551181101
20
-3.5379507480314958
11
5.7767433070866137
21
-3.538177125984252
0
LINE
8
BLACK
6
CONTINUOUS
10
5.7767433070866137
20
-3.538177125984252
11
5.7748685433070861
21
-3.5400518897637796
0
LINE
8
BLACK
6
CONTINUOUS
10
5.7748685433070861
20
-3.5400518897637796
11
5.7744211023622043
21
-3.5404190944881888
0
LINE
8
BLACK
6
CONTINUOUS
10
5.7744211023622043
20
-3.5404190944881888
11
5.7733566535433072
21
-3.5408599999999999
0
LINE
8
BLACK
6
CONTINUOUS
10
5.7733566535433072
20
-3.5408599999999999
11
5.7722046062992121
21
-3.5408599999999999
0
LINE
8
BLACK
6
CONTINUOUS
10
5.7722046062992121
20
-3.5408599999999999
11
5.7711401574803149
21
-3.5404190944881888
0
LINE
8
BLACK
6
CONTINUOUS
10
5.7711401574803149
20
-3.5404190944881888
11
5.7703255118110235
21
-3.5396044488188974
0
LINE
8
BLACK
6
CONTINUOUS
10
5.7703255118110235
20
-3.5396044488188974
11
5.7698846062992128
21
-3.5385399999999998
0
LINE
8
BLACK
6
CONTINUOUS
10
5.7698846062992128
20
-3.5385399999999998
11
5.7698846062992128
21
-3.5373879527559056
0
LINE
8
BLACK
6
CONTINUOUS
10
5.7698846062992128
20
-3.5373879527559056
11
5.7703255118110235
21
-3.536323503937008
0
LINE
8
BLACK
6
CONTINUOUS
10
5.7703255118110235
20
-3.536323503937008
11
5.7706927165354331
21
-3.5358760629921258
0
LINE
8
BLACK
6
CONTINUOUS
10
5.7706927165354331
20
-3.5358760629921258
11
5.7722286614173228
21
-3.5343401181102361
0
LINE
8
BLACK
6
CONTINUOUS
10
5.7722286614173228
20
-3.5343401181102361
11
5.773228858267716
21
-3.53233968503937
0
LINE
8
BLACK
6
CONTINUOUS
10
5.773228858267716
20
-3.53233968503937
11
5.7728070472440942
21
-3.5314960629921259
0
LINE
8
BLACK
6
CONTINUOUS
10
5.7728070472440942
20
-3.5314960629921259
11
5.7372047244094491
21
-3.5314960629921259
0
LINE
8
BLACK
6
CONTINUOUS
10
5.7372047244094491
20
-3.5314960629921259
11
5.7372047244094491
21
-3.606299212598425
0
LINE
8
BLACK
6
CONTINUOUS
10
5.7372047244094491
20
-3.606299212598425
11
5.7824803149606296
21
-3.606299212598425
0
LINE
8
BLACK
6
CONTINUOUS
10
5.7824803149606296
20
-3.606299212598425
11
5.7824803149606296
21
-3.5314960629921259
0
LINE
8
BLACK
6
CONTINUOUS
10
5.7824803149606296
20
-3.5314960629921259
11
5.7793536614173231
21
-3.5314960629921259
0
LINE
8
BLACK
6
CONTINUOUS
10
5.5794934645669292
20
-3.5424726771653541
11
5.5805588188976376
21
-3.5435380314960629
0
LINE
8
BLACK
6
CONTINUOUS
10
5.5805588188976376
20
-3.5435380314960629
11
5.5807086614173231
21
-3.5442913385826769
0
LINE
8
BLACK
6
CONTINUOUS
10
5.5807086614173231
20
-3.5442913385826769
11
5.5807086614173231
21
-3.6072834645669292
0
LINE
8
BLACK
6
CONTINUOUS
10
5.5807086614173231
20
-3.6072834645669292
11
5.5805588188976376
21
-3.6080367716535431
0
LINE
8
BLACK
6
CONTINUOUS
10
5.5805588188976376
20
-3.6080367716535431
11
5.5794934645669292
21
-3.609102125984252
0
LINE
8
BLACK
6
CONTINUOUS
10
5.5794934645669292
20
-3.609102125984252
11
5.5787401574803148
21
-3.609251968503937
0
LINE
8
BLACK
6
CONTINUOUS
10
5.5787401574803148
20
-3.609251968503937
11
5.5472440944881889
21
-3.609251968503937
0
LINE
8
BLACK
6
CONTINUOUS
10
5.5472440944881889
20
-3.609251968503937
11
5.5464907874015745
21
-3.609102125984252
0
LINE
8
BLACK
6
CONTINUOUS
10
5.5464907874015745
20
-3.609102125984252
11
5.5454254330708661
21
-3.6080367716535431
0
LINE
8
BLACK
6
CONTINUOUS
10
5.5454254330708661
20
-3.6080367716535431
11
5.5452755905511806
21
-3.6072834645669292
0
LINE
8
BLACK
6
CONTINUOUS
10
5.5452755905511806
20
-3.6072834645669292
11
5.5452755905511806
21
-3.5442913385826769
0
LINE
8
BLACK
6
CONTINUOUS
10
5.5452755905511806
20
-3.5442913385826769
11
5.5454254330708661
21
-3.5435380314960629
0
LINE
8
BLACK
6
CONTINUOUS
10
5.5454254330708661
20
-3.5435380314960629
11
5.5464907874015745
21
-3.5424726771653541
0
LINE
8
BLACK
6
CONTINUOUS
10
5.5464907874015745
20
-3.5424726771653541
11
5.5472440944881889
21
-3.542322834645669
0
LINE
8
BLACK
6
CONTINUOUS
10
5.5472440944881889
20
-3.542322834645669
11
5.5787401574803148
21
-3.542322834645669
0
LINE
8
BLACK
6
CONTINUOUS
10
5.5787401574803148
20
-3.542322834645669
11
5.5794934645669292
21
-3.5424726771653541
0
LINE
8
BLACK
6
CONTINUOUS
10
5.5492125984251963
20
-3.5462598425196852
11
5.5492125984251963
21
-3.6053149606299213
0
LINE
8
BLACK
6
CONTINUOUS
10
5.5492125984251963
20
-3.6053149606299213
11
5.5767716535433074
21
-3.6053149606299213
0
LINE
8
BLACK
6
CONTINUOUS
10
5.5767716535433074
20
-3.6053149606299213
11
5.5767716535433074
21
-3.5462598425196852
0
LINE
8
BLACK
6
CONTINUOUS
10
5.5767716535433074
20
-3.5462598425196852
11
5.5492125984251963
21
-3.5462598425196852
0
LINE
8
BLACK
6
CONTINUOUS
10
5.642485590551181
20
-3.5336144094488189
11
5.6435509448818895
21
-3.5346797637795273
0
LINE
8
BLACK
6
CONTINUOUS
10
5.6435509448818895
20
-3.5346797637795273
11
5.643700787401575
21
-3.5354330708661417
0
LINE
8
BLACK
6
CONTINUOUS
10
5.643700787401575
20
-3.5354330708661417
11
5.643700787401575
21
-3.5984251968503935
0
LINE
8
BLACK
6
CONTINUOUS
10
5.643700787401575
20
-3.5984251968503935
11
5.6435509448818895
21
-3.5991785039370079
0
LINE
8
BLACK
6
CONTINUOUS
10
5.6435509448818895
20
-3.5991785039370079
11
5.642485590551181
21
-3.6002438582677163
0
LINE
8
BLACK
6
CONTINUOUS
10
5.642485590551181
20
-3.6002438582677163
11
5.6417322834645667
21
-3.6003937007874014
0
LINE
8
BLACK
6
CONTINUOUS
10
5.6417322834645667
20
-3.6003937007874014
11
5.6102362204724407
21
-3.6003937007874014
0
LINE
8
BLACK
6
CONTINUOUS
10
5.6102362204724407
20
-3.6003937007874014
11
5.6094829133858264
21
-3.6002438582677163
0
LINE
8
BLACK
6
CONTINUOUS
10
5.6094829133858264
20
-3.6002438582677163
11
5.608417559055118
21
-3.5991785039370079
0
LINE
8
BLACK
6
CONTINUOUS
10
5.608417559055118
20
-3.5991785039370079
11
5.6082677165354333
21
-3.5984251968503935
0
LINE
8
BLACK
6
CONTINUOUS
10
5.6082677165354333
20
-3.5984251968503935
11
5.6082677165354333
21
-3.5354330708661417
0
LINE
8
BLACK
6
CONTINUOUS
10
5.6082677165354333
20
-3.5354330708661417
11
5.608417559055118
21
-3.5346797637795273
0
LINE
8
BLACK
6
CONTINUOUS
10
5.608417559055118
20
-3.5346797637795273
11
5.6094829133858264
21
-3.5336144094488189
0
LINE
8
BLACK
6
CONTINUOUS
10
5.6094829133858264
20
-3.5336144094488189
11
5.6102362204724407
21
-3.5334645669291338
0
LINE
8
BLACK
6
CONTINUOUS
10
5.6102362204724407
20
-3.5334645669291338
11
5.6417322834645667
21
-3.5334645669291338
0
LINE
8
BLACK
6
CONTINUOUS
10
5.6417322834645667
20
-3.5334645669291338
11
5.642485590551181
21
-3.5336144094488189
0
LINE
8
BLACK
6
CONTINUOUS
10
5.6122047244094491
20
-3.5374015748031495
11
5.6122047244094491
21
-3.5964566929133857
0
LINE
8
BLACK
6
CONTINUOUS
10
5.6122047244094491
20
-3.5964566929133857
11
5.6397637795275593
21
-3.5964566929133857
0
LINE
8
BLACK
6
CONTINUOUS
10
5.6397637795275593
20
-3.5964566929133857
11
5.6397637795275593
21
-3.5374015748031495
0
LINE
8
BLACK
6
CONTINUOUS
10
5.6397637795275593
20
-3.5374015748031495
11
5.6122047244094491
21
-3.5374015748031495
0
LINE
8
BLACK
6
CONTINUOUS
10
5.7054777165354329
20
-3.5336144094488189
11
5.7065430708661413
21
-3.5346797637795273
0
LINE
8
BLACK
6
CONTINUOUS
10
5.7065430708661413
20
-3.5346797637795273
11
5.7066929133858268
21
-3.5354330708661417
0
LINE
8
BLACK
6
CONTINUOUS
10
5.7066929133858268
20
-3.5354330708661417
11
5.7066929133858268
21
-3.5984251968503935
0
LINE
8
BLACK
6
CONTINUOUS
10
5.7066929133858268
20
-3.5984251968503935
11
5.7065430708661413
21
-3.5991785039370079
0
LINE
8
BLACK
6
CONTINUOUS
10
5.7065430708661413
20
-3.5991785039370079
11
5.7054777165354329
21
-3.6002438582677163
0
LINE
8
BLACK
6
CONTINUOUS
10
5.7054777165354329
20
-3.6002438582677163
11
5.7047244094488185
21
-3.6003937007874014
0
LINE
8
BLACK
6
CONTINUOUS
10
5.7047244094488185
20
-3.6003937007874014
11
5.6732283464566926
21
-3.6003937007874014
0
LINE
8
BLACK
6
CONTINUOUS
10
5.6732283464566926
20
-3.6003937007874014
11
5.6724750393700782
21
-3.6002438582677163
0
LINE
8
BLACK
6
CONTINUOUS
10
5.6724750393700782
20
-3.6002438582677163
11
5.6714096850393698
21
-3.5991785039370079
0
LINE
8
BLACK
6
CONTINUOUS
10
5.6714096850393698
20
-3.5991785039370079
11
5.6712598425196852
21
-3.5984251968503935
0
LINE
8
BLACK
6
CONTINUOUS
10
5.6712598425196852
20
-3.5984251968503935
11
5.6712598425196852
21
-3.5354330708661417
0
LINE
8
BLACK
6
CONTINUOUS
10
5.6712598425196852
20
-3.5354330708661417
11
5.6714096850393698
21
-3.5346797637795273
0
LINE
8
BLACK
6
CONTINUOUS
10
5.6714096850393698
20
-3.5346797637795273
11
5.6724750393700782
21
-3.5336144094488189
0
LINE
8
BLACK
6
CONTINUOUS
10
5.6724750393700782
20
-3.5336144094488189
11
5.6732283464566926
21
-3.5334645669291338
0
LINE
8
BLACK
6
CONTINUOUS
10
5.6732283464566926
20
-3.5334645669291338
11
5.7047244094488185
21
-3.5334645669291338
0
LINE
8
BLACK
6
CONTINUOUS
10
5.7047244094488185
20
-3.5334645669291338
11
5.7054777165354329
21
-3.5336144094488189
0
LINE
8
BLACK
6
CONTINUOUS
10
5.6751968503937009
20
-3.5374015748031495
11
5.6751968503937009
21
-3.5964566929133857
0
LINE
8
BLACK
6
CONTINUOUS
10
5.6751968503937009
20
-3.5964566929133857
11
5.7027559055118111
21
-3.5964566929133857
0
LINE
8
BLACK
6
CONTINUOUS
10
5.7027559055118111
20
-3.5964566929133857
11
5.7027559055118111
21
-3.5374015748031495
0
LINE
8
BLACK
6
CONTINUOUS
10
5.7027559055118111
20
-3.5374015748031495
11
5.6751968503937009
21
-3.5374015748031495
0
LINE
8
BLACK
6
CONTINUOUS
10
6.1345918897637794
20
-3.5403073228346456
11
6.1356572440944879
21
-3.5413726771653544
0
LINE
8
BLACK
6
CONTINUOUS
10
6.1356572440944879
20
-3.5413726771653544
11
6.1358070866141734
21
-3.5421259842519683
0
LINE
8
BLACK
6
CONTINUOUS
10
6.1358070866141734
20
-3.5421259842519683
11
6.1358070866141734
21
-3.5893700787401572
0
LINE
8
BLACK
6
CONTINUOUS
10
6.1358070866141734
20
-3.5893700787401572
11
6.1356572440944879
21
-3.5901233858267716
0
LINE
8
BLACK
6
CONTINUOUS
10
6.1356572440944879
20
-3.5901233858267716
11
6.1345918897637794
21
-3.59118874015748
0
LINE
8
BLACK
6
CONTINUOUS
10
6.1345918897637794
20
-3.59118874015748
11
6.1338385826771651
21
-3.5913385826771651
0
LINE
8
BLACK
6
CONTINUOUS
10
6.1338385826771651
20
-3.5913385826771651
11
6.0550984251968503
21
-3.5913385826771651
0
LINE
8
BLACK
6
CONTINUOUS
10
6.0550984251968503
20
-3.5913385826771651
11
6.0543451181102359
21
-3.59118874015748
0
LINE
8
BLACK
6
CONTINUOUS
10
6.0543451181102359
20
-3.59118874015748
11
6.0532797637795275
21
-3.5901233858267716
0
LINE
8
BLACK
6
CONTINUOUS
10
6.0532797637795275
20
-3.5901233858267716
11
6.053129921259842
21
-3.5893700787401572
0
LINE
8
BLACK
6
CONTINUOUS
10
6.053129921259842
20
-3.5893700787401572
11
6.053129921259842
21
-3.5421259842519683
0
LINE
8
BLACK
6
CONTINUOUS
10
6.053129921259842
20
-3.5421259842519683
11
6.0532797637795275
21
-3.5413726771653544
0
LINE
8
BLACK
6
CONTINUOUS
10
6.0532797637795275
20
-3.5413726771653544
11
6.0543451181102359
21
-3.5403073228346456
0
LINE
8
BLACK
6
CONTINUOUS
10
6.0543451181102359
20
-3.5403073228346456
11
6.0550984251968503
21
-3.5401574803149605
0
LINE
8
BLACK
6
CONTINUOUS
10
6.0550984251968503
20
-3.5401574803149605
11
6.1338385826771651
21
-3.5401574803149605
0
LINE
8
BLACK
6
CONTINUOUS
10
6.1338385826771651
20
-3.5401574803149605
11
6.1345918897637794
21
-3.5403073228346456
0
LINE
8
BLACK
6
CONTINUOUS
10
6.0570669291338577
20
-3.5440944881889762
11
6.0570669291338577
21
-3.5874015748031494
0
LINE
8
BLACK
6
CONTINUOUS
10
6.0570669291338577
20
-3.5874015748031494
11
6.1318700787401577
21
-3.5874015748031494
0
LINE
8
BLACK
6
CONTINUOUS
10
6.1318700787401577
20
-3.5874015748031494
11
6.1318700787401577
21
-3.5440944881889762
0
LINE
8
BLACK
6
CONTINUOUS
10
6.1318700787401577
20
-3.5440944881889762
11
6.0570669291338577
21
-3.5440944881889762
0
LINE
8
BLACK
6
CONTINUOUS
10
6.4215407086614169
20
-3.491212834645669
11
6.4221793307086612
21
-3.4916395669291336
0
LINE
8
BLACK
6
CONTINUOUS
10
6.4221793307086612
20
-3.4916395669291336
11
6.4418643700787399
21
-3.5113246062992127
0
LINE
8
BLACK
6
CONTINUOUS
10
6.4418643700787399
20
-3.5113246062992127
11
6.4422911023622049
21
-3.5119632283464566
0
LINE
8
BLACK
6
CONTINUOUS
10
6.4422911023622049
20
-3.5119632283464566
11
6.4424409448818896
21
-3.5127165354330709
0
LINE
8
BLACK
6
CONTINUOUS
10
6.4424409448818896
20
-3.5127165354330709
11
6.4424409448818896
21
-3.5796456692913385
0
LINE
8
BLACK
6
CONTINUOUS
10
6.4424409448818896
20
-3.5796456692913385
11
6.4422911023622049
21
-3.5803989763779525
0
LINE
8
BLACK
6
CONTINUOUS
10
6.4422911023622049
20
-3.5803989763779525
11
6.4412257480314956
21
-3.5814643307086613
0
LINE
8
BLACK
6
CONTINUOUS
10
6.4412257480314956
20
-3.5814643307086613
11
6.4404724409448821
21
-3.5816141732283464
0
LINE
8
BLACK
6
CONTINUOUS
10
6.4404724409448821
20
-3.5816141732283464
11
6.3873228346456692
21
-3.5816141732283464
0
LINE
8
BLACK
6
CONTINUOUS
10
6.3873228346456692
20
-3.5816141732283464
11
6.3865695275590548
21
-3.5814643307086613
0
LINE
8
BLACK
6
CONTINUOUS
10
6.3865695275590548
20
-3.5814643307086613
11
6.3855041732283464
21
-3.5803989763779525
0
LINE
8
BLACK
6
CONTINUOUS
10
6.3855041732283464
20
-3.5803989763779525
11
6.3853543307086609
21
-3.5796456692913385
0
LINE
8
BLACK
6
CONTINUOUS
10
6.3853543307086609
20
-3.5796456692913385
11
6.3853543307086609
21
-3.4930314960629922
0
LINE
8
BLACK
6
CONTINUOUS
10
6.3853543307086609
20
-3.4930314960629922
11
6.3855041732283464
21
-3.4922781889763779
0
LINE
8
BLACK
6
CONTINUOUS
10
6.3855041732283464
20
-3.4922781889763779
11
6.3865695275590548
21
-3.491212834645669
0
LINE
8
BLACK
6
CONTINUOUS
10
6.3865695275590548
20
-3.491212834645669
11
6.3873228346456692
21
-3.4910629921259844
0
LINE
8
BLACK
6
CONTINUOUS
10
6.3873228346456692
20
-3.4910629921259844
11
6.4207874015748034
21
-3.4910629921259844
0
LINE
8
BLACK
6
CONTINUOUS
10
6.4207874015748034
20
-3.4910629921259844
11
6.4215407086614169
21
-3.491212834645669
0
LINE
8
BLACK
6
CONTINUOUS
10
6.3892913385826766
20
-3.4950000000000001
11
6.3892913385826766
21
-3.5776771653543307
0
LINE
8
BLACK
6
CONTINUOUS
10
6.3892913385826766
20
-3.5776771653543307
11
6.4385039370078738
21
-3.5776771653543307
0
LINE
8
BLACK
6
CONTINUOUS
10
6.4385039370078738
20
-3.5776771653543307
11
6.4385039370078738
21
-3.5135318897637795
0
LINE
8
BLACK
6
CONTINUOUS
10
6.4385039370078738
20
-3.5135318897637795
11
6.4199720472440944
21
-3.4950000000000001
0
LINE
8
BLACK
6
CONTINUOUS
10
6.4199720472440944
20
-3.4950000000000001
11
6.3892913385826766
21
-3.4950000000000001
0
LINE
8
BLACK
6
CONTINUOUS
10
5.8639422834645671
20
-3.4883388188976379
11
5.8650076377952756
21
-3.4894041732283463
0
LINE
8
BLACK
6
CONTINUOUS
10
5.8650076377952756
20
-3.4894041732283463
11
5.8651574803149602
21
-3.4901574803149606
0
LINE
8
BLACK
6
CONTINUOUS
10
5.8651574803149602
20
-3.4901574803149606
11
5.8651574803149602
21
-3.5688976377952755
0
LINE
8
BLACK
6
CONTINUOUS
10
5.8651574803149602
20
-3.5688976377952755
11
5.8650076377952756
21
-3.5696509448818898
0
LINE
8
BLACK
6
CONTINUOUS
10
5.8650076377952756
20
-3.5696509448818898
11
5.8639422834645671
21
-3.5707162992125983
0
LINE
8
BLACK
6
CONTINUOUS
10
5.8639422834645671
20
-3.5707162992125983
11
5.8631889763779528
21
-3.5708661417322833
0
LINE
8
BLACK
6
CONTINUOUS
10
5.8631889763779528
20
-3.5708661417322833
11
5.8139763779527556
21
-3.5708661417322833
0
LINE
8
BLACK
6
CONTINUOUS
10
5.8139763779527556
20
-3.5708661417322833
11
5.8132230708661412
21
-3.5707162992125983
0
LINE
8
BLACK
6
CONTINUOUS
10
5.8132230708661412
20
-3.5707162992125983
11
5.8121577165354328
21
-3.5696509448818898
0
LINE
8
BLACK
6
CONTINUOUS
10
5.8121577165354328
20
-3.5696509448818898
11
5.8120078740157481
21
-3.5688976377952755
0
LINE
8
BLACK
6
CONTINUOUS
10
5.8120078740157481
20
-3.5688976377952755
11
5.8120078740157481
21
-3.4901574803149606
0
LINE
8
BLACK
6
CONTINUOUS
10
5.8120078740157481
20
-3.4901574803149606
11
5.8121577165354328
21
-3.4894041732283463
0
LINE
8
BLACK
6
CONTINUOUS
10
5.8121577165354328
20
-3.4894041732283463
11
5.8132230708661412
21
-3.4883388188976379
0
LINE
8
BLACK
6
CONTINUOUS
10
5.8132230708661412
20
-3.4883388188976379
11
5.8139763779527556
21
-3.4881889763779528
0
LINE
8
BLACK
6
CONTINUOUS
10
5.8139763779527556
20
-3.4881889763779528
11
5.8631889763779528
21
-3.4881889763779528
0
LINE
8
BLACK
6
CONTINUOUS
10
5.8631889763779528
20
-3.4881889763779528
11
5.8639422834645671
21
-3.4883388188976379
0
LINE
8
BLACK
6
CONTINUOUS
10
5.8159448818897639
20
-3.4921259842519685
11
5.8159448818897639
21
-3.5669291338582676
0
LINE
8
BLACK
6
CONTINUOUS
10
5.8159448818897639
20
-3.5669291338582676
11
5.8612204724409445
21
-3.5669291338582676
0
LINE
8
BLACK
6
CONTINUOUS
10
5.8612204724409445
20
-3.5669291338582676
11
5.8612204724409445
21
-3.4921259842519685
0
LINE
8
BLACK
6
CONTINUOUS
10
5.8612204724409445
20
-3.4921259842519685
11
5.8159448818897639
21
-3.4921259842519685
0
LINE
8
BLACK
6
CONTINUOUS
10
5.3151233858267712
20
-3.5175750393700786
11
5.3161887401574806
21
-3.5186403937007875
0
LINE
8
BLACK
6
CONTINUOUS
10
5.3161887401574806
20
-3.5186403937007875
11
5.3163385826771652
21
-3.5193937007874014
0
LINE
8
BLACK
6
CONTINUOUS
10
5.3163385826771652
20
-3.5193937007874014
11
5.3163385826771652
21
-3.5686062992125982
0
LINE
8
BLACK
6
CONTINUOUS
10
5.3163385826771652
20
-3.5686062992125982
11
5.3161887401574806
21
-3.5693596062992126
0
LINE
8
BLACK
6
CONTINUOUS
10
5.3161887401574806
20
-3.5693596062992126
11
5.3151233858267712
21
-3.570424960629921
0
LINE
8
BLACK
6
CONTINUOUS
10
5.3151233858267712
20
-3.570424960629921
11
5.3143700787401578
21
-3.5705748031496061
0
LINE
8
BLACK
6
CONTINUOUS
10
5.3143700787401578
20
-3.5705748031496061
11
5.2356299212598421
21
-3.5705748031496061
0
LINE
8
BLACK
6
CONTINUOUS
10
5.2356299212598421
20
-3.5705748031496061
11
5.2348766141732286
21
-3.570424960629921
0
LINE
8
BLACK
6
CONTINUOUS
10
5.2348766141732286
20
-3.570424960629921
11
5.2338112598425193
21
-3.5693596062992126
0
LINE
8
BLACK
6
CONTINUOUS
10
5.2338112598425193
20
-3.5693596062992126
11
5.2336614173228346
21
-3.5686062992125982
0
LINE
8
BLACK
6
CONTINUOUS
10
5.2336614173228346
20
-3.5686062992125982
11
5.2336614173228346
21
-3.5193937007874014
0
LINE
8
BLACK
6
CONTINUOUS
10
5.2336614173228346
20
-3.5193937007874014
11
5.2338112598425193
21
-3.5186403937007875
0
LINE
8
BLACK
6
CONTINUOUS
10
5.2338112598425193
20
-3.5186403937007875
11
5.2348766141732286
21
-3.5175750393700786
0
LINE
8
BLACK
6
CONTINUOUS
10
5.2348766141732286
20
-3.5175750393700786
11
5.2356299212598421
21
-3.5174251968503936
0
LINE
8
BLACK
6
CONTINUOUS
10
5.2356299212598421
20
-3.5174251968503936
11
5.3143700787401578
21
-3.5174251968503936
0
LINE
8
BLACK
6
CONTINUOUS
10
5.3143700787401578
20
-3.5174251968503936
11
5.3151233858267712
21
-3.5175750393700786
0
LINE
8
BLACK
6
CONTINUOUS
10
5.2375984251968504
20
-3.5213622047244093
11
5.2375984251968504
21
-3.5666377952755903
0
LINE
8
BLACK
6
CONTINUOUS
10
5.2375984251968504
20
-3.5666377952755903
11
5.3124015748031495
21
-3.5666377952755903
0
LINE
8
BLACK
6
CONTINUOUS
10
5.3124015748031495
20
-3.5666377952755903
11
5.3124015748031495
21
-3.5213622047244093
0
LINE
8
BLACK
6
CONTINUOUS
10
5.3124015748031495
20
-3.5213622047244093
11
5.2375984251968504
21
-3.5213622047244093
0
LINE
8
BLACK
6
CONTINUOUS
10
6.3128005511811018
20
-3.4494333070866139
11
6.3138659055118111
21
-3.4504986614173228
0
LINE
8
BLACK
6
CONTINUOUS
10
6.3138659055118111
20
-3.4504986614173228
11
6.3140157480314958
21
-3.4512519685039371
0
LINE
8
BLACK
6
CONTINUOUS
10
6.3140157480314958
20
-3.4512519685039371
11
6.3140157480314958
21
-3.514244094488189
0
LINE
8
BLACK
6
CONTINUOUS
10
6.3140157480314958
20
-3.514244094488189
11
6.3138659055118111
21
-3.5149974015748029
0
LINE
8
BLACK
6
CONTINUOUS
10
6.3138659055118111
20
-3.5149974015748029
11
6.3128005511811018
21
-3.5160627559055118
0
LINE
8
BLACK
6
CONTINUOUS
10
6.3128005511811018
20
-3.5160627559055118
11
6.3120472440944884
21
-3.5162125984251968
0
LINE
8
BLACK
6
CONTINUOUS
10
6.3120472440944884
20
-3.5162125984251968
11
6.2805511811023624
21
-3.5162125984251968
0
LINE
8
BLACK
6
CONTINUOUS
10
6.2805511811023624
20
-3.5162125984251968
11
6.2797978740157481
21
-3.5160627559055118
0
LINE
8
BLACK
6
CONTINUOUS
10
6.2797978740157481
20
-3.5160627559055118
11
6.2787325196850396
21
-3.5149974015748029
0
LINE
8
BLACK
6
CONTINUOUS
10
6.2787325196850396
20
-3.5149974015748029
11
6.2785826771653541
21
-3.514244094488189
0
LINE
8
BLACK
6
CONTINUOUS
10
6.2785826771653541
20
-3.514244094488189
11
6.2785826771653541
21
-3.4512519685039371
0
LINE
8
BLACK
6
CONTINUOUS
10
6.2785826771653541
20
-3.4512519685039371
11
6.2787325196850396
21
-3.4504986614173228
0
LINE
8
BLACK
6
CONTINUOUS
10
6.2787325196850396
20
-3.4504986614173228
11
6.2797978740157481
21
-3.4494333070866139
0
LINE
8
BLACK
6
CONTINUOUS
10
6.2797978740157481
20
-3.4494333070866139
11
6.2805511811023624
21
-3.4492834645669292
0
LINE
8
BLACK
6
CONTINUOUS
10
6.2805511811023624
20
-3.4492834645669292
11
6.3120472440944884
21
-3.4492834645669292
0
LINE
8
BLACK
6
CONTINUOUS
10
6.3120472440944884
20
-3.4492834645669292
11
6.3128005511811018
21
-3.4494333070866139
0
LINE
8
BLACK
6
CONTINUOUS
10
6.2825196850393699
20
-3.453220472440945
11
6.2825196850393699
21
-3.5122755905511811
0
LINE
8
BLACK
6
CONTINUOUS
10
6.2825196850393699
20
-3.5122755905511811
11
6.31007874015748
21
-3.5122755905511811
0
LINE
8
BLACK
6
CONTINUOUS
10
6.31007874015748
20
-3.5122755905511811
11
6.31007874015748
21
-3.453220472440945
0
LINE
8
BLACK
6
CONTINUOUS
10
6.31007874015748
20
-3.453220472440945
11
6.2825196850393699
21
-3.453220472440945
0
LINE
8
BLACK
6
CONTINUOUS
10
6.2080367716535427
20
-3.4781813385826772
11
6.209102125984252
21
-3.4792466929133856
0
LINE
8
BLACK
6
CONTINUOUS
10
6.209102125984252
20
-3.4792466929133856
11
6.2092519685039367
21
-3.48
0
LINE
8
BLACK
6
CONTINUOUS
10
6.2092519685039367
20
-3.48
11
6.2092519685039367
21
-3.5114960629921259
0
LINE
8
BLACK
6
CONTINUOUS
10
6.2092519685039367
20
-3.5114960629921259
11
6.209102125984252
21
-3.5122493700787403
0
LINE
8
BLACK
6
CONTINUOUS
10
6.209102125984252
20
-3.5122493700787403
11
6.2080367716535427
21
-3.5133147244094487
0
LINE
8
BLACK
6
CONTINUOUS
10
6.2080367716535427
20
-3.5133147244094487
11
6.2072834645669293
21
-3.5134645669291338
0
LINE
8
BLACK
6
CONTINUOUS
10
6.2072834645669293
20
-3.5134645669291338
11
6.1442913385826774
21
-3.5134645669291338
0
LINE
8
BLACK
6
CONTINUOUS
10
6.1442913385826774
20
-3.5134645669291338
11
6.143538031496063
21
-3.5133147244094487
0
LINE
8
BLACK
6
CONTINUOUS
10
6.143538031496063
20
-3.5133147244094487
11
6.1424726771653546
21
-3.5122493700787403
0
LINE
8
BLACK
6
CONTINUOUS
10
6.1424726771653546
20
-3.5122493700787403
11
6.1423228346456691
21
-3.5114960629921259
0
LINE
8
BLACK
6
CONTINUOUS
10
6.1423228346456691
20
-3.5114960629921259
11
6.1423228346456691
21
-3.48
0
LINE
8
BLACK
6
CONTINUOUS
10
6.1423228346456691
20
-3.48
11
6.1424726771653546
21
-3.4792466929133856
0
LINE
8
BLACK
6
CONTINUOUS
10
6.1424726771653546
20
-3.4792466929133856
11
6.143538031496063
21
-3.4781813385826772
0
LINE
8
BLACK
6
CONTINUOUS
10
6.143538031496063
20
-3.4781813385826772
11
6.1442913385826774
21
-3.4780314960629921
0
LINE
8
BLACK
6
CONTINUOUS
10
6.1442913385826774
20
-3.4780314960629921
11
6.2072834645669293
21
-3.4780314960629921
0
LINE
8
BLACK
6
CONTINUOUS
10
6.2072834645669293
20
-3.4780314960629921
11
6.2080367716535427
21
-3.4781813385826772
0
LINE
8
BLACK
6
CONTINUOUS
10
6.1462598425196848
20
-3.4819685039370079
11
6.1462598425196848
21
-3.509527559055118
0
LINE
8
BLACK
6
CONTINUOUS
10
6.1462598425196848
20
-3.509527559055118
11
6.2053149606299209
21
-3.509527559055118
0
LINE
8
BLACK
6
CONTINUOUS
10
6.2053149606299209
20
-3.509527559055118
11
6.2053149606299209
21
-3.4819685039370079
0
LINE
8
BLACK
6
CONTINUOUS
10
6.2053149606299209
20
-3.4819685039370079
11
6.1462598425196848
21
-3.4819685039370079
0
LINE
8
BLACK
6
CONTINUOUS
10
6.0678005511811026
20
-3.4274333070866141
11
6.068865905511811
21
-3.428498661417323
0
LINE
8
BLACK
6
CONTINUOUS
10
6.068865905511811
20
-3.428498661417323
11
6.0690157480314957
21
-3.4292519685039369
0
LINE
8
BLACK
6
CONTINUOUS
10
6.0690157480314957
20
-3.4292519685039369
11
6.0690157480314957
21
-3.4922440944881887
0
LINE
8
BLACK
6
CONTINUOUS
10
6.0690157480314957
20
-3.4922440944881887
11
6.068865905511811
21
-3.4929974015748031
0
LINE
8
BLACK
6
CONTINUOUS
10
6.068865905511811
20
-3.4929974015748031
11
6.0678005511811026
21
-3.4940627559055115
0
LINE
8
BLACK
6
CONTINUOUS
10
6.0678005511811026
20
-3.4940627559055115
11
6.0670472440944883
21
-3.4942125984251966
0
LINE
8
BLACK
6
CONTINUOUS
10
6.0670472440944883
20
-3.4942125984251966
11
6.0355511811023623
21
-3.4942125984251966
0
LINE
8
BLACK
6
CONTINUOUS
10
6.0355511811023623
20
-3.4942125984251966
11
6.034797874015748
21
-3.4940627559055115
0
LINE
8
BLACK
6
CONTINUOUS
10
6.034797874015748
20
-3.4940627559055115
11
6.0337325196850395
21
-3.4929974015748031
0
LINE
8
BLACK
6
CONTINUOUS
10
6.0337325196850395
20
-3.4929974015748031
11
6.033582677165354
21
-3.4922440944881887
0
LINE
8
BLACK
6
CONTINUOUS
10
6.033582677165354
20
-3.4922440944881887
11
6.033582677165354
21
-3.4292519685039369
0
LINE
8
BLACK
6
CONTINUOUS
10
6.033582677165354
20
-3.4292519685039369
11
6.0337325196850395
21
-3.428498661417323
0
LINE
8
BLACK
6
CONTINUOUS
10
6.0337325196850395
20
-3.428498661417323
11
6.034797874015748
21
-3.4274333070866141
0
LINE
8
BLACK
6
CONTINUOUS
10
6.034797874015748
20
-3.4274333070866141
11
6.0355511811023623
21
-3.427283464566929
0
LINE
8
BLACK
6
CONTINUOUS
10
6.0355511811023623
20
-3.427283464566929
11
6.0670472440944883
21
-3.427283464566929
0
LINE
8
BLACK
6
CONTINUOUS
10
6.0670472440944883
20
-3.427283464566929
11
6.0678005511811026
21
-3.4274333070866141
0
LINE
8
BLACK
6
CONTINUOUS
10
6.0375196850393698
20
-3.4312204724409447
11
6.0375196850393698
21
-3.4902755905511809
0
LINE
8
BLACK
6
CONTINUOUS
10
6.0375196850393698
20
-3.4902755905511809
11
6.0650787401574799
21
-3.4902755905511809
0
LINE
8
BLACK
6
CONTINUOUS
10
6.0650787401574799
20
-3.4902755905511809
11
6.0650787401574799
21
-3.4312204724409447
0
LINE
8
BLACK
6
CONTINUOUS
10
6.0650787401574799
20
-3.4312204724409447
11
6.0375196850393698
21
-3.4312204724409447
0
LINE
8
BLACK
6
CONTINUOUS
10
5.3030367716535434
20
-3.4531813385826773
11
5.3041021259842518
21
-3.4542466929133857
0
LINE
8
BLACK
6
CONTINUOUS
10
5.3041021259842518
20
-3.4542466929133857
11
5.3042519685039373
21
-3.4550000000000001
0
LINE
8
BLACK
6
CONTINUOUS
10
5.3042519685039373
20
-3.4550000000000001
11
5.3042519685039373
21
-3.486496062992126
0
LINE
8
BLACK
6
CONTINUOUS
10
5.3042519685039373
20
-3.486496062992126
11
5.3041021259842518
21
-3.4872493700787399
0
LINE
8
BLACK
6
CONTINUOUS
10
5.3041021259842518
20
-3.4872493700787399
11
5.3030367716535434
21
-3.4883147244094488
0
LINE
8
BLACK
6
CONTINUOUS
10
5.3030367716535434
20
-3.4883147244094488
11
5.302283464566929
21
-3.4884645669291339
0
LINE
8
BLACK
6
CONTINUOUS
10
5.302283464566929
20
-3.4884645669291339
11
5.2392913385826771
21
-3.4884645669291339
0
LINE
8
BLACK
6
CONTINUOUS
10
5.2392913385826771
20
-3.4884645669291339
11
5.2385380314960628
21
-3.4883147244094488
0
LINE
8
BLACK
6
CONTINUOUS
10
5.2385380314960628
20
-3.4883147244094488
11
5.2374726771653544
21
-3.4872493700787399
0
LINE
8
BLACK
6
CONTINUOUS
10
5.2374726771653544
20
-3.4872493700787399
11
5.2373228346456688
21
-3.486496062992126
0
LINE
8
BLACK
6
CONTINUOUS
10
5.2373228346456688
20
-3.486496062992126
11
5.2373228346456688
21
-3.4550000000000001
0
LINE
8
BLACK
6
CONTINUOUS
10
5.2373228346456688
20
-3.4550000000000001
11
5.2374726771653544
21
-3.4542466929133857
0
LINE
8
BLACK
6
CONTINUOUS
10
5.2374726771653544
20
-3.4542466929133857
11
5.2385380314960628
21
-3.4531813385826773
0
LINE
8
BLACK
6
CONTINUOUS
10
5.2385380314960628
20
-3.4531813385826773
11
5.2392913385826771
21
-3.4530314960629922
0
LINE
8
BLACK
6
CONTINUOUS
10
5.2392913385826771
20
-3.4530314960629922
11
5.302283464566929
21
-3.4530314960629922
0
LINE
8
BLACK
6
CONTINUOUS
10
5.302283464566929
20
-3.4530314960629922
11
5.3030367716535434
21
-3.4531813385826773
0
LINE
8
BLACK
6
CONTINUOUS
10
5.2412598425196846
20
-3.4569685039370079
11
5.2412598425196846
21
-3.4845275590551181
0
LINE
8
BLACK
6
CONTINUOUS
10
5.2412598425196846
20
-3.4845275590551181
11
5.3003149606299216
21
-3.4845275590551181
0
LINE
8
BLACK
6
CONTINUOUS
10
5.3003149606299216
20
-3.4845275590551181
11
5.3003149606299216
21
-3.4569685039370079
0
LINE
8
BLACK
6
CONTINUOUS
10
5.3003149606299216
20
-3.4569685039370079
11
5.2412598425196846
21
-3.4569685039370079
0
LINE
8
BLACK
6
CONTINUOUS
10
5.7842178740157477
20
-3.3849923622047244
11
5.7852832283464561
21
-3.3860577165354329
0
LINE
8
BLACK
6
CONTINUOUS
10
5.7852832283464561
20
-3.3860577165354329
11
5.7854330708661417
21
-3.3868110236220472
0
LINE
8
BLACK
6
CONTINUOUS
10
5.7854330708661417
20
-3.3868110236220472
11
5.7854330708661417
21
-3.465551181102362
0
LINE
8
BLACK
6
CONTINUOUS
10
5.7854330708661417
20
-3.465551181102362
11
5.7852832283464561
21
-3.4663044881889764
0
LINE
8
BLACK
6
CONTINUOUS
10
5.7852832283464561
20
-3.4663044881889764
11
5.7842178740157477
21
-3.4673698425196848
0
LINE
8
BLACK
6
CONTINUOUS
10
5.7842178740157477
20
-3.4673698425196848
11
5.7834645669291334
21
-3.4675196850393699
0
LINE
8
BLACK
6
CONTINUOUS
10
5.7834645669291334
20
-3.4675196850393699
11
5.7362204724409445
21
-3.4675196850393699
0
LINE
8
BLACK
6
CONTINUOUS
10
5.7362204724409445
20
-3.4675196850393699
11
5.735467165354331
21
-3.4673698425196848
0
LINE
8
BLACK
6
CONTINUOUS
10
5.735467165354331
20
-3.4673698425196848
11
5.7344018110236217
21
-3.4663044881889764
0
LINE
8
BLACK
6
CONTINUOUS
10
5.7344018110236217
20
-3.4663044881889764
11
5.734251968503937
21
-3.465551181102362
0
LINE
8
BLACK
6
CONTINUOUS
10
5.734251968503937
20
-3.465551181102362
11
5.734251968503937
21
-3.3868110236220472
0
LINE
8
BLACK
6
CONTINUOUS
10
5.734251968503937
20
-3.3868110236220472
11
5.7344018110236217
21
-3.3860577165354329
0
LINE
8
BLACK
6
CONTINUOUS
10
5.7344018110236217
20
-3.3860577165354329
11
5.735467165354331
21
-3.3849923622047244
0
LINE
8
BLACK
6
CONTINUOUS
10
5.735467165354331
20
-3.3849923622047244
11
5.7362204724409445
21
-3.3848425196850394
0
LINE
8
BLACK
6
CONTINUOUS
10
5.7362204724409445
20
-3.3848425196850394
11
5.7834645669291334
21
-3.3848425196850394
0
LINE
8
BLACK
6
CONTINUOUS
10
5.7834645669291334
20
-3.3848425196850394
11
5.7842178740157477
21
-3.3849923622047244
0
LINE
8
BLACK
6
CONTINUOUS
10
5.7381889763779528
20
-3.3887795275590551
11
5.7381889763779528
21
-3.4635826771653542
0
LINE
8
BLACK
6
CONTINUOUS
10
5.7381889763779528
20
-3.4635826771653542
11
5.7814960629921259
21
-3.4635826771653542
0
LINE
8
BLACK
6
CONTINUOUS
10
5.7814960629921259
20
-3.4635826771653542
11
5.7814960629921259
21
-3.3887795275590551
0
LINE
8
BLACK
6
CONTINUOUS
10
5.7814960629921259
20
-3.3887795275590551
11
5.7381889763779528
21
-3.3887795275590551
0
LINE
8
BLACK
6
CONTINUOUS
10
5.8709169685039369
20
-3.3855227559055119
11
5.8715555905511811
21
-3.3859494881889765
0
LINE
8
BLACK
6
CONTINUOUS
10
5.8715555905511811
20
-3.3859494881889765
11
5.9160977559055112
21
-3.430491653543307
0
LINE
8
BLACK
6
CONTINUOUS
10
5.9160977559055112
20
-3.430491653543307
11
5.9165244881889762
21
-3.4311302755905513
0
LINE
8
BLACK
6
CONTINUOUS
10
5.9165244881889762
20
-3.4311302755905513
11
5.9165244881889762
21
-3.4326369291338583
0
LINE
8
BLACK
6
CONTINUOUS
10
5.9165244881889762
20
-3.4326369291338583
11
5.9160977559055112
21
-3.4332755511811022
0
LINE
8
BLACK
6
CONTINUOUS
10
5.9160977559055112
20
-3.4332755511811022
11
5.893826692913386
21
-3.4555465748031495
0
LINE
8
BLACK
6
CONTINUOUS
10
5.893826692913386
20
-3.4555465748031495
11
5.8931880708661417
21
-3.4559733070866141
0
LINE
8
BLACK
6
CONTINUOUS
10
5.8931880708661417
20
-3.4559733070866141
11
5.891681456692913
21
-3.4559733070866141
0
LINE
8
BLACK
6
CONTINUOUS
10
5.891681456692913
20
-3.4559733070866141
11
5.8910428346456696
21
-3.4555465748031495
0
LINE
8
BLACK
6
CONTINUOUS
10
5.8910428346456696
20
-3.4555465748031495
11
5.8465006692913386
21
-3.411004409448819
0
LINE
8
BLACK
6
CONTINUOUS
10
5.8465006692913386
20
-3.411004409448819
11
5.8460739370078736
21
-3.4103657874015747
0
LINE
8
BLACK
6
CONTINUOUS
10
5.8460739370078736
20
-3.4103657874015747
11
5.8460739370078736
21
-3.4088591732283464
0
LINE
8
BLACK
6
CONTINUOUS
10
5.8460739370078736
20
-3.4088591732283464
11
5.8465006692913386
21
-3.4082205511811021
0
LINE
8
BLACK
6
CONTINUOUS
10
5.8465006692913386
20
-3.4082205511811021
11
5.868771692913386
21
-3.3859494881889765
0
LINE
8
BLACK
6
CONTINUOUS
10
5.868771692913386
20
-3.3859494881889765
11
5.8694103149606294
21
-3.3855227559055119
0
LINE
8
BLACK
6
CONTINUOUS
10
5.8694103149606294
20
-3.3855227559055119
11
5.8709169685039369
21
-3.3855227559055119
0
LINE
8
BLACK
6
CONTINUOUS
10
5.8506764566929137
20
-3.4096124803149603
11
5.8924347244094486
21
-3.4513707480314961
0
LINE
8
BLACK
6
CONTINUOUS
10
5.8924347244094486
20
-3.4513707480314961
11
5.9119219291338583
21
-3.4318835433070864
0
LINE
8
BLACK
6
CONTINUOUS
10
5.9119219291338583
20
-3.4318835433070864
11
5.8701636614173225
21
-3.3901252755905511
0
LINE
8
BLACK
6
CONTINUOUS
10
5.8701636614173225
20
-3.3901252755905511
11
5.8506764566929137
21
-3.4096124803149603
0
LINE
8
BLACK
6
CONTINUOUS
10
6.2080367716535427
20
-3.4131813385826772
11
6.209102125984252
21
-3.4142466929133857
0
LINE
8
BLACK
6
CONTINUOUS
10
6.209102125984252
20
-3.4142466929133857
11
6.2092519685039367
21
-3.415
0
LINE
8
BLACK
6
CONTINUOUS
10
6.2092519685039367
20
-3.415
11
6.2092519685039367
21
-3.446496062992126
0
LINE
8
BLACK
6
CONTINUOUS
10
6.2092519685039367
20
-3.446496062992126
11
6.209102125984252
21
-3.4472493700787399
0
LINE
8
BLACK
6
CONTINUOUS
10
6.209102125984252
20
-3.4472493700787399
11
6.2080367716535427
21
-3.4483147244094488
0
LINE
8
BLACK
6
CONTINUOUS
10
6.2080367716535427
20
-3.4483147244094488
11
6.2072834645669293
21
-3.4484645669291338
0
LINE
8
BLACK
6
CONTINUOUS
10
6.2072834645669293
20
-3.4484645669291338
11
6.1442913385826774
21
-3.4484645669291338
0
LINE
8
BLACK
6
CONTINUOUS
10
6.1442913385826774
20
-3.4484645669291338
11
6.143538031496063
21
-3.4483147244094488
0
LINE
8
BLACK
6
CONTINUOUS
10
6.143538031496063
20
-3.4483147244094488
11
6.1424726771653546
21
-3.4472493700787399
0
LINE
8
BLACK
6
CONTINUOUS
10
6.1424726771653546
20
-3.4472493700787399
11
6.1423228346456691
21
-3.446496062992126
0
LINE
8
BLACK
6
CONTINUOUS
10
6.1423228346456691
20
-3.446496062992126
11
6.1423228346456691
21
-3.415
0
LINE
8
BLACK
6
CONTINUOUS
10
6.1423228346456691
20
-3.415
11
6.1424726771653546
21
-3.4142466929133857
0
LINE
8
BLACK
6
CONTINUOUS
10
6.1424726771653546
20
-3.4142466929133857
11
6.143538031496063
21
-3.4131813385826772
0
LINE
8
BLACK
6
CONTINUOUS
10
6.143538031496063
20
-3.4131813385826772
11
6.1442913385826774
21
-3.4130314960629922
0
LINE
8
BLACK
6
CONTINUOUS
10
6.1442913385826774
20
-3.4130314960629922
11
6.2072834645669293
21
-3.4130314960629922
0
LINE
8
BLACK
6
CONTINUOUS
10
6.2072834645669293
20
-3.4130314960629922
11
6.2080367716535427
21
-3.4131813385826772
0
LINE
8
BLACK
6
CONTINUOUS
10
6.1462598425196848
20
-3.4169685039370079
11
6.1462598425196848
21
-3.4445275590551181
0
LINE
8
BLACK
6
CONTINUOUS
10
6.1462598425196848
20
-3.4445275590551181
11
6.2053149606299209
21
-3.4445275590551181
0
LINE
8
BLACK
6
CONTINUOUS
10
6.2053149606299209
20
-3.4445275590551181
11
6.2053149606299209
21
-3.4169685039370079
0
LINE
8
BLACK
6
CONTINUOUS
10
6.2053149606299209
20
-3.4169685039370079
11
6.1462598425196848
21
-3.4169685039370079
0
LINE
8
BLACK
6
CONTINUOUS
10
5.6401627559055116
20
-3.2405041732283464
11
5.6412281102362201
21
-3.2415695275590553
0
LINE
8
BLACK
6
CONTINUOUS
10
5.6412281102362201
20
-3.2415695275590553
11
5.6413779527559056
21
-3.2423228346456692
0
LINE
8
BLACK
6
CONTINUOUS
10
5.6413779527559056
20
-3.2423228346456692
11
5.6413779527559056
21
-3.4391732283464567
0
LINE
8
BLACK
6
CONTINUOUS
10
5.6413779527559056
20
-3.4391732283464567
11
5.6412281102362201
21
-3.4399265354330706
0
LINE
8
BLACK
6
CONTINUOUS
10
5.6412281102362201
20
-3.4399265354330706
11
5.6401627559055116
21
-3.4409918897637795
0
LINE
8
BLACK
6
CONTINUOUS
10
5.6401627559055116
20
-3.4409918897637795
11
5.6394094488188973
21
-3.4411417322834645
0
LINE
8
BLACK
6
CONTINUOUS
10
5.6394094488188973
20
-3.4411417322834645
11
5.4031889763779528
21
-3.4411417322834645
0
LINE
8
BLACK
6
CONTINUOUS
10
5.4031889763779528
20
-3.4411417322834645
11
5.4024356692913384
21
-3.4409918897637795
0
LINE
8
BLACK
6
CONTINUOUS
10
5.4024356692913384
20
-3.4409918897637795
11
5.40137031496063
21
-3.4399265354330706
0
LINE
8
BLACK
6
CONTINUOUS
10
5.40137031496063
20
-3.4399265354330706
11
5.4012204724409445
21
-3.4391732283464567
0
LINE
8
BLACK
6
CONTINUOUS
10
5.4012204724409445
20
-3.4391732283464567
11
5.4012204724409445
21
-3.2816929133858266
0
LINE
8
BLACK
6
CONTINUOUS
10
5.4012204724409445
20
-3.2816929133858266
11
5.40137031496063
21
-3.2809396062992127
0
LINE
8
BLACK
6
CONTINUOUS
10
5.40137031496063
20
-3.2809396062992127
11
5.4017970472440942
21
-3.2803009842519684
0
LINE
8
BLACK
6
CONTINUOUS
10
5.4017970472440942
20
-3.2803009842519684
11
5.4411671259842516
21
-3.2409308661417322
0
LINE
8
BLACK
6
CONTINUOUS
10
5.4411671259842516
20
-3.2409308661417322
11
5.4418057480314959
21
-3.2405041732283464
0
LINE
8
BLACK
6
CONTINUOUS
10
5.4418057480314959
20
-3.2405041732283464
11
5.4425590551181102
21
-3.2403543307086613
0
LINE
8
BLACK
6
CONTINUOUS
10
5.4425590551181102
20
-3.2403543307086613
11
5.6394094488188973
21
-3.2403543307086613
0
LINE
8
BLACK
6
CONTINUOUS
10
5.6394094488188973
20
-3.2403543307086613
11
5.6401627559055116
21
-3.2405041732283464
0
LINE
8
BLACK
6
CONTINUOUS
10
5.4433744488188971
20
-3.244291338582677
11
5.4051574803149602
21
-3.2825082677165351
0
LINE
8
BLACK
6
CONTINUOUS
10
5.4051574803149602
20
-3.2825082677165351
11
5.4051574803149602
21
-3.4372047244094488
0
LINE
8
BLACK
6
CONTINUOUS
10
5.4051574803149602
20
-3.4372047244094488
11
5.6374409448818898
21
-3.4372047244094488
0
LINE
8
BLACK
6
CONTINUOUS
10
5.6374409448818898
20
-3.4372047244094488
11
5.6374409448818898
21
-3.244291338582677
0
LINE
8
BLACK
6
CONTINUOUS
10
5.6374409448818898
20
-3.244291338582677
11
5.4433744488188971
21
-3.244291338582677
0
LINE
8
BLACK
6
CONTINUOUS
10
6.4528005511811024
20
-3.3629451181102361
11
6.4538659055118108
21
-3.364010472440945
0
LINE
8
BLACK
6
CONTINUOUS
10
6.4538659055118108
20
-3.364010472440945
11
6.4540157480314964
21
-3.3647637795275589
0
LINE
8
BLACK
6
CONTINUOUS
10
6.4540157480314964
20
-3.3647637795275589
11
6.4540157480314964
21
-3.4277559055118108
0
LINE
8
BLACK
6
CONTINUOUS
10
6.4540157480314964
20
-3.4277559055118108
11
6.4538659055118108
21
-3.4285092125984251
0
LINE
8
BLACK
6
CONTINUOUS
10
6.4538659055118108
20
-3.4285092125984251
11
6.4528005511811024
21
-3.429574566929134
0
LINE
8
BLACK
6
CONTINUOUS
10
6.4528005511811024
20
-3.429574566929134
11
6.452047244094488
21
-3.4297244094488186
0
LINE
8
BLACK
6
CONTINUOUS
10
6.452047244094488
20
-3.4297244094488186
11
6.4205511811023621
21
-3.4297244094488186
0
LINE
8
BLACK
6
CONTINUOUS
10
6.4205511811023621
20
-3.4297244094488186
11
6.4197978740157478
21
-3.429574566929134
0
LINE
8
BLACK
6
CONTINUOUS
10
6.4197978740157478
20
-3.429574566929134
11
6.4187325196850393
21
-3.4285092125984251
0
LINE
8
BLACK
6
CONTINUOUS
10
6.4187325196850393
20
-3.4285092125984251
11
6.4185826771653538
21
-3.4277559055118108
0
LINE
8
BLACK
6
CONTINUOUS
10
6.4185826771653538
20
-3.4277559055118108
11
6.4185826771653538
21
-3.3647637795275589
0
LINE
8
BLACK
6
CONTINUOUS
10
6.4185826771653538
20
-3.3647637795275589
11
6.4187325196850393
21
-3.364010472440945
0
LINE
8
BLACK
6
CONTINUOUS
10
6.4187325196850393
20
-3.364010472440945
11
6.4197978740157478
21
-3.3629451181102361
0
LINE
8
BLACK
6
CONTINUOUS
10
6.4197978740157478
20
-3.3629451181102361
11
6.4205511811023621
21
-3.362795275590551
0
LINE
8
BLACK
6
CONTINUOUS
10
6.4205511811023621
20
-3.362795275590551
11
6.452047244094488
21
-3.362795275590551
0
LINE
8
BLACK
6
CONTINUOUS
10
6.452047244094488
20
-3.362795275590551
11
6.4528005511811024
21
-3.3629451181102361
0
LINE
8
BLACK
6
CONTINUOUS
10
6.4225196850393695
20
-3.3667322834645668
11
6.4225196850393695
21
-3.4257874015748029
0
LINE
8
BLACK
6
CONTINUOUS
10
6.4225196850393695
20
-3.4257874015748029
11
6.4500787401574797
21
-3.4257874015748029
0
LINE
8
BLACK
6
CONTINUOUS
10
6.4500787401574797
20
-3.4257874015748029
11
6.4500787401574797
21
-3.3667322834645668
0
LINE
8
BLACK
6
CONTINUOUS
10
6.4500787401574797
20
-3.3667322834645668
11
6.4225196850393695
21
-3.3667322834645668
0
LINE
8
BLACK
6
CONTINUOUS
10
5.3030367716535434
20
-3.383181338582677
11
5.3041021259842518
21
-3.3842466929133859
0
LINE
8
BLACK
6
CONTINUOUS
10
5.3041021259842518
20
-3.3842466929133859
11
5.3042519685039373
21
-3.3849999999999998
0
LINE
8
BLACK
6
CONTINUOUS
10
5.3042519685039373
20
-3.3849999999999998
11
5.3042519685039373
21
-3.4164960629921257
0
LINE
8
BLACK
6
CONTINUOUS
10
5.3042519685039373
20
-3.4164960629921257
11
5.3041021259842518
21
-3.4172493700787401
0
LINE
8
BLACK
6
CONTINUOUS
10
5.3041021259842518
20
-3.4172493700787401
11
5.3030367716535434
21
-3.4183147244094489
0
LINE
8
BLACK
6
CONTINUOUS
10
5.3030367716535434
20
-3.4183147244094489
11
5.302283464566929
21
-3.4184645669291336
0
LINE
8
BLACK
6
CONTINUOUS
10
5.302283464566929
20
-3.4184645669291336
11
5.2392913385826771
21
-3.4184645669291336
0
LINE
8
BLACK
6
CONTINUOUS
10
5.2392913385826771
20
-3.4184645669291336
11
5.2385380314960628
21
-3.4183147244094489
0
LINE
8
BLACK
6
CONTINUOUS
10
5.2385380314960628
20
-3.4183147244094489
11
5.2374726771653544
21
-3.4172493700787401
0
LINE
8
BLACK
6
CONTINUOUS
10
5.2374726771653544
20
-3.4172493700787401
11
5.2373228346456688
21
-3.4164960629921257
0
LINE
8
BLACK
6
CONTINUOUS
10
5.2373228346456688
20
-3.4164960629921257
11
5.2373228346456688
21
-3.3849999999999998
0
LINE
8
BLACK
6
CONTINUOUS
10
5.2373228346456688
20
-3.3849999999999998
11
5.2374726771653544
21
-3.3842466929133859
0
LINE
8
BLACK
6
CONTINUOUS
10
5.2374726771653544
20
-3.3842466929133859
11
5.2385380314960628
21
-3.383181338582677
0
LINE
8
BLACK
6
CONTINUOUS
10
5.2385380314960628
20
-3.383181338582677
11
5.2392913385826771
21
-3.3830314960629919
0
LINE
8
BLACK
6
CONTINUOUS
10
5.2392913385826771
20
-3.3830314960629919
11
5.302283464566929
21
-3.3830314960629919
0
LINE
8
BLACK
6
CONTINUOUS
10
5.302283464566929
20
-3.3830314960629919
11
5.3030367716535434
21
-3.383181338582677
0
LINE
8
BLACK
6
CONTINUOUS
10
5.2412598425196846
20
-3.3869685039370077
11
5.2412598425196846
21
-3.4145275590551178
0
LINE
8
BLACK
6
CONTINUOUS
10
5.2412598425196846
20
-3.4145275590551178
11
5.3003149606299216
21
-3.4145275590551178
0
LINE
8
BLACK
6
CONTINUOUS
10
5.3003149606299216
20
-3.4145275590551178
11
5.3003149606299216
21
-3.3869685039370077
0
LINE
8
BLACK
6
CONTINUOUS
10
5.3003149606299216
20
-3.3869685039370077
11
5.2412598425196846
21
-3.3869685039370077
0
LINE
8
BLACK
6
CONTINUOUS
10
6.9079580314960625
20
-3.100386062992126
11
6.9090233858267718
21
-3.1014514173228345
0
LINE
8
BLACK
6
CONTINUOUS
10
6.9090233858267718
20
-3.1014514173228345
11
6.9091732283464564
21
-3.1022047244094488
0
LINE
8
BLACK
6
CONTINUOUS
10
6.9091732283464564
20
-3.1022047244094488
11
6.9091732283464564
21
-3.3876377952755905
0
LINE
8
BLACK
6
CONTINUOUS
10
6.9091732283464564
20
-3.3876377952755905
11
6.9090233858267718
21
-3.3883911023622049
0
LINE
8
BLACK
6
CONTINUOUS
10
6.9090233858267718
20
-3.3883911023622049
11
6.9079580314960625
21
-3.3894564566929133
0
LINE
8
BLACK
6
CONTINUOUS
10
6.9079580314960625
20
-3.3894564566929133
11
6.907204724409449
21
-3.3896062992125984
0
LINE
8
BLACK
6
CONTINUOUS
10
6.907204724409449
20
-3.3896062992125984
11
6.5213779527559055
21
-3.3896062992125984
0
LINE
8
BLACK
6
CONTINUOUS
10
6.5213779527559055
20
-3.3896062992125984
11
6.5206246456692911
21
-3.3894564566929133
0
LINE
8
BLACK
6
CONTINUOUS
10
6.5206246456692911
20
-3.3894564566929133
11
6.5195592913385827
21
-3.3883911023622049
0
LINE
8
BLACK
6
CONTINUOUS
10
6.5195592913385827
20
-3.3883911023622049
11
6.5194094488188972
21
-3.3876377952755905
0
LINE
8
BLACK
6
CONTINUOUS
10
6.5194094488188972
20
-3.3876377952755905
11
6.5194094488188972
21
-3.1022047244094488
0
LINE
8
BLACK
6
CONTINUOUS
10
6.5194094488188972
20
-3.1022047244094488
11
6.5195592913385827
21
-3.1014514173228345
0
LINE
8
BLACK
6
CONTINUOUS
10
6.5195592913385827
20
-3.1014514173228345
11
6.5206246456692911
21
-3.100386062992126
0
LINE
8
BLACK
6
CONTINUOUS
10
6.5206246456692911
20
-3.100386062992126
11
6.5213779527559055
21
-3.100236220472441
0
LINE
8
BLACK
6
CONTINUOUS
10
6.5213779527559055
20
-3.100236220472441
11
6.907204724409449
21
-3.100236220472441
0
LINE
8
BLACK
6
CONTINUOUS
10
6.907204724409449
20
-3.100236220472441
11
6.9079580314960625
21
-3.100386062992126
0
LINE
8
BLACK
6
CONTINUOUS
10
6.5233464566929129
20
-3.1041732283464567
11
6.5233464566929129
21
-3.2237666141732282
0
LINE
8
BLACK
6
CONTINUOUS
10
6.5233464566929129
20
-3.2237666141732282
11
6.5236955118110238
21
-3.2234175590551182
0
LINE
8
BLACK
6
CONTINUOUS
10
6.5236955118110238
20
-3.2234175590551182
11
6.5252021259842516
21
-3.2234175590551182
0
LINE
8
BLACK
6
CONTINUOUS
10
6.5252021259842516
20
-3.2234175590551182
11
6.5258407480314959
21
-3.2238442913385827
0
LINE
8
BLACK
6
CONTINUOUS
10
6.5258407480314959
20
-3.2238442913385827
11
6.5455257874015746
21
-3.2435293307086615
0
LINE
8
BLACK
6
CONTINUOUS
10
6.5455257874015746
20
-3.2435293307086615
11
6.5459525196850397
21
-3.2441679527559053
0
LINE
8
BLACK
6
CONTINUOUS
10
6.5459525196850397
20
-3.2441679527559053
11
6.5459525196850397
21
-3.2456745669291336
0
LINE
8
BLACK
6
CONTINUOUS
10
6.5459525196850397
20
-3.2456745669291336
11
6.5455257874015746
21
-3.2463131889763779
0
LINE
8
BLACK
6
CONTINUOUS
10
6.5455257874015746
20
-3.2463131889763779
11
6.5258407480314959
21
-3.2659982283464566
0
LINE
8
BLACK
6
CONTINUOUS
10
6.5258407480314959
20
-3.2659982283464566
11
6.5252021259842516
21
-3.2664249606299212
0
LINE
8
BLACK
6
CONTINUOUS
10
6.5252021259842516
20
-3.2664249606299212
11
6.5236955118110238
21
-3.2664249606299212
0
LINE
8
BLACK
6
CONTINUOUS
10
6.5236955118110238
20
-3.2664249606299212
11
6.5233464566929129
21
-3.2660759055118112
0
LINE
8
BLACK
6
CONTINUOUS
10
6.5233464566929129
20
-3.2660759055118112
11
6.5233464566929129
21
-3.3856692913385826
0
LINE
8
BLACK
6
CONTINUOUS
10
6.5233464566929129
20
-3.3856692913385826
11
6.9052362204724407
21
-3.3856692913385826
0
LINE
8
BLACK
6
CONTINUOUS
10
6.9052362204724407
20
-3.3856692913385826
11
6.9052362204724407
21
-3.1041732283464567
0
LINE
8
BLACK
6
CONTINUOUS
10
6.9052362204724407
20
-3.1041732283464567
11
6.5233464566929129
21
-3.1041732283464567
0
LINE
8
BLACK
6
CONTINUOUS
10
6.5233464566929129
20
-3.2629248031496063
11
6.5413499999999996
21
-3.2449212598425197
0
LINE
8
BLACK
6
CONTINUOUS
10
6.5413499999999996
20
-3.2449212598425197
11
6.5233464566929129
21
-3.226917716535433
0
LINE
8
BLACK
6
CONTINUOUS
10
6.5233464566929129
20
-3.226917716535433
11
6.5233464566929129
21
-3.2629248031496063
0
LINE
8
BLACK
6
CONTINUOUS
10
6.1270590551181101
20
-3.2085958267716537
11
6.1284120472440939
21
-3.2099488188976375
0
LINE
8
BLACK
6
CONTINUOUS
10
6.1284120472440939
20
-3.2099488188976375
11
6.1286023622047239
21
-3.2109055118110237
0
LINE
8
BLACK
6
CONTINUOUS
10
6.1286023622047239
20
-3.2109055118110237
11
6.1286023622047239
21
-3.3605118110236218
0
LINE
8
BLACK
6
CONTINUOUS
10
6.1286023622047239
20
-3.3605118110236218
11
6.1284120472440939
21
-3.3614685039370076
0
LINE
8
BLACK
6
CONTINUOUS
10
6.1284120472440939
20
-3.3614685039370076
11
6.1270590551181101
21
-3.3628214960629919
0
LINE
8
BLACK
6
CONTINUOUS
10
6.1270590551181101
20
-3.3628214960629919
11
6.1261023622047244
21
-3.3630118110236218
0
LINE
8
BLACK
6
CONTINUOUS
10
6.1261023622047244
20
-3.3630118110236218
11
5.9764960629921262
21
-3.3630118110236218
0
LINE
8
BLACK
6
CONTINUOUS
10
5.9764960629921262
20
-3.3630118110236218
11
5.9755393700787396
21
-3.3628214960629919
0
LINE
8
BLACK
6
CONTINUOUS
10
5.9755393700787396
20
-3.3628214960629919
11
5.9741863779527558
21
-3.3614685039370076
0
LINE
8
BLACK
6
CONTINUOUS
10
5.9741863779527558
20
-3.3614685039370076
11
5.9739960629921258
21
-3.3605118110236218
0
LINE
8
BLACK
6
CONTINUOUS
10
5.9739960629921258
20
-3.3605118110236218
11
5.9739960629921258
21
-3.2109055118110237
0
LINE
8
BLACK
6
CONTINUOUS
10
5.9739960629921258
20
-3.2109055118110237
11
5.9741863779527558
21
-3.2099488188976375
0
LINE
8
BLACK
6
CONTINUOUS
10
5.9741863779527558
20
-3.2099488188976375
11
5.9755393700787396
21
-3.2085958267716537
0
LINE
8
BLACK
6
CONTINUOUS
10
5.9755393700787396
20
-3.2085958267716537
11
5.9764960629921262
21
-3.2084055118110237
0
LINE
8
BLACK
6
CONTINUOUS
10
5.9764960629921262
20
-3.2084055118110237
11
6.1261023622047244
21
-3.2084055118110237
0
LINE
8
BLACK
6
CONTINUOUS
10
6.1261023622047244
20
-3.2084055118110237
11
6.1270590551181101
21
-3.2085958267716537
0
LINE
8
BLACK
6
CONTINUOUS
10
5.9789960629921257
20
-3.2134055118110236
11
5.9789960629921257
21
-3.3580118110236219
0
LINE
8
BLACK
6
CONTINUOUS
10
5.9789960629921257
20
-3.3580118110236219
11
6.123602362204724
21
-3.3580118110236219
0
LINE
8
BLACK
6
CONTINUOUS
10
6.123602362204724
20
-3.3580118110236219
11
6.123602362204724
21
-3.2134055118110236
0
LINE
8
BLACK
6
CONTINUOUS
10
6.123602362204724
20
-3.2134055118110236
11
5.9789960629921257
21
-3.2134055118110236
0
LINE
8
BLACK
6
CONTINUOUS
10
5.8935485826771652
20
-3.2831813385826769
11
5.8946139370078736
21
-3.2842466929133858
0
LINE
8
BLACK
6
CONTINUOUS
10
5.8946139370078736
20
-3.2842466929133858
11
5.8947637795275591
21
-3.2850000000000001
0
LINE
8
BLACK
6
CONTINUOUS
10
5.8947637795275591
20
-3.2850000000000001
11
5.8947637795275591
21
-3.3164960629921261
0
LINE
8
BLACK
6
CONTINUOUS
10
5.8947637795275591
20
-3.3164960629921261
11
5.8946139370078736
21
-3.31724937007874
0
LINE
8
BLACK
6
CONTINUOUS
10
5.8946139370078736
20
-3.31724937007874
11
5.8935485826771652
21
-3.3183147244094489
0
LINE
8
BLACK
6
CONTINUOUS
10
5.8935485826771652
20
-3.3183147244094489
11
5.8927952755905508
21
-3.3184645669291339
0
LINE
8
BLACK
6
CONTINUOUS
10
5.8927952755905508
20
-3.3184645669291339
11
5.829803149606299
21
-3.3184645669291339
0
LINE
8
BLACK
6
CONTINUOUS
10
5.829803149606299
20
-3.3184645669291339
11
5.8290498425196846
21
-3.3183147244094489
0
LINE
8
BLACK
6
CONTINUOUS
10
5.8290498425196846
20
-3.3183147244094489
11
5.8279844881889762
21
-3.31724937007874
0
LINE
8
BLACK
6
CONTINUOUS
10
5.8279844881889762
20
-3.31724937007874
11
5.8278346456692915
21
-3.3164960629921261
0
LINE
8
BLACK
6
CONTINUOUS
10
5.8278346456692915
20
-3.3164960629921261
11
5.8278346456692915
21
-3.2850000000000001
0
LINE
8
BLACK
6
CONTINUOUS
10
5.8278346456692915
20
-3.2850000000000001
11
5.8279844881889762
21
-3.2842466929133858
0
LINE
8
BLACK
6
CONTINUOUS
10
5.8279844881889762
20
-3.2842466929133858
11
5.8290498425196846
21
-3.2831813385826769
0
LINE
8
BLACK
6
CONTINUOUS
10
5.8290498425196846
20
-3.2831813385826769
11
5.829803149606299
21
-3.2830314960629923
0
LINE
8
BLACK
6
CONTINUOUS
10
5.829803149606299
20
-3.2830314960629923
11
5.8927952755905508
21
-3.2830314960629923
0
LINE
8
BLACK
6
CONTINUOUS
10
5.8927952755905508
20
-3.2830314960629923
11
5.8935485826771652
21
-3.2831813385826769
0
LINE
8
BLACK
6
CONTINUOUS
10
5.8317716535433073
20
-3.286968503937008
11
5.8317716535433073
21
-3.3145275590551182
0
LINE
8
BLACK
6
CONTINUOUS
10
5.8317716535433073
20
-3.3145275590551182
11
5.8908267716535434
21
-3.3145275590551182
0
LINE
8
BLACK
6
CONTINUOUS
10
5.8908267716535434
20
-3.3145275590551182
11
5.8908267716535434
21
-3.286968503937008
0
LINE
8
BLACK
6
CONTINUOUS
10
5.8908267716535434
20
-3.286968503937008
11
5.8317716535433073
21
-3.286968503937008
0
LINE
8
BLACK
6
CONTINUOUS
10
5.3282926771653543
20
-3.2449529921259841
11
5.3293580314960627
21
-3.246018346456693
0
LINE
8
BLACK
6
CONTINUOUS
10
5.3293580314960627
20
-3.246018346456693
11
5.3295078740157482
21
-3.2467716535433069
0
LINE
8
BLACK
6
CONTINUOUS
10
5.3295078740157482
20
-3.2467716535433069
11
5.3295078740157482
21
-3.3097637795275592
0
LINE
8
BLACK
6
CONTINUOUS
10
5.3295078740157482
20
-3.3097637795275592
11
5.3293580314960627
21
-3.3105170866141731
0
LINE
8
BLACK
6
CONTINUOUS
10
5.3293580314960627
20
-3.3105170866141731
11
5.3282926771653543
21
-3.311582440944882
0
LINE
8
BLACK
6
CONTINUOUS
10
5.3282926771653543
20
-3.311582440944882
11
5.3275393700787399
21
-3.3117322834645671
0
LINE
8
BLACK
6
CONTINUOUS
10
5.3275393700787399
20
-3.3117322834645671
11
5.2950590551181103
21
-3.3117322834645671
0
LINE
8
BLACK
6
CONTINUOUS
10
5.2950590551181103
20
-3.3117322834645671
11
5.2943057480314959
21
-3.311582440944882
0
LINE
8
BLACK
6
CONTINUOUS
10
5.2943057480314959
20
-3.311582440944882
11
5.2932403937007875
21
-3.3105170866141731
0
LINE
8
BLACK
6
CONTINUOUS
10
5.2932403937007875
20
-3.3105170866141731
11
5.2930905511811019
21
-3.3097637795275592
0
LINE
8
BLACK
6
CONTINUOUS
10
5.2930905511811019
20
-3.3097637795275592
11
5.2930905511811019
21
-3.2467716535433069
0
LINE
8
BLACK
6
CONTINUOUS
10
5.2930905511811019
20
-3.2467716535433069
11
5.2932403937007875
21
-3.246018346456693
0
LINE
8
BLACK
6
CONTINUOUS
10
5.2932403937007875
20
-3.246018346456693
11
5.2943057480314959
21
-3.2449529921259841
0
LINE
8
BLACK
6
CONTINUOUS
10
5.2943057480314959
20
-3.2449529921259841
11
5.2950590551181103
21
-3.244803149606299
0
LINE
8
BLACK
6
CONTINUOUS
10
5.2950590551181103
20
-3.244803149606299
11
5.3275393700787399
21
-3.244803149606299
0
LINE
8
BLACK
6
CONTINUOUS
10
5.3275393700787399
20
-3.244803149606299
11
5.3282926771653543
21
-3.2449529921259841
0
LINE
8
BLACK
6
CONTINUOUS
10
5.2970275590551177
20
-3.2487401574803147
11
5.2970275590551177
21
-3.3077952755905513
0
LINE
8
BLACK
6
CONTINUOUS
10
5.2970275590551177
20
-3.3077952755905513
11
5.3255708661417325
21
-3.3077952755905513
0
LINE
8
BLACK
6
CONTINUOUS
10
5.3255708661417325
20
-3.3077952755905513
11
5.3255708661417325
21
-3.2487401574803147
0
LINE
8
BLACK
6
CONTINUOUS
10
5.3255708661417325
20
-3.2487401574803147
11
5.2970275590551177
21
-3.2487401574803147
0
LINE
8
BLACK
6
CONTINUOUS
10
5.7576745669291336
20
-3.2255435433070865
11
5.758739921259842
21
-3.2266088976377953
0
LINE
8
BLACK
6
CONTINUOUS
10
5.758739921259842
20
-3.2266088976377953
11
5.7588897637795275
21
-3.2273622047244093
0
LINE
8
BLACK
6
CONTINUOUS
10
5.7588897637795275
20
-3.2273622047244093
11
5.7588897637795275
21
-3.3061023622047245
0
LINE
8
BLACK
6
CONTINUOUS
10
5.7588897637795275
20
-3.3061023622047245
11
5.758739921259842
21
-3.3068556692913385
0
LINE
8
BLACK
6
CONTINUOUS
10
5.758739921259842
20
-3.3068556692913385
11
5.7576745669291336
21
-3.3079210236220473
0
LINE
8
BLACK
6
CONTINUOUS
10
5.7576745669291336
20
-3.3079210236220473
11
5.7569212598425192
21
-3.3080708661417324
0
LINE
8
BLACK
6
CONTINUOUS
10
5.7569212598425192
20
-3.3080708661417324
11
5.7096771653543303
21
-3.3080708661417324
0
LINE
8
BLACK
6
CONTINUOUS
10
5.7096771653543303
20
-3.3080708661417324
11
5.708923858267716
21
-3.3079210236220473
0
LINE
8
BLACK
6
CONTINUOUS
10
5.708923858267716
20
-3.3079210236220473
11
5.7078585039370076
21
-3.3068556692913385
0
LINE
8
BLACK
6
CONTINUOUS
10
5.7078585039370076
20
-3.3068556692913385
11
5.7077086614173229
21
-3.3061023622047245
0
LINE
8
BLACK
6
CONTINUOUS
10
5.7077086614173229
20
-3.3061023622047245
11
5.7077086614173229
21
-3.2273622047244093
0
LINE
8
BLACK
6
CONTINUOUS
10
5.7077086614173229
20
-3.2273622047244093
11
5.7078585039370076
21
-3.2266088976377953
0
LINE
8
BLACK
6
CONTINUOUS
10
5.7078585039370076
20
-3.2266088976377953
11
5.708923858267716
21
-3.2255435433070865
0
LINE
8
BLACK
6
CONTINUOUS
10
5.708923858267716
20
-3.2255435433070865
11
5.7096771653543303
21
-3.2253937007874014
0
LINE
8
BLACK
6
CONTINUOUS
10
5.7096771653543303
20
-3.2253937007874014
11
5.7569212598425192
21
-3.2253937007874014
0
LINE
8
BLACK
6
CONTINUOUS
10
5.7569212598425192
20
-3.2253937007874014
11
5.7576745669291336
21
-3.2255435433070865
0
LINE
8
BLACK
6
CONTINUOUS
10
5.7116456692913387
20
-3.2293307086614171
11
5.7116456692913387
21
-3.3041338582677167
0
LINE
8
BLACK
6
CONTINUOUS
10
5.7116456692913387
20
-3.3041338582677167
11
5.7549527559055118
21
-3.3041338582677167
0
LINE
8
BLACK
6
CONTINUOUS
10
5.7549527559055118
20
-3.3041338582677167
11
5.7549527559055118
21
-3.2293307086614171
0
LINE
8
BLACK
6
CONTINUOUS
10
5.7549527559055118
20
-3.2293307086614171
11
5.7116456692913387
21
-3.2293307086614171
0
LINE
8
BLACK
6
CONTINUOUS
10
4.9680886220472438
20
-3.2664609448818895
11
4.969153031496063
21
-3.2669018503937006
0
LINE
8
BLACK
6
CONTINUOUS
10
4.969153031496063
20
-3.2669018503937006
11
4.9699676771653545
21
-3.2677164960629921
0
LINE
8
BLACK
6
CONTINUOUS
10
4.9699676771653545
20
-3.2677164960629921
11
4.9704085826771651
21
-3.2687809055118109
0
LINE
8
BLACK
6
CONTINUOUS
10
4.9704085826771651
20
-3.2687809055118109
11
4.9704085826771651
21
-3.2699330314960631
0
LINE
8
BLACK
6
CONTINUOUS
10
4.9704085826771651
20
-3.2699330314960631
11
4.9699676771653545
21
-3.2709974409448819
0
LINE
8
BLACK
6
CONTINUOUS
10
4.9699676771653545
20
-3.2709974409448819
11
4.969153031496063
21
-3.2718120866141733
0
LINE
8
BLACK
6
CONTINUOUS
10
4.969153031496063
20
-3.2718120866141733
11
4.9680886220472438
21
-3.272252992125984
0
LINE
8
BLACK
6
CONTINUOUS
10
4.9680886220472438
20
-3.272252992125984
11
4.9675125590551179
21
-3.2723097244094488
0
LINE
8
BLACK
6
CONTINUOUS
10
4.9675125590551179
20
-3.2723097244094488
11
4.9517176377952756
21
-3.2723097244094488
0
LINE
8
BLACK
6
CONTINUOUS
10
4.9517176377952756
20
-3.2723097244094488
11
4.9517176377952756
21
-3.2771933858267714
0
LINE
8
BLACK
6
CONTINUOUS
10
4.9517176377952756
20
-3.2771933858267714
11
4.9692058661417322
21
-3.2894351574803147
0
LINE
8
BLACK
6
CONTINUOUS
10
4.9692058661417322
20
-3.2894351574803147
11
4.9696452362204724
21
-3.2898119685039369
0
LINE
8
BLACK
6
CONTINUOUS
10
4.9696452362204724
20
-3.2898119685039369
11
4.9702644094488191
21
-3.2907835826771654
0
LINE
8
BLACK
6
CONTINUOUS
10
4.9702644094488191
20
-3.2907835826771654
11
4.9704646456692911
21
-3.2919181102362205
0
LINE
8
BLACK
6
CONTINUOUS
10
4.9704646456692911
20
-3.2919181102362205
11
4.9702154330708659
21
-3.2930429527559055
0
LINE
8
BLACK
6
CONTINUOUS
10
4.9702154330708659
20
-3.2930429527559055
11
4.9695547244094485
21
-3.2939868110236219
0
LINE
8
BLACK
6
CONTINUOUS
10
4.9695547244094485
20
-3.2939868110236219
11
4.9685831496062995
21
-3.2946059842519686
0
LINE
8
BLACK
6
CONTINUOUS
10
4.9685831496062995
20
-3.2946059842519686
11
4.9674485826771653
21
-3.2948061811023623
0
LINE
8
BLACK
6
CONTINUOUS
10
4.9674485826771653
20
-3.2948061811023623
11
4.9663237401574802
21
-3.2945570078740158
0
LINE
8
BLACK
6
CONTINUOUS
10
4.9663237401574802
20
-3.2945570078740158
11
4.9658192913385824
21
-3.2942731496062994
0
LINE
8
BLACK
6
CONTINUOUS
10
4.9658192913385824
20
-3.2942731496062994
11
4.9517133070866137
21
-3.2843989763779526
0
LINE
8
BLACK
6
CONTINUOUS
10
4.9517133070866137
20
-3.2843989763779526
11
4.9516609055118108
21
-3.2849311417322835
0
LINE
8
BLACK
6
CONTINUOUS
10
4.9516609055118108
20
-3.2849311417322835
11
4.9516203149606302
21
-3.285029094488189
0
LINE
8
BLACK
6
CONTINUOUS
10
4.9516203149606302
20
-3.285029094488189
11
4.9516127952755902
21
-3.2851349999999999
0
LINE
8
BLACK
6
CONTINUOUS
10
4.9516127952755902
20
-3.2851349999999999
11
4.9514059055118107
21
-3.2856755905511812
0
LINE
8
BLACK
6
CONTINUOUS
10
4.9514059055118107
20
-3.2856755905511812
11
4.9495311417322831
21
-3.2894251181102363
0
LINE
8
BLACK
6
CONTINUOUS
10
4.9495311417322831
20
-3.2894251181102363
11
4.9493750393700786
21
-3.2896731102362202
0
LINE
8
BLACK
6
CONTINUOUS
10
4.9493750393700786
20
-3.2896731102362202
11
4.9493452362204726
21
-3.2897450787401574
0
LINE
8
BLACK
6
CONTINUOUS
10
4.9493452362204726
20
-3.2897450787401574
11
4.9492787401574798
21
-3.2898260236220471
0
LINE
8
BLACK
6
CONTINUOUS
10
4.9492787401574798
20
-3.2898260236220471
11
4.9492227952755901
21
-3.2899150000000001
0
LINE
8
BLACK
6
CONTINUOUS
10
4.9492227952755901
20
-3.2899150000000001
11
4.9491637795275594
21
-3.2899661417322834
0
LINE
8
BLACK
6
CONTINUOUS
10
4.9491637795275594
20
-3.2899661417322834
11
4.948978031496063
21
-3.2901925196850392
0
LINE
8
BLACK
6
CONTINUOUS
10
4.948978031496063
20
-3.2901925196850392
11
4.9471032677165354
21
-3.2920672834645668
0
LINE
8
BLACK
6
CONTINUOUS
10
4.9471032677165354
20
-3.2920672834645668
11
4.9468768897637796
21
-3.2922530314960627
0
LINE
8
BLACK
6
CONTINUOUS
10
4.9468768897637796
20
-3.2922530314960627
11
4.9468257480314959
21
-3.2923120472440943
0
LINE
8
BLACK
6
CONTINUOUS
10
4.9468257480314959
20
-3.2923120472440943
11
4.9467367716535433
21
-3.2923679921259841
0
LINE
8
BLACK
6
CONTINUOUS
10
4.9467367716535433
20
-3.2923679921259841
11
4.9466558267716536
21
-3.2924344881889764
0
LINE
8
BLACK
6
CONTINUOUS
10
4.9466558267716536
20
-3.2924344881889764
11
4.9465838582677168
21
-3.2924642913385824
0
LINE
8
BLACK
6
CONTINUOUS
10
4.9465838582677168
20
-3.2924642913385824
11
4.946335866141732
21
-3.2926203937007874
0
LINE
8
BLACK
6
CONTINUOUS
10
4.946335866141732
20
-3.2926203937007874
11
4.9425863385826769
21
-3.294495157480315
0
LINE
8
BLACK
6
CONTINUOUS
10
4.9425863385826769
20
-3.294495157480315
11
4.9420457086614169
21
-3.2947020472440944
0
LINE
8
BLACK
6
CONTINUOUS
10
4.9420457086614169
20
-3.2947020472440944
11
4.9419398818897635
21
-3.2947095275590552
0
LINE
8
BLACK
6
CONTINUOUS
10
4.9419398818897635
20
-3.2947095275590552
11
4.9418418897637792
21
-3.2947501574803151
0
LINE
8
BLACK
6
CONTINUOUS
10
4.9418418897637792
20
-3.2947501574803151
11
4.9412658267716534
21
-3.2948068897637794
0
LINE
8
BLACK
6
CONTINUOUS
10
4.9412658267716534
20
-3.2948068897637794
11
4.9356415354330707
21
-3.2948068897637794
0
LINE
8
BLACK
6
CONTINUOUS
10
4.9356415354330707
20
-3.2948068897637794
11
4.9350654724409448
21
-3.2947501574803151
0
LINE
8
BLACK
6
CONTINUOUS
10
4.9350654724409448
20
-3.2947501574803151
11
4.9349674803149606
21
-3.294709566929134
0
LINE
8
BLACK
6
CONTINUOUS
10
4.9349674803149606
20
-3.294709566929134
11
4.9348616141732284
21
-3.2947020472440944
0
LINE
8
BLACK
6
CONTINUOUS
10
4.9348616141732284
20
-3.2947020472440944
11
4.9343210236220472
21
-3.294495157480315
0
LINE
8
BLACK
6
CONTINUOUS
10
4.9343210236220472
20
-3.294495157480315
11
4.9305714960629921
21
-3.2926203937007874
0
LINE
8
BLACK
6
CONTINUOUS
10
4.9305714960629921
20
-3.2926203937007874
11
4.9303234645669294
21
-3.2924642913385824
0
LINE
8
BLACK
6
CONTINUOUS
10
4.9303234645669294
20
-3.2924642913385824
11
4.9302515354330705
21
-3.2924344881889764
0
LINE
8
BLACK
6
CONTINUOUS
10
4.9302515354330705
20
-3.2924344881889764
11
4.930170551181102
21
-3.2923679921259841
0
LINE
8
BLACK
6
CONTINUOUS
10
4.930170551181102
20
-3.2923679921259841
11
4.9300816141732282
21
-3.2923120472440943
0
LINE
8
BLACK
6
CONTINUOUS
10
4.9300816141732282
20
-3.2923120472440943
11
4.9300304330708657
21
-3.2922530314960627
0
LINE
8
BLACK
6
CONTINUOUS
10
4.9300304330708657
20
-3.2922530314960627
11
4.9298040944881887
21
-3.2920672834645668
0
LINE
8
BLACK
6
CONTINUOUS
10
4.9298040944881887
20
-3.2920672834645668
11
4.9279293307086611
21
-3.2901925196850392
0
LINE
8
BLACK
6
CONTINUOUS
10
4.9279293307086611
20
-3.2901925196850392
11
4.9277435433070869
21
-3.2899661417322834
0
LINE
8
BLACK
6
CONTINUOUS
10
4.9277435433070869
20
-3.2899661417322834
11
4.927684566929134
21
-3.2899150000000001
0
LINE
8
BLACK
6
CONTINUOUS
10
4.927684566929134
20
-3.2899150000000001
11
4.9276285826771655
21
-3.2898260236220471
0
LINE
8
BLACK
6
CONTINUOUS
10
4.9276285826771655
20
-3.2898260236220471
11
4.9275621259842515
21
-3.2897450787401574
0
LINE
8
BLACK
6
CONTINUOUS
10
4.9275621259842515
20
-3.2897450787401574
11
4.9275322834645667
21
-3.2896731102362202
0
LINE
8
BLACK
6
CONTINUOUS
10
4.9275322834645667
20
-3.2896731102362202
11
4.9273762204724409
21
-3.2894251181102363
0
LINE
8
BLACK
6
CONTINUOUS
10
4.9273762204724409
20
-3.2894251181102363
11
4.9255014566929134
21
-3.2856755905511812
0
LINE
8
BLACK
6
CONTINUOUS
10
4.9255014566929134
20
-3.2856755905511812
11
4.9252945669291339
21
-3.2851349606299212
0
LINE
8
BLACK
6
CONTINUOUS
10
4.9252945669291339
20
-3.2851349606299212
11
4.9252870472440939
21
-3.2850291338582678
0
LINE
8
BLACK
6
CONTINUOUS
10
4.9252870472440939
20
-3.2850291338582678
11
4.9252464566929133
21
-3.2849311417322835
0
LINE
8
BLACK
6
CONTINUOUS
10
4.9252464566929133
20
-3.2849311417322835
11
4.9251897244094485
21
-3.2843550787401572
0
LINE
8
BLACK
6
CONTINUOUS
10
4.9251897244094485
20
-3.2843550787401572
11
4.9251897244094485
21
-3.2693569685039368
0
LINE
8
BLACK
6
CONTINUOUS
10
4.9251897244094485
20
-3.2693569685039368
11
4.9252464566929133
21
-3.2687809055118109
0
LINE
8
BLACK
6
CONTINUOUS
10
4.9252464566929133
20
-3.2687809055118109
11
4.9256873622047239
21
-3.2677164960629921
0
LINE
8
BLACK
6
CONTINUOUS
10
4.9256873622047239
20
-3.2677164960629921
11
4.9265020078740154
21
-3.2669018503937006
0
LINE
8
BLACK
6
CONTINUOUS
10
4.9265020078740154
20
-3.2669018503937006
11
4.9275664173228346
21
-3.2664609448818895
0
LINE
8
BLACK
6
CONTINUOUS
10
4.9275664173228346
20
-3.2664609448818895
11
4.9281424803149605
21
-3.2664042125984252
0
LINE
8
BLACK
6
CONTINUOUS
10
4.9281424803149605
20
-3.2664042125984252
11
4.9675125590551179
21
-3.2664042125984252
0
LINE
8
BLACK
6
CONTINUOUS
10
4.9675125590551179
20
-3.2664042125984252
11
4.9680886220472438
21
-3.2664609448818895
0
LINE
8
BLACK
6
CONTINUOUS
10
4.9310952362204725
20
-3.2836580314960631
11
4.9324439763779528
21
-3.2863555118110237
0
LINE
8
BLACK
6
CONTINUOUS
10
4.9324439763779528
20
-3.2863555118110237
11
4.9336411023622047
21
-3.2875526377952755
0
LINE
8
BLACK
6
CONTINUOUS
10
4.9336411023622047
20
-3.2875526377952755
11
4.9363385826771653
21
-3.2889013779527558
0
LINE
8
BLACK
6
CONTINUOUS
10
4.9363385826771653
20
-3.2889013779527558
11
4.9405687795275588
21
-3.2889013779527558
0
LINE
8
BLACK
6
CONTINUOUS
10
4.9405687795275588
20
-3.2889013779527558
11
4.9432662598425194
21
-3.2875526377952755
0
LINE
8
BLACK
6
CONTINUOUS
10
4.9432662598425194
20
-3.2875526377952755
11
4.9444633858267713
21
-3.2863555118110237
0
LINE
8
BLACK
6
CONTINUOUS
10
4.9444633858267713
20
-3.2863555118110237
11
4.9458121259842516
21
-3.2836580314960631
0
LINE
8
BLACK
6
CONTINUOUS
10
4.9458121259842516
20
-3.2836580314960631
11
4.9458121259842516
21
-3.2723097244094488
0
LINE
8
BLACK
6
CONTINUOUS
10
4.9458121259842516
20
-3.2723097244094488
11
4.9310952362204725
21
-3.2723097244094488
0
LINE
8
BLACK
6
CONTINUOUS
10
4.9310952362204725
20
-3.2723097244094488
11
4.9310952362204725
21
-3.2836580314960631
0
LINE
8
BLACK
6
CONTINUOUS
10
5.2232926771653538
20
-3.1924333070866142
11
5.2243580314960631
21
-3.1934986614173226
0
LINE
8
BLACK
6
CONTINUOUS
10
5.2243580314960631
20
-3.1934986614173226
11
5.2245078740157478
21
-3.194251968503937
0
LINE
8
BLACK
6
CONTINUOUS
10
5.2245078740157478
20
-3.194251968503937
11
5.2245078740157478
21
-3.2572440944881889
0
LINE
8
BLACK
6
CONTINUOUS
10
5.2245078740157478
20
-3.2572440944881889
11
5.2243580314960631
21
-3.2579974015748032
0
LINE
8
BLACK
6
CONTINUOUS
10
5.2243580314960631
20
-3.2579974015748032
11
5.2232926771653538
21
-3.2590627559055116
0
LINE
8
BLACK
6
CONTINUOUS
10
5.2232926771653538
20
-3.2590627559055116
11
5.2225393700787404
21
-3.2592125984251967
0
LINE
8
BLACK
6
CONTINUOUS
10
5.2225393700787404
20
-3.2592125984251967
11
5.1900590551181098
21
-3.2592125984251967
0
LINE
8
BLACK
6
CONTINUOUS
10
5.1900590551181098
20
-3.2592125984251967
11
5.1893057480314964
21
-3.2590627559055116
0
LINE
8
BLACK
6
CONTINUOUS
10
5.1893057480314964
20
-3.2590627559055116
11
5.188240393700787
21
-3.2579974015748032
0
LINE
8
BLACK
6
CONTINUOUS
10
5.188240393700787
20
-3.2579974015748032
11
5.1880905511811024
21
-3.2572440944881889
0
LINE
8
BLACK
6
CONTINUOUS
10
5.1880905511811024
20
-3.2572440944881889
11
5.1880905511811024
21
-3.194251968503937
0
LINE
8
BLACK
6
CONTINUOUS
10
5.1880905511811024
20
-3.194251968503937
11
5.188240393700787
21
-3.1934986614173226
0
LINE
8
BLACK
6
CONTINUOUS
10
5.188240393700787
20
-3.1934986614173226
11
5.1893057480314964
21
-3.1924333070866142
0
LINE
8
BLACK
6
CONTINUOUS
10
5.1893057480314964
20
-3.1924333070866142
11
5.1900590551181098
21
-3.1922834645669291
0
LINE
8
BLACK
6
CONTINUOUS
10
5.1900590551181098
20
-3.1922834645669291
11
5.2225393700787404
21
-3.1922834645669291
0
LINE
8
BLACK
6
CONTINUOUS
10
5.2225393700787404
20
-3.1922834645669291
11
5.2232926771653538
21
-3.1924333070866142
0
LINE
8
BLACK
6
CONTINUOUS
10
5.1920275590551181
20
-3.1962204724409449
11
5.1920275590551181
21
-3.255275590551181
0
LINE
8
BLACK
6
CONTINUOUS
10
5.1920275590551181
20
-3.255275590551181
11
5.220570866141732
21
-3.255275590551181
0
LINE
8
BLACK
6
CONTINUOUS
10
5.220570866141732
20
-3.255275590551181
11
5.220570866141732
21
-3.1962204724409449
0
LINE
8
BLACK
6
CONTINUOUS
10
5.220570866141732
20
-3.1962204724409449
11
5.1920275590551181
21
-3.1962204724409449
0
LINE
8
BLACK
6
CONTINUOUS
10
5.0228989763779524
20
-3.1901104724409448
11
5.0239643307086617
21
-3.1911758267716537
0
LINE
8
BLACK
6
CONTINUOUS
10
5.0239643307086617
20
-3.1911758267716537
11
5.0241141732283463
21
-3.1919291338582676
0
LINE
8
BLACK
6
CONTINUOUS
10
5.0241141732283463
20
-3.1919291338582676
11
5.0241141732283463
21
-3.2549212598425195
0
LINE
8
BLACK
6
CONTINUOUS
10
5.0241141732283463
20
-3.2549212598425195
11
5.0239643307086617
21
-3.2556745669291338
0
LINE
8
BLACK
6
CONTINUOUS
10
5.0239643307086617
20
-3.2556745669291338
11
5.0228989763779524
21
-3.2567399212598422
0
LINE
8
BLACK
6
CONTINUOUS
10
5.0228989763779524
20
-3.2567399212598422
11
5.0221456692913389
21
-3.2568897637795273
0
LINE
8
BLACK
6
CONTINUOUS
10
5.0221456692913389
20
-3.2568897637795273
11
4.9896653543307083
21
-3.2568897637795273
0
LINE
8
BLACK
6
CONTINUOUS
10
4.9896653543307083
20
-3.2568897637795273
11
4.988912047244094
21
-3.2567399212598422
0
LINE
8
BLACK
6
CONTINUOUS
10
4.988912047244094
20
-3.2567399212598422
11
4.9878466929133856
21
-3.2556745669291338
0
LINE
8
BLACK
6
CONTINUOUS
10
4.9878466929133856
20
-3.2556745669291338
11
4.9876968503937009
21
-3.2549212598425195
0
LINE
8
BLACK
6
CONTINUOUS
10
4.9876968503937009
20
-3.2549212598425195
11
4.9876968503937009
21
-3.1919291338582676
0
LINE
8
BLACK
6
CONTINUOUS
10
4.9876968503937009
20
-3.1919291338582676
11
4.9878466929133856
21
-3.1911758267716537
0
LINE
8
BLACK
6
CONTINUOUS
10
4.9878466929133856
20
-3.1911758267716537
11
4.988912047244094
21
-3.1901104724409448
0
LINE
8
BLACK
6
CONTINUOUS
10
4.988912047244094
20
-3.1901104724409448
11
4.9896653543307083
21
-3.1899606299212597
0
LINE
8
BLACK
6
CONTINUOUS
10
4.9896653543307083
20
-3.1899606299212597
11
5.0221456692913389
21
-3.1899606299212597
0
LINE
8
BLACK
6
CONTINUOUS
10
5.0221456692913389
20
-3.1899606299212597
11
5.0228989763779524
21
-3.1901104724409448
0
LINE
8
BLACK
6
CONTINUOUS
10
4.9916338582677167
20
-3.1938976377952755
11
4.9916338582677167
21
-3.2529527559055116
0
LINE
8
BLACK
6
CONTINUOUS
10
4.9916338582677167
20
-3.2529527559055116
11
5.0201771653543306
21
-3.2529527559055116
0
LINE
8
BLACK
6
CONTINUOUS
10
5.0201771653543306
20
-3.2529527559055116
11
5.0201771653543306
21
-3.1938976377952755
0
LINE
8
BLACK
6
CONTINUOUS
10
5.0201771653543306
20
-3.1938976377952755
11
4.9916338582677167
21
-3.1938976377952755
0
LINE
8
BLACK
6
CONTINUOUS
10
5.1469147244094486
20
-3.1899529921259844
11
5.1479800787401571
21
-3.1910183464566928
0
LINE
8
BLACK
6
CONTINUOUS
10
5.1479800787401571
20
-3.1910183464566928
11
5.1481299212598426
21
-3.1917716535433072
0
LINE
8
BLACK
6
CONTINUOUS
10
5.1481299212598426
20
-3.1917716535433072
11
5.1481299212598426
21
-3.254763779527559
0
LINE
8
BLACK
6
CONTINUOUS
10
5.1481299212598426
20
-3.254763779527559
11
5.1479800787401571
21
-3.2555170866141729
0
LINE
8
BLACK
6
CONTINUOUS
10
5.1479800787401571
20
-3.2555170866141729
11
5.1469147244094486
21
-3.2565824409448818
0
LINE
8
BLACK
6
CONTINUOUS
10
5.1469147244094486
20
-3.2565824409448818
11
5.1461614173228343
21
-3.2567322834645669
0
LINE
8
BLACK
6
CONTINUOUS
10
5.1461614173228343
20
-3.2567322834645669
11
5.1136811023622046
21
-3.2567322834645669
0
LINE
8
BLACK
6
CONTINUOUS
10
5.1136811023622046
20
-3.2567322834645669
11
5.1129277952755903
21
-3.2565824409448818
0
LINE
8
BLACK
6
CONTINUOUS
10
5.1129277952755903
20
-3.2565824409448818
11
5.1118624409448818
21
-3.2555170866141729
0
LINE
8
BLACK
6
CONTINUOUS
10
5.1118624409448818
20
-3.2555170866141729
11
5.1117125984251963
21
-3.254763779527559
0
LINE
8
BLACK
6
CONTINUOUS
10
5.1117125984251963
20
-3.254763779527559
11
5.1117125984251963
21
-3.1917716535433072
0
LINE
8
BLACK
6
CONTINUOUS
10
5.1117125984251963
20
-3.1917716535433072
11
5.1118624409448818
21
-3.1910183464566928
0
LINE
8
BLACK
6
CONTINUOUS
10
5.1118624409448818
20
-3.1910183464566928
11
5.1129277952755903
21
-3.1899529921259844
0
LINE
8
BLACK
6
CONTINUOUS
10
5.1129277952755903
20
-3.1899529921259844
11
5.1136811023622046
21
-3.1898031496062993
0
LINE
8
BLACK
6
CONTINUOUS
10
5.1136811023622046
20
-3.1898031496062993
11
5.1461614173228343
21
-3.1898031496062993
0
LINE
8
BLACK
6
CONTINUOUS
10
5.1461614173228343
20
-3.1898031496062993
11
5.1469147244094486
21
-3.1899529921259844
0
LINE
8
BLACK
6
CONTINUOUS
10
5.1156496062992121
20
-3.193740157480315
11
5.1156496062992121
21
-3.2527952755905511
0
LINE
8
BLACK
6
CONTINUOUS
10
5.1156496062992121
20
-3.2527952755905511
11
5.1441929133858268
21
-3.2527952755905511
0
LINE
8
BLACK
6
CONTINUOUS
10
5.1441929133858268
20
-3.2527952755905511
11
5.1441929133858268
21
-3.193740157480315
0
LINE
8
BLACK
6
CONTINUOUS
10
5.1441929133858268
20
-3.193740157480315
11
5.1156496062992121
21
-3.193740157480315
0
LINE
8
BLACK
6
CONTINUOUS
10
5.0858911023622042
20
-3.1899136220472442
11
5.0869564566929135
21
-3.1909789763779526
0
LINE
8
BLACK
6
CONTINUOUS
10
5.0869564566929135
20
-3.1909789763779526
11
5.0871062992125982
21
-3.1917322834645669
0
LINE
8
BLACK
6
CONTINUOUS
10
5.0871062992125982
20
-3.1917322834645669
11
5.0871062992125982
21
-3.2547244094488188
0
LINE
8
BLACK
6
CONTINUOUS
10
5.0871062992125982
20
-3.2547244094488188
11
5.0869564566929135
21
-3.2554777165354332
0
LINE
8
BLACK
6
CONTINUOUS
10
5.0869564566929135
20
-3.2554777165354332
11
5.0858911023622042
21
-3.2565430708661416
0
LINE
8
BLACK
6
CONTINUOUS
10
5.0858911023622042
20
-3.2565430708661416
11
5.0851377952755907
21
-3.2566929133858267
0
LINE
8
BLACK
6
CONTINUOUS
10
5.0851377952755907
20
-3.2566929133858267
11
5.0526574803149602
21
-3.2566929133858267
0
LINE
8
BLACK
6
CONTINUOUS
10
5.0526574803149602
20
-3.2566929133858267
11
5.0519041732283467
21
-3.2565430708661416
0
LINE
8
BLACK
6
CONTINUOUS
10
5.0519041732283467
20
-3.2565430708661416
11
5.0508388188976374
21
-3.2554777165354332
0
LINE
8
BLACK
6
CONTINUOUS
10
5.0508388188976374
20
-3.2554777165354332
11
5.0506889763779528
21
-3.2547244094488188
0
LINE
8
BLACK
6
CONTINUOUS
10
5.0506889763779528
20
-3.2547244094488188
11
5.0506889763779528
21
-3.1917322834645669
0
LINE
8
BLACK
6
CONTINUOUS
10
5.0506889763779528
20
-3.1917322834645669
11
5.0508388188976374
21
-3.1909789763779526
0
LINE
8
BLACK
6
CONTINUOUS
10
5.0508388188976374
20
-3.1909789763779526
11
5.0519041732283467
21
-3.1899136220472442
0
LINE
8
BLACK
6
CONTINUOUS
10
5.0519041732283467
20
-3.1899136220472442
11
5.0526574803149602
21
-3.1897637795275591
0
LINE
8
BLACK
6
CONTINUOUS
10
5.0526574803149602
20
-3.1897637795275591
11
5.0851377952755907
21
-3.1897637795275591
0
LINE
8
BLACK
6
CONTINUOUS
10
5.0851377952755907
20
-3.1897637795275591
11
5.0858911023622042
21
-3.1899136220472442
0
LINE
8
BLACK
6
CONTINUOUS
10
5.0546259842519685
20
-3.1937007874015748
11
5.0546259842519685
21
-3.2527559055118109
0
LINE
8
BLACK
6
CONTINUOUS
10
5.0546259842519685
20
-3.2527559055118109
11
5.0831692913385824
21
-3.2527559055118109
0
LINE
8
BLACK
6
CONTINUOUS
10
5.0831692913385824
20
-3.2527559055118109
11
5.0831692913385824
21
-3.1937007874015748
0
LINE
8
BLACK
6
CONTINUOUS
10
5.0831692913385824
20
-3.1937007874015748
11
5.0546259842519685
21
-3.1937007874015748
0
LINE
8
BLACK
6
CONTINUOUS
10
4.9526149212598423
20
-3.2270440157480316
11
4.9526579527559056
21
-3.2270376377952754
0
LINE
8
BLACK
6
CONTINUOUS
10
4.9526579527559056
20
-3.2270376377952754
11
4.9528734251968505
21
-3.2270694881889761
0
LINE
8
BLACK
6
CONTINUOUS
10
4.9528734251968505
20
-3.2270694881889761
11
4.9530904724409446
21
-3.2270908661417321
0
LINE
8
BLACK
6
CONTINUOUS
10
4.9530904724409446
20
-3.2270908661417321
11
4.9531306692913386
21
-3.2271074803149604
0
LINE
8
BLACK
6
CONTINUOUS
10
4.9531306692913386
20
-3.2271074803149604
11
4.9532305511811021
21
-3.227122283464567
0
LINE
8
BLACK
6
CONTINUOUS
10
4.9532305511811021
20
-3.227122283464567
11
4.9607296062992123
21
-3.2289970472440945
0
LINE
8
BLACK
6
CONTINUOUS
10
4.9607296062992123
20
-3.2289970472440945
11
4.9607720866141731
21
-3.2290122047244094
0
LINE
8
BLACK
6
CONTINUOUS
10
4.9607720866141731
20
-3.2290122047244094
11
4.9607933464566925
21
-3.2290137401574803
0
LINE
8
BLACK
6
CONTINUOUS
10
4.9607933464566925
20
-3.2290137401574803
11
4.9610327559055118
21
-3.2291053543307084
0
LINE
8
BLACK
6
CONTINUOUS
10
4.9610327559055118
20
-3.2291053543307084
11
4.9612747244094484
21
-3.2291918110236222
0
LINE
8
BLACK
6
CONTINUOUS
10
4.9612747244094484
20
-3.2291918110236222
11
4.9612918503937005
21
-3.2292044881889761
0
LINE
8
BLACK
6
CONTINUOUS
10
4.9612918503937005
20
-3.2292044881889761
11
4.9613339763779525
21
-3.2292206299212598
0
LINE
8
BLACK
6
CONTINUOUS
10
4.9613339763779525
20
-3.2292206299212598
11
4.9650835039370076
21
-3.2310953937007874
0
LINE
8
BLACK
6
CONTINUOUS
10
4.9650835039370076
20
-3.2310953937007874
11
4.9653313779527561
21
-3.2312514173228344
0
LINE
8
BLACK
6
CONTINUOUS
10
4.9653313779527561
20
-3.2312514173228344
11
4.9654034251968504
21
-3.2312812598425196
0
LINE
8
BLACK
6
CONTINUOUS
10
4.9654034251968504
20
-3.2312812598425196
11
4.9654844488188976
21
-3.2313477559055119
0
LINE
8
BLACK
6
CONTINUOUS
10
4.9654844488188976
20
-3.2313477559055119
11
4.9655733858267714
21
-3.2314037401574804
0
LINE
8
BLACK
6
CONTINUOUS
10
4.9655733858267714
20
-3.2314037401574804
11
4.9656245275590551
21
-3.2314627165354328
0
LINE
8
BLACK
6
CONTINUOUS
10
4.9656245275590551
20
-3.2314627165354328
11
4.9658508661417322
21
-3.2316484645669292
0
LINE
8
BLACK
6
CONTINUOUS
10
4.9658508661417322
20
-3.2316484645669292
11
4.9677256692913385
21
-3.2335232283464568
0
LINE
8
BLACK
6
CONTINUOUS
10
4.9677256692913385
20
-3.2335232283464568
11
4.9679114173228349
21
-3.2337495669291338
0
LINE
8
BLACK
6
CONTINUOUS
10
4.9679114173228349
20
-3.2337495669291338
11
4.9679704724409444
21
-3.2338007874015746
0
LINE
8
BLACK
6
CONTINUOUS
10
4.9679704724409444
20
-3.2338007874015746
11
4.9680264566929129
21
-3.2338897244094489
0
LINE
8
BLACK
6
CONTINUOUS
10
4.9680264566929129
20
-3.2338897244094489
11
4.9680929133858269
21
-3.2339707086614173
0
LINE
8
BLACK
6
CONTINUOUS
10
4.9680929133858269
20
-3.2339707086614173
11
4.9681227165354329
21
-3.2340426377952753
0
LINE
8
BLACK
6
CONTINUOUS
10
4.9681227165354329
20
-3.2340426377952753
11
4.9682788188976374
21
-3.2342906692913385
0
LINE
8
BLACK
6
CONTINUOUS
10
4.9682788188976374
20
-3.2342906692913385
11
4.970153582677165
21
-3.2380401968503936
0
LINE
8
BLACK
6
CONTINUOUS
10
4.970153582677165
20
-3.2380401968503936
11
4.9703604724409445
21
-3.2385807874015748
0
LINE
8
BLACK
6
CONTINUOUS
10
4.9703604724409445
20
-3.2385807874015748
11
4.9703679921259845
21
-3.238686653543307
0
LINE
8
BLACK
6
CONTINUOUS
10
4.9703679921259845
20
-3.238686653543307
11
4.9704085826771651
21
-3.2387846456692913
0
LINE
8
BLACK
6
CONTINUOUS
10
4.9704085826771651
20
-3.2387846456692913
11
4.9704653149606299
21
-3.2393607086614171
0
LINE
8
BLACK
6
CONTINUOUS
10
4.9704653149606299
20
-3.2393607086614171
11
4.9704653149606299
21
-3.2431102362204722
0
LINE
8
BLACK
6
CONTINUOUS
10
4.9704653149606299
20
-3.2431102362204722
11
4.9704085826771651
21
-3.2436862992125985
0
LINE
8
BLACK
6
CONTINUOUS
10
4.9704085826771651
20
-3.2436862992125985
11
4.9703679921259845
21
-3.2437842519685041
0
LINE
8
BLACK
6
CONTINUOUS
10
4.9703679921259845
20
-3.2437842519685041
11
4.9703604724409445
21
-3.243890157480315
0
LINE
8
BLACK
6
CONTINUOUS
10
4.9703604724409445
20
-3.243890157480315
11
4.970153582677165
21
-3.2444307480314958
0
LINE
8
BLACK
6
CONTINUOUS
10
4.970153582677165
20
-3.2444307480314958
11
4.9682788188976374
21
-3.2481802755905509
0
LINE
8
BLACK
6
CONTINUOUS
10
4.9682788188976374
20
-3.2481802755905509
11
4.9681227165354329
21
-3.2484282677165353
0
LINE
8
BLACK
6
CONTINUOUS
10
4.9681227165354329
20
-3.2484282677165353
11
4.9680929133858269
21
-3.2485002362204725
0
LINE
8
BLACK
6
CONTINUOUS
10
4.9680929133858269
20
-3.2485002362204725
11
4.9680264566929129
21
-3.2485811811023622
0
LINE
8
BLACK
6
CONTINUOUS
10
4.9680264566929129
20
-3.2485811811023622
11
4.9679704724409444
21
-3.2486701574803147
0
LINE
8
BLACK
6
CONTINUOUS
10
4.9679704724409444
20
-3.2486701574803147
11
4.9679114173228349
21
-3.2487213385826772
0
LINE
8
BLACK
6
CONTINUOUS
10
4.9679114173228349
20
-3.2487213385826772
11
4.9677256692913385
21
-3.248947716535433
0
LINE
8
BLACK
6
CONTINUOUS
10
4.9677256692913385
20
-3.248947716535433
11
4.9658508661417322
21
-3.2508224803149606
0
LINE
8
BLACK
6
CONTINUOUS
10
4.9658508661417322
20
-3.2508224803149606
11
4.9656245275590551
21
-3.2510081889763778
0
LINE
8
BLACK
6
CONTINUOUS
10
4.9656245275590551
20
-3.2510081889763778
11
4.9655733858267714
21
-3.2510672047244094
0
LINE
8
BLACK
6
CONTINUOUS
10
4.9655733858267714
20
-3.2510672047244094
11
4.9654844488188976
21
-3.2511231496062991
0
LINE
8
BLACK
6
CONTINUOUS
10
4.9654844488188976
20
-3.2511231496062991
11
4.9654034251968504
21
-3.2511896850393702
0
LINE
8
BLACK
6
CONTINUOUS
10
4.9654034251968504
20
-3.2511896850393702
11
4.9653313779527561
21
-3.2512194881889762
0
LINE
8
BLACK
6
CONTINUOUS
10
4.9653313779527561
20
-3.2512194881889762
11
4.9650835039370076
21
-3.2513755511811024
0
LINE
8
BLACK
6
CONTINUOUS
10
4.9650835039370076
20
-3.2513755511811024
11
4.9613339763779525
21
-3.25325031496063
0
LINE
8
BLACK
6
CONTINUOUS
10
4.9613339763779525
20
-3.25325031496063
11
4.9612918503937005
21
-3.2532664173228345
0
LINE
8
BLACK
6
CONTINUOUS
10
4.9612918503937005
20
-3.2532664173228345
11
4.9612747244094484
21
-3.2532791338582676
0
LINE
8
BLACK
6
CONTINUOUS
10
4.9612747244094484
20
-3.2532791338582676
11
4.9610327559055118
21
-3.2533655511811022
0
LINE
8
BLACK
6
CONTINUOUS
10
4.9610327559055118
20
-3.2533655511811022
11
4.9607933464566925
21
-3.2534572047244095
0
LINE
8
BLACK
6
CONTINUOUS
10
4.9607933464566925
20
-3.2534572047244095
11
4.9607720866141731
21
-3.2534587007874016
0
LINE
8
BLACK
6
CONTINUOUS
10
4.9607720866141731
20
-3.2534587007874016
11
4.9607296062992123
21
-3.2534738976377953
0
LINE
8
BLACK
6
CONTINUOUS
10
4.9607296062992123
20
-3.2534738976377953
11
4.9532305511811021
21
-3.2553486614173228
0
LINE
8
BLACK
6
CONTINUOUS
10
4.9532305511811021
20
-3.2553486614173228
11
4.9531306692913386
21
-3.2553634251968502
0
LINE
8
BLACK
6
CONTINUOUS
10
4.9531306692913386
20
-3.2553634251968502
11
4.9530904724409446
21
-3.2553800787401572
0
LINE
8
BLACK
6
CONTINUOUS
10
4.9530904724409446
20
-3.2553800787401572
11
4.9528734251968505
21
-3.2554014173228345
0
LINE
8
BLACK
6
CONTINUOUS
10
4.9528734251968505
20
-3.2554014173228345
11
4.9526579527559056
21
-3.2554333070866139
0
LINE
8
BLACK
6
CONTINUOUS
10
4.9526579527559056
20
-3.2554333070866139
11
4.9526149212598423
21
-3.2554268897637795
0
LINE
8
BLACK
6
CONTINUOUS
10
4.9526149212598423
20
-3.2554268897637795
11
4.9525144094488187
21
-3.255436811023622
0
LINE
8
BLACK
6
CONTINUOUS
10
4.9525144094488187
20
-3.255436811023622
11
4.9431405905511809
21
-3.255436811023622
0
LINE
8
BLACK
6
CONTINUOUS
10
4.9431405905511809
20
-3.255436811023622
11
4.9430400393700786
21
-3.2554268897637795
0
LINE
8
BLACK
6
CONTINUOUS
10
4.9430400393700786
20
-3.2554268897637795
11
4.9429970472440941
21
-3.2554333070866139
0
LINE
8
BLACK
6
CONTINUOUS
10
4.9429970472440941
20
-3.2554333070866139
11
4.9427815354330704
21
-3.2554014173228345
0
LINE
8
BLACK
6
CONTINUOUS
10
4.9427815354330704
20
-3.2554014173228345
11
4.9425645275590551
21
-3.2553800787401572
0
LINE
8
BLACK
6
CONTINUOUS
10
4.9425645275590551
20
-3.2553800787401572
11
4.9425242913385823
21
-3.2553634251968502
0
LINE
8
BLACK
6
CONTINUOUS
10
4.9425242913385823
20
-3.2553634251968502
11
4.9424244488188975
21
-3.2553486614173228
0
LINE
8
BLACK
6
CONTINUOUS
10
4.9424244488188975
20
-3.2553486614173228
11
4.9349253937007873
21
-3.2534738976377953
0
LINE
8
BLACK
6
CONTINUOUS
10
4.9349253937007873
20
-3.2534738976377953
11
4.9348828740157478
21
-3.2534587007874016
0
LINE
8
BLACK
6
CONTINUOUS
10
4.9348828740157478
20
-3.2534587007874016
11
4.9348616141732284
21
-3.2534572047244095
0
LINE
8
BLACK
6
CONTINUOUS
10
4.9348616141732284
20
-3.2534572047244095
11
4.9346218503937003
21
-3.2533654330708659
0
LINE
8
BLACK
6
CONTINUOUS
10
4.9346218503937003
20
-3.2533654330708659
11
4.9343802755905513
21
-3.2532791338582676
0
LINE
8
BLACK
6
CONTINUOUS
10
4.9343802755905513
20
-3.2532791338582676
11
4.9343631102362204
21
-3.2532664173228345
0
LINE
8
BLACK
6
CONTINUOUS
10
4.9343631102362204
20
-3.2532664173228345
11
4.9343210236220472
21
-3.25325031496063
0
LINE
8
BLACK
6
CONTINUOUS
10
4.9343210236220472
20
-3.25325031496063
11
4.9305714960629921
21
-3.2513755511811024
0
LINE
8
BLACK
6
CONTINUOUS
10
4.9305714960629921
20
-3.2513755511811024
11
4.9303234645669294
21
-3.2512194488188975
0
LINE
8
BLACK
6
CONTINUOUS
10
4.9303234645669294
20
-3.2512194488188975
11
4.9302515354330705
21
-3.2511896456692915
0
LINE
8
BLACK
6
CONTINUOUS
10
4.9302515354330705
20
-3.2511896456692915
11
4.930170551181102
21
-3.2511231496062991
0
LINE
8
BLACK
6
CONTINUOUS
10
4.930170551181102
20
-3.2511231496062991
11
4.9300816141732282
21
-3.2510672047244094
0
LINE
8
BLACK
6
CONTINUOUS
10
4.9300816141732282
20
-3.2510672047244094
11
4.9300304330708657
21
-3.2510081889763778
0
LINE
8
BLACK
6
CONTINUOUS
10
4.9300304330708657
20
-3.2510081889763778
11
4.9298040944881887
21
-3.2508224409448818
0
LINE
8
BLACK
6
CONTINUOUS
10
4.9298040944881887
20
-3.2508224409448818
11
4.9279293307086611
21
-3.2489476771653543
0
LINE
8
BLACK
6
CONTINUOUS
10
4.9279293307086611
20
-3.2489476771653543
11
4.9277435433070869
21
-3.2487212992125984
0
LINE
8
BLACK
6
CONTINUOUS
10
4.9277435433070869
20
-3.2487212992125984
11
4.927684566929134
21
-3.2486701574803147
0
LINE
8
BLACK
6
CONTINUOUS
10
4.927684566929134
20
-3.2486701574803147
11
4.9276285826771655
21
-3.2485811811023622
0
LINE
8
BLACK
6
CONTINUOUS
10
4.9276285826771655
20
-3.2485811811023622
11
4.9275621259842515
21
-3.2485002362204725
0
LINE
8
BLACK
6
CONTINUOUS
10
4.9275621259842515
20
-3.2485002362204725
11
4.9275322834645667
21
-3.2484282677165353
0
LINE
8
BLACK
6
CONTINUOUS
10
4.9275322834645667
20
-3.2484282677165353
11
4.9273762204724409
21
-3.2481802755905509
0
LINE
8
BLACK
6
CONTINUOUS
10
4.9273762204724409
20
-3.2481802755905509
11
4.9255014566929134
21
-3.2444307480314958
0
LINE
8
BLACK
6
CONTINUOUS
10
4.9255014566929134
20
-3.2444307480314958
11
4.9252945669291339
21
-3.2438901181102362
0
LINE
8
BLACK
6
CONTINUOUS
10
4.9252945669291339
20
-3.2438901181102362
11
4.9252870472440939
21
-3.2437842913385828
0
LINE
8
BLACK
6
CONTINUOUS
10
4.9252870472440939
20
-3.2437842913385828
11
4.9252464566929133
21
-3.2436862992125985
0
LINE
8
BLACK
6
CONTINUOUS
10
4.9252464566929133
20
-3.2436862992125985
11
4.9251897244094485
21
-3.2431102362204722
0
LINE
8
BLACK
6
CONTINUOUS
10
4.9251897244094485
20
-3.2431102362204722
11
4.9251897244094485
21
-3.2393607086614171
0
LINE
8
BLACK
6
CONTINUOUS
10
4.9251897244094485
20
-3.2393607086614171
11
4.9252464566929133
21
-3.2387846456692913
0
LINE
8
BLACK
6
CONTINUOUS
10
4.9252464566929133
20
-3.2387846456692913
11
4.9252870472440939
21
-3.2386866141732282
0
LINE
8
BLACK
6
CONTINUOUS
10
4.9252870472440939
20
-3.2386866141732282
11
4.9252945669291339
21
-3.2385808267716536
0
LINE
8
BLACK
6
CONTINUOUS
10
4.9252945669291339
20
-3.2385808267716536
11
4.9255014566929134
21
-3.2380401968503936
0
LINE
8
BLACK
6
CONTINUOUS
10
4.9255014566929134
20
-3.2380401968503936
11
4.9273762204724409
21
-3.2342906692913385
0
LINE
8
BLACK
6
CONTINUOUS
10
4.9273762204724409
20
-3.2342906692913385
11
4.9275322834645667
21
-3.2340426377952753
0
LINE
8
BLACK
6
CONTINUOUS
10
4.9275322834645667
20
-3.2340426377952753
11
4.9275621259842515
21
-3.2339707086614173
0
LINE
8
BLACK
6
CONTINUOUS
10
4.9275621259842515
20
-3.2339707086614173
11
4.9276285826771655
21
-3.2338897244094489
0
LINE
8
BLACK
6
CONTINUOUS
10
4.9276285826771655
20
-3.2338897244094489
11
4.927684566929134
21
-3.2338007874015746
0
LINE
8
BLACK
6
CONTINUOUS
10
4.927684566929134
20
-3.2338007874015746
11
4.9277435433070869
21
-3.2337496062992126
0
LINE
8
BLACK
6
CONTINUOUS
10
4.9277435433070869
20
-3.2337496062992126
11
4.9279293307086611
21
-3.2335232677165355
0
LINE
8
BLACK
6
CONTINUOUS
10
4.9279293307086611
20
-3.2335232677165355
11
4.9298040944881887
21
-3.231648503937008
0
LINE
8
BLACK
6
CONTINUOUS
10
4.9298040944881887
20
-3.231648503937008
11
4.9300304330708657
21
-3.2314627165354328
0
LINE
8
BLACK
6
CONTINUOUS
10
4.9300304330708657
20
-3.2314627165354328
11
4.9300816141732282
21
-3.2314037401574804
0
LINE
8
BLACK
6
CONTINUOUS
10
4.9300816141732282
20
-3.2314037401574804
11
4.930170551181102
21
-3.2313477559055119
0
LINE
8
BLACK
6
CONTINUOUS
10
4.930170551181102
20
-3.2313477559055119
11
4.9302515354330705
21
-3.2312812992125983
0
LINE
8
BLACK
6
CONTINUOUS
10
4.9302515354330705
20
-3.2312812992125983
11
4.9303234645669294
21
-3.2312514566929131
0
LINE
8
BLACK
6
CONTINUOUS
10
4.9303234645669294
20
-3.2312514566929131
11
4.9305714960629921
21
-3.2310953937007874
0
LINE
8
BLACK
6
CONTINUOUS
10
4.9305714960629921
20
-3.2310953937007874
11
4.9343210236220472
21
-3.2292206299212598
0
LINE
8
BLACK
6
CONTINUOUS
10
4.9343210236220472
20
-3.2292206299212598
11
4.9343631102362204
21
-3.2292044881889761
0
LINE
8
BLACK
6
CONTINUOUS
10
4.9343631102362204
20
-3.2292044881889761
11
4.9343802755905513
21
-3.2291918110236222
0
LINE
8
BLACK
6
CONTINUOUS
10
4.9343802755905513
20
-3.2291918110236222
11
4.9346218503937003
21
-3.2291054724409447
0
LINE
8
BLACK
6
CONTINUOUS
10
4.9346218503937003
20
-3.2291054724409447
11
4.9348616141732284
21
-3.2290137401574803
0
LINE
8
BLACK
6
CONTINUOUS
10
4.9348616141732284
20
-3.2290137401574803
11
4.9348828740157478
21
-3.2290122047244094
0
LINE
8
BLACK
6
CONTINUOUS
10
4.9348828740157478
20
-3.2290122047244094
11
4.9349253937007873
21
-3.2289970472440945
0
LINE
8
BLACK
6
CONTINUOUS
10
4.9349253937007873
20
-3.2289970472440945
11
4.9424244488188975
21
-3.227122283464567
0
LINE
8
BLACK
6
CONTINUOUS
10
4.9424244488188975
20
-3.227122283464567
11
4.9425242913385823
21
-3.2271074803149604
0
LINE
8
BLACK
6
CONTINUOUS
10
4.9425242913385823
20
-3.2271074803149604
11
4.9425645275590551
21
-3.2270908661417321
0
LINE
8
BLACK
6
CONTINUOUS
10
4.9425645275590551
20
-3.2270908661417321
11
4.9427815354330704
21
-3.2270694881889761
0
LINE
8
BLACK
6
CONTINUOUS
10
4.9427815354330704
20
-3.2270694881889761
11
4.9429970472440941
21
-3.2270376377952754
0
LINE
8
BLACK
6
CONTINUOUS
10
4.9429970472440941
20
-3.2270376377952754
11
4.9430400393700786
21
-3.2270440157480316
0
LINE
8
BLACK
6
CONTINUOUS
10
4.9430400393700786
20
-3.2270440157480316
11
4.9431405905511809
21
-3.2270341338582678
0
LINE
8
BLACK
6
CONTINUOUS
10
4.9431405905511809
20
-3.2270341338582678
11
4.9525144094488187
21
-3.2270341338582678
0
LINE
8
BLACK
6
CONTINUOUS
10
4.9525144094488187
20
-3.2270341338582678
11
4.9526149212598423
21
-3.2270440157480316
0
LINE
8
BLACK
6
CONTINUOUS
10
4.9366720866141733
20
-3.2346476377952755
11
4.9336411023622047
21
-3.2361631496062992
0
LINE
8
BLACK
6
CONTINUOUS
10
4.9336411023622047
20
-3.2361631496062992
11
4.9324439763779528
21
-3.2373602755905511
0
LINE
8
BLACK
6
CONTINUOUS
10
4.9324439763779528
20
-3.2373602755905511
11
4.9310952362204725
21
-3.2400577559055117
0
LINE
8
BLACK
6
CONTINUOUS
10
4.9310952362204725
20
-3.2400577559055117
11
4.9310952362204725
21
-3.2424131889763781
0
LINE
8
BLACK
6
CONTINUOUS
10
4.9310952362204725
20
-3.2424131889763781
11
4.9324439763779528
21
-3.2451106692913383
0
LINE
8
BLACK
6
CONTINUOUS
10
4.9324439763779528
20
-3.2451106692913383
11
4.9336411023622047
21
-3.2463077952755905
0
LINE
8
BLACK
6
CONTINUOUS
10
4.9336411023622047
20
-3.2463077952755905
11
4.9366720866141733
21
-3.2478232677165355
0
LINE
8
BLACK
6
CONTINUOUS
10
4.9366720866141733
20
-3.2478232677165355
11
4.9435041338582675
21
-3.2495312992125984
0
LINE
8
BLACK
6
CONTINUOUS
10
4.9435041338582675
20
-3.2495312992125984
11
4.9521508661417322
21
-3.2495312992125984
0
LINE
8
BLACK
6
CONTINUOUS
10
4.9521508661417322
20
-3.2495312992125984
11
4.9589829133858263
21
-3.2478232677165355
0
LINE
8
BLACK
6
CONTINUOUS
10
4.9589829133858263
20
-3.2478232677165355
11
4.962013897637795
21
-3.2463077559055118
0
LINE
8
BLACK
6
CONTINUOUS
10
4.962013897637795
20
-3.2463077559055118
11
4.9632110629921256
21
-3.24511062992126
0
LINE
8
BLACK
6
CONTINUOUS
10
4.9632110629921256
20
-3.24511062992126
11
4.9645598031496059
21
-3.2424131889763781
0
LINE
8
BLACK
6
CONTINUOUS
10
4.9645598031496059
20
-3.2424131889763781
11
4.9645598031496059
21
-3.2400577559055117
0
LINE
8
BLACK
6
CONTINUOUS
10
4.9645598031496059
20
-3.2400577559055117
11
4.9632110629921256
21
-3.2373602755905511
0
LINE
8
BLACK
6
CONTINUOUS
10
4.9632110629921256
20
-3.2373602755905511
11
4.962013897637795
21
-3.2361631496062992
0
LINE
8
BLACK
6
CONTINUOUS
10
4.962013897637795
20
-3.2361631496062992
11
4.9589829133858263
21
-3.2346476377952755
0
LINE
8
BLACK
6
CONTINUOUS
10
4.9589829133858263
20
-3.2346476377952755
11
4.9521508661417322
21
-3.2329396456692914
0
LINE
8
BLACK
6
CONTINUOUS
10
4.9521508661417322
20
-3.2329396456692914
11
4.9435041338582675
21
-3.2329396456692914
0
LINE
8
BLACK
6
CONTINUOUS
10
4.9435041338582675
20
-3.2329396456692914
11
4.9366720866141733
21
-3.2346476377952755
0
LINE
8
BLACK
6
CONTINUOUS
10
6.4606745669291339
20
-3.1627285826771652
11
6.4617399212598423
21
-3.163793937007874
0
LINE
8
BLACK
6
CONTINUOUS
10
6.4617399212598423
20
-3.163793937007874
11
6.4618897637795278
21
-3.164547244094488
0
LINE
8
BLACK
6
CONTINUOUS
10
6.4618897637795278
20
-3.164547244094488
11
6.4618897637795278
21
-3.2432874015748032
0
LINE
8
BLACK
6
CONTINUOUS
10
6.4618897637795278
20
-3.2432874015748032
11
6.4617399212598423
21
-3.2440407086614171
0
LINE
8
BLACK
6
CONTINUOUS
10
6.4617399212598423
20
-3.2440407086614171
11
6.4606745669291339
21
-3.245106062992126
0
LINE
8
BLACK
6
CONTINUOUS
10
6.4606745669291339
20
-3.245106062992126
11
6.4599212598425195
21
-3.2452559055118111
0
LINE
8
BLACK
6
CONTINUOUS
10
6.4599212598425195
20
-3.2452559055118111
11
6.4126771653543306
21
-3.2452559055118111
0
LINE
8
BLACK
6
CONTINUOUS
10
6.4126771653543306
20
-3.2452559055118111
11
6.4119238582677163
21
-3.245106062992126
0
LINE
8
BLACK
6
CONTINUOUS
10
6.4119238582677163
20
-3.245106062992126
11
6.4108585039370078
21
-3.2440407086614171
0
LINE
8
BLACK
6
CONTINUOUS
10
6.4108585039370078
20
-3.2440407086614171
11
6.4107086614173223
21
-3.2432874015748032
0
LINE
8
BLACK
6
CONTINUOUS
10
6.4107086614173223
20
-3.2432874015748032
11
6.4107086614173223
21
-3.164547244094488
0
LINE
8
BLACK
6
CONTINUOUS
10
6.4107086614173223
20
-3.164547244094488
11
6.4108585039370078
21
-3.163793937007874
0
LINE
8
BLACK
6
CONTINUOUS
10
6.4108585039370078
20
-3.163793937007874
11
6.4119238582677163
21
-3.1627285826771652
0
LINE
8
BLACK
6
CONTINUOUS
10
6.4119238582677163
20
-3.1627285826771652
11
6.4126771653543306
21
-3.1625787401574801
0
LINE
8
BLACK
6
CONTINUOUS
10
6.4126771653543306
20
-3.1625787401574801
11
6.4599212598425195
21
-3.1625787401574801
0
LINE
8
BLACK
6
CONTINUOUS
10
6.4599212598425195
20
-3.1625787401574801
11
6.4606745669291339
21
-3.1627285826771652
0
LINE
8
BLACK
6
CONTINUOUS
10
6.4146456692913381
20
-3.1665157480314958
11
6.4146456692913381
21
-3.2413188976377953
0
LINE
8
BLACK
6
CONTINUOUS
10
6.4146456692913381
20
-3.2413188976377953
11
6.4579527559055121
21
-3.2413188976377953
0
LINE
8
BLACK
6
CONTINUOUS
10
6.4579527559055121
20
-3.2413188976377953
11
6.4579527559055121
21
-3.1665157480314958
0
LINE
8
BLACK
6
CONTINUOUS
10
6.4579527559055121
20
-3.1665157480314958
11
6.4146456692913381
21
-3.1665157480314958
0
LINE
8
BLACK
6
CONTINUOUS
10
5.9231881889763782
20
-3.1343872834645667
11
5.9238266929133854
21
-3.1348139370078738
0
LINE
8
BLACK
6
CONTINUOUS
10
5.9238266929133854
20
-3.1348139370078738
11
5.9572333070866144
21
-3.1682205511811024
0
LINE
8
BLACK
6
CONTINUOUS
10
5.9572333070866144
20
-3.1682205511811024
11
5.9576599212598422
21
-3.1688590157480316
0
LINE
8
BLACK
6
CONTINUOUS
10
5.9576599212598422
20
-3.1688590157480316
11
5.9576600393700785
21
-3.1688591338582675
0
LINE
8
BLACK
6
CONTINUOUS
10
5.9576600393700785
20
-3.1688591338582675
11
5.9576600393700785
21
-3.1703657874015749
0
LINE
8
BLACK
6
CONTINUOUS
10
5.9576600393700785
20
-3.1703657874015749
11
5.9572333464566931
21
-3.1710044094488188
0
LINE
8
BLACK
6
CONTINUOUS
10
5.9572333464566931
20
-3.1710044094488188
11
5.9015555905511814
21
-3.2266821259842517
0
LINE
8
BLACK
6
CONTINUOUS
10
5.9015555905511814
20
-3.2266821259842517
11
5.9009169685039371
21
-3.2271088582677163
0
LINE
8
BLACK
6
CONTINUOUS
10
5.9009169685039371
20
-3.2271088582677163
11
5.8994103543307084
21
-3.2271088582677163
0
LINE
8
BLACK
6
CONTINUOUS
10
5.8994103543307084
20
-3.2271088582677163
11
5.8987717322834641
21
-3.2266821259842517
0
LINE
8
BLACK
6
CONTINUOUS
10
5.8987717322834641
20
-3.2266821259842517
11
5.865365118110236
21
-3.1932755118110236
0
LINE
8
BLACK
6
CONTINUOUS
10
5.865365118110236
20
-3.1932755118110236
11
5.8649383858267718
21
-3.1926368897637794
0
LINE
8
BLACK
6
CONTINUOUS
10
5.8649383858267718
20
-3.1926368897637794
11
5.8649383858267718
21
-3.1911302755905511
0
LINE
8
BLACK
6
CONTINUOUS
10
5.8649383858267718
20
-3.1911302755905511
11
5.865365118110236
21
-3.1904916535433072
0
LINE
8
BLACK
6
CONTINUOUS
10
5.865365118110236
20
-3.1904916535433072
11
5.9210428346456689
21
-3.1348138976377951
0
LINE
8
BLACK
6
CONTINUOUS
10
5.9210428346456689
20
-3.1348138976377951
11
5.9216814566929132
21
-3.1343872047244092
0
LINE
8
BLACK
6
CONTINUOUS
10
5.9216814566929132
20
-3.1343872047244092
11
5.9231881102362207
21
-3.1343872047244092
0
LINE
8
BLACK
6
CONTINUOUS
10
5.9231881102362207
20
-3.1343872047244092
11
5.9231881889763782
21
-3.1343872834645667
0
LINE
8
BLACK
6
CONTINUOUS
10
5.8695409055118111
20
-3.1918835826771654
11
5.900163622047244
21
-3.2225062992125983
0
LINE
8
BLACK
6
CONTINUOUS
10
5.900163622047244
20
-3.2225062992125983
11
5.9530574803149605
21
-3.1696124409448818
0
LINE
8
BLACK
6
CONTINUOUS
10
5.9530574803149605
20
-3.1696124409448818
11
5.9224347637795276
21
-3.1389897244094489
0
LINE
8
BLACK
6
CONTINUOUS
10
5.9224347637795276
20
-3.1389897244094489
11
5.8695409055118111
21
-3.1918835826771654
0
LINE
8
BLACK
6
CONTINUOUS
10
5.8188005511811021
20
-3.1564333070866142
11
5.8198659055118105
21
-3.1574986614173226
0
LINE
8
BLACK
6
CONTINUOUS
10
5.8198659055118105
20
-3.1574986614173226
11
5.820015748031496
21
-3.158251968503937
0
LINE
8
BLACK
6
CONTINUOUS
10
5.820015748031496
20
-3.158251968503937
11
5.820015748031496
21
-3.2212440944881888
0
LINE
8
BLACK
6
CONTINUOUS
10
5.820015748031496
20
-3.2212440944881888
11
5.8198659055118105
21
-3.2219974015748032
0
LINE
8
BLACK
6
CONTINUOUS
10
5.8198659055118105
20
-3.2219974015748032
11
5.8188005511811021
21
-3.2230627559055116
0
LINE
8
BLACK
6
CONTINUOUS
10
5.8188005511811021
20
-3.2230627559055116
11
5.8180472440944877
21
-3.2232125984251967
0
LINE
8
BLACK
6
CONTINUOUS
10
5.8180472440944877
20
-3.2232125984251967
11
5.7865511811023618
21
-3.2232125984251967
0
LINE
8
BLACK
6
CONTINUOUS
10
5.7865511811023618
20
-3.2232125984251967
11
5.7857978740157483
21
-3.2230627559055116
0
LINE
8
BLACK
6
CONTINUOUS
10
5.7857978740157483
20
-3.2230627559055116
11
5.784732519685039
21
-3.2219974015748032
0
LINE
8
BLACK
6
CONTINUOUS
10
5.784732519685039
20
-3.2219974015748032
11
5.7845826771653543
21
-3.2212440944881888
0
LINE
8
BLACK
6
CONTINUOUS
10
5.7845826771653543
20
-3.2212440944881888
11
5.7845826771653543
21
-3.158251968503937
0
LINE
8
BLACK
6
CONTINUOUS
10
5.7845826771653543
20
-3.158251968503937
11
5.784732519685039
21
-3.1574986614173226
0
LINE
8
BLACK
6
CONTINUOUS
10
5.784732519685039
20
-3.1574986614173226
11
5.7857978740157483
21
-3.1564333070866142
0
LINE
8
BLACK
6
CONTINUOUS
10
5.7857978740157483
20
-3.1564333070866142
11
5.7865511811023618
21
-3.1562834645669291
0
LINE
8
BLACK
6
CONTINUOUS
10
5.7865511811023618
20
-3.1562834645669291
11
5.8180472440944877
21
-3.1562834645669291
0
LINE
8
BLACK
6
CONTINUOUS
10
5.8180472440944877
20
-3.1562834645669291
11
5.8188005511811021
21
-3.1564333070866142
0
LINE
8
BLACK
6
CONTINUOUS
10
5.7885196850393701
20
-3.1602204724409448
11
5.7885196850393701
21
-3.219275590551181
0
LINE
8
BLACK
6
CONTINUOUS
10
5.7885196850393701
20
-3.219275590551181
11
5.8160787401574803
21
-3.219275590551181
0
LINE
8
BLACK
6
CONTINUOUS
10
5.8160787401574803
20
-3.219275590551181
11
5.8160787401574803
21
-3.1602204724409448
0
LINE
8
BLACK
6
CONTINUOUS
10
5.8160787401574803
20
-3.1602204724409448
11
5.7885196850393701
21
-3.1602204724409448
0
LINE
8
BLACK
6
CONTINUOUS
10
4.9380923622047241
20
-3.1895955511811023
11
4.9381903543307084
21
-3.1896361417322834
0
LINE
8
BLACK
6
CONTINUOUS
10
4.9381903543307084
20
-3.1896361417322834
11
4.9382961811023618
21
-3.1896436614173229
0
LINE
8
BLACK
6
CONTINUOUS
10
4.9382961811023618
20
-3.1896436614173229
11
4.9388368110236218
21
-3.1898505511811024
0
LINE
8
BLACK
6
CONTINUOUS
10
4.9388368110236218
20
-3.1898505511811024
11
4.9425863385826769
21
-3.1917253149606299
0
LINE
8
BLACK
6
CONTINUOUS
10
4.9425863385826769
20
-3.1917253149606299
11
4.9428343307086617
21
-3.1918813779527557
0
LINE
8
BLACK
6
CONTINUOUS
10
4.9428343307086617
20
-3.1918813779527557
11
4.9429062992125985
21
-3.1919112204724409
0
LINE
8
BLACK
6
CONTINUOUS
10
4.9429062992125985
20
-3.1919112204724409
11
4.9429872440944882
21
-3.1919776771653541
0
LINE
8
BLACK
6
CONTINUOUS
10
4.9429872440944882
20
-3.1919776771653541
11
4.9430762204724408
21
-3.1920336614173226
0
LINE
8
BLACK
6
CONTINUOUS
10
4.9430762204724408
20
-3.1920336614173226
11
4.9431273622047245
21
-3.1920926377952754
0
LINE
8
BLACK
6
CONTINUOUS
10
4.9431273622047245
20
-3.1920926377952754
11
4.9433537401574803
21
-3.1922784251968501
0
LINE
8
BLACK
6
CONTINUOUS
10
4.9433537401574803
20
-3.1922784251968501
11
4.9450153543307085
21
-3.1939400393700788
0
LINE
8
BLACK
6
CONTINUOUS
10
4.9450153543307085
20
-3.1939400393700788
11
4.9466769685039367
21
-3.1922784251968501
0
LINE
8
BLACK
6
CONTINUOUS
10
4.9466769685039367
20
-3.1922784251968501
11
4.9469033070866137
21
-3.1920926377952754
0
LINE
8
BLACK
6
CONTINUOUS
10
4.9469033070866137
20
-3.1920926377952754
11
4.9469544881889762
21
-3.1920336614173226
0
LINE
8
BLACK
6
CONTINUOUS
10
4.9469544881889762
20
-3.1920336614173226
11
4.94704342519685
21
-3.1919776771653541
0
LINE
8
BLACK
6
CONTINUOUS
10
4.94704342519685
20
-3.1919776771653541
11
4.9471244094488185
21
-3.1919112204724409
0
LINE
8
BLACK
6
CONTINUOUS
10
4.9471244094488185
20
-3.1919112204724409
11
4.9471963385826774
21
-3.1918813779527557
0
LINE
8
BLACK
6
CONTINUOUS
10
4.9471963385826774
20
-3.1918813779527557
11
4.9474443700787401
21
-3.1917253149606299
0
LINE
8
BLACK
6
CONTINUOUS
10
4.9474443700787401
20
-3.1917253149606299
11
4.9511938976377952
21
-3.1898505511811024
0
LINE
8
BLACK
6
CONTINUOUS
10
4.9511938976377952
20
-3.1898505511811024
11
4.9517344881889764
21
-3.1896436614173229
0
LINE
8
BLACK
6
CONTINUOUS
10
4.9517344881889764
20
-3.1896436614173229
11
4.9518403543307086
21
-3.1896361023622046
0
LINE
8
BLACK
6
CONTINUOUS
10
4.9518403543307086
20
-3.1896361023622046
11
4.9519383464566928
21
-3.1895955511811023
0
LINE
8
BLACK
6
CONTINUOUS
10
4.9519383464566928
20
-3.1895955511811023
11
4.9525144094488187
21
-3.1895388188976379
0
LINE
8
BLACK
6
CONTINUOUS
10
4.9525144094488187
20
-3.1895388188976379
11
4.9600134645669289
21
-3.1895388188976379
0
LINE
8
BLACK
6
CONTINUOUS
10
4.9600134645669289
20
-3.1895388188976379
11
4.9605895275590548
21
-3.1895955511811023
0
LINE
8
BLACK
6
CONTINUOUS
10
4.9605895275590548
20
-3.1895955511811023
11
4.9606875196850391
21
-3.1896361417322834
0
LINE
8
BLACK
6
CONTINUOUS
10
4.9606875196850391
20
-3.1896361417322834
11
4.9607933464566925
21
-3.1896436614173229
0
LINE
8
BLACK
6
CONTINUOUS
10
4.9607933464566925
20
-3.1896436614173229
11
4.9613339763779525
21
-3.1898505511811024
0
LINE
8
BLACK
6
CONTINUOUS
10
4.9613339763779525
20
-3.1898505511811024
11
4.9650835039370076
21
-3.1917253149606299
0
LINE
8
BLACK
6
CONTINUOUS
10
4.9650835039370076
20
-3.1917253149606299
11
4.9653313779527561
21
-3.191881338582677
0
LINE
8
BLACK
6
CONTINUOUS
10
4.9653313779527561
20
-3.191881338582677
11
4.9654034251968504
21
-3.1919111811023622
0
LINE
8
BLACK
6
CONTINUOUS
10
4.9654034251968504
20
-3.1919111811023622
11
4.9654844488188976
21
-3.1919776771653541
0
LINE
8
BLACK
6
CONTINUOUS
10
4.9654844488188976
20
-3.1919776771653541
11
4.9655733858267714
21
-3.1920336614173226
0
LINE
8
BLACK
6
CONTINUOUS
10
4.9655733858267714
20
-3.1920336614173226
11
4.9656245275590551
21
-3.1920926377952754
0
LINE
8
BLACK
6
CONTINUOUS
10
4.9656245275590551
20
-3.1920926377952754
11
4.9658508661417322
21
-3.1922783858267714
0
LINE
8
BLACK
6
CONTINUOUS
10
4.9658508661417322
20
-3.1922783858267714
11
4.9677256692913385
21
-3.1941531496062989
0
LINE
8
BLACK
6
CONTINUOUS
10
4.9677256692913385
20
-3.1941531496062989
11
4.9679114173228349
21
-3.1943794881889764
0
LINE
8
BLACK
6
CONTINUOUS
10
4.9679114173228349
20
-3.1943794881889764
11
4.9679704724409444
21
-3.1944307086614172
0
LINE
8
BLACK
6
CONTINUOUS
10
4.9679704724409444
20
-3.1944307086614172
11
4.9680264566929129
21
-3.1945196456692915
0
LINE
8
BLACK
6
CONTINUOUS
10
4.9680264566929129
20
-3.1945196456692915
11
4.9680929133858269
21
-3.1946006299212599
0
LINE
8
BLACK
6
CONTINUOUS
10
4.9680929133858269
20
-3.1946006299212599
11
4.9681227165354329
21
-3.1946725590551179
0
LINE
8
BLACK
6
CONTINUOUS
10
4.9681227165354329
20
-3.1946725590551179
11
4.9682788188976374
21
-3.194920590551181
0
LINE
8
BLACK
6
CONTINUOUS
10
4.9682788188976374
20
-3.194920590551181
11
4.970153582677165
21
-3.1986701181102362
0
LINE
8
BLACK
6
CONTINUOUS
10
4.970153582677165
20
-3.1986701181102362
11
4.9703604724409445
21
-3.1992107086614174
0
LINE
8
BLACK
6
CONTINUOUS
10
4.9703604724409445
20
-3.1992107086614174
11
4.9703679921259845
21
-3.1993165748031496
0
LINE
8
BLACK
6
CONTINUOUS
10
4.9703679921259845
20
-3.1993165748031496
11
4.9704085826771651
21
-3.1994145669291338
0
LINE
8
BLACK
6
CONTINUOUS
10
4.9704085826771651
20
-3.1994145669291338
11
4.9704653149606299
21
-3.1999906299212597
0
LINE
8
BLACK
6
CONTINUOUS
10
4.9704653149606299
20
-3.1999906299212597
11
4.9704653149606299
21
-3.2074896850393699
0
LINE
8
BLACK
6
CONTINUOUS
10
4.9704653149606299
20
-3.2074896850393699
11
4.9704085826771651
21
-3.2080657480314958
0
LINE
8
BLACK
6
CONTINUOUS
10
4.9704085826771651
20
-3.2080657480314958
11
4.9703679921259845
21
-3.2081637007874013
0
LINE
8
BLACK
6
CONTINUOUS
10
4.9703679921259845
20
-3.2081637007874013
11
4.9703604724409445
21
-3.2082696062992127
0
LINE
8
BLACK
6
CONTINUOUS
10
4.9703604724409445
20
-3.2082696062992127
11
4.970153582677165
21
-3.2088101968503935
0
LINE
8
BLACK
6
CONTINUOUS
10
4.970153582677165
20
-3.2088101968503935
11
4.9682788188976374
21
-3.2125597244094486
0
LINE
8
BLACK
6
CONTINUOUS
10
4.9682788188976374
20
-3.2125597244094486
11
4.9681227165354329
21
-3.212807716535433
0
LINE
8
BLACK
6
CONTINUOUS
10
4.9681227165354329
20
-3.212807716535433
11
4.9680929133858269
21
-3.2128796850393702
0
LINE
8
BLACK
6
CONTINUOUS
10
4.9680929133858269
20
-3.2128796850393702
11
4.9680264566929129
21
-3.2129606299212599
0
LINE
8
BLACK
6
CONTINUOUS
10
4.9680264566929129
20
-3.2129606299212599
11
4.9679704724409444
21
-3.2130496062992124
0
LINE
8
BLACK
6
CONTINUOUS
10
4.9679704724409444
20
-3.2130496062992124
11
4.9679114173228349
21
-3.2131007874015749
0
LINE
8
BLACK
6
CONTINUOUS
10
4.9679114173228349
20
-3.2131007874015749
11
4.9677256692913385
21
-3.2133271653543307
0
LINE
8
BLACK
6
CONTINUOUS
10
4.9677256692913385
20
-3.2133271653543307
11
4.9658508661417322
21
-3.2152019291338583
0
LINE
8
BLACK
6
CONTINUOUS
10
4.9658508661417322
20
-3.2152019291338583
11
4.9656245275590551
21
-3.2153876377952755
0
LINE
8
BLACK
6
CONTINUOUS
10
4.9656245275590551
20
-3.2153876377952755
11
4.9655733858267714
21
-3.2154466535433071
0
LINE
8
BLACK
6
CONTINUOUS
10
4.9655733858267714
20
-3.2154466535433071
11
4.9654844488188976
21
-3.2155025984251968
0
LINE
8
BLACK
6
CONTINUOUS
10
4.9654844488188976
20
-3.2155025984251968
11
4.9654034251968504
21
-3.2155691338582675
0
LINE
8
BLACK
6
CONTINUOUS
10
4.9654034251968504
20
-3.2155691338582675
11
4.9653313779527561
21
-3.2155989370078739
0
LINE
8
BLACK
6
CONTINUOUS
10
4.9653313779527561
20
-3.2155989370078739
11
4.9650835039370076
21
-3.2157550000000001
0
LINE
8
BLACK
6
CONTINUOUS
10
4.9650835039370076
20
-3.2157550000000001
11
4.9613339763779525
21
-3.2176297637795277
0
LINE
8
BLACK
6
CONTINUOUS
10
4.9613339763779525
20
-3.2176297637795277
11
4.9607933464566925
21
-3.2178366535433072
0
LINE
8
BLACK
6
CONTINUOUS
10
4.9607933464566925
20
-3.2178366535433072
11
4.9606875196850391
21
-3.2178441338582675
0
LINE
8
BLACK
6
CONTINUOUS
10
4.9606875196850391
20
-3.2178441338582675
11
4.9605895275590548
21
-3.2178847637795274
0
LINE
8
BLACK
6
CONTINUOUS
10
4.9605895275590548
20
-3.2178847637795274
11
4.9600134645669289
21
-3.2179414960629922
0
LINE
8
BLACK
6
CONTINUOUS
10
4.9600134645669289
20
-3.2179414960629922
11
4.9525144094488187
21
-3.2179414960629922
0
LINE
8
BLACK
6
CONTINUOUS
10
4.9525144094488187
20
-3.2179414960629922
11
4.9519383464566928
21
-3.2178847637795274
0
LINE
8
BLACK
6
CONTINUOUS
10
4.9519383464566928
20
-3.2178847637795274
11
4.9518403543307086
21
-3.2178441732283463
0
LINE
8
BLACK
6
CONTINUOUS
10
4.9518403543307086
20
-3.2178441732283463
11
4.9517344881889764
21
-3.2178366535433072
0
LINE
8
BLACK
6
CONTINUOUS
10
4.9517344881889764
20
-3.2178366535433072
11
4.9511938976377952
21
-3.2176297637795277
0
LINE
8
BLACK
6
CONTINUOUS
10
4.9511938976377952
20
-3.2176297637795277
11
4.9474443700787401
21
-3.2157550000000001
0
LINE
8
BLACK
6
CONTINUOUS
10
4.9474443700787401
20
-3.2157550000000001
11
4.9471963385826774
21
-3.2155988976377952
0
LINE
8
BLACK
6
CONTINUOUS
10
4.9471963385826774
20
-3.2155988976377952
11
4.9471244094488185
21
-3.2155690944881887
0
LINE
8
BLACK
6
CONTINUOUS
10
4.9471244094488185
20
-3.2155690944881887
11
4.94704342519685
21
-3.2155025984251968
0
LINE
8
BLACK
6
CONTINUOUS
10
4.94704342519685
20
-3.2155025984251968
11
4.9469544881889762
21
-3.2154466535433071
0
LINE
8
BLACK
6
CONTINUOUS
10
4.9469544881889762
20
-3.2154466535433071
11
4.9469033070866137
21
-3.2153876377952755
0
LINE
8
BLACK
6
CONTINUOUS
10
4.9469033070866137
20
-3.2153876377952755
11
4.9466769685039367
21
-3.2152018897637795
0
LINE
8
BLACK
6
CONTINUOUS
10
4.9466769685039367
20
-3.2152018897637795
11
4.9450153543307085
21
-3.2135402755905509
0
LINE
8
BLACK
6
CONTINUOUS
10
4.9450153543307085
20
-3.2135402755905509
11
4.9433537401574803
21
-3.2152018897637795
0
LINE
8
BLACK
6
CONTINUOUS
10
4.9433537401574803
20
-3.2152018897637795
11
4.9431273622047245
21
-3.2153876377952755
0
LINE
8
BLACK
6
CONTINUOUS
10
4.9431273622047245
20
-3.2153876377952755
11
4.9430762204724408
21
-3.2154466535433071
0
LINE
8
BLACK
6
CONTINUOUS
10
4.9430762204724408
20
-3.2154466535433071
11
4.9429872440944882
21
-3.2155025984251968
0
LINE
8
BLACK
6
CONTINUOUS
10
4.9429872440944882
20
-3.2155025984251968
11
4.9429062992125985
21
-3.2155690944881887
0
LINE
8
BLACK
6
CONTINUOUS
10
4.9429062992125985
20
-3.2155690944881887
11
4.9428343307086617
21
-3.2155988976377952
0
LINE
8
BLACK
6
CONTINUOUS
10
4.9428343307086617
20
-3.2155988976377952
11
4.9425863385826769
21
-3.2157550000000001
0
LINE
8
BLACK
6
CONTINUOUS
10
4.9425863385826769
20
-3.2157550000000001
11
4.9388368110236218
21
-3.2176297637795277
0
LINE
8
BLACK
6
CONTINUOUS
10
4.9388368110236218
20
-3.2176297637795277
11
4.9382961811023618
21
-3.2178366535433072
0
LINE
8
BLACK
6
CONTINUOUS
10
4.9382961811023618
20
-3.2178366535433072
11
4.9381903543307084
21
-3.2178441338582675
0
LINE
8
BLACK
6
CONTINUOUS
10
4.9381903543307084
20
-3.2178441338582675
11
4.9380923622047241
21
-3.2178847637795274
0
LINE
8
BLACK
6
CONTINUOUS
10
4.9380923622047241
20
-3.2178847637795274
11
4.9375162992125983
21
-3.2179414960629922
0
LINE
8
BLACK
6
CONTINUOUS
10
4.9375162992125983
20
-3.2179414960629922
11
4.9356415354330707
21
-3.2179414960629922
0
LINE
8
BLACK
6
CONTINUOUS
10
4.9356415354330707
20
-3.2179414960629922
11
4.9350654724409448
21
-3.2178847637795274
0
LINE
8
BLACK
6
CONTINUOUS
10
4.9350654724409448
20
-3.2178847637795274
11
4.9349674803149606
21
-3.2178441732283463
0
LINE
8
BLACK
6
CONTINUOUS
10
4.9349674803149606
20
-3.2178441732283463
11
4.9348616141732284
21
-3.2178366535433072
0
LINE
8
BLACK
6
CONTINUOUS
10
4.9348616141732284
20
-3.2178366535433072
11
4.9343210236220472
21
-3.2176297637795277
0
LINE
8
BLACK
6
CONTINUOUS
10
4.9343210236220472
20
-3.2176297637795277
11
4.9305714960629921
21
-3.2157550000000001
0
LINE
8
BLACK
6
CONTINUOUS
10
4.9305714960629921
20
-3.2157550000000001
11
4.9303234645669294
21
-3.2155988976377952
0
LINE
8
BLACK
6
CONTINUOUS
10
4.9303234645669294
20
-3.2155988976377952
11
4.9302515354330705
21
-3.2155690944881887
0
LINE
8
BLACK
6
CONTINUOUS
10
4.9302515354330705
20
-3.2155690944881887
11
4.930170551181102
21
-3.2155025984251968
0
LINE
8
BLACK
6
CONTINUOUS
10
4.930170551181102
20
-3.2155025984251968
11
4.9300816141732282
21
-3.2154466535433071
0
LINE
8
BLACK
6
CONTINUOUS
10
4.9300816141732282
20
-3.2154466535433071
11
4.9300304330708657
21
-3.2153876377952755
0
LINE
8
BLACK
6
CONTINUOUS
10
4.9300304330708657
20
-3.2153876377952755
11
4.9298040944881887
21
-3.2152018897637795
0
LINE
8
BLACK
6
CONTINUOUS
10
4.9298040944881887
20
-3.2152018897637795
11
4.9279293307086611
21
-3.213327125984252
0
LINE
8
BLACK
6
CONTINUOUS
10
4.9279293307086611
20
-3.213327125984252
11
4.9277435433070869
21
-3.2131007480314961
0
LINE
8
BLACK
6
CONTINUOUS
10
4.9277435433070869
20
-3.2131007480314961
11
4.927684566929134
21
-3.2130496062992124
0
LINE
8
BLACK
6
CONTINUOUS
10
4.927684566929134
20
-3.2130496062992124
11
4.9276285826771655
21
-3.2129606299212599
0
LINE
8
BLACK
6
CONTINUOUS
10
4.9276285826771655
20
-3.2129606299212599
11
4.9275621259842515
21
-3.2128796850393702
0
LINE
8
BLACK
6
CONTINUOUS
10
4.9275621259842515
20
-3.2128796850393702
11
4.9275322834645667
21
-3.212807716535433
0
LINE
8
BLACK
6
CONTINUOUS
10
4.9275322834645667
20
-3.212807716535433
11
4.9273762204724409
21
-3.2125597244094486
0
LINE
8
BLACK
6
CONTINUOUS
10
4.9273762204724409
20
-3.2125597244094486
11
4.9255014566929134
21
-3.2088101968503935
0
LINE
8
BLACK
6
CONTINUOUS
10
4.9255014566929134
20
-3.2088101968503935
11
4.9252945669291339
21
-3.2082695669291339
0
LINE
8
BLACK
6
CONTINUOUS
10
4.9252945669291339
20
-3.2082695669291339
11
4.9252870472440939
21
-3.2081637401574801
0
LINE
8
BLACK
6
CONTINUOUS
10
4.9252870472440939
20
-3.2081637401574801
11
4.9252464566929133
21
-3.2080657480314958
0
LINE
8
BLACK
6
CONTINUOUS
10
4.9252464566929133
20
-3.2080657480314958
11
4.9251897244094485
21
-3.2074896850393699
0
LINE
8
BLACK
6
CONTINUOUS
10
4.9251897244094485
20
-3.2074896850393699
11
4.9251897244094485
21
-3.1999906299212597
0
LINE
8
BLACK
6
CONTINUOUS
10
4.9251897244094485
20
-3.1999906299212597
11
4.9252464566929133
21
-3.1994145669291338
0
LINE
8
BLACK
6
CONTINUOUS
10
4.9252464566929133
20
-3.1994145669291338
11
4.9252870472440939
21
-3.1993165354330708
0
LINE
8
BLACK
6
CONTINUOUS
10
4.9252870472440939
20
-3.1993165354330708
11
4.9252945669291339
21
-3.1992107480314962
0
LINE
8
BLACK
6
CONTINUOUS
10
4.9252945669291339
20
-3.1992107480314962
11
4.9255014566929134
21
-3.1986701181102362
0
LINE
8
BLACK
6
CONTINUOUS
10
4.9255014566929134
20
-3.1986701181102362
11
4.9273762204724409
21
-3.194920590551181
0
LINE
8
BLACK
6
CONTINUOUS
10
4.9273762204724409
20
-3.194920590551181
11
4.9275322834645667
21
-3.1946725590551179
0
LINE
8
BLACK
6
CONTINUOUS
10
4.9275322834645667
20
-3.1946725590551179
11
4.9275621259842515
21
-3.1946006299212599
0
LINE
8
BLACK
6
CONTINUOUS
10
4.9275621259842515
20
-3.1946006299212599
11
4.9276285826771655
21
-3.1945196456692915
0
LINE
8
BLACK
6
CONTINUOUS
10
4.9276285826771655
20
-3.1945196456692915
11
4.927684566929134
21
-3.1944307086614172
0
LINE
8
BLACK
6
CONTINUOUS
10
4.927684566929134
20
-3.1944307086614172
11
4.9277435433070869
21
-3.1943795275590552
0
LINE
8
BLACK
6
CONTINUOUS
10
4.9277435433070869
20
-3.1943795275590552
11
4.9279293307086611
21
-3.1941531889763777
0
LINE
8
BLACK
6
CONTINUOUS
10
4.9279293307086611
20
-3.1941531889763777
11
4.9298040944881887
21
-3.1922784251968501
0
LINE
8
BLACK
6
CONTINUOUS
10
4.9298040944881887
20
-3.1922784251968501
11
4.9300304330708657
21
-3.1920926377952754
0
LINE
8
BLACK
6
CONTINUOUS
10
4.9300304330708657
20
-3.1920926377952754
11
4.9300816141732282
21
-3.1920336614173226
0
LINE
8
BLACK
6
CONTINUOUS
10
4.9300816141732282
20
-3.1920336614173226
11
4.930170551181102
21
-3.1919776771653541
0
LINE
8
BLACK
6
CONTINUOUS
10
4.930170551181102
20
-3.1919776771653541
11
4.9302515354330705
21
-3.1919112204724409
0
LINE
8
BLACK
6
CONTINUOUS
10
4.9302515354330705
20
-3.1919112204724409
11
4.9303234645669294
21
-3.1918813779527557
0
LINE
8
BLACK
6
CONTINUOUS
10
4.9303234645669294
20
-3.1918813779527557
11
4.9305714960629921
21
-3.1917253149606299
0
LINE
8
BLACK
6
CONTINUOUS
10
4.9305714960629921
20
-3.1917253149606299
11
4.9343210236220472
21
-3.1898505511811024
0
LINE
8
BLACK
6
CONTINUOUS
10
4.9343210236220472
20
-3.1898505511811024
11
4.9348616141732284
21
-3.1896436614173229
0
LINE
8
BLACK
6
CONTINUOUS
10
4.9348616141732284
20
-3.1896436614173229
11
4.9349674803149606
21
-3.1896361023622046
0
LINE
8
BLACK
6
CONTINUOUS
10
4.9349674803149606
20
-3.1896361023622046
11
4.9350654724409448
21
-3.1895955511811023
0
LINE
8
BLACK
6
CONTINUOUS
10
4.9350654724409448
20
-3.1895955511811023
11
4.9356415354330707
21
-3.1895388188976379
0
LINE
8
BLACK
6
CONTINUOUS
10
4.9356415354330707
20
-3.1895388188976379
11
4.9375162992125983
21
-3.1895388188976379
0
LINE
8
BLACK
6
CONTINUOUS
10
4.9375162992125983
20
-3.1895388188976379
11
4.9380923622047241
21
-3.1895955511811023
0
LINE
8
BLACK
6
CONTINUOUS
10
4.9336411023622047
20
-3.1967930708661418
11
4.9324439763779528
21
-3.1979901968503937
0
LINE
8
BLACK
6
CONTINUOUS
10
4.9324439763779528
20
-3.1979901968503937
11
4.9310952362204725
21
-3.2006876771653543
0
LINE
8
BLACK
6
CONTINUOUS
10
4.9310952362204725
20
-3.2006876771653543
11
4.9310952362204725
21
-3.2067926377952753
0
LINE
8
BLACK
6
CONTINUOUS
10
4.9310952362204725
20
-3.2067926377952753
11
4.9324439763779528
21
-3.209490118110236
0
LINE
8
BLACK
6
CONTINUOUS
10
4.9324439763779528
20
-3.209490118110236
11
4.9336411023622047
21
-3.2106872440944882
0
LINE
8
BLACK
6
CONTINUOUS
10
4.9336411023622047
20
-3.2106872440944882
11
4.9363385826771653
21
-3.2120359842519686
0
LINE
8
BLACK
6
CONTINUOUS
10
4.9363385826771653
20
-3.2120359842519686
11
4.9368192519685037
21
-3.2120359842519686
0
LINE
8
BLACK
6
CONTINUOUS
10
4.9368192519685037
20
-3.2120359842519686
11
4.9395167322834643
21
-3.2106872440944882
0
LINE
8
BLACK
6
CONTINUOUS
10
4.9395167322834643
20
-3.2106872440944882
11
4.9407138582677161
21
-3.209490118110236
0
LINE
8
BLACK
6
CONTINUOUS
10
4.9407138582677161
20
-3.209490118110236
11
4.9420625984251965
21
-3.2067926377952753
0
LINE
8
BLACK
6
CONTINUOUS
10
4.9420625984251965
20
-3.2067926377952753
11
4.9420625984251965
21
-3.2006876771653543
0
LINE
8
BLACK
6
CONTINUOUS
10
4.9420625984251965
20
-3.2006876771653543
11
4.9407138582677161
21
-3.1979901968503937
0
LINE
8
BLACK
6
CONTINUOUS
10
4.9407138582677161
20
-3.1979901968503937
11
4.9395167322834643
21
-3.1967930708661418
0
LINE
8
BLACK
6
CONTINUOUS
10
4.9395167322834643
20
-3.1967930708661418
11
4.9368192519685037
21
-3.1954443307086615
0
LINE
8
BLACK
6
CONTINUOUS
10
4.9368192519685037
20
-3.1954443307086615
11
4.9363385826771653
21
-3.1954443307086615
0
LINE
8
BLACK
6
CONTINUOUS
10
4.9363385826771653
20
-3.1954443307086615
11
4.9336411023622047
21
-3.1967930708661418
0
LINE
8
BLACK
6
CONTINUOUS
10
4.9505139763779527
20
-3.1967930708661418
11
4.9493168503937008
21
-3.1979901968503937
0
LINE
8
BLACK
6
CONTINUOUS
10
4.9493168503937008
20
-3.1979901968503937
11
4.9479681102362205
21
-3.2006876771653543
0
LINE
8
BLACK
6
CONTINUOUS
10
4.9479681102362205
20
-3.2006876771653543
11
4.9479681102362205
21
-3.2067926377952753
0
LINE
8
BLACK
6
CONTINUOUS
10
4.9479681102362205
20
-3.2067926377952753
11
4.9493168503937008
21
-3.209490118110236
0
LINE
8
BLACK
6
CONTINUOUS
10
4.9493168503937008
20
-3.209490118110236
11
4.9505139763779527
21
-3.2106872440944882
0
LINE
8
BLACK
6
CONTINUOUS
10
4.9505139763779527
20
-3.2106872440944882
11
4.9532114566929133
21
-3.2120359842519686
0
LINE
8
BLACK
6
CONTINUOUS
10
4.9532114566929133
20
-3.2120359842519686
11
4.9593164173228343
21
-3.2120359842519686
0
LINE
8
BLACK
6
CONTINUOUS
10
4.9593164173228343
20
-3.2120359842519686
11
4.962013897637795
21
-3.2106872047244095
0
LINE
8
BLACK
6
CONTINUOUS
10
4.962013897637795
20
-3.2106872047244095
11
4.9632110629921256
21
-3.2094900787401572
0
LINE
8
BLACK
6
CONTINUOUS
10
4.9632110629921256
20
-3.2094900787401572
11
4.9645598031496059
21
-3.2067926377952753
0
LINE
8
BLACK
6
CONTINUOUS
10
4.9645598031496059
20
-3.2067926377952753
11
4.9645598031496059
21
-3.2006876771653543
0
LINE
8
BLACK
6
CONTINUOUS
10
4.9645598031496059
20
-3.2006876771653543
11
4.9632110629921256
21
-3.1979901968503937
0
LINE
8
BLACK
6
CONTINUOUS
10
4.9632110629921256
20
-3.1979901968503937
11
4.962013897637795
21
-3.1967930708661418
0
LINE
8
BLACK
6
CONTINUOUS
10
4.962013897637795
20
-3.1967930708661418
11
4.9593164173228343
21
-3.1954443307086615
0
LINE
8
BLACK
6
CONTINUOUS
10
4.9593164173228343
20
-3.1954443307086615
11
4.9532114566929133
21
-3.1954443307086615
0
LINE
8
BLACK
6
CONTINUOUS
10
4.9532114566929133
20
-3.1954443307086615
11
4.9505139763779527
21
-3.1967930708661418
0
LINE
8
BLACK
6
CONTINUOUS
10
4.9401709448818893
20
-3.1521483464566931
11
4.9412014566929132
21
-3.1526636220472439
0
LINE
8
BLACK
6
CONTINUOUS
10
4.9412014566929132
20
-3.1526636220472439
11
4.941956299212598
21
-3.1535339763779526
0
LINE
8
BLACK
6
CONTINUOUS
10
4.941956299212598
20
-3.1535339763779526
11
4.9423206299212596
21
-3.154626968503937
0
LINE
8
BLACK
6
CONTINUOUS
10
4.9423206299212596
20
-3.154626968503937
11
4.9422389763779524
21
-3.1557761811023624
0
LINE
8
BLACK
6
CONTINUOUS
10
4.9422389763779524
20
-3.1557761811023624
11
4.9420320866141729
21
-3.1563167716535432
0
LINE
8
BLACK
6
CONTINUOUS
10
4.9420320866141729
20
-3.1563167716535432
11
4.9401573228346454
21
-3.1600662992125983
0
LINE
8
BLACK
6
CONTINUOUS
10
4.9401573228346454
20
-3.1600662992125983
11
4.9400012992125983
21
-3.1603140944881889
0
LINE
8
BLACK
6
CONTINUOUS
10
4.9400012992125983
20
-3.1603140944881889
11
4.9399714566929136
21
-3.1603862598425194
0
LINE
8
BLACK
6
CONTINUOUS
10
4.9399714566929136
20
-3.1603862598425194
11
4.9399048425196845
21
-3.1604674015748029
0
LINE
8
BLACK
6
CONTINUOUS
10
4.9399048425196845
20
-3.1604674015748029
11
4.9398489763779523
21
-3.1605561811023621
0
LINE
8
BLACK
6
CONTINUOUS
10
4.9398489763779523
20
-3.1605561811023621
11
4.9397900393700782
21
-3.1606072834645667
0
LINE
8
BLACK
6
CONTINUOUS
10
4.9397900393700782
20
-3.1606072834645667
11
4.9396042125984252
21
-3.1608337007874017
0
LINE
8
BLACK
6
CONTINUOUS
10
4.9396042125984252
20
-3.1608337007874017
11
4.937145826771653
21
-3.1632920866141729
0
LINE
8
BLACK
6
CONTINUOUS
10
4.937145826771653
20
-3.1632920866141729
11
4.9645598031496059
21
-3.1632920866141729
0
LINE
8
BLACK
6
CONTINUOUS
10
4.9645598031496059
20
-3.1632920866141729
11
4.9645598031496059
21
-3.1549962598425196
0
LINE
8
BLACK
6
CONTINUOUS
10
4.9645598031496059
20
-3.1549962598425196
11
4.9646165354330707
21
-3.1544201968503938
0
LINE
8
BLACK
6
CONTINUOUS
10
4.9646165354330707
20
-3.1544201968503938
11
4.9650574409448822
21
-3.1533557874015745
0
LINE
8
BLACK
6
CONTINUOUS
10
4.9650574409448822
20
-3.1533557874015745
11
4.9658720866141728
21
-3.1525411417322835
0
LINE
8
BLACK
6
CONTINUOUS
10
4.9658720866141728
20
-3.1525411417322835
11
4.966936496062992
21
-3.1521002362204724
0
LINE
8
BLACK
6
CONTINUOUS
10
4.966936496062992
20
-3.1521002362204724
11
4.9680886220472438
21
-3.1521002362204724
0
LINE
8
BLACK
6
CONTINUOUS
10
4.9680886220472438
20
-3.1521002362204724
11
4.969153031496063
21
-3.1525411417322835
0
LINE
8
BLACK
6
CONTINUOUS
10
4.969153031496063
20
-3.1525411417322835
11
4.9699676771653545
21
-3.1533557874015745
0
LINE
8
BLACK
6
CONTINUOUS
10
4.9699676771653545
20
-3.1533557874015745
11
4.9704085826771651
21
-3.1544201968503938
0
LINE
8
BLACK
6
CONTINUOUS
10
4.9704085826771651
20
-3.1544201968503938
11
4.9704653149606299
21
-3.1549962598425196
0
LINE
8
BLACK
6
CONTINUOUS
10
4.9704653149606299
20
-3.1549962598425196
11
4.9704653149606299
21
-3.1774934251968503
0
LINE
8
BLACK
6
CONTINUOUS
10
4.9704653149606299
20
-3.1774934251968503
11
4.9704085826771651
21
-3.1780694881889762
0
LINE
8
BLACK
6
CONTINUOUS
10
4.9704085826771651
20
-3.1780694881889762
11
4.9699676771653545
21
-3.1791338976377954
0
LINE
8
BLACK
6
CONTINUOUS
10
4.9699676771653545
20
-3.1791338976377954
11
4.969153031496063
21
-3.1799485433070864
0
LINE
8
BLACK
6
CONTINUOUS
10
4.969153031496063
20
-3.1799485433070864
11
4.9680886220472438
21
-3.1803894488188975
0
LINE
8
BLACK
6
CONTINUOUS
10
4.9680886220472438
20
-3.1803894488188975
11
4.966936496062992
21
-3.1803894488188975
0
LINE
8
BLACK
6
CONTINUOUS
10
4.966936496062992
20
-3.1803894488188975
11
4.9658720866141728
21
-3.1799485433070864
0
LINE
8
BLACK
6
CONTINUOUS
10
4.9658720866141728
20
-3.1799485433070864
11
4.9650574409448822
21
-3.1791338976377954
0
LINE
8
BLACK
6
CONTINUOUS
10
4.9650574409448822
20
-3.1791338976377954
11
4.9646165354330707
21
-3.1780694881889762
0
LINE
8
BLACK
6
CONTINUOUS
10
4.9646165354330707
20
-3.1780694881889762
11
4.9645598031496059
21
-3.1774934251968503
0
LINE
8
BLACK
6
CONTINUOUS
10
4.9645598031496059
20
-3.1774934251968503
11
4.9645598031496059
21
-3.169197598425197
0
LINE
8
BLACK
6
CONTINUOUS
10
4.9645598031496059
20
-3.169197598425197
11
4.9281424803149605
21
-3.169197598425197
0
LINE
8
BLACK
6
CONTINUOUS
10
4.9281424803149605
20
-3.169197598425197
11
4.9281403937007875
21
-3.1691973622047245
0
LINE
8
BLACK
6
CONTINUOUS
10
4.9281403937007875
20
-3.1691973622047245
11
4.9281393700787399
21
-3.169197598425197
0
LINE
8
BLACK
6
CONTINUOUS
10
4.9281393700787399
20
-3.169197598425197
11
4.9281363385826769
21
-3.169196968503937
0
LINE
8
BLACK
6
CONTINUOUS
10
4.9281363385826769
20
-3.169196968503937
11
4.9275664173228346
21
-3.1691408661417322
0
LINE
8
BLACK
6
CONTINUOUS
10
4.9275664173228346
20
-3.1691408661417322
11
4.9272962992125979
21
-3.1690289763779527
0
LINE
8
BLACK
6
CONTINUOUS
10
4.9272962992125979
20
-3.1690289763779527
11
4.9270096850393701
21
-3.168971653543307
0
LINE
8
BLACK
6
CONTINUOUS
10
4.9270096850393701
20
-3.168971653543307
11
4.9267692913385828
21
-3.1688106692913385
0
LINE
8
BLACK
6
CONTINUOUS
10
4.9267692913385828
20
-3.1688106692913385
11
4.9265020078740154
21
-3.1686999606299211
0
LINE
8
BLACK
6
CONTINUOUS
10
4.9265020078740154
20
-3.1686999606299211
11
4.9262952755905509
21
-3.1684932283464566
0
LINE
8
BLACK
6
CONTINUOUS
10
4.9262952755905509
20
-3.1684932283464566
11
4.9260524015748031
21
-3.1683305905511809
0
LINE
8
BLACK
6
CONTINUOUS
10
4.9260524015748031
20
-3.1683305905511809
11
4.9258918897637791
21
-3.1680898425196848
0
LINE
8
BLACK
6
CONTINUOUS
10
4.9258918897637791
20
-3.1680898425196848
11
4.9256873622047239
21
-3.1678853149606296
0
LINE
8
BLACK
6
CONTINUOUS
10
4.9256873622047239
20
-3.1678853149606296
11
4.9255754724409444
21
-3.1676151968503938
0
LINE
8
BLACK
6
CONTINUOUS
10
4.9255754724409444
20
-3.1676151968503938
11
4.9254133070866137
21
-3.1673719685039368
0
LINE
8
BLACK
6
CONTINUOUS
10
4.9254133070866137
20
-3.1673719685039368
11
4.9253571653543302
21
-3.167088149606299
0
LINE
8
BLACK
6
CONTINUOUS
10
4.9253571653543302
20
-3.167088149606299
11
4.9252464566929133
21
-3.1668209055118108
0
LINE
8
BLACK
6
CONTINUOUS
10
4.9252464566929133
20
-3.1668209055118108
11
4.9252464566929133
21
-3.1665285039370077
0
LINE
8
BLACK
6
CONTINUOUS
10
4.9252464566929133
20
-3.1665285039370077
11
4.9251897244094485
21
-3.1662417322834644
0
LINE
8
BLACK
6
CONTINUOUS
10
4.9251897244094485
20
-3.1662417322834644
11
4.9252464566929133
21
-3.1659580708661417
0
LINE
8
BLACK
6
CONTINUOUS
10
4.9252464566929133
20
-3.1659580708661417
11
4.9252464566929133
21
-3.1656687795275591
0
LINE
8
BLACK
6
CONTINUOUS
10
4.9252464566929133
20
-3.1656687795275591
11
4.925358307086614
21
-3.1653986614173228
0
LINE
8
BLACK
6
CONTINUOUS
10
4.925358307086614
20
-3.1653986614173228
11
4.9254156692913389
21
-3.1651120472440946
0
LINE
8
BLACK
6
CONTINUOUS
10
4.9254156692913389
20
-3.1651120472440946
11
4.9255766141732282
21
-3.1648716535433068
0
LINE
8
BLACK
6
CONTINUOUS
10
4.9255766141732282
20
-3.1648716535433068
11
4.9256873622047239
21
-3.1646043700787403
0
LINE
8
BLACK
6
CONTINUOUS
10
4.9256873622047239
20
-3.1646043700787403
11
4.9258940551181105
21
-3.1643976377952754
0
LINE
8
BLACK
6
CONTINUOUS
10
4.9258940551181105
20
-3.1643976377952754
11
4.9260567322834641
21
-3.1641547637795275
0
LINE
8
BLACK
6
CONTINUOUS
10
4.9260567322834641
20
-3.1641547637795275
11
4.9264999606299211
21
-3.1637917322834643
0
LINE
8
BLACK
6
CONTINUOUS
10
4.9264999606299211
20
-3.1637917322834643
11
4.9265020078740154
21
-3.1637897244094488
0
LINE
8
BLACK
6
CONTINUOUS
10
4.9265020078740154
20
-3.1637897244094488
11
4.9265028740157479
21
-3.1637893307086613
0
LINE
8
BLACK
6
CONTINUOUS
10
4.9265028740157479
20
-3.1637893307086613
11
4.9265045669291334
21
-3.1637879921259842
0
LINE
8
BLACK
6
CONTINUOUS
10
4.9265045669291334
20
-3.1637879921259842
11
4.9318855905511807
21
-3.1602006299212597
0
LINE
8
BLACK
6
CONTINUOUS
10
4.9318855905511807
20
-3.1602006299212597
11
4.9350895669291335
21
-3.1569966929133857
0
LINE
8
BLACK
6
CONTINUOUS
10
4.9350895669291335
20
-3.1569966929133857
11
4.9367500393700787
21
-3.1536757480314961
0
LINE
8
BLACK
6
CONTINUOUS
10
4.9367500393700787
20
-3.1536757480314961
11
4.9370583858267718
21
-3.1531858661417322
0
LINE
8
BLACK
6
CONTINUOUS
10
4.9370583858267718
20
-3.1531858661417322
11
4.9379287795275593
21
-3.152431023622047
0
LINE
8
BLACK
6
CONTINUOUS
10
4.9379287795275593
20
-3.152431023622047
11
4.9390217322834644
21
-3.1520666929133858
0
LINE
8
BLACK
6
CONTINUOUS
10
4.9390217322834644
20
-3.1520666929133858
11
4.9401709448818893
21
-3.1521483464566931
0
LINE
8
BLACK
6
CONTINUOUS
10
5.3988674015748028
20
-3.0983244488188975
11
5.3999318110236221
21
-3.0987653543307085
0
LINE
8
BLACK
6
CONTINUOUS
10
5.3999318110236221
20
-3.0987653543307085
11
5.4007464566929135
21
-3.09958
0
LINE
8
BLACK
6
CONTINUOUS
10
5.4007464566929135
20
-3.09958
11
5.4011873622047242
21
-3.1006444094488188
0
LINE
8
BLACK
6
CONTINUOUS
10
5.4011873622047242
20
-3.1006444094488188
11
5.401244094488189
21
-3.1012204724409447
0
LINE
8
BLACK
6
CONTINUOUS
10
5.401244094488189
20
-3.1012204724409447
11
5.401244094488189
21
-3.1602755905511812
0
LINE
8
BLACK
6
CONTINUOUS
10
5.401244094488189
20
-3.1602755905511812
11
5.4011873622047242
21
-3.1608516535433071
0
LINE
8
BLACK
6
CONTINUOUS
10
5.4011873622047242
20
-3.1608516535433071
11
5.4007464566929135
21
-3.1619160629921259
0
LINE
8
BLACK
6
CONTINUOUS
10
5.4007464566929135
20
-3.1619160629921259
11
5.3999318110236221
21
-3.1627307086614174
0
LINE
8
BLACK
6
CONTINUOUS
10
5.3999318110236221
20
-3.1627307086614174
11
5.3988674015748028
21
-3.1631716141732285
0
LINE
8
BLACK
6
CONTINUOUS
10
5.3988674015748028
20
-3.1631716141732285
11
5.398291338582677
21
-3.1632283464566928
0
LINE
8
BLACK
6
CONTINUOUS
10
5.398291338582677
20
-3.1632283464566928
11
5.2723070866141732
21
-3.1632283464566928
0
LINE
8
BLACK
6
CONTINUOUS
10
5.2723070866141732
20
-3.1632283464566928
11
5.2717310236220474
21
-3.1631716141732285
0
LINE
8
BLACK
6
CONTINUOUS
10
5.2717310236220474
20
-3.1631716141732285
11
5.2706666141732281
21
-3.1627307086614174
0
LINE
8
BLACK
6
CONTINUOUS
10
5.2706666141732281
20
-3.1627307086614174
11
5.2698519685039367
21
-3.1619160629921259
0
LINE
8
BLACK
6
CONTINUOUS
10
5.2698519685039367
20
-3.1619160629921259
11
5.269411062992126
21
-3.1608516535433071
0
LINE
8
BLACK
6
CONTINUOUS
10
5.269411062992126
20
-3.1608516535433071
11
5.2693543307086612
21
-3.1602755905511812
0
LINE
8
BLACK
6
CONTINUOUS
10
5.2693543307086612
20
-3.1602755905511812
11
5.2693543307086612
21
-3.1012204724409447
0
LINE
8
BLACK
6
CONTINUOUS
10
5.2693543307086612
20
-3.1012204724409447
11
5.269411062992126
21
-3.1006444094488188
0
LINE
8
BLACK
6
CONTINUOUS
10
5.269411062992126
20
-3.1006444094488188
11
5.2698519685039367
21
-3.09958
0
LINE
8
BLACK
6
CONTINUOUS
10
5.2698519685039367
20
-3.09958
11
5.2706666141732281
21
-3.0987653543307085
0
LINE
8
BLACK
6
CONTINUOUS
10
5.2706666141732281
20
-3.0987653543307085
11
5.2717310236220474
21
-3.0983244488188975
0
LINE
8
BLACK
6
CONTINUOUS
10
5.2717310236220474
20
-3.0983244488188975
11
5.2723070866141732
21
-3.0982677165354331
0
LINE
8
BLACK
6
CONTINUOUS
10
5.2723070866141732
20
-3.0982677165354331
11
5.398291338582677
21
-3.0982677165354331
0
LINE
8
BLACK
6
CONTINUOUS
10
5.398291338582677
20
-3.0982677165354331
11
5.3988674015748028
21
-3.0983244488188975
0
LINE
8
BLACK
6
CONTINUOUS
10
5.2752598425196853
20
-3.1041732283464567
11
5.2752598425196853
21
-3.1573228346456692
0
LINE
8
BLACK
6
CONTINUOUS
10
5.2752598425196853
20
-3.1573228346456692
11
5.3953385826771649
21
-3.1573228346456692
0
LINE
8
BLACK
6
CONTINUOUS
10
5.3953385826771649
20
-3.1573228346456692
11
5.3953385826771649
21
-3.1041732283464567
0
LINE
8
BLACK
6
CONTINUOUS
10
5.3953385826771649
20
-3.1041732283464567
11
5.2752598425196853
21
-3.1041732283464567
0
LINE
8
BLACK
6
CONTINUOUS
10
5.7094777165354333
20
-3.0279372440944883
11
5.7105430708661418
21
-3.0290025984251967
0
LINE
8
BLACK
6
CONTINUOUS
10
5.7105430708661418
20
-3.0290025984251967
11
5.7106929133858264
21
-3.0297559055118111
0
LINE
8
BLACK
6
CONTINUOUS
10
5.7106929133858264
20
-3.0297559055118111
11
5.7106929133858264
21
-3.1242440944881888
0
LINE
8
BLACK
6
CONTINUOUS
10
5.7106929133858264
20
-3.1242440944881888
11
5.7105430708661418
21
-3.1249974015748032
0
LINE
8
BLACK
6
CONTINUOUS
10
5.7105430708661418
20
-3.1249974015748032
11
5.7101163385826768
21
-3.1256360236220471
0
LINE
8
BLACK
6
CONTINUOUS
10
5.7101163385826768
20
-3.1256360236220471
11
5.6786202755905508
21
-3.157132086614173
0
LINE
8
BLACK
6
CONTINUOUS
10
5.6786202755905508
20
-3.157132086614173
11
5.6779816535433065
21
-3.1575588188976376
0
LINE
8
BLACK
6
CONTINUOUS
10
5.6779816535433065
20
-3.1575588188976376
11
5.6772283464566931
21
-3.1577086614173226
0
LINE
8
BLACK
6
CONTINUOUS
10
5.6772283464566931
20
-3.1577086614173226
11
5.511874015748031
21
-3.1577086614173226
0
LINE
8
BLACK
6
CONTINUOUS
10
5.511874015748031
20
-3.1577086614173226
11
5.5111207086614176
21
-3.1575588188976376
0
LINE
8
BLACK
6
CONTINUOUS
10
5.5111207086614176
20
-3.1575588188976376
11
5.5100553543307083
21
-3.1564934645669291
0
LINE
8
BLACK
6
CONTINUOUS
10
5.5100553543307083
20
-3.1564934645669291
11
5.5099055118110236
21
-3.1557401574803148
0
LINE
8
BLACK
6
CONTINUOUS
10
5.5099055118110236
20
-3.1557401574803148
11
5.5099055118110236
21
-3.0297559055118111
0
LINE
8
BLACK
6
CONTINUOUS
10
5.5099055118110236
20
-3.0297559055118111
11
5.5100553543307083
21
-3.0290025984251967
0
LINE
8
BLACK
6
CONTINUOUS
10
5.5100553543307083
20
-3.0290025984251967
11
5.5111207086614176
21
-3.0279372440944883
0
LINE
8
BLACK
6
CONTINUOUS
10
5.5111207086614176
20
-3.0279372440944883
11
5.511874015748031
21
-3.0277874015748032
0
LINE
8
BLACK
6
CONTINUOUS
10
5.511874015748031
20
-3.0277874015748032
11
5.708724409448819
21
-3.0277874015748032
0
LINE
8
BLACK
6
CONTINUOUS
10
5.708724409448819
20
-3.0277874015748032
11
5.7094777165354333
21
-3.0279372440944883
0
LINE
8
BLACK
6
CONTINUOUS
10
5.5138425196850394
20
-3.0317244094488189
11
5.5138425196850394
21
-3.1537716535433069
0
LINE
8
BLACK
6
CONTINUOUS
10
5.5138425196850394
20
-3.1537716535433069
11
5.676412992125984
21
-3.1537716535433069
0
LINE
8
BLACK
6
CONTINUOUS
10
5.676412992125984
20
-3.1537716535433069
11
5.7067559055118107
21
-3.1234287401574803
0
LINE
8
BLACK
6
CONTINUOUS
10
5.7067559055118107
20
-3.1234287401574803
11
5.7067559055118107
21
-3.0317244094488189
0
LINE
8
BLACK
6
CONTINUOUS
10
5.7067559055118107
20
-3.0317244094488189
11
5.5138425196850394
21
-3.0317244094488189
0
LINE
8
BLACK
6
CONTINUOUS
10
6.0572493700787398
20
-3.1184333070866139
11
6.0583147244094491
21
-3.1194986614173228
0
LINE
8
BLACK
6
CONTINUOUS
10
6.0583147244094491
20
-3.1194986614173228
11
6.0584645669291337
21
-3.1202519685039372
0
LINE
8
BLACK
6
CONTINUOUS
10
6.0584645669291337
20
-3.1202519685039372
11
6.0584645669291337
21
-3.1517480314960631
0
LINE
8
BLACK
6
CONTINUOUS
10
6.0584645669291337
20
-3.1517480314960631
11
6.0583147244094491
21
-3.152501338582677
0
LINE
8
BLACK
6
CONTINUOUS
10
6.0583147244094491
20
-3.152501338582677
11
6.0572493700787398
21
-3.1535666929133859
0
LINE
8
BLACK
6
CONTINUOUS
10
6.0572493700787398
20
-3.1535666929133859
11
6.0564960629921263
21
-3.153716535433071
0
LINE
8
BLACK
6
CONTINUOUS
10
6.0564960629921263
20
-3.153716535433071
11
5.9935039370078735
21
-3.153716535433071
0
LINE
8
BLACK
6
CONTINUOUS
10
5.9935039370078735
20
-3.153716535433071
11
5.9927506299212601
21
-3.1535666929133859
0
LINE
8
BLACK
6
CONTINUOUS
10
5.9927506299212601
20
-3.1535666929133859
11
5.9916852755905508
21
-3.152501338582677
0
LINE
8
BLACK
6
CONTINUOUS
10
5.9916852755905508
20
-3.152501338582677
11
5.9915354330708661
21
-3.1517480314960631
0
LINE
8
BLACK
6
CONTINUOUS
10
5.9915354330708661
20
-3.1517480314960631
11
5.9915354330708661
21
-3.1202519685039372
0
LINE
8
BLACK
6
CONTINUOUS
10
5.9915354330708661
20
-3.1202519685039372
11
5.9916852755905508
21
-3.1194986614173228
0
LINE
8
BLACK
6
CONTINUOUS
10
5.9916852755905508
20
-3.1194986614173228
11
5.9927506299212601
21
-3.1184333070866139
0
LINE
8
BLACK
6
CONTINUOUS
10
5.9927506299212601
20
-3.1184333070866139
11
5.9935039370078735
21
-3.1182834645669288
0
LINE
8
BLACK
6
CONTINUOUS
10
5.9935039370078735
20
-3.1182834645669288
11
6.0564960629921263
21
-3.1182834645669288
0
LINE
8
BLACK
6
CONTINUOUS
10
6.0564960629921263
20
-3.1182834645669288
11
6.0572493700787398
21
-3.1184333070866139
0
LINE
8
BLACK
6
CONTINUOUS
10
5.9954724409448819
20
-3.122220472440945
11
5.9954724409448819
21
-3.1497795275590552
0
LINE
8
BLACK
6
CONTINUOUS
10
5.9954724409448819
20
-3.1497795275590552
11
6.054527559055118
21
-3.1497795275590552
0
LINE
8
BLACK
6
CONTINUOUS
10
6.054527559055118
20
-3.1497795275590552
11
6.054527559055118
21
-3.122220472440945
0
LINE
8
BLACK
6
CONTINUOUS
10
6.054527559055118
20
-3.122220472440945
11
5.9954724409448819
21
-3.122220472440945
0
LINE
8
BLACK
6
CONTINUOUS
10
5.0742966141732282
20
-3.0484451181102363
11
5.0753619685039366
21
-3.0495104724409448
0
LINE
8
BLACK
6
CONTINUOUS
10
5.0753619685039366
20
-3.0495104724409448
11
5.0755118110236221
21
-3.0502637795275591
0
LINE
8
BLACK
6
CONTINUOUS
10
5.0755118110236221
20
-3.0502637795275591
11
5.0755118110236221
21
-3.1290039370078739
0
LINE
8
BLACK
6
CONTINUOUS
10
5.0755118110236221
20
-3.1290039370078739
11
5.0753619685039366
21
-3.1297572440944883
0
LINE
8
BLACK
6
CONTINUOUS
10
5.0753619685039366
20
-3.1297572440944883
11
5.0742966141732282
21
-3.1308225984251967
0
LINE
8
BLACK
6
CONTINUOUS
10
5.0742966141732282
20
-3.1308225984251967
11
5.0735433070866138
21
-3.1309724409448818
0
LINE
8
BLACK
6
CONTINUOUS
10
5.0735433070866138
20
-3.1309724409448818
11
5.0361417322834647
21
-3.1309724409448818
0
LINE
8
BLACK
6
CONTINUOUS
10
5.0361417322834647
20
-3.1309724409448818
11
5.0353884251968504
21
-3.1308225984251967
0
LINE
8
BLACK
6
CONTINUOUS
10
5.0353884251968504
20
-3.1308225984251967
11
5.0347498031496061
21
-3.1303958661417322
0
LINE
8
BLACK
6
CONTINUOUS
10
5.0347498031496061
20
-3.1303958661417322
11
5.0229387795275589
21
-3.1185848425196849
0
LINE
8
BLACK
6
CONTINUOUS
10
5.0229387795275589
20
-3.1185848425196849
11
5.0225120472440947
21
-3.1179462204724411
0
LINE
8
BLACK
6
CONTINUOUS
10
5.0225120472440947
20
-3.1179462204724411
11
5.0223622047244092
21
-3.1171929133858267
0
LINE
8
BLACK
6
CONTINUOUS
10
5.0223622047244092
20
-3.1171929133858267
11
5.0223622047244092
21
-3.0502637795275591
0
LINE
8
BLACK
6
CONTINUOUS
10
5.0223622047244092
20
-3.0502637795275591
11
5.0225120472440947
21
-3.0495104724409448
0
LINE
8
BLACK
6
CONTINUOUS
10
5.0225120472440947
20
-3.0495104724409448
11
5.0235774015748031
21
-3.0484451181102363
0
LINE
8
BLACK
6
CONTINUOUS
10
5.0235774015748031
20
-3.0484451181102363
11
5.0243307086614175
21
-3.0482952755905512
0
LINE
8
BLACK
6
CONTINUOUS
10
5.0243307086614175
20
-3.0482952755905512
11
5.0735433070866138
21
-3.0482952755905512
0
LINE
8
BLACK
6
CONTINUOUS
10
5.0735433070866138
20
-3.0482952755905512
11
5.0742966141732282
21
-3.0484451181102363
0
LINE
8
BLACK
6
CONTINUOUS
10
5.0262992125984249
20
-3.052232283464567
11
5.0262992125984249
21
-3.1163775590551182
0
LINE
8
BLACK
6
CONTINUOUS
10
5.0262992125984249
20
-3.1163775590551182
11
5.0369570866141729
21
-3.1270354330708661
0
LINE
8
BLACK
6
CONTINUOUS
10
5.0369570866141729
20
-3.1270354330708661
11
5.0715748031496064
21
-3.1270354330708661
0
LINE
8
BLACK
6
CONTINUOUS
10
5.0715748031496064
20
-3.1270354330708661
11
5.0715748031496064
21
-3.052232283464567
0
LINE
8
BLACK
6
CONTINUOUS
10
5.0715748031496064
20
-3.052232283464567
11
5.0262992125984249
21
-3.052232283464567
0
LINE
8
BLACK
6
CONTINUOUS
10
5.1441785039370078
20
-3.0554333070866142
11
5.1452438582677162
21
-3.0564986614173226
0
LINE
8
BLACK
6
CONTINUOUS
10
5.1452438582677162
20
-3.0564986614173226
11
5.1453937007874018
21
-3.057251968503937
0
LINE
8
BLACK
6
CONTINUOUS
10
5.1453937007874018
20
-3.057251968503937
11
5.1453937007874018
21
-3.1084330708661416
0
LINE
8
BLACK
6
CONTINUOUS
10
5.1453937007874018
20
-3.1084330708661416
11
5.1452438582677162
21
-3.109186377952756
0
LINE
8
BLACK
6
CONTINUOUS
10
5.1452438582677162
20
-3.109186377952756
11
5.1448171259842521
21
-3.1098249999999998
0
LINE
8
BLACK
6
CONTINUOUS
10
5.1448171259842521
20
-3.1098249999999998
11
5.1330061023622049
21
-3.1216360236220471
0
LINE
8
BLACK
6
CONTINUOUS
10
5.1330061023622049
20
-3.1216360236220471
11
5.1323674803149606
21
-3.1220627559055116
0
LINE
8
BLACK
6
CONTINUOUS
10
5.1323674803149606
20
-3.1220627559055116
11
5.1316141732283462
21
-3.1222125984251967
0
LINE
8
BLACK
6
CONTINUOUS
10
5.1316141732283462
20
-3.1222125984251967
11
5.1119291338582675
21
-3.1222125984251967
0
LINE
8
BLACK
6
CONTINUOUS
10
5.1119291338582675
20
-3.1222125984251967
11
5.1111758267716532
21
-3.1220627559055116
0
LINE
8
BLACK
6
CONTINUOUS
10
5.1111758267716532
20
-3.1220627559055116
11
5.1101104724409447
21
-3.1209974015748032
0
LINE
8
BLACK
6
CONTINUOUS
10
5.1101104724409447
20
-3.1209974015748032
11
5.1099606299212601
21
-3.1202440944881888
0
LINE
8
BLACK
6
CONTINUOUS
10
5.1099606299212601
20
-3.1202440944881888
11
5.1099606299212601
21
-3.057251968503937
0
LINE
8
BLACK
6
CONTINUOUS
10
5.1099606299212601
20
-3.057251968503937
11
5.1101104724409447
21
-3.0564986614173226
0
LINE
8
BLACK
6
CONTINUOUS
10
5.1101104724409447
20
-3.0564986614173226
11
5.1111758267716532
21
-3.0554333070866142
0
LINE
8
BLACK
6
CONTINUOUS
10
5.1111758267716532
20
-3.0554333070866142
11
5.1119291338582675
21
-3.0552834645669291
0
LINE
8
BLACK
6
CONTINUOUS
10
5.1119291338582675
20
-3.0552834645669291
11
5.1434251968503935
21
-3.0552834645669291
0
LINE
8
BLACK
6
CONTINUOUS
10
5.1434251968503935
20
-3.0552834645669291
11
5.1441785039370078
21
-3.0554333070866142
0
LINE
8
BLACK
6
CONTINUOUS
10
5.1138976377952758
20
-3.0592204724409449
11
5.1138976377952758
21
-3.118275590551181
0
LINE
8
BLACK
6
CONTINUOUS
10
5.1138976377952758
20
-3.118275590551181
11
5.1307988188976381
21
-3.118275590551181
0
LINE
8
BLACK
6
CONTINUOUS
10
5.1307988188976381
20
-3.118275590551181
11
5.141456692913386
21
-3.1076177165354331
0
LINE
8
BLACK
6
CONTINUOUS
10
5.141456692913386
20
-3.1076177165354331
11
5.141456692913386
21
-3.0592204724409449
0
LINE
8
BLACK
6
CONTINUOUS
10
5.141456692913386
20
-3.0592204724409449
11
5.1138976377952758
21
-3.0592204724409449
0
LINE
8
BLACK
6
CONTINUOUS
10
5.2229186614173226
20
-3.0554333070866142
11
5.2239840157480311
21
-3.0564986614173226
0
LINE
8
BLACK
6
CONTINUOUS
10
5.2239840157480311
20
-3.0564986614173226
11
5.2241338582677166
21
-3.057251968503937
0
LINE
8
BLACK
6
CONTINUOUS
10
5.2241338582677166
20
-3.057251968503937
11
5.2241338582677166
21
-3.1084330708661416
0
LINE
8
BLACK
6
CONTINUOUS
10
5.2241338582677166
20
-3.1084330708661416
11
5.2239840157480311
21
-3.109186377952756
0
LINE
8
BLACK
6
CONTINUOUS
10
5.2239840157480311
20
-3.109186377952756
11
5.2235572834645669
21
-3.1098249999999998
0
LINE
8
BLACK
6
CONTINUOUS
10
5.2235572834645669
20
-3.1098249999999998
11
5.2117462598425197
21
-3.1216360236220471
0
LINE
8
BLACK
6
CONTINUOUS
10
5.2117462598425197
20
-3.1216360236220471
11
5.2111076377952754
21
-3.1220627559055116
0
LINE
8
BLACK
6
CONTINUOUS
10
5.2111076377952754
20
-3.1220627559055116
11
5.2103543307086611
21
-3.1222125984251967
0
LINE
8
BLACK
6
CONTINUOUS
10
5.2103543307086611
20
-3.1222125984251967
11
5.1906692913385823
21
-3.1222125984251967
0
LINE
8
BLACK
6
CONTINUOUS
10
5.1906692913385823
20
-3.1222125984251967
11
5.189915984251968
21
-3.1220627559055116
0
LINE
8
BLACK
6
CONTINUOUS
10
5.189915984251968
20
-3.1220627559055116
11
5.1888506299212596
21
-3.1209974015748032
0
LINE
8
BLACK
6
CONTINUOUS
10
5.1888506299212596
20
-3.1209974015748032
11
5.1887007874015749
21
-3.1202440944881888
0
LINE
8
BLACK
6
CONTINUOUS
10
5.1887007874015749
20
-3.1202440944881888
11
5.1887007874015749
21
-3.057251968503937
0
LINE
8
BLACK
6
CONTINUOUS
10
5.1887007874015749
20
-3.057251968503937
11
5.1888506299212596
21
-3.0564986614173226
0
LINE
8
BLACK
6
CONTINUOUS
10
5.1888506299212596
20
-3.0564986614173226
11
5.189915984251968
21
-3.0554333070866142
0
LINE
8
BLACK
6
CONTINUOUS
10
5.189915984251968
20
-3.0554333070866142
11
5.1906692913385823
21
-3.0552834645669291
0
LINE
8
BLACK
6
CONTINUOUS
10
5.1906692913385823
20
-3.0552834645669291
11
5.2221653543307083
21
-3.0552834645669291
0
LINE
8
BLACK
6
CONTINUOUS
10
5.2221653543307083
20
-3.0552834645669291
11
5.2229186614173226
21
-3.0554333070866142
0
LINE
8
BLACK
6
CONTINUOUS
10
5.1926377952755907
20
-3.0592204724409449
11
5.1926377952755907
21
-3.118275590551181
0
LINE
8
BLACK
6
CONTINUOUS
10
5.1926377952755907
20
-3.118275590551181
11
5.2095389763779529
21
-3.118275590551181
0
LINE
8
BLACK
6
CONTINUOUS
10
5.2095389763779529
20
-3.118275590551181
11
5.2201968503937008
21
-3.1076177165354331
0
LINE
8
BLACK
6
CONTINUOUS
10
5.2201968503937008
20
-3.1076177165354331
11
5.2201968503937008
21
-3.0592204724409449
0
LINE
8
BLACK
6
CONTINUOUS
10
5.2201968503937008
20
-3.0592204724409449
11
5.1926377952755907
21
-3.0592204724409449
0
LINE
8
BLACK
6
CONTINUOUS
10
5.0481012992125986
20
-2.9612062598425197
11
5.0490585826771657
21
-2.9618473228346458
0
LINE
8
BLACK
6
CONTINUOUS
10
5.0490585826771657
20
-2.9618473228346458
11
5.0494253543307082
21
-2.9622951968503934
0
LINE
8
BLACK
6
CONTINUOUS
10
5.0494253543307082
20
-2.9622951968503934
11
5.083171102362205
21
-3.0129138582677166
0
LINE
8
BLACK
6
CONTINUOUS
10
5.083171102362205
20
-3.0129138582677166
11
5.0834434251968501
21
-3.0134246456692915
0
LINE
8
BLACK
6
CONTINUOUS
10
5.0834434251968501
20
-3.0134246456692915
11
5.0836670078740154
21
-3.0145548425196851
0
LINE
8
BLACK
6
CONTINUOUS
10
5.0836670078740154
20
-3.0145548425196851
11
5.0834410629921258
21
-3.0156845669291337
0
LINE
8
BLACK
6
CONTINUOUS
10
5.0834410629921258
20
-3.0156845669291337
11
5.0827999999999998
21
-3.0166418503937007
0
LINE
8
BLACK
6
CONTINUOUS
10
5.0827999999999998
20
-3.0166418503937007
11
5.081841377952756
21
-3.0172809448818896
0
LINE
8
BLACK
6
CONTINUOUS
10
5.081841377952756
20
-3.0172809448818896
11
5.0807111417322837
21
-3.0175044881889761
0
LINE
8
BLACK
6
CONTINUOUS
10
5.0807111417322837
20
-3.0175044881889761
11
5.0795814566929129
21
-3.0172785433070866
0
LINE
8
BLACK
6
CONTINUOUS
10
5.0795814566929129
20
-3.0172785433070866
11
5.0786241732283459
21
-3.0166374803149605
0
LINE
8
BLACK
6
CONTINUOUS
10
5.0786241732283459
20
-3.0166374803149605
11
5.0782574015748034
21
-3.0161896456692912
0
LINE
8
BLACK
6
CONTINUOUS
10
5.0782574015748034
20
-3.0161896456692912
11
5.0445116535433066
21
-2.9655709448818897
0
LINE
8
BLACK
6
CONTINUOUS
10
5.0445116535433066
20
-2.9655709448818897
11
5.0442393307086615
21
-2.9650601968503936
0
LINE
8
BLACK
6
CONTINUOUS
10
5.0442393307086615
20
-2.9650601968503936
11
5.0440157480314962
21
-2.9639299606299212
0
LINE
8
BLACK
6
CONTINUOUS
10
5.0440157480314962
20
-2.9639299606299212
11
5.0442416929133858
21
-2.9628002755905509
0
LINE
8
BLACK
6
CONTINUOUS
10
5.0442416929133858
20
-2.9628002755905509
11
5.0448827559055118
21
-2.9618429921259843
0
LINE
8
BLACK
6
CONTINUOUS
10
5.0448827559055118
20
-2.9618429921259843
11
5.0458413779527556
21
-2.961203897637795
0
LINE
8
BLACK
6
CONTINUOUS
10
5.0458413779527556
20
-2.961203897637795
11
5.0469716141732279
21
-2.9609803149606297
0
LINE
8
BLACK
6
CONTINUOUS
10
5.0469716141732279
20
-2.9609803149606297
11
5.0481012992125986
21
-2.9612062598425197
0
LINE
8
BLACK
6
CONTINUOUS
10
4.921935236220472
20
-2.9629118110236221
11
4.9229996456692913
21
-2.9633527165354332
0
LINE
8
BLACK
6
CONTINUOUS
10
4.9229996456692913
20
-2.9633527165354332
11
4.9238142913385827
21
-2.9641673622047242
0
LINE
8
BLACK
6
CONTINUOUS
10
4.9238142913385827
20
-2.9641673622047242
11
4.9242551968503934
21
-2.9652317716535435
0
LINE
8
BLACK
6
CONTINUOUS
10
4.9242551968503934
20
-2.9652317716535435
11
4.9243119291338582
21
-2.9658078346456693
0
LINE
8
BLACK
6
CONTINUOUS
10
4.9243119291338582
20
-2.9658078346456693
11
4.9243119291338582
21
-3.0051779133858267
0
LINE
8
BLACK
6
CONTINUOUS
10
4.9243119291338582
20
-3.0051779133858267
11
4.9242551968503934
21
-3.0057539763779526
0
LINE
8
BLACK
6
CONTINUOUS
10
4.9242551968503934
20
-3.0057539763779526
11
4.9238142913385827
21
-3.0068183858267714
0
LINE
8
BLACK
6
CONTINUOUS
10
4.9238142913385827
20
-3.0068183858267714
11
4.9229996456692913
21
-3.0076330314960629
0
LINE
8
BLACK
6
CONTINUOUS
10
4.9229996456692913
20
-3.0076330314960629
11
4.921935236220472
21
-3.008073937007874
0
LINE
8
BLACK
6
CONTINUOUS
10
4.921935236220472
20
-3.008073937007874
11
4.9213591732283462
21
-3.0081306692913383
0
LINE
8
BLACK
6
CONTINUOUS
10
4.9213591732283462
20
-3.0081306692913383
11
4.9026115354330706
21
-3.0081306692913383
0
LINE
8
BLACK
6
CONTINUOUS
10
4.9026115354330706
20
-3.0081306692913383
11
4.9020354724409447
21
-3.008073937007874
0
LINE
8
BLACK
6
CONTINUOUS
10
4.9020354724409447
20
-3.008073937007874
11
4.9009710629921255
21
-3.0076330314960629
0
LINE
8
BLACK
6
CONTINUOUS
10
4.9009710629921255
20
-3.0076330314960629
11
4.9001564173228349
21
-3.0068183858267714
0
LINE
8
BLACK
6
CONTINUOUS
10
4.9001564173228349
20
-3.0068183858267714
11
4.8997155118110234
21
-3.0057539763779526
0
LINE
8
BLACK
6
CONTINUOUS
10
4.8997155118110234
20
-3.0057539763779526
11
4.8997155118110234
21
-3.0046018503937009
0
LINE
8
BLACK
6
CONTINUOUS
10
4.8997155118110234
20
-3.0046018503937009
11
4.9001564173228349
21
-3.0035374409448816
0
LINE
8
BLACK
6
CONTINUOUS
10
4.9001564173228349
20
-3.0035374409448816
11
4.9009710629921255
21
-3.0027227952755906
0
LINE
8
BLACK
6
CONTINUOUS
10
4.9009710629921255
20
-3.0027227952755906
11
4.9020354724409447
21
-3.0022818897637795
0
LINE
8
BLACK
6
CONTINUOUS
10
4.9020354724409447
20
-3.0022818897637795
11
4.9026115354330706
21
-3.0022251574803147
0
LINE
8
BLACK
6
CONTINUOUS
10
4.9026115354330706
20
-3.0022251574803147
11
4.9184064173228341
21
-3.0022251574803147
0
LINE
8
BLACK
6
CONTINUOUS
10
4.9184064173228341
20
-3.0022251574803147
11
4.9184064173228341
21
-2.9875082283464565
0
LINE
8
BLACK
6
CONTINUOUS
10
4.9184064173228341
20
-2.9875082283464565
11
4.9082358267716533
21
-2.9875082283464565
0
LINE
8
BLACK
6
CONTINUOUS
10
4.9082358267716533
20
-2.9875082283464565
11
4.9076597637795274
21
-2.9874514960629921
0
LINE
8
BLACK
6
CONTINUOUS
10
4.9076597637795274
20
-2.9874514960629921
11
4.9065953543307081
21
-2.987010590551181
0
LINE
8
BLACK
6
CONTINUOUS
10
4.9065953543307081
20
-2.987010590551181
11
4.9057807086614176
21
-2.9861959448818896
0
LINE
8
BLACK
6
CONTINUOUS
10
4.9057807086614176
20
-2.9861959448818896
11
4.905339803149606
21
-2.9851315354330707
0
LINE
8
BLACK
6
CONTINUOUS
10
4.905339803149606
20
-2.9851315354330707
11
4.905339803149606
21
-2.983979409448819
0
LINE
8
BLACK
6
CONTINUOUS
10
4.905339803149606
20
-2.983979409448819
11
4.9057807086614176
21
-2.9829149999999998
0
LINE
8
BLACK
6
CONTINUOUS
10
4.9057807086614176
20
-2.9829149999999998
11
4.9065953543307081
21
-2.9821003543307087
0
LINE
8
BLACK
6
CONTINUOUS
10
4.9065953543307081
20
-2.9821003543307087
11
4.9076597637795274
21
-2.9816594488188977
0
LINE
8
BLACK
6
CONTINUOUS
10
4.9076597637795274
20
-2.9816594488188977
11
4.9082358267716533
21
-2.9816027165354329
0
LINE
8
BLACK
6
CONTINUOUS
10
4.9082358267716533
20
-2.9816027165354329
11
4.9184064173228341
21
-2.9816027165354329
0
LINE
8
BLACK
6
CONTINUOUS
10
4.9184064173228341
20
-2.9816027165354329
11
4.9184064173228341
21
-2.9687605905511809
0
LINE
8
BLACK
6
CONTINUOUS
10
4.9184064173228341
20
-2.9687605905511809
11
4.9026115354330706
21
-2.9687605905511809
0
LINE
8
BLACK
6
CONTINUOUS
10
4.9026115354330706
20
-2.9687605905511809
11
4.9020354724409447
21
-2.9687038582677165
0
LINE
8
BLACK
6
CONTINUOUS
10
4.9020354724409447
20
-2.9687038582677165
11
4.9009710629921255
21
-2.9682629527559055
0
LINE
8
BLACK
6
CONTINUOUS
10
4.9009710629921255
20
-2.9682629527559055
11
4.9001564173228349
21
-2.967448307086614
0
LINE
8
BLACK
6
CONTINUOUS
10
4.9001564173228349
20
-2.967448307086614
11
4.8997155118110234
21
-2.9663838976377952
0
LINE
8
BLACK
6
CONTINUOUS
10
4.8997155118110234
20
-2.9663838976377952
11
4.8997155118110234
21
-2.9652317716535435
0
LINE
8
BLACK
6
CONTINUOUS
10
4.8997155118110234
20
-2.9652317716535435
11
4.9001564173228349
21
-2.9641673622047242
0
LINE
8
BLACK
6
CONTINUOUS
10
4.9001564173228349
20
-2.9641673622047242
11
4.9009710629921255
21
-2.9633527165354332
0
LINE
8
BLACK
6
CONTINUOUS
10
4.9009710629921255
20
-2.9633527165354332
11
4.9020354724409447
21
-2.9629118110236221
0
LINE
8
BLACK
6
CONTINUOUS
10
4.9020354724409447
20
-2.9629118110236221
11
4.9026115354330706
21
-2.9628550787401573
0
LINE
8
BLACK
6
CONTINUOUS
10
4.9026115354330706
20
-2.9628550787401573
11
4.9213591732283462
21
-2.9628550787401573
0
LINE
8
BLACK
6
CONTINUOUS
10
4.9213591732283462
20
-2.9628550787401573
11
4.921935236220472
21
-2.9629118110236221
0
LINE
8
BLACK
6
CONTINUOUS
10
4.9417473228346456
20
-2.9633527165354332
11
4.942561968503937
21
-2.9641673622047242
0
LINE
8
BLACK
6
CONTINUOUS
10
4.942561968503937
20
-2.9641673622047242
11
4.9430028740157477
21
-2.9652317716535435
0
LINE
8
BLACK
6
CONTINUOUS
10
4.9430028740157477
20
-2.9652317716535435
11
4.9430596062992125
21
-2.9658078346456693
0
LINE
8
BLACK
6
CONTINUOUS
10
4.9430596062992125
20
-2.9658078346456693
11
4.9430596062992125
21
-2.9969817716535432
0
LINE
8
BLACK
6
CONTINUOUS
10
4.9430596062992125
20
-2.9969817716535432
11
4.9444083464566928
21
-2.9996792519685038
0
LINE
8
BLACK
6
CONTINUOUS
10
4.9444083464566928
20
-2.9996792519685038
11
4.9456054724409446
21
-3.0008764173228344
0
LINE
8
BLACK
6
CONTINUOUS
10
4.9456054724409446
20
-3.0008764173228344
11
4.9483029527559053
21
-3.0022251574803147
0
LINE
8
BLACK
6
CONTINUOUS
10
4.9483029527559053
20
-3.0022251574803147
11
4.9544079133858263
21
-3.0022251574803147
0
LINE
8
BLACK
6
CONTINUOUS
10
4.9544079133858263
20
-3.0022251574803147
11
4.9571053543307082
21
-3.0008764173228344
0
LINE
8
BLACK
6
CONTINUOUS
10
4.9571053543307082
20
-3.0008764173228344
11
4.9583024803149609
21
-2.9996792519685038
0
LINE
8
BLACK
6
CONTINUOUS
10
4.9583024803149609
20
-2.9996792519685038
11
4.95965125984252
21
-2.9969817716535432
0
LINE
8
BLACK
6
CONTINUOUS
10
4.95965125984252
20
-2.9969817716535432
11
4.95965125984252
21
-2.9658078346456693
0
LINE
8
BLACK
6
CONTINUOUS
10
4.95965125984252
20
-2.9658078346456693
11
4.9597079921259839
21
-2.9652317716535435
0
LINE
8
BLACK
6
CONTINUOUS
10
4.9597079921259839
20
-2.9652317716535435
11
4.9601488976377954
21
-2.9641673622047242
0
LINE
8
BLACK
6
CONTINUOUS
10
4.9601488976377954
20
-2.9641673622047242
11
4.9609635433070869
21
-2.9633527165354332
0
LINE
8
BLACK
6
CONTINUOUS
10
4.9609635433070869
20
-2.9633527165354332
11
4.9620279527559052
21
-2.9629118110236221
0
LINE
8
BLACK
6
CONTINUOUS
10
4.9620279527559052
20
-2.9629118110236221
11
4.963180078740157
21
-2.9629118110236221
0
LINE
8
BLACK
6
CONTINUOUS
10
4.963180078740157
20
-2.9629118110236221
11
4.9642444881889762
21
-2.9633527165354332
0
LINE
8
BLACK
6
CONTINUOUS
10
4.9642444881889762
20
-2.9633527165354332
11
4.9650591338582677
21
-2.9641673622047242
0
LINE
8
BLACK
6
CONTINUOUS
10
4.9650591338582677
20
-2.9641673622047242
11
4.9655000393700783
21
-2.9652317716535435
0
LINE
8
BLACK
6
CONTINUOUS
10
4.9655000393700783
20
-2.9652317716535435
11
4.9655567716535431
21
-2.9658078346456693
0
LINE
8
BLACK
6
CONTINUOUS
10
4.9655567716535431
20
-2.9658078346456693
11
4.9655567716535431
21
-2.9976788188976378
0
LINE
8
BLACK
6
CONTINUOUS
10
4.9655567716535431
20
-2.9976788188976378
11
4.9655000393700783
21
-2.9982548818897636
0
LINE
8
BLACK
6
CONTINUOUS
10
4.9655000393700783
20
-2.9982548818897636
11
4.9654594488188977
21
-2.9983528346456692
0
LINE
8
BLACK
6
CONTINUOUS
10
4.9654594488188977
20
-2.9983528346456692
11
4.9654519291338586
21
-2.99845874015748
0
LINE
8
BLACK
6
CONTINUOUS
10
4.9654519291338586
20
-2.99845874015748
11
4.9652450393700782
21
-2.9989993307086613
0
LINE
8
BLACK
6
CONTINUOUS
10
4.9652450393700782
20
-2.9989993307086613
11
4.9633702755905507
21
-3.0027488582677164
0
LINE
8
BLACK
6
CONTINUOUS
10
4.9633702755905507
20
-3.0027488582677164
11
4.9632142125984249
21
-3.0029967322834645
0
LINE
8
BLACK
6
CONTINUOUS
10
4.9632142125984249
20
-3.0029967322834645
11
4.9631844094488189
21
-3.0030687795275588
0
LINE
8
BLACK
6
CONTINUOUS
10
4.9631844094488189
20
-3.0030687795275588
11
4.9631178740157482
21
-3.0031498031496064
0
LINE
8
BLACK
6
CONTINUOUS
10
4.9631178740157482
20
-3.0031498031496064
11
4.9630619291338585
21
-3.0032387401574803
0
LINE
8
BLACK
6
CONTINUOUS
10
4.9630619291338585
20
-3.0032387401574803
11
4.9630029133858269
21
-3.0032898818897635
0
LINE
8
BLACK
6
CONTINUOUS
10
4.9630029133858269
20
-3.0032898818897635
11
4.9628171653543305
21
-3.0035162598425198
0
LINE
8
BLACK
6
CONTINUOUS
10
4.9628171653543305
20
-3.0035162598425198
11
4.9609424409448817
21
-3.0053910236220474
0
LINE
8
BLACK
6
CONTINUOUS
10
4.9609424409448817
20
-3.0053910236220474
11
4.9607160629921259
21
-3.0055767716535433
0
LINE
8
BLACK
6
CONTINUOUS
10
4.9607160629921259
20
-3.0055767716535433
11
4.9606648818897634
21
-3.0056358267716536
0
LINE
8
BLACK
6
CONTINUOUS
10
4.9606648818897634
20
-3.0056358267716536
11
4.9605759055118108
21
-3.0056918110236222
0
LINE
8
BLACK
6
CONTINUOUS
10
4.9605759055118108
20
-3.0056918110236222
11
4.9604949606299211
21
-3.0057582677165353
0
LINE
8
BLACK
6
CONTINUOUS
10
4.9604949606299211
20
-3.0057582677165353
11
4.9604229921259844
21
-3.0057880708661417
0
LINE
8
BLACK
6
CONTINUOUS
10
4.9604229921259844
20
-3.0057880708661417
11
4.9601749999999996
21
-3.0059441732283463
0
LINE
8
BLACK
6
CONTINUOUS
10
4.9601749999999996
20
-3.0059441732283463
11
4.9564254724409444
21
-3.0078189370078738
0
LINE
8
BLACK
6
CONTINUOUS
10
4.9564254724409444
20
-3.0078189370078738
11
4.9558848425196853
21
-3.0080258267716533
0
LINE
8
BLACK
6
CONTINUOUS
10
4.9558848425196853
20
-3.0080258267716533
11
4.955779015748031
21
-3.0080333070866141
0
LINE
8
BLACK
6
CONTINUOUS
10
4.955779015748031
20
-3.0080333070866141
11
4.9556810236220468
21
-3.008073937007874
0
LINE
8
BLACK
6
CONTINUOUS
10
4.9556810236220468
20
-3.008073937007874
11
4.9551049606299209
21
-3.0081306692913383
0
LINE
8
BLACK
6
CONTINUOUS
10
4.9551049606299209
20
-3.0081306692913383
11
4.9476059055118107
21
-3.0081306692913383
0
LINE
8
BLACK
6
CONTINUOUS
10
4.9476059055118107
20
-3.0081306692913383
11
4.9470298425196848
21
-3.008073937007874
0
LINE
8
BLACK
6
CONTINUOUS
10
4.9470298425196848
20
-3.008073937007874
11
4.9469318503937005
21
-3.0080333464566928
0
LINE
8
BLACK
6
CONTINUOUS
10
4.9469318503937005
20
-3.0080333464566928
11
4.9468259842519684
21
-3.0080258267716533
0
LINE
8
BLACK
6
CONTINUOUS
10
4.9468259842519684
20
-3.0080258267716533
11
4.9462853937007871
21
-3.0078189370078738
0
LINE
8
BLACK
6
CONTINUOUS
10
4.9462853937007871
20
-3.0078189370078738
11
4.942535866141732
21
-3.0059441732283463
0
LINE
8
BLACK
6
CONTINUOUS
10
4.942535866141732
20
-3.0059441732283463
11
4.9422878346456693
21
-3.0057880708661417
0
LINE
8
BLACK
6
CONTINUOUS
10
4.9422878346456693
20
-3.0057880708661417
11
4.9422159055118113
21
-3.0057582677165353
0
LINE
8
BLACK
6
CONTINUOUS
10
4.9422159055118113
20
-3.0057582677165353
11
4.942134921259842
21
-3.0056918110236222
0
LINE
8
BLACK
6
CONTINUOUS
10
4.942134921259842
20
-3.0056918110236222
11
4.9420459842519682
21
-3.0056358267716536
0
LINE
8
BLACK
6
CONTINUOUS
10
4.9420459842519682
20
-3.0056358267716536
11
4.9419947637795278
21
-3.0055767716535433
0
LINE
8
BLACK
6
CONTINUOUS
10
4.9419947637795278
20
-3.0055767716535433
11
4.9417684251968499
21
-3.0053910236220474
0
LINE
8
BLACK
6
CONTINUOUS
10
4.9417684251968499
20
-3.0053910236220474
11
4.9398936614173223
21
-3.003516220472441
0
LINE
8
BLACK
6
CONTINUOUS
10
4.9398936614173223
20
-3.003516220472441
11
4.9397079133858268
21
-3.0032898818897635
0
LINE
8
BLACK
6
CONTINUOUS
10
4.9397079133858268
20
-3.0032898818897635
11
4.939648937007874
21
-3.0032387401574803
0
LINE
8
BLACK
6
CONTINUOUS
10
4.939648937007874
20
-3.0032387401574803
11
4.9395929527559055
21
-3.0031498031496064
0
LINE
8
BLACK
6
CONTINUOUS
10
4.9395929527559055
20
-3.0031498031496064
11
4.9395264566929136
21
-3.0030687795275588
0
LINE
8
BLACK
6
CONTINUOUS
10
4.9395264566929136
20
-3.0030687795275588
11
4.9394966141732279
21
-3.0029967322834645
0
LINE
8
BLACK
6
CONTINUOUS
10
4.9394966141732279
20
-3.0029967322834645
11
4.9393405905511809
21
-3.0027488582677164
0
LINE
8
BLACK
6
CONTINUOUS
10
4.9393405905511809
20
-3.0027488582677164
11
4.9374658267716534
21
-2.9989993307086613
0
LINE
8
BLACK
6
CONTINUOUS
10
4.9374658267716534
20
-2.9989993307086613
11
4.9372589370078739
21
-2.9984587007874013
0
LINE
8
BLACK
6
CONTINUOUS
10
4.9372589370078739
20
-2.9984587007874013
11
4.9372514173228348
21
-2.9983528740157479
0
LINE
8
BLACK
6
CONTINUOUS
10
4.9372514173228348
20
-2.9983528740157479
11
4.9372108267716532
21
-2.9982548818897636
0
LINE
8
BLACK
6
CONTINUOUS
10
4.9372108267716532
20
-2.9982548818897636
11
4.9371540944881884
21
-2.9976788188976378
0
LINE
8
BLACK
6
CONTINUOUS
10
4.9371540944881884
20
-2.9976788188976378
11
4.9371540944881884
21
-2.9658078346456693
0
LINE
8
BLACK
6
CONTINUOUS
10
4.9371540944881884
20
-2.9658078346456693
11
4.9372108267716532
21
-2.9652317716535435
0
LINE
8
BLACK
6
CONTINUOUS
10
4.9372108267716532
20
-2.9652317716535435
11
4.9376517322834648
21
-2.9641673622047242
0
LINE
8
BLACK
6
CONTINUOUS
10
4.9376517322834648
20
-2.9641673622047242
11
4.9384663779527562
21
-2.9633527165354332
0
LINE
8
BLACK
6
CONTINUOUS
10
4.9384663779527562
20
-2.9633527165354332
11
4.9395307874015746
21
-2.9629118110236221
0
LINE
8
BLACK
6
CONTINUOUS
10
4.9395307874015746
20
-2.9629118110236221
11
4.9406829133858263
21
-2.9629118110236221
0
LINE
8
BLACK
6
CONTINUOUS
10
4.9406829133858263
20
-2.9629118110236221
11
4.9417473228346456
21
-2.9633527165354332
0
LINE
8
BLACK
6
CONTINUOUS
10
4.9961155118110234
20
-2.9633527165354332
11
4.9969301574803149
21
-2.9641673622047242
0
LINE
8
BLACK
6
CONTINUOUS
10
4.9969301574803149
20
-2.9641673622047242
11
4.9973710629921255
21
-2.9652317716535435
0
LINE
8
BLACK
6
CONTINUOUS
10
4.9973710629921255
20
-2.9652317716535435
11
4.9974277952755903
21
-2.9658078346456693
0
LINE
8
BLACK
6
CONTINUOUS
10
4.9974277952755903
20
-2.9658078346456693
11
4.9974277952755903
21
-3.0051779133858267
0
LINE
8
BLACK
6
CONTINUOUS
10
4.9974277952755903
20
-3.0051779133858267
11
4.9973710629921255
21
-3.0057539763779526
0
LINE
8
BLACK
6
CONTINUOUS
10
4.9973710629921255
20
-3.0057539763779526
11
4.9969301574803149
21
-3.0068183858267714
0
LINE
8
BLACK
6
CONTINUOUS
10
4.9969301574803149
20
-3.0068183858267714
11
4.9961155118110234
21
-3.0076330314960629
0
LINE
8
BLACK
6
CONTINUOUS
10
4.9961155118110234
20
-3.0076330314960629
11
4.9950511023622042
21
-3.008073937007874
0
LINE
8
BLACK
6
CONTINUOUS
10
4.9950511023622042
20
-3.008073937007874
11
4.9944750393700783
21
-3.0081306692913383
0
LINE
8
BLACK
6
CONTINUOUS
10
4.9944750393700783
20
-3.0081306692913383
11
4.9757274015748028
21
-3.0081306692913383
0
LINE
8
BLACK
6
CONTINUOUS
10
4.9757274015748028
20
-3.0081306692913383
11
4.9751513385826769
21
-3.008073937007874
0
LINE
8
BLACK
6
CONTINUOUS
10
4.9751513385826769
20
-3.008073937007874
11
4.9740869291338585
21
-3.0076330314960629
0
LINE
8
BLACK
6
CONTINUOUS
10
4.9740869291338585
20
-3.0076330314960629
11
4.9732722834645671
21
-3.0068183858267714
0
LINE
8
BLACK
6
CONTINUOUS
10
4.9732722834645671
20
-3.0068183858267714
11
4.9728313779527555
21
-3.0057539763779526
0
LINE
8
BLACK
6
CONTINUOUS
10
4.9728313779527555
20
-3.0057539763779526
11
4.9728313779527555
21
-3.0046018503937009
0
LINE
8
BLACK
6
CONTINUOUS
10
4.9728313779527555
20
-3.0046018503937009
11
4.9732722834645671
21
-3.0035374409448816
0
LINE
8
BLACK
6
CONTINUOUS
10
4.9732722834645671
20
-3.0035374409448816
11
4.9740869291338585
21
-3.0027227952755906
0
LINE
8
BLACK
6
CONTINUOUS
10
4.9740869291338585
20
-3.0027227952755906
11
4.9751513385826769
21
-3.0022818897637795
0
LINE
8
BLACK
6
CONTINUOUS
10
4.9751513385826769
20
-3.0022818897637795
11
4.9757274015748028
21
-3.0022251574803147
0
LINE
8
BLACK
6
CONTINUOUS
10
4.9757274015748028
20
-3.0022251574803147
11
4.9915222834645672
21
-3.0022251574803147
0
LINE
8
BLACK
6
CONTINUOUS
10
4.9915222834645672
20
-3.0022251574803147
11
4.9915222834645672
21
-2.9658078346456693
0
LINE
8
BLACK
6
CONTINUOUS
10
4.9915222834645672
20
-2.9658078346456693
11
4.9915790157480311
21
-2.9652317716535435
0
LINE
8
BLACK
6
CONTINUOUS
10
4.9915790157480311
20
-2.9652317716535435
11
4.9920199212598426
21
-2.9641673622047242
0
LINE
8
BLACK
6
CONTINUOUS
10
4.9920199212598426
20
-2.9641673622047242
11
4.9928345669291341
21
-2.9633527165354332
0
LINE
8
BLACK
6
CONTINUOUS
10
4.9928345669291341
20
-2.9633527165354332
11
4.9938989763779524
21
-2.9629118110236221
0
LINE
8
BLACK
6
CONTINUOUS
10
4.9938989763779524
20
-2.9629118110236221
11
4.9950511023622042
21
-2.9629118110236221
0
LINE
8
BLACK
6
CONTINUOUS
10
4.9950511023622042
20
-2.9629118110236221
11
4.9961155118110234
21
-2.9633527165354332
0
LINE
8
BLACK
6
CONTINUOUS
10
5.0344211811023625
20
-2.9629118110236221
11
5.0354855905511808
21
-2.9633527165354332
0
LINE
8
BLACK
6
CONTINUOUS
10
5.0354855905511808
20
-2.9633527165354332
11
5.0363002362204723
21
-2.9641673622047242
0
LINE
8
BLACK
6
CONTINUOUS
10
5.0363002362204723
20
-2.9641673622047242
11
5.0367411417322829
21
-2.9652317716535435
0
LINE
8
BLACK
6
CONTINUOUS
10
5.0367411417322829
20
-2.9652317716535435
11
5.0367978740157477
21
-2.9658078346456693
0
LINE
8
BLACK
6
CONTINUOUS
10
5.0367978740157477
20
-2.9658078346456693
11
5.0367978740157477
21
-3.0051779133858267
0
LINE
8
BLACK
6
CONTINUOUS
10
5.0367978740157477
20
-3.0051779133858267
11
5.0367411417322829
21
-3.0057539763779526
0
LINE
8
BLACK
6
CONTINUOUS
10
5.0367411417322829
20
-3.0057539763779526
11
5.0363002362204723
21
-3.0068183858267714
0
LINE
8
BLACK
6
CONTINUOUS
10
5.0363002362204723
20
-3.0068183858267714
11
5.0354855905511808
21
-3.0076330314960629
0
LINE
8
BLACK
6
CONTINUOUS
10
5.0354855905511808
20
-3.0076330314960629
11
5.0344211811023625
21
-3.008073937007874
0
LINE
8
BLACK
6
CONTINUOUS
10
5.0344211811023625
20
-3.008073937007874
11
5.0338451181102357
21
-3.0081306692913383
0
LINE
8
BLACK
6
CONTINUOUS
10
5.0338451181102357
20
-3.0081306692913383
11
5.0188470078740153
21
-3.0081306692913383
0
LINE
8
BLACK
6
CONTINUOUS
10
5.0188470078740153
20
-3.0081306692913383
11
5.0182709448818894
21
-3.008073937007874
0
LINE
8
BLACK
6
CONTINUOUS
10
5.0182709448818894
20
-3.008073937007874
11
5.0181729527559051
21
-3.0080333464566928
0
LINE
8
BLACK
6
CONTINUOUS
10
5.0181729527559051
20
-3.0080333464566928
11
5.018067086614173
21
-3.0080258267716533
0
LINE
8
BLACK
6
CONTINUOUS
10
5.018067086614173
20
-3.0080258267716533
11
5.0175264960629917
21
-3.0078189370078738
0
LINE
8
BLACK
6
CONTINUOUS
10
5.0175264960629917
20
-3.0078189370078738
11
5.0137769685039366
21
-3.0059441732283463
0
LINE
8
BLACK
6
CONTINUOUS
10
5.0137769685039366
20
-3.0059441732283463
11
5.0135289370078739
21
-3.0057880708661417
0
LINE
8
BLACK
6
CONTINUOUS
10
5.0135289370078739
20
-3.0057880708661417
11
5.0134570078740159
21
-3.0057582677165353
0
LINE
8
BLACK
6
CONTINUOUS
10
5.0134570078740159
20
-3.0057582677165353
11
5.0133760236220475
21
-3.0056918110236222
0
LINE
8
BLACK
6
CONTINUOUS
10
5.0133760236220475
20
-3.0056918110236222
11
5.0132870866141728
21
-3.0056358267716536
0
LINE
8
BLACK
6
CONTINUOUS
10
5.0132870866141728
20
-3.0056358267716536
11
5.0132358661417324
21
-3.0055767716535433
0
LINE
8
BLACK
6
CONTINUOUS
10
5.0132358661417324
20
-3.0055767716535433
11
5.0130095275590554
21
-3.0053910236220474
0
LINE
8
BLACK
6
CONTINUOUS
10
5.0130095275590554
20
-3.0053910236220474
11
5.0111347637795278
21
-3.003516220472441
0
LINE
8
BLACK
6
CONTINUOUS
10
5.0111347637795278
20
-3.003516220472441
11
5.0109490157480314
21
-3.0032898818897635
0
LINE
8
BLACK
6
CONTINUOUS
10
5.0109490157480314
20
-3.0032898818897635
11
5.0108900393700786
21
-3.0032387401574803
0
LINE
8
BLACK
6
CONTINUOUS
10
5.0108900393700786
20
-3.0032387401574803
11
5.0108340551181101
21
-3.0031498031496064
0
LINE
8
BLACK
6
CONTINUOUS
10
5.0108340551181101
20
-3.0031498031496064
11
5.0107675590551182
21
-3.0030687795275588
0
LINE
8
BLACK
6
CONTINUOUS
10
5.0107675590551182
20
-3.0030687795275588
11
5.0107377165354325
21
-3.0029967322834645
0
LINE
8
BLACK
6
CONTINUOUS
10
5.0107377165354325
20
-3.0029967322834645
11
5.0105816929133855
21
-3.0027488582677164
0
LINE
8
BLACK
6
CONTINUOUS
10
5.0105816929133855
20
-3.0027488582677164
11
5.008706929133858
21
-2.9989993307086613
0
LINE
8
BLACK
6
CONTINUOUS
10
5.008706929133858
20
-2.9989993307086613
11
5.0085000393700785
21
-2.9984587007874013
0
LINE
8
BLACK
6
CONTINUOUS
10
5.0085000393700785
20
-2.9984587007874013
11
5.0084925196850394
21
-2.9983528740157479
0
LINE
8
BLACK
6
CONTINUOUS
10
5.0084925196850394
20
-2.9983528740157479
11
5.0084519291338578
21
-2.9982548818897636
0
LINE
8
BLACK
6
CONTINUOUS
10
5.0084519291338578
20
-2.9982548818897636
11
5.0083951968503939
21
-2.9976788188976378
0
LINE
8
BLACK
6
CONTINUOUS
10
5.0083951968503939
20
-2.9976788188976378
11
5.0083951968503939
21
-2.9920545275590551
0
LINE
8
BLACK
6
CONTINUOUS
10
5.0083951968503939
20
-2.9920545275590551
11
5.0084519291338578
21
-2.9914784645669292
0
LINE
8
BLACK
6
CONTINUOUS
10
5.0084519291338578
20
-2.9914784645669292
11
5.0084925196850394
21
-2.9913804330708662
0
LINE
8
BLACK
6
CONTINUOUS
10
5.0084925196850394
20
-2.9913804330708662
11
5.0085000393700785
21
-2.9912746456692911
0
LINE
8
BLACK
6
CONTINUOUS
10
5.0085000393700785
20
-2.9912746456692911
11
5.008706929133858
21
-2.9907340157480315
0
LINE
8
BLACK
6
CONTINUOUS
10
5.008706929133858
20
-2.9907340157480315
11
5.0105816929133855
21
-2.9869844881889764
0
LINE
8
BLACK
6
CONTINUOUS
10
5.0105816929133855
20
-2.9869844881889764
11
5.0107377559055113
21
-2.9867364566929133
0
LINE
8
BLACK
6
CONTINUOUS
10
5.0107377559055113
20
-2.9867364566929133
11
5.0107675984251969
21
-2.9866645275590549
0
LINE
8
BLACK
6
CONTINUOUS
10
5.0107675984251969
20
-2.9866645275590549
11
5.0108340551181101
21
-2.9865835433070864
0
LINE
8
BLACK
6
CONTINUOUS
10
5.0108340551181101
20
-2.9865835433070864
11
5.0108900393700786
21
-2.9864946062992126
0
LINE
8
BLACK
6
CONTINUOUS
10
5.0108900393700786
20
-2.9864946062992126
11
5.0109490157480314
21
-2.9864434251968501
0
LINE
8
BLACK
6
CONTINUOUS
10
5.0109490157480314
20
-2.9864434251968501
11
5.0111348031496066
21
-2.9862170866141731
0
LINE
8
BLACK
6
CONTINUOUS
10
5.0111348031496066
20
-2.9862170866141731
11
5.0130095669291341
21
-2.9843423228346455
0
LINE
8
BLACK
6
CONTINUOUS
10
5.0130095669291341
20
-2.9843423228346455
11
5.0134570078740159
21
-2.9839751181102363
0
LINE
8
BLACK
6
CONTINUOUS
10
5.0134570078740159
20
-2.9839751181102363
11
5.0135549606299215
21
-2.9839345275590552
0
LINE
8
BLACK
6
CONTINUOUS
10
5.0135549606299215
20
-2.9839345275590552
11
5.0136351574803149
21
-2.9838649999999998
0
LINE
8
BLACK
6
CONTINUOUS
10
5.0136351574803149
20
-2.9838649999999998
11
5.0138740157480317
21
-2.9837583070866143
0
LINE
8
BLACK
6
CONTINUOUS
10
5.0138740157480317
20
-2.9837583070866143
11
5.0130095669291341
21
-2.9828938582677162
0
LINE
8
BLACK
6
CONTINUOUS
10
5.0130095669291341
20
-2.9828938582677162
11
5.012823779527559
21
-2.9826674803149604
0
LINE
8
BLACK
6
CONTINUOUS
10
5.012823779527559
20
-2.9826674803149604
11
5.0127648031496062
21
-2.9826163385826772
0
LINE
8
BLACK
6
CONTINUOUS
10
5.0127648031496062
20
-2.9826163385826772
11
5.0127088188976376
21
-2.9825273622047241
0
LINE
8
BLACK
6
CONTINUOUS
10
5.0127088188976376
20
-2.9825273622047241
11
5.0126423622047245
21
-2.9824464173228344
0
LINE
8
BLACK
6
CONTINUOUS
10
5.0126423622047245
20
-2.9824464173228344
11
5.0126125196850388
21
-2.9823744488188977
0
LINE
8
BLACK
6
CONTINUOUS
10
5.0126125196850388
20
-2.9823744488188977
11
5.0124564566929131
21
-2.9821264566929133
0
LINE
8
BLACK
6
CONTINUOUS
10
5.0124564566929131
20
-2.9821264566929133
11
5.0105816929133855
21
-2.9783769291338582
0
LINE
8
BLACK
6
CONTINUOUS
10
5.0105816929133855
20
-2.9783769291338582
11
5.010374803149606
21
-2.9778362992125982
0
LINE
8
BLACK
6
CONTINUOUS
10
5.010374803149606
20
-2.9778362992125982
11
5.0103672834645669
21
-2.9777304724409448
0
LINE
8
BLACK
6
CONTINUOUS
10
5.0103672834645669
20
-2.9777304724409448
11
5.0103266929133854
21
-2.9776324803149605
0
LINE
8
BLACK
6
CONTINUOUS
10
5.0103266929133854
20
-2.9776324803149605
11
5.0102699606299215
21
-2.9770564173228347
0
LINE
8
BLACK
6
CONTINUOUS
10
5.0102699606299215
20
-2.9770564173228347
11
5.0102699606299215
21
-2.9733068897637795
0
LINE
8
BLACK
6
CONTINUOUS
10
5.0102699606299215
20
-2.9733068897637795
11
5.0103266929133854
21
-2.9727308267716537
0
LINE
8
BLACK
6
CONTINUOUS
10
5.0103266929133854
20
-2.9727308267716537
11
5.0103672834645669
21
-2.9726327952755907
0
LINE
8
BLACK
6
CONTINUOUS
10
5.0103672834645669
20
-2.9726327952755907
11
5.010374803149606
21
-2.9725270078740156
0
LINE
8
BLACK
6
CONTINUOUS
10
5.010374803149606
20
-2.9725270078740156
11
5.0105816929133855
21
-2.971986377952756
0
LINE
8
BLACK
6
CONTINUOUS
10
5.0105816929133855
20
-2.971986377952756
11
5.0124564566929131
21
-2.9682368503937009
0
LINE
8
BLACK
6
CONTINUOUS
10
5.0124564566929131
20
-2.9682368503937009
11
5.0126125196850388
21
-2.9679888188976378
0
LINE
8
BLACK
6
CONTINUOUS
10
5.0126125196850388
20
-2.9679888188976378
11
5.0126423622047245
21
-2.9679168897637793
0
LINE
8
BLACK
6
CONTINUOUS
10
5.0126423622047245
20
-2.9679168897637793
11
5.0127088188976376
21
-2.9678359055118109
0
LINE
8
BLACK
6
CONTINUOUS
10
5.0127088188976376
20
-2.9678359055118109
11
5.0127648031496062
21
-2.967746968503937
0
LINE
8
BLACK
6
CONTINUOUS
10
5.0127648031496062
20
-2.967746968503937
11
5.012823779527559
21
-2.9676957874015746
0
LINE
8
BLACK
6
CONTINUOUS
10
5.012823779527559
20
-2.9676957874015746
11
5.0130095669291341
21
-2.9674694488188975
0
LINE
8
BLACK
6
CONTINUOUS
10
5.0130095669291341
20
-2.9674694488188975
11
5.0148843307086617
21
-2.96559468503937
0
LINE
8
BLACK
6
CONTINUOUS
10
5.0148843307086617
20
-2.96559468503937
11
5.0151106692913388
21
-2.9654088976377952
0
LINE
8
BLACK
6
CONTINUOUS
10
5.0151106692913388
20
-2.9654088976377952
11
5.0151618503937003
21
-2.9653499212598424
0
LINE
8
BLACK
6
CONTINUOUS
10
5.0151618503937003
20
-2.9653499212598424
11
5.015250787401575
21
-2.9652939370078739
0
LINE
8
BLACK
6
CONTINUOUS
10
5.015250787401575
20
-2.9652939370078739
11
5.0153317716535435
21
-2.9652274803149608
0
LINE
8
BLACK
6
CONTINUOUS
10
5.0153317716535435
20
-2.9652274803149608
11
5.0154037007874015
21
-2.9651976377952756
0
LINE
8
BLACK
6
CONTINUOUS
10
5.0154037007874015
20
-2.9651976377952756
11
5.0156517322834642
21
-2.9650415748031493
0
LINE
8
BLACK
6
CONTINUOUS
10
5.0156517322834642
20
-2.9650415748031493
11
5.0194012598425193
21
-2.9631668110236218
0
LINE
8
BLACK
6
CONTINUOUS
10
5.0194012598425193
20
-2.9631668110236218
11
5.0199418503937006
21
-2.9629599212598423
0
LINE
8
BLACK
6
CONTINUOUS
10
5.0199418503937006
20
-2.9629599212598423
11
5.0200477165354327
21
-2.9629523622047245
0
LINE
8
BLACK
6
CONTINUOUS
10
5.0200477165354327
20
-2.9629523622047245
11
5.020145708661417
21
-2.9629118110236221
0
LINE
8
BLACK
6
CONTINUOUS
10
5.020145708661417
20
-2.9629118110236221
11
5.0207217716535428
21
-2.9628550787401573
0
LINE
8
BLACK
6
CONTINUOUS
10
5.0207217716535428
20
-2.9628550787401573
11
5.0338451181102357
21
-2.9628550787401573
0
LINE
8
BLACK
6
CONTINUOUS
10
5.0338451181102357
20
-2.9628550787401573
11
5.0344211811023625
21
-2.9629118110236221
0
LINE
8
BLACK
6
CONTINUOUS
10
5.0166925196850389
20
-2.9890110236220471
11
5.0156494488188974
21
-2.990054094488189
0
LINE
8
BLACK
6
CONTINUOUS
10
5.0156494488188974
20
-2.990054094488189
11
5.0143007086614171
21
-2.9927515748031497
0
LINE
8
BLACK
6
CONTINUOUS
10
5.0143007086614171
20
-2.9927515748031497
11
5.0143007086614171
21
-2.9969817716535432
0
LINE
8
BLACK
6
CONTINUOUS
10
5.0143007086614171
20
-2.9969817716535432
11
5.0156494488188974
21
-2.9996792519685038
0
LINE
8
BLACK
6
CONTINUOUS
10
5.0156494488188974
20
-2.9996792519685038
11
5.0168465748031492
21
-3.0008764173228344
0
LINE
8
BLACK
6
CONTINUOUS
10
5.0168465748031492
20
-3.0008764173228344
11
5.0195440551181099
21
-3.0022251574803147
0
LINE
8
BLACK
6
CONTINUOUS
10
5.0195440551181099
20
-3.0022251574803147
11
5.0308923622047246
21
-3.0022251574803147
0
LINE
8
BLACK
6
CONTINUOUS
10
5.0308923622047246
20
-3.0022251574803147
11
5.0308923622047246
21
-2.9875082283464565
0
LINE
8
BLACK
6
CONTINUOUS
10
5.0308923622047246
20
-2.9875082283464565
11
5.0212009055118108
21
-2.9875082283464565
0
LINE
8
BLACK
6
CONTINUOUS
10
5.0212009055118108
20
-2.9875082283464565
11
5.0166925196850389
21
-2.9890110236220471
0
LINE
8
BLACK
6
CONTINUOUS
10
5.0187213385826768
20
-2.9701093307086612
11
5.017524212598425
21
-2.9713064566929135
0
LINE
8
BLACK
6
CONTINUOUS
10
5.017524212598425
20
-2.9713064566929135
11
5.0161754724409446
21
-2.9740039370078741
0
LINE
8
BLACK
6
CONTINUOUS
10
5.0161754724409446
20
-2.9740039370078741
11
5.0161754724409446
21
-2.9763593700787401
0
LINE
8
BLACK
6
CONTINUOUS
10
5.0161754724409446
20
-2.9763593700787401
11
5.017524212598425
21
-2.9790568503937007
0
LINE
8
BLACK
6
CONTINUOUS
10
5.017524212598425
20
-2.9790568503937007
11
5.0187213385826768
21
-2.9802539763779525
0
LINE
8
BLACK
6
CONTINUOUS
10
5.0187213385826768
20
-2.9802539763779525
11
5.0214188188976374
21
-2.9816027165354329
0
LINE
8
BLACK
6
CONTINUOUS
10
5.0214188188976374
20
-2.9816027165354329
11
5.0308923622047246
21
-2.9816027165354329
0
LINE
8
BLACK
6
CONTINUOUS
10
5.0308923622047246
20
-2.9816027165354329
11
5.0308923622047246
21
-2.9687605905511809
0
LINE
8
BLACK
6
CONTINUOUS
10
5.0308923622047246
20
-2.9687605905511809
11
5.0214188188976374
21
-2.9687605905511809
0
LINE
8
BLACK
6
CONTINUOUS
10
5.0214188188976374
20
-2.9687605905511809
11
5.0187213385826768
21
-2.9701093307086612
0
LINE
8
BLACK
6
CONTINUOUS
10
5.1150361023622049
20
-2.9629118110236221
11
5.1161005118110232
21
-2.9633527165354332
0
LINE
8
BLACK
6
CONTINUOUS
10
5.1161005118110232
20
-2.9633527165354332
11
5.1169151574803147
21
-2.9641673622047242
0
LINE
8
BLACK
6
CONTINUOUS
10
5.1169151574803147
20
-2.9641673622047242
11
5.1173560629921262
21
-2.9652317716535435
0
LINE
8
BLACK
6
CONTINUOUS
10
5.1173560629921262
20
-2.9652317716535435
11
5.1174127952755901
21
-2.9658078346456693
0
LINE
8
BLACK
6
CONTINUOUS
10
5.1174127952755901
20
-2.9658078346456693
11
5.1174127952755901
21
-3.0051779133858267
0
LINE
8
BLACK
6
CONTINUOUS
10
5.1174127952755901
20
-3.0051779133858267
11
5.1173560629921262
21
-3.0057539763779526
0
LINE
8
BLACK
6
CONTINUOUS
10
5.1173560629921262
20
-3.0057539763779526
11
5.1169151574803147
21
-3.0068183858267714
0
LINE
8
BLACK
6
CONTINUOUS
10
5.1169151574803147
20
-3.0068183858267714
11
5.1161005118110232
21
-3.0076330314960629
0
LINE
8
BLACK
6
CONTINUOUS
10
5.1161005118110232
20
-3.0076330314960629
11
5.1150361023622049
21
-3.008073937007874
0
LINE
8
BLACK
6
CONTINUOUS
10
5.1150361023622049
20
-3.008073937007874
11
5.114460039370079
21
-3.0081306692913383
0
LINE
8
BLACK
6
CONTINUOUS
10
5.114460039370079
20
-3.0081306692913383
11
5.1050862204724412
21
-3.0081306692913383
0
LINE
8
BLACK
6
CONTINUOUS
10
5.1050862204724412
20
-3.0081306692913383
11
5.1047946062992127
21
-3.0081019291338582
0
LINE
8
BLACK
6
CONTINUOUS
10
5.1047946062992127
20
-3.0081019291338582
11
5.1047168897637798
21
-3.0081074803149606
0
LINE
8
BLACK
6
CONTINUOUS
10
5.1047168897637798
20
-3.0081074803149606
11
5.1046146062992124
21
-3.0080842125984253
0
LINE
8
BLACK
6
CONTINUOUS
10
5.1046146062992124
20
-3.0080842125984253
11
5.1045101574803144
21
-3.008073937007874
0
LINE
8
BLACK
6
CONTINUOUS
10
5.1045101574803144
20
-3.008073937007874
11
5.1044380708661414
21
-3.00804405511811
0
LINE
8
BLACK
6
CONTINUOUS
10
5.1044380708661414
20
-3.00804405511811
11
5.1041524409448815
21
-3.0079791338582678
0
LINE
8
BLACK
6
CONTINUOUS
10
5.1041524409448815
20
-3.0079791338582678
11
5.0985281889763776
21
-3.0061043700787402
0
LINE
8
BLACK
6
CONTINUOUS
10
5.0985281889763776
20
-3.0061043700787402
11
5.0979996062992123
21
-3.0058683858267714
0
LINE
8
BLACK
6
CONTINUOUS
10
5.0979996062992123
20
-3.0058683858267714
11
5.0979194881889764
21
-3.0057988976377952
0
LINE
8
BLACK
6
CONTINUOUS
10
5.0979194881889764
20
-3.0057988976377952
11
5.0978214566929134
21
-3.0057583070866141
0
LINE
8
BLACK
6
CONTINUOUS
10
5.0978214566929134
20
-3.0057583070866141
11
5.0973740157480316
21
-3.0053910629921261
0
LINE
8
BLACK
6
CONTINUOUS
10
5.0973740157480316
20
-3.0053910629921261
11
5.0936244881889765
21
-3.0016414960629922
0
LINE
8
BLACK
6
CONTINUOUS
10
5.0936244881889765
20
-3.0016414960629922
11
5.0934387007874014
21
-3.001415118110236
0
LINE
8
BLACK
6
CONTINUOUS
10
5.0934387007874014
20
-3.001415118110236
11
5.0933797244094485
21
-3.0013639763779527
0
LINE
8
BLACK
6
CONTINUOUS
10
5.0933797244094485
20
-3.0013639763779527
11
5.09332374015748
21
-3.0012750393700789
0
LINE
8
BLACK
6
CONTINUOUS
10
5.09332374015748
20
-3.0012750393700789
11
5.0932572440944881
21
-3.0011940157480312
0
LINE
8
BLACK
6
CONTINUOUS
10
5.0932572440944881
20
-3.0011940157480312
11
5.0932274015748034
21
-3.001121968503937
0
LINE
8
BLACK
6
CONTINUOUS
10
5.0932274015748034
20
-3.001121968503937
11
5.0930713779527554
21
-3.0008740944881889
0
LINE
8
BLACK
6
CONTINUOUS
10
5.0930713779527554
20
-3.0008740944881889
11
5.0911966141732279
21
-2.9971245669291338
0
LINE
8
BLACK
6
CONTINUOUS
10
5.0911966141732279
20
-2.9971245669291338
11
5.0911804724409446
21
-2.9970824409448817
0
LINE
8
BLACK
6
CONTINUOUS
10
5.0911804724409446
20
-2.9970824409448817
11
5.0911677952755907
21
-2.9970653149606297
0
LINE
8
BLACK
6
CONTINUOUS
10
5.0911677952755907
20
-2.9970653149606297
11
5.0910813385826774
21
-2.9968233464566927
0
LINE
8
BLACK
6
CONTINUOUS
10
5.0910813385826774
20
-2.9968233464566927
11
5.0909897244094484
21
-2.9965839370078737
0
LINE
8
BLACK
6
CONTINUOUS
10
5.0909897244094484
20
-2.9965839370078737
11
5.0909881889763779
21
-2.9965626771653544
0
LINE
8
BLACK
6
CONTINUOUS
10
5.0909881889763779
20
-2.9965626771653544
11
5.0909730314960626
21
-2.9965201968503936
0
LINE
8
BLACK
6
CONTINUOUS
10
5.0909730314960626
20
-2.9965201968503936
11
5.0890982677165351
21
-2.9890211417322834
0
LINE
8
BLACK
6
CONTINUOUS
10
5.0890982677165351
20
-2.9890211417322834
11
5.0890834645669294
21
-2.9889212598425194
0
LINE
8
BLACK
6
CONTINUOUS
10
5.0890834645669294
20
-2.9889212598425194
11
5.0890668503937011
21
-2.9888810629921259
0
LINE
8
BLACK
6
CONTINUOUS
10
5.0890668503937011
20
-2.9888810629921259
11
5.0890454724409446
21
-2.9886640157480313
0
LINE
8
BLACK
6
CONTINUOUS
10
5.0890454724409446
20
-2.9886640157480313
11
5.0890136220472444
21
-2.9884485433070864
0
LINE
8
BLACK
6
CONTINUOUS
10
5.0890136220472444
20
-2.9884485433070864
11
5.0890199999999997
21
-2.9884055118110235
0
LINE
8
BLACK
6
CONTINUOUS
10
5.0890199999999997
20
-2.9884055118110235
11
5.0890101181102363
21
-2.988305
0
LINE
8
BLACK
6
CONTINUOUS
10
5.0890101181102363
20
-2.988305
11
5.0890101181102363
21
-2.9826807086614173
0
LINE
8
BLACK
6
CONTINUOUS
10
5.0890101181102363
20
-2.9826807086614173
11
5.0890199999999997
21
-2.982580157480315
0
LINE
8
BLACK
6
CONTINUOUS
10
5.0890199999999997
20
-2.982580157480315
11
5.0890136220472444
21
-2.9825371653543304
0
LINE
8
BLACK
6
CONTINUOUS
10
5.0890136220472444
20
-2.9825371653543304
11
5.0890454724409446
21
-2.9823216535433068
0
LINE
8
BLACK
6
CONTINUOUS
10
5.0890454724409446
20
-2.9823216535433068
11
5.0890668503937011
21
-2.9821046456692915
0
LINE
8
BLACK
6
CONTINUOUS
10
5.0890668503937011
20
-2.9821046456692915
11
5.0890834645669294
21
-2.9820644094488187
0
LINE
8
BLACK
6
CONTINUOUS
10
5.0890834645669294
20
-2.9820644094488187
11
5.0890982677165351
21
-2.9819645669291339
0
LINE
8
BLACK
6
CONTINUOUS
10
5.0890982677165351
20
-2.9819645669291339
11
5.0909730314960626
21
-2.9744655118110237
0
LINE
8
BLACK
6
CONTINUOUS
10
5.0909730314960626
20
-2.9744655118110237
11
5.0909881889763779
21
-2.9744229921259842
0
LINE
8
BLACK
6
CONTINUOUS
10
5.0909881889763779
20
-2.9744229921259842
11
5.0909897244094484
21
-2.9744017716535431
0
LINE
8
BLACK
6
CONTINUOUS
10
5.0909897244094484
20
-2.9744017716535431
11
5.0910813385826774
21
-2.9741623228346454
0
LINE
8
BLACK
6
CONTINUOUS
10
5.0910813385826774
20
-2.9741623228346454
11
5.0911677952755907
21
-2.9739203937007872
0
LINE
8
BLACK
6
CONTINUOUS
10
5.0911677952755907
20
-2.9739203937007872
11
5.0911804724409446
21
-2.9739032283464568
0
LINE
8
BLACK
6
CONTINUOUS
10
5.0911804724409446
20
-2.9739032283464568
11
5.0911966141732279
21
-2.9738611417322836
0
LINE
8
BLACK
6
CONTINUOUS
10
5.0911966141732279
20
-2.9738611417322836
11
5.0930713779527554
21
-2.9701116141732284
0
LINE
8
BLACK
6
CONTINUOUS
10
5.0930713779527554
20
-2.9701116141732284
11
5.0932274409448821
21
-2.9698635826771653
0
LINE
8
BLACK
6
CONTINUOUS
10
5.0932274409448821
20
-2.9698635826771653
11
5.0932572834645669
21
-2.9697916535433069
0
LINE
8
BLACK
6
CONTINUOUS
10
5.0932572834645669
20
-2.9697916535433069
11
5.09332374015748
21
-2.9697106692913384
0
LINE
8
BLACK
6
CONTINUOUS
10
5.09332374015748
20
-2.9697106692913384
11
5.0933797244094485
21
-2.9696217322834646
0
LINE
8
BLACK
6
CONTINUOUS
10
5.0933797244094485
20
-2.9696217322834646
11
5.0934387007874014
21
-2.9695705511811021
0
LINE
8
BLACK
6
CONTINUOUS
10
5.0934387007874014
20
-2.9695705511811021
11
5.0936244881889765
21
-2.9693442125984251
0
LINE
8
BLACK
6
CONTINUOUS
10
5.0936244881889765
20
-2.9693442125984251
11
5.0973740157480316
21
-2.96559468503937
0
LINE
8
BLACK
6
CONTINUOUS
10
5.0973740157480316
20
-2.96559468503937
11
5.0978214566929134
21
-2.965227440944882
0
LINE
8
BLACK
6
CONTINUOUS
10
5.0978214566929134
20
-2.965227440944882
11
5.0979194881889764
21
-2.9651868110236221
0
LINE
8
BLACK
6
CONTINUOUS
10
5.0979194881889764
20
-2.9651868110236221
11
5.0979996062992123
21
-2.9651173622047242
0
LINE
8
BLACK
6
CONTINUOUS
10
5.0979996062992123
20
-2.9651173622047242
11
5.0985281889763776
21
-2.9648813779527559
0
LINE
8
BLACK
6
CONTINUOUS
10
5.0985281889763776
20
-2.9648813779527559
11
5.1041524409448815
21
-2.9630066141732283
0
LINE
8
BLACK
6
CONTINUOUS
10
5.1041524409448815
20
-2.9630066141732283
11
5.1044380708661414
21
-2.9629416535433069
0
LINE
8
BLACK
6
CONTINUOUS
10
5.1044380708661414
20
-2.9629416535433069
11
5.1045101574803144
21
-2.9629118110236221
0
LINE
8
BLACK
6
CONTINUOUS
10
5.1045101574803144
20
-2.9629118110236221
11
5.1046146062992124
21
-2.962901496062992
0
LINE
8
BLACK
6
CONTINUOUS
10
5.1046146062992124
20
-2.962901496062992
11
5.1047168897637798
21
-2.9628782677165355
0
LINE
8
BLACK
6
CONTINUOUS
10
5.1047168897637798
20
-2.9628782677165355
11
5.1047946062992127
21
-2.9628837795275591
0
LINE
8
BLACK
6
CONTINUOUS
10
5.1047946062992127
20
-2.9628837795275591
11
5.1050862204724412
21
-2.9628550787401573
0
LINE
8
BLACK
6
CONTINUOUS
10
5.1050862204724412
20
-2.9628550787401573
11
5.114460039370079
21
-2.9628550787401573
0
LINE
8
BLACK
6
CONTINUOUS
10
5.114460039370079
20
-2.9628550787401573
11
5.1150361023622049
21
-2.9629118110236221
0
LINE
8
BLACK
6
CONTINUOUS
10
5.1010569685039373
20
-2.9702633858267715
11
5.0981391338582673
21
-2.973181220472441
0
LINE
8
BLACK
6
CONTINUOUS
10
5.0981391338582673
20
-2.973181220472441
11
5.0966236220472441
21
-2.9762122047244093
0
LINE
8
BLACK
6
CONTINUOUS
10
5.0966236220472441
20
-2.9762122047244093
11
5.0949156299212595
21
-2.9830442519685039
0
LINE
8
BLACK
6
CONTINUOUS
10
5.0949156299212595
20
-2.9830442519685039
11
5.0949156299212595
21
-2.9879414566929134
0
LINE
8
BLACK
6
CONTINUOUS
10
5.0949156299212595
20
-2.9879414566929134
11
5.0966236220472441
21
-2.9947735039370076
0
LINE
8
BLACK
6
CONTINUOUS
10
5.0966236220472441
20
-2.9947735039370076
11
5.0981391338582673
21
-2.9978044881889763
0
LINE
8
BLACK
6
CONTINUOUS
10
5.0981391338582673
20
-2.9978044881889763
11
5.1010569685039373
21
-3.0007223622047245
0
LINE
8
BLACK
6
CONTINUOUS
10
5.1010569685039373
20
-3.0007223622047245
11
5.1055653543307082
21
-3.0022251574803147
0
LINE
8
BLACK
6
CONTINUOUS
10
5.1055653543307082
20
-3.0022251574803147
11
5.111507283464567
21
-3.0022251574803147
0
LINE
8
BLACK
6
CONTINUOUS
10
5.111507283464567
20
-3.0022251574803147
11
5.111507283464567
21
-2.9687605905511809
0
LINE
8
BLACK
6
CONTINUOUS
10
5.111507283464567
20
-2.9687605905511809
11
5.1055653543307082
21
-2.9687605905511809
0
LINE
8
BLACK
6
CONTINUOUS
10
5.1055653543307082
20
-2.9687605905511809
11
5.1010569685039373
21
-2.9702633858267715
0
LINE
8
BLACK
6
CONTINUOUS
10
5.1506566535433072
20
-2.9629118110236221
11
5.1517210629921255
21
-2.9633527165354332
0
LINE
8
BLACK
6
CONTINUOUS
10
5.1517210629921255
20
-2.9633527165354332
11
5.152535708661417
21
-2.9641673622047242
0
LINE
8
BLACK
6
CONTINUOUS
10
5.152535708661417
20
-2.9641673622047242
11
5.1529766141732285
21
-2.9652317716535435
0
LINE
8
BLACK
6
CONTINUOUS
10
5.1529766141732285
20
-2.9652317716535435
11
5.1530333464566924
21
-2.9658078346456693
0
LINE
8
BLACK
6
CONTINUOUS
10
5.1530333464566924
20
-2.9658078346456693
11
5.1530333464566924
21
-3.0051779133858267
0
LINE
8
BLACK
6
CONTINUOUS
10
5.1530333464566924
20
-3.0051779133858267
11
5.1529766141732285
21
-3.0057539763779526
0
LINE
8
BLACK
6
CONTINUOUS
10
5.1529766141732285
20
-3.0057539763779526
11
5.152535708661417
21
-3.0068183858267714
0
LINE
8
BLACK
6
CONTINUOUS
10
5.152535708661417
20
-3.0068183858267714
11
5.1517210629921255
21
-3.0076330314960629
0
LINE
8
BLACK
6
CONTINUOUS
10
5.1517210629921255
20
-3.0076330314960629
11
5.1506566535433072
21
-3.008073937007874
0
LINE
8
BLACK
6
CONTINUOUS
10
5.1506566535433072
20
-3.008073937007874
11
5.1500805905511813
21
-3.0081306692913383
0
LINE
8
BLACK
6
CONTINUOUS
10
5.1500805905511813
20
-3.0081306692913383
11
5.1313329527559057
21
-3.0081306692913383
0
LINE
8
BLACK
6
CONTINUOUS
10
5.1313329527559057
20
-3.0081306692913383
11
5.130756889763779
21
-3.008073937007874
0
LINE
8
BLACK
6
CONTINUOUS
10
5.130756889763779
20
-3.008073937007874
11
5.1296924803149606
21
-3.0076330314960629
0
LINE
8
BLACK
6
CONTINUOUS
10
5.1296924803149606
20
-3.0076330314960629
11
5.1288778346456692
21
-3.0068183858267714
0
LINE
8
BLACK
6
CONTINUOUS
10
5.1288778346456692
20
-3.0068183858267714
11
5.1284369291338585
21
-3.0057539763779526
0
LINE
8
BLACK
6
CONTINUOUS
10
5.1284369291338585
20
-3.0057539763779526
11
5.1284369291338585
21
-3.0046018503937009
0
LINE
8
BLACK
6
CONTINUOUS
10
5.1284369291338585
20
-3.0046018503937009
11
5.1288778346456692
21
-3.0035374409448816
0
LINE
8
BLACK
6
CONTINUOUS
10
5.1288778346456692
20
-3.0035374409448816
11
5.1296924803149606
21
-3.0027227952755906
0
LINE
8
BLACK
6
CONTINUOUS
10
5.1296924803149606
20
-3.0027227952755906
11
5.130756889763779
21
-3.0022818897637795
0
LINE
8
BLACK
6
CONTINUOUS
10
5.130756889763779
20
-3.0022818897637795
11
5.1313329527559057
21
-3.0022251574803147
0
LINE
8
BLACK
6
CONTINUOUS
10
5.1313329527559057
20
-3.0022251574803147
11
5.1471278346456693
21
-3.0022251574803147
0
LINE
8
BLACK
6
CONTINUOUS
10
5.1471278346456693
20
-3.0022251574803147
11
5.1471278346456693
21
-2.9875082283464565
0
LINE
8
BLACK
6
CONTINUOUS
10
5.1471278346456693
20
-2.9875082283464565
11
5.1369572440944884
21
-2.9875082283464565
0
LINE
8
BLACK
6
CONTINUOUS
10
5.1369572440944884
20
-2.9875082283464565
11
5.1363811811023625
21
-2.9874514960629921
0
LINE
8
BLACK
6
CONTINUOUS
10
5.1363811811023625
20
-2.9874514960629921
11
5.1353167716535433
21
-2.987010590551181
0
LINE
8
BLACK
6
CONTINUOUS
10
5.1353167716535433
20
-2.987010590551181
11
5.1345021259842518
21
-2.9861959448818896
0
LINE
8
BLACK
6
CONTINUOUS
10
5.1345021259842518
20
-2.9861959448818896
11
5.1340612204724412
21
-2.9851315354330707
0
LINE
8
BLACK
6
CONTINUOUS
10
5.1340612204724412
20
-2.9851315354330707
11
5.1340612204724412
21
-2.983979409448819
0
LINE
8
BLACK
6
CONTINUOUS
10
5.1340612204724412
20
-2.983979409448819
11
5.1345021259842518
21
-2.9829149999999998
0
LINE
8
BLACK
6
CONTINUOUS
10
5.1345021259842518
20
-2.9829149999999998
11
5.1353167716535433
21
-2.9821003543307087
0
LINE
8
BLACK
6
CONTINUOUS
10
5.1353167716535433
20
-2.9821003543307087
11
5.1363811811023625
21
-2.9816594488188977
0
LINE
8
BLACK
6
CONTINUOUS
10
5.1363811811023625
20
-2.9816594488188977
11
5.1369572440944884
21
-2.9816027165354329
0
LINE
8
BLACK
6
CONTINUOUS
10
5.1369572440944884
20
-2.9816027165354329
11
5.1471278346456693
21
-2.9816027165354329
0
LINE
8
BLACK
6
CONTINUOUS
10
5.1471278346456693
20
-2.9816027165354329
11
5.1471278346456693
21
-2.9687605905511809
0
LINE
8
BLACK
6
CONTINUOUS
10
5.1471278346456693
20
-2.9687605905511809
11
5.1313329527559057
21
-2.9687605905511809
0
LINE
8
BLACK
6
CONTINUOUS
10
5.1313329527559057
20
-2.9687605905511809
11
5.130756889763779
21
-2.9687038582677165
0
LINE
8
BLACK
6
CONTINUOUS
10
5.130756889763779
20
-2.9687038582677165
11
5.1296924803149606
21
-2.9682629527559055
0
LINE
8
BLACK
6
CONTINUOUS
10
5.1296924803149606
20
-2.9682629527559055
11
5.1288778346456692
21
-2.967448307086614
0
LINE
8
BLACK
6
CONTINUOUS
10
5.1288778346456692
20
-2.967448307086614
11
5.1284369291338585
21
-2.9663838976377952
0
LINE
8
BLACK
6
CONTINUOUS
10
5.1284369291338585
20
-2.9663838976377952
11
5.1284369291338585
21
-2.9652317716535435
0
LINE
8
BLACK
6
CONTINUOUS
10
5.1284369291338585
20
-2.9652317716535435
11
5.1288778346456692
21
-2.9641673622047242
0
LINE
8
BLACK
6
CONTINUOUS
10
5.1288778346456692
20
-2.9641673622047242
11
5.1296924803149606
21
-2.9633527165354332
0
LINE
8
BLACK
6
CONTINUOUS
10
5.1296924803149606
20
-2.9633527165354332
11
5.130756889763779
21
-2.9629118110236221
0
LINE
8
BLACK
6
CONTINUOUS
10
5.130756889763779
20
-2.9629118110236221
11
5.1313329527559057
21
-2.9628550787401573
0
LINE
8
BLACK
6
CONTINUOUS
10
5.1313329527559057
20
-2.9628550787401573
11
5.1500805905511813
21
-2.9628550787401573
0
LINE
8
BLACK
6
CONTINUOUS
10
5.1500805905511813
20
-2.9628550787401573
11
5.1506566535433072
21
-2.9629118110236221
0
LINE
8
BLACK
6
CONTINUOUS
10
5.1900267322834646
20
-2.9629118110236221
11
5.1910911417322829
21
-2.9633527165354332
0
LINE
8
BLACK
6
CONTINUOUS
10
5.1910911417322829
20
-2.9633527165354332
11
5.1919057874015744
21
-2.9641673622047242
0
LINE
8
BLACK
6
CONTINUOUS
10
5.1919057874015744
20
-2.9641673622047242
11
5.1923466929133859
21
-2.9652317716535435
0
LINE
8
BLACK
6
CONTINUOUS
10
5.1923466929133859
20
-2.9652317716535435
11
5.1924034251968507
21
-2.9658078346456693
0
LINE
8
BLACK
6
CONTINUOUS
10
5.1924034251968507
20
-2.9658078346456693
11
5.1924034251968507
21
-3.0051779133858267
0
LINE
8
BLACK
6
CONTINUOUS
10
5.1924034251968507
20
-3.0051779133858267
11
5.1923466929133859
21
-3.0057539763779526
0
LINE
8
BLACK
6
CONTINUOUS
10
5.1923466929133859
20
-3.0057539763779526
11
5.1919057874015744
21
-3.0068183858267714
0
LINE
8
BLACK
6
CONTINUOUS
10
5.1919057874015744
20
-3.0068183858267714
11
5.1910911417322829
21
-3.0076330314960629
0
LINE
8
BLACK
6
CONTINUOUS
10
5.1910911417322829
20
-3.0076330314960629
11
5.1900267322834646
21
-3.008073937007874
0
LINE
8
BLACK
6
CONTINUOUS
10
5.1900267322834646
20
-3.008073937007874
11
5.1888746062992128
21
-3.008073937007874
0
LINE
8
BLACK
6
CONTINUOUS
10
5.1888746062992128
20
-3.008073937007874
11
5.1878101968503936
21
-3.0076330314960629
0
LINE
8
BLACK
6
CONTINUOUS
10
5.1878101968503936
20
-3.0076330314960629
11
5.1869955511811021
21
-3.0068183858267714
0
LINE
8
BLACK
6
CONTINUOUS
10
5.1869955511811021
20
-3.0068183858267714
11
5.1865546456692915
21
-3.0057539763779526
0
LINE
8
BLACK
6
CONTINUOUS
10
5.1865546456692915
20
-3.0057539763779526
11
5.1864979133858267
21
-3.0051779133858267
0
LINE
8
BLACK
6
CONTINUOUS
10
5.1864979133858267
20
-3.0051779133858267
11
5.1864979133858267
21
-2.989382992125984
0
LINE
8
BLACK
6
CONTINUOUS
10
5.1864979133858267
20
-2.989382992125984
11
5.1816142125984248
21
-2.989382992125984
0
LINE
8
BLACK
6
CONTINUOUS
10
5.1816142125984248
20
-2.989382992125984
11
5.1693724803149603
21
-3.006871220472441
0
LINE
8
BLACK
6
CONTINUOUS
10
5.1693724803149603
20
-3.006871220472441
11
5.1689956692913386
21
-3.0073105905511812
0
LINE
8
BLACK
6
CONTINUOUS
10
5.1689956692913386
20
-3.0073105905511812
11
5.16802405511811
21
-3.0079297637795275
0
LINE
8
BLACK
6
CONTINUOUS
10
5.16802405511811
20
-3.0079297637795275
11
5.1668895275590554
21
-3.0081299606299212
0
LINE
8
BLACK
6
CONTINUOUS
10
5.1668895275590554
20
-3.0081299606299212
11
5.1657646850393704
21
-3.0078807874015747
0
LINE
8
BLACK
6
CONTINUOUS
10
5.1657646850393704
20
-3.0078807874015747
11
5.1648208267716536
21
-3.0072200787401573
0
LINE
8
BLACK
6
CONTINUOUS
10
5.1648208267716536
20
-3.0072200787401573
11
5.1642016535433068
21
-3.0062484645669292
0
LINE
8
BLACK
6
CONTINUOUS
10
5.1642016535433068
20
-3.0062484645669292
11
5.1640014566929135
21
-3.0051139370078741
0
LINE
8
BLACK
6
CONTINUOUS
10
5.1640014566929135
20
-3.0051139370078741
11
5.16425062992126
21
-3.0039890944881891
0
LINE
8
BLACK
6
CONTINUOUS
10
5.16425062992126
20
-3.0039890944881891
11
5.1645345275590548
21
-3.0034846062992124
0
LINE
8
BLACK
6
CONTINUOUS
10
5.1645345275590548
20
-3.0034846062992124
11
5.1744086614173224
21
-2.9893786614173226
0
LINE
8
BLACK
6
CONTINUOUS
10
5.1744086614173224
20
-2.9893786614173226
11
5.1738764960629924
21
-2.9893262598425197
0
LINE
8
BLACK
6
CONTINUOUS
10
5.1738764960629924
20
-2.9893262598425197
11
5.1737785039370081
21
-2.9892856692913385
0
LINE
8
BLACK
6
CONTINUOUS
10
5.1737785039370081
20
-2.9892856692913385
11
5.1736726377952751
21
-2.989278149606299
0
LINE
8
BLACK
6
CONTINUOUS
10
5.1736726377952751
20
-2.989278149606299
11
5.1731320472440947
21
-2.9890712598425195
0
LINE
8
BLACK
6
CONTINUOUS
10
5.1731320472440947
20
-2.9890712598425195
11
5.1693825196850396
21
-2.987196496062992
0
LINE
8
BLACK
6
CONTINUOUS
10
5.1693825196850396
20
-2.987196496062992
11
5.169134488188976
21
-2.9870403937007874
0
LINE
8
BLACK
6
CONTINUOUS
10
5.169134488188976
20
-2.9870403937007874
11
5.169062559055118
21
-2.987010590551181
0
LINE
8
BLACK
6
CONTINUOUS
10
5.169062559055118
20
-2.987010590551181
11
5.1689815748031496
21
-2.9869440944881891
0
LINE
8
BLACK
6
CONTINUOUS
10
5.1689815748031496
20
-2.9869440944881891
11
5.1688926377952757
21
-2.9868881496062993
0
LINE
8
BLACK
6
CONTINUOUS
10
5.1688926377952757
20
-2.9868881496062993
11
5.1688414566929133
21
-2.9868291338582678
0
LINE
8
BLACK
6
CONTINUOUS
10
5.1688414566929133
20
-2.9868291338582678
11
5.1686151181102362
21
-2.9866433858267718
0
LINE
8
BLACK
6
CONTINUOUS
10
5.1686151181102362
20
-2.9866433858267718
11
5.1667403543307087
21
-2.9847686220472442
0
LINE
8
BLACK
6
CONTINUOUS
10
5.1667403543307087
20
-2.9847686220472442
11
5.1665545669291335
21
-2.984542244094488
0
LINE
8
BLACK
6
CONTINUOUS
10
5.1665545669291335
20
-2.984542244094488
11
5.1664955905511807
21
-2.9844911023622047
0
LINE
8
BLACK
6
CONTINUOUS
10
5.1664955905511807
20
-2.9844911023622047
11
5.1664396062992122
21
-2.9844021259842517
0
LINE
8
BLACK
6
CONTINUOUS
10
5.1664396062992122
20
-2.9844021259842517
11
5.166373149606299
21
-2.984321181102362
0
LINE
8
BLACK
6
CONTINUOUS
10
5.166373149606299
20
-2.984321181102362
11
5.1663433070866143
21
-2.9842492125984252
0
LINE
8
BLACK
6
CONTINUOUS
10
5.1663433070866143
20
-2.9842492125984252
11
5.1661872440944885
21
-2.9840012204724409
0
LINE
8
BLACK
6
CONTINUOUS
10
5.1661872440944885
20
-2.9840012204724409
11
5.1643124803149609
21
-2.9802516929133858
0
LINE
8
BLACK
6
CONTINUOUS
10
5.1643124803149609
20
-2.9802516929133858
11
5.1641055905511806
21
-2.9797110629921257
0
LINE
8
BLACK
6
CONTINUOUS
10
5.1641055905511806
20
-2.9797110629921257
11
5.1640980708661415
21
-2.9796052362204724
0
LINE
8
BLACK
6
CONTINUOUS
10
5.1640980708661415
20
-2.9796052362204724
11
5.1640574803149608
21
-2.9795072440944881
0
LINE
8
BLACK
6
CONTINUOUS
10
5.1640574803149608
20
-2.9795072440944881
11
5.164000748031496
21
-2.9789311811023622
0
LINE
8
BLACK
6
CONTINUOUS
10
5.164000748031496
20
-2.9789311811023622
11
5.164000748031496
21
-2.9733068897637795
0
LINE
8
BLACK
6
CONTINUOUS
10
5.164000748031496
20
-2.9733068897637795
11
5.1640574803149608
21
-2.9727308267716537
0
LINE
8
BLACK
6
CONTINUOUS
10
5.1640574803149608
20
-2.9727308267716537
11
5.1640980708661415
21
-2.9726327952755907
0
LINE
8
BLACK
6
CONTINUOUS
10
5.1640980708661415
20
-2.9726327952755907
11
5.1641055905511806
21
-2.9725270078740156
0
LINE
8
BLACK
6
CONTINUOUS
10
5.1641055905511806
20
-2.9725270078740156
11
5.1643124803149609
21
-2.971986377952756
0
LINE
8
BLACK
6
CONTINUOUS
10
5.1643124803149609
20
-2.971986377952756
11
5.1661872440944885
21
-2.9682368503937009
0
LINE
8
BLACK
6
CONTINUOUS
10
5.1661872440944885
20
-2.9682368503937009
11
5.1663433070866143
21
-2.9679888188976378
0
LINE
8
BLACK
6
CONTINUOUS
10
5.1663433070866143
20
-2.9679888188976378
11
5.166373149606299
21
-2.9679168897637793
0
LINE
8
BLACK
6
CONTINUOUS
10
5.166373149606299
20
-2.9679168897637793
11
5.1664396062992122
21
-2.9678359055118109
0
LINE
8
BLACK
6
CONTINUOUS
10
5.1664396062992122
20
-2.9678359055118109
11
5.1664955905511807
21
-2.967746968503937
0
LINE
8
BLACK
6
CONTINUOUS
10
5.1664955905511807
20
-2.967746968503937
11
5.1665545669291335
21
-2.9676957874015746
0
LINE
8
BLACK
6
CONTINUOUS
10
5.1665545669291335
20
-2.9676957874015746
11
5.1667403543307087
21
-2.9674694488188975
0
LINE
8
BLACK
6
CONTINUOUS
10
5.1667403543307087
20
-2.9674694488188975
11
5.1686151181102362
21
-2.96559468503937
0
LINE
8
BLACK
6
CONTINUOUS
10
5.1686151181102362
20
-2.96559468503937
11
5.1688414566929133
21
-2.9654088976377952
0
LINE
8
BLACK
6
CONTINUOUS
10
5.1688414566929133
20
-2.9654088976377952
11
5.1688926377952757
21
-2.9653499212598424
0
LINE
8
BLACK
6
CONTINUOUS
10
5.1688926377952757
20
-2.9653499212598424
11
5.1689815748031496
21
-2.9652939370078739
0
LINE
8
BLACK
6
CONTINUOUS
10
5.1689815748031496
20
-2.9652939370078739
11
5.169062559055118
21
-2.9652274803149608
0
LINE
8
BLACK
6
CONTINUOUS
10
5.169062559055118
20
-2.9652274803149608
11
5.169134488188976
21
-2.9651976377952756
0
LINE
8
BLACK
6
CONTINUOUS
10
5.169134488188976
20
-2.9651976377952756
11
5.1693825196850396
21
-2.9650415748031493
0
LINE
8
BLACK
6
CONTINUOUS
10
5.1693825196850396
20
-2.9650415748031493
11
5.1731320472440947
21
-2.9631668110236218
0
LINE
8
BLACK
6
CONTINUOUS
10
5.1731320472440947
20
-2.9631668110236218
11
5.1736726377952751
21
-2.9629599212598423
0
LINE
8
BLACK
6
CONTINUOUS
10
5.1736726377952751
20
-2.9629599212598423
11
5.1737785039370081
21
-2.9629523622047245
0
LINE
8
BLACK
6
CONTINUOUS
10
5.1737785039370081
20
-2.9629523622047245
11
5.1738764960629924
21
-2.9629118110236221
0
LINE
8
BLACK
6
CONTINUOUS
10
5.1738764960629924
20
-2.9629118110236221
11
5.1744525590551183
21
-2.9628550787401573
0
LINE
8
BLACK
6
CONTINUOUS
10
5.1744525590551183
20
-2.9628550787401573
11
5.1894506692913387
21
-2.9628550787401573
0
LINE
8
BLACK
6
CONTINUOUS
10
5.1894506692913387
20
-2.9628550787401573
11
5.1900267322834646
21
-2.9629118110236221
0
LINE
8
BLACK
6
CONTINUOUS
10
5.1724521259842522
20
-2.9701093307086612
11
5.1712549999999995
21
-2.9713064566929135
0
LINE
8
BLACK
6
CONTINUOUS
10
5.1712549999999995
20
-2.9713064566929135
11
5.1699062598425192
21
-2.9740039370078741
0
LINE
8
BLACK
6
CONTINUOUS
10
5.1699062598425192
20
-2.9740039370078741
11
5.1699062598425192
21
-2.9782341338582676
0
LINE
8
BLACK
6
CONTINUOUS
10
5.1699062598425192
20
-2.9782341338582676
11
5.1712549999999995
21
-2.9809316141732283
0
LINE
8
BLACK
6
CONTINUOUS
10
5.1712549999999995
20
-2.9809316141732283
11
5.1724521259842522
21
-2.9821287401574801
0
LINE
8
BLACK
6
CONTINUOUS
10
5.1724521259842522
20
-2.9821287401574801
11
5.1751496062992128
21
-2.9834774803149604
0
LINE
8
BLACK
6
CONTINUOUS
10
5.1751496062992128
20
-2.9834774803149604
11
5.1864979133858267
21
-2.9834774803149604
0
LINE
8
BLACK
6
CONTINUOUS
10
5.1864979133858267
20
-2.9834774803149604
11
5.1864979133858267
21
-2.9687605905511809
0
LINE
8
BLACK
6
CONTINUOUS
10
5.1864979133858267
20
-2.9687605905511809
11
5.1751496062992128
21
-2.9687605905511809
0
LINE
8
BLACK
6
CONTINUOUS
10
5.1751496062992128
20
-2.9687605905511809
11
5.1724521259842522
21
-2.9701093307086612
0
CIRCLE
8
BLACK
10
5.8245275590551175
20
-2.9496456692913386
40
0.0068897637795276
0
CIRCLE
8
BLACK
10
5.0371259842519684
20
-2.9496456692913386
40
0.0068897637795276
0
CIRCLE
8
BLACK
10
5.4308267716535434
20
-2.9496456692913386
40
0.0068897637795276
0
CIRCLE
8
BLACK
10
6.6119291338582675
20
-4.1307480314960632
40
0.0068897637795276
0
CIRCLE
8
BLACK
10
6.2182283464566925
20
-4.1307480314960632
40
0.0068897637795276
0
CIRCLE
8
BLACK
10
5.8245275590551175
20
-4.1307480314960632
40
0.0068897637795276
0
CIRCLE
8
BLACK
10
5.0371259842519684
20
-4.1307480314960632
40
0.0068897637795276
0
CIRCLE
8
BLACK
10
6.6119291338582675
20
-2.9496456692913386
40
0.0068897637795276
0
CIRCLE
8
BLACK
10
6.2182283464566925
20
-2.9496456692913386
40
0.0068897637795276
0
CIRCLE
8
BLACK
10
5.4308267716535434
20
-4.1307480314960632
40
0.0068897637795276
0
CIRCLE
8
BLACK
10
5.5921653543307084
20
-3.2797244094488187
40
0.0039370078740157
0
CIRCLE
8
BLACK
10
5.5449212598425195
20
-3.2797244094488187
40
0.0039370078740157
0
CIRCLE
8
BLACK
10
5.4976771653543306
20
-3.2797244094488187
40
0.0039370078740157
0
CIRCLE
8
BLACK
10
5.4504330708661417
20
-3.2797244094488187
40
0.0039370078740157
0
CIRCLE
8
BLACK
10
5.5921653543307084
20
-3.3407480314960627
40
0.0039370078740157
0
CIRCLE
8
BLACK
10
5.5449212598425195
20
-3.3407480314960627
40
0.0039370078740157
0
CIRCLE
8
BLACK
10
5.4976771653543306
20
-3.3407480314960627
40
0.0039370078740157
0
CIRCLE
8
BLACK
10
5.4504330708661417
20
-3.3407480314960627
40
0.0039370078740157
0
CIRCLE
8
BLACK
10
5.5921653543307084
20
-3.4017716535433071
40
0.0039370078740157
0
CIRCLE
8
BLACK
10
5.5449212598425195
20
-3.4017716535433071
40
0.0039370078740157
0
CIRCLE
8
BLACK
10
5.4976771653543306
20
-3.4017716535433071
40
0.0039370078740157
0
CIRCLE
8
BLACK
10
5.4504330708661417
20
-3.4017716535433071
40
0.0039370078740157
0
CIRCLE
8
BLACK
10
6.0181496062992128
20
-3.6763779527559053
40
0.0039370078740157
0
CIRCLE
8
BLACK
10
6.0417716535433073
20
-3.6763779527559053
40
0.0039370078740157
0
CIRCLE
8
BLACK
10
6.0653937007874017
20
-3.6763779527559053
40
0.0039370078740157
0
CIRCLE
8
BLACK
10
6.5892913385826768
20
-3.3581102362204724
40
0.0039370078740157
0
CIRCLE
8
BLACK
10
6.5892913385826768
20
-3.1317322834645669
40
0.0039370078740157
0
CIRCLE
8
BLACK
10
6.5892913385826768
20
-3.9486614173228345
40
0.0039370078740157
0
CIRCLE
8
BLACK
10
6.5892913385826768
20
-3.7222834645669289
40
0.0039370078740157
0
CIRCLE
8
BLACK
10
5.8245275590551175
20
-2.9496456692913386
40
0.0068897637795276
0
CIRCLE
8
BLACK
10
5.0371259842519684
20
-2.9496456692913386
40
0.0068897637795276
0
CIRCLE
8
BLACK
10
5.4308267716535434
20
-2.9496456692913386
40
0.0068897637795276
0
CIRCLE
8
BLACK
10
6.6119291338582675
20
-4.1307480314960632
40
0.0068897637795276
0
CIRCLE
8
BLACK
10
6.2182283464566925
20
-4.1307480314960632
40
0.0068897637795276
0
CIRCLE
8
BLACK
10
5.8245275590551175
20
-4.1307480314960632
40
0.0068897637795276
0
CIRCLE
8
BLACK
10
5.0371259842519684
20
-4.1307480314960632
40
0.0068897637795276
0
CIRCLE
8
BLACK
10
6.6119291338582675
20
-2.9496456692913386
40
0.0068897637795276
0
CIRCLE
8
BLACK
10
6.2182283464566925
20
-2.9496456692913386
40
0.0068897637795276
0
CIRCLE
8
BLACK
10
5.4308267716535434
20
-4.1307480314960632
40
0.0068897637795276
0
CIRCLE
8
BLACK
10
5.5921653543307084
20
-3.2797244094488187
40
0.0039370078740157
0
CIRCLE
8
BLACK
10
5.5449212598425195
20
-3.2797244094488187
40
0.0039370078740157
0
CIRCLE
8
BLACK
10
5.4976771653543306
20
-3.2797244094488187
40
0.0039370078740157
0
CIRCLE
8
BLACK
10
5.4504330708661417
20
-3.2797244094488187
40
0.0039370078740157
0
CIRCLE
8
BLACK
10
5.5921653543307084
20
-3.3407480314960627
40
0.0039370078740157
0
CIRCLE
8
BLACK
10
5.5449212598425195
20
-3.3407480314960627
40
0.0039370078740157
0
CIRCLE
8
BLACK
10
5.4976771653543306
20
-3.3407480314960627
40
0.0039370078740157
0
CIRCLE
8
BLACK
10
5.4504330708661417
20
-3.3407480314960627
40
0.0039370078740157
0
CIRCLE
8
BLACK
10
5.5921653543307084
20
-3.4017716535433071
40
0.0039370078740157
0
CIRCLE
8
BLACK
10
5.5449212598425195
20
-3.4017716535433071
40
0.0039370078740157
0
CIRCLE
8
BLACK
10
5.4976771653543306
20
-3.4017716535433071
40
0.0039370078740157
0
CIRCLE
8
BLACK
10
5.4504330708661417
20
-3.4017716535433071
40
0.0039370078740157
0
CIRCLE
8
BLACK
10
6.0181496062992128
20
-3.6763779527559053
40
0.0039370078740157
0
CIRCLE
8
BLACK
10
6.0417716535433073
20
-3.6763779527559053
40
0.0039370078740157
0
CIRCLE
8
BLACK
10
6.0653937007874017
20
-3.6763779527559053
40
0.0039370078740157
0
CIRCLE
8
BLACK
10
6.5892913385826768
20
-3.3581102362204724
40
0.0039370078740157
0
CIRCLE
8
BLACK
10
6.5892913385826768
20
-3.1317322834645669
40
0.0039370078740157
0
CIRCLE
8
BLACK
10
6.5892913385826768
20
-3.9486614173228345
40
0.0039370078740157
0
CIRCLE
8
BLACK
10
6.5892913385826768
20
-3.7222834645669289
40
0.0039370078740157
  0
ENDSEC
  0
EOF
