ISO-10303-21;
HEADER;
FILE_DESCRIPTION(('KiCad electronic assembly'),'2;1');
FILE_NAME('TFSIK01.step','2025-05-28T19:55:49',('Pcbnew'),('Kicad'),
  'Open CASCADE STEP processor 7.6','KiCad to STEP converter','Unknown'
  );
FILE_SCHEMA(('AUTOMOTIVE_DESIGN { 1 0 10303 214 1 1 1 1 }'));
ENDSEC;
DATA;
#1 = APPLICATION_PROTOCOL_DEFINITION('international standard',
  'automotive_design',2000,#2);
#2 = APPLICATION_CONTEXT(
  'core data for automotive mechanical design processes');
#3 = SHAPE_DEFINITION_REPRESENTATION(#4,#10);
#4 = PRODUCT_DEFINITION_SHAPE('','',#5);
#5 = PRODUCT_DEFINITION('design','',#6,#9);
#6 = PRODUCT_DEFINITION_FORMATION('','',#7);
#7 = PRODUCT('TFSIK01 1','TFSIK01 1','',(#8));
#8 = PRODUCT_CONTEXT('',#2,'mechanical');
#9 = PRODUCT_DEFINITION_CONTEXT('part definition',#2,'design');
#10 = SHAPE_REPRESENTATION('',(#11,#15,#19,#23,#27,#31,#35,#39,#43,#47,
    #51,#55,#59,#63,#67,#71,#75,#79,#83,#87,#91,#95,#99,#103,#107,#111,
    #115,#119,#123,#127,#131,#135,#139,#143,#147,#151,#155,#159,#163,
    #167,#171,#175,#179,#183,#187,#191,#195,#199,#203,#207,#211,#215,
    #219,#223),#227);
#11 = AXIS2_PLACEMENT_3D('',#12,#13,#14);
#12 = CARTESIAN_POINT('',(0.,0.,0.));
#13 = DIRECTION('',(0.,0.,1.));
#14 = DIRECTION('',(1.,0.,-0.));
#15 = AXIS2_PLACEMENT_3D('',#16,#17,#18);
#16 = CARTESIAN_POINT('',(153.7538,-79.648,-8.5E-02));
#17 = DIRECTION('',(0.,-1.224646799147E-16,-1.));
#18 = DIRECTION('',(1.,0.,0.));
#19 = AXIS2_PLACEMENT_3D('',#20,#21,#22);
#20 = CARTESIAN_POINT('',(156.865,-87.141,-8.5E-02));
#21 = DIRECTION('',(0.,-1.224646799147E-16,-1.));
#22 = DIRECTION('',(1.,0.,0.));
#23 = AXIS2_PLACEMENT_3D('',#24,#25,#26);
#24 = CARTESIAN_POINT('',(163.482,-98.4905,-8.5E-02));
#25 = DIRECTION('',(1.224646799147E-16,-1.359631073447E-32,-1.));
#26 = DIRECTION('',(1.110223024625E-16,1.,0.));
#27 = AXIS2_PLACEMENT_3D('',#28,#29,#30);
#28 = CARTESIAN_POINT('',(127.15,-81.875,-8.5E-02));
#29 = DIRECTION('',(1.224646799147E-16,-1.359631073447E-32,-1.));
#30 = DIRECTION('',(1.110223024625E-16,1.,0.));
#31 = AXIS2_PLACEMENT_3D('',#32,#33,#34);
#32 = CARTESIAN_POINT('',(160.942,-94.888,-8.5E-02));
#33 = DIRECTION('',(1.224646799147E-16,-1.359631073447E-32,-1.));
#34 = DIRECTION('',(1.110223024625E-16,1.,0.));
#35 = AXIS2_PLACEMENT_3D('',#36,#37,#38);
#36 = CARTESIAN_POINT('',(153.703,-87.903,-8.5E-02));
#37 = DIRECTION('',(-1.224646799147E-16,-1.359631073447E-32,-1.));
#38 = DIRECTION('',(1.110223024625E-16,-1.,0.));
#39 = AXIS2_PLACEMENT_3D('',#40,#41,#42);
#40 = CARTESIAN_POINT('',(142.9,-90.6,-8.5E-02));
#41 = DIRECTION('',(-1.224646799147E-16,-1.359631073447E-32,-1.));
#42 = DIRECTION('',(1.110223024625E-16,-1.,0.));
#43 = AXIS2_PLACEMENT_3D('',#44,#45,#46);
#44 = CARTESIAN_POINT('',(133.9672,-102.0508,-8.5E-02));
#45 = DIRECTION('',(1.499759782662E-32,1.224646799147E-16,-1.));
#46 = DIRECTION('',(-1.,1.224646799147E-16,0.));
#47 = AXIS2_PLACEMENT_3D('',#48,#49,#50);
#48 = CARTESIAN_POINT('',(150.147,-96.5855,-8.5E-02));
#49 = DIRECTION('',(1.224646799147E-16,-1.359631073447E-32,-1.));
#50 = DIRECTION('',(1.110223024625E-16,1.,0.));
#51 = AXIS2_PLACEMENT_3D('',#52,#53,#54);
#52 = CARTESIAN_POINT('',(132.24,-81.934,-8.5E-02));
#53 = DIRECTION('',(-1.224646799147E-16,-1.359631073447E-32,-1.));
#54 = DIRECTION('',(1.110223024625E-16,-1.,0.));
#55 = AXIS2_PLACEMENT_3D('',#56,#57,#58);
#56 = CARTESIAN_POINT('',(133.955,-95.396,-8.5E-02));
#57 = DIRECTION('',(1.499759782662E-32,1.224646799147E-16,-1.));
#58 = DIRECTION('',(-1.,1.224646799147E-16,0.));
#59 = AXIS2_PLACEMENT_3D('',#60,#61,#62);
#60 = CARTESIAN_POINT('',(132.243,-78.4542,-8.5E-02));
#61 = DIRECTION('',(1.224646799147E-16,-1.359631073447E-32,-1.));
#62 = DIRECTION('',(1.110223024625E-16,1.,0.));
#63 = AXIS2_PLACEMENT_3D('',#64,#65,#66);
#64 = CARTESIAN_POINT('',(147.3784,-81.0196,-8.5E-02));
#65 = DIRECTION('',(1.224646799147E-16,-1.359631073447E-32,-1.));
#66 = DIRECTION('',(1.110223024625E-16,1.,0.));
#67 = AXIS2_PLACEMENT_3D('',#68,#69,#70);
#68 = CARTESIAN_POINT('',(154.7995,-90.57,-8.5E-02));
#69 = DIRECTION('',(1.499759782662E-32,1.224646799147E-16,-1.));
#70 = DIRECTION('',(-1.,1.224646799147E-16,0.));
#71 = AXIS2_PLACEMENT_3D('',#72,#73,#74);
#72 = CARTESIAN_POINT('',(163.482,-86.265,-8.5E-02));
#73 = DIRECTION('',(1.224646799147E-16,-1.359631073447E-32,-1.));
#74 = DIRECTION('',(1.110223024625E-16,1.,0.));
#75 = AXIS2_PLACEMENT_3D('',#76,#77,#78);
#76 = CARTESIAN_POINT('',(133.891,-99.206,-8.5E-02));
#77 = DIRECTION('',(1.499759782662E-32,1.224646799147E-16,-1.));
#78 = DIRECTION('',(-1.,1.224646799147E-16,0.));
#79 = AXIS2_PLACEMENT_3D('',#80,#81,#82);
#80 = CARTESIAN_POINT('',(149.385,-86.887,-8.5E-02));
#81 = DIRECTION('',(-8.659560562355E-17,-8.659560562355E-17,-1.));
#82 = DIRECTION('',(0.707106781187,-0.707106781187,0.));
#83 = AXIS2_PLACEMENT_3D('',#84,#85,#86);
#84 = CARTESIAN_POINT('',(154.9265,-98.698,-8.5E-02));
#85 = DIRECTION('',(1.499759782662E-32,1.224646799147E-16,-1.));
#86 = DIRECTION('',(-1.,1.224646799147E-16,0.));
#87 = AXIS2_PLACEMENT_3D('',#88,#89,#90);
#88 = CARTESIAN_POINT('',(134.05,-90.443,-8.5E-02));
#89 = DIRECTION('',(1.499759782662E-32,1.224646799147E-16,-1.));
#90 = DIRECTION('',(-1.,1.224646799147E-16,0.));
#91 = AXIS2_PLACEMENT_3D('',#92,#93,#94);
#92 = CARTESIAN_POINT('',(146.3,-90.65,-8.5E-02));
#93 = DIRECTION('',(-1.224646799147E-16,-1.359631073447E-32,-1.));
#94 = DIRECTION('',(1.110223024625E-16,-1.,0.));
#95 = AXIS2_PLACEMENT_3D('',#96,#97,#98);
#96 = CARTESIAN_POINT('',(144.5,-90.6,-8.5E-02));
#97 = DIRECTION('',(-1.224646799147E-16,-1.359631073447E-32,-1.));
#98 = DIRECTION('',(1.110223024625E-16,-1.,0.));
#99 = AXIS2_PLACEMENT_3D('',#100,#101,#102);
#100 = CARTESIAN_POINT('',(158.1734,-92.1,-8.5E-02));
#101 = DIRECTION('',(1.224646799147E-16,-1.359631073447E-32,-1.));
#102 = DIRECTION('',(1.110223024625E-16,1.,0.));
#103 = AXIS2_PLACEMENT_3D('',#104,#105,#106);
#104 = CARTESIAN_POINT('',(128.684,-97.421,-8.5E-02));
#105 = DIRECTION('',(1.224646799147E-16,-1.359631073447E-32,-1.));
#106 = DIRECTION('',(1.110223024625E-16,1.,0.));
#107 = AXIS2_PLACEMENT_3D('',#108,#109,#110);
#108 = CARTESIAN_POINT('',(128.75,-81.87,-8.5E-02));
#109 = DIRECTION('',(-1.224646799147E-16,-1.359631073447E-32,-1.));
#110 = DIRECTION('',(1.110223024625E-16,-1.,0.));
#111 = AXIS2_PLACEMENT_3D('',#112,#113,#114);
#112 = CARTESIAN_POINT('',(156.865,-88.792,-8.5E-02));
#113 = DIRECTION('',(0.,-1.224646799147E-16,-1.));
#114 = DIRECTION('',(1.,0.,0.));
#115 = AXIS2_PLACEMENT_3D('',#116,#117,#118);
#116 = CARTESIAN_POINT('',(130.243,-78.4542,-8.5E-02));
#117 = DIRECTION('',(1.224646799147E-16,-1.359631073447E-32,-1.));
#118 = DIRECTION('',(1.110223024625E-16,1.,0.));
#119 = AXIS2_PLACEMENT_3D('',#120,#121,#122);
#120 = CARTESIAN_POINT('',(133.955,-97.301,-8.5E-02));
#121 = DIRECTION('',(1.499759782662E-32,1.224646799147E-16,-1.));
#122 = DIRECTION('',(-1.,1.224646799147E-16,0.));
#123 = AXIS2_PLACEMENT_3D('',#124,#125,#126);
#124 = CARTESIAN_POINT('',(145.6258,-82.975,-8.5E-02));
#125 = DIRECTION('',(-1.224646799147E-16,-1.359631073447E-32,-1.));
#126 = DIRECTION('',(1.110223024625E-16,-1.,0.));
#127 = AXIS2_PLACEMENT_3D('',#128,#129,#130);
#128 = CARTESIAN_POINT('',(149.372,-93.745,-8.5E-02));
#129 = DIRECTION('',(1.499759782662E-32,1.224646799147E-16,-1.));
#130 = DIRECTION('',(-1.,1.224646799147E-16,0.));
#131 = AXIS2_PLACEMENT_3D('',#132,#133,#134);
#132 = CARTESIAN_POINT('',(133.878,-86.379,-8.5E-02));
#133 = DIRECTION('',(1.499759782662E-32,1.224646799147E-16,-1.));
#134 = DIRECTION('',(-1.,1.224646799147E-16,0.));
#135 = AXIS2_PLACEMENT_3D('',#136,#137,#138);
#136 = CARTESIAN_POINT('',(158.77,-98.698,-8.5E-02));
#137 = DIRECTION('',(1.499759782662E-32,1.224646799147E-16,-1.));
#138 = DIRECTION('',(-1.,1.224646799147E-16,0.));
#139 = AXIS2_PLACEMENT_3D('',#140,#141,#142);
#140 = CARTESIAN_POINT('',(152.052,-99.473,-8.5E-02));
#141 = DIRECTION('',(-1.224646799147E-16,-1.359631073447E-32,-1.));
#142 = DIRECTION('',(1.110223024625E-16,-1.,0.));
#143 = AXIS2_PLACEMENT_3D('',#144,#145,#146);
#144 = CARTESIAN_POINT('',(144.8384,-94.2276,-8.5E-02));
#145 = DIRECTION('',(1.224646799147E-16,-1.359631073447E-32,-1.));
#146 = DIRECTION('',(1.110223024625E-16,1.,0.));
#147 = AXIS2_PLACEMENT_3D('',#148,#149,#150);
#148 = CARTESIAN_POINT('',(157.246,-95.904,-8.5E-02));
#149 = DIRECTION('',(0.,-1.224646799147E-16,-1.));
#150 = DIRECTION('',(1.,0.,0.));
#151 = AXIS2_PLACEMENT_3D('',#152,#153,#154);
#152 = CARTESIAN_POINT('',(163.482,-81.3795,-8.5E-02));
#153 = DIRECTION('',(-1.224646799147E-16,-1.359631073447E-32,-1.));
#154 = DIRECTION('',(1.110223024625E-16,-1.,0.));
#155 = AXIS2_PLACEMENT_3D('',#156,#157,#158);
#156 = CARTESIAN_POINT('',(130.3,-81.871,-8.5E-02));
#157 = DIRECTION('',(-1.224646799147E-16,-1.359631073447E-32,-1.));
#158 = DIRECTION('',(1.110223024625E-16,-1.,0.));
#159 = AXIS2_PLACEMENT_3D('',#160,#161,#162);
#160 = CARTESIAN_POINT('',(148.3,-89.65,-8.5E-02));
#161 = DIRECTION('',(1.224646799147E-16,-1.359631073447E-32,-1.));
#162 = DIRECTION('',(1.110223024625E-16,1.,0.));
#163 = AXIS2_PLACEMENT_3D('',#164,#165,#166);
#164 = CARTESIAN_POINT('',(134.907,-83.268,-8.5E-02));
#165 = DIRECTION('',(1.224646799147E-16,-1.359631073447E-32,-1.));
#166 = DIRECTION('',(1.110223024625E-16,1.,0.));
#167 = AXIS2_PLACEMENT_3D('',#168,#169,#170);
#168 = CARTESIAN_POINT('',(141.3,-90.825,-8.5E-02));
#169 = DIRECTION('',(-1.224646799147E-16,-1.359631073447E-32,-1.));
#170 = DIRECTION('',(1.110223024625E-16,-1.,0.));
#171 = AXIS2_PLACEMENT_3D('',#172,#173,#174);
#172 = CARTESIAN_POINT('',(163.482,-93.25,-8.5E-02));
#173 = DIRECTION('',(-1.224646799147E-16,-1.359631073447E-32,-1.));
#174 = DIRECTION('',(1.110223024625E-16,-1.,0.));
#175 = AXIS2_PLACEMENT_3D('',#176,#177,#178);
#176 = CARTESIAN_POINT('',(150.25,-90.9,-8.5E-02));
#177 = DIRECTION('',(1.224646799147E-16,-1.359631073447E-32,-1.));
#178 = DIRECTION('',(1.110223024625E-16,1.,0.));
#179 = AXIS2_PLACEMENT_3D('',#180,#181,#182);
#180 = CARTESIAN_POINT('',(133.878,-88.157,-8.5E-02));
#181 = DIRECTION('',(1.499759782662E-32,1.224646799147E-16,-1.));
#182 = DIRECTION('',(-1.,1.224646799147E-16,0.));
#183 = AXIS2_PLACEMENT_3D('',#184,#185,#186);
#184 = CARTESIAN_POINT('',(159.926,-88.4618,-8.5E-02));
#185 = DIRECTION('',(1.224646799147E-16,-1.359631073447E-32,-1.));
#186 = DIRECTION('',(1.110223024625E-16,1.,0.));
#187 = AXIS2_PLACEMENT_3D('',#188,#189,#190);
#188 = CARTESIAN_POINT('',(162.913,-89.823,-8.5E-02));
#189 = DIRECTION('',(1.499759782662E-32,1.224646799147E-16,-1.));
#190 = DIRECTION('',(-1.,1.224646799147E-16,0.));
#191 = AXIS2_PLACEMENT_3D('',#192,#193,#194);
#192 = CARTESIAN_POINT('',(133.955,-93.618,-8.5E-02));
#193 = DIRECTION('',(1.499759782662E-32,1.224646799147E-16,-1.));
#194 = DIRECTION('',(-1.,1.224646799147E-16,0.));
#195 = AXIS2_PLACEMENT_3D('',#196,#197,#198);
#196 = CARTESIAN_POINT('',(142.5016,-78.5558,-8.5E-02));
#197 = DIRECTION('',(1.499759782662E-32,1.224646799147E-16,-1.));
#198 = DIRECTION('',(-1.,1.224646799147E-16,0.));
#199 = AXIS2_PLACEMENT_3D('',#200,#201,#202);
#200 = CARTESIAN_POINT('',(148.877,-83.839,-8.5E-02));
#201 = DIRECTION('',(0.,-1.224646799147E-16,-1.));
#202 = DIRECTION('',(1.,0.,0.));
#203 = AXIS2_PLACEMENT_3D('',#204,#205,#206);
#204 = CARTESIAN_POINT('',(144.8384,-97.997,-8.5E-02));
#205 = DIRECTION('',(-1.224646799147E-16,-1.359631073447E-32,-1.));
#206 = DIRECTION('',(1.110223024625E-16,-1.,0.));
#207 = AXIS2_PLACEMENT_3D('',#208,#209,#210);
#208 = CARTESIAN_POINT('',(146.3,-87.025,-8.5E-02));
#209 = DIRECTION('',(1.224646799147E-16,-1.359631073447E-32,-1.));
#210 = DIRECTION('',(1.110223024625E-16,1.,0.));
#211 = AXIS2_PLACEMENT_3D('',#212,#213,#214);
#212 = CARTESIAN_POINT('',(150.147,-80.791,-8.5E-02));
#213 = DIRECTION('',(-8.659560562355E-17,8.659560562355E-17,-1.));
#214 = DIRECTION('',(-0.707106781187,-0.707106781187,0.));
#215 = AXIS2_PLACEMENT_3D('',#216,#217,#218);
#216 = CARTESIAN_POINT('',(160.0276,-91.8,-8.5E-02));
#217 = DIRECTION('',(1.224646799147E-16,-1.359631073447E-32,-1.));
#218 = DIRECTION('',(1.110223024625E-16,1.,0.));
#219 = AXIS2_PLACEMENT_3D('',#220,#221,#222);
#220 = CARTESIAN_POINT('',(155.735,-93.301,-8.5E-02));
#221 = DIRECTION('',(-1.224646799147E-16,-1.359631073447E-32,-1.));
#222 = DIRECTION('',(1.110223024625E-16,-1.,0.));
#223 = AXIS2_PLACEMENT_3D('',#224,#225,#226);
#224 = CARTESIAN_POINT('',(0.,0.,0.));
#225 = DIRECTION('',(0.,0.,1.));
#226 = DIRECTION('',(1.,0.,-0.));
#227 = ( GEOMETRIC_REPRESENTATION_CONTEXT(3) 
GLOBAL_UNCERTAINTY_ASSIGNED_CONTEXT((#231)) GLOBAL_UNIT_ASSIGNED_CONTEXT
((#228,#229,#230)) REPRESENTATION_CONTEXT('Context #1',
  '3D Context with UNIT and UNCERTAINTY') );
#228 = ( LENGTH_UNIT() NAMED_UNIT(*) SI_UNIT(.MILLI.,.METRE.) );
#229 = ( NAMED_UNIT(*) PLANE_ANGLE_UNIT() SI_UNIT($,.RADIAN.) );
#230 = ( NAMED_UNIT(*) SI_UNIT($,.STERADIAN.) SOLID_ANGLE_UNIT() );
#231 = UNCERTAINTY_MEASURE_WITH_UNIT(LENGTH_MEASURE(5.E-07),#228,
  'distance_accuracy_value','confusion accuracy');
#232 = PRODUCT_RELATED_PRODUCT_CATEGORY('part',$,(#7));
#233 = SHAPE_DEFINITION_REPRESENTATION(#234,#240);
#234 = PRODUCT_DEFINITION_SHAPE('','',#235);
#235 = PRODUCT_DEFINITION('design','',#236,#239);
#236 = PRODUCT_DEFINITION_FORMATION('','',#237);
#237 = PRODUCT('C_0603_1608Metric','C_0603_1608Metric','',(#238));
#238 = PRODUCT_CONTEXT('',#2,'mechanical');
#239 = PRODUCT_DEFINITION_CONTEXT('part definition',#2,'design');
#240 = ADVANCED_BREP_SHAPE_REPRESENTATION('',(#11,#241),#1095);
#241 = MANIFOLD_SOLID_BREP('',#242);
#242 = CLOSED_SHELL('',(#243,#319,#350,#375,#400,#424,#448,#473,#498,
    #515,#601,#633,#657,#682,#706,#731,#755,#780,#797,#883,#914,#939,
    #964,#988,#1012,#1037,#1062,#1079));
#243 = ADVANCED_FACE('',(#244),#314,.F.);
#244 = FACE_BOUND('',#245,.F.);
#245 = EDGE_LOOP('',(#246,#256,#265,#273,#282,#290,#299,#307));
#246 = ORIENTED_EDGE('',*,*,#247,.F.);
#247 = EDGE_CURVE('',#248,#250,#252,.T.);
#248 = VERTEX_POINT('',#249);
#249 = CARTESIAN_POINT('',(-0.8,-0.4,3.E-02));
#250 = VERTEX_POINT('',#251);
#251 = CARTESIAN_POINT('',(-0.8,-0.4,0.77));
#252 = LINE('',#253,#254);
#253 = CARTESIAN_POINT('',(-0.8,-0.4,0.));
#254 = VECTOR('',#255,1.);
#255 = DIRECTION('',(0.,0.,1.));
#256 = ORIENTED_EDGE('',*,*,#257,.T.);
#257 = EDGE_CURVE('',#248,#258,#260,.T.);
#258 = VERTEX_POINT('',#259);
#259 = CARTESIAN_POINT('',(-0.8,-0.37,0.));
#260 = CIRCLE('',#261,3.E-02);
#261 = AXIS2_PLACEMENT_3D('',#262,#263,#264);
#262 = CARTESIAN_POINT('',(-0.8,-0.37,3.E-02));
#263 = DIRECTION('',(1.,0.,-0.));
#264 = DIRECTION('',(0.,0.,1.));
#265 = ORIENTED_EDGE('',*,*,#266,.T.);
#266 = EDGE_CURVE('',#258,#267,#269,.T.);
#267 = VERTEX_POINT('',#268);
#268 = CARTESIAN_POINT('',(-0.8,0.37,0.));
#269 = LINE('',#270,#271);
#270 = CARTESIAN_POINT('',(-0.8,-0.4,0.));
#271 = VECTOR('',#272,1.);
#272 = DIRECTION('',(0.,1.,0.));
#273 = ORIENTED_EDGE('',*,*,#274,.F.);
#274 = EDGE_CURVE('',#275,#267,#277,.T.);
#275 = VERTEX_POINT('',#276);
#276 = CARTESIAN_POINT('',(-0.8,0.4,3.E-02));
#277 = CIRCLE('',#278,3.E-02);
#278 = AXIS2_PLACEMENT_3D('',#279,#280,#281);
#279 = CARTESIAN_POINT('',(-0.8,0.37,3.E-02));
#280 = DIRECTION('',(-1.,0.,0.));
#281 = DIRECTION('',(0.,0.,1.));
#282 = ORIENTED_EDGE('',*,*,#283,.T.);
#283 = EDGE_CURVE('',#275,#284,#286,.T.);
#284 = VERTEX_POINT('',#285);
#285 = CARTESIAN_POINT('',(-0.8,0.4,0.77));
#286 = LINE('',#287,#288);
#287 = CARTESIAN_POINT('',(-0.8,0.4,0.));
#288 = VECTOR('',#289,1.);
#289 = DIRECTION('',(0.,0.,1.));
#290 = ORIENTED_EDGE('',*,*,#291,.T.);
#291 = EDGE_CURVE('',#284,#292,#294,.T.);
#292 = VERTEX_POINT('',#293);
#293 = CARTESIAN_POINT('',(-0.8,0.37,0.8));
#294 = CIRCLE('',#295,3.E-02);
#295 = AXIS2_PLACEMENT_3D('',#296,#297,#298);
#296 = CARTESIAN_POINT('',(-0.8,0.37,0.77));
#297 = DIRECTION('',(1.,0.,-0.));
#298 = DIRECTION('',(0.,0.,1.));
#299 = ORIENTED_EDGE('',*,*,#300,.F.);
#300 = EDGE_CURVE('',#301,#292,#303,.T.);
#301 = VERTEX_POINT('',#302);
#302 = CARTESIAN_POINT('',(-0.8,-0.37,0.8));
#303 = LINE('',#304,#305);
#304 = CARTESIAN_POINT('',(-0.8,-0.4,0.8));
#305 = VECTOR('',#306,1.);
#306 = DIRECTION('',(0.,1.,0.));
#307 = ORIENTED_EDGE('',*,*,#308,.F.);
#308 = EDGE_CURVE('',#250,#301,#309,.T.);
#309 = CIRCLE('',#310,3.E-02);
#310 = AXIS2_PLACEMENT_3D('',#311,#312,#313);
#311 = CARTESIAN_POINT('',(-0.8,-0.37,0.77));
#312 = DIRECTION('',(-1.,0.,0.));
#313 = DIRECTION('',(0.,0.,1.));
#314 = PLANE('',#315);
#315 = AXIS2_PLACEMENT_3D('',#316,#317,#318);
#316 = CARTESIAN_POINT('',(-0.8,-0.4,0.));
#317 = DIRECTION('',(1.,0.,0.));
#318 = DIRECTION('',(0.,0.,1.));
#319 = ADVANCED_FACE('',(#320),#345,.F.);
#320 = FACE_BOUND('',#321,.F.);
#321 = EDGE_LOOP('',(#322,#332,#338,#339));
#322 = ORIENTED_EDGE('',*,*,#323,.F.);
#323 = EDGE_CURVE('',#324,#326,#328,.T.);
#324 = VERTEX_POINT('',#325);
#325 = CARTESIAN_POINT('',(-0.5,-0.4,3.E-02));
#326 = VERTEX_POINT('',#327);
#327 = CARTESIAN_POINT('',(-0.5,-0.4,0.77));
#328 = LINE('',#329,#330);
#329 = CARTESIAN_POINT('',(-0.5,-0.4,0.));
#330 = VECTOR('',#331,1.);
#331 = DIRECTION('',(0.,0.,1.));
#332 = ORIENTED_EDGE('',*,*,#333,.F.);
#333 = EDGE_CURVE('',#248,#324,#334,.T.);
#334 = LINE('',#335,#336);
#335 = CARTESIAN_POINT('',(-0.8,-0.4,3.E-02));
#336 = VECTOR('',#337,1.);
#337 = DIRECTION('',(1.,0.,0.));
#338 = ORIENTED_EDGE('',*,*,#247,.T.);
#339 = ORIENTED_EDGE('',*,*,#340,.T.);
#340 = EDGE_CURVE('',#250,#326,#341,.T.);
#341 = LINE('',#342,#343);
#342 = CARTESIAN_POINT('',(-0.8,-0.4,0.77));
#343 = VECTOR('',#344,1.);
#344 = DIRECTION('',(1.,0.,0.));
#345 = PLANE('',#346);
#346 = AXIS2_PLACEMENT_3D('',#347,#348,#349);
#347 = CARTESIAN_POINT('',(-0.8,-0.4,0.));
#348 = DIRECTION('',(0.,1.,0.));
#349 = DIRECTION('',(0.,-0.,1.));
#350 = ADVANCED_FACE('',(#351),#370,.T.);
#351 = FACE_BOUND('',#352,.T.);
#352 = EDGE_LOOP('',(#353,#354,#362,#369));
#353 = ORIENTED_EDGE('',*,*,#257,.T.);
#354 = ORIENTED_EDGE('',*,*,#355,.T.);
#355 = EDGE_CURVE('',#258,#356,#358,.T.);
#356 = VERTEX_POINT('',#357);
#357 = CARTESIAN_POINT('',(-0.5,-0.37,0.));
#358 = LINE('',#359,#360);
#359 = CARTESIAN_POINT('',(-0.8,-0.37,0.));
#360 = VECTOR('',#361,1.);
#361 = DIRECTION('',(1.,0.,0.));
#362 = ORIENTED_EDGE('',*,*,#363,.F.);
#363 = EDGE_CURVE('',#324,#356,#364,.T.);
#364 = CIRCLE('',#365,3.E-02);
#365 = AXIS2_PLACEMENT_3D('',#366,#367,#368);
#366 = CARTESIAN_POINT('',(-0.5,-0.37,3.E-02));
#367 = DIRECTION('',(1.,0.,-0.));
#368 = DIRECTION('',(0.,0.,1.));
#369 = ORIENTED_EDGE('',*,*,#333,.F.);
#370 = CYLINDRICAL_SURFACE('',#371,3.E-02);
#371 = AXIS2_PLACEMENT_3D('',#372,#373,#374);
#372 = CARTESIAN_POINT('',(-0.8,-0.37,3.E-02));
#373 = DIRECTION('',(1.,0.,0.));
#374 = DIRECTION('',(0.,-1.,0.));
#375 = ADVANCED_FACE('',(#376),#395,.T.);
#376 = FACE_BOUND('',#377,.T.);
#377 = EDGE_LOOP('',(#378,#379,#388,#394));
#378 = ORIENTED_EDGE('',*,*,#340,.T.);
#379 = ORIENTED_EDGE('',*,*,#380,.T.);
#380 = EDGE_CURVE('',#326,#381,#383,.T.);
#381 = VERTEX_POINT('',#382);
#382 = CARTESIAN_POINT('',(-0.5,-0.37,0.8));
#383 = CIRCLE('',#384,3.E-02);
#384 = AXIS2_PLACEMENT_3D('',#385,#386,#387);
#385 = CARTESIAN_POINT('',(-0.5,-0.37,0.77));
#386 = DIRECTION('',(-1.,0.,0.));
#387 = DIRECTION('',(0.,0.,1.));
#388 = ORIENTED_EDGE('',*,*,#389,.F.);
#389 = EDGE_CURVE('',#301,#381,#390,.T.);
#390 = LINE('',#391,#392);
#391 = CARTESIAN_POINT('',(-0.8,-0.37,0.8));
#392 = VECTOR('',#393,1.);
#393 = DIRECTION('',(1.,0.,0.));
#394 = ORIENTED_EDGE('',*,*,#308,.F.);
#395 = CYLINDRICAL_SURFACE('',#396,3.E-02);
#396 = AXIS2_PLACEMENT_3D('',#397,#398,#399);
#397 = CARTESIAN_POINT('',(-0.8,-0.37,0.77));
#398 = DIRECTION('',(1.,0.,0.));
#399 = DIRECTION('',(0.,-1.,0.));
#400 = ADVANCED_FACE('',(#401),#419,.F.);
#401 = FACE_BOUND('',#402,.F.);
#402 = EDGE_LOOP('',(#403,#404,#405,#413));
#403 = ORIENTED_EDGE('',*,*,#266,.F.);
#404 = ORIENTED_EDGE('',*,*,#355,.T.);
#405 = ORIENTED_EDGE('',*,*,#406,.T.);
#406 = EDGE_CURVE('',#356,#407,#409,.T.);
#407 = VERTEX_POINT('',#408);
#408 = CARTESIAN_POINT('',(-0.5,0.37,0.));
#409 = LINE('',#410,#411);
#410 = CARTESIAN_POINT('',(-0.5,-0.4,0.));
#411 = VECTOR('',#412,1.);
#412 = DIRECTION('',(0.,1.,0.));
#413 = ORIENTED_EDGE('',*,*,#414,.F.);
#414 = EDGE_CURVE('',#267,#407,#415,.T.);
#415 = LINE('',#416,#417);
#416 = CARTESIAN_POINT('',(-0.8,0.37,0.));
#417 = VECTOR('',#418,1.);
#418 = DIRECTION('',(1.,0.,0.));
#419 = PLANE('',#420);
#420 = AXIS2_PLACEMENT_3D('',#421,#422,#423);
#421 = CARTESIAN_POINT('',(-0.8,-0.4,0.));
#422 = DIRECTION('',(0.,0.,1.));
#423 = DIRECTION('',(1.,0.,-0.));
#424 = ADVANCED_FACE('',(#425),#443,.T.);
#425 = FACE_BOUND('',#426,.T.);
#426 = EDGE_LOOP('',(#427,#428,#429,#437));
#427 = ORIENTED_EDGE('',*,*,#300,.F.);
#428 = ORIENTED_EDGE('',*,*,#389,.T.);
#429 = ORIENTED_EDGE('',*,*,#430,.T.);
#430 = EDGE_CURVE('',#381,#431,#433,.T.);
#431 = VERTEX_POINT('',#432);
#432 = CARTESIAN_POINT('',(-0.5,0.37,0.8));
#433 = LINE('',#434,#435);
#434 = CARTESIAN_POINT('',(-0.5,-0.4,0.8));
#435 = VECTOR('',#436,1.);
#436 = DIRECTION('',(0.,1.,0.));
#437 = ORIENTED_EDGE('',*,*,#438,.F.);
#438 = EDGE_CURVE('',#292,#431,#439,.T.);
#439 = LINE('',#440,#441);
#440 = CARTESIAN_POINT('',(-0.8,0.37,0.8));
#441 = VECTOR('',#442,1.);
#442 = DIRECTION('',(1.,0.,0.));
#443 = PLANE('',#444);
#444 = AXIS2_PLACEMENT_3D('',#445,#446,#447);
#445 = CARTESIAN_POINT('',(-0.8,-0.4,0.8));
#446 = DIRECTION('',(0.,0.,1.));
#447 = DIRECTION('',(1.,0.,-0.));
#448 = ADVANCED_FACE('',(#449),#468,.T.);
#449 = FACE_BOUND('',#450,.T.);
#450 = EDGE_LOOP('',(#451,#459,#466,#467));
#451 = ORIENTED_EDGE('',*,*,#452,.T.);
#452 = EDGE_CURVE('',#275,#453,#455,.T.);
#453 = VERTEX_POINT('',#454);
#454 = CARTESIAN_POINT('',(-0.5,0.4,3.E-02));
#455 = LINE('',#456,#457);
#456 = CARTESIAN_POINT('',(-0.8,0.4,3.E-02));
#457 = VECTOR('',#458,1.);
#458 = DIRECTION('',(1.,0.,0.));
#459 = ORIENTED_EDGE('',*,*,#460,.T.);
#460 = EDGE_CURVE('',#453,#407,#461,.T.);
#461 = CIRCLE('',#462,3.E-02);
#462 = AXIS2_PLACEMENT_3D('',#463,#464,#465);
#463 = CARTESIAN_POINT('',(-0.5,0.37,3.E-02));
#464 = DIRECTION('',(-1.,0.,0.));
#465 = DIRECTION('',(0.,0.,1.));
#466 = ORIENTED_EDGE('',*,*,#414,.F.);
#467 = ORIENTED_EDGE('',*,*,#274,.F.);
#468 = CYLINDRICAL_SURFACE('',#469,3.E-02);
#469 = AXIS2_PLACEMENT_3D('',#470,#471,#472);
#470 = CARTESIAN_POINT('',(-0.8,0.37,3.E-02));
#471 = DIRECTION('',(1.,0.,0.));
#472 = DIRECTION('',(-0.,1.,0.));
#473 = ADVANCED_FACE('',(#474),#493,.T.);
#474 = FACE_BOUND('',#475,.T.);
#475 = EDGE_LOOP('',(#476,#477,#478,#487));
#476 = ORIENTED_EDGE('',*,*,#291,.T.);
#477 = ORIENTED_EDGE('',*,*,#438,.T.);
#478 = ORIENTED_EDGE('',*,*,#479,.F.);
#479 = EDGE_CURVE('',#480,#431,#482,.T.);
#480 = VERTEX_POINT('',#481);
#481 = CARTESIAN_POINT('',(-0.5,0.4,0.77));
#482 = CIRCLE('',#483,3.E-02);
#483 = AXIS2_PLACEMENT_3D('',#484,#485,#486);
#484 = CARTESIAN_POINT('',(-0.5,0.37,0.77));
#485 = DIRECTION('',(1.,0.,-0.));
#486 = DIRECTION('',(0.,0.,1.));
#487 = ORIENTED_EDGE('',*,*,#488,.F.);
#488 = EDGE_CURVE('',#284,#480,#489,.T.);
#489 = LINE('',#490,#491);
#490 = CARTESIAN_POINT('',(-0.8,0.4,0.77));
#491 = VECTOR('',#492,1.);
#492 = DIRECTION('',(1.,0.,0.));
#493 = CYLINDRICAL_SURFACE('',#494,3.E-02);
#494 = AXIS2_PLACEMENT_3D('',#495,#496,#497);
#495 = CARTESIAN_POINT('',(-0.8,0.37,0.77));
#496 = DIRECTION('',(1.,0.,0.));
#497 = DIRECTION('',(-0.,1.,0.));
#498 = ADVANCED_FACE('',(#499),#510,.T.);
#499 = FACE_BOUND('',#500,.T.);
#500 = EDGE_LOOP('',(#501,#507,#508,#509));
#501 = ORIENTED_EDGE('',*,*,#502,.F.);
#502 = EDGE_CURVE('',#453,#480,#503,.T.);
#503 = LINE('',#504,#505);
#504 = CARTESIAN_POINT('',(-0.5,0.4,0.));
#505 = VECTOR('',#506,1.);
#506 = DIRECTION('',(0.,0.,1.));
#507 = ORIENTED_EDGE('',*,*,#452,.F.);
#508 = ORIENTED_EDGE('',*,*,#283,.T.);
#509 = ORIENTED_EDGE('',*,*,#488,.T.);
#510 = PLANE('',#511);
#511 = AXIS2_PLACEMENT_3D('',#512,#513,#514);
#512 = CARTESIAN_POINT('',(-0.8,0.4,0.));
#513 = DIRECTION('',(0.,1.,0.));
#514 = DIRECTION('',(0.,-0.,1.));
#515 = ADVANCED_FACE('',(#516,#526),#596,.T.);
#516 = FACE_BOUND('',#517,.T.);
#517 = EDGE_LOOP('',(#518,#519,#520,#521,#522,#523,#524,#525));
#518 = ORIENTED_EDGE('',*,*,#323,.F.);
#519 = ORIENTED_EDGE('',*,*,#363,.T.);
#520 = ORIENTED_EDGE('',*,*,#406,.T.);
#521 = ORIENTED_EDGE('',*,*,#460,.F.);
#522 = ORIENTED_EDGE('',*,*,#502,.T.);
#523 = ORIENTED_EDGE('',*,*,#479,.T.);
#524 = ORIENTED_EDGE('',*,*,#430,.F.);
#525 = ORIENTED_EDGE('',*,*,#380,.F.);
#526 = FACE_BOUND('',#527,.T.);
#527 = EDGE_LOOP('',(#528,#539,#547,#556,#564,#573,#581,#590));
#528 = ORIENTED_EDGE('',*,*,#529,.F.);
#529 = EDGE_CURVE('',#530,#532,#534,.T.);
#530 = VERTEX_POINT('',#531);
#531 = CARTESIAN_POINT('',(-0.5,-0.37,6.E-02));
#532 = VERTEX_POINT('',#533);
#533 = CARTESIAN_POINT('',(-0.5,-0.34,3.E-02));
#534 = CIRCLE('',#535,3.E-02);
#535 = AXIS2_PLACEMENT_3D('',#536,#537,#538);
#536 = CARTESIAN_POINT('',(-0.5,-0.34,6.E-02));
#537 = DIRECTION('',(1.,0.,-0.));
#538 = DIRECTION('',(0.,0.,1.));
#539 = ORIENTED_EDGE('',*,*,#540,.T.);
#540 = EDGE_CURVE('',#530,#541,#543,.T.);
#541 = VERTEX_POINT('',#542);
#542 = CARTESIAN_POINT('',(-0.5,-0.37,0.74));
#543 = LINE('',#544,#545);
#544 = CARTESIAN_POINT('',(-0.5,-0.37,3.E-02));
#545 = VECTOR('',#546,1.);
#546 = DIRECTION('',(0.,0.,1.));
#547 = ORIENTED_EDGE('',*,*,#548,.T.);
#548 = EDGE_CURVE('',#541,#549,#551,.T.);
#549 = VERTEX_POINT('',#550);
#550 = CARTESIAN_POINT('',(-0.5,-0.34,0.77));
#551 = CIRCLE('',#552,3.E-02);
#552 = AXIS2_PLACEMENT_3D('',#553,#554,#555);
#553 = CARTESIAN_POINT('',(-0.5,-0.34,0.74));
#554 = DIRECTION('',(-1.,0.,0.));
#555 = DIRECTION('',(0.,0.,1.));
#556 = ORIENTED_EDGE('',*,*,#557,.T.);
#557 = EDGE_CURVE('',#549,#558,#560,.T.);
#558 = VERTEX_POINT('',#559);
#559 = CARTESIAN_POINT('',(-0.5,0.34,0.77));
#560 = LINE('',#561,#562);
#561 = CARTESIAN_POINT('',(-0.5,-0.37,0.77));
#562 = VECTOR('',#563,1.);
#563 = DIRECTION('',(0.,1.,0.));
#564 = ORIENTED_EDGE('',*,*,#565,.F.);
#565 = EDGE_CURVE('',#566,#558,#568,.T.);
#566 = VERTEX_POINT('',#567);
#567 = CARTESIAN_POINT('',(-0.5,0.37,0.74));
#568 = CIRCLE('',#569,3.E-02);
#569 = AXIS2_PLACEMENT_3D('',#570,#571,#572);
#570 = CARTESIAN_POINT('',(-0.5,0.34,0.74));
#571 = DIRECTION('',(1.,0.,-0.));
#572 = DIRECTION('',(0.,0.,1.));
#573 = ORIENTED_EDGE('',*,*,#574,.F.);
#574 = EDGE_CURVE('',#575,#566,#577,.T.);
#575 = VERTEX_POINT('',#576);
#576 = CARTESIAN_POINT('',(-0.5,0.37,6.E-02));
#577 = LINE('',#578,#579);
#578 = CARTESIAN_POINT('',(-0.5,0.37,3.E-02));
#579 = VECTOR('',#580,1.);
#580 = DIRECTION('',(0.,0.,1.));
#581 = ORIENTED_EDGE('',*,*,#582,.T.);
#582 = EDGE_CURVE('',#575,#583,#585,.T.);
#583 = VERTEX_POINT('',#584);
#584 = CARTESIAN_POINT('',(-0.5,0.34,3.E-02));
#585 = CIRCLE('',#586,3.E-02);
#586 = AXIS2_PLACEMENT_3D('',#587,#588,#589);
#587 = CARTESIAN_POINT('',(-0.5,0.34,6.E-02));
#588 = DIRECTION('',(-1.,0.,0.));
#589 = DIRECTION('',(0.,0.,1.));
#590 = ORIENTED_EDGE('',*,*,#591,.F.);
#591 = EDGE_CURVE('',#532,#583,#592,.T.);
#592 = LINE('',#593,#594);
#593 = CARTESIAN_POINT('',(-0.5,-0.37,3.E-02));
#594 = VECTOR('',#595,1.);
#595 = DIRECTION('',(0.,1.,0.));
#596 = PLANE('',#597);
#597 = AXIS2_PLACEMENT_3D('',#598,#599,#600);
#598 = CARTESIAN_POINT('',(-0.5,-0.4,0.));
#599 = DIRECTION('',(1.,0.,0.));
#600 = DIRECTION('',(0.,0.,1.));
#601 = ADVANCED_FACE('',(#602),#628,.T.);
#602 = FACE_BOUND('',#603,.T.);
#603 = EDGE_LOOP('',(#604,#605,#613,#622));
#604 = ORIENTED_EDGE('',*,*,#529,.T.);
#605 = ORIENTED_EDGE('',*,*,#606,.T.);
#606 = EDGE_CURVE('',#532,#607,#609,.T.);
#607 = VERTEX_POINT('',#608);
#608 = CARTESIAN_POINT('',(0.5,-0.34,3.E-02));
#609 = LINE('',#610,#611);
#610 = CARTESIAN_POINT('',(-0.5,-0.34,3.E-02));
#611 = VECTOR('',#612,1.);
#612 = DIRECTION('',(1.,0.,0.));
#613 = ORIENTED_EDGE('',*,*,#614,.F.);
#614 = EDGE_CURVE('',#615,#607,#617,.T.);
#615 = VERTEX_POINT('',#616);
#616 = CARTESIAN_POINT('',(0.5,-0.37,6.E-02));
#617 = CIRCLE('',#618,3.E-02);
#618 = AXIS2_PLACEMENT_3D('',#619,#620,#621);
#619 = CARTESIAN_POINT('',(0.5,-0.34,6.E-02));
#620 = DIRECTION('',(1.,0.,-0.));
#621 = DIRECTION('',(0.,0.,1.));
#622 = ORIENTED_EDGE('',*,*,#623,.F.);
#623 = EDGE_CURVE('',#530,#615,#624,.T.);
#624 = LINE('',#625,#626);
#625 = CARTESIAN_POINT('',(-0.5,-0.37,6.E-02));
#626 = VECTOR('',#627,1.);
#627 = DIRECTION('',(1.,0.,0.));
#628 = CYLINDRICAL_SURFACE('',#629,3.E-02);
#629 = AXIS2_PLACEMENT_3D('',#630,#631,#632);
#630 = CARTESIAN_POINT('',(-0.5,-0.34,6.E-02));
#631 = DIRECTION('',(1.,0.,0.));
#632 = DIRECTION('',(0.,-1.,0.));
#633 = ADVANCED_FACE('',(#634),#652,.F.);
#634 = FACE_BOUND('',#635,.F.);
#635 = EDGE_LOOP('',(#636,#637,#638,#646));
#636 = ORIENTED_EDGE('',*,*,#591,.F.);
#637 = ORIENTED_EDGE('',*,*,#606,.T.);
#638 = ORIENTED_EDGE('',*,*,#639,.T.);
#639 = EDGE_CURVE('',#607,#640,#642,.T.);
#640 = VERTEX_POINT('',#641);
#641 = CARTESIAN_POINT('',(0.5,0.34,3.E-02));
#642 = LINE('',#643,#644);
#643 = CARTESIAN_POINT('',(0.5,-0.37,3.E-02));
#644 = VECTOR('',#645,1.);
#645 = DIRECTION('',(0.,1.,0.));
#646 = ORIENTED_EDGE('',*,*,#647,.F.);
#647 = EDGE_CURVE('',#583,#640,#648,.T.);
#648 = LINE('',#649,#650);
#649 = CARTESIAN_POINT('',(-0.5,0.34,3.E-02));
#650 = VECTOR('',#651,1.);
#651 = DIRECTION('',(1.,0.,0.));
#652 = PLANE('',#653);
#653 = AXIS2_PLACEMENT_3D('',#654,#655,#656);
#654 = CARTESIAN_POINT('',(-0.5,-0.37,3.E-02));
#655 = DIRECTION('',(0.,0.,1.));
#656 = DIRECTION('',(1.,0.,-0.));
#657 = ADVANCED_FACE('',(#658),#677,.T.);
#658 = FACE_BOUND('',#659,.T.);
#659 = EDGE_LOOP('',(#660,#668,#675,#676));
#660 = ORIENTED_EDGE('',*,*,#661,.T.);
#661 = EDGE_CURVE('',#575,#662,#664,.T.);
#662 = VERTEX_POINT('',#663);
#663 = CARTESIAN_POINT('',(0.5,0.37,6.E-02));
#664 = LINE('',#665,#666);
#665 = CARTESIAN_POINT('',(-0.5,0.37,6.E-02));
#666 = VECTOR('',#667,1.);
#667 = DIRECTION('',(1.,0.,0.));
#668 = ORIENTED_EDGE('',*,*,#669,.T.);
#669 = EDGE_CURVE('',#662,#640,#670,.T.);
#670 = CIRCLE('',#671,3.E-02);
#671 = AXIS2_PLACEMENT_3D('',#672,#673,#674);
#672 = CARTESIAN_POINT('',(0.5,0.34,6.E-02));
#673 = DIRECTION('',(-1.,0.,0.));
#674 = DIRECTION('',(0.,0.,1.));
#675 = ORIENTED_EDGE('',*,*,#647,.F.);
#676 = ORIENTED_EDGE('',*,*,#582,.F.);
#677 = CYLINDRICAL_SURFACE('',#678,3.E-02);
#678 = AXIS2_PLACEMENT_3D('',#679,#680,#681);
#679 = CARTESIAN_POINT('',(-0.5,0.34,6.E-02));
#680 = DIRECTION('',(1.,0.,0.));
#681 = DIRECTION('',(-0.,1.,0.));
#682 = ADVANCED_FACE('',(#683),#701,.T.);
#683 = FACE_BOUND('',#684,.T.);
#684 = EDGE_LOOP('',(#685,#693,#694,#695));
#685 = ORIENTED_EDGE('',*,*,#686,.F.);
#686 = EDGE_CURVE('',#662,#687,#689,.T.);
#687 = VERTEX_POINT('',#688);
#688 = CARTESIAN_POINT('',(0.5,0.37,0.74));
#689 = LINE('',#690,#691);
#690 = CARTESIAN_POINT('',(0.5,0.37,3.E-02));
#691 = VECTOR('',#692,1.);
#692 = DIRECTION('',(0.,0.,1.));
#693 = ORIENTED_EDGE('',*,*,#661,.F.);
#694 = ORIENTED_EDGE('',*,*,#574,.T.);
#695 = ORIENTED_EDGE('',*,*,#696,.T.);
#696 = EDGE_CURVE('',#566,#687,#697,.T.);
#697 = LINE('',#698,#699);
#698 = CARTESIAN_POINT('',(-0.5,0.37,0.74));
#699 = VECTOR('',#700,1.);
#700 = DIRECTION('',(1.,0.,0.));
#701 = PLANE('',#702);
#702 = AXIS2_PLACEMENT_3D('',#703,#704,#705);
#703 = CARTESIAN_POINT('',(-0.5,0.37,3.E-02));
#704 = DIRECTION('',(0.,1.,0.));
#705 = DIRECTION('',(0.,-0.,1.));
#706 = ADVANCED_FACE('',(#707),#726,.T.);
#707 = FACE_BOUND('',#708,.T.);
#708 = EDGE_LOOP('',(#709,#710,#718,#725));
#709 = ORIENTED_EDGE('',*,*,#565,.T.);
#710 = ORIENTED_EDGE('',*,*,#711,.T.);
#711 = EDGE_CURVE('',#558,#712,#714,.T.);
#712 = VERTEX_POINT('',#713);
#713 = CARTESIAN_POINT('',(0.5,0.34,0.77));
#714 = LINE('',#715,#716);
#715 = CARTESIAN_POINT('',(-0.5,0.34,0.77));
#716 = VECTOR('',#717,1.);
#717 = DIRECTION('',(1.,0.,0.));
#718 = ORIENTED_EDGE('',*,*,#719,.F.);
#719 = EDGE_CURVE('',#687,#712,#720,.T.);
#720 = CIRCLE('',#721,3.E-02);
#721 = AXIS2_PLACEMENT_3D('',#722,#723,#724);
#722 = CARTESIAN_POINT('',(0.5,0.34,0.74));
#723 = DIRECTION('',(1.,0.,-0.));
#724 = DIRECTION('',(0.,0.,1.));
#725 = ORIENTED_EDGE('',*,*,#696,.F.);
#726 = CYLINDRICAL_SURFACE('',#727,3.E-02);
#727 = AXIS2_PLACEMENT_3D('',#728,#729,#730);
#728 = CARTESIAN_POINT('',(-0.5,0.34,0.74));
#729 = DIRECTION('',(1.,0.,0.));
#730 = DIRECTION('',(-0.,1.,0.));
#731 = ADVANCED_FACE('',(#732),#750,.T.);
#732 = FACE_BOUND('',#733,.T.);
#733 = EDGE_LOOP('',(#734,#735,#743,#749));
#734 = ORIENTED_EDGE('',*,*,#557,.F.);
#735 = ORIENTED_EDGE('',*,*,#736,.T.);
#736 = EDGE_CURVE('',#549,#737,#739,.T.);
#737 = VERTEX_POINT('',#738);
#738 = CARTESIAN_POINT('',(0.5,-0.34,0.77));
#739 = LINE('',#740,#741);
#740 = CARTESIAN_POINT('',(-0.5,-0.34,0.77));
#741 = VECTOR('',#742,1.);
#742 = DIRECTION('',(1.,0.,0.));
#743 = ORIENTED_EDGE('',*,*,#744,.T.);
#744 = EDGE_CURVE('',#737,#712,#745,.T.);
#745 = LINE('',#746,#747);
#746 = CARTESIAN_POINT('',(0.5,-0.37,0.77));
#747 = VECTOR('',#748,1.);
#748 = DIRECTION('',(0.,1.,0.));
#749 = ORIENTED_EDGE('',*,*,#711,.F.);
#750 = PLANE('',#751);
#751 = AXIS2_PLACEMENT_3D('',#752,#753,#754);
#752 = CARTESIAN_POINT('',(-0.5,-0.37,0.77));
#753 = DIRECTION('',(0.,0.,1.));
#754 = DIRECTION('',(1.,0.,-0.));
#755 = ADVANCED_FACE('',(#756),#775,.T.);
#756 = FACE_BOUND('',#757,.T.);
#757 = EDGE_LOOP('',(#758,#766,#773,#774));
#758 = ORIENTED_EDGE('',*,*,#759,.T.);
#759 = EDGE_CURVE('',#541,#760,#762,.T.);
#760 = VERTEX_POINT('',#761);
#761 = CARTESIAN_POINT('',(0.5,-0.37,0.74));
#762 = LINE('',#763,#764);
#763 = CARTESIAN_POINT('',(-0.5,-0.37,0.74));
#764 = VECTOR('',#765,1.);
#765 = DIRECTION('',(1.,0.,0.));
#766 = ORIENTED_EDGE('',*,*,#767,.T.);
#767 = EDGE_CURVE('',#760,#737,#768,.T.);
#768 = CIRCLE('',#769,3.E-02);
#769 = AXIS2_PLACEMENT_3D('',#770,#771,#772);
#770 = CARTESIAN_POINT('',(0.5,-0.34,0.74));
#771 = DIRECTION('',(-1.,0.,0.));
#772 = DIRECTION('',(0.,0.,1.));
#773 = ORIENTED_EDGE('',*,*,#736,.F.);
#774 = ORIENTED_EDGE('',*,*,#548,.F.);
#775 = CYLINDRICAL_SURFACE('',#776,3.E-02);
#776 = AXIS2_PLACEMENT_3D('',#777,#778,#779);
#777 = CARTESIAN_POINT('',(-0.5,-0.34,0.74));
#778 = DIRECTION('',(1.,0.,0.));
#779 = DIRECTION('',(0.,-1.,0.));
#780 = ADVANCED_FACE('',(#781),#792,.F.);
#781 = FACE_BOUND('',#782,.F.);
#782 = EDGE_LOOP('',(#783,#789,#790,#791));
#783 = ORIENTED_EDGE('',*,*,#784,.F.);
#784 = EDGE_CURVE('',#615,#760,#785,.T.);
#785 = LINE('',#786,#787);
#786 = CARTESIAN_POINT('',(0.5,-0.37,3.E-02));
#787 = VECTOR('',#788,1.);
#788 = DIRECTION('',(0.,0.,1.));
#789 = ORIENTED_EDGE('',*,*,#623,.F.);
#790 = ORIENTED_EDGE('',*,*,#540,.T.);
#791 = ORIENTED_EDGE('',*,*,#759,.T.);
#792 = PLANE('',#793);
#793 = AXIS2_PLACEMENT_3D('',#794,#795,#796);
#794 = CARTESIAN_POINT('',(-0.5,-0.37,3.E-02));
#795 = DIRECTION('',(0.,1.,0.));
#796 = DIRECTION('',(0.,-0.,1.));
#797 = ADVANCED_FACE('',(#798,#868),#878,.F.);
#798 = FACE_BOUND('',#799,.F.);
#799 = EDGE_LOOP('',(#800,#810,#819,#827,#836,#844,#853,#861));
#800 = ORIENTED_EDGE('',*,*,#801,.F.);
#801 = EDGE_CURVE('',#802,#804,#806,.T.);
#802 = VERTEX_POINT('',#803);
#803 = CARTESIAN_POINT('',(0.5,-0.4,3.E-02));
#804 = VERTEX_POINT('',#805);
#805 = CARTESIAN_POINT('',(0.5,-0.4,0.77));
#806 = LINE('',#807,#808);
#807 = CARTESIAN_POINT('',(0.5,-0.4,0.));
#808 = VECTOR('',#809,1.);
#809 = DIRECTION('',(0.,0.,1.));
#810 = ORIENTED_EDGE('',*,*,#811,.T.);
#811 = EDGE_CURVE('',#802,#812,#814,.T.);
#812 = VERTEX_POINT('',#813);
#813 = CARTESIAN_POINT('',(0.5,-0.37,0.));
#814 = CIRCLE('',#815,3.E-02);
#815 = AXIS2_PLACEMENT_3D('',#816,#817,#818);
#816 = CARTESIAN_POINT('',(0.5,-0.37,3.E-02));
#817 = DIRECTION('',(1.,0.,-0.));
#818 = DIRECTION('',(0.,0.,1.));
#819 = ORIENTED_EDGE('',*,*,#820,.T.);
#820 = EDGE_CURVE('',#812,#821,#823,.T.);
#821 = VERTEX_POINT('',#822);
#822 = CARTESIAN_POINT('',(0.5,0.37,0.));
#823 = LINE('',#824,#825);
#824 = CARTESIAN_POINT('',(0.5,-0.4,0.));
#825 = VECTOR('',#826,1.);
#826 = DIRECTION('',(0.,1.,0.));
#827 = ORIENTED_EDGE('',*,*,#828,.F.);
#828 = EDGE_CURVE('',#829,#821,#831,.T.);
#829 = VERTEX_POINT('',#830);
#830 = CARTESIAN_POINT('',(0.5,0.4,3.E-02));
#831 = CIRCLE('',#832,3.E-02);
#832 = AXIS2_PLACEMENT_3D('',#833,#834,#835);
#833 = CARTESIAN_POINT('',(0.5,0.37,3.E-02));
#834 = DIRECTION('',(-1.,0.,0.));
#835 = DIRECTION('',(0.,0.,1.));
#836 = ORIENTED_EDGE('',*,*,#837,.T.);
#837 = EDGE_CURVE('',#829,#838,#840,.T.);
#838 = VERTEX_POINT('',#839);
#839 = CARTESIAN_POINT('',(0.5,0.4,0.77));
#840 = LINE('',#841,#842);
#841 = CARTESIAN_POINT('',(0.5,0.4,0.));
#842 = VECTOR('',#843,1.);
#843 = DIRECTION('',(0.,0.,1.));
#844 = ORIENTED_EDGE('',*,*,#845,.T.);
#845 = EDGE_CURVE('',#838,#846,#848,.T.);
#846 = VERTEX_POINT('',#847);
#847 = CARTESIAN_POINT('',(0.5,0.37,0.8));
#848 = CIRCLE('',#849,3.E-02);
#849 = AXIS2_PLACEMENT_3D('',#850,#851,#852);
#850 = CARTESIAN_POINT('',(0.5,0.37,0.77));
#851 = DIRECTION('',(1.,0.,-0.));
#852 = DIRECTION('',(0.,0.,1.));
#853 = ORIENTED_EDGE('',*,*,#854,.F.);
#854 = EDGE_CURVE('',#855,#846,#857,.T.);
#855 = VERTEX_POINT('',#856);
#856 = CARTESIAN_POINT('',(0.5,-0.37,0.8));
#857 = LINE('',#858,#859);
#858 = CARTESIAN_POINT('',(0.5,-0.4,0.8));
#859 = VECTOR('',#860,1.);
#860 = DIRECTION('',(0.,1.,0.));
#861 = ORIENTED_EDGE('',*,*,#862,.F.);
#862 = EDGE_CURVE('',#804,#855,#863,.T.);
#863 = CIRCLE('',#864,3.E-02);
#864 = AXIS2_PLACEMENT_3D('',#865,#866,#867);
#865 = CARTESIAN_POINT('',(0.5,-0.37,0.77));
#866 = DIRECTION('',(-1.,0.,0.));
#867 = DIRECTION('',(0.,0.,1.));
#868 = FACE_BOUND('',#869,.F.);
#869 = EDGE_LOOP('',(#870,#871,#872,#873,#874,#875,#876,#877));
#870 = ORIENTED_EDGE('',*,*,#614,.F.);
#871 = ORIENTED_EDGE('',*,*,#784,.T.);
#872 = ORIENTED_EDGE('',*,*,#767,.T.);
#873 = ORIENTED_EDGE('',*,*,#744,.T.);
#874 = ORIENTED_EDGE('',*,*,#719,.F.);
#875 = ORIENTED_EDGE('',*,*,#686,.F.);
#876 = ORIENTED_EDGE('',*,*,#669,.T.);
#877 = ORIENTED_EDGE('',*,*,#639,.F.);
#878 = PLANE('',#879);
#879 = AXIS2_PLACEMENT_3D('',#880,#881,#882);
#880 = CARTESIAN_POINT('',(0.5,-0.4,0.));
#881 = DIRECTION('',(1.,0.,0.));
#882 = DIRECTION('',(0.,0.,1.));
#883 = ADVANCED_FACE('',(#884),#909,.F.);
#884 = FACE_BOUND('',#885,.F.);
#885 = EDGE_LOOP('',(#886,#896,#902,#903));
#886 = ORIENTED_EDGE('',*,*,#887,.F.);
#887 = EDGE_CURVE('',#888,#890,#892,.T.);
#888 = VERTEX_POINT('',#889);
#889 = CARTESIAN_POINT('',(0.8,-0.4,3.E-02));
#890 = VERTEX_POINT('',#891);
#891 = CARTESIAN_POINT('',(0.8,-0.4,0.77));
#892 = LINE('',#893,#894);
#893 = CARTESIAN_POINT('',(0.8,-0.4,0.));
#894 = VECTOR('',#895,1.);
#895 = DIRECTION('',(0.,0.,1.));
#896 = ORIENTED_EDGE('',*,*,#897,.F.);
#897 = EDGE_CURVE('',#802,#888,#898,.T.);
#898 = LINE('',#899,#900);
#899 = CARTESIAN_POINT('',(0.5,-0.4,3.E-02));
#900 = VECTOR('',#901,1.);
#901 = DIRECTION('',(1.,0.,0.));
#902 = ORIENTED_EDGE('',*,*,#801,.T.);
#903 = ORIENTED_EDGE('',*,*,#904,.T.);
#904 = EDGE_CURVE('',#804,#890,#905,.T.);
#905 = LINE('',#906,#907);
#906 = CARTESIAN_POINT('',(0.5,-0.4,0.77));
#907 = VECTOR('',#908,1.);
#908 = DIRECTION('',(1.,0.,0.));
#909 = PLANE('',#910);
#910 = AXIS2_PLACEMENT_3D('',#911,#912,#913);
#911 = CARTESIAN_POINT('',(0.5,-0.4,0.));
#912 = DIRECTION('',(0.,1.,0.));
#913 = DIRECTION('',(0.,-0.,1.));
#914 = ADVANCED_FACE('',(#915),#934,.T.);
#915 = FACE_BOUND('',#916,.T.);
#916 = EDGE_LOOP('',(#917,#918,#926,#933));
#917 = ORIENTED_EDGE('',*,*,#811,.T.);
#918 = ORIENTED_EDGE('',*,*,#919,.T.);
#919 = EDGE_CURVE('',#812,#920,#922,.T.);
#920 = VERTEX_POINT('',#921);
#921 = CARTESIAN_POINT('',(0.8,-0.37,0.));
#922 = LINE('',#923,#924);
#923 = CARTESIAN_POINT('',(0.5,-0.37,0.));
#924 = VECTOR('',#925,1.);
#925 = DIRECTION('',(1.,0.,0.));
#926 = ORIENTED_EDGE('',*,*,#927,.F.);
#927 = EDGE_CURVE('',#888,#920,#928,.T.);
#928 = CIRCLE('',#929,3.E-02);
#929 = AXIS2_PLACEMENT_3D('',#930,#931,#932);
#930 = CARTESIAN_POINT('',(0.8,-0.37,3.E-02));
#931 = DIRECTION('',(1.,0.,-0.));
#932 = DIRECTION('',(0.,0.,1.));
#933 = ORIENTED_EDGE('',*,*,#897,.F.);
#934 = CYLINDRICAL_SURFACE('',#935,3.E-02);
#935 = AXIS2_PLACEMENT_3D('',#936,#937,#938);
#936 = CARTESIAN_POINT('',(0.5,-0.37,3.E-02));
#937 = DIRECTION('',(1.,0.,0.));
#938 = DIRECTION('',(0.,-1.,0.));
#939 = ADVANCED_FACE('',(#940),#959,.T.);
#940 = FACE_BOUND('',#941,.T.);
#941 = EDGE_LOOP('',(#942,#943,#952,#958));
#942 = ORIENTED_EDGE('',*,*,#904,.T.);
#943 = ORIENTED_EDGE('',*,*,#944,.T.);
#944 = EDGE_CURVE('',#890,#945,#947,.T.);
#945 = VERTEX_POINT('',#946);
#946 = CARTESIAN_POINT('',(0.8,-0.37,0.8));
#947 = CIRCLE('',#948,3.E-02);
#948 = AXIS2_PLACEMENT_3D('',#949,#950,#951);
#949 = CARTESIAN_POINT('',(0.8,-0.37,0.77));
#950 = DIRECTION('',(-1.,0.,0.));
#951 = DIRECTION('',(0.,0.,1.));
#952 = ORIENTED_EDGE('',*,*,#953,.F.);
#953 = EDGE_CURVE('',#855,#945,#954,.T.);
#954 = LINE('',#955,#956);
#955 = CARTESIAN_POINT('',(0.5,-0.37,0.8));
#956 = VECTOR('',#957,1.);
#957 = DIRECTION('',(1.,0.,0.));
#958 = ORIENTED_EDGE('',*,*,#862,.F.);
#959 = CYLINDRICAL_SURFACE('',#960,3.E-02);
#960 = AXIS2_PLACEMENT_3D('',#961,#962,#963);
#961 = CARTESIAN_POINT('',(0.5,-0.37,0.77));
#962 = DIRECTION('',(1.,0.,0.));
#963 = DIRECTION('',(0.,-1.,0.));
#964 = ADVANCED_FACE('',(#965),#983,.F.);
#965 = FACE_BOUND('',#966,.F.);
#966 = EDGE_LOOP('',(#967,#968,#969,#977));
#967 = ORIENTED_EDGE('',*,*,#820,.F.);
#968 = ORIENTED_EDGE('',*,*,#919,.T.);
#969 = ORIENTED_EDGE('',*,*,#970,.T.);
#970 = EDGE_CURVE('',#920,#971,#973,.T.);
#971 = VERTEX_POINT('',#972);
#972 = CARTESIAN_POINT('',(0.8,0.37,0.));
#973 = LINE('',#974,#975);
#974 = CARTESIAN_POINT('',(0.8,-0.4,0.));
#975 = VECTOR('',#976,1.);
#976 = DIRECTION('',(0.,1.,0.));
#977 = ORIENTED_EDGE('',*,*,#978,.F.);
#978 = EDGE_CURVE('',#821,#971,#979,.T.);
#979 = LINE('',#980,#981);
#980 = CARTESIAN_POINT('',(0.5,0.37,0.));
#981 = VECTOR('',#982,1.);
#982 = DIRECTION('',(1.,0.,0.));
#983 = PLANE('',#984);
#984 = AXIS2_PLACEMENT_3D('',#985,#986,#987);
#985 = CARTESIAN_POINT('',(0.5,-0.4,0.));
#986 = DIRECTION('',(0.,0.,1.));
#987 = DIRECTION('',(1.,0.,-0.));
#988 = ADVANCED_FACE('',(#989),#1007,.T.);
#989 = FACE_BOUND('',#990,.T.);
#990 = EDGE_LOOP('',(#991,#992,#993,#1001));
#991 = ORIENTED_EDGE('',*,*,#854,.F.);
#992 = ORIENTED_EDGE('',*,*,#953,.T.);
#993 = ORIENTED_EDGE('',*,*,#994,.T.);
#994 = EDGE_CURVE('',#945,#995,#997,.T.);
#995 = VERTEX_POINT('',#996);
#996 = CARTESIAN_POINT('',(0.8,0.37,0.8));
#997 = LINE('',#998,#999);
#998 = CARTESIAN_POINT('',(0.8,-0.4,0.8));
#999 = VECTOR('',#1000,1.);
#1000 = DIRECTION('',(0.,1.,0.));
#1001 = ORIENTED_EDGE('',*,*,#1002,.F.);
#1002 = EDGE_CURVE('',#846,#995,#1003,.T.);
#1003 = LINE('',#1004,#1005);
#1004 = CARTESIAN_POINT('',(0.5,0.37,0.8));
#1005 = VECTOR('',#1006,1.);
#1006 = DIRECTION('',(1.,0.,0.));
#1007 = PLANE('',#1008);
#1008 = AXIS2_PLACEMENT_3D('',#1009,#1010,#1011);
#1009 = CARTESIAN_POINT('',(0.5,-0.4,0.8));
#1010 = DIRECTION('',(0.,0.,1.));
#1011 = DIRECTION('',(1.,0.,-0.));
#1012 = ADVANCED_FACE('',(#1013),#1032,.T.);
#1013 = FACE_BOUND('',#1014,.T.);
#1014 = EDGE_LOOP('',(#1015,#1023,#1030,#1031));
#1015 = ORIENTED_EDGE('',*,*,#1016,.T.);
#1016 = EDGE_CURVE('',#829,#1017,#1019,.T.);
#1017 = VERTEX_POINT('',#1018);
#1018 = CARTESIAN_POINT('',(0.8,0.4,3.E-02));
#1019 = LINE('',#1020,#1021);
#1020 = CARTESIAN_POINT('',(0.5,0.4,3.E-02));
#1021 = VECTOR('',#1022,1.);
#1022 = DIRECTION('',(1.,0.,0.));
#1023 = ORIENTED_EDGE('',*,*,#1024,.T.);
#1024 = EDGE_CURVE('',#1017,#971,#1025,.T.);
#1025 = CIRCLE('',#1026,3.E-02);
#1026 = AXIS2_PLACEMENT_3D('',#1027,#1028,#1029);
#1027 = CARTESIAN_POINT('',(0.8,0.37,3.E-02));
#1028 = DIRECTION('',(-1.,0.,0.));
#1029 = DIRECTION('',(0.,0.,1.));
#1030 = ORIENTED_EDGE('',*,*,#978,.F.);
#1031 = ORIENTED_EDGE('',*,*,#828,.F.);
#1032 = CYLINDRICAL_SURFACE('',#1033,3.E-02);
#1033 = AXIS2_PLACEMENT_3D('',#1034,#1035,#1036);
#1034 = CARTESIAN_POINT('',(0.5,0.37,3.E-02));
#1035 = DIRECTION('',(1.,0.,0.));
#1036 = DIRECTION('',(-0.,1.,0.));
#1037 = ADVANCED_FACE('',(#1038),#1057,.T.);
#1038 = FACE_BOUND('',#1039,.T.);
#1039 = EDGE_LOOP('',(#1040,#1041,#1042,#1051));
#1040 = ORIENTED_EDGE('',*,*,#845,.T.);
#1041 = ORIENTED_EDGE('',*,*,#1002,.T.);
#1042 = ORIENTED_EDGE('',*,*,#1043,.F.);
#1043 = EDGE_CURVE('',#1044,#995,#1046,.T.);
#1044 = VERTEX_POINT('',#1045);
#1045 = CARTESIAN_POINT('',(0.8,0.4,0.77));
#1046 = CIRCLE('',#1047,3.E-02);
#1047 = AXIS2_PLACEMENT_3D('',#1048,#1049,#1050);
#1048 = CARTESIAN_POINT('',(0.8,0.37,0.77));
#1049 = DIRECTION('',(1.,0.,-0.));
#1050 = DIRECTION('',(0.,0.,1.));
#1051 = ORIENTED_EDGE('',*,*,#1052,.F.);
#1052 = EDGE_CURVE('',#838,#1044,#1053,.T.);
#1053 = LINE('',#1054,#1055);
#1054 = CARTESIAN_POINT('',(0.5,0.4,0.77));
#1055 = VECTOR('',#1056,1.);
#1056 = DIRECTION('',(1.,0.,0.));
#1057 = CYLINDRICAL_SURFACE('',#1058,3.E-02);
#1058 = AXIS2_PLACEMENT_3D('',#1059,#1060,#1061);
#1059 = CARTESIAN_POINT('',(0.5,0.37,0.77));
#1060 = DIRECTION('',(1.,0.,0.));
#1061 = DIRECTION('',(-0.,1.,0.));
#1062 = ADVANCED_FACE('',(#1063),#1074,.T.);
#1063 = FACE_BOUND('',#1064,.T.);
#1064 = EDGE_LOOP('',(#1065,#1071,#1072,#1073));
#1065 = ORIENTED_EDGE('',*,*,#1066,.F.);
#1066 = EDGE_CURVE('',#1017,#1044,#1067,.T.);
#1067 = LINE('',#1068,#1069);
#1068 = CARTESIAN_POINT('',(0.8,0.4,0.));
#1069 = VECTOR('',#1070,1.);
#1070 = DIRECTION('',(0.,0.,1.));
#1071 = ORIENTED_EDGE('',*,*,#1016,.F.);
#1072 = ORIENTED_EDGE('',*,*,#837,.T.);
#1073 = ORIENTED_EDGE('',*,*,#1052,.T.);
#1074 = PLANE('',#1075);
#1075 = AXIS2_PLACEMENT_3D('',#1076,#1077,#1078);
#1076 = CARTESIAN_POINT('',(0.5,0.4,0.));
#1077 = DIRECTION('',(0.,1.,0.));
#1078 = DIRECTION('',(0.,-0.,1.));
#1079 = ADVANCED_FACE('',(#1080),#1090,.T.);
#1080 = FACE_BOUND('',#1081,.T.);
#1081 = EDGE_LOOP('',(#1082,#1083,#1084,#1085,#1086,#1087,#1088,#1089));
#1082 = ORIENTED_EDGE('',*,*,#887,.F.);
#1083 = ORIENTED_EDGE('',*,*,#927,.T.);
#1084 = ORIENTED_EDGE('',*,*,#970,.T.);
#1085 = ORIENTED_EDGE('',*,*,#1024,.F.);
#1086 = ORIENTED_EDGE('',*,*,#1066,.T.);
#1087 = ORIENTED_EDGE('',*,*,#1043,.T.);
#1088 = ORIENTED_EDGE('',*,*,#994,.F.);
#1089 = ORIENTED_EDGE('',*,*,#944,.F.);
#1090 = PLANE('',#1091);
#1091 = AXIS2_PLACEMENT_3D('',#1092,#1093,#1094);
#1092 = CARTESIAN_POINT('',(0.8,-0.4,0.));
#1093 = DIRECTION('',(1.,0.,0.));
#1094 = DIRECTION('',(0.,0.,1.));
#1095 = ( GEOMETRIC_REPRESENTATION_CONTEXT(3) 
GLOBAL_UNCERTAINTY_ASSIGNED_CONTEXT((#1099)) 
GLOBAL_UNIT_ASSIGNED_CONTEXT((#1096,#1097,#1098)) REPRESENTATION_CONTEXT
('Context #1','3D Context with UNIT and UNCERTAINTY') );
#1096 = ( LENGTH_UNIT() NAMED_UNIT(*) SI_UNIT(.MILLI.,.METRE.) );
#1097 = ( NAMED_UNIT(*) PLANE_ANGLE_UNIT() SI_UNIT($,.RADIAN.) );
#1098 = ( NAMED_UNIT(*) SI_UNIT($,.STERADIAN.) SOLID_ANGLE_UNIT() );
#1099 = UNCERTAINTY_MEASURE_WITH_UNIT(LENGTH_MEASURE(1.E-07),#1096,
  'distance_accuracy_value','confusion accuracy');
#1100 = CONTEXT_DEPENDENT_SHAPE_REPRESENTATION(#1101,#1103);
#1101 = ( REPRESENTATION_RELATIONSHIP('','',#240,#10) 
REPRESENTATION_RELATIONSHIP_WITH_TRANSFORMATION(#1102) 
SHAPE_REPRESENTATION_RELATIONSHIP() );
#1102 = ITEM_DEFINED_TRANSFORMATION('','',#11,#15);
#1103 = PRODUCT_DEFINITION_SHAPE('Placement','Placement of an item',
  #1104);
#1104 = NEXT_ASSEMBLY_USAGE_OCCURRENCE('1','C2','',#5,#235,$);
#1105 = PRODUCT_RELATED_PRODUCT_CATEGORY('part',$,(#237));
#1106 = CONTEXT_DEPENDENT_SHAPE_REPRESENTATION(#1107,#1109);
#1107 = ( REPRESENTATION_RELATIONSHIP('','',#240,#10) 
REPRESENTATION_RELATIONSHIP_WITH_TRANSFORMATION(#1108) 
SHAPE_REPRESENTATION_RELATIONSHIP() );
#1108 = ITEM_DEFINED_TRANSFORMATION('','',#11,#19);
#1109 = PRODUCT_DEFINITION_SHAPE('Placement','Placement of an item',
  #1110);
#1110 = NEXT_ASSEMBLY_USAGE_OCCURRENCE('2','C32','',#5,#235,$);
#1111 = SHAPE_DEFINITION_REPRESENTATION(#1112,#1118);
#1112 = PRODUCT_DEFINITION_SHAPE('','',#1113);
#1113 = PRODUCT_DEFINITION('design','',#1114,#1117);
#1114 = PRODUCT_DEFINITION_FORMATION('','',#1115);
#1115 = PRODUCT('L_0805_2012Metric','L_0805_2012Metric','',(#1116));
#1116 = PRODUCT_CONTEXT('',#2,'mechanical');
#1117 = PRODUCT_DEFINITION_CONTEXT('part definition',#2,'design');
#1118 = ADVANCED_BREP_SHAPE_REPRESENTATION('',(#11,#1119),#1973);
#1119 = MANIFOLD_SOLID_BREP('',#1120);
#1120 = CLOSED_SHELL('',(#1121,#1197,#1228,#1253,#1278,#1302,#1326,#1351
    ,#1376,#1393,#1479,#1511,#1535,#1560,#1584,#1609,#1633,#1658,#1675,
    #1761,#1792,#1817,#1842,#1866,#1890,#1915,#1940,#1957));
#1121 = ADVANCED_FACE('',(#1122),#1192,.F.);
#1122 = FACE_BOUND('',#1123,.F.);
#1123 = EDGE_LOOP('',(#1124,#1134,#1143,#1151,#1160,#1168,#1177,#1185));
#1124 = ORIENTED_EDGE('',*,*,#1125,.F.);
#1125 = EDGE_CURVE('',#1126,#1128,#1130,.T.);
#1126 = VERTEX_POINT('',#1127);
#1127 = CARTESIAN_POINT('',(-1.,-0.625,4.E-02));
#1128 = VERTEX_POINT('',#1129);
#1129 = CARTESIAN_POINT('',(-1.,-0.625,1.21));
#1130 = LINE('',#1131,#1132);
#1131 = CARTESIAN_POINT('',(-1.,-0.625,0.));
#1132 = VECTOR('',#1133,1.);
#1133 = DIRECTION('',(0.,0.,1.));
#1134 = ORIENTED_EDGE('',*,*,#1135,.T.);
#1135 = EDGE_CURVE('',#1126,#1136,#1138,.T.);
#1136 = VERTEX_POINT('',#1137);
#1137 = CARTESIAN_POINT('',(-1.,-0.585,0.));
#1138 = CIRCLE('',#1139,4.E-02);
#1139 = AXIS2_PLACEMENT_3D('',#1140,#1141,#1142);
#1140 = CARTESIAN_POINT('',(-1.,-0.585,4.E-02));
#1141 = DIRECTION('',(1.,0.,-0.));
#1142 = DIRECTION('',(0.,0.,1.));
#1143 = ORIENTED_EDGE('',*,*,#1144,.T.);
#1144 = EDGE_CURVE('',#1136,#1145,#1147,.T.);
#1145 = VERTEX_POINT('',#1146);
#1146 = CARTESIAN_POINT('',(-1.,0.585,0.));
#1147 = LINE('',#1148,#1149);
#1148 = CARTESIAN_POINT('',(-1.,-0.625,0.));
#1149 = VECTOR('',#1150,1.);
#1150 = DIRECTION('',(0.,1.,0.));
#1151 = ORIENTED_EDGE('',*,*,#1152,.F.);
#1152 = EDGE_CURVE('',#1153,#1145,#1155,.T.);
#1153 = VERTEX_POINT('',#1154);
#1154 = CARTESIAN_POINT('',(-1.,0.625,4.E-02));
#1155 = CIRCLE('',#1156,4.E-02);
#1156 = AXIS2_PLACEMENT_3D('',#1157,#1158,#1159);
#1157 = CARTESIAN_POINT('',(-1.,0.585,4.E-02));
#1158 = DIRECTION('',(-1.,0.,0.));
#1159 = DIRECTION('',(0.,0.,1.));
#1160 = ORIENTED_EDGE('',*,*,#1161,.T.);
#1161 = EDGE_CURVE('',#1153,#1162,#1164,.T.);
#1162 = VERTEX_POINT('',#1163);
#1163 = CARTESIAN_POINT('',(-1.,0.625,1.21));
#1164 = LINE('',#1165,#1166);
#1165 = CARTESIAN_POINT('',(-1.,0.625,0.));
#1166 = VECTOR('',#1167,1.);
#1167 = DIRECTION('',(0.,0.,1.));
#1168 = ORIENTED_EDGE('',*,*,#1169,.T.);
#1169 = EDGE_CURVE('',#1162,#1170,#1172,.T.);
#1170 = VERTEX_POINT('',#1171);
#1171 = CARTESIAN_POINT('',(-1.,0.585,1.25));
#1172 = CIRCLE('',#1173,4.E-02);
#1173 = AXIS2_PLACEMENT_3D('',#1174,#1175,#1176);
#1174 = CARTESIAN_POINT('',(-1.,0.585,1.21));
#1175 = DIRECTION('',(1.,0.,-0.));
#1176 = DIRECTION('',(0.,0.,1.));
#1177 = ORIENTED_EDGE('',*,*,#1178,.F.);
#1178 = EDGE_CURVE('',#1179,#1170,#1181,.T.);
#1179 = VERTEX_POINT('',#1180);
#1180 = CARTESIAN_POINT('',(-1.,-0.585,1.25));
#1181 = LINE('',#1182,#1183);
#1182 = CARTESIAN_POINT('',(-1.,-0.625,1.25));
#1183 = VECTOR('',#1184,1.);
#1184 = DIRECTION('',(0.,1.,0.));
#1185 = ORIENTED_EDGE('',*,*,#1186,.F.);
#1186 = EDGE_CURVE('',#1128,#1179,#1187,.T.);
#1187 = CIRCLE('',#1188,4.E-02);
#1188 = AXIS2_PLACEMENT_3D('',#1189,#1190,#1191);
#1189 = CARTESIAN_POINT('',(-1.,-0.585,1.21));
#1190 = DIRECTION('',(-1.,0.,0.));
#1191 = DIRECTION('',(0.,0.,1.));
#1192 = PLANE('',#1193);
#1193 = AXIS2_PLACEMENT_3D('',#1194,#1195,#1196);
#1194 = CARTESIAN_POINT('',(-1.,-0.625,0.));
#1195 = DIRECTION('',(1.,0.,0.));
#1196 = DIRECTION('',(0.,0.,1.));
#1197 = ADVANCED_FACE('',(#1198),#1223,.F.);
#1198 = FACE_BOUND('',#1199,.F.);
#1199 = EDGE_LOOP('',(#1200,#1210,#1216,#1217));
#1200 = ORIENTED_EDGE('',*,*,#1201,.F.);
#1201 = EDGE_CURVE('',#1202,#1204,#1206,.T.);
#1202 = VERTEX_POINT('',#1203);
#1203 = CARTESIAN_POINT('',(-0.6,-0.625,4.E-02));
#1204 = VERTEX_POINT('',#1205);
#1205 = CARTESIAN_POINT('',(-0.6,-0.625,1.21));
#1206 = LINE('',#1207,#1208);
#1207 = CARTESIAN_POINT('',(-0.6,-0.625,0.));
#1208 = VECTOR('',#1209,1.);
#1209 = DIRECTION('',(0.,0.,1.));
#1210 = ORIENTED_EDGE('',*,*,#1211,.F.);
#1211 = EDGE_CURVE('',#1126,#1202,#1212,.T.);
#1212 = LINE('',#1213,#1214);
#1213 = CARTESIAN_POINT('',(-1.,-0.625,4.E-02));
#1214 = VECTOR('',#1215,1.);
#1215 = DIRECTION('',(1.,0.,0.));
#1216 = ORIENTED_EDGE('',*,*,#1125,.T.);
#1217 = ORIENTED_EDGE('',*,*,#1218,.T.);
#1218 = EDGE_CURVE('',#1128,#1204,#1219,.T.);
#1219 = LINE('',#1220,#1221);
#1220 = CARTESIAN_POINT('',(-1.,-0.625,1.21));
#1221 = VECTOR('',#1222,1.);
#1222 = DIRECTION('',(1.,0.,0.));
#1223 = PLANE('',#1224);
#1224 = AXIS2_PLACEMENT_3D('',#1225,#1226,#1227);
#1225 = CARTESIAN_POINT('',(-1.,-0.625,0.));
#1226 = DIRECTION('',(0.,1.,0.));
#1227 = DIRECTION('',(0.,-0.,1.));
#1228 = ADVANCED_FACE('',(#1229),#1248,.T.);
#1229 = FACE_BOUND('',#1230,.T.);
#1230 = EDGE_LOOP('',(#1231,#1232,#1240,#1247));
#1231 = ORIENTED_EDGE('',*,*,#1135,.T.);
#1232 = ORIENTED_EDGE('',*,*,#1233,.T.);
#1233 = EDGE_CURVE('',#1136,#1234,#1236,.T.);
#1234 = VERTEX_POINT('',#1235);
#1235 = CARTESIAN_POINT('',(-0.6,-0.585,0.));
#1236 = LINE('',#1237,#1238);
#1237 = CARTESIAN_POINT('',(-1.,-0.585,0.));
#1238 = VECTOR('',#1239,1.);
#1239 = DIRECTION('',(1.,0.,0.));
#1240 = ORIENTED_EDGE('',*,*,#1241,.F.);
#1241 = EDGE_CURVE('',#1202,#1234,#1242,.T.);
#1242 = CIRCLE('',#1243,4.E-02);
#1243 = AXIS2_PLACEMENT_3D('',#1244,#1245,#1246);
#1244 = CARTESIAN_POINT('',(-0.6,-0.585,4.E-02));
#1245 = DIRECTION('',(1.,0.,-0.));
#1246 = DIRECTION('',(0.,0.,1.));
#1247 = ORIENTED_EDGE('',*,*,#1211,.F.);
#1248 = CYLINDRICAL_SURFACE('',#1249,4.E-02);
#1249 = AXIS2_PLACEMENT_3D('',#1250,#1251,#1252);
#1250 = CARTESIAN_POINT('',(-1.,-0.585,4.E-02));
#1251 = DIRECTION('',(1.,0.,0.));
#1252 = DIRECTION('',(0.,-1.,0.));
#1253 = ADVANCED_FACE('',(#1254),#1273,.T.);
#1254 = FACE_BOUND('',#1255,.T.);
#1255 = EDGE_LOOP('',(#1256,#1257,#1266,#1272));
#1256 = ORIENTED_EDGE('',*,*,#1218,.T.);
#1257 = ORIENTED_EDGE('',*,*,#1258,.T.);
#1258 = EDGE_CURVE('',#1204,#1259,#1261,.T.);
#1259 = VERTEX_POINT('',#1260);
#1260 = CARTESIAN_POINT('',(-0.6,-0.585,1.25));
#1261 = CIRCLE('',#1262,4.E-02);
#1262 = AXIS2_PLACEMENT_3D('',#1263,#1264,#1265);
#1263 = CARTESIAN_POINT('',(-0.6,-0.585,1.21));
#1264 = DIRECTION('',(-1.,0.,0.));
#1265 = DIRECTION('',(0.,0.,1.));
#1266 = ORIENTED_EDGE('',*,*,#1267,.F.);
#1267 = EDGE_CURVE('',#1179,#1259,#1268,.T.);
#1268 = LINE('',#1269,#1270);
#1269 = CARTESIAN_POINT('',(-1.,-0.585,1.25));
#1270 = VECTOR('',#1271,1.);
#1271 = DIRECTION('',(1.,0.,0.));
#1272 = ORIENTED_EDGE('',*,*,#1186,.F.);
#1273 = CYLINDRICAL_SURFACE('',#1274,4.E-02);
#1274 = AXIS2_PLACEMENT_3D('',#1275,#1276,#1277);
#1275 = CARTESIAN_POINT('',(-1.,-0.585,1.21));
#1276 = DIRECTION('',(1.,0.,0.));
#1277 = DIRECTION('',(0.,-1.,0.));
#1278 = ADVANCED_FACE('',(#1279),#1297,.F.);
#1279 = FACE_BOUND('',#1280,.F.);
#1280 = EDGE_LOOP('',(#1281,#1282,#1283,#1291));
#1281 = ORIENTED_EDGE('',*,*,#1144,.F.);
#1282 = ORIENTED_EDGE('',*,*,#1233,.T.);
#1283 = ORIENTED_EDGE('',*,*,#1284,.T.);
#1284 = EDGE_CURVE('',#1234,#1285,#1287,.T.);
#1285 = VERTEX_POINT('',#1286);
#1286 = CARTESIAN_POINT('',(-0.6,0.585,0.));
#1287 = LINE('',#1288,#1289);
#1288 = CARTESIAN_POINT('',(-0.6,-0.625,0.));
#1289 = VECTOR('',#1290,1.);
#1290 = DIRECTION('',(0.,1.,0.));
#1291 = ORIENTED_EDGE('',*,*,#1292,.F.);
#1292 = EDGE_CURVE('',#1145,#1285,#1293,.T.);
#1293 = LINE('',#1294,#1295);
#1294 = CARTESIAN_POINT('',(-1.,0.585,0.));
#1295 = VECTOR('',#1296,1.);
#1296 = DIRECTION('',(1.,0.,0.));
#1297 = PLANE('',#1298);
#1298 = AXIS2_PLACEMENT_3D('',#1299,#1300,#1301);
#1299 = CARTESIAN_POINT('',(-1.,-0.625,0.));
#1300 = DIRECTION('',(0.,0.,1.));
#1301 = DIRECTION('',(1.,0.,-0.));
#1302 = ADVANCED_FACE('',(#1303),#1321,.T.);
#1303 = FACE_BOUND('',#1304,.T.);
#1304 = EDGE_LOOP('',(#1305,#1306,#1307,#1315));
#1305 = ORIENTED_EDGE('',*,*,#1178,.F.);
#1306 = ORIENTED_EDGE('',*,*,#1267,.T.);
#1307 = ORIENTED_EDGE('',*,*,#1308,.T.);
#1308 = EDGE_CURVE('',#1259,#1309,#1311,.T.);
#1309 = VERTEX_POINT('',#1310);
#1310 = CARTESIAN_POINT('',(-0.6,0.585,1.25));
#1311 = LINE('',#1312,#1313);
#1312 = CARTESIAN_POINT('',(-0.6,-0.625,1.25));
#1313 = VECTOR('',#1314,1.);
#1314 = DIRECTION('',(0.,1.,0.));
#1315 = ORIENTED_EDGE('',*,*,#1316,.F.);
#1316 = EDGE_CURVE('',#1170,#1309,#1317,.T.);
#1317 = LINE('',#1318,#1319);
#1318 = CARTESIAN_POINT('',(-1.,0.585,1.25));
#1319 = VECTOR('',#1320,1.);
#1320 = DIRECTION('',(1.,0.,0.));
#1321 = PLANE('',#1322);
#1322 = AXIS2_PLACEMENT_3D('',#1323,#1324,#1325);
#1323 = CARTESIAN_POINT('',(-1.,-0.625,1.25));
#1324 = DIRECTION('',(0.,0.,1.));
#1325 = DIRECTION('',(1.,0.,-0.));
#1326 = ADVANCED_FACE('',(#1327),#1346,.T.);
#1327 = FACE_BOUND('',#1328,.T.);
#1328 = EDGE_LOOP('',(#1329,#1337,#1344,#1345));
#1329 = ORIENTED_EDGE('',*,*,#1330,.T.);
#1330 = EDGE_CURVE('',#1153,#1331,#1333,.T.);
#1331 = VERTEX_POINT('',#1332);
#1332 = CARTESIAN_POINT('',(-0.6,0.625,4.E-02));
#1333 = LINE('',#1334,#1335);
#1334 = CARTESIAN_POINT('',(-1.,0.625,4.E-02));
#1335 = VECTOR('',#1336,1.);
#1336 = DIRECTION('',(1.,0.,0.));
#1337 = ORIENTED_EDGE('',*,*,#1338,.T.);
#1338 = EDGE_CURVE('',#1331,#1285,#1339,.T.);
#1339 = CIRCLE('',#1340,4.E-02);
#1340 = AXIS2_PLACEMENT_3D('',#1341,#1342,#1343);
#1341 = CARTESIAN_POINT('',(-0.6,0.585,4.E-02));
#1342 = DIRECTION('',(-1.,0.,0.));
#1343 = DIRECTION('',(0.,0.,1.));
#1344 = ORIENTED_EDGE('',*,*,#1292,.F.);
#1345 = ORIENTED_EDGE('',*,*,#1152,.F.);
#1346 = CYLINDRICAL_SURFACE('',#1347,4.E-02);
#1347 = AXIS2_PLACEMENT_3D('',#1348,#1349,#1350);
#1348 = CARTESIAN_POINT('',(-1.,0.585,4.E-02));
#1349 = DIRECTION('',(1.,0.,0.));
#1350 = DIRECTION('',(-0.,1.,0.));
#1351 = ADVANCED_FACE('',(#1352),#1371,.T.);
#1352 = FACE_BOUND('',#1353,.T.);
#1353 = EDGE_LOOP('',(#1354,#1355,#1356,#1365));
#1354 = ORIENTED_EDGE('',*,*,#1169,.T.);
#1355 = ORIENTED_EDGE('',*,*,#1316,.T.);
#1356 = ORIENTED_EDGE('',*,*,#1357,.F.);
#1357 = EDGE_CURVE('',#1358,#1309,#1360,.T.);
#1358 = VERTEX_POINT('',#1359);
#1359 = CARTESIAN_POINT('',(-0.6,0.625,1.21));
#1360 = CIRCLE('',#1361,4.E-02);
#1361 = AXIS2_PLACEMENT_3D('',#1362,#1363,#1364);
#1362 = CARTESIAN_POINT('',(-0.6,0.585,1.21));
#1363 = DIRECTION('',(1.,0.,-0.));
#1364 = DIRECTION('',(0.,0.,1.));
#1365 = ORIENTED_EDGE('',*,*,#1366,.F.);
#1366 = EDGE_CURVE('',#1162,#1358,#1367,.T.);
#1367 = LINE('',#1368,#1369);
#1368 = CARTESIAN_POINT('',(-1.,0.625,1.21));
#1369 = VECTOR('',#1370,1.);
#1370 = DIRECTION('',(1.,0.,0.));
#1371 = CYLINDRICAL_SURFACE('',#1372,4.E-02);
#1372 = AXIS2_PLACEMENT_3D('',#1373,#1374,#1375);
#1373 = CARTESIAN_POINT('',(-1.,0.585,1.21));
#1374 = DIRECTION('',(1.,0.,0.));
#1375 = DIRECTION('',(-0.,1.,0.));
#1376 = ADVANCED_FACE('',(#1377),#1388,.T.);
#1377 = FACE_BOUND('',#1378,.T.);
#1378 = EDGE_LOOP('',(#1379,#1385,#1386,#1387));
#1379 = ORIENTED_EDGE('',*,*,#1380,.F.);
#1380 = EDGE_CURVE('',#1331,#1358,#1381,.T.);
#1381 = LINE('',#1382,#1383);
#1382 = CARTESIAN_POINT('',(-0.6,0.625,0.));
#1383 = VECTOR('',#1384,1.);
#1384 = DIRECTION('',(0.,0.,1.));
#1385 = ORIENTED_EDGE('',*,*,#1330,.F.);
#1386 = ORIENTED_EDGE('',*,*,#1161,.T.);
#1387 = ORIENTED_EDGE('',*,*,#1366,.T.);
#1388 = PLANE('',#1389);
#1389 = AXIS2_PLACEMENT_3D('',#1390,#1391,#1392);
#1390 = CARTESIAN_POINT('',(-1.,0.625,0.));
#1391 = DIRECTION('',(0.,1.,0.));
#1392 = DIRECTION('',(0.,-0.,1.));
#1393 = ADVANCED_FACE('',(#1394,#1404),#1474,.T.);
#1394 = FACE_BOUND('',#1395,.T.);
#1395 = EDGE_LOOP('',(#1396,#1397,#1398,#1399,#1400,#1401,#1402,#1403));
#1396 = ORIENTED_EDGE('',*,*,#1201,.F.);
#1397 = ORIENTED_EDGE('',*,*,#1241,.T.);
#1398 = ORIENTED_EDGE('',*,*,#1284,.T.);
#1399 = ORIENTED_EDGE('',*,*,#1338,.F.);
#1400 = ORIENTED_EDGE('',*,*,#1380,.T.);
#1401 = ORIENTED_EDGE('',*,*,#1357,.T.);
#1402 = ORIENTED_EDGE('',*,*,#1308,.F.);
#1403 = ORIENTED_EDGE('',*,*,#1258,.F.);
#1404 = FACE_BOUND('',#1405,.T.);
#1405 = EDGE_LOOP('',(#1406,#1417,#1425,#1434,#1442,#1451,#1459,#1468));
#1406 = ORIENTED_EDGE('',*,*,#1407,.F.);
#1407 = EDGE_CURVE('',#1408,#1410,#1412,.T.);
#1408 = VERTEX_POINT('',#1409);
#1409 = CARTESIAN_POINT('',(-0.6,-0.585,8.E-02));
#1410 = VERTEX_POINT('',#1411);
#1411 = CARTESIAN_POINT('',(-0.6,-0.545,4.E-02));
#1412 = CIRCLE('',#1413,4.E-02);
#1413 = AXIS2_PLACEMENT_3D('',#1414,#1415,#1416);
#1414 = CARTESIAN_POINT('',(-0.6,-0.545,8.E-02));
#1415 = DIRECTION('',(1.,0.,-0.));
#1416 = DIRECTION('',(0.,0.,1.));
#1417 = ORIENTED_EDGE('',*,*,#1418,.T.);
#1418 = EDGE_CURVE('',#1408,#1419,#1421,.T.);
#1419 = VERTEX_POINT('',#1420);
#1420 = CARTESIAN_POINT('',(-0.6,-0.585,1.17));
#1421 = LINE('',#1422,#1423);
#1422 = CARTESIAN_POINT('',(-0.6,-0.585,4.E-02));
#1423 = VECTOR('',#1424,1.);
#1424 = DIRECTION('',(0.,0.,1.));
#1425 = ORIENTED_EDGE('',*,*,#1426,.T.);
#1426 = EDGE_CURVE('',#1419,#1427,#1429,.T.);
#1427 = VERTEX_POINT('',#1428);
#1428 = CARTESIAN_POINT('',(-0.6,-0.545,1.21));
#1429 = CIRCLE('',#1430,4.E-02);
#1430 = AXIS2_PLACEMENT_3D('',#1431,#1432,#1433);
#1431 = CARTESIAN_POINT('',(-0.6,-0.545,1.17));
#1432 = DIRECTION('',(-1.,0.,0.));
#1433 = DIRECTION('',(0.,0.,1.));
#1434 = ORIENTED_EDGE('',*,*,#1435,.T.);
#1435 = EDGE_CURVE('',#1427,#1436,#1438,.T.);
#1436 = VERTEX_POINT('',#1437);
#1437 = CARTESIAN_POINT('',(-0.6,0.545,1.21));
#1438 = LINE('',#1439,#1440);
#1439 = CARTESIAN_POINT('',(-0.6,-0.585,1.21));
#1440 = VECTOR('',#1441,1.);
#1441 = DIRECTION('',(0.,1.,0.));
#1442 = ORIENTED_EDGE('',*,*,#1443,.F.);
#1443 = EDGE_CURVE('',#1444,#1436,#1446,.T.);
#1444 = VERTEX_POINT('',#1445);
#1445 = CARTESIAN_POINT('',(-0.6,0.585,1.17));
#1446 = CIRCLE('',#1447,4.E-02);
#1447 = AXIS2_PLACEMENT_3D('',#1448,#1449,#1450);
#1448 = CARTESIAN_POINT('',(-0.6,0.545,1.17));
#1449 = DIRECTION('',(1.,0.,-0.));
#1450 = DIRECTION('',(0.,0.,1.));
#1451 = ORIENTED_EDGE('',*,*,#1452,.F.);
#1452 = EDGE_CURVE('',#1453,#1444,#1455,.T.);
#1453 = VERTEX_POINT('',#1454);
#1454 = CARTESIAN_POINT('',(-0.6,0.585,8.E-02));
#1455 = LINE('',#1456,#1457);
#1456 = CARTESIAN_POINT('',(-0.6,0.585,4.E-02));
#1457 = VECTOR('',#1458,1.);
#1458 = DIRECTION('',(0.,0.,1.));
#1459 = ORIENTED_EDGE('',*,*,#1460,.T.);
#1460 = EDGE_CURVE('',#1453,#1461,#1463,.T.);
#1461 = VERTEX_POINT('',#1462);
#1462 = CARTESIAN_POINT('',(-0.6,0.545,4.E-02));
#1463 = CIRCLE('',#1464,4.E-02);
#1464 = AXIS2_PLACEMENT_3D('',#1465,#1466,#1467);
#1465 = CARTESIAN_POINT('',(-0.6,0.545,8.E-02));
#1466 = DIRECTION('',(-1.,0.,0.));
#1467 = DIRECTION('',(0.,0.,1.));
#1468 = ORIENTED_EDGE('',*,*,#1469,.F.);
#1469 = EDGE_CURVE('',#1410,#1461,#1470,.T.);
#1470 = LINE('',#1471,#1472);
#1471 = CARTESIAN_POINT('',(-0.6,-0.585,4.E-02));
#1472 = VECTOR('',#1473,1.);
#1473 = DIRECTION('',(0.,1.,0.));
#1474 = PLANE('',#1475);
#1475 = AXIS2_PLACEMENT_3D('',#1476,#1477,#1478);
#1476 = CARTESIAN_POINT('',(-0.6,-0.625,0.));
#1477 = DIRECTION('',(1.,0.,0.));
#1478 = DIRECTION('',(0.,0.,1.));
#1479 = ADVANCED_FACE('',(#1480),#1506,.T.);
#1480 = FACE_BOUND('',#1481,.T.);
#1481 = EDGE_LOOP('',(#1482,#1483,#1491,#1500));
#1482 = ORIENTED_EDGE('',*,*,#1407,.T.);
#1483 = ORIENTED_EDGE('',*,*,#1484,.T.);
#1484 = EDGE_CURVE('',#1410,#1485,#1487,.T.);
#1485 = VERTEX_POINT('',#1486);
#1486 = CARTESIAN_POINT('',(0.6,-0.545,4.E-02));
#1487 = LINE('',#1488,#1489);
#1488 = CARTESIAN_POINT('',(-0.6,-0.545,4.E-02));
#1489 = VECTOR('',#1490,1.);
#1490 = DIRECTION('',(1.,0.,0.));
#1491 = ORIENTED_EDGE('',*,*,#1492,.F.);
#1492 = EDGE_CURVE('',#1493,#1485,#1495,.T.);
#1493 = VERTEX_POINT('',#1494);
#1494 = CARTESIAN_POINT('',(0.6,-0.585,8.E-02));
#1495 = CIRCLE('',#1496,4.E-02);
#1496 = AXIS2_PLACEMENT_3D('',#1497,#1498,#1499);
#1497 = CARTESIAN_POINT('',(0.6,-0.545,8.E-02));
#1498 = DIRECTION('',(1.,0.,-0.));
#1499 = DIRECTION('',(0.,0.,1.));
#1500 = ORIENTED_EDGE('',*,*,#1501,.F.);
#1501 = EDGE_CURVE('',#1408,#1493,#1502,.T.);
#1502 = LINE('',#1503,#1504);
#1503 = CARTESIAN_POINT('',(-0.6,-0.585,8.E-02));
#1504 = VECTOR('',#1505,1.);
#1505 = DIRECTION('',(1.,0.,0.));
#1506 = CYLINDRICAL_SURFACE('',#1507,4.E-02);
#1507 = AXIS2_PLACEMENT_3D('',#1508,#1509,#1510);
#1508 = CARTESIAN_POINT('',(-0.6,-0.545,8.E-02));
#1509 = DIRECTION('',(1.,0.,0.));
#1510 = DIRECTION('',(0.,-1.,0.));
#1511 = ADVANCED_FACE('',(#1512),#1530,.F.);
#1512 = FACE_BOUND('',#1513,.F.);
#1513 = EDGE_LOOP('',(#1514,#1515,#1516,#1524));
#1514 = ORIENTED_EDGE('',*,*,#1469,.F.);
#1515 = ORIENTED_EDGE('',*,*,#1484,.T.);
#1516 = ORIENTED_EDGE('',*,*,#1517,.T.);
#1517 = EDGE_CURVE('',#1485,#1518,#1520,.T.);
#1518 = VERTEX_POINT('',#1519);
#1519 = CARTESIAN_POINT('',(0.6,0.545,4.E-02));
#1520 = LINE('',#1521,#1522);
#1521 = CARTESIAN_POINT('',(0.6,-0.585,4.E-02));
#1522 = VECTOR('',#1523,1.);
#1523 = DIRECTION('',(0.,1.,0.));
#1524 = ORIENTED_EDGE('',*,*,#1525,.F.);
#1525 = EDGE_CURVE('',#1461,#1518,#1526,.T.);
#1526 = LINE('',#1527,#1528);
#1527 = CARTESIAN_POINT('',(-0.6,0.545,4.E-02));
#1528 = VECTOR('',#1529,1.);
#1529 = DIRECTION('',(1.,0.,0.));
#1530 = PLANE('',#1531);
#1531 = AXIS2_PLACEMENT_3D('',#1532,#1533,#1534);
#1532 = CARTESIAN_POINT('',(-0.6,-0.585,4.E-02));
#1533 = DIRECTION('',(0.,0.,1.));
#1534 = DIRECTION('',(1.,0.,-0.));
#1535 = ADVANCED_FACE('',(#1536),#1555,.T.);
#1536 = FACE_BOUND('',#1537,.T.);
#1537 = EDGE_LOOP('',(#1538,#1546,#1553,#1554));
#1538 = ORIENTED_EDGE('',*,*,#1539,.T.);
#1539 = EDGE_CURVE('',#1453,#1540,#1542,.T.);
#1540 = VERTEX_POINT('',#1541);
#1541 = CARTESIAN_POINT('',(0.6,0.585,8.E-02));
#1542 = LINE('',#1543,#1544);
#1543 = CARTESIAN_POINT('',(-0.6,0.585,8.E-02));
#1544 = VECTOR('',#1545,1.);
#1545 = DIRECTION('',(1.,0.,0.));
#1546 = ORIENTED_EDGE('',*,*,#1547,.T.);
#1547 = EDGE_CURVE('',#1540,#1518,#1548,.T.);
#1548 = CIRCLE('',#1549,4.E-02);
#1549 = AXIS2_PLACEMENT_3D('',#1550,#1551,#1552);
#1550 = CARTESIAN_POINT('',(0.6,0.545,8.E-02));
#1551 = DIRECTION('',(-1.,0.,0.));
#1552 = DIRECTION('',(0.,0.,1.));
#1553 = ORIENTED_EDGE('',*,*,#1525,.F.);
#1554 = ORIENTED_EDGE('',*,*,#1460,.F.);
#1555 = CYLINDRICAL_SURFACE('',#1556,4.E-02);
#1556 = AXIS2_PLACEMENT_3D('',#1557,#1558,#1559);
#1557 = CARTESIAN_POINT('',(-0.6,0.545,8.E-02));
#1558 = DIRECTION('',(1.,0.,0.));
#1559 = DIRECTION('',(-0.,1.,0.));
#1560 = ADVANCED_FACE('',(#1561),#1579,.T.);
#1561 = FACE_BOUND('',#1562,.T.);
#1562 = EDGE_LOOP('',(#1563,#1571,#1572,#1573));
#1563 = ORIENTED_EDGE('',*,*,#1564,.F.);
#1564 = EDGE_CURVE('',#1540,#1565,#1567,.T.);
#1565 = VERTEX_POINT('',#1566);
#1566 = CARTESIAN_POINT('',(0.6,0.585,1.17));
#1567 = LINE('',#1568,#1569);
#1568 = CARTESIAN_POINT('',(0.6,0.585,4.E-02));
#1569 = VECTOR('',#1570,1.);
#1570 = DIRECTION('',(0.,0.,1.));
#1571 = ORIENTED_EDGE('',*,*,#1539,.F.);
#1572 = ORIENTED_EDGE('',*,*,#1452,.T.);
#1573 = ORIENTED_EDGE('',*,*,#1574,.T.);
#1574 = EDGE_CURVE('',#1444,#1565,#1575,.T.);
#1575 = LINE('',#1576,#1577);
#1576 = CARTESIAN_POINT('',(-0.6,0.585,1.17));
#1577 = VECTOR('',#1578,1.);
#1578 = DIRECTION('',(1.,0.,0.));
#1579 = PLANE('',#1580);
#1580 = AXIS2_PLACEMENT_3D('',#1581,#1582,#1583);
#1581 = CARTESIAN_POINT('',(-0.6,0.585,4.E-02));
#1582 = DIRECTION('',(0.,1.,0.));
#1583 = DIRECTION('',(0.,-0.,1.));
#1584 = ADVANCED_FACE('',(#1585),#1604,.T.);
#1585 = FACE_BOUND('',#1586,.T.);
#1586 = EDGE_LOOP('',(#1587,#1588,#1596,#1603));
#1587 = ORIENTED_EDGE('',*,*,#1443,.T.);
#1588 = ORIENTED_EDGE('',*,*,#1589,.T.);
#1589 = EDGE_CURVE('',#1436,#1590,#1592,.T.);
#1590 = VERTEX_POINT('',#1591);
#1591 = CARTESIAN_POINT('',(0.6,0.545,1.21));
#1592 = LINE('',#1593,#1594);
#1593 = CARTESIAN_POINT('',(-0.6,0.545,1.21));
#1594 = VECTOR('',#1595,1.);
#1595 = DIRECTION('',(1.,0.,0.));
#1596 = ORIENTED_EDGE('',*,*,#1597,.F.);
#1597 = EDGE_CURVE('',#1565,#1590,#1598,.T.);
#1598 = CIRCLE('',#1599,4.E-02);
#1599 = AXIS2_PLACEMENT_3D('',#1600,#1601,#1602);
#1600 = CARTESIAN_POINT('',(0.6,0.545,1.17));
#1601 = DIRECTION('',(1.,0.,-0.));
#1602 = DIRECTION('',(0.,0.,1.));
#1603 = ORIENTED_EDGE('',*,*,#1574,.F.);
#1604 = CYLINDRICAL_SURFACE('',#1605,4.E-02);
#1605 = AXIS2_PLACEMENT_3D('',#1606,#1607,#1608);
#1606 = CARTESIAN_POINT('',(-0.6,0.545,1.17));
#1607 = DIRECTION('',(1.,0.,0.));
#1608 = DIRECTION('',(-0.,1.,0.));
#1609 = ADVANCED_FACE('',(#1610),#1628,.T.);
#1610 = FACE_BOUND('',#1611,.T.);
#1611 = EDGE_LOOP('',(#1612,#1613,#1621,#1627));
#1612 = ORIENTED_EDGE('',*,*,#1435,.F.);
#1613 = ORIENTED_EDGE('',*,*,#1614,.T.);
#1614 = EDGE_CURVE('',#1427,#1615,#1617,.T.);
#1615 = VERTEX_POINT('',#1616);
#1616 = CARTESIAN_POINT('',(0.6,-0.545,1.21));
#1617 = LINE('',#1618,#1619);
#1618 = CARTESIAN_POINT('',(-0.6,-0.545,1.21));
#1619 = VECTOR('',#1620,1.);
#1620 = DIRECTION('',(1.,0.,0.));
#1621 = ORIENTED_EDGE('',*,*,#1622,.T.);
#1622 = EDGE_CURVE('',#1615,#1590,#1623,.T.);
#1623 = LINE('',#1624,#1625);
#1624 = CARTESIAN_POINT('',(0.6,-0.585,1.21));
#1625 = VECTOR('',#1626,1.);
#1626 = DIRECTION('',(0.,1.,0.));
#1627 = ORIENTED_EDGE('',*,*,#1589,.F.);
#1628 = PLANE('',#1629);
#1629 = AXIS2_PLACEMENT_3D('',#1630,#1631,#1632);
#1630 = CARTESIAN_POINT('',(-0.6,-0.585,1.21));
#1631 = DIRECTION('',(0.,0.,1.));
#1632 = DIRECTION('',(1.,0.,-0.));
#1633 = ADVANCED_FACE('',(#1634),#1653,.T.);
#1634 = FACE_BOUND('',#1635,.T.);
#1635 = EDGE_LOOP('',(#1636,#1644,#1651,#1652));
#1636 = ORIENTED_EDGE('',*,*,#1637,.T.);
#1637 = EDGE_CURVE('',#1419,#1638,#1640,.T.);
#1638 = VERTEX_POINT('',#1639);
#1639 = CARTESIAN_POINT('',(0.6,-0.585,1.17));
#1640 = LINE('',#1641,#1642);
#1641 = CARTESIAN_POINT('',(-0.6,-0.585,1.17));
#1642 = VECTOR('',#1643,1.);
#1643 = DIRECTION('',(1.,0.,0.));
#1644 = ORIENTED_EDGE('',*,*,#1645,.T.);
#1645 = EDGE_CURVE('',#1638,#1615,#1646,.T.);
#1646 = CIRCLE('',#1647,4.E-02);
#1647 = AXIS2_PLACEMENT_3D('',#1648,#1649,#1650);
#1648 = CARTESIAN_POINT('',(0.6,-0.545,1.17));
#1649 = DIRECTION('',(-1.,0.,0.));
#1650 = DIRECTION('',(0.,0.,1.));
#1651 = ORIENTED_EDGE('',*,*,#1614,.F.);
#1652 = ORIENTED_EDGE('',*,*,#1426,.F.);
#1653 = CYLINDRICAL_SURFACE('',#1654,4.E-02);
#1654 = AXIS2_PLACEMENT_3D('',#1655,#1656,#1657);
#1655 = CARTESIAN_POINT('',(-0.6,-0.545,1.17));
#1656 = DIRECTION('',(1.,0.,0.));
#1657 = DIRECTION('',(0.,-1.,0.));
#1658 = ADVANCED_FACE('',(#1659),#1670,.F.);
#1659 = FACE_BOUND('',#1660,.F.);
#1660 = EDGE_LOOP('',(#1661,#1667,#1668,#1669));
#1661 = ORIENTED_EDGE('',*,*,#1662,.F.);
#1662 = EDGE_CURVE('',#1493,#1638,#1663,.T.);
#1663 = LINE('',#1664,#1665);
#1664 = CARTESIAN_POINT('',(0.6,-0.585,4.E-02));
#1665 = VECTOR('',#1666,1.);
#1666 = DIRECTION('',(0.,0.,1.));
#1667 = ORIENTED_EDGE('',*,*,#1501,.F.);
#1668 = ORIENTED_EDGE('',*,*,#1418,.T.);
#1669 = ORIENTED_EDGE('',*,*,#1637,.T.);
#1670 = PLANE('',#1671);
#1671 = AXIS2_PLACEMENT_3D('',#1672,#1673,#1674);
#1672 = CARTESIAN_POINT('',(-0.6,-0.585,4.E-02));
#1673 = DIRECTION('',(0.,1.,0.));
#1674 = DIRECTION('',(0.,-0.,1.));
#1675 = ADVANCED_FACE('',(#1676,#1746),#1756,.F.);
#1676 = FACE_BOUND('',#1677,.F.);
#1677 = EDGE_LOOP('',(#1678,#1688,#1697,#1705,#1714,#1722,#1731,#1739));
#1678 = ORIENTED_EDGE('',*,*,#1679,.F.);
#1679 = EDGE_CURVE('',#1680,#1682,#1684,.T.);
#1680 = VERTEX_POINT('',#1681);
#1681 = CARTESIAN_POINT('',(0.6,-0.625,4.E-02));
#1682 = VERTEX_POINT('',#1683);
#1683 = CARTESIAN_POINT('',(0.6,-0.625,1.21));
#1684 = LINE('',#1685,#1686);
#1685 = CARTESIAN_POINT('',(0.6,-0.625,0.));
#1686 = VECTOR('',#1687,1.);
#1687 = DIRECTION('',(0.,0.,1.));
#1688 = ORIENTED_EDGE('',*,*,#1689,.T.);
#1689 = EDGE_CURVE('',#1680,#1690,#1692,.T.);
#1690 = VERTEX_POINT('',#1691);
#1691 = CARTESIAN_POINT('',(0.6,-0.585,0.));
#1692 = CIRCLE('',#1693,4.E-02);
#1693 = AXIS2_PLACEMENT_3D('',#1694,#1695,#1696);
#1694 = CARTESIAN_POINT('',(0.6,-0.585,4.E-02));
#1695 = DIRECTION('',(1.,0.,-0.));
#1696 = DIRECTION('',(0.,0.,1.));
#1697 = ORIENTED_EDGE('',*,*,#1698,.T.);
#1698 = EDGE_CURVE('',#1690,#1699,#1701,.T.);
#1699 = VERTEX_POINT('',#1700);
#1700 = CARTESIAN_POINT('',(0.6,0.585,0.));
#1701 = LINE('',#1702,#1703);
#1702 = CARTESIAN_POINT('',(0.6,-0.625,0.));
#1703 = VECTOR('',#1704,1.);
#1704 = DIRECTION('',(0.,1.,0.));
#1705 = ORIENTED_EDGE('',*,*,#1706,.F.);
#1706 = EDGE_CURVE('',#1707,#1699,#1709,.T.);
#1707 = VERTEX_POINT('',#1708);
#1708 = CARTESIAN_POINT('',(0.6,0.625,4.E-02));
#1709 = CIRCLE('',#1710,4.E-02);
#1710 = AXIS2_PLACEMENT_3D('',#1711,#1712,#1713);
#1711 = CARTESIAN_POINT('',(0.6,0.585,4.E-02));
#1712 = DIRECTION('',(-1.,0.,0.));
#1713 = DIRECTION('',(0.,0.,1.));
#1714 = ORIENTED_EDGE('',*,*,#1715,.T.);
#1715 = EDGE_CURVE('',#1707,#1716,#1718,.T.);
#1716 = VERTEX_POINT('',#1717);
#1717 = CARTESIAN_POINT('',(0.6,0.625,1.21));
#1718 = LINE('',#1719,#1720);
#1719 = CARTESIAN_POINT('',(0.6,0.625,0.));
#1720 = VECTOR('',#1721,1.);
#1721 = DIRECTION('',(0.,0.,1.));
#1722 = ORIENTED_EDGE('',*,*,#1723,.T.);
#1723 = EDGE_CURVE('',#1716,#1724,#1726,.T.);
#1724 = VERTEX_POINT('',#1725);
#1725 = CARTESIAN_POINT('',(0.6,0.585,1.25));
#1726 = CIRCLE('',#1727,4.E-02);
#1727 = AXIS2_PLACEMENT_3D('',#1728,#1729,#1730);
#1728 = CARTESIAN_POINT('',(0.6,0.585,1.21));
#1729 = DIRECTION('',(1.,0.,-0.));
#1730 = DIRECTION('',(0.,0.,1.));
#1731 = ORIENTED_EDGE('',*,*,#1732,.F.);
#1732 = EDGE_CURVE('',#1733,#1724,#1735,.T.);
#1733 = VERTEX_POINT('',#1734);
#1734 = CARTESIAN_POINT('',(0.6,-0.585,1.25));
#1735 = LINE('',#1736,#1737);
#1736 = CARTESIAN_POINT('',(0.6,-0.625,1.25));
#1737 = VECTOR('',#1738,1.);
#1738 = DIRECTION('',(0.,1.,0.));
#1739 = ORIENTED_EDGE('',*,*,#1740,.F.);
#1740 = EDGE_CURVE('',#1682,#1733,#1741,.T.);
#1741 = CIRCLE('',#1742,4.E-02);
#1742 = AXIS2_PLACEMENT_3D('',#1743,#1744,#1745);
#1743 = CARTESIAN_POINT('',(0.6,-0.585,1.21));
#1744 = DIRECTION('',(-1.,0.,0.));
#1745 = DIRECTION('',(0.,0.,1.));
#1746 = FACE_BOUND('',#1747,.F.);
#1747 = EDGE_LOOP('',(#1748,#1749,#1750,#1751,#1752,#1753,#1754,#1755));
#1748 = ORIENTED_EDGE('',*,*,#1492,.F.);
#1749 = ORIENTED_EDGE('',*,*,#1662,.T.);
#1750 = ORIENTED_EDGE('',*,*,#1645,.T.);
#1751 = ORIENTED_EDGE('',*,*,#1622,.T.);
#1752 = ORIENTED_EDGE('',*,*,#1597,.F.);
#1753 = ORIENTED_EDGE('',*,*,#1564,.F.);
#1754 = ORIENTED_EDGE('',*,*,#1547,.T.);
#1755 = ORIENTED_EDGE('',*,*,#1517,.F.);
#1756 = PLANE('',#1757);
#1757 = AXIS2_PLACEMENT_3D('',#1758,#1759,#1760);
#1758 = CARTESIAN_POINT('',(0.6,-0.625,0.));
#1759 = DIRECTION('',(1.,0.,0.));
#1760 = DIRECTION('',(0.,0.,1.));
#1761 = ADVANCED_FACE('',(#1762),#1787,.F.);
#1762 = FACE_BOUND('',#1763,.F.);
#1763 = EDGE_LOOP('',(#1764,#1774,#1780,#1781));
#1764 = ORIENTED_EDGE('',*,*,#1765,.F.);
#1765 = EDGE_CURVE('',#1766,#1768,#1770,.T.);
#1766 = VERTEX_POINT('',#1767);
#1767 = CARTESIAN_POINT('',(1.,-0.625,4.E-02));
#1768 = VERTEX_POINT('',#1769);
#1769 = CARTESIAN_POINT('',(1.,-0.625,1.21));
#1770 = LINE('',#1771,#1772);
#1771 = CARTESIAN_POINT('',(1.,-0.625,0.));
#1772 = VECTOR('',#1773,1.);
#1773 = DIRECTION('',(0.,0.,1.));
#1774 = ORIENTED_EDGE('',*,*,#1775,.F.);
#1775 = EDGE_CURVE('',#1680,#1766,#1776,.T.);
#1776 = LINE('',#1777,#1778);
#1777 = CARTESIAN_POINT('',(0.6,-0.625,4.E-02));
#1778 = VECTOR('',#1779,1.);
#1779 = DIRECTION('',(1.,0.,0.));
#1780 = ORIENTED_EDGE('',*,*,#1679,.T.);
#1781 = ORIENTED_EDGE('',*,*,#1782,.T.);
#1782 = EDGE_CURVE('',#1682,#1768,#1783,.T.);
#1783 = LINE('',#1784,#1785);
#1784 = CARTESIAN_POINT('',(0.6,-0.625,1.21));
#1785 = VECTOR('',#1786,1.);
#1786 = DIRECTION('',(1.,0.,0.));
#1787 = PLANE('',#1788);
#1788 = AXIS2_PLACEMENT_3D('',#1789,#1790,#1791);
#1789 = CARTESIAN_POINT('',(0.6,-0.625,0.));
#1790 = DIRECTION('',(0.,1.,0.));
#1791 = DIRECTION('',(0.,-0.,1.));
#1792 = ADVANCED_FACE('',(#1793),#1812,.T.);
#1793 = FACE_BOUND('',#1794,.T.);
#1794 = EDGE_LOOP('',(#1795,#1796,#1804,#1811));
#1795 = ORIENTED_EDGE('',*,*,#1689,.T.);
#1796 = ORIENTED_EDGE('',*,*,#1797,.T.);
#1797 = EDGE_CURVE('',#1690,#1798,#1800,.T.);
#1798 = VERTEX_POINT('',#1799);
#1799 = CARTESIAN_POINT('',(1.,-0.585,0.));
#1800 = LINE('',#1801,#1802);
#1801 = CARTESIAN_POINT('',(0.6,-0.585,0.));
#1802 = VECTOR('',#1803,1.);
#1803 = DIRECTION('',(1.,0.,0.));
#1804 = ORIENTED_EDGE('',*,*,#1805,.F.);
#1805 = EDGE_CURVE('',#1766,#1798,#1806,.T.);
#1806 = CIRCLE('',#1807,4.E-02);
#1807 = AXIS2_PLACEMENT_3D('',#1808,#1809,#1810);
#1808 = CARTESIAN_POINT('',(1.,-0.585,4.E-02));
#1809 = DIRECTION('',(1.,0.,-0.));
#1810 = DIRECTION('',(0.,0.,1.));
#1811 = ORIENTED_EDGE('',*,*,#1775,.F.);
#1812 = CYLINDRICAL_SURFACE('',#1813,4.E-02);
#1813 = AXIS2_PLACEMENT_3D('',#1814,#1815,#1816);
#1814 = CARTESIAN_POINT('',(0.6,-0.585,4.E-02));
#1815 = DIRECTION('',(1.,0.,0.));
#1816 = DIRECTION('',(0.,-1.,0.));
#1817 = ADVANCED_FACE('',(#1818),#1837,.T.);
#1818 = FACE_BOUND('',#1819,.T.);
#1819 = EDGE_LOOP('',(#1820,#1821,#1830,#1836));
#1820 = ORIENTED_EDGE('',*,*,#1782,.T.);
#1821 = ORIENTED_EDGE('',*,*,#1822,.T.);
#1822 = EDGE_CURVE('',#1768,#1823,#1825,.T.);
#1823 = VERTEX_POINT('',#1824);
#1824 = CARTESIAN_POINT('',(1.,-0.585,1.25));
#1825 = CIRCLE('',#1826,4.E-02);
#1826 = AXIS2_PLACEMENT_3D('',#1827,#1828,#1829);
#1827 = CARTESIAN_POINT('',(1.,-0.585,1.21));
#1828 = DIRECTION('',(-1.,0.,0.));
#1829 = DIRECTION('',(0.,0.,1.));
#1830 = ORIENTED_EDGE('',*,*,#1831,.F.);
#1831 = EDGE_CURVE('',#1733,#1823,#1832,.T.);
#1832 = LINE('',#1833,#1834);
#1833 = CARTESIAN_POINT('',(0.6,-0.585,1.25));
#1834 = VECTOR('',#1835,1.);
#1835 = DIRECTION('',(1.,0.,0.));
#1836 = ORIENTED_EDGE('',*,*,#1740,.F.);
#1837 = CYLINDRICAL_SURFACE('',#1838,4.E-02);
#1838 = AXIS2_PLACEMENT_3D('',#1839,#1840,#1841);
#1839 = CARTESIAN_POINT('',(0.6,-0.585,1.21));
#1840 = DIRECTION('',(1.,0.,0.));
#1841 = DIRECTION('',(0.,-1.,0.));
#1842 = ADVANCED_FACE('',(#1843),#1861,.F.);
#1843 = FACE_BOUND('',#1844,.F.);
#1844 = EDGE_LOOP('',(#1845,#1846,#1847,#1855));
#1845 = ORIENTED_EDGE('',*,*,#1698,.F.);
#1846 = ORIENTED_EDGE('',*,*,#1797,.T.);
#1847 = ORIENTED_EDGE('',*,*,#1848,.T.);
#1848 = EDGE_CURVE('',#1798,#1849,#1851,.T.);
#1849 = VERTEX_POINT('',#1850);
#1850 = CARTESIAN_POINT('',(1.,0.585,0.));
#1851 = LINE('',#1852,#1853);
#1852 = CARTESIAN_POINT('',(1.,-0.625,0.));
#1853 = VECTOR('',#1854,1.);
#1854 = DIRECTION('',(0.,1.,0.));
#1855 = ORIENTED_EDGE('',*,*,#1856,.F.);
#1856 = EDGE_CURVE('',#1699,#1849,#1857,.T.);
#1857 = LINE('',#1858,#1859);
#1858 = CARTESIAN_POINT('',(0.6,0.585,0.));
#1859 = VECTOR('',#1860,1.);
#1860 = DIRECTION('',(1.,0.,0.));
#1861 = PLANE('',#1862);
#1862 = AXIS2_PLACEMENT_3D('',#1863,#1864,#1865);
#1863 = CARTESIAN_POINT('',(0.6,-0.625,0.));
#1864 = DIRECTION('',(0.,0.,1.));
#1865 = DIRECTION('',(1.,0.,-0.));
#1866 = ADVANCED_FACE('',(#1867),#1885,.T.);
#1867 = FACE_BOUND('',#1868,.T.);
#1868 = EDGE_LOOP('',(#1869,#1870,#1871,#1879));
#1869 = ORIENTED_EDGE('',*,*,#1732,.F.);
#1870 = ORIENTED_EDGE('',*,*,#1831,.T.);
#1871 = ORIENTED_EDGE('',*,*,#1872,.T.);
#1872 = EDGE_CURVE('',#1823,#1873,#1875,.T.);
#1873 = VERTEX_POINT('',#1874);
#1874 = CARTESIAN_POINT('',(1.,0.585,1.25));
#1875 = LINE('',#1876,#1877);
#1876 = CARTESIAN_POINT('',(1.,-0.625,1.25));
#1877 = VECTOR('',#1878,1.);
#1878 = DIRECTION('',(0.,1.,0.));
#1879 = ORIENTED_EDGE('',*,*,#1880,.F.);
#1880 = EDGE_CURVE('',#1724,#1873,#1881,.T.);
#1881 = LINE('',#1882,#1883);
#1882 = CARTESIAN_POINT('',(0.6,0.585,1.25));
#1883 = VECTOR('',#1884,1.);
#1884 = DIRECTION('',(1.,0.,0.));
#1885 = PLANE('',#1886);
#1886 = AXIS2_PLACEMENT_3D('',#1887,#1888,#1889);
#1887 = CARTESIAN_POINT('',(0.6,-0.625,1.25));
#1888 = DIRECTION('',(0.,0.,1.));
#1889 = DIRECTION('',(1.,0.,-0.));
#1890 = ADVANCED_FACE('',(#1891),#1910,.T.);
#1891 = FACE_BOUND('',#1892,.T.);
#1892 = EDGE_LOOP('',(#1893,#1901,#1908,#1909));
#1893 = ORIENTED_EDGE('',*,*,#1894,.T.);
#1894 = EDGE_CURVE('',#1707,#1895,#1897,.T.);
#1895 = VERTEX_POINT('',#1896);
#1896 = CARTESIAN_POINT('',(1.,0.625,4.E-02));
#1897 = LINE('',#1898,#1899);
#1898 = CARTESIAN_POINT('',(0.6,0.625,4.E-02));
#1899 = VECTOR('',#1900,1.);
#1900 = DIRECTION('',(1.,0.,0.));
#1901 = ORIENTED_EDGE('',*,*,#1902,.T.);
#1902 = EDGE_CURVE('',#1895,#1849,#1903,.T.);
#1903 = CIRCLE('',#1904,4.E-02);
#1904 = AXIS2_PLACEMENT_3D('',#1905,#1906,#1907);
#1905 = CARTESIAN_POINT('',(1.,0.585,4.E-02));
#1906 = DIRECTION('',(-1.,0.,0.));
#1907 = DIRECTION('',(0.,0.,1.));
#1908 = ORIENTED_EDGE('',*,*,#1856,.F.);
#1909 = ORIENTED_EDGE('',*,*,#1706,.F.);
#1910 = CYLINDRICAL_SURFACE('',#1911,4.E-02);
#1911 = AXIS2_PLACEMENT_3D('',#1912,#1913,#1914);
#1912 = CARTESIAN_POINT('',(0.6,0.585,4.E-02));
#1913 = DIRECTION('',(1.,0.,0.));
#1914 = DIRECTION('',(-0.,1.,0.));
#1915 = ADVANCED_FACE('',(#1916),#1935,.T.);
#1916 = FACE_BOUND('',#1917,.T.);
#1917 = EDGE_LOOP('',(#1918,#1919,#1920,#1929));
#1918 = ORIENTED_EDGE('',*,*,#1723,.T.);
#1919 = ORIENTED_EDGE('',*,*,#1880,.T.);
#1920 = ORIENTED_EDGE('',*,*,#1921,.F.);
#1921 = EDGE_CURVE('',#1922,#1873,#1924,.T.);
#1922 = VERTEX_POINT('',#1923);
#1923 = CARTESIAN_POINT('',(1.,0.625,1.21));
#1924 = CIRCLE('',#1925,4.E-02);
#1925 = AXIS2_PLACEMENT_3D('',#1926,#1927,#1928);
#1926 = CARTESIAN_POINT('',(1.,0.585,1.21));
#1927 = DIRECTION('',(1.,0.,-0.));
#1928 = DIRECTION('',(0.,0.,1.));
#1929 = ORIENTED_EDGE('',*,*,#1930,.F.);
#1930 = EDGE_CURVE('',#1716,#1922,#1931,.T.);
#1931 = LINE('',#1932,#1933);
#1932 = CARTESIAN_POINT('',(0.6,0.625,1.21));
#1933 = VECTOR('',#1934,1.);
#1934 = DIRECTION('',(1.,0.,0.));
#1935 = CYLINDRICAL_SURFACE('',#1936,4.E-02);
#1936 = AXIS2_PLACEMENT_3D('',#1937,#1938,#1939);
#1937 = CARTESIAN_POINT('',(0.6,0.585,1.21));
#1938 = DIRECTION('',(1.,0.,0.));
#1939 = DIRECTION('',(-0.,1.,0.));
#1940 = ADVANCED_FACE('',(#1941),#1952,.T.);
#1941 = FACE_BOUND('',#1942,.T.);
#1942 = EDGE_LOOP('',(#1943,#1949,#1950,#1951));
#1943 = ORIENTED_EDGE('',*,*,#1944,.F.);
#1944 = EDGE_CURVE('',#1895,#1922,#1945,.T.);
#1945 = LINE('',#1946,#1947);
#1946 = CARTESIAN_POINT('',(1.,0.625,0.));
#1947 = VECTOR('',#1948,1.);
#1948 = DIRECTION('',(0.,0.,1.));
#1949 = ORIENTED_EDGE('',*,*,#1894,.F.);
#1950 = ORIENTED_EDGE('',*,*,#1715,.T.);
#1951 = ORIENTED_EDGE('',*,*,#1930,.T.);
#1952 = PLANE('',#1953);
#1953 = AXIS2_PLACEMENT_3D('',#1954,#1955,#1956);
#1954 = CARTESIAN_POINT('',(0.6,0.625,0.));
#1955 = DIRECTION('',(0.,1.,0.));
#1956 = DIRECTION('',(0.,-0.,1.));
#1957 = ADVANCED_FACE('',(#1958),#1968,.T.);
#1958 = FACE_BOUND('',#1959,.T.);
#1959 = EDGE_LOOP('',(#1960,#1961,#1962,#1963,#1964,#1965,#1966,#1967));
#1960 = ORIENTED_EDGE('',*,*,#1765,.F.);
#1961 = ORIENTED_EDGE('',*,*,#1805,.T.);
#1962 = ORIENTED_EDGE('',*,*,#1848,.T.);
#1963 = ORIENTED_EDGE('',*,*,#1902,.F.);
#1964 = ORIENTED_EDGE('',*,*,#1944,.T.);
#1965 = ORIENTED_EDGE('',*,*,#1921,.T.);
#1966 = ORIENTED_EDGE('',*,*,#1872,.F.);
#1967 = ORIENTED_EDGE('',*,*,#1822,.F.);
#1968 = PLANE('',#1969);
#1969 = AXIS2_PLACEMENT_3D('',#1970,#1971,#1972);
#1970 = CARTESIAN_POINT('',(1.,-0.625,0.));
#1971 = DIRECTION('',(1.,0.,0.));
#1972 = DIRECTION('',(0.,0.,1.));
#1973 = ( GEOMETRIC_REPRESENTATION_CONTEXT(3) 
GLOBAL_UNCERTAINTY_ASSIGNED_CONTEXT((#1977)) 
GLOBAL_UNIT_ASSIGNED_CONTEXT((#1974,#1975,#1976)) REPRESENTATION_CONTEXT
('Context #1','3D Context with UNIT and UNCERTAINTY') );
#1974 = ( LENGTH_UNIT() NAMED_UNIT(*) SI_UNIT(.MILLI.,.METRE.) );
#1975 = ( NAMED_UNIT(*) PLANE_ANGLE_UNIT() SI_UNIT($,.RADIAN.) );
#1976 = ( NAMED_UNIT(*) SI_UNIT($,.STERADIAN.) SOLID_ANGLE_UNIT() );
#1977 = UNCERTAINTY_MEASURE_WITH_UNIT(LENGTH_MEASURE(1.E-07),#1974,
  'distance_accuracy_value','confusion accuracy');
#1978 = CONTEXT_DEPENDENT_SHAPE_REPRESENTATION(#1979,#1981);
#1979 = ( REPRESENTATION_RELATIONSHIP('','',#1118,#10) 
REPRESENTATION_RELATIONSHIP_WITH_TRANSFORMATION(#1980) 
SHAPE_REPRESENTATION_RELATIONSHIP() );
#1980 = ITEM_DEFINED_TRANSFORMATION('','',#11,#23);
#1981 = PRODUCT_DEFINITION_SHAPE('Placement','Placement of an item',
  #1982);
#1982 = NEXT_ASSEMBLY_USAGE_OCCURRENCE('3','L12','',#5,#1113,$);
#1983 = PRODUCT_RELATED_PRODUCT_CATEGORY('part',$,(#1115));
#1984 = SHAPE_DEFINITION_REPRESENTATION(#1985,#1991);
#1985 = PRODUCT_DEFINITION_SHAPE('','',#1986);
#1986 = PRODUCT_DEFINITION('design','',#1987,#1990);
#1987 = PRODUCT_DEFINITION_FORMATION('','',#1988);
#1988 = PRODUCT('R_0603_1608Metric','R_0603_1608Metric','',(#1989));
#1989 = PRODUCT_CONTEXT('',#2,'mechanical');
#1990 = PRODUCT_DEFINITION_CONTEXT('part definition',#2,'design');
#1991 = ADVANCED_BREP_SHAPE_REPRESENTATION('',(#11,#1992),#2782);
#1992 = MANIFOLD_SOLID_BREP('',#1993);
#1993 = CLOSED_SHELL('',(#1994,#2034,#2117,#2142,#2167,#2234,#2251,#2268
    ,#2317,#2334,#2351,#2400,#2417,#2486,#2517,#2541,#2610,#2634,#2651,
    #2668,#2685,#2702,#2719,#2736,#2753,#2770));
#1994 = ADVANCED_FACE('',(#1995),#2029,.F.);
#1995 = FACE_BOUND('',#1996,.F.);
#1996 = EDGE_LOOP('',(#1997,#2007,#2015,#2023));
#1997 = ORIENTED_EDGE('',*,*,#1998,.F.);
#1998 = EDGE_CURVE('',#1999,#2001,#2003,.T.);
#1999 = VERTEX_POINT('',#2000);
#2000 = CARTESIAN_POINT('',(-0.8,-0.4,4.5E-02));
#2001 = VERTEX_POINT('',#2002);
#2002 = CARTESIAN_POINT('',(-0.8,-0.4,0.405));
#2003 = LINE('',#2004,#2005);
#2004 = CARTESIAN_POINT('',(-0.8,-0.4,0.));
#2005 = VECTOR('',#2006,1.);
#2006 = DIRECTION('',(0.,0.,1.));
#2007 = ORIENTED_EDGE('',*,*,#2008,.T.);
#2008 = EDGE_CURVE('',#1999,#2009,#2011,.T.);
#2009 = VERTEX_POINT('',#2010);
#2010 = CARTESIAN_POINT('',(-0.8,0.4,4.5E-02));
#2011 = LINE('',#2012,#2013);
#2012 = CARTESIAN_POINT('',(-0.8,-0.4,4.5E-02));
#2013 = VECTOR('',#2014,1.);
#2014 = DIRECTION('',(0.,1.,0.));
#2015 = ORIENTED_EDGE('',*,*,#2016,.T.);
#2016 = EDGE_CURVE('',#2009,#2017,#2019,.T.);
#2017 = VERTEX_POINT('',#2018);
#2018 = CARTESIAN_POINT('',(-0.8,0.4,0.405));
#2019 = LINE('',#2020,#2021);
#2020 = CARTESIAN_POINT('',(-0.8,0.4,0.));
#2021 = VECTOR('',#2022,1.);
#2022 = DIRECTION('',(0.,0.,1.));
#2023 = ORIENTED_EDGE('',*,*,#2024,.F.);
#2024 = EDGE_CURVE('',#2001,#2017,#2025,.T.);
#2025 = LINE('',#2026,#2027);
#2026 = CARTESIAN_POINT('',(-0.8,-0.4,0.405));
#2027 = VECTOR('',#2028,1.);
#2028 = DIRECTION('',(0.,1.,0.));
#2029 = PLANE('',#2030);
#2030 = AXIS2_PLACEMENT_3D('',#2031,#2032,#2033);
#2031 = CARTESIAN_POINT('',(-0.8,-0.4,0.));
#2032 = DIRECTION('',(1.,0.,0.));
#2033 = DIRECTION('',(0.,0.,1.));
#2034 = ADVANCED_FACE('',(#2035),#2112,.F.);
#2035 = FACE_BOUND('',#2036,.F.);
#2036 = EDGE_LOOP('',(#2037,#2047,#2054,#2055,#2064,#2072,#2081,#2089,
    #2097,#2105));
#2037 = ORIENTED_EDGE('',*,*,#2038,.F.);
#2038 = EDGE_CURVE('',#2039,#2041,#2043,.T.);
#2039 = VERTEX_POINT('',#2040);
#2040 = CARTESIAN_POINT('',(-0.755,-0.4,-2.775557561563E-17));
#2041 = VERTEX_POINT('',#2042);
#2042 = CARTESIAN_POINT('',(-0.545,-0.4,-2.775557561563E-17));
#2043 = LINE('',#2044,#2045);
#2044 = CARTESIAN_POINT('',(-0.8,-0.4,0.));
#2045 = VECTOR('',#2046,1.);
#2046 = DIRECTION('',(1.,0.,0.));
#2047 = ORIENTED_EDGE('',*,*,#2048,.F.);
#2048 = EDGE_CURVE('',#1999,#2039,#2049,.T.);
#2049 = CIRCLE('',#2050,4.5E-02);
#2050 = AXIS2_PLACEMENT_3D('',#2051,#2052,#2053);
#2051 = CARTESIAN_POINT('',(-0.755,-0.4,4.5E-02));
#2052 = DIRECTION('',(0.,-1.,0.));
#2053 = DIRECTION('',(0.,0.,1.));
#2054 = ORIENTED_EDGE('',*,*,#1998,.T.);
#2055 = ORIENTED_EDGE('',*,*,#2056,.T.);
#2056 = EDGE_CURVE('',#2001,#2057,#2059,.T.);
#2057 = VERTEX_POINT('',#2058);
#2058 = CARTESIAN_POINT('',(-0.755,-0.4,0.45));
#2059 = CIRCLE('',#2060,4.5E-02);
#2060 = AXIS2_PLACEMENT_3D('',#2061,#2062,#2063);
#2061 = CARTESIAN_POINT('',(-0.755,-0.4,0.405));
#2062 = DIRECTION('',(0.,1.,0.));
#2063 = DIRECTION('',(0.,-0.,1.));
#2064 = ORIENTED_EDGE('',*,*,#2065,.T.);
#2065 = EDGE_CURVE('',#2057,#2066,#2068,.T.);
#2066 = VERTEX_POINT('',#2067);
#2067 = CARTESIAN_POINT('',(-0.545,-0.4,0.45));
#2068 = LINE('',#2069,#2070);
#2069 = CARTESIAN_POINT('',(-0.8,-0.4,0.45));
#2070 = VECTOR('',#2071,1.);
#2071 = DIRECTION('',(1.,0.,0.));
#2072 = ORIENTED_EDGE('',*,*,#2073,.F.);
#2073 = EDGE_CURVE('',#2074,#2066,#2076,.T.);
#2074 = VERTEX_POINT('',#2075);
#2075 = CARTESIAN_POINT('',(-0.5,-0.4,0.405));
#2076 = CIRCLE('',#2077,4.5E-02);
#2077 = AXIS2_PLACEMENT_3D('',#2078,#2079,#2080);
#2078 = CARTESIAN_POINT('',(-0.545,-0.4,0.405));
#2079 = DIRECTION('',(0.,-1.,0.));
#2080 = DIRECTION('',(0.,0.,1.));
#2081 = ORIENTED_EDGE('',*,*,#2082,.F.);
#2082 = EDGE_CURVE('',#2083,#2074,#2085,.T.);
#2083 = VERTEX_POINT('',#2084);
#2084 = CARTESIAN_POINT('',(-0.755,-0.4,0.405));
#2085 = LINE('',#2086,#2087);
#2086 = CARTESIAN_POINT('',(-0.755,-0.4,0.405));
#2087 = VECTOR('',#2088,1.);
#2088 = DIRECTION('',(1.,0.,0.));
#2089 = ORIENTED_EDGE('',*,*,#2090,.F.);
#2090 = EDGE_CURVE('',#2091,#2083,#2093,.T.);
#2091 = VERTEX_POINT('',#2092);
#2092 = CARTESIAN_POINT('',(-0.755,-0.4,4.5E-02));
#2093 = LINE('',#2094,#2095);
#2094 = CARTESIAN_POINT('',(-0.755,-0.4,4.5E-02));
#2095 = VECTOR('',#2096,1.);
#2096 = DIRECTION('',(0.,0.,1.));
#2097 = ORIENTED_EDGE('',*,*,#2098,.T.);
#2098 = EDGE_CURVE('',#2091,#2099,#2101,.T.);
#2099 = VERTEX_POINT('',#2100);
#2100 = CARTESIAN_POINT('',(-0.5,-0.4,4.5E-02));
#2101 = LINE('',#2102,#2103);
#2102 = CARTESIAN_POINT('',(-0.755,-0.4,4.5E-02));
#2103 = VECTOR('',#2104,1.);
#2104 = DIRECTION('',(1.,0.,0.));
#2105 = ORIENTED_EDGE('',*,*,#2106,.T.);
#2106 = EDGE_CURVE('',#2099,#2041,#2107,.T.);
#2107 = CIRCLE('',#2108,4.5E-02);
#2108 = AXIS2_PLACEMENT_3D('',#2109,#2110,#2111);
#2109 = CARTESIAN_POINT('',(-0.545,-0.4,4.5E-02));
#2110 = DIRECTION('',(0.,1.,0.));
#2111 = DIRECTION('',(0.,-0.,1.));
#2112 = PLANE('',#2113);
#2113 = AXIS2_PLACEMENT_3D('',#2114,#2115,#2116);
#2114 = CARTESIAN_POINT('',(-0.8,-0.4,0.));
#2115 = DIRECTION('',(0.,1.,0.));
#2116 = DIRECTION('',(0.,-0.,1.));
#2117 = ADVANCED_FACE('',(#2118),#2137,.T.);
#2118 = FACE_BOUND('',#2119,.T.);
#2119 = EDGE_LOOP('',(#2120,#2121,#2130,#2136));
#2120 = ORIENTED_EDGE('',*,*,#2008,.T.);
#2121 = ORIENTED_EDGE('',*,*,#2122,.T.);
#2122 = EDGE_CURVE('',#2009,#2123,#2125,.T.);
#2123 = VERTEX_POINT('',#2124);
#2124 = CARTESIAN_POINT('',(-0.755,0.4,-2.775557561563E-17));
#2125 = CIRCLE('',#2126,4.5E-02);
#2126 = AXIS2_PLACEMENT_3D('',#2127,#2128,#2129);
#2127 = CARTESIAN_POINT('',(-0.755,0.4,4.5E-02));
#2128 = DIRECTION('',(0.,-1.,0.));
#2129 = DIRECTION('',(0.,0.,1.));
#2130 = ORIENTED_EDGE('',*,*,#2131,.F.);
#2131 = EDGE_CURVE('',#2039,#2123,#2132,.T.);
#2132 = LINE('',#2133,#2134);
#2133 = CARTESIAN_POINT('',(-0.755,-0.4,-2.775557561563E-17));
#2134 = VECTOR('',#2135,1.);
#2135 = DIRECTION('',(0.,1.,0.));
#2136 = ORIENTED_EDGE('',*,*,#2048,.F.);
#2137 = CYLINDRICAL_SURFACE('',#2138,4.5E-02);
#2138 = AXIS2_PLACEMENT_3D('',#2139,#2140,#2141);
#2139 = CARTESIAN_POINT('',(-0.755,-0.4,4.5E-02));
#2140 = DIRECTION('',(0.,1.,0.));
#2141 = DIRECTION('',(-1.,0.,0.));
#2142 = ADVANCED_FACE('',(#2143),#2162,.T.);
#2143 = FACE_BOUND('',#2144,.T.);
#2144 = EDGE_LOOP('',(#2145,#2146,#2154,#2161));
#2145 = ORIENTED_EDGE('',*,*,#2056,.T.);
#2146 = ORIENTED_EDGE('',*,*,#2147,.T.);
#2147 = EDGE_CURVE('',#2057,#2148,#2150,.T.);
#2148 = VERTEX_POINT('',#2149);
#2149 = CARTESIAN_POINT('',(-0.755,0.4,0.45));
#2150 = LINE('',#2151,#2152);
#2151 = CARTESIAN_POINT('',(-0.755,-0.4,0.45));
#2152 = VECTOR('',#2153,1.);
#2153 = DIRECTION('',(0.,1.,0.));
#2154 = ORIENTED_EDGE('',*,*,#2155,.F.);
#2155 = EDGE_CURVE('',#2017,#2148,#2156,.T.);
#2156 = CIRCLE('',#2157,4.5E-02);
#2157 = AXIS2_PLACEMENT_3D('',#2158,#2159,#2160);
#2158 = CARTESIAN_POINT('',(-0.755,0.4,0.405));
#2159 = DIRECTION('',(0.,1.,0.));
#2160 = DIRECTION('',(0.,-0.,1.));
#2161 = ORIENTED_EDGE('',*,*,#2024,.F.);
#2162 = CYLINDRICAL_SURFACE('',#2163,4.5E-02);
#2163 = AXIS2_PLACEMENT_3D('',#2164,#2165,#2166);
#2164 = CARTESIAN_POINT('',(-0.755,-0.4,0.405));
#2165 = DIRECTION('',(0.,1.,0.));
#2166 = DIRECTION('',(-1.,0.,0.));
#2167 = ADVANCED_FACE('',(#2168),#2229,.T.);
#2168 = FACE_BOUND('',#2169,.T.);
#2169 = EDGE_LOOP('',(#2170,#2178,#2179,#2180,#2181,#2189,#2198,#2206,
    #2214,#2222));
#2170 = ORIENTED_EDGE('',*,*,#2171,.F.);
#2171 = EDGE_CURVE('',#2123,#2172,#2174,.T.);
#2172 = VERTEX_POINT('',#2173);
#2173 = CARTESIAN_POINT('',(-0.545,0.4,-2.775557561563E-17));
#2174 = LINE('',#2175,#2176);
#2175 = CARTESIAN_POINT('',(-0.8,0.4,0.));
#2176 = VECTOR('',#2177,1.);
#2177 = DIRECTION('',(1.,0.,0.));
#2178 = ORIENTED_EDGE('',*,*,#2122,.F.);
#2179 = ORIENTED_EDGE('',*,*,#2016,.T.);
#2180 = ORIENTED_EDGE('',*,*,#2155,.T.);
#2181 = ORIENTED_EDGE('',*,*,#2182,.T.);
#2182 = EDGE_CURVE('',#2148,#2183,#2185,.T.);
#2183 = VERTEX_POINT('',#2184);
#2184 = CARTESIAN_POINT('',(-0.545,0.4,0.45));
#2185 = LINE('',#2186,#2187);
#2186 = CARTESIAN_POINT('',(-0.8,0.4,0.45));
#2187 = VECTOR('',#2188,1.);
#2188 = DIRECTION('',(1.,0.,0.));
#2189 = ORIENTED_EDGE('',*,*,#2190,.F.);
#2190 = EDGE_CURVE('',#2191,#2183,#2193,.T.);
#2191 = VERTEX_POINT('',#2192);
#2192 = CARTESIAN_POINT('',(-0.5,0.4,0.405));
#2193 = CIRCLE('',#2194,4.5E-02);
#2194 = AXIS2_PLACEMENT_3D('',#2195,#2196,#2197);
#2195 = CARTESIAN_POINT('',(-0.545,0.4,0.405));
#2196 = DIRECTION('',(0.,-1.,0.));
#2197 = DIRECTION('',(0.,0.,1.));
#2198 = ORIENTED_EDGE('',*,*,#2199,.F.);
#2199 = EDGE_CURVE('',#2200,#2191,#2202,.T.);
#2200 = VERTEX_POINT('',#2201);
#2201 = CARTESIAN_POINT('',(-0.755,0.4,0.405));
#2202 = LINE('',#2203,#2204);
#2203 = CARTESIAN_POINT('',(-0.755,0.4,0.405));
#2204 = VECTOR('',#2205,1.);
#2205 = DIRECTION('',(1.,0.,0.));
#2206 = ORIENTED_EDGE('',*,*,#2207,.F.);
#2207 = EDGE_CURVE('',#2208,#2200,#2210,.T.);
#2208 = VERTEX_POINT('',#2209);
#2209 = CARTESIAN_POINT('',(-0.755,0.4,4.5E-02));
#2210 = LINE('',#2211,#2212);
#2211 = CARTESIAN_POINT('',(-0.755,0.4,4.5E-02));
#2212 = VECTOR('',#2213,1.);
#2213 = DIRECTION('',(0.,0.,1.));
#2214 = ORIENTED_EDGE('',*,*,#2215,.T.);
#2215 = EDGE_CURVE('',#2208,#2216,#2218,.T.);
#2216 = VERTEX_POINT('',#2217);
#2217 = CARTESIAN_POINT('',(-0.5,0.4,4.5E-02));
#2218 = LINE('',#2219,#2220);
#2219 = CARTESIAN_POINT('',(-0.755,0.4,4.5E-02));
#2220 = VECTOR('',#2221,1.);
#2221 = DIRECTION('',(1.,0.,0.));
#2222 = ORIENTED_EDGE('',*,*,#2223,.T.);
#2223 = EDGE_CURVE('',#2216,#2172,#2224,.T.);
#2224 = CIRCLE('',#2225,4.5E-02);
#2225 = AXIS2_PLACEMENT_3D('',#2226,#2227,#2228);
#2226 = CARTESIAN_POINT('',(-0.545,0.4,4.5E-02));
#2227 = DIRECTION('',(0.,1.,0.));
#2228 = DIRECTION('',(0.,-0.,1.));
#2229 = PLANE('',#2230);
#2230 = AXIS2_PLACEMENT_3D('',#2231,#2232,#2233);
#2231 = CARTESIAN_POINT('',(-0.8,0.4,0.));
#2232 = DIRECTION('',(0.,1.,0.));
#2233 = DIRECTION('',(0.,-0.,1.));
#2234 = ADVANCED_FACE('',(#2235),#2246,.F.);
#2235 = FACE_BOUND('',#2236,.F.);
#2236 = EDGE_LOOP('',(#2237,#2238,#2239,#2240));
#2237 = ORIENTED_EDGE('',*,*,#2171,.F.);
#2238 = ORIENTED_EDGE('',*,*,#2131,.F.);
#2239 = ORIENTED_EDGE('',*,*,#2038,.T.);
#2240 = ORIENTED_EDGE('',*,*,#2241,.T.);
#2241 = EDGE_CURVE('',#2041,#2172,#2242,.T.);
#2242 = LINE('',#2243,#2244);
#2243 = CARTESIAN_POINT('',(-0.545,-0.4,-2.775557561563E-17));
#2244 = VECTOR('',#2245,1.);
#2245 = DIRECTION('',(0.,1.,0.));
#2246 = PLANE('',#2247);
#2247 = AXIS2_PLACEMENT_3D('',#2248,#2249,#2250);
#2248 = CARTESIAN_POINT('',(-0.8,-0.4,0.));
#2249 = DIRECTION('',(0.,0.,1.));
#2250 = DIRECTION('',(1.,0.,-0.));
#2251 = ADVANCED_FACE('',(#2252),#2263,.T.);
#2252 = FACE_BOUND('',#2253,.T.);
#2253 = EDGE_LOOP('',(#2254,#2255,#2256,#2257));
#2254 = ORIENTED_EDGE('',*,*,#2106,.T.);
#2255 = ORIENTED_EDGE('',*,*,#2241,.T.);
#2256 = ORIENTED_EDGE('',*,*,#2223,.F.);
#2257 = ORIENTED_EDGE('',*,*,#2258,.F.);
#2258 = EDGE_CURVE('',#2099,#2216,#2259,.T.);
#2259 = LINE('',#2260,#2261);
#2260 = CARTESIAN_POINT('',(-0.5,-0.4,4.5E-02));
#2261 = VECTOR('',#2262,1.);
#2262 = DIRECTION('',(0.,1.,0.));
#2263 = CYLINDRICAL_SURFACE('',#2264,4.5E-02);
#2264 = AXIS2_PLACEMENT_3D('',#2265,#2266,#2267);
#2265 = CARTESIAN_POINT('',(-0.545,-0.4,4.5E-02));
#2266 = DIRECTION('',(0.,1.,0.));
#2267 = DIRECTION('',(1.,0.,0.));
#2268 = ADVANCED_FACE('',(#2269),#2312,.F.);
#2269 = FACE_BOUND('',#2270,.F.);
#2270 = EDGE_LOOP('',(#2271,#2272,#2273,#2274,#2282,#2290,#2298,#2306));
#2271 = ORIENTED_EDGE('',*,*,#2098,.F.);
#2272 = ORIENTED_EDGE('',*,*,#2090,.T.);
#2273 = ORIENTED_EDGE('',*,*,#2082,.T.);
#2274 = ORIENTED_EDGE('',*,*,#2275,.T.);
#2275 = EDGE_CURVE('',#2074,#2276,#2278,.T.);
#2276 = VERTEX_POINT('',#2277);
#2277 = CARTESIAN_POINT('',(0.5,-0.4,0.405));
#2278 = LINE('',#2279,#2280);
#2279 = CARTESIAN_POINT('',(-0.5,-0.4,0.405));
#2280 = VECTOR('',#2281,1.);
#2281 = DIRECTION('',(1.,0.,0.));
#2282 = ORIENTED_EDGE('',*,*,#2283,.T.);
#2283 = EDGE_CURVE('',#2276,#2284,#2286,.T.);
#2284 = VERTEX_POINT('',#2285);
#2285 = CARTESIAN_POINT('',(0.755,-0.4,0.405));
#2286 = LINE('',#2287,#2288);
#2287 = CARTESIAN_POINT('',(-0.755,-0.4,0.405));
#2288 = VECTOR('',#2289,1.);
#2289 = DIRECTION('',(1.,0.,0.));
#2290 = ORIENTED_EDGE('',*,*,#2291,.F.);
#2291 = EDGE_CURVE('',#2292,#2284,#2294,.T.);
#2292 = VERTEX_POINT('',#2293);
#2293 = CARTESIAN_POINT('',(0.755,-0.4,4.5E-02));
#2294 = LINE('',#2295,#2296);
#2295 = CARTESIAN_POINT('',(0.755,-0.4,4.5E-02));
#2296 = VECTOR('',#2297,1.);
#2297 = DIRECTION('',(0.,0.,1.));
#2298 = ORIENTED_EDGE('',*,*,#2299,.F.);
#2299 = EDGE_CURVE('',#2300,#2292,#2302,.T.);
#2300 = VERTEX_POINT('',#2301);
#2301 = CARTESIAN_POINT('',(0.5,-0.4,4.5E-02));
#2302 = LINE('',#2303,#2304);
#2303 = CARTESIAN_POINT('',(-0.755,-0.4,4.5E-02));
#2304 = VECTOR('',#2305,1.);
#2305 = DIRECTION('',(1.,0.,0.));
#2306 = ORIENTED_EDGE('',*,*,#2307,.F.);
#2307 = EDGE_CURVE('',#2099,#2300,#2308,.T.);
#2308 = LINE('',#2309,#2310);
#2309 = CARTESIAN_POINT('',(-0.755,-0.4,4.5E-02));
#2310 = VECTOR('',#2311,1.);
#2311 = DIRECTION('',(1.,0.,0.));
#2312 = PLANE('',#2313);
#2313 = AXIS2_PLACEMENT_3D('',#2314,#2315,#2316);
#2314 = CARTESIAN_POINT('',(-0.755,-0.4,4.5E-02));
#2315 = DIRECTION('',(0.,1.,0.));
#2316 = DIRECTION('',(0.,-0.,1.));
#2317 = ADVANCED_FACE('',(#2318),#2329,.T.);
#2318 = FACE_BOUND('',#2319,.T.);
#2319 = EDGE_LOOP('',(#2320,#2321,#2322,#2323));
#2320 = ORIENTED_EDGE('',*,*,#2182,.F.);
#2321 = ORIENTED_EDGE('',*,*,#2147,.F.);
#2322 = ORIENTED_EDGE('',*,*,#2065,.T.);
#2323 = ORIENTED_EDGE('',*,*,#2324,.T.);
#2324 = EDGE_CURVE('',#2066,#2183,#2325,.T.);
#2325 = LINE('',#2326,#2327);
#2326 = CARTESIAN_POINT('',(-0.545,-0.4,0.45));
#2327 = VECTOR('',#2328,1.);
#2328 = DIRECTION('',(0.,1.,0.));
#2329 = PLANE('',#2330);
#2330 = AXIS2_PLACEMENT_3D('',#2331,#2332,#2333);
#2331 = CARTESIAN_POINT('',(-0.8,-0.4,0.45));
#2332 = DIRECTION('',(0.,0.,1.));
#2333 = DIRECTION('',(1.,0.,-0.));
#2334 = ADVANCED_FACE('',(#2335),#2346,.T.);
#2335 = FACE_BOUND('',#2336,.T.);
#2336 = EDGE_LOOP('',(#2337,#2343,#2344,#2345));
#2337 = ORIENTED_EDGE('',*,*,#2338,.T.);
#2338 = EDGE_CURVE('',#2074,#2191,#2339,.T.);
#2339 = LINE('',#2340,#2341);
#2340 = CARTESIAN_POINT('',(-0.5,-0.4,0.405));
#2341 = VECTOR('',#2342,1.);
#2342 = DIRECTION('',(0.,1.,0.));
#2343 = ORIENTED_EDGE('',*,*,#2190,.T.);
#2344 = ORIENTED_EDGE('',*,*,#2324,.F.);
#2345 = ORIENTED_EDGE('',*,*,#2073,.F.);
#2346 = CYLINDRICAL_SURFACE('',#2347,4.5E-02);
#2347 = AXIS2_PLACEMENT_3D('',#2348,#2349,#2350);
#2348 = CARTESIAN_POINT('',(-0.545,-0.4,0.405));
#2349 = DIRECTION('',(0.,1.,0.));
#2350 = DIRECTION('',(1.,0.,0.));
#2351 = ADVANCED_FACE('',(#2352),#2395,.T.);
#2352 = FACE_BOUND('',#2353,.T.);
#2353 = EDGE_LOOP('',(#2354,#2355,#2356,#2357,#2365,#2373,#2381,#2389));
#2354 = ORIENTED_EDGE('',*,*,#2215,.F.);
#2355 = ORIENTED_EDGE('',*,*,#2207,.T.);
#2356 = ORIENTED_EDGE('',*,*,#2199,.T.);
#2357 = ORIENTED_EDGE('',*,*,#2358,.T.);
#2358 = EDGE_CURVE('',#2191,#2359,#2361,.T.);
#2359 = VERTEX_POINT('',#2360);
#2360 = CARTESIAN_POINT('',(0.5,0.4,0.405));
#2361 = LINE('',#2362,#2363);
#2362 = CARTESIAN_POINT('',(-0.5,0.4,0.405));
#2363 = VECTOR('',#2364,1.);
#2364 = DIRECTION('',(1.,0.,0.));
#2365 = ORIENTED_EDGE('',*,*,#2366,.T.);
#2366 = EDGE_CURVE('',#2359,#2367,#2369,.T.);
#2367 = VERTEX_POINT('',#2368);
#2368 = CARTESIAN_POINT('',(0.755,0.4,0.405));
#2369 = LINE('',#2370,#2371);
#2370 = CARTESIAN_POINT('',(-0.755,0.4,0.405));
#2371 = VECTOR('',#2372,1.);
#2372 = DIRECTION('',(1.,0.,0.));
#2373 = ORIENTED_EDGE('',*,*,#2374,.F.);
#2374 = EDGE_CURVE('',#2375,#2367,#2377,.T.);
#2375 = VERTEX_POINT('',#2376);
#2376 = CARTESIAN_POINT('',(0.755,0.4,4.5E-02));
#2377 = LINE('',#2378,#2379);
#2378 = CARTESIAN_POINT('',(0.755,0.4,4.5E-02));
#2379 = VECTOR('',#2380,1.);
#2380 = DIRECTION('',(0.,0.,1.));
#2381 = ORIENTED_EDGE('',*,*,#2382,.F.);
#2382 = EDGE_CURVE('',#2383,#2375,#2385,.T.);
#2383 = VERTEX_POINT('',#2384);
#2384 = CARTESIAN_POINT('',(0.5,0.4,4.5E-02));
#2385 = LINE('',#2386,#2387);
#2386 = CARTESIAN_POINT('',(-0.755,0.4,4.5E-02));
#2387 = VECTOR('',#2388,1.);
#2388 = DIRECTION('',(1.,0.,0.));
#2389 = ORIENTED_EDGE('',*,*,#2390,.F.);
#2390 = EDGE_CURVE('',#2216,#2383,#2391,.T.);
#2391 = LINE('',#2392,#2393);
#2392 = CARTESIAN_POINT('',(-0.755,0.4,4.5E-02));
#2393 = VECTOR('',#2394,1.);
#2394 = DIRECTION('',(1.,0.,0.));
#2395 = PLANE('',#2396);
#2396 = AXIS2_PLACEMENT_3D('',#2397,#2398,#2399);
#2397 = CARTESIAN_POINT('',(-0.755,0.4,4.5E-02));
#2398 = DIRECTION('',(0.,1.,0.));
#2399 = DIRECTION('',(0.,-0.,1.));
#2400 = ADVANCED_FACE('',(#2401),#2412,.F.);
#2401 = FACE_BOUND('',#2402,.F.);
#2402 = EDGE_LOOP('',(#2403,#2404,#2405,#2411));
#2403 = ORIENTED_EDGE('',*,*,#2258,.F.);
#2404 = ORIENTED_EDGE('',*,*,#2307,.T.);
#2405 = ORIENTED_EDGE('',*,*,#2406,.T.);
#2406 = EDGE_CURVE('',#2300,#2383,#2407,.T.);
#2407 = LINE('',#2408,#2409);
#2408 = CARTESIAN_POINT('',(0.5,-0.4,4.5E-02));
#2409 = VECTOR('',#2410,1.);
#2410 = DIRECTION('',(0.,1.,0.));
#2411 = ORIENTED_EDGE('',*,*,#2390,.F.);
#2412 = PLANE('',#2413);
#2413 = AXIS2_PLACEMENT_3D('',#2414,#2415,#2416);
#2414 = CARTESIAN_POINT('',(-0.755,-0.4,4.5E-02));
#2415 = DIRECTION('',(0.,0.,1.));
#2416 = DIRECTION('',(1.,0.,-0.));
#2417 = ADVANCED_FACE('',(#2418),#2481,.F.);
#2418 = FACE_BOUND('',#2419,.F.);
#2419 = EDGE_LOOP('',(#2420,#2430,#2437,#2438,#2439,#2440,#2449,#2457,
    #2466,#2474));
#2420 = ORIENTED_EDGE('',*,*,#2421,.F.);
#2421 = EDGE_CURVE('',#2422,#2424,#2426,.T.);
#2422 = VERTEX_POINT('',#2423);
#2423 = CARTESIAN_POINT('',(0.545,-0.4,-2.775557561563E-17));
#2424 = VERTEX_POINT('',#2425);
#2425 = CARTESIAN_POINT('',(0.755,-0.4,-2.775557561563E-17));
#2426 = LINE('',#2427,#2428);
#2427 = CARTESIAN_POINT('',(0.5,-0.4,0.));
#2428 = VECTOR('',#2429,1.);
#2429 = DIRECTION('',(1.,0.,0.));
#2430 = ORIENTED_EDGE('',*,*,#2431,.F.);
#2431 = EDGE_CURVE('',#2300,#2422,#2432,.T.);
#2432 = CIRCLE('',#2433,4.5E-02);
#2433 = AXIS2_PLACEMENT_3D('',#2434,#2435,#2436);
#2434 = CARTESIAN_POINT('',(0.545,-0.4,4.5E-02));
#2435 = DIRECTION('',(0.,-1.,0.));
#2436 = DIRECTION('',(0.,0.,1.));
#2437 = ORIENTED_EDGE('',*,*,#2299,.T.);
#2438 = ORIENTED_EDGE('',*,*,#2291,.T.);
#2439 = ORIENTED_EDGE('',*,*,#2283,.F.);
#2440 = ORIENTED_EDGE('',*,*,#2441,.T.);
#2441 = EDGE_CURVE('',#2276,#2442,#2444,.T.);
#2442 = VERTEX_POINT('',#2443);
#2443 = CARTESIAN_POINT('',(0.545,-0.4,0.45));
#2444 = CIRCLE('',#2445,4.5E-02);
#2445 = AXIS2_PLACEMENT_3D('',#2446,#2447,#2448);
#2446 = CARTESIAN_POINT('',(0.545,-0.4,0.405));
#2447 = DIRECTION('',(0.,1.,0.));
#2448 = DIRECTION('',(0.,-0.,1.));
#2449 = ORIENTED_EDGE('',*,*,#2450,.T.);
#2450 = EDGE_CURVE('',#2442,#2451,#2453,.T.);
#2451 = VERTEX_POINT('',#2452);
#2452 = CARTESIAN_POINT('',(0.755,-0.4,0.45));
#2453 = LINE('',#2454,#2455);
#2454 = CARTESIAN_POINT('',(0.5,-0.4,0.45));
#2455 = VECTOR('',#2456,1.);
#2456 = DIRECTION('',(1.,0.,0.));
#2457 = ORIENTED_EDGE('',*,*,#2458,.F.);
#2458 = EDGE_CURVE('',#2459,#2451,#2461,.T.);
#2459 = VERTEX_POINT('',#2460);
#2460 = CARTESIAN_POINT('',(0.8,-0.4,0.405));
#2461 = CIRCLE('',#2462,4.5E-02);
#2462 = AXIS2_PLACEMENT_3D('',#2463,#2464,#2465);
#2463 = CARTESIAN_POINT('',(0.755,-0.4,0.405));
#2464 = DIRECTION('',(0.,-1.,0.));
#2465 = DIRECTION('',(0.,0.,1.));
#2466 = ORIENTED_EDGE('',*,*,#2467,.F.);
#2467 = EDGE_CURVE('',#2468,#2459,#2470,.T.);
#2468 = VERTEX_POINT('',#2469);
#2469 = CARTESIAN_POINT('',(0.8,-0.4,4.5E-02));
#2470 = LINE('',#2471,#2472);
#2471 = CARTESIAN_POINT('',(0.8,-0.4,0.));
#2472 = VECTOR('',#2473,1.);
#2473 = DIRECTION('',(0.,0.,1.));
#2474 = ORIENTED_EDGE('',*,*,#2475,.T.);
#2475 = EDGE_CURVE('',#2468,#2424,#2476,.T.);
#2476 = CIRCLE('',#2477,4.5E-02);
#2477 = AXIS2_PLACEMENT_3D('',#2478,#2479,#2480);
#2478 = CARTESIAN_POINT('',(0.755,-0.4,4.5E-02));
#2479 = DIRECTION('',(0.,1.,0.));
#2480 = DIRECTION('',(0.,-0.,1.));
#2481 = PLANE('',#2482);
#2482 = AXIS2_PLACEMENT_3D('',#2483,#2484,#2485);
#2483 = CARTESIAN_POINT('',(0.5,-0.4,0.));
#2484 = DIRECTION('',(0.,1.,0.));
#2485 = DIRECTION('',(0.,-0.,1.));
#2486 = ADVANCED_FACE('',(#2487),#2512,.F.);
#2487 = FACE_BOUND('',#2488,.F.);
#2488 = EDGE_LOOP('',(#2489,#2490,#2498,#2506));
#2489 = ORIENTED_EDGE('',*,*,#2275,.F.);
#2490 = ORIENTED_EDGE('',*,*,#2491,.T.);
#2491 = EDGE_CURVE('',#2074,#2492,#2494,.T.);
#2492 = VERTEX_POINT('',#2493);
#2493 = CARTESIAN_POINT('',(-0.5,-0.4,0.45));
#2494 = LINE('',#2495,#2496);
#2495 = CARTESIAN_POINT('',(-0.5,-0.4,0.405));
#2496 = VECTOR('',#2497,1.);
#2497 = DIRECTION('',(0.,0.,1.));
#2498 = ORIENTED_EDGE('',*,*,#2499,.T.);
#2499 = EDGE_CURVE('',#2492,#2500,#2502,.T.);
#2500 = VERTEX_POINT('',#2501);
#2501 = CARTESIAN_POINT('',(0.5,-0.4,0.45));
#2502 = LINE('',#2503,#2504);
#2503 = CARTESIAN_POINT('',(-0.5,-0.4,0.45));
#2504 = VECTOR('',#2505,1.);
#2505 = DIRECTION('',(1.,0.,0.));
#2506 = ORIENTED_EDGE('',*,*,#2507,.F.);
#2507 = EDGE_CURVE('',#2276,#2500,#2508,.T.);
#2508 = LINE('',#2509,#2510);
#2509 = CARTESIAN_POINT('',(0.5,-0.4,0.405));
#2510 = VECTOR('',#2511,1.);
#2511 = DIRECTION('',(0.,0.,1.));
#2512 = PLANE('',#2513);
#2513 = AXIS2_PLACEMENT_3D('',#2514,#2515,#2516);
#2514 = CARTESIAN_POINT('',(-0.5,-0.4,0.405));
#2515 = DIRECTION('',(0.,1.,0.));
#2516 = DIRECTION('',(0.,-0.,1.));
#2517 = ADVANCED_FACE('',(#2518),#2536,.F.);
#2518 = FACE_BOUND('',#2519,.F.);
#2519 = EDGE_LOOP('',(#2520,#2521,#2522,#2530));
#2520 = ORIENTED_EDGE('',*,*,#2491,.F.);
#2521 = ORIENTED_EDGE('',*,*,#2338,.T.);
#2522 = ORIENTED_EDGE('',*,*,#2523,.T.);
#2523 = EDGE_CURVE('',#2191,#2524,#2526,.T.);
#2524 = VERTEX_POINT('',#2525);
#2525 = CARTESIAN_POINT('',(-0.5,0.4,0.45));
#2526 = LINE('',#2527,#2528);
#2527 = CARTESIAN_POINT('',(-0.5,0.4,0.405));
#2528 = VECTOR('',#2529,1.);
#2529 = DIRECTION('',(0.,0.,1.));
#2530 = ORIENTED_EDGE('',*,*,#2531,.F.);
#2531 = EDGE_CURVE('',#2492,#2524,#2532,.T.);
#2532 = LINE('',#2533,#2534);
#2533 = CARTESIAN_POINT('',(-0.5,-0.4,0.45));
#2534 = VECTOR('',#2535,1.);
#2535 = DIRECTION('',(0.,1.,0.));
#2536 = PLANE('',#2537);
#2537 = AXIS2_PLACEMENT_3D('',#2538,#2539,#2540);
#2538 = CARTESIAN_POINT('',(-0.5,-0.4,0.405));
#2539 = DIRECTION('',(1.,0.,0.));
#2540 = DIRECTION('',(0.,0.,1.));
#2541 = ADVANCED_FACE('',(#2542),#2605,.T.);
#2542 = FACE_BOUND('',#2543,.T.);
#2543 = EDGE_LOOP('',(#2544,#2554,#2561,#2562,#2563,#2564,#2573,#2581,
    #2590,#2598));
#2544 = ORIENTED_EDGE('',*,*,#2545,.F.);
#2545 = EDGE_CURVE('',#2546,#2548,#2550,.T.);
#2546 = VERTEX_POINT('',#2547);
#2547 = CARTESIAN_POINT('',(0.545,0.4,-2.775557561563E-17));
#2548 = VERTEX_POINT('',#2549);
#2549 = CARTESIAN_POINT('',(0.755,0.4,-2.775557561563E-17));
#2550 = LINE('',#2551,#2552);
#2551 = CARTESIAN_POINT('',(0.5,0.4,0.));
#2552 = VECTOR('',#2553,1.);
#2553 = DIRECTION('',(1.,0.,0.));
#2554 = ORIENTED_EDGE('',*,*,#2555,.F.);
#2555 = EDGE_CURVE('',#2383,#2546,#2556,.T.);
#2556 = CIRCLE('',#2557,4.5E-02);
#2557 = AXIS2_PLACEMENT_3D('',#2558,#2559,#2560);
#2558 = CARTESIAN_POINT('',(0.545,0.4,4.5E-02));
#2559 = DIRECTION('',(0.,-1.,0.));
#2560 = DIRECTION('',(0.,0.,1.));
#2561 = ORIENTED_EDGE('',*,*,#2382,.T.);
#2562 = ORIENTED_EDGE('',*,*,#2374,.T.);
#2563 = ORIENTED_EDGE('',*,*,#2366,.F.);
#2564 = ORIENTED_EDGE('',*,*,#2565,.T.);
#2565 = EDGE_CURVE('',#2359,#2566,#2568,.T.);
#2566 = VERTEX_POINT('',#2567);
#2567 = CARTESIAN_POINT('',(0.545,0.4,0.45));
#2568 = CIRCLE('',#2569,4.5E-02);
#2569 = AXIS2_PLACEMENT_3D('',#2570,#2571,#2572);
#2570 = CARTESIAN_POINT('',(0.545,0.4,0.405));
#2571 = DIRECTION('',(0.,1.,0.));
#2572 = DIRECTION('',(0.,-0.,1.));
#2573 = ORIENTED_EDGE('',*,*,#2574,.T.);
#2574 = EDGE_CURVE('',#2566,#2575,#2577,.T.);
#2575 = VERTEX_POINT('',#2576);
#2576 = CARTESIAN_POINT('',(0.755,0.4,0.45));
#2577 = LINE('',#2578,#2579);
#2578 = CARTESIAN_POINT('',(0.5,0.4,0.45));
#2579 = VECTOR('',#2580,1.);
#2580 = DIRECTION('',(1.,0.,0.));
#2581 = ORIENTED_EDGE('',*,*,#2582,.F.);
#2582 = EDGE_CURVE('',#2583,#2575,#2585,.T.);
#2583 = VERTEX_POINT('',#2584);
#2584 = CARTESIAN_POINT('',(0.8,0.4,0.405));
#2585 = CIRCLE('',#2586,4.5E-02);
#2586 = AXIS2_PLACEMENT_3D('',#2587,#2588,#2589);
#2587 = CARTESIAN_POINT('',(0.755,0.4,0.405));
#2588 = DIRECTION('',(0.,-1.,0.));
#2589 = DIRECTION('',(0.,0.,1.));
#2590 = ORIENTED_EDGE('',*,*,#2591,.F.);
#2591 = EDGE_CURVE('',#2592,#2583,#2594,.T.);
#2592 = VERTEX_POINT('',#2593);
#2593 = CARTESIAN_POINT('',(0.8,0.4,4.5E-02));
#2594 = LINE('',#2595,#2596);
#2595 = CARTESIAN_POINT('',(0.8,0.4,0.));
#2596 = VECTOR('',#2597,1.);
#2597 = DIRECTION('',(0.,0.,1.));
#2598 = ORIENTED_EDGE('',*,*,#2599,.T.);
#2599 = EDGE_CURVE('',#2592,#2548,#2600,.T.);
#2600 = CIRCLE('',#2601,4.5E-02);
#2601 = AXIS2_PLACEMENT_3D('',#2602,#2603,#2604);
#2602 = CARTESIAN_POINT('',(0.755,0.4,4.5E-02));
#2603 = DIRECTION('',(0.,1.,0.));
#2604 = DIRECTION('',(0.,-0.,1.));
#2605 = PLANE('',#2606);
#2606 = AXIS2_PLACEMENT_3D('',#2607,#2608,#2609);
#2607 = CARTESIAN_POINT('',(0.5,0.4,0.));
#2608 = DIRECTION('',(0.,1.,0.));
#2609 = DIRECTION('',(0.,-0.,1.));
#2610 = ADVANCED_FACE('',(#2611),#2629,.T.);
#2611 = FACE_BOUND('',#2612,.T.);
#2612 = EDGE_LOOP('',(#2613,#2614,#2615,#2623));
#2613 = ORIENTED_EDGE('',*,*,#2358,.F.);
#2614 = ORIENTED_EDGE('',*,*,#2523,.T.);
#2615 = ORIENTED_EDGE('',*,*,#2616,.T.);
#2616 = EDGE_CURVE('',#2524,#2617,#2619,.T.);
#2617 = VERTEX_POINT('',#2618);
#2618 = CARTESIAN_POINT('',(0.5,0.4,0.45));
#2619 = LINE('',#2620,#2621);
#2620 = CARTESIAN_POINT('',(-0.5,0.4,0.45));
#2621 = VECTOR('',#2622,1.);
#2622 = DIRECTION('',(1.,0.,0.));
#2623 = ORIENTED_EDGE('',*,*,#2624,.F.);
#2624 = EDGE_CURVE('',#2359,#2617,#2625,.T.);
#2625 = LINE('',#2626,#2627);
#2626 = CARTESIAN_POINT('',(0.5,0.4,0.405));
#2627 = VECTOR('',#2628,1.);
#2628 = DIRECTION('',(0.,0.,1.));
#2629 = PLANE('',#2630);
#2630 = AXIS2_PLACEMENT_3D('',#2631,#2632,#2633);
#2631 = CARTESIAN_POINT('',(-0.5,0.4,0.405));
#2632 = DIRECTION('',(0.,1.,0.));
#2633 = DIRECTION('',(0.,-0.,1.));
#2634 = ADVANCED_FACE('',(#2635),#2646,.T.);
#2635 = FACE_BOUND('',#2636,.T.);
#2636 = EDGE_LOOP('',(#2637,#2638,#2639,#2645));
#2637 = ORIENTED_EDGE('',*,*,#2406,.T.);
#2638 = ORIENTED_EDGE('',*,*,#2555,.T.);
#2639 = ORIENTED_EDGE('',*,*,#2640,.F.);
#2640 = EDGE_CURVE('',#2422,#2546,#2641,.T.);
#2641 = LINE('',#2642,#2643);
#2642 = CARTESIAN_POINT('',(0.545,-0.4,-2.775557561563E-17));
#2643 = VECTOR('',#2644,1.);
#2644 = DIRECTION('',(0.,1.,0.));
#2645 = ORIENTED_EDGE('',*,*,#2431,.F.);
#2646 = CYLINDRICAL_SURFACE('',#2647,4.5E-02);
#2647 = AXIS2_PLACEMENT_3D('',#2648,#2649,#2650);
#2648 = CARTESIAN_POINT('',(0.545,-0.4,4.5E-02));
#2649 = DIRECTION('',(0.,1.,0.));
#2650 = DIRECTION('',(-1.,0.,0.));
#2651 = ADVANCED_FACE('',(#2652),#2663,.F.);
#2652 = FACE_BOUND('',#2653,.F.);
#2653 = EDGE_LOOP('',(#2654,#2655,#2656,#2657));
#2654 = ORIENTED_EDGE('',*,*,#2545,.F.);
#2655 = ORIENTED_EDGE('',*,*,#2640,.F.);
#2656 = ORIENTED_EDGE('',*,*,#2421,.T.);
#2657 = ORIENTED_EDGE('',*,*,#2658,.T.);
#2658 = EDGE_CURVE('',#2424,#2548,#2659,.T.);
#2659 = LINE('',#2660,#2661);
#2660 = CARTESIAN_POINT('',(0.755,-0.4,-2.775557561563E-17));
#2661 = VECTOR('',#2662,1.);
#2662 = DIRECTION('',(0.,1.,0.));
#2663 = PLANE('',#2664);
#2664 = AXIS2_PLACEMENT_3D('',#2665,#2666,#2667);
#2665 = CARTESIAN_POINT('',(0.5,-0.4,0.));
#2666 = DIRECTION('',(0.,0.,1.));
#2667 = DIRECTION('',(1.,0.,-0.));
#2668 = ADVANCED_FACE('',(#2669),#2680,.T.);
#2669 = FACE_BOUND('',#2670,.T.);
#2670 = EDGE_LOOP('',(#2671,#2672,#2673,#2674));
#2671 = ORIENTED_EDGE('',*,*,#2475,.T.);
#2672 = ORIENTED_EDGE('',*,*,#2658,.T.);
#2673 = ORIENTED_EDGE('',*,*,#2599,.F.);
#2674 = ORIENTED_EDGE('',*,*,#2675,.F.);
#2675 = EDGE_CURVE('',#2468,#2592,#2676,.T.);
#2676 = LINE('',#2677,#2678);
#2677 = CARTESIAN_POINT('',(0.8,-0.4,4.5E-02));
#2678 = VECTOR('',#2679,1.);
#2679 = DIRECTION('',(0.,1.,0.));
#2680 = CYLINDRICAL_SURFACE('',#2681,4.5E-02);
#2681 = AXIS2_PLACEMENT_3D('',#2682,#2683,#2684);
#2682 = CARTESIAN_POINT('',(0.755,-0.4,4.5E-02));
#2683 = DIRECTION('',(0.,1.,0.));
#2684 = DIRECTION('',(1.,0.,0.));
#2685 = ADVANCED_FACE('',(#2686),#2697,.T.);
#2686 = FACE_BOUND('',#2687,.T.);
#2687 = EDGE_LOOP('',(#2688,#2689,#2690,#2691));
#2688 = ORIENTED_EDGE('',*,*,#2467,.F.);
#2689 = ORIENTED_EDGE('',*,*,#2675,.T.);
#2690 = ORIENTED_EDGE('',*,*,#2591,.T.);
#2691 = ORIENTED_EDGE('',*,*,#2692,.F.);
#2692 = EDGE_CURVE('',#2459,#2583,#2693,.T.);
#2693 = LINE('',#2694,#2695);
#2694 = CARTESIAN_POINT('',(0.8,-0.4,0.405));
#2695 = VECTOR('',#2696,1.);
#2696 = DIRECTION('',(0.,1.,0.));
#2697 = PLANE('',#2698);
#2698 = AXIS2_PLACEMENT_3D('',#2699,#2700,#2701);
#2699 = CARTESIAN_POINT('',(0.8,-0.4,0.));
#2700 = DIRECTION('',(1.,0.,0.));
#2701 = DIRECTION('',(0.,0.,1.));
#2702 = ADVANCED_FACE('',(#2703),#2714,.T.);
#2703 = FACE_BOUND('',#2704,.T.);
#2704 = EDGE_LOOP('',(#2705,#2706,#2707,#2713));
#2705 = ORIENTED_EDGE('',*,*,#2692,.T.);
#2706 = ORIENTED_EDGE('',*,*,#2582,.T.);
#2707 = ORIENTED_EDGE('',*,*,#2708,.F.);
#2708 = EDGE_CURVE('',#2451,#2575,#2709,.T.);
#2709 = LINE('',#2710,#2711);
#2710 = CARTESIAN_POINT('',(0.755,-0.4,0.45));
#2711 = VECTOR('',#2712,1.);
#2712 = DIRECTION('',(0.,1.,0.));
#2713 = ORIENTED_EDGE('',*,*,#2458,.F.);
#2714 = CYLINDRICAL_SURFACE('',#2715,4.5E-02);
#2715 = AXIS2_PLACEMENT_3D('',#2716,#2717,#2718);
#2716 = CARTESIAN_POINT('',(0.755,-0.4,0.405));
#2717 = DIRECTION('',(0.,1.,0.));
#2718 = DIRECTION('',(1.,0.,0.));
#2719 = ADVANCED_FACE('',(#2720),#2731,.T.);
#2720 = FACE_BOUND('',#2721,.T.);
#2721 = EDGE_LOOP('',(#2722,#2723,#2729,#2730));
#2722 = ORIENTED_EDGE('',*,*,#2574,.F.);
#2723 = ORIENTED_EDGE('',*,*,#2724,.F.);
#2724 = EDGE_CURVE('',#2442,#2566,#2725,.T.);
#2725 = LINE('',#2726,#2727);
#2726 = CARTESIAN_POINT('',(0.545,-0.4,0.45));
#2727 = VECTOR('',#2728,1.);
#2728 = DIRECTION('',(0.,1.,0.));
#2729 = ORIENTED_EDGE('',*,*,#2450,.T.);
#2730 = ORIENTED_EDGE('',*,*,#2708,.T.);
#2731 = PLANE('',#2732);
#2732 = AXIS2_PLACEMENT_3D('',#2733,#2734,#2735);
#2733 = CARTESIAN_POINT('',(0.5,-0.4,0.45));
#2734 = DIRECTION('',(0.,0.,1.));
#2735 = DIRECTION('',(1.,0.,-0.));
#2736 = ADVANCED_FACE('',(#2737),#2748,.T.);
#2737 = FACE_BOUND('',#2738,.T.);
#2738 = EDGE_LOOP('',(#2739,#2740,#2741,#2742));
#2739 = ORIENTED_EDGE('',*,*,#2441,.T.);
#2740 = ORIENTED_EDGE('',*,*,#2724,.T.);
#2741 = ORIENTED_EDGE('',*,*,#2565,.F.);
#2742 = ORIENTED_EDGE('',*,*,#2743,.F.);
#2743 = EDGE_CURVE('',#2276,#2359,#2744,.T.);
#2744 = LINE('',#2745,#2746);
#2745 = CARTESIAN_POINT('',(0.5,-0.4,0.405));
#2746 = VECTOR('',#2747,1.);
#2747 = DIRECTION('',(0.,1.,0.));
#2748 = CYLINDRICAL_SURFACE('',#2749,4.5E-02);
#2749 = AXIS2_PLACEMENT_3D('',#2750,#2751,#2752);
#2750 = CARTESIAN_POINT('',(0.545,-0.4,0.405));
#2751 = DIRECTION('',(0.,1.,0.));
#2752 = DIRECTION('',(-1.,0.,0.));
#2753 = ADVANCED_FACE('',(#2754),#2765,.T.);
#2754 = FACE_BOUND('',#2755,.T.);
#2755 = EDGE_LOOP('',(#2756,#2757,#2758,#2759));
#2756 = ORIENTED_EDGE('',*,*,#2507,.F.);
#2757 = ORIENTED_EDGE('',*,*,#2743,.T.);
#2758 = ORIENTED_EDGE('',*,*,#2624,.T.);
#2759 = ORIENTED_EDGE('',*,*,#2760,.F.);
#2760 = EDGE_CURVE('',#2500,#2617,#2761,.T.);
#2761 = LINE('',#2762,#2763);
#2762 = CARTESIAN_POINT('',(0.5,-0.4,0.45));
#2763 = VECTOR('',#2764,1.);
#2764 = DIRECTION('',(0.,1.,0.));
#2765 = PLANE('',#2766);
#2766 = AXIS2_PLACEMENT_3D('',#2767,#2768,#2769);
#2767 = CARTESIAN_POINT('',(0.5,-0.4,0.405));
#2768 = DIRECTION('',(1.,0.,0.));
#2769 = DIRECTION('',(0.,0.,1.));
#2770 = ADVANCED_FACE('',(#2771),#2777,.T.);
#2771 = FACE_BOUND('',#2772,.T.);
#2772 = EDGE_LOOP('',(#2773,#2774,#2775,#2776));
#2773 = ORIENTED_EDGE('',*,*,#2531,.F.);
#2774 = ORIENTED_EDGE('',*,*,#2499,.T.);
#2775 = ORIENTED_EDGE('',*,*,#2760,.T.);
#2776 = ORIENTED_EDGE('',*,*,#2616,.F.);
#2777 = PLANE('',#2778);
#2778 = AXIS2_PLACEMENT_3D('',#2779,#2780,#2781);
#2779 = CARTESIAN_POINT('',(-0.5,-0.4,0.45));
#2780 = DIRECTION('',(0.,0.,1.));
#2781 = DIRECTION('',(1.,0.,-0.));
#2782 = ( GEOMETRIC_REPRESENTATION_CONTEXT(3) 
GLOBAL_UNCERTAINTY_ASSIGNED_CONTEXT((#2786)) 
GLOBAL_UNIT_ASSIGNED_CONTEXT((#2783,#2784,#2785)) REPRESENTATION_CONTEXT
('Context #1','3D Context with UNIT and UNCERTAINTY') );
#2783 = ( LENGTH_UNIT() NAMED_UNIT(*) SI_UNIT(.MILLI.,.METRE.) );
#2784 = ( NAMED_UNIT(*) PLANE_ANGLE_UNIT() SI_UNIT($,.RADIAN.) );
#2785 = ( NAMED_UNIT(*) SI_UNIT($,.STERADIAN.) SOLID_ANGLE_UNIT() );
#2786 = UNCERTAINTY_MEASURE_WITH_UNIT(LENGTH_MEASURE(1.E-07),#2783,
  'distance_accuracy_value','confusion accuracy');
#2787 = CONTEXT_DEPENDENT_SHAPE_REPRESENTATION(#2788,#2790);
#2788 = ( REPRESENTATION_RELATIONSHIP('','',#1991,#10) 
REPRESENTATION_RELATIONSHIP_WITH_TRANSFORMATION(#2789) 
SHAPE_REPRESENTATION_RELATIONSHIP() );
#2789 = ITEM_DEFINED_TRANSFORMATION('','',#11,#27);
#2790 = PRODUCT_DEFINITION_SHAPE('Placement','Placement of an item',
  #2791);
#2791 = NEXT_ASSEMBLY_USAGE_OCCURRENCE('4','R7','',#5,#1986,$);
#2792 = PRODUCT_RELATED_PRODUCT_CATEGORY('part',$,(#1988));
#2793 = SHAPE_DEFINITION_REPRESENTATION(#2794,#2800);
#2794 = PRODUCT_DEFINITION_SHAPE('','',#2795);
#2795 = PRODUCT_DEFINITION('design','',#2796,#2799);
#2796 = PRODUCT_DEFINITION_FORMATION('','',#2797);
#2797 = PRODUCT('SOT-363_SC-70-6','SOT-363_SC-70-6','',(#2798));
#2798 = PRODUCT_CONTEXT('',#2,'mechanical');
#2799 = PRODUCT_DEFINITION_CONTEXT('part definition',#2,'design');
#2800 = ADVANCED_BREP_SHAPE_REPRESENTATION('',(#11,#2801),#6123);
#2801 = MANIFOLD_SOLID_BREP('',#2802);
#2802 = CLOSED_SHELL('',(#2803,#2841,#2904,#2927,#2956,#2979,#3050,#3073
    ,#3096,#3119,#3184,#3207,#3236,#3259,#3283,#3313,#3346,#3379,#3410,
    #3441,#3474,#3497,#3520,#3543,#3567,#3591,#3624,#3657,#3688,#3719,
    #3752,#3775,#3804,#3827,#3851,#3926,#4001,#4031,#4106,#4123,#4198,
    #4215,#4246,#4321,#4396,#4427,#4444,#4467,#4490,#4513,#4537,#4612,
    #4687,#4711,#4786,#4803,#4878,#4895,#4926,#5001,#5076,#5107,#5124,
    #5147,#5203,#5219,#5256,#5273,#5290,#5307,#5324,#5341,#5358,#5375,
    #5387,#5409,#5426,#5443,#5460,#5477,#5494,#5506,#5518,#5535,#5552,
    #5569,#5586,#5603,#5620,#5637,#5649,#5665,#5681,#5697,#5730,#5747,
    #5764,#5781,#5798,#5815,#5832,#5849,#5861,#5883,#5900,#5917,#5934,
    #5951,#5968,#5980,#5992,#6009,#6026,#6043,#6060,#6077,#6094,#6111));
#2803 = ADVANCED_FACE('',(#2804),#2836,.F.);
#2804 = FACE_BOUND('',#2805,.F.);
#2805 = EDGE_LOOP('',(#2806,#2816,#2823,#2831));
#2806 = ORIENTED_EDGE('',*,*,#2807,.T.);
#2807 = EDGE_CURVE('',#2808,#2810,#2812,.T.);
#2808 = VERTEX_POINT('',#2809);
#2809 = CARTESIAN_POINT('',(-0.50189183306,0.943783666119,0.1));
#2810 = VERTEX_POINT('',#2811);
#2811 = CARTESIAN_POINT('',(0.50189183306,0.943783666119,0.1));
#2812 = LINE('',#2813,#2814);
#2813 = CARTESIAN_POINT('',(-0.50189183306,0.943783666119,0.1));
#2814 = VECTOR('',#2815,1.);
#2815 = DIRECTION('',(1.,2.22044604925E-16,0.));
#2816 = ORIENTED_EDGE('',*,*,#2817,.T.);
#2817 = EDGE_CURVE('',#2810,#2818,#2820,.T.);
#2818 = VERTEX_POINT('',#2819);
#2819 = CARTESIAN_POINT('',(0.53,1.,0.5));
#2820 = B_SPLINE_CURVE_WITH_KNOTS('',1,(#2821,#2822),.UNSPECIFIED.,.F.,
  .F.,(2,2),(0.,1.),.PIECEWISE_BEZIER_KNOTS.);
#2821 = CARTESIAN_POINT('',(0.50189183306,0.943783666119,0.1));
#2822 = CARTESIAN_POINT('',(0.53,1.,0.5));
#2823 = ORIENTED_EDGE('',*,*,#2824,.F.);
#2824 = EDGE_CURVE('',#2825,#2818,#2827,.T.);
#2825 = VERTEX_POINT('',#2826);
#2826 = CARTESIAN_POINT('',(-0.53,1.,0.5));
#2827 = LINE('',#2828,#2829);
#2828 = CARTESIAN_POINT('',(-0.53,1.,0.5));
#2829 = VECTOR('',#2830,1.);
#2830 = DIRECTION('',(1.,2.22044604925E-16,0.));
#2831 = ORIENTED_EDGE('',*,*,#2832,.F.);
#2832 = EDGE_CURVE('',#2808,#2825,#2833,.T.);
#2833 = B_SPLINE_CURVE_WITH_KNOTS('',1,(#2834,#2835),.UNSPECIFIED.,.F.,
  .F.,(2,2),(0.,1.),.PIECEWISE_BEZIER_KNOTS.);
#2834 = CARTESIAN_POINT('',(-0.50189183306,0.943783666119,0.1));
#2835 = CARTESIAN_POINT('',(-0.53,1.,0.5));
#2836 = B_SPLINE_SURFACE_WITH_KNOTS('',1,1,(
    (#2837,#2838)
    ,(#2839,#2840
    )),.UNSPECIFIED.,.F.,.F.,.F.,(2,2),(2,2),(0.,1.06),(0.,1.),
  .PIECEWISE_BEZIER_KNOTS.);
#2837 = CARTESIAN_POINT('',(-0.50189183306,0.943783666119,0.1));
#2838 = CARTESIAN_POINT('',(-0.53,1.,0.5));
#2839 = CARTESIAN_POINT('',(0.50189183306,0.943783666119,0.1));
#2840 = CARTESIAN_POINT('',(0.53,1.,0.5));
#2841 = ADVANCED_FACE('',(#2842),#2899,.F.);
#2842 = FACE_BOUND('',#2843,.T.);
#2843 = EDGE_LOOP('',(#2844,#2845,#2853,#2861,#2869,#2877,#2885,#2893));
#2844 = ORIENTED_EDGE('',*,*,#2807,.T.);
#2845 = ORIENTED_EDGE('',*,*,#2846,.T.);
#2846 = EDGE_CURVE('',#2810,#2847,#2849,.T.);
#2847 = VERTEX_POINT('',#2848);
#2848 = CARTESIAN_POINT('',(0.568783666119,0.87689183306,0.1));
#2849 = LINE('',#2850,#2851);
#2850 = CARTESIAN_POINT('',(0.50189183306,0.943783666119,0.1));
#2851 = VECTOR('',#2852,1.);
#2852 = DIRECTION('',(0.707106781187,-0.707106781187,0.));
#2853 = ORIENTED_EDGE('',*,*,#2854,.T.);
#2854 = EDGE_CURVE('',#2847,#2855,#2857,.T.);
#2855 = VERTEX_POINT('',#2856);
#2856 = CARTESIAN_POINT('',(0.568783666119,-0.87689183306,0.1));
#2857 = LINE('',#2858,#2859);
#2858 = CARTESIAN_POINT('',(0.568783666119,0.87689183306,0.1));
#2859 = VECTOR('',#2860,1.);
#2860 = DIRECTION('',(2.22044604925E-16,-1.,0.));
#2861 = ORIENTED_EDGE('',*,*,#2862,.T.);
#2862 = EDGE_CURVE('',#2855,#2863,#2865,.T.);
#2863 = VERTEX_POINT('',#2864);
#2864 = CARTESIAN_POINT('',(0.50189183306,-0.943783666119,0.1));
#2865 = LINE('',#2866,#2867);
#2866 = CARTESIAN_POINT('',(0.568783666119,-0.87689183306,0.1));
#2867 = VECTOR('',#2868,1.);
#2868 = DIRECTION('',(-0.707106781187,-0.707106781187,0.));
#2869 = ORIENTED_EDGE('',*,*,#2870,.T.);
#2870 = EDGE_CURVE('',#2863,#2871,#2873,.T.);
#2871 = VERTEX_POINT('',#2872);
#2872 = CARTESIAN_POINT('',(-0.50189183306,-0.943783666119,0.1));
#2873 = LINE('',#2874,#2875);
#2874 = CARTESIAN_POINT('',(0.50189183306,-0.943783666119,0.1));
#2875 = VECTOR('',#2876,1.);
#2876 = DIRECTION('',(-1.,-2.22044604925E-16,0.));
#2877 = ORIENTED_EDGE('',*,*,#2878,.T.);
#2878 = EDGE_CURVE('',#2871,#2879,#2881,.T.);
#2879 = VERTEX_POINT('',#2880);
#2880 = CARTESIAN_POINT('',(-0.568783666119,-0.87689183306,0.1));
#2881 = LINE('',#2882,#2883);
#2882 = CARTESIAN_POINT('',(-0.50189183306,-0.943783666119,0.1));
#2883 = VECTOR('',#2884,1.);
#2884 = DIRECTION('',(-0.707106781187,0.707106781187,0.));
#2885 = ORIENTED_EDGE('',*,*,#2886,.T.);
#2886 = EDGE_CURVE('',#2879,#2887,#2889,.T.);
#2887 = VERTEX_POINT('',#2888);
#2888 = CARTESIAN_POINT('',(-0.568783666119,0.87689183306,0.1));
#2889 = LINE('',#2890,#2891);
#2890 = CARTESIAN_POINT('',(-0.568783666119,-0.87689183306,0.1));
#2891 = VECTOR('',#2892,1.);
#2892 = DIRECTION('',(-2.22044604925E-16,1.,0.));
#2893 = ORIENTED_EDGE('',*,*,#2894,.T.);
#2894 = EDGE_CURVE('',#2887,#2808,#2895,.T.);
#2895 = LINE('',#2896,#2897);
#2896 = CARTESIAN_POINT('',(-0.568783666119,0.87689183306,0.1));
#2897 = VECTOR('',#2898,1.);
#2898 = DIRECTION('',(0.707106781187,0.707106781187,0.));
#2899 = PLANE('',#2900);
#2900 = AXIS2_PLACEMENT_3D('',#2901,#2902,#2903);
#2901 = CARTESIAN_POINT('',(-0.50189183306,0.943783666119,0.1));
#2902 = DIRECTION('',(0.,0.,1.));
#2903 = DIRECTION('',(0.469524916338,-0.882919222204,0.));
#2904 = ADVANCED_FACE('',(#2905),#2922,.F.);
#2905 = FACE_BOUND('',#2906,.F.);
#2906 = EDGE_LOOP('',(#2907,#2908,#2915,#2921));
#2907 = ORIENTED_EDGE('',*,*,#2846,.T.);
#2908 = ORIENTED_EDGE('',*,*,#2909,.T.);
#2909 = EDGE_CURVE('',#2847,#2910,#2912,.T.);
#2910 = VERTEX_POINT('',#2911);
#2911 = CARTESIAN_POINT('',(0.625,0.905,0.5));
#2912 = B_SPLINE_CURVE_WITH_KNOTS('',1,(#2913,#2914),.UNSPECIFIED.,.F.,
  .F.,(2,2),(0.,1.),.PIECEWISE_BEZIER_KNOTS.);
#2913 = CARTESIAN_POINT('',(0.568783666119,0.87689183306,0.1));
#2914 = CARTESIAN_POINT('',(0.625,0.905,0.5));
#2915 = ORIENTED_EDGE('',*,*,#2916,.F.);
#2916 = EDGE_CURVE('',#2818,#2910,#2917,.T.);
#2917 = LINE('',#2918,#2919);
#2918 = CARTESIAN_POINT('',(0.53,1.,0.5));
#2919 = VECTOR('',#2920,1.);
#2920 = DIRECTION('',(0.707106781187,-0.707106781187,0.));
#2921 = ORIENTED_EDGE('',*,*,#2817,.F.);
#2922 = B_SPLINE_SURFACE_WITH_KNOTS('',1,1,(
    (#2923,#2924)
    ,(#2925,#2926
    )),.UNSPECIFIED.,.F.,.F.,.F.,(2,2),(2,2),(0.,0.134350288425),(0.,1.)
  ,.PIECEWISE_BEZIER_KNOTS.);
#2923 = CARTESIAN_POINT('',(0.50189183306,0.943783666119,0.1));
#2924 = CARTESIAN_POINT('',(0.53,1.,0.5));
#2925 = CARTESIAN_POINT('',(0.568783666119,0.87689183306,0.1));
#2926 = CARTESIAN_POINT('',(0.625,0.905,0.5));
#2927 = ADVANCED_FACE('',(#2928),#2951,.F.);
#2928 = FACE_BOUND('',#2929,.F.);
#2929 = EDGE_LOOP('',(#2930,#2931,#2938,#2946));
#2930 = ORIENTED_EDGE('',*,*,#2824,.T.);
#2931 = ORIENTED_EDGE('',*,*,#2932,.T.);
#2932 = EDGE_CURVE('',#2818,#2933,#2935,.T.);
#2933 = VERTEX_POINT('',#2934);
#2934 = CARTESIAN_POINT('',(0.53,1.,0.65));
#2935 = B_SPLINE_CURVE_WITH_KNOTS('',1,(#2936,#2937),.UNSPECIFIED.,.F.,
  .F.,(2,2),(0.,1.),.PIECEWISE_BEZIER_KNOTS.);
#2936 = CARTESIAN_POINT('',(0.53,1.,0.5));
#2937 = CARTESIAN_POINT('',(0.53,1.,0.65));
#2938 = ORIENTED_EDGE('',*,*,#2939,.F.);
#2939 = EDGE_CURVE('',#2940,#2933,#2942,.T.);
#2940 = VERTEX_POINT('',#2941);
#2941 = CARTESIAN_POINT('',(-0.53,1.,0.65));
#2942 = LINE('',#2943,#2944);
#2943 = CARTESIAN_POINT('',(-0.53,1.,0.65));
#2944 = VECTOR('',#2945,1.);
#2945 = DIRECTION('',(1.,2.22044604925E-16,0.));
#2946 = ORIENTED_EDGE('',*,*,#2947,.F.);
#2947 = EDGE_CURVE('',#2825,#2940,#2948,.T.);
#2948 = B_SPLINE_CURVE_WITH_KNOTS('',1,(#2949,#2950),.UNSPECIFIED.,.F.,
  .F.,(2,2),(0.,1.),.PIECEWISE_BEZIER_KNOTS.);
#2949 = CARTESIAN_POINT('',(-0.53,1.,0.5));
#2950 = CARTESIAN_POINT('',(-0.53,1.,0.65));
#2951 = PLANE('',#2952);
#2952 = AXIS2_PLACEMENT_3D('',#2953,#2954,#2955);
#2953 = CARTESIAN_POINT('',(-0.53,1.,0.65));
#2954 = DIRECTION('',(2.22044604925E-16,-1.,0.));
#2955 = DIRECTION('',(1.,2.22044604925E-16,0.));
#2956 = ADVANCED_FACE('',(#2957),#2974,.F.);
#2957 = FACE_BOUND('',#2958,.F.);
#2958 = EDGE_LOOP('',(#2959,#2960,#2961,#2969));
#2959 = ORIENTED_EDGE('',*,*,#2894,.T.);
#2960 = ORIENTED_EDGE('',*,*,#2832,.T.);
#2961 = ORIENTED_EDGE('',*,*,#2962,.F.);
#2962 = EDGE_CURVE('',#2963,#2825,#2965,.T.);
#2963 = VERTEX_POINT('',#2964);
#2964 = CARTESIAN_POINT('',(-0.625,0.905,0.5));
#2965 = LINE('',#2966,#2967);
#2966 = CARTESIAN_POINT('',(-0.625,0.905,0.5));
#2967 = VECTOR('',#2968,1.);
#2968 = DIRECTION('',(0.707106781187,0.707106781187,0.));
#2969 = ORIENTED_EDGE('',*,*,#2970,.F.);
#2970 = EDGE_CURVE('',#2887,#2963,#2971,.T.);
#2971 = B_SPLINE_CURVE_WITH_KNOTS('',1,(#2972,#2973),.UNSPECIFIED.,.F.,
  .F.,(2,2),(0.,1.),.PIECEWISE_BEZIER_KNOTS.);
#2972 = CARTESIAN_POINT('',(-0.568783666119,0.87689183306,0.1));
#2973 = CARTESIAN_POINT('',(-0.625,0.905,0.5));
#2974 = B_SPLINE_SURFACE_WITH_KNOTS('',1,1,(
    (#2975,#2976)
    ,(#2977,#2978
    )),.UNSPECIFIED.,.F.,.F.,.F.,(2,2),(2,2),(0.,0.134350288425),(0.,1.)
  ,.PIECEWISE_BEZIER_KNOTS.);
#2975 = CARTESIAN_POINT('',(-0.568783666119,0.87689183306,0.1));
#2976 = CARTESIAN_POINT('',(-0.625,0.905,0.5));
#2977 = CARTESIAN_POINT('',(-0.50189183306,0.943783666119,0.1));
#2978 = CARTESIAN_POINT('',(-0.53,1.,0.5));
#2979 = ADVANCED_FACE('',(#2980),#3045,.F.);
#2980 = FACE_BOUND('',#2981,.F.);
#2981 = EDGE_LOOP('',(#2982,#2983,#2990,#2998,#3006,#3014,#3022,#3030,
    #3038,#3044));
#2982 = ORIENTED_EDGE('',*,*,#2854,.T.);
#2983 = ORIENTED_EDGE('',*,*,#2984,.T.);
#2984 = EDGE_CURVE('',#2855,#2985,#2987,.T.);
#2985 = VERTEX_POINT('',#2986);
#2986 = CARTESIAN_POINT('',(0.625,-0.905,0.5));
#2987 = B_SPLINE_CURVE_WITH_KNOTS('',1,(#2988,#2989),.UNSPECIFIED.,.F.,
  .F.,(2,2),(0.,1.),.PIECEWISE_BEZIER_KNOTS.);
#2988 = CARTESIAN_POINT('',(0.568783666119,-0.87689183306,0.1));
#2989 = CARTESIAN_POINT('',(0.625,-0.905,0.5));
#2990 = ORIENTED_EDGE('',*,*,#2991,.F.);
#2991 = EDGE_CURVE('',#2992,#2985,#2994,.T.);
#2992 = VERTEX_POINT('',#2993);
#2993 = CARTESIAN_POINT('',(0.625,-0.8,0.5));
#2994 = LINE('',#2995,#2996);
#2995 = CARTESIAN_POINT('',(0.625,0.905,0.5));
#2996 = VECTOR('',#2997,1.);
#2997 = DIRECTION('',(2.22044604925E-16,-1.,0.));
#2998 = ORIENTED_EDGE('',*,*,#2999,.F.);
#2999 = EDGE_CURVE('',#3000,#2992,#3002,.T.);
#3000 = VERTEX_POINT('',#3001);
#3001 = CARTESIAN_POINT('',(0.625,-0.5,0.5));
#3002 = LINE('',#3003,#3004);
#3003 = CARTESIAN_POINT('',(0.625,-0.5,0.5));
#3004 = VECTOR('',#3005,1.);
#3005 = DIRECTION('',(2.22044604925E-16,-1.,0.));
#3006 = ORIENTED_EDGE('',*,*,#3007,.F.);
#3007 = EDGE_CURVE('',#3008,#3000,#3010,.T.);
#3008 = VERTEX_POINT('',#3009);
#3009 = CARTESIAN_POINT('',(0.625,-0.15,0.5));
#3010 = LINE('',#3011,#3012);
#3011 = CARTESIAN_POINT('',(0.625,0.905,0.5));
#3012 = VECTOR('',#3013,1.);
#3013 = DIRECTION('',(2.22044604925E-16,-1.,0.));
#3014 = ORIENTED_EDGE('',*,*,#3015,.F.);
#3015 = EDGE_CURVE('',#3016,#3008,#3018,.T.);
#3016 = VERTEX_POINT('',#3017);
#3017 = CARTESIAN_POINT('',(0.625,0.15,0.5));
#3018 = LINE('',#3019,#3020);
#3019 = CARTESIAN_POINT('',(0.625,0.15,0.5));
#3020 = VECTOR('',#3021,1.);
#3021 = DIRECTION('',(2.22044604925E-16,-1.,0.));
#3022 = ORIENTED_EDGE('',*,*,#3023,.F.);
#3023 = EDGE_CURVE('',#3024,#3016,#3026,.T.);
#3024 = VERTEX_POINT('',#3025);
#3025 = CARTESIAN_POINT('',(0.625,0.5,0.5));
#3026 = LINE('',#3027,#3028);
#3027 = CARTESIAN_POINT('',(0.625,0.905,0.5));
#3028 = VECTOR('',#3029,1.);
#3029 = DIRECTION('',(2.22044604925E-16,-1.,0.));
#3030 = ORIENTED_EDGE('',*,*,#3031,.F.);
#3031 = EDGE_CURVE('',#3032,#3024,#3034,.T.);
#3032 = VERTEX_POINT('',#3033);
#3033 = CARTESIAN_POINT('',(0.625,0.8,0.5));
#3034 = LINE('',#3035,#3036);
#3035 = CARTESIAN_POINT('',(0.625,0.8,0.5));
#3036 = VECTOR('',#3037,1.);
#3037 = DIRECTION('',(2.22044604925E-16,-1.,0.));
#3038 = ORIENTED_EDGE('',*,*,#3039,.F.);
#3039 = EDGE_CURVE('',#2910,#3032,#3040,.T.);
#3040 = LINE('',#3041,#3042);
#3041 = CARTESIAN_POINT('',(0.625,0.905,0.5));
#3042 = VECTOR('',#3043,1.);
#3043 = DIRECTION('',(2.22044604925E-16,-1.,0.));
#3044 = ORIENTED_EDGE('',*,*,#2909,.F.);
#3045 = B_SPLINE_SURFACE_WITH_KNOTS('',1,1,(
    (#3046,#3047)
    ,(#3048,#3049
    )),.UNSPECIFIED.,.F.,.F.,.F.,(2,2),(2,2),(0.,1.81),(0.,1.),
  .PIECEWISE_BEZIER_KNOTS.);
#3046 = CARTESIAN_POINT('',(0.568783666119,0.87689183306,0.1));
#3047 = CARTESIAN_POINT('',(0.625,0.905,0.5));
#3048 = CARTESIAN_POINT('',(0.568783666119,-0.87689183306,0.1));
#3049 = CARTESIAN_POINT('',(0.625,-0.905,0.5));
#3050 = ADVANCED_FACE('',(#3051),#3068,.F.);
#3051 = FACE_BOUND('',#3052,.F.);
#3052 = EDGE_LOOP('',(#3053,#3054,#3061,#3067));
#3053 = ORIENTED_EDGE('',*,*,#2862,.T.);
#3054 = ORIENTED_EDGE('',*,*,#3055,.T.);
#3055 = EDGE_CURVE('',#2863,#3056,#3058,.T.);
#3056 = VERTEX_POINT('',#3057);
#3057 = CARTESIAN_POINT('',(0.53,-1.,0.5));
#3058 = B_SPLINE_CURVE_WITH_KNOTS('',1,(#3059,#3060),.UNSPECIFIED.,.F.,
  .F.,(2,2),(0.,1.),.PIECEWISE_BEZIER_KNOTS.);
#3059 = CARTESIAN_POINT('',(0.50189183306,-0.943783666119,0.1));
#3060 = CARTESIAN_POINT('',(0.53,-1.,0.5));
#3061 = ORIENTED_EDGE('',*,*,#3062,.F.);
#3062 = EDGE_CURVE('',#2985,#3056,#3063,.T.);
#3063 = LINE('',#3064,#3065);
#3064 = CARTESIAN_POINT('',(0.625,-0.905,0.5));
#3065 = VECTOR('',#3066,1.);
#3066 = DIRECTION('',(-0.707106781187,-0.707106781187,0.));
#3067 = ORIENTED_EDGE('',*,*,#2984,.F.);
#3068 = B_SPLINE_SURFACE_WITH_KNOTS('',1,1,(
    (#3069,#3070)
    ,(#3071,#3072
    )),.UNSPECIFIED.,.F.,.F.,.F.,(2,2),(2,2),(0.,0.134350288425),(0.,1.)
  ,.PIECEWISE_BEZIER_KNOTS.);
#3069 = CARTESIAN_POINT('',(0.568783666119,-0.87689183306,0.1));
#3070 = CARTESIAN_POINT('',(0.625,-0.905,0.5));
#3071 = CARTESIAN_POINT('',(0.50189183306,-0.943783666119,0.1));
#3072 = CARTESIAN_POINT('',(0.53,-1.,0.5));
#3073 = ADVANCED_FACE('',(#3074),#3091,.F.);
#3074 = FACE_BOUND('',#3075,.F.);
#3075 = EDGE_LOOP('',(#3076,#3077,#3084,#3090));
#3076 = ORIENTED_EDGE('',*,*,#2870,.T.);
#3077 = ORIENTED_EDGE('',*,*,#3078,.T.);
#3078 = EDGE_CURVE('',#2871,#3079,#3081,.T.);
#3079 = VERTEX_POINT('',#3080);
#3080 = CARTESIAN_POINT('',(-0.53,-1.,0.5));
#3081 = B_SPLINE_CURVE_WITH_KNOTS('',1,(#3082,#3083),.UNSPECIFIED.,.F.,
  .F.,(2,2),(0.,1.),.PIECEWISE_BEZIER_KNOTS.);
#3082 = CARTESIAN_POINT('',(-0.50189183306,-0.943783666119,0.1));
#3083 = CARTESIAN_POINT('',(-0.53,-1.,0.5));
#3084 = ORIENTED_EDGE('',*,*,#3085,.F.);
#3085 = EDGE_CURVE('',#3056,#3079,#3086,.T.);
#3086 = LINE('',#3087,#3088);
#3087 = CARTESIAN_POINT('',(0.53,-1.,0.5));
#3088 = VECTOR('',#3089,1.);
#3089 = DIRECTION('',(-1.,-2.22044604925E-16,0.));
#3090 = ORIENTED_EDGE('',*,*,#3055,.F.);
#3091 = B_SPLINE_SURFACE_WITH_KNOTS('',1,1,(
    (#3092,#3093)
    ,(#3094,#3095
    )),.UNSPECIFIED.,.F.,.F.,.F.,(2,2),(2,2),(0.,1.06),(0.,1.),
  .PIECEWISE_BEZIER_KNOTS.);
#3092 = CARTESIAN_POINT('',(0.50189183306,-0.943783666119,0.1));
#3093 = CARTESIAN_POINT('',(0.53,-1.,0.5));
#3094 = CARTESIAN_POINT('',(-0.50189183306,-0.943783666119,0.1));
#3095 = CARTESIAN_POINT('',(-0.53,-1.,0.5));
#3096 = ADVANCED_FACE('',(#3097),#3114,.F.);
#3097 = FACE_BOUND('',#3098,.F.);
#3098 = EDGE_LOOP('',(#3099,#3100,#3107,#3113));
#3099 = ORIENTED_EDGE('',*,*,#2878,.T.);
#3100 = ORIENTED_EDGE('',*,*,#3101,.T.);
#3101 = EDGE_CURVE('',#2879,#3102,#3104,.T.);
#3102 = VERTEX_POINT('',#3103);
#3103 = CARTESIAN_POINT('',(-0.625,-0.905,0.5));
#3104 = B_SPLINE_CURVE_WITH_KNOTS('',1,(#3105,#3106),.UNSPECIFIED.,.F.,
  .F.,(2,2),(0.,1.),.PIECEWISE_BEZIER_KNOTS.);
#3105 = CARTESIAN_POINT('',(-0.568783666119,-0.87689183306,0.1));
#3106 = CARTESIAN_POINT('',(-0.625,-0.905,0.5));
#3107 = ORIENTED_EDGE('',*,*,#3108,.F.);
#3108 = EDGE_CURVE('',#3079,#3102,#3109,.T.);
#3109 = LINE('',#3110,#3111);
#3110 = CARTESIAN_POINT('',(-0.53,-1.,0.5));
#3111 = VECTOR('',#3112,1.);
#3112 = DIRECTION('',(-0.707106781187,0.707106781187,0.));
#3113 = ORIENTED_EDGE('',*,*,#3078,.F.);
#3114 = B_SPLINE_SURFACE_WITH_KNOTS('',1,1,(
    (#3115,#3116)
    ,(#3117,#3118
    )),.UNSPECIFIED.,.F.,.F.,.F.,(2,2),(2,2),(0.,0.134350288425),(0.,1.)
  ,.PIECEWISE_BEZIER_KNOTS.);
#3115 = CARTESIAN_POINT('',(-0.50189183306,-0.943783666119,0.1));
#3116 = CARTESIAN_POINT('',(-0.53,-1.,0.5));
#3117 = CARTESIAN_POINT('',(-0.568783666119,-0.87689183306,0.1));
#3118 = CARTESIAN_POINT('',(-0.625,-0.905,0.5));
#3119 = ADVANCED_FACE('',(#3120),#3179,.F.);
#3120 = FACE_BOUND('',#3121,.F.);
#3121 = EDGE_LOOP('',(#3122,#3123,#3124,#3132,#3140,#3148,#3156,#3164,
    #3172,#3178));
#3122 = ORIENTED_EDGE('',*,*,#2886,.T.);
#3123 = ORIENTED_EDGE('',*,*,#2970,.T.);
#3124 = ORIENTED_EDGE('',*,*,#3125,.F.);
#3125 = EDGE_CURVE('',#3126,#2963,#3128,.T.);
#3126 = VERTEX_POINT('',#3127);
#3127 = CARTESIAN_POINT('',(-0.625,0.8,0.5));
#3128 = LINE('',#3129,#3130);
#3129 = CARTESIAN_POINT('',(-0.625,-0.905,0.5));
#3130 = VECTOR('',#3131,1.);
#3131 = DIRECTION('',(-2.22044604925E-16,1.,0.));
#3132 = ORIENTED_EDGE('',*,*,#3133,.F.);
#3133 = EDGE_CURVE('',#3134,#3126,#3136,.T.);
#3134 = VERTEX_POINT('',#3135);
#3135 = CARTESIAN_POINT('',(-0.625,0.5,0.5));
#3136 = LINE('',#3137,#3138);
#3137 = CARTESIAN_POINT('',(-0.625,0.5,0.5));
#3138 = VECTOR('',#3139,1.);
#3139 = DIRECTION('',(-9.95799250103E-17,1.,0.));
#3140 = ORIENTED_EDGE('',*,*,#3141,.F.);
#3141 = EDGE_CURVE('',#3142,#3134,#3144,.T.);
#3142 = VERTEX_POINT('',#3143);
#3143 = CARTESIAN_POINT('',(-0.625,0.15,0.5));
#3144 = LINE('',#3145,#3146);
#3145 = CARTESIAN_POINT('',(-0.625,-0.905,0.5));
#3146 = VECTOR('',#3147,1.);
#3147 = DIRECTION('',(-2.22044604925E-16,1.,0.));
#3148 = ORIENTED_EDGE('',*,*,#3149,.F.);
#3149 = EDGE_CURVE('',#3150,#3142,#3152,.T.);
#3150 = VERTEX_POINT('',#3151);
#3151 = CARTESIAN_POINT('',(-0.625,-0.15,0.5));
#3152 = LINE('',#3153,#3154);
#3153 = CARTESIAN_POINT('',(-0.625,-0.15,0.5));
#3154 = VECTOR('',#3155,1.);
#3155 = DIRECTION('',(-9.95799250103E-17,1.,0.));
#3156 = ORIENTED_EDGE('',*,*,#3157,.F.);
#3157 = EDGE_CURVE('',#3158,#3150,#3160,.T.);
#3158 = VERTEX_POINT('',#3159);
#3159 = CARTESIAN_POINT('',(-0.625,-0.5,0.5));
#3160 = LINE('',#3161,#3162);
#3161 = CARTESIAN_POINT('',(-0.625,-0.905,0.5));
#3162 = VECTOR('',#3163,1.);
#3163 = DIRECTION('',(-2.22044604925E-16,1.,0.));
#3164 = ORIENTED_EDGE('',*,*,#3165,.F.);
#3165 = EDGE_CURVE('',#3166,#3158,#3168,.T.);
#3166 = VERTEX_POINT('',#3167);
#3167 = CARTESIAN_POINT('',(-0.625,-0.8,0.5));
#3168 = LINE('',#3169,#3170);
#3169 = CARTESIAN_POINT('',(-0.625,-0.8,0.5));
#3170 = VECTOR('',#3171,1.);
#3171 = DIRECTION('',(-9.95799250103E-17,1.,0.));
#3172 = ORIENTED_EDGE('',*,*,#3173,.F.);
#3173 = EDGE_CURVE('',#3102,#3166,#3174,.T.);
#3174 = LINE('',#3175,#3176);
#3175 = CARTESIAN_POINT('',(-0.625,-0.905,0.5));
#3176 = VECTOR('',#3177,1.);
#3177 = DIRECTION('',(-2.22044604925E-16,1.,0.));
#3178 = ORIENTED_EDGE('',*,*,#3101,.F.);
#3179 = B_SPLINE_SURFACE_WITH_KNOTS('',1,1,(
    (#3180,#3181)
    ,(#3182,#3183
    )),.UNSPECIFIED.,.F.,.F.,.F.,(2,2),(2,2),(0.,1.81),(0.,1.),
  .PIECEWISE_BEZIER_KNOTS.);
#3180 = CARTESIAN_POINT('',(-0.568783666119,-0.87689183306,0.1));
#3181 = CARTESIAN_POINT('',(-0.625,-0.905,0.5));
#3182 = CARTESIAN_POINT('',(-0.568783666119,0.87689183306,0.1));
#3183 = CARTESIAN_POINT('',(-0.625,0.905,0.5));
#3184 = ADVANCED_FACE('',(#3185),#3202,.F.);
#3185 = FACE_BOUND('',#3186,.F.);
#3186 = EDGE_LOOP('',(#3187,#3188,#3195,#3201));
#3187 = ORIENTED_EDGE('',*,*,#2916,.T.);
#3188 = ORIENTED_EDGE('',*,*,#3189,.T.);
#3189 = EDGE_CURVE('',#2910,#3190,#3192,.T.);
#3190 = VERTEX_POINT('',#3191);
#3191 = CARTESIAN_POINT('',(0.625,0.905,0.65));
#3192 = B_SPLINE_CURVE_WITH_KNOTS('',1,(#3193,#3194),.UNSPECIFIED.,.F.,
  .F.,(2,2),(0.,1.),.PIECEWISE_BEZIER_KNOTS.);
#3193 = CARTESIAN_POINT('',(0.625,0.905,0.5));
#3194 = CARTESIAN_POINT('',(0.625,0.905,0.65));
#3195 = ORIENTED_EDGE('',*,*,#3196,.F.);
#3196 = EDGE_CURVE('',#2933,#3190,#3197,.T.);
#3197 = LINE('',#3198,#3199);
#3198 = CARTESIAN_POINT('',(0.53,1.,0.65));
#3199 = VECTOR('',#3200,1.);
#3200 = DIRECTION('',(0.707106781187,-0.707106781187,0.));
#3201 = ORIENTED_EDGE('',*,*,#2932,.F.);
#3202 = PLANE('',#3203);
#3203 = AXIS2_PLACEMENT_3D('',#3204,#3205,#3206);
#3204 = CARTESIAN_POINT('',(0.53,1.,0.65));
#3205 = DIRECTION('',(-0.707106781187,-0.707106781187,0.));
#3206 = DIRECTION('',(0.707106781187,-0.707106781187,0.));
#3207 = ADVANCED_FACE('',(#3208),#3231,.F.);
#3208 = FACE_BOUND('',#3209,.F.);
#3209 = EDGE_LOOP('',(#3210,#3211,#3218,#3226));
#3210 = ORIENTED_EDGE('',*,*,#2939,.T.);
#3211 = ORIENTED_EDGE('',*,*,#3212,.T.);
#3212 = EDGE_CURVE('',#2933,#3213,#3215,.T.);
#3213 = VERTEX_POINT('',#3214);
#3214 = CARTESIAN_POINT('',(0.5175,0.975,0.65));
#3215 = B_SPLINE_CURVE_WITH_KNOTS('',1,(#3216,#3217),.UNSPECIFIED.,.F.,
  .F.,(2,2),(0.,1.),.PIECEWISE_BEZIER_KNOTS.);
#3216 = CARTESIAN_POINT('',(0.53,1.,0.65));
#3217 = CARTESIAN_POINT('',(0.5175,0.975,0.65));
#3218 = ORIENTED_EDGE('',*,*,#3219,.F.);
#3219 = EDGE_CURVE('',#3220,#3213,#3222,.T.);
#3220 = VERTEX_POINT('',#3221);
#3221 = CARTESIAN_POINT('',(-0.5175,0.975,0.65));
#3222 = LINE('',#3223,#3224);
#3223 = CARTESIAN_POINT('',(-0.5175,0.975,0.65));
#3224 = VECTOR('',#3225,1.);
#3225 = DIRECTION('',(1.,2.22044604925E-16,0.));
#3226 = ORIENTED_EDGE('',*,*,#3227,.F.);
#3227 = EDGE_CURVE('',#2940,#3220,#3228,.T.);
#3228 = B_SPLINE_CURVE_WITH_KNOTS('',1,(#3229,#3230),.UNSPECIFIED.,.F.,
  .F.,(2,2),(0.,1.),.PIECEWISE_BEZIER_KNOTS.);
#3229 = CARTESIAN_POINT('',(-0.53,1.,0.65));
#3230 = CARTESIAN_POINT('',(-0.5175,0.975,0.65));
#3231 = B_SPLINE_SURFACE_WITH_KNOTS('',1,1,(
    (#3232,#3233)
    ,(#3234,#3235
    )),.UNSPECIFIED.,.F.,.F.,.F.,(2,2),(2,2),(0.,1.06),(0.,1.),
  .PIECEWISE_BEZIER_KNOTS.);
#3232 = CARTESIAN_POINT('',(-0.53,1.,0.65));
#3233 = CARTESIAN_POINT('',(-0.5175,0.975,0.65));
#3234 = CARTESIAN_POINT('',(0.53,1.,0.65));
#3235 = CARTESIAN_POINT('',(0.5175,0.975,0.65));
#3236 = ADVANCED_FACE('',(#3237),#3254,.F.);
#3237 = FACE_BOUND('',#3238,.F.);
#3238 = EDGE_LOOP('',(#3239,#3240,#3241,#3249));
#3239 = ORIENTED_EDGE('',*,*,#2962,.T.);
#3240 = ORIENTED_EDGE('',*,*,#2947,.T.);
#3241 = ORIENTED_EDGE('',*,*,#3242,.F.);
#3242 = EDGE_CURVE('',#3243,#2940,#3245,.T.);
#3243 = VERTEX_POINT('',#3244);
#3244 = CARTESIAN_POINT('',(-0.625,0.905,0.65));
#3245 = LINE('',#3246,#3247);
#3246 = CARTESIAN_POINT('',(-0.625,0.905,0.65));
#3247 = VECTOR('',#3248,1.);
#3248 = DIRECTION('',(0.707106781187,0.707106781187,0.));
#3249 = ORIENTED_EDGE('',*,*,#3250,.F.);
#3250 = EDGE_CURVE('',#2963,#3243,#3251,.T.);
#3251 = B_SPLINE_CURVE_WITH_KNOTS('',1,(#3252,#3253),.UNSPECIFIED.,.F.,
  .F.,(2,2),(0.,1.),.PIECEWISE_BEZIER_KNOTS.);
#3252 = CARTESIAN_POINT('',(-0.625,0.905,0.5));
#3253 = CARTESIAN_POINT('',(-0.625,0.905,0.65));
#3254 = PLANE('',#3255);
#3255 = AXIS2_PLACEMENT_3D('',#3256,#3257,#3258);
#3256 = CARTESIAN_POINT('',(-0.625,0.905,0.65));
#3257 = DIRECTION('',(0.707106781187,-0.707106781187,0.));
#3258 = DIRECTION('',(0.707106781187,0.707106781187,0.));
#3259 = ADVANCED_FACE('',(#3260),#3278,.F.);
#3260 = FACE_BOUND('',#3261,.F.);
#3261 = EDGE_LOOP('',(#3262,#3263,#3264,#3272));
#3262 = ORIENTED_EDGE('',*,*,#3189,.F.);
#3263 = ORIENTED_EDGE('',*,*,#3039,.T.);
#3264 = ORIENTED_EDGE('',*,*,#3265,.T.);
#3265 = EDGE_CURVE('',#3032,#3266,#3268,.T.);
#3266 = VERTEX_POINT('',#3267);
#3267 = CARTESIAN_POINT('',(0.625,0.8,0.65));
#3268 = LINE('',#3269,#3270);
#3269 = CARTESIAN_POINT('',(0.625,0.8,0.490902212274));
#3270 = VECTOR('',#3271,1.);
#3271 = DIRECTION('',(0.,0.,1.));
#3272 = ORIENTED_EDGE('',*,*,#3273,.F.);
#3273 = EDGE_CURVE('',#3190,#3266,#3274,.T.);
#3274 = LINE('',#3275,#3276);
#3275 = CARTESIAN_POINT('',(0.625,0.905,0.65));
#3276 = VECTOR('',#3277,1.);
#3277 = DIRECTION('',(2.22044604925E-16,-1.,0.));
#3278 = PLANE('',#3279);
#3279 = AXIS2_PLACEMENT_3D('',#3280,#3281,#3282);
#3280 = CARTESIAN_POINT('',(0.625,0.905,0.65));
#3281 = DIRECTION('',(-1.,-2.22044604925E-16,0.));
#3282 = DIRECTION('',(2.22044604925E-16,-1.,0.));
#3283 = ADVANCED_FACE('',(#3284),#3308,.F.);
#3284 = FACE_BOUND('',#3285,.F.);
#3285 = EDGE_LOOP('',(#3286,#3294,#3295,#3302));
#3286 = ORIENTED_EDGE('',*,*,#3287,.F.);
#3287 = EDGE_CURVE('',#2992,#3288,#3290,.T.);
#3288 = VERTEX_POINT('',#3289);
#3289 = CARTESIAN_POINT('',(0.625,-0.8,0.65));
#3290 = LINE('',#3291,#3292);
#3291 = CARTESIAN_POINT('',(0.625,-0.8,0.490902212274));
#3292 = VECTOR('',#3293,1.);
#3293 = DIRECTION('',(0.,0.,1.));
#3294 = ORIENTED_EDGE('',*,*,#2991,.T.);
#3295 = ORIENTED_EDGE('',*,*,#3296,.T.);
#3296 = EDGE_CURVE('',#2985,#3297,#3299,.T.);
#3297 = VERTEX_POINT('',#3298);
#3298 = CARTESIAN_POINT('',(0.625,-0.905,0.65));
#3299 = B_SPLINE_CURVE_WITH_KNOTS('',1,(#3300,#3301),.UNSPECIFIED.,.F.,
  .F.,(2,2),(0.,1.),.PIECEWISE_BEZIER_KNOTS.);
#3300 = CARTESIAN_POINT('',(0.625,-0.905,0.5));
#3301 = CARTESIAN_POINT('',(0.625,-0.905,0.65));
#3302 = ORIENTED_EDGE('',*,*,#3303,.F.);
#3303 = EDGE_CURVE('',#3288,#3297,#3304,.T.);
#3304 = LINE('',#3305,#3306);
#3305 = CARTESIAN_POINT('',(0.625,0.905,0.65));
#3306 = VECTOR('',#3307,1.);
#3307 = DIRECTION('',(2.22044604925E-16,-1.,0.));
#3308 = PLANE('',#3309);
#3309 = AXIS2_PLACEMENT_3D('',#3310,#3311,#3312);
#3310 = CARTESIAN_POINT('',(0.625,0.905,0.65));
#3311 = DIRECTION('',(-1.,-2.22044604925E-16,0.));
#3312 = DIRECTION('',(2.22044604925E-16,-1.,0.));
#3313 = ADVANCED_FACE('',(#3314),#3341,.F.);
#3314 = FACE_BOUND('',#3315,.F.);
#3315 = EDGE_LOOP('',(#3316,#3317,#3326,#3334));
#3316 = ORIENTED_EDGE('',*,*,#3031,.T.);
#3317 = ORIENTED_EDGE('',*,*,#3318,.T.);
#3318 = EDGE_CURVE('',#3024,#3319,#3321,.T.);
#3319 = VERTEX_POINT('',#3320);
#3320 = CARTESIAN_POINT('',(0.725,0.5,0.4));
#3321 = CIRCLE('',#3322,0.1);
#3322 = AXIS2_PLACEMENT_3D('',#3323,#3324,#3325);
#3323 = CARTESIAN_POINT('',(0.625,0.5,0.4));
#3324 = DIRECTION('',(-2.22044604925E-16,1.,0.));
#3325 = DIRECTION('',(1.110223024625E-15,2.465190328815E-31,1.));
#3326 = ORIENTED_EDGE('',*,*,#3327,.F.);
#3327 = EDGE_CURVE('',#3328,#3319,#3330,.T.);
#3328 = VERTEX_POINT('',#3329);
#3329 = CARTESIAN_POINT('',(0.725,0.8,0.4));
#3330 = LINE('',#3331,#3332);
#3331 = CARTESIAN_POINT('',(0.725,0.8,0.4));
#3332 = VECTOR('',#3333,1.);
#3333 = DIRECTION('',(2.22044604925E-16,-1.,0.));
#3334 = ORIENTED_EDGE('',*,*,#3335,.F.);
#3335 = EDGE_CURVE('',#3032,#3328,#3336,.T.);
#3336 = CIRCLE('',#3337,0.1);
#3337 = AXIS2_PLACEMENT_3D('',#3338,#3339,#3340);
#3338 = CARTESIAN_POINT('',(0.625,0.8,0.4));
#3339 = DIRECTION('',(-2.22044604925E-16,1.,0.));
#3340 = DIRECTION('',(1.110223024625E-15,2.465190328815E-31,1.));
#3341 = CYLINDRICAL_SURFACE('',#3342,0.1);
#3342 = AXIS2_PLACEMENT_3D('',#3343,#3344,#3345);
#3343 = CARTESIAN_POINT('',(0.625,0.8,0.4));
#3344 = DIRECTION('',(-2.22044604925E-16,1.,0.));
#3345 = DIRECTION('',(1.110223024625E-15,2.465190328815E-31,1.));
#3346 = ADVANCED_FACE('',(#3347),#3374,.F.);
#3347 = FACE_BOUND('',#3348,.F.);
#3348 = EDGE_LOOP('',(#3349,#3350,#3359,#3367));
#3349 = ORIENTED_EDGE('',*,*,#2999,.T.);
#3350 = ORIENTED_EDGE('',*,*,#3351,.T.);
#3351 = EDGE_CURVE('',#2992,#3352,#3354,.T.);
#3352 = VERTEX_POINT('',#3353);
#3353 = CARTESIAN_POINT('',(0.725,-0.8,0.4));
#3354 = CIRCLE('',#3355,0.1);
#3355 = AXIS2_PLACEMENT_3D('',#3356,#3357,#3358);
#3356 = CARTESIAN_POINT('',(0.625,-0.8,0.4));
#3357 = DIRECTION('',(-2.22044604925E-16,1.,0.));
#3358 = DIRECTION('',(1.110223024625E-15,2.465190328815E-31,1.));
#3359 = ORIENTED_EDGE('',*,*,#3360,.F.);
#3360 = EDGE_CURVE('',#3361,#3352,#3363,.T.);
#3361 = VERTEX_POINT('',#3362);
#3362 = CARTESIAN_POINT('',(0.725,-0.5,0.4));
#3363 = LINE('',#3364,#3365);
#3364 = CARTESIAN_POINT('',(0.725,-0.5,0.4));
#3365 = VECTOR('',#3366,1.);
#3366 = DIRECTION('',(2.22044604925E-16,-1.,0.));
#3367 = ORIENTED_EDGE('',*,*,#3368,.F.);
#3368 = EDGE_CURVE('',#3000,#3361,#3369,.T.);
#3369 = CIRCLE('',#3370,0.1);
#3370 = AXIS2_PLACEMENT_3D('',#3371,#3372,#3373);
#3371 = CARTESIAN_POINT('',(0.625,-0.5,0.4));
#3372 = DIRECTION('',(-2.22044604925E-16,1.,0.));
#3373 = DIRECTION('',(1.110223024625E-15,2.465190328815E-31,1.));
#3374 = CYLINDRICAL_SURFACE('',#3375,0.1);
#3375 = AXIS2_PLACEMENT_3D('',#3376,#3377,#3378);
#3376 = CARTESIAN_POINT('',(0.625,-0.5,0.4));
#3377 = DIRECTION('',(-2.22044604925E-16,1.,0.));
#3378 = DIRECTION('',(1.110223024625E-15,2.465190328815E-31,1.));
#3379 = ADVANCED_FACE('',(#3380),#3405,.F.);
#3380 = FACE_BOUND('',#3381,.F.);
#3381 = EDGE_LOOP('',(#3382,#3390,#3391,#3399));
#3382 = ORIENTED_EDGE('',*,*,#3383,.F.);
#3383 = EDGE_CURVE('',#3024,#3384,#3386,.T.);
#3384 = VERTEX_POINT('',#3385);
#3385 = CARTESIAN_POINT('',(0.625,0.5,0.65));
#3386 = LINE('',#3387,#3388);
#3387 = CARTESIAN_POINT('',(0.625,0.5,0.490902212274));
#3388 = VECTOR('',#3389,1.);
#3389 = DIRECTION('',(0.,0.,1.));
#3390 = ORIENTED_EDGE('',*,*,#3023,.T.);
#3391 = ORIENTED_EDGE('',*,*,#3392,.T.);
#3392 = EDGE_CURVE('',#3016,#3393,#3395,.T.);
#3393 = VERTEX_POINT('',#3394);
#3394 = CARTESIAN_POINT('',(0.625,0.15,0.65));
#3395 = LINE('',#3396,#3397);
#3396 = CARTESIAN_POINT('',(0.625,0.15,0.490902212274));
#3397 = VECTOR('',#3398,1.);
#3398 = DIRECTION('',(0.,0.,1.));
#3399 = ORIENTED_EDGE('',*,*,#3400,.F.);
#3400 = EDGE_CURVE('',#3384,#3393,#3401,.T.);
#3401 = LINE('',#3402,#3403);
#3402 = CARTESIAN_POINT('',(0.625,0.905,0.65));
#3403 = VECTOR('',#3404,1.);
#3404 = DIRECTION('',(2.22044604925E-16,-1.,0.));
#3405 = PLANE('',#3406);
#3406 = AXIS2_PLACEMENT_3D('',#3407,#3408,#3409);
#3407 = CARTESIAN_POINT('',(0.625,0.905,0.65));
#3408 = DIRECTION('',(-1.,-2.22044604925E-16,0.));
#3409 = DIRECTION('',(2.22044604925E-16,-1.,0.));
#3410 = ADVANCED_FACE('',(#3411),#3436,.F.);
#3411 = FACE_BOUND('',#3412,.F.);
#3412 = EDGE_LOOP('',(#3413,#3421,#3422,#3430));
#3413 = ORIENTED_EDGE('',*,*,#3414,.F.);
#3414 = EDGE_CURVE('',#3008,#3415,#3417,.T.);
#3415 = VERTEX_POINT('',#3416);
#3416 = CARTESIAN_POINT('',(0.625,-0.15,0.65));
#3417 = LINE('',#3418,#3419);
#3418 = CARTESIAN_POINT('',(0.625,-0.15,0.490902212274));
#3419 = VECTOR('',#3420,1.);
#3420 = DIRECTION('',(0.,0.,1.));
#3421 = ORIENTED_EDGE('',*,*,#3007,.T.);
#3422 = ORIENTED_EDGE('',*,*,#3423,.T.);
#3423 = EDGE_CURVE('',#3000,#3424,#3426,.T.);
#3424 = VERTEX_POINT('',#3425);
#3425 = CARTESIAN_POINT('',(0.625,-0.5,0.65));
#3426 = LINE('',#3427,#3428);
#3427 = CARTESIAN_POINT('',(0.625,-0.5,0.490902212274));
#3428 = VECTOR('',#3429,1.);
#3429 = DIRECTION('',(0.,0.,1.));
#3430 = ORIENTED_EDGE('',*,*,#3431,.F.);
#3431 = EDGE_CURVE('',#3415,#3424,#3432,.T.);
#3432 = LINE('',#3433,#3434);
#3433 = CARTESIAN_POINT('',(0.625,0.905,0.65));
#3434 = VECTOR('',#3435,1.);
#3435 = DIRECTION('',(2.22044604925E-16,-1.,0.));
#3436 = PLANE('',#3437);
#3437 = AXIS2_PLACEMENT_3D('',#3438,#3439,#3440);
#3438 = CARTESIAN_POINT('',(0.625,0.905,0.65));
#3439 = DIRECTION('',(-1.,-2.22044604925E-16,0.));
#3440 = DIRECTION('',(2.22044604925E-16,-1.,0.));
#3441 = ADVANCED_FACE('',(#3442),#3469,.F.);
#3442 = FACE_BOUND('',#3443,.F.);
#3443 = EDGE_LOOP('',(#3444,#3445,#3454,#3462));
#3444 = ORIENTED_EDGE('',*,*,#3015,.T.);
#3445 = ORIENTED_EDGE('',*,*,#3446,.T.);
#3446 = EDGE_CURVE('',#3008,#3447,#3449,.T.);
#3447 = VERTEX_POINT('',#3448);
#3448 = CARTESIAN_POINT('',(0.725,-0.15,0.4));
#3449 = CIRCLE('',#3450,0.1);
#3450 = AXIS2_PLACEMENT_3D('',#3451,#3452,#3453);
#3451 = CARTESIAN_POINT('',(0.625,-0.15,0.4));
#3452 = DIRECTION('',(-2.22044604925E-16,1.,0.));
#3453 = DIRECTION('',(1.110223024625E-15,2.465190328815E-31,1.));
#3454 = ORIENTED_EDGE('',*,*,#3455,.F.);
#3455 = EDGE_CURVE('',#3456,#3447,#3458,.T.);
#3456 = VERTEX_POINT('',#3457);
#3457 = CARTESIAN_POINT('',(0.725,0.15,0.4));
#3458 = LINE('',#3459,#3460);
#3459 = CARTESIAN_POINT('',(0.725,0.15,0.4));
#3460 = VECTOR('',#3461,1.);
#3461 = DIRECTION('',(2.22044604925E-16,-1.,0.));
#3462 = ORIENTED_EDGE('',*,*,#3463,.F.);
#3463 = EDGE_CURVE('',#3016,#3456,#3464,.T.);
#3464 = CIRCLE('',#3465,0.1);
#3465 = AXIS2_PLACEMENT_3D('',#3466,#3467,#3468);
#3466 = CARTESIAN_POINT('',(0.625,0.15,0.4));
#3467 = DIRECTION('',(-2.22044604925E-16,1.,0.));
#3468 = DIRECTION('',(1.110223024625E-15,2.465190328815E-31,1.));
#3469 = CYLINDRICAL_SURFACE('',#3470,0.1);
#3470 = AXIS2_PLACEMENT_3D('',#3471,#3472,#3473);
#3471 = CARTESIAN_POINT('',(0.625,0.15,0.4));
#3472 = DIRECTION('',(-2.22044604925E-16,1.,0.));
#3473 = DIRECTION('',(1.110223024625E-15,2.465190328815E-31,1.));
#3474 = ADVANCED_FACE('',(#3475),#3492,.F.);
#3475 = FACE_BOUND('',#3476,.F.);
#3476 = EDGE_LOOP('',(#3477,#3478,#3485,#3491));
#3477 = ORIENTED_EDGE('',*,*,#3062,.T.);
#3478 = ORIENTED_EDGE('',*,*,#3479,.T.);
#3479 = EDGE_CURVE('',#3056,#3480,#3482,.T.);
#3480 = VERTEX_POINT('',#3481);
#3481 = CARTESIAN_POINT('',(0.53,-1.,0.65));
#3482 = B_SPLINE_CURVE_WITH_KNOTS('',1,(#3483,#3484),.UNSPECIFIED.,.F.,
  .F.,(2,2),(0.,1.),.PIECEWISE_BEZIER_KNOTS.);
#3483 = CARTESIAN_POINT('',(0.53,-1.,0.5));
#3484 = CARTESIAN_POINT('',(0.53,-1.,0.65));
#3485 = ORIENTED_EDGE('',*,*,#3486,.F.);
#3486 = EDGE_CURVE('',#3297,#3480,#3487,.T.);
#3487 = LINE('',#3488,#3489);
#3488 = CARTESIAN_POINT('',(0.625,-0.905,0.65));
#3489 = VECTOR('',#3490,1.);
#3490 = DIRECTION('',(-0.707106781187,-0.707106781187,0.));
#3491 = ORIENTED_EDGE('',*,*,#3296,.F.);
#3492 = PLANE('',#3493);
#3493 = AXIS2_PLACEMENT_3D('',#3494,#3495,#3496);
#3494 = CARTESIAN_POINT('',(0.625,-0.905,0.65));
#3495 = DIRECTION('',(-0.707106781187,0.707106781187,0.));
#3496 = DIRECTION('',(-0.707106781187,-0.707106781187,0.));
#3497 = ADVANCED_FACE('',(#3498),#3515,.F.);
#3498 = FACE_BOUND('',#3499,.F.);
#3499 = EDGE_LOOP('',(#3500,#3501,#3508,#3514));
#3500 = ORIENTED_EDGE('',*,*,#3085,.T.);
#3501 = ORIENTED_EDGE('',*,*,#3502,.T.);
#3502 = EDGE_CURVE('',#3079,#3503,#3505,.T.);
#3503 = VERTEX_POINT('',#3504);
#3504 = CARTESIAN_POINT('',(-0.53,-1.,0.65));
#3505 = B_SPLINE_CURVE_WITH_KNOTS('',1,(#3506,#3507),.UNSPECIFIED.,.F.,
  .F.,(2,2),(0.,1.),.PIECEWISE_BEZIER_KNOTS.);
#3506 = CARTESIAN_POINT('',(-0.53,-1.,0.5));
#3507 = CARTESIAN_POINT('',(-0.53,-1.,0.65));
#3508 = ORIENTED_EDGE('',*,*,#3509,.F.);
#3509 = EDGE_CURVE('',#3480,#3503,#3510,.T.);
#3510 = LINE('',#3511,#3512);
#3511 = CARTESIAN_POINT('',(0.53,-1.,0.65));
#3512 = VECTOR('',#3513,1.);
#3513 = DIRECTION('',(-1.,-2.22044604925E-16,0.));
#3514 = ORIENTED_EDGE('',*,*,#3479,.F.);
#3515 = PLANE('',#3516);
#3516 = AXIS2_PLACEMENT_3D('',#3517,#3518,#3519);
#3517 = CARTESIAN_POINT('',(0.53,-1.,0.65));
#3518 = DIRECTION('',(-2.22044604925E-16,1.,0.));
#3519 = DIRECTION('',(-1.,-2.22044604925E-16,0.));
#3520 = ADVANCED_FACE('',(#3521),#3538,.F.);
#3521 = FACE_BOUND('',#3522,.F.);
#3522 = EDGE_LOOP('',(#3523,#3524,#3531,#3537));
#3523 = ORIENTED_EDGE('',*,*,#3108,.T.);
#3524 = ORIENTED_EDGE('',*,*,#3525,.T.);
#3525 = EDGE_CURVE('',#3102,#3526,#3528,.T.);
#3526 = VERTEX_POINT('',#3527);
#3527 = CARTESIAN_POINT('',(-0.625,-0.905,0.65));
#3528 = B_SPLINE_CURVE_WITH_KNOTS('',1,(#3529,#3530),.UNSPECIFIED.,.F.,
  .F.,(2,2),(0.,1.),.PIECEWISE_BEZIER_KNOTS.);
#3529 = CARTESIAN_POINT('',(-0.625,-0.905,0.5));
#3530 = CARTESIAN_POINT('',(-0.625,-0.905,0.65));
#3531 = ORIENTED_EDGE('',*,*,#3532,.F.);
#3532 = EDGE_CURVE('',#3503,#3526,#3533,.T.);
#3533 = LINE('',#3534,#3535);
#3534 = CARTESIAN_POINT('',(-0.53,-1.,0.65));
#3535 = VECTOR('',#3536,1.);
#3536 = DIRECTION('',(-0.707106781187,0.707106781187,0.));
#3537 = ORIENTED_EDGE('',*,*,#3502,.F.);
#3538 = PLANE('',#3539);
#3539 = AXIS2_PLACEMENT_3D('',#3540,#3541,#3542);
#3540 = CARTESIAN_POINT('',(-0.53,-1.,0.65));
#3541 = DIRECTION('',(0.707106781187,0.707106781187,0.));
#3542 = DIRECTION('',(-0.707106781187,0.707106781187,0.));
#3543 = ADVANCED_FACE('',(#3544),#3562,.F.);
#3544 = FACE_BOUND('',#3545,.F.);
#3545 = EDGE_LOOP('',(#3546,#3547,#3548,#3556));
#3546 = ORIENTED_EDGE('',*,*,#3525,.F.);
#3547 = ORIENTED_EDGE('',*,*,#3173,.T.);
#3548 = ORIENTED_EDGE('',*,*,#3549,.T.);
#3549 = EDGE_CURVE('',#3166,#3550,#3552,.T.);
#3550 = VERTEX_POINT('',#3551);
#3551 = CARTESIAN_POINT('',(-0.625,-0.8,0.65));
#3552 = LINE('',#3553,#3554);
#3553 = CARTESIAN_POINT('',(-0.625,-0.8,0.490902212274));
#3554 = VECTOR('',#3555,1.);
#3555 = DIRECTION('',(0.,0.,1.));
#3556 = ORIENTED_EDGE('',*,*,#3557,.F.);
#3557 = EDGE_CURVE('',#3526,#3550,#3558,.T.);
#3558 = LINE('',#3559,#3560);
#3559 = CARTESIAN_POINT('',(-0.625,-0.905,0.65));
#3560 = VECTOR('',#3561,1.);
#3561 = DIRECTION('',(-2.22044604925E-16,1.,0.));
#3562 = PLANE('',#3563);
#3563 = AXIS2_PLACEMENT_3D('',#3564,#3565,#3566);
#3564 = CARTESIAN_POINT('',(-0.625,-0.905,0.65));
#3565 = DIRECTION('',(1.,2.22044604925E-16,0.));
#3566 = DIRECTION('',(-2.22044604925E-16,1.,0.));
#3567 = ADVANCED_FACE('',(#3568),#3586,.F.);
#3568 = FACE_BOUND('',#3569,.F.);
#3569 = EDGE_LOOP('',(#3570,#3578,#3579,#3580));
#3570 = ORIENTED_EDGE('',*,*,#3571,.F.);
#3571 = EDGE_CURVE('',#3126,#3572,#3574,.T.);
#3572 = VERTEX_POINT('',#3573);
#3573 = CARTESIAN_POINT('',(-0.625,0.8,0.65));
#3574 = LINE('',#3575,#3576);
#3575 = CARTESIAN_POINT('',(-0.625,0.8,0.490902212274));
#3576 = VECTOR('',#3577,1.);
#3577 = DIRECTION('',(0.,0.,1.));
#3578 = ORIENTED_EDGE('',*,*,#3125,.T.);
#3579 = ORIENTED_EDGE('',*,*,#3250,.T.);
#3580 = ORIENTED_EDGE('',*,*,#3581,.F.);
#3581 = EDGE_CURVE('',#3572,#3243,#3582,.T.);
#3582 = LINE('',#3583,#3584);
#3583 = CARTESIAN_POINT('',(-0.625,-0.905,0.65));
#3584 = VECTOR('',#3585,1.);
#3585 = DIRECTION('',(-2.22044604925E-16,1.,0.));
#3586 = PLANE('',#3587);
#3587 = AXIS2_PLACEMENT_3D('',#3588,#3589,#3590);
#3588 = CARTESIAN_POINT('',(-0.625,-0.905,0.65));
#3589 = DIRECTION('',(1.,2.22044604925E-16,0.));
#3590 = DIRECTION('',(-2.22044604925E-16,1.,0.));
#3591 = ADVANCED_FACE('',(#3592),#3619,.F.);
#3592 = FACE_BOUND('',#3593,.F.);
#3593 = EDGE_LOOP('',(#3594,#3595,#3604,#3612));
#3594 = ORIENTED_EDGE('',*,*,#3165,.T.);
#3595 = ORIENTED_EDGE('',*,*,#3596,.T.);
#3596 = EDGE_CURVE('',#3158,#3597,#3599,.T.);
#3597 = VERTEX_POINT('',#3598);
#3598 = CARTESIAN_POINT('',(-0.725,-0.5,0.4));
#3599 = CIRCLE('',#3600,0.1);
#3600 = AXIS2_PLACEMENT_3D('',#3601,#3602,#3603);
#3601 = CARTESIAN_POINT('',(-0.625,-0.5,0.4));
#3602 = DIRECTION('',(9.95799250103E-17,-1.,0.));
#3603 = DIRECTION('',(-1.110223024625E-15,-1.105559255369E-31,1.));
#3604 = ORIENTED_EDGE('',*,*,#3605,.F.);
#3605 = EDGE_CURVE('',#3606,#3597,#3608,.T.);
#3606 = VERTEX_POINT('',#3607);
#3607 = CARTESIAN_POINT('',(-0.725,-0.8,0.4));
#3608 = LINE('',#3609,#3610);
#3609 = CARTESIAN_POINT('',(-0.725,-0.8,0.4));
#3610 = VECTOR('',#3611,1.);
#3611 = DIRECTION('',(-9.95799250103E-17,1.,0.));
#3612 = ORIENTED_EDGE('',*,*,#3613,.F.);
#3613 = EDGE_CURVE('',#3166,#3606,#3614,.T.);
#3614 = CIRCLE('',#3615,0.1);
#3615 = AXIS2_PLACEMENT_3D('',#3616,#3617,#3618);
#3616 = CARTESIAN_POINT('',(-0.625,-0.8,0.4));
#3617 = DIRECTION('',(9.95799250103E-17,-1.,0.));
#3618 = DIRECTION('',(-1.110223024625E-15,-1.105559255369E-31,1.));
#3619 = CYLINDRICAL_SURFACE('',#3620,0.1);
#3620 = AXIS2_PLACEMENT_3D('',#3621,#3622,#3623);
#3621 = CARTESIAN_POINT('',(-0.625,-0.8,0.4));
#3622 = DIRECTION('',(9.95799250103E-17,-1.,0.));
#3623 = DIRECTION('',(-1.110223024625E-15,-1.105559255369E-31,1.));
#3624 = ADVANCED_FACE('',(#3625),#3652,.F.);
#3625 = FACE_BOUND('',#3626,.F.);
#3626 = EDGE_LOOP('',(#3627,#3628,#3637,#3645));
#3627 = ORIENTED_EDGE('',*,*,#3133,.T.);
#3628 = ORIENTED_EDGE('',*,*,#3629,.T.);
#3629 = EDGE_CURVE('',#3126,#3630,#3632,.T.);
#3630 = VERTEX_POINT('',#3631);
#3631 = CARTESIAN_POINT('',(-0.725,0.8,0.4));
#3632 = CIRCLE('',#3633,0.1);
#3633 = AXIS2_PLACEMENT_3D('',#3634,#3635,#3636);
#3634 = CARTESIAN_POINT('',(-0.625,0.8,0.4));
#3635 = DIRECTION('',(9.95799250103E-17,-1.,0.));
#3636 = DIRECTION('',(-1.110223024625E-15,-1.105559255369E-31,1.));
#3637 = ORIENTED_EDGE('',*,*,#3638,.F.);
#3638 = EDGE_CURVE('',#3639,#3630,#3641,.T.);
#3639 = VERTEX_POINT('',#3640);
#3640 = CARTESIAN_POINT('',(-0.725,0.5,0.4));
#3641 = LINE('',#3642,#3643);
#3642 = CARTESIAN_POINT('',(-0.725,0.5,0.4));
#3643 = VECTOR('',#3644,1.);
#3644 = DIRECTION('',(-9.95799250103E-17,1.,0.));
#3645 = ORIENTED_EDGE('',*,*,#3646,.F.);
#3646 = EDGE_CURVE('',#3134,#3639,#3647,.T.);
#3647 = CIRCLE('',#3648,0.1);
#3648 = AXIS2_PLACEMENT_3D('',#3649,#3650,#3651);
#3649 = CARTESIAN_POINT('',(-0.625,0.5,0.4));
#3650 = DIRECTION('',(9.95799250103E-17,-1.,0.));
#3651 = DIRECTION('',(-1.110223024625E-15,-1.105559255369E-31,1.));
#3652 = CYLINDRICAL_SURFACE('',#3653,0.1);
#3653 = AXIS2_PLACEMENT_3D('',#3654,#3655,#3656);
#3654 = CARTESIAN_POINT('',(-0.625,0.5,0.4));
#3655 = DIRECTION('',(9.95799250103E-17,-1.,0.));
#3656 = DIRECTION('',(-1.110223024625E-15,-1.105559255369E-31,1.));
#3657 = ADVANCED_FACE('',(#3658),#3683,.F.);
#3658 = FACE_BOUND('',#3659,.F.);
#3659 = EDGE_LOOP('',(#3660,#3668,#3669,#3677));
#3660 = ORIENTED_EDGE('',*,*,#3661,.F.);
#3661 = EDGE_CURVE('',#3158,#3662,#3664,.T.);
#3662 = VERTEX_POINT('',#3663);
#3663 = CARTESIAN_POINT('',(-0.625,-0.5,0.65));
#3664 = LINE('',#3665,#3666);
#3665 = CARTESIAN_POINT('',(-0.625,-0.5,0.490902212274));
#3666 = VECTOR('',#3667,1.);
#3667 = DIRECTION('',(0.,0.,1.));
#3668 = ORIENTED_EDGE('',*,*,#3157,.T.);
#3669 = ORIENTED_EDGE('',*,*,#3670,.T.);
#3670 = EDGE_CURVE('',#3150,#3671,#3673,.T.);
#3671 = VERTEX_POINT('',#3672);
#3672 = CARTESIAN_POINT('',(-0.625,-0.15,0.65));
#3673 = LINE('',#3674,#3675);
#3674 = CARTESIAN_POINT('',(-0.625,-0.15,0.490902212274));
#3675 = VECTOR('',#3676,1.);
#3676 = DIRECTION('',(0.,0.,1.));
#3677 = ORIENTED_EDGE('',*,*,#3678,.F.);
#3678 = EDGE_CURVE('',#3662,#3671,#3679,.T.);
#3679 = LINE('',#3680,#3681);
#3680 = CARTESIAN_POINT('',(-0.625,-0.905,0.65));
#3681 = VECTOR('',#3682,1.);
#3682 = DIRECTION('',(-2.22044604925E-16,1.,0.));
#3683 = PLANE('',#3684);
#3684 = AXIS2_PLACEMENT_3D('',#3685,#3686,#3687);
#3685 = CARTESIAN_POINT('',(-0.625,-0.905,0.65));
#3686 = DIRECTION('',(1.,2.22044604925E-16,0.));
#3687 = DIRECTION('',(-2.22044604925E-16,1.,0.));
#3688 = ADVANCED_FACE('',(#3689),#3714,.F.);
#3689 = FACE_BOUND('',#3690,.F.);
#3690 = EDGE_LOOP('',(#3691,#3699,#3700,#3708));
#3691 = ORIENTED_EDGE('',*,*,#3692,.F.);
#3692 = EDGE_CURVE('',#3142,#3693,#3695,.T.);
#3693 = VERTEX_POINT('',#3694);
#3694 = CARTESIAN_POINT('',(-0.625,0.15,0.65));
#3695 = LINE('',#3696,#3697);
#3696 = CARTESIAN_POINT('',(-0.625,0.15,0.490902212274));
#3697 = VECTOR('',#3698,1.);
#3698 = DIRECTION('',(0.,0.,1.));
#3699 = ORIENTED_EDGE('',*,*,#3141,.T.);
#3700 = ORIENTED_EDGE('',*,*,#3701,.T.);
#3701 = EDGE_CURVE('',#3134,#3702,#3704,.T.);
#3702 = VERTEX_POINT('',#3703);
#3703 = CARTESIAN_POINT('',(-0.625,0.5,0.65));
#3704 = LINE('',#3705,#3706);
#3705 = CARTESIAN_POINT('',(-0.625,0.5,0.490902212274));
#3706 = VECTOR('',#3707,1.);
#3707 = DIRECTION('',(0.,0.,1.));
#3708 = ORIENTED_EDGE('',*,*,#3709,.F.);
#3709 = EDGE_CURVE('',#3693,#3702,#3710,.T.);
#3710 = LINE('',#3711,#3712);
#3711 = CARTESIAN_POINT('',(-0.625,-0.905,0.65));
#3712 = VECTOR('',#3713,1.);
#3713 = DIRECTION('',(-2.22044604925E-16,1.,0.));
#3714 = PLANE('',#3715);
#3715 = AXIS2_PLACEMENT_3D('',#3716,#3717,#3718);
#3716 = CARTESIAN_POINT('',(-0.625,-0.905,0.65));
#3717 = DIRECTION('',(1.,2.22044604925E-16,0.));
#3718 = DIRECTION('',(-2.22044604925E-16,1.,0.));
#3719 = ADVANCED_FACE('',(#3720),#3747,.F.);
#3720 = FACE_BOUND('',#3721,.F.);
#3721 = EDGE_LOOP('',(#3722,#3723,#3732,#3740));
#3722 = ORIENTED_EDGE('',*,*,#3149,.T.);
#3723 = ORIENTED_EDGE('',*,*,#3724,.T.);
#3724 = EDGE_CURVE('',#3142,#3725,#3727,.T.);
#3725 = VERTEX_POINT('',#3726);
#3726 = CARTESIAN_POINT('',(-0.725,0.15,0.4));
#3727 = CIRCLE('',#3728,0.1);
#3728 = AXIS2_PLACEMENT_3D('',#3729,#3730,#3731);
#3729 = CARTESIAN_POINT('',(-0.625,0.15,0.4));
#3730 = DIRECTION('',(9.95799250103E-17,-1.,0.));
#3731 = DIRECTION('',(-1.110223024625E-15,-1.105559255369E-31,1.));
#3732 = ORIENTED_EDGE('',*,*,#3733,.F.);
#3733 = EDGE_CURVE('',#3734,#3725,#3736,.T.);
#3734 = VERTEX_POINT('',#3735);
#3735 = CARTESIAN_POINT('',(-0.725,-0.15,0.4));
#3736 = LINE('',#3737,#3738);
#3737 = CARTESIAN_POINT('',(-0.725,-0.15,0.4));
#3738 = VECTOR('',#3739,1.);
#3739 = DIRECTION('',(-9.95799250103E-17,1.,0.));
#3740 = ORIENTED_EDGE('',*,*,#3741,.F.);
#3741 = EDGE_CURVE('',#3150,#3734,#3742,.T.);
#3742 = CIRCLE('',#3743,0.1);
#3743 = AXIS2_PLACEMENT_3D('',#3744,#3745,#3746);
#3744 = CARTESIAN_POINT('',(-0.625,-0.15,0.4));
#3745 = DIRECTION('',(9.95799250103E-17,-1.,0.));
#3746 = DIRECTION('',(-1.110223024625E-15,-1.105559255369E-31,1.));
#3747 = CYLINDRICAL_SURFACE('',#3748,0.1);
#3748 = AXIS2_PLACEMENT_3D('',#3749,#3750,#3751);
#3749 = CARTESIAN_POINT('',(-0.625,-0.15,0.4));
#3750 = DIRECTION('',(9.95799250103E-17,-1.,0.));
#3751 = DIRECTION('',(-1.110223024625E-15,-1.105559255369E-31,1.));
#3752 = ADVANCED_FACE('',(#3753),#3770,.F.);
#3753 = FACE_BOUND('',#3754,.F.);
#3754 = EDGE_LOOP('',(#3755,#3756,#3763,#3769));
#3755 = ORIENTED_EDGE('',*,*,#3196,.T.);
#3756 = ORIENTED_EDGE('',*,*,#3757,.T.);
#3757 = EDGE_CURVE('',#3190,#3758,#3760,.T.);
#3758 = VERTEX_POINT('',#3759);
#3759 = CARTESIAN_POINT('',(0.6,0.8925,0.65));
#3760 = B_SPLINE_CURVE_WITH_KNOTS('',1,(#3761,#3762),.UNSPECIFIED.,.F.,
  .F.,(2,2),(0.,1.),.PIECEWISE_BEZIER_KNOTS.);
#3761 = CARTESIAN_POINT('',(0.625,0.905,0.65));
#3762 = CARTESIAN_POINT('',(0.6,0.8925,0.65));
#3763 = ORIENTED_EDGE('',*,*,#3764,.F.);
#3764 = EDGE_CURVE('',#3213,#3758,#3765,.T.);
#3765 = LINE('',#3766,#3767);
#3766 = CARTESIAN_POINT('',(0.5175,0.975,0.65));
#3767 = VECTOR('',#3768,1.);
#3768 = DIRECTION('',(0.707106781187,-0.707106781187,0.));
#3769 = ORIENTED_EDGE('',*,*,#3212,.F.);
#3770 = B_SPLINE_SURFACE_WITH_KNOTS('',1,1,(
    (#3771,#3772)
    ,(#3773,#3774
    )),.UNSPECIFIED.,.F.,.F.,.F.,(2,2),(2,2),(0.,0.134350288425),(0.,1.)
  ,.PIECEWISE_BEZIER_KNOTS.);
#3771 = CARTESIAN_POINT('',(0.53,1.,0.65));
#3772 = CARTESIAN_POINT('',(0.5175,0.975,0.65));
#3773 = CARTESIAN_POINT('',(0.625,0.905,0.65));
#3774 = CARTESIAN_POINT('',(0.6,0.8925,0.65));
#3775 = ADVANCED_FACE('',(#3776),#3799,.F.);
#3776 = FACE_BOUND('',#3777,.F.);
#3777 = EDGE_LOOP('',(#3778,#3779,#3786,#3794));
#3778 = ORIENTED_EDGE('',*,*,#3219,.T.);
#3779 = ORIENTED_EDGE('',*,*,#3780,.T.);
#3780 = EDGE_CURVE('',#3213,#3781,#3783,.T.);
#3781 = VERTEX_POINT('',#3782);
#3782 = CARTESIAN_POINT('',(0.48939183306,0.918783666119,1.05));
#3783 = B_SPLINE_CURVE_WITH_KNOTS('',1,(#3784,#3785),.UNSPECIFIED.,.F.,
  .F.,(2,2),(0.,1.),.PIECEWISE_BEZIER_KNOTS.);
#3784 = CARTESIAN_POINT('',(0.5175,0.975,0.65));
#3785 = CARTESIAN_POINT('',(0.48939183306,0.918783666119,1.05));
#3786 = ORIENTED_EDGE('',*,*,#3787,.F.);
#3787 = EDGE_CURVE('',#3788,#3781,#3790,.T.);
#3788 = VERTEX_POINT('',#3789);
#3789 = CARTESIAN_POINT('',(-0.48939183306,0.918783666119,1.05));
#3790 = LINE('',#3791,#3792);
#3791 = CARTESIAN_POINT('',(-0.48939183306,0.918783666119,1.05));
#3792 = VECTOR('',#3793,1.);
#3793 = DIRECTION('',(1.,2.22044604925E-16,0.));
#3794 = ORIENTED_EDGE('',*,*,#3795,.F.);
#3795 = EDGE_CURVE('',#3220,#3788,#3796,.T.);
#3796 = B_SPLINE_CURVE_WITH_KNOTS('',1,(#3797,#3798),.UNSPECIFIED.,.F.,
  .F.,(2,2),(0.,1.),.PIECEWISE_BEZIER_KNOTS.);
#3797 = CARTESIAN_POINT('',(-0.5175,0.975,0.65));
#3798 = CARTESIAN_POINT('',(-0.48939183306,0.918783666119,1.05));
#3799 = B_SPLINE_SURFACE_WITH_KNOTS('',1,1,(
    (#3800,#3801)
    ,(#3802,#3803
    )),.UNSPECIFIED.,.F.,.F.,.F.,(2,2),(2,2),(0.,1.035),(0.,1.),
  .PIECEWISE_BEZIER_KNOTS.);
#3800 = CARTESIAN_POINT('',(-0.5175,0.975,0.65));
#3801 = CARTESIAN_POINT('',(-0.48939183306,0.918783666119,1.05));
#3802 = CARTESIAN_POINT('',(0.5175,0.975,0.65));
#3803 = CARTESIAN_POINT('',(0.48939183306,0.918783666119,1.05));
#3804 = ADVANCED_FACE('',(#3805),#3822,.F.);
#3805 = FACE_BOUND('',#3806,.F.);
#3806 = EDGE_LOOP('',(#3807,#3808,#3809,#3817));
#3807 = ORIENTED_EDGE('',*,*,#3242,.T.);
#3808 = ORIENTED_EDGE('',*,*,#3227,.T.);
#3809 = ORIENTED_EDGE('',*,*,#3810,.F.);
#3810 = EDGE_CURVE('',#3811,#3220,#3813,.T.);
#3811 = VERTEX_POINT('',#3812);
#3812 = CARTESIAN_POINT('',(-0.6,0.8925,0.65));
#3813 = LINE('',#3814,#3815);
#3814 = CARTESIAN_POINT('',(-0.6,0.8925,0.65));
#3815 = VECTOR('',#3816,1.);
#3816 = DIRECTION('',(0.707106781187,0.707106781187,0.));
#3817 = ORIENTED_EDGE('',*,*,#3818,.F.);
#3818 = EDGE_CURVE('',#3243,#3811,#3819,.T.);
#3819 = B_SPLINE_CURVE_WITH_KNOTS('',1,(#3820,#3821),.UNSPECIFIED.,.F.,
  .F.,(2,2),(0.,1.),.PIECEWISE_BEZIER_KNOTS.);
#3820 = CARTESIAN_POINT('',(-0.625,0.905,0.65));
#3821 = CARTESIAN_POINT('',(-0.6,0.8925,0.65));
#3822 = B_SPLINE_SURFACE_WITH_KNOTS('',1,1,(
    (#3823,#3824)
    ,(#3825,#3826
    )),.UNSPECIFIED.,.F.,.F.,.F.,(2,2),(2,2),(0.,0.134350288425),(0.,1.)
  ,.PIECEWISE_BEZIER_KNOTS.);
#3823 = CARTESIAN_POINT('',(-0.625,0.905,0.65));
#3824 = CARTESIAN_POINT('',(-0.6,0.8925,0.65));
#3825 = CARTESIAN_POINT('',(-0.53,1.,0.65));
#3826 = CARTESIAN_POINT('',(-0.5175,0.975,0.65));
#3827 = ADVANCED_FACE('',(#3828),#3846,.F.);
#3828 = FACE_BOUND('',#3829,.F.);
#3829 = EDGE_LOOP('',(#3830,#3831,#3832,#3840));
#3830 = ORIENTED_EDGE('',*,*,#3757,.F.);
#3831 = ORIENTED_EDGE('',*,*,#3273,.T.);
#3832 = ORIENTED_EDGE('',*,*,#3833,.T.);
#3833 = EDGE_CURVE('',#3266,#3834,#3836,.T.);
#3834 = VERTEX_POINT('',#3835);
#3835 = CARTESIAN_POINT('',(0.6,0.8,0.65));
#3836 = LINE('',#3837,#3838);
#3837 = CARTESIAN_POINT('',(0.625,0.8,0.65));
#3838 = VECTOR('',#3839,1.);
#3839 = DIRECTION('',(-1.,-2.22044604925E-16,0.));
#3840 = ORIENTED_EDGE('',*,*,#3841,.F.);
#3841 = EDGE_CURVE('',#3758,#3834,#3842,.T.);
#3842 = LINE('',#3843,#3844);
#3843 = CARTESIAN_POINT('',(0.6,0.8925,0.65));
#3844 = VECTOR('',#3845,1.);
#3845 = DIRECTION('',(2.22044604925E-16,-1.,0.));
#3846 = B_SPLINE_SURFACE_WITH_KNOTS('',1,1,(
    (#3847,#3848)
    ,(#3849,#3850
    )),.UNSPECIFIED.,.F.,.F.,.F.,(2,2),(2,2),(0.,1.81),(0.,1.),
  .PIECEWISE_BEZIER_KNOTS.);
#3847 = CARTESIAN_POINT('',(0.625,0.905,0.65));
#3848 = CARTESIAN_POINT('',(0.6,0.8925,0.65));
#3849 = CARTESIAN_POINT('',(0.625,-0.905,0.65));
#3850 = CARTESIAN_POINT('',(0.6,-0.8925,0.65));
#3851 = ADVANCED_FACE('',(#3852),#3921,.F.);
#3852 = FACE_BOUND('',#3853,.F.);
#3853 = EDGE_LOOP('',(#3854,#3855,#3856,#3864,#3873,#3881,#3889,#3897,
    #3906,#3914));
#3854 = ORIENTED_EDGE('',*,*,#3265,.F.);
#3855 = ORIENTED_EDGE('',*,*,#3335,.T.);
#3856 = ORIENTED_EDGE('',*,*,#3857,.T.);
#3857 = EDGE_CURVE('',#3328,#3858,#3860,.T.);
#3858 = VERTEX_POINT('',#3859);
#3859 = CARTESIAN_POINT('',(0.725,0.8,0.25));
#3860 = LINE('',#3861,#3862);
#3861 = CARTESIAN_POINT('',(0.725,0.8,0.4));
#3862 = VECTOR('',#3863,1.);
#3863 = DIRECTION('',(0.,0.,-1.));
#3864 = ORIENTED_EDGE('',*,*,#3865,.T.);
#3865 = EDGE_CURVE('',#3858,#3866,#3868,.T.);
#3866 = VERTEX_POINT('',#3867);
#3867 = CARTESIAN_POINT('',(0.975,0.8,0.));
#3868 = CIRCLE('',#3869,0.25);
#3869 = AXIS2_PLACEMENT_3D('',#3870,#3871,#3872);
#3870 = CARTESIAN_POINT('',(0.975,0.8,0.25));
#3871 = DIRECTION('',(2.22044604925E-16,-1.,0.));
#3872 = DIRECTION('',(-1.,-2.22044604925E-16,-2.22044604925E-16));
#3873 = ORIENTED_EDGE('',*,*,#3874,.T.);
#3874 = EDGE_CURVE('',#3866,#3875,#3877,.T.);
#3875 = VERTEX_POINT('',#3876);
#3876 = CARTESIAN_POINT('',(1.,0.8,0.));
#3877 = LINE('',#3878,#3879);
#3878 = CARTESIAN_POINT('',(0.975,0.8,0.));
#3879 = VECTOR('',#3880,1.);
#3880 = DIRECTION('',(1.,2.22044604925E-16,0.));
#3881 = ORIENTED_EDGE('',*,*,#3882,.T.);
#3882 = EDGE_CURVE('',#3875,#3883,#3885,.T.);
#3883 = VERTEX_POINT('',#3884);
#3884 = CARTESIAN_POINT('',(1.,0.8,0.15));
#3885 = LINE('',#3886,#3887);
#3886 = CARTESIAN_POINT('',(1.,0.8,0.));
#3887 = VECTOR('',#3888,1.);
#3888 = DIRECTION('',(0.,0.,1.));
#3889 = ORIENTED_EDGE('',*,*,#3890,.T.);
#3890 = EDGE_CURVE('',#3883,#3891,#3893,.T.);
#3891 = VERTEX_POINT('',#3892);
#3892 = CARTESIAN_POINT('',(0.975,0.8,0.15));
#3893 = LINE('',#3894,#3895);
#3894 = CARTESIAN_POINT('',(1.,0.8,0.15));
#3895 = VECTOR('',#3896,1.);
#3896 = DIRECTION('',(-1.,-2.22044604925E-16,0.));
#3897 = ORIENTED_EDGE('',*,*,#3898,.T.);
#3898 = EDGE_CURVE('',#3891,#3899,#3901,.T.);
#3899 = VERTEX_POINT('',#3900);
#3900 = CARTESIAN_POINT('',(0.875,0.8,0.25));
#3901 = CIRCLE('',#3902,0.1);
#3902 = AXIS2_PLACEMENT_3D('',#3903,#3904,#3905);
#3903 = CARTESIAN_POINT('',(0.975,0.8,0.25));
#3904 = DIRECTION('',(-2.22044604925E-16,1.,0.));
#3905 = DIRECTION('',(0.,0.,-1.));
#3906 = ORIENTED_EDGE('',*,*,#3907,.T.);
#3907 = EDGE_CURVE('',#3899,#3908,#3910,.T.);
#3908 = VERTEX_POINT('',#3909);
#3909 = CARTESIAN_POINT('',(0.875,0.8,0.4));
#3910 = LINE('',#3911,#3912);
#3911 = CARTESIAN_POINT('',(0.875,0.8,0.25));
#3912 = VECTOR('',#3913,1.);
#3913 = DIRECTION('',(0.,0.,1.));
#3914 = ORIENTED_EDGE('',*,*,#3915,.T.);
#3915 = EDGE_CURVE('',#3908,#3266,#3916,.T.);
#3916 = CIRCLE('',#3917,0.25);
#3917 = AXIS2_PLACEMENT_3D('',#3918,#3919,#3920);
#3918 = CARTESIAN_POINT('',(0.625,0.8,0.4));
#3919 = DIRECTION('',(2.22044604925E-16,-1.,0.));
#3920 = DIRECTION('',(1.,2.22044604925E-16,4.440892098501E-16));
#3921 = PLANE('',#3922);
#3922 = AXIS2_PLACEMENT_3D('',#3923,#3924,#3925);
#3923 = CARTESIAN_POINT('',(0.79217491177,0.8,0.331804424548));
#3924 = DIRECTION('',(2.22044604925E-16,-1.,0.));
#3925 = DIRECTION('',(0.,0.,1.));
#3926 = ADVANCED_FACE('',(#3927),#3996,.T.);
#3927 = FACE_BOUND('',#3928,.T.);
#3928 = EDGE_LOOP('',(#3929,#3930,#3931,#3939,#3948,#3956,#3964,#3972,
    #3981,#3989));
#3929 = ORIENTED_EDGE('',*,*,#3287,.F.);
#3930 = ORIENTED_EDGE('',*,*,#3351,.T.);
#3931 = ORIENTED_EDGE('',*,*,#3932,.T.);
#3932 = EDGE_CURVE('',#3352,#3933,#3935,.T.);
#3933 = VERTEX_POINT('',#3934);
#3934 = CARTESIAN_POINT('',(0.725,-0.8,0.25));
#3935 = LINE('',#3936,#3937);
#3936 = CARTESIAN_POINT('',(0.725,-0.8,0.4));
#3937 = VECTOR('',#3938,1.);
#3938 = DIRECTION('',(0.,0.,-1.));
#3939 = ORIENTED_EDGE('',*,*,#3940,.T.);
#3940 = EDGE_CURVE('',#3933,#3941,#3943,.T.);
#3941 = VERTEX_POINT('',#3942);
#3942 = CARTESIAN_POINT('',(0.975,-0.8,0.));
#3943 = CIRCLE('',#3944,0.25);
#3944 = AXIS2_PLACEMENT_3D('',#3945,#3946,#3947);
#3945 = CARTESIAN_POINT('',(0.975,-0.8,0.25));
#3946 = DIRECTION('',(2.22044604925E-16,-1.,0.));
#3947 = DIRECTION('',(-1.,-2.22044604925E-16,-2.22044604925E-16));
#3948 = ORIENTED_EDGE('',*,*,#3949,.T.);
#3949 = EDGE_CURVE('',#3941,#3950,#3952,.T.);
#3950 = VERTEX_POINT('',#3951);
#3951 = CARTESIAN_POINT('',(1.,-0.8,0.));
#3952 = LINE('',#3953,#3954);
#3953 = CARTESIAN_POINT('',(0.975,-0.8,0.));
#3954 = VECTOR('',#3955,1.);
#3955 = DIRECTION('',(1.,2.22044604925E-16,0.));
#3956 = ORIENTED_EDGE('',*,*,#3957,.T.);
#3957 = EDGE_CURVE('',#3950,#3958,#3960,.T.);
#3958 = VERTEX_POINT('',#3959);
#3959 = CARTESIAN_POINT('',(1.,-0.8,0.15));
#3960 = LINE('',#3961,#3962);
#3961 = CARTESIAN_POINT('',(1.,-0.8,0.));
#3962 = VECTOR('',#3963,1.);
#3963 = DIRECTION('',(0.,0.,1.));
#3964 = ORIENTED_EDGE('',*,*,#3965,.T.);
#3965 = EDGE_CURVE('',#3958,#3966,#3968,.T.);
#3966 = VERTEX_POINT('',#3967);
#3967 = CARTESIAN_POINT('',(0.975,-0.8,0.15));
#3968 = LINE('',#3969,#3970);
#3969 = CARTESIAN_POINT('',(1.,-0.8,0.15));
#3970 = VECTOR('',#3971,1.);
#3971 = DIRECTION('',(-1.,-2.22044604925E-16,0.));
#3972 = ORIENTED_EDGE('',*,*,#3973,.T.);
#3973 = EDGE_CURVE('',#3966,#3974,#3976,.T.);
#3974 = VERTEX_POINT('',#3975);
#3975 = CARTESIAN_POINT('',(0.875,-0.8,0.25));
#3976 = CIRCLE('',#3977,0.1);
#3977 = AXIS2_PLACEMENT_3D('',#3978,#3979,#3980);
#3978 = CARTESIAN_POINT('',(0.975,-0.8,0.25));
#3979 = DIRECTION('',(-2.22044604925E-16,1.,0.));
#3980 = DIRECTION('',(0.,0.,-1.));
#3981 = ORIENTED_EDGE('',*,*,#3982,.T.);
#3982 = EDGE_CURVE('',#3974,#3983,#3985,.T.);
#3983 = VERTEX_POINT('',#3984);
#3984 = CARTESIAN_POINT('',(0.875,-0.8,0.4));
#3985 = LINE('',#3986,#3987);
#3986 = CARTESIAN_POINT('',(0.875,-0.8,0.25));
#3987 = VECTOR('',#3988,1.);
#3988 = DIRECTION('',(0.,0.,1.));
#3989 = ORIENTED_EDGE('',*,*,#3990,.T.);
#3990 = EDGE_CURVE('',#3983,#3288,#3991,.T.);
#3991 = CIRCLE('',#3992,0.25);
#3992 = AXIS2_PLACEMENT_3D('',#3993,#3994,#3995);
#3993 = CARTESIAN_POINT('',(0.625,-0.8,0.4));
#3994 = DIRECTION('',(2.22044604925E-16,-1.,0.));
#3995 = DIRECTION('',(1.,2.22044604925E-16,4.440892098501E-16));
#3996 = PLANE('',#3997);
#3997 = AXIS2_PLACEMENT_3D('',#3998,#3999,#4000);
#3998 = CARTESIAN_POINT('',(0.79217491177,-0.8,0.331804424548));
#3999 = DIRECTION('',(2.22044604925E-16,-1.,0.));
#4000 = DIRECTION('',(0.,0.,1.));
#4001 = ADVANCED_FACE('',(#4002),#4026,.F.);
#4002 = FACE_BOUND('',#4003,.F.);
#4003 = EDGE_LOOP('',(#4004,#4012,#4013,#4020));
#4004 = ORIENTED_EDGE('',*,*,#4005,.F.);
#4005 = EDGE_CURVE('',#3288,#4006,#4008,.T.);
#4006 = VERTEX_POINT('',#4007);
#4007 = CARTESIAN_POINT('',(0.6,-0.8,0.65));
#4008 = LINE('',#4009,#4010);
#4009 = CARTESIAN_POINT('',(0.625,-0.8,0.65));
#4010 = VECTOR('',#4011,1.);
#4011 = DIRECTION('',(-1.,-2.22044604925E-16,0.));
#4012 = ORIENTED_EDGE('',*,*,#3303,.T.);
#4013 = ORIENTED_EDGE('',*,*,#4014,.T.);
#4014 = EDGE_CURVE('',#3297,#4015,#4017,.T.);
#4015 = VERTEX_POINT('',#4016);
#4016 = CARTESIAN_POINT('',(0.6,-0.8925,0.65));
#4017 = B_SPLINE_CURVE_WITH_KNOTS('',1,(#4018,#4019),.UNSPECIFIED.,.F.,
  .F.,(2,2),(0.,1.),.PIECEWISE_BEZIER_KNOTS.);
#4018 = CARTESIAN_POINT('',(0.625,-0.905,0.65));
#4019 = CARTESIAN_POINT('',(0.6,-0.8925,0.65));
#4020 = ORIENTED_EDGE('',*,*,#4021,.F.);
#4021 = EDGE_CURVE('',#4006,#4015,#4022,.T.);
#4022 = LINE('',#4023,#4024);
#4023 = CARTESIAN_POINT('',(0.6,0.8925,0.65));
#4024 = VECTOR('',#4025,1.);
#4025 = DIRECTION('',(2.22044604925E-16,-1.,0.));
#4026 = B_SPLINE_SURFACE_WITH_KNOTS('',1,1,(
    (#4027,#4028)
    ,(#4029,#4030
    )),.UNSPECIFIED.,.F.,.F.,.F.,(2,2),(2,2),(0.,1.81),(0.,1.),
  .PIECEWISE_BEZIER_KNOTS.);
#4027 = CARTESIAN_POINT('',(0.625,0.905,0.65));
#4028 = CARTESIAN_POINT('',(0.6,0.8925,0.65));
#4029 = CARTESIAN_POINT('',(0.625,-0.905,0.65));
#4030 = CARTESIAN_POINT('',(0.6,-0.8925,0.65));
#4031 = ADVANCED_FACE('',(#4032),#4101,.T.);
#4032 = FACE_BOUND('',#4033,.T.);
#4033 = EDGE_LOOP('',(#4034,#4035,#4036,#4044,#4053,#4061,#4069,#4077,
    #4086,#4094));
#4034 = ORIENTED_EDGE('',*,*,#3383,.F.);
#4035 = ORIENTED_EDGE('',*,*,#3318,.T.);
#4036 = ORIENTED_EDGE('',*,*,#4037,.T.);
#4037 = EDGE_CURVE('',#3319,#4038,#4040,.T.);
#4038 = VERTEX_POINT('',#4039);
#4039 = CARTESIAN_POINT('',(0.725,0.5,0.25));
#4040 = LINE('',#4041,#4042);
#4041 = CARTESIAN_POINT('',(0.725,0.5,0.4));
#4042 = VECTOR('',#4043,1.);
#4043 = DIRECTION('',(0.,0.,-1.));
#4044 = ORIENTED_EDGE('',*,*,#4045,.T.);
#4045 = EDGE_CURVE('',#4038,#4046,#4048,.T.);
#4046 = VERTEX_POINT('',#4047);
#4047 = CARTESIAN_POINT('',(0.975,0.5,0.));
#4048 = CIRCLE('',#4049,0.25);
#4049 = AXIS2_PLACEMENT_3D('',#4050,#4051,#4052);
#4050 = CARTESIAN_POINT('',(0.975,0.5,0.25));
#4051 = DIRECTION('',(2.22044604925E-16,-1.,0.));
#4052 = DIRECTION('',(-1.,-2.22044604925E-16,-2.22044604925E-16));
#4053 = ORIENTED_EDGE('',*,*,#4054,.T.);
#4054 = EDGE_CURVE('',#4046,#4055,#4057,.T.);
#4055 = VERTEX_POINT('',#4056);
#4056 = CARTESIAN_POINT('',(1.,0.5,0.));
#4057 = LINE('',#4058,#4059);
#4058 = CARTESIAN_POINT('',(0.975,0.5,0.));
#4059 = VECTOR('',#4060,1.);
#4060 = DIRECTION('',(1.,2.22044604925E-16,0.));
#4061 = ORIENTED_EDGE('',*,*,#4062,.T.);
#4062 = EDGE_CURVE('',#4055,#4063,#4065,.T.);
#4063 = VERTEX_POINT('',#4064);
#4064 = CARTESIAN_POINT('',(1.,0.5,0.15));
#4065 = LINE('',#4066,#4067);
#4066 = CARTESIAN_POINT('',(1.,0.5,0.));
#4067 = VECTOR('',#4068,1.);
#4068 = DIRECTION('',(0.,0.,1.));
#4069 = ORIENTED_EDGE('',*,*,#4070,.T.);
#4070 = EDGE_CURVE('',#4063,#4071,#4073,.T.);
#4071 = VERTEX_POINT('',#4072);
#4072 = CARTESIAN_POINT('',(0.975,0.5,0.15));
#4073 = LINE('',#4074,#4075);
#4074 = CARTESIAN_POINT('',(1.,0.5,0.15));
#4075 = VECTOR('',#4076,1.);
#4076 = DIRECTION('',(-1.,-2.22044604925E-16,0.));
#4077 = ORIENTED_EDGE('',*,*,#4078,.T.);
#4078 = EDGE_CURVE('',#4071,#4079,#4081,.T.);
#4079 = VERTEX_POINT('',#4080);
#4080 = CARTESIAN_POINT('',(0.875,0.5,0.25));
#4081 = CIRCLE('',#4082,0.1);
#4082 = AXIS2_PLACEMENT_3D('',#4083,#4084,#4085);
#4083 = CARTESIAN_POINT('',(0.975,0.5,0.25));
#4084 = DIRECTION('',(-2.22044604925E-16,1.,0.));
#4085 = DIRECTION('',(0.,0.,-1.));
#4086 = ORIENTED_EDGE('',*,*,#4087,.T.);
#4087 = EDGE_CURVE('',#4079,#4088,#4090,.T.);
#4088 = VERTEX_POINT('',#4089);
#4089 = CARTESIAN_POINT('',(0.875,0.5,0.4));
#4090 = LINE('',#4091,#4092);
#4091 = CARTESIAN_POINT('',(0.875,0.5,0.25));
#4092 = VECTOR('',#4093,1.);
#4093 = DIRECTION('',(0.,0.,1.));
#4094 = ORIENTED_EDGE('',*,*,#4095,.T.);
#4095 = EDGE_CURVE('',#4088,#3384,#4096,.T.);
#4096 = CIRCLE('',#4097,0.25);
#4097 = AXIS2_PLACEMENT_3D('',#4098,#4099,#4100);
#4098 = CARTESIAN_POINT('',(0.625,0.5,0.4));
#4099 = DIRECTION('',(2.22044604925E-16,-1.,0.));
#4100 = DIRECTION('',(1.,2.22044604925E-16,4.440892098501E-16));
#4101 = PLANE('',#4102);
#4102 = AXIS2_PLACEMENT_3D('',#4103,#4104,#4105);
#4103 = CARTESIAN_POINT('',(0.79217491177,0.5,0.331804424548));
#4104 = DIRECTION('',(2.22044604925E-16,-1.,0.));
#4105 = DIRECTION('',(0.,0.,1.));
#4106 = ADVANCED_FACE('',(#4107),#4118,.F.);
#4107 = FACE_BOUND('',#4108,.F.);
#4108 = EDGE_LOOP('',(#4109,#4110,#4111,#4117));
#4109 = ORIENTED_EDGE('',*,*,#3327,.T.);
#4110 = ORIENTED_EDGE('',*,*,#4037,.T.);
#4111 = ORIENTED_EDGE('',*,*,#4112,.F.);
#4112 = EDGE_CURVE('',#3858,#4038,#4113,.T.);
#4113 = LINE('',#4114,#4115);
#4114 = CARTESIAN_POINT('',(0.725,0.8,0.25));
#4115 = VECTOR('',#4116,1.);
#4116 = DIRECTION('',(2.22044604925E-16,-1.,0.));
#4117 = ORIENTED_EDGE('',*,*,#3857,.F.);
#4118 = PLANE('',#4119);
#4119 = AXIS2_PLACEMENT_3D('',#4120,#4121,#4122);
#4120 = CARTESIAN_POINT('',(0.725,0.8,0.4));
#4121 = DIRECTION('',(1.,2.22044604925E-16,0.));
#4122 = DIRECTION('',(0.,0.,-1.));
#4123 = ADVANCED_FACE('',(#4124),#4193,.F.);
#4124 = FACE_BOUND('',#4125,.F.);
#4125 = EDGE_LOOP('',(#4126,#4127,#4128,#4136,#4145,#4153,#4161,#4169,
    #4178,#4186));
#4126 = ORIENTED_EDGE('',*,*,#3423,.F.);
#4127 = ORIENTED_EDGE('',*,*,#3368,.T.);
#4128 = ORIENTED_EDGE('',*,*,#4129,.T.);
#4129 = EDGE_CURVE('',#3361,#4130,#4132,.T.);
#4130 = VERTEX_POINT('',#4131);
#4131 = CARTESIAN_POINT('',(0.725,-0.5,0.25));
#4132 = LINE('',#4133,#4134);
#4133 = CARTESIAN_POINT('',(0.725,-0.5,0.4));
#4134 = VECTOR('',#4135,1.);
#4135 = DIRECTION('',(0.,0.,-1.));
#4136 = ORIENTED_EDGE('',*,*,#4137,.T.);
#4137 = EDGE_CURVE('',#4130,#4138,#4140,.T.);
#4138 = VERTEX_POINT('',#4139);
#4139 = CARTESIAN_POINT('',(0.975,-0.5,0.));
#4140 = CIRCLE('',#4141,0.25);
#4141 = AXIS2_PLACEMENT_3D('',#4142,#4143,#4144);
#4142 = CARTESIAN_POINT('',(0.975,-0.5,0.25));
#4143 = DIRECTION('',(2.22044604925E-16,-1.,0.));
#4144 = DIRECTION('',(-1.,-2.22044604925E-16,-2.22044604925E-16));
#4145 = ORIENTED_EDGE('',*,*,#4146,.T.);
#4146 = EDGE_CURVE('',#4138,#4147,#4149,.T.);
#4147 = VERTEX_POINT('',#4148);
#4148 = CARTESIAN_POINT('',(1.,-0.5,0.));
#4149 = LINE('',#4150,#4151);
#4150 = CARTESIAN_POINT('',(0.975,-0.5,0.));
#4151 = VECTOR('',#4152,1.);
#4152 = DIRECTION('',(1.,2.22044604925E-16,0.));
#4153 = ORIENTED_EDGE('',*,*,#4154,.T.);
#4154 = EDGE_CURVE('',#4147,#4155,#4157,.T.);
#4155 = VERTEX_POINT('',#4156);
#4156 = CARTESIAN_POINT('',(1.,-0.5,0.15));
#4157 = LINE('',#4158,#4159);
#4158 = CARTESIAN_POINT('',(1.,-0.5,0.));
#4159 = VECTOR('',#4160,1.);
#4160 = DIRECTION('',(0.,0.,1.));
#4161 = ORIENTED_EDGE('',*,*,#4162,.T.);
#4162 = EDGE_CURVE('',#4155,#4163,#4165,.T.);
#4163 = VERTEX_POINT('',#4164);
#4164 = CARTESIAN_POINT('',(0.975,-0.5,0.15));
#4165 = LINE('',#4166,#4167);
#4166 = CARTESIAN_POINT('',(1.,-0.5,0.15));
#4167 = VECTOR('',#4168,1.);
#4168 = DIRECTION('',(-1.,-2.22044604925E-16,0.));
#4169 = ORIENTED_EDGE('',*,*,#4170,.T.);
#4170 = EDGE_CURVE('',#4163,#4171,#4173,.T.);
#4171 = VERTEX_POINT('',#4172);
#4172 = CARTESIAN_POINT('',(0.875,-0.5,0.25));
#4173 = CIRCLE('',#4174,0.1);
#4174 = AXIS2_PLACEMENT_3D('',#4175,#4176,#4177);
#4175 = CARTESIAN_POINT('',(0.975,-0.5,0.25));
#4176 = DIRECTION('',(-2.22044604925E-16,1.,0.));
#4177 = DIRECTION('',(0.,0.,-1.));
#4178 = ORIENTED_EDGE('',*,*,#4179,.T.);
#4179 = EDGE_CURVE('',#4171,#4180,#4182,.T.);
#4180 = VERTEX_POINT('',#4181);
#4181 = CARTESIAN_POINT('',(0.875,-0.5,0.4));
#4182 = LINE('',#4183,#4184);
#4183 = CARTESIAN_POINT('',(0.875,-0.5,0.25));
#4184 = VECTOR('',#4185,1.);
#4185 = DIRECTION('',(0.,0.,1.));
#4186 = ORIENTED_EDGE('',*,*,#4187,.T.);
#4187 = EDGE_CURVE('',#4180,#3424,#4188,.T.);
#4188 = CIRCLE('',#4189,0.25);
#4189 = AXIS2_PLACEMENT_3D('',#4190,#4191,#4192);
#4190 = CARTESIAN_POINT('',(0.625,-0.5,0.4));
#4191 = DIRECTION('',(2.22044604925E-16,-1.,0.));
#4192 = DIRECTION('',(1.,2.22044604925E-16,4.440892098501E-16));
#4193 = PLANE('',#4194);
#4194 = AXIS2_PLACEMENT_3D('',#4195,#4196,#4197);
#4195 = CARTESIAN_POINT('',(0.79217491177,-0.5,0.331804424548));
#4196 = DIRECTION('',(2.22044604925E-16,-1.,0.));
#4197 = DIRECTION('',(0.,0.,1.));
#4198 = ADVANCED_FACE('',(#4199),#4210,.F.);
#4199 = FACE_BOUND('',#4200,.F.);
#4200 = EDGE_LOOP('',(#4201,#4202,#4203,#4209));
#4201 = ORIENTED_EDGE('',*,*,#3360,.T.);
#4202 = ORIENTED_EDGE('',*,*,#3932,.T.);
#4203 = ORIENTED_EDGE('',*,*,#4204,.F.);
#4204 = EDGE_CURVE('',#4130,#3933,#4205,.T.);
#4205 = LINE('',#4206,#4207);
#4206 = CARTESIAN_POINT('',(0.725,-0.5,0.25));
#4207 = VECTOR('',#4208,1.);
#4208 = DIRECTION('',(2.22044604925E-16,-1.,0.));
#4209 = ORIENTED_EDGE('',*,*,#4129,.F.);
#4210 = PLANE('',#4211);
#4211 = AXIS2_PLACEMENT_3D('',#4212,#4213,#4214);
#4212 = CARTESIAN_POINT('',(0.725,-0.5,0.4));
#4213 = DIRECTION('',(1.,2.22044604925E-16,0.));
#4214 = DIRECTION('',(0.,0.,-1.));
#4215 = ADVANCED_FACE('',(#4216),#4241,.F.);
#4216 = FACE_BOUND('',#4217,.F.);
#4217 = EDGE_LOOP('',(#4218,#4226,#4227,#4235));
#4218 = ORIENTED_EDGE('',*,*,#4219,.F.);
#4219 = EDGE_CURVE('',#3384,#4220,#4222,.T.);
#4220 = VERTEX_POINT('',#4221);
#4221 = CARTESIAN_POINT('',(0.6,0.5,0.65));
#4222 = LINE('',#4223,#4224);
#4223 = CARTESIAN_POINT('',(0.625,0.5,0.65));
#4224 = VECTOR('',#4225,1.);
#4225 = DIRECTION('',(-1.,-2.22044604925E-16,0.));
#4226 = ORIENTED_EDGE('',*,*,#3400,.T.);
#4227 = ORIENTED_EDGE('',*,*,#4228,.T.);
#4228 = EDGE_CURVE('',#3393,#4229,#4231,.T.);
#4229 = VERTEX_POINT('',#4230);
#4230 = CARTESIAN_POINT('',(0.6,0.15,0.65));
#4231 = LINE('',#4232,#4233);
#4232 = CARTESIAN_POINT('',(0.625,0.15,0.65));
#4233 = VECTOR('',#4234,1.);
#4234 = DIRECTION('',(-1.,-2.22044604925E-16,0.));
#4235 = ORIENTED_EDGE('',*,*,#4236,.F.);
#4236 = EDGE_CURVE('',#4220,#4229,#4237,.T.);
#4237 = LINE('',#4238,#4239);
#4238 = CARTESIAN_POINT('',(0.6,0.8925,0.65));
#4239 = VECTOR('',#4240,1.);
#4240 = DIRECTION('',(2.22044604925E-16,-1.,0.));
#4241 = B_SPLINE_SURFACE_WITH_KNOTS('',1,1,(
    (#4242,#4243)
    ,(#4244,#4245
    )),.UNSPECIFIED.,.F.,.F.,.F.,(2,2),(2,2),(0.,1.81),(0.,1.),
  .PIECEWISE_BEZIER_KNOTS.);
#4242 = CARTESIAN_POINT('',(0.625,0.905,0.65));
#4243 = CARTESIAN_POINT('',(0.6,0.8925,0.65));
#4244 = CARTESIAN_POINT('',(0.625,-0.905,0.65));
#4245 = CARTESIAN_POINT('',(0.6,-0.8925,0.65));
#4246 = ADVANCED_FACE('',(#4247),#4316,.F.);
#4247 = FACE_BOUND('',#4248,.F.);
#4248 = EDGE_LOOP('',(#4249,#4250,#4251,#4259,#4268,#4276,#4284,#4292,
    #4301,#4309));
#4249 = ORIENTED_EDGE('',*,*,#3392,.F.);
#4250 = ORIENTED_EDGE('',*,*,#3463,.T.);
#4251 = ORIENTED_EDGE('',*,*,#4252,.T.);
#4252 = EDGE_CURVE('',#3456,#4253,#4255,.T.);
#4253 = VERTEX_POINT('',#4254);
#4254 = CARTESIAN_POINT('',(0.725,0.15,0.25));
#4255 = LINE('',#4256,#4257);
#4256 = CARTESIAN_POINT('',(0.725,0.15,0.4));
#4257 = VECTOR('',#4258,1.);
#4258 = DIRECTION('',(0.,0.,-1.));
#4259 = ORIENTED_EDGE('',*,*,#4260,.T.);
#4260 = EDGE_CURVE('',#4253,#4261,#4263,.T.);
#4261 = VERTEX_POINT('',#4262);
#4262 = CARTESIAN_POINT('',(0.975,0.15,0.));
#4263 = CIRCLE('',#4264,0.25);
#4264 = AXIS2_PLACEMENT_3D('',#4265,#4266,#4267);
#4265 = CARTESIAN_POINT('',(0.975,0.15,0.25));
#4266 = DIRECTION('',(2.22044604925E-16,-1.,0.));
#4267 = DIRECTION('',(-1.,-2.22044604925E-16,-2.22044604925E-16));
#4268 = ORIENTED_EDGE('',*,*,#4269,.T.);
#4269 = EDGE_CURVE('',#4261,#4270,#4272,.T.);
#4270 = VERTEX_POINT('',#4271);
#4271 = CARTESIAN_POINT('',(1.,0.15,0.));
#4272 = LINE('',#4273,#4274);
#4273 = CARTESIAN_POINT('',(0.975,0.15,0.));
#4274 = VECTOR('',#4275,1.);
#4275 = DIRECTION('',(1.,2.22044604925E-16,0.));
#4276 = ORIENTED_EDGE('',*,*,#4277,.T.);
#4277 = EDGE_CURVE('',#4270,#4278,#4280,.T.);
#4278 = VERTEX_POINT('',#4279);
#4279 = CARTESIAN_POINT('',(1.,0.15,0.15));
#4280 = LINE('',#4281,#4282);
#4281 = CARTESIAN_POINT('',(1.,0.15,0.));
#4282 = VECTOR('',#4283,1.);
#4283 = DIRECTION('',(0.,0.,1.));
#4284 = ORIENTED_EDGE('',*,*,#4285,.T.);
#4285 = EDGE_CURVE('',#4278,#4286,#4288,.T.);
#4286 = VERTEX_POINT('',#4287);
#4287 = CARTESIAN_POINT('',(0.975,0.15,0.15));
#4288 = LINE('',#4289,#4290);
#4289 = CARTESIAN_POINT('',(1.,0.15,0.15));
#4290 = VECTOR('',#4291,1.);
#4291 = DIRECTION('',(-1.,-2.22044604925E-16,0.));
#4292 = ORIENTED_EDGE('',*,*,#4293,.T.);
#4293 = EDGE_CURVE('',#4286,#4294,#4296,.T.);
#4294 = VERTEX_POINT('',#4295);
#4295 = CARTESIAN_POINT('',(0.875,0.15,0.25));
#4296 = CIRCLE('',#4297,0.1);
#4297 = AXIS2_PLACEMENT_3D('',#4298,#4299,#4300);
#4298 = CARTESIAN_POINT('',(0.975,0.15,0.25));
#4299 = DIRECTION('',(-2.22044604925E-16,1.,0.));
#4300 = DIRECTION('',(0.,0.,-1.));
#4301 = ORIENTED_EDGE('',*,*,#4302,.T.);
#4302 = EDGE_CURVE('',#4294,#4303,#4305,.T.);
#4303 = VERTEX_POINT('',#4304);
#4304 = CARTESIAN_POINT('',(0.875,0.15,0.4));
#4305 = LINE('',#4306,#4307);
#4306 = CARTESIAN_POINT('',(0.875,0.15,0.25));
#4307 = VECTOR('',#4308,1.);
#4308 = DIRECTION('',(0.,0.,1.));
#4309 = ORIENTED_EDGE('',*,*,#4310,.T.);
#4310 = EDGE_CURVE('',#4303,#3393,#4311,.T.);
#4311 = CIRCLE('',#4312,0.25);
#4312 = AXIS2_PLACEMENT_3D('',#4313,#4314,#4315);
#4313 = CARTESIAN_POINT('',(0.625,0.15,0.4));
#4314 = DIRECTION('',(2.22044604925E-16,-1.,0.));
#4315 = DIRECTION('',(1.,2.22044604925E-16,4.440892098501E-16));
#4316 = PLANE('',#4317);
#4317 = AXIS2_PLACEMENT_3D('',#4318,#4319,#4320);
#4318 = CARTESIAN_POINT('',(0.79217491177,0.15,0.331804424548));
#4319 = DIRECTION('',(2.22044604925E-16,-1.,0.));
#4320 = DIRECTION('',(0.,0.,1.));
#4321 = ADVANCED_FACE('',(#4322),#4391,.T.);
#4322 = FACE_BOUND('',#4323,.T.);
#4323 = EDGE_LOOP('',(#4324,#4325,#4326,#4334,#4343,#4351,#4359,#4367,
    #4376,#4384));
#4324 = ORIENTED_EDGE('',*,*,#3414,.F.);
#4325 = ORIENTED_EDGE('',*,*,#3446,.T.);
#4326 = ORIENTED_EDGE('',*,*,#4327,.T.);
#4327 = EDGE_CURVE('',#3447,#4328,#4330,.T.);
#4328 = VERTEX_POINT('',#4329);
#4329 = CARTESIAN_POINT('',(0.725,-0.15,0.25));
#4330 = LINE('',#4331,#4332);
#4331 = CARTESIAN_POINT('',(0.725,-0.15,0.4));
#4332 = VECTOR('',#4333,1.);
#4333 = DIRECTION('',(0.,0.,-1.));
#4334 = ORIENTED_EDGE('',*,*,#4335,.T.);
#4335 = EDGE_CURVE('',#4328,#4336,#4338,.T.);
#4336 = VERTEX_POINT('',#4337);
#4337 = CARTESIAN_POINT('',(0.975,-0.15,0.));
#4338 = CIRCLE('',#4339,0.25);
#4339 = AXIS2_PLACEMENT_3D('',#4340,#4341,#4342);
#4340 = CARTESIAN_POINT('',(0.975,-0.15,0.25));
#4341 = DIRECTION('',(2.22044604925E-16,-1.,0.));
#4342 = DIRECTION('',(-1.,-2.22044604925E-16,-2.22044604925E-16));
#4343 = ORIENTED_EDGE('',*,*,#4344,.T.);
#4344 = EDGE_CURVE('',#4336,#4345,#4347,.T.);
#4345 = VERTEX_POINT('',#4346);
#4346 = CARTESIAN_POINT('',(1.,-0.15,0.));
#4347 = LINE('',#4348,#4349);
#4348 = CARTESIAN_POINT('',(0.975,-0.15,0.));
#4349 = VECTOR('',#4350,1.);
#4350 = DIRECTION('',(1.,2.22044604925E-16,0.));
#4351 = ORIENTED_EDGE('',*,*,#4352,.T.);
#4352 = EDGE_CURVE('',#4345,#4353,#4355,.T.);
#4353 = VERTEX_POINT('',#4354);
#4354 = CARTESIAN_POINT('',(1.,-0.15,0.15));
#4355 = LINE('',#4356,#4357);
#4356 = CARTESIAN_POINT('',(1.,-0.15,0.));
#4357 = VECTOR('',#4358,1.);
#4358 = DIRECTION('',(0.,0.,1.));
#4359 = ORIENTED_EDGE('',*,*,#4360,.T.);
#4360 = EDGE_CURVE('',#4353,#4361,#4363,.T.);
#4361 = VERTEX_POINT('',#4362);
#4362 = CARTESIAN_POINT('',(0.975,-0.15,0.15));
#4363 = LINE('',#4364,#4365);
#4364 = CARTESIAN_POINT('',(1.,-0.15,0.15));
#4365 = VECTOR('',#4366,1.);
#4366 = DIRECTION('',(-1.,-2.22044604925E-16,0.));
#4367 = ORIENTED_EDGE('',*,*,#4368,.T.);
#4368 = EDGE_CURVE('',#4361,#4369,#4371,.T.);
#4369 = VERTEX_POINT('',#4370);
#4370 = CARTESIAN_POINT('',(0.875,-0.15,0.25));
#4371 = CIRCLE('',#4372,0.1);
#4372 = AXIS2_PLACEMENT_3D('',#4373,#4374,#4375);
#4373 = CARTESIAN_POINT('',(0.975,-0.15,0.25));
#4374 = DIRECTION('',(-2.22044604925E-16,1.,0.));
#4375 = DIRECTION('',(0.,0.,-1.));
#4376 = ORIENTED_EDGE('',*,*,#4377,.T.);
#4377 = EDGE_CURVE('',#4369,#4378,#4380,.T.);
#4378 = VERTEX_POINT('',#4379);
#4379 = CARTESIAN_POINT('',(0.875,-0.15,0.4));
#4380 = LINE('',#4381,#4382);
#4381 = CARTESIAN_POINT('',(0.875,-0.15,0.25));
#4382 = VECTOR('',#4383,1.);
#4383 = DIRECTION('',(0.,0.,1.));
#4384 = ORIENTED_EDGE('',*,*,#4385,.T.);
#4385 = EDGE_CURVE('',#4378,#3415,#4386,.T.);
#4386 = CIRCLE('',#4387,0.25);
#4387 = AXIS2_PLACEMENT_3D('',#4388,#4389,#4390);
#4388 = CARTESIAN_POINT('',(0.625,-0.15,0.4));
#4389 = DIRECTION('',(2.22044604925E-16,-1.,0.));
#4390 = DIRECTION('',(1.,2.22044604925E-16,4.440892098501E-16));
#4391 = PLANE('',#4392);
#4392 = AXIS2_PLACEMENT_3D('',#4393,#4394,#4395);
#4393 = CARTESIAN_POINT('',(0.79217491177,-0.15,0.331804424548));
#4394 = DIRECTION('',(2.22044604925E-16,-1.,0.));
#4395 = DIRECTION('',(0.,0.,1.));
#4396 = ADVANCED_FACE('',(#4397),#4422,.F.);
#4397 = FACE_BOUND('',#4398,.F.);
#4398 = EDGE_LOOP('',(#4399,#4407,#4408,#4416));
#4399 = ORIENTED_EDGE('',*,*,#4400,.F.);
#4400 = EDGE_CURVE('',#3415,#4401,#4403,.T.);
#4401 = VERTEX_POINT('',#4402);
#4402 = CARTESIAN_POINT('',(0.6,-0.15,0.65));
#4403 = LINE('',#4404,#4405);
#4404 = CARTESIAN_POINT('',(0.625,-0.15,0.65));
#4405 = VECTOR('',#4406,1.);
#4406 = DIRECTION('',(-1.,-2.22044604925E-16,0.));
#4407 = ORIENTED_EDGE('',*,*,#3431,.T.);
#4408 = ORIENTED_EDGE('',*,*,#4409,.T.);
#4409 = EDGE_CURVE('',#3424,#4410,#4412,.T.);
#4410 = VERTEX_POINT('',#4411);
#4411 = CARTESIAN_POINT('',(0.6,-0.5,0.65));
#4412 = LINE('',#4413,#4414);
#4413 = CARTESIAN_POINT('',(0.625,-0.5,0.65));
#4414 = VECTOR('',#4415,1.);
#4415 = DIRECTION('',(-1.,-2.22044604925E-16,0.));
#4416 = ORIENTED_EDGE('',*,*,#4417,.F.);
#4417 = EDGE_CURVE('',#4401,#4410,#4418,.T.);
#4418 = LINE('',#4419,#4420);
#4419 = CARTESIAN_POINT('',(0.6,0.8925,0.65));
#4420 = VECTOR('',#4421,1.);
#4421 = DIRECTION('',(2.22044604925E-16,-1.,0.));
#4422 = B_SPLINE_SURFACE_WITH_KNOTS('',1,1,(
    (#4423,#4424)
    ,(#4425,#4426
    )),.UNSPECIFIED.,.F.,.F.,.F.,(2,2),(2,2),(0.,1.81),(0.,1.),
  .PIECEWISE_BEZIER_KNOTS.);
#4423 = CARTESIAN_POINT('',(0.625,0.905,0.65));
#4424 = CARTESIAN_POINT('',(0.6,0.8925,0.65));
#4425 = CARTESIAN_POINT('',(0.625,-0.905,0.65));
#4426 = CARTESIAN_POINT('',(0.6,-0.8925,0.65));
#4427 = ADVANCED_FACE('',(#4428),#4439,.F.);
#4428 = FACE_BOUND('',#4429,.F.);
#4429 = EDGE_LOOP('',(#4430,#4431,#4432,#4438));
#4430 = ORIENTED_EDGE('',*,*,#3455,.T.);
#4431 = ORIENTED_EDGE('',*,*,#4327,.T.);
#4432 = ORIENTED_EDGE('',*,*,#4433,.F.);
#4433 = EDGE_CURVE('',#4253,#4328,#4434,.T.);
#4434 = LINE('',#4435,#4436);
#4435 = CARTESIAN_POINT('',(0.725,0.15,0.25));
#4436 = VECTOR('',#4437,1.);
#4437 = DIRECTION('',(2.22044604925E-16,-1.,0.));
#4438 = ORIENTED_EDGE('',*,*,#4252,.F.);
#4439 = PLANE('',#4440);
#4440 = AXIS2_PLACEMENT_3D('',#4441,#4442,#4443);
#4441 = CARTESIAN_POINT('',(0.725,0.15,0.4));
#4442 = DIRECTION('',(1.,2.22044604925E-16,0.));
#4443 = DIRECTION('',(0.,0.,-1.));
#4444 = ADVANCED_FACE('',(#4445),#4462,.F.);
#4445 = FACE_BOUND('',#4446,.F.);
#4446 = EDGE_LOOP('',(#4447,#4448,#4455,#4461));
#4447 = ORIENTED_EDGE('',*,*,#3486,.T.);
#4448 = ORIENTED_EDGE('',*,*,#4449,.T.);
#4449 = EDGE_CURVE('',#3480,#4450,#4452,.T.);
#4450 = VERTEX_POINT('',#4451);
#4451 = CARTESIAN_POINT('',(0.5175,-0.975,0.65));
#4452 = B_SPLINE_CURVE_WITH_KNOTS('',1,(#4453,#4454),.UNSPECIFIED.,.F.,
  .F.,(2,2),(0.,1.),.PIECEWISE_BEZIER_KNOTS.);
#4453 = CARTESIAN_POINT('',(0.53,-1.,0.65));
#4454 = CARTESIAN_POINT('',(0.5175,-0.975,0.65));
#4455 = ORIENTED_EDGE('',*,*,#4456,.F.);
#4456 = EDGE_CURVE('',#4015,#4450,#4457,.T.);
#4457 = LINE('',#4458,#4459);
#4458 = CARTESIAN_POINT('',(0.6,-0.8925,0.65));
#4459 = VECTOR('',#4460,1.);
#4460 = DIRECTION('',(-0.707106781187,-0.707106781187,0.));
#4461 = ORIENTED_EDGE('',*,*,#4014,.F.);
#4462 = B_SPLINE_SURFACE_WITH_KNOTS('',1,1,(
    (#4463,#4464)
    ,(#4465,#4466
    )),.UNSPECIFIED.,.F.,.F.,.F.,(2,2),(2,2),(0.,0.134350288425),(0.,1.)
  ,.PIECEWISE_BEZIER_KNOTS.);
#4463 = CARTESIAN_POINT('',(0.625,-0.905,0.65));
#4464 = CARTESIAN_POINT('',(0.6,-0.8925,0.65));
#4465 = CARTESIAN_POINT('',(0.53,-1.,0.65));
#4466 = CARTESIAN_POINT('',(0.5175,-0.975,0.65));
#4467 = ADVANCED_FACE('',(#4468),#4485,.F.);
#4468 = FACE_BOUND('',#4469,.F.);
#4469 = EDGE_LOOP('',(#4470,#4471,#4478,#4484));
#4470 = ORIENTED_EDGE('',*,*,#3509,.T.);
#4471 = ORIENTED_EDGE('',*,*,#4472,.T.);
#4472 = EDGE_CURVE('',#3503,#4473,#4475,.T.);
#4473 = VERTEX_POINT('',#4474);
#4474 = CARTESIAN_POINT('',(-0.5175,-0.975,0.65));
#4475 = B_SPLINE_CURVE_WITH_KNOTS('',1,(#4476,#4477),.UNSPECIFIED.,.F.,
  .F.,(2,2),(0.,1.),.PIECEWISE_BEZIER_KNOTS.);
#4476 = CARTESIAN_POINT('',(-0.53,-1.,0.65));
#4477 = CARTESIAN_POINT('',(-0.5175,-0.975,0.65));
#4478 = ORIENTED_EDGE('',*,*,#4479,.F.);
#4479 = EDGE_CURVE('',#4450,#4473,#4480,.T.);
#4480 = LINE('',#4481,#4482);
#4481 = CARTESIAN_POINT('',(0.5175,-0.975,0.65));
#4482 = VECTOR('',#4483,1.);
#4483 = DIRECTION('',(-1.,-2.22044604925E-16,0.));
#4484 = ORIENTED_EDGE('',*,*,#4449,.F.);
#4485 = B_SPLINE_SURFACE_WITH_KNOTS('',1,1,(
    (#4486,#4487)
    ,(#4488,#4489
    )),.UNSPECIFIED.,.F.,.F.,.F.,(2,2),(2,2),(0.,1.06),(0.,1.),
  .PIECEWISE_BEZIER_KNOTS.);
#4486 = CARTESIAN_POINT('',(0.53,-1.,0.65));
#4487 = CARTESIAN_POINT('',(0.5175,-0.975,0.65));
#4488 = CARTESIAN_POINT('',(-0.53,-1.,0.65));
#4489 = CARTESIAN_POINT('',(-0.5175,-0.975,0.65));
#4490 = ADVANCED_FACE('',(#4491),#4508,.F.);
#4491 = FACE_BOUND('',#4492,.F.);
#4492 = EDGE_LOOP('',(#4493,#4494,#4501,#4507));
#4493 = ORIENTED_EDGE('',*,*,#3532,.T.);
#4494 = ORIENTED_EDGE('',*,*,#4495,.T.);
#4495 = EDGE_CURVE('',#3526,#4496,#4498,.T.);
#4496 = VERTEX_POINT('',#4497);
#4497 = CARTESIAN_POINT('',(-0.6,-0.8925,0.65));
#4498 = B_SPLINE_CURVE_WITH_KNOTS('',1,(#4499,#4500),.UNSPECIFIED.,.F.,
  .F.,(2,2),(0.,1.),.PIECEWISE_BEZIER_KNOTS.);
#4499 = CARTESIAN_POINT('',(-0.625,-0.905,0.65));
#4500 = CARTESIAN_POINT('',(-0.6,-0.8925,0.65));
#4501 = ORIENTED_EDGE('',*,*,#4502,.F.);
#4502 = EDGE_CURVE('',#4473,#4496,#4503,.T.);
#4503 = LINE('',#4504,#4505);
#4504 = CARTESIAN_POINT('',(-0.5175,-0.975,0.65));
#4505 = VECTOR('',#4506,1.);
#4506 = DIRECTION('',(-0.707106781187,0.707106781187,0.));
#4507 = ORIENTED_EDGE('',*,*,#4472,.F.);
#4508 = B_SPLINE_SURFACE_WITH_KNOTS('',1,1,(
    (#4509,#4510)
    ,(#4511,#4512
    )),.UNSPECIFIED.,.F.,.F.,.F.,(2,2),(2,2),(0.,0.134350288425),(0.,1.)
  ,.PIECEWISE_BEZIER_KNOTS.);
#4509 = CARTESIAN_POINT('',(-0.53,-1.,0.65));
#4510 = CARTESIAN_POINT('',(-0.5175,-0.975,0.65));
#4511 = CARTESIAN_POINT('',(-0.625,-0.905,0.65));
#4512 = CARTESIAN_POINT('',(-0.6,-0.8925,0.65));
#4513 = ADVANCED_FACE('',(#4514),#4532,.F.);
#4514 = FACE_BOUND('',#4515,.F.);
#4515 = EDGE_LOOP('',(#4516,#4517,#4518,#4526));
#4516 = ORIENTED_EDGE('',*,*,#4495,.F.);
#4517 = ORIENTED_EDGE('',*,*,#3557,.T.);
#4518 = ORIENTED_EDGE('',*,*,#4519,.T.);
#4519 = EDGE_CURVE('',#3550,#4520,#4522,.T.);
#4520 = VERTEX_POINT('',#4521);
#4521 = CARTESIAN_POINT('',(-0.6,-0.8,0.65));
#4522 = LINE('',#4523,#4524);
#4523 = CARTESIAN_POINT('',(-0.625,-0.8,0.65));
#4524 = VECTOR('',#4525,1.);
#4525 = DIRECTION('',(1.,9.95799250103E-17,0.));
#4526 = ORIENTED_EDGE('',*,*,#4527,.F.);
#4527 = EDGE_CURVE('',#4496,#4520,#4528,.T.);
#4528 = LINE('',#4529,#4530);
#4529 = CARTESIAN_POINT('',(-0.6,-0.8925,0.65));
#4530 = VECTOR('',#4531,1.);
#4531 = DIRECTION('',(-2.22044604925E-16,1.,0.));
#4532 = B_SPLINE_SURFACE_WITH_KNOTS('',1,1,(
    (#4533,#4534)
    ,(#4535,#4536
    )),.UNSPECIFIED.,.F.,.F.,.F.,(2,2),(2,2),(0.,1.81),(0.,1.),
  .PIECEWISE_BEZIER_KNOTS.);
#4533 = CARTESIAN_POINT('',(-0.625,-0.905,0.65));
#4534 = CARTESIAN_POINT('',(-0.6,-0.8925,0.65));
#4535 = CARTESIAN_POINT('',(-0.625,0.905,0.65));
#4536 = CARTESIAN_POINT('',(-0.6,0.8925,0.65));
#4537 = ADVANCED_FACE('',(#4538),#4607,.F.);
#4538 = FACE_BOUND('',#4539,.F.);
#4539 = EDGE_LOOP('',(#4540,#4541,#4542,#4550,#4559,#4567,#4575,#4583,
    #4592,#4600));
#4540 = ORIENTED_EDGE('',*,*,#3549,.F.);
#4541 = ORIENTED_EDGE('',*,*,#3613,.T.);
#4542 = ORIENTED_EDGE('',*,*,#4543,.T.);
#4543 = EDGE_CURVE('',#3606,#4544,#4546,.T.);
#4544 = VERTEX_POINT('',#4545);
#4545 = CARTESIAN_POINT('',(-0.725,-0.8,0.25));
#4546 = LINE('',#4547,#4548);
#4547 = CARTESIAN_POINT('',(-0.725,-0.8,0.4));
#4548 = VECTOR('',#4549,1.);
#4549 = DIRECTION('',(-0.,0.,-1.));
#4550 = ORIENTED_EDGE('',*,*,#4551,.T.);
#4551 = EDGE_CURVE('',#4544,#4552,#4554,.T.);
#4552 = VERTEX_POINT('',#4553);
#4553 = CARTESIAN_POINT('',(-0.975,-0.8,0.));
#4554 = CIRCLE('',#4555,0.25);
#4555 = AXIS2_PLACEMENT_3D('',#4556,#4557,#4558);
#4556 = CARTESIAN_POINT('',(-0.975,-0.8,0.25));
#4557 = DIRECTION('',(-9.95799250103E-17,1.,0.));
#4558 = DIRECTION('',(1.,9.95799250103E-17,-2.22044604925E-16));
#4559 = ORIENTED_EDGE('',*,*,#4560,.T.);
#4560 = EDGE_CURVE('',#4552,#4561,#4563,.T.);
#4561 = VERTEX_POINT('',#4562);
#4562 = CARTESIAN_POINT('',(-1.,-0.8,0.));
#4563 = LINE('',#4564,#4565);
#4564 = CARTESIAN_POINT('',(-0.975,-0.8,0.));
#4565 = VECTOR('',#4566,1.);
#4566 = DIRECTION('',(-1.,-9.95799250103E-17,0.));
#4567 = ORIENTED_EDGE('',*,*,#4568,.T.);
#4568 = EDGE_CURVE('',#4561,#4569,#4571,.T.);
#4569 = VERTEX_POINT('',#4570);
#4570 = CARTESIAN_POINT('',(-1.,-0.8,0.15));
#4571 = LINE('',#4572,#4573);
#4572 = CARTESIAN_POINT('',(-1.,-0.8,0.));
#4573 = VECTOR('',#4574,1.);
#4574 = DIRECTION('',(0.,0.,1.));
#4575 = ORIENTED_EDGE('',*,*,#4576,.T.);
#4576 = EDGE_CURVE('',#4569,#4577,#4579,.T.);
#4577 = VERTEX_POINT('',#4578);
#4578 = CARTESIAN_POINT('',(-0.975,-0.8,0.15));
#4579 = LINE('',#4580,#4581);
#4580 = CARTESIAN_POINT('',(-1.,-0.8,0.15));
#4581 = VECTOR('',#4582,1.);
#4582 = DIRECTION('',(1.,9.95799250103E-17,0.));
#4583 = ORIENTED_EDGE('',*,*,#4584,.T.);
#4584 = EDGE_CURVE('',#4577,#4585,#4587,.T.);
#4585 = VERTEX_POINT('',#4586);
#4586 = CARTESIAN_POINT('',(-0.875,-0.8,0.25));
#4587 = CIRCLE('',#4588,0.1);
#4588 = AXIS2_PLACEMENT_3D('',#4589,#4590,#4591);
#4589 = CARTESIAN_POINT('',(-0.975,-0.8,0.25));
#4590 = DIRECTION('',(9.95799250103E-17,-1.,-0.));
#4591 = DIRECTION('',(-0.,0.,-1.));
#4592 = ORIENTED_EDGE('',*,*,#4593,.T.);
#4593 = EDGE_CURVE('',#4585,#4594,#4596,.T.);
#4594 = VERTEX_POINT('',#4595);
#4595 = CARTESIAN_POINT('',(-0.875,-0.8,0.4));
#4596 = LINE('',#4597,#4598);
#4597 = CARTESIAN_POINT('',(-0.875,-0.8,0.25));
#4598 = VECTOR('',#4599,1.);
#4599 = DIRECTION('',(0.,0.,1.));
#4600 = ORIENTED_EDGE('',*,*,#4601,.T.);
#4601 = EDGE_CURVE('',#4594,#3550,#4602,.T.);
#4602 = CIRCLE('',#4603,0.25);
#4603 = AXIS2_PLACEMENT_3D('',#4604,#4605,#4606);
#4604 = CARTESIAN_POINT('',(-0.625,-0.8,0.4));
#4605 = DIRECTION('',(-9.95799250103E-17,1.,0.));
#4606 = DIRECTION('',(-1.,-9.95799250103E-17,4.440892098501E-16));
#4607 = PLANE('',#4608);
#4608 = AXIS2_PLACEMENT_3D('',#4609,#4610,#4611);
#4609 = CARTESIAN_POINT('',(-0.79217491177,-0.8,0.331804424548));
#4610 = DIRECTION('',(-9.95799250103E-17,1.,0.));
#4611 = DIRECTION('',(0.,0.,1.));
#4612 = ADVANCED_FACE('',(#4613),#4682,.T.);
#4613 = FACE_BOUND('',#4614,.T.);
#4614 = EDGE_LOOP('',(#4615,#4616,#4617,#4625,#4634,#4642,#4650,#4658,
    #4667,#4675));
#4615 = ORIENTED_EDGE('',*,*,#3571,.F.);
#4616 = ORIENTED_EDGE('',*,*,#3629,.T.);
#4617 = ORIENTED_EDGE('',*,*,#4618,.T.);
#4618 = EDGE_CURVE('',#3630,#4619,#4621,.T.);
#4619 = VERTEX_POINT('',#4620);
#4620 = CARTESIAN_POINT('',(-0.725,0.8,0.25));
#4621 = LINE('',#4622,#4623);
#4622 = CARTESIAN_POINT('',(-0.725,0.8,0.4));
#4623 = VECTOR('',#4624,1.);
#4624 = DIRECTION('',(-0.,0.,-1.));
#4625 = ORIENTED_EDGE('',*,*,#4626,.T.);
#4626 = EDGE_CURVE('',#4619,#4627,#4629,.T.);
#4627 = VERTEX_POINT('',#4628);
#4628 = CARTESIAN_POINT('',(-0.975,0.8,0.));
#4629 = CIRCLE('',#4630,0.25);
#4630 = AXIS2_PLACEMENT_3D('',#4631,#4632,#4633);
#4631 = CARTESIAN_POINT('',(-0.975,0.8,0.25));
#4632 = DIRECTION('',(-9.95799250103E-17,1.,0.));
#4633 = DIRECTION('',(1.,9.95799250103E-17,-2.22044604925E-16));
#4634 = ORIENTED_EDGE('',*,*,#4635,.T.);
#4635 = EDGE_CURVE('',#4627,#4636,#4638,.T.);
#4636 = VERTEX_POINT('',#4637);
#4637 = CARTESIAN_POINT('',(-1.,0.8,0.));
#4638 = LINE('',#4639,#4640);
#4639 = CARTESIAN_POINT('',(-0.975,0.8,0.));
#4640 = VECTOR('',#4641,1.);
#4641 = DIRECTION('',(-1.,-9.95799250103E-17,0.));
#4642 = ORIENTED_EDGE('',*,*,#4643,.T.);
#4643 = EDGE_CURVE('',#4636,#4644,#4646,.T.);
#4644 = VERTEX_POINT('',#4645);
#4645 = CARTESIAN_POINT('',(-1.,0.8,0.15));
#4646 = LINE('',#4647,#4648);
#4647 = CARTESIAN_POINT('',(-1.,0.8,0.));
#4648 = VECTOR('',#4649,1.);
#4649 = DIRECTION('',(0.,0.,1.));
#4650 = ORIENTED_EDGE('',*,*,#4651,.T.);
#4651 = EDGE_CURVE('',#4644,#4652,#4654,.T.);
#4652 = VERTEX_POINT('',#4653);
#4653 = CARTESIAN_POINT('',(-0.975,0.8,0.15));
#4654 = LINE('',#4655,#4656);
#4655 = CARTESIAN_POINT('',(-1.,0.8,0.15));
#4656 = VECTOR('',#4657,1.);
#4657 = DIRECTION('',(1.,9.95799250103E-17,0.));
#4658 = ORIENTED_EDGE('',*,*,#4659,.T.);
#4659 = EDGE_CURVE('',#4652,#4660,#4662,.T.);
#4660 = VERTEX_POINT('',#4661);
#4661 = CARTESIAN_POINT('',(-0.875,0.8,0.25));
#4662 = CIRCLE('',#4663,0.1);
#4663 = AXIS2_PLACEMENT_3D('',#4664,#4665,#4666);
#4664 = CARTESIAN_POINT('',(-0.975,0.8,0.25));
#4665 = DIRECTION('',(9.95799250103E-17,-1.,-0.));
#4666 = DIRECTION('',(-0.,0.,-1.));
#4667 = ORIENTED_EDGE('',*,*,#4668,.T.);
#4668 = EDGE_CURVE('',#4660,#4669,#4671,.T.);
#4669 = VERTEX_POINT('',#4670);
#4670 = CARTESIAN_POINT('',(-0.875,0.8,0.4));
#4671 = LINE('',#4672,#4673);
#4672 = CARTESIAN_POINT('',(-0.875,0.8,0.25));
#4673 = VECTOR('',#4674,1.);
#4674 = DIRECTION('',(0.,0.,1.));
#4675 = ORIENTED_EDGE('',*,*,#4676,.T.);
#4676 = EDGE_CURVE('',#4669,#3572,#4677,.T.);
#4677 = CIRCLE('',#4678,0.25);
#4678 = AXIS2_PLACEMENT_3D('',#4679,#4680,#4681);
#4679 = CARTESIAN_POINT('',(-0.625,0.8,0.4));
#4680 = DIRECTION('',(-9.95799250103E-17,1.,0.));
#4681 = DIRECTION('',(-1.,-9.95799250103E-17,4.440892098501E-16));
#4682 = PLANE('',#4683);
#4683 = AXIS2_PLACEMENT_3D('',#4684,#4685,#4686);
#4684 = CARTESIAN_POINT('',(-0.79217491177,0.8,0.331804424548));
#4685 = DIRECTION('',(-9.95799250103E-17,1.,0.));
#4686 = DIRECTION('',(0.,0.,1.));
#4687 = ADVANCED_FACE('',(#4688),#4706,.F.);
#4688 = FACE_BOUND('',#4689,.F.);
#4689 = EDGE_LOOP('',(#4690,#4698,#4699,#4700));
#4690 = ORIENTED_EDGE('',*,*,#4691,.F.);
#4691 = EDGE_CURVE('',#3572,#4692,#4694,.T.);
#4692 = VERTEX_POINT('',#4693);
#4693 = CARTESIAN_POINT('',(-0.6,0.8,0.65));
#4694 = LINE('',#4695,#4696);
#4695 = CARTESIAN_POINT('',(-0.625,0.8,0.65));
#4696 = VECTOR('',#4697,1.);
#4697 = DIRECTION('',(1.,9.95799250103E-17,0.));
#4698 = ORIENTED_EDGE('',*,*,#3581,.T.);
#4699 = ORIENTED_EDGE('',*,*,#3818,.T.);
#4700 = ORIENTED_EDGE('',*,*,#4701,.F.);
#4701 = EDGE_CURVE('',#4692,#3811,#4702,.T.);
#4702 = LINE('',#4703,#4704);
#4703 = CARTESIAN_POINT('',(-0.6,-0.8925,0.65));
#4704 = VECTOR('',#4705,1.);
#4705 = DIRECTION('',(-2.22044604925E-16,1.,0.));
#4706 = B_SPLINE_SURFACE_WITH_KNOTS('',1,1,(
    (#4707,#4708)
    ,(#4709,#4710
    )),.UNSPECIFIED.,.F.,.F.,.F.,(2,2),(2,2),(0.,1.81),(0.,1.),
  .PIECEWISE_BEZIER_KNOTS.);
#4707 = CARTESIAN_POINT('',(-0.625,-0.905,0.65));
#4708 = CARTESIAN_POINT('',(-0.6,-0.8925,0.65));
#4709 = CARTESIAN_POINT('',(-0.625,0.905,0.65));
#4710 = CARTESIAN_POINT('',(-0.6,0.8925,0.65));
#4711 = ADVANCED_FACE('',(#4712),#4781,.T.);
#4712 = FACE_BOUND('',#4713,.T.);
#4713 = EDGE_LOOP('',(#4714,#4715,#4716,#4724,#4733,#4741,#4749,#4757,
    #4766,#4774));
#4714 = ORIENTED_EDGE('',*,*,#3661,.F.);
#4715 = ORIENTED_EDGE('',*,*,#3596,.T.);
#4716 = ORIENTED_EDGE('',*,*,#4717,.T.);
#4717 = EDGE_CURVE('',#3597,#4718,#4720,.T.);
#4718 = VERTEX_POINT('',#4719);
#4719 = CARTESIAN_POINT('',(-0.725,-0.5,0.25));
#4720 = LINE('',#4721,#4722);
#4721 = CARTESIAN_POINT('',(-0.725,-0.5,0.4));
#4722 = VECTOR('',#4723,1.);
#4723 = DIRECTION('',(-0.,0.,-1.));
#4724 = ORIENTED_EDGE('',*,*,#4725,.T.);
#4725 = EDGE_CURVE('',#4718,#4726,#4728,.T.);
#4726 = VERTEX_POINT('',#4727);
#4727 = CARTESIAN_POINT('',(-0.975,-0.5,0.));
#4728 = CIRCLE('',#4729,0.25);
#4729 = AXIS2_PLACEMENT_3D('',#4730,#4731,#4732);
#4730 = CARTESIAN_POINT('',(-0.975,-0.5,0.25));
#4731 = DIRECTION('',(-9.95799250103E-17,1.,0.));
#4732 = DIRECTION('',(1.,9.95799250103E-17,-2.22044604925E-16));
#4733 = ORIENTED_EDGE('',*,*,#4734,.T.);
#4734 = EDGE_CURVE('',#4726,#4735,#4737,.T.);
#4735 = VERTEX_POINT('',#4736);
#4736 = CARTESIAN_POINT('',(-1.,-0.5,0.));
#4737 = LINE('',#4738,#4739);
#4738 = CARTESIAN_POINT('',(-0.975,-0.5,0.));
#4739 = VECTOR('',#4740,1.);
#4740 = DIRECTION('',(-1.,-9.95799250103E-17,0.));
#4741 = ORIENTED_EDGE('',*,*,#4742,.T.);
#4742 = EDGE_CURVE('',#4735,#4743,#4745,.T.);
#4743 = VERTEX_POINT('',#4744);
#4744 = CARTESIAN_POINT('',(-1.,-0.5,0.15));
#4745 = LINE('',#4746,#4747);
#4746 = CARTESIAN_POINT('',(-1.,-0.5,0.));
#4747 = VECTOR('',#4748,1.);
#4748 = DIRECTION('',(0.,0.,1.));
#4749 = ORIENTED_EDGE('',*,*,#4750,.T.);
#4750 = EDGE_CURVE('',#4743,#4751,#4753,.T.);
#4751 = VERTEX_POINT('',#4752);
#4752 = CARTESIAN_POINT('',(-0.975,-0.5,0.15));
#4753 = LINE('',#4754,#4755);
#4754 = CARTESIAN_POINT('',(-1.,-0.5,0.15));
#4755 = VECTOR('',#4756,1.);
#4756 = DIRECTION('',(1.,9.95799250103E-17,0.));
#4757 = ORIENTED_EDGE('',*,*,#4758,.T.);
#4758 = EDGE_CURVE('',#4751,#4759,#4761,.T.);
#4759 = VERTEX_POINT('',#4760);
#4760 = CARTESIAN_POINT('',(-0.875,-0.5,0.25));
#4761 = CIRCLE('',#4762,0.1);
#4762 = AXIS2_PLACEMENT_3D('',#4763,#4764,#4765);
#4763 = CARTESIAN_POINT('',(-0.975,-0.5,0.25));
#4764 = DIRECTION('',(9.95799250103E-17,-1.,-0.));
#4765 = DIRECTION('',(-0.,0.,-1.));
#4766 = ORIENTED_EDGE('',*,*,#4767,.T.);
#4767 = EDGE_CURVE('',#4759,#4768,#4770,.T.);
#4768 = VERTEX_POINT('',#4769);
#4769 = CARTESIAN_POINT('',(-0.875,-0.5,0.4));
#4770 = LINE('',#4771,#4772);
#4771 = CARTESIAN_POINT('',(-0.875,-0.5,0.25));
#4772 = VECTOR('',#4773,1.);
#4773 = DIRECTION('',(0.,0.,1.));
#4774 = ORIENTED_EDGE('',*,*,#4775,.T.);
#4775 = EDGE_CURVE('',#4768,#3662,#4776,.T.);
#4776 = CIRCLE('',#4777,0.25);
#4777 = AXIS2_PLACEMENT_3D('',#4778,#4779,#4780);
#4778 = CARTESIAN_POINT('',(-0.625,-0.5,0.4));
#4779 = DIRECTION('',(-9.95799250103E-17,1.,0.));
#4780 = DIRECTION('',(-1.,-9.95799250103E-17,4.440892098501E-16));
#4781 = PLANE('',#4782);
#4782 = AXIS2_PLACEMENT_3D('',#4783,#4784,#4785);
#4783 = CARTESIAN_POINT('',(-0.79217491177,-0.5,0.331804424548));
#4784 = DIRECTION('',(-9.95799250103E-17,1.,0.));
#4785 = DIRECTION('',(0.,0.,1.));
#4786 = ADVANCED_FACE('',(#4787),#4798,.F.);
#4787 = FACE_BOUND('',#4788,.F.);
#4788 = EDGE_LOOP('',(#4789,#4790,#4791,#4797));
#4789 = ORIENTED_EDGE('',*,*,#3605,.T.);
#4790 = ORIENTED_EDGE('',*,*,#4717,.T.);
#4791 = ORIENTED_EDGE('',*,*,#4792,.F.);
#4792 = EDGE_CURVE('',#4544,#4718,#4793,.T.);
#4793 = LINE('',#4794,#4795);
#4794 = CARTESIAN_POINT('',(-0.725,-0.8,0.25));
#4795 = VECTOR('',#4796,1.);
#4796 = DIRECTION('',(-9.95799250103E-17,1.,0.));
#4797 = ORIENTED_EDGE('',*,*,#4543,.F.);
#4798 = PLANE('',#4799);
#4799 = AXIS2_PLACEMENT_3D('',#4800,#4801,#4802);
#4800 = CARTESIAN_POINT('',(-0.725,-0.8,0.4));
#4801 = DIRECTION('',(-1.,-9.95799250103E-17,0.));
#4802 = DIRECTION('',(-0.,0.,-1.));
#4803 = ADVANCED_FACE('',(#4804),#4873,.F.);
#4804 = FACE_BOUND('',#4805,.F.);
#4805 = EDGE_LOOP('',(#4806,#4807,#4808,#4816,#4825,#4833,#4841,#4849,
    #4858,#4866));
#4806 = ORIENTED_EDGE('',*,*,#3701,.F.);
#4807 = ORIENTED_EDGE('',*,*,#3646,.T.);
#4808 = ORIENTED_EDGE('',*,*,#4809,.T.);
#4809 = EDGE_CURVE('',#3639,#4810,#4812,.T.);
#4810 = VERTEX_POINT('',#4811);
#4811 = CARTESIAN_POINT('',(-0.725,0.5,0.25));
#4812 = LINE('',#4813,#4814);
#4813 = CARTESIAN_POINT('',(-0.725,0.5,0.4));
#4814 = VECTOR('',#4815,1.);
#4815 = DIRECTION('',(-0.,0.,-1.));
#4816 = ORIENTED_EDGE('',*,*,#4817,.T.);
#4817 = EDGE_CURVE('',#4810,#4818,#4820,.T.);
#4818 = VERTEX_POINT('',#4819);
#4819 = CARTESIAN_POINT('',(-0.975,0.5,0.));
#4820 = CIRCLE('',#4821,0.25);
#4821 = AXIS2_PLACEMENT_3D('',#4822,#4823,#4824);
#4822 = CARTESIAN_POINT('',(-0.975,0.5,0.25));
#4823 = DIRECTION('',(-9.95799250103E-17,1.,0.));
#4824 = DIRECTION('',(1.,9.95799250103E-17,-2.22044604925E-16));
#4825 = ORIENTED_EDGE('',*,*,#4826,.T.);
#4826 = EDGE_CURVE('',#4818,#4827,#4829,.T.);
#4827 = VERTEX_POINT('',#4828);
#4828 = CARTESIAN_POINT('',(-1.,0.5,0.));
#4829 = LINE('',#4830,#4831);
#4830 = CARTESIAN_POINT('',(-0.975,0.5,0.));
#4831 = VECTOR('',#4832,1.);
#4832 = DIRECTION('',(-1.,-9.95799250103E-17,0.));
#4833 = ORIENTED_EDGE('',*,*,#4834,.T.);
#4834 = EDGE_CURVE('',#4827,#4835,#4837,.T.);
#4835 = VERTEX_POINT('',#4836);
#4836 = CARTESIAN_POINT('',(-1.,0.5,0.15));
#4837 = LINE('',#4838,#4839);
#4838 = CARTESIAN_POINT('',(-1.,0.5,0.));
#4839 = VECTOR('',#4840,1.);
#4840 = DIRECTION('',(0.,0.,1.));
#4841 = ORIENTED_EDGE('',*,*,#4842,.T.);
#4842 = EDGE_CURVE('',#4835,#4843,#4845,.T.);
#4843 = VERTEX_POINT('',#4844);
#4844 = CARTESIAN_POINT('',(-0.975,0.5,0.15));
#4845 = LINE('',#4846,#4847);
#4846 = CARTESIAN_POINT('',(-1.,0.5,0.15));
#4847 = VECTOR('',#4848,1.);
#4848 = DIRECTION('',(1.,9.95799250103E-17,0.));
#4849 = ORIENTED_EDGE('',*,*,#4850,.T.);
#4850 = EDGE_CURVE('',#4843,#4851,#4853,.T.);
#4851 = VERTEX_POINT('',#4852);
#4852 = CARTESIAN_POINT('',(-0.875,0.5,0.25));
#4853 = CIRCLE('',#4854,0.1);
#4854 = AXIS2_PLACEMENT_3D('',#4855,#4856,#4857);
#4855 = CARTESIAN_POINT('',(-0.975,0.5,0.25));
#4856 = DIRECTION('',(9.95799250103E-17,-1.,-0.));
#4857 = DIRECTION('',(-0.,0.,-1.));
#4858 = ORIENTED_EDGE('',*,*,#4859,.T.);
#4859 = EDGE_CURVE('',#4851,#4860,#4862,.T.);
#4860 = VERTEX_POINT('',#4861);
#4861 = CARTESIAN_POINT('',(-0.875,0.5,0.4));
#4862 = LINE('',#4863,#4864);
#4863 = CARTESIAN_POINT('',(-0.875,0.5,0.25));
#4864 = VECTOR('',#4865,1.);
#4865 = DIRECTION('',(0.,0.,1.));
#4866 = ORIENTED_EDGE('',*,*,#4867,.T.);
#4867 = EDGE_CURVE('',#4860,#3702,#4868,.T.);
#4868 = CIRCLE('',#4869,0.25);
#4869 = AXIS2_PLACEMENT_3D('',#4870,#4871,#4872);
#4870 = CARTESIAN_POINT('',(-0.625,0.5,0.4));
#4871 = DIRECTION('',(-9.95799250103E-17,1.,0.));
#4872 = DIRECTION('',(-1.,-9.95799250103E-17,4.440892098501E-16));
#4873 = PLANE('',#4874);
#4874 = AXIS2_PLACEMENT_3D('',#4875,#4876,#4877);
#4875 = CARTESIAN_POINT('',(-0.79217491177,0.5,0.331804424548));
#4876 = DIRECTION('',(-9.95799250103E-17,1.,0.));
#4877 = DIRECTION('',(0.,0.,1.));
#4878 = ADVANCED_FACE('',(#4879),#4890,.F.);
#4879 = FACE_BOUND('',#4880,.F.);
#4880 = EDGE_LOOP('',(#4881,#4882,#4883,#4889));
#4881 = ORIENTED_EDGE('',*,*,#3638,.T.);
#4882 = ORIENTED_EDGE('',*,*,#4618,.T.);
#4883 = ORIENTED_EDGE('',*,*,#4884,.F.);
#4884 = EDGE_CURVE('',#4810,#4619,#4885,.T.);
#4885 = LINE('',#4886,#4887);
#4886 = CARTESIAN_POINT('',(-0.725,0.5,0.25));
#4887 = VECTOR('',#4888,1.);
#4888 = DIRECTION('',(-9.95799250103E-17,1.,0.));
#4889 = ORIENTED_EDGE('',*,*,#4809,.F.);
#4890 = PLANE('',#4891);
#4891 = AXIS2_PLACEMENT_3D('',#4892,#4893,#4894);
#4892 = CARTESIAN_POINT('',(-0.725,0.5,0.4));
#4893 = DIRECTION('',(-1.,-9.95799250103E-17,0.));
#4894 = DIRECTION('',(-0.,0.,-1.));
#4895 = ADVANCED_FACE('',(#4896),#4921,.F.);
#4896 = FACE_BOUND('',#4897,.F.);
#4897 = EDGE_LOOP('',(#4898,#4906,#4907,#4915));
#4898 = ORIENTED_EDGE('',*,*,#4899,.F.);
#4899 = EDGE_CURVE('',#3662,#4900,#4902,.T.);
#4900 = VERTEX_POINT('',#4901);
#4901 = CARTESIAN_POINT('',(-0.6,-0.5,0.65));
#4902 = LINE('',#4903,#4904);
#4903 = CARTESIAN_POINT('',(-0.625,-0.5,0.65));
#4904 = VECTOR('',#4905,1.);
#4905 = DIRECTION('',(1.,9.95799250103E-17,0.));
#4906 = ORIENTED_EDGE('',*,*,#3678,.T.);
#4907 = ORIENTED_EDGE('',*,*,#4908,.T.);
#4908 = EDGE_CURVE('',#3671,#4909,#4911,.T.);
#4909 = VERTEX_POINT('',#4910);
#4910 = CARTESIAN_POINT('',(-0.6,-0.15,0.65));
#4911 = LINE('',#4912,#4913);
#4912 = CARTESIAN_POINT('',(-0.625,-0.15,0.65));
#4913 = VECTOR('',#4914,1.);
#4914 = DIRECTION('',(1.,9.95799250103E-17,0.));
#4915 = ORIENTED_EDGE('',*,*,#4916,.F.);
#4916 = EDGE_CURVE('',#4900,#4909,#4917,.T.);
#4917 = LINE('',#4918,#4919);
#4918 = CARTESIAN_POINT('',(-0.6,-0.8925,0.65));
#4919 = VECTOR('',#4920,1.);
#4920 = DIRECTION('',(-2.22044604925E-16,1.,0.));
#4921 = B_SPLINE_SURFACE_WITH_KNOTS('',1,1,(
    (#4922,#4923)
    ,(#4924,#4925
    )),.UNSPECIFIED.,.F.,.F.,.F.,(2,2),(2,2),(0.,1.81),(0.,1.),
  .PIECEWISE_BEZIER_KNOTS.);
#4922 = CARTESIAN_POINT('',(-0.625,-0.905,0.65));
#4923 = CARTESIAN_POINT('',(-0.6,-0.8925,0.65));
#4924 = CARTESIAN_POINT('',(-0.625,0.905,0.65));
#4925 = CARTESIAN_POINT('',(-0.6,0.8925,0.65));
#4926 = ADVANCED_FACE('',(#4927),#4996,.F.);
#4927 = FACE_BOUND('',#4928,.F.);
#4928 = EDGE_LOOP('',(#4929,#4930,#4931,#4939,#4948,#4956,#4964,#4972,
    #4981,#4989));
#4929 = ORIENTED_EDGE('',*,*,#3670,.F.);
#4930 = ORIENTED_EDGE('',*,*,#3741,.T.);
#4931 = ORIENTED_EDGE('',*,*,#4932,.T.);
#4932 = EDGE_CURVE('',#3734,#4933,#4935,.T.);
#4933 = VERTEX_POINT('',#4934);
#4934 = CARTESIAN_POINT('',(-0.725,-0.15,0.25));
#4935 = LINE('',#4936,#4937);
#4936 = CARTESIAN_POINT('',(-0.725,-0.15,0.4));
#4937 = VECTOR('',#4938,1.);
#4938 = DIRECTION('',(-0.,0.,-1.));
#4939 = ORIENTED_EDGE('',*,*,#4940,.T.);
#4940 = EDGE_CURVE('',#4933,#4941,#4943,.T.);
#4941 = VERTEX_POINT('',#4942);
#4942 = CARTESIAN_POINT('',(-0.975,-0.15,0.));
#4943 = CIRCLE('',#4944,0.25);
#4944 = AXIS2_PLACEMENT_3D('',#4945,#4946,#4947);
#4945 = CARTESIAN_POINT('',(-0.975,-0.15,0.25));
#4946 = DIRECTION('',(-9.95799250103E-17,1.,0.));
#4947 = DIRECTION('',(1.,9.95799250103E-17,-2.22044604925E-16));
#4948 = ORIENTED_EDGE('',*,*,#4949,.T.);
#4949 = EDGE_CURVE('',#4941,#4950,#4952,.T.);
#4950 = VERTEX_POINT('',#4951);
#4951 = CARTESIAN_POINT('',(-1.,-0.15,0.));
#4952 = LINE('',#4953,#4954);
#4953 = CARTESIAN_POINT('',(-0.975,-0.15,0.));
#4954 = VECTOR('',#4955,1.);
#4955 = DIRECTION('',(-1.,-9.95799250103E-17,0.));
#4956 = ORIENTED_EDGE('',*,*,#4957,.T.);
#4957 = EDGE_CURVE('',#4950,#4958,#4960,.T.);
#4958 = VERTEX_POINT('',#4959);
#4959 = CARTESIAN_POINT('',(-1.,-0.15,0.15));
#4960 = LINE('',#4961,#4962);
#4961 = CARTESIAN_POINT('',(-1.,-0.15,0.));
#4962 = VECTOR('',#4963,1.);
#4963 = DIRECTION('',(0.,0.,1.));
#4964 = ORIENTED_EDGE('',*,*,#4965,.T.);
#4965 = EDGE_CURVE('',#4958,#4966,#4968,.T.);
#4966 = VERTEX_POINT('',#4967);
#4967 = CARTESIAN_POINT('',(-0.975,-0.15,0.15));
#4968 = LINE('',#4969,#4970);
#4969 = CARTESIAN_POINT('',(-1.,-0.15,0.15));
#4970 = VECTOR('',#4971,1.);
#4971 = DIRECTION('',(1.,9.95799250103E-17,0.));
#4972 = ORIENTED_EDGE('',*,*,#4973,.T.);
#4973 = EDGE_CURVE('',#4966,#4974,#4976,.T.);
#4974 = VERTEX_POINT('',#4975);
#4975 = CARTESIAN_POINT('',(-0.875,-0.15,0.25));
#4976 = CIRCLE('',#4977,0.1);
#4977 = AXIS2_PLACEMENT_3D('',#4978,#4979,#4980);
#4978 = CARTESIAN_POINT('',(-0.975,-0.15,0.25));
#4979 = DIRECTION('',(9.95799250103E-17,-1.,-0.));
#4980 = DIRECTION('',(-0.,0.,-1.));
#4981 = ORIENTED_EDGE('',*,*,#4982,.T.);
#4982 = EDGE_CURVE('',#4974,#4983,#4985,.T.);
#4983 = VERTEX_POINT('',#4984);
#4984 = CARTESIAN_POINT('',(-0.875,-0.15,0.4));
#4985 = LINE('',#4986,#4987);
#4986 = CARTESIAN_POINT('',(-0.875,-0.15,0.25));
#4987 = VECTOR('',#4988,1.);
#4988 = DIRECTION('',(0.,0.,1.));
#4989 = ORIENTED_EDGE('',*,*,#4990,.T.);
#4990 = EDGE_CURVE('',#4983,#3671,#4991,.T.);
#4991 = CIRCLE('',#4992,0.25);
#4992 = AXIS2_PLACEMENT_3D('',#4993,#4994,#4995);
#4993 = CARTESIAN_POINT('',(-0.625,-0.15,0.4));
#4994 = DIRECTION('',(-9.95799250103E-17,1.,0.));
#4995 = DIRECTION('',(-1.,-9.95799250103E-17,4.440892098501E-16));
#4996 = PLANE('',#4997);
#4997 = AXIS2_PLACEMENT_3D('',#4998,#4999,#5000);
#4998 = CARTESIAN_POINT('',(-0.79217491177,-0.15,0.331804424548));
#4999 = DIRECTION('',(-9.95799250103E-17,1.,0.));
#5000 = DIRECTION('',(0.,0.,1.));
#5001 = ADVANCED_FACE('',(#5002),#5071,.T.);
#5002 = FACE_BOUND('',#5003,.T.);
#5003 = EDGE_LOOP('',(#5004,#5005,#5006,#5014,#5023,#5031,#5039,#5047,
    #5056,#5064));
#5004 = ORIENTED_EDGE('',*,*,#3692,.F.);
#5005 = ORIENTED_EDGE('',*,*,#3724,.T.);
#5006 = ORIENTED_EDGE('',*,*,#5007,.T.);
#5007 = EDGE_CURVE('',#3725,#5008,#5010,.T.);
#5008 = VERTEX_POINT('',#5009);
#5009 = CARTESIAN_POINT('',(-0.725,0.15,0.25));
#5010 = LINE('',#5011,#5012);
#5011 = CARTESIAN_POINT('',(-0.725,0.15,0.4));
#5012 = VECTOR('',#5013,1.);
#5013 = DIRECTION('',(-0.,0.,-1.));
#5014 = ORIENTED_EDGE('',*,*,#5015,.T.);
#5015 = EDGE_CURVE('',#5008,#5016,#5018,.T.);
#5016 = VERTEX_POINT('',#5017);
#5017 = CARTESIAN_POINT('',(-0.975,0.15,0.));
#5018 = CIRCLE('',#5019,0.25);
#5019 = AXIS2_PLACEMENT_3D('',#5020,#5021,#5022);
#5020 = CARTESIAN_POINT('',(-0.975,0.15,0.25));
#5021 = DIRECTION('',(-9.95799250103E-17,1.,0.));
#5022 = DIRECTION('',(1.,9.95799250103E-17,-2.22044604925E-16));
#5023 = ORIENTED_EDGE('',*,*,#5024,.T.);
#5024 = EDGE_CURVE('',#5016,#5025,#5027,.T.);
#5025 = VERTEX_POINT('',#5026);
#5026 = CARTESIAN_POINT('',(-1.,0.15,0.));
#5027 = LINE('',#5028,#5029);
#5028 = CARTESIAN_POINT('',(-0.975,0.15,0.));
#5029 = VECTOR('',#5030,1.);
#5030 = DIRECTION('',(-1.,-9.95799250103E-17,0.));
#5031 = ORIENTED_EDGE('',*,*,#5032,.T.);
#5032 = EDGE_CURVE('',#5025,#5033,#5035,.T.);
#5033 = VERTEX_POINT('',#5034);
#5034 = CARTESIAN_POINT('',(-1.,0.15,0.15));
#5035 = LINE('',#5036,#5037);
#5036 = CARTESIAN_POINT('',(-1.,0.15,0.));
#5037 = VECTOR('',#5038,1.);
#5038 = DIRECTION('',(0.,0.,1.));
#5039 = ORIENTED_EDGE('',*,*,#5040,.T.);
#5040 = EDGE_CURVE('',#5033,#5041,#5043,.T.);
#5041 = VERTEX_POINT('',#5042);
#5042 = CARTESIAN_POINT('',(-0.975,0.15,0.15));
#5043 = LINE('',#5044,#5045);
#5044 = CARTESIAN_POINT('',(-1.,0.15,0.15));
#5045 = VECTOR('',#5046,1.);
#5046 = DIRECTION('',(1.,9.95799250103E-17,0.));
#5047 = ORIENTED_EDGE('',*,*,#5048,.T.);
#5048 = EDGE_CURVE('',#5041,#5049,#5051,.T.);
#5049 = VERTEX_POINT('',#5050);
#5050 = CARTESIAN_POINT('',(-0.875,0.15,0.25));
#5051 = CIRCLE('',#5052,0.1);
#5052 = AXIS2_PLACEMENT_3D('',#5053,#5054,#5055);
#5053 = CARTESIAN_POINT('',(-0.975,0.15,0.25));
#5054 = DIRECTION('',(9.95799250103E-17,-1.,-0.));
#5055 = DIRECTION('',(-0.,0.,-1.));
#5056 = ORIENTED_EDGE('',*,*,#5057,.T.);
#5057 = EDGE_CURVE('',#5049,#5058,#5060,.T.);
#5058 = VERTEX_POINT('',#5059);
#5059 = CARTESIAN_POINT('',(-0.875,0.15,0.4));
#5060 = LINE('',#5061,#5062);
#5061 = CARTESIAN_POINT('',(-0.875,0.15,0.25));
#5062 = VECTOR('',#5063,1.);
#5063 = DIRECTION('',(0.,0.,1.));
#5064 = ORIENTED_EDGE('',*,*,#5065,.T.);
#5065 = EDGE_CURVE('',#5058,#3693,#5066,.T.);
#5066 = CIRCLE('',#5067,0.25);
#5067 = AXIS2_PLACEMENT_3D('',#5068,#5069,#5070);
#5068 = CARTESIAN_POINT('',(-0.625,0.15,0.4));
#5069 = DIRECTION('',(-9.95799250103E-17,1.,0.));
#5070 = DIRECTION('',(-1.,-9.95799250103E-17,4.440892098501E-16));
#5071 = PLANE('',#5072);
#5072 = AXIS2_PLACEMENT_3D('',#5073,#5074,#5075);
#5073 = CARTESIAN_POINT('',(-0.79217491177,0.15,0.331804424548));
#5074 = DIRECTION('',(-9.95799250103E-17,1.,0.));
#5075 = DIRECTION('',(0.,0.,1.));
#5076 = ADVANCED_FACE('',(#5077),#5102,.F.);
#5077 = FACE_BOUND('',#5078,.F.);
#5078 = EDGE_LOOP('',(#5079,#5087,#5088,#5096));
#5079 = ORIENTED_EDGE('',*,*,#5080,.F.);
#5080 = EDGE_CURVE('',#3693,#5081,#5083,.T.);
#5081 = VERTEX_POINT('',#5082);
#5082 = CARTESIAN_POINT('',(-0.6,0.15,0.65));
#5083 = LINE('',#5084,#5085);
#5084 = CARTESIAN_POINT('',(-0.625,0.15,0.65));
#5085 = VECTOR('',#5086,1.);
#5086 = DIRECTION('',(1.,9.95799250103E-17,0.));
#5087 = ORIENTED_EDGE('',*,*,#3709,.T.);
#5088 = ORIENTED_EDGE('',*,*,#5089,.T.);
#5089 = EDGE_CURVE('',#3702,#5090,#5092,.T.);
#5090 = VERTEX_POINT('',#5091);
#5091 = CARTESIAN_POINT('',(-0.6,0.5,0.65));
#5092 = LINE('',#5093,#5094);
#5093 = CARTESIAN_POINT('',(-0.625,0.5,0.65));
#5094 = VECTOR('',#5095,1.);
#5095 = DIRECTION('',(1.,9.95799250103E-17,0.));
#5096 = ORIENTED_EDGE('',*,*,#5097,.F.);
#5097 = EDGE_CURVE('',#5081,#5090,#5098,.T.);
#5098 = LINE('',#5099,#5100);
#5099 = CARTESIAN_POINT('',(-0.6,-0.8925,0.65));
#5100 = VECTOR('',#5101,1.);
#5101 = DIRECTION('',(-2.22044604925E-16,1.,0.));
#5102 = B_SPLINE_SURFACE_WITH_KNOTS('',1,1,(
    (#5103,#5104)
    ,(#5105,#5106
    )),.UNSPECIFIED.,.F.,.F.,.F.,(2,2),(2,2),(0.,1.81),(0.,1.),
  .PIECEWISE_BEZIER_KNOTS.);
#5103 = CARTESIAN_POINT('',(-0.625,-0.905,0.65));
#5104 = CARTESIAN_POINT('',(-0.6,-0.8925,0.65));
#5105 = CARTESIAN_POINT('',(-0.625,0.905,0.65));
#5106 = CARTESIAN_POINT('',(-0.6,0.8925,0.65));
#5107 = ADVANCED_FACE('',(#5108),#5119,.F.);
#5108 = FACE_BOUND('',#5109,.F.);
#5109 = EDGE_LOOP('',(#5110,#5111,#5112,#5118));
#5110 = ORIENTED_EDGE('',*,*,#3733,.T.);
#5111 = ORIENTED_EDGE('',*,*,#5007,.T.);
#5112 = ORIENTED_EDGE('',*,*,#5113,.F.);
#5113 = EDGE_CURVE('',#4933,#5008,#5114,.T.);
#5114 = LINE('',#5115,#5116);
#5115 = CARTESIAN_POINT('',(-0.725,-0.15,0.25));
#5116 = VECTOR('',#5117,1.);
#5117 = DIRECTION('',(-9.95799250103E-17,1.,0.));
#5118 = ORIENTED_EDGE('',*,*,#4932,.F.);
#5119 = PLANE('',#5120);
#5120 = AXIS2_PLACEMENT_3D('',#5121,#5122,#5123);
#5121 = CARTESIAN_POINT('',(-0.725,-0.15,0.4));
#5122 = DIRECTION('',(-1.,-9.95799250103E-17,0.));
#5123 = DIRECTION('',(-0.,0.,-1.));
#5124 = ADVANCED_FACE('',(#5125),#5142,.F.);
#5125 = FACE_BOUND('',#5126,.F.);
#5126 = EDGE_LOOP('',(#5127,#5128,#5135,#5141));
#5127 = ORIENTED_EDGE('',*,*,#3764,.T.);
#5128 = ORIENTED_EDGE('',*,*,#5129,.T.);
#5129 = EDGE_CURVE('',#3758,#5130,#5132,.T.);
#5130 = VERTEX_POINT('',#5131);
#5131 = CARTESIAN_POINT('',(0.543783666119,0.86439183306,1.05));
#5132 = B_SPLINE_CURVE_WITH_KNOTS('',1,(#5133,#5134),.UNSPECIFIED.,.F.,
  .F.,(2,2),(0.,1.),.PIECEWISE_BEZIER_KNOTS.);
#5133 = CARTESIAN_POINT('',(0.6,0.8925,0.65));
#5134 = CARTESIAN_POINT('',(0.543783666119,0.86439183306,1.05));
#5135 = ORIENTED_EDGE('',*,*,#5136,.F.);
#5136 = EDGE_CURVE('',#3781,#5130,#5137,.T.);
#5137 = LINE('',#5138,#5139);
#5138 = CARTESIAN_POINT('',(0.48939183306,0.918783666119,1.05));
#5139 = VECTOR('',#5140,1.);
#5140 = DIRECTION('',(0.707106781187,-0.707106781187,0.));
#5141 = ORIENTED_EDGE('',*,*,#3780,.F.);
#5142 = B_SPLINE_SURFACE_WITH_KNOTS('',1,1,(
    (#5143,#5144)
    ,(#5145,#5146
    )),.UNSPECIFIED.,.F.,.F.,.F.,(2,2),(2,2),(0.,0.116672618896),(0.,1.)
  ,.PIECEWISE_BEZIER_KNOTS.);
#5143 = CARTESIAN_POINT('',(0.5175,0.975,0.65));
#5144 = CARTESIAN_POINT('',(0.48939183306,0.918783666119,1.05));
#5145 = CARTESIAN_POINT('',(0.6,0.8925,0.65));
#5146 = CARTESIAN_POINT('',(0.543783666119,0.86439183306,1.05));
#5147 = ADVANCED_FACE('',(#5148),#5198,.T.);
#5148 = FACE_BOUND('',#5149,.F.);
#5149 = EDGE_LOOP('',(#5150,#5151,#5152,#5160,#5168,#5176,#5184,#5192));
#5150 = ORIENTED_EDGE('',*,*,#3787,.T.);
#5151 = ORIENTED_EDGE('',*,*,#5136,.T.);
#5152 = ORIENTED_EDGE('',*,*,#5153,.T.);
#5153 = EDGE_CURVE('',#5130,#5154,#5156,.T.);
#5154 = VERTEX_POINT('',#5155);
#5155 = CARTESIAN_POINT('',(0.543783666119,-0.86439183306,1.05));
#5156 = LINE('',#5157,#5158);
#5157 = CARTESIAN_POINT('',(0.543783666119,0.86439183306,1.05));
#5158 = VECTOR('',#5159,1.);
#5159 = DIRECTION('',(2.22044604925E-16,-1.,0.));
#5160 = ORIENTED_EDGE('',*,*,#5161,.T.);
#5161 = EDGE_CURVE('',#5154,#5162,#5164,.T.);
#5162 = VERTEX_POINT('',#5163);
#5163 = CARTESIAN_POINT('',(0.48939183306,-0.918783666119,1.05));
#5164 = LINE('',#5165,#5166);
#5165 = CARTESIAN_POINT('',(0.543783666119,-0.86439183306,1.05));
#5166 = VECTOR('',#5167,1.);
#5167 = DIRECTION('',(-0.707106781187,-0.707106781187,0.));
#5168 = ORIENTED_EDGE('',*,*,#5169,.T.);
#5169 = EDGE_CURVE('',#5162,#5170,#5172,.T.);
#5170 = VERTEX_POINT('',#5171);
#5171 = CARTESIAN_POINT('',(-0.48939183306,-0.918783666119,1.05));
#5172 = LINE('',#5173,#5174);
#5173 = CARTESIAN_POINT('',(0.48939183306,-0.918783666119,1.05));
#5174 = VECTOR('',#5175,1.);
#5175 = DIRECTION('',(-1.,-2.22044604925E-16,0.));
#5176 = ORIENTED_EDGE('',*,*,#5177,.T.);
#5177 = EDGE_CURVE('',#5170,#5178,#5180,.T.);
#5178 = VERTEX_POINT('',#5179);
#5179 = CARTESIAN_POINT('',(-0.543783666119,-0.86439183306,1.05));
#5180 = LINE('',#5181,#5182);
#5181 = CARTESIAN_POINT('',(-0.48939183306,-0.918783666119,1.05));
#5182 = VECTOR('',#5183,1.);
#5183 = DIRECTION('',(-0.707106781187,0.707106781187,0.));
#5184 = ORIENTED_EDGE('',*,*,#5185,.T.);
#5185 = EDGE_CURVE('',#5178,#5186,#5188,.T.);
#5186 = VERTEX_POINT('',#5187);
#5187 = CARTESIAN_POINT('',(-0.543783666119,0.86439183306,1.05));
#5188 = LINE('',#5189,#5190);
#5189 = CARTESIAN_POINT('',(-0.543783666119,-0.86439183306,1.05));
#5190 = VECTOR('',#5191,1.);
#5191 = DIRECTION('',(-2.22044604925E-16,1.,0.));
#5192 = ORIENTED_EDGE('',*,*,#5193,.T.);
#5193 = EDGE_CURVE('',#5186,#3788,#5194,.T.);
#5194 = LINE('',#5195,#5196);
#5195 = CARTESIAN_POINT('',(-0.543783666119,0.86439183306,1.05));
#5196 = VECTOR('',#5197,1.);
#5197 = DIRECTION('',(0.707106781187,0.707106781187,0.));
#5198 = PLANE('',#5199);
#5199 = AXIS2_PLACEMENT_3D('',#5200,#5201,#5202);
#5200 = CARTESIAN_POINT('',(-0.48939183306,0.918783666119,1.05));
#5201 = DIRECTION('',(0.,0.,1.));
#5202 = DIRECTION('',(0.470119899711,-0.882602560553,0.));
#5203 = ADVANCED_FACE('',(#5204),#5214,.F.);
#5204 = FACE_BOUND('',#5205,.F.);
#5205 = EDGE_LOOP('',(#5206,#5207,#5208,#5209));
#5206 = ORIENTED_EDGE('',*,*,#3810,.T.);
#5207 = ORIENTED_EDGE('',*,*,#3795,.T.);
#5208 = ORIENTED_EDGE('',*,*,#5193,.F.);
#5209 = ORIENTED_EDGE('',*,*,#5210,.F.);
#5210 = EDGE_CURVE('',#3811,#5186,#5211,.T.);
#5211 = B_SPLINE_CURVE_WITH_KNOTS('',1,(#5212,#5213),.UNSPECIFIED.,.F.,
  .F.,(2,2),(0.,1.),.PIECEWISE_BEZIER_KNOTS.);
#5212 = CARTESIAN_POINT('',(-0.6,0.8925,0.65));
#5213 = CARTESIAN_POINT('',(-0.543783666119,0.86439183306,1.05));
#5214 = B_SPLINE_SURFACE_WITH_KNOTS('',1,1,(
    (#5215,#5216)
    ,(#5217,#5218
    )),.UNSPECIFIED.,.F.,.F.,.F.,(2,2),(2,2),(0.,0.116672618896),(0.,1.)
  ,.PIECEWISE_BEZIER_KNOTS.);
#5215 = CARTESIAN_POINT('',(-0.6,0.8925,0.65));
#5216 = CARTESIAN_POINT('',(-0.543783666119,0.86439183306,1.05));
#5217 = CARTESIAN_POINT('',(-0.5175,0.975,0.65));
#5218 = CARTESIAN_POINT('',(-0.48939183306,0.918783666119,1.05));
#5219 = ADVANCED_FACE('',(#5220),#5251,.F.);
#5220 = FACE_BOUND('',#5221,.F.);
#5221 = EDGE_LOOP('',(#5222,#5223,#5229,#5230,#5236,#5237,#5243,#5244,
    #5249,#5250));
#5222 = ORIENTED_EDGE('',*,*,#3841,.T.);
#5223 = ORIENTED_EDGE('',*,*,#5224,.T.);
#5224 = EDGE_CURVE('',#3834,#4220,#5225,.T.);
#5225 = LINE('',#5226,#5227);
#5226 = CARTESIAN_POINT('',(0.6,0.8925,0.65));
#5227 = VECTOR('',#5228,1.);
#5228 = DIRECTION('',(2.22044604925E-16,-1.,0.));
#5229 = ORIENTED_EDGE('',*,*,#4236,.T.);
#5230 = ORIENTED_EDGE('',*,*,#5231,.T.);
#5231 = EDGE_CURVE('',#4229,#4401,#5232,.T.);
#5232 = LINE('',#5233,#5234);
#5233 = CARTESIAN_POINT('',(0.6,0.8925,0.65));
#5234 = VECTOR('',#5235,1.);
#5235 = DIRECTION('',(2.22044604925E-16,-1.,0.));
#5236 = ORIENTED_EDGE('',*,*,#4417,.T.);
#5237 = ORIENTED_EDGE('',*,*,#5238,.T.);
#5238 = EDGE_CURVE('',#4410,#4006,#5239,.T.);
#5239 = LINE('',#5240,#5241);
#5240 = CARTESIAN_POINT('',(0.6,0.8925,0.65));
#5241 = VECTOR('',#5242,1.);
#5242 = DIRECTION('',(2.22044604925E-16,-1.,0.));
#5243 = ORIENTED_EDGE('',*,*,#4021,.T.);
#5244 = ORIENTED_EDGE('',*,*,#5245,.T.);
#5245 = EDGE_CURVE('',#4015,#5154,#5246,.T.);
#5246 = B_SPLINE_CURVE_WITH_KNOTS('',1,(#5247,#5248),.UNSPECIFIED.,.F.,
  .F.,(2,2),(0.,1.),.PIECEWISE_BEZIER_KNOTS.);
#5247 = CARTESIAN_POINT('',(0.6,-0.8925,0.65));
#5248 = CARTESIAN_POINT('',(0.543783666119,-0.86439183306,1.05));
#5249 = ORIENTED_EDGE('',*,*,#5153,.F.);
#5250 = ORIENTED_EDGE('',*,*,#5129,.F.);
#5251 = B_SPLINE_SURFACE_WITH_KNOTS('',1,1,(
    (#5252,#5253)
    ,(#5254,#5255
    )),.UNSPECIFIED.,.F.,.F.,.F.,(2,2),(2,2),(0.,1.785),(0.,1.),
  .PIECEWISE_BEZIER_KNOTS.);
#5252 = CARTESIAN_POINT('',(0.6,0.8925,0.65));
#5253 = CARTESIAN_POINT('',(0.543783666119,0.86439183306,1.05));
#5254 = CARTESIAN_POINT('',(0.6,-0.8925,0.65));
#5255 = CARTESIAN_POINT('',(0.543783666119,-0.86439183306,1.05));
#5256 = ADVANCED_FACE('',(#5257),#5268,.F.);
#5257 = FACE_BOUND('',#5258,.F.);
#5258 = EDGE_LOOP('',(#5259,#5260,#5266,#5267));
#5259 = ORIENTED_EDGE('',*,*,#3833,.F.);
#5260 = ORIENTED_EDGE('',*,*,#5261,.T.);
#5261 = EDGE_CURVE('',#3266,#3384,#5262,.T.);
#5262 = LINE('',#5263,#5264);
#5263 = CARTESIAN_POINT('',(0.625,0.8,0.65));
#5264 = VECTOR('',#5265,1.);
#5265 = DIRECTION('',(2.22044604925E-16,-1.,0.));
#5266 = ORIENTED_EDGE('',*,*,#4219,.T.);
#5267 = ORIENTED_EDGE('',*,*,#5224,.F.);
#5268 = PLANE('',#5269);
#5269 = AXIS2_PLACEMENT_3D('',#5270,#5271,#5272);
#5270 = CARTESIAN_POINT('',(0.625,0.8,0.65));
#5271 = DIRECTION('',(0.,0.,-1.));
#5272 = DIRECTION('',(-1.,-2.22044604925E-16,-0.));
#5273 = ADVANCED_FACE('',(#5274),#5285,.T.);
#5274 = FACE_BOUND('',#5275,.T.);
#5275 = EDGE_LOOP('',(#5276,#5277,#5278,#5279));
#5276 = ORIENTED_EDGE('',*,*,#3915,.T.);
#5277 = ORIENTED_EDGE('',*,*,#5261,.T.);
#5278 = ORIENTED_EDGE('',*,*,#4095,.F.);
#5279 = ORIENTED_EDGE('',*,*,#5280,.F.);
#5280 = EDGE_CURVE('',#3908,#4088,#5281,.T.);
#5281 = LINE('',#5282,#5283);
#5282 = CARTESIAN_POINT('',(0.875,0.8,0.4));
#5283 = VECTOR('',#5284,1.);
#5284 = DIRECTION('',(2.22044604925E-16,-1.,0.));
#5285 = CYLINDRICAL_SURFACE('',#5286,0.25);
#5286 = AXIS2_PLACEMENT_3D('',#5287,#5288,#5289);
#5287 = CARTESIAN_POINT('',(0.625,0.8,0.4));
#5288 = DIRECTION('',(-2.22044604925E-16,1.,-0.));
#5289 = DIRECTION('',(1.,2.22044604925E-16,4.440892098501E-16));
#5290 = ADVANCED_FACE('',(#5291),#5302,.F.);
#5291 = FACE_BOUND('',#5292,.F.);
#5292 = EDGE_LOOP('',(#5293,#5299,#5300,#5301));
#5293 = ORIENTED_EDGE('',*,*,#5294,.T.);
#5294 = EDGE_CURVE('',#3899,#4079,#5295,.T.);
#5295 = LINE('',#5296,#5297);
#5296 = CARTESIAN_POINT('',(0.875,0.8,0.25));
#5297 = VECTOR('',#5298,1.);
#5298 = DIRECTION('',(2.22044604925E-16,-1.,0.));
#5299 = ORIENTED_EDGE('',*,*,#4087,.T.);
#5300 = ORIENTED_EDGE('',*,*,#5280,.F.);
#5301 = ORIENTED_EDGE('',*,*,#3907,.F.);
#5302 = PLANE('',#5303);
#5303 = AXIS2_PLACEMENT_3D('',#5304,#5305,#5306);
#5304 = CARTESIAN_POINT('',(0.875,0.8,0.25));
#5305 = DIRECTION('',(-1.,-2.22044604925E-16,0.));
#5306 = DIRECTION('',(0.,0.,1.));
#5307 = ADVANCED_FACE('',(#5308),#5319,.F.);
#5308 = FACE_BOUND('',#5309,.F.);
#5309 = EDGE_LOOP('',(#5310,#5316,#5317,#5318));
#5310 = ORIENTED_EDGE('',*,*,#5311,.T.);
#5311 = EDGE_CURVE('',#3891,#4071,#5312,.T.);
#5312 = LINE('',#5313,#5314);
#5313 = CARTESIAN_POINT('',(0.975,0.8,0.15));
#5314 = VECTOR('',#5315,1.);
#5315 = DIRECTION('',(2.22044604925E-16,-1.,0.));
#5316 = ORIENTED_EDGE('',*,*,#4078,.T.);
#5317 = ORIENTED_EDGE('',*,*,#5294,.F.);
#5318 = ORIENTED_EDGE('',*,*,#3898,.F.);
#5319 = CYLINDRICAL_SURFACE('',#5320,0.1);
#5320 = AXIS2_PLACEMENT_3D('',#5321,#5322,#5323);
#5321 = CARTESIAN_POINT('',(0.975,0.8,0.25));
#5322 = DIRECTION('',(-2.22044604925E-16,1.,0.));
#5323 = DIRECTION('',(0.,0.,-1.));
#5324 = ADVANCED_FACE('',(#5325),#5336,.F.);
#5325 = FACE_BOUND('',#5326,.F.);
#5326 = EDGE_LOOP('',(#5327,#5333,#5334,#5335));
#5327 = ORIENTED_EDGE('',*,*,#5328,.T.);
#5328 = EDGE_CURVE('',#3883,#4063,#5329,.T.);
#5329 = LINE('',#5330,#5331);
#5330 = CARTESIAN_POINT('',(1.,0.8,0.15));
#5331 = VECTOR('',#5332,1.);
#5332 = DIRECTION('',(2.22044604925E-16,-1.,0.));
#5333 = ORIENTED_EDGE('',*,*,#4070,.T.);
#5334 = ORIENTED_EDGE('',*,*,#5311,.F.);
#5335 = ORIENTED_EDGE('',*,*,#3890,.F.);
#5336 = PLANE('',#5337);
#5337 = AXIS2_PLACEMENT_3D('',#5338,#5339,#5340);
#5338 = CARTESIAN_POINT('',(1.,0.8,0.15));
#5339 = DIRECTION('',(0.,0.,-1.));
#5340 = DIRECTION('',(-1.,-2.22044604925E-16,-0.));
#5341 = ADVANCED_FACE('',(#5342),#5353,.F.);
#5342 = FACE_BOUND('',#5343,.F.);
#5343 = EDGE_LOOP('',(#5344,#5350,#5351,#5352));
#5344 = ORIENTED_EDGE('',*,*,#5345,.T.);
#5345 = EDGE_CURVE('',#3875,#4055,#5346,.T.);
#5346 = LINE('',#5347,#5348);
#5347 = CARTESIAN_POINT('',(1.,0.8,0.));
#5348 = VECTOR('',#5349,1.);
#5349 = DIRECTION('',(2.22044604925E-16,-1.,0.));
#5350 = ORIENTED_EDGE('',*,*,#4062,.T.);
#5351 = ORIENTED_EDGE('',*,*,#5328,.F.);
#5352 = ORIENTED_EDGE('',*,*,#3882,.F.);
#5353 = PLANE('',#5354);
#5354 = AXIS2_PLACEMENT_3D('',#5355,#5356,#5357);
#5355 = CARTESIAN_POINT('',(1.,0.8,0.));
#5356 = DIRECTION('',(-1.,-2.22044604925E-16,0.));
#5357 = DIRECTION('',(0.,0.,1.));
#5358 = ADVANCED_FACE('',(#5359),#5370,.F.);
#5359 = FACE_BOUND('',#5360,.F.);
#5360 = EDGE_LOOP('',(#5361,#5367,#5368,#5369));
#5361 = ORIENTED_EDGE('',*,*,#5362,.T.);
#5362 = EDGE_CURVE('',#3866,#4046,#5363,.T.);
#5363 = LINE('',#5364,#5365);
#5364 = CARTESIAN_POINT('',(0.975,0.8,0.));
#5365 = VECTOR('',#5366,1.);
#5366 = DIRECTION('',(2.22044604925E-16,-1.,0.));
#5367 = ORIENTED_EDGE('',*,*,#4054,.T.);
#5368 = ORIENTED_EDGE('',*,*,#5345,.F.);
#5369 = ORIENTED_EDGE('',*,*,#3874,.F.);
#5370 = PLANE('',#5371);
#5371 = AXIS2_PLACEMENT_3D('',#5372,#5373,#5374);
#5372 = CARTESIAN_POINT('',(0.975,0.8,0.));
#5373 = DIRECTION('',(0.,0.,1.));
#5374 = DIRECTION('',(1.,2.22044604925E-16,-0.));
#5375 = ADVANCED_FACE('',(#5376),#5382,.T.);
#5376 = FACE_BOUND('',#5377,.T.);
#5377 = EDGE_LOOP('',(#5378,#5379,#5380,#5381));
#5378 = ORIENTED_EDGE('',*,*,#3865,.T.);
#5379 = ORIENTED_EDGE('',*,*,#5362,.T.);
#5380 = ORIENTED_EDGE('',*,*,#4045,.F.);
#5381 = ORIENTED_EDGE('',*,*,#4112,.F.);
#5382 = CYLINDRICAL_SURFACE('',#5383,0.25);
#5383 = AXIS2_PLACEMENT_3D('',#5384,#5385,#5386);
#5384 = CARTESIAN_POINT('',(0.975,0.8,0.25));
#5385 = DIRECTION('',(-2.22044604925E-16,1.,-0.));
#5386 = DIRECTION('',(-1.,-2.22044604925E-16,-2.22044604925E-16));
#5387 = ADVANCED_FACE('',(#5388),#5404,.T.);
#5388 = FACE_BOUND('',#5389,.T.);
#5389 = EDGE_LOOP('',(#5390,#5391,#5397,#5398));
#5390 = ORIENTED_EDGE('',*,*,#4187,.T.);
#5391 = ORIENTED_EDGE('',*,*,#5392,.T.);
#5392 = EDGE_CURVE('',#3424,#3288,#5393,.T.);
#5393 = LINE('',#5394,#5395);
#5394 = CARTESIAN_POINT('',(0.625,-0.5,0.65));
#5395 = VECTOR('',#5396,1.);
#5396 = DIRECTION('',(2.22044604925E-16,-1.,0.));
#5397 = ORIENTED_EDGE('',*,*,#3990,.F.);
#5398 = ORIENTED_EDGE('',*,*,#5399,.F.);
#5399 = EDGE_CURVE('',#4180,#3983,#5400,.T.);
#5400 = LINE('',#5401,#5402);
#5401 = CARTESIAN_POINT('',(0.875,-0.5,0.4));
#5402 = VECTOR('',#5403,1.);
#5403 = DIRECTION('',(2.22044604925E-16,-1.,0.));
#5404 = CYLINDRICAL_SURFACE('',#5405,0.25);
#5405 = AXIS2_PLACEMENT_3D('',#5406,#5407,#5408);
#5406 = CARTESIAN_POINT('',(0.625,-0.5,0.4));
#5407 = DIRECTION('',(-2.22044604925E-16,1.,-0.));
#5408 = DIRECTION('',(1.,2.22044604925E-16,4.440892098501E-16));
#5409 = ADVANCED_FACE('',(#5410),#5421,.F.);
#5410 = FACE_BOUND('',#5411,.F.);
#5411 = EDGE_LOOP('',(#5412,#5418,#5419,#5420));
#5412 = ORIENTED_EDGE('',*,*,#5413,.T.);
#5413 = EDGE_CURVE('',#4171,#3974,#5414,.T.);
#5414 = LINE('',#5415,#5416);
#5415 = CARTESIAN_POINT('',(0.875,-0.5,0.25));
#5416 = VECTOR('',#5417,1.);
#5417 = DIRECTION('',(2.22044604925E-16,-1.,0.));
#5418 = ORIENTED_EDGE('',*,*,#3982,.T.);
#5419 = ORIENTED_EDGE('',*,*,#5399,.F.);
#5420 = ORIENTED_EDGE('',*,*,#4179,.F.);
#5421 = PLANE('',#5422);
#5422 = AXIS2_PLACEMENT_3D('',#5423,#5424,#5425);
#5423 = CARTESIAN_POINT('',(0.875,-0.5,0.25));
#5424 = DIRECTION('',(-1.,-2.22044604925E-16,0.));
#5425 = DIRECTION('',(0.,0.,1.));
#5426 = ADVANCED_FACE('',(#5427),#5438,.F.);
#5427 = FACE_BOUND('',#5428,.F.);
#5428 = EDGE_LOOP('',(#5429,#5435,#5436,#5437));
#5429 = ORIENTED_EDGE('',*,*,#5430,.T.);
#5430 = EDGE_CURVE('',#4163,#3966,#5431,.T.);
#5431 = LINE('',#5432,#5433);
#5432 = CARTESIAN_POINT('',(0.975,-0.5,0.15));
#5433 = VECTOR('',#5434,1.);
#5434 = DIRECTION('',(2.22044604925E-16,-1.,0.));
#5435 = ORIENTED_EDGE('',*,*,#3973,.T.);
#5436 = ORIENTED_EDGE('',*,*,#5413,.F.);
#5437 = ORIENTED_EDGE('',*,*,#4170,.F.);
#5438 = CYLINDRICAL_SURFACE('',#5439,0.1);
#5439 = AXIS2_PLACEMENT_3D('',#5440,#5441,#5442);
#5440 = CARTESIAN_POINT('',(0.975,-0.5,0.25));
#5441 = DIRECTION('',(-2.22044604925E-16,1.,0.));
#5442 = DIRECTION('',(0.,0.,-1.));
#5443 = ADVANCED_FACE('',(#5444),#5455,.F.);
#5444 = FACE_BOUND('',#5445,.F.);
#5445 = EDGE_LOOP('',(#5446,#5452,#5453,#5454));
#5446 = ORIENTED_EDGE('',*,*,#5447,.T.);
#5447 = EDGE_CURVE('',#4155,#3958,#5448,.T.);
#5448 = LINE('',#5449,#5450);
#5449 = CARTESIAN_POINT('',(1.,-0.5,0.15));
#5450 = VECTOR('',#5451,1.);
#5451 = DIRECTION('',(2.22044604925E-16,-1.,0.));
#5452 = ORIENTED_EDGE('',*,*,#3965,.T.);
#5453 = ORIENTED_EDGE('',*,*,#5430,.F.);
#5454 = ORIENTED_EDGE('',*,*,#4162,.F.);
#5455 = PLANE('',#5456);
#5456 = AXIS2_PLACEMENT_3D('',#5457,#5458,#5459);
#5457 = CARTESIAN_POINT('',(1.,-0.5,0.15));
#5458 = DIRECTION('',(0.,0.,-1.));
#5459 = DIRECTION('',(-1.,-2.22044604925E-16,-0.));
#5460 = ADVANCED_FACE('',(#5461),#5472,.F.);
#5461 = FACE_BOUND('',#5462,.F.);
#5462 = EDGE_LOOP('',(#5463,#5469,#5470,#5471));
#5463 = ORIENTED_EDGE('',*,*,#5464,.T.);
#5464 = EDGE_CURVE('',#4147,#3950,#5465,.T.);
#5465 = LINE('',#5466,#5467);
#5466 = CARTESIAN_POINT('',(1.,-0.5,0.));
#5467 = VECTOR('',#5468,1.);
#5468 = DIRECTION('',(2.22044604925E-16,-1.,0.));
#5469 = ORIENTED_EDGE('',*,*,#3957,.T.);
#5470 = ORIENTED_EDGE('',*,*,#5447,.F.);
#5471 = ORIENTED_EDGE('',*,*,#4154,.F.);
#5472 = PLANE('',#5473);
#5473 = AXIS2_PLACEMENT_3D('',#5474,#5475,#5476);
#5474 = CARTESIAN_POINT('',(1.,-0.5,0.));
#5475 = DIRECTION('',(-1.,-2.22044604925E-16,0.));
#5476 = DIRECTION('',(0.,0.,1.));
#5477 = ADVANCED_FACE('',(#5478),#5489,.F.);
#5478 = FACE_BOUND('',#5479,.F.);
#5479 = EDGE_LOOP('',(#5480,#5486,#5487,#5488));
#5480 = ORIENTED_EDGE('',*,*,#5481,.T.);
#5481 = EDGE_CURVE('',#4138,#3941,#5482,.T.);
#5482 = LINE('',#5483,#5484);
#5483 = CARTESIAN_POINT('',(0.975,-0.5,0.));
#5484 = VECTOR('',#5485,1.);
#5485 = DIRECTION('',(2.22044604925E-16,-1.,0.));
#5486 = ORIENTED_EDGE('',*,*,#3949,.T.);
#5487 = ORIENTED_EDGE('',*,*,#5464,.F.);
#5488 = ORIENTED_EDGE('',*,*,#4146,.F.);
#5489 = PLANE('',#5490);
#5490 = AXIS2_PLACEMENT_3D('',#5491,#5492,#5493);
#5491 = CARTESIAN_POINT('',(0.975,-0.5,0.));
#5492 = DIRECTION('',(0.,0.,1.));
#5493 = DIRECTION('',(1.,2.22044604925E-16,-0.));
#5494 = ADVANCED_FACE('',(#5495),#5501,.T.);
#5495 = FACE_BOUND('',#5496,.T.);
#5496 = EDGE_LOOP('',(#5497,#5498,#5499,#5500));
#5497 = ORIENTED_EDGE('',*,*,#4137,.T.);
#5498 = ORIENTED_EDGE('',*,*,#5481,.T.);
#5499 = ORIENTED_EDGE('',*,*,#3940,.F.);
#5500 = ORIENTED_EDGE('',*,*,#4204,.F.);
#5501 = CYLINDRICAL_SURFACE('',#5502,0.25);
#5502 = AXIS2_PLACEMENT_3D('',#5503,#5504,#5505);
#5503 = CARTESIAN_POINT('',(0.975,-0.5,0.25));
#5504 = DIRECTION('',(-2.22044604925E-16,1.,-0.));
#5505 = DIRECTION('',(-1.,-2.22044604925E-16,-2.22044604925E-16));
#5506 = ADVANCED_FACE('',(#5507),#5513,.F.);
#5507 = FACE_BOUND('',#5508,.F.);
#5508 = EDGE_LOOP('',(#5509,#5510,#5511,#5512));
#5509 = ORIENTED_EDGE('',*,*,#4409,.F.);
#5510 = ORIENTED_EDGE('',*,*,#5392,.T.);
#5511 = ORIENTED_EDGE('',*,*,#4005,.T.);
#5512 = ORIENTED_EDGE('',*,*,#5238,.F.);
#5513 = PLANE('',#5514);
#5514 = AXIS2_PLACEMENT_3D('',#5515,#5516,#5517);
#5515 = CARTESIAN_POINT('',(0.625,-0.5,0.65));
#5516 = DIRECTION('',(0.,0.,-1.));
#5517 = DIRECTION('',(-1.,-2.22044604925E-16,-0.));
#5518 = ADVANCED_FACE('',(#5519),#5530,.F.);
#5519 = FACE_BOUND('',#5520,.F.);
#5520 = EDGE_LOOP('',(#5521,#5522,#5528,#5529));
#5521 = ORIENTED_EDGE('',*,*,#4228,.F.);
#5522 = ORIENTED_EDGE('',*,*,#5523,.T.);
#5523 = EDGE_CURVE('',#3393,#3415,#5524,.T.);
#5524 = LINE('',#5525,#5526);
#5525 = CARTESIAN_POINT('',(0.625,0.15,0.65));
#5526 = VECTOR('',#5527,1.);
#5527 = DIRECTION('',(2.22044604925E-16,-1.,0.));
#5528 = ORIENTED_EDGE('',*,*,#4400,.T.);
#5529 = ORIENTED_EDGE('',*,*,#5231,.F.);
#5530 = PLANE('',#5531);
#5531 = AXIS2_PLACEMENT_3D('',#5532,#5533,#5534);
#5532 = CARTESIAN_POINT('',(0.625,0.15,0.65));
#5533 = DIRECTION('',(0.,0.,-1.));
#5534 = DIRECTION('',(-1.,-2.22044604925E-16,-0.));
#5535 = ADVANCED_FACE('',(#5536),#5547,.T.);
#5536 = FACE_BOUND('',#5537,.T.);
#5537 = EDGE_LOOP('',(#5538,#5539,#5540,#5541));
#5538 = ORIENTED_EDGE('',*,*,#4310,.T.);
#5539 = ORIENTED_EDGE('',*,*,#5523,.T.);
#5540 = ORIENTED_EDGE('',*,*,#4385,.F.);
#5541 = ORIENTED_EDGE('',*,*,#5542,.F.);
#5542 = EDGE_CURVE('',#4303,#4378,#5543,.T.);
#5543 = LINE('',#5544,#5545);
#5544 = CARTESIAN_POINT('',(0.875,0.15,0.4));
#5545 = VECTOR('',#5546,1.);
#5546 = DIRECTION('',(2.22044604925E-16,-1.,0.));
#5547 = CYLINDRICAL_SURFACE('',#5548,0.25);
#5548 = AXIS2_PLACEMENT_3D('',#5549,#5550,#5551);
#5549 = CARTESIAN_POINT('',(0.625,0.15,0.4));
#5550 = DIRECTION('',(-2.22044604925E-16,1.,-0.));
#5551 = DIRECTION('',(1.,2.22044604925E-16,4.440892098501E-16));
#5552 = ADVANCED_FACE('',(#5553),#5564,.F.);
#5553 = FACE_BOUND('',#5554,.F.);
#5554 = EDGE_LOOP('',(#5555,#5561,#5562,#5563));
#5555 = ORIENTED_EDGE('',*,*,#5556,.T.);
#5556 = EDGE_CURVE('',#4294,#4369,#5557,.T.);
#5557 = LINE('',#5558,#5559);
#5558 = CARTESIAN_POINT('',(0.875,0.15,0.25));
#5559 = VECTOR('',#5560,1.);
#5560 = DIRECTION('',(2.22044604925E-16,-1.,0.));
#5561 = ORIENTED_EDGE('',*,*,#4377,.T.);
#5562 = ORIENTED_EDGE('',*,*,#5542,.F.);
#5563 = ORIENTED_EDGE('',*,*,#4302,.F.);
#5564 = PLANE('',#5565);
#5565 = AXIS2_PLACEMENT_3D('',#5566,#5567,#5568);
#5566 = CARTESIAN_POINT('',(0.875,0.15,0.25));
#5567 = DIRECTION('',(-1.,-2.22044604925E-16,0.));
#5568 = DIRECTION('',(0.,0.,1.));
#5569 = ADVANCED_FACE('',(#5570),#5581,.F.);
#5570 = FACE_BOUND('',#5571,.F.);
#5571 = EDGE_LOOP('',(#5572,#5578,#5579,#5580));
#5572 = ORIENTED_EDGE('',*,*,#5573,.T.);
#5573 = EDGE_CURVE('',#4286,#4361,#5574,.T.);
#5574 = LINE('',#5575,#5576);
#5575 = CARTESIAN_POINT('',(0.975,0.15,0.15));
#5576 = VECTOR('',#5577,1.);
#5577 = DIRECTION('',(2.22044604925E-16,-1.,0.));
#5578 = ORIENTED_EDGE('',*,*,#4368,.T.);
#5579 = ORIENTED_EDGE('',*,*,#5556,.F.);
#5580 = ORIENTED_EDGE('',*,*,#4293,.F.);
#5581 = CYLINDRICAL_SURFACE('',#5582,0.1);
#5582 = AXIS2_PLACEMENT_3D('',#5583,#5584,#5585);
#5583 = CARTESIAN_POINT('',(0.975,0.15,0.25));
#5584 = DIRECTION('',(-2.22044604925E-16,1.,0.));
#5585 = DIRECTION('',(0.,0.,-1.));
#5586 = ADVANCED_FACE('',(#5587),#5598,.F.);
#5587 = FACE_BOUND('',#5588,.F.);
#5588 = EDGE_LOOP('',(#5589,#5595,#5596,#5597));
#5589 = ORIENTED_EDGE('',*,*,#5590,.T.);
#5590 = EDGE_CURVE('',#4278,#4353,#5591,.T.);
#5591 = LINE('',#5592,#5593);
#5592 = CARTESIAN_POINT('',(1.,0.15,0.15));
#5593 = VECTOR('',#5594,1.);
#5594 = DIRECTION('',(2.22044604925E-16,-1.,0.));
#5595 = ORIENTED_EDGE('',*,*,#4360,.T.);
#5596 = ORIENTED_EDGE('',*,*,#5573,.F.);
#5597 = ORIENTED_EDGE('',*,*,#4285,.F.);
#5598 = PLANE('',#5599);
#5599 = AXIS2_PLACEMENT_3D('',#5600,#5601,#5602);
#5600 = CARTESIAN_POINT('',(1.,0.15,0.15));
#5601 = DIRECTION('',(0.,0.,-1.));
#5602 = DIRECTION('',(-1.,-2.22044604925E-16,-0.));
#5603 = ADVANCED_FACE('',(#5604),#5615,.F.);
#5604 = FACE_BOUND('',#5605,.F.);
#5605 = EDGE_LOOP('',(#5606,#5612,#5613,#5614));
#5606 = ORIENTED_EDGE('',*,*,#5607,.T.);
#5607 = EDGE_CURVE('',#4270,#4345,#5608,.T.);
#5608 = LINE('',#5609,#5610);
#5609 = CARTESIAN_POINT('',(1.,0.15,0.));
#5610 = VECTOR('',#5611,1.);
#5611 = DIRECTION('',(2.22044604925E-16,-1.,0.));
#5612 = ORIENTED_EDGE('',*,*,#4352,.T.);
#5613 = ORIENTED_EDGE('',*,*,#5590,.F.);
#5614 = ORIENTED_EDGE('',*,*,#4277,.F.);
#5615 = PLANE('',#5616);
#5616 = AXIS2_PLACEMENT_3D('',#5617,#5618,#5619);
#5617 = CARTESIAN_POINT('',(1.,0.15,0.));
#5618 = DIRECTION('',(-1.,-2.22044604925E-16,0.));
#5619 = DIRECTION('',(0.,0.,1.));
#5620 = ADVANCED_FACE('',(#5621),#5632,.F.);
#5621 = FACE_BOUND('',#5622,.F.);
#5622 = EDGE_LOOP('',(#5623,#5629,#5630,#5631));
#5623 = ORIENTED_EDGE('',*,*,#5624,.T.);
#5624 = EDGE_CURVE('',#4261,#4336,#5625,.T.);
#5625 = LINE('',#5626,#5627);
#5626 = CARTESIAN_POINT('',(0.975,0.15,0.));
#5627 = VECTOR('',#5628,1.);
#5628 = DIRECTION('',(2.22044604925E-16,-1.,0.));
#5629 = ORIENTED_EDGE('',*,*,#4344,.T.);
#5630 = ORIENTED_EDGE('',*,*,#5607,.F.);
#5631 = ORIENTED_EDGE('',*,*,#4269,.F.);
#5632 = PLANE('',#5633);
#5633 = AXIS2_PLACEMENT_3D('',#5634,#5635,#5636);
#5634 = CARTESIAN_POINT('',(0.975,0.15,0.));
#5635 = DIRECTION('',(0.,0.,1.));
#5636 = DIRECTION('',(1.,2.22044604925E-16,-0.));
#5637 = ADVANCED_FACE('',(#5638),#5644,.T.);
#5638 = FACE_BOUND('',#5639,.T.);
#5639 = EDGE_LOOP('',(#5640,#5641,#5642,#5643));
#5640 = ORIENTED_EDGE('',*,*,#4260,.T.);
#5641 = ORIENTED_EDGE('',*,*,#5624,.T.);
#5642 = ORIENTED_EDGE('',*,*,#4335,.F.);
#5643 = ORIENTED_EDGE('',*,*,#4433,.F.);
#5644 = CYLINDRICAL_SURFACE('',#5645,0.25);
#5645 = AXIS2_PLACEMENT_3D('',#5646,#5647,#5648);
#5646 = CARTESIAN_POINT('',(0.975,0.15,0.25));
#5647 = DIRECTION('',(-2.22044604925E-16,1.,-0.));
#5648 = DIRECTION('',(-1.,-2.22044604925E-16,-2.22044604925E-16));
#5649 = ADVANCED_FACE('',(#5650),#5660,.F.);
#5650 = FACE_BOUND('',#5651,.F.);
#5651 = EDGE_LOOP('',(#5652,#5653,#5658,#5659));
#5652 = ORIENTED_EDGE('',*,*,#4456,.T.);
#5653 = ORIENTED_EDGE('',*,*,#5654,.T.);
#5654 = EDGE_CURVE('',#4450,#5162,#5655,.T.);
#5655 = B_SPLINE_CURVE_WITH_KNOTS('',1,(#5656,#5657),.UNSPECIFIED.,.F.,
  .F.,(2,2),(0.,1.),.PIECEWISE_BEZIER_KNOTS.);
#5656 = CARTESIAN_POINT('',(0.5175,-0.975,0.65));
#5657 = CARTESIAN_POINT('',(0.48939183306,-0.918783666119,1.05));
#5658 = ORIENTED_EDGE('',*,*,#5161,.F.);
#5659 = ORIENTED_EDGE('',*,*,#5245,.F.);
#5660 = B_SPLINE_SURFACE_WITH_KNOTS('',1,1,(
    (#5661,#5662)
    ,(#5663,#5664
    )),.UNSPECIFIED.,.F.,.F.,.F.,(2,2),(2,2),(0.,0.116672618896),(0.,1.)
  ,.PIECEWISE_BEZIER_KNOTS.);
#5661 = CARTESIAN_POINT('',(0.6,-0.8925,0.65));
#5662 = CARTESIAN_POINT('',(0.543783666119,-0.86439183306,1.05));
#5663 = CARTESIAN_POINT('',(0.5175,-0.975,0.65));
#5664 = CARTESIAN_POINT('',(0.48939183306,-0.918783666119,1.05));
#5665 = ADVANCED_FACE('',(#5666),#5676,.F.);
#5666 = FACE_BOUND('',#5667,.F.);
#5667 = EDGE_LOOP('',(#5668,#5669,#5674,#5675));
#5668 = ORIENTED_EDGE('',*,*,#4479,.T.);
#5669 = ORIENTED_EDGE('',*,*,#5670,.T.);
#5670 = EDGE_CURVE('',#4473,#5170,#5671,.T.);
#5671 = B_SPLINE_CURVE_WITH_KNOTS('',1,(#5672,#5673),.UNSPECIFIED.,.F.,
  .F.,(2,2),(0.,1.),.PIECEWISE_BEZIER_KNOTS.);
#5672 = CARTESIAN_POINT('',(-0.5175,-0.975,0.65));
#5673 = CARTESIAN_POINT('',(-0.48939183306,-0.918783666119,1.05));
#5674 = ORIENTED_EDGE('',*,*,#5169,.F.);
#5675 = ORIENTED_EDGE('',*,*,#5654,.F.);
#5676 = B_SPLINE_SURFACE_WITH_KNOTS('',1,1,(
    (#5677,#5678)
    ,(#5679,#5680
    )),.UNSPECIFIED.,.F.,.F.,.F.,(2,2),(2,2),(0.,1.035),(0.,1.),
  .PIECEWISE_BEZIER_KNOTS.);
#5677 = CARTESIAN_POINT('',(0.5175,-0.975,0.65));
#5678 = CARTESIAN_POINT('',(0.48939183306,-0.918783666119,1.05));
#5679 = CARTESIAN_POINT('',(-0.5175,-0.975,0.65));
#5680 = CARTESIAN_POINT('',(-0.48939183306,-0.918783666119,1.05));
#5681 = ADVANCED_FACE('',(#5682),#5692,.F.);
#5682 = FACE_BOUND('',#5683,.F.);
#5683 = EDGE_LOOP('',(#5684,#5685,#5690,#5691));
#5684 = ORIENTED_EDGE('',*,*,#4502,.T.);
#5685 = ORIENTED_EDGE('',*,*,#5686,.T.);
#5686 = EDGE_CURVE('',#4496,#5178,#5687,.T.);
#5687 = B_SPLINE_CURVE_WITH_KNOTS('',1,(#5688,#5689),.UNSPECIFIED.,.F.,
  .F.,(2,2),(0.,1.),.PIECEWISE_BEZIER_KNOTS.);
#5688 = CARTESIAN_POINT('',(-0.6,-0.8925,0.65));
#5689 = CARTESIAN_POINT('',(-0.543783666119,-0.86439183306,1.05));
#5690 = ORIENTED_EDGE('',*,*,#5177,.F.);
#5691 = ORIENTED_EDGE('',*,*,#5670,.F.);
#5692 = B_SPLINE_SURFACE_WITH_KNOTS('',1,1,(
    (#5693,#5694)
    ,(#5695,#5696
    )),.UNSPECIFIED.,.F.,.F.,.F.,(2,2),(2,2),(0.,0.116672618896),(0.,1.)
  ,.PIECEWISE_BEZIER_KNOTS.);
#5693 = CARTESIAN_POINT('',(-0.5175,-0.975,0.65));
#5694 = CARTESIAN_POINT('',(-0.48939183306,-0.918783666119,1.05));
#5695 = CARTESIAN_POINT('',(-0.6,-0.8925,0.65));
#5696 = CARTESIAN_POINT('',(-0.543783666119,-0.86439183306,1.05));
#5697 = ADVANCED_FACE('',(#5698),#5725,.F.);
#5698 = FACE_BOUND('',#5699,.F.);
#5699 = EDGE_LOOP('',(#5700,#5701,#5707,#5708,#5714,#5715,#5721,#5722,
    #5723,#5724));
#5700 = ORIENTED_EDGE('',*,*,#4527,.T.);
#5701 = ORIENTED_EDGE('',*,*,#5702,.T.);
#5702 = EDGE_CURVE('',#4520,#4900,#5703,.T.);
#5703 = LINE('',#5704,#5705);
#5704 = CARTESIAN_POINT('',(-0.6,-0.8925,0.65));
#5705 = VECTOR('',#5706,1.);
#5706 = DIRECTION('',(-2.22044604925E-16,1.,0.));
#5707 = ORIENTED_EDGE('',*,*,#4916,.T.);
#5708 = ORIENTED_EDGE('',*,*,#5709,.T.);
#5709 = EDGE_CURVE('',#4909,#5081,#5710,.T.);
#5710 = LINE('',#5711,#5712);
#5711 = CARTESIAN_POINT('',(-0.6,-0.8925,0.65));
#5712 = VECTOR('',#5713,1.);
#5713 = DIRECTION('',(-2.22044604925E-16,1.,0.));
#5714 = ORIENTED_EDGE('',*,*,#5097,.T.);
#5715 = ORIENTED_EDGE('',*,*,#5716,.T.);
#5716 = EDGE_CURVE('',#5090,#4692,#5717,.T.);
#5717 = LINE('',#5718,#5719);
#5718 = CARTESIAN_POINT('',(-0.6,-0.8925,0.65));
#5719 = VECTOR('',#5720,1.);
#5720 = DIRECTION('',(-2.22044604925E-16,1.,0.));
#5721 = ORIENTED_EDGE('',*,*,#4701,.T.);
#5722 = ORIENTED_EDGE('',*,*,#5210,.T.);
#5723 = ORIENTED_EDGE('',*,*,#5185,.F.);
#5724 = ORIENTED_EDGE('',*,*,#5686,.F.);
#5725 = B_SPLINE_SURFACE_WITH_KNOTS('',1,1,(
    (#5726,#5727)
    ,(#5728,#5729
    )),.UNSPECIFIED.,.F.,.F.,.F.,(2,2),(2,2),(0.,1.785),(0.,1.),
  .PIECEWISE_BEZIER_KNOTS.);
#5726 = CARTESIAN_POINT('',(-0.6,-0.8925,0.65));
#5727 = CARTESIAN_POINT('',(-0.543783666119,-0.86439183306,1.05));
#5728 = CARTESIAN_POINT('',(-0.6,0.8925,0.65));
#5729 = CARTESIAN_POINT('',(-0.543783666119,0.86439183306,1.05));
#5730 = ADVANCED_FACE('',(#5731),#5742,.F.);
#5731 = FACE_BOUND('',#5732,.F.);
#5732 = EDGE_LOOP('',(#5733,#5734,#5740,#5741));
#5733 = ORIENTED_EDGE('',*,*,#4519,.F.);
#5734 = ORIENTED_EDGE('',*,*,#5735,.T.);
#5735 = EDGE_CURVE('',#3550,#3662,#5736,.T.);
#5736 = LINE('',#5737,#5738);
#5737 = CARTESIAN_POINT('',(-0.625,-0.8,0.65));
#5738 = VECTOR('',#5739,1.);
#5739 = DIRECTION('',(-9.95799250103E-17,1.,0.));
#5740 = ORIENTED_EDGE('',*,*,#4899,.T.);
#5741 = ORIENTED_EDGE('',*,*,#5702,.F.);
#5742 = PLANE('',#5743);
#5743 = AXIS2_PLACEMENT_3D('',#5744,#5745,#5746);
#5744 = CARTESIAN_POINT('',(-0.625,-0.8,0.65));
#5745 = DIRECTION('',(-0.,0.,-1.));
#5746 = DIRECTION('',(1.,9.95799250103E-17,0.));
#5747 = ADVANCED_FACE('',(#5748),#5759,.T.);
#5748 = FACE_BOUND('',#5749,.T.);
#5749 = EDGE_LOOP('',(#5750,#5751,#5752,#5753));
#5750 = ORIENTED_EDGE('',*,*,#4601,.T.);
#5751 = ORIENTED_EDGE('',*,*,#5735,.T.);
#5752 = ORIENTED_EDGE('',*,*,#4775,.F.);
#5753 = ORIENTED_EDGE('',*,*,#5754,.F.);
#5754 = EDGE_CURVE('',#4594,#4768,#5755,.T.);
#5755 = LINE('',#5756,#5757);
#5756 = CARTESIAN_POINT('',(-0.875,-0.8,0.4));
#5757 = VECTOR('',#5758,1.);
#5758 = DIRECTION('',(-9.95799250103E-17,1.,0.));
#5759 = CYLINDRICAL_SURFACE('',#5760,0.25);
#5760 = AXIS2_PLACEMENT_3D('',#5761,#5762,#5763);
#5761 = CARTESIAN_POINT('',(-0.625,-0.8,0.4));
#5762 = DIRECTION('',(9.95799250103E-17,-1.,-0.));
#5763 = DIRECTION('',(-1.,-9.95799250103E-17,4.440892098501E-16));
#5764 = ADVANCED_FACE('',(#5765),#5776,.F.);
#5765 = FACE_BOUND('',#5766,.F.);
#5766 = EDGE_LOOP('',(#5767,#5773,#5774,#5775));
#5767 = ORIENTED_EDGE('',*,*,#5768,.T.);
#5768 = EDGE_CURVE('',#4585,#4759,#5769,.T.);
#5769 = LINE('',#5770,#5771);
#5770 = CARTESIAN_POINT('',(-0.875,-0.8,0.25));
#5771 = VECTOR('',#5772,1.);
#5772 = DIRECTION('',(-9.95799250103E-17,1.,0.));
#5773 = ORIENTED_EDGE('',*,*,#4767,.T.);
#5774 = ORIENTED_EDGE('',*,*,#5754,.F.);
#5775 = ORIENTED_EDGE('',*,*,#4593,.F.);
#5776 = PLANE('',#5777);
#5777 = AXIS2_PLACEMENT_3D('',#5778,#5779,#5780);
#5778 = CARTESIAN_POINT('',(-0.875,-0.8,0.25));
#5779 = DIRECTION('',(1.,9.95799250103E-17,0.));
#5780 = DIRECTION('',(0.,-0.,1.));
#5781 = ADVANCED_FACE('',(#5782),#5793,.F.);
#5782 = FACE_BOUND('',#5783,.F.);
#5783 = EDGE_LOOP('',(#5784,#5790,#5791,#5792));
#5784 = ORIENTED_EDGE('',*,*,#5785,.T.);
#5785 = EDGE_CURVE('',#4577,#4751,#5786,.T.);
#5786 = LINE('',#5787,#5788);
#5787 = CARTESIAN_POINT('',(-0.975,-0.8,0.15));
#5788 = VECTOR('',#5789,1.);
#5789 = DIRECTION('',(-9.95799250103E-17,1.,0.));
#5790 = ORIENTED_EDGE('',*,*,#4758,.T.);
#5791 = ORIENTED_EDGE('',*,*,#5768,.F.);
#5792 = ORIENTED_EDGE('',*,*,#4584,.F.);
#5793 = CYLINDRICAL_SURFACE('',#5794,0.1);
#5794 = AXIS2_PLACEMENT_3D('',#5795,#5796,#5797);
#5795 = CARTESIAN_POINT('',(-0.975,-0.8,0.25));
#5796 = DIRECTION('',(9.95799250103E-17,-1.,0.));
#5797 = DIRECTION('',(0.,-0.,-1.));
#5798 = ADVANCED_FACE('',(#5799),#5810,.F.);
#5799 = FACE_BOUND('',#5800,.F.);
#5800 = EDGE_LOOP('',(#5801,#5807,#5808,#5809));
#5801 = ORIENTED_EDGE('',*,*,#5802,.T.);
#5802 = EDGE_CURVE('',#4569,#4743,#5803,.T.);
#5803 = LINE('',#5804,#5805);
#5804 = CARTESIAN_POINT('',(-1.,-0.8,0.15));
#5805 = VECTOR('',#5806,1.);
#5806 = DIRECTION('',(-9.95799250103E-17,1.,0.));
#5807 = ORIENTED_EDGE('',*,*,#4750,.T.);
#5808 = ORIENTED_EDGE('',*,*,#5785,.F.);
#5809 = ORIENTED_EDGE('',*,*,#4576,.F.);
#5810 = PLANE('',#5811);
#5811 = AXIS2_PLACEMENT_3D('',#5812,#5813,#5814);
#5812 = CARTESIAN_POINT('',(-1.,-0.8,0.15));
#5813 = DIRECTION('',(-0.,0.,-1.));
#5814 = DIRECTION('',(1.,9.95799250103E-17,0.));
#5815 = ADVANCED_FACE('',(#5816),#5827,.F.);
#5816 = FACE_BOUND('',#5817,.F.);
#5817 = EDGE_LOOP('',(#5818,#5824,#5825,#5826));
#5818 = ORIENTED_EDGE('',*,*,#5819,.T.);
#5819 = EDGE_CURVE('',#4561,#4735,#5820,.T.);
#5820 = LINE('',#5821,#5822);
#5821 = CARTESIAN_POINT('',(-1.,-0.8,0.));
#5822 = VECTOR('',#5823,1.);
#5823 = DIRECTION('',(-9.95799250103E-17,1.,0.));
#5824 = ORIENTED_EDGE('',*,*,#4742,.T.);
#5825 = ORIENTED_EDGE('',*,*,#5802,.F.);
#5826 = ORIENTED_EDGE('',*,*,#4568,.F.);
#5827 = PLANE('',#5828);
#5828 = AXIS2_PLACEMENT_3D('',#5829,#5830,#5831);
#5829 = CARTESIAN_POINT('',(-1.,-0.8,0.));
#5830 = DIRECTION('',(1.,9.95799250103E-17,0.));
#5831 = DIRECTION('',(0.,-0.,1.));
#5832 = ADVANCED_FACE('',(#5833),#5844,.F.);
#5833 = FACE_BOUND('',#5834,.F.);
#5834 = EDGE_LOOP('',(#5835,#5841,#5842,#5843));
#5835 = ORIENTED_EDGE('',*,*,#5836,.T.);
#5836 = EDGE_CURVE('',#4552,#4726,#5837,.T.);
#5837 = LINE('',#5838,#5839);
#5838 = CARTESIAN_POINT('',(-0.975,-0.8,0.));
#5839 = VECTOR('',#5840,1.);
#5840 = DIRECTION('',(-9.95799250103E-17,1.,0.));
#5841 = ORIENTED_EDGE('',*,*,#4734,.T.);
#5842 = ORIENTED_EDGE('',*,*,#5819,.F.);
#5843 = ORIENTED_EDGE('',*,*,#4560,.F.);
#5844 = PLANE('',#5845);
#5845 = AXIS2_PLACEMENT_3D('',#5846,#5847,#5848);
#5846 = CARTESIAN_POINT('',(-0.975,-0.8,0.));
#5847 = DIRECTION('',(0.,0.,1.));
#5848 = DIRECTION('',(-1.,-9.95799250103E-17,0.));
#5849 = ADVANCED_FACE('',(#5850),#5856,.T.);
#5850 = FACE_BOUND('',#5851,.T.);
#5851 = EDGE_LOOP('',(#5852,#5853,#5854,#5855));
#5852 = ORIENTED_EDGE('',*,*,#4551,.T.);
#5853 = ORIENTED_EDGE('',*,*,#5836,.T.);
#5854 = ORIENTED_EDGE('',*,*,#4725,.F.);
#5855 = ORIENTED_EDGE('',*,*,#4792,.F.);
#5856 = CYLINDRICAL_SURFACE('',#5857,0.25);
#5857 = AXIS2_PLACEMENT_3D('',#5858,#5859,#5860);
#5858 = CARTESIAN_POINT('',(-0.975,-0.8,0.25));
#5859 = DIRECTION('',(9.95799250103E-17,-1.,-0.));
#5860 = DIRECTION('',(1.,9.95799250103E-17,-2.22044604925E-16));
#5861 = ADVANCED_FACE('',(#5862),#5878,.T.);
#5862 = FACE_BOUND('',#5863,.T.);
#5863 = EDGE_LOOP('',(#5864,#5865,#5871,#5872));
#5864 = ORIENTED_EDGE('',*,*,#4867,.T.);
#5865 = ORIENTED_EDGE('',*,*,#5866,.T.);
#5866 = EDGE_CURVE('',#3702,#3572,#5867,.T.);
#5867 = LINE('',#5868,#5869);
#5868 = CARTESIAN_POINT('',(-0.625,0.5,0.65));
#5869 = VECTOR('',#5870,1.);
#5870 = DIRECTION('',(-9.95799250103E-17,1.,0.));
#5871 = ORIENTED_EDGE('',*,*,#4676,.F.);
#5872 = ORIENTED_EDGE('',*,*,#5873,.F.);
#5873 = EDGE_CURVE('',#4860,#4669,#5874,.T.);
#5874 = LINE('',#5875,#5876);
#5875 = CARTESIAN_POINT('',(-0.875,0.5,0.4));
#5876 = VECTOR('',#5877,1.);
#5877 = DIRECTION('',(-9.95799250103E-17,1.,0.));
#5878 = CYLINDRICAL_SURFACE('',#5879,0.25);
#5879 = AXIS2_PLACEMENT_3D('',#5880,#5881,#5882);
#5880 = CARTESIAN_POINT('',(-0.625,0.5,0.4));
#5881 = DIRECTION('',(9.95799250103E-17,-1.,-0.));
#5882 = DIRECTION('',(-1.,-9.95799250103E-17,4.440892098501E-16));
#5883 = ADVANCED_FACE('',(#5884),#5895,.F.);
#5884 = FACE_BOUND('',#5885,.F.);
#5885 = EDGE_LOOP('',(#5886,#5892,#5893,#5894));
#5886 = ORIENTED_EDGE('',*,*,#5887,.T.);
#5887 = EDGE_CURVE('',#4851,#4660,#5888,.T.);
#5888 = LINE('',#5889,#5890);
#5889 = CARTESIAN_POINT('',(-0.875,0.5,0.25));
#5890 = VECTOR('',#5891,1.);
#5891 = DIRECTION('',(-9.95799250103E-17,1.,0.));
#5892 = ORIENTED_EDGE('',*,*,#4668,.T.);
#5893 = ORIENTED_EDGE('',*,*,#5873,.F.);
#5894 = ORIENTED_EDGE('',*,*,#4859,.F.);
#5895 = PLANE('',#5896);
#5896 = AXIS2_PLACEMENT_3D('',#5897,#5898,#5899);
#5897 = CARTESIAN_POINT('',(-0.875,0.5,0.25));
#5898 = DIRECTION('',(1.,9.95799250103E-17,0.));
#5899 = DIRECTION('',(0.,-0.,1.));
#5900 = ADVANCED_FACE('',(#5901),#5912,.F.);
#5901 = FACE_BOUND('',#5902,.F.);
#5902 = EDGE_LOOP('',(#5903,#5909,#5910,#5911));
#5903 = ORIENTED_EDGE('',*,*,#5904,.T.);
#5904 = EDGE_CURVE('',#4843,#4652,#5905,.T.);
#5905 = LINE('',#5906,#5907);
#5906 = CARTESIAN_POINT('',(-0.975,0.5,0.15));
#5907 = VECTOR('',#5908,1.);
#5908 = DIRECTION('',(-9.95799250103E-17,1.,0.));
#5909 = ORIENTED_EDGE('',*,*,#4659,.T.);
#5910 = ORIENTED_EDGE('',*,*,#5887,.F.);
#5911 = ORIENTED_EDGE('',*,*,#4850,.F.);
#5912 = CYLINDRICAL_SURFACE('',#5913,0.1);
#5913 = AXIS2_PLACEMENT_3D('',#5914,#5915,#5916);
#5914 = CARTESIAN_POINT('',(-0.975,0.5,0.25));
#5915 = DIRECTION('',(9.95799250103E-17,-1.,0.));
#5916 = DIRECTION('',(0.,-0.,-1.));
#5917 = ADVANCED_FACE('',(#5918),#5929,.F.);
#5918 = FACE_BOUND('',#5919,.F.);
#5919 = EDGE_LOOP('',(#5920,#5926,#5927,#5928));
#5920 = ORIENTED_EDGE('',*,*,#5921,.T.);
#5921 = EDGE_CURVE('',#4835,#4644,#5922,.T.);
#5922 = LINE('',#5923,#5924);
#5923 = CARTESIAN_POINT('',(-1.,0.5,0.15));
#5924 = VECTOR('',#5925,1.);
#5925 = DIRECTION('',(-9.95799250103E-17,1.,0.));
#5926 = ORIENTED_EDGE('',*,*,#4651,.T.);
#5927 = ORIENTED_EDGE('',*,*,#5904,.F.);
#5928 = ORIENTED_EDGE('',*,*,#4842,.F.);
#5929 = PLANE('',#5930);
#5930 = AXIS2_PLACEMENT_3D('',#5931,#5932,#5933);
#5931 = CARTESIAN_POINT('',(-1.,0.5,0.15));
#5932 = DIRECTION('',(-0.,0.,-1.));
#5933 = DIRECTION('',(1.,9.95799250103E-17,0.));
#5934 = ADVANCED_FACE('',(#5935),#5946,.F.);
#5935 = FACE_BOUND('',#5936,.F.);
#5936 = EDGE_LOOP('',(#5937,#5943,#5944,#5945));
#5937 = ORIENTED_EDGE('',*,*,#5938,.T.);
#5938 = EDGE_CURVE('',#4827,#4636,#5939,.T.);
#5939 = LINE('',#5940,#5941);
#5940 = CARTESIAN_POINT('',(-1.,0.5,0.));
#5941 = VECTOR('',#5942,1.);
#5942 = DIRECTION('',(-9.95799250103E-17,1.,0.));
#5943 = ORIENTED_EDGE('',*,*,#4643,.T.);
#5944 = ORIENTED_EDGE('',*,*,#5921,.F.);
#5945 = ORIENTED_EDGE('',*,*,#4834,.F.);
#5946 = PLANE('',#5947);
#5947 = AXIS2_PLACEMENT_3D('',#5948,#5949,#5950);
#5948 = CARTESIAN_POINT('',(-1.,0.5,0.));
#5949 = DIRECTION('',(1.,9.95799250103E-17,0.));
#5950 = DIRECTION('',(0.,-0.,1.));
#5951 = ADVANCED_FACE('',(#5952),#5963,.F.);
#5952 = FACE_BOUND('',#5953,.F.);
#5953 = EDGE_LOOP('',(#5954,#5960,#5961,#5962));
#5954 = ORIENTED_EDGE('',*,*,#5955,.T.);
#5955 = EDGE_CURVE('',#4818,#4627,#5956,.T.);
#5956 = LINE('',#5957,#5958);
#5957 = CARTESIAN_POINT('',(-0.975,0.5,0.));
#5958 = VECTOR('',#5959,1.);
#5959 = DIRECTION('',(-9.95799250103E-17,1.,0.));
#5960 = ORIENTED_EDGE('',*,*,#4635,.T.);
#5961 = ORIENTED_EDGE('',*,*,#5938,.F.);
#5962 = ORIENTED_EDGE('',*,*,#4826,.F.);
#5963 = PLANE('',#5964);
#5964 = AXIS2_PLACEMENT_3D('',#5965,#5966,#5967);
#5965 = CARTESIAN_POINT('',(-0.975,0.5,0.));
#5966 = DIRECTION('',(0.,0.,1.));
#5967 = DIRECTION('',(-1.,-9.95799250103E-17,0.));
#5968 = ADVANCED_FACE('',(#5969),#5975,.T.);
#5969 = FACE_BOUND('',#5970,.T.);
#5970 = EDGE_LOOP('',(#5971,#5972,#5973,#5974));
#5971 = ORIENTED_EDGE('',*,*,#4817,.T.);
#5972 = ORIENTED_EDGE('',*,*,#5955,.T.);
#5973 = ORIENTED_EDGE('',*,*,#4626,.F.);
#5974 = ORIENTED_EDGE('',*,*,#4884,.F.);
#5975 = CYLINDRICAL_SURFACE('',#5976,0.25);
#5976 = AXIS2_PLACEMENT_3D('',#5977,#5978,#5979);
#5977 = CARTESIAN_POINT('',(-0.975,0.5,0.25));
#5978 = DIRECTION('',(9.95799250103E-17,-1.,-0.));
#5979 = DIRECTION('',(1.,9.95799250103E-17,-2.22044604925E-16));
#5980 = ADVANCED_FACE('',(#5981),#5987,.F.);
#5981 = FACE_BOUND('',#5982,.F.);
#5982 = EDGE_LOOP('',(#5983,#5984,#5985,#5986));
#5983 = ORIENTED_EDGE('',*,*,#5089,.F.);
#5984 = ORIENTED_EDGE('',*,*,#5866,.T.);
#5985 = ORIENTED_EDGE('',*,*,#4691,.T.);
#5986 = ORIENTED_EDGE('',*,*,#5716,.F.);
#5987 = PLANE('',#5988);
#5988 = AXIS2_PLACEMENT_3D('',#5989,#5990,#5991);
#5989 = CARTESIAN_POINT('',(-0.625,0.5,0.65));
#5990 = DIRECTION('',(-0.,0.,-1.));
#5991 = DIRECTION('',(1.,9.95799250103E-17,0.));
#5992 = ADVANCED_FACE('',(#5993),#6004,.F.);
#5993 = FACE_BOUND('',#5994,.F.);
#5994 = EDGE_LOOP('',(#5995,#5996,#6002,#6003));
#5995 = ORIENTED_EDGE('',*,*,#4908,.F.);
#5996 = ORIENTED_EDGE('',*,*,#5997,.T.);
#5997 = EDGE_CURVE('',#3671,#3693,#5998,.T.);
#5998 = LINE('',#5999,#6000);
#5999 = CARTESIAN_POINT('',(-0.625,-0.15,0.65));
#6000 = VECTOR('',#6001,1.);
#6001 = DIRECTION('',(-9.95799250103E-17,1.,0.));
#6002 = ORIENTED_EDGE('',*,*,#5080,.T.);
#6003 = ORIENTED_EDGE('',*,*,#5709,.F.);
#6004 = PLANE('',#6005);
#6005 = AXIS2_PLACEMENT_3D('',#6006,#6007,#6008);
#6006 = CARTESIAN_POINT('',(-0.625,-0.15,0.65));
#6007 = DIRECTION('',(-0.,0.,-1.));
#6008 = DIRECTION('',(1.,9.95799250103E-17,0.));
#6009 = ADVANCED_FACE('',(#6010),#6021,.T.);
#6010 = FACE_BOUND('',#6011,.T.);
#6011 = EDGE_LOOP('',(#6012,#6013,#6014,#6015));
#6012 = ORIENTED_EDGE('',*,*,#4990,.T.);
#6013 = ORIENTED_EDGE('',*,*,#5997,.T.);
#6014 = ORIENTED_EDGE('',*,*,#5065,.F.);
#6015 = ORIENTED_EDGE('',*,*,#6016,.F.);
#6016 = EDGE_CURVE('',#4983,#5058,#6017,.T.);
#6017 = LINE('',#6018,#6019);
#6018 = CARTESIAN_POINT('',(-0.875,-0.15,0.4));
#6019 = VECTOR('',#6020,1.);
#6020 = DIRECTION('',(-9.95799250103E-17,1.,0.));
#6021 = CYLINDRICAL_SURFACE('',#6022,0.25);
#6022 = AXIS2_PLACEMENT_3D('',#6023,#6024,#6025);
#6023 = CARTESIAN_POINT('',(-0.625,-0.15,0.4));
#6024 = DIRECTION('',(9.95799250103E-17,-1.,-0.));
#6025 = DIRECTION('',(-1.,-9.95799250103E-17,4.440892098501E-16));
#6026 = ADVANCED_FACE('',(#6027),#6038,.F.);
#6027 = FACE_BOUND('',#6028,.F.);
#6028 = EDGE_LOOP('',(#6029,#6035,#6036,#6037));
#6029 = ORIENTED_EDGE('',*,*,#6030,.T.);
#6030 = EDGE_CURVE('',#4974,#5049,#6031,.T.);
#6031 = LINE('',#6032,#6033);
#6032 = CARTESIAN_POINT('',(-0.875,-0.15,0.25));
#6033 = VECTOR('',#6034,1.);
#6034 = DIRECTION('',(-9.95799250103E-17,1.,0.));
#6035 = ORIENTED_EDGE('',*,*,#5057,.T.);
#6036 = ORIENTED_EDGE('',*,*,#6016,.F.);
#6037 = ORIENTED_EDGE('',*,*,#4982,.F.);
#6038 = PLANE('',#6039);
#6039 = AXIS2_PLACEMENT_3D('',#6040,#6041,#6042);
#6040 = CARTESIAN_POINT('',(-0.875,-0.15,0.25));
#6041 = DIRECTION('',(1.,9.95799250103E-17,0.));
#6042 = DIRECTION('',(0.,-0.,1.));
#6043 = ADVANCED_FACE('',(#6044),#6055,.F.);
#6044 = FACE_BOUND('',#6045,.F.);
#6045 = EDGE_LOOP('',(#6046,#6052,#6053,#6054));
#6046 = ORIENTED_EDGE('',*,*,#6047,.T.);
#6047 = EDGE_CURVE('',#4966,#5041,#6048,.T.);
#6048 = LINE('',#6049,#6050);
#6049 = CARTESIAN_POINT('',(-0.975,-0.15,0.15));
#6050 = VECTOR('',#6051,1.);
#6051 = DIRECTION('',(-9.95799250103E-17,1.,0.));
#6052 = ORIENTED_EDGE('',*,*,#5048,.T.);
#6053 = ORIENTED_EDGE('',*,*,#6030,.F.);
#6054 = ORIENTED_EDGE('',*,*,#4973,.F.);
#6055 = CYLINDRICAL_SURFACE('',#6056,0.1);
#6056 = AXIS2_PLACEMENT_3D('',#6057,#6058,#6059);
#6057 = CARTESIAN_POINT('',(-0.975,-0.15,0.25));
#6058 = DIRECTION('',(9.95799250103E-17,-1.,0.));
#6059 = DIRECTION('',(0.,-0.,-1.));
#6060 = ADVANCED_FACE('',(#6061),#6072,.F.);
#6061 = FACE_BOUND('',#6062,.F.);
#6062 = EDGE_LOOP('',(#6063,#6069,#6070,#6071));
#6063 = ORIENTED_EDGE('',*,*,#6064,.T.);
#6064 = EDGE_CURVE('',#4958,#5033,#6065,.T.);
#6065 = LINE('',#6066,#6067);
#6066 = CARTESIAN_POINT('',(-1.,-0.15,0.15));
#6067 = VECTOR('',#6068,1.);
#6068 = DIRECTION('',(-9.95799250103E-17,1.,0.));
#6069 = ORIENTED_EDGE('',*,*,#5040,.T.);
#6070 = ORIENTED_EDGE('',*,*,#6047,.F.);
#6071 = ORIENTED_EDGE('',*,*,#4965,.F.);
#6072 = PLANE('',#6073);
#6073 = AXIS2_PLACEMENT_3D('',#6074,#6075,#6076);
#6074 = CARTESIAN_POINT('',(-1.,-0.15,0.15));
#6075 = DIRECTION('',(-0.,0.,-1.));
#6076 = DIRECTION('',(1.,9.95799250103E-17,0.));
#6077 = ADVANCED_FACE('',(#6078),#6089,.F.);
#6078 = FACE_BOUND('',#6079,.F.);
#6079 = EDGE_LOOP('',(#6080,#6086,#6087,#6088));
#6080 = ORIENTED_EDGE('',*,*,#6081,.T.);
#6081 = EDGE_CURVE('',#4950,#5025,#6082,.T.);
#6082 = LINE('',#6083,#6084);
#6083 = CARTESIAN_POINT('',(-1.,-0.15,0.));
#6084 = VECTOR('',#6085,1.);
#6085 = DIRECTION('',(-9.95799250103E-17,1.,0.));
#6086 = ORIENTED_EDGE('',*,*,#5032,.T.);
#6087 = ORIENTED_EDGE('',*,*,#6064,.F.);
#6088 = ORIENTED_EDGE('',*,*,#4957,.F.);
#6089 = PLANE('',#6090);
#6090 = AXIS2_PLACEMENT_3D('',#6091,#6092,#6093);
#6091 = CARTESIAN_POINT('',(-1.,-0.15,0.));
#6092 = DIRECTION('',(1.,9.95799250103E-17,0.));
#6093 = DIRECTION('',(0.,-0.,1.));
#6094 = ADVANCED_FACE('',(#6095),#6106,.F.);
#6095 = FACE_BOUND('',#6096,.F.);
#6096 = EDGE_LOOP('',(#6097,#6103,#6104,#6105));
#6097 = ORIENTED_EDGE('',*,*,#6098,.T.);
#6098 = EDGE_CURVE('',#4941,#5016,#6099,.T.);
#6099 = LINE('',#6100,#6101);
#6100 = CARTESIAN_POINT('',(-0.975,-0.15,0.));
#6101 = VECTOR('',#6102,1.);
#6102 = DIRECTION('',(-9.95799250103E-17,1.,0.));
#6103 = ORIENTED_EDGE('',*,*,#5024,.T.);
#6104 = ORIENTED_EDGE('',*,*,#6081,.F.);
#6105 = ORIENTED_EDGE('',*,*,#4949,.F.);
#6106 = PLANE('',#6107);
#6107 = AXIS2_PLACEMENT_3D('',#6108,#6109,#6110);
#6108 = CARTESIAN_POINT('',(-0.975,-0.15,0.));
#6109 = DIRECTION('',(0.,0.,1.));
#6110 = DIRECTION('',(-1.,-9.95799250103E-17,0.));
#6111 = ADVANCED_FACE('',(#6112),#6118,.T.);
#6112 = FACE_BOUND('',#6113,.T.);
#6113 = EDGE_LOOP('',(#6114,#6115,#6116,#6117));
#6114 = ORIENTED_EDGE('',*,*,#4940,.T.);
#6115 = ORIENTED_EDGE('',*,*,#6098,.T.);
#6116 = ORIENTED_EDGE('',*,*,#5015,.F.);
#6117 = ORIENTED_EDGE('',*,*,#5113,.F.);
#6118 = CYLINDRICAL_SURFACE('',#6119,0.25);
#6119 = AXIS2_PLACEMENT_3D('',#6120,#6121,#6122);
#6120 = CARTESIAN_POINT('',(-0.975,-0.15,0.25));
#6121 = DIRECTION('',(9.95799250103E-17,-1.,-0.));
#6122 = DIRECTION('',(1.,9.95799250103E-17,-2.22044604925E-16));
#6123 = ( GEOMETRIC_REPRESENTATION_CONTEXT(3) 
GLOBAL_UNCERTAINTY_ASSIGNED_CONTEXT((#6127)) 
GLOBAL_UNIT_ASSIGNED_CONTEXT((#6124,#6125,#6126)) REPRESENTATION_CONTEXT
('Context #1','3D Context with UNIT and UNCERTAINTY') );
#6124 = ( LENGTH_UNIT() NAMED_UNIT(*) SI_UNIT(.MILLI.,.METRE.) );
#6125 = ( NAMED_UNIT(*) PLANE_ANGLE_UNIT() SI_UNIT($,.RADIAN.) );
#6126 = ( NAMED_UNIT(*) SI_UNIT($,.STERADIAN.) SOLID_ANGLE_UNIT() );
#6127 = UNCERTAINTY_MEASURE_WITH_UNIT(LENGTH_MEASURE(2.E-06),#6124,
  'distance_accuracy_value','confusion accuracy');
#6128 = CONTEXT_DEPENDENT_SHAPE_REPRESENTATION(#6129,#6131);
#6129 = ( REPRESENTATION_RELATIONSHIP('','',#2800,#10) 
REPRESENTATION_RELATIONSHIP_WITH_TRANSFORMATION(#6130) 
SHAPE_REPRESENTATION_RELATIONSHIP() );
#6130 = ITEM_DEFINED_TRANSFORMATION('','',#11,#31);
#6131 = PRODUCT_DEFINITION_SHAPE('Placement','Placement of an item',
  #6132);
#6132 = NEXT_ASSEMBLY_USAGE_OCCURRENCE('5','U9','',#5,#2795,$);
#6133 = PRODUCT_RELATED_PRODUCT_CATEGORY('part',$,(#2797));
#6134 = CONTEXT_DEPENDENT_SHAPE_REPRESENTATION(#6135,#6137);
#6135 = ( REPRESENTATION_RELATIONSHIP('','',#240,#10) 
REPRESENTATION_RELATIONSHIP_WITH_TRANSFORMATION(#6136) 
SHAPE_REPRESENTATION_RELATIONSHIP() );
#6136 = ITEM_DEFINED_TRANSFORMATION('','',#11,#35);
#6137 = PRODUCT_DEFINITION_SHAPE('Placement','Placement of an item',
  #6138);
#6138 = NEXT_ASSEMBLY_USAGE_OCCURRENCE('6','C34','',#5,#235,$);
#6139 = CONTEXT_DEPENDENT_SHAPE_REPRESENTATION(#6140,#6142);
#6140 = ( REPRESENTATION_RELATIONSHIP('','',#240,#10) 
REPRESENTATION_RELATIONSHIP_WITH_TRANSFORMATION(#6141) 
SHAPE_REPRESENTATION_RELATIONSHIP() );
#6141 = ITEM_DEFINED_TRANSFORMATION('','',#11,#39);
#6142 = PRODUCT_DEFINITION_SHAPE('Placement','Placement of an item',
  #6143);
#6143 = NEXT_ASSEMBLY_USAGE_OCCURRENCE('7','C19','',#5,#235,$);
#6144 = SHAPE_DEFINITION_REPRESENTATION(#6145,#6151);
#6145 = PRODUCT_DEFINITION_SHAPE('','',#6146);
#6146 = PRODUCT_DEFINITION('design','',#6147,#6150);
#6147 = PRODUCT_DEFINITION_FORMATION('','',#6148);
#6148 = PRODUCT('C_0805_2012Metric','C_0805_2012Metric','',(#6149));
#6149 = PRODUCT_CONTEXT('',#2,'mechanical');
#6150 = PRODUCT_DEFINITION_CONTEXT('part definition',#2,'design');
#6151 = ADVANCED_BREP_SHAPE_REPRESENTATION('',(#11,#6152),#7006);
#6152 = MANIFOLD_SOLID_BREP('',#6153);
#6153 = CLOSED_SHELL('',(#6154,#6230,#6261,#6286,#6311,#6335,#6359,#6384
    ,#6409,#6426,#6512,#6544,#6568,#6593,#6617,#6642,#6666,#6691,#6708,
    #6794,#6825,#6850,#6875,#6899,#6923,#6948,#6973,#6990));
#6154 = ADVANCED_FACE('',(#6155),#6225,.F.);
#6155 = FACE_BOUND('',#6156,.F.);
#6156 = EDGE_LOOP('',(#6157,#6167,#6176,#6184,#6193,#6201,#6210,#6218));
#6157 = ORIENTED_EDGE('',*,*,#6158,.F.);
#6158 = EDGE_CURVE('',#6159,#6161,#6163,.T.);
#6159 = VERTEX_POINT('',#6160);
#6160 = CARTESIAN_POINT('',(-1.,-0.625,4.E-02));
#6161 = VERTEX_POINT('',#6162);
#6162 = CARTESIAN_POINT('',(-1.,-0.625,1.21));
#6163 = LINE('',#6164,#6165);
#6164 = CARTESIAN_POINT('',(-1.,-0.625,0.));
#6165 = VECTOR('',#6166,1.);
#6166 = DIRECTION('',(0.,0.,1.));
#6167 = ORIENTED_EDGE('',*,*,#6168,.T.);
#6168 = EDGE_CURVE('',#6159,#6169,#6171,.T.);
#6169 = VERTEX_POINT('',#6170);
#6170 = CARTESIAN_POINT('',(-1.,-0.585,0.));
#6171 = CIRCLE('',#6172,4.E-02);
#6172 = AXIS2_PLACEMENT_3D('',#6173,#6174,#6175);
#6173 = CARTESIAN_POINT('',(-1.,-0.585,4.E-02));
#6174 = DIRECTION('',(1.,0.,-0.));
#6175 = DIRECTION('',(0.,0.,1.));
#6176 = ORIENTED_EDGE('',*,*,#6177,.T.);
#6177 = EDGE_CURVE('',#6169,#6178,#6180,.T.);
#6178 = VERTEX_POINT('',#6179);
#6179 = CARTESIAN_POINT('',(-1.,0.585,0.));
#6180 = LINE('',#6181,#6182);
#6181 = CARTESIAN_POINT('',(-1.,-0.625,0.));
#6182 = VECTOR('',#6183,1.);
#6183 = DIRECTION('',(0.,1.,0.));
#6184 = ORIENTED_EDGE('',*,*,#6185,.F.);
#6185 = EDGE_CURVE('',#6186,#6178,#6188,.T.);
#6186 = VERTEX_POINT('',#6187);
#6187 = CARTESIAN_POINT('',(-1.,0.625,4.E-02));
#6188 = CIRCLE('',#6189,4.E-02);
#6189 = AXIS2_PLACEMENT_3D('',#6190,#6191,#6192);
#6190 = CARTESIAN_POINT('',(-1.,0.585,4.E-02));
#6191 = DIRECTION('',(-1.,0.,0.));
#6192 = DIRECTION('',(0.,0.,1.));
#6193 = ORIENTED_EDGE('',*,*,#6194,.T.);
#6194 = EDGE_CURVE('',#6186,#6195,#6197,.T.);
#6195 = VERTEX_POINT('',#6196);
#6196 = CARTESIAN_POINT('',(-1.,0.625,1.21));
#6197 = LINE('',#6198,#6199);
#6198 = CARTESIAN_POINT('',(-1.,0.625,0.));
#6199 = VECTOR('',#6200,1.);
#6200 = DIRECTION('',(0.,0.,1.));
#6201 = ORIENTED_EDGE('',*,*,#6202,.T.);
#6202 = EDGE_CURVE('',#6195,#6203,#6205,.T.);
#6203 = VERTEX_POINT('',#6204);
#6204 = CARTESIAN_POINT('',(-1.,0.585,1.25));
#6205 = CIRCLE('',#6206,4.E-02);
#6206 = AXIS2_PLACEMENT_3D('',#6207,#6208,#6209);
#6207 = CARTESIAN_POINT('',(-1.,0.585,1.21));
#6208 = DIRECTION('',(1.,0.,-0.));
#6209 = DIRECTION('',(0.,0.,1.));
#6210 = ORIENTED_EDGE('',*,*,#6211,.F.);
#6211 = EDGE_CURVE('',#6212,#6203,#6214,.T.);
#6212 = VERTEX_POINT('',#6213);
#6213 = CARTESIAN_POINT('',(-1.,-0.585,1.25));
#6214 = LINE('',#6215,#6216);
#6215 = CARTESIAN_POINT('',(-1.,-0.625,1.25));
#6216 = VECTOR('',#6217,1.);
#6217 = DIRECTION('',(0.,1.,0.));
#6218 = ORIENTED_EDGE('',*,*,#6219,.F.);
#6219 = EDGE_CURVE('',#6161,#6212,#6220,.T.);
#6220 = CIRCLE('',#6221,4.E-02);
#6221 = AXIS2_PLACEMENT_3D('',#6222,#6223,#6224);
#6222 = CARTESIAN_POINT('',(-1.,-0.585,1.21));
#6223 = DIRECTION('',(-1.,0.,0.));
#6224 = DIRECTION('',(0.,0.,1.));
#6225 = PLANE('',#6226);
#6226 = AXIS2_PLACEMENT_3D('',#6227,#6228,#6229);
#6227 = CARTESIAN_POINT('',(-1.,-0.625,0.));
#6228 = DIRECTION('',(1.,0.,0.));
#6229 = DIRECTION('',(0.,0.,1.));
#6230 = ADVANCED_FACE('',(#6231),#6256,.F.);
#6231 = FACE_BOUND('',#6232,.F.);
#6232 = EDGE_LOOP('',(#6233,#6243,#6249,#6250));
#6233 = ORIENTED_EDGE('',*,*,#6234,.F.);
#6234 = EDGE_CURVE('',#6235,#6237,#6239,.T.);
#6235 = VERTEX_POINT('',#6236);
#6236 = CARTESIAN_POINT('',(-0.6,-0.625,4.E-02));
#6237 = VERTEX_POINT('',#6238);
#6238 = CARTESIAN_POINT('',(-0.6,-0.625,1.21));
#6239 = LINE('',#6240,#6241);
#6240 = CARTESIAN_POINT('',(-0.6,-0.625,0.));
#6241 = VECTOR('',#6242,1.);
#6242 = DIRECTION('',(0.,0.,1.));
#6243 = ORIENTED_EDGE('',*,*,#6244,.F.);
#6244 = EDGE_CURVE('',#6159,#6235,#6245,.T.);
#6245 = LINE('',#6246,#6247);
#6246 = CARTESIAN_POINT('',(-1.,-0.625,4.E-02));
#6247 = VECTOR('',#6248,1.);
#6248 = DIRECTION('',(1.,0.,0.));
#6249 = ORIENTED_EDGE('',*,*,#6158,.T.);
#6250 = ORIENTED_EDGE('',*,*,#6251,.T.);
#6251 = EDGE_CURVE('',#6161,#6237,#6252,.T.);
#6252 = LINE('',#6253,#6254);
#6253 = CARTESIAN_POINT('',(-1.,-0.625,1.21));
#6254 = VECTOR('',#6255,1.);
#6255 = DIRECTION('',(1.,0.,0.));
#6256 = PLANE('',#6257);
#6257 = AXIS2_PLACEMENT_3D('',#6258,#6259,#6260);
#6258 = CARTESIAN_POINT('',(-1.,-0.625,0.));
#6259 = DIRECTION('',(0.,1.,0.));
#6260 = DIRECTION('',(0.,-0.,1.));
#6261 = ADVANCED_FACE('',(#6262),#6281,.T.);
#6262 = FACE_BOUND('',#6263,.T.);
#6263 = EDGE_LOOP('',(#6264,#6265,#6273,#6280));
#6264 = ORIENTED_EDGE('',*,*,#6168,.T.);
#6265 = ORIENTED_EDGE('',*,*,#6266,.T.);
#6266 = EDGE_CURVE('',#6169,#6267,#6269,.T.);
#6267 = VERTEX_POINT('',#6268);
#6268 = CARTESIAN_POINT('',(-0.6,-0.585,0.));
#6269 = LINE('',#6270,#6271);
#6270 = CARTESIAN_POINT('',(-1.,-0.585,0.));
#6271 = VECTOR('',#6272,1.);
#6272 = DIRECTION('',(1.,0.,0.));
#6273 = ORIENTED_EDGE('',*,*,#6274,.F.);
#6274 = EDGE_CURVE('',#6235,#6267,#6275,.T.);
#6275 = CIRCLE('',#6276,4.E-02);
#6276 = AXIS2_PLACEMENT_3D('',#6277,#6278,#6279);
#6277 = CARTESIAN_POINT('',(-0.6,-0.585,4.E-02));
#6278 = DIRECTION('',(1.,0.,-0.));
#6279 = DIRECTION('',(0.,0.,1.));
#6280 = ORIENTED_EDGE('',*,*,#6244,.F.);
#6281 = CYLINDRICAL_SURFACE('',#6282,4.E-02);
#6282 = AXIS2_PLACEMENT_3D('',#6283,#6284,#6285);
#6283 = CARTESIAN_POINT('',(-1.,-0.585,4.E-02));
#6284 = DIRECTION('',(1.,0.,0.));
#6285 = DIRECTION('',(0.,-1.,0.));
#6286 = ADVANCED_FACE('',(#6287),#6306,.T.);
#6287 = FACE_BOUND('',#6288,.T.);
#6288 = EDGE_LOOP('',(#6289,#6290,#6299,#6305));
#6289 = ORIENTED_EDGE('',*,*,#6251,.T.);
#6290 = ORIENTED_EDGE('',*,*,#6291,.T.);
#6291 = EDGE_CURVE('',#6237,#6292,#6294,.T.);
#6292 = VERTEX_POINT('',#6293);
#6293 = CARTESIAN_POINT('',(-0.6,-0.585,1.25));
#6294 = CIRCLE('',#6295,4.E-02);
#6295 = AXIS2_PLACEMENT_3D('',#6296,#6297,#6298);
#6296 = CARTESIAN_POINT('',(-0.6,-0.585,1.21));
#6297 = DIRECTION('',(-1.,0.,0.));
#6298 = DIRECTION('',(0.,0.,1.));
#6299 = ORIENTED_EDGE('',*,*,#6300,.F.);
#6300 = EDGE_CURVE('',#6212,#6292,#6301,.T.);
#6301 = LINE('',#6302,#6303);
#6302 = CARTESIAN_POINT('',(-1.,-0.585,1.25));
#6303 = VECTOR('',#6304,1.);
#6304 = DIRECTION('',(1.,0.,0.));
#6305 = ORIENTED_EDGE('',*,*,#6219,.F.);
#6306 = CYLINDRICAL_SURFACE('',#6307,4.E-02);
#6307 = AXIS2_PLACEMENT_3D('',#6308,#6309,#6310);
#6308 = CARTESIAN_POINT('',(-1.,-0.585,1.21));
#6309 = DIRECTION('',(1.,0.,0.));
#6310 = DIRECTION('',(0.,-1.,0.));
#6311 = ADVANCED_FACE('',(#6312),#6330,.F.);
#6312 = FACE_BOUND('',#6313,.F.);
#6313 = EDGE_LOOP('',(#6314,#6315,#6316,#6324));
#6314 = ORIENTED_EDGE('',*,*,#6177,.F.);
#6315 = ORIENTED_EDGE('',*,*,#6266,.T.);
#6316 = ORIENTED_EDGE('',*,*,#6317,.T.);
#6317 = EDGE_CURVE('',#6267,#6318,#6320,.T.);
#6318 = VERTEX_POINT('',#6319);
#6319 = CARTESIAN_POINT('',(-0.6,0.585,0.));
#6320 = LINE('',#6321,#6322);
#6321 = CARTESIAN_POINT('',(-0.6,-0.625,0.));
#6322 = VECTOR('',#6323,1.);
#6323 = DIRECTION('',(0.,1.,0.));
#6324 = ORIENTED_EDGE('',*,*,#6325,.F.);
#6325 = EDGE_CURVE('',#6178,#6318,#6326,.T.);
#6326 = LINE('',#6327,#6328);
#6327 = CARTESIAN_POINT('',(-1.,0.585,0.));
#6328 = VECTOR('',#6329,1.);
#6329 = DIRECTION('',(1.,0.,0.));
#6330 = PLANE('',#6331);
#6331 = AXIS2_PLACEMENT_3D('',#6332,#6333,#6334);
#6332 = CARTESIAN_POINT('',(-1.,-0.625,0.));
#6333 = DIRECTION('',(0.,0.,1.));
#6334 = DIRECTION('',(1.,0.,-0.));
#6335 = ADVANCED_FACE('',(#6336),#6354,.T.);
#6336 = FACE_BOUND('',#6337,.T.);
#6337 = EDGE_LOOP('',(#6338,#6339,#6340,#6348));
#6338 = ORIENTED_EDGE('',*,*,#6211,.F.);
#6339 = ORIENTED_EDGE('',*,*,#6300,.T.);
#6340 = ORIENTED_EDGE('',*,*,#6341,.T.);
#6341 = EDGE_CURVE('',#6292,#6342,#6344,.T.);
#6342 = VERTEX_POINT('',#6343);
#6343 = CARTESIAN_POINT('',(-0.6,0.585,1.25));
#6344 = LINE('',#6345,#6346);
#6345 = CARTESIAN_POINT('',(-0.6,-0.625,1.25));
#6346 = VECTOR('',#6347,1.);
#6347 = DIRECTION('',(0.,1.,0.));
#6348 = ORIENTED_EDGE('',*,*,#6349,.F.);
#6349 = EDGE_CURVE('',#6203,#6342,#6350,.T.);
#6350 = LINE('',#6351,#6352);
#6351 = CARTESIAN_POINT('',(-1.,0.585,1.25));
#6352 = VECTOR('',#6353,1.);
#6353 = DIRECTION('',(1.,0.,0.));
#6354 = PLANE('',#6355);
#6355 = AXIS2_PLACEMENT_3D('',#6356,#6357,#6358);
#6356 = CARTESIAN_POINT('',(-1.,-0.625,1.25));
#6357 = DIRECTION('',(0.,0.,1.));
#6358 = DIRECTION('',(1.,0.,-0.));
#6359 = ADVANCED_FACE('',(#6360),#6379,.T.);
#6360 = FACE_BOUND('',#6361,.T.);
#6361 = EDGE_LOOP('',(#6362,#6370,#6377,#6378));
#6362 = ORIENTED_EDGE('',*,*,#6363,.T.);
#6363 = EDGE_CURVE('',#6186,#6364,#6366,.T.);
#6364 = VERTEX_POINT('',#6365);
#6365 = CARTESIAN_POINT('',(-0.6,0.625,4.E-02));
#6366 = LINE('',#6367,#6368);
#6367 = CARTESIAN_POINT('',(-1.,0.625,4.E-02));
#6368 = VECTOR('',#6369,1.);
#6369 = DIRECTION('',(1.,0.,0.));
#6370 = ORIENTED_EDGE('',*,*,#6371,.T.);
#6371 = EDGE_CURVE('',#6364,#6318,#6372,.T.);
#6372 = CIRCLE('',#6373,4.E-02);
#6373 = AXIS2_PLACEMENT_3D('',#6374,#6375,#6376);
#6374 = CARTESIAN_POINT('',(-0.6,0.585,4.E-02));
#6375 = DIRECTION('',(-1.,0.,0.));
#6376 = DIRECTION('',(0.,0.,1.));
#6377 = ORIENTED_EDGE('',*,*,#6325,.F.);
#6378 = ORIENTED_EDGE('',*,*,#6185,.F.);
#6379 = CYLINDRICAL_SURFACE('',#6380,4.E-02);
#6380 = AXIS2_PLACEMENT_3D('',#6381,#6382,#6383);
#6381 = CARTESIAN_POINT('',(-1.,0.585,4.E-02));
#6382 = DIRECTION('',(1.,0.,0.));
#6383 = DIRECTION('',(-0.,1.,0.));
#6384 = ADVANCED_FACE('',(#6385),#6404,.T.);
#6385 = FACE_BOUND('',#6386,.T.);
#6386 = EDGE_LOOP('',(#6387,#6388,#6389,#6398));
#6387 = ORIENTED_EDGE('',*,*,#6202,.T.);
#6388 = ORIENTED_EDGE('',*,*,#6349,.T.);
#6389 = ORIENTED_EDGE('',*,*,#6390,.F.);
#6390 = EDGE_CURVE('',#6391,#6342,#6393,.T.);
#6391 = VERTEX_POINT('',#6392);
#6392 = CARTESIAN_POINT('',(-0.6,0.625,1.21));
#6393 = CIRCLE('',#6394,4.E-02);
#6394 = AXIS2_PLACEMENT_3D('',#6395,#6396,#6397);
#6395 = CARTESIAN_POINT('',(-0.6,0.585,1.21));
#6396 = DIRECTION('',(1.,0.,-0.));
#6397 = DIRECTION('',(0.,0.,1.));
#6398 = ORIENTED_EDGE('',*,*,#6399,.F.);
#6399 = EDGE_CURVE('',#6195,#6391,#6400,.T.);
#6400 = LINE('',#6401,#6402);
#6401 = CARTESIAN_POINT('',(-1.,0.625,1.21));
#6402 = VECTOR('',#6403,1.);
#6403 = DIRECTION('',(1.,0.,0.));
#6404 = CYLINDRICAL_SURFACE('',#6405,4.E-02);
#6405 = AXIS2_PLACEMENT_3D('',#6406,#6407,#6408);
#6406 = CARTESIAN_POINT('',(-1.,0.585,1.21));
#6407 = DIRECTION('',(1.,0.,0.));
#6408 = DIRECTION('',(-0.,1.,0.));
#6409 = ADVANCED_FACE('',(#6410),#6421,.T.);
#6410 = FACE_BOUND('',#6411,.T.);
#6411 = EDGE_LOOP('',(#6412,#6418,#6419,#6420));
#6412 = ORIENTED_EDGE('',*,*,#6413,.F.);
#6413 = EDGE_CURVE('',#6364,#6391,#6414,.T.);
#6414 = LINE('',#6415,#6416);
#6415 = CARTESIAN_POINT('',(-0.6,0.625,0.));
#6416 = VECTOR('',#6417,1.);
#6417 = DIRECTION('',(0.,0.,1.));
#6418 = ORIENTED_EDGE('',*,*,#6363,.F.);
#6419 = ORIENTED_EDGE('',*,*,#6194,.T.);
#6420 = ORIENTED_EDGE('',*,*,#6399,.T.);
#6421 = PLANE('',#6422);
#6422 = AXIS2_PLACEMENT_3D('',#6423,#6424,#6425);
#6423 = CARTESIAN_POINT('',(-1.,0.625,0.));
#6424 = DIRECTION('',(0.,1.,0.));
#6425 = DIRECTION('',(0.,-0.,1.));
#6426 = ADVANCED_FACE('',(#6427,#6437),#6507,.T.);
#6427 = FACE_BOUND('',#6428,.T.);
#6428 = EDGE_LOOP('',(#6429,#6430,#6431,#6432,#6433,#6434,#6435,#6436));
#6429 = ORIENTED_EDGE('',*,*,#6234,.F.);
#6430 = ORIENTED_EDGE('',*,*,#6274,.T.);
#6431 = ORIENTED_EDGE('',*,*,#6317,.T.);
#6432 = ORIENTED_EDGE('',*,*,#6371,.F.);
#6433 = ORIENTED_EDGE('',*,*,#6413,.T.);
#6434 = ORIENTED_EDGE('',*,*,#6390,.T.);
#6435 = ORIENTED_EDGE('',*,*,#6341,.F.);
#6436 = ORIENTED_EDGE('',*,*,#6291,.F.);
#6437 = FACE_BOUND('',#6438,.T.);
#6438 = EDGE_LOOP('',(#6439,#6450,#6458,#6467,#6475,#6484,#6492,#6501));
#6439 = ORIENTED_EDGE('',*,*,#6440,.F.);
#6440 = EDGE_CURVE('',#6441,#6443,#6445,.T.);
#6441 = VERTEX_POINT('',#6442);
#6442 = CARTESIAN_POINT('',(-0.6,-0.585,8.E-02));
#6443 = VERTEX_POINT('',#6444);
#6444 = CARTESIAN_POINT('',(-0.6,-0.545,4.E-02));
#6445 = CIRCLE('',#6446,4.E-02);
#6446 = AXIS2_PLACEMENT_3D('',#6447,#6448,#6449);
#6447 = CARTESIAN_POINT('',(-0.6,-0.545,8.E-02));
#6448 = DIRECTION('',(1.,0.,-0.));
#6449 = DIRECTION('',(0.,0.,1.));
#6450 = ORIENTED_EDGE('',*,*,#6451,.T.);
#6451 = EDGE_CURVE('',#6441,#6452,#6454,.T.);
#6452 = VERTEX_POINT('',#6453);
#6453 = CARTESIAN_POINT('',(-0.6,-0.585,1.17));
#6454 = LINE('',#6455,#6456);
#6455 = CARTESIAN_POINT('',(-0.6,-0.585,4.E-02));
#6456 = VECTOR('',#6457,1.);
#6457 = DIRECTION('',(0.,0.,1.));
#6458 = ORIENTED_EDGE('',*,*,#6459,.T.);
#6459 = EDGE_CURVE('',#6452,#6460,#6462,.T.);
#6460 = VERTEX_POINT('',#6461);
#6461 = CARTESIAN_POINT('',(-0.6,-0.545,1.21));
#6462 = CIRCLE('',#6463,4.E-02);
#6463 = AXIS2_PLACEMENT_3D('',#6464,#6465,#6466);
#6464 = CARTESIAN_POINT('',(-0.6,-0.545,1.17));
#6465 = DIRECTION('',(-1.,0.,0.));
#6466 = DIRECTION('',(0.,0.,1.));
#6467 = ORIENTED_EDGE('',*,*,#6468,.T.);
#6468 = EDGE_CURVE('',#6460,#6469,#6471,.T.);
#6469 = VERTEX_POINT('',#6470);
#6470 = CARTESIAN_POINT('',(-0.6,0.545,1.21));
#6471 = LINE('',#6472,#6473);
#6472 = CARTESIAN_POINT('',(-0.6,-0.585,1.21));
#6473 = VECTOR('',#6474,1.);
#6474 = DIRECTION('',(0.,1.,0.));
#6475 = ORIENTED_EDGE('',*,*,#6476,.F.);
#6476 = EDGE_CURVE('',#6477,#6469,#6479,.T.);
#6477 = VERTEX_POINT('',#6478);
#6478 = CARTESIAN_POINT('',(-0.6,0.585,1.17));
#6479 = CIRCLE('',#6480,4.E-02);
#6480 = AXIS2_PLACEMENT_3D('',#6481,#6482,#6483);
#6481 = CARTESIAN_POINT('',(-0.6,0.545,1.17));
#6482 = DIRECTION('',(1.,0.,-0.));
#6483 = DIRECTION('',(0.,0.,1.));
#6484 = ORIENTED_EDGE('',*,*,#6485,.F.);
#6485 = EDGE_CURVE('',#6486,#6477,#6488,.T.);
#6486 = VERTEX_POINT('',#6487);
#6487 = CARTESIAN_POINT('',(-0.6,0.585,8.E-02));
#6488 = LINE('',#6489,#6490);
#6489 = CARTESIAN_POINT('',(-0.6,0.585,4.E-02));
#6490 = VECTOR('',#6491,1.);
#6491 = DIRECTION('',(0.,0.,1.));
#6492 = ORIENTED_EDGE('',*,*,#6493,.T.);
#6493 = EDGE_CURVE('',#6486,#6494,#6496,.T.);
#6494 = VERTEX_POINT('',#6495);
#6495 = CARTESIAN_POINT('',(-0.6,0.545,4.E-02));
#6496 = CIRCLE('',#6497,4.E-02);
#6497 = AXIS2_PLACEMENT_3D('',#6498,#6499,#6500);
#6498 = CARTESIAN_POINT('',(-0.6,0.545,8.E-02));
#6499 = DIRECTION('',(-1.,0.,0.));
#6500 = DIRECTION('',(0.,0.,1.));
#6501 = ORIENTED_EDGE('',*,*,#6502,.F.);
#6502 = EDGE_CURVE('',#6443,#6494,#6503,.T.);
#6503 = LINE('',#6504,#6505);
#6504 = CARTESIAN_POINT('',(-0.6,-0.585,4.E-02));
#6505 = VECTOR('',#6506,1.);
#6506 = DIRECTION('',(0.,1.,0.));
#6507 = PLANE('',#6508);
#6508 = AXIS2_PLACEMENT_3D('',#6509,#6510,#6511);
#6509 = CARTESIAN_POINT('',(-0.6,-0.625,0.));
#6510 = DIRECTION('',(1.,0.,0.));
#6511 = DIRECTION('',(0.,0.,1.));
#6512 = ADVANCED_FACE('',(#6513),#6539,.T.);
#6513 = FACE_BOUND('',#6514,.T.);
#6514 = EDGE_LOOP('',(#6515,#6516,#6524,#6533));
#6515 = ORIENTED_EDGE('',*,*,#6440,.T.);
#6516 = ORIENTED_EDGE('',*,*,#6517,.T.);
#6517 = EDGE_CURVE('',#6443,#6518,#6520,.T.);
#6518 = VERTEX_POINT('',#6519);
#6519 = CARTESIAN_POINT('',(0.6,-0.545,4.E-02));
#6520 = LINE('',#6521,#6522);
#6521 = CARTESIAN_POINT('',(-0.6,-0.545,4.E-02));
#6522 = VECTOR('',#6523,1.);
#6523 = DIRECTION('',(1.,0.,0.));
#6524 = ORIENTED_EDGE('',*,*,#6525,.F.);
#6525 = EDGE_CURVE('',#6526,#6518,#6528,.T.);
#6526 = VERTEX_POINT('',#6527);
#6527 = CARTESIAN_POINT('',(0.6,-0.585,8.E-02));
#6528 = CIRCLE('',#6529,4.E-02);
#6529 = AXIS2_PLACEMENT_3D('',#6530,#6531,#6532);
#6530 = CARTESIAN_POINT('',(0.6,-0.545,8.E-02));
#6531 = DIRECTION('',(1.,0.,-0.));
#6532 = DIRECTION('',(0.,0.,1.));
#6533 = ORIENTED_EDGE('',*,*,#6534,.F.);
#6534 = EDGE_CURVE('',#6441,#6526,#6535,.T.);
#6535 = LINE('',#6536,#6537);
#6536 = CARTESIAN_POINT('',(-0.6,-0.585,8.E-02));
#6537 = VECTOR('',#6538,1.);
#6538 = DIRECTION('',(1.,0.,0.));
#6539 = CYLINDRICAL_SURFACE('',#6540,4.E-02);
#6540 = AXIS2_PLACEMENT_3D('',#6541,#6542,#6543);
#6541 = CARTESIAN_POINT('',(-0.6,-0.545,8.E-02));
#6542 = DIRECTION('',(1.,0.,0.));
#6543 = DIRECTION('',(0.,-1.,0.));
#6544 = ADVANCED_FACE('',(#6545),#6563,.F.);
#6545 = FACE_BOUND('',#6546,.F.);
#6546 = EDGE_LOOP('',(#6547,#6548,#6549,#6557));
#6547 = ORIENTED_EDGE('',*,*,#6502,.F.);
#6548 = ORIENTED_EDGE('',*,*,#6517,.T.);
#6549 = ORIENTED_EDGE('',*,*,#6550,.T.);
#6550 = EDGE_CURVE('',#6518,#6551,#6553,.T.);
#6551 = VERTEX_POINT('',#6552);
#6552 = CARTESIAN_POINT('',(0.6,0.545,4.E-02));
#6553 = LINE('',#6554,#6555);
#6554 = CARTESIAN_POINT('',(0.6,-0.585,4.E-02));
#6555 = VECTOR('',#6556,1.);
#6556 = DIRECTION('',(0.,1.,0.));
#6557 = ORIENTED_EDGE('',*,*,#6558,.F.);
#6558 = EDGE_CURVE('',#6494,#6551,#6559,.T.);
#6559 = LINE('',#6560,#6561);
#6560 = CARTESIAN_POINT('',(-0.6,0.545,4.E-02));
#6561 = VECTOR('',#6562,1.);
#6562 = DIRECTION('',(1.,0.,0.));
#6563 = PLANE('',#6564);
#6564 = AXIS2_PLACEMENT_3D('',#6565,#6566,#6567);
#6565 = CARTESIAN_POINT('',(-0.6,-0.585,4.E-02));
#6566 = DIRECTION('',(0.,0.,1.));
#6567 = DIRECTION('',(1.,0.,-0.));
#6568 = ADVANCED_FACE('',(#6569),#6588,.T.);
#6569 = FACE_BOUND('',#6570,.T.);
#6570 = EDGE_LOOP('',(#6571,#6579,#6586,#6587));
#6571 = ORIENTED_EDGE('',*,*,#6572,.T.);
#6572 = EDGE_CURVE('',#6486,#6573,#6575,.T.);
#6573 = VERTEX_POINT('',#6574);
#6574 = CARTESIAN_POINT('',(0.6,0.585,8.E-02));
#6575 = LINE('',#6576,#6577);
#6576 = CARTESIAN_POINT('',(-0.6,0.585,8.E-02));
#6577 = VECTOR('',#6578,1.);
#6578 = DIRECTION('',(1.,0.,0.));
#6579 = ORIENTED_EDGE('',*,*,#6580,.T.);
#6580 = EDGE_CURVE('',#6573,#6551,#6581,.T.);
#6581 = CIRCLE('',#6582,4.E-02);
#6582 = AXIS2_PLACEMENT_3D('',#6583,#6584,#6585);
#6583 = CARTESIAN_POINT('',(0.6,0.545,8.E-02));
#6584 = DIRECTION('',(-1.,0.,0.));
#6585 = DIRECTION('',(0.,0.,1.));
#6586 = ORIENTED_EDGE('',*,*,#6558,.F.);
#6587 = ORIENTED_EDGE('',*,*,#6493,.F.);
#6588 = CYLINDRICAL_SURFACE('',#6589,4.E-02);
#6589 = AXIS2_PLACEMENT_3D('',#6590,#6591,#6592);
#6590 = CARTESIAN_POINT('',(-0.6,0.545,8.E-02));
#6591 = DIRECTION('',(1.,0.,0.));
#6592 = DIRECTION('',(-0.,1.,0.));
#6593 = ADVANCED_FACE('',(#6594),#6612,.T.);
#6594 = FACE_BOUND('',#6595,.T.);
#6595 = EDGE_LOOP('',(#6596,#6604,#6605,#6606));
#6596 = ORIENTED_EDGE('',*,*,#6597,.F.);
#6597 = EDGE_CURVE('',#6573,#6598,#6600,.T.);
#6598 = VERTEX_POINT('',#6599);
#6599 = CARTESIAN_POINT('',(0.6,0.585,1.17));
#6600 = LINE('',#6601,#6602);
#6601 = CARTESIAN_POINT('',(0.6,0.585,4.E-02));
#6602 = VECTOR('',#6603,1.);
#6603 = DIRECTION('',(0.,0.,1.));
#6604 = ORIENTED_EDGE('',*,*,#6572,.F.);
#6605 = ORIENTED_EDGE('',*,*,#6485,.T.);
#6606 = ORIENTED_EDGE('',*,*,#6607,.T.);
#6607 = EDGE_CURVE('',#6477,#6598,#6608,.T.);
#6608 = LINE('',#6609,#6610);
#6609 = CARTESIAN_POINT('',(-0.6,0.585,1.17));
#6610 = VECTOR('',#6611,1.);
#6611 = DIRECTION('',(1.,0.,0.));
#6612 = PLANE('',#6613);
#6613 = AXIS2_PLACEMENT_3D('',#6614,#6615,#6616);
#6614 = CARTESIAN_POINT('',(-0.6,0.585,4.E-02));
#6615 = DIRECTION('',(0.,1.,0.));
#6616 = DIRECTION('',(0.,-0.,1.));
#6617 = ADVANCED_FACE('',(#6618),#6637,.T.);
#6618 = FACE_BOUND('',#6619,.T.);
#6619 = EDGE_LOOP('',(#6620,#6621,#6629,#6636));
#6620 = ORIENTED_EDGE('',*,*,#6476,.T.);
#6621 = ORIENTED_EDGE('',*,*,#6622,.T.);
#6622 = EDGE_CURVE('',#6469,#6623,#6625,.T.);
#6623 = VERTEX_POINT('',#6624);
#6624 = CARTESIAN_POINT('',(0.6,0.545,1.21));
#6625 = LINE('',#6626,#6627);
#6626 = CARTESIAN_POINT('',(-0.6,0.545,1.21));
#6627 = VECTOR('',#6628,1.);
#6628 = DIRECTION('',(1.,0.,0.));
#6629 = ORIENTED_EDGE('',*,*,#6630,.F.);
#6630 = EDGE_CURVE('',#6598,#6623,#6631,.T.);
#6631 = CIRCLE('',#6632,4.E-02);
#6632 = AXIS2_PLACEMENT_3D('',#6633,#6634,#6635);
#6633 = CARTESIAN_POINT('',(0.6,0.545,1.17));
#6634 = DIRECTION('',(1.,0.,-0.));
#6635 = DIRECTION('',(0.,0.,1.));
#6636 = ORIENTED_EDGE('',*,*,#6607,.F.);
#6637 = CYLINDRICAL_SURFACE('',#6638,4.E-02);
#6638 = AXIS2_PLACEMENT_3D('',#6639,#6640,#6641);
#6639 = CARTESIAN_POINT('',(-0.6,0.545,1.17));
#6640 = DIRECTION('',(1.,0.,0.));
#6641 = DIRECTION('',(-0.,1.,0.));
#6642 = ADVANCED_FACE('',(#6643),#6661,.T.);
#6643 = FACE_BOUND('',#6644,.T.);
#6644 = EDGE_LOOP('',(#6645,#6646,#6654,#6660));
#6645 = ORIENTED_EDGE('',*,*,#6468,.F.);
#6646 = ORIENTED_EDGE('',*,*,#6647,.T.);
#6647 = EDGE_CURVE('',#6460,#6648,#6650,.T.);
#6648 = VERTEX_POINT('',#6649);
#6649 = CARTESIAN_POINT('',(0.6,-0.545,1.21));
#6650 = LINE('',#6651,#6652);
#6651 = CARTESIAN_POINT('',(-0.6,-0.545,1.21));
#6652 = VECTOR('',#6653,1.);
#6653 = DIRECTION('',(1.,0.,0.));
#6654 = ORIENTED_EDGE('',*,*,#6655,.T.);
#6655 = EDGE_CURVE('',#6648,#6623,#6656,.T.);
#6656 = LINE('',#6657,#6658);
#6657 = CARTESIAN_POINT('',(0.6,-0.585,1.21));
#6658 = VECTOR('',#6659,1.);
#6659 = DIRECTION('',(0.,1.,0.));
#6660 = ORIENTED_EDGE('',*,*,#6622,.F.);
#6661 = PLANE('',#6662);
#6662 = AXIS2_PLACEMENT_3D('',#6663,#6664,#6665);
#6663 = CARTESIAN_POINT('',(-0.6,-0.585,1.21));
#6664 = DIRECTION('',(0.,0.,1.));
#6665 = DIRECTION('',(1.,0.,-0.));
#6666 = ADVANCED_FACE('',(#6667),#6686,.T.);
#6667 = FACE_BOUND('',#6668,.T.);
#6668 = EDGE_LOOP('',(#6669,#6677,#6684,#6685));
#6669 = ORIENTED_EDGE('',*,*,#6670,.T.);
#6670 = EDGE_CURVE('',#6452,#6671,#6673,.T.);
#6671 = VERTEX_POINT('',#6672);
#6672 = CARTESIAN_POINT('',(0.6,-0.585,1.17));
#6673 = LINE('',#6674,#6675);
#6674 = CARTESIAN_POINT('',(-0.6,-0.585,1.17));
#6675 = VECTOR('',#6676,1.);
#6676 = DIRECTION('',(1.,0.,0.));
#6677 = ORIENTED_EDGE('',*,*,#6678,.T.);
#6678 = EDGE_CURVE('',#6671,#6648,#6679,.T.);
#6679 = CIRCLE('',#6680,4.E-02);
#6680 = AXIS2_PLACEMENT_3D('',#6681,#6682,#6683);
#6681 = CARTESIAN_POINT('',(0.6,-0.545,1.17));
#6682 = DIRECTION('',(-1.,0.,0.));
#6683 = DIRECTION('',(0.,0.,1.));
#6684 = ORIENTED_EDGE('',*,*,#6647,.F.);
#6685 = ORIENTED_EDGE('',*,*,#6459,.F.);
#6686 = CYLINDRICAL_SURFACE('',#6687,4.E-02);
#6687 = AXIS2_PLACEMENT_3D('',#6688,#6689,#6690);
#6688 = CARTESIAN_POINT('',(-0.6,-0.545,1.17));
#6689 = DIRECTION('',(1.,0.,0.));
#6690 = DIRECTION('',(0.,-1.,0.));
#6691 = ADVANCED_FACE('',(#6692),#6703,.F.);
#6692 = FACE_BOUND('',#6693,.F.);
#6693 = EDGE_LOOP('',(#6694,#6700,#6701,#6702));
#6694 = ORIENTED_EDGE('',*,*,#6695,.F.);
#6695 = EDGE_CURVE('',#6526,#6671,#6696,.T.);
#6696 = LINE('',#6697,#6698);
#6697 = CARTESIAN_POINT('',(0.6,-0.585,4.E-02));
#6698 = VECTOR('',#6699,1.);
#6699 = DIRECTION('',(0.,0.,1.));
#6700 = ORIENTED_EDGE('',*,*,#6534,.F.);
#6701 = ORIENTED_EDGE('',*,*,#6451,.T.);
#6702 = ORIENTED_EDGE('',*,*,#6670,.T.);
#6703 = PLANE('',#6704);
#6704 = AXIS2_PLACEMENT_3D('',#6705,#6706,#6707);
#6705 = CARTESIAN_POINT('',(-0.6,-0.585,4.E-02));
#6706 = DIRECTION('',(0.,1.,0.));
#6707 = DIRECTION('',(0.,-0.,1.));
#6708 = ADVANCED_FACE('',(#6709,#6779),#6789,.F.);
#6709 = FACE_BOUND('',#6710,.F.);
#6710 = EDGE_LOOP('',(#6711,#6721,#6730,#6738,#6747,#6755,#6764,#6772));
#6711 = ORIENTED_EDGE('',*,*,#6712,.F.);
#6712 = EDGE_CURVE('',#6713,#6715,#6717,.T.);
#6713 = VERTEX_POINT('',#6714);
#6714 = CARTESIAN_POINT('',(0.6,-0.625,4.E-02));
#6715 = VERTEX_POINT('',#6716);
#6716 = CARTESIAN_POINT('',(0.6,-0.625,1.21));
#6717 = LINE('',#6718,#6719);
#6718 = CARTESIAN_POINT('',(0.6,-0.625,0.));
#6719 = VECTOR('',#6720,1.);
#6720 = DIRECTION('',(0.,0.,1.));
#6721 = ORIENTED_EDGE('',*,*,#6722,.T.);
#6722 = EDGE_CURVE('',#6713,#6723,#6725,.T.);
#6723 = VERTEX_POINT('',#6724);
#6724 = CARTESIAN_POINT('',(0.6,-0.585,0.));
#6725 = CIRCLE('',#6726,4.E-02);
#6726 = AXIS2_PLACEMENT_3D('',#6727,#6728,#6729);
#6727 = CARTESIAN_POINT('',(0.6,-0.585,4.E-02));
#6728 = DIRECTION('',(1.,0.,-0.));
#6729 = DIRECTION('',(0.,0.,1.));
#6730 = ORIENTED_EDGE('',*,*,#6731,.T.);
#6731 = EDGE_CURVE('',#6723,#6732,#6734,.T.);
#6732 = VERTEX_POINT('',#6733);
#6733 = CARTESIAN_POINT('',(0.6,0.585,0.));
#6734 = LINE('',#6735,#6736);
#6735 = CARTESIAN_POINT('',(0.6,-0.625,0.));
#6736 = VECTOR('',#6737,1.);
#6737 = DIRECTION('',(0.,1.,0.));
#6738 = ORIENTED_EDGE('',*,*,#6739,.F.);
#6739 = EDGE_CURVE('',#6740,#6732,#6742,.T.);
#6740 = VERTEX_POINT('',#6741);
#6741 = CARTESIAN_POINT('',(0.6,0.625,4.E-02));
#6742 = CIRCLE('',#6743,4.E-02);
#6743 = AXIS2_PLACEMENT_3D('',#6744,#6745,#6746);
#6744 = CARTESIAN_POINT('',(0.6,0.585,4.E-02));
#6745 = DIRECTION('',(-1.,0.,0.));
#6746 = DIRECTION('',(0.,0.,1.));
#6747 = ORIENTED_EDGE('',*,*,#6748,.T.);
#6748 = EDGE_CURVE('',#6740,#6749,#6751,.T.);
#6749 = VERTEX_POINT('',#6750);
#6750 = CARTESIAN_POINT('',(0.6,0.625,1.21));
#6751 = LINE('',#6752,#6753);
#6752 = CARTESIAN_POINT('',(0.6,0.625,0.));
#6753 = VECTOR('',#6754,1.);
#6754 = DIRECTION('',(0.,0.,1.));
#6755 = ORIENTED_EDGE('',*,*,#6756,.T.);
#6756 = EDGE_CURVE('',#6749,#6757,#6759,.T.);
#6757 = VERTEX_POINT('',#6758);
#6758 = CARTESIAN_POINT('',(0.6,0.585,1.25));
#6759 = CIRCLE('',#6760,4.E-02);
#6760 = AXIS2_PLACEMENT_3D('',#6761,#6762,#6763);
#6761 = CARTESIAN_POINT('',(0.6,0.585,1.21));
#6762 = DIRECTION('',(1.,0.,-0.));
#6763 = DIRECTION('',(0.,0.,1.));
#6764 = ORIENTED_EDGE('',*,*,#6765,.F.);
#6765 = EDGE_CURVE('',#6766,#6757,#6768,.T.);
#6766 = VERTEX_POINT('',#6767);
#6767 = CARTESIAN_POINT('',(0.6,-0.585,1.25));
#6768 = LINE('',#6769,#6770);
#6769 = CARTESIAN_POINT('',(0.6,-0.625,1.25));
#6770 = VECTOR('',#6771,1.);
#6771 = DIRECTION('',(0.,1.,0.));
#6772 = ORIENTED_EDGE('',*,*,#6773,.F.);
#6773 = EDGE_CURVE('',#6715,#6766,#6774,.T.);
#6774 = CIRCLE('',#6775,4.E-02);
#6775 = AXIS2_PLACEMENT_3D('',#6776,#6777,#6778);
#6776 = CARTESIAN_POINT('',(0.6,-0.585,1.21));
#6777 = DIRECTION('',(-1.,0.,0.));
#6778 = DIRECTION('',(0.,0.,1.));
#6779 = FACE_BOUND('',#6780,.F.);
#6780 = EDGE_LOOP('',(#6781,#6782,#6783,#6784,#6785,#6786,#6787,#6788));
#6781 = ORIENTED_EDGE('',*,*,#6525,.F.);
#6782 = ORIENTED_EDGE('',*,*,#6695,.T.);
#6783 = ORIENTED_EDGE('',*,*,#6678,.T.);
#6784 = ORIENTED_EDGE('',*,*,#6655,.T.);
#6785 = ORIENTED_EDGE('',*,*,#6630,.F.);
#6786 = ORIENTED_EDGE('',*,*,#6597,.F.);
#6787 = ORIENTED_EDGE('',*,*,#6580,.T.);
#6788 = ORIENTED_EDGE('',*,*,#6550,.F.);
#6789 = PLANE('',#6790);
#6790 = AXIS2_PLACEMENT_3D('',#6791,#6792,#6793);
#6791 = CARTESIAN_POINT('',(0.6,-0.625,0.));
#6792 = DIRECTION('',(1.,0.,0.));
#6793 = DIRECTION('',(0.,0.,1.));
#6794 = ADVANCED_FACE('',(#6795),#6820,.F.);
#6795 = FACE_BOUND('',#6796,.F.);
#6796 = EDGE_LOOP('',(#6797,#6807,#6813,#6814));
#6797 = ORIENTED_EDGE('',*,*,#6798,.F.);
#6798 = EDGE_CURVE('',#6799,#6801,#6803,.T.);
#6799 = VERTEX_POINT('',#6800);
#6800 = CARTESIAN_POINT('',(1.,-0.625,4.E-02));
#6801 = VERTEX_POINT('',#6802);
#6802 = CARTESIAN_POINT('',(1.,-0.625,1.21));
#6803 = LINE('',#6804,#6805);
#6804 = CARTESIAN_POINT('',(1.,-0.625,0.));
#6805 = VECTOR('',#6806,1.);
#6806 = DIRECTION('',(0.,0.,1.));
#6807 = ORIENTED_EDGE('',*,*,#6808,.F.);
#6808 = EDGE_CURVE('',#6713,#6799,#6809,.T.);
#6809 = LINE('',#6810,#6811);
#6810 = CARTESIAN_POINT('',(0.6,-0.625,4.E-02));
#6811 = VECTOR('',#6812,1.);
#6812 = DIRECTION('',(1.,0.,0.));
#6813 = ORIENTED_EDGE('',*,*,#6712,.T.);
#6814 = ORIENTED_EDGE('',*,*,#6815,.T.);
#6815 = EDGE_CURVE('',#6715,#6801,#6816,.T.);
#6816 = LINE('',#6817,#6818);
#6817 = CARTESIAN_POINT('',(0.6,-0.625,1.21));
#6818 = VECTOR('',#6819,1.);
#6819 = DIRECTION('',(1.,0.,0.));
#6820 = PLANE('',#6821);
#6821 = AXIS2_PLACEMENT_3D('',#6822,#6823,#6824);
#6822 = CARTESIAN_POINT('',(0.6,-0.625,0.));
#6823 = DIRECTION('',(0.,1.,0.));
#6824 = DIRECTION('',(0.,-0.,1.));
#6825 = ADVANCED_FACE('',(#6826),#6845,.T.);
#6826 = FACE_BOUND('',#6827,.T.);
#6827 = EDGE_LOOP('',(#6828,#6829,#6837,#6844));
#6828 = ORIENTED_EDGE('',*,*,#6722,.T.);
#6829 = ORIENTED_EDGE('',*,*,#6830,.T.);
#6830 = EDGE_CURVE('',#6723,#6831,#6833,.T.);
#6831 = VERTEX_POINT('',#6832);
#6832 = CARTESIAN_POINT('',(1.,-0.585,0.));
#6833 = LINE('',#6834,#6835);
#6834 = CARTESIAN_POINT('',(0.6,-0.585,0.));
#6835 = VECTOR('',#6836,1.);
#6836 = DIRECTION('',(1.,0.,0.));
#6837 = ORIENTED_EDGE('',*,*,#6838,.F.);
#6838 = EDGE_CURVE('',#6799,#6831,#6839,.T.);
#6839 = CIRCLE('',#6840,4.E-02);
#6840 = AXIS2_PLACEMENT_3D('',#6841,#6842,#6843);
#6841 = CARTESIAN_POINT('',(1.,-0.585,4.E-02));
#6842 = DIRECTION('',(1.,0.,-0.));
#6843 = DIRECTION('',(0.,0.,1.));
#6844 = ORIENTED_EDGE('',*,*,#6808,.F.);
#6845 = CYLINDRICAL_SURFACE('',#6846,4.E-02);
#6846 = AXIS2_PLACEMENT_3D('',#6847,#6848,#6849);
#6847 = CARTESIAN_POINT('',(0.6,-0.585,4.E-02));
#6848 = DIRECTION('',(1.,0.,0.));
#6849 = DIRECTION('',(0.,-1.,0.));
#6850 = ADVANCED_FACE('',(#6851),#6870,.T.);
#6851 = FACE_BOUND('',#6852,.T.);
#6852 = EDGE_LOOP('',(#6853,#6854,#6863,#6869));
#6853 = ORIENTED_EDGE('',*,*,#6815,.T.);
#6854 = ORIENTED_EDGE('',*,*,#6855,.T.);
#6855 = EDGE_CURVE('',#6801,#6856,#6858,.T.);
#6856 = VERTEX_POINT('',#6857);
#6857 = CARTESIAN_POINT('',(1.,-0.585,1.25));
#6858 = CIRCLE('',#6859,4.E-02);
#6859 = AXIS2_PLACEMENT_3D('',#6860,#6861,#6862);
#6860 = CARTESIAN_POINT('',(1.,-0.585,1.21));
#6861 = DIRECTION('',(-1.,0.,0.));
#6862 = DIRECTION('',(0.,0.,1.));
#6863 = ORIENTED_EDGE('',*,*,#6864,.F.);
#6864 = EDGE_CURVE('',#6766,#6856,#6865,.T.);
#6865 = LINE('',#6866,#6867);
#6866 = CARTESIAN_POINT('',(0.6,-0.585,1.25));
#6867 = VECTOR('',#6868,1.);
#6868 = DIRECTION('',(1.,0.,0.));
#6869 = ORIENTED_EDGE('',*,*,#6773,.F.);
#6870 = CYLINDRICAL_SURFACE('',#6871,4.E-02);
#6871 = AXIS2_PLACEMENT_3D('',#6872,#6873,#6874);
#6872 = CARTESIAN_POINT('',(0.6,-0.585,1.21));
#6873 = DIRECTION('',(1.,0.,0.));
#6874 = DIRECTION('',(0.,-1.,0.));
#6875 = ADVANCED_FACE('',(#6876),#6894,.F.);
#6876 = FACE_BOUND('',#6877,.F.);
#6877 = EDGE_LOOP('',(#6878,#6879,#6880,#6888));
#6878 = ORIENTED_EDGE('',*,*,#6731,.F.);
#6879 = ORIENTED_EDGE('',*,*,#6830,.T.);
#6880 = ORIENTED_EDGE('',*,*,#6881,.T.);
#6881 = EDGE_CURVE('',#6831,#6882,#6884,.T.);
#6882 = VERTEX_POINT('',#6883);
#6883 = CARTESIAN_POINT('',(1.,0.585,0.));
#6884 = LINE('',#6885,#6886);
#6885 = CARTESIAN_POINT('',(1.,-0.625,0.));
#6886 = VECTOR('',#6887,1.);
#6887 = DIRECTION('',(0.,1.,0.));
#6888 = ORIENTED_EDGE('',*,*,#6889,.F.);
#6889 = EDGE_CURVE('',#6732,#6882,#6890,.T.);
#6890 = LINE('',#6891,#6892);
#6891 = CARTESIAN_POINT('',(0.6,0.585,0.));
#6892 = VECTOR('',#6893,1.);
#6893 = DIRECTION('',(1.,0.,0.));
#6894 = PLANE('',#6895);
#6895 = AXIS2_PLACEMENT_3D('',#6896,#6897,#6898);
#6896 = CARTESIAN_POINT('',(0.6,-0.625,0.));
#6897 = DIRECTION('',(0.,0.,1.));
#6898 = DIRECTION('',(1.,0.,-0.));
#6899 = ADVANCED_FACE('',(#6900),#6918,.T.);
#6900 = FACE_BOUND('',#6901,.T.);
#6901 = EDGE_LOOP('',(#6902,#6903,#6904,#6912));
#6902 = ORIENTED_EDGE('',*,*,#6765,.F.);
#6903 = ORIENTED_EDGE('',*,*,#6864,.T.);
#6904 = ORIENTED_EDGE('',*,*,#6905,.T.);
#6905 = EDGE_CURVE('',#6856,#6906,#6908,.T.);
#6906 = VERTEX_POINT('',#6907);
#6907 = CARTESIAN_POINT('',(1.,0.585,1.25));
#6908 = LINE('',#6909,#6910);
#6909 = CARTESIAN_POINT('',(1.,-0.625,1.25));
#6910 = VECTOR('',#6911,1.);
#6911 = DIRECTION('',(0.,1.,0.));
#6912 = ORIENTED_EDGE('',*,*,#6913,.F.);
#6913 = EDGE_CURVE('',#6757,#6906,#6914,.T.);
#6914 = LINE('',#6915,#6916);
#6915 = CARTESIAN_POINT('',(0.6,0.585,1.25));
#6916 = VECTOR('',#6917,1.);
#6917 = DIRECTION('',(1.,0.,0.));
#6918 = PLANE('',#6919);
#6919 = AXIS2_PLACEMENT_3D('',#6920,#6921,#6922);
#6920 = CARTESIAN_POINT('',(0.6,-0.625,1.25));
#6921 = DIRECTION('',(0.,0.,1.));
#6922 = DIRECTION('',(1.,0.,-0.));
#6923 = ADVANCED_FACE('',(#6924),#6943,.T.);
#6924 = FACE_BOUND('',#6925,.T.);
#6925 = EDGE_LOOP('',(#6926,#6934,#6941,#6942));
#6926 = ORIENTED_EDGE('',*,*,#6927,.T.);
#6927 = EDGE_CURVE('',#6740,#6928,#6930,.T.);
#6928 = VERTEX_POINT('',#6929);
#6929 = CARTESIAN_POINT('',(1.,0.625,4.E-02));
#6930 = LINE('',#6931,#6932);
#6931 = CARTESIAN_POINT('',(0.6,0.625,4.E-02));
#6932 = VECTOR('',#6933,1.);
#6933 = DIRECTION('',(1.,0.,0.));
#6934 = ORIENTED_EDGE('',*,*,#6935,.T.);
#6935 = EDGE_CURVE('',#6928,#6882,#6936,.T.);
#6936 = CIRCLE('',#6937,4.E-02);
#6937 = AXIS2_PLACEMENT_3D('',#6938,#6939,#6940);
#6938 = CARTESIAN_POINT('',(1.,0.585,4.E-02));
#6939 = DIRECTION('',(-1.,0.,0.));
#6940 = DIRECTION('',(0.,0.,1.));
#6941 = ORIENTED_EDGE('',*,*,#6889,.F.);
#6942 = ORIENTED_EDGE('',*,*,#6739,.F.);
#6943 = CYLINDRICAL_SURFACE('',#6944,4.E-02);
#6944 = AXIS2_PLACEMENT_3D('',#6945,#6946,#6947);
#6945 = CARTESIAN_POINT('',(0.6,0.585,4.E-02));
#6946 = DIRECTION('',(1.,0.,0.));
#6947 = DIRECTION('',(-0.,1.,0.));
#6948 = ADVANCED_FACE('',(#6949),#6968,.T.);
#6949 = FACE_BOUND('',#6950,.T.);
#6950 = EDGE_LOOP('',(#6951,#6952,#6953,#6962));
#6951 = ORIENTED_EDGE('',*,*,#6756,.T.);
#6952 = ORIENTED_EDGE('',*,*,#6913,.T.);
#6953 = ORIENTED_EDGE('',*,*,#6954,.F.);
#6954 = EDGE_CURVE('',#6955,#6906,#6957,.T.);
#6955 = VERTEX_POINT('',#6956);
#6956 = CARTESIAN_POINT('',(1.,0.625,1.21));
#6957 = CIRCLE('',#6958,4.E-02);
#6958 = AXIS2_PLACEMENT_3D('',#6959,#6960,#6961);
#6959 = CARTESIAN_POINT('',(1.,0.585,1.21));
#6960 = DIRECTION('',(1.,0.,-0.));
#6961 = DIRECTION('',(0.,0.,1.));
#6962 = ORIENTED_EDGE('',*,*,#6963,.F.);
#6963 = EDGE_CURVE('',#6749,#6955,#6964,.T.);
#6964 = LINE('',#6965,#6966);
#6965 = CARTESIAN_POINT('',(0.6,0.625,1.21));
#6966 = VECTOR('',#6967,1.);
#6967 = DIRECTION('',(1.,0.,0.));
#6968 = CYLINDRICAL_SURFACE('',#6969,4.E-02);
#6969 = AXIS2_PLACEMENT_3D('',#6970,#6971,#6972);
#6970 = CARTESIAN_POINT('',(0.6,0.585,1.21));
#6971 = DIRECTION('',(1.,0.,0.));
#6972 = DIRECTION('',(-0.,1.,0.));
#6973 = ADVANCED_FACE('',(#6974),#6985,.T.);
#6974 = FACE_BOUND('',#6975,.T.);
#6975 = EDGE_LOOP('',(#6976,#6982,#6983,#6984));
#6976 = ORIENTED_EDGE('',*,*,#6977,.F.);
#6977 = EDGE_CURVE('',#6928,#6955,#6978,.T.);
#6978 = LINE('',#6979,#6980);
#6979 = CARTESIAN_POINT('',(1.,0.625,0.));
#6980 = VECTOR('',#6981,1.);
#6981 = DIRECTION('',(0.,0.,1.));
#6982 = ORIENTED_EDGE('',*,*,#6927,.F.);
#6983 = ORIENTED_EDGE('',*,*,#6748,.T.);
#6984 = ORIENTED_EDGE('',*,*,#6963,.T.);
#6985 = PLANE('',#6986);
#6986 = AXIS2_PLACEMENT_3D('',#6987,#6988,#6989);
#6987 = CARTESIAN_POINT('',(0.6,0.625,0.));
#6988 = DIRECTION('',(0.,1.,0.));
#6989 = DIRECTION('',(0.,-0.,1.));
#6990 = ADVANCED_FACE('',(#6991),#7001,.T.);
#6991 = FACE_BOUND('',#6992,.T.);
#6992 = EDGE_LOOP('',(#6993,#6994,#6995,#6996,#6997,#6998,#6999,#7000));
#6993 = ORIENTED_EDGE('',*,*,#6798,.F.);
#6994 = ORIENTED_EDGE('',*,*,#6838,.T.);
#6995 = ORIENTED_EDGE('',*,*,#6881,.T.);
#6996 = ORIENTED_EDGE('',*,*,#6935,.F.);
#6997 = ORIENTED_EDGE('',*,*,#6977,.T.);
#6998 = ORIENTED_EDGE('',*,*,#6954,.T.);
#6999 = ORIENTED_EDGE('',*,*,#6905,.F.);
#7000 = ORIENTED_EDGE('',*,*,#6855,.F.);
#7001 = PLANE('',#7002);
#7002 = AXIS2_PLACEMENT_3D('',#7003,#7004,#7005);
#7003 = CARTESIAN_POINT('',(1.,-0.625,0.));
#7004 = DIRECTION('',(1.,0.,0.));
#7005 = DIRECTION('',(0.,0.,1.));
#7006 = ( GEOMETRIC_REPRESENTATION_CONTEXT(3) 
GLOBAL_UNCERTAINTY_ASSIGNED_CONTEXT((#7010)) 
GLOBAL_UNIT_ASSIGNED_CONTEXT((#7007,#7008,#7009)) REPRESENTATION_CONTEXT
('Context #1','3D Context with UNIT and UNCERTAINTY') );
#7007 = ( LENGTH_UNIT() NAMED_UNIT(*) SI_UNIT(.MILLI.,.METRE.) );
#7008 = ( NAMED_UNIT(*) PLANE_ANGLE_UNIT() SI_UNIT($,.RADIAN.) );
#7009 = ( NAMED_UNIT(*) SI_UNIT($,.STERADIAN.) SOLID_ANGLE_UNIT() );
#7010 = UNCERTAINTY_MEASURE_WITH_UNIT(LENGTH_MEASURE(1.E-07),#7007,
  'distance_accuracy_value','confusion accuracy');
#7011 = CONTEXT_DEPENDENT_SHAPE_REPRESENTATION(#7012,#7014);
#7012 = ( REPRESENTATION_RELATIONSHIP('','',#6151,#10) 
REPRESENTATION_RELATIONSHIP_WITH_TRANSFORMATION(#7013) 
SHAPE_REPRESENTATION_RELATIONSHIP() );
#7013 = ITEM_DEFINED_TRANSFORMATION('','',#11,#43);
#7014 = PRODUCT_DEFINITION_SHAPE('Placement','Placement of an item',
  #7015);
#7015 = NEXT_ASSEMBLY_USAGE_OCCURRENCE('8','C1','',#5,#6146,$);
#7016 = PRODUCT_RELATED_PRODUCT_CATEGORY('part',$,(#6148));
#7017 = CONTEXT_DEPENDENT_SHAPE_REPRESENTATION(#7018,#7020);
#7018 = ( REPRESENTATION_RELATIONSHIP('','',#1118,#10) 
REPRESENTATION_RELATIONSHIP_WITH_TRANSFORMATION(#7019) 
SHAPE_REPRESENTATION_RELATIONSHIP() );
#7019 = ITEM_DEFINED_TRANSFORMATION('','',#11,#47);
#7020 = PRODUCT_DEFINITION_SHAPE('Placement','Placement of an item',
  #7021);
#7021 = NEXT_ASSEMBLY_USAGE_OCCURRENCE('9','L5','',#5,#1113,$);
#7022 = CONTEXT_DEPENDENT_SHAPE_REPRESENTATION(#7023,#7025);
#7023 = ( REPRESENTATION_RELATIONSHIP('','',#1991,#10) 
REPRESENTATION_RELATIONSHIP_WITH_TRANSFORMATION(#7024) 
SHAPE_REPRESENTATION_RELATIONSHIP() );
#7024 = ITEM_DEFINED_TRANSFORMATION('','',#11,#51);
#7025 = PRODUCT_DEFINITION_SHAPE('Placement','Placement of an item',
  #7026);
#7026 = NEXT_ASSEMBLY_USAGE_OCCURRENCE('10','R22','',#5,#1986,$);
#7027 = CONTEXT_DEPENDENT_SHAPE_REPRESENTATION(#7028,#7030);
#7028 = ( REPRESENTATION_RELATIONSHIP('','',#1991,#10) 
REPRESENTATION_RELATIONSHIP_WITH_TRANSFORMATION(#7029) 
SHAPE_REPRESENTATION_RELATIONSHIP() );
#7029 = ITEM_DEFINED_TRANSFORMATION('','',#11,#55);
#7030 = PRODUCT_DEFINITION_SHAPE('Placement','Placement of an item',
  #7031);
#7031 = NEXT_ASSEMBLY_USAGE_OCCURRENCE('11','R3','',#5,#1986,$);
#7032 = SHAPE_DEFINITION_REPRESENTATION(#7033,#7039);
#7033 = PRODUCT_DEFINITION_SHAPE('','',#7034);
#7034 = PRODUCT_DEFINITION('design','',#7035,#7038);
#7035 = PRODUCT_DEFINITION_FORMATION('','',#7036);
#7036 = PRODUCT('LED_0603_1608Metric','LED_0603_1608Metric','',(#7037));
#7037 = PRODUCT_CONTEXT('',#2,'mechanical');
#7038 = PRODUCT_DEFINITION_CONTEXT('part definition',#2,'design');
#7039 = ADVANCED_BREP_SHAPE_REPRESENTATION('',(#11,#7040),#8563);
#7040 = MANIFOLD_SOLID_BREP('',#7041);
#7041 = CLOSED_SHELL('',(#7042,#7082,#7129,#7208,#7232,#7272,#7303,#7320
    ,#7353,#7377,#7444,#7565,#7632,#7656,#7687,#7720,#7776,#7800,#7824,
    #7848,#7881,#7893,#7956,#7981,#7998,#8022,#8040,#8058,#8076,#8093,
    #8110,#8141,#8166,#8191,#8215,#8232,#8263,#8287,#8304,#8332,#8357,
    #8381,#8406,#8453,#8470,#8482,#8504,#8516,#8534,#8552));
#7042 = ADVANCED_FACE('',(#7043),#7077,.F.);
#7043 = FACE_BOUND('',#7044,.F.);
#7044 = EDGE_LOOP('',(#7045,#7055,#7063,#7071));
#7045 = ORIENTED_EDGE('',*,*,#7046,.T.);
#7046 = EDGE_CURVE('',#7047,#7049,#7051,.T.);
#7047 = VERTEX_POINT('',#7048);
#7048 = CARTESIAN_POINT('',(-0.5,-0.4,0.47));
#7049 = VERTEX_POINT('',#7050);
#7050 = CARTESIAN_POINT('',(-0.45,-0.4,1.1));
#7051 = LINE('',#7052,#7053);
#7052 = CARTESIAN_POINT('',(-0.5,-0.4,0.47));
#7053 = VECTOR('',#7054,1.);
#7054 = DIRECTION('',(7.911630099815E-02,0.,0.996865392576));
#7055 = ORIENTED_EDGE('',*,*,#7056,.T.);
#7056 = EDGE_CURVE('',#7049,#7057,#7059,.T.);
#7057 = VERTEX_POINT('',#7058);
#7058 = CARTESIAN_POINT('',(0.45,-0.4,1.1));
#7059 = LINE('',#7060,#7061);
#7060 = CARTESIAN_POINT('',(-0.45,-0.4,1.1));
#7061 = VECTOR('',#7062,1.);
#7062 = DIRECTION('',(1.,0.,0.));
#7063 = ORIENTED_EDGE('',*,*,#7064,.T.);
#7064 = EDGE_CURVE('',#7057,#7065,#7067,.T.);
#7065 = VERTEX_POINT('',#7066);
#7066 = CARTESIAN_POINT('',(0.5,-0.4,0.47));
#7067 = LINE('',#7068,#7069);
#7068 = CARTESIAN_POINT('',(0.45,-0.4,1.1));
#7069 = VECTOR('',#7070,1.);
#7070 = DIRECTION('',(7.911630099815E-02,0.,-0.996865392576));
#7071 = ORIENTED_EDGE('',*,*,#7072,.T.);
#7072 = EDGE_CURVE('',#7065,#7047,#7073,.T.);
#7073 = LINE('',#7074,#7075);
#7074 = CARTESIAN_POINT('',(0.5,-0.4,0.47));
#7075 = VECTOR('',#7076,1.);
#7076 = DIRECTION('',(-1.,0.,0.));
#7077 = PLANE('',#7078);
#7078 = AXIS2_PLACEMENT_3D('',#7079,#7080,#7081);
#7079 = CARTESIAN_POINT('',(-8.772411109409E-18,-0.4,0.775044128294));
#7080 = DIRECTION('',(0.,1.,0.));
#7081 = DIRECTION('',(0.,-0.,1.));
#7082 = ADVANCED_FACE('',(#7083),#7124,.T.);
#7083 = FACE_BOUND('',#7084,.T.);
#7084 = EDGE_LOOP('',(#7085,#7095,#7103,#7109,#7110,#7118));
#7085 = ORIENTED_EDGE('',*,*,#7086,.T.);
#7086 = EDGE_CURVE('',#7087,#7089,#7091,.T.);
#7087 = VERTEX_POINT('',#7088);
#7088 = CARTESIAN_POINT('',(-0.5,0.4,0.47));
#7089 = VERTEX_POINT('',#7090);
#7090 = CARTESIAN_POINT('',(-0.5,0.3,0.47));
#7091 = LINE('',#7092,#7093);
#7092 = CARTESIAN_POINT('',(-0.5,0.4,0.47));
#7093 = VECTOR('',#7094,1.);
#7094 = DIRECTION('',(0.,-1.,0.));
#7095 = ORIENTED_EDGE('',*,*,#7096,.F.);
#7096 = EDGE_CURVE('',#7097,#7089,#7099,.T.);
#7097 = VERTEX_POINT('',#7098);
#7098 = CARTESIAN_POINT('',(-0.5,-0.3,0.47));
#7099 = LINE('',#7100,#7101);
#7100 = CARTESIAN_POINT('',(-0.5,-0.4,0.47));
#7101 = VECTOR('',#7102,1.);
#7102 = DIRECTION('',(0.,1.,0.));
#7103 = ORIENTED_EDGE('',*,*,#7104,.T.);
#7104 = EDGE_CURVE('',#7097,#7047,#7105,.T.);
#7105 = LINE('',#7106,#7107);
#7106 = CARTESIAN_POINT('',(-0.5,0.4,0.47));
#7107 = VECTOR('',#7108,1.);
#7108 = DIRECTION('',(0.,-1.,0.));
#7109 = ORIENTED_EDGE('',*,*,#7046,.T.);
#7110 = ORIENTED_EDGE('',*,*,#7111,.F.);
#7111 = EDGE_CURVE('',#7112,#7049,#7114,.T.);
#7112 = VERTEX_POINT('',#7113);
#7113 = CARTESIAN_POINT('',(-0.45,0.4,1.1));
#7114 = LINE('',#7115,#7116);
#7115 = CARTESIAN_POINT('',(-0.45,0.4,1.1));
#7116 = VECTOR('',#7117,1.);
#7117 = DIRECTION('',(0.,-1.,0.));
#7118 = ORIENTED_EDGE('',*,*,#7119,.F.);
#7119 = EDGE_CURVE('',#7087,#7112,#7120,.T.);
#7120 = LINE('',#7121,#7122);
#7121 = CARTESIAN_POINT('',(-0.5,0.4,0.47));
#7122 = VECTOR('',#7123,1.);
#7123 = DIRECTION('',(7.911630099815E-02,0.,0.996865392576));
#7124 = PLANE('',#7125);
#7125 = AXIS2_PLACEMENT_3D('',#7126,#7127,#7128);
#7126 = CARTESIAN_POINT('',(-0.5,0.4,0.47));
#7127 = DIRECTION('',(-0.996865392576,0.,7.911630099815E-02));
#7128 = DIRECTION('',(7.911630099815E-02,0.,0.996865392576));
#7129 = ADVANCED_FACE('',(#7130),#7203,.F.);
#7130 = FACE_BOUND('',#7131,.F.);
#7131 = EDGE_LOOP('',(#7132,#7142,#7150,#7158,#7164,#7165,#7173,#7181,
    #7189,#7197));
#7132 = ORIENTED_EDGE('',*,*,#7133,.F.);
#7133 = EDGE_CURVE('',#7134,#7136,#7138,.T.);
#7134 = VERTEX_POINT('',#7135);
#7135 = CARTESIAN_POINT('',(-0.77,-0.4,3.E-02));
#7136 = VERTEX_POINT('',#7137);
#7137 = CARTESIAN_POINT('',(-0.725,-0.4,3.E-02));
#7138 = LINE('',#7139,#7140);
#7139 = CARTESIAN_POINT('',(-0.77,-0.4,3.E-02));
#7140 = VECTOR('',#7141,1.);
#7141 = DIRECTION('',(1.,0.,0.));
#7142 = ORIENTED_EDGE('',*,*,#7143,.T.);
#7143 = EDGE_CURVE('',#7134,#7144,#7146,.T.);
#7144 = VERTEX_POINT('',#7145);
#7145 = CARTESIAN_POINT('',(-0.77,-0.4,0.47));
#7146 = LINE('',#7147,#7148);
#7147 = CARTESIAN_POINT('',(-0.77,-0.4,3.E-02));
#7148 = VECTOR('',#7149,1.);
#7149 = DIRECTION('',(0.,0.,1.));
#7150 = ORIENTED_EDGE('',*,*,#7151,.T.);
#7151 = EDGE_CURVE('',#7144,#7152,#7154,.T.);
#7152 = VERTEX_POINT('',#7153);
#7153 = CARTESIAN_POINT('',(-0.725,-0.4,0.47));
#7154 = LINE('',#7155,#7156);
#7155 = CARTESIAN_POINT('',(-0.77,-0.4,0.47));
#7156 = VECTOR('',#7157,1.);
#7157 = DIRECTION('',(1.,0.,0.));
#7158 = ORIENTED_EDGE('',*,*,#7159,.T.);
#7159 = EDGE_CURVE('',#7152,#7047,#7160,.T.);
#7160 = LINE('',#7161,#7162);
#7161 = CARTESIAN_POINT('',(-0.77,-0.4,0.47));
#7162 = VECTOR('',#7163,1.);
#7163 = DIRECTION('',(1.,0.,0.));
#7164 = ORIENTED_EDGE('',*,*,#7072,.F.);
#7165 = ORIENTED_EDGE('',*,*,#7166,.T.);
#7166 = EDGE_CURVE('',#7065,#7167,#7169,.T.);
#7167 = VERTEX_POINT('',#7168);
#7168 = CARTESIAN_POINT('',(0.725,-0.4,0.47));
#7169 = LINE('',#7170,#7171);
#7170 = CARTESIAN_POINT('',(-0.77,-0.4,0.47));
#7171 = VECTOR('',#7172,1.);
#7172 = DIRECTION('',(1.,0.,0.));
#7173 = ORIENTED_EDGE('',*,*,#7174,.T.);
#7174 = EDGE_CURVE('',#7167,#7175,#7177,.T.);
#7175 = VERTEX_POINT('',#7176);
#7176 = CARTESIAN_POINT('',(0.77,-0.4,0.47));
#7177 = LINE('',#7178,#7179);
#7178 = CARTESIAN_POINT('',(-0.77,-0.4,0.47));
#7179 = VECTOR('',#7180,1.);
#7180 = DIRECTION('',(1.,0.,0.));
#7181 = ORIENTED_EDGE('',*,*,#7182,.F.);
#7182 = EDGE_CURVE('',#7183,#7175,#7185,.T.);
#7183 = VERTEX_POINT('',#7184);
#7184 = CARTESIAN_POINT('',(0.77,-0.4,3.E-02));
#7185 = LINE('',#7186,#7187);
#7186 = CARTESIAN_POINT('',(0.77,-0.4,3.E-02));
#7187 = VECTOR('',#7188,1.);
#7188 = DIRECTION('',(0.,0.,1.));
#7189 = ORIENTED_EDGE('',*,*,#7190,.F.);
#7190 = EDGE_CURVE('',#7191,#7183,#7193,.T.);
#7191 = VERTEX_POINT('',#7192);
#7192 = CARTESIAN_POINT('',(0.725,-0.4,3.E-02));
#7193 = LINE('',#7194,#7195);
#7194 = CARTESIAN_POINT('',(-0.77,-0.4,3.E-02));
#7195 = VECTOR('',#7196,1.);
#7196 = DIRECTION('',(1.,0.,0.));
#7197 = ORIENTED_EDGE('',*,*,#7198,.F.);
#7198 = EDGE_CURVE('',#7136,#7191,#7199,.T.);
#7199 = LINE('',#7200,#7201);
#7200 = CARTESIAN_POINT('',(-0.77,-0.4,3.E-02));
#7201 = VECTOR('',#7202,1.);
#7202 = DIRECTION('',(1.,0.,0.));
#7203 = PLANE('',#7204);
#7204 = AXIS2_PLACEMENT_3D('',#7205,#7206,#7207);
#7205 = CARTESIAN_POINT('',(-0.77,-0.4,3.E-02));
#7206 = DIRECTION('',(0.,1.,0.));
#7207 = DIRECTION('',(0.,-0.,1.));
#7208 = ADVANCED_FACE('',(#7209),#7227,.T.);
#7209 = FACE_BOUND('',#7210,.T.);
#7210 = EDGE_LOOP('',(#7211,#7212,#7213,#7221));
#7211 = ORIENTED_EDGE('',*,*,#7111,.T.);
#7212 = ORIENTED_EDGE('',*,*,#7056,.T.);
#7213 = ORIENTED_EDGE('',*,*,#7214,.F.);
#7214 = EDGE_CURVE('',#7215,#7057,#7217,.T.);
#7215 = VERTEX_POINT('',#7216);
#7216 = CARTESIAN_POINT('',(0.45,0.4,1.1));
#7217 = LINE('',#7218,#7219);
#7218 = CARTESIAN_POINT('',(0.45,0.4,1.1));
#7219 = VECTOR('',#7220,1.);
#7220 = DIRECTION('',(0.,-1.,0.));
#7221 = ORIENTED_EDGE('',*,*,#7222,.F.);
#7222 = EDGE_CURVE('',#7112,#7215,#7223,.T.);
#7223 = LINE('',#7224,#7225);
#7224 = CARTESIAN_POINT('',(-0.45,0.4,1.1));
#7225 = VECTOR('',#7226,1.);
#7226 = DIRECTION('',(1.,0.,0.));
#7227 = PLANE('',#7228);
#7228 = AXIS2_PLACEMENT_3D('',#7229,#7230,#7231);
#7229 = CARTESIAN_POINT('',(-0.45,0.4,1.1));
#7230 = DIRECTION('',(0.,0.,1.));
#7231 = DIRECTION('',(1.,0.,-0.));
#7232 = ADVANCED_FACE('',(#7233),#7267,.T.);
#7233 = FACE_BOUND('',#7234,.T.);
#7234 = EDGE_LOOP('',(#7235,#7236,#7237,#7245,#7253,#7261));
#7235 = ORIENTED_EDGE('',*,*,#7214,.T.);
#7236 = ORIENTED_EDGE('',*,*,#7064,.T.);
#7237 = ORIENTED_EDGE('',*,*,#7238,.F.);
#7238 = EDGE_CURVE('',#7239,#7065,#7241,.T.);
#7239 = VERTEX_POINT('',#7240);
#7240 = CARTESIAN_POINT('',(0.5,-0.3,0.47));
#7241 = LINE('',#7242,#7243);
#7242 = CARTESIAN_POINT('',(0.5,0.4,0.47));
#7243 = VECTOR('',#7244,1.);
#7244 = DIRECTION('',(0.,-1.,0.));
#7245 = ORIENTED_EDGE('',*,*,#7246,.T.);
#7246 = EDGE_CURVE('',#7239,#7247,#7249,.T.);
#7247 = VERTEX_POINT('',#7248);
#7248 = CARTESIAN_POINT('',(0.5,0.3,0.47));
#7249 = LINE('',#7250,#7251);
#7250 = CARTESIAN_POINT('',(0.5,-0.4,0.47));
#7251 = VECTOR('',#7252,1.);
#7252 = DIRECTION('',(0.,1.,0.));
#7253 = ORIENTED_EDGE('',*,*,#7254,.F.);
#7254 = EDGE_CURVE('',#7255,#7247,#7257,.T.);
#7255 = VERTEX_POINT('',#7256);
#7256 = CARTESIAN_POINT('',(0.5,0.4,0.47));
#7257 = LINE('',#7258,#7259);
#7258 = CARTESIAN_POINT('',(0.5,0.4,0.47));
#7259 = VECTOR('',#7260,1.);
#7260 = DIRECTION('',(0.,-1.,0.));
#7261 = ORIENTED_EDGE('',*,*,#7262,.F.);
#7262 = EDGE_CURVE('',#7215,#7255,#7263,.T.);
#7263 = LINE('',#7264,#7265);
#7264 = CARTESIAN_POINT('',(0.45,0.4,1.1));
#7265 = VECTOR('',#7266,1.);
#7266 = DIRECTION('',(7.911630099815E-02,0.,-0.996865392576));
#7267 = PLANE('',#7268);
#7268 = AXIS2_PLACEMENT_3D('',#7269,#7270,#7271);
#7269 = CARTESIAN_POINT('',(0.45,0.4,1.1));
#7270 = DIRECTION('',(0.996865392576,0.,7.911630099815E-02));
#7271 = DIRECTION('',(7.911630099815E-02,0.,-0.996865392576));
#7272 = ADVANCED_FACE('',(#7273),#7298,.T.);
#7273 = FACE_BOUND('',#7274,.T.);
#7274 = EDGE_LOOP('',(#7275,#7283,#7291,#7297));
#7275 = ORIENTED_EDGE('',*,*,#7276,.F.);
#7276 = EDGE_CURVE('',#7277,#7087,#7279,.T.);
#7277 = VERTEX_POINT('',#7278);
#7278 = CARTESIAN_POINT('',(-0.725,0.4,0.47));
#7279 = LINE('',#7280,#7281);
#7280 = CARTESIAN_POINT('',(-0.77,0.4,0.47));
#7281 = VECTOR('',#7282,1.);
#7282 = DIRECTION('',(1.,0.,0.));
#7283 = ORIENTED_EDGE('',*,*,#7284,.F.);
#7284 = EDGE_CURVE('',#7285,#7277,#7287,.T.);
#7285 = VERTEX_POINT('',#7286);
#7286 = CARTESIAN_POINT('',(-0.725,0.3,0.47));
#7287 = LINE('',#7288,#7289);
#7288 = CARTESIAN_POINT('',(-0.725,5.E-02,0.47));
#7289 = VECTOR('',#7290,1.);
#7290 = DIRECTION('',(0.,1.,0.));
#7291 = ORIENTED_EDGE('',*,*,#7292,.F.);
#7292 = EDGE_CURVE('',#7089,#7285,#7293,.T.);
#7293 = LINE('',#7294,#7295);
#7294 = CARTESIAN_POINT('',(-0.7475,0.3,0.47));
#7295 = VECTOR('',#7296,1.);
#7296 = DIRECTION('',(-1.,0.,0.));
#7297 = ORIENTED_EDGE('',*,*,#7086,.F.);
#7298 = PLANE('',#7299);
#7299 = AXIS2_PLACEMENT_3D('',#7300,#7301,#7302);
#7300 = CARTESIAN_POINT('',(-0.77,-0.4,0.47));
#7301 = DIRECTION('',(0.,0.,1.));
#7302 = DIRECTION('',(1.,0.,-0.));
#7303 = ADVANCED_FACE('',(#7304),#7315,.T.);
#7304 = FACE_BOUND('',#7305,.T.);
#7305 = EDGE_LOOP('',(#7306,#7307,#7308,#7309));
#7306 = ORIENTED_EDGE('',*,*,#7119,.T.);
#7307 = ORIENTED_EDGE('',*,*,#7222,.T.);
#7308 = ORIENTED_EDGE('',*,*,#7262,.T.);
#7309 = ORIENTED_EDGE('',*,*,#7310,.T.);
#7310 = EDGE_CURVE('',#7255,#7087,#7311,.T.);
#7311 = LINE('',#7312,#7313);
#7312 = CARTESIAN_POINT('',(0.5,0.4,0.47));
#7313 = VECTOR('',#7314,1.);
#7314 = DIRECTION('',(-1.,0.,0.));
#7315 = PLANE('',#7316);
#7316 = AXIS2_PLACEMENT_3D('',#7317,#7318,#7319);
#7317 = CARTESIAN_POINT('',(-8.772411109409E-18,0.4,0.775044128294));
#7318 = DIRECTION('',(0.,1.,0.));
#7319 = DIRECTION('',(0.,-0.,1.));
#7320 = ADVANCED_FACE('',(#7321),#7348,.T.);
#7321 = FACE_BOUND('',#7322,.T.);
#7322 = EDGE_LOOP('',(#7323,#7332,#7340,#7347));
#7323 = ORIENTED_EDGE('',*,*,#7324,.F.);
#7324 = EDGE_CURVE('',#7325,#7089,#7327,.T.);
#7325 = VERTEX_POINT('',#7326);
#7326 = CARTESIAN_POINT('',(-0.53,0.3,0.5));
#7327 = CIRCLE('',#7328,3.E-02);
#7328 = AXIS2_PLACEMENT_3D('',#7329,#7330,#7331);
#7329 = CARTESIAN_POINT('',(-0.53,0.3,0.47));
#7330 = DIRECTION('',(-0.,1.,0.));
#7331 = DIRECTION('',(1.,0.,0.));
#7332 = ORIENTED_EDGE('',*,*,#7333,.F.);
#7333 = EDGE_CURVE('',#7334,#7325,#7336,.T.);
#7334 = VERTEX_POINT('',#7335);
#7335 = CARTESIAN_POINT('',(-0.53,-0.3,0.5));
#7336 = LINE('',#7337,#7338);
#7337 = CARTESIAN_POINT('',(-0.53,-0.4,0.5));
#7338 = VECTOR('',#7339,1.);
#7339 = DIRECTION('',(0.,1.,0.));
#7340 = ORIENTED_EDGE('',*,*,#7341,.T.);
#7341 = EDGE_CURVE('',#7334,#7097,#7342,.T.);
#7342 = CIRCLE('',#7343,3.E-02);
#7343 = AXIS2_PLACEMENT_3D('',#7344,#7345,#7346);
#7344 = CARTESIAN_POINT('',(-0.53,-0.3,0.47));
#7345 = DIRECTION('',(-0.,1.,0.));
#7346 = DIRECTION('',(1.,0.,0.));
#7347 = ORIENTED_EDGE('',*,*,#7096,.T.);
#7348 = CYLINDRICAL_SURFACE('',#7349,3.E-02);
#7349 = AXIS2_PLACEMENT_3D('',#7350,#7351,#7352);
#7350 = CARTESIAN_POINT('',(-0.53,-0.4,0.47));
#7351 = DIRECTION('',(0.,1.,0.));
#7352 = DIRECTION('',(1.,0.,0.));
#7353 = ADVANCED_FACE('',(#7354),#7372,.T.);
#7354 = FACE_BOUND('',#7355,.T.);
#7355 = EDGE_LOOP('',(#7356,#7364,#7365,#7366));
#7356 = ORIENTED_EDGE('',*,*,#7357,.F.);
#7357 = EDGE_CURVE('',#7152,#7358,#7360,.T.);
#7358 = VERTEX_POINT('',#7359);
#7359 = CARTESIAN_POINT('',(-0.725,-0.3,0.47));
#7360 = LINE('',#7361,#7362);
#7361 = CARTESIAN_POINT('',(-0.725,-0.35,0.47));
#7362 = VECTOR('',#7363,1.);
#7363 = DIRECTION('',(0.,1.,0.));
#7364 = ORIENTED_EDGE('',*,*,#7159,.T.);
#7365 = ORIENTED_EDGE('',*,*,#7104,.F.);
#7366 = ORIENTED_EDGE('',*,*,#7367,.F.);
#7367 = EDGE_CURVE('',#7358,#7097,#7368,.T.);
#7368 = LINE('',#7369,#7370);
#7369 = CARTESIAN_POINT('',(-2.25E-02,-0.3,0.47));
#7370 = VECTOR('',#7371,1.);
#7371 = DIRECTION('',(1.,0.,0.));
#7372 = PLANE('',#7373);
#7373 = AXIS2_PLACEMENT_3D('',#7374,#7375,#7376);
#7374 = CARTESIAN_POINT('',(-0.77,-0.4,0.47));
#7375 = DIRECTION('',(0.,0.,1.));
#7376 = DIRECTION('',(1.,0.,-0.));
#7377 = ADVANCED_FACE('',(#7378),#7439,.F.);
#7378 = FACE_BOUND('',#7379,.F.);
#7379 = EDGE_LOOP('',(#7380,#7390,#7399,#7407,#7416,#7424,#7430,#7431,
    #7432,#7433));
#7380 = ORIENTED_EDGE('',*,*,#7381,.F.);
#7381 = EDGE_CURVE('',#7382,#7384,#7386,.T.);
#7382 = VERTEX_POINT('',#7383);
#7383 = CARTESIAN_POINT('',(-0.77,-0.4,-3.469446951954E-18));
#7384 = VERTEX_POINT('',#7385);
#7385 = CARTESIAN_POINT('',(-0.725,-0.4,0.));
#7386 = LINE('',#7387,#7388);
#7387 = CARTESIAN_POINT('',(-0.8,-0.4,0.));
#7388 = VECTOR('',#7389,1.);
#7389 = DIRECTION('',(1.,0.,0.));
#7390 = ORIENTED_EDGE('',*,*,#7391,.F.);
#7391 = EDGE_CURVE('',#7392,#7382,#7394,.T.);
#7392 = VERTEX_POINT('',#7393);
#7393 = CARTESIAN_POINT('',(-0.8,-0.4,3.E-02));
#7394 = CIRCLE('',#7395,3.E-02);
#7395 = AXIS2_PLACEMENT_3D('',#7396,#7397,#7398);
#7396 = CARTESIAN_POINT('',(-0.77,-0.4,3.E-02));
#7397 = DIRECTION('',(0.,-1.,0.));
#7398 = DIRECTION('',(0.,0.,1.));
#7399 = ORIENTED_EDGE('',*,*,#7400,.T.);
#7400 = EDGE_CURVE('',#7392,#7401,#7403,.T.);
#7401 = VERTEX_POINT('',#7402);
#7402 = CARTESIAN_POINT('',(-0.8,-0.4,0.47));
#7403 = LINE('',#7404,#7405);
#7404 = CARTESIAN_POINT('',(-0.8,-0.4,0.));
#7405 = VECTOR('',#7406,1.);
#7406 = DIRECTION('',(0.,0.,1.));
#7407 = ORIENTED_EDGE('',*,*,#7408,.T.);
#7408 = EDGE_CURVE('',#7401,#7409,#7411,.T.);
#7409 = VERTEX_POINT('',#7410);
#7410 = CARTESIAN_POINT('',(-0.77,-0.4,0.5));
#7411 = CIRCLE('',#7412,3.E-02);
#7412 = AXIS2_PLACEMENT_3D('',#7413,#7414,#7415);
#7413 = CARTESIAN_POINT('',(-0.77,-0.4,0.47));
#7414 = DIRECTION('',(0.,1.,0.));
#7415 = DIRECTION('',(0.,-0.,1.));
#7416 = ORIENTED_EDGE('',*,*,#7417,.T.);
#7417 = EDGE_CURVE('',#7409,#7418,#7420,.T.);
#7418 = VERTEX_POINT('',#7419);
#7419 = CARTESIAN_POINT('',(-0.725,-0.4,0.5));
#7420 = LINE('',#7421,#7422);
#7421 = CARTESIAN_POINT('',(-0.8,-0.4,0.5));
#7422 = VECTOR('',#7423,1.);
#7423 = DIRECTION('',(1.,0.,0.));
#7424 = ORIENTED_EDGE('',*,*,#7425,.F.);
#7425 = EDGE_CURVE('',#7152,#7418,#7426,.T.);
#7426 = LINE('',#7427,#7428);
#7427 = CARTESIAN_POINT('',(-0.725,-0.4,0.375));
#7428 = VECTOR('',#7429,1.);
#7429 = DIRECTION('',(0.,0.,1.));
#7430 = ORIENTED_EDGE('',*,*,#7151,.F.);
#7431 = ORIENTED_EDGE('',*,*,#7143,.F.);
#7432 = ORIENTED_EDGE('',*,*,#7133,.T.);
#7433 = ORIENTED_EDGE('',*,*,#7434,.F.);
#7434 = EDGE_CURVE('',#7384,#7136,#7435,.T.);
#7435 = LINE('',#7436,#7437);
#7436 = CARTESIAN_POINT('',(-0.725,-0.4,0.375));
#7437 = VECTOR('',#7438,1.);
#7438 = DIRECTION('',(0.,0.,1.));
#7439 = PLANE('',#7440);
#7440 = AXIS2_PLACEMENT_3D('',#7441,#7442,#7443);
#7441 = CARTESIAN_POINT('',(-0.8,-0.4,0.));
#7442 = DIRECTION('',(0.,1.,0.));
#7443 = DIRECTION('',(0.,-0.,1.));
#7444 = ADVANCED_FACE('',(#7445,#7534),#7560,.F.);
#7445 = FACE_BOUND('',#7446,.F.);
#7446 = EDGE_LOOP('',(#7447,#7455,#7456,#7464,#7472,#7480,#7488,#7496,
    #7504,#7512,#7520,#7528));
#7447 = ORIENTED_EDGE('',*,*,#7448,.F.);
#7448 = EDGE_CURVE('',#7136,#7449,#7451,.T.);
#7449 = VERTEX_POINT('',#7450);
#7450 = CARTESIAN_POINT('',(-0.725,-0.3,3.E-02));
#7451 = LINE('',#7452,#7453);
#7452 = CARTESIAN_POINT('',(-0.725,-0.35,3.E-02));
#7453 = VECTOR('',#7454,1.);
#7454 = DIRECTION('',(0.,1.,0.));
#7455 = ORIENTED_EDGE('',*,*,#7198,.T.);
#7456 = ORIENTED_EDGE('',*,*,#7457,.F.);
#7457 = EDGE_CURVE('',#7458,#7191,#7460,.T.);
#7458 = VERTEX_POINT('',#7459);
#7459 = CARTESIAN_POINT('',(0.725,-0.3,3.E-02));
#7460 = LINE('',#7461,#7462);
#7461 = CARTESIAN_POINT('',(0.725,-0.45,3.E-02));
#7462 = VECTOR('',#7463,1.);
#7463 = DIRECTION('',(0.,-1.,0.));
#7464 = ORIENTED_EDGE('',*,*,#7465,.F.);
#7465 = EDGE_CURVE('',#7466,#7458,#7468,.T.);
#7466 = VERTEX_POINT('',#7467);
#7467 = CARTESIAN_POINT('',(0.5,-0.3,3.E-02));
#7468 = LINE('',#7469,#7470);
#7469 = CARTESIAN_POINT('',(-2.25E-02,-0.3,3.E-02));
#7470 = VECTOR('',#7471,1.);
#7471 = DIRECTION('',(1.,0.,0.));
#7472 = ORIENTED_EDGE('',*,*,#7473,.T.);
#7473 = EDGE_CURVE('',#7466,#7474,#7476,.T.);
#7474 = VERTEX_POINT('',#7475);
#7475 = CARTESIAN_POINT('',(0.5,0.3,3.E-02));
#7476 = LINE('',#7477,#7478);
#7477 = CARTESIAN_POINT('',(0.5,-0.4,3.E-02));
#7478 = VECTOR('',#7479,1.);
#7479 = DIRECTION('',(0.,1.,0.));
#7480 = ORIENTED_EDGE('',*,*,#7481,.F.);
#7481 = EDGE_CURVE('',#7482,#7474,#7484,.T.);
#7482 = VERTEX_POINT('',#7483);
#7483 = CARTESIAN_POINT('',(0.725,0.3,3.E-02));
#7484 = LINE('',#7485,#7486);
#7485 = CARTESIAN_POINT('',(-0.7475,0.3,3.E-02));
#7486 = VECTOR('',#7487,1.);
#7487 = DIRECTION('',(-1.,0.,0.));
#7488 = ORIENTED_EDGE('',*,*,#7489,.F.);
#7489 = EDGE_CURVE('',#7490,#7482,#7492,.T.);
#7490 = VERTEX_POINT('',#7491);
#7491 = CARTESIAN_POINT('',(0.725,0.4,3.E-02));
#7492 = LINE('',#7493,#7494);
#7493 = CARTESIAN_POINT('',(0.725,-5.E-02,3.E-02));
#7494 = VECTOR('',#7495,1.);
#7495 = DIRECTION('',(0.,-1.,0.));
#7496 = ORIENTED_EDGE('',*,*,#7497,.F.);
#7497 = EDGE_CURVE('',#7498,#7490,#7500,.T.);
#7498 = VERTEX_POINT('',#7499);
#7499 = CARTESIAN_POINT('',(-0.725,0.4,3.E-02));
#7500 = LINE('',#7501,#7502);
#7501 = CARTESIAN_POINT('',(-0.77,0.4,3.E-02));
#7502 = VECTOR('',#7503,1.);
#7503 = DIRECTION('',(1.,0.,0.));
#7504 = ORIENTED_EDGE('',*,*,#7505,.F.);
#7505 = EDGE_CURVE('',#7506,#7498,#7508,.T.);
#7506 = VERTEX_POINT('',#7507);
#7507 = CARTESIAN_POINT('',(-0.725,0.3,3.E-02));
#7508 = LINE('',#7509,#7510);
#7509 = CARTESIAN_POINT('',(-0.725,5.E-02,3.E-02));
#7510 = VECTOR('',#7511,1.);
#7511 = DIRECTION('',(0.,1.,0.));
#7512 = ORIENTED_EDGE('',*,*,#7513,.F.);
#7513 = EDGE_CURVE('',#7514,#7506,#7516,.T.);
#7514 = VERTEX_POINT('',#7515);
#7515 = CARTESIAN_POINT('',(-0.5,0.3,3.E-02));
#7516 = LINE('',#7517,#7518);
#7517 = CARTESIAN_POINT('',(-0.7475,0.3,3.E-02));
#7518 = VECTOR('',#7519,1.);
#7519 = DIRECTION('',(-1.,0.,0.));
#7520 = ORIENTED_EDGE('',*,*,#7521,.F.);
#7521 = EDGE_CURVE('',#7522,#7514,#7524,.T.);
#7522 = VERTEX_POINT('',#7523);
#7523 = CARTESIAN_POINT('',(-0.5,-0.3,3.E-02));
#7524 = LINE('',#7525,#7526);
#7525 = CARTESIAN_POINT('',(-0.5,-0.4,3.E-02));
#7526 = VECTOR('',#7527,1.);
#7527 = DIRECTION('',(0.,1.,0.));
#7528 = ORIENTED_EDGE('',*,*,#7529,.F.);
#7529 = EDGE_CURVE('',#7449,#7522,#7530,.T.);
#7530 = LINE('',#7531,#7532);
#7531 = CARTESIAN_POINT('',(-2.25E-02,-0.3,3.E-02));
#7532 = VECTOR('',#7533,1.);
#7533 = DIRECTION('',(1.,0.,0.));
#7534 = FACE_BOUND('',#7535,.F.);
#7535 = EDGE_LOOP('',(#7536,#7546,#7554));
#7536 = ORIENTED_EDGE('',*,*,#7537,.T.);
#7537 = EDGE_CURVE('',#7538,#7540,#7542,.T.);
#7538 = VERTEX_POINT('',#7539);
#7539 = CARTESIAN_POINT('',(0.277128129211,0.32,3.E-02));
#7540 = VERTEX_POINT('',#7541);
#7541 = CARTESIAN_POINT('',(0.277128129211,-0.32,3.E-02));
#7542 = LINE('',#7543,#7544);
#7543 = CARTESIAN_POINT('',(0.277128129211,0.32,3.E-02));
#7544 = VECTOR('',#7545,1.);
#7545 = DIRECTION('',(0.,-1.,0.));
#7546 = ORIENTED_EDGE('',*,*,#7547,.T.);
#7547 = EDGE_CURVE('',#7540,#7548,#7550,.T.);
#7548 = VERTEX_POINT('',#7549);
#7549 = CARTESIAN_POINT('',(-0.277128129211,0.,3.E-02));
#7550 = LINE('',#7551,#7552);
#7551 = CARTESIAN_POINT('',(0.277128129211,-0.32,3.E-02));
#7552 = VECTOR('',#7553,1.);
#7553 = DIRECTION('',(-0.866025403784,0.5,0.));
#7554 = ORIENTED_EDGE('',*,*,#7555,.T.);
#7555 = EDGE_CURVE('',#7548,#7538,#7556,.T.);
#7556 = LINE('',#7557,#7558);
#7557 = CARTESIAN_POINT('',(-0.277128129211,0.,3.E-02));
#7558 = VECTOR('',#7559,1.);
#7559 = DIRECTION('',(0.866025403784,0.5,0.));
#7560 = PLANE('',#7561);
#7561 = AXIS2_PLACEMENT_3D('',#7562,#7563,#7564);
#7562 = CARTESIAN_POINT('',(-0.77,-0.4,3.E-02));
#7563 = DIRECTION('',(0.,0.,1.));
#7564 = DIRECTION('',(1.,0.,-0.));
#7565 = ADVANCED_FACE('',(#7566),#7627,.F.);
#7566 = FACE_BOUND('',#7567,.F.);
#7567 = EDGE_LOOP('',(#7568,#7578,#7584,#7585,#7586,#7587,#7595,#7603,
    #7612,#7620));
#7568 = ORIENTED_EDGE('',*,*,#7569,.F.);
#7569 = EDGE_CURVE('',#7570,#7572,#7574,.T.);
#7570 = VERTEX_POINT('',#7571);
#7571 = CARTESIAN_POINT('',(0.725,-0.4,0.));
#7572 = VERTEX_POINT('',#7573);
#7573 = CARTESIAN_POINT('',(0.77,-0.4,-3.469446951954E-18));
#7574 = LINE('',#7575,#7576);
#7575 = CARTESIAN_POINT('',(0.5,-0.4,0.));
#7576 = VECTOR('',#7577,1.);
#7577 = DIRECTION('',(1.,0.,0.));
#7578 = ORIENTED_EDGE('',*,*,#7579,.F.);
#7579 = EDGE_CURVE('',#7191,#7570,#7580,.T.);
#7580 = LINE('',#7581,#7582);
#7581 = CARTESIAN_POINT('',(0.725,-0.4,0.375));
#7582 = VECTOR('',#7583,1.);
#7583 = DIRECTION('',(0.,0.,-1.));
#7584 = ORIENTED_EDGE('',*,*,#7190,.T.);
#7585 = ORIENTED_EDGE('',*,*,#7182,.T.);
#7586 = ORIENTED_EDGE('',*,*,#7174,.F.);
#7587 = ORIENTED_EDGE('',*,*,#7588,.F.);
#7588 = EDGE_CURVE('',#7589,#7167,#7591,.T.);
#7589 = VERTEX_POINT('',#7590);
#7590 = CARTESIAN_POINT('',(0.725,-0.4,0.5));
#7591 = LINE('',#7592,#7593);
#7592 = CARTESIAN_POINT('',(0.725,-0.4,0.375));
#7593 = VECTOR('',#7594,1.);
#7594 = DIRECTION('',(0.,0.,-1.));
#7595 = ORIENTED_EDGE('',*,*,#7596,.T.);
#7596 = EDGE_CURVE('',#7589,#7597,#7599,.T.);
#7597 = VERTEX_POINT('',#7598);
#7598 = CARTESIAN_POINT('',(0.77,-0.4,0.5));
#7599 = LINE('',#7600,#7601);
#7600 = CARTESIAN_POINT('',(0.5,-0.4,0.5));
#7601 = VECTOR('',#7602,1.);
#7602 = DIRECTION('',(1.,0.,0.));
#7603 = ORIENTED_EDGE('',*,*,#7604,.F.);
#7604 = EDGE_CURVE('',#7605,#7597,#7607,.T.);
#7605 = VERTEX_POINT('',#7606);
#7606 = CARTESIAN_POINT('',(0.8,-0.4,0.47));
#7607 = CIRCLE('',#7608,3.E-02);
#7608 = AXIS2_PLACEMENT_3D('',#7609,#7610,#7611);
#7609 = CARTESIAN_POINT('',(0.77,-0.4,0.47));
#7610 = DIRECTION('',(0.,-1.,0.));
#7611 = DIRECTION('',(0.,0.,1.));
#7612 = ORIENTED_EDGE('',*,*,#7613,.F.);
#7613 = EDGE_CURVE('',#7614,#7605,#7616,.T.);
#7614 = VERTEX_POINT('',#7615);
#7615 = CARTESIAN_POINT('',(0.8,-0.4,3.E-02));
#7616 = LINE('',#7617,#7618);
#7617 = CARTESIAN_POINT('',(0.8,-0.4,0.));
#7618 = VECTOR('',#7619,1.);
#7619 = DIRECTION('',(0.,0.,1.));
#7620 = ORIENTED_EDGE('',*,*,#7621,.T.);
#7621 = EDGE_CURVE('',#7614,#7572,#7622,.T.);
#7622 = CIRCLE('',#7623,3.E-02);
#7623 = AXIS2_PLACEMENT_3D('',#7624,#7625,#7626);
#7624 = CARTESIAN_POINT('',(0.77,-0.4,3.E-02));
#7625 = DIRECTION('',(0.,1.,0.));
#7626 = DIRECTION('',(0.,-0.,1.));
#7627 = PLANE('',#7628);
#7628 = AXIS2_PLACEMENT_3D('',#7629,#7630,#7631);
#7629 = CARTESIAN_POINT('',(0.5,-0.4,0.));
#7630 = DIRECTION('',(0.,1.,0.));
#7631 = DIRECTION('',(0.,-0.,1.));
#7632 = ADVANCED_FACE('',(#7633),#7651,.T.);
#7633 = FACE_BOUND('',#7634,.T.);
#7634 = EDGE_LOOP('',(#7635,#7643,#7644,#7645));
#7635 = ORIENTED_EDGE('',*,*,#7636,.F.);
#7636 = EDGE_CURVE('',#7239,#7637,#7639,.T.);
#7637 = VERTEX_POINT('',#7638);
#7638 = CARTESIAN_POINT('',(0.725,-0.3,0.47));
#7639 = LINE('',#7640,#7641);
#7640 = CARTESIAN_POINT('',(-2.25E-02,-0.3,0.47));
#7641 = VECTOR('',#7642,1.);
#7642 = DIRECTION('',(1.,0.,0.));
#7643 = ORIENTED_EDGE('',*,*,#7238,.T.);
#7644 = ORIENTED_EDGE('',*,*,#7166,.T.);
#7645 = ORIENTED_EDGE('',*,*,#7646,.F.);
#7646 = EDGE_CURVE('',#7637,#7167,#7647,.T.);
#7647 = LINE('',#7648,#7649);
#7648 = CARTESIAN_POINT('',(0.725,-0.45,0.47));
#7649 = VECTOR('',#7650,1.);
#7650 = DIRECTION('',(0.,-1.,0.));
#7651 = PLANE('',#7652);
#7652 = AXIS2_PLACEMENT_3D('',#7653,#7654,#7655);
#7653 = CARTESIAN_POINT('',(-0.77,-0.4,0.47));
#7654 = DIRECTION('',(0.,0.,1.));
#7655 = DIRECTION('',(1.,0.,-0.));
#7656 = ADVANCED_FACE('',(#7657),#7682,.T.);
#7657 = FACE_BOUND('',#7658,.T.);
#7658 = EDGE_LOOP('',(#7659,#7667,#7668,#7676));
#7659 = ORIENTED_EDGE('',*,*,#7660,.F.);
#7660 = EDGE_CURVE('',#7255,#7661,#7663,.T.);
#7661 = VERTEX_POINT('',#7662);
#7662 = CARTESIAN_POINT('',(0.725,0.4,0.47));
#7663 = LINE('',#7664,#7665);
#7664 = CARTESIAN_POINT('',(-0.77,0.4,0.47));
#7665 = VECTOR('',#7666,1.);
#7666 = DIRECTION('',(1.,0.,0.));
#7667 = ORIENTED_EDGE('',*,*,#7254,.T.);
#7668 = ORIENTED_EDGE('',*,*,#7669,.F.);
#7669 = EDGE_CURVE('',#7670,#7247,#7672,.T.);
#7670 = VERTEX_POINT('',#7671);
#7671 = CARTESIAN_POINT('',(0.725,0.3,0.47));
#7672 = LINE('',#7673,#7674);
#7673 = CARTESIAN_POINT('',(-0.7475,0.3,0.47));
#7674 = VECTOR('',#7675,1.);
#7675 = DIRECTION('',(-1.,0.,0.));
#7676 = ORIENTED_EDGE('',*,*,#7677,.F.);
#7677 = EDGE_CURVE('',#7661,#7670,#7678,.T.);
#7678 = LINE('',#7679,#7680);
#7679 = CARTESIAN_POINT('',(0.725,-5.E-02,0.47));
#7680 = VECTOR('',#7681,1.);
#7681 = DIRECTION('',(0.,-1.,0.));
#7682 = PLANE('',#7683);
#7683 = AXIS2_PLACEMENT_3D('',#7684,#7685,#7686);
#7684 = CARTESIAN_POINT('',(-0.77,-0.4,0.47));
#7685 = DIRECTION('',(0.,0.,1.));
#7686 = DIRECTION('',(1.,0.,-0.));
#7687 = ADVANCED_FACE('',(#7688),#7715,.T.);
#7688 = FACE_BOUND('',#7689,.T.);
#7689 = EDGE_LOOP('',(#7690,#7691,#7700,#7708));
#7690 = ORIENTED_EDGE('',*,*,#7246,.F.);
#7691 = ORIENTED_EDGE('',*,*,#7692,.T.);
#7692 = EDGE_CURVE('',#7239,#7693,#7695,.T.);
#7693 = VERTEX_POINT('',#7694);
#7694 = CARTESIAN_POINT('',(0.53,-0.3,0.5));
#7695 = CIRCLE('',#7696,3.E-02);
#7696 = AXIS2_PLACEMENT_3D('',#7697,#7698,#7699);
#7697 = CARTESIAN_POINT('',(0.53,-0.3,0.47));
#7698 = DIRECTION('',(0.,1.,-0.));
#7699 = DIRECTION('',(-1.,0.,0.));
#7700 = ORIENTED_EDGE('',*,*,#7701,.T.);
#7701 = EDGE_CURVE('',#7693,#7702,#7704,.T.);
#7702 = VERTEX_POINT('',#7703);
#7703 = CARTESIAN_POINT('',(0.53,0.3,0.5));
#7704 = LINE('',#7705,#7706);
#7705 = CARTESIAN_POINT('',(0.53,-0.4,0.5));
#7706 = VECTOR('',#7707,1.);
#7707 = DIRECTION('',(0.,1.,0.));
#7708 = ORIENTED_EDGE('',*,*,#7709,.F.);
#7709 = EDGE_CURVE('',#7247,#7702,#7710,.T.);
#7710 = CIRCLE('',#7711,3.E-02);
#7711 = AXIS2_PLACEMENT_3D('',#7712,#7713,#7714);
#7712 = CARTESIAN_POINT('',(0.53,0.3,0.47));
#7713 = DIRECTION('',(0.,1.,-0.));
#7714 = DIRECTION('',(-1.,0.,0.));
#7715 = CYLINDRICAL_SURFACE('',#7716,3.E-02);
#7716 = AXIS2_PLACEMENT_3D('',#7717,#7718,#7719);
#7717 = CARTESIAN_POINT('',(0.53,-0.4,0.47));
#7718 = DIRECTION('',(0.,1.,0.));
#7719 = DIRECTION('',(-1.,0.,0.));
#7720 = ADVANCED_FACE('',(#7721),#7771,.T.);
#7721 = FACE_BOUND('',#7722,.T.);
#7722 = EDGE_LOOP('',(#7723,#7731,#7739,#7745,#7746,#7747,#7748,#7756,
    #7764,#7770));
#7723 = ORIENTED_EDGE('',*,*,#7724,.F.);
#7724 = EDGE_CURVE('',#7725,#7498,#7727,.T.);
#7725 = VERTEX_POINT('',#7726);
#7726 = CARTESIAN_POINT('',(-0.77,0.4,3.E-02));
#7727 = LINE('',#7728,#7729);
#7728 = CARTESIAN_POINT('',(-0.77,0.4,3.E-02));
#7729 = VECTOR('',#7730,1.);
#7730 = DIRECTION('',(1.,0.,0.));
#7731 = ORIENTED_EDGE('',*,*,#7732,.T.);
#7732 = EDGE_CURVE('',#7725,#7733,#7735,.T.);
#7733 = VERTEX_POINT('',#7734);
#7734 = CARTESIAN_POINT('',(-0.77,0.4,0.47));
#7735 = LINE('',#7736,#7737);
#7736 = CARTESIAN_POINT('',(-0.77,0.4,3.E-02));
#7737 = VECTOR('',#7738,1.);
#7738 = DIRECTION('',(0.,0.,1.));
#7739 = ORIENTED_EDGE('',*,*,#7740,.T.);
#7740 = EDGE_CURVE('',#7733,#7277,#7741,.T.);
#7741 = LINE('',#7742,#7743);
#7742 = CARTESIAN_POINT('',(-0.77,0.4,0.47));
#7743 = VECTOR('',#7744,1.);
#7744 = DIRECTION('',(1.,0.,0.));
#7745 = ORIENTED_EDGE('',*,*,#7276,.T.);
#7746 = ORIENTED_EDGE('',*,*,#7310,.F.);
#7747 = ORIENTED_EDGE('',*,*,#7660,.T.);
#7748 = ORIENTED_EDGE('',*,*,#7749,.T.);
#7749 = EDGE_CURVE('',#7661,#7750,#7752,.T.);
#7750 = VERTEX_POINT('',#7751);
#7751 = CARTESIAN_POINT('',(0.77,0.4,0.47));
#7752 = LINE('',#7753,#7754);
#7753 = CARTESIAN_POINT('',(-0.77,0.4,0.47));
#7754 = VECTOR('',#7755,1.);
#7755 = DIRECTION('',(1.,0.,0.));
#7756 = ORIENTED_EDGE('',*,*,#7757,.F.);
#7757 = EDGE_CURVE('',#7758,#7750,#7760,.T.);
#7758 = VERTEX_POINT('',#7759);
#7759 = CARTESIAN_POINT('',(0.77,0.4,3.E-02));
#7760 = LINE('',#7761,#7762);
#7761 = CARTESIAN_POINT('',(0.77,0.4,3.E-02));
#7762 = VECTOR('',#7763,1.);
#7763 = DIRECTION('',(0.,0.,1.));
#7764 = ORIENTED_EDGE('',*,*,#7765,.F.);
#7765 = EDGE_CURVE('',#7490,#7758,#7766,.T.);
#7766 = LINE('',#7767,#7768);
#7767 = CARTESIAN_POINT('',(-0.77,0.4,3.E-02));
#7768 = VECTOR('',#7769,1.);
#7769 = DIRECTION('',(1.,0.,0.));
#7770 = ORIENTED_EDGE('',*,*,#7497,.F.);
#7771 = PLANE('',#7772);
#7772 = AXIS2_PLACEMENT_3D('',#7773,#7774,#7775);
#7773 = CARTESIAN_POINT('',(-0.77,0.4,3.E-02));
#7774 = DIRECTION('',(0.,1.,0.));
#7775 = DIRECTION('',(0.,-0.,1.));
#7776 = ADVANCED_FACE('',(#7777),#7795,.F.);
#7777 = FACE_BOUND('',#7778,.F.);
#7778 = EDGE_LOOP('',(#7779,#7787,#7793,#7794));
#7779 = ORIENTED_EDGE('',*,*,#7780,.F.);
#7780 = EDGE_CURVE('',#7781,#7325,#7783,.T.);
#7781 = VERTEX_POINT('',#7782);
#7782 = CARTESIAN_POINT('',(-0.725,0.3,0.5));
#7783 = LINE('',#7784,#7785);
#7784 = CARTESIAN_POINT('',(-0.7625,0.3,0.5));
#7785 = VECTOR('',#7786,1.);
#7786 = DIRECTION('',(1.,0.,0.));
#7787 = ORIENTED_EDGE('',*,*,#7788,.T.);
#7788 = EDGE_CURVE('',#7781,#7285,#7789,.T.);
#7789 = LINE('',#7790,#7791);
#7790 = CARTESIAN_POINT('',(-0.725,0.3,0.75));
#7791 = VECTOR('',#7792,1.);
#7792 = DIRECTION('',(-0.,-0.,-1.));
#7793 = ORIENTED_EDGE('',*,*,#7292,.F.);
#7794 = ORIENTED_EDGE('',*,*,#7324,.F.);
#7795 = PLANE('',#7796);
#7796 = AXIS2_PLACEMENT_3D('',#7797,#7798,#7799);
#7797 = CARTESIAN_POINT('',(-0.725,0.3,0.75));
#7798 = DIRECTION('',(0.,-1.,0.));
#7799 = DIRECTION('',(1.,0.,0.));
#7800 = ADVANCED_FACE('',(#7801),#7819,.F.);
#7801 = FACE_BOUND('',#7802,.F.);
#7802 = EDGE_LOOP('',(#7803,#7804,#7812,#7818));
#7803 = ORIENTED_EDGE('',*,*,#7788,.F.);
#7804 = ORIENTED_EDGE('',*,*,#7805,.F.);
#7805 = EDGE_CURVE('',#7806,#7781,#7808,.T.);
#7806 = VERTEX_POINT('',#7807);
#7807 = CARTESIAN_POINT('',(-0.725,0.4,0.5));
#7808 = LINE('',#7809,#7810);
#7809 = CARTESIAN_POINT('',(-0.725,5.E-02,0.5));
#7810 = VECTOR('',#7811,1.);
#7811 = DIRECTION('',(0.,-1.,0.));
#7812 = ORIENTED_EDGE('',*,*,#7813,.F.);
#7813 = EDGE_CURVE('',#7277,#7806,#7814,.T.);
#7814 = LINE('',#7815,#7816);
#7815 = CARTESIAN_POINT('',(-0.725,0.4,0.375));
#7816 = VECTOR('',#7817,1.);
#7817 = DIRECTION('',(0.,0.,1.));
#7818 = ORIENTED_EDGE('',*,*,#7284,.F.);
#7819 = PLANE('',#7820);
#7820 = AXIS2_PLACEMENT_3D('',#7821,#7822,#7823);
#7821 = CARTESIAN_POINT('',(-0.725,0.5,0.75));
#7822 = DIRECTION('',(-1.,0.,0.));
#7823 = DIRECTION('',(0.,-1.,0.));
#7824 = ADVANCED_FACE('',(#7825),#7843,.F.);
#7825 = FACE_BOUND('',#7826,.F.);
#7826 = EDGE_LOOP('',(#7827,#7835,#7841,#7842));
#7827 = ORIENTED_EDGE('',*,*,#7828,.F.);
#7828 = EDGE_CURVE('',#7829,#7358,#7831,.T.);
#7829 = VERTEX_POINT('',#7830);
#7830 = CARTESIAN_POINT('',(-0.725,-0.3,0.5));
#7831 = LINE('',#7832,#7833);
#7832 = CARTESIAN_POINT('',(-0.725,-0.3,0.75));
#7833 = VECTOR('',#7834,1.);
#7834 = DIRECTION('',(-0.,-0.,-1.));
#7835 = ORIENTED_EDGE('',*,*,#7836,.F.);
#7836 = EDGE_CURVE('',#7334,#7829,#7837,.T.);
#7837 = LINE('',#7838,#7839);
#7838 = CARTESIAN_POINT('',(-3.75E-02,-0.3,0.5));
#7839 = VECTOR('',#7840,1.);
#7840 = DIRECTION('',(-1.,0.,0.));
#7841 = ORIENTED_EDGE('',*,*,#7341,.T.);
#7842 = ORIENTED_EDGE('',*,*,#7367,.F.);
#7843 = PLANE('',#7844);
#7844 = AXIS2_PLACEMENT_3D('',#7845,#7846,#7847);
#7845 = CARTESIAN_POINT('',(0.725,-0.3,0.75));
#7846 = DIRECTION('',(0.,1.,0.));
#7847 = DIRECTION('',(-1.,0.,0.));
#7848 = ADVANCED_FACE('',(#7849),#7876,.T.);
#7849 = FACE_BOUND('',#7850,.T.);
#7850 = EDGE_LOOP('',(#7851,#7859,#7865,#7866,#7872,#7873,#7874,#7875));
#7851 = ORIENTED_EDGE('',*,*,#7852,.F.);
#7852 = EDGE_CURVE('',#7853,#7806,#7855,.T.);
#7853 = VERTEX_POINT('',#7854);
#7854 = CARTESIAN_POINT('',(-0.77,0.4,0.5));
#7855 = LINE('',#7856,#7857);
#7856 = CARTESIAN_POINT('',(-0.8,0.4,0.5));
#7857 = VECTOR('',#7858,1.);
#7858 = DIRECTION('',(1.,0.,0.));
#7859 = ORIENTED_EDGE('',*,*,#7860,.F.);
#7860 = EDGE_CURVE('',#7409,#7853,#7861,.T.);
#7861 = LINE('',#7862,#7863);
#7862 = CARTESIAN_POINT('',(-0.77,-0.4,0.5));
#7863 = VECTOR('',#7864,1.);
#7864 = DIRECTION('',(0.,1.,0.));
#7865 = ORIENTED_EDGE('',*,*,#7417,.T.);
#7866 = ORIENTED_EDGE('',*,*,#7867,.F.);
#7867 = EDGE_CURVE('',#7829,#7418,#7868,.T.);
#7868 = LINE('',#7869,#7870);
#7869 = CARTESIAN_POINT('',(-0.725,-0.35,0.5));
#7870 = VECTOR('',#7871,1.);
#7871 = DIRECTION('',(0.,-1.,0.));
#7872 = ORIENTED_EDGE('',*,*,#7836,.F.);
#7873 = ORIENTED_EDGE('',*,*,#7333,.T.);
#7874 = ORIENTED_EDGE('',*,*,#7780,.F.);
#7875 = ORIENTED_EDGE('',*,*,#7805,.F.);
#7876 = PLANE('',#7877);
#7877 = AXIS2_PLACEMENT_3D('',#7878,#7879,#7880);
#7878 = CARTESIAN_POINT('',(-0.8,-0.4,0.5));
#7879 = DIRECTION('',(0.,0.,1.));
#7880 = DIRECTION('',(1.,0.,-0.));
#7881 = ADVANCED_FACE('',(#7882),#7888,.F.);
#7882 = FACE_BOUND('',#7883,.F.);
#7883 = EDGE_LOOP('',(#7884,#7885,#7886,#7887));
#7884 = ORIENTED_EDGE('',*,*,#7867,.F.);
#7885 = ORIENTED_EDGE('',*,*,#7828,.T.);
#7886 = ORIENTED_EDGE('',*,*,#7357,.F.);
#7887 = ORIENTED_EDGE('',*,*,#7425,.T.);
#7888 = PLANE('',#7889);
#7889 = AXIS2_PLACEMENT_3D('',#7890,#7891,#7892);
#7890 = CARTESIAN_POINT('',(-0.725,-0.3,0.75));
#7891 = DIRECTION('',(-1.,0.,0.));
#7892 = DIRECTION('',(0.,-1.,0.));
#7893 = ADVANCED_FACE('',(#7894),#7951,.F.);
#7894 = FACE_BOUND('',#7895,.F.);
#7895 = EDGE_LOOP('',(#7896,#7906,#7912,#7913,#7921,#7929,#7937,#7945));
#7896 = ORIENTED_EDGE('',*,*,#7897,.F.);
#7897 = EDGE_CURVE('',#7898,#7900,#7902,.T.);
#7898 = VERTEX_POINT('',#7899);
#7899 = CARTESIAN_POINT('',(-0.77,0.4,-3.469446951954E-18));
#7900 = VERTEX_POINT('',#7901);
#7901 = CARTESIAN_POINT('',(-0.725,0.4,0.));
#7902 = LINE('',#7903,#7904);
#7903 = CARTESIAN_POINT('',(-0.8,0.4,0.));
#7904 = VECTOR('',#7905,1.);
#7905 = DIRECTION('',(1.,0.,0.));
#7906 = ORIENTED_EDGE('',*,*,#7907,.F.);
#7907 = EDGE_CURVE('',#7382,#7898,#7908,.T.);
#7908 = LINE('',#7909,#7910);
#7909 = CARTESIAN_POINT('',(-0.77,-0.4,-3.469446951954E-18));
#7910 = VECTOR('',#7911,1.);
#7911 = DIRECTION('',(0.,1.,0.));
#7912 = ORIENTED_EDGE('',*,*,#7381,.T.);
#7913 = ORIENTED_EDGE('',*,*,#7914,.F.);
#7914 = EDGE_CURVE('',#7915,#7384,#7917,.T.);
#7915 = VERTEX_POINT('',#7916);
#7916 = CARTESIAN_POINT('',(-0.725,-0.3,0.));
#7917 = LINE('',#7918,#7919);
#7918 = CARTESIAN_POINT('',(-0.725,-0.35,0.));
#7919 = VECTOR('',#7920,1.);
#7920 = DIRECTION('',(0.,-1.,0.));
#7921 = ORIENTED_EDGE('',*,*,#7922,.F.);
#7922 = EDGE_CURVE('',#7923,#7915,#7925,.T.);
#7923 = VERTEX_POINT('',#7924);
#7924 = CARTESIAN_POINT('',(-0.53,-0.3,-3.469446951954E-18));
#7925 = LINE('',#7926,#7927);
#7926 = CARTESIAN_POINT('',(-3.75E-02,-0.3,0.));
#7927 = VECTOR('',#7928,1.);
#7928 = DIRECTION('',(-1.,0.,0.));
#7929 = ORIENTED_EDGE('',*,*,#7930,.T.);
#7930 = EDGE_CURVE('',#7923,#7931,#7933,.T.);
#7931 = VERTEX_POINT('',#7932);
#7932 = CARTESIAN_POINT('',(-0.53,0.3,-3.469446951954E-18));
#7933 = LINE('',#7934,#7935);
#7934 = CARTESIAN_POINT('',(-0.53,-0.4,-3.469446951954E-18));
#7935 = VECTOR('',#7936,1.);
#7936 = DIRECTION('',(0.,1.,0.));
#7937 = ORIENTED_EDGE('',*,*,#7938,.F.);
#7938 = EDGE_CURVE('',#7939,#7931,#7941,.T.);
#7939 = VERTEX_POINT('',#7940);
#7940 = CARTESIAN_POINT('',(-0.725,0.3,0.));
#7941 = LINE('',#7942,#7943);
#7942 = CARTESIAN_POINT('',(-0.7625,0.3,0.));
#7943 = VECTOR('',#7944,1.);
#7944 = DIRECTION('',(1.,0.,0.));
#7945 = ORIENTED_EDGE('',*,*,#7946,.F.);
#7946 = EDGE_CURVE('',#7900,#7939,#7947,.T.);
#7947 = LINE('',#7948,#7949);
#7948 = CARTESIAN_POINT('',(-0.725,5.E-02,0.));
#7949 = VECTOR('',#7950,1.);
#7950 = DIRECTION('',(0.,-1.,0.));
#7951 = PLANE('',#7952);
#7952 = AXIS2_PLACEMENT_3D('',#7953,#7954,#7955);
#7953 = CARTESIAN_POINT('',(-0.8,-0.4,0.));
#7954 = DIRECTION('',(0.,0.,1.));
#7955 = DIRECTION('',(1.,0.,-0.));
#7956 = ADVANCED_FACE('',(#7957),#7976,.T.);
#7957 = FACE_BOUND('',#7958,.T.);
#7958 = EDGE_LOOP('',(#7959,#7967,#7974,#7975));
#7959 = ORIENTED_EDGE('',*,*,#7960,.T.);
#7960 = EDGE_CURVE('',#7392,#7961,#7963,.T.);
#7961 = VERTEX_POINT('',#7962);
#7962 = CARTESIAN_POINT('',(-0.8,0.4,3.E-02));
#7963 = LINE('',#7964,#7965);
#7964 = CARTESIAN_POINT('',(-0.8,-0.4,3.E-02));
#7965 = VECTOR('',#7966,1.);
#7966 = DIRECTION('',(0.,1.,0.));
#7967 = ORIENTED_EDGE('',*,*,#7968,.T.);
#7968 = EDGE_CURVE('',#7961,#7898,#7969,.T.);
#7969 = CIRCLE('',#7970,3.E-02);
#7970 = AXIS2_PLACEMENT_3D('',#7971,#7972,#7973);
#7971 = CARTESIAN_POINT('',(-0.77,0.4,3.E-02));
#7972 = DIRECTION('',(0.,-1.,0.));
#7973 = DIRECTION('',(0.,0.,1.));
#7974 = ORIENTED_EDGE('',*,*,#7907,.F.);
#7975 = ORIENTED_EDGE('',*,*,#7391,.F.);
#7976 = CYLINDRICAL_SURFACE('',#7977,3.E-02);
#7977 = AXIS2_PLACEMENT_3D('',#7978,#7979,#7980);
#7978 = CARTESIAN_POINT('',(-0.77,-0.4,3.E-02));
#7979 = DIRECTION('',(0.,1.,0.));
#7980 = DIRECTION('',(-1.,0.,0.));
#7981 = ADVANCED_FACE('',(#7982),#7993,.F.);
#7982 = FACE_BOUND('',#7983,.F.);
#7983 = EDGE_LOOP('',(#7984,#7985,#7991,#7992));
#7984 = ORIENTED_EDGE('',*,*,#7448,.T.);
#7985 = ORIENTED_EDGE('',*,*,#7986,.T.);
#7986 = EDGE_CURVE('',#7449,#7915,#7987,.T.);
#7987 = LINE('',#7988,#7989);
#7988 = CARTESIAN_POINT('',(-0.725,-0.3,0.75));
#7989 = VECTOR('',#7990,1.);
#7990 = DIRECTION('',(-0.,-0.,-1.));
#7991 = ORIENTED_EDGE('',*,*,#7914,.T.);
#7992 = ORIENTED_EDGE('',*,*,#7434,.T.);
#7993 = PLANE('',#7994);
#7994 = AXIS2_PLACEMENT_3D('',#7995,#7996,#7997);
#7995 = CARTESIAN_POINT('',(-0.725,-0.3,0.75));
#7996 = DIRECTION('',(-1.,0.,0.));
#7997 = DIRECTION('',(0.,-1.,0.));
#7998 = ADVANCED_FACE('',(#7999),#8017,.F.);
#7999 = FACE_BOUND('',#8000,.F.);
#8000 = EDGE_LOOP('',(#8001,#8002,#8003,#8011));
#8001 = ORIENTED_EDGE('',*,*,#7400,.F.);
#8002 = ORIENTED_EDGE('',*,*,#7960,.T.);
#8003 = ORIENTED_EDGE('',*,*,#8004,.T.);
#8004 = EDGE_CURVE('',#7961,#8005,#8007,.T.);
#8005 = VERTEX_POINT('',#8006);
#8006 = CARTESIAN_POINT('',(-0.8,0.4,0.47));
#8007 = LINE('',#8008,#8009);
#8008 = CARTESIAN_POINT('',(-0.8,0.4,0.));
#8009 = VECTOR('',#8010,1.);
#8010 = DIRECTION('',(0.,0.,1.));
#8011 = ORIENTED_EDGE('',*,*,#8012,.F.);
#8012 = EDGE_CURVE('',#7401,#8005,#8013,.T.);
#8013 = LINE('',#8014,#8015);
#8014 = CARTESIAN_POINT('',(-0.8,-0.4,0.47));
#8015 = VECTOR('',#8016,1.);
#8016 = DIRECTION('',(0.,1.,0.));
#8017 = PLANE('',#8018);
#8018 = AXIS2_PLACEMENT_3D('',#8019,#8020,#8021);
#8019 = CARTESIAN_POINT('',(-0.8,-0.4,0.));
#8020 = DIRECTION('',(1.,0.,0.));
#8021 = DIRECTION('',(0.,0.,1.));
#8022 = ADVANCED_FACE('',(#8023),#8035,.T.);
#8023 = FACE_BOUND('',#8024,.T.);
#8024 = EDGE_LOOP('',(#8025,#8026,#8027,#8034));
#8025 = ORIENTED_EDGE('',*,*,#7408,.T.);
#8026 = ORIENTED_EDGE('',*,*,#7860,.T.);
#8027 = ORIENTED_EDGE('',*,*,#8028,.F.);
#8028 = EDGE_CURVE('',#8005,#7853,#8029,.T.);
#8029 = CIRCLE('',#8030,3.E-02);
#8030 = AXIS2_PLACEMENT_3D('',#8031,#8032,#8033);
#8031 = CARTESIAN_POINT('',(-0.77,0.4,0.47));
#8032 = DIRECTION('',(0.,1.,0.));
#8033 = DIRECTION('',(0.,-0.,1.));
#8034 = ORIENTED_EDGE('',*,*,#8012,.F.);
#8035 = CYLINDRICAL_SURFACE('',#8036,3.E-02);
#8036 = AXIS2_PLACEMENT_3D('',#8037,#8038,#8039);
#8037 = CARTESIAN_POINT('',(-0.77,-0.4,0.47));
#8038 = DIRECTION('',(0.,1.,0.));
#8039 = DIRECTION('',(-1.,0.,0.));
#8040 = ADVANCED_FACE('',(#8041),#8053,.F.);
#8041 = FACE_BOUND('',#8042,.F.);
#8042 = EDGE_LOOP('',(#8043,#8044,#8045,#8052));
#8043 = ORIENTED_EDGE('',*,*,#7986,.F.);
#8044 = ORIENTED_EDGE('',*,*,#7529,.T.);
#8045 = ORIENTED_EDGE('',*,*,#8046,.T.);
#8046 = EDGE_CURVE('',#7522,#7923,#8047,.T.);
#8047 = CIRCLE('',#8048,3.E-02);
#8048 = AXIS2_PLACEMENT_3D('',#8049,#8050,#8051);
#8049 = CARTESIAN_POINT('',(-0.53,-0.3,3.E-02));
#8050 = DIRECTION('',(-0.,1.,0.));
#8051 = DIRECTION('',(1.,0.,0.));
#8052 = ORIENTED_EDGE('',*,*,#7922,.T.);
#8053 = PLANE('',#8054);
#8054 = AXIS2_PLACEMENT_3D('',#8055,#8056,#8057);
#8055 = CARTESIAN_POINT('',(0.725,-0.3,0.75));
#8056 = DIRECTION('',(0.,1.,0.));
#8057 = DIRECTION('',(-1.,0.,0.));
#8058 = ADVANCED_FACE('',(#8059),#8071,.T.);
#8059 = FACE_BOUND('',#8060,.T.);
#8060 = EDGE_LOOP('',(#8061,#8062,#8063,#8064));
#8061 = ORIENTED_EDGE('',*,*,#7521,.F.);
#8062 = ORIENTED_EDGE('',*,*,#8046,.T.);
#8063 = ORIENTED_EDGE('',*,*,#7930,.T.);
#8064 = ORIENTED_EDGE('',*,*,#8065,.F.);
#8065 = EDGE_CURVE('',#7514,#7931,#8066,.T.);
#8066 = CIRCLE('',#8067,3.E-02);
#8067 = AXIS2_PLACEMENT_3D('',#8068,#8069,#8070);
#8068 = CARTESIAN_POINT('',(-0.53,0.3,3.E-02));
#8069 = DIRECTION('',(-0.,1.,0.));
#8070 = DIRECTION('',(1.,0.,0.));
#8071 = CYLINDRICAL_SURFACE('',#8072,3.E-02);
#8072 = AXIS2_PLACEMENT_3D('',#8073,#8074,#8075);
#8073 = CARTESIAN_POINT('',(-0.53,-0.4,3.E-02));
#8074 = DIRECTION('',(0.,1.,0.));
#8075 = DIRECTION('',(1.,0.,0.));
#8076 = ADVANCED_FACE('',(#8077),#8088,.F.);
#8077 = FACE_BOUND('',#8078,.F.);
#8078 = EDGE_LOOP('',(#8079,#8080,#8086,#8087));
#8079 = ORIENTED_EDGE('',*,*,#7513,.T.);
#8080 = ORIENTED_EDGE('',*,*,#8081,.T.);
#8081 = EDGE_CURVE('',#7506,#7939,#8082,.T.);
#8082 = LINE('',#8083,#8084);
#8083 = CARTESIAN_POINT('',(-0.725,0.3,0.75));
#8084 = VECTOR('',#8085,1.);
#8085 = DIRECTION('',(-0.,-0.,-1.));
#8086 = ORIENTED_EDGE('',*,*,#7938,.T.);
#8087 = ORIENTED_EDGE('',*,*,#8065,.F.);
#8088 = PLANE('',#8089);
#8089 = AXIS2_PLACEMENT_3D('',#8090,#8091,#8092);
#8090 = CARTESIAN_POINT('',(-0.725,0.3,0.75));
#8091 = DIRECTION('',(0.,-1.,0.));
#8092 = DIRECTION('',(1.,0.,0.));
#8093 = ADVANCED_FACE('',(#8094),#8105,.F.);
#8094 = FACE_BOUND('',#8095,.F.);
#8095 = EDGE_LOOP('',(#8096,#8097,#8098,#8104));
#8096 = ORIENTED_EDGE('',*,*,#8081,.F.);
#8097 = ORIENTED_EDGE('',*,*,#7505,.T.);
#8098 = ORIENTED_EDGE('',*,*,#8099,.F.);
#8099 = EDGE_CURVE('',#7900,#7498,#8100,.T.);
#8100 = LINE('',#8101,#8102);
#8101 = CARTESIAN_POINT('',(-0.725,0.4,0.375));
#8102 = VECTOR('',#8103,1.);
#8103 = DIRECTION('',(0.,0.,1.));
#8104 = ORIENTED_EDGE('',*,*,#7946,.T.);
#8105 = PLANE('',#8106);
#8106 = AXIS2_PLACEMENT_3D('',#8107,#8108,#8109);
#8107 = CARTESIAN_POINT('',(-0.725,0.5,0.75));
#8108 = DIRECTION('',(-1.,0.,0.));
#8109 = DIRECTION('',(0.,-1.,0.));
#8110 = ADVANCED_FACE('',(#8111),#8136,.F.);
#8111 = FACE_BOUND('',#8112,.F.);
#8112 = EDGE_LOOP('',(#8113,#8114,#8122,#8130));
#8113 = ORIENTED_EDGE('',*,*,#7489,.T.);
#8114 = ORIENTED_EDGE('',*,*,#8115,.T.);
#8115 = EDGE_CURVE('',#7482,#8116,#8118,.T.);
#8116 = VERTEX_POINT('',#8117);
#8117 = CARTESIAN_POINT('',(0.725,0.3,0.));
#8118 = LINE('',#8119,#8120);
#8119 = CARTESIAN_POINT('',(0.725,0.3,0.75));
#8120 = VECTOR('',#8121,1.);
#8121 = DIRECTION('',(-0.,-0.,-1.));
#8122 = ORIENTED_EDGE('',*,*,#8123,.T.);
#8123 = EDGE_CURVE('',#8116,#8124,#8126,.T.);
#8124 = VERTEX_POINT('',#8125);
#8125 = CARTESIAN_POINT('',(0.725,0.4,0.));
#8126 = LINE('',#8127,#8128);
#8127 = CARTESIAN_POINT('',(0.725,-5.E-02,0.));
#8128 = VECTOR('',#8129,1.);
#8129 = DIRECTION('',(0.,1.,0.));
#8130 = ORIENTED_EDGE('',*,*,#8131,.F.);
#8131 = EDGE_CURVE('',#7490,#8124,#8132,.T.);
#8132 = LINE('',#8133,#8134);
#8133 = CARTESIAN_POINT('',(0.725,0.4,0.375));
#8134 = VECTOR('',#8135,1.);
#8135 = DIRECTION('',(0.,0.,-1.));
#8136 = PLANE('',#8137);
#8137 = AXIS2_PLACEMENT_3D('',#8138,#8139,#8140);
#8138 = CARTESIAN_POINT('',(0.725,0.3,0.75));
#8139 = DIRECTION('',(1.,0.,0.));
#8140 = DIRECTION('',(-0.,1.,0.));
#8141 = ADVANCED_FACE('',(#8142),#8161,.F.);
#8142 = FACE_BOUND('',#8143,.F.);
#8143 = EDGE_LOOP('',(#8144,#8145,#8146,#8155));
#8144 = ORIENTED_EDGE('',*,*,#8115,.F.);
#8145 = ORIENTED_EDGE('',*,*,#7481,.T.);
#8146 = ORIENTED_EDGE('',*,*,#8147,.F.);
#8147 = EDGE_CURVE('',#8148,#7474,#8150,.T.);
#8148 = VERTEX_POINT('',#8149);
#8149 = CARTESIAN_POINT('',(0.53,0.3,-3.469446951954E-18));
#8150 = CIRCLE('',#8151,3.E-02);
#8151 = AXIS2_PLACEMENT_3D('',#8152,#8153,#8154);
#8152 = CARTESIAN_POINT('',(0.53,0.3,3.E-02));
#8153 = DIRECTION('',(0.,1.,-0.));
#8154 = DIRECTION('',(-1.,0.,0.));
#8155 = ORIENTED_EDGE('',*,*,#8156,.T.);
#8156 = EDGE_CURVE('',#8148,#8116,#8157,.T.);
#8157 = LINE('',#8158,#8159);
#8158 = CARTESIAN_POINT('',(-0.1125,0.3,0.));
#8159 = VECTOR('',#8160,1.);
#8160 = DIRECTION('',(1.,0.,0.));
#8161 = PLANE('',#8162);
#8162 = AXIS2_PLACEMENT_3D('',#8163,#8164,#8165);
#8163 = CARTESIAN_POINT('',(-0.725,0.3,0.75));
#8164 = DIRECTION('',(0.,-1.,0.));
#8165 = DIRECTION('',(1.,0.,0.));
#8166 = ADVANCED_FACE('',(#8167),#8186,.T.);
#8167 = FACE_BOUND('',#8168,.T.);
#8168 = EDGE_LOOP('',(#8169,#8170,#8178,#8185));
#8169 = ORIENTED_EDGE('',*,*,#8147,.F.);
#8170 = ORIENTED_EDGE('',*,*,#8171,.F.);
#8171 = EDGE_CURVE('',#8172,#8148,#8174,.T.);
#8172 = VERTEX_POINT('',#8173);
#8173 = CARTESIAN_POINT('',(0.53,-0.3,-3.469446951954E-18));
#8174 = LINE('',#8175,#8176);
#8175 = CARTESIAN_POINT('',(0.53,-0.4,-3.469446951954E-18));
#8176 = VECTOR('',#8177,1.);
#8177 = DIRECTION('',(0.,1.,0.));
#8178 = ORIENTED_EDGE('',*,*,#8179,.T.);
#8179 = EDGE_CURVE('',#8172,#7466,#8180,.T.);
#8180 = CIRCLE('',#8181,3.E-02);
#8181 = AXIS2_PLACEMENT_3D('',#8182,#8183,#8184);
#8182 = CARTESIAN_POINT('',(0.53,-0.3,3.E-02));
#8183 = DIRECTION('',(0.,1.,-0.));
#8184 = DIRECTION('',(-1.,0.,0.));
#8185 = ORIENTED_EDGE('',*,*,#7473,.T.);
#8186 = CYLINDRICAL_SURFACE('',#8187,3.E-02);
#8187 = AXIS2_PLACEMENT_3D('',#8188,#8189,#8190);
#8188 = CARTESIAN_POINT('',(0.53,-0.4,3.E-02));
#8189 = DIRECTION('',(0.,1.,0.));
#8190 = DIRECTION('',(-1.,0.,0.));
#8191 = ADVANCED_FACE('',(#8192),#8210,.F.);
#8192 = FACE_BOUND('',#8193,.F.);
#8193 = EDGE_LOOP('',(#8194,#8195,#8203,#8209));
#8194 = ORIENTED_EDGE('',*,*,#7465,.T.);
#8195 = ORIENTED_EDGE('',*,*,#8196,.T.);
#8196 = EDGE_CURVE('',#7458,#8197,#8199,.T.);
#8197 = VERTEX_POINT('',#8198);
#8198 = CARTESIAN_POINT('',(0.725,-0.3,0.));
#8199 = LINE('',#8200,#8201);
#8200 = CARTESIAN_POINT('',(0.725,-0.3,0.75));
#8201 = VECTOR('',#8202,1.);
#8202 = DIRECTION('',(-0.,-0.,-1.));
#8203 = ORIENTED_EDGE('',*,*,#8204,.T.);
#8204 = EDGE_CURVE('',#8197,#8172,#8205,.T.);
#8205 = LINE('',#8206,#8207);
#8206 = CARTESIAN_POINT('',(0.6125,-0.3,0.));
#8207 = VECTOR('',#8208,1.);
#8208 = DIRECTION('',(-1.,0.,0.));
#8209 = ORIENTED_EDGE('',*,*,#8179,.T.);
#8210 = PLANE('',#8211);
#8211 = AXIS2_PLACEMENT_3D('',#8212,#8213,#8214);
#8212 = CARTESIAN_POINT('',(0.725,-0.3,0.75));
#8213 = DIRECTION('',(0.,1.,0.));
#8214 = DIRECTION('',(-1.,0.,0.));
#8215 = ADVANCED_FACE('',(#8216),#8227,.F.);
#8216 = FACE_BOUND('',#8217,.F.);
#8217 = EDGE_LOOP('',(#8218,#8219,#8220,#8221));
#8218 = ORIENTED_EDGE('',*,*,#8196,.F.);
#8219 = ORIENTED_EDGE('',*,*,#7457,.T.);
#8220 = ORIENTED_EDGE('',*,*,#7579,.T.);
#8221 = ORIENTED_EDGE('',*,*,#8222,.T.);
#8222 = EDGE_CURVE('',#7570,#8197,#8223,.T.);
#8223 = LINE('',#8224,#8225);
#8224 = CARTESIAN_POINT('',(0.725,-0.45,0.));
#8225 = VECTOR('',#8226,1.);
#8226 = DIRECTION('',(0.,1.,0.));
#8227 = PLANE('',#8228);
#8228 = AXIS2_PLACEMENT_3D('',#8229,#8230,#8231);
#8229 = CARTESIAN_POINT('',(0.725,-0.5,0.75));
#8230 = DIRECTION('',(1.,0.,0.));
#8231 = DIRECTION('',(-0.,1.,0.));
#8232 = ADVANCED_FACE('',(#8233),#8258,.T.);
#8233 = FACE_BOUND('',#8234,.T.);
#8234 = EDGE_LOOP('',(#8235,#8243,#8244,#8252));
#8235 = ORIENTED_EDGE('',*,*,#8236,.T.);
#8236 = EDGE_CURVE('',#8237,#7538,#8239,.T.);
#8237 = VERTEX_POINT('',#8238);
#8238 = CARTESIAN_POINT('',(0.277128129211,0.32,1.5E-02));
#8239 = LINE('',#8240,#8241);
#8240 = CARTESIAN_POINT('',(0.277128129211,0.32,1.5E-02));
#8241 = VECTOR('',#8242,1.);
#8242 = DIRECTION('',(0.,0.,1.));
#8243 = ORIENTED_EDGE('',*,*,#7537,.T.);
#8244 = ORIENTED_EDGE('',*,*,#8245,.F.);
#8245 = EDGE_CURVE('',#8246,#7540,#8248,.T.);
#8246 = VERTEX_POINT('',#8247);
#8247 = CARTESIAN_POINT('',(0.277128129211,-0.32,1.5E-02));
#8248 = LINE('',#8249,#8250);
#8249 = CARTESIAN_POINT('',(0.277128129211,-0.32,1.5E-02));
#8250 = VECTOR('',#8251,1.);
#8251 = DIRECTION('',(0.,0.,1.));
#8252 = ORIENTED_EDGE('',*,*,#8253,.F.);
#8253 = EDGE_CURVE('',#8237,#8246,#8254,.T.);
#8254 = LINE('',#8255,#8256);
#8255 = CARTESIAN_POINT('',(0.277128129211,0.32,1.5E-02));
#8256 = VECTOR('',#8257,1.);
#8257 = DIRECTION('',(0.,-1.,0.));
#8258 = PLANE('',#8259);
#8259 = AXIS2_PLACEMENT_3D('',#8260,#8261,#8262);
#8260 = CARTESIAN_POINT('',(0.277128129211,0.32,1.5E-02));
#8261 = DIRECTION('',(1.,0.,0.));
#8262 = DIRECTION('',(0.,-1.,0.));
#8263 = ADVANCED_FACE('',(#8264),#8282,.T.);
#8264 = FACE_BOUND('',#8265,.T.);
#8265 = EDGE_LOOP('',(#8266,#8274,#8275,#8276));
#8266 = ORIENTED_EDGE('',*,*,#8267,.T.);
#8267 = EDGE_CURVE('',#8268,#7548,#8270,.T.);
#8268 = VERTEX_POINT('',#8269);
#8269 = CARTESIAN_POINT('',(-0.277128129211,0.,1.5E-02));
#8270 = LINE('',#8271,#8272);
#8271 = CARTESIAN_POINT('',(-0.277128129211,0.,1.5E-02));
#8272 = VECTOR('',#8273,1.);
#8273 = DIRECTION('',(0.,0.,1.));
#8274 = ORIENTED_EDGE('',*,*,#7555,.T.);
#8275 = ORIENTED_EDGE('',*,*,#8236,.F.);
#8276 = ORIENTED_EDGE('',*,*,#8277,.F.);
#8277 = EDGE_CURVE('',#8268,#8237,#8278,.T.);
#8278 = LINE('',#8279,#8280);
#8279 = CARTESIAN_POINT('',(-0.277128129211,0.,1.5E-02));
#8280 = VECTOR('',#8281,1.);
#8281 = DIRECTION('',(0.866025403784,0.5,0.));
#8282 = PLANE('',#8283);
#8283 = AXIS2_PLACEMENT_3D('',#8284,#8285,#8286);
#8284 = CARTESIAN_POINT('',(-0.277128129211,0.,1.5E-02));
#8285 = DIRECTION('',(-0.5,0.866025403784,0.));
#8286 = DIRECTION('',(0.866025403784,0.5,0.));
#8287 = ADVANCED_FACE('',(#8288),#8299,.T.);
#8288 = FACE_BOUND('',#8289,.T.);
#8289 = EDGE_LOOP('',(#8290,#8291,#8292,#8293));
#8290 = ORIENTED_EDGE('',*,*,#8245,.T.);
#8291 = ORIENTED_EDGE('',*,*,#7547,.T.);
#8292 = ORIENTED_EDGE('',*,*,#8267,.F.);
#8293 = ORIENTED_EDGE('',*,*,#8294,.F.);
#8294 = EDGE_CURVE('',#8246,#8268,#8295,.T.);
#8295 = LINE('',#8296,#8297);
#8296 = CARTESIAN_POINT('',(0.277128129211,-0.32,1.5E-02));
#8297 = VECTOR('',#8298,1.);
#8298 = DIRECTION('',(-0.866025403784,0.5,0.));
#8299 = PLANE('',#8300);
#8300 = AXIS2_PLACEMENT_3D('',#8301,#8302,#8303);
#8301 = CARTESIAN_POINT('',(0.277128129211,-0.32,1.5E-02));
#8302 = DIRECTION('',(-0.5,-0.866025403784,0.));
#8303 = DIRECTION('',(-0.866025403784,0.5,0.));
#8304 = ADVANCED_FACE('',(#8305),#8327,.F.);
#8305 = FACE_BOUND('',#8306,.F.);
#8306 = EDGE_LOOP('',(#8307,#8315,#8316,#8317,#8318,#8319,#8320,#8321));
#8307 = ORIENTED_EDGE('',*,*,#8308,.F.);
#8308 = EDGE_CURVE('',#8124,#8309,#8311,.T.);
#8309 = VERTEX_POINT('',#8310);
#8310 = CARTESIAN_POINT('',(0.77,0.4,-3.469446951954E-18));
#8311 = LINE('',#8312,#8313);
#8312 = CARTESIAN_POINT('',(0.5,0.4,0.));
#8313 = VECTOR('',#8314,1.);
#8314 = DIRECTION('',(1.,0.,0.));
#8315 = ORIENTED_EDGE('',*,*,#8123,.F.);
#8316 = ORIENTED_EDGE('',*,*,#8156,.F.);
#8317 = ORIENTED_EDGE('',*,*,#8171,.F.);
#8318 = ORIENTED_EDGE('',*,*,#8204,.F.);
#8319 = ORIENTED_EDGE('',*,*,#8222,.F.);
#8320 = ORIENTED_EDGE('',*,*,#7569,.T.);
#8321 = ORIENTED_EDGE('',*,*,#8322,.T.);
#8322 = EDGE_CURVE('',#7572,#8309,#8323,.T.);
#8323 = LINE('',#8324,#8325);
#8324 = CARTESIAN_POINT('',(0.77,-0.4,-3.469446951954E-18));
#8325 = VECTOR('',#8326,1.);
#8326 = DIRECTION('',(0.,1.,0.));
#8327 = PLANE('',#8328);
#8328 = AXIS2_PLACEMENT_3D('',#8329,#8330,#8331);
#8329 = CARTESIAN_POINT('',(0.5,-0.4,0.));
#8330 = DIRECTION('',(0.,0.,1.));
#8331 = DIRECTION('',(1.,0.,-0.));
#8332 = ADVANCED_FACE('',(#8333),#8352,.T.);
#8333 = FACE_BOUND('',#8334,.T.);
#8334 = EDGE_LOOP('',(#8335,#8336,#8337,#8346));
#8335 = ORIENTED_EDGE('',*,*,#7621,.T.);
#8336 = ORIENTED_EDGE('',*,*,#8322,.T.);
#8337 = ORIENTED_EDGE('',*,*,#8338,.F.);
#8338 = EDGE_CURVE('',#8339,#8309,#8341,.T.);
#8339 = VERTEX_POINT('',#8340);
#8340 = CARTESIAN_POINT('',(0.8,0.4,3.E-02));
#8341 = CIRCLE('',#8342,3.E-02);
#8342 = AXIS2_PLACEMENT_3D('',#8343,#8344,#8345);
#8343 = CARTESIAN_POINT('',(0.77,0.4,3.E-02));
#8344 = DIRECTION('',(0.,1.,0.));
#8345 = DIRECTION('',(0.,-0.,1.));
#8346 = ORIENTED_EDGE('',*,*,#8347,.F.);
#8347 = EDGE_CURVE('',#7614,#8339,#8348,.T.);
#8348 = LINE('',#8349,#8350);
#8349 = CARTESIAN_POINT('',(0.8,-0.4,3.E-02));
#8350 = VECTOR('',#8351,1.);
#8351 = DIRECTION('',(0.,1.,0.));
#8352 = CYLINDRICAL_SURFACE('',#8353,3.E-02);
#8353 = AXIS2_PLACEMENT_3D('',#8354,#8355,#8356);
#8354 = CARTESIAN_POINT('',(0.77,-0.4,3.E-02));
#8355 = DIRECTION('',(0.,1.,0.));
#8356 = DIRECTION('',(1.,0.,0.));
#8357 = ADVANCED_FACE('',(#8358),#8376,.T.);
#8358 = FACE_BOUND('',#8359,.T.);
#8359 = EDGE_LOOP('',(#8360,#8361,#8362,#8370));
#8360 = ORIENTED_EDGE('',*,*,#7613,.F.);
#8361 = ORIENTED_EDGE('',*,*,#8347,.T.);
#8362 = ORIENTED_EDGE('',*,*,#8363,.T.);
#8363 = EDGE_CURVE('',#8339,#8364,#8366,.T.);
#8364 = VERTEX_POINT('',#8365);
#8365 = CARTESIAN_POINT('',(0.8,0.4,0.47));
#8366 = LINE('',#8367,#8368);
#8367 = CARTESIAN_POINT('',(0.8,0.4,0.));
#8368 = VECTOR('',#8369,1.);
#8369 = DIRECTION('',(0.,0.,1.));
#8370 = ORIENTED_EDGE('',*,*,#8371,.F.);
#8371 = EDGE_CURVE('',#7605,#8364,#8372,.T.);
#8372 = LINE('',#8373,#8374);
#8373 = CARTESIAN_POINT('',(0.8,-0.4,0.47));
#8374 = VECTOR('',#8375,1.);
#8375 = DIRECTION('',(0.,1.,0.));
#8376 = PLANE('',#8377);
#8377 = AXIS2_PLACEMENT_3D('',#8378,#8379,#8380);
#8378 = CARTESIAN_POINT('',(0.8,-0.4,0.));
#8379 = DIRECTION('',(1.,0.,0.));
#8380 = DIRECTION('',(0.,0.,1.));
#8381 = ADVANCED_FACE('',(#8382),#8401,.T.);
#8382 = FACE_BOUND('',#8383,.T.);
#8383 = EDGE_LOOP('',(#8384,#8385,#8394,#8400));
#8384 = ORIENTED_EDGE('',*,*,#8371,.T.);
#8385 = ORIENTED_EDGE('',*,*,#8386,.T.);
#8386 = EDGE_CURVE('',#8364,#8387,#8389,.T.);
#8387 = VERTEX_POINT('',#8388);
#8388 = CARTESIAN_POINT('',(0.77,0.4,0.5));
#8389 = CIRCLE('',#8390,3.E-02);
#8390 = AXIS2_PLACEMENT_3D('',#8391,#8392,#8393);
#8391 = CARTESIAN_POINT('',(0.77,0.4,0.47));
#8392 = DIRECTION('',(0.,-1.,0.));
#8393 = DIRECTION('',(0.,0.,1.));
#8394 = ORIENTED_EDGE('',*,*,#8395,.F.);
#8395 = EDGE_CURVE('',#7597,#8387,#8396,.T.);
#8396 = LINE('',#8397,#8398);
#8397 = CARTESIAN_POINT('',(0.77,-0.4,0.5));
#8398 = VECTOR('',#8399,1.);
#8399 = DIRECTION('',(0.,1.,0.));
#8400 = ORIENTED_EDGE('',*,*,#7604,.F.);
#8401 = CYLINDRICAL_SURFACE('',#8402,3.E-02);
#8402 = AXIS2_PLACEMENT_3D('',#8403,#8404,#8405);
#8403 = CARTESIAN_POINT('',(0.77,-0.4,0.47));
#8404 = DIRECTION('',(0.,1.,0.));
#8405 = DIRECTION('',(1.,0.,0.));
#8406 = ADVANCED_FACE('',(#8407),#8448,.T.);
#8407 = FACE_BOUND('',#8408,.T.);
#8408 = EDGE_LOOP('',(#8409,#8417,#8425,#8431,#8432,#8440,#8446,#8447));
#8409 = ORIENTED_EDGE('',*,*,#8410,.F.);
#8410 = EDGE_CURVE('',#8411,#8387,#8413,.T.);
#8411 = VERTEX_POINT('',#8412);
#8412 = CARTESIAN_POINT('',(0.725,0.4,0.5));
#8413 = LINE('',#8414,#8415);
#8414 = CARTESIAN_POINT('',(0.5,0.4,0.5));
#8415 = VECTOR('',#8416,1.);
#8416 = DIRECTION('',(1.,0.,0.));
#8417 = ORIENTED_EDGE('',*,*,#8418,.F.);
#8418 = EDGE_CURVE('',#8419,#8411,#8421,.T.);
#8419 = VERTEX_POINT('',#8420);
#8420 = CARTESIAN_POINT('',(0.725,0.3,0.5));
#8421 = LINE('',#8422,#8423);
#8422 = CARTESIAN_POINT('',(0.725,-5.E-02,0.5));
#8423 = VECTOR('',#8424,1.);
#8424 = DIRECTION('',(0.,1.,0.));
#8425 = ORIENTED_EDGE('',*,*,#8426,.F.);
#8426 = EDGE_CURVE('',#7702,#8419,#8427,.T.);
#8427 = LINE('',#8428,#8429);
#8428 = CARTESIAN_POINT('',(-0.1125,0.3,0.5));
#8429 = VECTOR('',#8430,1.);
#8430 = DIRECTION('',(1.,0.,0.));
#8431 = ORIENTED_EDGE('',*,*,#7701,.F.);
#8432 = ORIENTED_EDGE('',*,*,#8433,.F.);
#8433 = EDGE_CURVE('',#8434,#7693,#8436,.T.);
#8434 = VERTEX_POINT('',#8435);
#8435 = CARTESIAN_POINT('',(0.725,-0.3,0.5));
#8436 = LINE('',#8437,#8438);
#8437 = CARTESIAN_POINT('',(0.6125,-0.3,0.5));
#8438 = VECTOR('',#8439,1.);
#8439 = DIRECTION('',(-1.,0.,0.));
#8440 = ORIENTED_EDGE('',*,*,#8441,.F.);
#8441 = EDGE_CURVE('',#7589,#8434,#8442,.T.);
#8442 = LINE('',#8443,#8444);
#8443 = CARTESIAN_POINT('',(0.725,-0.45,0.5));
#8444 = VECTOR('',#8445,1.);
#8445 = DIRECTION('',(0.,1.,0.));
#8446 = ORIENTED_EDGE('',*,*,#7596,.T.);
#8447 = ORIENTED_EDGE('',*,*,#8395,.T.);
#8448 = PLANE('',#8449);
#8449 = AXIS2_PLACEMENT_3D('',#8450,#8451,#8452);
#8450 = CARTESIAN_POINT('',(0.5,-0.4,0.5));
#8451 = DIRECTION('',(0.,0.,1.));
#8452 = DIRECTION('',(1.,0.,-0.));
#8453 = ADVANCED_FACE('',(#8454),#8465,.F.);
#8454 = FACE_BOUND('',#8455,.F.);
#8455 = EDGE_LOOP('',(#8456,#8462,#8463,#8464));
#8456 = ORIENTED_EDGE('',*,*,#8457,.F.);
#8457 = EDGE_CURVE('',#8434,#7637,#8458,.T.);
#8458 = LINE('',#8459,#8460);
#8459 = CARTESIAN_POINT('',(0.725,-0.3,0.75));
#8460 = VECTOR('',#8461,1.);
#8461 = DIRECTION('',(-0.,-0.,-1.));
#8462 = ORIENTED_EDGE('',*,*,#8441,.F.);
#8463 = ORIENTED_EDGE('',*,*,#7588,.T.);
#8464 = ORIENTED_EDGE('',*,*,#7646,.F.);
#8465 = PLANE('',#8466);
#8466 = AXIS2_PLACEMENT_3D('',#8467,#8468,#8469);
#8467 = CARTESIAN_POINT('',(0.725,-0.5,0.75));
#8468 = DIRECTION('',(1.,0.,0.));
#8469 = DIRECTION('',(-0.,1.,0.));
#8470 = ADVANCED_FACE('',(#8471),#8477,.F.);
#8471 = FACE_BOUND('',#8472,.F.);
#8472 = EDGE_LOOP('',(#8473,#8474,#8475,#8476));
#8473 = ORIENTED_EDGE('',*,*,#8433,.F.);
#8474 = ORIENTED_EDGE('',*,*,#8457,.T.);
#8475 = ORIENTED_EDGE('',*,*,#7636,.F.);
#8476 = ORIENTED_EDGE('',*,*,#7692,.T.);
#8477 = PLANE('',#8478);
#8478 = AXIS2_PLACEMENT_3D('',#8479,#8480,#8481);
#8479 = CARTESIAN_POINT('',(0.725,-0.3,0.75));
#8480 = DIRECTION('',(0.,1.,0.));
#8481 = DIRECTION('',(-1.,0.,0.));
#8482 = ADVANCED_FACE('',(#8483),#8499,.F.);
#8483 = FACE_BOUND('',#8484,.F.);
#8484 = EDGE_LOOP('',(#8485,#8486,#8492,#8493));
#8485 = ORIENTED_EDGE('',*,*,#8418,.F.);
#8486 = ORIENTED_EDGE('',*,*,#8487,.T.);
#8487 = EDGE_CURVE('',#8419,#7670,#8488,.T.);
#8488 = LINE('',#8489,#8490);
#8489 = CARTESIAN_POINT('',(0.725,0.3,0.75));
#8490 = VECTOR('',#8491,1.);
#8491 = DIRECTION('',(-0.,-0.,-1.));
#8492 = ORIENTED_EDGE('',*,*,#7677,.F.);
#8493 = ORIENTED_EDGE('',*,*,#8494,.F.);
#8494 = EDGE_CURVE('',#8411,#7661,#8495,.T.);
#8495 = LINE('',#8496,#8497);
#8496 = CARTESIAN_POINT('',(0.725,0.4,0.375));
#8497 = VECTOR('',#8498,1.);
#8498 = DIRECTION('',(0.,0.,-1.));
#8499 = PLANE('',#8500);
#8500 = AXIS2_PLACEMENT_3D('',#8501,#8502,#8503);
#8501 = CARTESIAN_POINT('',(0.725,0.3,0.75));
#8502 = DIRECTION('',(1.,0.,0.));
#8503 = DIRECTION('',(-0.,1.,0.));
#8504 = ADVANCED_FACE('',(#8505),#8511,.F.);
#8505 = FACE_BOUND('',#8506,.F.);
#8506 = EDGE_LOOP('',(#8507,#8508,#8509,#8510));
#8507 = ORIENTED_EDGE('',*,*,#8487,.F.);
#8508 = ORIENTED_EDGE('',*,*,#8426,.F.);
#8509 = ORIENTED_EDGE('',*,*,#7709,.F.);
#8510 = ORIENTED_EDGE('',*,*,#7669,.F.);
#8511 = PLANE('',#8512);
#8512 = AXIS2_PLACEMENT_3D('',#8513,#8514,#8515);
#8513 = CARTESIAN_POINT('',(-0.725,0.3,0.75));
#8514 = DIRECTION('',(0.,-1.,0.));
#8515 = DIRECTION('',(1.,0.,0.));
#8516 = ADVANCED_FACE('',(#8517),#8529,.T.);
#8517 = FACE_BOUND('',#8518,.T.);
#8518 = EDGE_LOOP('',(#8519,#8520,#8521,#8522,#8523,#8524,#8525,#8526,
    #8527,#8528));
#8519 = ORIENTED_EDGE('',*,*,#7897,.F.);
#8520 = ORIENTED_EDGE('',*,*,#7968,.F.);
#8521 = ORIENTED_EDGE('',*,*,#8004,.T.);
#8522 = ORIENTED_EDGE('',*,*,#8028,.T.);
#8523 = ORIENTED_EDGE('',*,*,#7852,.T.);
#8524 = ORIENTED_EDGE('',*,*,#7813,.F.);
#8525 = ORIENTED_EDGE('',*,*,#7740,.F.);
#8526 = ORIENTED_EDGE('',*,*,#7732,.F.);
#8527 = ORIENTED_EDGE('',*,*,#7724,.T.);
#8528 = ORIENTED_EDGE('',*,*,#8099,.F.);
#8529 = PLANE('',#8530);
#8530 = AXIS2_PLACEMENT_3D('',#8531,#8532,#8533);
#8531 = CARTESIAN_POINT('',(-0.8,0.4,0.));
#8532 = DIRECTION('',(0.,1.,0.));
#8533 = DIRECTION('',(0.,-0.,1.));
#8534 = ADVANCED_FACE('',(#8535),#8547,.T.);
#8535 = FACE_BOUND('',#8536,.T.);
#8536 = EDGE_LOOP('',(#8537,#8538,#8539,#8540,#8541,#8542,#8543,#8544,
    #8545,#8546));
#8537 = ORIENTED_EDGE('',*,*,#8308,.F.);
#8538 = ORIENTED_EDGE('',*,*,#8131,.F.);
#8539 = ORIENTED_EDGE('',*,*,#7765,.T.);
#8540 = ORIENTED_EDGE('',*,*,#7757,.T.);
#8541 = ORIENTED_EDGE('',*,*,#7749,.F.);
#8542 = ORIENTED_EDGE('',*,*,#8494,.F.);
#8543 = ORIENTED_EDGE('',*,*,#8410,.T.);
#8544 = ORIENTED_EDGE('',*,*,#8386,.F.);
#8545 = ORIENTED_EDGE('',*,*,#8363,.F.);
#8546 = ORIENTED_EDGE('',*,*,#8338,.T.);
#8547 = PLANE('',#8548);
#8548 = AXIS2_PLACEMENT_3D('',#8549,#8550,#8551);
#8549 = CARTESIAN_POINT('',(0.5,0.4,0.));
#8550 = DIRECTION('',(0.,1.,0.));
#8551 = DIRECTION('',(0.,-0.,1.));
#8552 = ADVANCED_FACE('',(#8553),#8558,.T.);
#8553 = FACE_BOUND('',#8554,.T.);
#8554 = EDGE_LOOP('',(#8555,#8556,#8557));
#8555 = ORIENTED_EDGE('',*,*,#8277,.T.);
#8556 = ORIENTED_EDGE('',*,*,#8253,.T.);
#8557 = ORIENTED_EDGE('',*,*,#8294,.T.);
#8558 = PLANE('',#8559);
#8559 = AXIS2_PLACEMENT_3D('',#8560,#8561,#8562);
#8560 = CARTESIAN_POINT('',(9.237604307034E-02,0.,1.5E-02));
#8561 = DIRECTION('',(-0.,-0.,-1.));
#8562 = DIRECTION('',(-1.,0.,0.));
#8563 = ( GEOMETRIC_REPRESENTATION_CONTEXT(3) 
GLOBAL_UNCERTAINTY_ASSIGNED_CONTEXT((#8567)) 
GLOBAL_UNIT_ASSIGNED_CONTEXT((#8564,#8565,#8566)) REPRESENTATION_CONTEXT
('Context #1','3D Context with UNIT and UNCERTAINTY') );
#8564 = ( LENGTH_UNIT() NAMED_UNIT(*) SI_UNIT(.MILLI.,.METRE.) );
#8565 = ( NAMED_UNIT(*) PLANE_ANGLE_UNIT() SI_UNIT($,.RADIAN.) );
#8566 = ( NAMED_UNIT(*) SI_UNIT($,.STERADIAN.) SOLID_ANGLE_UNIT() );
#8567 = UNCERTAINTY_MEASURE_WITH_UNIT(LENGTH_MEASURE(1.E-07),#8564,
  'distance_accuracy_value','confusion accuracy');
#8568 = CONTEXT_DEPENDENT_SHAPE_REPRESENTATION(#8569,#8571);
#8569 = ( REPRESENTATION_RELATIONSHIP('','',#7039,#10) 
REPRESENTATION_RELATIONSHIP_WITH_TRANSFORMATION(#8570) 
SHAPE_REPRESENTATION_RELATIONSHIP() );
#8570 = ITEM_DEFINED_TRANSFORMATION('','',#11,#59);
#8571 = PRODUCT_DEFINITION_SHAPE('Placement','Placement of an item',
  #8572);
#8572 = NEXT_ASSEMBLY_USAGE_OCCURRENCE('12','D2','',#5,#7034,$);
#8573 = PRODUCT_RELATED_PRODUCT_CATEGORY('part',$,(#7036));
#8574 = CONTEXT_DEPENDENT_SHAPE_REPRESENTATION(#8575,#8577);
#8575 = ( REPRESENTATION_RELATIONSHIP('','',#240,#10) 
REPRESENTATION_RELATIONSHIP_WITH_TRANSFORMATION(#8576) 
SHAPE_REPRESENTATION_RELATIONSHIP() );
#8576 = ITEM_DEFINED_TRANSFORMATION('','',#11,#63);
#8577 = PRODUCT_DEFINITION_SHAPE('Placement','Placement of an item',
  #8578);
#8578 = NEXT_ASSEMBLY_USAGE_OCCURRENCE('13','C13','',#5,#235,$);
#8579 = CONTEXT_DEPENDENT_SHAPE_REPRESENTATION(#8580,#8582);
#8580 = ( REPRESENTATION_RELATIONSHIP('','',#1118,#10) 
REPRESENTATION_RELATIONSHIP_WITH_TRANSFORMATION(#8581) 
SHAPE_REPRESENTATION_RELATIONSHIP() );
#8581 = ITEM_DEFINED_TRANSFORMATION('','',#11,#67);
#8582 = PRODUCT_DEFINITION_SHAPE('Placement','Placement of an item',
  #8583);
#8583 = NEXT_ASSEMBLY_USAGE_OCCURRENCE('14','L16','',#5,#1113,$);
#8584 = CONTEXT_DEPENDENT_SHAPE_REPRESENTATION(#8585,#8587);
#8585 = ( REPRESENTATION_RELATIONSHIP('','',#240,#10) 
REPRESENTATION_RELATIONSHIP_WITH_TRANSFORMATION(#8586) 
SHAPE_REPRESENTATION_RELATIONSHIP() );
#8586 = ITEM_DEFINED_TRANSFORMATION('','',#11,#71);
#8587 = PRODUCT_DEFINITION_SHAPE('Placement','Placement of an item',
  #8588);
#8588 = NEXT_ASSEMBLY_USAGE_OCCURRENCE('15','C26','',#5,#235,$);
#8589 = CONTEXT_DEPENDENT_SHAPE_REPRESENTATION(#8590,#8592);
#8590 = ( REPRESENTATION_RELATIONSHIP('','',#1991,#10) 
REPRESENTATION_RELATIONSHIP_WITH_TRANSFORMATION(#8591) 
SHAPE_REPRESENTATION_RELATIONSHIP() );
#8591 = ITEM_DEFINED_TRANSFORMATION('','',#11,#75);
#8592 = PRODUCT_DEFINITION_SHAPE('Placement','Placement of an item',
  #8593);
#8593 = NEXT_ASSEMBLY_USAGE_OCCURRENCE('16','R1','',#5,#1986,$);
#8594 = CONTEXT_DEPENDENT_SHAPE_REPRESENTATION(#8595,#8597);
#8595 = ( REPRESENTATION_RELATIONSHIP('','',#240,#10) 
REPRESENTATION_RELATIONSHIP_WITH_TRANSFORMATION(#8596) 
SHAPE_REPRESENTATION_RELATIONSHIP() );
#8596 = ITEM_DEFINED_TRANSFORMATION('','',#11,#79);
#8597 = PRODUCT_DEFINITION_SHAPE('Placement','Placement of an item',
  #8598);
#8598 = NEXT_ASSEMBLY_USAGE_OCCURRENCE('17','C11','',#5,#235,$);
#8599 = CONTEXT_DEPENDENT_SHAPE_REPRESENTATION(#8600,#8602);
#8600 = ( REPRESENTATION_RELATIONSHIP('','',#1118,#10) 
REPRESENTATION_RELATIONSHIP_WITH_TRANSFORMATION(#8601) 
SHAPE_REPRESENTATION_RELATIONSHIP() );
#8601 = ITEM_DEFINED_TRANSFORMATION('','',#11,#83);
#8602 = PRODUCT_DEFINITION_SHAPE('Placement','Placement of an item',
  #8603);
#8603 = NEXT_ASSEMBLY_USAGE_OCCURRENCE('18','L3','',#5,#1113,$);
#8604 = CONTEXT_DEPENDENT_SHAPE_REPRESENTATION(#8605,#8607);
#8605 = ( REPRESENTATION_RELATIONSHIP('','',#6151,#10) 
REPRESENTATION_RELATIONSHIP_WITH_TRANSFORMATION(#8606) 
SHAPE_REPRESENTATION_RELATIONSHIP() );
#8606 = ITEM_DEFINED_TRANSFORMATION('','',#11,#87);
#8607 = PRODUCT_DEFINITION_SHAPE('Placement','Placement of an item',
  #8608);
#8608 = NEXT_ASSEMBLY_USAGE_OCCURRENCE('19','C18','',#5,#6146,$);
#8609 = CONTEXT_DEPENDENT_SHAPE_REPRESENTATION(#8610,#8612);
#8610 = ( REPRESENTATION_RELATIONSHIP('','',#6151,#10) 
REPRESENTATION_RELATIONSHIP_WITH_TRANSFORMATION(#8611) 
SHAPE_REPRESENTATION_RELATIONSHIP() );
#8611 = ITEM_DEFINED_TRANSFORMATION('','',#11,#91);
#8612 = PRODUCT_DEFINITION_SHAPE('Placement','Placement of an item',
  #8613);
#8613 = NEXT_ASSEMBLY_USAGE_OCCURRENCE('20','C20','',#5,#6146,$);
#8614 = CONTEXT_DEPENDENT_SHAPE_REPRESENTATION(#8615,#8617);
#8615 = ( REPRESENTATION_RELATIONSHIP('','',#240,#10) 
REPRESENTATION_RELATIONSHIP_WITH_TRANSFORMATION(#8616) 
SHAPE_REPRESENTATION_RELATIONSHIP() );
#8616 = ITEM_DEFINED_TRANSFORMATION('','',#11,#95);
#8617 = PRODUCT_DEFINITION_SHAPE('Placement','Placement of an item',
  #8618);
#8618 = NEXT_ASSEMBLY_USAGE_OCCURRENCE('21','C15','',#5,#235,$);
#8619 = CONTEXT_DEPENDENT_SHAPE_REPRESENTATION(#8620,#8622);
#8620 = ( REPRESENTATION_RELATIONSHIP('','',#1118,#10) 
REPRESENTATION_RELATIONSHIP_WITH_TRANSFORMATION(#8621) 
SHAPE_REPRESENTATION_RELATIONSHIP() );
#8621 = ITEM_DEFINED_TRANSFORMATION('','',#11,#99);
#8622 = PRODUCT_DEFINITION_SHAPE('Placement','Placement of an item',
  #8623);
#8623 = NEXT_ASSEMBLY_USAGE_OCCURRENCE('22','L13','',#5,#1113,$);
#8624 = SHAPE_DEFINITION_REPRESENTATION(#8625,#8631);
#8625 = PRODUCT_DEFINITION_SHAPE('','',#8626);
#8626 = PRODUCT_DEFINITION('design','',#8627,#8630);
#8627 = PRODUCT_DEFINITION_FORMATION('','',#8628);
#8628 = PRODUCT('JST_GH_SM06B-GHS-TB_1x06-1MP_P1.25mm_Horizontal',
  'JST_GH_SM06B-GHS-TB_1x06-1MP_P1.25mm_Horizontal','',(#8629));
#8629 = PRODUCT_CONTEXT('',#2,'mechanical');
#8630 = PRODUCT_DEFINITION_CONTEXT('part definition',#2,'design');
#8631 = ADVANCED_BREP_SHAPE_REPRESENTATION('',(#11,#8632),#16995);
#8632 = MANIFOLD_SOLID_BREP('',#8633);
#8633 = CLOSED_SHELL('',(#8634,#8770,#8833,#8873,#8897,#8953,#8977,#9640
    ,#9696,#9720,#9744,#9768,#9792,#9873,#10089,#10113,#10137,#10346,
    #10434,#10474,#10507,#10540,#10564,#10631,#10655,#10679,#10696,
    #10720,#10815,#10839,#10864,#10896,#10913,#10935,#10952,#11003,
    #11015,#11046,#11070,#11094,#11118,#11142,#11166,#11190,#11214,
    #11238,#11262,#11294,#11318,#11358,#11390,#11414,#11454,#11494,
    #11518,#11550,#11590,#11614,#11646,#11670,#11694,#11718,#11742,
    #11774,#11798,#11838,#11870,#11894,#11934,#11974,#11998,#12030,
    #12070,#12094,#12126,#12150,#12174,#12198,#12222,#12254,#12278,
    #12318,#12350,#12374,#12414,#12454,#12478,#12510,#12550,#12574,
    #12606,#12630,#12647,#12678,#12702,#12726,#12743,#12774,#12798,
    #12822,#12839,#12879,#12896,#12910,#12927,#12985,#13009,#13072,
    #13096,#13159,#13183,#13246,#13270,#13333,#13357,#13420,#13444,
    #13507,#13531,#13594,#13618,#13681,#13705,#13768,#13792,#13855,
    #13879,#13942,#13959,#13971,#13988,#14000,#14017,#14029,#14046,
    #14058,#14075,#14087,#14104,#14116,#14133,#14150,#14185,#14202,
    #14214,#14231,#14248,#14266,#14283,#14301,#14313,#14325,#14349,
    #14373,#14390,#14402,#14425,#14449,#14465,#14477,#14859,#14891,
    #14908,#14925,#14951,#14983,#15014,#15031,#15043,#15068,#15093,
    #15125,#15142,#15159,#15185,#15217,#15248,#15265,#15277,#15302,
    #15327,#15359,#15376,#15393,#15419,#15451,#15482,#15499,#15511,
    #15536,#15561,#15573,#15585,#15602,#15619,#15636,#15648,#15665,
    #15682,#15699,#15711,#15728,#15745,#15762,#15774,#15791,#15808,
    #15825,#15837,#15854,#15871,#15888,#15900,#15917,#15934,#15951,
    #15963,#15975,#15992,#16009,#16026,#16043,#16060,#16077,#16116,
    #16140,#16172,#16189,#16228,#16252,#16284,#16301,#16340,#16364,
    #16396,#16413,#16444,#16476,#16500,#16525,#16564,#16588,#16620,
    #16637,#16676,#16700,#16732,#16749,#16761,#16773,#16785,#16797,
    #16809,#16821,#16838,#16850,#16867,#16879,#16896,#16908,#16925,
    #16937,#16954,#16966,#16983));
#8634 = ADVANCED_FACE('',(#8635),#8765,.F.);
#8635 = FACE_BOUND('',#8636,.F.);
#8636 = EDGE_LOOP('',(#8637,#8647,#8655,#8663,#8671,#8679,#8687,#8695,
    #8703,#8711,#8719,#8727,#8735,#8743,#8751,#8759));
#8637 = ORIENTED_EDGE('',*,*,#8638,.F.);
#8638 = EDGE_CURVE('',#8639,#8641,#8643,.T.);
#8639 = VERTEX_POINT('',#8640);
#8640 = CARTESIAN_POINT('',(-5.375,0.93,-5.E-03));
#8641 = VERTEX_POINT('',#8642);
#8642 = CARTESIAN_POINT('',(-5.375,-0.22,-4.999999999999E-03));
#8643 = LINE('',#8644,#8645);
#8644 = CARTESIAN_POINT('',(-5.375,1.58,-5.E-03));
#8645 = VECTOR('',#8646,1.);
#8646 = DIRECTION('',(0.,-1.,2.22044604925E-16));
#8647 = ORIENTED_EDGE('',*,*,#8648,.F.);
#8648 = EDGE_CURVE('',#8649,#8639,#8651,.T.);
#8649 = VERTEX_POINT('',#8650);
#8650 = CARTESIAN_POINT('',(-5.375,0.93,0.195));
#8651 = LINE('',#8652,#8653);
#8652 = CARTESIAN_POINT('',(-5.375,0.93,0.195));
#8653 = VECTOR('',#8654,1.);
#8654 = DIRECTION('',(0.,-2.22044604925E-16,-1.));
#8655 = ORIENTED_EDGE('',*,*,#8656,.F.);
#8656 = EDGE_CURVE('',#8657,#8649,#8659,.T.);
#8657 = VERTEX_POINT('',#8658);
#8658 = CARTESIAN_POINT('',(-5.375,1.08,0.195));
#8659 = LINE('',#8660,#8661);
#8660 = CARTESIAN_POINT('',(-5.375,1.08,0.195));
#8661 = VECTOR('',#8662,1.);
#8662 = DIRECTION('',(0.,-1.,2.22044604925E-16));
#8663 = ORIENTED_EDGE('',*,*,#8664,.F.);
#8664 = EDGE_CURVE('',#8665,#8657,#8667,.T.);
#8665 = VERTEX_POINT('',#8666);
#8666 = CARTESIAN_POINT('',(-5.375,1.08,0.945));
#8667 = LINE('',#8668,#8669);
#8668 = CARTESIAN_POINT('',(-5.375,1.08,0.945));
#8669 = VECTOR('',#8670,1.);
#8670 = DIRECTION('',(0.,-2.22044604925E-16,-1.));
#8671 = ORIENTED_EDGE('',*,*,#8672,.F.);
#8672 = EDGE_CURVE('',#8673,#8665,#8675,.T.);
#8673 = VERTEX_POINT('',#8674);
#8674 = CARTESIAN_POINT('',(-5.375,1.58,0.945));
#8675 = LINE('',#8676,#8677);
#8676 = CARTESIAN_POINT('',(-5.375,1.58,0.945));
#8677 = VECTOR('',#8678,1.);
#8678 = DIRECTION('',(0.,-1.,2.22044604925E-16));
#8679 = ORIENTED_EDGE('',*,*,#8680,.T.);
#8680 = EDGE_CURVE('',#8673,#8681,#8683,.T.);
#8681 = VERTEX_POINT('',#8682);
#8682 = CARTESIAN_POINT('',(-5.375,1.58,1.995));
#8683 = LINE('',#8684,#8685);
#8684 = CARTESIAN_POINT('',(-5.375,1.58,-5.E-03));
#8685 = VECTOR('',#8686,1.);
#8686 = DIRECTION('',(0.,2.22044604925E-16,1.));
#8687 = ORIENTED_EDGE('',*,*,#8688,.T.);
#8688 = EDGE_CURVE('',#8681,#8689,#8691,.T.);
#8689 = VERTEX_POINT('',#8690);
#8690 = CARTESIAN_POINT('',(-5.375,0.98,1.995));
#8691 = LINE('',#8692,#8693);
#8692 = CARTESIAN_POINT('',(-5.375,1.58,1.995));
#8693 = VECTOR('',#8694,1.);
#8694 = DIRECTION('',(0.,-1.,2.22044604925E-16));
#8695 = ORIENTED_EDGE('',*,*,#8696,.T.);
#8696 = EDGE_CURVE('',#8689,#8697,#8699,.T.);
#8697 = VERTEX_POINT('',#8698);
#8698 = CARTESIAN_POINT('',(-5.375,0.98,3.595));
#8699 = LINE('',#8700,#8701);
#8700 = CARTESIAN_POINT('',(-5.375,0.98,1.995));
#8701 = VECTOR('',#8702,1.);
#8702 = DIRECTION('',(0.,2.22044604925E-16,1.));
#8703 = ORIENTED_EDGE('',*,*,#8704,.T.);
#8704 = EDGE_CURVE('',#8697,#8705,#8707,.T.);
#8705 = VERTEX_POINT('',#8706);
#8706 = CARTESIAN_POINT('',(-5.375,-0.32,3.595));
#8707 = LINE('',#8708,#8709);
#8708 = CARTESIAN_POINT('',(-5.375,0.98,3.595));
#8709 = VECTOR('',#8710,1.);
#8710 = DIRECTION('',(0.,-1.,2.22044604925E-16));
#8711 = ORIENTED_EDGE('',*,*,#8712,.T.);
#8712 = EDGE_CURVE('',#8705,#8713,#8715,.T.);
#8713 = VERTEX_POINT('',#8714);
#8714 = CARTESIAN_POINT('',(-5.375,-0.32,4.245));
#8715 = LINE('',#8716,#8717);
#8716 = CARTESIAN_POINT('',(-5.375,-0.32,3.595));
#8717 = VECTOR('',#8718,1.);
#8718 = DIRECTION('',(0.,2.22044604925E-16,1.));
#8719 = ORIENTED_EDGE('',*,*,#8720,.T.);
#8720 = EDGE_CURVE('',#8713,#8721,#8723,.T.);
#8721 = VERTEX_POINT('',#8722);
#8722 = CARTESIAN_POINT('',(-5.375,-2.47,4.245));
#8723 = LINE('',#8724,#8725);
#8724 = CARTESIAN_POINT('',(-5.375,1.58,4.245));
#8725 = VECTOR('',#8726,1.);
#8726 = DIRECTION('',(0.,-1.,2.22044604925E-16));
#8727 = ORIENTED_EDGE('',*,*,#8728,.F.);
#8728 = EDGE_CURVE('',#8729,#8721,#8731,.T.);
#8729 = VERTEX_POINT('',#8730);
#8730 = CARTESIAN_POINT('',(-5.375,-2.47,1.945));
#8731 = LINE('',#8732,#8733);
#8732 = CARTESIAN_POINT('',(-5.375,-2.47,-4.999999999999E-03));
#8733 = VECTOR('',#8734,1.);
#8734 = DIRECTION('',(0.,2.22044604925E-16,1.));
#8735 = ORIENTED_EDGE('',*,*,#8736,.T.);
#8736 = EDGE_CURVE('',#8729,#8737,#8739,.T.);
#8737 = VERTEX_POINT('',#8738);
#8738 = CARTESIAN_POINT('',(-5.375,-1.82,1.945));
#8739 = LINE('',#8740,#8741);
#8740 = CARTESIAN_POINT('',(-5.375,-2.47,1.945));
#8741 = VECTOR('',#8742,1.);
#8742 = DIRECTION('',(0.,1.,-2.22044604925E-16));
#8743 = ORIENTED_EDGE('',*,*,#8744,.T.);
#8744 = EDGE_CURVE('',#8737,#8745,#8747,.T.);
#8745 = VERTEX_POINT('',#8746);
#8746 = CARTESIAN_POINT('',(-5.375,-1.82,0.595));
#8747 = LINE('',#8748,#8749);
#8748 = CARTESIAN_POINT('',(-5.375,-1.82,1.945));
#8749 = VECTOR('',#8750,1.);
#8750 = DIRECTION('',(0.,-2.22044604925E-16,-1.));
#8751 = ORIENTED_EDGE('',*,*,#8752,.T.);
#8752 = EDGE_CURVE('',#8745,#8753,#8755,.T.);
#8753 = VERTEX_POINT('',#8754);
#8754 = CARTESIAN_POINT('',(-5.375,-0.22,0.595));
#8755 = LINE('',#8756,#8757);
#8756 = CARTESIAN_POINT('',(-5.375,-1.82,0.595));
#8757 = VECTOR('',#8758,1.);
#8758 = DIRECTION('',(0.,1.,-2.22044604925E-16));
#8759 = ORIENTED_EDGE('',*,*,#8760,.T.);
#8760 = EDGE_CURVE('',#8753,#8641,#8761,.T.);
#8761 = LINE('',#8762,#8763);
#8762 = CARTESIAN_POINT('',(-5.375,-0.22,0.595));
#8763 = VECTOR('',#8764,1.);
#8764 = DIRECTION('',(0.,-2.22044604925E-16,-1.));
#8765 = PLANE('',#8766);
#8766 = AXIS2_PLACEMENT_3D('',#8767,#8768,#8769);
#8767 = CARTESIAN_POINT('',(-5.375,1.58,-5.E-03));
#8768 = DIRECTION('',(1.,0.,0.));
#8769 = DIRECTION('',(0.,-1.,2.22044604925E-16));
#8770 = ADVANCED_FACE('',(#8771),#8828,.F.);
#8771 = FACE_BOUND('',#8772,.F.);
#8772 = EDGE_LOOP('',(#8773,#8781,#8782,#8790,#8798,#8806,#8814,#8822));
#8773 = ORIENTED_EDGE('',*,*,#8774,.F.);
#8774 = EDGE_CURVE('',#8639,#8775,#8777,.T.);
#8775 = VERTEX_POINT('',#8776);
#8776 = CARTESIAN_POINT('',(5.375,0.93,-5.E-03));
#8777 = LINE('',#8778,#8779);
#8778 = CARTESIAN_POINT('',(-5.375,0.93,-5.E-03));
#8779 = VECTOR('',#8780,1.);
#8780 = DIRECTION('',(1.,0.,0.));
#8781 = ORIENTED_EDGE('',*,*,#8638,.T.);
#8782 = ORIENTED_EDGE('',*,*,#8783,.T.);
#8783 = EDGE_CURVE('',#8641,#8784,#8786,.T.);
#8784 = VERTEX_POINT('',#8785);
#8785 = CARTESIAN_POINT('',(-4.875,-0.22,-4.999999999999E-03));
#8786 = LINE('',#8787,#8788);
#8787 = CARTESIAN_POINT('',(-5.375,-0.22,-4.999999999999E-03));
#8788 = VECTOR('',#8789,1.);
#8789 = DIRECTION('',(1.,0.,0.));
#8790 = ORIENTED_EDGE('',*,*,#8791,.T.);
#8791 = EDGE_CURVE('',#8784,#8792,#8794,.T.);
#8792 = VERTEX_POINT('',#8793);
#8793 = CARTESIAN_POINT('',(-4.875,-2.47,-4.999999999999E-03));
#8794 = LINE('',#8795,#8796);
#8795 = CARTESIAN_POINT('',(-4.875,-0.22,-4.999999999999E-03));
#8796 = VECTOR('',#8797,1.);
#8797 = DIRECTION('',(0.,-1.,2.22044604925E-16));
#8798 = ORIENTED_EDGE('',*,*,#8799,.T.);
#8799 = EDGE_CURVE('',#8792,#8800,#8802,.T.);
#8800 = VERTEX_POINT('',#8801);
#8801 = CARTESIAN_POINT('',(4.875,-2.47,-4.999999999999E-03));
#8802 = LINE('',#8803,#8804);
#8803 = CARTESIAN_POINT('',(-5.375,-2.47,-4.999999999999E-03));
#8804 = VECTOR('',#8805,1.);
#8805 = DIRECTION('',(1.,0.,0.));
#8806 = ORIENTED_EDGE('',*,*,#8807,.F.);
#8807 = EDGE_CURVE('',#8808,#8800,#8810,.T.);
#8808 = VERTEX_POINT('',#8809);
#8809 = CARTESIAN_POINT('',(4.875,-0.22,-4.999999999999E-03));
#8810 = LINE('',#8811,#8812);
#8811 = CARTESIAN_POINT('',(4.875,-0.22,-4.999999999999E-03));
#8812 = VECTOR('',#8813,1.);
#8813 = DIRECTION('',(0.,-1.,2.22044604925E-16));
#8814 = ORIENTED_EDGE('',*,*,#8815,.T.);
#8815 = EDGE_CURVE('',#8808,#8816,#8818,.T.);
#8816 = VERTEX_POINT('',#8817);
#8817 = CARTESIAN_POINT('',(5.375,-0.22,-4.999999999999E-03));
#8818 = LINE('',#8819,#8820);
#8819 = CARTESIAN_POINT('',(4.875,-0.22,-4.999999999999E-03));
#8820 = VECTOR('',#8821,1.);
#8821 = DIRECTION('',(1.,0.,0.));
#8822 = ORIENTED_EDGE('',*,*,#8823,.F.);
#8823 = EDGE_CURVE('',#8775,#8816,#8824,.T.);
#8824 = LINE('',#8825,#8826);
#8825 = CARTESIAN_POINT('',(5.375,1.58,-5.E-03));
#8826 = VECTOR('',#8827,1.);
#8827 = DIRECTION('',(0.,-1.,2.22044604925E-16));
#8828 = PLANE('',#8829);
#8829 = AXIS2_PLACEMENT_3D('',#8830,#8831,#8832);
#8830 = CARTESIAN_POINT('',(-5.375,1.58,-5.E-03));
#8831 = DIRECTION('',(0.,2.22044604925E-16,1.));
#8832 = DIRECTION('',(0.,-1.,2.22044604925E-16));
#8833 = ADVANCED_FACE('',(#8834),#8868,.F.);
#8834 = FACE_BOUND('',#8835,.F.);
#8835 = EDGE_LOOP('',(#8836,#8837,#8845,#8853,#8861,#8867));
#8836 = ORIENTED_EDGE('',*,*,#8760,.F.);
#8837 = ORIENTED_EDGE('',*,*,#8838,.T.);
#8838 = EDGE_CURVE('',#8753,#8839,#8841,.T.);
#8839 = VERTEX_POINT('',#8840);
#8840 = CARTESIAN_POINT('',(-5.075,-0.22,0.595));
#8841 = LINE('',#8842,#8843);
#8842 = CARTESIAN_POINT('',(-5.375,-0.22,0.595));
#8843 = VECTOR('',#8844,1.);
#8844 = DIRECTION('',(1.,0.,0.));
#8845 = ORIENTED_EDGE('',*,*,#8846,.F.);
#8846 = EDGE_CURVE('',#8847,#8839,#8849,.T.);
#8847 = VERTEX_POINT('',#8848);
#8848 = CARTESIAN_POINT('',(-5.075,-0.22,0.37));
#8849 = LINE('',#8850,#8851);
#8850 = CARTESIAN_POINT('',(-5.075,-0.22,0.807892234548));
#8851 = VECTOR('',#8852,1.);
#8852 = DIRECTION('',(0.,2.22044604925E-16,1.));
#8853 = ORIENTED_EDGE('',*,*,#8854,.F.);
#8854 = EDGE_CURVE('',#8855,#8847,#8857,.T.);
#8855 = VERTEX_POINT('',#8856);
#8856 = CARTESIAN_POINT('',(-4.875,-0.22,0.37));
#8857 = LINE('',#8858,#8859);
#8858 = CARTESIAN_POINT('',(-5.225,-0.22,0.37));
#8859 = VECTOR('',#8860,1.);
#8860 = DIRECTION('',(-1.,0.,0.));
#8861 = ORIENTED_EDGE('',*,*,#8862,.T.);
#8862 = EDGE_CURVE('',#8855,#8784,#8863,.T.);
#8863 = LINE('',#8864,#8865);
#8864 = CARTESIAN_POINT('',(-4.875,-0.22,0.595));
#8865 = VECTOR('',#8866,1.);
#8866 = DIRECTION('',(0.,-2.22044604925E-16,-1.));
#8867 = ORIENTED_EDGE('',*,*,#8783,.F.);
#8868 = PLANE('',#8869);
#8869 = AXIS2_PLACEMENT_3D('',#8870,#8871,#8872);
#8870 = CARTESIAN_POINT('',(-5.375,-0.22,0.595));
#8871 = DIRECTION('',(0.,1.,-2.22044604925E-16));
#8872 = DIRECTION('',(0.,-2.22044604925E-16,-1.));
#8873 = ADVANCED_FACE('',(#8874),#8892,.F.);
#8874 = FACE_BOUND('',#8875,.F.);
#8875 = EDGE_LOOP('',(#8876,#8877,#8885,#8891));
#8876 = ORIENTED_EDGE('',*,*,#8752,.F.);
#8877 = ORIENTED_EDGE('',*,*,#8878,.T.);
#8878 = EDGE_CURVE('',#8745,#8879,#8881,.T.);
#8879 = VERTEX_POINT('',#8880);
#8880 = CARTESIAN_POINT('',(-5.075,-1.82,0.595));
#8881 = LINE('',#8882,#8883);
#8882 = CARTESIAN_POINT('',(-5.375,-1.82,0.595));
#8883 = VECTOR('',#8884,1.);
#8884 = DIRECTION('',(1.,0.,0.));
#8885 = ORIENTED_EDGE('',*,*,#8886,.F.);
#8886 = EDGE_CURVE('',#8839,#8879,#8887,.T.);
#8887 = LINE('',#8888,#8889);
#8888 = CARTESIAN_POINT('',(-5.075,-1.537444532488,0.595));
#8889 = VECTOR('',#8890,1.);
#8890 = DIRECTION('',(0.,-1.,2.22044604925E-16));
#8891 = ORIENTED_EDGE('',*,*,#8838,.F.);
#8892 = PLANE('',#8893);
#8893 = AXIS2_PLACEMENT_3D('',#8894,#8895,#8896);
#8894 = CARTESIAN_POINT('',(-5.375,-1.82,0.595));
#8895 = DIRECTION('',(0.,2.22044604925E-16,1.));
#8896 = DIRECTION('',(0.,1.,-2.22044604925E-16));
#8897 = ADVANCED_FACE('',(#8898),#8948,.F.);
#8898 = FACE_BOUND('',#8899,.F.);
#8899 = EDGE_LOOP('',(#8900,#8901,#8909,#8917,#8925,#8933,#8941,#8947));
#8900 = ORIENTED_EDGE('',*,*,#8744,.F.);
#8901 = ORIENTED_EDGE('',*,*,#8902,.T.);
#8902 = EDGE_CURVE('',#8737,#8903,#8905,.T.);
#8903 = VERTEX_POINT('',#8904);
#8904 = CARTESIAN_POINT('',(-5.075,-1.82,1.945));
#8905 = LINE('',#8906,#8907);
#8906 = CARTESIAN_POINT('',(-5.375,-1.82,1.945));
#8907 = VECTOR('',#8908,1.);
#8908 = DIRECTION('',(1.,0.,0.));
#8909 = ORIENTED_EDGE('',*,*,#8910,.F.);
#8910 = EDGE_CURVE('',#8911,#8903,#8913,.T.);
#8911 = VERTEX_POINT('',#8912);
#8912 = CARTESIAN_POINT('',(-5.075,-1.82,1.51));
#8913 = LINE('',#8914,#8915);
#8914 = CARTESIAN_POINT('',(-5.075,-1.82,1.482892234548));
#8915 = VECTOR('',#8916,1.);
#8916 = DIRECTION('',(0.,2.22044604925E-16,1.));
#8917 = ORIENTED_EDGE('',*,*,#8918,.F.);
#8918 = EDGE_CURVE('',#8919,#8911,#8921,.T.);
#8919 = VERTEX_POINT('',#8920);
#8920 = CARTESIAN_POINT('',(-4.875,-1.82,1.51));
#8921 = LINE('',#8922,#8923);
#8922 = CARTESIAN_POINT('',(-5.225,-1.82,1.51));
#8923 = VECTOR('',#8924,1.);
#8924 = DIRECTION('',(-1.,0.,0.));
#8925 = ORIENTED_EDGE('',*,*,#8926,.T.);
#8926 = EDGE_CURVE('',#8919,#8927,#8929,.T.);
#8927 = VERTEX_POINT('',#8928);
#8928 = CARTESIAN_POINT('',(-4.875,-1.82,0.8));
#8929 = LINE('',#8930,#8931);
#8930 = CARTESIAN_POINT('',(-4.875,-1.82,1.945));
#8931 = VECTOR('',#8932,1.);
#8932 = DIRECTION('',(0.,-2.22044604925E-16,-1.));
#8933 = ORIENTED_EDGE('',*,*,#8934,.F.);
#8934 = EDGE_CURVE('',#8935,#8927,#8937,.T.);
#8935 = VERTEX_POINT('',#8936);
#8936 = CARTESIAN_POINT('',(-5.075,-1.82,0.8));
#8937 = LINE('',#8938,#8939);
#8938 = CARTESIAN_POINT('',(-5.225,-1.82,0.8));
#8939 = VECTOR('',#8940,1.);
#8940 = DIRECTION('',(1.,0.,0.));
#8941 = ORIENTED_EDGE('',*,*,#8942,.F.);
#8942 = EDGE_CURVE('',#8879,#8935,#8943,.T.);
#8943 = LINE('',#8944,#8945);
#8944 = CARTESIAN_POINT('',(-5.075,-1.82,1.482892234548));
#8945 = VECTOR('',#8946,1.);
#8946 = DIRECTION('',(0.,2.22044604925E-16,1.));
#8947 = ORIENTED_EDGE('',*,*,#8878,.F.);
#8948 = PLANE('',#8949);
#8949 = AXIS2_PLACEMENT_3D('',#8950,#8951,#8952);
#8950 = CARTESIAN_POINT('',(-5.375,-1.82,1.945));
#8951 = DIRECTION('',(0.,1.,-2.22044604925E-16));
#8952 = DIRECTION('',(0.,-2.22044604925E-16,-1.));
#8953 = ADVANCED_FACE('',(#8954),#8972,.F.);
#8954 = FACE_BOUND('',#8955,.F.);
#8955 = EDGE_LOOP('',(#8956,#8957,#8965,#8971));
#8956 = ORIENTED_EDGE('',*,*,#8736,.F.);
#8957 = ORIENTED_EDGE('',*,*,#8958,.T.);
#8958 = EDGE_CURVE('',#8729,#8959,#8961,.T.);
#8959 = VERTEX_POINT('',#8960);
#8960 = CARTESIAN_POINT('',(-5.075,-2.47,1.945));
#8961 = LINE('',#8962,#8963);
#8962 = CARTESIAN_POINT('',(-5.375,-2.47,1.945));
#8963 = VECTOR('',#8964,1.);
#8964 = DIRECTION('',(1.,0.,0.));
#8965 = ORIENTED_EDGE('',*,*,#8966,.F.);
#8966 = EDGE_CURVE('',#8903,#8959,#8967,.T.);
#8967 = LINE('',#8968,#8969);
#8968 = CARTESIAN_POINT('',(-5.075,-1.862444532488,1.945));
#8969 = VECTOR('',#8970,1.);
#8970 = DIRECTION('',(0.,-1.,2.22044604925E-16));
#8971 = ORIENTED_EDGE('',*,*,#8902,.F.);
#8972 = PLANE('',#8973);
#8973 = AXIS2_PLACEMENT_3D('',#8974,#8975,#8976);
#8974 = CARTESIAN_POINT('',(-5.375,-2.47,1.945));
#8975 = DIRECTION('',(0.,2.22044604925E-16,1.));
#8976 = DIRECTION('',(0.,1.,-2.22044604925E-16));
#8977 = ADVANCED_FACE('',(#8978,#9083,#9117,#9567,#9601),#9635,.T.);
#8978 = FACE_BOUND('',#8979,.T.);
#8979 = EDGE_LOOP('',(#8980,#8981,#8982,#8990,#8998,#9006,#9014,#9020,
    #9021,#9029,#9037,#9045,#9053,#9061,#9069,#9077));
#8980 = ORIENTED_EDGE('',*,*,#8728,.F.);
#8981 = ORIENTED_EDGE('',*,*,#8958,.T.);
#8982 = ORIENTED_EDGE('',*,*,#8983,.F.);
#8983 = EDGE_CURVE('',#8984,#8959,#8986,.T.);
#8984 = VERTEX_POINT('',#8985);
#8985 = CARTESIAN_POINT('',(-5.075,-2.47,2.05));
#8986 = LINE('',#8987,#8988);
#8987 = CARTESIAN_POINT('',(-5.075,-2.47,0.507892234548));
#8988 = VECTOR('',#8989,1.);
#8989 = DIRECTION('',(0.,-2.22044604925E-16,-1.));
#8990 = ORIENTED_EDGE('',*,*,#8991,.F.);
#8991 = EDGE_CURVE('',#8992,#8984,#8994,.T.);
#8992 = VERTEX_POINT('',#8993);
#8993 = CARTESIAN_POINT('',(-4.875,-2.47,2.05));
#8994 = LINE('',#8995,#8996);
#8995 = CARTESIAN_POINT('',(-5.225,-2.47,2.05));
#8996 = VECTOR('',#8997,1.);
#8997 = DIRECTION('',(-1.,0.,0.));
#8998 = ORIENTED_EDGE('',*,*,#8999,.T.);
#8999 = EDGE_CURVE('',#8992,#9000,#9002,.T.);
#9000 = VERTEX_POINT('',#9001);
#9001 = CARTESIAN_POINT('',(-4.875,-2.47,1.945));
#9002 = LINE('',#9003,#9004);
#9003 = CARTESIAN_POINT('',(-4.875,-2.47,0.507892234548));
#9004 = VECTOR('',#9005,1.);
#9005 = DIRECTION('',(0.,-2.22044604925E-16,-1.));
#9006 = ORIENTED_EDGE('',*,*,#9007,.F.);
#9007 = EDGE_CURVE('',#9008,#9000,#9010,.T.);
#9008 = VERTEX_POINT('',#9009);
#9009 = CARTESIAN_POINT('',(-4.875,-2.47,-1.875376730785E-19));
#9010 = LINE('',#9011,#9012);
#9011 = CARTESIAN_POINT('',(-4.875,-2.47,-4.999999999999E-03));
#9012 = VECTOR('',#9013,1.);
#9013 = DIRECTION('',(0.,2.22044604925E-16,1.));
#9014 = ORIENTED_EDGE('',*,*,#9015,.F.);
#9015 = EDGE_CURVE('',#8792,#9008,#9016,.T.);
#9016 = LINE('',#9017,#9018);
#9017 = CARTESIAN_POINT('',(-4.875,-2.47,-4.999999999999E-03));
#9018 = VECTOR('',#9019,1.);
#9019 = DIRECTION('',(0.,2.22044604925E-16,1.));
#9020 = ORIENTED_EDGE('',*,*,#8799,.T.);
#9021 = ORIENTED_EDGE('',*,*,#9022,.T.);
#9022 = EDGE_CURVE('',#8800,#9023,#9025,.T.);
#9023 = VERTEX_POINT('',#9024);
#9024 = CARTESIAN_POINT('',(4.875,-2.47,-1.875376730785E-19));
#9025 = LINE('',#9026,#9027);
#9026 = CARTESIAN_POINT('',(4.875,-2.47,-4.999999999999E-03));
#9027 = VECTOR('',#9028,1.);
#9028 = DIRECTION('',(0.,2.22044604925E-16,1.));
#9029 = ORIENTED_EDGE('',*,*,#9030,.T.);
#9030 = EDGE_CURVE('',#9023,#9031,#9033,.T.);
#9031 = VERTEX_POINT('',#9032);
#9032 = CARTESIAN_POINT('',(4.875,-2.47,1.945));
#9033 = LINE('',#9034,#9035);
#9034 = CARTESIAN_POINT('',(4.875,-2.47,-4.999999999999E-03));
#9035 = VECTOR('',#9036,1.);
#9036 = DIRECTION('',(0.,2.22044604925E-16,1.));
#9037 = ORIENTED_EDGE('',*,*,#9038,.F.);
#9038 = EDGE_CURVE('',#9039,#9031,#9041,.T.);
#9039 = VERTEX_POINT('',#9040);
#9040 = CARTESIAN_POINT('',(4.875,-2.47,2.05));
#9041 = LINE('',#9042,#9043);
#9042 = CARTESIAN_POINT('',(4.875,-2.47,0.507892234548));
#9043 = VECTOR('',#9044,1.);
#9044 = DIRECTION('',(0.,-2.22044604925E-16,-1.));
#9045 = ORIENTED_EDGE('',*,*,#9046,.F.);
#9046 = EDGE_CURVE('',#9047,#9039,#9049,.T.);
#9047 = VERTEX_POINT('',#9048);
#9048 = CARTESIAN_POINT('',(5.075,-2.47,2.05));
#9049 = LINE('',#9050,#9051);
#9050 = CARTESIAN_POINT('',(-0.25,-2.47,2.05));
#9051 = VECTOR('',#9052,1.);
#9052 = DIRECTION('',(-1.,0.,0.));
#9053 = ORIENTED_EDGE('',*,*,#9054,.T.);
#9054 = EDGE_CURVE('',#9047,#9055,#9057,.T.);
#9055 = VERTEX_POINT('',#9056);
#9056 = CARTESIAN_POINT('',(5.075,-2.47,1.945));
#9057 = LINE('',#9058,#9059);
#9058 = CARTESIAN_POINT('',(5.075,-2.47,0.507892234548));
#9059 = VECTOR('',#9060,1.);
#9060 = DIRECTION('',(0.,-2.22044604925E-16,-1.));
#9061 = ORIENTED_EDGE('',*,*,#9062,.T.);
#9062 = EDGE_CURVE('',#9055,#9063,#9065,.T.);
#9063 = VERTEX_POINT('',#9064);
#9064 = CARTESIAN_POINT('',(5.375,-2.47,1.945));
#9065 = LINE('',#9066,#9067);
#9066 = CARTESIAN_POINT('',(4.875,-2.47,1.945));
#9067 = VECTOR('',#9068,1.);
#9068 = DIRECTION('',(1.,0.,0.));
#9069 = ORIENTED_EDGE('',*,*,#9070,.T.);
#9070 = EDGE_CURVE('',#9063,#9071,#9073,.T.);
#9071 = VERTEX_POINT('',#9072);
#9072 = CARTESIAN_POINT('',(5.375,-2.47,4.245));
#9073 = LINE('',#9074,#9075);
#9074 = CARTESIAN_POINT('',(5.375,-2.47,-4.999999999999E-03));
#9075 = VECTOR('',#9076,1.);
#9076 = DIRECTION('',(0.,2.22044604925E-16,1.));
#9077 = ORIENTED_EDGE('',*,*,#9078,.F.);
#9078 = EDGE_CURVE('',#8721,#9071,#9079,.T.);
#9079 = LINE('',#9080,#9081);
#9080 = CARTESIAN_POINT('',(-5.375,-2.47,4.245));
#9081 = VECTOR('',#9082,1.);
#9082 = DIRECTION('',(1.,0.,0.));
#9083 = FACE_BOUND('',#9084,.T.);
#9084 = EDGE_LOOP('',(#9085,#9095,#9103,#9111));
#9085 = ORIENTED_EDGE('',*,*,#9086,.T.);
#9086 = EDGE_CURVE('',#9087,#9089,#9091,.T.);
#9087 = VERTEX_POINT('',#9088);
#9088 = CARTESIAN_POINT('',(-3.325,-2.47,2.44));
#9089 = VERTEX_POINT('',#9090);
#9090 = CARTESIAN_POINT('',(-3.325,-2.47,3.84));
#9091 = LINE('',#9092,#9093);
#9092 = CARTESIAN_POINT('',(-3.325,-2.47,2.44));
#9093 = VECTOR('',#9094,1.);
#9094 = DIRECTION('',(0.,2.22044604925E-16,1.));
#9095 = ORIENTED_EDGE('',*,*,#9096,.T.);
#9096 = EDGE_CURVE('',#9089,#9097,#9099,.T.);
#9097 = VERTEX_POINT('',#9098);
#9098 = CARTESIAN_POINT('',(3.325,-2.47,3.84));
#9099 = LINE('',#9100,#9101);
#9100 = CARTESIAN_POINT('',(-3.325,-2.47,3.84));
#9101 = VECTOR('',#9102,1.);
#9102 = DIRECTION('',(1.,0.,0.));
#9103 = ORIENTED_EDGE('',*,*,#9104,.F.);
#9104 = EDGE_CURVE('',#9105,#9097,#9107,.T.);
#9105 = VERTEX_POINT('',#9106);
#9106 = CARTESIAN_POINT('',(3.325,-2.47,2.44));
#9107 = LINE('',#9108,#9109);
#9108 = CARTESIAN_POINT('',(3.325,-2.47,2.44));
#9109 = VECTOR('',#9110,1.);
#9110 = DIRECTION('',(0.,2.22044604925E-16,1.));
#9111 = ORIENTED_EDGE('',*,*,#9112,.F.);
#9112 = EDGE_CURVE('',#9087,#9105,#9113,.T.);
#9113 = LINE('',#9114,#9115);
#9114 = CARTESIAN_POINT('',(-3.325,-2.47,2.44));
#9115 = VECTOR('',#9116,1.);
#9116 = DIRECTION('',(1.,0.,0.));
#9117 = FACE_BOUND('',#9118,.T.);
#9118 = EDGE_LOOP('',(#9119,#9129,#9137,#9145,#9153,#9161,#9169,#9177,
    #9185,#9193,#9201,#9209,#9217,#9225,#9233,#9241,#9249,#9257,#9265,
    #9273,#9281,#9289,#9297,#9305,#9313,#9321,#9329,#9337,#9345,#9353,
    #9361,#9369,#9377,#9385,#9393,#9401,#9409,#9417,#9425,#9433,#9441,
    #9449,#9457,#9465,#9473,#9481,#9489,#9497,#9505,#9513,#9521,#9529,
    #9537,#9545,#9553,#9561));
#9119 = ORIENTED_EDGE('',*,*,#9120,.F.);
#9120 = EDGE_CURVE('',#9121,#9123,#9125,.T.);
#9121 = VERTEX_POINT('',#9122);
#9122 = CARTESIAN_POINT('',(4.375,-2.47,0.595));
#9123 = VERTEX_POINT('',#9124);
#9124 = CARTESIAN_POINT('',(4.375,-2.47,2.645));
#9125 = LINE('',#9126,#9127);
#9126 = CARTESIAN_POINT('',(4.375,-2.47,0.595));
#9127 = VECTOR('',#9128,1.);
#9128 = DIRECTION('',(0.,2.22044604925E-16,1.));
#9129 = ORIENTED_EDGE('',*,*,#9130,.F.);
#9130 = EDGE_CURVE('',#9131,#9121,#9133,.T.);
#9131 = VERTEX_POINT('',#9132);
#9132 = CARTESIAN_POINT('',(-4.375,-2.47,0.595));
#9133 = LINE('',#9134,#9135);
#9134 = CARTESIAN_POINT('',(-4.375,-2.47,0.595));
#9135 = VECTOR('',#9136,1.);
#9136 = DIRECTION('',(1.,0.,0.));
#9137 = ORIENTED_EDGE('',*,*,#9138,.F.);
#9138 = EDGE_CURVE('',#9139,#9131,#9141,.T.);
#9139 = VERTEX_POINT('',#9140);
#9140 = CARTESIAN_POINT('',(-4.375,-2.47,2.645));
#9141 = LINE('',#9142,#9143);
#9142 = CARTESIAN_POINT('',(-4.375,-2.47,2.645));
#9143 = VECTOR('',#9144,1.);
#9144 = DIRECTION('',(0.,-2.22044604925E-16,-1.));
#9145 = ORIENTED_EDGE('',*,*,#9146,.F.);
#9146 = EDGE_CURVE('',#9147,#9139,#9149,.T.);
#9147 = VERTEX_POINT('',#9148);
#9148 = CARTESIAN_POINT('',(-3.875,-2.47,2.645));
#9149 = LINE('',#9150,#9151);
#9150 = CARTESIAN_POINT('',(-3.875,-2.47,2.645));
#9151 = VECTOR('',#9152,1.);
#9152 = DIRECTION('',(-1.,0.,0.));
#9153 = ORIENTED_EDGE('',*,*,#9154,.F.);
#9154 = EDGE_CURVE('',#9155,#9147,#9157,.T.);
#9155 = VERTEX_POINT('',#9156);
#9156 = CARTESIAN_POINT('',(-3.875,-2.47,2.145));
#9157 = LINE('',#9158,#9159);
#9158 = CARTESIAN_POINT('',(-3.875,-2.47,2.145));
#9159 = VECTOR('',#9160,1.);
#9160 = DIRECTION('',(0.,2.22044604925E-16,1.));
#9161 = ORIENTED_EDGE('',*,*,#9162,.F.);
#9162 = EDGE_CURVE('',#9163,#9155,#9165,.T.);
#9163 = VERTEX_POINT('',#9164);
#9164 = CARTESIAN_POINT('',(-3.375,-2.47,2.145));
#9165 = LINE('',#9166,#9167);
#9166 = CARTESIAN_POINT('',(-3.375,-2.47,2.145));
#9167 = VECTOR('',#9168,1.);
#9168 = DIRECTION('',(-1.,0.,0.));
#9169 = ORIENTED_EDGE('',*,*,#9170,.F.);
#9170 = EDGE_CURVE('',#9171,#9163,#9173,.T.);
#9171 = VERTEX_POINT('',#9172);
#9172 = CARTESIAN_POINT('',(-3.375,-2.47,1.945));
#9173 = LINE('',#9174,#9175);
#9174 = CARTESIAN_POINT('',(-3.375,-2.47,1.945));
#9175 = VECTOR('',#9176,1.);
#9176 = DIRECTION('',(0.,2.22044604925E-16,1.));
#9177 = ORIENTED_EDGE('',*,*,#9178,.F.);
#9178 = EDGE_CURVE('',#9179,#9171,#9181,.T.);
#9179 = VERTEX_POINT('',#9180);
#9180 = CARTESIAN_POINT('',(-3.225,-2.47,1.945));
#9181 = LINE('',#9182,#9183);
#9182 = CARTESIAN_POINT('',(-3.225,-2.47,1.945));
#9183 = VECTOR('',#9184,1.);
#9184 = DIRECTION('',(-1.,0.,0.));
#9185 = ORIENTED_EDGE('',*,*,#9186,.F.);
#9186 = EDGE_CURVE('',#9187,#9179,#9189,.T.);
#9187 = VERTEX_POINT('',#9188);
#9188 = CARTESIAN_POINT('',(-3.225,-2.47,2.145));
#9189 = LINE('',#9190,#9191);
#9190 = CARTESIAN_POINT('',(-3.225,-2.47,2.145));
#9191 = VECTOR('',#9192,1.);
#9192 = DIRECTION('',(0.,-2.22044604925E-16,-1.));
#9193 = ORIENTED_EDGE('',*,*,#9194,.F.);
#9194 = EDGE_CURVE('',#9195,#9187,#9197,.T.);
#9195 = VERTEX_POINT('',#9196);
#9196 = CARTESIAN_POINT('',(-3.025,-2.47,2.145));
#9197 = LINE('',#9198,#9199);
#9198 = CARTESIAN_POINT('',(-3.025,-2.47,2.145));
#9199 = VECTOR('',#9200,1.);
#9200 = DIRECTION('',(-1.,0.,0.));
#9201 = ORIENTED_EDGE('',*,*,#9202,.F.);
#9202 = EDGE_CURVE('',#9203,#9195,#9205,.T.);
#9203 = VERTEX_POINT('',#9204);
#9204 = CARTESIAN_POINT('',(-3.025,-2.47,1.945));
#9205 = LINE('',#9206,#9207);
#9206 = CARTESIAN_POINT('',(-3.025,-2.47,1.945));
#9207 = VECTOR('',#9208,1.);
#9208 = DIRECTION('',(0.,2.22044604925E-16,1.));
#9209 = ORIENTED_EDGE('',*,*,#9210,.F.);
#9210 = EDGE_CURVE('',#9211,#9203,#9213,.T.);
#9211 = VERTEX_POINT('',#9212);
#9212 = CARTESIAN_POINT('',(-2.875,-2.47,1.945));
#9213 = LINE('',#9214,#9215);
#9214 = CARTESIAN_POINT('',(-2.875,-2.47,1.945));
#9215 = VECTOR('',#9216,1.);
#9216 = DIRECTION('',(-1.,0.,0.));
#9217 = ORIENTED_EDGE('',*,*,#9218,.F.);
#9218 = EDGE_CURVE('',#9219,#9211,#9221,.T.);
#9219 = VERTEX_POINT('',#9220);
#9220 = CARTESIAN_POINT('',(-2.875,-2.47,2.145));
#9221 = LINE('',#9222,#9223);
#9222 = CARTESIAN_POINT('',(-2.875,-2.47,2.145));
#9223 = VECTOR('',#9224,1.);
#9224 = DIRECTION('',(0.,-2.22044604925E-16,-1.));
#9225 = ORIENTED_EDGE('',*,*,#9226,.F.);
#9226 = EDGE_CURVE('',#9227,#9219,#9229,.T.);
#9227 = VERTEX_POINT('',#9228);
#9228 = CARTESIAN_POINT('',(-2.125,-2.47,2.145));
#9229 = LINE('',#9230,#9231);
#9230 = CARTESIAN_POINT('',(-2.125,-2.47,2.145));
#9231 = VECTOR('',#9232,1.);
#9232 = DIRECTION('',(-1.,0.,0.));
#9233 = ORIENTED_EDGE('',*,*,#9234,.F.);
#9234 = EDGE_CURVE('',#9235,#9227,#9237,.T.);
#9235 = VERTEX_POINT('',#9236);
#9236 = CARTESIAN_POINT('',(-2.125,-2.47,1.945));
#9237 = LINE('',#9238,#9239);
#9238 = CARTESIAN_POINT('',(-2.125,-2.47,1.945));
#9239 = VECTOR('',#9240,1.);
#9240 = DIRECTION('',(0.,2.22044604925E-16,1.));
#9241 = ORIENTED_EDGE('',*,*,#9242,.F.);
#9242 = EDGE_CURVE('',#9243,#9235,#9245,.T.);
#9243 = VERTEX_POINT('',#9244);
#9244 = CARTESIAN_POINT('',(-1.975,-2.47,1.945));
#9245 = LINE('',#9246,#9247);
#9246 = CARTESIAN_POINT('',(-1.975,-2.47,1.945));
#9247 = VECTOR('',#9248,1.);
#9248 = DIRECTION('',(-1.,0.,0.));
#9249 = ORIENTED_EDGE('',*,*,#9250,.F.);
#9250 = EDGE_CURVE('',#9251,#9243,#9253,.T.);
#9251 = VERTEX_POINT('',#9252);
#9252 = CARTESIAN_POINT('',(-1.975,-2.47,2.145));
#9253 = LINE('',#9254,#9255);
#9254 = CARTESIAN_POINT('',(-1.975,-2.47,2.145));
#9255 = VECTOR('',#9256,1.);
#9256 = DIRECTION('',(0.,-2.22044604925E-16,-1.));
#9257 = ORIENTED_EDGE('',*,*,#9258,.F.);
#9258 = EDGE_CURVE('',#9259,#9251,#9261,.T.);
#9259 = VERTEX_POINT('',#9260);
#9260 = CARTESIAN_POINT('',(-1.775,-2.47,2.145));
#9261 = LINE('',#9262,#9263);
#9262 = CARTESIAN_POINT('',(-1.775,-2.47,2.145));
#9263 = VECTOR('',#9264,1.);
#9264 = DIRECTION('',(-1.,0.,0.));
#9265 = ORIENTED_EDGE('',*,*,#9266,.F.);
#9266 = EDGE_CURVE('',#9267,#9259,#9269,.T.);
#9267 = VERTEX_POINT('',#9268);
#9268 = CARTESIAN_POINT('',(-1.775,-2.47,1.945));
#9269 = LINE('',#9270,#9271);
#9270 = CARTESIAN_POINT('',(-1.775,-2.47,1.945));
#9271 = VECTOR('',#9272,1.);
#9272 = DIRECTION('',(0.,2.22044604925E-16,1.));
#9273 = ORIENTED_EDGE('',*,*,#9274,.F.);
#9274 = EDGE_CURVE('',#9275,#9267,#9277,.T.);
#9275 = VERTEX_POINT('',#9276);
#9276 = CARTESIAN_POINT('',(-1.625,-2.47,1.945));
#9277 = LINE('',#9278,#9279);
#9278 = CARTESIAN_POINT('',(-1.625,-2.47,1.945));
#9279 = VECTOR('',#9280,1.);
#9280 = DIRECTION('',(-1.,0.,0.));
#9281 = ORIENTED_EDGE('',*,*,#9282,.F.);
#9282 = EDGE_CURVE('',#9283,#9275,#9285,.T.);
#9283 = VERTEX_POINT('',#9284);
#9284 = CARTESIAN_POINT('',(-1.625,-2.47,2.145));
#9285 = LINE('',#9286,#9287);
#9286 = CARTESIAN_POINT('',(-1.625,-2.47,2.145));
#9287 = VECTOR('',#9288,1.);
#9288 = DIRECTION('',(0.,-2.22044604925E-16,-1.));
#9289 = ORIENTED_EDGE('',*,*,#9290,.F.);
#9290 = EDGE_CURVE('',#9291,#9283,#9293,.T.);
#9291 = VERTEX_POINT('',#9292);
#9292 = CARTESIAN_POINT('',(-0.875,-2.47,2.145));
#9293 = LINE('',#9294,#9295);
#9294 = CARTESIAN_POINT('',(-0.875,-2.47,2.145));
#9295 = VECTOR('',#9296,1.);
#9296 = DIRECTION('',(-1.,0.,0.));
#9297 = ORIENTED_EDGE('',*,*,#9298,.F.);
#9298 = EDGE_CURVE('',#9299,#9291,#9301,.T.);
#9299 = VERTEX_POINT('',#9300);
#9300 = CARTESIAN_POINT('',(-0.875,-2.47,1.945));
#9301 = LINE('',#9302,#9303);
#9302 = CARTESIAN_POINT('',(-0.875,-2.47,1.945));
#9303 = VECTOR('',#9304,1.);
#9304 = DIRECTION('',(0.,2.22044604925E-16,1.));
#9305 = ORIENTED_EDGE('',*,*,#9306,.F.);
#9306 = EDGE_CURVE('',#9307,#9299,#9309,.T.);
#9307 = VERTEX_POINT('',#9308);
#9308 = CARTESIAN_POINT('',(-0.725,-2.47,1.945));
#9309 = LINE('',#9310,#9311);
#9310 = CARTESIAN_POINT('',(-0.725,-2.47,1.945));
#9311 = VECTOR('',#9312,1.);
#9312 = DIRECTION('',(-1.,0.,0.));
#9313 = ORIENTED_EDGE('',*,*,#9314,.F.);
#9314 = EDGE_CURVE('',#9315,#9307,#9317,.T.);
#9315 = VERTEX_POINT('',#9316);
#9316 = CARTESIAN_POINT('',(-0.725,-2.47,2.145));
#9317 = LINE('',#9318,#9319);
#9318 = CARTESIAN_POINT('',(-0.725,-2.47,2.145));
#9319 = VECTOR('',#9320,1.);
#9320 = DIRECTION('',(0.,-2.22044604925E-16,-1.));
#9321 = ORIENTED_EDGE('',*,*,#9322,.F.);
#9322 = EDGE_CURVE('',#9323,#9315,#9325,.T.);
#9323 = VERTEX_POINT('',#9324);
#9324 = CARTESIAN_POINT('',(-0.525,-2.47,2.145));
#9325 = LINE('',#9326,#9327);
#9326 = CARTESIAN_POINT('',(-0.525,-2.47,2.145));
#9327 = VECTOR('',#9328,1.);
#9328 = DIRECTION('',(-1.,0.,0.));
#9329 = ORIENTED_EDGE('',*,*,#9330,.F.);
#9330 = EDGE_CURVE('',#9331,#9323,#9333,.T.);
#9331 = VERTEX_POINT('',#9332);
#9332 = CARTESIAN_POINT('',(-0.525,-2.47,1.945));
#9333 = LINE('',#9334,#9335);
#9334 = CARTESIAN_POINT('',(-0.525,-2.47,1.945));
#9335 = VECTOR('',#9336,1.);
#9336 = DIRECTION('',(0.,2.22044604925E-16,1.));
#9337 = ORIENTED_EDGE('',*,*,#9338,.F.);
#9338 = EDGE_CURVE('',#9339,#9331,#9341,.T.);
#9339 = VERTEX_POINT('',#9340);
#9340 = CARTESIAN_POINT('',(-0.375,-2.47,1.945));
#9341 = LINE('',#9342,#9343);
#9342 = CARTESIAN_POINT('',(-0.375,-2.47,1.945));
#9343 = VECTOR('',#9344,1.);
#9344 = DIRECTION('',(-1.,0.,0.));
#9345 = ORIENTED_EDGE('',*,*,#9346,.F.);
#9346 = EDGE_CURVE('',#9347,#9339,#9349,.T.);
#9347 = VERTEX_POINT('',#9348);
#9348 = CARTESIAN_POINT('',(-0.375,-2.47,2.145));
#9349 = LINE('',#9350,#9351);
#9350 = CARTESIAN_POINT('',(-0.375,-2.47,2.145));
#9351 = VECTOR('',#9352,1.);
#9352 = DIRECTION('',(0.,-2.22044604925E-16,-1.));
#9353 = ORIENTED_EDGE('',*,*,#9354,.F.);
#9354 = EDGE_CURVE('',#9355,#9347,#9357,.T.);
#9355 = VERTEX_POINT('',#9356);
#9356 = CARTESIAN_POINT('',(0.375,-2.47,2.145));
#9357 = LINE('',#9358,#9359);
#9358 = CARTESIAN_POINT('',(0.375,-2.47,2.145));
#9359 = VECTOR('',#9360,1.);
#9360 = DIRECTION('',(-1.,0.,0.));
#9361 = ORIENTED_EDGE('',*,*,#9362,.F.);
#9362 = EDGE_CURVE('',#9363,#9355,#9365,.T.);
#9363 = VERTEX_POINT('',#9364);
#9364 = CARTESIAN_POINT('',(0.375,-2.47,1.945));
#9365 = LINE('',#9366,#9367);
#9366 = CARTESIAN_POINT('',(0.375,-2.47,1.945));
#9367 = VECTOR('',#9368,1.);
#9368 = DIRECTION('',(0.,2.22044604925E-16,1.));
#9369 = ORIENTED_EDGE('',*,*,#9370,.F.);
#9370 = EDGE_CURVE('',#9371,#9363,#9373,.T.);
#9371 = VERTEX_POINT('',#9372);
#9372 = CARTESIAN_POINT('',(0.525,-2.47,1.945));
#9373 = LINE('',#9374,#9375);
#9374 = CARTESIAN_POINT('',(0.525,-2.47,1.945));
#9375 = VECTOR('',#9376,1.);
#9376 = DIRECTION('',(-1.,0.,0.));
#9377 = ORIENTED_EDGE('',*,*,#9378,.F.);
#9378 = EDGE_CURVE('',#9379,#9371,#9381,.T.);
#9379 = VERTEX_POINT('',#9380);
#9380 = CARTESIAN_POINT('',(0.525,-2.47,2.145));
#9381 = LINE('',#9382,#9383);
#9382 = CARTESIAN_POINT('',(0.525,-2.47,2.145));
#9383 = VECTOR('',#9384,1.);
#9384 = DIRECTION('',(0.,-2.22044604925E-16,-1.));
#9385 = ORIENTED_EDGE('',*,*,#9386,.F.);
#9386 = EDGE_CURVE('',#9387,#9379,#9389,.T.);
#9387 = VERTEX_POINT('',#9388);
#9388 = CARTESIAN_POINT('',(0.725,-2.47,2.145));
#9389 = LINE('',#9390,#9391);
#9390 = CARTESIAN_POINT('',(0.725,-2.47,2.145));
#9391 = VECTOR('',#9392,1.);
#9392 = DIRECTION('',(-1.,0.,0.));
#9393 = ORIENTED_EDGE('',*,*,#9394,.F.);
#9394 = EDGE_CURVE('',#9395,#9387,#9397,.T.);
#9395 = VERTEX_POINT('',#9396);
#9396 = CARTESIAN_POINT('',(0.725,-2.47,1.945));
#9397 = LINE('',#9398,#9399);
#9398 = CARTESIAN_POINT('',(0.725,-2.47,1.945));
#9399 = VECTOR('',#9400,1.);
#9400 = DIRECTION('',(0.,2.22044604925E-16,1.));
#9401 = ORIENTED_EDGE('',*,*,#9402,.F.);
#9402 = EDGE_CURVE('',#9403,#9395,#9405,.T.);
#9403 = VERTEX_POINT('',#9404);
#9404 = CARTESIAN_POINT('',(0.875,-2.47,1.945));
#9405 = LINE('',#9406,#9407);
#9406 = CARTESIAN_POINT('',(0.875,-2.47,1.945));
#9407 = VECTOR('',#9408,1.);
#9408 = DIRECTION('',(-1.,0.,0.));
#9409 = ORIENTED_EDGE('',*,*,#9410,.F.);
#9410 = EDGE_CURVE('',#9411,#9403,#9413,.T.);
#9411 = VERTEX_POINT('',#9412);
#9412 = CARTESIAN_POINT('',(0.875,-2.47,2.145));
#9413 = LINE('',#9414,#9415);
#9414 = CARTESIAN_POINT('',(0.875,-2.47,2.145));
#9415 = VECTOR('',#9416,1.);
#9416 = DIRECTION('',(0.,-2.22044604925E-16,-1.));
#9417 = ORIENTED_EDGE('',*,*,#9418,.F.);
#9418 = EDGE_CURVE('',#9419,#9411,#9421,.T.);
#9419 = VERTEX_POINT('',#9420);
#9420 = CARTESIAN_POINT('',(1.625,-2.47,2.145));
#9421 = LINE('',#9422,#9423);
#9422 = CARTESIAN_POINT('',(1.625,-2.47,2.145));
#9423 = VECTOR('',#9424,1.);
#9424 = DIRECTION('',(-1.,0.,0.));
#9425 = ORIENTED_EDGE('',*,*,#9426,.F.);
#9426 = EDGE_CURVE('',#9427,#9419,#9429,.T.);
#9427 = VERTEX_POINT('',#9428);
#9428 = CARTESIAN_POINT('',(1.625,-2.47,1.945));
#9429 = LINE('',#9430,#9431);
#9430 = CARTESIAN_POINT('',(1.625,-2.47,1.945));
#9431 = VECTOR('',#9432,1.);
#9432 = DIRECTION('',(0.,2.22044604925E-16,1.));
#9433 = ORIENTED_EDGE('',*,*,#9434,.F.);
#9434 = EDGE_CURVE('',#9435,#9427,#9437,.T.);
#9435 = VERTEX_POINT('',#9436);
#9436 = CARTESIAN_POINT('',(1.775,-2.47,1.945));
#9437 = LINE('',#9438,#9439);
#9438 = CARTESIAN_POINT('',(1.775,-2.47,1.945));
#9439 = VECTOR('',#9440,1.);
#9440 = DIRECTION('',(-1.,0.,0.));
#9441 = ORIENTED_EDGE('',*,*,#9442,.F.);
#9442 = EDGE_CURVE('',#9443,#9435,#9445,.T.);
#9443 = VERTEX_POINT('',#9444);
#9444 = CARTESIAN_POINT('',(1.775,-2.47,2.145));
#9445 = LINE('',#9446,#9447);
#9446 = CARTESIAN_POINT('',(1.775,-2.47,2.145));
#9447 = VECTOR('',#9448,1.);
#9448 = DIRECTION('',(0.,-2.22044604925E-16,-1.));
#9449 = ORIENTED_EDGE('',*,*,#9450,.F.);
#9450 = EDGE_CURVE('',#9451,#9443,#9453,.T.);
#9451 = VERTEX_POINT('',#9452);
#9452 = CARTESIAN_POINT('',(1.975,-2.47,2.145));
#9453 = LINE('',#9454,#9455);
#9454 = CARTESIAN_POINT('',(1.975,-2.47,2.145));
#9455 = VECTOR('',#9456,1.);
#9456 = DIRECTION('',(-1.,0.,0.));
#9457 = ORIENTED_EDGE('',*,*,#9458,.F.);
#9458 = EDGE_CURVE('',#9459,#9451,#9461,.T.);
#9459 = VERTEX_POINT('',#9460);
#9460 = CARTESIAN_POINT('',(1.975,-2.47,1.945));
#9461 = LINE('',#9462,#9463);
#9462 = CARTESIAN_POINT('',(1.975,-2.47,1.945));
#9463 = VECTOR('',#9464,1.);
#9464 = DIRECTION('',(0.,2.22044604925E-16,1.));
#9465 = ORIENTED_EDGE('',*,*,#9466,.F.);
#9466 = EDGE_CURVE('',#9467,#9459,#9469,.T.);
#9467 = VERTEX_POINT('',#9468);
#9468 = CARTESIAN_POINT('',(2.125,-2.47,1.945));
#9469 = LINE('',#9470,#9471);
#9470 = CARTESIAN_POINT('',(2.125,-2.47,1.945));
#9471 = VECTOR('',#9472,1.);
#9472 = DIRECTION('',(-1.,0.,0.));
#9473 = ORIENTED_EDGE('',*,*,#9474,.F.);
#9474 = EDGE_CURVE('',#9475,#9467,#9477,.T.);
#9475 = VERTEX_POINT('',#9476);
#9476 = CARTESIAN_POINT('',(2.125,-2.47,2.145));
#9477 = LINE('',#9478,#9479);
#9478 = CARTESIAN_POINT('',(2.125,-2.47,2.145));
#9479 = VECTOR('',#9480,1.);
#9480 = DIRECTION('',(0.,-2.22044604925E-16,-1.));
#9481 = ORIENTED_EDGE('',*,*,#9482,.F.);
#9482 = EDGE_CURVE('',#9483,#9475,#9485,.T.);
#9483 = VERTEX_POINT('',#9484);
#9484 = CARTESIAN_POINT('',(2.875,-2.47,2.145));
#9485 = LINE('',#9486,#9487);
#9486 = CARTESIAN_POINT('',(2.875,-2.47,2.145));
#9487 = VECTOR('',#9488,1.);
#9488 = DIRECTION('',(-1.,0.,0.));
#9489 = ORIENTED_EDGE('',*,*,#9490,.F.);
#9490 = EDGE_CURVE('',#9491,#9483,#9493,.T.);
#9491 = VERTEX_POINT('',#9492);
#9492 = CARTESIAN_POINT('',(2.875,-2.47,1.945));
#9493 = LINE('',#9494,#9495);
#9494 = CARTESIAN_POINT('',(2.875,-2.47,1.945));
#9495 = VECTOR('',#9496,1.);
#9496 = DIRECTION('',(0.,2.22044604925E-16,1.));
#9497 = ORIENTED_EDGE('',*,*,#9498,.F.);
#9498 = EDGE_CURVE('',#9499,#9491,#9501,.T.);
#9499 = VERTEX_POINT('',#9500);
#9500 = CARTESIAN_POINT('',(3.025,-2.47,1.945));
#9501 = LINE('',#9502,#9503);
#9502 = CARTESIAN_POINT('',(3.025,-2.47,1.945));
#9503 = VECTOR('',#9504,1.);
#9504 = DIRECTION('',(-1.,0.,0.));
#9505 = ORIENTED_EDGE('',*,*,#9506,.F.);
#9506 = EDGE_CURVE('',#9507,#9499,#9509,.T.);
#9507 = VERTEX_POINT('',#9508);
#9508 = CARTESIAN_POINT('',(3.025,-2.47,2.145));
#9509 = LINE('',#9510,#9511);
#9510 = CARTESIAN_POINT('',(3.025,-2.47,2.145));
#9511 = VECTOR('',#9512,1.);
#9512 = DIRECTION('',(0.,-2.22044604925E-16,-1.));
#9513 = ORIENTED_EDGE('',*,*,#9514,.F.);
#9514 = EDGE_CURVE('',#9515,#9507,#9517,.T.);
#9515 = VERTEX_POINT('',#9516);
#9516 = CARTESIAN_POINT('',(3.225,-2.47,2.145));
#9517 = LINE('',#9518,#9519);
#9518 = CARTESIAN_POINT('',(3.225,-2.47,2.145));
#9519 = VECTOR('',#9520,1.);
#9520 = DIRECTION('',(-1.,0.,0.));
#9521 = ORIENTED_EDGE('',*,*,#9522,.F.);
#9522 = EDGE_CURVE('',#9523,#9515,#9525,.T.);
#9523 = VERTEX_POINT('',#9524);
#9524 = CARTESIAN_POINT('',(3.225,-2.47,1.945));
#9525 = LINE('',#9526,#9527);
#9526 = CARTESIAN_POINT('',(3.225,-2.47,1.945));
#9527 = VECTOR('',#9528,1.);
#9528 = DIRECTION('',(0.,2.22044604925E-16,1.));
#9529 = ORIENTED_EDGE('',*,*,#9530,.F.);
#9530 = EDGE_CURVE('',#9531,#9523,#9533,.T.);
#9531 = VERTEX_POINT('',#9532);
#9532 = CARTESIAN_POINT('',(3.375,-2.47,1.945));
#9533 = LINE('',#9534,#9535);
#9534 = CARTESIAN_POINT('',(3.375,-2.47,1.945));
#9535 = VECTOR('',#9536,1.);
#9536 = DIRECTION('',(-1.,0.,0.));
#9537 = ORIENTED_EDGE('',*,*,#9538,.F.);
#9538 = EDGE_CURVE('',#9539,#9531,#9541,.T.);
#9539 = VERTEX_POINT('',#9540);
#9540 = CARTESIAN_POINT('',(3.375,-2.47,2.145));
#9541 = LINE('',#9542,#9543);
#9542 = CARTESIAN_POINT('',(3.375,-2.47,2.145));
#9543 = VECTOR('',#9544,1.);
#9544 = DIRECTION('',(0.,-2.22044604925E-16,-1.));
#9545 = ORIENTED_EDGE('',*,*,#9546,.F.);
#9546 = EDGE_CURVE('',#9547,#9539,#9549,.T.);
#9547 = VERTEX_POINT('',#9548);
#9548 = CARTESIAN_POINT('',(3.875,-2.47,2.145));
#9549 = LINE('',#9550,#9551);
#9550 = CARTESIAN_POINT('',(3.875,-2.47,2.145));
#9551 = VECTOR('',#9552,1.);
#9552 = DIRECTION('',(-1.,0.,0.));
#9553 = ORIENTED_EDGE('',*,*,#9554,.F.);
#9554 = EDGE_CURVE('',#9555,#9547,#9557,.T.);
#9555 = VERTEX_POINT('',#9556);
#9556 = CARTESIAN_POINT('',(3.875,-2.47,2.645));
#9557 = LINE('',#9558,#9559);
#9558 = CARTESIAN_POINT('',(3.875,-2.47,2.645));
#9559 = VECTOR('',#9560,1.);
#9560 = DIRECTION('',(0.,-2.22044604925E-16,-1.));
#9561 = ORIENTED_EDGE('',*,*,#9562,.F.);
#9562 = EDGE_CURVE('',#9123,#9555,#9563,.T.);
#9563 = LINE('',#9564,#9565);
#9564 = CARTESIAN_POINT('',(4.375,-2.47,2.645));
#9565 = VECTOR('',#9566,1.);
#9566 = DIRECTION('',(-1.,0.,0.));
#9567 = FACE_BOUND('',#9568,.T.);
#9568 = EDGE_LOOP('',(#9569,#9579,#9587,#9595));
#9569 = ORIENTED_EDGE('',*,*,#9570,.T.);
#9570 = EDGE_CURVE('',#9571,#9573,#9575,.T.);
#9571 = VERTEX_POINT('',#9572);
#9572 = CARTESIAN_POINT('',(-5.025,-2.47,3.295));
#9573 = VERTEX_POINT('',#9574);
#9574 = CARTESIAN_POINT('',(-5.025,-2.47,3.895));
#9575 = LINE('',#9576,#9577);
#9576 = CARTESIAN_POINT('',(-5.025,-2.47,3.295));
#9577 = VECTOR('',#9578,1.);
#9578 = DIRECTION('',(0.,2.22044604925E-16,1.));
#9579 = ORIENTED_EDGE('',*,*,#9580,.T.);
#9580 = EDGE_CURVE('',#9573,#9581,#9583,.T.);
#9581 = VERTEX_POINT('',#9582);
#9582 = CARTESIAN_POINT('',(-3.925,-2.47,3.895));
#9583 = LINE('',#9584,#9585);
#9584 = CARTESIAN_POINT('',(-5.025,-2.47,3.895));
#9585 = VECTOR('',#9586,1.);
#9586 = DIRECTION('',(1.,0.,0.));
#9587 = ORIENTED_EDGE('',*,*,#9588,.F.);
#9588 = EDGE_CURVE('',#9589,#9581,#9591,.T.);
#9589 = VERTEX_POINT('',#9590);
#9590 = CARTESIAN_POINT('',(-3.925,-2.47,3.295));
#9591 = LINE('',#9592,#9593);
#9592 = CARTESIAN_POINT('',(-3.925,-2.47,3.295));
#9593 = VECTOR('',#9594,1.);
#9594 = DIRECTION('',(0.,2.22044604925E-16,1.));
#9595 = ORIENTED_EDGE('',*,*,#9596,.F.);
#9596 = EDGE_CURVE('',#9571,#9589,#9597,.T.);
#9597 = LINE('',#9598,#9599);
#9598 = CARTESIAN_POINT('',(-5.025,-2.47,3.295));
#9599 = VECTOR('',#9600,1.);
#9600 = DIRECTION('',(1.,0.,0.));
#9601 = FACE_BOUND('',#9602,.T.);
#9602 = EDGE_LOOP('',(#9603,#9613,#9621,#9629));
#9603 = ORIENTED_EDGE('',*,*,#9604,.T.);
#9604 = EDGE_CURVE('',#9605,#9607,#9609,.T.);
#9605 = VERTEX_POINT('',#9606);
#9606 = CARTESIAN_POINT('',(3.925,-2.47,3.295));
#9607 = VERTEX_POINT('',#9608);
#9608 = CARTESIAN_POINT('',(3.925,-2.47,3.895));
#9609 = LINE('',#9610,#9611);
#9610 = CARTESIAN_POINT('',(3.925,-2.47,3.295));
#9611 = VECTOR('',#9612,1.);
#9612 = DIRECTION('',(0.,2.22044604925E-16,1.));
#9613 = ORIENTED_EDGE('',*,*,#9614,.T.);
#9614 = EDGE_CURVE('',#9607,#9615,#9617,.T.);
#9615 = VERTEX_POINT('',#9616);
#9616 = CARTESIAN_POINT('',(5.025,-2.47,3.895));
#9617 = LINE('',#9618,#9619);
#9618 = CARTESIAN_POINT('',(3.925,-2.47,3.895));
#9619 = VECTOR('',#9620,1.);
#9620 = DIRECTION('',(1.,0.,0.));
#9621 = ORIENTED_EDGE('',*,*,#9622,.F.);
#9622 = EDGE_CURVE('',#9623,#9615,#9625,.T.);
#9623 = VERTEX_POINT('',#9624);
#9624 = CARTESIAN_POINT('',(5.025,-2.47,3.295));
#9625 = LINE('',#9626,#9627);
#9626 = CARTESIAN_POINT('',(5.025,-2.47,3.295));
#9627 = VECTOR('',#9628,1.);
#9628 = DIRECTION('',(0.,2.22044604925E-16,1.));
#9629 = ORIENTED_EDGE('',*,*,#9630,.F.);
#9630 = EDGE_CURVE('',#9605,#9623,#9631,.T.);
#9631 = LINE('',#9632,#9633);
#9632 = CARTESIAN_POINT('',(3.925,-2.47,3.295));
#9633 = VECTOR('',#9634,1.);
#9634 = DIRECTION('',(1.,0.,0.));
#9635 = PLANE('',#9636);
#9636 = AXIS2_PLACEMENT_3D('',#9637,#9638,#9639);
#9637 = CARTESIAN_POINT('',(-5.375,-2.47,-4.999999999999E-03));
#9638 = DIRECTION('',(0.,-1.,2.22044604925E-16));
#9639 = DIRECTION('',(1.,0.,0.));
#9640 = ADVANCED_FACE('',(#9641),#9691,.T.);
#9641 = FACE_BOUND('',#9642,.T.);
#9642 = EDGE_LOOP('',(#9643,#9653,#9661,#9667,#9668,#9669,#9677,#9685));
#9643 = ORIENTED_EDGE('',*,*,#9644,.F.);
#9644 = EDGE_CURVE('',#9645,#9647,#9649,.T.);
#9645 = VERTEX_POINT('',#9646);
#9646 = CARTESIAN_POINT('',(-4.875,1.58,4.245));
#9647 = VERTEX_POINT('',#9648);
#9648 = CARTESIAN_POINT('',(4.875,1.58,4.245));
#9649 = LINE('',#9650,#9651);
#9650 = CARTESIAN_POINT('',(-5.375,1.58,4.245));
#9651 = VECTOR('',#9652,1.);
#9652 = DIRECTION('',(1.,0.,0.));
#9653 = ORIENTED_EDGE('',*,*,#9654,.F.);
#9654 = EDGE_CURVE('',#9655,#9645,#9657,.T.);
#9655 = VERTEX_POINT('',#9656);
#9656 = CARTESIAN_POINT('',(-4.875,-0.32,4.245));
#9657 = LINE('',#9658,#9659);
#9658 = CARTESIAN_POINT('',(-4.875,-0.32,4.245));
#9659 = VECTOR('',#9660,1.);
#9660 = DIRECTION('',(0.,1.,-2.22044604925E-16));
#9661 = ORIENTED_EDGE('',*,*,#9662,.F.);
#9662 = EDGE_CURVE('',#8713,#9655,#9663,.T.);
#9663 = LINE('',#9664,#9665);
#9664 = CARTESIAN_POINT('',(-5.375,-0.32,4.245));
#9665 = VECTOR('',#9666,1.);
#9666 = DIRECTION('',(1.,0.,0.));
#9667 = ORIENTED_EDGE('',*,*,#8720,.T.);
#9668 = ORIENTED_EDGE('',*,*,#9078,.T.);
#9669 = ORIENTED_EDGE('',*,*,#9670,.F.);
#9670 = EDGE_CURVE('',#9671,#9071,#9673,.T.);
#9671 = VERTEX_POINT('',#9672);
#9672 = CARTESIAN_POINT('',(5.375,-0.32,4.245));
#9673 = LINE('',#9674,#9675);
#9674 = CARTESIAN_POINT('',(5.375,1.58,4.245));
#9675 = VECTOR('',#9676,1.);
#9676 = DIRECTION('',(0.,-1.,2.22044604925E-16));
#9677 = ORIENTED_EDGE('',*,*,#9678,.F.);
#9678 = EDGE_CURVE('',#9679,#9671,#9681,.T.);
#9679 = VERTEX_POINT('',#9680);
#9680 = CARTESIAN_POINT('',(4.875,-0.32,4.245));
#9681 = LINE('',#9682,#9683);
#9682 = CARTESIAN_POINT('',(4.875,-0.32,4.245));
#9683 = VECTOR('',#9684,1.);
#9684 = DIRECTION('',(1.,0.,0.));
#9685 = ORIENTED_EDGE('',*,*,#9686,.T.);
#9686 = EDGE_CURVE('',#9679,#9647,#9687,.T.);
#9687 = LINE('',#9688,#9689);
#9688 = CARTESIAN_POINT('',(4.875,-0.32,4.245));
#9689 = VECTOR('',#9690,1.);
#9690 = DIRECTION('',(0.,1.,-2.22044604925E-16));
#9691 = PLANE('',#9692);
#9692 = AXIS2_PLACEMENT_3D('',#9693,#9694,#9695);
#9693 = CARTESIAN_POINT('',(-5.375,1.58,4.245));
#9694 = DIRECTION('',(0.,2.22044604925E-16,1.));
#9695 = DIRECTION('',(0.,-1.,2.22044604925E-16));
#9696 = ADVANCED_FACE('',(#9697),#9715,.F.);
#9697 = FACE_BOUND('',#9698,.F.);
#9698 = EDGE_LOOP('',(#9699,#9707,#9713,#9714));
#9699 = ORIENTED_EDGE('',*,*,#9700,.T.);
#9700 = EDGE_CURVE('',#8705,#9701,#9703,.T.);
#9701 = VERTEX_POINT('',#9702);
#9702 = CARTESIAN_POINT('',(-4.875,-0.32,3.595));
#9703 = LINE('',#9704,#9705);
#9704 = CARTESIAN_POINT('',(-5.375,-0.32,3.595));
#9705 = VECTOR('',#9706,1.);
#9706 = DIRECTION('',(1.,0.,0.));
#9707 = ORIENTED_EDGE('',*,*,#9708,.T.);
#9708 = EDGE_CURVE('',#9701,#9655,#9709,.T.);
#9709 = LINE('',#9710,#9711);
#9710 = CARTESIAN_POINT('',(-4.875,-0.32,3.595));
#9711 = VECTOR('',#9712,1.);
#9712 = DIRECTION('',(0.,2.22044604925E-16,1.));
#9713 = ORIENTED_EDGE('',*,*,#9662,.F.);
#9714 = ORIENTED_EDGE('',*,*,#8712,.F.);
#9715 = PLANE('',#9716);
#9716 = AXIS2_PLACEMENT_3D('',#9717,#9718,#9719);
#9717 = CARTESIAN_POINT('',(-5.375,-0.32,3.595));
#9718 = DIRECTION('',(0.,-1.,2.22044604925E-16));
#9719 = DIRECTION('',(0.,2.22044604925E-16,1.));
#9720 = ADVANCED_FACE('',(#9721),#9739,.F.);
#9721 = FACE_BOUND('',#9722,.F.);
#9722 = EDGE_LOOP('',(#9723,#9731,#9737,#9738));
#9723 = ORIENTED_EDGE('',*,*,#9724,.T.);
#9724 = EDGE_CURVE('',#8697,#9725,#9727,.T.);
#9725 = VERTEX_POINT('',#9726);
#9726 = CARTESIAN_POINT('',(-4.875,0.98,3.595));
#9727 = LINE('',#9728,#9729);
#9728 = CARTESIAN_POINT('',(-5.375,0.98,3.595));
#9729 = VECTOR('',#9730,1.);
#9730 = DIRECTION('',(1.,0.,0.));
#9731 = ORIENTED_EDGE('',*,*,#9732,.T.);
#9732 = EDGE_CURVE('',#9725,#9701,#9733,.T.);
#9733 = LINE('',#9734,#9735);
#9734 = CARTESIAN_POINT('',(-4.875,0.98,3.595));
#9735 = VECTOR('',#9736,1.);
#9736 = DIRECTION('',(0.,-1.,2.22044604925E-16));
#9737 = ORIENTED_EDGE('',*,*,#9700,.F.);
#9738 = ORIENTED_EDGE('',*,*,#8704,.F.);
#9739 = PLANE('',#9740);
#9740 = AXIS2_PLACEMENT_3D('',#9741,#9742,#9743);
#9741 = CARTESIAN_POINT('',(-5.375,0.98,3.595));
#9742 = DIRECTION('',(0.,-2.22044604925E-16,-1.));
#9743 = DIRECTION('',(0.,-1.,2.22044604925E-16));
#9744 = ADVANCED_FACE('',(#9745),#9763,.F.);
#9745 = FACE_BOUND('',#9746,.F.);
#9746 = EDGE_LOOP('',(#9747,#9755,#9761,#9762));
#9747 = ORIENTED_EDGE('',*,*,#9748,.T.);
#9748 = EDGE_CURVE('',#8689,#9749,#9751,.T.);
#9749 = VERTEX_POINT('',#9750);
#9750 = CARTESIAN_POINT('',(-4.875,0.98,1.995));
#9751 = LINE('',#9752,#9753);
#9752 = CARTESIAN_POINT('',(-5.375,0.98,1.995));
#9753 = VECTOR('',#9754,1.);
#9754 = DIRECTION('',(1.,0.,0.));
#9755 = ORIENTED_EDGE('',*,*,#9756,.T.);
#9756 = EDGE_CURVE('',#9749,#9725,#9757,.T.);
#9757 = LINE('',#9758,#9759);
#9758 = CARTESIAN_POINT('',(-4.875,0.98,1.995));
#9759 = VECTOR('',#9760,1.);
#9760 = DIRECTION('',(0.,2.22044604925E-16,1.));
#9761 = ORIENTED_EDGE('',*,*,#9724,.F.);
#9762 = ORIENTED_EDGE('',*,*,#8696,.F.);
#9763 = PLANE('',#9764);
#9764 = AXIS2_PLACEMENT_3D('',#9765,#9766,#9767);
#9765 = CARTESIAN_POINT('',(-5.375,0.98,1.995));
#9766 = DIRECTION('',(0.,-1.,2.22044604925E-16));
#9767 = DIRECTION('',(0.,2.22044604925E-16,1.));
#9768 = ADVANCED_FACE('',(#9769),#9787,.F.);
#9769 = FACE_BOUND('',#9770,.F.);
#9770 = EDGE_LOOP('',(#9771,#9779,#9785,#9786));
#9771 = ORIENTED_EDGE('',*,*,#9772,.T.);
#9772 = EDGE_CURVE('',#8681,#9773,#9775,.T.);
#9773 = VERTEX_POINT('',#9774);
#9774 = CARTESIAN_POINT('',(-4.875,1.58,1.995));
#9775 = LINE('',#9776,#9777);
#9776 = CARTESIAN_POINT('',(-5.375,1.58,1.995));
#9777 = VECTOR('',#9778,1.);
#9778 = DIRECTION('',(1.,0.,0.));
#9779 = ORIENTED_EDGE('',*,*,#9780,.T.);
#9780 = EDGE_CURVE('',#9773,#9749,#9781,.T.);
#9781 = LINE('',#9782,#9783);
#9782 = CARTESIAN_POINT('',(-4.875,1.58,1.995));
#9783 = VECTOR('',#9784,1.);
#9784 = DIRECTION('',(0.,-1.,2.22044604925E-16));
#9785 = ORIENTED_EDGE('',*,*,#9748,.F.);
#9786 = ORIENTED_EDGE('',*,*,#8688,.F.);
#9787 = PLANE('',#9788);
#9788 = AXIS2_PLACEMENT_3D('',#9789,#9790,#9791);
#9789 = CARTESIAN_POINT('',(-5.375,1.58,1.995));
#9790 = DIRECTION('',(0.,-2.22044604925E-16,-1.));
#9791 = DIRECTION('',(0.,-1.,2.22044604925E-16));
#9792 = ADVANCED_FACE('',(#9793,#9834),#9868,.F.);
#9793 = FACE_BOUND('',#9794,.F.);
#9794 = EDGE_LOOP('',(#9795,#9796,#9804,#9812,#9820,#9826,#9827,#9833));
#9795 = ORIENTED_EDGE('',*,*,#8680,.F.);
#9796 = ORIENTED_EDGE('',*,*,#9797,.T.);
#9797 = EDGE_CURVE('',#8673,#9798,#9800,.T.);
#9798 = VERTEX_POINT('',#9799);
#9799 = CARTESIAN_POINT('',(5.375,1.58,0.945));
#9800 = LINE('',#9801,#9802);
#9801 = CARTESIAN_POINT('',(-5.375,1.58,0.945));
#9802 = VECTOR('',#9803,1.);
#9803 = DIRECTION('',(1.,0.,0.));
#9804 = ORIENTED_EDGE('',*,*,#9805,.T.);
#9805 = EDGE_CURVE('',#9798,#9806,#9808,.T.);
#9806 = VERTEX_POINT('',#9807);
#9807 = CARTESIAN_POINT('',(5.375,1.58,1.995));
#9808 = LINE('',#9809,#9810);
#9809 = CARTESIAN_POINT('',(5.375,1.58,-5.E-03));
#9810 = VECTOR('',#9811,1.);
#9811 = DIRECTION('',(0.,2.22044604925E-16,1.));
#9812 = ORIENTED_EDGE('',*,*,#9813,.F.);
#9813 = EDGE_CURVE('',#9814,#9806,#9816,.T.);
#9814 = VERTEX_POINT('',#9815);
#9815 = CARTESIAN_POINT('',(4.875,1.58,1.995));
#9816 = LINE('',#9817,#9818);
#9817 = CARTESIAN_POINT('',(4.875,1.58,1.995));
#9818 = VECTOR('',#9819,1.);
#9819 = DIRECTION('',(1.,0.,0.));
#9820 = ORIENTED_EDGE('',*,*,#9821,.F.);
#9821 = EDGE_CURVE('',#9647,#9814,#9822,.T.);
#9822 = LINE('',#9823,#9824);
#9823 = CARTESIAN_POINT('',(4.875,1.58,4.245));
#9824 = VECTOR('',#9825,1.);
#9825 = DIRECTION('',(0.,-2.22044604925E-16,-1.));
#9826 = ORIENTED_EDGE('',*,*,#9644,.F.);
#9827 = ORIENTED_EDGE('',*,*,#9828,.T.);
#9828 = EDGE_CURVE('',#9645,#9773,#9829,.T.);
#9829 = LINE('',#9830,#9831);
#9830 = CARTESIAN_POINT('',(-4.875,1.58,4.245));
#9831 = VECTOR('',#9832,1.);
#9832 = DIRECTION('',(0.,-2.22044604925E-16,-1.));
#9833 = ORIENTED_EDGE('',*,*,#9772,.F.);
#9834 = FACE_BOUND('',#9835,.F.);
#9835 = EDGE_LOOP('',(#9836,#9846,#9854,#9862));
#9836 = ORIENTED_EDGE('',*,*,#9837,.T.);
#9837 = EDGE_CURVE('',#9838,#9840,#9842,.T.);
#9838 = VERTEX_POINT('',#9839);
#9839 = CARTESIAN_POINT('',(-3.325,1.58,2.44));
#9840 = VERTEX_POINT('',#9841);
#9841 = CARTESIAN_POINT('',(-3.325,1.58,3.84));
#9842 = LINE('',#9843,#9844);
#9843 = CARTESIAN_POINT('',(-3.325,1.58,2.44));
#9844 = VECTOR('',#9845,1.);
#9845 = DIRECTION('',(0.,2.22044604925E-16,1.));
#9846 = ORIENTED_EDGE('',*,*,#9847,.T.);
#9847 = EDGE_CURVE('',#9840,#9848,#9850,.T.);
#9848 = VERTEX_POINT('',#9849);
#9849 = CARTESIAN_POINT('',(3.325,1.58,3.84));
#9850 = LINE('',#9851,#9852);
#9851 = CARTESIAN_POINT('',(-3.325,1.58,3.84));
#9852 = VECTOR('',#9853,1.);
#9853 = DIRECTION('',(1.,0.,0.));
#9854 = ORIENTED_EDGE('',*,*,#9855,.F.);
#9855 = EDGE_CURVE('',#9856,#9848,#9858,.T.);
#9856 = VERTEX_POINT('',#9857);
#9857 = CARTESIAN_POINT('',(3.325,1.58,2.44));
#9858 = LINE('',#9859,#9860);
#9859 = CARTESIAN_POINT('',(3.325,1.58,2.44));
#9860 = VECTOR('',#9861,1.);
#9861 = DIRECTION('',(0.,2.22044604925E-16,1.));
#9862 = ORIENTED_EDGE('',*,*,#9863,.F.);
#9863 = EDGE_CURVE('',#9838,#9856,#9864,.T.);
#9864 = LINE('',#9865,#9866);
#9865 = CARTESIAN_POINT('',(-3.325,1.58,2.44));
#9866 = VECTOR('',#9867,1.);
#9867 = DIRECTION('',(1.,0.,0.));
#9868 = PLANE('',#9869);
#9869 = AXIS2_PLACEMENT_3D('',#9870,#9871,#9872);
#9870 = CARTESIAN_POINT('',(-5.375,1.58,-5.E-03));
#9871 = DIRECTION('',(0.,-1.,2.22044604925E-16));
#9872 = DIRECTION('',(1.,0.,0.));
#9873 = ADVANCED_FACE('',(#9874),#10084,.T.);
#9874 = FACE_BOUND('',#9875,.T.);
#9875 = EDGE_LOOP('',(#9876,#9877,#9878,#9886,#9894,#9902,#9910,#9918,
    #9926,#9934,#9942,#9950,#9958,#9966,#9974,#9982,#9990,#9998,#10006,
    #10014,#10022,#10030,#10038,#10046,#10054,#10062,#10070,#10078));
#9876 = ORIENTED_EDGE('',*,*,#8672,.F.);
#9877 = ORIENTED_EDGE('',*,*,#9797,.T.);
#9878 = ORIENTED_EDGE('',*,*,#9879,.T.);
#9879 = EDGE_CURVE('',#9798,#9880,#9882,.T.);
#9880 = VERTEX_POINT('',#9881);
#9881 = CARTESIAN_POINT('',(5.375,1.08,0.945));
#9882 = LINE('',#9883,#9884);
#9883 = CARTESIAN_POINT('',(5.375,1.58,0.945));
#9884 = VECTOR('',#9885,1.);
#9885 = DIRECTION('',(0.,-1.,2.22044604925E-16));
#9886 = ORIENTED_EDGE('',*,*,#9887,.F.);
#9887 = EDGE_CURVE('',#9888,#9880,#9890,.T.);
#9888 = VERTEX_POINT('',#9889);
#9889 = CARTESIAN_POINT('',(3.225,1.08,0.945));
#9890 = LINE('',#9891,#9892);
#9891 = CARTESIAN_POINT('',(-5.375,1.08,0.945));
#9892 = VECTOR('',#9893,1.);
#9893 = DIRECTION('',(1.,0.,0.));
#9894 = ORIENTED_EDGE('',*,*,#9895,.F.);
#9895 = EDGE_CURVE('',#9896,#9888,#9898,.T.);
#9896 = VERTEX_POINT('',#9897);
#9897 = CARTESIAN_POINT('',(3.225,1.1054,0.945));
#9898 = LINE('',#9899,#9900);
#9899 = CARTESIAN_POINT('',(3.225,0.796465540115,0.945));
#9900 = VECTOR('',#9901,1.);
#9901 = DIRECTION('',(-9.003329844341E-33,-1.,2.22044604925E-16));
#9902 = ORIENTED_EDGE('',*,*,#9903,.T.);
#9903 = EDGE_CURVE('',#9896,#9904,#9906,.T.);
#9904 = VERTEX_POINT('',#9905);
#9905 = CARTESIAN_POINT('',(3.025,1.1054,0.945));
#9906 = LINE('',#9907,#9908);
#9907 = CARTESIAN_POINT('',(-1.175,1.1054,0.945));
#9908 = VECTOR('',#9909,1.);
#9909 = DIRECTION('',(-1.,0.,0.));
#9910 = ORIENTED_EDGE('',*,*,#9911,.T.);
#9911 = EDGE_CURVE('',#9904,#9912,#9914,.T.);
#9912 = VERTEX_POINT('',#9913);
#9913 = CARTESIAN_POINT('',(3.025,1.08,0.945));
#9914 = LINE('',#9915,#9916);
#9915 = CARTESIAN_POINT('',(3.025,0.796465540115,0.945));
#9916 = VECTOR('',#9917,1.);
#9917 = DIRECTION('',(-9.003329844341E-33,-1.,2.22044604925E-16));
#9918 = ORIENTED_EDGE('',*,*,#9919,.F.);
#9919 = EDGE_CURVE('',#9920,#9912,#9922,.T.);
#9920 = VERTEX_POINT('',#9921);
#9921 = CARTESIAN_POINT('',(1.975,1.08,0.945));
#9922 = LINE('',#9923,#9924);
#9923 = CARTESIAN_POINT('',(-5.375,1.08,0.945));
#9924 = VECTOR('',#9925,1.);
#9925 = DIRECTION('',(1.,0.,0.));
#9926 = ORIENTED_EDGE('',*,*,#9927,.F.);
#9927 = EDGE_CURVE('',#9928,#9920,#9930,.T.);
#9928 = VERTEX_POINT('',#9929);
#9929 = CARTESIAN_POINT('',(1.975,1.1054,0.945));
#9930 = LINE('',#9931,#9932);
#9931 = CARTESIAN_POINT('',(1.975,0.796465540115,0.945));
#9932 = VECTOR('',#9933,1.);
#9933 = DIRECTION('',(-9.003329844341E-33,-1.,2.22044604925E-16));
#9934 = ORIENTED_EDGE('',*,*,#9935,.T.);
#9935 = EDGE_CURVE('',#9928,#9936,#9938,.T.);
#9936 = VERTEX_POINT('',#9937);
#9937 = CARTESIAN_POINT('',(1.775,1.1054,0.945));
#9938 = LINE('',#9939,#9940);
#9939 = CARTESIAN_POINT('',(-1.8,1.1054,0.945));
#9940 = VECTOR('',#9941,1.);
#9941 = DIRECTION('',(-1.,0.,0.));
#9942 = ORIENTED_EDGE('',*,*,#9943,.T.);
#9943 = EDGE_CURVE('',#9936,#9944,#9946,.T.);
#9944 = VERTEX_POINT('',#9945);
#9945 = CARTESIAN_POINT('',(1.775,1.08,0.945));
#9946 = LINE('',#9947,#9948);
#9947 = CARTESIAN_POINT('',(1.775,0.796465540115,0.945));
#9948 = VECTOR('',#9949,1.);
#9949 = DIRECTION('',(-9.003329844341E-33,-1.,2.22044604925E-16));
#9950 = ORIENTED_EDGE('',*,*,#9951,.F.);
#9951 = EDGE_CURVE('',#9952,#9944,#9954,.T.);
#9952 = VERTEX_POINT('',#9953);
#9953 = CARTESIAN_POINT('',(0.725,1.08,0.945));
#9954 = LINE('',#9955,#9956);
#9955 = CARTESIAN_POINT('',(-5.375,1.08,0.945));
#9956 = VECTOR('',#9957,1.);
#9957 = DIRECTION('',(1.,0.,0.));
#9958 = ORIENTED_EDGE('',*,*,#9959,.F.);
#9959 = EDGE_CURVE('',#9960,#9952,#9962,.T.);
#9960 = VERTEX_POINT('',#9961);
#9961 = CARTESIAN_POINT('',(0.725,1.1054,0.945));
#9962 = LINE('',#9963,#9964);
#9963 = CARTESIAN_POINT('',(0.725,0.796465540115,0.945));
#9964 = VECTOR('',#9965,1.);
#9965 = DIRECTION('',(-9.003329844341E-33,-1.,2.22044604925E-16));
#9966 = ORIENTED_EDGE('',*,*,#9967,.T.);
#9967 = EDGE_CURVE('',#9960,#9968,#9970,.T.);
#9968 = VERTEX_POINT('',#9969);
#9969 = CARTESIAN_POINT('',(0.525,1.1054,0.945));
#9970 = LINE('',#9971,#9972);
#9971 = CARTESIAN_POINT('',(-2.425,1.1054,0.945));
#9972 = VECTOR('',#9973,1.);
#9973 = DIRECTION('',(-1.,0.,0.));
#9974 = ORIENTED_EDGE('',*,*,#9975,.T.);
#9975 = EDGE_CURVE('',#9968,#9976,#9978,.T.);
#9976 = VERTEX_POINT('',#9977);
#9977 = CARTESIAN_POINT('',(0.525,1.08,0.945));
#9978 = LINE('',#9979,#9980);
#9979 = CARTESIAN_POINT('',(0.525,0.796465540115,0.945));
#9980 = VECTOR('',#9981,1.);
#9981 = DIRECTION('',(-9.003329844341E-33,-1.,2.22044604925E-16));
#9982 = ORIENTED_EDGE('',*,*,#9983,.F.);
#9983 = EDGE_CURVE('',#9984,#9976,#9986,.T.);
#9984 = VERTEX_POINT('',#9985);
#9985 = CARTESIAN_POINT('',(-0.525,1.08,0.945));
#9986 = LINE('',#9987,#9988);
#9987 = CARTESIAN_POINT('',(-5.375,1.08,0.945));
#9988 = VECTOR('',#9989,1.);
#9989 = DIRECTION('',(1.,0.,0.));
#9990 = ORIENTED_EDGE('',*,*,#9991,.F.);
#9991 = EDGE_CURVE('',#9992,#9984,#9994,.T.);
#9992 = VERTEX_POINT('',#9993);
#9993 = CARTESIAN_POINT('',(-0.525,1.1054,0.945));
#9994 = LINE('',#9995,#9996);
#9995 = CARTESIAN_POINT('',(-0.525,0.796465540115,0.945));
#9996 = VECTOR('',#9997,1.);
#9997 = DIRECTION('',(-9.003329844341E-33,-1.,2.22044604925E-16));
#9998 = ORIENTED_EDGE('',*,*,#9999,.T.);
#9999 = EDGE_CURVE('',#9992,#10000,#10002,.T.);
#10000 = VERTEX_POINT('',#10001);
#10001 = CARTESIAN_POINT('',(-0.725,1.1054,0.945));
#10002 = LINE('',#10003,#10004);
#10003 = CARTESIAN_POINT('',(-3.05,1.1054,0.945));
#10004 = VECTOR('',#10005,1.);
#10005 = DIRECTION('',(-1.,0.,0.));
#10006 = ORIENTED_EDGE('',*,*,#10007,.T.);
#10007 = EDGE_CURVE('',#10000,#10008,#10010,.T.);
#10008 = VERTEX_POINT('',#10009);
#10009 = CARTESIAN_POINT('',(-0.725,1.08,0.945));
#10010 = LINE('',#10011,#10012);
#10011 = CARTESIAN_POINT('',(-0.725,0.796465540115,0.945));
#10012 = VECTOR('',#10013,1.);
#10013 = DIRECTION('',(-9.003329844341E-33,-1.,2.22044604925E-16));
#10014 = ORIENTED_EDGE('',*,*,#10015,.F.);
#10015 = EDGE_CURVE('',#10016,#10008,#10018,.T.);
#10016 = VERTEX_POINT('',#10017);
#10017 = CARTESIAN_POINT('',(-1.775,1.08,0.945));
#10018 = LINE('',#10019,#10020);
#10019 = CARTESIAN_POINT('',(-5.375,1.08,0.945));
#10020 = VECTOR('',#10021,1.);
#10021 = DIRECTION('',(1.,0.,0.));
#10022 = ORIENTED_EDGE('',*,*,#10023,.F.);
#10023 = EDGE_CURVE('',#10024,#10016,#10026,.T.);
#10024 = VERTEX_POINT('',#10025);
#10025 = CARTESIAN_POINT('',(-1.775,1.1054,0.945));
#10026 = LINE('',#10027,#10028);
#10027 = CARTESIAN_POINT('',(-1.775,0.796465540115,0.945));
#10028 = VECTOR('',#10029,1.);
#10029 = DIRECTION('',(-9.003329844341E-33,-1.,2.22044604925E-16));
#10030 = ORIENTED_EDGE('',*,*,#10031,.T.);
#10031 = EDGE_CURVE('',#10024,#10032,#10034,.T.);
#10032 = VERTEX_POINT('',#10033);
#10033 = CARTESIAN_POINT('',(-1.975,1.1054,0.945));
#10034 = LINE('',#10035,#10036);
#10035 = CARTESIAN_POINT('',(-3.675,1.1054,0.945));
#10036 = VECTOR('',#10037,1.);
#10037 = DIRECTION('',(-1.,0.,0.));
#10038 = ORIENTED_EDGE('',*,*,#10039,.T.);
#10039 = EDGE_CURVE('',#10032,#10040,#10042,.T.);
#10040 = VERTEX_POINT('',#10041);
#10041 = CARTESIAN_POINT('',(-1.975,1.08,0.945));
#10042 = LINE('',#10043,#10044);
#10043 = CARTESIAN_POINT('',(-1.975,0.796465540115,0.945));
#10044 = VECTOR('',#10045,1.);
#10045 = DIRECTION('',(-9.003329844341E-33,-1.,2.22044604925E-16));
#10046 = ORIENTED_EDGE('',*,*,#10047,.F.);
#10047 = EDGE_CURVE('',#10048,#10040,#10050,.T.);
#10048 = VERTEX_POINT('',#10049);
#10049 = CARTESIAN_POINT('',(-3.025,1.08,0.945));
#10050 = LINE('',#10051,#10052);
#10051 = CARTESIAN_POINT('',(-5.375,1.08,0.945));
#10052 = VECTOR('',#10053,1.);
#10053 = DIRECTION('',(1.,0.,0.));
#10054 = ORIENTED_EDGE('',*,*,#10055,.F.);
#10055 = EDGE_CURVE('',#10056,#10048,#10058,.T.);
#10056 = VERTEX_POINT('',#10057);
#10057 = CARTESIAN_POINT('',(-3.025,1.1054,0.945));
#10058 = LINE('',#10059,#10060);
#10059 = CARTESIAN_POINT('',(-3.025,0.796465540115,0.945));
#10060 = VECTOR('',#10061,1.);
#10061 = DIRECTION('',(-9.003329844341E-33,-1.,2.22044604925E-16));
#10062 = ORIENTED_EDGE('',*,*,#10063,.T.);
#10063 = EDGE_CURVE('',#10056,#10064,#10066,.T.);
#10064 = VERTEX_POINT('',#10065);
#10065 = CARTESIAN_POINT('',(-3.225,1.1054,0.945));
#10066 = LINE('',#10067,#10068);
#10067 = CARTESIAN_POINT('',(-4.3,1.1054,0.945));
#10068 = VECTOR('',#10069,1.);
#10069 = DIRECTION('',(-1.,0.,0.));
#10070 = ORIENTED_EDGE('',*,*,#10071,.T.);
#10071 = EDGE_CURVE('',#10064,#10072,#10074,.T.);
#10072 = VERTEX_POINT('',#10073);
#10073 = CARTESIAN_POINT('',(-3.225,1.08,0.945));
#10074 = LINE('',#10075,#10076);
#10075 = CARTESIAN_POINT('',(-3.225,0.796465540115,0.945));
#10076 = VECTOR('',#10077,1.);
#10077 = DIRECTION('',(-9.003329844341E-33,-1.,2.22044604925E-16));
#10078 = ORIENTED_EDGE('',*,*,#10079,.F.);
#10079 = EDGE_CURVE('',#8665,#10072,#10080,.T.);
#10080 = LINE('',#10081,#10082);
#10081 = CARTESIAN_POINT('',(-5.375,1.08,0.945));
#10082 = VECTOR('',#10083,1.);
#10083 = DIRECTION('',(1.,0.,0.));
#10084 = PLANE('',#10085);
#10085 = AXIS2_PLACEMENT_3D('',#10086,#10087,#10088);
#10086 = CARTESIAN_POINT('',(-5.375,1.58,0.945));
#10087 = DIRECTION('',(0.,-2.22044604925E-16,-1.));
#10088 = DIRECTION('',(0.,-1.,2.22044604925E-16));
#10089 = ADVANCED_FACE('',(#10090),#10108,.T.);
#10090 = FACE_BOUND('',#10091,.T.);
#10091 = EDGE_LOOP('',(#10092,#10093,#10094,#10102));
#10092 = ORIENTED_EDGE('',*,*,#8664,.F.);
#10093 = ORIENTED_EDGE('',*,*,#10079,.T.);
#10094 = ORIENTED_EDGE('',*,*,#10095,.T.);
#10095 = EDGE_CURVE('',#10072,#10096,#10098,.T.);
#10096 = VERTEX_POINT('',#10097);
#10097 = CARTESIAN_POINT('',(-3.225,1.08,0.195));
#10098 = LINE('',#10099,#10100);
#10099 = CARTESIAN_POINT('',(-3.225,1.08,1.036141805844));
#10100 = VECTOR('',#10101,1.);
#10101 = DIRECTION('',(-9.245679891946E-32,-2.22044604925E-16,-1.));
#10102 = ORIENTED_EDGE('',*,*,#10103,.F.);
#10103 = EDGE_CURVE('',#8657,#10096,#10104,.T.);
#10104 = LINE('',#10105,#10106);
#10105 = CARTESIAN_POINT('',(-5.375,1.08,0.195));
#10106 = VECTOR('',#10107,1.);
#10107 = DIRECTION('',(1.,0.,0.));
#10108 = PLANE('',#10109);
#10109 = AXIS2_PLACEMENT_3D('',#10110,#10111,#10112);
#10110 = CARTESIAN_POINT('',(-5.375,1.08,0.945));
#10111 = DIRECTION('',(0.,1.,-2.22044604925E-16));
#10112 = DIRECTION('',(0.,-2.22044604925E-16,-1.));
#10113 = ADVANCED_FACE('',(#10114),#10132,.T.);
#10114 = FACE_BOUND('',#10115,.T.);
#10115 = EDGE_LOOP('',(#10116,#10117,#10118,#10126));
#10116 = ORIENTED_EDGE('',*,*,#8656,.F.);
#10117 = ORIENTED_EDGE('',*,*,#10103,.T.);
#10118 = ORIENTED_EDGE('',*,*,#10119,.T.);
#10119 = EDGE_CURVE('',#10096,#10120,#10122,.T.);
#10120 = VERTEX_POINT('',#10121);
#10121 = CARTESIAN_POINT('',(-3.225,0.93,0.195));
#10122 = LINE('',#10123,#10124);
#10123 = CARTESIAN_POINT('',(-3.225,0.546465540115,0.195));
#10124 = VECTOR('',#10125,1.);
#10125 = DIRECTION('',(-9.003329844341E-33,-1.,2.22044604925E-16));
#10126 = ORIENTED_EDGE('',*,*,#10127,.F.);
#10127 = EDGE_CURVE('',#8649,#10120,#10128,.T.);
#10128 = LINE('',#10129,#10130);
#10129 = CARTESIAN_POINT('',(-5.375,0.93,0.195));
#10130 = VECTOR('',#10131,1.);
#10131 = DIRECTION('',(1.,0.,0.));
#10132 = PLANE('',#10133);
#10133 = AXIS2_PLACEMENT_3D('',#10134,#10135,#10136);
#10134 = CARTESIAN_POINT('',(-5.375,1.08,0.195));
#10135 = DIRECTION('',(0.,-2.22044604925E-16,-1.));
#10136 = DIRECTION('',(0.,-1.,2.22044604925E-16));
#10137 = ADVANCED_FACE('',(#10138),#10341,.T.);
#10138 = FACE_BOUND('',#10139,.T.);
#10139 = EDGE_LOOP('',(#10140,#10141,#10142,#10150,#10158,#10166,#10174,
    #10182,#10190,#10198,#10206,#10214,#10222,#10230,#10238,#10246,
    #10254,#10262,#10270,#10278,#10286,#10294,#10302,#10310,#10318,
    #10326,#10334,#10340));
#10140 = ORIENTED_EDGE('',*,*,#8648,.F.);
#10141 = ORIENTED_EDGE('',*,*,#10127,.T.);
#10142 = ORIENTED_EDGE('',*,*,#10143,.T.);
#10143 = EDGE_CURVE('',#10120,#10144,#10146,.T.);
#10144 = VERTEX_POINT('',#10145);
#10145 = CARTESIAN_POINT('',(-3.225,0.93,-3.492429378532E-04));
#10146 = LINE('',#10147,#10148);
#10147 = CARTESIAN_POINT('',(-3.225,0.93,0.661141805844));
#10148 = VECTOR('',#10149,1.);
#10149 = DIRECTION('',(-9.245679891946E-32,-2.22044604925E-16,-1.));
#10150 = ORIENTED_EDGE('',*,*,#10151,.T.);
#10151 = EDGE_CURVE('',#10144,#10152,#10154,.T.);
#10152 = VERTEX_POINT('',#10153);
#10153 = CARTESIAN_POINT('',(-3.025,0.93,-3.492429378532E-04));
#10154 = LINE('',#10155,#10156);
#10155 = CARTESIAN_POINT('',(-4.3,0.93,-3.492429378532E-04));
#10156 = VECTOR('',#10157,1.);
#10157 = DIRECTION('',(1.,0.,0.));
#10158 = ORIENTED_EDGE('',*,*,#10159,.F.);
#10159 = EDGE_CURVE('',#10160,#10152,#10162,.T.);
#10160 = VERTEX_POINT('',#10161);
#10161 = CARTESIAN_POINT('',(-3.025,0.93,0.195));
#10162 = LINE('',#10163,#10164);
#10163 = CARTESIAN_POINT('',(-3.025,0.93,0.661141805844));
#10164 = VECTOR('',#10165,1.);
#10165 = DIRECTION('',(-9.245679891946E-32,-2.22044604925E-16,-1.));
#10166 = ORIENTED_EDGE('',*,*,#10167,.T.);
#10167 = EDGE_CURVE('',#10160,#10168,#10170,.T.);
#10168 = VERTEX_POINT('',#10169);
#10169 = CARTESIAN_POINT('',(-1.975,0.93,0.195));
#10170 = LINE('',#10171,#10172);
#10171 = CARTESIAN_POINT('',(-5.375,0.93,0.195));
#10172 = VECTOR('',#10173,1.);
#10173 = DIRECTION('',(1.,0.,0.));
#10174 = ORIENTED_EDGE('',*,*,#10175,.T.);
#10175 = EDGE_CURVE('',#10168,#10176,#10178,.T.);
#10176 = VERTEX_POINT('',#10177);
#10177 = CARTESIAN_POINT('',(-1.975,0.93,-3.492429378532E-04));
#10178 = LINE('',#10179,#10180);
#10179 = CARTESIAN_POINT('',(-1.975,0.93,0.661141805844));
#10180 = VECTOR('',#10181,1.);
#10181 = DIRECTION('',(-9.245679891946E-32,-2.22044604925E-16,-1.));
#10182 = ORIENTED_EDGE('',*,*,#10183,.T.);
#10183 = EDGE_CURVE('',#10176,#10184,#10186,.T.);
#10184 = VERTEX_POINT('',#10185);
#10185 = CARTESIAN_POINT('',(-1.775,0.93,-3.492429378532E-04));
#10186 = LINE('',#10187,#10188);
#10187 = CARTESIAN_POINT('',(-3.675,0.93,-3.492429378532E-04));
#10188 = VECTOR('',#10189,1.);
#10189 = DIRECTION('',(1.,0.,0.));
#10190 = ORIENTED_EDGE('',*,*,#10191,.F.);
#10191 = EDGE_CURVE('',#10192,#10184,#10194,.T.);
#10192 = VERTEX_POINT('',#10193);
#10193 = CARTESIAN_POINT('',(-1.775,0.93,0.195));
#10194 = LINE('',#10195,#10196);
#10195 = CARTESIAN_POINT('',(-1.775,0.93,0.661141805844));
#10196 = VECTOR('',#10197,1.);
#10197 = DIRECTION('',(-9.245679891946E-32,-2.22044604925E-16,-1.));
#10198 = ORIENTED_EDGE('',*,*,#10199,.T.);
#10199 = EDGE_CURVE('',#10192,#10200,#10202,.T.);
#10200 = VERTEX_POINT('',#10201);
#10201 = CARTESIAN_POINT('',(-0.725,0.93,0.195));
#10202 = LINE('',#10203,#10204);
#10203 = CARTESIAN_POINT('',(-5.375,0.93,0.195));
#10204 = VECTOR('',#10205,1.);
#10205 = DIRECTION('',(1.,0.,0.));
#10206 = ORIENTED_EDGE('',*,*,#10207,.T.);
#10207 = EDGE_CURVE('',#10200,#10208,#10210,.T.);
#10208 = VERTEX_POINT('',#10209);
#10209 = CARTESIAN_POINT('',(-0.725,0.93,-3.492429378532E-04));
#10210 = LINE('',#10211,#10212);
#10211 = CARTESIAN_POINT('',(-0.725,0.93,0.661141805844));
#10212 = VECTOR('',#10213,1.);
#10213 = DIRECTION('',(-9.245679891946E-32,-2.22044604925E-16,-1.));
#10214 = ORIENTED_EDGE('',*,*,#10215,.T.);
#10215 = EDGE_CURVE('',#10208,#10216,#10218,.T.);
#10216 = VERTEX_POINT('',#10217);
#10217 = CARTESIAN_POINT('',(-0.525,0.93,-3.492429378532E-04));
#10218 = LINE('',#10219,#10220);
#10219 = CARTESIAN_POINT('',(-3.05,0.93,-3.492429378532E-04));
#10220 = VECTOR('',#10221,1.);
#10221 = DIRECTION('',(1.,0.,0.));
#10222 = ORIENTED_EDGE('',*,*,#10223,.F.);
#10223 = EDGE_CURVE('',#10224,#10216,#10226,.T.);
#10224 = VERTEX_POINT('',#10225);
#10225 = CARTESIAN_POINT('',(-0.525,0.93,0.195));
#10226 = LINE('',#10227,#10228);
#10227 = CARTESIAN_POINT('',(-0.525,0.93,0.661141805844));
#10228 = VECTOR('',#10229,1.);
#10229 = DIRECTION('',(-9.245679891946E-32,-2.22044604925E-16,-1.));
#10230 = ORIENTED_EDGE('',*,*,#10231,.T.);
#10231 = EDGE_CURVE('',#10224,#10232,#10234,.T.);
#10232 = VERTEX_POINT('',#10233);
#10233 = CARTESIAN_POINT('',(0.525,0.93,0.195));
#10234 = LINE('',#10235,#10236);
#10235 = CARTESIAN_POINT('',(-5.375,0.93,0.195));
#10236 = VECTOR('',#10237,1.);
#10237 = DIRECTION('',(1.,0.,0.));
#10238 = ORIENTED_EDGE('',*,*,#10239,.T.);
#10239 = EDGE_CURVE('',#10232,#10240,#10242,.T.);
#10240 = VERTEX_POINT('',#10241);
#10241 = CARTESIAN_POINT('',(0.525,0.93,-3.492429378532E-04));
#10242 = LINE('',#10243,#10244);
#10243 = CARTESIAN_POINT('',(0.525,0.93,0.661141805844));
#10244 = VECTOR('',#10245,1.);
#10245 = DIRECTION('',(-9.245679891946E-32,-2.22044604925E-16,-1.));
#10246 = ORIENTED_EDGE('',*,*,#10247,.T.);
#10247 = EDGE_CURVE('',#10240,#10248,#10250,.T.);
#10248 = VERTEX_POINT('',#10249);
#10249 = CARTESIAN_POINT('',(0.725,0.93,-3.492429378532E-04));
#10250 = LINE('',#10251,#10252);
#10251 = CARTESIAN_POINT('',(-2.425,0.93,-3.492429378532E-04));
#10252 = VECTOR('',#10253,1.);
#10253 = DIRECTION('',(1.,0.,0.));
#10254 = ORIENTED_EDGE('',*,*,#10255,.F.);
#10255 = EDGE_CURVE('',#10256,#10248,#10258,.T.);
#10256 = VERTEX_POINT('',#10257);
#10257 = CARTESIAN_POINT('',(0.725,0.93,0.195));
#10258 = LINE('',#10259,#10260);
#10259 = CARTESIAN_POINT('',(0.725,0.93,0.661141805844));
#10260 = VECTOR('',#10261,1.);
#10261 = DIRECTION('',(-9.245679891946E-32,-2.22044604925E-16,-1.));
#10262 = ORIENTED_EDGE('',*,*,#10263,.T.);
#10263 = EDGE_CURVE('',#10256,#10264,#10266,.T.);
#10264 = VERTEX_POINT('',#10265);
#10265 = CARTESIAN_POINT('',(1.775,0.93,0.195));
#10266 = LINE('',#10267,#10268);
#10267 = CARTESIAN_POINT('',(-5.375,0.93,0.195));
#10268 = VECTOR('',#10269,1.);
#10269 = DIRECTION('',(1.,0.,0.));
#10270 = ORIENTED_EDGE('',*,*,#10271,.T.);
#10271 = EDGE_CURVE('',#10264,#10272,#10274,.T.);
#10272 = VERTEX_POINT('',#10273);
#10273 = CARTESIAN_POINT('',(1.775,0.93,-3.492429378532E-04));
#10274 = LINE('',#10275,#10276);
#10275 = CARTESIAN_POINT('',(1.775,0.93,0.661141805844));
#10276 = VECTOR('',#10277,1.);
#10277 = DIRECTION('',(-9.245679891946E-32,-2.22044604925E-16,-1.));
#10278 = ORIENTED_EDGE('',*,*,#10279,.T.);
#10279 = EDGE_CURVE('',#10272,#10280,#10282,.T.);
#10280 = VERTEX_POINT('',#10281);
#10281 = CARTESIAN_POINT('',(1.975,0.93,-3.492429378532E-04));
#10282 = LINE('',#10283,#10284);
#10283 = CARTESIAN_POINT('',(-1.8,0.93,-3.492429378532E-04));
#10284 = VECTOR('',#10285,1.);
#10285 = DIRECTION('',(1.,0.,0.));
#10286 = ORIENTED_EDGE('',*,*,#10287,.F.);
#10287 = EDGE_CURVE('',#10288,#10280,#10290,.T.);
#10288 = VERTEX_POINT('',#10289);
#10289 = CARTESIAN_POINT('',(1.975,0.93,0.195));
#10290 = LINE('',#10291,#10292);
#10291 = CARTESIAN_POINT('',(1.975,0.93,0.661141805844));
#10292 = VECTOR('',#10293,1.);
#10293 = DIRECTION('',(-9.245679891946E-32,-2.22044604925E-16,-1.));
#10294 = ORIENTED_EDGE('',*,*,#10295,.T.);
#10295 = EDGE_CURVE('',#10288,#10296,#10298,.T.);
#10296 = VERTEX_POINT('',#10297);
#10297 = CARTESIAN_POINT('',(3.025,0.93,0.195));
#10298 = LINE('',#10299,#10300);
#10299 = CARTESIAN_POINT('',(-5.375,0.93,0.195));
#10300 = VECTOR('',#10301,1.);
#10301 = DIRECTION('',(1.,0.,0.));
#10302 = ORIENTED_EDGE('',*,*,#10303,.T.);
#10303 = EDGE_CURVE('',#10296,#10304,#10306,.T.);
#10304 = VERTEX_POINT('',#10305);
#10305 = CARTESIAN_POINT('',(3.025,0.93,-3.492429378532E-04));
#10306 = LINE('',#10307,#10308);
#10307 = CARTESIAN_POINT('',(3.025,0.93,0.661141805844));
#10308 = VECTOR('',#10309,1.);
#10309 = DIRECTION('',(-9.245679891946E-32,-2.22044604925E-16,-1.));
#10310 = ORIENTED_EDGE('',*,*,#10311,.T.);
#10311 = EDGE_CURVE('',#10304,#10312,#10314,.T.);
#10312 = VERTEX_POINT('',#10313);
#10313 = CARTESIAN_POINT('',(3.225,0.93,-3.492429378532E-04));
#10314 = LINE('',#10315,#10316);
#10315 = CARTESIAN_POINT('',(-1.175,0.93,-3.492429378532E-04));
#10316 = VECTOR('',#10317,1.);
#10317 = DIRECTION('',(1.,0.,0.));
#10318 = ORIENTED_EDGE('',*,*,#10319,.F.);
#10319 = EDGE_CURVE('',#10320,#10312,#10322,.T.);
#10320 = VERTEX_POINT('',#10321);
#10321 = CARTESIAN_POINT('',(3.225,0.93,0.195));
#10322 = LINE('',#10323,#10324);
#10323 = CARTESIAN_POINT('',(3.225,0.93,0.661141805844));
#10324 = VECTOR('',#10325,1.);
#10325 = DIRECTION('',(-9.245679891946E-32,-2.22044604925E-16,-1.));
#10326 = ORIENTED_EDGE('',*,*,#10327,.T.);
#10327 = EDGE_CURVE('',#10320,#10328,#10330,.T.);
#10328 = VERTEX_POINT('',#10329);
#10329 = CARTESIAN_POINT('',(5.375,0.93,0.195));
#10330 = LINE('',#10331,#10332);
#10331 = CARTESIAN_POINT('',(-5.375,0.93,0.195));
#10332 = VECTOR('',#10333,1.);
#10333 = DIRECTION('',(1.,0.,0.));
#10334 = ORIENTED_EDGE('',*,*,#10335,.T.);
#10335 = EDGE_CURVE('',#10328,#8775,#10336,.T.);
#10336 = LINE('',#10337,#10338);
#10337 = CARTESIAN_POINT('',(5.375,0.93,0.195));
#10338 = VECTOR('',#10339,1.);
#10339 = DIRECTION('',(0.,-2.22044604925E-16,-1.));
#10340 = ORIENTED_EDGE('',*,*,#8774,.F.);
#10341 = PLANE('',#10342);
#10342 = AXIS2_PLACEMENT_3D('',#10343,#10344,#10345);
#10343 = CARTESIAN_POINT('',(-5.375,0.93,0.195));
#10344 = DIRECTION('',(0.,1.,-2.22044604925E-16));
#10345 = DIRECTION('',(0.,-2.22044604925E-16,-1.));
#10346 = ADVANCED_FACE('',(#10347),#10429,.T.);
#10347 = FACE_BOUND('',#10348,.T.);
#10348 = EDGE_LOOP('',(#10349,#10350,#10351,#10359,#10365,#10366,#10367,
    #10375,#10383,#10391,#10397,#10398,#10399,#10407,#10415,#10423));
#10349 = ORIENTED_EDGE('',*,*,#8823,.F.);
#10350 = ORIENTED_EDGE('',*,*,#10335,.F.);
#10351 = ORIENTED_EDGE('',*,*,#10352,.F.);
#10352 = EDGE_CURVE('',#10353,#10328,#10355,.T.);
#10353 = VERTEX_POINT('',#10354);
#10354 = CARTESIAN_POINT('',(5.375,1.08,0.195));
#10355 = LINE('',#10356,#10357);
#10356 = CARTESIAN_POINT('',(5.375,1.08,0.195));
#10357 = VECTOR('',#10358,1.);
#10358 = DIRECTION('',(0.,-1.,2.22044604925E-16));
#10359 = ORIENTED_EDGE('',*,*,#10360,.F.);
#10360 = EDGE_CURVE('',#9880,#10353,#10361,.T.);
#10361 = LINE('',#10362,#10363);
#10362 = CARTESIAN_POINT('',(5.375,1.08,0.945));
#10363 = VECTOR('',#10364,1.);
#10364 = DIRECTION('',(0.,-2.22044604925E-16,-1.));
#10365 = ORIENTED_EDGE('',*,*,#9879,.F.);
#10366 = ORIENTED_EDGE('',*,*,#9805,.T.);
#10367 = ORIENTED_EDGE('',*,*,#10368,.T.);
#10368 = EDGE_CURVE('',#9806,#10369,#10371,.T.);
#10369 = VERTEX_POINT('',#10370);
#10370 = CARTESIAN_POINT('',(5.375,0.98,1.995));
#10371 = LINE('',#10372,#10373);
#10372 = CARTESIAN_POINT('',(5.375,1.58,1.995));
#10373 = VECTOR('',#10374,1.);
#10374 = DIRECTION('',(0.,-1.,2.22044604925E-16));
#10375 = ORIENTED_EDGE('',*,*,#10376,.T.);
#10376 = EDGE_CURVE('',#10369,#10377,#10379,.T.);
#10377 = VERTEX_POINT('',#10378);
#10378 = CARTESIAN_POINT('',(5.375,0.98,3.595));
#10379 = LINE('',#10380,#10381);
#10380 = CARTESIAN_POINT('',(5.375,0.98,1.995));
#10381 = VECTOR('',#10382,1.);
#10382 = DIRECTION('',(0.,2.22044604925E-16,1.));
#10383 = ORIENTED_EDGE('',*,*,#10384,.T.);
#10384 = EDGE_CURVE('',#10377,#10385,#10387,.T.);
#10385 = VERTEX_POINT('',#10386);
#10386 = CARTESIAN_POINT('',(5.375,-0.32,3.595));
#10387 = LINE('',#10388,#10389);
#10388 = CARTESIAN_POINT('',(5.375,0.98,3.595));
#10389 = VECTOR('',#10390,1.);
#10390 = DIRECTION('',(0.,-1.,2.22044604925E-16));
#10391 = ORIENTED_EDGE('',*,*,#10392,.T.);
#10392 = EDGE_CURVE('',#10385,#9671,#10393,.T.);
#10393 = LINE('',#10394,#10395);
#10394 = CARTESIAN_POINT('',(5.375,-0.32,3.595));
#10395 = VECTOR('',#10396,1.);
#10396 = DIRECTION('',(0.,2.22044604925E-16,1.));
#10397 = ORIENTED_EDGE('',*,*,#9670,.T.);
#10398 = ORIENTED_EDGE('',*,*,#9070,.F.);
#10399 = ORIENTED_EDGE('',*,*,#10400,.T.);
#10400 = EDGE_CURVE('',#9063,#10401,#10403,.T.);
#10401 = VERTEX_POINT('',#10402);
#10402 = CARTESIAN_POINT('',(5.375,-1.82,1.945));
#10403 = LINE('',#10404,#10405);
#10404 = CARTESIAN_POINT('',(5.375,-2.47,1.945));
#10405 = VECTOR('',#10406,1.);
#10406 = DIRECTION('',(0.,1.,-2.22044604925E-16));
#10407 = ORIENTED_EDGE('',*,*,#10408,.T.);
#10408 = EDGE_CURVE('',#10401,#10409,#10411,.T.);
#10409 = VERTEX_POINT('',#10410);
#10410 = CARTESIAN_POINT('',(5.375,-1.82,0.595));
#10411 = LINE('',#10412,#10413);
#10412 = CARTESIAN_POINT('',(5.375,-1.82,1.945));
#10413 = VECTOR('',#10414,1.);
#10414 = DIRECTION('',(0.,-2.22044604925E-16,-1.));
#10415 = ORIENTED_EDGE('',*,*,#10416,.T.);
#10416 = EDGE_CURVE('',#10409,#10417,#10419,.T.);
#10417 = VERTEX_POINT('',#10418);
#10418 = CARTESIAN_POINT('',(5.375,-0.22,0.595));
#10419 = LINE('',#10420,#10421);
#10420 = CARTESIAN_POINT('',(5.375,-1.82,0.595));
#10421 = VECTOR('',#10422,1.);
#10422 = DIRECTION('',(0.,1.,-2.22044604925E-16));
#10423 = ORIENTED_EDGE('',*,*,#10424,.T.);
#10424 = EDGE_CURVE('',#10417,#8816,#10425,.T.);
#10425 = LINE('',#10426,#10427);
#10426 = CARTESIAN_POINT('',(5.375,-0.22,0.595));
#10427 = VECTOR('',#10428,1.);
#10428 = DIRECTION('',(0.,-2.22044604925E-16,-1.));
#10429 = PLANE('',#10430);
#10430 = AXIS2_PLACEMENT_3D('',#10431,#10432,#10433);
#10431 = CARTESIAN_POINT('',(5.375,1.58,-5.E-03));
#10432 = DIRECTION('',(1.,0.,0.));
#10433 = DIRECTION('',(0.,-1.,2.22044604925E-16));
#10434 = ADVANCED_FACE('',(#10435),#10469,.F.);
#10435 = FACE_BOUND('',#10436,.F.);
#10436 = EDGE_LOOP('',(#10437,#10447,#10453,#10454,#10455,#10463));
#10437 = ORIENTED_EDGE('',*,*,#10438,.T.);
#10438 = EDGE_CURVE('',#10439,#10441,#10443,.T.);
#10439 = VERTEX_POINT('',#10440);
#10440 = CARTESIAN_POINT('',(5.075,-0.22,0.37));
#10441 = VERTEX_POINT('',#10442);
#10442 = CARTESIAN_POINT('',(5.075,-0.22,0.595));
#10443 = LINE('',#10444,#10445);
#10444 = CARTESIAN_POINT('',(5.075,-0.22,0.807892234548));
#10445 = VECTOR('',#10446,1.);
#10446 = DIRECTION('',(0.,2.22044604925E-16,1.));
#10447 = ORIENTED_EDGE('',*,*,#10448,.T.);
#10448 = EDGE_CURVE('',#10441,#10417,#10449,.T.);
#10449 = LINE('',#10450,#10451);
#10450 = CARTESIAN_POINT('',(4.875,-0.22,0.595));
#10451 = VECTOR('',#10452,1.);
#10452 = DIRECTION('',(1.,0.,0.));
#10453 = ORIENTED_EDGE('',*,*,#10424,.T.);
#10454 = ORIENTED_EDGE('',*,*,#8815,.F.);
#10455 = ORIENTED_EDGE('',*,*,#10456,.F.);
#10456 = EDGE_CURVE('',#10457,#8808,#10459,.T.);
#10457 = VERTEX_POINT('',#10458);
#10458 = CARTESIAN_POINT('',(4.875,-0.22,0.37));
#10459 = LINE('',#10460,#10461);
#10460 = CARTESIAN_POINT('',(4.875,-0.22,0.595));
#10461 = VECTOR('',#10462,1.);
#10462 = DIRECTION('',(0.,-2.22044604925E-16,-1.));
#10463 = ORIENTED_EDGE('',*,*,#10464,.F.);
#10464 = EDGE_CURVE('',#10439,#10457,#10465,.T.);
#10465 = LINE('',#10466,#10467);
#10466 = CARTESIAN_POINT('',(4.875,-0.22,0.37));
#10467 = VECTOR('',#10468,1.);
#10468 = DIRECTION('',(-1.,0.,0.));
#10469 = PLANE('',#10470);
#10470 = AXIS2_PLACEMENT_3D('',#10471,#10472,#10473);
#10471 = CARTESIAN_POINT('',(4.875,-0.22,0.595));
#10472 = DIRECTION('',(0.,1.,-2.22044604925E-16));
#10473 = DIRECTION('',(0.,-2.22044604925E-16,-1.));
#10474 = ADVANCED_FACE('',(#10475),#10502,.F.);
#10475 = FACE_BOUND('',#10476,.F.);
#10476 = EDGE_LOOP('',(#10477,#10478,#10479,#10487,#10495,#10501));
#10477 = ORIENTED_EDGE('',*,*,#8807,.T.);
#10478 = ORIENTED_EDGE('',*,*,#9022,.T.);
#10479 = ORIENTED_EDGE('',*,*,#10480,.F.);
#10480 = EDGE_CURVE('',#10481,#9023,#10483,.T.);
#10481 = VERTEX_POINT('',#10482);
#10482 = CARTESIAN_POINT('',(4.875,-0.255,-1.665334536938E-16));
#10483 = LINE('',#10484,#10485);
#10484 = CARTESIAN_POINT('',(4.875,-0.255,-1.665334536938E-16));
#10485 = VECTOR('',#10486,1.);
#10486 = DIRECTION('',(0.,-1.,7.501506923143E-17));
#10487 = ORIENTED_EDGE('',*,*,#10488,.F.);
#10488 = EDGE_CURVE('',#10489,#10481,#10491,.T.);
#10489 = VERTEX_POINT('',#10490);
#10490 = CARTESIAN_POINT('',(4.875,-0.255,0.37));
#10491 = LINE('',#10492,#10493);
#10492 = CARTESIAN_POINT('',(4.875,-0.255,0.37));
#10493 = VECTOR('',#10494,1.);
#10494 = DIRECTION('',(0.,0.,-1.));
#10495 = ORIENTED_EDGE('',*,*,#10496,.F.);
#10496 = EDGE_CURVE('',#10457,#10489,#10497,.T.);
#10497 = LINE('',#10498,#10499);
#10498 = CARTESIAN_POINT('',(4.875,0.235,0.37));
#10499 = VECTOR('',#10500,1.);
#10500 = DIRECTION('',(0.,-1.,0.));
#10501 = ORIENTED_EDGE('',*,*,#10456,.T.);
#10502 = PLANE('',#10503);
#10503 = AXIS2_PLACEMENT_3D('',#10504,#10505,#10506);
#10504 = CARTESIAN_POINT('',(4.875,-1.602142857143,0.712857142857));
#10505 = DIRECTION('',(-1.,5.596384573349E-31,5.731875618728E-31));
#10506 = DIRECTION('',(-5.731875618728E-31,-2.22044604925E-16,-1.));
#10507 = ADVANCED_FACE('',(#10508),#10535,.T.);
#10508 = FACE_BOUND('',#10509,.T.);
#10509 = EDGE_LOOP('',(#10510,#10511,#10512,#10520,#10528,#10534));
#10510 = ORIENTED_EDGE('',*,*,#8791,.T.);
#10511 = ORIENTED_EDGE('',*,*,#9015,.T.);
#10512 = ORIENTED_EDGE('',*,*,#10513,.F.);
#10513 = EDGE_CURVE('',#10514,#9008,#10516,.T.);
#10514 = VERTEX_POINT('',#10515);
#10515 = CARTESIAN_POINT('',(-4.875,-0.255,-1.665334536938E-16));
#10516 = LINE('',#10517,#10518);
#10517 = CARTESIAN_POINT('',(-4.875,-0.255,-1.665334536938E-16));
#10518 = VECTOR('',#10519,1.);
#10519 = DIRECTION('',(0.,-1.,7.501506923143E-17));
#10520 = ORIENTED_EDGE('',*,*,#10521,.F.);
#10521 = EDGE_CURVE('',#10522,#10514,#10524,.T.);
#10522 = VERTEX_POINT('',#10523);
#10523 = CARTESIAN_POINT('',(-4.875,-0.255,0.37));
#10524 = LINE('',#10525,#10526);
#10525 = CARTESIAN_POINT('',(-4.875,-0.255,0.37));
#10526 = VECTOR('',#10527,1.);
#10527 = DIRECTION('',(0.,0.,-1.));
#10528 = ORIENTED_EDGE('',*,*,#10529,.F.);
#10529 = EDGE_CURVE('',#8855,#10522,#10530,.T.);
#10530 = LINE('',#10531,#10532);
#10531 = CARTESIAN_POINT('',(-4.875,0.235,0.37));
#10532 = VECTOR('',#10533,1.);
#10533 = DIRECTION('',(0.,-1.,0.));
#10534 = ORIENTED_EDGE('',*,*,#8862,.T.);
#10535 = PLANE('',#10536);
#10536 = AXIS2_PLACEMENT_3D('',#10537,#10538,#10539);
#10537 = CARTESIAN_POINT('',(-4.875,-1.602142857143,0.712857142857));
#10538 = DIRECTION('',(-1.,5.596384573349E-31,5.731875618728E-31));
#10539 = DIRECTION('',(-5.731875618728E-31,-2.22044604925E-16,-1.));
#10540 = ADVANCED_FACE('',(#10541),#10559,.T.);
#10541 = FACE_BOUND('',#10542,.T.);
#10542 = EDGE_LOOP('',(#10543,#10551,#10552,#10553));
#10543 = ORIENTED_EDGE('',*,*,#10544,.F.);
#10544 = EDGE_CURVE('',#8847,#10545,#10547,.T.);
#10545 = VERTEX_POINT('',#10546);
#10546 = CARTESIAN_POINT('',(-5.075,-0.255,0.37));
#10547 = LINE('',#10548,#10549);
#10548 = CARTESIAN_POINT('',(-5.075,0.235,0.37));
#10549 = VECTOR('',#10550,1.);
#10550 = DIRECTION('',(0.,-1.,0.));
#10551 = ORIENTED_EDGE('',*,*,#8854,.F.);
#10552 = ORIENTED_EDGE('',*,*,#10529,.T.);
#10553 = ORIENTED_EDGE('',*,*,#10554,.F.);
#10554 = EDGE_CURVE('',#10545,#10522,#10555,.T.);
#10555 = LINE('',#10556,#10557);
#10556 = CARTESIAN_POINT('',(-5.075,-0.255,0.37));
#10557 = VECTOR('',#10558,1.);
#10558 = DIRECTION('',(1.,0.,0.));
#10559 = PLANE('',#10560);
#10560 = AXIS2_PLACEMENT_3D('',#10561,#10562,#10563);
#10561 = CARTESIAN_POINT('',(-5.075,0.235,0.37));
#10562 = DIRECTION('',(0.,0.,-1.));
#10563 = DIRECTION('',(0.,-1.,0.));
#10564 = ADVANCED_FACE('',(#10565),#10626,.T.);
#10565 = FACE_BOUND('',#10566,.T.);
#10566 = EDGE_LOOP('',(#10567,#10577,#10585,#10591,#10592,#10593,#10594,
    #10602,#10610,#10616,#10617,#10618,#10619,#10620));
#10567 = ORIENTED_EDGE('',*,*,#10568,.T.);
#10568 = EDGE_CURVE('',#10569,#10571,#10573,.T.);
#10569 = VERTEX_POINT('',#10570);
#10570 = CARTESIAN_POINT('',(-5.075,-0.255,-1.665334536938E-16));
#10571 = VERTEX_POINT('',#10572);
#10572 = CARTESIAN_POINT('',(-5.075,-2.475,0.));
#10573 = LINE('',#10574,#10575);
#10574 = CARTESIAN_POINT('',(-5.075,-0.255,-1.665334536938E-16));
#10575 = VECTOR('',#10576,1.);
#10576 = DIRECTION('',(0.,-1.,7.501506923143E-17));
#10577 = ORIENTED_EDGE('',*,*,#10578,.T.);
#10578 = EDGE_CURVE('',#10571,#10579,#10581,.T.);
#10579 = VERTEX_POINT('',#10580);
#10580 = CARTESIAN_POINT('',(-5.075,-2.475,2.05));
#10581 = LINE('',#10582,#10583);
#10582 = CARTESIAN_POINT('',(-5.075,-2.475,0.));
#10583 = VECTOR('',#10584,1.);
#10584 = DIRECTION('',(0.,0.,1.));
#10585 = ORIENTED_EDGE('',*,*,#10586,.T.);
#10586 = EDGE_CURVE('',#10579,#8984,#10587,.T.);
#10587 = LINE('',#10588,#10589);
#10588 = CARTESIAN_POINT('',(-5.075,-2.475,2.05));
#10589 = VECTOR('',#10590,1.);
#10590 = DIRECTION('',(0.,1.,0.));
#10591 = ORIENTED_EDGE('',*,*,#8983,.T.);
#10592 = ORIENTED_EDGE('',*,*,#8966,.F.);
#10593 = ORIENTED_EDGE('',*,*,#8910,.F.);
#10594 = ORIENTED_EDGE('',*,*,#10595,.T.);
#10595 = EDGE_CURVE('',#8911,#10596,#10598,.T.);
#10596 = VERTEX_POINT('',#10597);
#10597 = CARTESIAN_POINT('',(-5.075,-1.825,1.51));
#10598 = LINE('',#10599,#10600);
#10599 = CARTESIAN_POINT('',(-5.075,-0.275,1.51));
#10600 = VECTOR('',#10601,1.);
#10601 = DIRECTION('',(0.,-1.,0.));
#10602 = ORIENTED_EDGE('',*,*,#10603,.T.);
#10603 = EDGE_CURVE('',#10596,#10604,#10606,.T.);
#10604 = VERTEX_POINT('',#10605);
#10605 = CARTESIAN_POINT('',(-5.075,-1.825,0.8));
#10606 = LINE('',#10607,#10608);
#10607 = CARTESIAN_POINT('',(-5.075,-1.825,1.51));
#10608 = VECTOR('',#10609,1.);
#10609 = DIRECTION('',(0.,0.,-1.));
#10610 = ORIENTED_EDGE('',*,*,#10611,.T.);
#10611 = EDGE_CURVE('',#10604,#8935,#10612,.T.);
#10612 = LINE('',#10613,#10614);
#10613 = CARTESIAN_POINT('',(-5.075,-1.825,0.8));
#10614 = VECTOR('',#10615,1.);
#10615 = DIRECTION('',(0.,1.,0.));
#10616 = ORIENTED_EDGE('',*,*,#8942,.F.);
#10617 = ORIENTED_EDGE('',*,*,#8886,.F.);
#10618 = ORIENTED_EDGE('',*,*,#8846,.F.);
#10619 = ORIENTED_EDGE('',*,*,#10544,.T.);
#10620 = ORIENTED_EDGE('',*,*,#10621,.T.);
#10621 = EDGE_CURVE('',#10545,#10569,#10622,.T.);
#10622 = LINE('',#10623,#10624);
#10623 = CARTESIAN_POINT('',(-5.075,-0.255,0.37));
#10624 = VECTOR('',#10625,1.);
#10625 = DIRECTION('',(0.,0.,-1.));
#10626 = PLANE('',#10627);
#10627 = AXIS2_PLACEMENT_3D('',#10628,#10629,#10630);
#10628 = CARTESIAN_POINT('',(-5.075,-1.254889064976,1.020784469097));
#10629 = DIRECTION('',(-1.,-0.,-0.));
#10630 = DIRECTION('',(0.,0.,-1.));
#10631 = ADVANCED_FACE('',(#10632),#10650,.T.);
#10632 = FACE_BOUND('',#10633,.T.);
#10633 = EDGE_LOOP('',(#10634,#10635,#10643,#10649));
#10634 = ORIENTED_EDGE('',*,*,#10611,.F.);
#10635 = ORIENTED_EDGE('',*,*,#10636,.T.);
#10636 = EDGE_CURVE('',#10604,#10637,#10639,.T.);
#10637 = VERTEX_POINT('',#10638);
#10638 = CARTESIAN_POINT('',(-4.875,-1.825,0.8));
#10639 = LINE('',#10640,#10641);
#10640 = CARTESIAN_POINT('',(-5.075,-1.825,0.8));
#10641 = VECTOR('',#10642,1.);
#10642 = DIRECTION('',(1.,0.,0.));
#10643 = ORIENTED_EDGE('',*,*,#10644,.T.);
#10644 = EDGE_CURVE('',#10637,#8927,#10645,.T.);
#10645 = LINE('',#10646,#10647);
#10646 = CARTESIAN_POINT('',(-4.875,-1.825,0.8));
#10647 = VECTOR('',#10648,1.);
#10648 = DIRECTION('',(0.,1.,0.));
#10649 = ORIENTED_EDGE('',*,*,#8934,.F.);
#10650 = PLANE('',#10651);
#10651 = AXIS2_PLACEMENT_3D('',#10652,#10653,#10654);
#10652 = CARTESIAN_POINT('',(-5.075,-1.825,0.8));
#10653 = DIRECTION('',(0.,0.,1.));
#10654 = DIRECTION('',(0.,1.,0.));
#10655 = ADVANCED_FACE('',(#10656),#10674,.T.);
#10656 = FACE_BOUND('',#10657,.T.);
#10657 = EDGE_LOOP('',(#10658,#10666,#10667,#10668));
#10658 = ORIENTED_EDGE('',*,*,#10659,.F.);
#10659 = EDGE_CURVE('',#8919,#10660,#10662,.T.);
#10660 = VERTEX_POINT('',#10661);
#10661 = CARTESIAN_POINT('',(-4.875,-1.825,1.51));
#10662 = LINE('',#10663,#10664);
#10663 = CARTESIAN_POINT('',(-4.875,-0.275,1.51));
#10664 = VECTOR('',#10665,1.);
#10665 = DIRECTION('',(0.,-1.,0.));
#10666 = ORIENTED_EDGE('',*,*,#8926,.T.);
#10667 = ORIENTED_EDGE('',*,*,#10644,.F.);
#10668 = ORIENTED_EDGE('',*,*,#10669,.F.);
#10669 = EDGE_CURVE('',#10660,#10637,#10670,.T.);
#10670 = LINE('',#10671,#10672);
#10671 = CARTESIAN_POINT('',(-4.875,-1.825,1.51));
#10672 = VECTOR('',#10673,1.);
#10673 = DIRECTION('',(0.,0.,-1.));
#10674 = PLANE('',#10675);
#10675 = AXIS2_PLACEMENT_3D('',#10676,#10677,#10678);
#10676 = CARTESIAN_POINT('',(-4.875,-1.602142857143,0.712857142857));
#10677 = DIRECTION('',(-1.,5.596384573349E-31,5.731875618728E-31));
#10678 = DIRECTION('',(-5.731875618728E-31,-2.22044604925E-16,-1.));
#10679 = ADVANCED_FACE('',(#10680),#10691,.T.);
#10680 = FACE_BOUND('',#10681,.T.);
#10681 = EDGE_LOOP('',(#10682,#10683,#10684,#10685));
#10682 = ORIENTED_EDGE('',*,*,#10595,.F.);
#10683 = ORIENTED_EDGE('',*,*,#8918,.F.);
#10684 = ORIENTED_EDGE('',*,*,#10659,.T.);
#10685 = ORIENTED_EDGE('',*,*,#10686,.F.);
#10686 = EDGE_CURVE('',#10596,#10660,#10687,.T.);
#10687 = LINE('',#10688,#10689);
#10688 = CARTESIAN_POINT('',(-5.075,-1.825,1.51));
#10689 = VECTOR('',#10690,1.);
#10690 = DIRECTION('',(1.,0.,0.));
#10691 = PLANE('',#10692);
#10692 = AXIS2_PLACEMENT_3D('',#10693,#10694,#10695);
#10693 = CARTESIAN_POINT('',(-5.075,-0.275,1.51));
#10694 = DIRECTION('',(0.,0.,-1.));
#10695 = DIRECTION('',(0.,-1.,0.));
#10696 = ADVANCED_FACE('',(#10697),#10715,.F.);
#10697 = FACE_BOUND('',#10698,.F.);
#10698 = EDGE_LOOP('',(#10699,#10707,#10708,#10709));
#10699 = ORIENTED_EDGE('',*,*,#10700,.T.);
#10700 = EDGE_CURVE('',#10701,#9055,#10703,.T.);
#10701 = VERTEX_POINT('',#10702);
#10702 = CARTESIAN_POINT('',(5.075,-1.82,1.945));
#10703 = LINE('',#10704,#10705);
#10704 = CARTESIAN_POINT('',(5.075,-1.862444532488,1.945));
#10705 = VECTOR('',#10706,1.);
#10706 = DIRECTION('',(0.,-1.,2.22044604925E-16));
#10707 = ORIENTED_EDGE('',*,*,#9062,.T.);
#10708 = ORIENTED_EDGE('',*,*,#10400,.T.);
#10709 = ORIENTED_EDGE('',*,*,#10710,.F.);
#10710 = EDGE_CURVE('',#10701,#10401,#10711,.T.);
#10711 = LINE('',#10712,#10713);
#10712 = CARTESIAN_POINT('',(4.875,-1.82,1.945));
#10713 = VECTOR('',#10714,1.);
#10714 = DIRECTION('',(1.,0.,0.));
#10715 = PLANE('',#10716);
#10716 = AXIS2_PLACEMENT_3D('',#10717,#10718,#10719);
#10717 = CARTESIAN_POINT('',(4.875,-2.47,1.945));
#10718 = DIRECTION('',(0.,2.22044604925E-16,1.));
#10719 = DIRECTION('',(0.,1.,-2.22044604925E-16));
#10720 = ADVANCED_FACE('',(#10721),#10810,.F.);
#10721 = FACE_BOUND('',#10722,.F.);
#10722 = EDGE_LOOP('',(#10723,#10733,#10741,#10747,#10748,#10749,#10757,
    #10765,#10773,#10781,#10789,#10795,#10796,#10804));
#10723 = ORIENTED_EDGE('',*,*,#10724,.T.);
#10724 = EDGE_CURVE('',#10725,#10727,#10729,.T.);
#10725 = VERTEX_POINT('',#10726);
#10726 = CARTESIAN_POINT('',(5.075,-0.255,-1.665334536938E-16));
#10727 = VERTEX_POINT('',#10728);
#10728 = CARTESIAN_POINT('',(5.075,-2.475,0.));
#10729 = LINE('',#10730,#10731);
#10730 = CARTESIAN_POINT('',(5.075,-0.255,-1.665334536938E-16));
#10731 = VECTOR('',#10732,1.);
#10732 = DIRECTION('',(0.,-1.,7.501506923143E-17));
#10733 = ORIENTED_EDGE('',*,*,#10734,.T.);
#10734 = EDGE_CURVE('',#10727,#10735,#10737,.T.);
#10735 = VERTEX_POINT('',#10736);
#10736 = CARTESIAN_POINT('',(5.075,-2.475,2.05));
#10737 = LINE('',#10738,#10739);
#10738 = CARTESIAN_POINT('',(5.075,-2.475,0.));
#10739 = VECTOR('',#10740,1.);
#10740 = DIRECTION('',(0.,0.,1.));
#10741 = ORIENTED_EDGE('',*,*,#10742,.T.);
#10742 = EDGE_CURVE('',#10735,#9047,#10743,.T.);
#10743 = LINE('',#10744,#10745);
#10744 = CARTESIAN_POINT('',(5.075,-2.475,2.05));
#10745 = VECTOR('',#10746,1.);
#10746 = DIRECTION('',(0.,1.,0.));
#10747 = ORIENTED_EDGE('',*,*,#9054,.T.);
#10748 = ORIENTED_EDGE('',*,*,#10700,.F.);
#10749 = ORIENTED_EDGE('',*,*,#10750,.F.);
#10750 = EDGE_CURVE('',#10751,#10701,#10753,.T.);
#10751 = VERTEX_POINT('',#10752);
#10752 = CARTESIAN_POINT('',(5.075,-1.82,1.51));
#10753 = LINE('',#10754,#10755);
#10754 = CARTESIAN_POINT('',(5.075,-1.82,1.482892234548));
#10755 = VECTOR('',#10756,1.);
#10756 = DIRECTION('',(0.,2.22044604925E-16,1.));
#10757 = ORIENTED_EDGE('',*,*,#10758,.T.);
#10758 = EDGE_CURVE('',#10751,#10759,#10761,.T.);
#10759 = VERTEX_POINT('',#10760);
#10760 = CARTESIAN_POINT('',(5.075,-1.825,1.51));
#10761 = LINE('',#10762,#10763);
#10762 = CARTESIAN_POINT('',(5.075,-0.275,1.51));
#10763 = VECTOR('',#10764,1.);
#10764 = DIRECTION('',(0.,-1.,0.));
#10765 = ORIENTED_EDGE('',*,*,#10766,.T.);
#10766 = EDGE_CURVE('',#10759,#10767,#10769,.T.);
#10767 = VERTEX_POINT('',#10768);
#10768 = CARTESIAN_POINT('',(5.075,-1.825,0.8));
#10769 = LINE('',#10770,#10771);
#10770 = CARTESIAN_POINT('',(5.075,-1.825,1.51));
#10771 = VECTOR('',#10772,1.);
#10772 = DIRECTION('',(0.,0.,-1.));
#10773 = ORIENTED_EDGE('',*,*,#10774,.T.);
#10774 = EDGE_CURVE('',#10767,#10775,#10777,.T.);
#10775 = VERTEX_POINT('',#10776);
#10776 = CARTESIAN_POINT('',(5.075,-1.82,0.8));
#10777 = LINE('',#10778,#10779);
#10778 = CARTESIAN_POINT('',(5.075,-1.825,0.8));
#10779 = VECTOR('',#10780,1.);
#10780 = DIRECTION('',(0.,1.,0.));
#10781 = ORIENTED_EDGE('',*,*,#10782,.F.);
#10782 = EDGE_CURVE('',#10783,#10775,#10785,.T.);
#10783 = VERTEX_POINT('',#10784);
#10784 = CARTESIAN_POINT('',(5.075,-1.82,0.595));
#10785 = LINE('',#10786,#10787);
#10786 = CARTESIAN_POINT('',(5.075,-1.82,1.482892234548));
#10787 = VECTOR('',#10788,1.);
#10788 = DIRECTION('',(0.,2.22044604925E-16,1.));
#10789 = ORIENTED_EDGE('',*,*,#10790,.F.);
#10790 = EDGE_CURVE('',#10441,#10783,#10791,.T.);
#10791 = LINE('',#10792,#10793);
#10792 = CARTESIAN_POINT('',(5.075,-1.537444532488,0.595));
#10793 = VECTOR('',#10794,1.);
#10794 = DIRECTION('',(0.,-1.,2.22044604925E-16));
#10795 = ORIENTED_EDGE('',*,*,#10438,.F.);
#10796 = ORIENTED_EDGE('',*,*,#10797,.T.);
#10797 = EDGE_CURVE('',#10439,#10798,#10800,.T.);
#10798 = VERTEX_POINT('',#10799);
#10799 = CARTESIAN_POINT('',(5.075,-0.255,0.37));
#10800 = LINE('',#10801,#10802);
#10801 = CARTESIAN_POINT('',(5.075,0.235,0.37));
#10802 = VECTOR('',#10803,1.);
#10803 = DIRECTION('',(0.,-1.,0.));
#10804 = ORIENTED_EDGE('',*,*,#10805,.T.);
#10805 = EDGE_CURVE('',#10798,#10725,#10806,.T.);
#10806 = LINE('',#10807,#10808);
#10807 = CARTESIAN_POINT('',(5.075,-0.255,0.37));
#10808 = VECTOR('',#10809,1.);
#10809 = DIRECTION('',(0.,0.,-1.));
#10810 = PLANE('',#10811);
#10811 = AXIS2_PLACEMENT_3D('',#10812,#10813,#10814);
#10812 = CARTESIAN_POINT('',(5.075,-1.254889064976,1.020784469097));
#10813 = DIRECTION('',(-1.,-0.,-0.));
#10814 = DIRECTION('',(0.,0.,-1.));
#10815 = ADVANCED_FACE('',(#10816),#10834,.T.);
#10816 = FACE_BOUND('',#10817,.T.);
#10817 = EDGE_LOOP('',(#10818,#10826,#10832,#10833));
#10818 = ORIENTED_EDGE('',*,*,#10819,.F.);
#10819 = EDGE_CURVE('',#10820,#9039,#10822,.T.);
#10820 = VERTEX_POINT('',#10821);
#10821 = CARTESIAN_POINT('',(4.875,-2.475,2.05));
#10822 = LINE('',#10823,#10824);
#10823 = CARTESIAN_POINT('',(4.875,-2.475,2.05));
#10824 = VECTOR('',#10825,1.);
#10825 = DIRECTION('',(0.,1.,0.));
#10826 = ORIENTED_EDGE('',*,*,#10827,.T.);
#10827 = EDGE_CURVE('',#10820,#10735,#10828,.T.);
#10828 = LINE('',#10829,#10830);
#10829 = CARTESIAN_POINT('',(4.875,-2.475,2.05));
#10830 = VECTOR('',#10831,1.);
#10831 = DIRECTION('',(1.,0.,0.));
#10832 = ORIENTED_EDGE('',*,*,#10742,.T.);
#10833 = ORIENTED_EDGE('',*,*,#9046,.T.);
#10834 = PLANE('',#10835);
#10835 = AXIS2_PLACEMENT_3D('',#10836,#10837,#10838);
#10836 = CARTESIAN_POINT('',(4.875,-2.475,2.05));
#10837 = DIRECTION('',(0.,0.,1.));
#10838 = DIRECTION('',(0.,1.,0.));
#10839 = ADVANCED_FACE('',(#10840),#10859,.T.);
#10840 = FACE_BOUND('',#10841,.T.);
#10841 = EDGE_LOOP('',(#10842,#10850,#10856,#10857,#10858));
#10842 = ORIENTED_EDGE('',*,*,#10843,.T.);
#10843 = EDGE_CURVE('',#9023,#10844,#10846,.T.);
#10844 = VERTEX_POINT('',#10845);
#10845 = CARTESIAN_POINT('',(4.875,-2.475,0.));
#10846 = LINE('',#10847,#10848);
#10847 = CARTESIAN_POINT('',(4.875,-0.255,-1.665334536938E-16));
#10848 = VECTOR('',#10849,1.);
#10849 = DIRECTION('',(0.,-1.,7.501506923143E-17));
#10850 = ORIENTED_EDGE('',*,*,#10851,.T.);
#10851 = EDGE_CURVE('',#10844,#10820,#10852,.T.);
#10852 = LINE('',#10853,#10854);
#10853 = CARTESIAN_POINT('',(4.875,-2.475,0.));
#10854 = VECTOR('',#10855,1.);
#10855 = DIRECTION('',(0.,0.,1.));
#10856 = ORIENTED_EDGE('',*,*,#10819,.T.);
#10857 = ORIENTED_EDGE('',*,*,#9038,.T.);
#10858 = ORIENTED_EDGE('',*,*,#9030,.F.);
#10859 = PLANE('',#10860);
#10860 = AXIS2_PLACEMENT_3D('',#10861,#10862,#10863);
#10861 = CARTESIAN_POINT('',(4.875,-1.254889064976,1.020784469097));
#10862 = DIRECTION('',(-1.,-0.,-0.));
#10863 = DIRECTION('',(0.,0.,-1.));
#10864 = ADVANCED_FACE('',(#10865),#10891,.F.);
#10865 = FACE_BOUND('',#10866,.F.);
#10866 = EDGE_LOOP('',(#10867,#10875,#10883,#10889,#10890));
#10867 = ORIENTED_EDGE('',*,*,#10868,.T.);
#10868 = EDGE_CURVE('',#9008,#10869,#10871,.T.);
#10869 = VERTEX_POINT('',#10870);
#10870 = CARTESIAN_POINT('',(-4.875,-2.475,0.));
#10871 = LINE('',#10872,#10873);
#10872 = CARTESIAN_POINT('',(-4.875,-0.255,-1.665334536938E-16));
#10873 = VECTOR('',#10874,1.);
#10874 = DIRECTION('',(0.,-1.,7.501506923143E-17));
#10875 = ORIENTED_EDGE('',*,*,#10876,.T.);
#10876 = EDGE_CURVE('',#10869,#10877,#10879,.T.);
#10877 = VERTEX_POINT('',#10878);
#10878 = CARTESIAN_POINT('',(-4.875,-2.475,2.05));
#10879 = LINE('',#10880,#10881);
#10880 = CARTESIAN_POINT('',(-4.875,-2.475,0.));
#10881 = VECTOR('',#10882,1.);
#10882 = DIRECTION('',(0.,0.,1.));
#10883 = ORIENTED_EDGE('',*,*,#10884,.T.);
#10884 = EDGE_CURVE('',#10877,#8992,#10885,.T.);
#10885 = LINE('',#10886,#10887);
#10886 = CARTESIAN_POINT('',(-4.875,-2.475,2.05));
#10887 = VECTOR('',#10888,1.);
#10888 = DIRECTION('',(0.,1.,0.));
#10889 = ORIENTED_EDGE('',*,*,#8999,.T.);
#10890 = ORIENTED_EDGE('',*,*,#9007,.F.);
#10891 = PLANE('',#10892);
#10892 = AXIS2_PLACEMENT_3D('',#10893,#10894,#10895);
#10893 = CARTESIAN_POINT('',(-4.875,-1.254889064976,1.020784469097));
#10894 = DIRECTION('',(-1.,-0.,-0.));
#10895 = DIRECTION('',(0.,0.,-1.));
#10896 = ADVANCED_FACE('',(#10897),#10908,.T.);
#10897 = FACE_BOUND('',#10898,.T.);
#10898 = EDGE_LOOP('',(#10899,#10900,#10906,#10907));
#10899 = ORIENTED_EDGE('',*,*,#10586,.F.);
#10900 = ORIENTED_EDGE('',*,*,#10901,.T.);
#10901 = EDGE_CURVE('',#10579,#10877,#10902,.T.);
#10902 = LINE('',#10903,#10904);
#10903 = CARTESIAN_POINT('',(-5.075,-2.475,2.05));
#10904 = VECTOR('',#10905,1.);
#10905 = DIRECTION('',(1.,0.,0.));
#10906 = ORIENTED_EDGE('',*,*,#10884,.T.);
#10907 = ORIENTED_EDGE('',*,*,#8991,.T.);
#10908 = PLANE('',#10909);
#10909 = AXIS2_PLACEMENT_3D('',#10910,#10911,#10912);
#10910 = CARTESIAN_POINT('',(-5.075,-2.475,2.05));
#10911 = DIRECTION('',(0.,0.,1.));
#10912 = DIRECTION('',(0.,1.,0.));
#10913 = ADVANCED_FACE('',(#10914),#10930,.T.);
#10914 = FACE_BOUND('',#10915,.T.);
#10915 = EDGE_LOOP('',(#10916,#10922,#10923,#10929));
#10916 = ORIENTED_EDGE('',*,*,#10917,.F.);
#10917 = EDGE_CURVE('',#9838,#9087,#10918,.T.);
#10918 = LINE('',#10919,#10920);
#10919 = CARTESIAN_POINT('',(-3.325,1.58,2.44));
#10920 = VECTOR('',#10921,1.);
#10921 = DIRECTION('',(0.,-1.,2.22044604925E-16));
#10922 = ORIENTED_EDGE('',*,*,#9837,.T.);
#10923 = ORIENTED_EDGE('',*,*,#10924,.T.);
#10924 = EDGE_CURVE('',#9840,#9089,#10925,.T.);
#10925 = LINE('',#10926,#10927);
#10926 = CARTESIAN_POINT('',(-3.325,1.58,3.84));
#10927 = VECTOR('',#10928,1.);
#10928 = DIRECTION('',(0.,-1.,2.22044604925E-16));
#10929 = ORIENTED_EDGE('',*,*,#9086,.F.);
#10930 = PLANE('',#10931);
#10931 = AXIS2_PLACEMENT_3D('',#10932,#10933,#10934);
#10932 = CARTESIAN_POINT('',(-3.325,1.58,2.44));
#10933 = DIRECTION('',(1.,0.,0.));
#10934 = DIRECTION('',(0.,-1.,2.22044604925E-16));
#10935 = ADVANCED_FACE('',(#10936),#10947,.F.);
#10936 = FACE_BOUND('',#10937,.F.);
#10937 = EDGE_LOOP('',(#10938,#10939,#10940,#10941));
#10938 = ORIENTED_EDGE('',*,*,#9847,.F.);
#10939 = ORIENTED_EDGE('',*,*,#10924,.T.);
#10940 = ORIENTED_EDGE('',*,*,#9096,.T.);
#10941 = ORIENTED_EDGE('',*,*,#10942,.F.);
#10942 = EDGE_CURVE('',#9848,#9097,#10943,.T.);
#10943 = LINE('',#10944,#10945);
#10944 = CARTESIAN_POINT('',(3.325,1.58,3.84));
#10945 = VECTOR('',#10946,1.);
#10946 = DIRECTION('',(0.,-1.,2.22044604925E-16));
#10947 = PLANE('',#10948);
#10948 = AXIS2_PLACEMENT_3D('',#10949,#10950,#10951);
#10949 = CARTESIAN_POINT('',(-3.325,1.58,3.84));
#10950 = DIRECTION('',(0.,2.22044604925E-16,1.));
#10951 = DIRECTION('',(0.,-1.,2.22044604925E-16));
#10952 = ADVANCED_FACE('',(#10953,#10964),#10998,.T.);
#10953 = FACE_BOUND('',#10954,.T.);
#10954 = EDGE_LOOP('',(#10955,#10956,#10957,#10958));
#10955 = ORIENTED_EDGE('',*,*,#9863,.F.);
#10956 = ORIENTED_EDGE('',*,*,#10917,.T.);
#10957 = ORIENTED_EDGE('',*,*,#9112,.T.);
#10958 = ORIENTED_EDGE('',*,*,#10959,.F.);
#10959 = EDGE_CURVE('',#9856,#9105,#10960,.T.);
#10960 = LINE('',#10961,#10962);
#10961 = CARTESIAN_POINT('',(3.325,1.58,2.44));
#10962 = VECTOR('',#10963,1.);
#10963 = DIRECTION('',(0.,-1.,2.22044604925E-16));
#10964 = FACE_BOUND('',#10965,.T.);
#10965 = EDGE_LOOP('',(#10966,#10976,#10984,#10992));
#10966 = ORIENTED_EDGE('',*,*,#10967,.T.);
#10967 = EDGE_CURVE('',#10968,#10970,#10972,.T.);
#10968 = VERTEX_POINT('',#10969);
#10969 = CARTESIAN_POINT('',(-2.225,-1.67,2.44));
#10970 = VERTEX_POINT('',#10971);
#10971 = CARTESIAN_POINT('',(-2.225,-0.67,2.44));
#10972 = LINE('',#10973,#10974);
#10973 = CARTESIAN_POINT('',(-2.225,-1.67,2.44));
#10974 = VECTOR('',#10975,1.);
#10975 = DIRECTION('',(0.,1.,-1.665334536938E-16));
#10976 = ORIENTED_EDGE('',*,*,#10977,.T.);
#10977 = EDGE_CURVE('',#10970,#10978,#10980,.T.);
#10978 = VERTEX_POINT('',#10979);
#10979 = CARTESIAN_POINT('',(2.225,-0.67,2.44));
#10980 = LINE('',#10981,#10982);
#10981 = CARTESIAN_POINT('',(-2.225,-0.67,2.44));
#10982 = VECTOR('',#10983,1.);
#10983 = DIRECTION('',(1.,0.,0.));
#10984 = ORIENTED_EDGE('',*,*,#10985,.F.);
#10985 = EDGE_CURVE('',#10986,#10978,#10988,.T.);
#10986 = VERTEX_POINT('',#10987);
#10987 = CARTESIAN_POINT('',(2.225,-1.67,2.44));
#10988 = LINE('',#10989,#10990);
#10989 = CARTESIAN_POINT('',(2.225,-1.67,2.44));
#10990 = VECTOR('',#10991,1.);
#10991 = DIRECTION('',(0.,1.,-1.665334536938E-16));
#10992 = ORIENTED_EDGE('',*,*,#10993,.F.);
#10993 = EDGE_CURVE('',#10968,#10986,#10994,.T.);
#10994 = LINE('',#10995,#10996);
#10995 = CARTESIAN_POINT('',(-2.225,-1.67,2.44));
#10996 = VECTOR('',#10997,1.);
#10997 = DIRECTION('',(1.,0.,0.));
#10998 = PLANE('',#10999);
#10999 = AXIS2_PLACEMENT_3D('',#11000,#11001,#11002);
#11000 = CARTESIAN_POINT('',(-3.325,1.58,2.44));
#11001 = DIRECTION('',(0.,2.22044604925E-16,1.));
#11002 = DIRECTION('',(0.,-1.,2.22044604925E-16));
#11003 = ADVANCED_FACE('',(#11004),#11010,.F.);
#11004 = FACE_BOUND('',#11005,.F.);
#11005 = EDGE_LOOP('',(#11006,#11007,#11008,#11009));
#11006 = ORIENTED_EDGE('',*,*,#10959,.F.);
#11007 = ORIENTED_EDGE('',*,*,#9855,.T.);
#11008 = ORIENTED_EDGE('',*,*,#10942,.T.);
#11009 = ORIENTED_EDGE('',*,*,#9104,.F.);
#11010 = PLANE('',#11011);
#11011 = AXIS2_PLACEMENT_3D('',#11012,#11013,#11014);
#11012 = CARTESIAN_POINT('',(3.325,1.58,2.44));
#11013 = DIRECTION('',(1.,0.,0.));
#11014 = DIRECTION('',(0.,-1.,2.22044604925E-16));
#11015 = ADVANCED_FACE('',(#11016),#11041,.F.);
#11016 = FACE_BOUND('',#11017,.F.);
#11017 = EDGE_LOOP('',(#11018,#11026,#11034,#11040));
#11018 = ORIENTED_EDGE('',*,*,#11019,.T.);
#11019 = EDGE_CURVE('',#9121,#11020,#11022,.T.);
#11020 = VERTEX_POINT('',#11021);
#11021 = CARTESIAN_POINT('',(4.375,0.13,0.595));
#11022 = LINE('',#11023,#11024);
#11023 = CARTESIAN_POINT('',(4.375,-2.47,0.595));
#11024 = VECTOR('',#11025,1.);
#11025 = DIRECTION('',(-0.,1.,-2.22044604925E-16));
#11026 = ORIENTED_EDGE('',*,*,#11027,.T.);
#11027 = EDGE_CURVE('',#11020,#11028,#11030,.T.);
#11028 = VERTEX_POINT('',#11029);
#11029 = CARTESIAN_POINT('',(4.375,0.13,2.645));
#11030 = LINE('',#11031,#11032);
#11031 = CARTESIAN_POINT('',(4.375,0.13,0.595));
#11032 = VECTOR('',#11033,1.);
#11033 = DIRECTION('',(0.,2.22044604925E-16,1.));
#11034 = ORIENTED_EDGE('',*,*,#11035,.F.);
#11035 = EDGE_CURVE('',#9123,#11028,#11036,.T.);
#11036 = LINE('',#11037,#11038);
#11037 = CARTESIAN_POINT('',(4.375,-2.47,2.645));
#11038 = VECTOR('',#11039,1.);
#11039 = DIRECTION('',(-0.,1.,-2.22044604925E-16));
#11040 = ORIENTED_EDGE('',*,*,#9120,.F.);
#11041 = PLANE('',#11042);
#11042 = AXIS2_PLACEMENT_3D('',#11043,#11044,#11045);
#11043 = CARTESIAN_POINT('',(4.375,-2.47,0.595));
#11044 = DIRECTION('',(1.,0.,0.));
#11045 = DIRECTION('',(-0.,2.22044604925E-16,1.));
#11046 = ADVANCED_FACE('',(#11047),#11065,.F.);
#11047 = FACE_BOUND('',#11048,.F.);
#11048 = EDGE_LOOP('',(#11049,#11057,#11063,#11064));
#11049 = ORIENTED_EDGE('',*,*,#11050,.T.);
#11050 = EDGE_CURVE('',#9131,#11051,#11053,.T.);
#11051 = VERTEX_POINT('',#11052);
#11052 = CARTESIAN_POINT('',(-4.375,0.13,0.595));
#11053 = LINE('',#11054,#11055);
#11054 = CARTESIAN_POINT('',(-4.375,-2.47,0.595));
#11055 = VECTOR('',#11056,1.);
#11056 = DIRECTION('',(-0.,1.,-2.22044604925E-16));
#11057 = ORIENTED_EDGE('',*,*,#11058,.T.);
#11058 = EDGE_CURVE('',#11051,#11020,#11059,.T.);
#11059 = LINE('',#11060,#11061);
#11060 = CARTESIAN_POINT('',(-4.375,0.13,0.595));
#11061 = VECTOR('',#11062,1.);
#11062 = DIRECTION('',(1.,0.,0.));
#11063 = ORIENTED_EDGE('',*,*,#11019,.F.);
#11064 = ORIENTED_EDGE('',*,*,#9130,.F.);
#11065 = PLANE('',#11066);
#11066 = AXIS2_PLACEMENT_3D('',#11067,#11068,#11069);
#11067 = CARTESIAN_POINT('',(-4.375,-2.47,0.595));
#11068 = DIRECTION('',(0.,-2.22044604925E-16,-1.));
#11069 = DIRECTION('',(1.,0.,0.));
#11070 = ADVANCED_FACE('',(#11071),#11089,.F.);
#11071 = FACE_BOUND('',#11072,.F.);
#11072 = EDGE_LOOP('',(#11073,#11074,#11082,#11088));
#11073 = ORIENTED_EDGE('',*,*,#11035,.T.);
#11074 = ORIENTED_EDGE('',*,*,#11075,.T.);
#11075 = EDGE_CURVE('',#11028,#11076,#11078,.T.);
#11076 = VERTEX_POINT('',#11077);
#11077 = CARTESIAN_POINT('',(3.875,0.13,2.645));
#11078 = LINE('',#11079,#11080);
#11079 = CARTESIAN_POINT('',(4.375,0.13,2.645));
#11080 = VECTOR('',#11081,1.);
#11081 = DIRECTION('',(-1.,0.,0.));
#11082 = ORIENTED_EDGE('',*,*,#11083,.F.);
#11083 = EDGE_CURVE('',#9555,#11076,#11084,.T.);
#11084 = LINE('',#11085,#11086);
#11085 = CARTESIAN_POINT('',(3.875,-2.47,2.645));
#11086 = VECTOR('',#11087,1.);
#11087 = DIRECTION('',(-0.,1.,-2.22044604925E-16));
#11088 = ORIENTED_EDGE('',*,*,#9562,.F.);
#11089 = PLANE('',#11090);
#11090 = AXIS2_PLACEMENT_3D('',#11091,#11092,#11093);
#11091 = CARTESIAN_POINT('',(4.375,-2.47,2.645));
#11092 = DIRECTION('',(0.,2.22044604925E-16,1.));
#11093 = DIRECTION('',(-1.,0.,0.));
#11094 = ADVANCED_FACE('',(#11095),#11113,.F.);
#11095 = FACE_BOUND('',#11096,.F.);
#11096 = EDGE_LOOP('',(#11097,#11105,#11111,#11112));
#11097 = ORIENTED_EDGE('',*,*,#11098,.T.);
#11098 = EDGE_CURVE('',#9139,#11099,#11101,.T.);
#11099 = VERTEX_POINT('',#11100);
#11100 = CARTESIAN_POINT('',(-4.375,0.13,2.645));
#11101 = LINE('',#11102,#11103);
#11102 = CARTESIAN_POINT('',(-4.375,-2.47,2.645));
#11103 = VECTOR('',#11104,1.);
#11104 = DIRECTION('',(-0.,1.,-2.22044604925E-16));
#11105 = ORIENTED_EDGE('',*,*,#11106,.T.);
#11106 = EDGE_CURVE('',#11099,#11051,#11107,.T.);
#11107 = LINE('',#11108,#11109);
#11108 = CARTESIAN_POINT('',(-4.375,0.13,2.645));
#11109 = VECTOR('',#11110,1.);
#11110 = DIRECTION('',(0.,-2.22044604925E-16,-1.));
#11111 = ORIENTED_EDGE('',*,*,#11050,.F.);
#11112 = ORIENTED_EDGE('',*,*,#9138,.F.);
#11113 = PLANE('',#11114);
#11114 = AXIS2_PLACEMENT_3D('',#11115,#11116,#11117);
#11115 = CARTESIAN_POINT('',(-4.375,-2.47,2.645));
#11116 = DIRECTION('',(-1.,0.,0.));
#11117 = DIRECTION('',(-0.,-2.22044604925E-16,-1.));
#11118 = ADVANCED_FACE('',(#11119),#11137,.F.);
#11119 = FACE_BOUND('',#11120,.F.);
#11120 = EDGE_LOOP('',(#11121,#11122,#11130,#11136));
#11121 = ORIENTED_EDGE('',*,*,#11083,.T.);
#11122 = ORIENTED_EDGE('',*,*,#11123,.T.);
#11123 = EDGE_CURVE('',#11076,#11124,#11126,.T.);
#11124 = VERTEX_POINT('',#11125);
#11125 = CARTESIAN_POINT('',(3.875,0.13,2.145));
#11126 = LINE('',#11127,#11128);
#11127 = CARTESIAN_POINT('',(3.875,0.13,2.645));
#11128 = VECTOR('',#11129,1.);
#11129 = DIRECTION('',(0.,-2.22044604925E-16,-1.));
#11130 = ORIENTED_EDGE('',*,*,#11131,.F.);
#11131 = EDGE_CURVE('',#9547,#11124,#11132,.T.);
#11132 = LINE('',#11133,#11134);
#11133 = CARTESIAN_POINT('',(3.875,-2.47,2.145));
#11134 = VECTOR('',#11135,1.);
#11135 = DIRECTION('',(-0.,1.,-2.22044604925E-16));
#11136 = ORIENTED_EDGE('',*,*,#9554,.F.);
#11137 = PLANE('',#11138);
#11138 = AXIS2_PLACEMENT_3D('',#11139,#11140,#11141);
#11139 = CARTESIAN_POINT('',(3.875,-2.47,2.645));
#11140 = DIRECTION('',(-1.,0.,0.));
#11141 = DIRECTION('',(-0.,-2.22044604925E-16,-1.));
#11142 = ADVANCED_FACE('',(#11143),#11161,.F.);
#11143 = FACE_BOUND('',#11144,.F.);
#11144 = EDGE_LOOP('',(#11145,#11153,#11159,#11160));
#11145 = ORIENTED_EDGE('',*,*,#11146,.T.);
#11146 = EDGE_CURVE('',#9147,#11147,#11149,.T.);
#11147 = VERTEX_POINT('',#11148);
#11148 = CARTESIAN_POINT('',(-3.875,0.13,2.645));
#11149 = LINE('',#11150,#11151);
#11150 = CARTESIAN_POINT('',(-3.875,-2.47,2.645));
#11151 = VECTOR('',#11152,1.);
#11152 = DIRECTION('',(-0.,1.,-2.22044604925E-16));
#11153 = ORIENTED_EDGE('',*,*,#11154,.T.);
#11154 = EDGE_CURVE('',#11147,#11099,#11155,.T.);
#11155 = LINE('',#11156,#11157);
#11156 = CARTESIAN_POINT('',(-3.875,0.13,2.645));
#11157 = VECTOR('',#11158,1.);
#11158 = DIRECTION('',(-1.,0.,0.));
#11159 = ORIENTED_EDGE('',*,*,#11098,.F.);
#11160 = ORIENTED_EDGE('',*,*,#9146,.F.);
#11161 = PLANE('',#11162);
#11162 = AXIS2_PLACEMENT_3D('',#11163,#11164,#11165);
#11163 = CARTESIAN_POINT('',(-3.875,-2.47,2.645));
#11164 = DIRECTION('',(0.,2.22044604925E-16,1.));
#11165 = DIRECTION('',(-1.,0.,0.));
#11166 = ADVANCED_FACE('',(#11167),#11185,.F.);
#11167 = FACE_BOUND('',#11168,.F.);
#11168 = EDGE_LOOP('',(#11169,#11170,#11178,#11184));
#11169 = ORIENTED_EDGE('',*,*,#11131,.T.);
#11170 = ORIENTED_EDGE('',*,*,#11171,.T.);
#11171 = EDGE_CURVE('',#11124,#11172,#11174,.T.);
#11172 = VERTEX_POINT('',#11173);
#11173 = CARTESIAN_POINT('',(3.375,0.13,2.145));
#11174 = LINE('',#11175,#11176);
#11175 = CARTESIAN_POINT('',(3.875,0.13,2.145));
#11176 = VECTOR('',#11177,1.);
#11177 = DIRECTION('',(-1.,0.,0.));
#11178 = ORIENTED_EDGE('',*,*,#11179,.F.);
#11179 = EDGE_CURVE('',#9539,#11172,#11180,.T.);
#11180 = LINE('',#11181,#11182);
#11181 = CARTESIAN_POINT('',(3.375,-2.47,2.145));
#11182 = VECTOR('',#11183,1.);
#11183 = DIRECTION('',(-0.,1.,-2.22044604925E-16));
#11184 = ORIENTED_EDGE('',*,*,#9546,.F.);
#11185 = PLANE('',#11186);
#11186 = AXIS2_PLACEMENT_3D('',#11187,#11188,#11189);
#11187 = CARTESIAN_POINT('',(3.875,-2.47,2.145));
#11188 = DIRECTION('',(0.,2.22044604925E-16,1.));
#11189 = DIRECTION('',(-1.,0.,0.));
#11190 = ADVANCED_FACE('',(#11191),#11209,.F.);
#11191 = FACE_BOUND('',#11192,.F.);
#11192 = EDGE_LOOP('',(#11193,#11201,#11207,#11208));
#11193 = ORIENTED_EDGE('',*,*,#11194,.T.);
#11194 = EDGE_CURVE('',#9155,#11195,#11197,.T.);
#11195 = VERTEX_POINT('',#11196);
#11196 = CARTESIAN_POINT('',(-3.875,0.13,2.145));
#11197 = LINE('',#11198,#11199);
#11198 = CARTESIAN_POINT('',(-3.875,-2.47,2.145));
#11199 = VECTOR('',#11200,1.);
#11200 = DIRECTION('',(-0.,1.,-2.22044604925E-16));
#11201 = ORIENTED_EDGE('',*,*,#11202,.T.);
#11202 = EDGE_CURVE('',#11195,#11147,#11203,.T.);
#11203 = LINE('',#11204,#11205);
#11204 = CARTESIAN_POINT('',(-3.875,0.13,2.145));
#11205 = VECTOR('',#11206,1.);
#11206 = DIRECTION('',(0.,2.22044604925E-16,1.));
#11207 = ORIENTED_EDGE('',*,*,#11146,.F.);
#11208 = ORIENTED_EDGE('',*,*,#9154,.F.);
#11209 = PLANE('',#11210);
#11210 = AXIS2_PLACEMENT_3D('',#11211,#11212,#11213);
#11211 = CARTESIAN_POINT('',(-3.875,-2.47,2.145));
#11212 = DIRECTION('',(1.,0.,0.));
#11213 = DIRECTION('',(-0.,2.22044604925E-16,1.));
#11214 = ADVANCED_FACE('',(#11215),#11233,.F.);
#11215 = FACE_BOUND('',#11216,.F.);
#11216 = EDGE_LOOP('',(#11217,#11218,#11226,#11232));
#11217 = ORIENTED_EDGE('',*,*,#11179,.T.);
#11218 = ORIENTED_EDGE('',*,*,#11219,.T.);
#11219 = EDGE_CURVE('',#11172,#11220,#11222,.T.);
#11220 = VERTEX_POINT('',#11221);
#11221 = CARTESIAN_POINT('',(3.375,0.13,1.945));
#11222 = LINE('',#11223,#11224);
#11223 = CARTESIAN_POINT('',(3.375,0.13,2.145));
#11224 = VECTOR('',#11225,1.);
#11225 = DIRECTION('',(0.,-2.22044604925E-16,-1.));
#11226 = ORIENTED_EDGE('',*,*,#11227,.F.);
#11227 = EDGE_CURVE('',#9531,#11220,#11228,.T.);
#11228 = LINE('',#11229,#11230);
#11229 = CARTESIAN_POINT('',(3.375,-2.47,1.945));
#11230 = VECTOR('',#11231,1.);
#11231 = DIRECTION('',(-0.,1.,-2.22044604925E-16));
#11232 = ORIENTED_EDGE('',*,*,#9538,.F.);
#11233 = PLANE('',#11234);
#11234 = AXIS2_PLACEMENT_3D('',#11235,#11236,#11237);
#11235 = CARTESIAN_POINT('',(3.375,-2.47,2.145));
#11236 = DIRECTION('',(-1.,0.,0.));
#11237 = DIRECTION('',(-0.,-2.22044604925E-16,-1.));
#11238 = ADVANCED_FACE('',(#11239),#11257,.F.);
#11239 = FACE_BOUND('',#11240,.F.);
#11240 = EDGE_LOOP('',(#11241,#11249,#11255,#11256));
#11241 = ORIENTED_EDGE('',*,*,#11242,.T.);
#11242 = EDGE_CURVE('',#9163,#11243,#11245,.T.);
#11243 = VERTEX_POINT('',#11244);
#11244 = CARTESIAN_POINT('',(-3.375,0.13,2.145));
#11245 = LINE('',#11246,#11247);
#11246 = CARTESIAN_POINT('',(-3.375,-2.47,2.145));
#11247 = VECTOR('',#11248,1.);
#11248 = DIRECTION('',(-0.,1.,-2.22044604925E-16));
#11249 = ORIENTED_EDGE('',*,*,#11250,.T.);
#11250 = EDGE_CURVE('',#11243,#11195,#11251,.T.);
#11251 = LINE('',#11252,#11253);
#11252 = CARTESIAN_POINT('',(-3.375,0.13,2.145));
#11253 = VECTOR('',#11254,1.);
#11254 = DIRECTION('',(-1.,0.,0.));
#11255 = ORIENTED_EDGE('',*,*,#11194,.F.);
#11256 = ORIENTED_EDGE('',*,*,#9162,.F.);
#11257 = PLANE('',#11258);
#11258 = AXIS2_PLACEMENT_3D('',#11259,#11260,#11261);
#11259 = CARTESIAN_POINT('',(-3.375,-2.47,2.145));
#11260 = DIRECTION('',(0.,2.22044604925E-16,1.));
#11261 = DIRECTION('',(-1.,0.,0.));
#11262 = ADVANCED_FACE('',(#11263),#11289,.F.);
#11263 = FACE_BOUND('',#11264,.F.);
#11264 = EDGE_LOOP('',(#11265,#11266,#11274,#11282,#11288));
#11265 = ORIENTED_EDGE('',*,*,#11227,.T.);
#11266 = ORIENTED_EDGE('',*,*,#11267,.T.);
#11267 = EDGE_CURVE('',#11220,#11268,#11270,.T.);
#11268 = VERTEX_POINT('',#11269);
#11269 = CARTESIAN_POINT('',(3.225,0.13,1.945));
#11270 = LINE('',#11271,#11272);
#11271 = CARTESIAN_POINT('',(3.375,0.13,1.945));
#11272 = VECTOR('',#11273,1.);
#11273 = DIRECTION('',(-1.,0.,0.));
#11274 = ORIENTED_EDGE('',*,*,#11275,.F.);
#11275 = EDGE_CURVE('',#11276,#11268,#11278,.T.);
#11276 = VERTEX_POINT('',#11277);
#11277 = CARTESIAN_POINT('',(3.225,-2.12,1.945));
#11278 = LINE('',#11279,#11280);
#11279 = CARTESIAN_POINT('',(3.225,-2.47,1.945));
#11280 = VECTOR('',#11281,1.);
#11281 = DIRECTION('',(-0.,1.,-2.22044604925E-16));
#11282 = ORIENTED_EDGE('',*,*,#11283,.F.);
#11283 = EDGE_CURVE('',#9523,#11276,#11284,.T.);
#11284 = LINE('',#11285,#11286);
#11285 = CARTESIAN_POINT('',(3.225,-2.47,1.945));
#11286 = VECTOR('',#11287,1.);
#11287 = DIRECTION('',(-0.,1.,-2.22044604925E-16));
#11288 = ORIENTED_EDGE('',*,*,#9530,.F.);
#11289 = PLANE('',#11290);
#11290 = AXIS2_PLACEMENT_3D('',#11291,#11292,#11293);
#11291 = CARTESIAN_POINT('',(3.375,-2.47,1.945));
#11292 = DIRECTION('',(0.,2.22044604925E-16,1.));
#11293 = DIRECTION('',(-1.,0.,0.));
#11294 = ADVANCED_FACE('',(#11295),#11313,.F.);
#11295 = FACE_BOUND('',#11296,.F.);
#11296 = EDGE_LOOP('',(#11297,#11305,#11311,#11312));
#11297 = ORIENTED_EDGE('',*,*,#11298,.T.);
#11298 = EDGE_CURVE('',#9171,#11299,#11301,.T.);
#11299 = VERTEX_POINT('',#11300);
#11300 = CARTESIAN_POINT('',(-3.375,0.13,1.945));
#11301 = LINE('',#11302,#11303);
#11302 = CARTESIAN_POINT('',(-3.375,-2.47,1.945));
#11303 = VECTOR('',#11304,1.);
#11304 = DIRECTION('',(-0.,1.,-2.22044604925E-16));
#11305 = ORIENTED_EDGE('',*,*,#11306,.T.);
#11306 = EDGE_CURVE('',#11299,#11243,#11307,.T.);
#11307 = LINE('',#11308,#11309);
#11308 = CARTESIAN_POINT('',(-3.375,0.13,1.945));
#11309 = VECTOR('',#11310,1.);
#11310 = DIRECTION('',(0.,2.22044604925E-16,1.));
#11311 = ORIENTED_EDGE('',*,*,#11242,.F.);
#11312 = ORIENTED_EDGE('',*,*,#9170,.F.);
#11313 = PLANE('',#11314);
#11314 = AXIS2_PLACEMENT_3D('',#11315,#11316,#11317);
#11315 = CARTESIAN_POINT('',(-3.375,-2.47,1.945));
#11316 = DIRECTION('',(1.,0.,0.));
#11317 = DIRECTION('',(-0.,2.22044604925E-16,1.));
#11318 = ADVANCED_FACE('',(#11319),#11353,.F.);
#11319 = FACE_BOUND('',#11320,.F.);
#11320 = EDGE_LOOP('',(#11321,#11322,#11323,#11331,#11339,#11347));
#11321 = ORIENTED_EDGE('',*,*,#9522,.F.);
#11322 = ORIENTED_EDGE('',*,*,#11283,.T.);
#11323 = ORIENTED_EDGE('',*,*,#11324,.F.);
#11324 = EDGE_CURVE('',#11325,#11276,#11327,.T.);
#11325 = VERTEX_POINT('',#11326);
#11326 = CARTESIAN_POINT('',(3.225,-2.2446,2.0696));
#11327 = LINE('',#11328,#11329);
#11328 = CARTESIAN_POINT('',(3.225,-2.2446,2.0696));
#11329 = VECTOR('',#11330,1.);
#11330 = DIRECTION('',(0.,0.707106781187,-0.707106781187));
#11331 = ORIENTED_EDGE('',*,*,#11332,.F.);
#11332 = EDGE_CURVE('',#11333,#11325,#11335,.T.);
#11333 = VERTEX_POINT('',#11334);
#11334 = CARTESIAN_POINT('',(3.225,0.13,2.0696));
#11335 = LINE('',#11336,#11337);
#11336 = CARTESIAN_POINT('',(3.225,1.1054,2.0696));
#11337 = VECTOR('',#11338,1.);
#11338 = DIRECTION('',(0.,-1.,0.));
#11339 = ORIENTED_EDGE('',*,*,#11340,.T.);
#11340 = EDGE_CURVE('',#11333,#11341,#11343,.T.);
#11341 = VERTEX_POINT('',#11342);
#11342 = CARTESIAN_POINT('',(3.225,0.13,2.145));
#11343 = LINE('',#11344,#11345);
#11344 = CARTESIAN_POINT('',(3.225,0.13,1.945));
#11345 = VECTOR('',#11346,1.);
#11346 = DIRECTION('',(0.,2.22044604925E-16,1.));
#11347 = ORIENTED_EDGE('',*,*,#11348,.F.);
#11348 = EDGE_CURVE('',#9515,#11341,#11349,.T.);
#11349 = LINE('',#11350,#11351);
#11350 = CARTESIAN_POINT('',(3.225,-2.47,2.145));
#11351 = VECTOR('',#11352,1.);
#11352 = DIRECTION('',(-0.,1.,-2.22044604925E-16));
#11353 = PLANE('',#11354);
#11354 = AXIS2_PLACEMENT_3D('',#11355,#11356,#11357);
#11355 = CARTESIAN_POINT('',(3.225,-2.47,1.945));
#11356 = DIRECTION('',(1.,0.,0.));
#11357 = DIRECTION('',(-0.,2.22044604925E-16,1.));
#11358 = ADVANCED_FACE('',(#11359),#11385,.F.);
#11359 = FACE_BOUND('',#11360,.F.);
#11360 = EDGE_LOOP('',(#11361,#11369,#11377,#11383,#11384));
#11361 = ORIENTED_EDGE('',*,*,#11362,.T.);
#11362 = EDGE_CURVE('',#9179,#11363,#11365,.T.);
#11363 = VERTEX_POINT('',#11364);
#11364 = CARTESIAN_POINT('',(-3.225,-2.12,1.945));
#11365 = LINE('',#11366,#11367);
#11366 = CARTESIAN_POINT('',(-3.225,-2.47,1.945));
#11367 = VECTOR('',#11368,1.);
#11368 = DIRECTION('',(-0.,1.,-2.22044604925E-16));
#11369 = ORIENTED_EDGE('',*,*,#11370,.T.);
#11370 = EDGE_CURVE('',#11363,#11371,#11373,.T.);
#11371 = VERTEX_POINT('',#11372);
#11372 = CARTESIAN_POINT('',(-3.225,0.13,1.945));
#11373 = LINE('',#11374,#11375);
#11374 = CARTESIAN_POINT('',(-3.225,-2.47,1.945));
#11375 = VECTOR('',#11376,1.);
#11376 = DIRECTION('',(-0.,1.,-2.22044604925E-16));
#11377 = ORIENTED_EDGE('',*,*,#11378,.T.);
#11378 = EDGE_CURVE('',#11371,#11299,#11379,.T.);
#11379 = LINE('',#11380,#11381);
#11380 = CARTESIAN_POINT('',(-3.225,0.13,1.945));
#11381 = VECTOR('',#11382,1.);
#11382 = DIRECTION('',(-1.,0.,0.));
#11383 = ORIENTED_EDGE('',*,*,#11298,.F.);
#11384 = ORIENTED_EDGE('',*,*,#9178,.F.);
#11385 = PLANE('',#11386);
#11386 = AXIS2_PLACEMENT_3D('',#11387,#11388,#11389);
#11387 = CARTESIAN_POINT('',(-3.225,-2.47,1.945));
#11388 = DIRECTION('',(0.,2.22044604925E-16,1.));
#11389 = DIRECTION('',(-1.,0.,0.));
#11390 = ADVANCED_FACE('',(#11391),#11409,.F.);
#11391 = FACE_BOUND('',#11392,.F.);
#11392 = EDGE_LOOP('',(#11393,#11394,#11402,#11408));
#11393 = ORIENTED_EDGE('',*,*,#11348,.T.);
#11394 = ORIENTED_EDGE('',*,*,#11395,.T.);
#11395 = EDGE_CURVE('',#11341,#11396,#11398,.T.);
#11396 = VERTEX_POINT('',#11397);
#11397 = CARTESIAN_POINT('',(3.025,0.13,2.145));
#11398 = LINE('',#11399,#11400);
#11399 = CARTESIAN_POINT('',(3.225,0.13,2.145));
#11400 = VECTOR('',#11401,1.);
#11401 = DIRECTION('',(-1.,0.,0.));
#11402 = ORIENTED_EDGE('',*,*,#11403,.F.);
#11403 = EDGE_CURVE('',#9507,#11396,#11404,.T.);
#11404 = LINE('',#11405,#11406);
#11405 = CARTESIAN_POINT('',(3.025,-2.47,2.145));
#11406 = VECTOR('',#11407,1.);
#11407 = DIRECTION('',(-0.,1.,-2.22044604925E-16));
#11408 = ORIENTED_EDGE('',*,*,#9514,.F.);
#11409 = PLANE('',#11410);
#11410 = AXIS2_PLACEMENT_3D('',#11411,#11412,#11413);
#11411 = CARTESIAN_POINT('',(3.225,-2.47,2.145));
#11412 = DIRECTION('',(0.,2.22044604925E-16,1.));
#11413 = DIRECTION('',(-1.,0.,0.));
#11414 = ADVANCED_FACE('',(#11415),#11449,.F.);
#11415 = FACE_BOUND('',#11416,.F.);
#11416 = EDGE_LOOP('',(#11417,#11418,#11426,#11434,#11442,#11448));
#11417 = ORIENTED_EDGE('',*,*,#9186,.F.);
#11418 = ORIENTED_EDGE('',*,*,#11419,.T.);
#11419 = EDGE_CURVE('',#9187,#11420,#11422,.T.);
#11420 = VERTEX_POINT('',#11421);
#11421 = CARTESIAN_POINT('',(-3.225,0.13,2.145));
#11422 = LINE('',#11423,#11424);
#11423 = CARTESIAN_POINT('',(-3.225,-2.47,2.145));
#11424 = VECTOR('',#11425,1.);
#11425 = DIRECTION('',(-0.,1.,-2.22044604925E-16));
#11426 = ORIENTED_EDGE('',*,*,#11427,.T.);
#11427 = EDGE_CURVE('',#11420,#11428,#11430,.T.);
#11428 = VERTEX_POINT('',#11429);
#11429 = CARTESIAN_POINT('',(-3.225,0.13,2.0696));
#11430 = LINE('',#11431,#11432);
#11431 = CARTESIAN_POINT('',(-3.225,0.13,2.145));
#11432 = VECTOR('',#11433,1.);
#11433 = DIRECTION('',(0.,-2.22044604925E-16,-1.));
#11434 = ORIENTED_EDGE('',*,*,#11435,.T.);
#11435 = EDGE_CURVE('',#11428,#11436,#11438,.T.);
#11436 = VERTEX_POINT('',#11437);
#11437 = CARTESIAN_POINT('',(-3.225,-2.2446,2.0696));
#11438 = LINE('',#11439,#11440);
#11439 = CARTESIAN_POINT('',(-3.225,1.1054,2.0696));
#11440 = VECTOR('',#11441,1.);
#11441 = DIRECTION('',(0.,-1.,0.));
#11442 = ORIENTED_EDGE('',*,*,#11443,.T.);
#11443 = EDGE_CURVE('',#11436,#11363,#11444,.T.);
#11444 = LINE('',#11445,#11446);
#11445 = CARTESIAN_POINT('',(-3.225,-2.2446,2.0696));
#11446 = VECTOR('',#11447,1.);
#11447 = DIRECTION('',(0.,0.707106781187,-0.707106781187));
#11448 = ORIENTED_EDGE('',*,*,#11362,.F.);
#11449 = PLANE('',#11450);
#11450 = AXIS2_PLACEMENT_3D('',#11451,#11452,#11453);
#11451 = CARTESIAN_POINT('',(-3.225,-2.47,2.145));
#11452 = DIRECTION('',(-1.,0.,0.));
#11453 = DIRECTION('',(-0.,-2.22044604925E-16,-1.));
#11454 = ADVANCED_FACE('',(#11455),#11489,.F.);
#11455 = FACE_BOUND('',#11456,.F.);
#11456 = EDGE_LOOP('',(#11457,#11458,#11459,#11467,#11475,#11483));
#11457 = ORIENTED_EDGE('',*,*,#9506,.F.);
#11458 = ORIENTED_EDGE('',*,*,#11403,.T.);
#11459 = ORIENTED_EDGE('',*,*,#11460,.T.);
#11460 = EDGE_CURVE('',#11396,#11461,#11463,.T.);
#11461 = VERTEX_POINT('',#11462);
#11462 = CARTESIAN_POINT('',(3.025,0.13,2.0696));
#11463 = LINE('',#11464,#11465);
#11464 = CARTESIAN_POINT('',(3.025,0.13,2.145));
#11465 = VECTOR('',#11466,1.);
#11466 = DIRECTION('',(0.,-2.22044604925E-16,-1.));
#11467 = ORIENTED_EDGE('',*,*,#11468,.T.);
#11468 = EDGE_CURVE('',#11461,#11469,#11471,.T.);
#11469 = VERTEX_POINT('',#11470);
#11470 = CARTESIAN_POINT('',(3.025,-2.2446,2.0696));
#11471 = LINE('',#11472,#11473);
#11472 = CARTESIAN_POINT('',(3.025,1.1054,2.0696));
#11473 = VECTOR('',#11474,1.);
#11474 = DIRECTION('',(0.,-1.,0.));
#11475 = ORIENTED_EDGE('',*,*,#11476,.T.);
#11476 = EDGE_CURVE('',#11469,#11477,#11479,.T.);
#11477 = VERTEX_POINT('',#11478);
#11478 = CARTESIAN_POINT('',(3.025,-2.12,1.945));
#11479 = LINE('',#11480,#11481);
#11480 = CARTESIAN_POINT('',(3.025,-2.2446,2.0696));
#11481 = VECTOR('',#11482,1.);
#11482 = DIRECTION('',(0.,0.707106781187,-0.707106781187));
#11483 = ORIENTED_EDGE('',*,*,#11484,.F.);
#11484 = EDGE_CURVE('',#9499,#11477,#11485,.T.);
#11485 = LINE('',#11486,#11487);
#11486 = CARTESIAN_POINT('',(3.025,-2.47,1.945));
#11487 = VECTOR('',#11488,1.);
#11488 = DIRECTION('',(-0.,1.,-2.22044604925E-16));
#11489 = PLANE('',#11490);
#11490 = AXIS2_PLACEMENT_3D('',#11491,#11492,#11493);
#11491 = CARTESIAN_POINT('',(3.025,-2.47,2.145));
#11492 = DIRECTION('',(-1.,0.,0.));
#11493 = DIRECTION('',(-0.,-2.22044604925E-16,-1.));
#11494 = ADVANCED_FACE('',(#11495),#11513,.F.);
#11495 = FACE_BOUND('',#11496,.F.);
#11496 = EDGE_LOOP('',(#11497,#11505,#11511,#11512));
#11497 = ORIENTED_EDGE('',*,*,#11498,.T.);
#11498 = EDGE_CURVE('',#9195,#11499,#11501,.T.);
#11499 = VERTEX_POINT('',#11500);
#11500 = CARTESIAN_POINT('',(-3.025,0.13,2.145));
#11501 = LINE('',#11502,#11503);
#11502 = CARTESIAN_POINT('',(-3.025,-2.47,2.145));
#11503 = VECTOR('',#11504,1.);
#11504 = DIRECTION('',(-0.,1.,-2.22044604925E-16));
#11505 = ORIENTED_EDGE('',*,*,#11506,.T.);
#11506 = EDGE_CURVE('',#11499,#11420,#11507,.T.);
#11507 = LINE('',#11508,#11509);
#11508 = CARTESIAN_POINT('',(-3.025,0.13,2.145));
#11509 = VECTOR('',#11510,1.);
#11510 = DIRECTION('',(-1.,0.,0.));
#11511 = ORIENTED_EDGE('',*,*,#11419,.F.);
#11512 = ORIENTED_EDGE('',*,*,#9194,.F.);
#11513 = PLANE('',#11514);
#11514 = AXIS2_PLACEMENT_3D('',#11515,#11516,#11517);
#11515 = CARTESIAN_POINT('',(-3.025,-2.47,2.145));
#11516 = DIRECTION('',(0.,2.22044604925E-16,1.));
#11517 = DIRECTION('',(-1.,0.,0.));
#11518 = ADVANCED_FACE('',(#11519),#11545,.F.);
#11519 = FACE_BOUND('',#11520,.F.);
#11520 = EDGE_LOOP('',(#11521,#11522,#11530,#11538,#11544));
#11521 = ORIENTED_EDGE('',*,*,#11484,.T.);
#11522 = ORIENTED_EDGE('',*,*,#11523,.T.);
#11523 = EDGE_CURVE('',#11477,#11524,#11526,.T.);
#11524 = VERTEX_POINT('',#11525);
#11525 = CARTESIAN_POINT('',(3.025,0.13,1.945));
#11526 = LINE('',#11527,#11528);
#11527 = CARTESIAN_POINT('',(3.025,-2.47,1.945));
#11528 = VECTOR('',#11529,1.);
#11529 = DIRECTION('',(-0.,1.,-2.22044604925E-16));
#11530 = ORIENTED_EDGE('',*,*,#11531,.T.);
#11531 = EDGE_CURVE('',#11524,#11532,#11534,.T.);
#11532 = VERTEX_POINT('',#11533);
#11533 = CARTESIAN_POINT('',(2.875,0.13,1.945));
#11534 = LINE('',#11535,#11536);
#11535 = CARTESIAN_POINT('',(3.025,0.13,1.945));
#11536 = VECTOR('',#11537,1.);
#11537 = DIRECTION('',(-1.,0.,0.));
#11538 = ORIENTED_EDGE('',*,*,#11539,.F.);
#11539 = EDGE_CURVE('',#9491,#11532,#11540,.T.);
#11540 = LINE('',#11541,#11542);
#11541 = CARTESIAN_POINT('',(2.875,-2.47,1.945));
#11542 = VECTOR('',#11543,1.);
#11543 = DIRECTION('',(-0.,1.,-2.22044604925E-16));
#11544 = ORIENTED_EDGE('',*,*,#9498,.F.);
#11545 = PLANE('',#11546);
#11546 = AXIS2_PLACEMENT_3D('',#11547,#11548,#11549);
#11547 = CARTESIAN_POINT('',(3.025,-2.47,1.945));
#11548 = DIRECTION('',(0.,2.22044604925E-16,1.));
#11549 = DIRECTION('',(-1.,0.,0.));
#11550 = ADVANCED_FACE('',(#11551),#11585,.F.);
#11551 = FACE_BOUND('',#11552,.F.);
#11552 = EDGE_LOOP('',(#11553,#11554,#11562,#11570,#11578,#11584));
#11553 = ORIENTED_EDGE('',*,*,#9202,.F.);
#11554 = ORIENTED_EDGE('',*,*,#11555,.T.);
#11555 = EDGE_CURVE('',#9203,#11556,#11558,.T.);
#11556 = VERTEX_POINT('',#11557);
#11557 = CARTESIAN_POINT('',(-3.025,-2.12,1.945));
#11558 = LINE('',#11559,#11560);
#11559 = CARTESIAN_POINT('',(-3.025,-2.47,1.945));
#11560 = VECTOR('',#11561,1.);
#11561 = DIRECTION('',(-0.,1.,-2.22044604925E-16));
#11562 = ORIENTED_EDGE('',*,*,#11563,.F.);
#11563 = EDGE_CURVE('',#11564,#11556,#11566,.T.);
#11564 = VERTEX_POINT('',#11565);
#11565 = CARTESIAN_POINT('',(-3.025,-2.2446,2.0696));
#11566 = LINE('',#11567,#11568);
#11567 = CARTESIAN_POINT('',(-3.025,-2.2446,2.0696));
#11568 = VECTOR('',#11569,1.);
#11569 = DIRECTION('',(0.,0.707106781187,-0.707106781187));
#11570 = ORIENTED_EDGE('',*,*,#11571,.F.);
#11571 = EDGE_CURVE('',#11572,#11564,#11574,.T.);
#11572 = VERTEX_POINT('',#11573);
#11573 = CARTESIAN_POINT('',(-3.025,0.13,2.0696));
#11574 = LINE('',#11575,#11576);
#11575 = CARTESIAN_POINT('',(-3.025,1.1054,2.0696));
#11576 = VECTOR('',#11577,1.);
#11577 = DIRECTION('',(0.,-1.,0.));
#11578 = ORIENTED_EDGE('',*,*,#11579,.T.);
#11579 = EDGE_CURVE('',#11572,#11499,#11580,.T.);
#11580 = LINE('',#11581,#11582);
#11581 = CARTESIAN_POINT('',(-3.025,0.13,1.945));
#11582 = VECTOR('',#11583,1.);
#11583 = DIRECTION('',(0.,2.22044604925E-16,1.));
#11584 = ORIENTED_EDGE('',*,*,#11498,.F.);
#11585 = PLANE('',#11586);
#11586 = AXIS2_PLACEMENT_3D('',#11587,#11588,#11589);
#11587 = CARTESIAN_POINT('',(-3.025,-2.47,1.945));
#11588 = DIRECTION('',(1.,0.,0.));
#11589 = DIRECTION('',(-0.,2.22044604925E-16,1.));
#11590 = ADVANCED_FACE('',(#11591),#11609,.F.);
#11591 = FACE_BOUND('',#11592,.F.);
#11592 = EDGE_LOOP('',(#11593,#11594,#11602,#11608));
#11593 = ORIENTED_EDGE('',*,*,#11539,.T.);
#11594 = ORIENTED_EDGE('',*,*,#11595,.T.);
#11595 = EDGE_CURVE('',#11532,#11596,#11598,.T.);
#11596 = VERTEX_POINT('',#11597);
#11597 = CARTESIAN_POINT('',(2.875,0.13,2.145));
#11598 = LINE('',#11599,#11600);
#11599 = CARTESIAN_POINT('',(2.875,0.13,1.945));
#11600 = VECTOR('',#11601,1.);
#11601 = DIRECTION('',(0.,2.22044604925E-16,1.));
#11602 = ORIENTED_EDGE('',*,*,#11603,.F.);
#11603 = EDGE_CURVE('',#9483,#11596,#11604,.T.);
#11604 = LINE('',#11605,#11606);
#11605 = CARTESIAN_POINT('',(2.875,-2.47,2.145));
#11606 = VECTOR('',#11607,1.);
#11607 = DIRECTION('',(-0.,1.,-2.22044604925E-16));
#11608 = ORIENTED_EDGE('',*,*,#9490,.F.);
#11609 = PLANE('',#11610);
#11610 = AXIS2_PLACEMENT_3D('',#11611,#11612,#11613);
#11611 = CARTESIAN_POINT('',(2.875,-2.47,1.945));
#11612 = DIRECTION('',(1.,0.,0.));
#11613 = DIRECTION('',(-0.,2.22044604925E-16,1.));
#11614 = ADVANCED_FACE('',(#11615),#11641,.F.);
#11615 = FACE_BOUND('',#11616,.F.);
#11616 = EDGE_LOOP('',(#11617,#11625,#11633,#11639,#11640));
#11617 = ORIENTED_EDGE('',*,*,#11618,.T.);
#11618 = EDGE_CURVE('',#9211,#11619,#11621,.T.);
#11619 = VERTEX_POINT('',#11620);
#11620 = CARTESIAN_POINT('',(-2.875,0.13,1.945));
#11621 = LINE('',#11622,#11623);
#11622 = CARTESIAN_POINT('',(-2.875,-2.47,1.945));
#11623 = VECTOR('',#11624,1.);
#11624 = DIRECTION('',(-0.,1.,-2.22044604925E-16));
#11625 = ORIENTED_EDGE('',*,*,#11626,.T.);
#11626 = EDGE_CURVE('',#11619,#11627,#11629,.T.);
#11627 = VERTEX_POINT('',#11628);
#11628 = CARTESIAN_POINT('',(-3.025,0.13,1.945));
#11629 = LINE('',#11630,#11631);
#11630 = CARTESIAN_POINT('',(-2.875,0.13,1.945));
#11631 = VECTOR('',#11632,1.);
#11632 = DIRECTION('',(-1.,0.,0.));
#11633 = ORIENTED_EDGE('',*,*,#11634,.F.);
#11634 = EDGE_CURVE('',#11556,#11627,#11635,.T.);
#11635 = LINE('',#11636,#11637);
#11636 = CARTESIAN_POINT('',(-3.025,-2.47,1.945));
#11637 = VECTOR('',#11638,1.);
#11638 = DIRECTION('',(-0.,1.,-2.22044604925E-16));
#11639 = ORIENTED_EDGE('',*,*,#11555,.F.);
#11640 = ORIENTED_EDGE('',*,*,#9210,.F.);
#11641 = PLANE('',#11642);
#11642 = AXIS2_PLACEMENT_3D('',#11643,#11644,#11645);
#11643 = CARTESIAN_POINT('',(-2.875,-2.47,1.945));
#11644 = DIRECTION('',(0.,2.22044604925E-16,1.));
#11645 = DIRECTION('',(-1.,0.,0.));
#11646 = ADVANCED_FACE('',(#11647),#11665,.F.);
#11647 = FACE_BOUND('',#11648,.F.);
#11648 = EDGE_LOOP('',(#11649,#11650,#11658,#11664));
#11649 = ORIENTED_EDGE('',*,*,#11603,.T.);
#11650 = ORIENTED_EDGE('',*,*,#11651,.T.);
#11651 = EDGE_CURVE('',#11596,#11652,#11654,.T.);
#11652 = VERTEX_POINT('',#11653);
#11653 = CARTESIAN_POINT('',(2.125,0.13,2.145));
#11654 = LINE('',#11655,#11656);
#11655 = CARTESIAN_POINT('',(2.875,0.13,2.145));
#11656 = VECTOR('',#11657,1.);
#11657 = DIRECTION('',(-1.,0.,0.));
#11658 = ORIENTED_EDGE('',*,*,#11659,.F.);
#11659 = EDGE_CURVE('',#9475,#11652,#11660,.T.);
#11660 = LINE('',#11661,#11662);
#11661 = CARTESIAN_POINT('',(2.125,-2.47,2.145));
#11662 = VECTOR('',#11663,1.);
#11663 = DIRECTION('',(-0.,1.,-2.22044604925E-16));
#11664 = ORIENTED_EDGE('',*,*,#9482,.F.);
#11665 = PLANE('',#11666);
#11666 = AXIS2_PLACEMENT_3D('',#11667,#11668,#11669);
#11667 = CARTESIAN_POINT('',(2.875,-2.47,2.145));
#11668 = DIRECTION('',(0.,2.22044604925E-16,1.));
#11669 = DIRECTION('',(-1.,0.,0.));
#11670 = ADVANCED_FACE('',(#11671),#11689,.F.);
#11671 = FACE_BOUND('',#11672,.F.);
#11672 = EDGE_LOOP('',(#11673,#11681,#11687,#11688));
#11673 = ORIENTED_EDGE('',*,*,#11674,.T.);
#11674 = EDGE_CURVE('',#9219,#11675,#11677,.T.);
#11675 = VERTEX_POINT('',#11676);
#11676 = CARTESIAN_POINT('',(-2.875,0.13,2.145));
#11677 = LINE('',#11678,#11679);
#11678 = CARTESIAN_POINT('',(-2.875,-2.47,2.145));
#11679 = VECTOR('',#11680,1.);
#11680 = DIRECTION('',(-0.,1.,-2.22044604925E-16));
#11681 = ORIENTED_EDGE('',*,*,#11682,.T.);
#11682 = EDGE_CURVE('',#11675,#11619,#11683,.T.);
#11683 = LINE('',#11684,#11685);
#11684 = CARTESIAN_POINT('',(-2.875,0.13,2.145));
#11685 = VECTOR('',#11686,1.);
#11686 = DIRECTION('',(0.,-2.22044604925E-16,-1.));
#11687 = ORIENTED_EDGE('',*,*,#11618,.F.);
#11688 = ORIENTED_EDGE('',*,*,#9218,.F.);
#11689 = PLANE('',#11690);
#11690 = AXIS2_PLACEMENT_3D('',#11691,#11692,#11693);
#11691 = CARTESIAN_POINT('',(-2.875,-2.47,2.145));
#11692 = DIRECTION('',(-1.,0.,0.));
#11693 = DIRECTION('',(-0.,-2.22044604925E-16,-1.));
#11694 = ADVANCED_FACE('',(#11695),#11713,.F.);
#11695 = FACE_BOUND('',#11696,.F.);
#11696 = EDGE_LOOP('',(#11697,#11698,#11706,#11712));
#11697 = ORIENTED_EDGE('',*,*,#11659,.T.);
#11698 = ORIENTED_EDGE('',*,*,#11699,.T.);
#11699 = EDGE_CURVE('',#11652,#11700,#11702,.T.);
#11700 = VERTEX_POINT('',#11701);
#11701 = CARTESIAN_POINT('',(2.125,0.13,1.945));
#11702 = LINE('',#11703,#11704);
#11703 = CARTESIAN_POINT('',(2.125,0.13,2.145));
#11704 = VECTOR('',#11705,1.);
#11705 = DIRECTION('',(0.,-2.22044604925E-16,-1.));
#11706 = ORIENTED_EDGE('',*,*,#11707,.F.);
#11707 = EDGE_CURVE('',#9467,#11700,#11708,.T.);
#11708 = LINE('',#11709,#11710);
#11709 = CARTESIAN_POINT('',(2.125,-2.47,1.945));
#11710 = VECTOR('',#11711,1.);
#11711 = DIRECTION('',(-0.,1.,-2.22044604925E-16));
#11712 = ORIENTED_EDGE('',*,*,#9474,.F.);
#11713 = PLANE('',#11714);
#11714 = AXIS2_PLACEMENT_3D('',#11715,#11716,#11717);
#11715 = CARTESIAN_POINT('',(2.125,-2.47,2.145));
#11716 = DIRECTION('',(-1.,0.,0.));
#11717 = DIRECTION('',(-0.,-2.22044604925E-16,-1.));
#11718 = ADVANCED_FACE('',(#11719),#11737,.F.);
#11719 = FACE_BOUND('',#11720,.F.);
#11720 = EDGE_LOOP('',(#11721,#11729,#11735,#11736));
#11721 = ORIENTED_EDGE('',*,*,#11722,.T.);
#11722 = EDGE_CURVE('',#9227,#11723,#11725,.T.);
#11723 = VERTEX_POINT('',#11724);
#11724 = CARTESIAN_POINT('',(-2.125,0.13,2.145));
#11725 = LINE('',#11726,#11727);
#11726 = CARTESIAN_POINT('',(-2.125,-2.47,2.145));
#11727 = VECTOR('',#11728,1.);
#11728 = DIRECTION('',(-0.,1.,-2.22044604925E-16));
#11729 = ORIENTED_EDGE('',*,*,#11730,.T.);
#11730 = EDGE_CURVE('',#11723,#11675,#11731,.T.);
#11731 = LINE('',#11732,#11733);
#11732 = CARTESIAN_POINT('',(-2.125,0.13,2.145));
#11733 = VECTOR('',#11734,1.);
#11734 = DIRECTION('',(-1.,0.,0.));
#11735 = ORIENTED_EDGE('',*,*,#11674,.F.);
#11736 = ORIENTED_EDGE('',*,*,#9226,.F.);
#11737 = PLANE('',#11738);
#11738 = AXIS2_PLACEMENT_3D('',#11739,#11740,#11741);
#11739 = CARTESIAN_POINT('',(-2.125,-2.47,2.145));
#11740 = DIRECTION('',(0.,2.22044604925E-16,1.));
#11741 = DIRECTION('',(-1.,0.,0.));
#11742 = ADVANCED_FACE('',(#11743),#11769,.F.);
#11743 = FACE_BOUND('',#11744,.F.);
#11744 = EDGE_LOOP('',(#11745,#11746,#11754,#11762,#11768));
#11745 = ORIENTED_EDGE('',*,*,#11707,.T.);
#11746 = ORIENTED_EDGE('',*,*,#11747,.T.);
#11747 = EDGE_CURVE('',#11700,#11748,#11750,.T.);
#11748 = VERTEX_POINT('',#11749);
#11749 = CARTESIAN_POINT('',(1.975,0.13,1.945));
#11750 = LINE('',#11751,#11752);
#11751 = CARTESIAN_POINT('',(2.125,0.13,1.945));
#11752 = VECTOR('',#11753,1.);
#11753 = DIRECTION('',(-1.,0.,0.));
#11754 = ORIENTED_EDGE('',*,*,#11755,.F.);
#11755 = EDGE_CURVE('',#11756,#11748,#11758,.T.);
#11756 = VERTEX_POINT('',#11757);
#11757 = CARTESIAN_POINT('',(1.975,-2.12,1.945));
#11758 = LINE('',#11759,#11760);
#11759 = CARTESIAN_POINT('',(1.975,-2.47,1.945));
#11760 = VECTOR('',#11761,1.);
#11761 = DIRECTION('',(-0.,1.,-2.22044604925E-16));
#11762 = ORIENTED_EDGE('',*,*,#11763,.F.);
#11763 = EDGE_CURVE('',#9459,#11756,#11764,.T.);
#11764 = LINE('',#11765,#11766);
#11765 = CARTESIAN_POINT('',(1.975,-2.47,1.945));
#11766 = VECTOR('',#11767,1.);
#11767 = DIRECTION('',(-0.,1.,-2.22044604925E-16));
#11768 = ORIENTED_EDGE('',*,*,#9466,.F.);
#11769 = PLANE('',#11770);
#11770 = AXIS2_PLACEMENT_3D('',#11771,#11772,#11773);
#11771 = CARTESIAN_POINT('',(2.125,-2.47,1.945));
#11772 = DIRECTION('',(0.,2.22044604925E-16,1.));
#11773 = DIRECTION('',(-1.,0.,0.));
#11774 = ADVANCED_FACE('',(#11775),#11793,.F.);
#11775 = FACE_BOUND('',#11776,.F.);
#11776 = EDGE_LOOP('',(#11777,#11785,#11791,#11792));
#11777 = ORIENTED_EDGE('',*,*,#11778,.T.);
#11778 = EDGE_CURVE('',#9235,#11779,#11781,.T.);
#11779 = VERTEX_POINT('',#11780);
#11780 = CARTESIAN_POINT('',(-2.125,0.13,1.945));
#11781 = LINE('',#11782,#11783);
#11782 = CARTESIAN_POINT('',(-2.125,-2.47,1.945));
#11783 = VECTOR('',#11784,1.);
#11784 = DIRECTION('',(-0.,1.,-2.22044604925E-16));
#11785 = ORIENTED_EDGE('',*,*,#11786,.T.);
#11786 = EDGE_CURVE('',#11779,#11723,#11787,.T.);
#11787 = LINE('',#11788,#11789);
#11788 = CARTESIAN_POINT('',(-2.125,0.13,1.945));
#11789 = VECTOR('',#11790,1.);
#11790 = DIRECTION('',(0.,2.22044604925E-16,1.));
#11791 = ORIENTED_EDGE('',*,*,#11722,.F.);
#11792 = ORIENTED_EDGE('',*,*,#9234,.F.);
#11793 = PLANE('',#11794);
#11794 = AXIS2_PLACEMENT_3D('',#11795,#11796,#11797);
#11795 = CARTESIAN_POINT('',(-2.125,-2.47,1.945));
#11796 = DIRECTION('',(1.,0.,0.));
#11797 = DIRECTION('',(-0.,2.22044604925E-16,1.));
#11798 = ADVANCED_FACE('',(#11799),#11833,.F.);
#11799 = FACE_BOUND('',#11800,.F.);
#11800 = EDGE_LOOP('',(#11801,#11802,#11803,#11811,#11819,#11827));
#11801 = ORIENTED_EDGE('',*,*,#9458,.F.);
#11802 = ORIENTED_EDGE('',*,*,#11763,.T.);
#11803 = ORIENTED_EDGE('',*,*,#11804,.F.);
#11804 = EDGE_CURVE('',#11805,#11756,#11807,.T.);
#11805 = VERTEX_POINT('',#11806);
#11806 = CARTESIAN_POINT('',(1.975,-2.2446,2.0696));
#11807 = LINE('',#11808,#11809);
#11808 = CARTESIAN_POINT('',(1.975,-2.2446,2.0696));
#11809 = VECTOR('',#11810,1.);
#11810 = DIRECTION('',(0.,0.707106781187,-0.707106781187));
#11811 = ORIENTED_EDGE('',*,*,#11812,.F.);
#11812 = EDGE_CURVE('',#11813,#11805,#11815,.T.);
#11813 = VERTEX_POINT('',#11814);
#11814 = CARTESIAN_POINT('',(1.975,0.13,2.0696));
#11815 = LINE('',#11816,#11817);
#11816 = CARTESIAN_POINT('',(1.975,1.1054,2.0696));
#11817 = VECTOR('',#11818,1.);
#11818 = DIRECTION('',(0.,-1.,0.));
#11819 = ORIENTED_EDGE('',*,*,#11820,.T.);
#11820 = EDGE_CURVE('',#11813,#11821,#11823,.T.);
#11821 = VERTEX_POINT('',#11822);
#11822 = CARTESIAN_POINT('',(1.975,0.13,2.145));
#11823 = LINE('',#11824,#11825);
#11824 = CARTESIAN_POINT('',(1.975,0.13,1.945));
#11825 = VECTOR('',#11826,1.);
#11826 = DIRECTION('',(0.,2.22044604925E-16,1.));
#11827 = ORIENTED_EDGE('',*,*,#11828,.F.);
#11828 = EDGE_CURVE('',#9451,#11821,#11829,.T.);
#11829 = LINE('',#11830,#11831);
#11830 = CARTESIAN_POINT('',(1.975,-2.47,2.145));
#11831 = VECTOR('',#11832,1.);
#11832 = DIRECTION('',(-0.,1.,-2.22044604925E-16));
#11833 = PLANE('',#11834);
#11834 = AXIS2_PLACEMENT_3D('',#11835,#11836,#11837);
#11835 = CARTESIAN_POINT('',(1.975,-2.47,1.945));
#11836 = DIRECTION('',(1.,0.,0.));
#11837 = DIRECTION('',(-0.,2.22044604925E-16,1.));
#11838 = ADVANCED_FACE('',(#11839),#11865,.F.);
#11839 = FACE_BOUND('',#11840,.F.);
#11840 = EDGE_LOOP('',(#11841,#11849,#11857,#11863,#11864));
#11841 = ORIENTED_EDGE('',*,*,#11842,.T.);
#11842 = EDGE_CURVE('',#9243,#11843,#11845,.T.);
#11843 = VERTEX_POINT('',#11844);
#11844 = CARTESIAN_POINT('',(-1.975,-2.12,1.945));
#11845 = LINE('',#11846,#11847);
#11846 = CARTESIAN_POINT('',(-1.975,-2.47,1.945));
#11847 = VECTOR('',#11848,1.);
#11848 = DIRECTION('',(-0.,1.,-2.22044604925E-16));
#11849 = ORIENTED_EDGE('',*,*,#11850,.T.);
#11850 = EDGE_CURVE('',#11843,#11851,#11853,.T.);
#11851 = VERTEX_POINT('',#11852);
#11852 = CARTESIAN_POINT('',(-1.975,0.13,1.945));
#11853 = LINE('',#11854,#11855);
#11854 = CARTESIAN_POINT('',(-1.975,-2.47,1.945));
#11855 = VECTOR('',#11856,1.);
#11856 = DIRECTION('',(-0.,1.,-2.22044604925E-16));
#11857 = ORIENTED_EDGE('',*,*,#11858,.T.);
#11858 = EDGE_CURVE('',#11851,#11779,#11859,.T.);
#11859 = LINE('',#11860,#11861);
#11860 = CARTESIAN_POINT('',(-1.975,0.13,1.945));
#11861 = VECTOR('',#11862,1.);
#11862 = DIRECTION('',(-1.,0.,0.));
#11863 = ORIENTED_EDGE('',*,*,#11778,.F.);
#11864 = ORIENTED_EDGE('',*,*,#9242,.F.);
#11865 = PLANE('',#11866);
#11866 = AXIS2_PLACEMENT_3D('',#11867,#11868,#11869);
#11867 = CARTESIAN_POINT('',(-1.975,-2.47,1.945));
#11868 = DIRECTION('',(0.,2.22044604925E-16,1.));
#11869 = DIRECTION('',(-1.,0.,0.));
#11870 = ADVANCED_FACE('',(#11871),#11889,.F.);
#11871 = FACE_BOUND('',#11872,.F.);
#11872 = EDGE_LOOP('',(#11873,#11874,#11882,#11888));
#11873 = ORIENTED_EDGE('',*,*,#11828,.T.);
#11874 = ORIENTED_EDGE('',*,*,#11875,.T.);
#11875 = EDGE_CURVE('',#11821,#11876,#11878,.T.);
#11876 = VERTEX_POINT('',#11877);
#11877 = CARTESIAN_POINT('',(1.775,0.13,2.145));
#11878 = LINE('',#11879,#11880);
#11879 = CARTESIAN_POINT('',(1.975,0.13,2.145));
#11880 = VECTOR('',#11881,1.);
#11881 = DIRECTION('',(-1.,0.,0.));
#11882 = ORIENTED_EDGE('',*,*,#11883,.F.);
#11883 = EDGE_CURVE('',#9443,#11876,#11884,.T.);
#11884 = LINE('',#11885,#11886);
#11885 = CARTESIAN_POINT('',(1.775,-2.47,2.145));
#11886 = VECTOR('',#11887,1.);
#11887 = DIRECTION('',(-0.,1.,-2.22044604925E-16));
#11888 = ORIENTED_EDGE('',*,*,#9450,.F.);
#11889 = PLANE('',#11890);
#11890 = AXIS2_PLACEMENT_3D('',#11891,#11892,#11893);
#11891 = CARTESIAN_POINT('',(1.975,-2.47,2.145));
#11892 = DIRECTION('',(0.,2.22044604925E-16,1.));
#11893 = DIRECTION('',(-1.,0.,0.));
#11894 = ADVANCED_FACE('',(#11895),#11929,.F.);
#11895 = FACE_BOUND('',#11896,.F.);
#11896 = EDGE_LOOP('',(#11897,#11898,#11906,#11914,#11922,#11928));
#11897 = ORIENTED_EDGE('',*,*,#9250,.F.);
#11898 = ORIENTED_EDGE('',*,*,#11899,.T.);
#11899 = EDGE_CURVE('',#9251,#11900,#11902,.T.);
#11900 = VERTEX_POINT('',#11901);
#11901 = CARTESIAN_POINT('',(-1.975,0.13,2.145));
#11902 = LINE('',#11903,#11904);
#11903 = CARTESIAN_POINT('',(-1.975,-2.47,2.145));
#11904 = VECTOR('',#11905,1.);
#11905 = DIRECTION('',(-0.,1.,-2.22044604925E-16));
#11906 = ORIENTED_EDGE('',*,*,#11907,.T.);
#11907 = EDGE_CURVE('',#11900,#11908,#11910,.T.);
#11908 = VERTEX_POINT('',#11909);
#11909 = CARTESIAN_POINT('',(-1.975,0.13,2.0696));
#11910 = LINE('',#11911,#11912);
#11911 = CARTESIAN_POINT('',(-1.975,0.13,2.145));
#11912 = VECTOR('',#11913,1.);
#11913 = DIRECTION('',(0.,-2.22044604925E-16,-1.));
#11914 = ORIENTED_EDGE('',*,*,#11915,.T.);
#11915 = EDGE_CURVE('',#11908,#11916,#11918,.T.);
#11916 = VERTEX_POINT('',#11917);
#11917 = CARTESIAN_POINT('',(-1.975,-2.2446,2.0696));
#11918 = LINE('',#11919,#11920);
#11919 = CARTESIAN_POINT('',(-1.975,1.1054,2.0696));
#11920 = VECTOR('',#11921,1.);
#11921 = DIRECTION('',(0.,-1.,0.));
#11922 = ORIENTED_EDGE('',*,*,#11923,.T.);
#11923 = EDGE_CURVE('',#11916,#11843,#11924,.T.);
#11924 = LINE('',#11925,#11926);
#11925 = CARTESIAN_POINT('',(-1.975,-2.2446,2.0696));
#11926 = VECTOR('',#11927,1.);
#11927 = DIRECTION('',(0.,0.707106781187,-0.707106781187));
#11928 = ORIENTED_EDGE('',*,*,#11842,.F.);
#11929 = PLANE('',#11930);
#11930 = AXIS2_PLACEMENT_3D('',#11931,#11932,#11933);
#11931 = CARTESIAN_POINT('',(-1.975,-2.47,2.145));
#11932 = DIRECTION('',(-1.,0.,0.));
#11933 = DIRECTION('',(-0.,-2.22044604925E-16,-1.));
#11934 = ADVANCED_FACE('',(#11935),#11969,.F.);
#11935 = FACE_BOUND('',#11936,.F.);
#11936 = EDGE_LOOP('',(#11937,#11938,#11939,#11947,#11955,#11963));
#11937 = ORIENTED_EDGE('',*,*,#9442,.F.);
#11938 = ORIENTED_EDGE('',*,*,#11883,.T.);
#11939 = ORIENTED_EDGE('',*,*,#11940,.T.);
#11940 = EDGE_CURVE('',#11876,#11941,#11943,.T.);
#11941 = VERTEX_POINT('',#11942);
#11942 = CARTESIAN_POINT('',(1.775,0.13,2.0696));
#11943 = LINE('',#11944,#11945);
#11944 = CARTESIAN_POINT('',(1.775,0.13,2.145));
#11945 = VECTOR('',#11946,1.);
#11946 = DIRECTION('',(0.,-2.22044604925E-16,-1.));
#11947 = ORIENTED_EDGE('',*,*,#11948,.T.);
#11948 = EDGE_CURVE('',#11941,#11949,#11951,.T.);
#11949 = VERTEX_POINT('',#11950);
#11950 = CARTESIAN_POINT('',(1.775,-2.2446,2.0696));
#11951 = LINE('',#11952,#11953);
#11952 = CARTESIAN_POINT('',(1.775,1.1054,2.0696));
#11953 = VECTOR('',#11954,1.);
#11954 = DIRECTION('',(0.,-1.,0.));
#11955 = ORIENTED_EDGE('',*,*,#11956,.T.);
#11956 = EDGE_CURVE('',#11949,#11957,#11959,.T.);
#11957 = VERTEX_POINT('',#11958);
#11958 = CARTESIAN_POINT('',(1.775,-2.12,1.945));
#11959 = LINE('',#11960,#11961);
#11960 = CARTESIAN_POINT('',(1.775,-2.2446,2.0696));
#11961 = VECTOR('',#11962,1.);
#11962 = DIRECTION('',(0.,0.707106781187,-0.707106781187));
#11963 = ORIENTED_EDGE('',*,*,#11964,.F.);
#11964 = EDGE_CURVE('',#9435,#11957,#11965,.T.);
#11965 = LINE('',#11966,#11967);
#11966 = CARTESIAN_POINT('',(1.775,-2.47,1.945));
#11967 = VECTOR('',#11968,1.);
#11968 = DIRECTION('',(-0.,1.,-2.22044604925E-16));
#11969 = PLANE('',#11970);
#11970 = AXIS2_PLACEMENT_3D('',#11971,#11972,#11973);
#11971 = CARTESIAN_POINT('',(1.775,-2.47,2.145));
#11972 = DIRECTION('',(-1.,0.,0.));
#11973 = DIRECTION('',(-0.,-2.22044604925E-16,-1.));
#11974 = ADVANCED_FACE('',(#11975),#11993,.F.);
#11975 = FACE_BOUND('',#11976,.F.);
#11976 = EDGE_LOOP('',(#11977,#11985,#11991,#11992));
#11977 = ORIENTED_EDGE('',*,*,#11978,.T.);
#11978 = EDGE_CURVE('',#9259,#11979,#11981,.T.);
#11979 = VERTEX_POINT('',#11980);
#11980 = CARTESIAN_POINT('',(-1.775,0.13,2.145));
#11981 = LINE('',#11982,#11983);
#11982 = CARTESIAN_POINT('',(-1.775,-2.47,2.145));
#11983 = VECTOR('',#11984,1.);
#11984 = DIRECTION('',(-0.,1.,-2.22044604925E-16));
#11985 = ORIENTED_EDGE('',*,*,#11986,.T.);
#11986 = EDGE_CURVE('',#11979,#11900,#11987,.T.);
#11987 = LINE('',#11988,#11989);
#11988 = CARTESIAN_POINT('',(-1.775,0.13,2.145));
#11989 = VECTOR('',#11990,1.);
#11990 = DIRECTION('',(-1.,0.,0.));
#11991 = ORIENTED_EDGE('',*,*,#11899,.F.);
#11992 = ORIENTED_EDGE('',*,*,#9258,.F.);
#11993 = PLANE('',#11994);
#11994 = AXIS2_PLACEMENT_3D('',#11995,#11996,#11997);
#11995 = CARTESIAN_POINT('',(-1.775,-2.47,2.145));
#11996 = DIRECTION('',(0.,2.22044604925E-16,1.));
#11997 = DIRECTION('',(-1.,0.,0.));
#11998 = ADVANCED_FACE('',(#11999),#12025,.F.);
#11999 = FACE_BOUND('',#12000,.F.);
#12000 = EDGE_LOOP('',(#12001,#12002,#12010,#12018,#12024));
#12001 = ORIENTED_EDGE('',*,*,#11964,.T.);
#12002 = ORIENTED_EDGE('',*,*,#12003,.T.);
#12003 = EDGE_CURVE('',#11957,#12004,#12006,.T.);
#12004 = VERTEX_POINT('',#12005);
#12005 = CARTESIAN_POINT('',(1.775,0.13,1.945));
#12006 = LINE('',#12007,#12008);
#12007 = CARTESIAN_POINT('',(1.775,-2.47,1.945));
#12008 = VECTOR('',#12009,1.);
#12009 = DIRECTION('',(-0.,1.,-2.22044604925E-16));
#12010 = ORIENTED_EDGE('',*,*,#12011,.T.);
#12011 = EDGE_CURVE('',#12004,#12012,#12014,.T.);
#12012 = VERTEX_POINT('',#12013);
#12013 = CARTESIAN_POINT('',(1.625,0.13,1.945));
#12014 = LINE('',#12015,#12016);
#12015 = CARTESIAN_POINT('',(1.775,0.13,1.945));
#12016 = VECTOR('',#12017,1.);
#12017 = DIRECTION('',(-1.,0.,0.));
#12018 = ORIENTED_EDGE('',*,*,#12019,.F.);
#12019 = EDGE_CURVE('',#9427,#12012,#12020,.T.);
#12020 = LINE('',#12021,#12022);
#12021 = CARTESIAN_POINT('',(1.625,-2.47,1.945));
#12022 = VECTOR('',#12023,1.);
#12023 = DIRECTION('',(-0.,1.,-2.22044604925E-16));
#12024 = ORIENTED_EDGE('',*,*,#9434,.F.);
#12025 = PLANE('',#12026);
#12026 = AXIS2_PLACEMENT_3D('',#12027,#12028,#12029);
#12027 = CARTESIAN_POINT('',(1.775,-2.47,1.945));
#12028 = DIRECTION('',(0.,2.22044604925E-16,1.));
#12029 = DIRECTION('',(-1.,0.,0.));
#12030 = ADVANCED_FACE('',(#12031),#12065,.F.);
#12031 = FACE_BOUND('',#12032,.F.);
#12032 = EDGE_LOOP('',(#12033,#12034,#12042,#12050,#12058,#12064));
#12033 = ORIENTED_EDGE('',*,*,#9266,.F.);
#12034 = ORIENTED_EDGE('',*,*,#12035,.T.);
#12035 = EDGE_CURVE('',#9267,#12036,#12038,.T.);
#12036 = VERTEX_POINT('',#12037);
#12037 = CARTESIAN_POINT('',(-1.775,-2.12,1.945));
#12038 = LINE('',#12039,#12040);
#12039 = CARTESIAN_POINT('',(-1.775,-2.47,1.945));
#12040 = VECTOR('',#12041,1.);
#12041 = DIRECTION('',(-0.,1.,-2.22044604925E-16));
#12042 = ORIENTED_EDGE('',*,*,#12043,.F.);
#12043 = EDGE_CURVE('',#12044,#12036,#12046,.T.);
#12044 = VERTEX_POINT('',#12045);
#12045 = CARTESIAN_POINT('',(-1.775,-2.2446,2.0696));
#12046 = LINE('',#12047,#12048);
#12047 = CARTESIAN_POINT('',(-1.775,-2.2446,2.0696));
#12048 = VECTOR('',#12049,1.);
#12049 = DIRECTION('',(0.,0.707106781187,-0.707106781187));
#12050 = ORIENTED_EDGE('',*,*,#12051,.F.);
#12051 = EDGE_CURVE('',#12052,#12044,#12054,.T.);
#12052 = VERTEX_POINT('',#12053);
#12053 = CARTESIAN_POINT('',(-1.775,0.13,2.0696));
#12054 = LINE('',#12055,#12056);
#12055 = CARTESIAN_POINT('',(-1.775,1.1054,2.0696));
#12056 = VECTOR('',#12057,1.);
#12057 = DIRECTION('',(0.,-1.,0.));
#12058 = ORIENTED_EDGE('',*,*,#12059,.T.);
#12059 = EDGE_CURVE('',#12052,#11979,#12060,.T.);
#12060 = LINE('',#12061,#12062);
#12061 = CARTESIAN_POINT('',(-1.775,0.13,1.945));
#12062 = VECTOR('',#12063,1.);
#12063 = DIRECTION('',(0.,2.22044604925E-16,1.));
#12064 = ORIENTED_EDGE('',*,*,#11978,.F.);
#12065 = PLANE('',#12066);
#12066 = AXIS2_PLACEMENT_3D('',#12067,#12068,#12069);
#12067 = CARTESIAN_POINT('',(-1.775,-2.47,1.945));
#12068 = DIRECTION('',(1.,0.,0.));
#12069 = DIRECTION('',(-0.,2.22044604925E-16,1.));
#12070 = ADVANCED_FACE('',(#12071),#12089,.F.);
#12071 = FACE_BOUND('',#12072,.F.);
#12072 = EDGE_LOOP('',(#12073,#12074,#12082,#12088));
#12073 = ORIENTED_EDGE('',*,*,#12019,.T.);
#12074 = ORIENTED_EDGE('',*,*,#12075,.T.);
#12075 = EDGE_CURVE('',#12012,#12076,#12078,.T.);
#12076 = VERTEX_POINT('',#12077);
#12077 = CARTESIAN_POINT('',(1.625,0.13,2.145));
#12078 = LINE('',#12079,#12080);
#12079 = CARTESIAN_POINT('',(1.625,0.13,1.945));
#12080 = VECTOR('',#12081,1.);
#12081 = DIRECTION('',(0.,2.22044604925E-16,1.));
#12082 = ORIENTED_EDGE('',*,*,#12083,.F.);
#12083 = EDGE_CURVE('',#9419,#12076,#12084,.T.);
#12084 = LINE('',#12085,#12086);
#12085 = CARTESIAN_POINT('',(1.625,-2.47,2.145));
#12086 = VECTOR('',#12087,1.);
#12087 = DIRECTION('',(-0.,1.,-2.22044604925E-16));
#12088 = ORIENTED_EDGE('',*,*,#9426,.F.);
#12089 = PLANE('',#12090);
#12090 = AXIS2_PLACEMENT_3D('',#12091,#12092,#12093);
#12091 = CARTESIAN_POINT('',(1.625,-2.47,1.945));
#12092 = DIRECTION('',(1.,0.,0.));
#12093 = DIRECTION('',(-0.,2.22044604925E-16,1.));
#12094 = ADVANCED_FACE('',(#12095),#12121,.F.);
#12095 = FACE_BOUND('',#12096,.F.);
#12096 = EDGE_LOOP('',(#12097,#12105,#12113,#12119,#12120));
#12097 = ORIENTED_EDGE('',*,*,#12098,.T.);
#12098 = EDGE_CURVE('',#9275,#12099,#12101,.T.);
#12099 = VERTEX_POINT('',#12100);
#12100 = CARTESIAN_POINT('',(-1.625,0.13,1.945));
#12101 = LINE('',#12102,#12103);
#12102 = CARTESIAN_POINT('',(-1.625,-2.47,1.945));
#12103 = VECTOR('',#12104,1.);
#12104 = DIRECTION('',(-0.,1.,-2.22044604925E-16));
#12105 = ORIENTED_EDGE('',*,*,#12106,.T.);
#12106 = EDGE_CURVE('',#12099,#12107,#12109,.T.);
#12107 = VERTEX_POINT('',#12108);
#12108 = CARTESIAN_POINT('',(-1.775,0.13,1.945));
#12109 = LINE('',#12110,#12111);
#12110 = CARTESIAN_POINT('',(-1.625,0.13,1.945));
#12111 = VECTOR('',#12112,1.);
#12112 = DIRECTION('',(-1.,0.,0.));
#12113 = ORIENTED_EDGE('',*,*,#12114,.F.);
#12114 = EDGE_CURVE('',#12036,#12107,#12115,.T.);
#12115 = LINE('',#12116,#12117);
#12116 = CARTESIAN_POINT('',(-1.775,-2.47,1.945));
#12117 = VECTOR('',#12118,1.);
#12118 = DIRECTION('',(-0.,1.,-2.22044604925E-16));
#12119 = ORIENTED_EDGE('',*,*,#12035,.F.);
#12120 = ORIENTED_EDGE('',*,*,#9274,.F.);
#12121 = PLANE('',#12122);
#12122 = AXIS2_PLACEMENT_3D('',#12123,#12124,#12125);
#12123 = CARTESIAN_POINT('',(-1.625,-2.47,1.945));
#12124 = DIRECTION('',(0.,2.22044604925E-16,1.));
#12125 = DIRECTION('',(-1.,0.,0.));
#12126 = ADVANCED_FACE('',(#12127),#12145,.F.);
#12127 = FACE_BOUND('',#12128,.F.);
#12128 = EDGE_LOOP('',(#12129,#12130,#12138,#12144));
#12129 = ORIENTED_EDGE('',*,*,#12083,.T.);
#12130 = ORIENTED_EDGE('',*,*,#12131,.T.);
#12131 = EDGE_CURVE('',#12076,#12132,#12134,.T.);
#12132 = VERTEX_POINT('',#12133);
#12133 = CARTESIAN_POINT('',(0.875,0.13,2.145));
#12134 = LINE('',#12135,#12136);
#12135 = CARTESIAN_POINT('',(1.625,0.13,2.145));
#12136 = VECTOR('',#12137,1.);
#12137 = DIRECTION('',(-1.,0.,0.));
#12138 = ORIENTED_EDGE('',*,*,#12139,.F.);
#12139 = EDGE_CURVE('',#9411,#12132,#12140,.T.);
#12140 = LINE('',#12141,#12142);
#12141 = CARTESIAN_POINT('',(0.875,-2.47,2.145));
#12142 = VECTOR('',#12143,1.);
#12143 = DIRECTION('',(-0.,1.,-2.22044604925E-16));
#12144 = ORIENTED_EDGE('',*,*,#9418,.F.);
#12145 = PLANE('',#12146);
#12146 = AXIS2_PLACEMENT_3D('',#12147,#12148,#12149);
#12147 = CARTESIAN_POINT('',(1.625,-2.47,2.145));
#12148 = DIRECTION('',(0.,2.22044604925E-16,1.));
#12149 = DIRECTION('',(-1.,0.,0.));
#12150 = ADVANCED_FACE('',(#12151),#12169,.F.);
#12151 = FACE_BOUND('',#12152,.F.);
#12152 = EDGE_LOOP('',(#12153,#12161,#12167,#12168));
#12153 = ORIENTED_EDGE('',*,*,#12154,.T.);
#12154 = EDGE_CURVE('',#9283,#12155,#12157,.T.);
#12155 = VERTEX_POINT('',#12156);
#12156 = CARTESIAN_POINT('',(-1.625,0.13,2.145));
#12157 = LINE('',#12158,#12159);
#12158 = CARTESIAN_POINT('',(-1.625,-2.47,2.145));
#12159 = VECTOR('',#12160,1.);
#12160 = DIRECTION('',(-0.,1.,-2.22044604925E-16));
#12161 = ORIENTED_EDGE('',*,*,#12162,.T.);
#12162 = EDGE_CURVE('',#12155,#12099,#12163,.T.);
#12163 = LINE('',#12164,#12165);
#12164 = CARTESIAN_POINT('',(-1.625,0.13,2.145));
#12165 = VECTOR('',#12166,1.);
#12166 = DIRECTION('',(0.,-2.22044604925E-16,-1.));
#12167 = ORIENTED_EDGE('',*,*,#12098,.F.);
#12168 = ORIENTED_EDGE('',*,*,#9282,.F.);
#12169 = PLANE('',#12170);
#12170 = AXIS2_PLACEMENT_3D('',#12171,#12172,#12173);
#12171 = CARTESIAN_POINT('',(-1.625,-2.47,2.145));
#12172 = DIRECTION('',(-1.,0.,0.));
#12173 = DIRECTION('',(-0.,-2.22044604925E-16,-1.));
#12174 = ADVANCED_FACE('',(#12175),#12193,.F.);
#12175 = FACE_BOUND('',#12176,.F.);
#12176 = EDGE_LOOP('',(#12177,#12178,#12186,#12192));
#12177 = ORIENTED_EDGE('',*,*,#12139,.T.);
#12178 = ORIENTED_EDGE('',*,*,#12179,.T.);
#12179 = EDGE_CURVE('',#12132,#12180,#12182,.T.);
#12180 = VERTEX_POINT('',#12181);
#12181 = CARTESIAN_POINT('',(0.875,0.13,1.945));
#12182 = LINE('',#12183,#12184);
#12183 = CARTESIAN_POINT('',(0.875,0.13,2.145));
#12184 = VECTOR('',#12185,1.);
#12185 = DIRECTION('',(0.,-2.22044604925E-16,-1.));
#12186 = ORIENTED_EDGE('',*,*,#12187,.F.);
#12187 = EDGE_CURVE('',#9403,#12180,#12188,.T.);
#12188 = LINE('',#12189,#12190);
#12189 = CARTESIAN_POINT('',(0.875,-2.47,1.945));
#12190 = VECTOR('',#12191,1.);
#12191 = DIRECTION('',(-0.,1.,-2.22044604925E-16));
#12192 = ORIENTED_EDGE('',*,*,#9410,.F.);
#12193 = PLANE('',#12194);
#12194 = AXIS2_PLACEMENT_3D('',#12195,#12196,#12197);
#12195 = CARTESIAN_POINT('',(0.875,-2.47,2.145));
#12196 = DIRECTION('',(-1.,0.,0.));
#12197 = DIRECTION('',(-0.,-2.22044604925E-16,-1.));
#12198 = ADVANCED_FACE('',(#12199),#12217,.F.);
#12199 = FACE_BOUND('',#12200,.F.);
#12200 = EDGE_LOOP('',(#12201,#12209,#12215,#12216));
#12201 = ORIENTED_EDGE('',*,*,#12202,.T.);
#12202 = EDGE_CURVE('',#9291,#12203,#12205,.T.);
#12203 = VERTEX_POINT('',#12204);
#12204 = CARTESIAN_POINT('',(-0.875,0.13,2.145));
#12205 = LINE('',#12206,#12207);
#12206 = CARTESIAN_POINT('',(-0.875,-2.47,2.145));
#12207 = VECTOR('',#12208,1.);
#12208 = DIRECTION('',(-0.,1.,-2.22044604925E-16));
#12209 = ORIENTED_EDGE('',*,*,#12210,.T.);
#12210 = EDGE_CURVE('',#12203,#12155,#12211,.T.);
#12211 = LINE('',#12212,#12213);
#12212 = CARTESIAN_POINT('',(-0.875,0.13,2.145));
#12213 = VECTOR('',#12214,1.);
#12214 = DIRECTION('',(-1.,0.,0.));
#12215 = ORIENTED_EDGE('',*,*,#12154,.F.);
#12216 = ORIENTED_EDGE('',*,*,#9290,.F.);
#12217 = PLANE('',#12218);
#12218 = AXIS2_PLACEMENT_3D('',#12219,#12220,#12221);
#12219 = CARTESIAN_POINT('',(-0.875,-2.47,2.145));
#12220 = DIRECTION('',(0.,2.22044604925E-16,1.));
#12221 = DIRECTION('',(-1.,0.,0.));
#12222 = ADVANCED_FACE('',(#12223),#12249,.F.);
#12223 = FACE_BOUND('',#12224,.F.);
#12224 = EDGE_LOOP('',(#12225,#12226,#12234,#12242,#12248));
#12225 = ORIENTED_EDGE('',*,*,#12187,.T.);
#12226 = ORIENTED_EDGE('',*,*,#12227,.T.);
#12227 = EDGE_CURVE('',#12180,#12228,#12230,.T.);
#12228 = VERTEX_POINT('',#12229);
#12229 = CARTESIAN_POINT('',(0.725,0.13,1.945));
#12230 = LINE('',#12231,#12232);
#12231 = CARTESIAN_POINT('',(0.875,0.13,1.945));
#12232 = VECTOR('',#12233,1.);
#12233 = DIRECTION('',(-1.,0.,0.));
#12234 = ORIENTED_EDGE('',*,*,#12235,.F.);
#12235 = EDGE_CURVE('',#12236,#12228,#12238,.T.);
#12236 = VERTEX_POINT('',#12237);
#12237 = CARTESIAN_POINT('',(0.725,-2.12,1.945));
#12238 = LINE('',#12239,#12240);
#12239 = CARTESIAN_POINT('',(0.725,-2.47,1.945));
#12240 = VECTOR('',#12241,1.);
#12241 = DIRECTION('',(-0.,1.,-2.22044604925E-16));
#12242 = ORIENTED_EDGE('',*,*,#12243,.F.);
#12243 = EDGE_CURVE('',#9395,#12236,#12244,.T.);
#12244 = LINE('',#12245,#12246);
#12245 = CARTESIAN_POINT('',(0.725,-2.47,1.945));
#12246 = VECTOR('',#12247,1.);
#12247 = DIRECTION('',(-0.,1.,-2.22044604925E-16));
#12248 = ORIENTED_EDGE('',*,*,#9402,.F.);
#12249 = PLANE('',#12250);
#12250 = AXIS2_PLACEMENT_3D('',#12251,#12252,#12253);
#12251 = CARTESIAN_POINT('',(0.875,-2.47,1.945));
#12252 = DIRECTION('',(0.,2.22044604925E-16,1.));
#12253 = DIRECTION('',(-1.,0.,0.));
#12254 = ADVANCED_FACE('',(#12255),#12273,.F.);
#12255 = FACE_BOUND('',#12256,.F.);
#12256 = EDGE_LOOP('',(#12257,#12265,#12271,#12272));
#12257 = ORIENTED_EDGE('',*,*,#12258,.T.);
#12258 = EDGE_CURVE('',#9299,#12259,#12261,.T.);
#12259 = VERTEX_POINT('',#12260);
#12260 = CARTESIAN_POINT('',(-0.875,0.13,1.945));
#12261 = LINE('',#12262,#12263);
#12262 = CARTESIAN_POINT('',(-0.875,-2.47,1.945));
#12263 = VECTOR('',#12264,1.);
#12264 = DIRECTION('',(-0.,1.,-2.22044604925E-16));
#12265 = ORIENTED_EDGE('',*,*,#12266,.T.);
#12266 = EDGE_CURVE('',#12259,#12203,#12267,.T.);
#12267 = LINE('',#12268,#12269);
#12268 = CARTESIAN_POINT('',(-0.875,0.13,1.945));
#12269 = VECTOR('',#12270,1.);
#12270 = DIRECTION('',(0.,2.22044604925E-16,1.));
#12271 = ORIENTED_EDGE('',*,*,#12202,.F.);
#12272 = ORIENTED_EDGE('',*,*,#9298,.F.);
#12273 = PLANE('',#12274);
#12274 = AXIS2_PLACEMENT_3D('',#12275,#12276,#12277);
#12275 = CARTESIAN_POINT('',(-0.875,-2.47,1.945));
#12276 = DIRECTION('',(1.,0.,0.));
#12277 = DIRECTION('',(-0.,2.22044604925E-16,1.));
#12278 = ADVANCED_FACE('',(#12279),#12313,.F.);
#12279 = FACE_BOUND('',#12280,.F.);
#12280 = EDGE_LOOP('',(#12281,#12282,#12283,#12291,#12299,#12307));
#12281 = ORIENTED_EDGE('',*,*,#9394,.F.);
#12282 = ORIENTED_EDGE('',*,*,#12243,.T.);
#12283 = ORIENTED_EDGE('',*,*,#12284,.F.);
#12284 = EDGE_CURVE('',#12285,#12236,#12287,.T.);
#12285 = VERTEX_POINT('',#12286);
#12286 = CARTESIAN_POINT('',(0.725,-2.2446,2.0696));
#12287 = LINE('',#12288,#12289);
#12288 = CARTESIAN_POINT('',(0.725,-2.2446,2.0696));
#12289 = VECTOR('',#12290,1.);
#12290 = DIRECTION('',(0.,0.707106781187,-0.707106781187));
#12291 = ORIENTED_EDGE('',*,*,#12292,.F.);
#12292 = EDGE_CURVE('',#12293,#12285,#12295,.T.);
#12293 = VERTEX_POINT('',#12294);
#12294 = CARTESIAN_POINT('',(0.725,0.13,2.0696));
#12295 = LINE('',#12296,#12297);
#12296 = CARTESIAN_POINT('',(0.725,1.1054,2.0696));
#12297 = VECTOR('',#12298,1.);
#12298 = DIRECTION('',(0.,-1.,0.));
#12299 = ORIENTED_EDGE('',*,*,#12300,.T.);
#12300 = EDGE_CURVE('',#12293,#12301,#12303,.T.);
#12301 = VERTEX_POINT('',#12302);
#12302 = CARTESIAN_POINT('',(0.725,0.13,2.145));
#12303 = LINE('',#12304,#12305);
#12304 = CARTESIAN_POINT('',(0.725,0.13,1.945));
#12305 = VECTOR('',#12306,1.);
#12306 = DIRECTION('',(0.,2.22044604925E-16,1.));
#12307 = ORIENTED_EDGE('',*,*,#12308,.F.);
#12308 = EDGE_CURVE('',#9387,#12301,#12309,.T.);
#12309 = LINE('',#12310,#12311);
#12310 = CARTESIAN_POINT('',(0.725,-2.47,2.145));
#12311 = VECTOR('',#12312,1.);
#12312 = DIRECTION('',(-0.,1.,-2.22044604925E-16));
#12313 = PLANE('',#12314);
#12314 = AXIS2_PLACEMENT_3D('',#12315,#12316,#12317);
#12315 = CARTESIAN_POINT('',(0.725,-2.47,1.945));
#12316 = DIRECTION('',(1.,0.,0.));
#12317 = DIRECTION('',(-0.,2.22044604925E-16,1.));
#12318 = ADVANCED_FACE('',(#12319),#12345,.F.);
#12319 = FACE_BOUND('',#12320,.F.);
#12320 = EDGE_LOOP('',(#12321,#12329,#12337,#12343,#12344));
#12321 = ORIENTED_EDGE('',*,*,#12322,.T.);
#12322 = EDGE_CURVE('',#9307,#12323,#12325,.T.);
#12323 = VERTEX_POINT('',#12324);
#12324 = CARTESIAN_POINT('',(-0.725,-2.12,1.945));
#12325 = LINE('',#12326,#12327);
#12326 = CARTESIAN_POINT('',(-0.725,-2.47,1.945));
#12327 = VECTOR('',#12328,1.);
#12328 = DIRECTION('',(-0.,1.,-2.22044604925E-16));
#12329 = ORIENTED_EDGE('',*,*,#12330,.T.);
#12330 = EDGE_CURVE('',#12323,#12331,#12333,.T.);
#12331 = VERTEX_POINT('',#12332);
#12332 = CARTESIAN_POINT('',(-0.725,0.13,1.945));
#12333 = LINE('',#12334,#12335);
#12334 = CARTESIAN_POINT('',(-0.725,-2.47,1.945));
#12335 = VECTOR('',#12336,1.);
#12336 = DIRECTION('',(-0.,1.,-2.22044604925E-16));
#12337 = ORIENTED_EDGE('',*,*,#12338,.T.);
#12338 = EDGE_CURVE('',#12331,#12259,#12339,.T.);
#12339 = LINE('',#12340,#12341);
#12340 = CARTESIAN_POINT('',(-0.725,0.13,1.945));
#12341 = VECTOR('',#12342,1.);
#12342 = DIRECTION('',(-1.,0.,0.));
#12343 = ORIENTED_EDGE('',*,*,#12258,.F.);
#12344 = ORIENTED_EDGE('',*,*,#9306,.F.);
#12345 = PLANE('',#12346);
#12346 = AXIS2_PLACEMENT_3D('',#12347,#12348,#12349);
#12347 = CARTESIAN_POINT('',(-0.725,-2.47,1.945));
#12348 = DIRECTION('',(0.,2.22044604925E-16,1.));
#12349 = DIRECTION('',(-1.,0.,0.));
#12350 = ADVANCED_FACE('',(#12351),#12369,.F.);
#12351 = FACE_BOUND('',#12352,.F.);
#12352 = EDGE_LOOP('',(#12353,#12354,#12362,#12368));
#12353 = ORIENTED_EDGE('',*,*,#12308,.T.);
#12354 = ORIENTED_EDGE('',*,*,#12355,.T.);
#12355 = EDGE_CURVE('',#12301,#12356,#12358,.T.);
#12356 = VERTEX_POINT('',#12357);
#12357 = CARTESIAN_POINT('',(0.525,0.13,2.145));
#12358 = LINE('',#12359,#12360);
#12359 = CARTESIAN_POINT('',(0.725,0.13,2.145));
#12360 = VECTOR('',#12361,1.);
#12361 = DIRECTION('',(-1.,0.,0.));
#12362 = ORIENTED_EDGE('',*,*,#12363,.F.);
#12363 = EDGE_CURVE('',#9379,#12356,#12364,.T.);
#12364 = LINE('',#12365,#12366);
#12365 = CARTESIAN_POINT('',(0.525,-2.47,2.145));
#12366 = VECTOR('',#12367,1.);
#12367 = DIRECTION('',(-0.,1.,-2.22044604925E-16));
#12368 = ORIENTED_EDGE('',*,*,#9386,.F.);
#12369 = PLANE('',#12370);
#12370 = AXIS2_PLACEMENT_3D('',#12371,#12372,#12373);
#12371 = CARTESIAN_POINT('',(0.725,-2.47,2.145));
#12372 = DIRECTION('',(0.,2.22044604925E-16,1.));
#12373 = DIRECTION('',(-1.,0.,0.));
#12374 = ADVANCED_FACE('',(#12375),#12409,.F.);
#12375 = FACE_BOUND('',#12376,.F.);
#12376 = EDGE_LOOP('',(#12377,#12378,#12386,#12394,#12402,#12408));
#12377 = ORIENTED_EDGE('',*,*,#9314,.F.);
#12378 = ORIENTED_EDGE('',*,*,#12379,.T.);
#12379 = EDGE_CURVE('',#9315,#12380,#12382,.T.);
#12380 = VERTEX_POINT('',#12381);
#12381 = CARTESIAN_POINT('',(-0.725,0.13,2.145));
#12382 = LINE('',#12383,#12384);
#12383 = CARTESIAN_POINT('',(-0.725,-2.47,2.145));
#12384 = VECTOR('',#12385,1.);
#12385 = DIRECTION('',(-0.,1.,-2.22044604925E-16));
#12386 = ORIENTED_EDGE('',*,*,#12387,.T.);
#12387 = EDGE_CURVE('',#12380,#12388,#12390,.T.);
#12388 = VERTEX_POINT('',#12389);
#12389 = CARTESIAN_POINT('',(-0.725,0.13,2.0696));
#12390 = LINE('',#12391,#12392);
#12391 = CARTESIAN_POINT('',(-0.725,0.13,2.145));
#12392 = VECTOR('',#12393,1.);
#12393 = DIRECTION('',(0.,-2.22044604925E-16,-1.));
#12394 = ORIENTED_EDGE('',*,*,#12395,.T.);
#12395 = EDGE_CURVE('',#12388,#12396,#12398,.T.);
#12396 = VERTEX_POINT('',#12397);
#12397 = CARTESIAN_POINT('',(-0.725,-2.2446,2.0696));
#12398 = LINE('',#12399,#12400);
#12399 = CARTESIAN_POINT('',(-0.725,1.1054,2.0696));
#12400 = VECTOR('',#12401,1.);
#12401 = DIRECTION('',(0.,-1.,0.));
#12402 = ORIENTED_EDGE('',*,*,#12403,.T.);
#12403 = EDGE_CURVE('',#12396,#12323,#12404,.T.);
#12404 = LINE('',#12405,#12406);
#12405 = CARTESIAN_POINT('',(-0.725,-2.2446,2.0696));
#12406 = VECTOR('',#12407,1.);
#12407 = DIRECTION('',(0.,0.707106781187,-0.707106781187));
#12408 = ORIENTED_EDGE('',*,*,#12322,.F.);
#12409 = PLANE('',#12410);
#12410 = AXIS2_PLACEMENT_3D('',#12411,#12412,#12413);
#12411 = CARTESIAN_POINT('',(-0.725,-2.47,2.145));
#12412 = DIRECTION('',(-1.,0.,0.));
#12413 = DIRECTION('',(-0.,-2.22044604925E-16,-1.));
#12414 = ADVANCED_FACE('',(#12415),#12449,.F.);
#12415 = FACE_BOUND('',#12416,.F.);
#12416 = EDGE_LOOP('',(#12417,#12418,#12419,#12427,#12435,#12443));
#12417 = ORIENTED_EDGE('',*,*,#9378,.F.);
#12418 = ORIENTED_EDGE('',*,*,#12363,.T.);
#12419 = ORIENTED_EDGE('',*,*,#12420,.T.);
#12420 = EDGE_CURVE('',#12356,#12421,#12423,.T.);
#12421 = VERTEX_POINT('',#12422);
#12422 = CARTESIAN_POINT('',(0.525,0.13,2.0696));
#12423 = LINE('',#12424,#12425);
#12424 = CARTESIAN_POINT('',(0.525,0.13,2.145));
#12425 = VECTOR('',#12426,1.);
#12426 = DIRECTION('',(0.,-2.22044604925E-16,-1.));
#12427 = ORIENTED_EDGE('',*,*,#12428,.T.);
#12428 = EDGE_CURVE('',#12421,#12429,#12431,.T.);
#12429 = VERTEX_POINT('',#12430);
#12430 = CARTESIAN_POINT('',(0.525,-2.2446,2.0696));
#12431 = LINE('',#12432,#12433);
#12432 = CARTESIAN_POINT('',(0.525,1.1054,2.0696));
#12433 = VECTOR('',#12434,1.);
#12434 = DIRECTION('',(0.,-1.,0.));
#12435 = ORIENTED_EDGE('',*,*,#12436,.T.);
#12436 = EDGE_CURVE('',#12429,#12437,#12439,.T.);
#12437 = VERTEX_POINT('',#12438);
#12438 = CARTESIAN_POINT('',(0.525,-2.12,1.945));
#12439 = LINE('',#12440,#12441);
#12440 = CARTESIAN_POINT('',(0.525,-2.2446,2.0696));
#12441 = VECTOR('',#12442,1.);
#12442 = DIRECTION('',(0.,0.707106781187,-0.707106781187));
#12443 = ORIENTED_EDGE('',*,*,#12444,.F.);
#12444 = EDGE_CURVE('',#9371,#12437,#12445,.T.);
#12445 = LINE('',#12446,#12447);
#12446 = CARTESIAN_POINT('',(0.525,-2.47,1.945));
#12447 = VECTOR('',#12448,1.);
#12448 = DIRECTION('',(-0.,1.,-2.22044604925E-16));
#12449 = PLANE('',#12450);
#12450 = AXIS2_PLACEMENT_3D('',#12451,#12452,#12453);
#12451 = CARTESIAN_POINT('',(0.525,-2.47,2.145));
#12452 = DIRECTION('',(-1.,0.,0.));
#12453 = DIRECTION('',(-0.,-2.22044604925E-16,-1.));
#12454 = ADVANCED_FACE('',(#12455),#12473,.F.);
#12455 = FACE_BOUND('',#12456,.F.);
#12456 = EDGE_LOOP('',(#12457,#12465,#12471,#12472));
#12457 = ORIENTED_EDGE('',*,*,#12458,.T.);
#12458 = EDGE_CURVE('',#9323,#12459,#12461,.T.);
#12459 = VERTEX_POINT('',#12460);
#12460 = CARTESIAN_POINT('',(-0.525,0.13,2.145));
#12461 = LINE('',#12462,#12463);
#12462 = CARTESIAN_POINT('',(-0.525,-2.47,2.145));
#12463 = VECTOR('',#12464,1.);
#12464 = DIRECTION('',(-0.,1.,-2.22044604925E-16));
#12465 = ORIENTED_EDGE('',*,*,#12466,.T.);
#12466 = EDGE_CURVE('',#12459,#12380,#12467,.T.);
#12467 = LINE('',#12468,#12469);
#12468 = CARTESIAN_POINT('',(-0.525,0.13,2.145));
#12469 = VECTOR('',#12470,1.);
#12470 = DIRECTION('',(-1.,0.,0.));
#12471 = ORIENTED_EDGE('',*,*,#12379,.F.);
#12472 = ORIENTED_EDGE('',*,*,#9322,.F.);
#12473 = PLANE('',#12474);
#12474 = AXIS2_PLACEMENT_3D('',#12475,#12476,#12477);
#12475 = CARTESIAN_POINT('',(-0.525,-2.47,2.145));
#12476 = DIRECTION('',(0.,2.22044604925E-16,1.));
#12477 = DIRECTION('',(-1.,0.,0.));
#12478 = ADVANCED_FACE('',(#12479),#12505,.F.);
#12479 = FACE_BOUND('',#12480,.F.);
#12480 = EDGE_LOOP('',(#12481,#12482,#12490,#12498,#12504));
#12481 = ORIENTED_EDGE('',*,*,#12444,.T.);
#12482 = ORIENTED_EDGE('',*,*,#12483,.T.);
#12483 = EDGE_CURVE('',#12437,#12484,#12486,.T.);
#12484 = VERTEX_POINT('',#12485);
#12485 = CARTESIAN_POINT('',(0.525,0.13,1.945));
#12486 = LINE('',#12487,#12488);
#12487 = CARTESIAN_POINT('',(0.525,-2.47,1.945));
#12488 = VECTOR('',#12489,1.);
#12489 = DIRECTION('',(-0.,1.,-2.22044604925E-16));
#12490 = ORIENTED_EDGE('',*,*,#12491,.T.);
#12491 = EDGE_CURVE('',#12484,#12492,#12494,.T.);
#12492 = VERTEX_POINT('',#12493);
#12493 = CARTESIAN_POINT('',(0.375,0.13,1.945));
#12494 = LINE('',#12495,#12496);
#12495 = CARTESIAN_POINT('',(0.525,0.13,1.945));
#12496 = VECTOR('',#12497,1.);
#12497 = DIRECTION('',(-1.,0.,0.));
#12498 = ORIENTED_EDGE('',*,*,#12499,.F.);
#12499 = EDGE_CURVE('',#9363,#12492,#12500,.T.);
#12500 = LINE('',#12501,#12502);
#12501 = CARTESIAN_POINT('',(0.375,-2.47,1.945));
#12502 = VECTOR('',#12503,1.);
#12503 = DIRECTION('',(-0.,1.,-2.22044604925E-16));
#12504 = ORIENTED_EDGE('',*,*,#9370,.F.);
#12505 = PLANE('',#12506);
#12506 = AXIS2_PLACEMENT_3D('',#12507,#12508,#12509);
#12507 = CARTESIAN_POINT('',(0.525,-2.47,1.945));
#12508 = DIRECTION('',(0.,2.22044604925E-16,1.));
#12509 = DIRECTION('',(-1.,0.,0.));
#12510 = ADVANCED_FACE('',(#12511),#12545,.F.);
#12511 = FACE_BOUND('',#12512,.F.);
#12512 = EDGE_LOOP('',(#12513,#12514,#12522,#12530,#12538,#12544));
#12513 = ORIENTED_EDGE('',*,*,#9330,.F.);
#12514 = ORIENTED_EDGE('',*,*,#12515,.T.);
#12515 = EDGE_CURVE('',#9331,#12516,#12518,.T.);
#12516 = VERTEX_POINT('',#12517);
#12517 = CARTESIAN_POINT('',(-0.525,-2.12,1.945));
#12518 = LINE('',#12519,#12520);
#12519 = CARTESIAN_POINT('',(-0.525,-2.47,1.945));
#12520 = VECTOR('',#12521,1.);
#12521 = DIRECTION('',(-0.,1.,-2.22044604925E-16));
#12522 = ORIENTED_EDGE('',*,*,#12523,.F.);
#12523 = EDGE_CURVE('',#12524,#12516,#12526,.T.);
#12524 = VERTEX_POINT('',#12525);
#12525 = CARTESIAN_POINT('',(-0.525,-2.2446,2.0696));
#12526 = LINE('',#12527,#12528);
#12527 = CARTESIAN_POINT('',(-0.525,-2.2446,2.0696));
#12528 = VECTOR('',#12529,1.);
#12529 = DIRECTION('',(0.,0.707106781187,-0.707106781187));
#12530 = ORIENTED_EDGE('',*,*,#12531,.F.);
#12531 = EDGE_CURVE('',#12532,#12524,#12534,.T.);
#12532 = VERTEX_POINT('',#12533);
#12533 = CARTESIAN_POINT('',(-0.525,0.13,2.0696));
#12534 = LINE('',#12535,#12536);
#12535 = CARTESIAN_POINT('',(-0.525,1.1054,2.0696));
#12536 = VECTOR('',#12537,1.);
#12537 = DIRECTION('',(0.,-1.,0.));
#12538 = ORIENTED_EDGE('',*,*,#12539,.T.);
#12539 = EDGE_CURVE('',#12532,#12459,#12540,.T.);
#12540 = LINE('',#12541,#12542);
#12541 = CARTESIAN_POINT('',(-0.525,0.13,1.945));
#12542 = VECTOR('',#12543,1.);
#12543 = DIRECTION('',(0.,2.22044604925E-16,1.));
#12544 = ORIENTED_EDGE('',*,*,#12458,.F.);
#12545 = PLANE('',#12546);
#12546 = AXIS2_PLACEMENT_3D('',#12547,#12548,#12549);
#12547 = CARTESIAN_POINT('',(-0.525,-2.47,1.945));
#12548 = DIRECTION('',(1.,0.,0.));
#12549 = DIRECTION('',(-0.,2.22044604925E-16,1.));
#12550 = ADVANCED_FACE('',(#12551),#12569,.F.);
#12551 = FACE_BOUND('',#12552,.F.);
#12552 = EDGE_LOOP('',(#12553,#12554,#12562,#12568));
#12553 = ORIENTED_EDGE('',*,*,#12499,.T.);
#12554 = ORIENTED_EDGE('',*,*,#12555,.T.);
#12555 = EDGE_CURVE('',#12492,#12556,#12558,.T.);
#12556 = VERTEX_POINT('',#12557);
#12557 = CARTESIAN_POINT('',(0.375,0.13,2.145));
#12558 = LINE('',#12559,#12560);
#12559 = CARTESIAN_POINT('',(0.375,0.13,1.945));
#12560 = VECTOR('',#12561,1.);
#12561 = DIRECTION('',(0.,2.22044604925E-16,1.));
#12562 = ORIENTED_EDGE('',*,*,#12563,.F.);
#12563 = EDGE_CURVE('',#9355,#12556,#12564,.T.);
#12564 = LINE('',#12565,#12566);
#12565 = CARTESIAN_POINT('',(0.375,-2.47,2.145));
#12566 = VECTOR('',#12567,1.);
#12567 = DIRECTION('',(-0.,1.,-2.22044604925E-16));
#12568 = ORIENTED_EDGE('',*,*,#9362,.F.);
#12569 = PLANE('',#12570);
#12570 = AXIS2_PLACEMENT_3D('',#12571,#12572,#12573);
#12571 = CARTESIAN_POINT('',(0.375,-2.47,1.945));
#12572 = DIRECTION('',(1.,0.,0.));
#12573 = DIRECTION('',(-0.,2.22044604925E-16,1.));
#12574 = ADVANCED_FACE('',(#12575),#12601,.F.);
#12575 = FACE_BOUND('',#12576,.F.);
#12576 = EDGE_LOOP('',(#12577,#12585,#12593,#12599,#12600));
#12577 = ORIENTED_EDGE('',*,*,#12578,.T.);
#12578 = EDGE_CURVE('',#9339,#12579,#12581,.T.);
#12579 = VERTEX_POINT('',#12580);
#12580 = CARTESIAN_POINT('',(-0.375,0.13,1.945));
#12581 = LINE('',#12582,#12583);
#12582 = CARTESIAN_POINT('',(-0.375,-2.47,1.945));
#12583 = VECTOR('',#12584,1.);
#12584 = DIRECTION('',(-0.,1.,-2.22044604925E-16));
#12585 = ORIENTED_EDGE('',*,*,#12586,.T.);
#12586 = EDGE_CURVE('',#12579,#12587,#12589,.T.);
#12587 = VERTEX_POINT('',#12588);
#12588 = CARTESIAN_POINT('',(-0.525,0.13,1.945));
#12589 = LINE('',#12590,#12591);
#12590 = CARTESIAN_POINT('',(-0.375,0.13,1.945));
#12591 = VECTOR('',#12592,1.);
#12592 = DIRECTION('',(-1.,0.,0.));
#12593 = ORIENTED_EDGE('',*,*,#12594,.F.);
#12594 = EDGE_CURVE('',#12516,#12587,#12595,.T.);
#12595 = LINE('',#12596,#12597);
#12596 = CARTESIAN_POINT('',(-0.525,-2.47,1.945));
#12597 = VECTOR('',#12598,1.);
#12598 = DIRECTION('',(-0.,1.,-2.22044604925E-16));
#12599 = ORIENTED_EDGE('',*,*,#12515,.F.);
#12600 = ORIENTED_EDGE('',*,*,#9338,.F.);
#12601 = PLANE('',#12602);
#12602 = AXIS2_PLACEMENT_3D('',#12603,#12604,#12605);
#12603 = CARTESIAN_POINT('',(-0.375,-2.47,1.945));
#12604 = DIRECTION('',(0.,2.22044604925E-16,1.));
#12605 = DIRECTION('',(-1.,0.,0.));
#12606 = ADVANCED_FACE('',(#12607),#12625,.F.);
#12607 = FACE_BOUND('',#12608,.F.);
#12608 = EDGE_LOOP('',(#12609,#12610,#12618,#12624));
#12609 = ORIENTED_EDGE('',*,*,#12563,.T.);
#12610 = ORIENTED_EDGE('',*,*,#12611,.T.);
#12611 = EDGE_CURVE('',#12556,#12612,#12614,.T.);
#12612 = VERTEX_POINT('',#12613);
#12613 = CARTESIAN_POINT('',(-0.375,0.13,2.145));
#12614 = LINE('',#12615,#12616);
#12615 = CARTESIAN_POINT('',(0.375,0.13,2.145));
#12616 = VECTOR('',#12617,1.);
#12617 = DIRECTION('',(-1.,0.,0.));
#12618 = ORIENTED_EDGE('',*,*,#12619,.F.);
#12619 = EDGE_CURVE('',#9347,#12612,#12620,.T.);
#12620 = LINE('',#12621,#12622);
#12621 = CARTESIAN_POINT('',(-0.375,-2.47,2.145));
#12622 = VECTOR('',#12623,1.);
#12623 = DIRECTION('',(-0.,1.,-2.22044604925E-16));
#12624 = ORIENTED_EDGE('',*,*,#9354,.F.);
#12625 = PLANE('',#12626);
#12626 = AXIS2_PLACEMENT_3D('',#12627,#12628,#12629);
#12627 = CARTESIAN_POINT('',(0.375,-2.47,2.145));
#12628 = DIRECTION('',(0.,2.22044604925E-16,1.));
#12629 = DIRECTION('',(-1.,0.,0.));
#12630 = ADVANCED_FACE('',(#12631),#12642,.F.);
#12631 = FACE_BOUND('',#12632,.F.);
#12632 = EDGE_LOOP('',(#12633,#12634,#12640,#12641));
#12633 = ORIENTED_EDGE('',*,*,#12619,.T.);
#12634 = ORIENTED_EDGE('',*,*,#12635,.T.);
#12635 = EDGE_CURVE('',#12612,#12579,#12636,.T.);
#12636 = LINE('',#12637,#12638);
#12637 = CARTESIAN_POINT('',(-0.375,0.13,2.145));
#12638 = VECTOR('',#12639,1.);
#12639 = DIRECTION('',(0.,-2.22044604925E-16,-1.));
#12640 = ORIENTED_EDGE('',*,*,#12578,.F.);
#12641 = ORIENTED_EDGE('',*,*,#9346,.F.);
#12642 = PLANE('',#12643);
#12643 = AXIS2_PLACEMENT_3D('',#12644,#12645,#12646);
#12644 = CARTESIAN_POINT('',(-0.375,-2.47,2.145));
#12645 = DIRECTION('',(-1.,0.,0.));
#12646 = DIRECTION('',(-0.,-2.22044604925E-16,-1.));
#12647 = ADVANCED_FACE('',(#12648),#12673,.T.);
#12648 = FACE_BOUND('',#12649,.T.);
#12649 = EDGE_LOOP('',(#12650,#12658,#12666,#12672));
#12650 = ORIENTED_EDGE('',*,*,#12651,.F.);
#12651 = EDGE_CURVE('',#12652,#9571,#12654,.T.);
#12652 = VERTEX_POINT('',#12653);
#12653 = CARTESIAN_POINT('',(-5.025,-1.47,3.295));
#12654 = LINE('',#12655,#12656);
#12655 = CARTESIAN_POINT('',(-5.025,-1.47,3.295));
#12656 = VECTOR('',#12657,1.);
#12657 = DIRECTION('',(0.,-1.,2.22044604925E-16));
#12658 = ORIENTED_EDGE('',*,*,#12659,.T.);
#12659 = EDGE_CURVE('',#12652,#12660,#12662,.T.);
#12660 = VERTEX_POINT('',#12661);
#12661 = CARTESIAN_POINT('',(-5.025,-1.47,3.895));
#12662 = LINE('',#12663,#12664);
#12663 = CARTESIAN_POINT('',(-5.025,-1.47,3.295));
#12664 = VECTOR('',#12665,1.);
#12665 = DIRECTION('',(0.,2.22044604925E-16,1.));
#12666 = ORIENTED_EDGE('',*,*,#12667,.T.);
#12667 = EDGE_CURVE('',#12660,#9573,#12668,.T.);
#12668 = LINE('',#12669,#12670);
#12669 = CARTESIAN_POINT('',(-5.025,-1.47,3.895));
#12670 = VECTOR('',#12671,1.);
#12671 = DIRECTION('',(0.,-1.,2.22044604925E-16));
#12672 = ORIENTED_EDGE('',*,*,#9570,.F.);
#12673 = PLANE('',#12674);
#12674 = AXIS2_PLACEMENT_3D('',#12675,#12676,#12677);
#12675 = CARTESIAN_POINT('',(-5.025,-1.47,3.295));
#12676 = DIRECTION('',(1.,0.,0.));
#12677 = DIRECTION('',(0.,-1.,2.22044604925E-16));
#12678 = ADVANCED_FACE('',(#12679),#12697,.F.);
#12679 = FACE_BOUND('',#12680,.F.);
#12680 = EDGE_LOOP('',(#12681,#12689,#12690,#12691));
#12681 = ORIENTED_EDGE('',*,*,#12682,.F.);
#12682 = EDGE_CURVE('',#12660,#12683,#12685,.T.);
#12683 = VERTEX_POINT('',#12684);
#12684 = CARTESIAN_POINT('',(-3.925,-1.47,3.895));
#12685 = LINE('',#12686,#12687);
#12686 = CARTESIAN_POINT('',(-5.025,-1.47,3.895));
#12687 = VECTOR('',#12688,1.);
#12688 = DIRECTION('',(1.,0.,0.));
#12689 = ORIENTED_EDGE('',*,*,#12667,.T.);
#12690 = ORIENTED_EDGE('',*,*,#9580,.T.);
#12691 = ORIENTED_EDGE('',*,*,#12692,.F.);
#12692 = EDGE_CURVE('',#12683,#9581,#12693,.T.);
#12693 = LINE('',#12694,#12695);
#12694 = CARTESIAN_POINT('',(-3.925,-1.47,3.895));
#12695 = VECTOR('',#12696,1.);
#12696 = DIRECTION('',(0.,-1.,2.22044604925E-16));
#12697 = PLANE('',#12698);
#12698 = AXIS2_PLACEMENT_3D('',#12699,#12700,#12701);
#12699 = CARTESIAN_POINT('',(-5.025,-1.47,3.895));
#12700 = DIRECTION('',(0.,2.22044604925E-16,1.));
#12701 = DIRECTION('',(0.,-1.,2.22044604925E-16));
#12702 = ADVANCED_FACE('',(#12703),#12721,.T.);
#12703 = FACE_BOUND('',#12704,.T.);
#12704 = EDGE_LOOP('',(#12705,#12713,#12714,#12715));
#12705 = ORIENTED_EDGE('',*,*,#12706,.F.);
#12706 = EDGE_CURVE('',#12652,#12707,#12709,.T.);
#12707 = VERTEX_POINT('',#12708);
#12708 = CARTESIAN_POINT('',(-3.925,-1.47,3.295));
#12709 = LINE('',#12710,#12711);
#12710 = CARTESIAN_POINT('',(-5.025,-1.47,3.295));
#12711 = VECTOR('',#12712,1.);
#12712 = DIRECTION('',(1.,0.,0.));
#12713 = ORIENTED_EDGE('',*,*,#12651,.T.);
#12714 = ORIENTED_EDGE('',*,*,#9596,.T.);
#12715 = ORIENTED_EDGE('',*,*,#12716,.F.);
#12716 = EDGE_CURVE('',#12707,#9589,#12717,.T.);
#12717 = LINE('',#12718,#12719);
#12718 = CARTESIAN_POINT('',(-3.925,-1.47,3.295));
#12719 = VECTOR('',#12720,1.);
#12720 = DIRECTION('',(0.,-1.,2.22044604925E-16));
#12721 = PLANE('',#12722);
#12722 = AXIS2_PLACEMENT_3D('',#12723,#12724,#12725);
#12723 = CARTESIAN_POINT('',(-5.025,-1.47,3.295));
#12724 = DIRECTION('',(0.,2.22044604925E-16,1.));
#12725 = DIRECTION('',(0.,-1.,2.22044604925E-16));
#12726 = ADVANCED_FACE('',(#12727),#12738,.F.);
#12727 = FACE_BOUND('',#12728,.F.);
#12728 = EDGE_LOOP('',(#12729,#12730,#12736,#12737));
#12729 = ORIENTED_EDGE('',*,*,#12716,.F.);
#12730 = ORIENTED_EDGE('',*,*,#12731,.T.);
#12731 = EDGE_CURVE('',#12707,#12683,#12732,.T.);
#12732 = LINE('',#12733,#12734);
#12733 = CARTESIAN_POINT('',(-3.925,-1.47,3.295));
#12734 = VECTOR('',#12735,1.);
#12735 = DIRECTION('',(0.,2.22044604925E-16,1.));
#12736 = ORIENTED_EDGE('',*,*,#12692,.T.);
#12737 = ORIENTED_EDGE('',*,*,#9588,.F.);
#12738 = PLANE('',#12739);
#12739 = AXIS2_PLACEMENT_3D('',#12740,#12741,#12742);
#12740 = CARTESIAN_POINT('',(-3.925,-1.47,3.295));
#12741 = DIRECTION('',(1.,0.,0.));
#12742 = DIRECTION('',(0.,-1.,2.22044604925E-16));
#12743 = ADVANCED_FACE('',(#12744),#12769,.T.);
#12744 = FACE_BOUND('',#12745,.T.);
#12745 = EDGE_LOOP('',(#12746,#12754,#12762,#12768));
#12746 = ORIENTED_EDGE('',*,*,#12747,.F.);
#12747 = EDGE_CURVE('',#12748,#9605,#12750,.T.);
#12748 = VERTEX_POINT('',#12749);
#12749 = CARTESIAN_POINT('',(3.925,-1.47,3.295));
#12750 = LINE('',#12751,#12752);
#12751 = CARTESIAN_POINT('',(3.925,-1.47,3.295));
#12752 = VECTOR('',#12753,1.);
#12753 = DIRECTION('',(0.,-1.,2.22044604925E-16));
#12754 = ORIENTED_EDGE('',*,*,#12755,.T.);
#12755 = EDGE_CURVE('',#12748,#12756,#12758,.T.);
#12756 = VERTEX_POINT('',#12757);
#12757 = CARTESIAN_POINT('',(3.925,-1.47,3.895));
#12758 = LINE('',#12759,#12760);
#12759 = CARTESIAN_POINT('',(3.925,-1.47,3.295));
#12760 = VECTOR('',#12761,1.);
#12761 = DIRECTION('',(0.,2.22044604925E-16,1.));
#12762 = ORIENTED_EDGE('',*,*,#12763,.T.);
#12763 = EDGE_CURVE('',#12756,#9607,#12764,.T.);
#12764 = LINE('',#12765,#12766);
#12765 = CARTESIAN_POINT('',(3.925,-1.47,3.895));
#12766 = VECTOR('',#12767,1.);
#12767 = DIRECTION('',(0.,-1.,2.22044604925E-16));
#12768 = ORIENTED_EDGE('',*,*,#9604,.F.);
#12769 = PLANE('',#12770);
#12770 = AXIS2_PLACEMENT_3D('',#12771,#12772,#12773);
#12771 = CARTESIAN_POINT('',(3.925,-1.47,3.295));
#12772 = DIRECTION('',(1.,0.,0.));
#12773 = DIRECTION('',(0.,-1.,2.22044604925E-16));
#12774 = ADVANCED_FACE('',(#12775),#12793,.F.);
#12775 = FACE_BOUND('',#12776,.F.);
#12776 = EDGE_LOOP('',(#12777,#12785,#12786,#12787));
#12777 = ORIENTED_EDGE('',*,*,#12778,.F.);
#12778 = EDGE_CURVE('',#12756,#12779,#12781,.T.);
#12779 = VERTEX_POINT('',#12780);
#12780 = CARTESIAN_POINT('',(5.025,-1.47,3.895));
#12781 = LINE('',#12782,#12783);
#12782 = CARTESIAN_POINT('',(3.925,-1.47,3.895));
#12783 = VECTOR('',#12784,1.);
#12784 = DIRECTION('',(1.,0.,0.));
#12785 = ORIENTED_EDGE('',*,*,#12763,.T.);
#12786 = ORIENTED_EDGE('',*,*,#9614,.T.);
#12787 = ORIENTED_EDGE('',*,*,#12788,.F.);
#12788 = EDGE_CURVE('',#12779,#9615,#12789,.T.);
#12789 = LINE('',#12790,#12791);
#12790 = CARTESIAN_POINT('',(5.025,-1.47,3.895));
#12791 = VECTOR('',#12792,1.);
#12792 = DIRECTION('',(0.,-1.,2.22044604925E-16));
#12793 = PLANE('',#12794);
#12794 = AXIS2_PLACEMENT_3D('',#12795,#12796,#12797);
#12795 = CARTESIAN_POINT('',(3.925,-1.47,3.895));
#12796 = DIRECTION('',(0.,2.22044604925E-16,1.));
#12797 = DIRECTION('',(0.,-1.,2.22044604925E-16));
#12798 = ADVANCED_FACE('',(#12799),#12817,.T.);
#12799 = FACE_BOUND('',#12800,.T.);
#12800 = EDGE_LOOP('',(#12801,#12809,#12810,#12811));
#12801 = ORIENTED_EDGE('',*,*,#12802,.F.);
#12802 = EDGE_CURVE('',#12748,#12803,#12805,.T.);
#12803 = VERTEX_POINT('',#12804);
#12804 = CARTESIAN_POINT('',(5.025,-1.47,3.295));
#12805 = LINE('',#12806,#12807);
#12806 = CARTESIAN_POINT('',(3.925,-1.47,3.295));
#12807 = VECTOR('',#12808,1.);
#12808 = DIRECTION('',(1.,0.,0.));
#12809 = ORIENTED_EDGE('',*,*,#12747,.T.);
#12810 = ORIENTED_EDGE('',*,*,#9630,.T.);
#12811 = ORIENTED_EDGE('',*,*,#12812,.F.);
#12812 = EDGE_CURVE('',#12803,#9623,#12813,.T.);
#12813 = LINE('',#12814,#12815);
#12814 = CARTESIAN_POINT('',(5.025,-1.47,3.295));
#12815 = VECTOR('',#12816,1.);
#12816 = DIRECTION('',(0.,-1.,2.22044604925E-16));
#12817 = PLANE('',#12818);
#12818 = AXIS2_PLACEMENT_3D('',#12819,#12820,#12821);
#12819 = CARTESIAN_POINT('',(3.925,-1.47,3.295));
#12820 = DIRECTION('',(0.,2.22044604925E-16,1.));
#12821 = DIRECTION('',(0.,-1.,2.22044604925E-16));
#12822 = ADVANCED_FACE('',(#12823),#12834,.F.);
#12823 = FACE_BOUND('',#12824,.F.);
#12824 = EDGE_LOOP('',(#12825,#12826,#12832,#12833));
#12825 = ORIENTED_EDGE('',*,*,#12812,.F.);
#12826 = ORIENTED_EDGE('',*,*,#12827,.T.);
#12827 = EDGE_CURVE('',#12803,#12779,#12828,.T.);
#12828 = LINE('',#12829,#12830);
#12829 = CARTESIAN_POINT('',(5.025,-1.47,3.295));
#12830 = VECTOR('',#12831,1.);
#12831 = DIRECTION('',(0.,2.22044604925E-16,1.));
#12832 = ORIENTED_EDGE('',*,*,#12788,.T.);
#12833 = ORIENTED_EDGE('',*,*,#9622,.F.);
#12834 = PLANE('',#12835);
#12835 = AXIS2_PLACEMENT_3D('',#12836,#12837,#12838);
#12836 = CARTESIAN_POINT('',(5.025,-1.47,3.295));
#12837 = DIRECTION('',(1.,0.,0.));
#12838 = DIRECTION('',(0.,-1.,2.22044604925E-16));
#12839 = ADVANCED_FACE('',(#12840),#12874,.F.);
#12840 = FACE_BOUND('',#12841,.F.);
#12841 = EDGE_LOOP('',(#12842,#12843,#12851,#12859,#12867,#12873));
#12842 = ORIENTED_EDGE('',*,*,#9821,.T.);
#12843 = ORIENTED_EDGE('',*,*,#12844,.T.);
#12844 = EDGE_CURVE('',#9814,#12845,#12847,.T.);
#12845 = VERTEX_POINT('',#12846);
#12846 = CARTESIAN_POINT('',(4.875,0.98,1.995));
#12847 = LINE('',#12848,#12849);
#12848 = CARTESIAN_POINT('',(4.875,1.58,1.995));
#12849 = VECTOR('',#12850,1.);
#12850 = DIRECTION('',(0.,-1.,2.22044604925E-16));
#12851 = ORIENTED_EDGE('',*,*,#12852,.T.);
#12852 = EDGE_CURVE('',#12845,#12853,#12855,.T.);
#12853 = VERTEX_POINT('',#12854);
#12854 = CARTESIAN_POINT('',(4.875,0.98,3.595));
#12855 = LINE('',#12856,#12857);
#12856 = CARTESIAN_POINT('',(4.875,0.98,1.995));
#12857 = VECTOR('',#12858,1.);
#12858 = DIRECTION('',(0.,2.22044604925E-16,1.));
#12859 = ORIENTED_EDGE('',*,*,#12860,.T.);
#12860 = EDGE_CURVE('',#12853,#12861,#12863,.T.);
#12861 = VERTEX_POINT('',#12862);
#12862 = CARTESIAN_POINT('',(4.875,-0.32,3.595));
#12863 = LINE('',#12864,#12865);
#12864 = CARTESIAN_POINT('',(4.875,0.98,3.595));
#12865 = VECTOR('',#12866,1.);
#12866 = DIRECTION('',(0.,-1.,2.22044604925E-16));
#12867 = ORIENTED_EDGE('',*,*,#12868,.T.);
#12868 = EDGE_CURVE('',#12861,#9679,#12869,.T.);
#12869 = LINE('',#12870,#12871);
#12870 = CARTESIAN_POINT('',(4.875,-0.32,3.595));
#12871 = VECTOR('',#12872,1.);
#12872 = DIRECTION('',(0.,2.22044604925E-16,1.));
#12873 = ORIENTED_EDGE('',*,*,#9686,.T.);
#12874 = PLANE('',#12875);
#12875 = AXIS2_PLACEMENT_3D('',#12876,#12877,#12878);
#12876 = CARTESIAN_POINT('',(4.875,0.880602409639,3.370602409639));
#12877 = DIRECTION('',(-1.,-1.979652642008E-31,1.895603593819E-31));
#12878 = DIRECTION('',(-1.979652642008E-31,1.,-2.22044604925E-16));
#12879 = ADVANCED_FACE('',(#12880),#12891,.F.);
#12880 = FACE_BOUND('',#12881,.F.);
#12881 = EDGE_LOOP('',(#12882,#12888,#12889,#12890));
#12882 = ORIENTED_EDGE('',*,*,#12883,.T.);
#12883 = EDGE_CURVE('',#12861,#10385,#12884,.T.);
#12884 = LINE('',#12885,#12886);
#12885 = CARTESIAN_POINT('',(4.875,-0.32,3.595));
#12886 = VECTOR('',#12887,1.);
#12887 = DIRECTION('',(1.,0.,0.));
#12888 = ORIENTED_EDGE('',*,*,#10392,.T.);
#12889 = ORIENTED_EDGE('',*,*,#9678,.F.);
#12890 = ORIENTED_EDGE('',*,*,#12868,.F.);
#12891 = PLANE('',#12892);
#12892 = AXIS2_PLACEMENT_3D('',#12893,#12894,#12895);
#12893 = CARTESIAN_POINT('',(4.875,-0.32,3.595));
#12894 = DIRECTION('',(0.,-1.,2.22044604925E-16));
#12895 = DIRECTION('',(0.,2.22044604925E-16,1.));
#12896 = ADVANCED_FACE('',(#12897),#12905,.T.);
#12897 = FACE_BOUND('',#12898,.T.);
#12898 = EDGE_LOOP('',(#12899,#12900,#12901,#12902,#12903,#12904));
#12899 = ORIENTED_EDGE('',*,*,#9828,.T.);
#12900 = ORIENTED_EDGE('',*,*,#9780,.T.);
#12901 = ORIENTED_EDGE('',*,*,#9756,.T.);
#12902 = ORIENTED_EDGE('',*,*,#9732,.T.);
#12903 = ORIENTED_EDGE('',*,*,#9708,.T.);
#12904 = ORIENTED_EDGE('',*,*,#9654,.T.);
#12905 = PLANE('',#12906);
#12906 = AXIS2_PLACEMENT_3D('',#12907,#12908,#12909);
#12907 = CARTESIAN_POINT('',(-4.875,0.880602409639,3.370602409639));
#12908 = DIRECTION('',(-1.,-1.979652642008E-31,1.895603593819E-31));
#12909 = DIRECTION('',(-1.979652642008E-31,1.,-2.22044604925E-16));
#12910 = ADVANCED_FACE('',(#12911),#12922,.F.);
#12911 = FACE_BOUND('',#12912,.F.);
#12912 = EDGE_LOOP('',(#12913,#12914,#12915,#12921));
#12913 = ORIENTED_EDGE('',*,*,#9813,.T.);
#12914 = ORIENTED_EDGE('',*,*,#10368,.T.);
#12915 = ORIENTED_EDGE('',*,*,#12916,.F.);
#12916 = EDGE_CURVE('',#12845,#10369,#12917,.T.);
#12917 = LINE('',#12918,#12919);
#12918 = CARTESIAN_POINT('',(4.875,0.98,1.995));
#12919 = VECTOR('',#12920,1.);
#12920 = DIRECTION('',(1.,0.,0.));
#12921 = ORIENTED_EDGE('',*,*,#12844,.F.);
#12922 = PLANE('',#12923);
#12923 = AXIS2_PLACEMENT_3D('',#12924,#12925,#12926);
#12924 = CARTESIAN_POINT('',(4.875,1.58,1.995));
#12925 = DIRECTION('',(0.,-2.22044604925E-16,-1.));
#12926 = DIRECTION('',(0.,-1.,2.22044604925E-16));
#12927 = ADVANCED_FACE('',(#12928),#12980,.F.);
#12928 = FACE_BOUND('',#12929,.F.);
#12929 = EDGE_LOOP('',(#12930,#12938,#12946,#12954,#12962,#12970,#12976,
    #12977,#12978,#12979));
#12930 = ORIENTED_EDGE('',*,*,#12931,.T.);
#12931 = EDGE_CURVE('',#10144,#12932,#12934,.T.);
#12932 = VERTEX_POINT('',#12933);
#12933 = CARTESIAN_POINT('',(-3.225,2.4754,0.));
#12934 = LINE('',#12935,#12936);
#12935 = CARTESIAN_POINT('',(-3.225,0.7054,-4.000000000001E-04));
#12936 = VECTOR('',#12937,1.);
#12937 = DIRECTION('',(0.,0.999999974465,2.259886947942E-04));
#12938 = ORIENTED_EDGE('',*,*,#12939,.T.);
#12939 = EDGE_CURVE('',#12932,#12940,#12942,.T.);
#12940 = VERTEX_POINT('',#12941);
#12941 = CARTESIAN_POINT('',(-3.225,2.4754,0.3));
#12942 = LINE('',#12943,#12944);
#12943 = CARTESIAN_POINT('',(-3.225,2.4754,0.));
#12944 = VECTOR('',#12945,1.);
#12945 = DIRECTION('',(0.,0.,1.));
#12946 = ORIENTED_EDGE('',*,*,#12947,.T.);
#12947 = EDGE_CURVE('',#12940,#12948,#12950,.T.);
#12948 = VERTEX_POINT('',#12949);
#12949 = CARTESIAN_POINT('',(-3.225,1.7754,0.3));
#12950 = LINE('',#12951,#12952);
#12951 = CARTESIAN_POINT('',(-3.225,2.4754,0.3));
#12952 = VECTOR('',#12953,1.);
#12953 = DIRECTION('',(0.,-1.,0.));
#12954 = ORIENTED_EDGE('',*,*,#12955,.T.);
#12955 = EDGE_CURVE('',#12948,#12956,#12958,.T.);
#12956 = VERTEX_POINT('',#12957);
#12957 = CARTESIAN_POINT('',(-3.225,1.7754,0.65));
#12958 = LINE('',#12959,#12960);
#12959 = CARTESIAN_POINT('',(-3.225,1.7754,0.3));
#12960 = VECTOR('',#12961,1.);
#12961 = DIRECTION('',(0.,0.,1.));
#12962 = ORIENTED_EDGE('',*,*,#12963,.T.);
#12963 = EDGE_CURVE('',#12956,#12964,#12966,.T.);
#12964 = VERTEX_POINT('',#12965);
#12965 = CARTESIAN_POINT('',(-3.225,1.1054,0.65));
#12966 = LINE('',#12967,#12968);
#12967 = CARTESIAN_POINT('',(-3.225,1.7754,0.65));
#12968 = VECTOR('',#12969,1.);
#12969 = DIRECTION('',(0.,-1.,0.));
#12970 = ORIENTED_EDGE('',*,*,#12971,.T.);
#12971 = EDGE_CURVE('',#12964,#10064,#12972,.T.);
#12972 = LINE('',#12973,#12974);
#12973 = CARTESIAN_POINT('',(-3.225,1.1054,0.65));
#12974 = VECTOR('',#12975,1.);
#12975 = DIRECTION('',(0.,0.,1.));
#12976 = ORIENTED_EDGE('',*,*,#10071,.T.);
#12977 = ORIENTED_EDGE('',*,*,#10095,.T.);
#12978 = ORIENTED_EDGE('',*,*,#10119,.T.);
#12979 = ORIENTED_EDGE('',*,*,#10143,.T.);
#12980 = PLANE('',#12981);
#12981 = AXIS2_PLACEMENT_3D('',#12982,#12983,#12984);
#12982 = CARTESIAN_POINT('',(-3.225,1.293108022955E-02,1.127283611688));
#12983 = DIRECTION('',(1.,-9.003329844341E-33,-9.245679891946E-32));
#12984 = DIRECTION('',(9.245679891946E-32,0.,1.));
#12985 = ADVANCED_FACE('',(#12986),#13004,.F.);
#12986 = FACE_BOUND('',#12987,.F.);
#12987 = EDGE_LOOP('',(#12988,#12989,#12997,#13003));
#12988 = ORIENTED_EDGE('',*,*,#12971,.F.);
#12989 = ORIENTED_EDGE('',*,*,#12990,.T.);
#12990 = EDGE_CURVE('',#12964,#12991,#12993,.T.);
#12991 = VERTEX_POINT('',#12992);
#12992 = CARTESIAN_POINT('',(-3.025,1.1054,0.65));
#12993 = LINE('',#12994,#12995);
#12994 = CARTESIAN_POINT('',(-3.225,1.1054,0.65));
#12995 = VECTOR('',#12996,1.);
#12996 = DIRECTION('',(1.,0.,0.));
#12997 = ORIENTED_EDGE('',*,*,#12998,.T.);
#12998 = EDGE_CURVE('',#12991,#10056,#12999,.T.);
#12999 = LINE('',#13000,#13001);
#13000 = CARTESIAN_POINT('',(-3.025,1.1054,0.65));
#13001 = VECTOR('',#13002,1.);
#13002 = DIRECTION('',(0.,0.,1.));
#13003 = ORIENTED_EDGE('',*,*,#10063,.T.);
#13004 = PLANE('',#13005);
#13005 = AXIS2_PLACEMENT_3D('',#13006,#13007,#13008);
#13006 = CARTESIAN_POINT('',(-3.225,1.1054,0.65));
#13007 = DIRECTION('',(0.,-1.,0.));
#13008 = DIRECTION('',(0.,0.,1.));
#13009 = ADVANCED_FACE('',(#13010),#13067,.T.);
#13010 = FACE_BOUND('',#13011,.T.);
#13011 = EDGE_LOOP('',(#13012,#13020,#13028,#13036,#13044,#13050,#13051,
    #13052,#13060,#13066));
#13012 = ORIENTED_EDGE('',*,*,#13013,.T.);
#13013 = EDGE_CURVE('',#10152,#13014,#13016,.T.);
#13014 = VERTEX_POINT('',#13015);
#13015 = CARTESIAN_POINT('',(-3.025,2.4754,0.));
#13016 = LINE('',#13017,#13018);
#13017 = CARTESIAN_POINT('',(-3.025,0.7054,-4.000000000001E-04));
#13018 = VECTOR('',#13019,1.);
#13019 = DIRECTION('',(0.,0.999999974465,2.259886947942E-04));
#13020 = ORIENTED_EDGE('',*,*,#13021,.T.);
#13021 = EDGE_CURVE('',#13014,#13022,#13024,.T.);
#13022 = VERTEX_POINT('',#13023);
#13023 = CARTESIAN_POINT('',(-3.025,2.4754,0.3));
#13024 = LINE('',#13025,#13026);
#13025 = CARTESIAN_POINT('',(-3.025,2.4754,0.));
#13026 = VECTOR('',#13027,1.);
#13027 = DIRECTION('',(0.,0.,1.));
#13028 = ORIENTED_EDGE('',*,*,#13029,.T.);
#13029 = EDGE_CURVE('',#13022,#13030,#13032,.T.);
#13030 = VERTEX_POINT('',#13031);
#13031 = CARTESIAN_POINT('',(-3.025,1.7754,0.3));
#13032 = LINE('',#13033,#13034);
#13033 = CARTESIAN_POINT('',(-3.025,2.4754,0.3));
#13034 = VECTOR('',#13035,1.);
#13035 = DIRECTION('',(0.,-1.,0.));
#13036 = ORIENTED_EDGE('',*,*,#13037,.T.);
#13037 = EDGE_CURVE('',#13030,#13038,#13040,.T.);
#13038 = VERTEX_POINT('',#13039);
#13039 = CARTESIAN_POINT('',(-3.025,1.7754,0.65));
#13040 = LINE('',#13041,#13042);
#13041 = CARTESIAN_POINT('',(-3.025,1.7754,0.3));
#13042 = VECTOR('',#13043,1.);
#13043 = DIRECTION('',(0.,0.,1.));
#13044 = ORIENTED_EDGE('',*,*,#13045,.T.);
#13045 = EDGE_CURVE('',#13038,#12991,#13046,.T.);
#13046 = LINE('',#13047,#13048);
#13047 = CARTESIAN_POINT('',(-3.025,1.7754,0.65));
#13048 = VECTOR('',#13049,1.);
#13049 = DIRECTION('',(0.,-1.,0.));
#13050 = ORIENTED_EDGE('',*,*,#12998,.T.);
#13051 = ORIENTED_EDGE('',*,*,#10055,.T.);
#13052 = ORIENTED_EDGE('',*,*,#13053,.T.);
#13053 = EDGE_CURVE('',#10048,#13054,#13056,.T.);
#13054 = VERTEX_POINT('',#13055);
#13055 = CARTESIAN_POINT('',(-3.025,1.08,0.195));
#13056 = LINE('',#13057,#13058);
#13057 = CARTESIAN_POINT('',(-3.025,1.08,1.036141805844));
#13058 = VECTOR('',#13059,1.);
#13059 = DIRECTION('',(-9.245679891946E-32,-2.22044604925E-16,-1.));
#13060 = ORIENTED_EDGE('',*,*,#13061,.T.);
#13061 = EDGE_CURVE('',#13054,#10160,#13062,.T.);
#13062 = LINE('',#13063,#13064);
#13063 = CARTESIAN_POINT('',(-3.025,0.546465540115,0.195));
#13064 = VECTOR('',#13065,1.);
#13065 = DIRECTION('',(-9.003329844341E-33,-1.,2.22044604925E-16));
#13066 = ORIENTED_EDGE('',*,*,#10159,.T.);
#13067 = PLANE('',#13068);
#13068 = AXIS2_PLACEMENT_3D('',#13069,#13070,#13071);
#13069 = CARTESIAN_POINT('',(-3.025,1.293108022955E-02,1.127283611688));
#13070 = DIRECTION('',(1.,-9.003329844341E-33,-9.245679891946E-32));
#13071 = DIRECTION('',(9.245679891946E-32,0.,1.));
#13072 = ADVANCED_FACE('',(#13073),#13091,.T.);
#13073 = FACE_BOUND('',#13074,.T.);
#13074 = EDGE_LOOP('',(#13075,#13076,#13077,#13085));
#13075 = ORIENTED_EDGE('',*,*,#13053,.F.);
#13076 = ORIENTED_EDGE('',*,*,#10047,.T.);
#13077 = ORIENTED_EDGE('',*,*,#13078,.T.);
#13078 = EDGE_CURVE('',#10040,#13079,#13081,.T.);
#13079 = VERTEX_POINT('',#13080);
#13080 = CARTESIAN_POINT('',(-1.975,1.08,0.195));
#13081 = LINE('',#13082,#13083);
#13082 = CARTESIAN_POINT('',(-1.975,1.08,1.036141805844));
#13083 = VECTOR('',#13084,1.);
#13084 = DIRECTION('',(-9.245679891946E-32,-2.22044604925E-16,-1.));
#13085 = ORIENTED_EDGE('',*,*,#13086,.F.);
#13086 = EDGE_CURVE('',#13054,#13079,#13087,.T.);
#13087 = LINE('',#13088,#13089);
#13088 = CARTESIAN_POINT('',(-5.375,1.08,0.195));
#13089 = VECTOR('',#13090,1.);
#13090 = DIRECTION('',(1.,0.,0.));
#13091 = PLANE('',#13092);
#13092 = AXIS2_PLACEMENT_3D('',#13093,#13094,#13095);
#13093 = CARTESIAN_POINT('',(-5.375,1.08,0.945));
#13094 = DIRECTION('',(0.,1.,-2.22044604925E-16));
#13095 = DIRECTION('',(0.,-2.22044604925E-16,-1.));
#13096 = ADVANCED_FACE('',(#13097),#13154,.F.);
#13097 = FACE_BOUND('',#13098,.F.);
#13098 = EDGE_LOOP('',(#13099,#13107,#13115,#13123,#13131,#13139,#13145,
    #13146,#13147,#13153));
#13099 = ORIENTED_EDGE('',*,*,#13100,.T.);
#13100 = EDGE_CURVE('',#10176,#13101,#13103,.T.);
#13101 = VERTEX_POINT('',#13102);
#13102 = CARTESIAN_POINT('',(-1.975,2.4754,0.));
#13103 = LINE('',#13104,#13105);
#13104 = CARTESIAN_POINT('',(-1.975,0.7054,-4.000000000001E-04));
#13105 = VECTOR('',#13106,1.);
#13106 = DIRECTION('',(0.,0.999999974465,2.259886947942E-04));
#13107 = ORIENTED_EDGE('',*,*,#13108,.T.);
#13108 = EDGE_CURVE('',#13101,#13109,#13111,.T.);
#13109 = VERTEX_POINT('',#13110);
#13110 = CARTESIAN_POINT('',(-1.975,2.4754,0.3));
#13111 = LINE('',#13112,#13113);
#13112 = CARTESIAN_POINT('',(-1.975,2.4754,0.));
#13113 = VECTOR('',#13114,1.);
#13114 = DIRECTION('',(0.,0.,1.));
#13115 = ORIENTED_EDGE('',*,*,#13116,.T.);
#13116 = EDGE_CURVE('',#13109,#13117,#13119,.T.);
#13117 = VERTEX_POINT('',#13118);
#13118 = CARTESIAN_POINT('',(-1.975,1.7754,0.3));
#13119 = LINE('',#13120,#13121);
#13120 = CARTESIAN_POINT('',(-1.975,2.4754,0.3));
#13121 = VECTOR('',#13122,1.);
#13122 = DIRECTION('',(0.,-1.,0.));
#13123 = ORIENTED_EDGE('',*,*,#13124,.T.);
#13124 = EDGE_CURVE('',#13117,#13125,#13127,.T.);
#13125 = VERTEX_POINT('',#13126);
#13126 = CARTESIAN_POINT('',(-1.975,1.7754,0.65));
#13127 = LINE('',#13128,#13129);
#13128 = CARTESIAN_POINT('',(-1.975,1.7754,0.3));
#13129 = VECTOR('',#13130,1.);
#13130 = DIRECTION('',(0.,0.,1.));
#13131 = ORIENTED_EDGE('',*,*,#13132,.T.);
#13132 = EDGE_CURVE('',#13125,#13133,#13135,.T.);
#13133 = VERTEX_POINT('',#13134);
#13134 = CARTESIAN_POINT('',(-1.975,1.1054,0.65));
#13135 = LINE('',#13136,#13137);
#13136 = CARTESIAN_POINT('',(-1.975,1.7754,0.65));
#13137 = VECTOR('',#13138,1.);
#13138 = DIRECTION('',(0.,-1.,0.));
#13139 = ORIENTED_EDGE('',*,*,#13140,.T.);
#13140 = EDGE_CURVE('',#13133,#10032,#13141,.T.);
#13141 = LINE('',#13142,#13143);
#13142 = CARTESIAN_POINT('',(-1.975,1.1054,0.65));
#13143 = VECTOR('',#13144,1.);
#13144 = DIRECTION('',(0.,0.,1.));
#13145 = ORIENTED_EDGE('',*,*,#10039,.T.);
#13146 = ORIENTED_EDGE('',*,*,#13078,.T.);
#13147 = ORIENTED_EDGE('',*,*,#13148,.T.);
#13148 = EDGE_CURVE('',#13079,#10168,#13149,.T.);
#13149 = LINE('',#13150,#13151);
#13150 = CARTESIAN_POINT('',(-1.975,0.546465540115,0.195));
#13151 = VECTOR('',#13152,1.);
#13152 = DIRECTION('',(-9.003329844341E-33,-1.,2.22044604925E-16));
#13153 = ORIENTED_EDGE('',*,*,#10175,.T.);
#13154 = PLANE('',#13155);
#13155 = AXIS2_PLACEMENT_3D('',#13156,#13157,#13158);
#13156 = CARTESIAN_POINT('',(-1.975,1.293108022955E-02,1.127283611688));
#13157 = DIRECTION('',(1.,-9.003329844341E-33,-9.245679891946E-32));
#13158 = DIRECTION('',(9.245679891946E-32,0.,1.));
#13159 = ADVANCED_FACE('',(#13160),#13178,.F.);
#13160 = FACE_BOUND('',#13161,.F.);
#13161 = EDGE_LOOP('',(#13162,#13163,#13171,#13177));
#13162 = ORIENTED_EDGE('',*,*,#13140,.F.);
#13163 = ORIENTED_EDGE('',*,*,#13164,.T.);
#13164 = EDGE_CURVE('',#13133,#13165,#13167,.T.);
#13165 = VERTEX_POINT('',#13166);
#13166 = CARTESIAN_POINT('',(-1.775,1.1054,0.65));
#13167 = LINE('',#13168,#13169);
#13168 = CARTESIAN_POINT('',(-1.975,1.1054,0.65));
#13169 = VECTOR('',#13170,1.);
#13170 = DIRECTION('',(1.,0.,0.));
#13171 = ORIENTED_EDGE('',*,*,#13172,.T.);
#13172 = EDGE_CURVE('',#13165,#10024,#13173,.T.);
#13173 = LINE('',#13174,#13175);
#13174 = CARTESIAN_POINT('',(-1.775,1.1054,0.65));
#13175 = VECTOR('',#13176,1.);
#13176 = DIRECTION('',(0.,0.,1.));
#13177 = ORIENTED_EDGE('',*,*,#10031,.T.);
#13178 = PLANE('',#13179);
#13179 = AXIS2_PLACEMENT_3D('',#13180,#13181,#13182);
#13180 = CARTESIAN_POINT('',(-1.975,1.1054,0.65));
#13181 = DIRECTION('',(0.,-1.,0.));
#13182 = DIRECTION('',(0.,0.,1.));
#13183 = ADVANCED_FACE('',(#13184),#13241,.T.);
#13184 = FACE_BOUND('',#13185,.T.);
#13185 = EDGE_LOOP('',(#13186,#13194,#13202,#13210,#13218,#13224,#13225,
    #13226,#13234,#13240));
#13186 = ORIENTED_EDGE('',*,*,#13187,.T.);
#13187 = EDGE_CURVE('',#10184,#13188,#13190,.T.);
#13188 = VERTEX_POINT('',#13189);
#13189 = CARTESIAN_POINT('',(-1.775,2.4754,0.));
#13190 = LINE('',#13191,#13192);
#13191 = CARTESIAN_POINT('',(-1.775,0.7054,-4.000000000001E-04));
#13192 = VECTOR('',#13193,1.);
#13193 = DIRECTION('',(0.,0.999999974465,2.259886947942E-04));
#13194 = ORIENTED_EDGE('',*,*,#13195,.T.);
#13195 = EDGE_CURVE('',#13188,#13196,#13198,.T.);
#13196 = VERTEX_POINT('',#13197);
#13197 = CARTESIAN_POINT('',(-1.775,2.4754,0.3));
#13198 = LINE('',#13199,#13200);
#13199 = CARTESIAN_POINT('',(-1.775,2.4754,0.));
#13200 = VECTOR('',#13201,1.);
#13201 = DIRECTION('',(0.,0.,1.));
#13202 = ORIENTED_EDGE('',*,*,#13203,.T.);
#13203 = EDGE_CURVE('',#13196,#13204,#13206,.T.);
#13204 = VERTEX_POINT('',#13205);
#13205 = CARTESIAN_POINT('',(-1.775,1.7754,0.3));
#13206 = LINE('',#13207,#13208);
#13207 = CARTESIAN_POINT('',(-1.775,2.4754,0.3));
#13208 = VECTOR('',#13209,1.);
#13209 = DIRECTION('',(0.,-1.,0.));
#13210 = ORIENTED_EDGE('',*,*,#13211,.T.);
#13211 = EDGE_CURVE('',#13204,#13212,#13214,.T.);
#13212 = VERTEX_POINT('',#13213);
#13213 = CARTESIAN_POINT('',(-1.775,1.7754,0.65));
#13214 = LINE('',#13215,#13216);
#13215 = CARTESIAN_POINT('',(-1.775,1.7754,0.3));
#13216 = VECTOR('',#13217,1.);
#13217 = DIRECTION('',(0.,0.,1.));
#13218 = ORIENTED_EDGE('',*,*,#13219,.T.);
#13219 = EDGE_CURVE('',#13212,#13165,#13220,.T.);
#13220 = LINE('',#13221,#13222);
#13221 = CARTESIAN_POINT('',(-1.775,1.7754,0.65));
#13222 = VECTOR('',#13223,1.);
#13223 = DIRECTION('',(0.,-1.,0.));
#13224 = ORIENTED_EDGE('',*,*,#13172,.T.);
#13225 = ORIENTED_EDGE('',*,*,#10023,.T.);
#13226 = ORIENTED_EDGE('',*,*,#13227,.T.);
#13227 = EDGE_CURVE('',#10016,#13228,#13230,.T.);
#13228 = VERTEX_POINT('',#13229);
#13229 = CARTESIAN_POINT('',(-1.775,1.08,0.195));
#13230 = LINE('',#13231,#13232);
#13231 = CARTESIAN_POINT('',(-1.775,1.08,1.036141805844));
#13232 = VECTOR('',#13233,1.);
#13233 = DIRECTION('',(-9.245679891946E-32,-2.22044604925E-16,-1.));
#13234 = ORIENTED_EDGE('',*,*,#13235,.T.);
#13235 = EDGE_CURVE('',#13228,#10192,#13236,.T.);
#13236 = LINE('',#13237,#13238);
#13237 = CARTESIAN_POINT('',(-1.775,0.546465540115,0.195));
#13238 = VECTOR('',#13239,1.);
#13239 = DIRECTION('',(-9.003329844341E-33,-1.,2.22044604925E-16));
#13240 = ORIENTED_EDGE('',*,*,#10191,.T.);
#13241 = PLANE('',#13242);
#13242 = AXIS2_PLACEMENT_3D('',#13243,#13244,#13245);
#13243 = CARTESIAN_POINT('',(-1.775,1.293108022955E-02,1.127283611688));
#13244 = DIRECTION('',(1.,-9.003329844341E-33,-9.245679891946E-32));
#13245 = DIRECTION('',(9.245679891946E-32,0.,1.));
#13246 = ADVANCED_FACE('',(#13247),#13265,.T.);
#13247 = FACE_BOUND('',#13248,.T.);
#13248 = EDGE_LOOP('',(#13249,#13250,#13251,#13259));
#13249 = ORIENTED_EDGE('',*,*,#13227,.F.);
#13250 = ORIENTED_EDGE('',*,*,#10015,.T.);
#13251 = ORIENTED_EDGE('',*,*,#13252,.T.);
#13252 = EDGE_CURVE('',#10008,#13253,#13255,.T.);
#13253 = VERTEX_POINT('',#13254);
#13254 = CARTESIAN_POINT('',(-0.725,1.08,0.195));
#13255 = LINE('',#13256,#13257);
#13256 = CARTESIAN_POINT('',(-0.725,1.08,1.036141805844));
#13257 = VECTOR('',#13258,1.);
#13258 = DIRECTION('',(-9.245679891946E-32,-2.22044604925E-16,-1.));
#13259 = ORIENTED_EDGE('',*,*,#13260,.F.);
#13260 = EDGE_CURVE('',#13228,#13253,#13261,.T.);
#13261 = LINE('',#13262,#13263);
#13262 = CARTESIAN_POINT('',(-5.375,1.08,0.195));
#13263 = VECTOR('',#13264,1.);
#13264 = DIRECTION('',(1.,0.,0.));
#13265 = PLANE('',#13266);
#13266 = AXIS2_PLACEMENT_3D('',#13267,#13268,#13269);
#13267 = CARTESIAN_POINT('',(-5.375,1.08,0.945));
#13268 = DIRECTION('',(0.,1.,-2.22044604925E-16));
#13269 = DIRECTION('',(0.,-2.22044604925E-16,-1.));
#13270 = ADVANCED_FACE('',(#13271),#13328,.F.);
#13271 = FACE_BOUND('',#13272,.F.);
#13272 = EDGE_LOOP('',(#13273,#13281,#13289,#13297,#13305,#13313,#13319,
    #13320,#13321,#13327));
#13273 = ORIENTED_EDGE('',*,*,#13274,.T.);
#13274 = EDGE_CURVE('',#10208,#13275,#13277,.T.);
#13275 = VERTEX_POINT('',#13276);
#13276 = CARTESIAN_POINT('',(-0.725,2.4754,0.));
#13277 = LINE('',#13278,#13279);
#13278 = CARTESIAN_POINT('',(-0.725,0.7054,-4.000000000001E-04));
#13279 = VECTOR('',#13280,1.);
#13280 = DIRECTION('',(0.,0.999999974465,2.259886947942E-04));
#13281 = ORIENTED_EDGE('',*,*,#13282,.T.);
#13282 = EDGE_CURVE('',#13275,#13283,#13285,.T.);
#13283 = VERTEX_POINT('',#13284);
#13284 = CARTESIAN_POINT('',(-0.725,2.4754,0.3));
#13285 = LINE('',#13286,#13287);
#13286 = CARTESIAN_POINT('',(-0.725,2.4754,0.));
#13287 = VECTOR('',#13288,1.);
#13288 = DIRECTION('',(0.,0.,1.));
#13289 = ORIENTED_EDGE('',*,*,#13290,.T.);
#13290 = EDGE_CURVE('',#13283,#13291,#13293,.T.);
#13291 = VERTEX_POINT('',#13292);
#13292 = CARTESIAN_POINT('',(-0.725,1.7754,0.3));
#13293 = LINE('',#13294,#13295);
#13294 = CARTESIAN_POINT('',(-0.725,2.4754,0.3));
#13295 = VECTOR('',#13296,1.);
#13296 = DIRECTION('',(0.,-1.,0.));
#13297 = ORIENTED_EDGE('',*,*,#13298,.T.);
#13298 = EDGE_CURVE('',#13291,#13299,#13301,.T.);
#13299 = VERTEX_POINT('',#13300);
#13300 = CARTESIAN_POINT('',(-0.725,1.7754,0.65));
#13301 = LINE('',#13302,#13303);
#13302 = CARTESIAN_POINT('',(-0.725,1.7754,0.3));
#13303 = VECTOR('',#13304,1.);
#13304 = DIRECTION('',(0.,0.,1.));
#13305 = ORIENTED_EDGE('',*,*,#13306,.T.);
#13306 = EDGE_CURVE('',#13299,#13307,#13309,.T.);
#13307 = VERTEX_POINT('',#13308);
#13308 = CARTESIAN_POINT('',(-0.725,1.1054,0.65));
#13309 = LINE('',#13310,#13311);
#13310 = CARTESIAN_POINT('',(-0.725,1.7754,0.65));
#13311 = VECTOR('',#13312,1.);
#13312 = DIRECTION('',(0.,-1.,0.));
#13313 = ORIENTED_EDGE('',*,*,#13314,.T.);
#13314 = EDGE_CURVE('',#13307,#10000,#13315,.T.);
#13315 = LINE('',#13316,#13317);
#13316 = CARTESIAN_POINT('',(-0.725,1.1054,0.65));
#13317 = VECTOR('',#13318,1.);
#13318 = DIRECTION('',(0.,0.,1.));
#13319 = ORIENTED_EDGE('',*,*,#10007,.T.);
#13320 = ORIENTED_EDGE('',*,*,#13252,.T.);
#13321 = ORIENTED_EDGE('',*,*,#13322,.T.);
#13322 = EDGE_CURVE('',#13253,#10200,#13323,.T.);
#13323 = LINE('',#13324,#13325);
#13324 = CARTESIAN_POINT('',(-0.725,0.546465540115,0.195));
#13325 = VECTOR('',#13326,1.);
#13326 = DIRECTION('',(-9.003329844341E-33,-1.,2.22044604925E-16));
#13327 = ORIENTED_EDGE('',*,*,#10207,.T.);
#13328 = PLANE('',#13329);
#13329 = AXIS2_PLACEMENT_3D('',#13330,#13331,#13332);
#13330 = CARTESIAN_POINT('',(-0.725,1.293108022955E-02,1.127283611688));
#13331 = DIRECTION('',(1.,-9.003329844341E-33,-9.245679891946E-32));
#13332 = DIRECTION('',(9.245679891946E-32,0.,1.));
#13333 = ADVANCED_FACE('',(#13334),#13352,.F.);
#13334 = FACE_BOUND('',#13335,.F.);
#13335 = EDGE_LOOP('',(#13336,#13337,#13345,#13351));
#13336 = ORIENTED_EDGE('',*,*,#13314,.F.);
#13337 = ORIENTED_EDGE('',*,*,#13338,.T.);
#13338 = EDGE_CURVE('',#13307,#13339,#13341,.T.);
#13339 = VERTEX_POINT('',#13340);
#13340 = CARTESIAN_POINT('',(-0.525,1.1054,0.65));
#13341 = LINE('',#13342,#13343);
#13342 = CARTESIAN_POINT('',(-0.725,1.1054,0.65));
#13343 = VECTOR('',#13344,1.);
#13344 = DIRECTION('',(1.,0.,0.));
#13345 = ORIENTED_EDGE('',*,*,#13346,.T.);
#13346 = EDGE_CURVE('',#13339,#9992,#13347,.T.);
#13347 = LINE('',#13348,#13349);
#13348 = CARTESIAN_POINT('',(-0.525,1.1054,0.65));
#13349 = VECTOR('',#13350,1.);
#13350 = DIRECTION('',(0.,0.,1.));
#13351 = ORIENTED_EDGE('',*,*,#9999,.T.);
#13352 = PLANE('',#13353);
#13353 = AXIS2_PLACEMENT_3D('',#13354,#13355,#13356);
#13354 = CARTESIAN_POINT('',(-0.725,1.1054,0.65));
#13355 = DIRECTION('',(0.,-1.,0.));
#13356 = DIRECTION('',(0.,0.,1.));
#13357 = ADVANCED_FACE('',(#13358),#13415,.T.);
#13358 = FACE_BOUND('',#13359,.T.);
#13359 = EDGE_LOOP('',(#13360,#13368,#13376,#13384,#13392,#13398,#13399,
    #13400,#13408,#13414));
#13360 = ORIENTED_EDGE('',*,*,#13361,.T.);
#13361 = EDGE_CURVE('',#10216,#13362,#13364,.T.);
#13362 = VERTEX_POINT('',#13363);
#13363 = CARTESIAN_POINT('',(-0.525,2.4754,0.));
#13364 = LINE('',#13365,#13366);
#13365 = CARTESIAN_POINT('',(-0.525,0.7054,-4.000000000001E-04));
#13366 = VECTOR('',#13367,1.);
#13367 = DIRECTION('',(0.,0.999999974465,2.259886947942E-04));
#13368 = ORIENTED_EDGE('',*,*,#13369,.T.);
#13369 = EDGE_CURVE('',#13362,#13370,#13372,.T.);
#13370 = VERTEX_POINT('',#13371);
#13371 = CARTESIAN_POINT('',(-0.525,2.4754,0.3));
#13372 = LINE('',#13373,#13374);
#13373 = CARTESIAN_POINT('',(-0.525,2.4754,0.));
#13374 = VECTOR('',#13375,1.);
#13375 = DIRECTION('',(0.,0.,1.));
#13376 = ORIENTED_EDGE('',*,*,#13377,.T.);
#13377 = EDGE_CURVE('',#13370,#13378,#13380,.T.);
#13378 = VERTEX_POINT('',#13379);
#13379 = CARTESIAN_POINT('',(-0.525,1.7754,0.3));
#13380 = LINE('',#13381,#13382);
#13381 = CARTESIAN_POINT('',(-0.525,2.4754,0.3));
#13382 = VECTOR('',#13383,1.);
#13383 = DIRECTION('',(0.,-1.,0.));
#13384 = ORIENTED_EDGE('',*,*,#13385,.T.);
#13385 = EDGE_CURVE('',#13378,#13386,#13388,.T.);
#13386 = VERTEX_POINT('',#13387);
#13387 = CARTESIAN_POINT('',(-0.525,1.7754,0.65));
#13388 = LINE('',#13389,#13390);
#13389 = CARTESIAN_POINT('',(-0.525,1.7754,0.3));
#13390 = VECTOR('',#13391,1.);
#13391 = DIRECTION('',(0.,0.,1.));
#13392 = ORIENTED_EDGE('',*,*,#13393,.T.);
#13393 = EDGE_CURVE('',#13386,#13339,#13394,.T.);
#13394 = LINE('',#13395,#13396);
#13395 = CARTESIAN_POINT('',(-0.525,1.7754,0.65));
#13396 = VECTOR('',#13397,1.);
#13397 = DIRECTION('',(0.,-1.,0.));
#13398 = ORIENTED_EDGE('',*,*,#13346,.T.);
#13399 = ORIENTED_EDGE('',*,*,#9991,.T.);
#13400 = ORIENTED_EDGE('',*,*,#13401,.T.);
#13401 = EDGE_CURVE('',#9984,#13402,#13404,.T.);
#13402 = VERTEX_POINT('',#13403);
#13403 = CARTESIAN_POINT('',(-0.525,1.08,0.195));
#13404 = LINE('',#13405,#13406);
#13405 = CARTESIAN_POINT('',(-0.525,1.08,1.036141805844));
#13406 = VECTOR('',#13407,1.);
#13407 = DIRECTION('',(-9.245679891946E-32,-2.22044604925E-16,-1.));
#13408 = ORIENTED_EDGE('',*,*,#13409,.T.);
#13409 = EDGE_CURVE('',#13402,#10224,#13410,.T.);
#13410 = LINE('',#13411,#13412);
#13411 = CARTESIAN_POINT('',(-0.525,0.546465540115,0.195));
#13412 = VECTOR('',#13413,1.);
#13413 = DIRECTION('',(-9.003329844341E-33,-1.,2.22044604925E-16));
#13414 = ORIENTED_EDGE('',*,*,#10223,.T.);
#13415 = PLANE('',#13416);
#13416 = AXIS2_PLACEMENT_3D('',#13417,#13418,#13419);
#13417 = CARTESIAN_POINT('',(-0.525,1.293108022955E-02,1.127283611688));
#13418 = DIRECTION('',(1.,-9.003329844341E-33,-9.245679891946E-32));
#13419 = DIRECTION('',(9.245679891946E-32,0.,1.));
#13420 = ADVANCED_FACE('',(#13421),#13439,.T.);
#13421 = FACE_BOUND('',#13422,.T.);
#13422 = EDGE_LOOP('',(#13423,#13424,#13425,#13433));
#13423 = ORIENTED_EDGE('',*,*,#13401,.F.);
#13424 = ORIENTED_EDGE('',*,*,#9983,.T.);
#13425 = ORIENTED_EDGE('',*,*,#13426,.T.);
#13426 = EDGE_CURVE('',#9976,#13427,#13429,.T.);
#13427 = VERTEX_POINT('',#13428);
#13428 = CARTESIAN_POINT('',(0.525,1.08,0.195));
#13429 = LINE('',#13430,#13431);
#13430 = CARTESIAN_POINT('',(0.525,1.08,1.036141805844));
#13431 = VECTOR('',#13432,1.);
#13432 = DIRECTION('',(-9.245679891946E-32,-2.22044604925E-16,-1.));
#13433 = ORIENTED_EDGE('',*,*,#13434,.F.);
#13434 = EDGE_CURVE('',#13402,#13427,#13435,.T.);
#13435 = LINE('',#13436,#13437);
#13436 = CARTESIAN_POINT('',(-5.375,1.08,0.195));
#13437 = VECTOR('',#13438,1.);
#13438 = DIRECTION('',(1.,0.,0.));
#13439 = PLANE('',#13440);
#13440 = AXIS2_PLACEMENT_3D('',#13441,#13442,#13443);
#13441 = CARTESIAN_POINT('',(-5.375,1.08,0.945));
#13442 = DIRECTION('',(0.,1.,-2.22044604925E-16));
#13443 = DIRECTION('',(0.,-2.22044604925E-16,-1.));
#13444 = ADVANCED_FACE('',(#13445),#13502,.F.);
#13445 = FACE_BOUND('',#13446,.F.);
#13446 = EDGE_LOOP('',(#13447,#13455,#13463,#13471,#13479,#13487,#13493,
    #13494,#13495,#13501));
#13447 = ORIENTED_EDGE('',*,*,#13448,.T.);
#13448 = EDGE_CURVE('',#10240,#13449,#13451,.T.);
#13449 = VERTEX_POINT('',#13450);
#13450 = CARTESIAN_POINT('',(0.525,2.4754,0.));
#13451 = LINE('',#13452,#13453);
#13452 = CARTESIAN_POINT('',(0.525,0.7054,-4.000000000001E-04));
#13453 = VECTOR('',#13454,1.);
#13454 = DIRECTION('',(0.,0.999999974465,2.259886947942E-04));
#13455 = ORIENTED_EDGE('',*,*,#13456,.T.);
#13456 = EDGE_CURVE('',#13449,#13457,#13459,.T.);
#13457 = VERTEX_POINT('',#13458);
#13458 = CARTESIAN_POINT('',(0.525,2.4754,0.3));
#13459 = LINE('',#13460,#13461);
#13460 = CARTESIAN_POINT('',(0.525,2.4754,0.));
#13461 = VECTOR('',#13462,1.);
#13462 = DIRECTION('',(0.,0.,1.));
#13463 = ORIENTED_EDGE('',*,*,#13464,.T.);
#13464 = EDGE_CURVE('',#13457,#13465,#13467,.T.);
#13465 = VERTEX_POINT('',#13466);
#13466 = CARTESIAN_POINT('',(0.525,1.7754,0.3));
#13467 = LINE('',#13468,#13469);
#13468 = CARTESIAN_POINT('',(0.525,2.4754,0.3));
#13469 = VECTOR('',#13470,1.);
#13470 = DIRECTION('',(0.,-1.,0.));
#13471 = ORIENTED_EDGE('',*,*,#13472,.T.);
#13472 = EDGE_CURVE('',#13465,#13473,#13475,.T.);
#13473 = VERTEX_POINT('',#13474);
#13474 = CARTESIAN_POINT('',(0.525,1.7754,0.65));
#13475 = LINE('',#13476,#13477);
#13476 = CARTESIAN_POINT('',(0.525,1.7754,0.3));
#13477 = VECTOR('',#13478,1.);
#13478 = DIRECTION('',(0.,0.,1.));
#13479 = ORIENTED_EDGE('',*,*,#13480,.T.);
#13480 = EDGE_CURVE('',#13473,#13481,#13483,.T.);
#13481 = VERTEX_POINT('',#13482);
#13482 = CARTESIAN_POINT('',(0.525,1.1054,0.65));
#13483 = LINE('',#13484,#13485);
#13484 = CARTESIAN_POINT('',(0.525,1.7754,0.65));
#13485 = VECTOR('',#13486,1.);
#13486 = DIRECTION('',(0.,-1.,0.));
#13487 = ORIENTED_EDGE('',*,*,#13488,.T.);
#13488 = EDGE_CURVE('',#13481,#9968,#13489,.T.);
#13489 = LINE('',#13490,#13491);
#13490 = CARTESIAN_POINT('',(0.525,1.1054,0.65));
#13491 = VECTOR('',#13492,1.);
#13492 = DIRECTION('',(0.,0.,1.));
#13493 = ORIENTED_EDGE('',*,*,#9975,.T.);
#13494 = ORIENTED_EDGE('',*,*,#13426,.T.);
#13495 = ORIENTED_EDGE('',*,*,#13496,.T.);
#13496 = EDGE_CURVE('',#13427,#10232,#13497,.T.);
#13497 = LINE('',#13498,#13499);
#13498 = CARTESIAN_POINT('',(0.525,0.546465540115,0.195));
#13499 = VECTOR('',#13500,1.);
#13500 = DIRECTION('',(-9.003329844341E-33,-1.,2.22044604925E-16));
#13501 = ORIENTED_EDGE('',*,*,#10239,.T.);
#13502 = PLANE('',#13503);
#13503 = AXIS2_PLACEMENT_3D('',#13504,#13505,#13506);
#13504 = CARTESIAN_POINT('',(0.525,1.293108022955E-02,1.127283611688));
#13505 = DIRECTION('',(1.,-9.003329844341E-33,-9.245679891946E-32));
#13506 = DIRECTION('',(9.245679891946E-32,0.,1.));
#13507 = ADVANCED_FACE('',(#13508),#13526,.F.);
#13508 = FACE_BOUND('',#13509,.F.);
#13509 = EDGE_LOOP('',(#13510,#13511,#13519,#13525));
#13510 = ORIENTED_EDGE('',*,*,#13488,.F.);
#13511 = ORIENTED_EDGE('',*,*,#13512,.T.);
#13512 = EDGE_CURVE('',#13481,#13513,#13515,.T.);
#13513 = VERTEX_POINT('',#13514);
#13514 = CARTESIAN_POINT('',(0.725,1.1054,0.65));
#13515 = LINE('',#13516,#13517);
#13516 = CARTESIAN_POINT('',(0.525,1.1054,0.65));
#13517 = VECTOR('',#13518,1.);
#13518 = DIRECTION('',(1.,0.,0.));
#13519 = ORIENTED_EDGE('',*,*,#13520,.T.);
#13520 = EDGE_CURVE('',#13513,#9960,#13521,.T.);
#13521 = LINE('',#13522,#13523);
#13522 = CARTESIAN_POINT('',(0.725,1.1054,0.65));
#13523 = VECTOR('',#13524,1.);
#13524 = DIRECTION('',(0.,0.,1.));
#13525 = ORIENTED_EDGE('',*,*,#9967,.T.);
#13526 = PLANE('',#13527);
#13527 = AXIS2_PLACEMENT_3D('',#13528,#13529,#13530);
#13528 = CARTESIAN_POINT('',(0.525,1.1054,0.65));
#13529 = DIRECTION('',(0.,-1.,0.));
#13530 = DIRECTION('',(0.,0.,1.));
#13531 = ADVANCED_FACE('',(#13532),#13589,.T.);
#13532 = FACE_BOUND('',#13533,.T.);
#13533 = EDGE_LOOP('',(#13534,#13542,#13550,#13558,#13566,#13572,#13573,
    #13574,#13582,#13588));
#13534 = ORIENTED_EDGE('',*,*,#13535,.T.);
#13535 = EDGE_CURVE('',#10248,#13536,#13538,.T.);
#13536 = VERTEX_POINT('',#13537);
#13537 = CARTESIAN_POINT('',(0.725,2.4754,0.));
#13538 = LINE('',#13539,#13540);
#13539 = CARTESIAN_POINT('',(0.725,0.7054,-4.000000000001E-04));
#13540 = VECTOR('',#13541,1.);
#13541 = DIRECTION('',(0.,0.999999974465,2.259886947942E-04));
#13542 = ORIENTED_EDGE('',*,*,#13543,.T.);
#13543 = EDGE_CURVE('',#13536,#13544,#13546,.T.);
#13544 = VERTEX_POINT('',#13545);
#13545 = CARTESIAN_POINT('',(0.725,2.4754,0.3));
#13546 = LINE('',#13547,#13548);
#13547 = CARTESIAN_POINT('',(0.725,2.4754,0.));
#13548 = VECTOR('',#13549,1.);
#13549 = DIRECTION('',(0.,0.,1.));
#13550 = ORIENTED_EDGE('',*,*,#13551,.T.);
#13551 = EDGE_CURVE('',#13544,#13552,#13554,.T.);
#13552 = VERTEX_POINT('',#13553);
#13553 = CARTESIAN_POINT('',(0.725,1.7754,0.3));
#13554 = LINE('',#13555,#13556);
#13555 = CARTESIAN_POINT('',(0.725,2.4754,0.3));
#13556 = VECTOR('',#13557,1.);
#13557 = DIRECTION('',(0.,-1.,0.));
#13558 = ORIENTED_EDGE('',*,*,#13559,.T.);
#13559 = EDGE_CURVE('',#13552,#13560,#13562,.T.);
#13560 = VERTEX_POINT('',#13561);
#13561 = CARTESIAN_POINT('',(0.725,1.7754,0.65));
#13562 = LINE('',#13563,#13564);
#13563 = CARTESIAN_POINT('',(0.725,1.7754,0.3));
#13564 = VECTOR('',#13565,1.);
#13565 = DIRECTION('',(0.,0.,1.));
#13566 = ORIENTED_EDGE('',*,*,#13567,.T.);
#13567 = EDGE_CURVE('',#13560,#13513,#13568,.T.);
#13568 = LINE('',#13569,#13570);
#13569 = CARTESIAN_POINT('',(0.725,1.7754,0.65));
#13570 = VECTOR('',#13571,1.);
#13571 = DIRECTION('',(0.,-1.,0.));
#13572 = ORIENTED_EDGE('',*,*,#13520,.T.);
#13573 = ORIENTED_EDGE('',*,*,#9959,.T.);
#13574 = ORIENTED_EDGE('',*,*,#13575,.T.);
#13575 = EDGE_CURVE('',#9952,#13576,#13578,.T.);
#13576 = VERTEX_POINT('',#13577);
#13577 = CARTESIAN_POINT('',(0.725,1.08,0.195));
#13578 = LINE('',#13579,#13580);
#13579 = CARTESIAN_POINT('',(0.725,1.08,1.036141805844));
#13580 = VECTOR('',#13581,1.);
#13581 = DIRECTION('',(-9.245679891946E-32,-2.22044604925E-16,-1.));
#13582 = ORIENTED_EDGE('',*,*,#13583,.T.);
#13583 = EDGE_CURVE('',#13576,#10256,#13584,.T.);
#13584 = LINE('',#13585,#13586);
#13585 = CARTESIAN_POINT('',(0.725,0.546465540115,0.195));
#13586 = VECTOR('',#13587,1.);
#13587 = DIRECTION('',(-9.003329844341E-33,-1.,2.22044604925E-16));
#13588 = ORIENTED_EDGE('',*,*,#10255,.T.);
#13589 = PLANE('',#13590);
#13590 = AXIS2_PLACEMENT_3D('',#13591,#13592,#13593);
#13591 = CARTESIAN_POINT('',(0.725,1.293108022955E-02,1.127283611688));
#13592 = DIRECTION('',(1.,-9.003329844341E-33,-9.245679891946E-32));
#13593 = DIRECTION('',(9.245679891946E-32,0.,1.));
#13594 = ADVANCED_FACE('',(#13595),#13613,.T.);
#13595 = FACE_BOUND('',#13596,.T.);
#13596 = EDGE_LOOP('',(#13597,#13598,#13599,#13607));
#13597 = ORIENTED_EDGE('',*,*,#13575,.F.);
#13598 = ORIENTED_EDGE('',*,*,#9951,.T.);
#13599 = ORIENTED_EDGE('',*,*,#13600,.T.);
#13600 = EDGE_CURVE('',#9944,#13601,#13603,.T.);
#13601 = VERTEX_POINT('',#13602);
#13602 = CARTESIAN_POINT('',(1.775,1.08,0.195));
#13603 = LINE('',#13604,#13605);
#13604 = CARTESIAN_POINT('',(1.775,1.08,1.036141805844));
#13605 = VECTOR('',#13606,1.);
#13606 = DIRECTION('',(-9.245679891946E-32,-2.22044604925E-16,-1.));
#13607 = ORIENTED_EDGE('',*,*,#13608,.F.);
#13608 = EDGE_CURVE('',#13576,#13601,#13609,.T.);
#13609 = LINE('',#13610,#13611);
#13610 = CARTESIAN_POINT('',(-5.375,1.08,0.195));
#13611 = VECTOR('',#13612,1.);
#13612 = DIRECTION('',(1.,0.,0.));
#13613 = PLANE('',#13614);
#13614 = AXIS2_PLACEMENT_3D('',#13615,#13616,#13617);
#13615 = CARTESIAN_POINT('',(-5.375,1.08,0.945));
#13616 = DIRECTION('',(0.,1.,-2.22044604925E-16));
#13617 = DIRECTION('',(0.,-2.22044604925E-16,-1.));
#13618 = ADVANCED_FACE('',(#13619),#13676,.F.);
#13619 = FACE_BOUND('',#13620,.F.);
#13620 = EDGE_LOOP('',(#13621,#13629,#13637,#13645,#13653,#13661,#13667,
    #13668,#13669,#13675));
#13621 = ORIENTED_EDGE('',*,*,#13622,.T.);
#13622 = EDGE_CURVE('',#10272,#13623,#13625,.T.);
#13623 = VERTEX_POINT('',#13624);
#13624 = CARTESIAN_POINT('',(1.775,2.4754,0.));
#13625 = LINE('',#13626,#13627);
#13626 = CARTESIAN_POINT('',(1.775,0.7054,-4.000000000001E-04));
#13627 = VECTOR('',#13628,1.);
#13628 = DIRECTION('',(0.,0.999999974465,2.259886947942E-04));
#13629 = ORIENTED_EDGE('',*,*,#13630,.T.);
#13630 = EDGE_CURVE('',#13623,#13631,#13633,.T.);
#13631 = VERTEX_POINT('',#13632);
#13632 = CARTESIAN_POINT('',(1.775,2.4754,0.3));
#13633 = LINE('',#13634,#13635);
#13634 = CARTESIAN_POINT('',(1.775,2.4754,0.));
#13635 = VECTOR('',#13636,1.);
#13636 = DIRECTION('',(0.,0.,1.));
#13637 = ORIENTED_EDGE('',*,*,#13638,.T.);
#13638 = EDGE_CURVE('',#13631,#13639,#13641,.T.);
#13639 = VERTEX_POINT('',#13640);
#13640 = CARTESIAN_POINT('',(1.775,1.7754,0.3));
#13641 = LINE('',#13642,#13643);
#13642 = CARTESIAN_POINT('',(1.775,2.4754,0.3));
#13643 = VECTOR('',#13644,1.);
#13644 = DIRECTION('',(0.,-1.,0.));
#13645 = ORIENTED_EDGE('',*,*,#13646,.T.);
#13646 = EDGE_CURVE('',#13639,#13647,#13649,.T.);
#13647 = VERTEX_POINT('',#13648);
#13648 = CARTESIAN_POINT('',(1.775,1.7754,0.65));
#13649 = LINE('',#13650,#13651);
#13650 = CARTESIAN_POINT('',(1.775,1.7754,0.3));
#13651 = VECTOR('',#13652,1.);
#13652 = DIRECTION('',(0.,0.,1.));
#13653 = ORIENTED_EDGE('',*,*,#13654,.T.);
#13654 = EDGE_CURVE('',#13647,#13655,#13657,.T.);
#13655 = VERTEX_POINT('',#13656);
#13656 = CARTESIAN_POINT('',(1.775,1.1054,0.65));
#13657 = LINE('',#13658,#13659);
#13658 = CARTESIAN_POINT('',(1.775,1.7754,0.65));
#13659 = VECTOR('',#13660,1.);
#13660 = DIRECTION('',(0.,-1.,0.));
#13661 = ORIENTED_EDGE('',*,*,#13662,.T.);
#13662 = EDGE_CURVE('',#13655,#9936,#13663,.T.);
#13663 = LINE('',#13664,#13665);
#13664 = CARTESIAN_POINT('',(1.775,1.1054,0.65));
#13665 = VECTOR('',#13666,1.);
#13666 = DIRECTION('',(0.,0.,1.));
#13667 = ORIENTED_EDGE('',*,*,#9943,.T.);
#13668 = ORIENTED_EDGE('',*,*,#13600,.T.);
#13669 = ORIENTED_EDGE('',*,*,#13670,.T.);
#13670 = EDGE_CURVE('',#13601,#10264,#13671,.T.);
#13671 = LINE('',#13672,#13673);
#13672 = CARTESIAN_POINT('',(1.775,0.546465540115,0.195));
#13673 = VECTOR('',#13674,1.);
#13674 = DIRECTION('',(-9.003329844341E-33,-1.,2.22044604925E-16));
#13675 = ORIENTED_EDGE('',*,*,#10271,.T.);
#13676 = PLANE('',#13677);
#13677 = AXIS2_PLACEMENT_3D('',#13678,#13679,#13680);
#13678 = CARTESIAN_POINT('',(1.775,1.293108022955E-02,1.127283611688));
#13679 = DIRECTION('',(1.,-9.003329844341E-33,-9.245679891946E-32));
#13680 = DIRECTION('',(9.245679891946E-32,0.,1.));
#13681 = ADVANCED_FACE('',(#13682),#13700,.F.);
#13682 = FACE_BOUND('',#13683,.F.);
#13683 = EDGE_LOOP('',(#13684,#13685,#13693,#13699));
#13684 = ORIENTED_EDGE('',*,*,#13662,.F.);
#13685 = ORIENTED_EDGE('',*,*,#13686,.T.);
#13686 = EDGE_CURVE('',#13655,#13687,#13689,.T.);
#13687 = VERTEX_POINT('',#13688);
#13688 = CARTESIAN_POINT('',(1.975,1.1054,0.65));
#13689 = LINE('',#13690,#13691);
#13690 = CARTESIAN_POINT('',(1.775,1.1054,0.65));
#13691 = VECTOR('',#13692,1.);
#13692 = DIRECTION('',(1.,0.,0.));
#13693 = ORIENTED_EDGE('',*,*,#13694,.T.);
#13694 = EDGE_CURVE('',#13687,#9928,#13695,.T.);
#13695 = LINE('',#13696,#13697);
#13696 = CARTESIAN_POINT('',(1.975,1.1054,0.65));
#13697 = VECTOR('',#13698,1.);
#13698 = DIRECTION('',(0.,0.,1.));
#13699 = ORIENTED_EDGE('',*,*,#9935,.T.);
#13700 = PLANE('',#13701);
#13701 = AXIS2_PLACEMENT_3D('',#13702,#13703,#13704);
#13702 = CARTESIAN_POINT('',(1.775,1.1054,0.65));
#13703 = DIRECTION('',(0.,-1.,0.));
#13704 = DIRECTION('',(0.,0.,1.));
#13705 = ADVANCED_FACE('',(#13706),#13763,.T.);
#13706 = FACE_BOUND('',#13707,.T.);
#13707 = EDGE_LOOP('',(#13708,#13716,#13724,#13732,#13740,#13746,#13747,
    #13748,#13756,#13762));
#13708 = ORIENTED_EDGE('',*,*,#13709,.T.);
#13709 = EDGE_CURVE('',#10280,#13710,#13712,.T.);
#13710 = VERTEX_POINT('',#13711);
#13711 = CARTESIAN_POINT('',(1.975,2.4754,0.));
#13712 = LINE('',#13713,#13714);
#13713 = CARTESIAN_POINT('',(1.975,0.7054,-4.000000000001E-04));
#13714 = VECTOR('',#13715,1.);
#13715 = DIRECTION('',(0.,0.999999974465,2.259886947942E-04));
#13716 = ORIENTED_EDGE('',*,*,#13717,.T.);
#13717 = EDGE_CURVE('',#13710,#13718,#13720,.T.);
#13718 = VERTEX_POINT('',#13719);
#13719 = CARTESIAN_POINT('',(1.975,2.4754,0.3));
#13720 = LINE('',#13721,#13722);
#13721 = CARTESIAN_POINT('',(1.975,2.4754,0.));
#13722 = VECTOR('',#13723,1.);
#13723 = DIRECTION('',(0.,0.,1.));
#13724 = ORIENTED_EDGE('',*,*,#13725,.T.);
#13725 = EDGE_CURVE('',#13718,#13726,#13728,.T.);
#13726 = VERTEX_POINT('',#13727);
#13727 = CARTESIAN_POINT('',(1.975,1.7754,0.3));
#13728 = LINE('',#13729,#13730);
#13729 = CARTESIAN_POINT('',(1.975,2.4754,0.3));
#13730 = VECTOR('',#13731,1.);
#13731 = DIRECTION('',(0.,-1.,0.));
#13732 = ORIENTED_EDGE('',*,*,#13733,.T.);
#13733 = EDGE_CURVE('',#13726,#13734,#13736,.T.);
#13734 = VERTEX_POINT('',#13735);
#13735 = CARTESIAN_POINT('',(1.975,1.7754,0.65));
#13736 = LINE('',#13737,#13738);
#13737 = CARTESIAN_POINT('',(1.975,1.7754,0.3));
#13738 = VECTOR('',#13739,1.);
#13739 = DIRECTION('',(0.,0.,1.));
#13740 = ORIENTED_EDGE('',*,*,#13741,.T.);
#13741 = EDGE_CURVE('',#13734,#13687,#13742,.T.);
#13742 = LINE('',#13743,#13744);
#13743 = CARTESIAN_POINT('',(1.975,1.7754,0.65));
#13744 = VECTOR('',#13745,1.);
#13745 = DIRECTION('',(0.,-1.,0.));
#13746 = ORIENTED_EDGE('',*,*,#13694,.T.);
#13747 = ORIENTED_EDGE('',*,*,#9927,.T.);
#13748 = ORIENTED_EDGE('',*,*,#13749,.T.);
#13749 = EDGE_CURVE('',#9920,#13750,#13752,.T.);
#13750 = VERTEX_POINT('',#13751);
#13751 = CARTESIAN_POINT('',(1.975,1.08,0.195));
#13752 = LINE('',#13753,#13754);
#13753 = CARTESIAN_POINT('',(1.975,1.08,1.036141805844));
#13754 = VECTOR('',#13755,1.);
#13755 = DIRECTION('',(-9.245679891946E-32,-2.22044604925E-16,-1.));
#13756 = ORIENTED_EDGE('',*,*,#13757,.T.);
#13757 = EDGE_CURVE('',#13750,#10288,#13758,.T.);
#13758 = LINE('',#13759,#13760);
#13759 = CARTESIAN_POINT('',(1.975,0.546465540115,0.195));
#13760 = VECTOR('',#13761,1.);
#13761 = DIRECTION('',(-9.003329844341E-33,-1.,2.22044604925E-16));
#13762 = ORIENTED_EDGE('',*,*,#10287,.T.);
#13763 = PLANE('',#13764);
#13764 = AXIS2_PLACEMENT_3D('',#13765,#13766,#13767);
#13765 = CARTESIAN_POINT('',(1.975,1.293108022955E-02,1.127283611688));
#13766 = DIRECTION('',(1.,-9.003329844341E-33,-9.245679891946E-32));
#13767 = DIRECTION('',(9.245679891946E-32,0.,1.));
#13768 = ADVANCED_FACE('',(#13769),#13787,.T.);
#13769 = FACE_BOUND('',#13770,.T.);
#13770 = EDGE_LOOP('',(#13771,#13772,#13773,#13781));
#13771 = ORIENTED_EDGE('',*,*,#13749,.F.);
#13772 = ORIENTED_EDGE('',*,*,#9919,.T.);
#13773 = ORIENTED_EDGE('',*,*,#13774,.T.);
#13774 = EDGE_CURVE('',#9912,#13775,#13777,.T.);
#13775 = VERTEX_POINT('',#13776);
#13776 = CARTESIAN_POINT('',(3.025,1.08,0.195));
#13777 = LINE('',#13778,#13779);
#13778 = CARTESIAN_POINT('',(3.025,1.08,1.036141805844));
#13779 = VECTOR('',#13780,1.);
#13780 = DIRECTION('',(-9.245679891946E-32,-2.22044604925E-16,-1.));
#13781 = ORIENTED_EDGE('',*,*,#13782,.F.);
#13782 = EDGE_CURVE('',#13750,#13775,#13783,.T.);
#13783 = LINE('',#13784,#13785);
#13784 = CARTESIAN_POINT('',(-5.375,1.08,0.195));
#13785 = VECTOR('',#13786,1.);
#13786 = DIRECTION('',(1.,0.,0.));
#13787 = PLANE('',#13788);
#13788 = AXIS2_PLACEMENT_3D('',#13789,#13790,#13791);
#13789 = CARTESIAN_POINT('',(-5.375,1.08,0.945));
#13790 = DIRECTION('',(0.,1.,-2.22044604925E-16));
#13791 = DIRECTION('',(0.,-2.22044604925E-16,-1.));
#13792 = ADVANCED_FACE('',(#13793),#13850,.F.);
#13793 = FACE_BOUND('',#13794,.F.);
#13794 = EDGE_LOOP('',(#13795,#13803,#13811,#13819,#13827,#13835,#13841,
    #13842,#13843,#13849));
#13795 = ORIENTED_EDGE('',*,*,#13796,.T.);
#13796 = EDGE_CURVE('',#10304,#13797,#13799,.T.);
#13797 = VERTEX_POINT('',#13798);
#13798 = CARTESIAN_POINT('',(3.025,2.4754,0.));
#13799 = LINE('',#13800,#13801);
#13800 = CARTESIAN_POINT('',(3.025,0.7054,-4.000000000001E-04));
#13801 = VECTOR('',#13802,1.);
#13802 = DIRECTION('',(0.,0.999999974465,2.259886947942E-04));
#13803 = ORIENTED_EDGE('',*,*,#13804,.T.);
#13804 = EDGE_CURVE('',#13797,#13805,#13807,.T.);
#13805 = VERTEX_POINT('',#13806);
#13806 = CARTESIAN_POINT('',(3.025,2.4754,0.3));
#13807 = LINE('',#13808,#13809);
#13808 = CARTESIAN_POINT('',(3.025,2.4754,0.));
#13809 = VECTOR('',#13810,1.);
#13810 = DIRECTION('',(0.,0.,1.));
#13811 = ORIENTED_EDGE('',*,*,#13812,.T.);
#13812 = EDGE_CURVE('',#13805,#13813,#13815,.T.);
#13813 = VERTEX_POINT('',#13814);
#13814 = CARTESIAN_POINT('',(3.025,1.7754,0.3));
#13815 = LINE('',#13816,#13817);
#13816 = CARTESIAN_POINT('',(3.025,2.4754,0.3));
#13817 = VECTOR('',#13818,1.);
#13818 = DIRECTION('',(0.,-1.,0.));
#13819 = ORIENTED_EDGE('',*,*,#13820,.T.);
#13820 = EDGE_CURVE('',#13813,#13821,#13823,.T.);
#13821 = VERTEX_POINT('',#13822);
#13822 = CARTESIAN_POINT('',(3.025,1.7754,0.65));
#13823 = LINE('',#13824,#13825);
#13824 = CARTESIAN_POINT('',(3.025,1.7754,0.3));
#13825 = VECTOR('',#13826,1.);
#13826 = DIRECTION('',(0.,0.,1.));
#13827 = ORIENTED_EDGE('',*,*,#13828,.T.);
#13828 = EDGE_CURVE('',#13821,#13829,#13831,.T.);
#13829 = VERTEX_POINT('',#13830);
#13830 = CARTESIAN_POINT('',(3.025,1.1054,0.65));
#13831 = LINE('',#13832,#13833);
#13832 = CARTESIAN_POINT('',(3.025,1.7754,0.65));
#13833 = VECTOR('',#13834,1.);
#13834 = DIRECTION('',(0.,-1.,0.));
#13835 = ORIENTED_EDGE('',*,*,#13836,.T.);
#13836 = EDGE_CURVE('',#13829,#9904,#13837,.T.);
#13837 = LINE('',#13838,#13839);
#13838 = CARTESIAN_POINT('',(3.025,1.1054,0.65));
#13839 = VECTOR('',#13840,1.);
#13840 = DIRECTION('',(0.,0.,1.));
#13841 = ORIENTED_EDGE('',*,*,#9911,.T.);
#13842 = ORIENTED_EDGE('',*,*,#13774,.T.);
#13843 = ORIENTED_EDGE('',*,*,#13844,.T.);
#13844 = EDGE_CURVE('',#13775,#10296,#13845,.T.);
#13845 = LINE('',#13846,#13847);
#13846 = CARTESIAN_POINT('',(3.025,0.546465540115,0.195));
#13847 = VECTOR('',#13848,1.);
#13848 = DIRECTION('',(-9.003329844341E-33,-1.,2.22044604925E-16));
#13849 = ORIENTED_EDGE('',*,*,#10303,.T.);
#13850 = PLANE('',#13851);
#13851 = AXIS2_PLACEMENT_3D('',#13852,#13853,#13854);
#13852 = CARTESIAN_POINT('',(3.025,1.293108022955E-02,1.127283611688));
#13853 = DIRECTION('',(1.,-9.003329844341E-33,-9.245679891946E-32));
#13854 = DIRECTION('',(9.245679891946E-32,0.,1.));
#13855 = ADVANCED_FACE('',(#13856),#13874,.F.);
#13856 = FACE_BOUND('',#13857,.F.);
#13857 = EDGE_LOOP('',(#13858,#13859,#13867,#13873));
#13858 = ORIENTED_EDGE('',*,*,#13836,.F.);
#13859 = ORIENTED_EDGE('',*,*,#13860,.T.);
#13860 = EDGE_CURVE('',#13829,#13861,#13863,.T.);
#13861 = VERTEX_POINT('',#13862);
#13862 = CARTESIAN_POINT('',(3.225,1.1054,0.65));
#13863 = LINE('',#13864,#13865);
#13864 = CARTESIAN_POINT('',(3.025,1.1054,0.65));
#13865 = VECTOR('',#13866,1.);
#13866 = DIRECTION('',(1.,0.,0.));
#13867 = ORIENTED_EDGE('',*,*,#13868,.T.);
#13868 = EDGE_CURVE('',#13861,#9896,#13869,.T.);
#13869 = LINE('',#13870,#13871);
#13870 = CARTESIAN_POINT('',(3.225,1.1054,0.65));
#13871 = VECTOR('',#13872,1.);
#13872 = DIRECTION('',(0.,0.,1.));
#13873 = ORIENTED_EDGE('',*,*,#9903,.T.);
#13874 = PLANE('',#13875);
#13875 = AXIS2_PLACEMENT_3D('',#13876,#13877,#13878);
#13876 = CARTESIAN_POINT('',(3.025,1.1054,0.65));
#13877 = DIRECTION('',(0.,-1.,0.));
#13878 = DIRECTION('',(0.,0.,1.));
#13879 = ADVANCED_FACE('',(#13880),#13937,.T.);
#13880 = FACE_BOUND('',#13881,.T.);
#13881 = EDGE_LOOP('',(#13882,#13890,#13898,#13906,#13914,#13920,#13921,
    #13922,#13930,#13936));
#13882 = ORIENTED_EDGE('',*,*,#13883,.T.);
#13883 = EDGE_CURVE('',#10312,#13884,#13886,.T.);
#13884 = VERTEX_POINT('',#13885);
#13885 = CARTESIAN_POINT('',(3.225,2.4754,0.));
#13886 = LINE('',#13887,#13888);
#13887 = CARTESIAN_POINT('',(3.225,0.7054,-4.000000000001E-04));
#13888 = VECTOR('',#13889,1.);
#13889 = DIRECTION('',(0.,0.999999974465,2.259886947942E-04));
#13890 = ORIENTED_EDGE('',*,*,#13891,.T.);
#13891 = EDGE_CURVE('',#13884,#13892,#13894,.T.);
#13892 = VERTEX_POINT('',#13893);
#13893 = CARTESIAN_POINT('',(3.225,2.4754,0.3));
#13894 = LINE('',#13895,#13896);
#13895 = CARTESIAN_POINT('',(3.225,2.4754,0.));
#13896 = VECTOR('',#13897,1.);
#13897 = DIRECTION('',(0.,0.,1.));
#13898 = ORIENTED_EDGE('',*,*,#13899,.T.);
#13899 = EDGE_CURVE('',#13892,#13900,#13902,.T.);
#13900 = VERTEX_POINT('',#13901);
#13901 = CARTESIAN_POINT('',(3.225,1.7754,0.3));
#13902 = LINE('',#13903,#13904);
#13903 = CARTESIAN_POINT('',(3.225,2.4754,0.3));
#13904 = VECTOR('',#13905,1.);
#13905 = DIRECTION('',(0.,-1.,0.));
#13906 = ORIENTED_EDGE('',*,*,#13907,.T.);
#13907 = EDGE_CURVE('',#13900,#13908,#13910,.T.);
#13908 = VERTEX_POINT('',#13909);
#13909 = CARTESIAN_POINT('',(3.225,1.7754,0.65));
#13910 = LINE('',#13911,#13912);
#13911 = CARTESIAN_POINT('',(3.225,1.7754,0.3));
#13912 = VECTOR('',#13913,1.);
#13913 = DIRECTION('',(0.,0.,1.));
#13914 = ORIENTED_EDGE('',*,*,#13915,.T.);
#13915 = EDGE_CURVE('',#13908,#13861,#13916,.T.);
#13916 = LINE('',#13917,#13918);
#13917 = CARTESIAN_POINT('',(3.225,1.7754,0.65));
#13918 = VECTOR('',#13919,1.);
#13919 = DIRECTION('',(0.,-1.,0.));
#13920 = ORIENTED_EDGE('',*,*,#13868,.T.);
#13921 = ORIENTED_EDGE('',*,*,#9895,.T.);
#13922 = ORIENTED_EDGE('',*,*,#13923,.T.);
#13923 = EDGE_CURVE('',#9888,#13924,#13926,.T.);
#13924 = VERTEX_POINT('',#13925);
#13925 = CARTESIAN_POINT('',(3.225,1.08,0.195));
#13926 = LINE('',#13927,#13928);
#13927 = CARTESIAN_POINT('',(3.225,1.08,1.036141805844));
#13928 = VECTOR('',#13929,1.);
#13929 = DIRECTION('',(-9.245679891946E-32,-2.22044604925E-16,-1.));
#13930 = ORIENTED_EDGE('',*,*,#13931,.T.);
#13931 = EDGE_CURVE('',#13924,#10320,#13932,.T.);
#13932 = LINE('',#13933,#13934);
#13933 = CARTESIAN_POINT('',(3.225,0.546465540115,0.195));
#13934 = VECTOR('',#13935,1.);
#13935 = DIRECTION('',(-9.003329844341E-33,-1.,2.22044604925E-16));
#13936 = ORIENTED_EDGE('',*,*,#10319,.T.);
#13937 = PLANE('',#13938);
#13938 = AXIS2_PLACEMENT_3D('',#13939,#13940,#13941);
#13939 = CARTESIAN_POINT('',(3.225,1.293108022955E-02,1.127283611688));
#13940 = DIRECTION('',(1.,-9.003329844341E-33,-9.245679891946E-32));
#13941 = DIRECTION('',(9.245679891946E-32,0.,1.));
#13942 = ADVANCED_FACE('',(#13943),#13954,.T.);
#13943 = FACE_BOUND('',#13944,.T.);
#13944 = EDGE_LOOP('',(#13945,#13946,#13947,#13948));
#13945 = ORIENTED_EDGE('',*,*,#13923,.F.);
#13946 = ORIENTED_EDGE('',*,*,#9887,.T.);
#13947 = ORIENTED_EDGE('',*,*,#10360,.T.);
#13948 = ORIENTED_EDGE('',*,*,#13949,.F.);
#13949 = EDGE_CURVE('',#13924,#10353,#13950,.T.);
#13950 = LINE('',#13951,#13952);
#13951 = CARTESIAN_POINT('',(-5.375,1.08,0.195));
#13952 = VECTOR('',#13953,1.);
#13953 = DIRECTION('',(1.,0.,0.));
#13954 = PLANE('',#13955);
#13955 = AXIS2_PLACEMENT_3D('',#13956,#13957,#13958);
#13956 = CARTESIAN_POINT('',(-5.375,1.08,0.945));
#13957 = DIRECTION('',(0.,1.,-2.22044604925E-16));
#13958 = DIRECTION('',(0.,-2.22044604925E-16,-1.));
#13959 = ADVANCED_FACE('',(#13960),#13966,.T.);
#13960 = FACE_BOUND('',#13961,.T.);
#13961 = EDGE_LOOP('',(#13962,#13963,#13964,#13965));
#13962 = ORIENTED_EDGE('',*,*,#13931,.F.);
#13963 = ORIENTED_EDGE('',*,*,#13949,.T.);
#13964 = ORIENTED_EDGE('',*,*,#10352,.T.);
#13965 = ORIENTED_EDGE('',*,*,#10327,.F.);
#13966 = PLANE('',#13967);
#13967 = AXIS2_PLACEMENT_3D('',#13968,#13969,#13970);
#13968 = CARTESIAN_POINT('',(-5.375,1.08,0.195));
#13969 = DIRECTION('',(0.,-2.22044604925E-16,-1.));
#13970 = DIRECTION('',(0.,-1.,2.22044604925E-16));
#13971 = ADVANCED_FACE('',(#13972),#13983,.F.);
#13972 = FACE_BOUND('',#13973,.F.);
#13973 = EDGE_LOOP('',(#13974,#13975,#13976,#13977));
#13974 = ORIENTED_EDGE('',*,*,#13796,.F.);
#13975 = ORIENTED_EDGE('',*,*,#10311,.T.);
#13976 = ORIENTED_EDGE('',*,*,#13883,.T.);
#13977 = ORIENTED_EDGE('',*,*,#13978,.F.);
#13978 = EDGE_CURVE('',#13797,#13884,#13979,.T.);
#13979 = LINE('',#13980,#13981);
#13980 = CARTESIAN_POINT('',(3.025,2.4754,0.));
#13981 = VECTOR('',#13982,1.);
#13982 = DIRECTION('',(1.,0.,0.));
#13983 = PLANE('',#13984);
#13984 = AXIS2_PLACEMENT_3D('',#13985,#13986,#13987);
#13985 = CARTESIAN_POINT('',(3.025,0.7054,-4.000000000001E-04));
#13986 = DIRECTION('',(0.,-2.259886947942E-04,0.999999974465));
#13987 = DIRECTION('',(0.,0.999999974465,2.259886947942E-04));
#13988 = ADVANCED_FACE('',(#13989),#13995,.T.);
#13989 = FACE_BOUND('',#13990,.T.);
#13990 = EDGE_LOOP('',(#13991,#13992,#13993,#13994));
#13991 = ORIENTED_EDGE('',*,*,#13757,.F.);
#13992 = ORIENTED_EDGE('',*,*,#13782,.T.);
#13993 = ORIENTED_EDGE('',*,*,#13844,.T.);
#13994 = ORIENTED_EDGE('',*,*,#10295,.F.);
#13995 = PLANE('',#13996);
#13996 = AXIS2_PLACEMENT_3D('',#13997,#13998,#13999);
#13997 = CARTESIAN_POINT('',(-5.375,1.08,0.195));
#13998 = DIRECTION('',(0.,-2.22044604925E-16,-1.));
#13999 = DIRECTION('',(0.,-1.,2.22044604925E-16));
#14000 = ADVANCED_FACE('',(#14001),#14012,.F.);
#14001 = FACE_BOUND('',#14002,.F.);
#14002 = EDGE_LOOP('',(#14003,#14004,#14005,#14006));
#14003 = ORIENTED_EDGE('',*,*,#13622,.F.);
#14004 = ORIENTED_EDGE('',*,*,#10279,.T.);
#14005 = ORIENTED_EDGE('',*,*,#13709,.T.);
#14006 = ORIENTED_EDGE('',*,*,#14007,.F.);
#14007 = EDGE_CURVE('',#13623,#13710,#14008,.T.);
#14008 = LINE('',#14009,#14010);
#14009 = CARTESIAN_POINT('',(1.775,2.4754,0.));
#14010 = VECTOR('',#14011,1.);
#14011 = DIRECTION('',(1.,0.,0.));
#14012 = PLANE('',#14013);
#14013 = AXIS2_PLACEMENT_3D('',#14014,#14015,#14016);
#14014 = CARTESIAN_POINT('',(1.775,0.7054,-4.000000000001E-04));
#14015 = DIRECTION('',(0.,-2.259886947942E-04,0.999999974465));
#14016 = DIRECTION('',(0.,0.999999974465,2.259886947942E-04));
#14017 = ADVANCED_FACE('',(#14018),#14024,.T.);
#14018 = FACE_BOUND('',#14019,.T.);
#14019 = EDGE_LOOP('',(#14020,#14021,#14022,#14023));
#14020 = ORIENTED_EDGE('',*,*,#13583,.F.);
#14021 = ORIENTED_EDGE('',*,*,#13608,.T.);
#14022 = ORIENTED_EDGE('',*,*,#13670,.T.);
#14023 = ORIENTED_EDGE('',*,*,#10263,.F.);
#14024 = PLANE('',#14025);
#14025 = AXIS2_PLACEMENT_3D('',#14026,#14027,#14028);
#14026 = CARTESIAN_POINT('',(-5.375,1.08,0.195));
#14027 = DIRECTION('',(0.,-2.22044604925E-16,-1.));
#14028 = DIRECTION('',(0.,-1.,2.22044604925E-16));
#14029 = ADVANCED_FACE('',(#14030),#14041,.F.);
#14030 = FACE_BOUND('',#14031,.F.);
#14031 = EDGE_LOOP('',(#14032,#14033,#14034,#14035));
#14032 = ORIENTED_EDGE('',*,*,#13448,.F.);
#14033 = ORIENTED_EDGE('',*,*,#10247,.T.);
#14034 = ORIENTED_EDGE('',*,*,#13535,.T.);
#14035 = ORIENTED_EDGE('',*,*,#14036,.F.);
#14036 = EDGE_CURVE('',#13449,#13536,#14037,.T.);
#14037 = LINE('',#14038,#14039);
#14038 = CARTESIAN_POINT('',(0.525,2.4754,0.));
#14039 = VECTOR('',#14040,1.);
#14040 = DIRECTION('',(1.,0.,0.));
#14041 = PLANE('',#14042);
#14042 = AXIS2_PLACEMENT_3D('',#14043,#14044,#14045);
#14043 = CARTESIAN_POINT('',(0.525,0.7054,-4.000000000001E-04));
#14044 = DIRECTION('',(0.,-2.259886947942E-04,0.999999974465));
#14045 = DIRECTION('',(0.,0.999999974465,2.259886947942E-04));
#14046 = ADVANCED_FACE('',(#14047),#14053,.T.);
#14047 = FACE_BOUND('',#14048,.T.);
#14048 = EDGE_LOOP('',(#14049,#14050,#14051,#14052));
#14049 = ORIENTED_EDGE('',*,*,#13409,.F.);
#14050 = ORIENTED_EDGE('',*,*,#13434,.T.);
#14051 = ORIENTED_EDGE('',*,*,#13496,.T.);
#14052 = ORIENTED_EDGE('',*,*,#10231,.F.);
#14053 = PLANE('',#14054);
#14054 = AXIS2_PLACEMENT_3D('',#14055,#14056,#14057);
#14055 = CARTESIAN_POINT('',(-5.375,1.08,0.195));
#14056 = DIRECTION('',(0.,-2.22044604925E-16,-1.));
#14057 = DIRECTION('',(0.,-1.,2.22044604925E-16));
#14058 = ADVANCED_FACE('',(#14059),#14070,.F.);
#14059 = FACE_BOUND('',#14060,.F.);
#14060 = EDGE_LOOP('',(#14061,#14062,#14063,#14064));
#14061 = ORIENTED_EDGE('',*,*,#13274,.F.);
#14062 = ORIENTED_EDGE('',*,*,#10215,.T.);
#14063 = ORIENTED_EDGE('',*,*,#13361,.T.);
#14064 = ORIENTED_EDGE('',*,*,#14065,.F.);
#14065 = EDGE_CURVE('',#13275,#13362,#14066,.T.);
#14066 = LINE('',#14067,#14068);
#14067 = CARTESIAN_POINT('',(-0.725,2.4754,0.));
#14068 = VECTOR('',#14069,1.);
#14069 = DIRECTION('',(1.,0.,0.));
#14070 = PLANE('',#14071);
#14071 = AXIS2_PLACEMENT_3D('',#14072,#14073,#14074);
#14072 = CARTESIAN_POINT('',(-0.725,0.7054,-4.000000000001E-04));
#14073 = DIRECTION('',(0.,-2.259886947942E-04,0.999999974465));
#14074 = DIRECTION('',(0.,0.999999974465,2.259886947942E-04));
#14075 = ADVANCED_FACE('',(#14076),#14082,.T.);
#14076 = FACE_BOUND('',#14077,.T.);
#14077 = EDGE_LOOP('',(#14078,#14079,#14080,#14081));
#14078 = ORIENTED_EDGE('',*,*,#13235,.F.);
#14079 = ORIENTED_EDGE('',*,*,#13260,.T.);
#14080 = ORIENTED_EDGE('',*,*,#13322,.T.);
#14081 = ORIENTED_EDGE('',*,*,#10199,.F.);
#14082 = PLANE('',#14083);
#14083 = AXIS2_PLACEMENT_3D('',#14084,#14085,#14086);
#14084 = CARTESIAN_POINT('',(-5.375,1.08,0.195));
#14085 = DIRECTION('',(0.,-2.22044604925E-16,-1.));
#14086 = DIRECTION('',(0.,-1.,2.22044604925E-16));
#14087 = ADVANCED_FACE('',(#14088),#14099,.F.);
#14088 = FACE_BOUND('',#14089,.F.);
#14089 = EDGE_LOOP('',(#14090,#14091,#14092,#14093));
#14090 = ORIENTED_EDGE('',*,*,#13100,.F.);
#14091 = ORIENTED_EDGE('',*,*,#10183,.T.);
#14092 = ORIENTED_EDGE('',*,*,#13187,.T.);
#14093 = ORIENTED_EDGE('',*,*,#14094,.F.);
#14094 = EDGE_CURVE('',#13101,#13188,#14095,.T.);
#14095 = LINE('',#14096,#14097);
#14096 = CARTESIAN_POINT('',(-1.975,2.4754,0.));
#14097 = VECTOR('',#14098,1.);
#14098 = DIRECTION('',(1.,0.,0.));
#14099 = PLANE('',#14100);
#14100 = AXIS2_PLACEMENT_3D('',#14101,#14102,#14103);
#14101 = CARTESIAN_POINT('',(-1.975,0.7054,-4.000000000001E-04));
#14102 = DIRECTION('',(0.,-2.259886947942E-04,0.999999974465));
#14103 = DIRECTION('',(0.,0.999999974465,2.259886947942E-04));
#14104 = ADVANCED_FACE('',(#14105),#14111,.T.);
#14105 = FACE_BOUND('',#14106,.T.);
#14106 = EDGE_LOOP('',(#14107,#14108,#14109,#14110));
#14107 = ORIENTED_EDGE('',*,*,#13061,.F.);
#14108 = ORIENTED_EDGE('',*,*,#13086,.T.);
#14109 = ORIENTED_EDGE('',*,*,#13148,.T.);
#14110 = ORIENTED_EDGE('',*,*,#10167,.F.);
#14111 = PLANE('',#14112);
#14112 = AXIS2_PLACEMENT_3D('',#14113,#14114,#14115);
#14113 = CARTESIAN_POINT('',(-5.375,1.08,0.195));
#14114 = DIRECTION('',(0.,-2.22044604925E-16,-1.));
#14115 = DIRECTION('',(0.,-1.,2.22044604925E-16));
#14116 = ADVANCED_FACE('',(#14117),#14128,.F.);
#14117 = FACE_BOUND('',#14118,.F.);
#14118 = EDGE_LOOP('',(#14119,#14120,#14121,#14122));
#14119 = ORIENTED_EDGE('',*,*,#12931,.F.);
#14120 = ORIENTED_EDGE('',*,*,#10151,.T.);
#14121 = ORIENTED_EDGE('',*,*,#13013,.T.);
#14122 = ORIENTED_EDGE('',*,*,#14123,.F.);
#14123 = EDGE_CURVE('',#12932,#13014,#14124,.T.);
#14124 = LINE('',#14125,#14126);
#14125 = CARTESIAN_POINT('',(-3.225,2.4754,0.));
#14126 = VECTOR('',#14127,1.);
#14127 = DIRECTION('',(1.,0.,0.));
#14128 = PLANE('',#14129);
#14129 = AXIS2_PLACEMENT_3D('',#14130,#14131,#14132);
#14130 = CARTESIAN_POINT('',(-3.225,0.7054,-4.000000000001E-04));
#14131 = DIRECTION('',(0.,-2.259886947942E-04,0.999999974465));
#14132 = DIRECTION('',(0.,0.999999974465,2.259886947942E-04));
#14133 = ADVANCED_FACE('',(#14134),#14145,.F.);
#14134 = FACE_BOUND('',#14135,.F.);
#14135 = EDGE_LOOP('',(#14136,#14137,#14143,#14144));
#14136 = ORIENTED_EDGE('',*,*,#10790,.T.);
#14137 = ORIENTED_EDGE('',*,*,#14138,.T.);
#14138 = EDGE_CURVE('',#10783,#10409,#14139,.T.);
#14139 = LINE('',#14140,#14141);
#14140 = CARTESIAN_POINT('',(4.875,-1.82,0.595));
#14141 = VECTOR('',#14142,1.);
#14142 = DIRECTION('',(1.,0.,0.));
#14143 = ORIENTED_EDGE('',*,*,#10416,.T.);
#14144 = ORIENTED_EDGE('',*,*,#10448,.F.);
#14145 = PLANE('',#14146);
#14146 = AXIS2_PLACEMENT_3D('',#14147,#14148,#14149);
#14147 = CARTESIAN_POINT('',(4.875,-1.82,0.595));
#14148 = DIRECTION('',(0.,2.22044604925E-16,1.));
#14149 = DIRECTION('',(0.,1.,-2.22044604925E-16));
#14150 = ADVANCED_FACE('',(#14151),#14180,.F.);
#14151 = FACE_BOUND('',#14152,.F.);
#14152 = EDGE_LOOP('',(#14153,#14154,#14155,#14156,#14157,#14158,#14166,
    #14174));
#14153 = ORIENTED_EDGE('',*,*,#10750,.T.);
#14154 = ORIENTED_EDGE('',*,*,#10710,.T.);
#14155 = ORIENTED_EDGE('',*,*,#10408,.T.);
#14156 = ORIENTED_EDGE('',*,*,#14138,.F.);
#14157 = ORIENTED_EDGE('',*,*,#10782,.T.);
#14158 = ORIENTED_EDGE('',*,*,#14159,.F.);
#14159 = EDGE_CURVE('',#14160,#10775,#14162,.T.);
#14160 = VERTEX_POINT('',#14161);
#14161 = CARTESIAN_POINT('',(4.875,-1.82,0.8));
#14162 = LINE('',#14163,#14164);
#14163 = CARTESIAN_POINT('',(4.875,-1.82,0.8));
#14164 = VECTOR('',#14165,1.);
#14165 = DIRECTION('',(1.,0.,0.));
#14166 = ORIENTED_EDGE('',*,*,#14167,.F.);
#14167 = EDGE_CURVE('',#14168,#14160,#14170,.T.);
#14168 = VERTEX_POINT('',#14169);
#14169 = CARTESIAN_POINT('',(4.875,-1.82,1.51));
#14170 = LINE('',#14171,#14172);
#14171 = CARTESIAN_POINT('',(4.875,-1.82,1.945));
#14172 = VECTOR('',#14173,1.);
#14173 = DIRECTION('',(0.,-2.22044604925E-16,-1.));
#14174 = ORIENTED_EDGE('',*,*,#14175,.F.);
#14175 = EDGE_CURVE('',#10751,#14168,#14176,.T.);
#14176 = LINE('',#14177,#14178);
#14177 = CARTESIAN_POINT('',(4.875,-1.82,1.51));
#14178 = VECTOR('',#14179,1.);
#14179 = DIRECTION('',(-1.,0.,0.));
#14180 = PLANE('',#14181);
#14181 = AXIS2_PLACEMENT_3D('',#14182,#14183,#14184);
#14182 = CARTESIAN_POINT('',(4.875,-1.82,1.945));
#14183 = DIRECTION('',(0.,1.,-2.22044604925E-16));
#14184 = DIRECTION('',(0.,-2.22044604925E-16,-1.));
#14185 = ADVANCED_FACE('',(#14186),#14197,.F.);
#14186 = FACE_BOUND('',#14187,.F.);
#14187 = EDGE_LOOP('',(#14188,#14194,#14195,#14196));
#14188 = ORIENTED_EDGE('',*,*,#14189,.T.);
#14189 = EDGE_CURVE('',#12853,#10377,#14190,.T.);
#14190 = LINE('',#14191,#14192);
#14191 = CARTESIAN_POINT('',(4.875,0.98,3.595));
#14192 = VECTOR('',#14193,1.);
#14193 = DIRECTION('',(1.,0.,0.));
#14194 = ORIENTED_EDGE('',*,*,#10384,.T.);
#14195 = ORIENTED_EDGE('',*,*,#12883,.F.);
#14196 = ORIENTED_EDGE('',*,*,#12860,.F.);
#14197 = PLANE('',#14198);
#14198 = AXIS2_PLACEMENT_3D('',#14199,#14200,#14201);
#14199 = CARTESIAN_POINT('',(4.875,0.98,3.595));
#14200 = DIRECTION('',(0.,-2.22044604925E-16,-1.));
#14201 = DIRECTION('',(0.,-1.,2.22044604925E-16));
#14202 = ADVANCED_FACE('',(#14203),#14209,.F.);
#14203 = FACE_BOUND('',#14204,.F.);
#14204 = EDGE_LOOP('',(#14205,#14206,#14207,#14208));
#14205 = ORIENTED_EDGE('',*,*,#12916,.T.);
#14206 = ORIENTED_EDGE('',*,*,#10376,.T.);
#14207 = ORIENTED_EDGE('',*,*,#14189,.F.);
#14208 = ORIENTED_EDGE('',*,*,#12852,.F.);
#14209 = PLANE('',#14210);
#14210 = AXIS2_PLACEMENT_3D('',#14211,#14212,#14213);
#14211 = CARTESIAN_POINT('',(4.875,0.98,1.995));
#14212 = DIRECTION('',(0.,-1.,2.22044604925E-16));
#14213 = DIRECTION('',(0.,2.22044604925E-16,1.));
#14214 = ADVANCED_FACE('',(#14215),#14226,.T.);
#14215 = FACE_BOUND('',#14216,.T.);
#14216 = EDGE_LOOP('',(#14217,#14218,#14219,#14220));
#14217 = ORIENTED_EDGE('',*,*,#10496,.F.);
#14218 = ORIENTED_EDGE('',*,*,#10464,.F.);
#14219 = ORIENTED_EDGE('',*,*,#10797,.T.);
#14220 = ORIENTED_EDGE('',*,*,#14221,.F.);
#14221 = EDGE_CURVE('',#10489,#10798,#14222,.T.);
#14222 = LINE('',#14223,#14224);
#14223 = CARTESIAN_POINT('',(4.875,-0.255,0.37));
#14224 = VECTOR('',#14225,1.);
#14225 = DIRECTION('',(1.,0.,0.));
#14226 = PLANE('',#14227);
#14227 = AXIS2_PLACEMENT_3D('',#14228,#14229,#14230);
#14228 = CARTESIAN_POINT('',(4.875,0.235,0.37));
#14229 = DIRECTION('',(0.,0.,-1.));
#14230 = DIRECTION('',(0.,-1.,0.));
#14231 = ADVANCED_FACE('',(#14232),#14243,.T.);
#14232 = FACE_BOUND('',#14233,.T.);
#14233 = EDGE_LOOP('',(#14234,#14235,#14236,#14242));
#14234 = ORIENTED_EDGE('',*,*,#14221,.T.);
#14235 = ORIENTED_EDGE('',*,*,#10805,.T.);
#14236 = ORIENTED_EDGE('',*,*,#14237,.F.);
#14237 = EDGE_CURVE('',#10481,#10725,#14238,.T.);
#14238 = LINE('',#14239,#14240);
#14239 = CARTESIAN_POINT('',(4.875,-0.255,-1.665334536938E-16));
#14240 = VECTOR('',#14241,1.);
#14241 = DIRECTION('',(1.,0.,0.));
#14242 = ORIENTED_EDGE('',*,*,#10488,.F.);
#14243 = PLANE('',#14244);
#14244 = AXIS2_PLACEMENT_3D('',#14245,#14246,#14247);
#14245 = CARTESIAN_POINT('',(4.875,-0.255,0.37));
#14246 = DIRECTION('',(0.,1.,0.));
#14247 = DIRECTION('',(0.,0.,-1.));
#14248 = ADVANCED_FACE('',(#14249),#14261,.T.);
#14249 = FACE_BOUND('',#14250,.T.);
#14250 = EDGE_LOOP('',(#14251,#14252,#14253,#14259,#14260));
#14251 = ORIENTED_EDGE('',*,*,#14237,.T.);
#14252 = ORIENTED_EDGE('',*,*,#10724,.T.);
#14253 = ORIENTED_EDGE('',*,*,#14254,.F.);
#14254 = EDGE_CURVE('',#10844,#10727,#14255,.T.);
#14255 = LINE('',#14256,#14257);
#14256 = CARTESIAN_POINT('',(4.875,-2.475,0.));
#14257 = VECTOR('',#14258,1.);
#14258 = DIRECTION('',(1.,0.,0.));
#14259 = ORIENTED_EDGE('',*,*,#10843,.F.);
#14260 = ORIENTED_EDGE('',*,*,#10480,.F.);
#14261 = PLANE('',#14262);
#14262 = AXIS2_PLACEMENT_3D('',#14263,#14264,#14265);
#14263 = CARTESIAN_POINT('',(4.875,-0.255,-1.665334536938E-16));
#14264 = DIRECTION('',(0.,-7.501506923143E-17,-1.));
#14265 = DIRECTION('',(0.,-1.,7.501506923143E-17));
#14266 = ADVANCED_FACE('',(#14267),#14278,.T.);
#14267 = FACE_BOUND('',#14268,.T.);
#14268 = EDGE_LOOP('',(#14269,#14270,#14271,#14277));
#14269 = ORIENTED_EDGE('',*,*,#10554,.T.);
#14270 = ORIENTED_EDGE('',*,*,#10521,.T.);
#14271 = ORIENTED_EDGE('',*,*,#14272,.F.);
#14272 = EDGE_CURVE('',#10569,#10514,#14273,.T.);
#14273 = LINE('',#14274,#14275);
#14274 = CARTESIAN_POINT('',(-5.075,-0.255,-1.665334536938E-16));
#14275 = VECTOR('',#14276,1.);
#14276 = DIRECTION('',(1.,0.,0.));
#14277 = ORIENTED_EDGE('',*,*,#10621,.F.);
#14278 = PLANE('',#14279);
#14279 = AXIS2_PLACEMENT_3D('',#14280,#14281,#14282);
#14280 = CARTESIAN_POINT('',(-5.075,-0.255,0.37));
#14281 = DIRECTION('',(0.,1.,0.));
#14282 = DIRECTION('',(0.,0.,-1.));
#14283 = ADVANCED_FACE('',(#14284),#14296,.T.);
#14284 = FACE_BOUND('',#14285,.T.);
#14285 = EDGE_LOOP('',(#14286,#14287,#14288,#14289,#14295));
#14286 = ORIENTED_EDGE('',*,*,#14272,.T.);
#14287 = ORIENTED_EDGE('',*,*,#10513,.T.);
#14288 = ORIENTED_EDGE('',*,*,#10868,.T.);
#14289 = ORIENTED_EDGE('',*,*,#14290,.F.);
#14290 = EDGE_CURVE('',#10571,#10869,#14291,.T.);
#14291 = LINE('',#14292,#14293);
#14292 = CARTESIAN_POINT('',(-5.075,-2.475,0.));
#14293 = VECTOR('',#14294,1.);
#14294 = DIRECTION('',(1.,0.,0.));
#14295 = ORIENTED_EDGE('',*,*,#10568,.F.);
#14296 = PLANE('',#14297);
#14297 = AXIS2_PLACEMENT_3D('',#14298,#14299,#14300);
#14298 = CARTESIAN_POINT('',(-5.075,-0.255,-1.665334536938E-16));
#14299 = DIRECTION('',(0.,-7.501506923143E-17,-1.));
#14300 = DIRECTION('',(0.,-1.,7.501506923143E-17));
#14301 = ADVANCED_FACE('',(#14302),#14308,.T.);
#14302 = FACE_BOUND('',#14303,.T.);
#14303 = EDGE_LOOP('',(#14304,#14305,#14306,#14307));
#14304 = ORIENTED_EDGE('',*,*,#10686,.T.);
#14305 = ORIENTED_EDGE('',*,*,#10669,.T.);
#14306 = ORIENTED_EDGE('',*,*,#10636,.F.);
#14307 = ORIENTED_EDGE('',*,*,#10603,.F.);
#14308 = PLANE('',#14309);
#14309 = AXIS2_PLACEMENT_3D('',#14310,#14311,#14312);
#14310 = CARTESIAN_POINT('',(-5.075,-1.825,1.51));
#14311 = DIRECTION('',(0.,1.,0.));
#14312 = DIRECTION('',(0.,0.,-1.));
#14313 = ADVANCED_FACE('',(#14314),#14320,.T.);
#14314 = FACE_BOUND('',#14315,.T.);
#14315 = EDGE_LOOP('',(#14316,#14317,#14318,#14319));
#14316 = ORIENTED_EDGE('',*,*,#14290,.T.);
#14317 = ORIENTED_EDGE('',*,*,#10876,.T.);
#14318 = ORIENTED_EDGE('',*,*,#10901,.F.);
#14319 = ORIENTED_EDGE('',*,*,#10578,.F.);
#14320 = PLANE('',#14321);
#14321 = AXIS2_PLACEMENT_3D('',#14322,#14323,#14324);
#14322 = CARTESIAN_POINT('',(-5.075,-2.475,0.));
#14323 = DIRECTION('',(0.,-1.,0.));
#14324 = DIRECTION('',(0.,0.,1.));
#14325 = ADVANCED_FACE('',(#14326),#14344,.T.);
#14326 = FACE_BOUND('',#14327,.T.);
#14327 = EDGE_LOOP('',(#14328,#14336,#14342,#14343));
#14328 = ORIENTED_EDGE('',*,*,#14329,.F.);
#14329 = EDGE_CURVE('',#14330,#14160,#14332,.T.);
#14330 = VERTEX_POINT('',#14331);
#14331 = CARTESIAN_POINT('',(4.875,-1.825,0.8));
#14332 = LINE('',#14333,#14334);
#14333 = CARTESIAN_POINT('',(4.875,-1.825,0.8));
#14334 = VECTOR('',#14335,1.);
#14335 = DIRECTION('',(0.,1.,0.));
#14336 = ORIENTED_EDGE('',*,*,#14337,.T.);
#14337 = EDGE_CURVE('',#14330,#10767,#14338,.T.);
#14338 = LINE('',#14339,#14340);
#14339 = CARTESIAN_POINT('',(4.875,-1.825,0.8));
#14340 = VECTOR('',#14341,1.);
#14341 = DIRECTION('',(1.,0.,0.));
#14342 = ORIENTED_EDGE('',*,*,#10774,.T.);
#14343 = ORIENTED_EDGE('',*,*,#14159,.F.);
#14344 = PLANE('',#14345);
#14345 = AXIS2_PLACEMENT_3D('',#14346,#14347,#14348);
#14346 = CARTESIAN_POINT('',(4.875,-1.825,0.8));
#14347 = DIRECTION('',(0.,0.,1.));
#14348 = DIRECTION('',(0.,1.,0.));
#14349 = ADVANCED_FACE('',(#14350),#14368,.T.);
#14350 = FACE_BOUND('',#14351,.T.);
#14351 = EDGE_LOOP('',(#14352,#14360,#14361,#14362));
#14352 = ORIENTED_EDGE('',*,*,#14353,.T.);
#14353 = EDGE_CURVE('',#14354,#10759,#14356,.T.);
#14354 = VERTEX_POINT('',#14355);
#14355 = CARTESIAN_POINT('',(4.875,-1.825,1.51));
#14356 = LINE('',#14357,#14358);
#14357 = CARTESIAN_POINT('',(4.875,-1.825,1.51));
#14358 = VECTOR('',#14359,1.);
#14359 = DIRECTION('',(1.,0.,0.));
#14360 = ORIENTED_EDGE('',*,*,#10766,.T.);
#14361 = ORIENTED_EDGE('',*,*,#14337,.F.);
#14362 = ORIENTED_EDGE('',*,*,#14363,.F.);
#14363 = EDGE_CURVE('',#14354,#14330,#14364,.T.);
#14364 = LINE('',#14365,#14366);
#14365 = CARTESIAN_POINT('',(4.875,-1.825,1.51));
#14366 = VECTOR('',#14367,1.);
#14367 = DIRECTION('',(0.,0.,-1.));
#14368 = PLANE('',#14369);
#14369 = AXIS2_PLACEMENT_3D('',#14370,#14371,#14372);
#14370 = CARTESIAN_POINT('',(4.875,-1.825,1.51));
#14371 = DIRECTION('',(0.,1.,0.));
#14372 = DIRECTION('',(0.,0.,-1.));
#14373 = ADVANCED_FACE('',(#14374),#14385,.T.);
#14374 = FACE_BOUND('',#14375,.T.);
#14375 = EDGE_LOOP('',(#14376,#14382,#14383,#14384));
#14376 = ORIENTED_EDGE('',*,*,#14377,.F.);
#14377 = EDGE_CURVE('',#14168,#14354,#14378,.T.);
#14378 = LINE('',#14379,#14380);
#14379 = CARTESIAN_POINT('',(4.875,-0.275,1.51));
#14380 = VECTOR('',#14381,1.);
#14381 = DIRECTION('',(0.,-1.,0.));
#14382 = ORIENTED_EDGE('',*,*,#14175,.F.);
#14383 = ORIENTED_EDGE('',*,*,#10758,.T.);
#14384 = ORIENTED_EDGE('',*,*,#14353,.F.);
#14385 = PLANE('',#14386);
#14386 = AXIS2_PLACEMENT_3D('',#14387,#14388,#14389);
#14387 = CARTESIAN_POINT('',(4.875,-0.275,1.51));
#14388 = DIRECTION('',(0.,0.,-1.));
#14389 = DIRECTION('',(0.,-1.,0.));
#14390 = ADVANCED_FACE('',(#14391),#14397,.T.);
#14391 = FACE_BOUND('',#14392,.T.);
#14392 = EDGE_LOOP('',(#14393,#14394,#14395,#14396));
#14393 = ORIENTED_EDGE('',*,*,#14254,.T.);
#14394 = ORIENTED_EDGE('',*,*,#10734,.T.);
#14395 = ORIENTED_EDGE('',*,*,#10827,.F.);
#14396 = ORIENTED_EDGE('',*,*,#10851,.F.);
#14397 = PLANE('',#14398);
#14398 = AXIS2_PLACEMENT_3D('',#14399,#14400,#14401);
#14399 = CARTESIAN_POINT('',(4.875,-2.475,0.));
#14400 = DIRECTION('',(0.,-1.,0.));
#14401 = DIRECTION('',(0.,0.,1.));
#14402 = ADVANCED_FACE('',(#14403),#14420,.F.);
#14403 = FACE_BOUND('',#14404,.F.);
#14404 = EDGE_LOOP('',(#14405,#14413,#14419));
#14405 = ORIENTED_EDGE('',*,*,#14406,.T.);
#14406 = EDGE_CURVE('',#10970,#14407,#14409,.T.);
#14407 = VERTEX_POINT('',#14408);
#14408 = CARTESIAN_POINT('',(-2.225,-0.67,2.84));
#14409 = LINE('',#14410,#14411);
#14410 = CARTESIAN_POINT('',(-2.225,-0.67,2.44));
#14411 = VECTOR('',#14412,1.);
#14412 = DIRECTION('',(0.,2.22044604925E-16,1.));
#14413 = ORIENTED_EDGE('',*,*,#14414,.T.);
#14414 = EDGE_CURVE('',#14407,#10968,#14415,.T.);
#14415 = LINE('',#14416,#14417);
#14416 = CARTESIAN_POINT('',(-2.225,-0.67,2.84));
#14417 = VECTOR('',#14418,1.);
#14418 = DIRECTION('',(0.,-0.928476690885,-0.371390676354));
#14419 = ORIENTED_EDGE('',*,*,#10967,.T.);
#14420 = PLANE('',#14421);
#14421 = AXIS2_PLACEMENT_3D('',#14422,#14423,#14424);
#14422 = CARTESIAN_POINT('',(-2.225,-1.089258240357,2.559258240357));
#14423 = DIRECTION('',(1.,0.,0.));
#14424 = DIRECTION('',(0.,-1.,2.22044604925E-16));
#14425 = ADVANCED_FACE('',(#14426),#14444,.F.);
#14426 = FACE_BOUND('',#14427,.F.);
#14427 = EDGE_LOOP('',(#14428,#14436,#14442,#14443));
#14428 = ORIENTED_EDGE('',*,*,#14429,.T.);
#14429 = EDGE_CURVE('',#14407,#14430,#14432,.T.);
#14430 = VERTEX_POINT('',#14431);
#14431 = CARTESIAN_POINT('',(2.225,-0.67,2.84));
#14432 = LINE('',#14433,#14434);
#14433 = CARTESIAN_POINT('',(-2.225,-0.67,2.84));
#14434 = VECTOR('',#14435,1.);
#14435 = DIRECTION('',(1.,0.,0.));
#14436 = ORIENTED_EDGE('',*,*,#14437,.T.);
#14437 = EDGE_CURVE('',#14430,#10986,#14438,.T.);
#14438 = LINE('',#14439,#14440);
#14439 = CARTESIAN_POINT('',(2.225,-0.67,2.84));
#14440 = VECTOR('',#14441,1.);
#14441 = DIRECTION('',(0.,-0.928476690885,-0.371390676354));
#14442 = ORIENTED_EDGE('',*,*,#10993,.F.);
#14443 = ORIENTED_EDGE('',*,*,#14414,.F.);
#14444 = PLANE('',#14445);
#14445 = AXIS2_PLACEMENT_3D('',#14446,#14447,#14448);
#14446 = CARTESIAN_POINT('',(-2.225,-0.67,2.84));
#14447 = DIRECTION('',(0.,0.371390676354,-0.928476690885));
#14448 = DIRECTION('',(0.,-0.928476690885,-0.371390676354));
#14449 = ADVANCED_FACE('',(#14450),#14460,.T.);
#14450 = FACE_BOUND('',#14451,.T.);
#14451 = EDGE_LOOP('',(#14452,#14458,#14459));
#14452 = ORIENTED_EDGE('',*,*,#14453,.T.);
#14453 = EDGE_CURVE('',#10978,#14430,#14454,.T.);
#14454 = LINE('',#14455,#14456);
#14455 = CARTESIAN_POINT('',(2.225,-0.67,2.44));
#14456 = VECTOR('',#14457,1.);
#14457 = DIRECTION('',(0.,2.22044604925E-16,1.));
#14458 = ORIENTED_EDGE('',*,*,#14437,.T.);
#14459 = ORIENTED_EDGE('',*,*,#10985,.T.);
#14460 = PLANE('',#14461);
#14461 = AXIS2_PLACEMENT_3D('',#14462,#14463,#14464);
#14462 = CARTESIAN_POINT('',(2.225,-1.089258240357,2.559258240357));
#14463 = DIRECTION('',(1.,0.,0.));
#14464 = DIRECTION('',(0.,-1.,2.22044604925E-16));
#14465 = ADVANCED_FACE('',(#14466),#14472,.F.);
#14466 = FACE_BOUND('',#14467,.F.);
#14467 = EDGE_LOOP('',(#14468,#14469,#14470,#14471));
#14468 = ORIENTED_EDGE('',*,*,#10977,.T.);
#14469 = ORIENTED_EDGE('',*,*,#14453,.T.);
#14470 = ORIENTED_EDGE('',*,*,#14429,.F.);
#14471 = ORIENTED_EDGE('',*,*,#14406,.F.);
#14472 = PLANE('',#14473);
#14473 = AXIS2_PLACEMENT_3D('',#14474,#14475,#14476);
#14474 = CARTESIAN_POINT('',(-2.225,-0.67,2.44));
#14475 = DIRECTION('',(0.,-1.,2.22044604925E-16));
#14476 = DIRECTION('',(0.,2.22044604925E-16,1.));
#14477 = ADVANCED_FACE('',(#14478,#14650,#14684,#14718,#14752,#14786,
    #14820),#14854,.T.);
#14478 = FACE_BOUND('',#14479,.T.);
#14479 = EDGE_LOOP('',(#14480,#14481,#14482,#14483,#14484,#14485,#14486,
    #14487,#14495,#14503,#14509,#14510,#14511,#14512,#14513,#14514,
    #14522,#14530,#14536,#14537,#14538,#14539,#14540,#14541,#14549,
    #14557,#14563,#14564,#14565,#14566,#14567,#14568,#14576,#14584,
    #14590,#14591,#14592,#14593,#14594,#14595,#14603,#14611,#14617,
    #14618,#14619,#14620,#14621,#14622,#14630,#14638,#14644,#14645,
    #14646,#14647,#14648,#14649));
#14480 = ORIENTED_EDGE('',*,*,#11058,.T.);
#14481 = ORIENTED_EDGE('',*,*,#11027,.T.);
#14482 = ORIENTED_EDGE('',*,*,#11075,.T.);
#14483 = ORIENTED_EDGE('',*,*,#11123,.T.);
#14484 = ORIENTED_EDGE('',*,*,#11171,.T.);
#14485 = ORIENTED_EDGE('',*,*,#11219,.T.);
#14486 = ORIENTED_EDGE('',*,*,#11267,.T.);
#14487 = ORIENTED_EDGE('',*,*,#14488,.F.);
#14488 = EDGE_CURVE('',#14489,#11268,#14491,.T.);
#14489 = VERTEX_POINT('',#14490);
#14490 = CARTESIAN_POINT('',(3.225,0.13,1.7396));
#14491 = LINE('',#14492,#14493);
#14492 = CARTESIAN_POINT('',(3.225,0.13,1.347729397085));
#14493 = VECTOR('',#14494,1.);
#14494 = DIRECTION('',(9.245679891946E-32,2.22044604925E-16,1.));
#14495 = ORIENTED_EDGE('',*,*,#14496,.T.);
#14496 = EDGE_CURVE('',#14489,#14497,#14499,.T.);
#14497 = VERTEX_POINT('',#14498);
#14498 = CARTESIAN_POINT('',(3.025,0.13,1.7396));
#14499 = LINE('',#14500,#14501);
#14500 = CARTESIAN_POINT('',(1.5125,0.13,1.7396));
#14501 = VECTOR('',#14502,1.);
#14502 = DIRECTION('',(-1.,0.,0.));
#14503 = ORIENTED_EDGE('',*,*,#14504,.T.);
#14504 = EDGE_CURVE('',#14497,#11524,#14505,.T.);
#14505 = LINE('',#14506,#14507);
#14506 = CARTESIAN_POINT('',(3.025,0.13,1.347729397085));
#14507 = VECTOR('',#14508,1.);
#14508 = DIRECTION('',(9.245679891946E-32,2.22044604925E-16,1.));
#14509 = ORIENTED_EDGE('',*,*,#11531,.T.);
#14510 = ORIENTED_EDGE('',*,*,#11595,.T.);
#14511 = ORIENTED_EDGE('',*,*,#11651,.T.);
#14512 = ORIENTED_EDGE('',*,*,#11699,.T.);
#14513 = ORIENTED_EDGE('',*,*,#11747,.T.);
#14514 = ORIENTED_EDGE('',*,*,#14515,.F.);
#14515 = EDGE_CURVE('',#14516,#11748,#14518,.T.);
#14516 = VERTEX_POINT('',#14517);
#14517 = CARTESIAN_POINT('',(1.975,0.13,1.7396));
#14518 = LINE('',#14519,#14520);
#14519 = CARTESIAN_POINT('',(1.975,0.13,1.347729397085));
#14520 = VECTOR('',#14521,1.);
#14521 = DIRECTION('',(9.245679891946E-32,2.22044604925E-16,1.));
#14522 = ORIENTED_EDGE('',*,*,#14523,.T.);
#14523 = EDGE_CURVE('',#14516,#14524,#14526,.T.);
#14524 = VERTEX_POINT('',#14525);
#14525 = CARTESIAN_POINT('',(1.775,0.13,1.7396));
#14526 = LINE('',#14527,#14528);
#14527 = CARTESIAN_POINT('',(0.8875,0.13,1.7396));
#14528 = VECTOR('',#14529,1.);
#14529 = DIRECTION('',(-1.,0.,0.));
#14530 = ORIENTED_EDGE('',*,*,#14531,.T.);
#14531 = EDGE_CURVE('',#14524,#12004,#14532,.T.);
#14532 = LINE('',#14533,#14534);
#14533 = CARTESIAN_POINT('',(1.775,0.13,1.347729397085));
#14534 = VECTOR('',#14535,1.);
#14535 = DIRECTION('',(9.245679891946E-32,2.22044604925E-16,1.));
#14536 = ORIENTED_EDGE('',*,*,#12011,.T.);
#14537 = ORIENTED_EDGE('',*,*,#12075,.T.);
#14538 = ORIENTED_EDGE('',*,*,#12131,.T.);
#14539 = ORIENTED_EDGE('',*,*,#12179,.T.);
#14540 = ORIENTED_EDGE('',*,*,#12227,.T.);
#14541 = ORIENTED_EDGE('',*,*,#14542,.F.);
#14542 = EDGE_CURVE('',#14543,#12228,#14545,.T.);
#14543 = VERTEX_POINT('',#14544);
#14544 = CARTESIAN_POINT('',(0.725,0.13,1.7396));
#14545 = LINE('',#14546,#14547);
#14546 = CARTESIAN_POINT('',(0.725,0.13,1.347729397085));
#14547 = VECTOR('',#14548,1.);
#14548 = DIRECTION('',(9.245679891946E-32,2.22044604925E-16,1.));
#14549 = ORIENTED_EDGE('',*,*,#14550,.T.);
#14550 = EDGE_CURVE('',#14543,#14551,#14553,.T.);
#14551 = VERTEX_POINT('',#14552);
#14552 = CARTESIAN_POINT('',(0.525,0.13,1.7396));
#14553 = LINE('',#14554,#14555);
#14554 = CARTESIAN_POINT('',(0.2625,0.13,1.7396));
#14555 = VECTOR('',#14556,1.);
#14556 = DIRECTION('',(-1.,0.,0.));
#14557 = ORIENTED_EDGE('',*,*,#14558,.T.);
#14558 = EDGE_CURVE('',#14551,#12484,#14559,.T.);
#14559 = LINE('',#14560,#14561);
#14560 = CARTESIAN_POINT('',(0.525,0.13,1.347729397085));
#14561 = VECTOR('',#14562,1.);
#14562 = DIRECTION('',(9.245679891946E-32,2.22044604925E-16,1.));
#14563 = ORIENTED_EDGE('',*,*,#12491,.T.);
#14564 = ORIENTED_EDGE('',*,*,#12555,.T.);
#14565 = ORIENTED_EDGE('',*,*,#12611,.T.);
#14566 = ORIENTED_EDGE('',*,*,#12635,.T.);
#14567 = ORIENTED_EDGE('',*,*,#12586,.T.);
#14568 = ORIENTED_EDGE('',*,*,#14569,.F.);
#14569 = EDGE_CURVE('',#14570,#12587,#14572,.T.);
#14570 = VERTEX_POINT('',#14571);
#14571 = CARTESIAN_POINT('',(-0.525,0.13,1.7396));
#14572 = LINE('',#14573,#14574);
#14573 = CARTESIAN_POINT('',(-0.525,0.13,1.347729397085));
#14574 = VECTOR('',#14575,1.);
#14575 = DIRECTION('',(9.245679891946E-32,2.22044604925E-16,1.));
#14576 = ORIENTED_EDGE('',*,*,#14577,.T.);
#14577 = EDGE_CURVE('',#14570,#14578,#14580,.T.);
#14578 = VERTEX_POINT('',#14579);
#14579 = CARTESIAN_POINT('',(-0.725,0.13,1.7396));
#14580 = LINE('',#14581,#14582);
#14581 = CARTESIAN_POINT('',(-0.3625,0.13,1.7396));
#14582 = VECTOR('',#14583,1.);
#14583 = DIRECTION('',(-1.,0.,0.));
#14584 = ORIENTED_EDGE('',*,*,#14585,.T.);
#14585 = EDGE_CURVE('',#14578,#12331,#14586,.T.);
#14586 = LINE('',#14587,#14588);
#14587 = CARTESIAN_POINT('',(-0.725,0.13,1.347729397085));
#14588 = VECTOR('',#14589,1.);
#14589 = DIRECTION('',(9.245679891946E-32,2.22044604925E-16,1.));
#14590 = ORIENTED_EDGE('',*,*,#12338,.T.);
#14591 = ORIENTED_EDGE('',*,*,#12266,.T.);
#14592 = ORIENTED_EDGE('',*,*,#12210,.T.);
#14593 = ORIENTED_EDGE('',*,*,#12162,.T.);
#14594 = ORIENTED_EDGE('',*,*,#12106,.T.);
#14595 = ORIENTED_EDGE('',*,*,#14596,.F.);
#14596 = EDGE_CURVE('',#14597,#12107,#14599,.T.);
#14597 = VERTEX_POINT('',#14598);
#14598 = CARTESIAN_POINT('',(-1.775,0.13,1.7396));
#14599 = LINE('',#14600,#14601);
#14600 = CARTESIAN_POINT('',(-1.775,0.13,1.347729397085));
#14601 = VECTOR('',#14602,1.);
#14602 = DIRECTION('',(9.245679891946E-32,2.22044604925E-16,1.));
#14603 = ORIENTED_EDGE('',*,*,#14604,.T.);
#14604 = EDGE_CURVE('',#14597,#14605,#14607,.T.);
#14605 = VERTEX_POINT('',#14606);
#14606 = CARTESIAN_POINT('',(-1.975,0.13,1.7396));
#14607 = LINE('',#14608,#14609);
#14608 = CARTESIAN_POINT('',(-0.9875,0.13,1.7396));
#14609 = VECTOR('',#14610,1.);
#14610 = DIRECTION('',(-1.,0.,0.));
#14611 = ORIENTED_EDGE('',*,*,#14612,.T.);
#14612 = EDGE_CURVE('',#14605,#11851,#14613,.T.);
#14613 = LINE('',#14614,#14615);
#14614 = CARTESIAN_POINT('',(-1.975,0.13,1.347729397085));
#14615 = VECTOR('',#14616,1.);
#14616 = DIRECTION('',(9.245679891946E-32,2.22044604925E-16,1.));
#14617 = ORIENTED_EDGE('',*,*,#11858,.T.);
#14618 = ORIENTED_EDGE('',*,*,#11786,.T.);
#14619 = ORIENTED_EDGE('',*,*,#11730,.T.);
#14620 = ORIENTED_EDGE('',*,*,#11682,.T.);
#14621 = ORIENTED_EDGE('',*,*,#11626,.T.);
#14622 = ORIENTED_EDGE('',*,*,#14623,.F.);
#14623 = EDGE_CURVE('',#14624,#11627,#14626,.T.);
#14624 = VERTEX_POINT('',#14625);
#14625 = CARTESIAN_POINT('',(-3.025,0.13,1.7396));
#14626 = LINE('',#14627,#14628);
#14627 = CARTESIAN_POINT('',(-3.025,0.13,1.347729397085));
#14628 = VECTOR('',#14629,1.);
#14629 = DIRECTION('',(9.245679891946E-32,2.22044604925E-16,1.));
#14630 = ORIENTED_EDGE('',*,*,#14631,.T.);
#14631 = EDGE_CURVE('',#14624,#14632,#14634,.T.);
#14632 = VERTEX_POINT('',#14633);
#14633 = CARTESIAN_POINT('',(-3.225,0.13,1.7396));
#14634 = LINE('',#14635,#14636);
#14635 = CARTESIAN_POINT('',(-1.6125,0.13,1.7396));
#14636 = VECTOR('',#14637,1.);
#14637 = DIRECTION('',(-1.,0.,0.));
#14638 = ORIENTED_EDGE('',*,*,#14639,.T.);
#14639 = EDGE_CURVE('',#14632,#11371,#14640,.T.);
#14640 = LINE('',#14641,#14642);
#14641 = CARTESIAN_POINT('',(-3.225,0.13,1.347729397085));
#14642 = VECTOR('',#14643,1.);
#14643 = DIRECTION('',(9.245679891946E-32,2.22044604925E-16,1.));
#14644 = ORIENTED_EDGE('',*,*,#11378,.T.);
#14645 = ORIENTED_EDGE('',*,*,#11306,.T.);
#14646 = ORIENTED_EDGE('',*,*,#11250,.T.);
#14647 = ORIENTED_EDGE('',*,*,#11202,.T.);
#14648 = ORIENTED_EDGE('',*,*,#11154,.T.);
#14649 = ORIENTED_EDGE('',*,*,#11106,.T.);
#14650 = FACE_BOUND('',#14651,.T.);
#14651 = EDGE_LOOP('',(#14652,#14662,#14670,#14678));
#14652 = ORIENTED_EDGE('',*,*,#14653,.T.);
#14653 = EDGE_CURVE('',#14654,#14656,#14658,.T.);
#14654 = VERTEX_POINT('',#14655);
#14655 = CARTESIAN_POINT('',(0.525,0.13,0.6696));
#14656 = VERTEX_POINT('',#14657);
#14657 = CARTESIAN_POINT('',(0.525,0.13,0.9996));
#14658 = LINE('',#14659,#14660);
#14659 = CARTESIAN_POINT('',(0.525,0.13,1.347729397085));
#14660 = VECTOR('',#14661,1.);
#14661 = DIRECTION('',(9.245679891946E-32,2.22044604925E-16,1.));
#14662 = ORIENTED_EDGE('',*,*,#14663,.T.);
#14663 = EDGE_CURVE('',#14656,#14664,#14666,.T.);
#14664 = VERTEX_POINT('',#14665);
#14665 = CARTESIAN_POINT('',(0.725,0.13,0.9996));
#14666 = LINE('',#14667,#14668);
#14667 = CARTESIAN_POINT('',(0.2625,0.13,0.9996));
#14668 = VECTOR('',#14669,1.);
#14669 = DIRECTION('',(1.,0.,0.));
#14670 = ORIENTED_EDGE('',*,*,#14671,.F.);
#14671 = EDGE_CURVE('',#14672,#14664,#14674,.T.);
#14672 = VERTEX_POINT('',#14673);
#14673 = CARTESIAN_POINT('',(0.725,0.13,0.6696));
#14674 = LINE('',#14675,#14676);
#14675 = CARTESIAN_POINT('',(0.725,0.13,1.347729397085));
#14676 = VECTOR('',#14677,1.);
#14677 = DIRECTION('',(9.245679891946E-32,2.22044604925E-16,1.));
#14678 = ORIENTED_EDGE('',*,*,#14679,.T.);
#14679 = EDGE_CURVE('',#14672,#14654,#14680,.T.);
#14680 = LINE('',#14681,#14682);
#14681 = CARTESIAN_POINT('',(0.2625,0.13,0.6696));
#14682 = VECTOR('',#14683,1.);
#14683 = DIRECTION('',(-1.,0.,0.));
#14684 = FACE_BOUND('',#14685,.T.);
#14685 = EDGE_LOOP('',(#14686,#14696,#14704,#14712));
#14686 = ORIENTED_EDGE('',*,*,#14687,.T.);
#14687 = EDGE_CURVE('',#14688,#14690,#14692,.T.);
#14688 = VERTEX_POINT('',#14689);
#14689 = CARTESIAN_POINT('',(-0.725,0.13,0.6696));
#14690 = VERTEX_POINT('',#14691);
#14691 = CARTESIAN_POINT('',(-0.725,0.13,0.9996));
#14692 = LINE('',#14693,#14694);
#14693 = CARTESIAN_POINT('',(-0.725,0.13,1.347729397085));
#14694 = VECTOR('',#14695,1.);
#14695 = DIRECTION('',(9.245679891946E-32,2.22044604925E-16,1.));
#14696 = ORIENTED_EDGE('',*,*,#14697,.T.);
#14697 = EDGE_CURVE('',#14690,#14698,#14700,.T.);
#14698 = VERTEX_POINT('',#14699);
#14699 = CARTESIAN_POINT('',(-0.525,0.13,0.9996));
#14700 = LINE('',#14701,#14702);
#14701 = CARTESIAN_POINT('',(-0.3625,0.13,0.9996));
#14702 = VECTOR('',#14703,1.);
#14703 = DIRECTION('',(1.,0.,0.));
#14704 = ORIENTED_EDGE('',*,*,#14705,.F.);
#14705 = EDGE_CURVE('',#14706,#14698,#14708,.T.);
#14706 = VERTEX_POINT('',#14707);
#14707 = CARTESIAN_POINT('',(-0.525,0.13,0.6696));
#14708 = LINE('',#14709,#14710);
#14709 = CARTESIAN_POINT('',(-0.525,0.13,1.347729397085));
#14710 = VECTOR('',#14711,1.);
#14711 = DIRECTION('',(9.245679891946E-32,2.22044604925E-16,1.));
#14712 = ORIENTED_EDGE('',*,*,#14713,.T.);
#14713 = EDGE_CURVE('',#14706,#14688,#14714,.T.);
#14714 = LINE('',#14715,#14716);
#14715 = CARTESIAN_POINT('',(-0.3625,0.13,0.6696));
#14716 = VECTOR('',#14717,1.);
#14717 = DIRECTION('',(-1.,0.,0.));
#14718 = FACE_BOUND('',#14719,.T.);
#14719 = EDGE_LOOP('',(#14720,#14730,#14738,#14746));
#14720 = ORIENTED_EDGE('',*,*,#14721,.T.);
#14721 = EDGE_CURVE('',#14722,#14724,#14726,.T.);
#14722 = VERTEX_POINT('',#14723);
#14723 = CARTESIAN_POINT('',(-1.975,0.13,0.6696));
#14724 = VERTEX_POINT('',#14725);
#14725 = CARTESIAN_POINT('',(-1.975,0.13,0.9996));
#14726 = LINE('',#14727,#14728);
#14727 = CARTESIAN_POINT('',(-1.975,0.13,1.347729397085));
#14728 = VECTOR('',#14729,1.);
#14729 = DIRECTION('',(9.245679891946E-32,2.22044604925E-16,1.));
#14730 = ORIENTED_EDGE('',*,*,#14731,.T.);
#14731 = EDGE_CURVE('',#14724,#14732,#14734,.T.);
#14732 = VERTEX_POINT('',#14733);
#14733 = CARTESIAN_POINT('',(-1.775,0.13,0.9996));
#14734 = LINE('',#14735,#14736);
#14735 = CARTESIAN_POINT('',(-0.9875,0.13,0.9996));
#14736 = VECTOR('',#14737,1.);
#14737 = DIRECTION('',(1.,0.,0.));
#14738 = ORIENTED_EDGE('',*,*,#14739,.F.);
#14739 = EDGE_CURVE('',#14740,#14732,#14742,.T.);
#14740 = VERTEX_POINT('',#14741);
#14741 = CARTESIAN_POINT('',(-1.775,0.13,0.6696));
#14742 = LINE('',#14743,#14744);
#14743 = CARTESIAN_POINT('',(-1.775,0.13,1.347729397085));
#14744 = VECTOR('',#14745,1.);
#14745 = DIRECTION('',(9.245679891946E-32,2.22044604925E-16,1.));
#14746 = ORIENTED_EDGE('',*,*,#14747,.T.);
#14747 = EDGE_CURVE('',#14740,#14722,#14748,.T.);
#14748 = LINE('',#14749,#14750);
#14749 = CARTESIAN_POINT('',(-0.9875,0.13,0.6696));
#14750 = VECTOR('',#14751,1.);
#14751 = DIRECTION('',(-1.,0.,0.));
#14752 = FACE_BOUND('',#14753,.T.);
#14753 = EDGE_LOOP('',(#14754,#14764,#14772,#14780));
#14754 = ORIENTED_EDGE('',*,*,#14755,.T.);
#14755 = EDGE_CURVE('',#14756,#14758,#14760,.T.);
#14756 = VERTEX_POINT('',#14757);
#14757 = CARTESIAN_POINT('',(-3.025,0.13,0.6696));
#14758 = VERTEX_POINT('',#14759);
#14759 = CARTESIAN_POINT('',(-3.225,0.13,0.6696));
#14760 = LINE('',#14761,#14762);
#14761 = CARTESIAN_POINT('',(-1.6125,0.13,0.6696));
#14762 = VECTOR('',#14763,1.);
#14763 = DIRECTION('',(-1.,0.,0.));
#14764 = ORIENTED_EDGE('',*,*,#14765,.T.);
#14765 = EDGE_CURVE('',#14758,#14766,#14768,.T.);
#14766 = VERTEX_POINT('',#14767);
#14767 = CARTESIAN_POINT('',(-3.225,0.13,0.9996));
#14768 = LINE('',#14769,#14770);
#14769 = CARTESIAN_POINT('',(-3.225,0.13,1.347729397085));
#14770 = VECTOR('',#14771,1.);
#14771 = DIRECTION('',(9.245679891946E-32,2.22044604925E-16,1.));
#14772 = ORIENTED_EDGE('',*,*,#14773,.T.);
#14773 = EDGE_CURVE('',#14766,#14774,#14776,.T.);
#14774 = VERTEX_POINT('',#14775);
#14775 = CARTESIAN_POINT('',(-3.025,0.13,0.9996));
#14776 = LINE('',#14777,#14778);
#14777 = CARTESIAN_POINT('',(-1.6125,0.13,0.9996));
#14778 = VECTOR('',#14779,1.);
#14779 = DIRECTION('',(1.,0.,0.));
#14780 = ORIENTED_EDGE('',*,*,#14781,.F.);
#14781 = EDGE_CURVE('',#14756,#14774,#14782,.T.);
#14782 = LINE('',#14783,#14784);
#14783 = CARTESIAN_POINT('',(-3.025,0.13,1.347729397085));
#14784 = VECTOR('',#14785,1.);
#14785 = DIRECTION('',(9.245679891946E-32,2.22044604925E-16,1.));
#14786 = FACE_BOUND('',#14787,.T.);
#14787 = EDGE_LOOP('',(#14788,#14798,#14806,#14814));
#14788 = ORIENTED_EDGE('',*,*,#14789,.T.);
#14789 = EDGE_CURVE('',#14790,#14792,#14794,.T.);
#14790 = VERTEX_POINT('',#14791);
#14791 = CARTESIAN_POINT('',(3.025,0.13,0.6696));
#14792 = VERTEX_POINT('',#14793);
#14793 = CARTESIAN_POINT('',(3.025,0.13,0.9996));
#14794 = LINE('',#14795,#14796);
#14795 = CARTESIAN_POINT('',(3.025,0.13,1.347729397085));
#14796 = VECTOR('',#14797,1.);
#14797 = DIRECTION('',(9.245679891946E-32,2.22044604925E-16,1.));
#14798 = ORIENTED_EDGE('',*,*,#14799,.T.);
#14799 = EDGE_CURVE('',#14792,#14800,#14802,.T.);
#14800 = VERTEX_POINT('',#14801);
#14801 = CARTESIAN_POINT('',(3.225,0.13,0.9996));
#14802 = LINE('',#14803,#14804);
#14803 = CARTESIAN_POINT('',(1.5125,0.13,0.9996));
#14804 = VECTOR('',#14805,1.);
#14805 = DIRECTION('',(1.,0.,0.));
#14806 = ORIENTED_EDGE('',*,*,#14807,.F.);
#14807 = EDGE_CURVE('',#14808,#14800,#14810,.T.);
#14808 = VERTEX_POINT('',#14809);
#14809 = CARTESIAN_POINT('',(3.225,0.13,0.6696));
#14810 = LINE('',#14811,#14812);
#14811 = CARTESIAN_POINT('',(3.225,0.13,1.347729397085));
#14812 = VECTOR('',#14813,1.);
#14813 = DIRECTION('',(9.245679891946E-32,2.22044604925E-16,1.));
#14814 = ORIENTED_EDGE('',*,*,#14815,.T.);
#14815 = EDGE_CURVE('',#14808,#14790,#14816,.T.);
#14816 = LINE('',#14817,#14818);
#14817 = CARTESIAN_POINT('',(1.5125,0.13,0.6696));
#14818 = VECTOR('',#14819,1.);
#14819 = DIRECTION('',(-1.,0.,0.));
#14820 = FACE_BOUND('',#14821,.T.);
#14821 = EDGE_LOOP('',(#14822,#14832,#14840,#14848));
#14822 = ORIENTED_EDGE('',*,*,#14823,.T.);
#14823 = EDGE_CURVE('',#14824,#14826,#14828,.T.);
#14824 = VERTEX_POINT('',#14825);
#14825 = CARTESIAN_POINT('',(1.775,0.13,0.6696));
#14826 = VERTEX_POINT('',#14827);
#14827 = CARTESIAN_POINT('',(1.775,0.13,0.9996));
#14828 = LINE('',#14829,#14830);
#14829 = CARTESIAN_POINT('',(1.775,0.13,1.347729397085));
#14830 = VECTOR('',#14831,1.);
#14831 = DIRECTION('',(9.245679891946E-32,2.22044604925E-16,1.));
#14832 = ORIENTED_EDGE('',*,*,#14833,.T.);
#14833 = EDGE_CURVE('',#14826,#14834,#14836,.T.);
#14834 = VERTEX_POINT('',#14835);
#14835 = CARTESIAN_POINT('',(1.975,0.13,0.9996));
#14836 = LINE('',#14837,#14838);
#14837 = CARTESIAN_POINT('',(0.8875,0.13,0.9996));
#14838 = VECTOR('',#14839,1.);
#14839 = DIRECTION('',(1.,0.,0.));
#14840 = ORIENTED_EDGE('',*,*,#14841,.F.);
#14841 = EDGE_CURVE('',#14842,#14834,#14844,.T.);
#14842 = VERTEX_POINT('',#14843);
#14843 = CARTESIAN_POINT('',(1.975,0.13,0.6696));
#14844 = LINE('',#14845,#14846);
#14845 = CARTESIAN_POINT('',(1.975,0.13,1.347729397085));
#14846 = VECTOR('',#14847,1.);
#14847 = DIRECTION('',(9.245679891946E-32,2.22044604925E-16,1.));
#14848 = ORIENTED_EDGE('',*,*,#14849,.T.);
#14849 = EDGE_CURVE('',#14842,#14824,#14850,.T.);
#14850 = LINE('',#14851,#14852);
#14851 = CARTESIAN_POINT('',(0.8875,0.13,0.6696));
#14852 = VECTOR('',#14853,1.);
#14853 = DIRECTION('',(-1.,0.,0.));
#14854 = PLANE('',#14855);
#14855 = AXIS2_PLACEMENT_3D('',#14856,#14857,#14858);
#14856 = CARTESIAN_POINT('',(1.296610831679E-16,0.13,1.568175182482));
#14857 = DIRECTION('',(0.,-1.,2.22044604925E-16));
#14858 = DIRECTION('',(0.,2.22044604925E-16,1.));
#14859 = ADVANCED_FACE('',(#14860),#14886,.T.);
#14860 = FACE_BOUND('',#14861,.T.);
#14861 = EDGE_LOOP('',(#14862,#14863,#14864,#14872,#14880));
#14862 = ORIENTED_EDGE('',*,*,#14488,.T.);
#14863 = ORIENTED_EDGE('',*,*,#11275,.F.);
#14864 = ORIENTED_EDGE('',*,*,#14865,.T.);
#14865 = EDGE_CURVE('',#11276,#14866,#14868,.T.);
#14866 = VERTEX_POINT('',#14867);
#14867 = CARTESIAN_POINT('',(3.225,-1.8446,1.6696));
#14868 = LINE('',#14869,#14870);
#14869 = CARTESIAN_POINT('',(3.225,-2.2446,2.0696));
#14870 = VECTOR('',#14871,1.);
#14871 = DIRECTION('',(0.,0.707106781187,-0.707106781187));
#14872 = ORIENTED_EDGE('',*,*,#14873,.T.);
#14873 = EDGE_CURVE('',#14866,#14874,#14876,.T.);
#14874 = VERTEX_POINT('',#14875);
#14875 = CARTESIAN_POINT('',(3.225,-1.8446,1.7396));
#14876 = LINE('',#14877,#14878);
#14877 = CARTESIAN_POINT('',(3.225,-1.8446,1.6696));
#14878 = VECTOR('',#14879,1.);
#14879 = DIRECTION('',(0.,0.,1.));
#14880 = ORIENTED_EDGE('',*,*,#14881,.T.);
#14881 = EDGE_CURVE('',#14874,#14489,#14882,.T.);
#14882 = LINE('',#14883,#14884);
#14883 = CARTESIAN_POINT('',(3.225,-1.8446,1.7396));
#14884 = VECTOR('',#14885,1.);
#14885 = DIRECTION('',(0.,1.,0.));
#14886 = PLANE('',#14887);
#14887 = AXIS2_PLACEMENT_3D('',#14888,#14889,#14890);
#14888 = CARTESIAN_POINT('',(3.225,1.293108022955E-02,1.127283611688));
#14889 = DIRECTION('',(1.,-9.003329844341E-33,-9.245679891946E-32));
#14890 = DIRECTION('',(9.245679891946E-32,0.,1.));
#14891 = ADVANCED_FACE('',(#14892),#14903,.T.);
#14892 = FACE_BOUND('',#14893,.T.);
#14893 = EDGE_LOOP('',(#14894,#14900,#14901,#14902));
#14894 = ORIENTED_EDGE('',*,*,#14895,.T.);
#14895 = EDGE_CURVE('',#11461,#11333,#14896,.T.);
#14896 = LINE('',#14897,#14898);
#14897 = CARTESIAN_POINT('',(1.5125,0.13,2.0696));
#14898 = VECTOR('',#14899,1.);
#14899 = DIRECTION('',(1.,0.,0.));
#14900 = ORIENTED_EDGE('',*,*,#11340,.T.);
#14901 = ORIENTED_EDGE('',*,*,#11395,.T.);
#14902 = ORIENTED_EDGE('',*,*,#11460,.T.);
#14903 = PLANE('',#14904);
#14904 = AXIS2_PLACEMENT_3D('',#14905,#14906,#14907);
#14905 = CARTESIAN_POINT('',(1.296610831679E-16,0.13,1.568175182482));
#14906 = DIRECTION('',(0.,-1.,2.22044604925E-16));
#14907 = DIRECTION('',(0.,2.22044604925E-16,1.));
#14908 = ADVANCED_FACE('',(#14909),#14920,.F.);
#14909 = FACE_BOUND('',#14910,.F.);
#14910 = EDGE_LOOP('',(#14911,#14912,#14913,#14914));
#14911 = ORIENTED_EDGE('',*,*,#11468,.F.);
#14912 = ORIENTED_EDGE('',*,*,#14895,.T.);
#14913 = ORIENTED_EDGE('',*,*,#11332,.T.);
#14914 = ORIENTED_EDGE('',*,*,#14915,.F.);
#14915 = EDGE_CURVE('',#11469,#11325,#14916,.T.);
#14916 = LINE('',#14917,#14918);
#14917 = CARTESIAN_POINT('',(3.025,-2.2446,2.0696));
#14918 = VECTOR('',#14919,1.);
#14919 = DIRECTION('',(1.,0.,0.));
#14920 = PLANE('',#14921);
#14921 = AXIS2_PLACEMENT_3D('',#14922,#14923,#14924);
#14922 = CARTESIAN_POINT('',(3.025,1.1054,2.0696));
#14923 = DIRECTION('',(0.,0.,-1.));
#14924 = DIRECTION('',(0.,-1.,0.));
#14925 = ADVANCED_FACE('',(#14926),#14946,.F.);
#14926 = FACE_BOUND('',#14927,.F.);
#14927 = EDGE_LOOP('',(#14928,#14929,#14930,#14931,#14939,#14945));
#14928 = ORIENTED_EDGE('',*,*,#14915,.T.);
#14929 = ORIENTED_EDGE('',*,*,#11324,.T.);
#14930 = ORIENTED_EDGE('',*,*,#14865,.T.);
#14931 = ORIENTED_EDGE('',*,*,#14932,.F.);
#14932 = EDGE_CURVE('',#14933,#14866,#14935,.T.);
#14933 = VERTEX_POINT('',#14934);
#14934 = CARTESIAN_POINT('',(3.025,-1.8446,1.6696));
#14935 = LINE('',#14936,#14937);
#14936 = CARTESIAN_POINT('',(3.025,-1.8446,1.6696));
#14937 = VECTOR('',#14938,1.);
#14938 = DIRECTION('',(1.,0.,0.));
#14939 = ORIENTED_EDGE('',*,*,#14940,.F.);
#14940 = EDGE_CURVE('',#11477,#14933,#14941,.T.);
#14941 = LINE('',#14942,#14943);
#14942 = CARTESIAN_POINT('',(3.025,-2.2446,2.0696));
#14943 = VECTOR('',#14944,1.);
#14944 = DIRECTION('',(0.,0.707106781187,-0.707106781187));
#14945 = ORIENTED_EDGE('',*,*,#11476,.F.);
#14946 = PLANE('',#14947);
#14947 = AXIS2_PLACEMENT_3D('',#14948,#14949,#14950);
#14948 = CARTESIAN_POINT('',(3.025,-2.2446,2.0696));
#14949 = DIRECTION('',(0.,0.707106781187,0.707106781187));
#14950 = DIRECTION('',(0.,0.707106781187,-0.707106781187));
#14951 = ADVANCED_FACE('',(#14952),#14978,.F.);
#14952 = FACE_BOUND('',#14953,.F.);
#14953 = EDGE_LOOP('',(#14954,#14955,#14956,#14964,#14972));
#14954 = ORIENTED_EDGE('',*,*,#14639,.T.);
#14955 = ORIENTED_EDGE('',*,*,#11370,.F.);
#14956 = ORIENTED_EDGE('',*,*,#14957,.T.);
#14957 = EDGE_CURVE('',#11363,#14958,#14960,.T.);
#14958 = VERTEX_POINT('',#14959);
#14959 = CARTESIAN_POINT('',(-3.225,-1.8446,1.6696));
#14960 = LINE('',#14961,#14962);
#14961 = CARTESIAN_POINT('',(-3.225,-2.2446,2.0696));
#14962 = VECTOR('',#14963,1.);
#14963 = DIRECTION('',(0.,0.707106781187,-0.707106781187));
#14964 = ORIENTED_EDGE('',*,*,#14965,.T.);
#14965 = EDGE_CURVE('',#14958,#14966,#14968,.T.);
#14966 = VERTEX_POINT('',#14967);
#14967 = CARTESIAN_POINT('',(-3.225,-1.8446,1.7396));
#14968 = LINE('',#14969,#14970);
#14969 = CARTESIAN_POINT('',(-3.225,-1.8446,1.6696));
#14970 = VECTOR('',#14971,1.);
#14971 = DIRECTION('',(0.,0.,1.));
#14972 = ORIENTED_EDGE('',*,*,#14973,.T.);
#14973 = EDGE_CURVE('',#14966,#14632,#14974,.T.);
#14974 = LINE('',#14975,#14976);
#14975 = CARTESIAN_POINT('',(-3.225,-1.8446,1.7396));
#14976 = VECTOR('',#14977,1.);
#14977 = DIRECTION('',(0.,1.,0.));
#14978 = PLANE('',#14979);
#14979 = AXIS2_PLACEMENT_3D('',#14980,#14981,#14982);
#14980 = CARTESIAN_POINT('',(-3.225,1.293108022955E-02,1.127283611688));
#14981 = DIRECTION('',(1.,-9.003329844341E-33,-9.245679891946E-32));
#14982 = DIRECTION('',(9.245679891946E-32,0.,1.));
#14983 = ADVANCED_FACE('',(#14984),#15009,.F.);
#14984 = FACE_BOUND('',#14985,.F.);
#14985 = EDGE_LOOP('',(#14986,#14992,#14993,#15001,#15007,#15008));
#14986 = ORIENTED_EDGE('',*,*,#14987,.T.);
#14987 = EDGE_CURVE('',#11436,#11564,#14988,.T.);
#14988 = LINE('',#14989,#14990);
#14989 = CARTESIAN_POINT('',(-3.225,-2.2446,2.0696));
#14990 = VECTOR('',#14991,1.);
#14991 = DIRECTION('',(1.,0.,0.));
#14992 = ORIENTED_EDGE('',*,*,#11563,.T.);
#14993 = ORIENTED_EDGE('',*,*,#14994,.T.);
#14994 = EDGE_CURVE('',#11556,#14995,#14997,.T.);
#14995 = VERTEX_POINT('',#14996);
#14996 = CARTESIAN_POINT('',(-3.025,-1.8446,1.6696));
#14997 = LINE('',#14998,#14999);
#14998 = CARTESIAN_POINT('',(-3.025,-2.2446,2.0696));
#14999 = VECTOR('',#15000,1.);
#15000 = DIRECTION('',(0.,0.707106781187,-0.707106781187));
#15001 = ORIENTED_EDGE('',*,*,#15002,.F.);
#15002 = EDGE_CURVE('',#14958,#14995,#15003,.T.);
#15003 = LINE('',#15004,#15005);
#15004 = CARTESIAN_POINT('',(-3.225,-1.8446,1.6696));
#15005 = VECTOR('',#15006,1.);
#15006 = DIRECTION('',(1.,0.,0.));
#15007 = ORIENTED_EDGE('',*,*,#14957,.F.);
#15008 = ORIENTED_EDGE('',*,*,#11443,.F.);
#15009 = PLANE('',#15010);
#15010 = AXIS2_PLACEMENT_3D('',#15011,#15012,#15013);
#15011 = CARTESIAN_POINT('',(-3.225,-2.2446,2.0696));
#15012 = DIRECTION('',(0.,0.707106781187,0.707106781187));
#15013 = DIRECTION('',(0.,0.707106781187,-0.707106781187));
#15014 = ADVANCED_FACE('',(#15015),#15026,.F.);
#15015 = FACE_BOUND('',#15016,.F.);
#15016 = EDGE_LOOP('',(#15017,#15018,#15024,#15025));
#15017 = ORIENTED_EDGE('',*,*,#11435,.F.);
#15018 = ORIENTED_EDGE('',*,*,#15019,.T.);
#15019 = EDGE_CURVE('',#11428,#11572,#15020,.T.);
#15020 = LINE('',#15021,#15022);
#15021 = CARTESIAN_POINT('',(-1.6125,0.13,2.0696));
#15022 = VECTOR('',#15023,1.);
#15023 = DIRECTION('',(1.,0.,0.));
#15024 = ORIENTED_EDGE('',*,*,#11571,.T.);
#15025 = ORIENTED_EDGE('',*,*,#14987,.F.);
#15026 = PLANE('',#15027);
#15027 = AXIS2_PLACEMENT_3D('',#15028,#15029,#15030);
#15028 = CARTESIAN_POINT('',(-3.225,1.1054,2.0696));
#15029 = DIRECTION('',(0.,0.,-1.));
#15030 = DIRECTION('',(0.,-1.,0.));
#15031 = ADVANCED_FACE('',(#15032),#15038,.T.);
#15032 = FACE_BOUND('',#15033,.T.);
#15033 = EDGE_LOOP('',(#15034,#15035,#15036,#15037));
#15034 = ORIENTED_EDGE('',*,*,#11427,.T.);
#15035 = ORIENTED_EDGE('',*,*,#15019,.T.);
#15036 = ORIENTED_EDGE('',*,*,#11579,.T.);
#15037 = ORIENTED_EDGE('',*,*,#11506,.T.);
#15038 = PLANE('',#15039);
#15039 = AXIS2_PLACEMENT_3D('',#15040,#15041,#15042);
#15040 = CARTESIAN_POINT('',(1.296610831679E-16,0.13,1.568175182482));
#15041 = DIRECTION('',(0.,-1.,2.22044604925E-16));
#15042 = DIRECTION('',(0.,2.22044604925E-16,1.));
#15043 = ADVANCED_FACE('',(#15044),#15063,.F.);
#15044 = FACE_BOUND('',#15045,.F.);
#15045 = EDGE_LOOP('',(#15046,#15047,#15048,#15049,#15057));
#15046 = ORIENTED_EDGE('',*,*,#14504,.T.);
#15047 = ORIENTED_EDGE('',*,*,#11523,.F.);
#15048 = ORIENTED_EDGE('',*,*,#14940,.T.);
#15049 = ORIENTED_EDGE('',*,*,#15050,.T.);
#15050 = EDGE_CURVE('',#14933,#15051,#15053,.T.);
#15051 = VERTEX_POINT('',#15052);
#15052 = CARTESIAN_POINT('',(3.025,-1.8446,1.7396));
#15053 = LINE('',#15054,#15055);
#15054 = CARTESIAN_POINT('',(3.025,-1.8446,1.6696));
#15055 = VECTOR('',#15056,1.);
#15056 = DIRECTION('',(0.,0.,1.));
#15057 = ORIENTED_EDGE('',*,*,#15058,.T.);
#15058 = EDGE_CURVE('',#15051,#14497,#15059,.T.);
#15059 = LINE('',#15060,#15061);
#15060 = CARTESIAN_POINT('',(3.025,-1.8446,1.7396));
#15061 = VECTOR('',#15062,1.);
#15062 = DIRECTION('',(0.,1.,0.));
#15063 = PLANE('',#15064);
#15064 = AXIS2_PLACEMENT_3D('',#15065,#15066,#15067);
#15065 = CARTESIAN_POINT('',(3.025,1.293108022955E-02,1.127283611688));
#15066 = DIRECTION('',(1.,-9.003329844341E-33,-9.245679891946E-32));
#15067 = DIRECTION('',(9.245679891946E-32,0.,1.));
#15068 = ADVANCED_FACE('',(#15069),#15088,.T.);
#15069 = FACE_BOUND('',#15070,.T.);
#15070 = EDGE_LOOP('',(#15071,#15072,#15073,#15074,#15082));
#15071 = ORIENTED_EDGE('',*,*,#14623,.T.);
#15072 = ORIENTED_EDGE('',*,*,#11634,.F.);
#15073 = ORIENTED_EDGE('',*,*,#14994,.T.);
#15074 = ORIENTED_EDGE('',*,*,#15075,.T.);
#15075 = EDGE_CURVE('',#14995,#15076,#15078,.T.);
#15076 = VERTEX_POINT('',#15077);
#15077 = CARTESIAN_POINT('',(-3.025,-1.8446,1.7396));
#15078 = LINE('',#15079,#15080);
#15079 = CARTESIAN_POINT('',(-3.025,-1.8446,1.6696));
#15080 = VECTOR('',#15081,1.);
#15081 = DIRECTION('',(0.,0.,1.));
#15082 = ORIENTED_EDGE('',*,*,#15083,.T.);
#15083 = EDGE_CURVE('',#15076,#14624,#15084,.T.);
#15084 = LINE('',#15085,#15086);
#15085 = CARTESIAN_POINT('',(-3.025,-1.8446,1.7396));
#15086 = VECTOR('',#15087,1.);
#15087 = DIRECTION('',(0.,1.,0.));
#15088 = PLANE('',#15089);
#15089 = AXIS2_PLACEMENT_3D('',#15090,#15091,#15092);
#15090 = CARTESIAN_POINT('',(-3.025,1.293108022955E-02,1.127283611688));
#15091 = DIRECTION('',(1.,-9.003329844341E-33,-9.245679891946E-32));
#15092 = DIRECTION('',(9.245679891946E-32,0.,1.));
#15093 = ADVANCED_FACE('',(#15094),#15120,.T.);
#15094 = FACE_BOUND('',#15095,.T.);
#15095 = EDGE_LOOP('',(#15096,#15097,#15098,#15106,#15114));
#15096 = ORIENTED_EDGE('',*,*,#14515,.T.);
#15097 = ORIENTED_EDGE('',*,*,#11755,.F.);
#15098 = ORIENTED_EDGE('',*,*,#15099,.T.);
#15099 = EDGE_CURVE('',#11756,#15100,#15102,.T.);
#15100 = VERTEX_POINT('',#15101);
#15101 = CARTESIAN_POINT('',(1.975,-1.8446,1.6696));
#15102 = LINE('',#15103,#15104);
#15103 = CARTESIAN_POINT('',(1.975,-2.2446,2.0696));
#15104 = VECTOR('',#15105,1.);
#15105 = DIRECTION('',(0.,0.707106781187,-0.707106781187));
#15106 = ORIENTED_EDGE('',*,*,#15107,.T.);
#15107 = EDGE_CURVE('',#15100,#15108,#15110,.T.);
#15108 = VERTEX_POINT('',#15109);
#15109 = CARTESIAN_POINT('',(1.975,-1.8446,1.7396));
#15110 = LINE('',#15111,#15112);
#15111 = CARTESIAN_POINT('',(1.975,-1.8446,1.6696));
#15112 = VECTOR('',#15113,1.);
#15113 = DIRECTION('',(0.,0.,1.));
#15114 = ORIENTED_EDGE('',*,*,#15115,.T.);
#15115 = EDGE_CURVE('',#15108,#14516,#15116,.T.);
#15116 = LINE('',#15117,#15118);
#15117 = CARTESIAN_POINT('',(1.975,-1.8446,1.7396));
#15118 = VECTOR('',#15119,1.);
#15119 = DIRECTION('',(0.,1.,0.));
#15120 = PLANE('',#15121);
#15121 = AXIS2_PLACEMENT_3D('',#15122,#15123,#15124);
#15122 = CARTESIAN_POINT('',(1.975,1.293108022955E-02,1.127283611688));
#15123 = DIRECTION('',(1.,-9.003329844341E-33,-9.245679891946E-32));
#15124 = DIRECTION('',(9.245679891946E-32,0.,1.));
#15125 = ADVANCED_FACE('',(#15126),#15137,.T.);
#15126 = FACE_BOUND('',#15127,.T.);
#15127 = EDGE_LOOP('',(#15128,#15134,#15135,#15136));
#15128 = ORIENTED_EDGE('',*,*,#15129,.T.);
#15129 = EDGE_CURVE('',#11941,#11813,#15130,.T.);
#15130 = LINE('',#15131,#15132);
#15131 = CARTESIAN_POINT('',(0.8875,0.13,2.0696));
#15132 = VECTOR('',#15133,1.);
#15133 = DIRECTION('',(1.,0.,0.));
#15134 = ORIENTED_EDGE('',*,*,#11820,.T.);
#15135 = ORIENTED_EDGE('',*,*,#11875,.T.);
#15136 = ORIENTED_EDGE('',*,*,#11940,.T.);
#15137 = PLANE('',#15138);
#15138 = AXIS2_PLACEMENT_3D('',#15139,#15140,#15141);
#15139 = CARTESIAN_POINT('',(1.296610831679E-16,0.13,1.568175182482));
#15140 = DIRECTION('',(0.,-1.,2.22044604925E-16));
#15141 = DIRECTION('',(0.,2.22044604925E-16,1.));
#15142 = ADVANCED_FACE('',(#15143),#15154,.F.);
#15143 = FACE_BOUND('',#15144,.F.);
#15144 = EDGE_LOOP('',(#15145,#15146,#15147,#15148));
#15145 = ORIENTED_EDGE('',*,*,#11948,.F.);
#15146 = ORIENTED_EDGE('',*,*,#15129,.T.);
#15147 = ORIENTED_EDGE('',*,*,#11812,.T.);
#15148 = ORIENTED_EDGE('',*,*,#15149,.F.);
#15149 = EDGE_CURVE('',#11949,#11805,#15150,.T.);
#15150 = LINE('',#15151,#15152);
#15151 = CARTESIAN_POINT('',(1.775,-2.2446,2.0696));
#15152 = VECTOR('',#15153,1.);
#15153 = DIRECTION('',(1.,0.,0.));
#15154 = PLANE('',#15155);
#15155 = AXIS2_PLACEMENT_3D('',#15156,#15157,#15158);
#15156 = CARTESIAN_POINT('',(1.775,1.1054,2.0696));
#15157 = DIRECTION('',(0.,0.,-1.));
#15158 = DIRECTION('',(0.,-1.,0.));
#15159 = ADVANCED_FACE('',(#15160),#15180,.F.);
#15160 = FACE_BOUND('',#15161,.F.);
#15161 = EDGE_LOOP('',(#15162,#15163,#15164,#15165,#15173,#15179));
#15162 = ORIENTED_EDGE('',*,*,#15149,.T.);
#15163 = ORIENTED_EDGE('',*,*,#11804,.T.);
#15164 = ORIENTED_EDGE('',*,*,#15099,.T.);
#15165 = ORIENTED_EDGE('',*,*,#15166,.F.);
#15166 = EDGE_CURVE('',#15167,#15100,#15169,.T.);
#15167 = VERTEX_POINT('',#15168);
#15168 = CARTESIAN_POINT('',(1.775,-1.8446,1.6696));
#15169 = LINE('',#15170,#15171);
#15170 = CARTESIAN_POINT('',(1.775,-1.8446,1.6696));
#15171 = VECTOR('',#15172,1.);
#15172 = DIRECTION('',(1.,0.,0.));
#15173 = ORIENTED_EDGE('',*,*,#15174,.F.);
#15174 = EDGE_CURVE('',#11957,#15167,#15175,.T.);
#15175 = LINE('',#15176,#15177);
#15176 = CARTESIAN_POINT('',(1.775,-2.2446,2.0696));
#15177 = VECTOR('',#15178,1.);
#15178 = DIRECTION('',(0.,0.707106781187,-0.707106781187));
#15179 = ORIENTED_EDGE('',*,*,#11956,.F.);
#15180 = PLANE('',#15181);
#15181 = AXIS2_PLACEMENT_3D('',#15182,#15183,#15184);
#15182 = CARTESIAN_POINT('',(1.775,-2.2446,2.0696));
#15183 = DIRECTION('',(0.,0.707106781187,0.707106781187));
#15184 = DIRECTION('',(0.,0.707106781187,-0.707106781187));
#15185 = ADVANCED_FACE('',(#15186),#15212,.F.);
#15186 = FACE_BOUND('',#15187,.F.);
#15187 = EDGE_LOOP('',(#15188,#15189,#15190,#15198,#15206));
#15188 = ORIENTED_EDGE('',*,*,#14612,.T.);
#15189 = ORIENTED_EDGE('',*,*,#11850,.F.);
#15190 = ORIENTED_EDGE('',*,*,#15191,.T.);
#15191 = EDGE_CURVE('',#11843,#15192,#15194,.T.);
#15192 = VERTEX_POINT('',#15193);
#15193 = CARTESIAN_POINT('',(-1.975,-1.8446,1.6696));
#15194 = LINE('',#15195,#15196);
#15195 = CARTESIAN_POINT('',(-1.975,-2.2446,2.0696));
#15196 = VECTOR('',#15197,1.);
#15197 = DIRECTION('',(0.,0.707106781187,-0.707106781187));
#15198 = ORIENTED_EDGE('',*,*,#15199,.T.);
#15199 = EDGE_CURVE('',#15192,#15200,#15202,.T.);
#15200 = VERTEX_POINT('',#15201);
#15201 = CARTESIAN_POINT('',(-1.975,-1.8446,1.7396));
#15202 = LINE('',#15203,#15204);
#15203 = CARTESIAN_POINT('',(-1.975,-1.8446,1.6696));
#15204 = VECTOR('',#15205,1.);
#15205 = DIRECTION('',(0.,0.,1.));
#15206 = ORIENTED_EDGE('',*,*,#15207,.T.);
#15207 = EDGE_CURVE('',#15200,#14605,#15208,.T.);
#15208 = LINE('',#15209,#15210);
#15209 = CARTESIAN_POINT('',(-1.975,-1.8446,1.7396));
#15210 = VECTOR('',#15211,1.);
#15211 = DIRECTION('',(0.,1.,0.));
#15212 = PLANE('',#15213);
#15213 = AXIS2_PLACEMENT_3D('',#15214,#15215,#15216);
#15214 = CARTESIAN_POINT('',(-1.975,1.293108022955E-02,1.127283611688));
#15215 = DIRECTION('',(1.,-9.003329844341E-33,-9.245679891946E-32));
#15216 = DIRECTION('',(9.245679891946E-32,0.,1.));
#15217 = ADVANCED_FACE('',(#15218),#15243,.F.);
#15218 = FACE_BOUND('',#15219,.F.);
#15219 = EDGE_LOOP('',(#15220,#15226,#15227,#15235,#15241,#15242));
#15220 = ORIENTED_EDGE('',*,*,#15221,.T.);
#15221 = EDGE_CURVE('',#11916,#12044,#15222,.T.);
#15222 = LINE('',#15223,#15224);
#15223 = CARTESIAN_POINT('',(-1.975,-2.2446,2.0696));
#15224 = VECTOR('',#15225,1.);
#15225 = DIRECTION('',(1.,0.,0.));
#15226 = ORIENTED_EDGE('',*,*,#12043,.T.);
#15227 = ORIENTED_EDGE('',*,*,#15228,.T.);
#15228 = EDGE_CURVE('',#12036,#15229,#15231,.T.);
#15229 = VERTEX_POINT('',#15230);
#15230 = CARTESIAN_POINT('',(-1.775,-1.8446,1.6696));
#15231 = LINE('',#15232,#15233);
#15232 = CARTESIAN_POINT('',(-1.775,-2.2446,2.0696));
#15233 = VECTOR('',#15234,1.);
#15234 = DIRECTION('',(0.,0.707106781187,-0.707106781187));
#15235 = ORIENTED_EDGE('',*,*,#15236,.F.);
#15236 = EDGE_CURVE('',#15192,#15229,#15237,.T.);
#15237 = LINE('',#15238,#15239);
#15238 = CARTESIAN_POINT('',(-1.975,-1.8446,1.6696));
#15239 = VECTOR('',#15240,1.);
#15240 = DIRECTION('',(1.,0.,0.));
#15241 = ORIENTED_EDGE('',*,*,#15191,.F.);
#15242 = ORIENTED_EDGE('',*,*,#11923,.F.);
#15243 = PLANE('',#15244);
#15244 = AXIS2_PLACEMENT_3D('',#15245,#15246,#15247);
#15245 = CARTESIAN_POINT('',(-1.975,-2.2446,2.0696));
#15246 = DIRECTION('',(0.,0.707106781187,0.707106781187));
#15247 = DIRECTION('',(0.,0.707106781187,-0.707106781187));
#15248 = ADVANCED_FACE('',(#15249),#15260,.F.);
#15249 = FACE_BOUND('',#15250,.F.);
#15250 = EDGE_LOOP('',(#15251,#15252,#15258,#15259));
#15251 = ORIENTED_EDGE('',*,*,#11915,.F.);
#15252 = ORIENTED_EDGE('',*,*,#15253,.T.);
#15253 = EDGE_CURVE('',#11908,#12052,#15254,.T.);
#15254 = LINE('',#15255,#15256);
#15255 = CARTESIAN_POINT('',(-0.9875,0.13,2.0696));
#15256 = VECTOR('',#15257,1.);
#15257 = DIRECTION('',(1.,0.,0.));
#15258 = ORIENTED_EDGE('',*,*,#12051,.T.);
#15259 = ORIENTED_EDGE('',*,*,#15221,.F.);
#15260 = PLANE('',#15261);
#15261 = AXIS2_PLACEMENT_3D('',#15262,#15263,#15264);
#15262 = CARTESIAN_POINT('',(-1.975,1.1054,2.0696));
#15263 = DIRECTION('',(0.,0.,-1.));
#15264 = DIRECTION('',(0.,-1.,0.));
#15265 = ADVANCED_FACE('',(#15266),#15272,.T.);
#15266 = FACE_BOUND('',#15267,.T.);
#15267 = EDGE_LOOP('',(#15268,#15269,#15270,#15271));
#15268 = ORIENTED_EDGE('',*,*,#11907,.T.);
#15269 = ORIENTED_EDGE('',*,*,#15253,.T.);
#15270 = ORIENTED_EDGE('',*,*,#12059,.T.);
#15271 = ORIENTED_EDGE('',*,*,#11986,.T.);
#15272 = PLANE('',#15273);
#15273 = AXIS2_PLACEMENT_3D('',#15274,#15275,#15276);
#15274 = CARTESIAN_POINT('',(1.296610831679E-16,0.13,1.568175182482));
#15275 = DIRECTION('',(0.,-1.,2.22044604925E-16));
#15276 = DIRECTION('',(0.,2.22044604925E-16,1.));
#15277 = ADVANCED_FACE('',(#15278),#15297,.F.);
#15278 = FACE_BOUND('',#15279,.F.);
#15279 = EDGE_LOOP('',(#15280,#15281,#15282,#15283,#15291));
#15280 = ORIENTED_EDGE('',*,*,#14531,.T.);
#15281 = ORIENTED_EDGE('',*,*,#12003,.F.);
#15282 = ORIENTED_EDGE('',*,*,#15174,.T.);
#15283 = ORIENTED_EDGE('',*,*,#15284,.T.);
#15284 = EDGE_CURVE('',#15167,#15285,#15287,.T.);
#15285 = VERTEX_POINT('',#15286);
#15286 = CARTESIAN_POINT('',(1.775,-1.8446,1.7396));
#15287 = LINE('',#15288,#15289);
#15288 = CARTESIAN_POINT('',(1.775,-1.8446,1.6696));
#15289 = VECTOR('',#15290,1.);
#15290 = DIRECTION('',(0.,0.,1.));
#15291 = ORIENTED_EDGE('',*,*,#15292,.T.);
#15292 = EDGE_CURVE('',#15285,#14524,#15293,.T.);
#15293 = LINE('',#15294,#15295);
#15294 = CARTESIAN_POINT('',(1.775,-1.8446,1.7396));
#15295 = VECTOR('',#15296,1.);
#15296 = DIRECTION('',(0.,1.,0.));
#15297 = PLANE('',#15298);
#15298 = AXIS2_PLACEMENT_3D('',#15299,#15300,#15301);
#15299 = CARTESIAN_POINT('',(1.775,1.293108022955E-02,1.127283611688));
#15300 = DIRECTION('',(1.,-9.003329844341E-33,-9.245679891946E-32));
#15301 = DIRECTION('',(9.245679891946E-32,0.,1.));
#15302 = ADVANCED_FACE('',(#15303),#15322,.T.);
#15303 = FACE_BOUND('',#15304,.T.);
#15304 = EDGE_LOOP('',(#15305,#15306,#15307,#15308,#15316));
#15305 = ORIENTED_EDGE('',*,*,#14596,.T.);
#15306 = ORIENTED_EDGE('',*,*,#12114,.F.);
#15307 = ORIENTED_EDGE('',*,*,#15228,.T.);
#15308 = ORIENTED_EDGE('',*,*,#15309,.T.);
#15309 = EDGE_CURVE('',#15229,#15310,#15312,.T.);
#15310 = VERTEX_POINT('',#15311);
#15311 = CARTESIAN_POINT('',(-1.775,-1.8446,1.7396));
#15312 = LINE('',#15313,#15314);
#15313 = CARTESIAN_POINT('',(-1.775,-1.8446,1.6696));
#15314 = VECTOR('',#15315,1.);
#15315 = DIRECTION('',(0.,0.,1.));
#15316 = ORIENTED_EDGE('',*,*,#15317,.T.);
#15317 = EDGE_CURVE('',#15310,#14597,#15318,.T.);
#15318 = LINE('',#15319,#15320);
#15319 = CARTESIAN_POINT('',(-1.775,-1.8446,1.7396));
#15320 = VECTOR('',#15321,1.);
#15321 = DIRECTION('',(0.,1.,0.));
#15322 = PLANE('',#15323);
#15323 = AXIS2_PLACEMENT_3D('',#15324,#15325,#15326);
#15324 = CARTESIAN_POINT('',(-1.775,1.293108022955E-02,1.127283611688));
#15325 = DIRECTION('',(1.,-9.003329844341E-33,-9.245679891946E-32));
#15326 = DIRECTION('',(9.245679891946E-32,0.,1.));
#15327 = ADVANCED_FACE('',(#15328),#15354,.T.);
#15328 = FACE_BOUND('',#15329,.T.);
#15329 = EDGE_LOOP('',(#15330,#15331,#15332,#15340,#15348));
#15330 = ORIENTED_EDGE('',*,*,#14542,.T.);
#15331 = ORIENTED_EDGE('',*,*,#12235,.F.);
#15332 = ORIENTED_EDGE('',*,*,#15333,.T.);
#15333 = EDGE_CURVE('',#12236,#15334,#15336,.T.);
#15334 = VERTEX_POINT('',#15335);
#15335 = CARTESIAN_POINT('',(0.725,-1.8446,1.6696));
#15336 = LINE('',#15337,#15338);
#15337 = CARTESIAN_POINT('',(0.725,-2.2446,2.0696));
#15338 = VECTOR('',#15339,1.);
#15339 = DIRECTION('',(0.,0.707106781187,-0.707106781187));
#15340 = ORIENTED_EDGE('',*,*,#15341,.T.);
#15341 = EDGE_CURVE('',#15334,#15342,#15344,.T.);
#15342 = VERTEX_POINT('',#15343);
#15343 = CARTESIAN_POINT('',(0.725,-1.8446,1.7396));
#15344 = LINE('',#15345,#15346);
#15345 = CARTESIAN_POINT('',(0.725,-1.8446,1.6696));
#15346 = VECTOR('',#15347,1.);
#15347 = DIRECTION('',(0.,0.,1.));
#15348 = ORIENTED_EDGE('',*,*,#15349,.T.);
#15349 = EDGE_CURVE('',#15342,#14543,#15350,.T.);
#15350 = LINE('',#15351,#15352);
#15351 = CARTESIAN_POINT('',(0.725,-1.8446,1.7396));
#15352 = VECTOR('',#15353,1.);
#15353 = DIRECTION('',(0.,1.,0.));
#15354 = PLANE('',#15355);
#15355 = AXIS2_PLACEMENT_3D('',#15356,#15357,#15358);
#15356 = CARTESIAN_POINT('',(0.725,1.293108022955E-02,1.127283611688));
#15357 = DIRECTION('',(1.,-9.003329844341E-33,-9.245679891946E-32));
#15358 = DIRECTION('',(9.245679891946E-32,0.,1.));
#15359 = ADVANCED_FACE('',(#15360),#15371,.T.);
#15360 = FACE_BOUND('',#15361,.T.);
#15361 = EDGE_LOOP('',(#15362,#15368,#15369,#15370));
#15362 = ORIENTED_EDGE('',*,*,#15363,.T.);
#15363 = EDGE_CURVE('',#12421,#12293,#15364,.T.);
#15364 = LINE('',#15365,#15366);
#15365 = CARTESIAN_POINT('',(0.2625,0.13,2.0696));
#15366 = VECTOR('',#15367,1.);
#15367 = DIRECTION('',(1.,0.,0.));
#15368 = ORIENTED_EDGE('',*,*,#12300,.T.);
#15369 = ORIENTED_EDGE('',*,*,#12355,.T.);
#15370 = ORIENTED_EDGE('',*,*,#12420,.T.);
#15371 = PLANE('',#15372);
#15372 = AXIS2_PLACEMENT_3D('',#15373,#15374,#15375);
#15373 = CARTESIAN_POINT('',(1.296610831679E-16,0.13,1.568175182482));
#15374 = DIRECTION('',(0.,-1.,2.22044604925E-16));
#15375 = DIRECTION('',(0.,2.22044604925E-16,1.));
#15376 = ADVANCED_FACE('',(#15377),#15388,.F.);
#15377 = FACE_BOUND('',#15378,.F.);
#15378 = EDGE_LOOP('',(#15379,#15380,#15381,#15382));
#15379 = ORIENTED_EDGE('',*,*,#12428,.F.);
#15380 = ORIENTED_EDGE('',*,*,#15363,.T.);
#15381 = ORIENTED_EDGE('',*,*,#12292,.T.);
#15382 = ORIENTED_EDGE('',*,*,#15383,.F.);
#15383 = EDGE_CURVE('',#12429,#12285,#15384,.T.);
#15384 = LINE('',#15385,#15386);
#15385 = CARTESIAN_POINT('',(0.525,-2.2446,2.0696));
#15386 = VECTOR('',#15387,1.);
#15387 = DIRECTION('',(1.,0.,0.));
#15388 = PLANE('',#15389);
#15389 = AXIS2_PLACEMENT_3D('',#15390,#15391,#15392);
#15390 = CARTESIAN_POINT('',(0.525,1.1054,2.0696));
#15391 = DIRECTION('',(0.,0.,-1.));
#15392 = DIRECTION('',(0.,-1.,0.));
#15393 = ADVANCED_FACE('',(#15394),#15414,.F.);
#15394 = FACE_BOUND('',#15395,.F.);
#15395 = EDGE_LOOP('',(#15396,#15397,#15398,#15399,#15407,#15413));
#15396 = ORIENTED_EDGE('',*,*,#15383,.T.);
#15397 = ORIENTED_EDGE('',*,*,#12284,.T.);
#15398 = ORIENTED_EDGE('',*,*,#15333,.T.);
#15399 = ORIENTED_EDGE('',*,*,#15400,.F.);
#15400 = EDGE_CURVE('',#15401,#15334,#15403,.T.);
#15401 = VERTEX_POINT('',#15402);
#15402 = CARTESIAN_POINT('',(0.525,-1.8446,1.6696));
#15403 = LINE('',#15404,#15405);
#15404 = CARTESIAN_POINT('',(0.525,-1.8446,1.6696));
#15405 = VECTOR('',#15406,1.);
#15406 = DIRECTION('',(1.,0.,0.));
#15407 = ORIENTED_EDGE('',*,*,#15408,.F.);
#15408 = EDGE_CURVE('',#12437,#15401,#15409,.T.);
#15409 = LINE('',#15410,#15411);
#15410 = CARTESIAN_POINT('',(0.525,-2.2446,2.0696));
#15411 = VECTOR('',#15412,1.);
#15412 = DIRECTION('',(0.,0.707106781187,-0.707106781187));
#15413 = ORIENTED_EDGE('',*,*,#12436,.F.);
#15414 = PLANE('',#15415);
#15415 = AXIS2_PLACEMENT_3D('',#15416,#15417,#15418);
#15416 = CARTESIAN_POINT('',(0.525,-2.2446,2.0696));
#15417 = DIRECTION('',(0.,0.707106781187,0.707106781187));
#15418 = DIRECTION('',(0.,0.707106781187,-0.707106781187));
#15419 = ADVANCED_FACE('',(#15420),#15446,.F.);
#15420 = FACE_BOUND('',#15421,.F.);
#15421 = EDGE_LOOP('',(#15422,#15423,#15424,#15432,#15440));
#15422 = ORIENTED_EDGE('',*,*,#14585,.T.);
#15423 = ORIENTED_EDGE('',*,*,#12330,.F.);
#15424 = ORIENTED_EDGE('',*,*,#15425,.T.);
#15425 = EDGE_CURVE('',#12323,#15426,#15428,.T.);
#15426 = VERTEX_POINT('',#15427);
#15427 = CARTESIAN_POINT('',(-0.725,-1.8446,1.6696));
#15428 = LINE('',#15429,#15430);
#15429 = CARTESIAN_POINT('',(-0.725,-2.2446,2.0696));
#15430 = VECTOR('',#15431,1.);
#15431 = DIRECTION('',(0.,0.707106781187,-0.707106781187));
#15432 = ORIENTED_EDGE('',*,*,#15433,.T.);
#15433 = EDGE_CURVE('',#15426,#15434,#15436,.T.);
#15434 = VERTEX_POINT('',#15435);
#15435 = CARTESIAN_POINT('',(-0.725,-1.8446,1.7396));
#15436 = LINE('',#15437,#15438);
#15437 = CARTESIAN_POINT('',(-0.725,-1.8446,1.6696));
#15438 = VECTOR('',#15439,1.);
#15439 = DIRECTION('',(0.,0.,1.));
#15440 = ORIENTED_EDGE('',*,*,#15441,.T.);
#15441 = EDGE_CURVE('',#15434,#14578,#15442,.T.);
#15442 = LINE('',#15443,#15444);
#15443 = CARTESIAN_POINT('',(-0.725,-1.8446,1.7396));
#15444 = VECTOR('',#15445,1.);
#15445 = DIRECTION('',(0.,1.,0.));
#15446 = PLANE('',#15447);
#15447 = AXIS2_PLACEMENT_3D('',#15448,#15449,#15450);
#15448 = CARTESIAN_POINT('',(-0.725,1.293108022955E-02,1.127283611688));
#15449 = DIRECTION('',(1.,-9.003329844341E-33,-9.245679891946E-32));
#15450 = DIRECTION('',(9.245679891946E-32,0.,1.));
#15451 = ADVANCED_FACE('',(#15452),#15477,.F.);
#15452 = FACE_BOUND('',#15453,.F.);
#15453 = EDGE_LOOP('',(#15454,#15460,#15461,#15469,#15475,#15476));
#15454 = ORIENTED_EDGE('',*,*,#15455,.T.);
#15455 = EDGE_CURVE('',#12396,#12524,#15456,.T.);
#15456 = LINE('',#15457,#15458);
#15457 = CARTESIAN_POINT('',(-0.725,-2.2446,2.0696));
#15458 = VECTOR('',#15459,1.);
#15459 = DIRECTION('',(1.,0.,0.));
#15460 = ORIENTED_EDGE('',*,*,#12523,.T.);
#15461 = ORIENTED_EDGE('',*,*,#15462,.T.);
#15462 = EDGE_CURVE('',#12516,#15463,#15465,.T.);
#15463 = VERTEX_POINT('',#15464);
#15464 = CARTESIAN_POINT('',(-0.525,-1.8446,1.6696));
#15465 = LINE('',#15466,#15467);
#15466 = CARTESIAN_POINT('',(-0.525,-2.2446,2.0696));
#15467 = VECTOR('',#15468,1.);
#15468 = DIRECTION('',(0.,0.707106781187,-0.707106781187));
#15469 = ORIENTED_EDGE('',*,*,#15470,.F.);
#15470 = EDGE_CURVE('',#15426,#15463,#15471,.T.);
#15471 = LINE('',#15472,#15473);
#15472 = CARTESIAN_POINT('',(-0.725,-1.8446,1.6696));
#15473 = VECTOR('',#15474,1.);
#15474 = DIRECTION('',(1.,0.,0.));
#15475 = ORIENTED_EDGE('',*,*,#15425,.F.);
#15476 = ORIENTED_EDGE('',*,*,#12403,.F.);
#15477 = PLANE('',#15478);
#15478 = AXIS2_PLACEMENT_3D('',#15479,#15480,#15481);
#15479 = CARTESIAN_POINT('',(-0.725,-2.2446,2.0696));
#15480 = DIRECTION('',(0.,0.707106781187,0.707106781187));
#15481 = DIRECTION('',(0.,0.707106781187,-0.707106781187));
#15482 = ADVANCED_FACE('',(#15483),#15494,.F.);
#15483 = FACE_BOUND('',#15484,.F.);
#15484 = EDGE_LOOP('',(#15485,#15486,#15492,#15493));
#15485 = ORIENTED_EDGE('',*,*,#12395,.F.);
#15486 = ORIENTED_EDGE('',*,*,#15487,.T.);
#15487 = EDGE_CURVE('',#12388,#12532,#15488,.T.);
#15488 = LINE('',#15489,#15490);
#15489 = CARTESIAN_POINT('',(-0.3625,0.13,2.0696));
#15490 = VECTOR('',#15491,1.);
#15491 = DIRECTION('',(1.,0.,0.));
#15492 = ORIENTED_EDGE('',*,*,#12531,.T.);
#15493 = ORIENTED_EDGE('',*,*,#15455,.F.);
#15494 = PLANE('',#15495);
#15495 = AXIS2_PLACEMENT_3D('',#15496,#15497,#15498);
#15496 = CARTESIAN_POINT('',(-0.725,1.1054,2.0696));
#15497 = DIRECTION('',(0.,0.,-1.));
#15498 = DIRECTION('',(0.,-1.,0.));
#15499 = ADVANCED_FACE('',(#15500),#15506,.T.);
#15500 = FACE_BOUND('',#15501,.T.);
#15501 = EDGE_LOOP('',(#15502,#15503,#15504,#15505));
#15502 = ORIENTED_EDGE('',*,*,#12387,.T.);
#15503 = ORIENTED_EDGE('',*,*,#15487,.T.);
#15504 = ORIENTED_EDGE('',*,*,#12539,.T.);
#15505 = ORIENTED_EDGE('',*,*,#12466,.T.);
#15506 = PLANE('',#15507);
#15507 = AXIS2_PLACEMENT_3D('',#15508,#15509,#15510);
#15508 = CARTESIAN_POINT('',(1.296610831679E-16,0.13,1.568175182482));
#15509 = DIRECTION('',(0.,-1.,2.22044604925E-16));
#15510 = DIRECTION('',(0.,2.22044604925E-16,1.));
#15511 = ADVANCED_FACE('',(#15512),#15531,.F.);
#15512 = FACE_BOUND('',#15513,.F.);
#15513 = EDGE_LOOP('',(#15514,#15515,#15516,#15517,#15525));
#15514 = ORIENTED_EDGE('',*,*,#14558,.T.);
#15515 = ORIENTED_EDGE('',*,*,#12483,.F.);
#15516 = ORIENTED_EDGE('',*,*,#15408,.T.);
#15517 = ORIENTED_EDGE('',*,*,#15518,.T.);
#15518 = EDGE_CURVE('',#15401,#15519,#15521,.T.);
#15519 = VERTEX_POINT('',#15520);
#15520 = CARTESIAN_POINT('',(0.525,-1.8446,1.7396));
#15521 = LINE('',#15522,#15523);
#15522 = CARTESIAN_POINT('',(0.525,-1.8446,1.6696));
#15523 = VECTOR('',#15524,1.);
#15524 = DIRECTION('',(0.,0.,1.));
#15525 = ORIENTED_EDGE('',*,*,#15526,.T.);
#15526 = EDGE_CURVE('',#15519,#14551,#15527,.T.);
#15527 = LINE('',#15528,#15529);
#15528 = CARTESIAN_POINT('',(0.525,-1.8446,1.7396));
#15529 = VECTOR('',#15530,1.);
#15530 = DIRECTION('',(0.,1.,0.));
#15531 = PLANE('',#15532);
#15532 = AXIS2_PLACEMENT_3D('',#15533,#15534,#15535);
#15533 = CARTESIAN_POINT('',(0.525,1.293108022955E-02,1.127283611688));
#15534 = DIRECTION('',(1.,-9.003329844341E-33,-9.245679891946E-32));
#15535 = DIRECTION('',(9.245679891946E-32,0.,1.));
#15536 = ADVANCED_FACE('',(#15537),#15556,.T.);
#15537 = FACE_BOUND('',#15538,.T.);
#15538 = EDGE_LOOP('',(#15539,#15540,#15541,#15542,#15550));
#15539 = ORIENTED_EDGE('',*,*,#14569,.T.);
#15540 = ORIENTED_EDGE('',*,*,#12594,.F.);
#15541 = ORIENTED_EDGE('',*,*,#15462,.T.);
#15542 = ORIENTED_EDGE('',*,*,#15543,.T.);
#15543 = EDGE_CURVE('',#15463,#15544,#15546,.T.);
#15544 = VERTEX_POINT('',#15545);
#15545 = CARTESIAN_POINT('',(-0.525,-1.8446,1.7396));
#15546 = LINE('',#15547,#15548);
#15547 = CARTESIAN_POINT('',(-0.525,-1.8446,1.6696));
#15548 = VECTOR('',#15549,1.);
#15549 = DIRECTION('',(0.,0.,1.));
#15550 = ORIENTED_EDGE('',*,*,#15551,.T.);
#15551 = EDGE_CURVE('',#15544,#14570,#15552,.T.);
#15552 = LINE('',#15553,#15554);
#15553 = CARTESIAN_POINT('',(-0.525,-1.8446,1.7396));
#15554 = VECTOR('',#15555,1.);
#15555 = DIRECTION('',(0.,1.,0.));
#15556 = PLANE('',#15557);
#15557 = AXIS2_PLACEMENT_3D('',#15558,#15559,#15560);
#15558 = CARTESIAN_POINT('',(-0.525,1.293108022955E-02,1.127283611688));
#15559 = DIRECTION('',(1.,-9.003329844341E-33,-9.245679891946E-32));
#15560 = DIRECTION('',(9.245679891946E-32,0.,1.));
#15561 = ADVANCED_FACE('',(#15562),#15568,.T.);
#15562 = FACE_BOUND('',#15563,.T.);
#15563 = EDGE_LOOP('',(#15564,#15565,#15566,#15567));
#15564 = ORIENTED_EDGE('',*,*,#12659,.F.);
#15565 = ORIENTED_EDGE('',*,*,#12706,.T.);
#15566 = ORIENTED_EDGE('',*,*,#12731,.T.);
#15567 = ORIENTED_EDGE('',*,*,#12682,.F.);
#15568 = PLANE('',#15569);
#15569 = AXIS2_PLACEMENT_3D('',#15570,#15571,#15572);
#15570 = CARTESIAN_POINT('',(-5.025,-1.47,3.295));
#15571 = DIRECTION('',(0.,-1.,2.22044604925E-16));
#15572 = DIRECTION('',(1.,0.,0.));
#15573 = ADVANCED_FACE('',(#15574),#15580,.T.);
#15574 = FACE_BOUND('',#15575,.T.);
#15575 = EDGE_LOOP('',(#15576,#15577,#15578,#15579));
#15576 = ORIENTED_EDGE('',*,*,#12755,.F.);
#15577 = ORIENTED_EDGE('',*,*,#12802,.T.);
#15578 = ORIENTED_EDGE('',*,*,#12827,.T.);
#15579 = ORIENTED_EDGE('',*,*,#12778,.F.);
#15580 = PLANE('',#15581);
#15581 = AXIS2_PLACEMENT_3D('',#15582,#15583,#15584);
#15582 = CARTESIAN_POINT('',(3.925,-1.47,3.295));
#15583 = DIRECTION('',(0.,-1.,2.22044604925E-16));
#15584 = DIRECTION('',(1.,0.,0.));
#15585 = ADVANCED_FACE('',(#15586),#15597,.F.);
#15586 = FACE_BOUND('',#15587,.F.);
#15587 = EDGE_LOOP('',(#15588,#15594,#15595,#15596));
#15588 = ORIENTED_EDGE('',*,*,#15589,.T.);
#15589 = EDGE_CURVE('',#12956,#13038,#15590,.T.);
#15590 = LINE('',#15591,#15592);
#15591 = CARTESIAN_POINT('',(-3.225,1.7754,0.65));
#15592 = VECTOR('',#15593,1.);
#15593 = DIRECTION('',(1.,0.,0.));
#15594 = ORIENTED_EDGE('',*,*,#13045,.T.);
#15595 = ORIENTED_EDGE('',*,*,#12990,.F.);
#15596 = ORIENTED_EDGE('',*,*,#12963,.F.);
#15597 = PLANE('',#15598);
#15598 = AXIS2_PLACEMENT_3D('',#15599,#15600,#15601);
#15599 = CARTESIAN_POINT('',(-3.225,1.7754,0.65));
#15600 = DIRECTION('',(0.,0.,-1.));
#15601 = DIRECTION('',(0.,-1.,0.));
#15602 = ADVANCED_FACE('',(#15603),#15614,.F.);
#15603 = FACE_BOUND('',#15604,.F.);
#15604 = EDGE_LOOP('',(#15605,#15611,#15612,#15613));
#15605 = ORIENTED_EDGE('',*,*,#15606,.T.);
#15606 = EDGE_CURVE('',#12948,#13030,#15607,.T.);
#15607 = LINE('',#15608,#15609);
#15608 = CARTESIAN_POINT('',(-3.225,1.7754,0.3));
#15609 = VECTOR('',#15610,1.);
#15610 = DIRECTION('',(1.,0.,0.));
#15611 = ORIENTED_EDGE('',*,*,#13037,.T.);
#15612 = ORIENTED_EDGE('',*,*,#15589,.F.);
#15613 = ORIENTED_EDGE('',*,*,#12955,.F.);
#15614 = PLANE('',#15615);
#15615 = AXIS2_PLACEMENT_3D('',#15616,#15617,#15618);
#15616 = CARTESIAN_POINT('',(-3.225,1.7754,0.3));
#15617 = DIRECTION('',(0.,-1.,0.));
#15618 = DIRECTION('',(0.,0.,1.));
#15619 = ADVANCED_FACE('',(#15620),#15631,.F.);
#15620 = FACE_BOUND('',#15621,.F.);
#15621 = EDGE_LOOP('',(#15622,#15628,#15629,#15630));
#15622 = ORIENTED_EDGE('',*,*,#15623,.T.);
#15623 = EDGE_CURVE('',#12940,#13022,#15624,.T.);
#15624 = LINE('',#15625,#15626);
#15625 = CARTESIAN_POINT('',(-3.225,2.4754,0.3));
#15626 = VECTOR('',#15627,1.);
#15627 = DIRECTION('',(1.,0.,0.));
#15628 = ORIENTED_EDGE('',*,*,#13029,.T.);
#15629 = ORIENTED_EDGE('',*,*,#15606,.F.);
#15630 = ORIENTED_EDGE('',*,*,#12947,.F.);
#15631 = PLANE('',#15632);
#15632 = AXIS2_PLACEMENT_3D('',#15633,#15634,#15635);
#15633 = CARTESIAN_POINT('',(-3.225,2.4754,0.3));
#15634 = DIRECTION('',(0.,0.,-1.));
#15635 = DIRECTION('',(0.,-1.,0.));
#15636 = ADVANCED_FACE('',(#15637),#15643,.F.);
#15637 = FACE_BOUND('',#15638,.F.);
#15638 = EDGE_LOOP('',(#15639,#15640,#15641,#15642));
#15639 = ORIENTED_EDGE('',*,*,#14123,.T.);
#15640 = ORIENTED_EDGE('',*,*,#13021,.T.);
#15641 = ORIENTED_EDGE('',*,*,#15623,.F.);
#15642 = ORIENTED_EDGE('',*,*,#12939,.F.);
#15643 = PLANE('',#15644);
#15644 = AXIS2_PLACEMENT_3D('',#15645,#15646,#15647);
#15645 = CARTESIAN_POINT('',(-3.225,2.4754,0.));
#15646 = DIRECTION('',(0.,-1.,0.));
#15647 = DIRECTION('',(0.,0.,1.));
#15648 = ADVANCED_FACE('',(#15649),#15660,.F.);
#15649 = FACE_BOUND('',#15650,.F.);
#15650 = EDGE_LOOP('',(#15651,#15657,#15658,#15659));
#15651 = ORIENTED_EDGE('',*,*,#15652,.T.);
#15652 = EDGE_CURVE('',#13125,#13212,#15653,.T.);
#15653 = LINE('',#15654,#15655);
#15654 = CARTESIAN_POINT('',(-1.975,1.7754,0.65));
#15655 = VECTOR('',#15656,1.);
#15656 = DIRECTION('',(1.,0.,0.));
#15657 = ORIENTED_EDGE('',*,*,#13219,.T.);
#15658 = ORIENTED_EDGE('',*,*,#13164,.F.);
#15659 = ORIENTED_EDGE('',*,*,#13132,.F.);
#15660 = PLANE('',#15661);
#15661 = AXIS2_PLACEMENT_3D('',#15662,#15663,#15664);
#15662 = CARTESIAN_POINT('',(-1.975,1.7754,0.65));
#15663 = DIRECTION('',(0.,0.,-1.));
#15664 = DIRECTION('',(0.,-1.,0.));
#15665 = ADVANCED_FACE('',(#15666),#15677,.F.);
#15666 = FACE_BOUND('',#15667,.F.);
#15667 = EDGE_LOOP('',(#15668,#15674,#15675,#15676));
#15668 = ORIENTED_EDGE('',*,*,#15669,.T.);
#15669 = EDGE_CURVE('',#13117,#13204,#15670,.T.);
#15670 = LINE('',#15671,#15672);
#15671 = CARTESIAN_POINT('',(-1.975,1.7754,0.3));
#15672 = VECTOR('',#15673,1.);
#15673 = DIRECTION('',(1.,0.,0.));
#15674 = ORIENTED_EDGE('',*,*,#13211,.T.);
#15675 = ORIENTED_EDGE('',*,*,#15652,.F.);
#15676 = ORIENTED_EDGE('',*,*,#13124,.F.);
#15677 = PLANE('',#15678);
#15678 = AXIS2_PLACEMENT_3D('',#15679,#15680,#15681);
#15679 = CARTESIAN_POINT('',(-1.975,1.7754,0.3));
#15680 = DIRECTION('',(0.,-1.,0.));
#15681 = DIRECTION('',(0.,0.,1.));
#15682 = ADVANCED_FACE('',(#15683),#15694,.F.);
#15683 = FACE_BOUND('',#15684,.F.);
#15684 = EDGE_LOOP('',(#15685,#15691,#15692,#15693));
#15685 = ORIENTED_EDGE('',*,*,#15686,.T.);
#15686 = EDGE_CURVE('',#13109,#13196,#15687,.T.);
#15687 = LINE('',#15688,#15689);
#15688 = CARTESIAN_POINT('',(-1.975,2.4754,0.3));
#15689 = VECTOR('',#15690,1.);
#15690 = DIRECTION('',(1.,0.,0.));
#15691 = ORIENTED_EDGE('',*,*,#13203,.T.);
#15692 = ORIENTED_EDGE('',*,*,#15669,.F.);
#15693 = ORIENTED_EDGE('',*,*,#13116,.F.);
#15694 = PLANE('',#15695);
#15695 = AXIS2_PLACEMENT_3D('',#15696,#15697,#15698);
#15696 = CARTESIAN_POINT('',(-1.975,2.4754,0.3));
#15697 = DIRECTION('',(0.,0.,-1.));
#15698 = DIRECTION('',(0.,-1.,0.));
#15699 = ADVANCED_FACE('',(#15700),#15706,.F.);
#15700 = FACE_BOUND('',#15701,.F.);
#15701 = EDGE_LOOP('',(#15702,#15703,#15704,#15705));
#15702 = ORIENTED_EDGE('',*,*,#14094,.T.);
#15703 = ORIENTED_EDGE('',*,*,#13195,.T.);
#15704 = ORIENTED_EDGE('',*,*,#15686,.F.);
#15705 = ORIENTED_EDGE('',*,*,#13108,.F.);
#15706 = PLANE('',#15707);
#15707 = AXIS2_PLACEMENT_3D('',#15708,#15709,#15710);
#15708 = CARTESIAN_POINT('',(-1.975,2.4754,0.));
#15709 = DIRECTION('',(0.,-1.,0.));
#15710 = DIRECTION('',(0.,0.,1.));
#15711 = ADVANCED_FACE('',(#15712),#15723,.F.);
#15712 = FACE_BOUND('',#15713,.F.);
#15713 = EDGE_LOOP('',(#15714,#15720,#15721,#15722));
#15714 = ORIENTED_EDGE('',*,*,#15715,.T.);
#15715 = EDGE_CURVE('',#13299,#13386,#15716,.T.);
#15716 = LINE('',#15717,#15718);
#15717 = CARTESIAN_POINT('',(-0.725,1.7754,0.65));
#15718 = VECTOR('',#15719,1.);
#15719 = DIRECTION('',(1.,0.,0.));
#15720 = ORIENTED_EDGE('',*,*,#13393,.T.);
#15721 = ORIENTED_EDGE('',*,*,#13338,.F.);
#15722 = ORIENTED_EDGE('',*,*,#13306,.F.);
#15723 = PLANE('',#15724);
#15724 = AXIS2_PLACEMENT_3D('',#15725,#15726,#15727);
#15725 = CARTESIAN_POINT('',(-0.725,1.7754,0.65));
#15726 = DIRECTION('',(0.,0.,-1.));
#15727 = DIRECTION('',(0.,-1.,0.));
#15728 = ADVANCED_FACE('',(#15729),#15740,.F.);
#15729 = FACE_BOUND('',#15730,.F.);
#15730 = EDGE_LOOP('',(#15731,#15737,#15738,#15739));
#15731 = ORIENTED_EDGE('',*,*,#15732,.T.);
#15732 = EDGE_CURVE('',#13291,#13378,#15733,.T.);
#15733 = LINE('',#15734,#15735);
#15734 = CARTESIAN_POINT('',(-0.725,1.7754,0.3));
#15735 = VECTOR('',#15736,1.);
#15736 = DIRECTION('',(1.,0.,0.));
#15737 = ORIENTED_EDGE('',*,*,#13385,.T.);
#15738 = ORIENTED_EDGE('',*,*,#15715,.F.);
#15739 = ORIENTED_EDGE('',*,*,#13298,.F.);
#15740 = PLANE('',#15741);
#15741 = AXIS2_PLACEMENT_3D('',#15742,#15743,#15744);
#15742 = CARTESIAN_POINT('',(-0.725,1.7754,0.3));
#15743 = DIRECTION('',(0.,-1.,0.));
#15744 = DIRECTION('',(0.,0.,1.));
#15745 = ADVANCED_FACE('',(#15746),#15757,.F.);
#15746 = FACE_BOUND('',#15747,.F.);
#15747 = EDGE_LOOP('',(#15748,#15754,#15755,#15756));
#15748 = ORIENTED_EDGE('',*,*,#15749,.T.);
#15749 = EDGE_CURVE('',#13283,#13370,#15750,.T.);
#15750 = LINE('',#15751,#15752);
#15751 = CARTESIAN_POINT('',(-0.725,2.4754,0.3));
#15752 = VECTOR('',#15753,1.);
#15753 = DIRECTION('',(1.,0.,0.));
#15754 = ORIENTED_EDGE('',*,*,#13377,.T.);
#15755 = ORIENTED_EDGE('',*,*,#15732,.F.);
#15756 = ORIENTED_EDGE('',*,*,#13290,.F.);
#15757 = PLANE('',#15758);
#15758 = AXIS2_PLACEMENT_3D('',#15759,#15760,#15761);
#15759 = CARTESIAN_POINT('',(-0.725,2.4754,0.3));
#15760 = DIRECTION('',(0.,0.,-1.));
#15761 = DIRECTION('',(0.,-1.,0.));
#15762 = ADVANCED_FACE('',(#15763),#15769,.F.);
#15763 = FACE_BOUND('',#15764,.F.);
#15764 = EDGE_LOOP('',(#15765,#15766,#15767,#15768));
#15765 = ORIENTED_EDGE('',*,*,#14065,.T.);
#15766 = ORIENTED_EDGE('',*,*,#13369,.T.);
#15767 = ORIENTED_EDGE('',*,*,#15749,.F.);
#15768 = ORIENTED_EDGE('',*,*,#13282,.F.);
#15769 = PLANE('',#15770);
#15770 = AXIS2_PLACEMENT_3D('',#15771,#15772,#15773);
#15771 = CARTESIAN_POINT('',(-0.725,2.4754,0.));
#15772 = DIRECTION('',(0.,-1.,0.));
#15773 = DIRECTION('',(0.,0.,1.));
#15774 = ADVANCED_FACE('',(#15775),#15786,.F.);
#15775 = FACE_BOUND('',#15776,.F.);
#15776 = EDGE_LOOP('',(#15777,#15783,#15784,#15785));
#15777 = ORIENTED_EDGE('',*,*,#15778,.T.);
#15778 = EDGE_CURVE('',#13473,#13560,#15779,.T.);
#15779 = LINE('',#15780,#15781);
#15780 = CARTESIAN_POINT('',(0.525,1.7754,0.65));
#15781 = VECTOR('',#15782,1.);
#15782 = DIRECTION('',(1.,0.,0.));
#15783 = ORIENTED_EDGE('',*,*,#13567,.T.);
#15784 = ORIENTED_EDGE('',*,*,#13512,.F.);
#15785 = ORIENTED_EDGE('',*,*,#13480,.F.);
#15786 = PLANE('',#15787);
#15787 = AXIS2_PLACEMENT_3D('',#15788,#15789,#15790);
#15788 = CARTESIAN_POINT('',(0.525,1.7754,0.65));
#15789 = DIRECTION('',(0.,0.,-1.));
#15790 = DIRECTION('',(0.,-1.,0.));
#15791 = ADVANCED_FACE('',(#15792),#15803,.F.);
#15792 = FACE_BOUND('',#15793,.F.);
#15793 = EDGE_LOOP('',(#15794,#15800,#15801,#15802));
#15794 = ORIENTED_EDGE('',*,*,#15795,.T.);
#15795 = EDGE_CURVE('',#13465,#13552,#15796,.T.);
#15796 = LINE('',#15797,#15798);
#15797 = CARTESIAN_POINT('',(0.525,1.7754,0.3));
#15798 = VECTOR('',#15799,1.);
#15799 = DIRECTION('',(1.,0.,0.));
#15800 = ORIENTED_EDGE('',*,*,#13559,.T.);
#15801 = ORIENTED_EDGE('',*,*,#15778,.F.);
#15802 = ORIENTED_EDGE('',*,*,#13472,.F.);
#15803 = PLANE('',#15804);
#15804 = AXIS2_PLACEMENT_3D('',#15805,#15806,#15807);
#15805 = CARTESIAN_POINT('',(0.525,1.7754,0.3));
#15806 = DIRECTION('',(0.,-1.,0.));
#15807 = DIRECTION('',(0.,0.,1.));
#15808 = ADVANCED_FACE('',(#15809),#15820,.F.);
#15809 = FACE_BOUND('',#15810,.F.);
#15810 = EDGE_LOOP('',(#15811,#15817,#15818,#15819));
#15811 = ORIENTED_EDGE('',*,*,#15812,.T.);
#15812 = EDGE_CURVE('',#13457,#13544,#15813,.T.);
#15813 = LINE('',#15814,#15815);
#15814 = CARTESIAN_POINT('',(0.525,2.4754,0.3));
#15815 = VECTOR('',#15816,1.);
#15816 = DIRECTION('',(1.,0.,0.));
#15817 = ORIENTED_EDGE('',*,*,#13551,.T.);
#15818 = ORIENTED_EDGE('',*,*,#15795,.F.);
#15819 = ORIENTED_EDGE('',*,*,#13464,.F.);
#15820 = PLANE('',#15821);
#15821 = AXIS2_PLACEMENT_3D('',#15822,#15823,#15824);
#15822 = CARTESIAN_POINT('',(0.525,2.4754,0.3));
#15823 = DIRECTION('',(0.,0.,-1.));
#15824 = DIRECTION('',(0.,-1.,0.));
#15825 = ADVANCED_FACE('',(#15826),#15832,.F.);
#15826 = FACE_BOUND('',#15827,.F.);
#15827 = EDGE_LOOP('',(#15828,#15829,#15830,#15831));
#15828 = ORIENTED_EDGE('',*,*,#14036,.T.);
#15829 = ORIENTED_EDGE('',*,*,#13543,.T.);
#15830 = ORIENTED_EDGE('',*,*,#15812,.F.);
#15831 = ORIENTED_EDGE('',*,*,#13456,.F.);
#15832 = PLANE('',#15833);
#15833 = AXIS2_PLACEMENT_3D('',#15834,#15835,#15836);
#15834 = CARTESIAN_POINT('',(0.525,2.4754,0.));
#15835 = DIRECTION('',(0.,-1.,0.));
#15836 = DIRECTION('',(0.,0.,1.));
#15837 = ADVANCED_FACE('',(#15838),#15849,.F.);
#15838 = FACE_BOUND('',#15839,.F.);
#15839 = EDGE_LOOP('',(#15840,#15846,#15847,#15848));
#15840 = ORIENTED_EDGE('',*,*,#15841,.T.);
#15841 = EDGE_CURVE('',#13647,#13734,#15842,.T.);
#15842 = LINE('',#15843,#15844);
#15843 = CARTESIAN_POINT('',(1.775,1.7754,0.65));
#15844 = VECTOR('',#15845,1.);
#15845 = DIRECTION('',(1.,0.,0.));
#15846 = ORIENTED_EDGE('',*,*,#13741,.T.);
#15847 = ORIENTED_EDGE('',*,*,#13686,.F.);
#15848 = ORIENTED_EDGE('',*,*,#13654,.F.);
#15849 = PLANE('',#15850);
#15850 = AXIS2_PLACEMENT_3D('',#15851,#15852,#15853);
#15851 = CARTESIAN_POINT('',(1.775,1.7754,0.65));
#15852 = DIRECTION('',(0.,0.,-1.));
#15853 = DIRECTION('',(0.,-1.,0.));
#15854 = ADVANCED_FACE('',(#15855),#15866,.F.);
#15855 = FACE_BOUND('',#15856,.F.);
#15856 = EDGE_LOOP('',(#15857,#15863,#15864,#15865));
#15857 = ORIENTED_EDGE('',*,*,#15858,.T.);
#15858 = EDGE_CURVE('',#13639,#13726,#15859,.T.);
#15859 = LINE('',#15860,#15861);
#15860 = CARTESIAN_POINT('',(1.775,1.7754,0.3));
#15861 = VECTOR('',#15862,1.);
#15862 = DIRECTION('',(1.,0.,0.));
#15863 = ORIENTED_EDGE('',*,*,#13733,.T.);
#15864 = ORIENTED_EDGE('',*,*,#15841,.F.);
#15865 = ORIENTED_EDGE('',*,*,#13646,.F.);
#15866 = PLANE('',#15867);
#15867 = AXIS2_PLACEMENT_3D('',#15868,#15869,#15870);
#15868 = CARTESIAN_POINT('',(1.775,1.7754,0.3));
#15869 = DIRECTION('',(0.,-1.,0.));
#15870 = DIRECTION('',(0.,0.,1.));
#15871 = ADVANCED_FACE('',(#15872),#15883,.F.);
#15872 = FACE_BOUND('',#15873,.F.);
#15873 = EDGE_LOOP('',(#15874,#15880,#15881,#15882));
#15874 = ORIENTED_EDGE('',*,*,#15875,.T.);
#15875 = EDGE_CURVE('',#13631,#13718,#15876,.T.);
#15876 = LINE('',#15877,#15878);
#15877 = CARTESIAN_POINT('',(1.775,2.4754,0.3));
#15878 = VECTOR('',#15879,1.);
#15879 = DIRECTION('',(1.,0.,0.));
#15880 = ORIENTED_EDGE('',*,*,#13725,.T.);
#15881 = ORIENTED_EDGE('',*,*,#15858,.F.);
#15882 = ORIENTED_EDGE('',*,*,#13638,.F.);
#15883 = PLANE('',#15884);
#15884 = AXIS2_PLACEMENT_3D('',#15885,#15886,#15887);
#15885 = CARTESIAN_POINT('',(1.775,2.4754,0.3));
#15886 = DIRECTION('',(0.,0.,-1.));
#15887 = DIRECTION('',(0.,-1.,0.));
#15888 = ADVANCED_FACE('',(#15889),#15895,.F.);
#15889 = FACE_BOUND('',#15890,.F.);
#15890 = EDGE_LOOP('',(#15891,#15892,#15893,#15894));
#15891 = ORIENTED_EDGE('',*,*,#14007,.T.);
#15892 = ORIENTED_EDGE('',*,*,#13717,.T.);
#15893 = ORIENTED_EDGE('',*,*,#15875,.F.);
#15894 = ORIENTED_EDGE('',*,*,#13630,.F.);
#15895 = PLANE('',#15896);
#15896 = AXIS2_PLACEMENT_3D('',#15897,#15898,#15899);
#15897 = CARTESIAN_POINT('',(1.775,2.4754,0.));
#15898 = DIRECTION('',(0.,-1.,0.));
#15899 = DIRECTION('',(0.,0.,1.));
#15900 = ADVANCED_FACE('',(#15901),#15912,.F.);
#15901 = FACE_BOUND('',#15902,.F.);
#15902 = EDGE_LOOP('',(#15903,#15909,#15910,#15911));
#15903 = ORIENTED_EDGE('',*,*,#15904,.T.);
#15904 = EDGE_CURVE('',#13821,#13908,#15905,.T.);
#15905 = LINE('',#15906,#15907);
#15906 = CARTESIAN_POINT('',(3.025,1.7754,0.65));
#15907 = VECTOR('',#15908,1.);
#15908 = DIRECTION('',(1.,0.,0.));
#15909 = ORIENTED_EDGE('',*,*,#13915,.T.);
#15910 = ORIENTED_EDGE('',*,*,#13860,.F.);
#15911 = ORIENTED_EDGE('',*,*,#13828,.F.);
#15912 = PLANE('',#15913);
#15913 = AXIS2_PLACEMENT_3D('',#15914,#15915,#15916);
#15914 = CARTESIAN_POINT('',(3.025,1.7754,0.65));
#15915 = DIRECTION('',(0.,0.,-1.));
#15916 = DIRECTION('',(0.,-1.,0.));
#15917 = ADVANCED_FACE('',(#15918),#15929,.F.);
#15918 = FACE_BOUND('',#15919,.F.);
#15919 = EDGE_LOOP('',(#15920,#15926,#15927,#15928));
#15920 = ORIENTED_EDGE('',*,*,#15921,.T.);
#15921 = EDGE_CURVE('',#13813,#13900,#15922,.T.);
#15922 = LINE('',#15923,#15924);
#15923 = CARTESIAN_POINT('',(3.025,1.7754,0.3));
#15924 = VECTOR('',#15925,1.);
#15925 = DIRECTION('',(1.,0.,0.));
#15926 = ORIENTED_EDGE('',*,*,#13907,.T.);
#15927 = ORIENTED_EDGE('',*,*,#15904,.F.);
#15928 = ORIENTED_EDGE('',*,*,#13820,.F.);
#15929 = PLANE('',#15930);
#15930 = AXIS2_PLACEMENT_3D('',#15931,#15932,#15933);
#15931 = CARTESIAN_POINT('',(3.025,1.7754,0.3));
#15932 = DIRECTION('',(0.,-1.,0.));
#15933 = DIRECTION('',(0.,0.,1.));
#15934 = ADVANCED_FACE('',(#15935),#15946,.F.);
#15935 = FACE_BOUND('',#15936,.F.);
#15936 = EDGE_LOOP('',(#15937,#15943,#15944,#15945));
#15937 = ORIENTED_EDGE('',*,*,#15938,.T.);
#15938 = EDGE_CURVE('',#13805,#13892,#15939,.T.);
#15939 = LINE('',#15940,#15941);
#15940 = CARTESIAN_POINT('',(3.025,2.4754,0.3));
#15941 = VECTOR('',#15942,1.);
#15942 = DIRECTION('',(1.,0.,0.));
#15943 = ORIENTED_EDGE('',*,*,#13899,.T.);
#15944 = ORIENTED_EDGE('',*,*,#15921,.F.);
#15945 = ORIENTED_EDGE('',*,*,#13812,.F.);
#15946 = PLANE('',#15947);
#15947 = AXIS2_PLACEMENT_3D('',#15948,#15949,#15950);
#15948 = CARTESIAN_POINT('',(3.025,2.4754,0.3));
#15949 = DIRECTION('',(0.,0.,-1.));
#15950 = DIRECTION('',(0.,-1.,0.));
#15951 = ADVANCED_FACE('',(#15952),#15958,.F.);
#15952 = FACE_BOUND('',#15953,.F.);
#15953 = EDGE_LOOP('',(#15954,#15955,#15956,#15957));
#15954 = ORIENTED_EDGE('',*,*,#13978,.T.);
#15955 = ORIENTED_EDGE('',*,*,#13891,.T.);
#15956 = ORIENTED_EDGE('',*,*,#15938,.F.);
#15957 = ORIENTED_EDGE('',*,*,#13804,.F.);
#15958 = PLANE('',#15959);
#15959 = AXIS2_PLACEMENT_3D('',#15960,#15961,#15962);
#15960 = CARTESIAN_POINT('',(3.025,2.4754,0.));
#15961 = DIRECTION('',(0.,-1.,0.));
#15962 = DIRECTION('',(0.,0.,1.));
#15963 = ADVANCED_FACE('',(#15964),#15970,.F.);
#15964 = FACE_BOUND('',#15965,.F.);
#15965 = EDGE_LOOP('',(#15966,#15967,#15968,#15969));
#15966 = ORIENTED_EDGE('',*,*,#14377,.F.);
#15967 = ORIENTED_EDGE('',*,*,#14167,.T.);
#15968 = ORIENTED_EDGE('',*,*,#14329,.F.);
#15969 = ORIENTED_EDGE('',*,*,#14363,.F.);
#15970 = PLANE('',#15971);
#15971 = AXIS2_PLACEMENT_3D('',#15972,#15973,#15974);
#15972 = CARTESIAN_POINT('',(4.875,-1.602142857143,0.712857142857));
#15973 = DIRECTION('',(-1.,5.596384573349E-31,5.731875618728E-31));
#15974 = DIRECTION('',(-5.731875618728E-31,-2.22044604925E-16,-1.));
#15975 = ADVANCED_FACE('',(#15976),#15987,.F.);
#15976 = FACE_BOUND('',#15977,.F.);
#15977 = EDGE_LOOP('',(#15978,#15979,#15985,#15986));
#15978 = ORIENTED_EDGE('',*,*,#14973,.F.);
#15979 = ORIENTED_EDGE('',*,*,#15980,.T.);
#15980 = EDGE_CURVE('',#14966,#15076,#15981,.T.);
#15981 = LINE('',#15982,#15983);
#15982 = CARTESIAN_POINT('',(-3.225,-1.8446,1.7396));
#15983 = VECTOR('',#15984,1.);
#15984 = DIRECTION('',(1.,0.,0.));
#15985 = ORIENTED_EDGE('',*,*,#15083,.T.);
#15986 = ORIENTED_EDGE('',*,*,#14631,.T.);
#15987 = PLANE('',#15988);
#15988 = AXIS2_PLACEMENT_3D('',#15989,#15990,#15991);
#15989 = CARTESIAN_POINT('',(-3.225,-1.8446,1.7396));
#15990 = DIRECTION('',(0.,0.,1.));
#15991 = DIRECTION('',(0.,1.,0.));
#15992 = ADVANCED_FACE('',(#15993),#16004,.F.);
#15993 = FACE_BOUND('',#15994,.F.);
#15994 = EDGE_LOOP('',(#15995,#15996,#16002,#16003));
#15995 = ORIENTED_EDGE('',*,*,#15207,.F.);
#15996 = ORIENTED_EDGE('',*,*,#15997,.T.);
#15997 = EDGE_CURVE('',#15200,#15310,#15998,.T.);
#15998 = LINE('',#15999,#16000);
#15999 = CARTESIAN_POINT('',(-1.975,-1.8446,1.7396));
#16000 = VECTOR('',#16001,1.);
#16001 = DIRECTION('',(1.,0.,0.));
#16002 = ORIENTED_EDGE('',*,*,#15317,.T.);
#16003 = ORIENTED_EDGE('',*,*,#14604,.T.);
#16004 = PLANE('',#16005);
#16005 = AXIS2_PLACEMENT_3D('',#16006,#16007,#16008);
#16006 = CARTESIAN_POINT('',(-1.975,-1.8446,1.7396));
#16007 = DIRECTION('',(0.,0.,1.));
#16008 = DIRECTION('',(0.,1.,0.));
#16009 = ADVANCED_FACE('',(#16010),#16021,.F.);
#16010 = FACE_BOUND('',#16011,.F.);
#16011 = EDGE_LOOP('',(#16012,#16013,#16019,#16020));
#16012 = ORIENTED_EDGE('',*,*,#15441,.F.);
#16013 = ORIENTED_EDGE('',*,*,#16014,.T.);
#16014 = EDGE_CURVE('',#15434,#15544,#16015,.T.);
#16015 = LINE('',#16016,#16017);
#16016 = CARTESIAN_POINT('',(-0.725,-1.8446,1.7396));
#16017 = VECTOR('',#16018,1.);
#16018 = DIRECTION('',(1.,0.,0.));
#16019 = ORIENTED_EDGE('',*,*,#15551,.T.);
#16020 = ORIENTED_EDGE('',*,*,#14577,.T.);
#16021 = PLANE('',#16022);
#16022 = AXIS2_PLACEMENT_3D('',#16023,#16024,#16025);
#16023 = CARTESIAN_POINT('',(-0.725,-1.8446,1.7396));
#16024 = DIRECTION('',(0.,0.,1.));
#16025 = DIRECTION('',(0.,1.,0.));
#16026 = ADVANCED_FACE('',(#16027),#16038,.F.);
#16027 = FACE_BOUND('',#16028,.F.);
#16028 = EDGE_LOOP('',(#16029,#16030,#16036,#16037));
#16029 = ORIENTED_EDGE('',*,*,#15526,.F.);
#16030 = ORIENTED_EDGE('',*,*,#16031,.T.);
#16031 = EDGE_CURVE('',#15519,#15342,#16032,.T.);
#16032 = LINE('',#16033,#16034);
#16033 = CARTESIAN_POINT('',(0.525,-1.8446,1.7396));
#16034 = VECTOR('',#16035,1.);
#16035 = DIRECTION('',(1.,0.,0.));
#16036 = ORIENTED_EDGE('',*,*,#15349,.T.);
#16037 = ORIENTED_EDGE('',*,*,#14550,.T.);
#16038 = PLANE('',#16039);
#16039 = AXIS2_PLACEMENT_3D('',#16040,#16041,#16042);
#16040 = CARTESIAN_POINT('',(0.525,-1.8446,1.7396));
#16041 = DIRECTION('',(0.,0.,1.));
#16042 = DIRECTION('',(0.,1.,0.));
#16043 = ADVANCED_FACE('',(#16044),#16055,.F.);
#16044 = FACE_BOUND('',#16045,.F.);
#16045 = EDGE_LOOP('',(#16046,#16047,#16053,#16054));
#16046 = ORIENTED_EDGE('',*,*,#15292,.F.);
#16047 = ORIENTED_EDGE('',*,*,#16048,.T.);
#16048 = EDGE_CURVE('',#15285,#15108,#16049,.T.);
#16049 = LINE('',#16050,#16051);
#16050 = CARTESIAN_POINT('',(1.775,-1.8446,1.7396));
#16051 = VECTOR('',#16052,1.);
#16052 = DIRECTION('',(1.,0.,0.));
#16053 = ORIENTED_EDGE('',*,*,#15115,.T.);
#16054 = ORIENTED_EDGE('',*,*,#14523,.T.);
#16055 = PLANE('',#16056);
#16056 = AXIS2_PLACEMENT_3D('',#16057,#16058,#16059);
#16057 = CARTESIAN_POINT('',(1.775,-1.8446,1.7396));
#16058 = DIRECTION('',(0.,0.,1.));
#16059 = DIRECTION('',(0.,1.,0.));
#16060 = ADVANCED_FACE('',(#16061),#16072,.F.);
#16061 = FACE_BOUND('',#16062,.F.);
#16062 = EDGE_LOOP('',(#16063,#16064,#16070,#16071));
#16063 = ORIENTED_EDGE('',*,*,#15058,.F.);
#16064 = ORIENTED_EDGE('',*,*,#16065,.T.);
#16065 = EDGE_CURVE('',#15051,#14874,#16066,.T.);
#16066 = LINE('',#16067,#16068);
#16067 = CARTESIAN_POINT('',(3.025,-1.8446,1.7396));
#16068 = VECTOR('',#16069,1.);
#16069 = DIRECTION('',(1.,0.,0.));
#16070 = ORIENTED_EDGE('',*,*,#14881,.T.);
#16071 = ORIENTED_EDGE('',*,*,#14496,.T.);
#16072 = PLANE('',#16073);
#16073 = AXIS2_PLACEMENT_3D('',#16074,#16075,#16076);
#16074 = CARTESIAN_POINT('',(3.025,-1.8446,1.7396));
#16075 = DIRECTION('',(0.,0.,1.));
#16076 = DIRECTION('',(0.,1.,0.));
#16077 = ADVANCED_FACE('',(#16078),#16111,.F.);
#16078 = FACE_BOUND('',#16079,.F.);
#16079 = EDGE_LOOP('',(#16080,#16088,#16089,#16097,#16105));
#16080 = ORIENTED_EDGE('',*,*,#16081,.T.);
#16081 = EDGE_CURVE('',#16082,#14654,#16084,.T.);
#16082 = VERTEX_POINT('',#16083);
#16083 = CARTESIAN_POINT('',(0.525,-2.0946,0.6696));
#16084 = LINE('',#16085,#16086);
#16085 = CARTESIAN_POINT('',(0.525,-2.0946,0.6696));
#16086 = VECTOR('',#16087,1.);
#16087 = DIRECTION('',(0.,1.,0.));
#16088 = ORIENTED_EDGE('',*,*,#14653,.T.);
#16089 = ORIENTED_EDGE('',*,*,#16090,.T.);
#16090 = EDGE_CURVE('',#14656,#16091,#16093,.T.);
#16091 = VERTEX_POINT('',#16092);
#16092 = CARTESIAN_POINT('',(0.525,-1.6946,0.9996));
#16093 = LINE('',#16094,#16095);
#16094 = CARTESIAN_POINT('',(0.525,0.7054,0.9996));
#16095 = VECTOR('',#16096,1.);
#16096 = DIRECTION('',(0.,-1.,0.));
#16097 = ORIENTED_EDGE('',*,*,#16098,.T.);
#16098 = EDGE_CURVE('',#16091,#16099,#16101,.T.);
#16099 = VERTEX_POINT('',#16100);
#16100 = CARTESIAN_POINT('',(0.525,-2.0946,0.8396));
#16101 = LINE('',#16102,#16103);
#16102 = CARTESIAN_POINT('',(0.525,-1.6946,0.9996));
#16103 = VECTOR('',#16104,1.);
#16104 = DIRECTION('',(0.,-0.928476690885,-0.371390676354));
#16105 = ORIENTED_EDGE('',*,*,#16106,.T.);
#16106 = EDGE_CURVE('',#16099,#16082,#16107,.T.);
#16107 = LINE('',#16108,#16109);
#16108 = CARTESIAN_POINT('',(0.525,-2.0946,0.8396));
#16109 = VECTOR('',#16110,1.);
#16110 = DIRECTION('',(0.,0.,-1.));
#16111 = PLANE('',#16112);
#16112 = AXIS2_PLACEMENT_3D('',#16113,#16114,#16115);
#16113 = CARTESIAN_POINT('',(0.525,1.293108022955E-02,1.127283611688));
#16114 = DIRECTION('',(1.,-9.003329844341E-33,-9.245679891946E-32));
#16115 = DIRECTION('',(9.245679891946E-32,0.,1.));
#16116 = ADVANCED_FACE('',(#16117),#16135,.F.);
#16117 = FACE_BOUND('',#16118,.F.);
#16118 = EDGE_LOOP('',(#16119,#16120,#16128,#16134));
#16119 = ORIENTED_EDGE('',*,*,#16081,.F.);
#16120 = ORIENTED_EDGE('',*,*,#16121,.T.);
#16121 = EDGE_CURVE('',#16082,#16122,#16124,.T.);
#16122 = VERTEX_POINT('',#16123);
#16123 = CARTESIAN_POINT('',(0.725,-2.0946,0.6696));
#16124 = LINE('',#16125,#16126);
#16125 = CARTESIAN_POINT('',(0.525,-2.0946,0.6696));
#16126 = VECTOR('',#16127,1.);
#16127 = DIRECTION('',(1.,0.,0.));
#16128 = ORIENTED_EDGE('',*,*,#16129,.T.);
#16129 = EDGE_CURVE('',#16122,#14672,#16130,.T.);
#16130 = LINE('',#16131,#16132);
#16131 = CARTESIAN_POINT('',(0.725,-2.0946,0.6696));
#16132 = VECTOR('',#16133,1.);
#16133 = DIRECTION('',(0.,1.,0.));
#16134 = ORIENTED_EDGE('',*,*,#14679,.T.);
#16135 = PLANE('',#16136);
#16136 = AXIS2_PLACEMENT_3D('',#16137,#16138,#16139);
#16137 = CARTESIAN_POINT('',(0.525,-2.0946,0.6696));
#16138 = DIRECTION('',(0.,0.,1.));
#16139 = DIRECTION('',(0.,1.,0.));
#16140 = ADVANCED_FACE('',(#16141),#16167,.T.);
#16141 = FACE_BOUND('',#16142,.T.);
#16142 = EDGE_LOOP('',(#16143,#16144,#16145,#16153,#16161));
#16143 = ORIENTED_EDGE('',*,*,#16129,.T.);
#16144 = ORIENTED_EDGE('',*,*,#14671,.T.);
#16145 = ORIENTED_EDGE('',*,*,#16146,.T.);
#16146 = EDGE_CURVE('',#14664,#16147,#16149,.T.);
#16147 = VERTEX_POINT('',#16148);
#16148 = CARTESIAN_POINT('',(0.725,-1.6946,0.9996));
#16149 = LINE('',#16150,#16151);
#16150 = CARTESIAN_POINT('',(0.725,0.7054,0.9996));
#16151 = VECTOR('',#16152,1.);
#16152 = DIRECTION('',(0.,-1.,0.));
#16153 = ORIENTED_EDGE('',*,*,#16154,.T.);
#16154 = EDGE_CURVE('',#16147,#16155,#16157,.T.);
#16155 = VERTEX_POINT('',#16156);
#16156 = CARTESIAN_POINT('',(0.725,-2.0946,0.8396));
#16157 = LINE('',#16158,#16159);
#16158 = CARTESIAN_POINT('',(0.725,-1.6946,0.9996));
#16159 = VECTOR('',#16160,1.);
#16160 = DIRECTION('',(0.,-0.928476690885,-0.371390676354));
#16161 = ORIENTED_EDGE('',*,*,#16162,.T.);
#16162 = EDGE_CURVE('',#16155,#16122,#16163,.T.);
#16163 = LINE('',#16164,#16165);
#16164 = CARTESIAN_POINT('',(0.725,-2.0946,0.8396));
#16165 = VECTOR('',#16166,1.);
#16166 = DIRECTION('',(0.,0.,-1.));
#16167 = PLANE('',#16168);
#16168 = AXIS2_PLACEMENT_3D('',#16169,#16170,#16171);
#16169 = CARTESIAN_POINT('',(0.725,1.293108022955E-02,1.127283611688));
#16170 = DIRECTION('',(1.,-9.003329844341E-33,-9.245679891946E-32));
#16171 = DIRECTION('',(9.245679891946E-32,0.,1.));
#16172 = ADVANCED_FACE('',(#16173),#16184,.F.);
#16173 = FACE_BOUND('',#16174,.F.);
#16174 = EDGE_LOOP('',(#16175,#16176,#16177,#16178));
#16175 = ORIENTED_EDGE('',*,*,#16090,.F.);
#16176 = ORIENTED_EDGE('',*,*,#14663,.T.);
#16177 = ORIENTED_EDGE('',*,*,#16146,.T.);
#16178 = ORIENTED_EDGE('',*,*,#16179,.F.);
#16179 = EDGE_CURVE('',#16091,#16147,#16180,.T.);
#16180 = LINE('',#16181,#16182);
#16181 = CARTESIAN_POINT('',(0.525,-1.6946,0.9996));
#16182 = VECTOR('',#16183,1.);
#16183 = DIRECTION('',(1.,0.,0.));
#16184 = PLANE('',#16185);
#16185 = AXIS2_PLACEMENT_3D('',#16186,#16187,#16188);
#16186 = CARTESIAN_POINT('',(0.525,0.7054,0.9996));
#16187 = DIRECTION('',(0.,0.,-1.));
#16188 = DIRECTION('',(0.,-1.,0.));
#16189 = ADVANCED_FACE('',(#16190),#16223,.F.);
#16190 = FACE_BOUND('',#16191,.F.);
#16191 = EDGE_LOOP('',(#16192,#16200,#16201,#16209,#16217));
#16192 = ORIENTED_EDGE('',*,*,#16193,.T.);
#16193 = EDGE_CURVE('',#16194,#14688,#16196,.T.);
#16194 = VERTEX_POINT('',#16195);
#16195 = CARTESIAN_POINT('',(-0.725,-2.0946,0.6696));
#16196 = LINE('',#16197,#16198);
#16197 = CARTESIAN_POINT('',(-0.725,-2.0946,0.6696));
#16198 = VECTOR('',#16199,1.);
#16199 = DIRECTION('',(0.,1.,0.));
#16200 = ORIENTED_EDGE('',*,*,#14687,.T.);
#16201 = ORIENTED_EDGE('',*,*,#16202,.T.);
#16202 = EDGE_CURVE('',#14690,#16203,#16205,.T.);
#16203 = VERTEX_POINT('',#16204);
#16204 = CARTESIAN_POINT('',(-0.725,-1.6946,0.9996));
#16205 = LINE('',#16206,#16207);
#16206 = CARTESIAN_POINT('',(-0.725,0.7054,0.9996));
#16207 = VECTOR('',#16208,1.);
#16208 = DIRECTION('',(0.,-1.,0.));
#16209 = ORIENTED_EDGE('',*,*,#16210,.T.);
#16210 = EDGE_CURVE('',#16203,#16211,#16213,.T.);
#16211 = VERTEX_POINT('',#16212);
#16212 = CARTESIAN_POINT('',(-0.725,-2.0946,0.8396));
#16213 = LINE('',#16214,#16215);
#16214 = CARTESIAN_POINT('',(-0.725,-1.6946,0.9996));
#16215 = VECTOR('',#16216,1.);
#16216 = DIRECTION('',(0.,-0.928476690885,-0.371390676354));
#16217 = ORIENTED_EDGE('',*,*,#16218,.T.);
#16218 = EDGE_CURVE('',#16211,#16194,#16219,.T.);
#16219 = LINE('',#16220,#16221);
#16220 = CARTESIAN_POINT('',(-0.725,-2.0946,0.8396));
#16221 = VECTOR('',#16222,1.);
#16222 = DIRECTION('',(0.,0.,-1.));
#16223 = PLANE('',#16224);
#16224 = AXIS2_PLACEMENT_3D('',#16225,#16226,#16227);
#16225 = CARTESIAN_POINT('',(-0.725,1.293108022955E-02,1.127283611688));
#16226 = DIRECTION('',(1.,-9.003329844341E-33,-9.245679891946E-32));
#16227 = DIRECTION('',(9.245679891946E-32,0.,1.));
#16228 = ADVANCED_FACE('',(#16229),#16247,.F.);
#16229 = FACE_BOUND('',#16230,.F.);
#16230 = EDGE_LOOP('',(#16231,#16232,#16240,#16246));
#16231 = ORIENTED_EDGE('',*,*,#16193,.F.);
#16232 = ORIENTED_EDGE('',*,*,#16233,.T.);
#16233 = EDGE_CURVE('',#16194,#16234,#16236,.T.);
#16234 = VERTEX_POINT('',#16235);
#16235 = CARTESIAN_POINT('',(-0.525,-2.0946,0.6696));
#16236 = LINE('',#16237,#16238);
#16237 = CARTESIAN_POINT('',(-0.725,-2.0946,0.6696));
#16238 = VECTOR('',#16239,1.);
#16239 = DIRECTION('',(1.,0.,0.));
#16240 = ORIENTED_EDGE('',*,*,#16241,.T.);
#16241 = EDGE_CURVE('',#16234,#14706,#16242,.T.);
#16242 = LINE('',#16243,#16244);
#16243 = CARTESIAN_POINT('',(-0.525,-2.0946,0.6696));
#16244 = VECTOR('',#16245,1.);
#16245 = DIRECTION('',(0.,1.,0.));
#16246 = ORIENTED_EDGE('',*,*,#14713,.T.);
#16247 = PLANE('',#16248);
#16248 = AXIS2_PLACEMENT_3D('',#16249,#16250,#16251);
#16249 = CARTESIAN_POINT('',(-0.725,-2.0946,0.6696));
#16250 = DIRECTION('',(0.,0.,1.));
#16251 = DIRECTION('',(0.,1.,0.));
#16252 = ADVANCED_FACE('',(#16253),#16279,.T.);
#16253 = FACE_BOUND('',#16254,.T.);
#16254 = EDGE_LOOP('',(#16255,#16256,#16257,#16265,#16273));
#16255 = ORIENTED_EDGE('',*,*,#16241,.T.);
#16256 = ORIENTED_EDGE('',*,*,#14705,.T.);
#16257 = ORIENTED_EDGE('',*,*,#16258,.T.);
#16258 = EDGE_CURVE('',#14698,#16259,#16261,.T.);
#16259 = VERTEX_POINT('',#16260);
#16260 = CARTESIAN_POINT('',(-0.525,-1.6946,0.9996));
#16261 = LINE('',#16262,#16263);
#16262 = CARTESIAN_POINT('',(-0.525,0.7054,0.9996));
#16263 = VECTOR('',#16264,1.);
#16264 = DIRECTION('',(0.,-1.,0.));
#16265 = ORIENTED_EDGE('',*,*,#16266,.T.);
#16266 = EDGE_CURVE('',#16259,#16267,#16269,.T.);
#16267 = VERTEX_POINT('',#16268);
#16268 = CARTESIAN_POINT('',(-0.525,-2.0946,0.8396));
#16269 = LINE('',#16270,#16271);
#16270 = CARTESIAN_POINT('',(-0.525,-1.6946,0.9996));
#16271 = VECTOR('',#16272,1.);
#16272 = DIRECTION('',(0.,-0.928476690885,-0.371390676354));
#16273 = ORIENTED_EDGE('',*,*,#16274,.T.);
#16274 = EDGE_CURVE('',#16267,#16234,#16275,.T.);
#16275 = LINE('',#16276,#16277);
#16276 = CARTESIAN_POINT('',(-0.525,-2.0946,0.8396));
#16277 = VECTOR('',#16278,1.);
#16278 = DIRECTION('',(0.,0.,-1.));
#16279 = PLANE('',#16280);
#16280 = AXIS2_PLACEMENT_3D('',#16281,#16282,#16283);
#16281 = CARTESIAN_POINT('',(-0.525,1.293108022955E-02,1.127283611688));
#16282 = DIRECTION('',(1.,-9.003329844341E-33,-9.245679891946E-32));
#16283 = DIRECTION('',(9.245679891946E-32,0.,1.));
#16284 = ADVANCED_FACE('',(#16285),#16296,.F.);
#16285 = FACE_BOUND('',#16286,.F.);
#16286 = EDGE_LOOP('',(#16287,#16288,#16289,#16290));
#16287 = ORIENTED_EDGE('',*,*,#16202,.F.);
#16288 = ORIENTED_EDGE('',*,*,#14697,.T.);
#16289 = ORIENTED_EDGE('',*,*,#16258,.T.);
#16290 = ORIENTED_EDGE('',*,*,#16291,.F.);
#16291 = EDGE_CURVE('',#16203,#16259,#16292,.T.);
#16292 = LINE('',#16293,#16294);
#16293 = CARTESIAN_POINT('',(-0.725,-1.6946,0.9996));
#16294 = VECTOR('',#16295,1.);
#16295 = DIRECTION('',(1.,0.,0.));
#16296 = PLANE('',#16297);
#16297 = AXIS2_PLACEMENT_3D('',#16298,#16299,#16300);
#16298 = CARTESIAN_POINT('',(-0.725,0.7054,0.9996));
#16299 = DIRECTION('',(0.,0.,-1.));
#16300 = DIRECTION('',(0.,-1.,0.));
#16301 = ADVANCED_FACE('',(#16302),#16335,.F.);
#16302 = FACE_BOUND('',#16303,.F.);
#16303 = EDGE_LOOP('',(#16304,#16312,#16313,#16321,#16329));
#16304 = ORIENTED_EDGE('',*,*,#16305,.T.);
#16305 = EDGE_CURVE('',#16306,#14722,#16308,.T.);
#16306 = VERTEX_POINT('',#16307);
#16307 = CARTESIAN_POINT('',(-1.975,-2.0946,0.6696));
#16308 = LINE('',#16309,#16310);
#16309 = CARTESIAN_POINT('',(-1.975,-2.0946,0.6696));
#16310 = VECTOR('',#16311,1.);
#16311 = DIRECTION('',(0.,1.,0.));
#16312 = ORIENTED_EDGE('',*,*,#14721,.T.);
#16313 = ORIENTED_EDGE('',*,*,#16314,.T.);
#16314 = EDGE_CURVE('',#14724,#16315,#16317,.T.);
#16315 = VERTEX_POINT('',#16316);
#16316 = CARTESIAN_POINT('',(-1.975,-1.6946,0.9996));
#16317 = LINE('',#16318,#16319);
#16318 = CARTESIAN_POINT('',(-1.975,0.7054,0.9996));
#16319 = VECTOR('',#16320,1.);
#16320 = DIRECTION('',(0.,-1.,0.));
#16321 = ORIENTED_EDGE('',*,*,#16322,.T.);
#16322 = EDGE_CURVE('',#16315,#16323,#16325,.T.);
#16323 = VERTEX_POINT('',#16324);
#16324 = CARTESIAN_POINT('',(-1.975,-2.0946,0.8396));
#16325 = LINE('',#16326,#16327);
#16326 = CARTESIAN_POINT('',(-1.975,-1.6946,0.9996));
#16327 = VECTOR('',#16328,1.);
#16328 = DIRECTION('',(0.,-0.928476690885,-0.371390676354));
#16329 = ORIENTED_EDGE('',*,*,#16330,.T.);
#16330 = EDGE_CURVE('',#16323,#16306,#16331,.T.);
#16331 = LINE('',#16332,#16333);
#16332 = CARTESIAN_POINT('',(-1.975,-2.0946,0.8396));
#16333 = VECTOR('',#16334,1.);
#16334 = DIRECTION('',(0.,0.,-1.));
#16335 = PLANE('',#16336);
#16336 = AXIS2_PLACEMENT_3D('',#16337,#16338,#16339);
#16337 = CARTESIAN_POINT('',(-1.975,1.293108022955E-02,1.127283611688));
#16338 = DIRECTION('',(1.,-9.003329844341E-33,-9.245679891946E-32));
#16339 = DIRECTION('',(9.245679891946E-32,0.,1.));
#16340 = ADVANCED_FACE('',(#16341),#16359,.F.);
#16341 = FACE_BOUND('',#16342,.F.);
#16342 = EDGE_LOOP('',(#16343,#16344,#16352,#16358));
#16343 = ORIENTED_EDGE('',*,*,#16305,.F.);
#16344 = ORIENTED_EDGE('',*,*,#16345,.T.);
#16345 = EDGE_CURVE('',#16306,#16346,#16348,.T.);
#16346 = VERTEX_POINT('',#16347);
#16347 = CARTESIAN_POINT('',(-1.775,-2.0946,0.6696));
#16348 = LINE('',#16349,#16350);
#16349 = CARTESIAN_POINT('',(-1.975,-2.0946,0.6696));
#16350 = VECTOR('',#16351,1.);
#16351 = DIRECTION('',(1.,0.,0.));
#16352 = ORIENTED_EDGE('',*,*,#16353,.T.);
#16353 = EDGE_CURVE('',#16346,#14740,#16354,.T.);
#16354 = LINE('',#16355,#16356);
#16355 = CARTESIAN_POINT('',(-1.775,-2.0946,0.6696));
#16356 = VECTOR('',#16357,1.);
#16357 = DIRECTION('',(0.,1.,0.));
#16358 = ORIENTED_EDGE('',*,*,#14747,.T.);
#16359 = PLANE('',#16360);
#16360 = AXIS2_PLACEMENT_3D('',#16361,#16362,#16363);
#16361 = CARTESIAN_POINT('',(-1.975,-2.0946,0.6696));
#16362 = DIRECTION('',(0.,0.,1.));
#16363 = DIRECTION('',(0.,1.,0.));
#16364 = ADVANCED_FACE('',(#16365),#16391,.T.);
#16365 = FACE_BOUND('',#16366,.T.);
#16366 = EDGE_LOOP('',(#16367,#16368,#16369,#16377,#16385));
#16367 = ORIENTED_EDGE('',*,*,#16353,.T.);
#16368 = ORIENTED_EDGE('',*,*,#14739,.T.);
#16369 = ORIENTED_EDGE('',*,*,#16370,.T.);
#16370 = EDGE_CURVE('',#14732,#16371,#16373,.T.);
#16371 = VERTEX_POINT('',#16372);
#16372 = CARTESIAN_POINT('',(-1.775,-1.6946,0.9996));
#16373 = LINE('',#16374,#16375);
#16374 = CARTESIAN_POINT('',(-1.775,0.7054,0.9996));
#16375 = VECTOR('',#16376,1.);
#16376 = DIRECTION('',(0.,-1.,0.));
#16377 = ORIENTED_EDGE('',*,*,#16378,.T.);
#16378 = EDGE_CURVE('',#16371,#16379,#16381,.T.);
#16379 = VERTEX_POINT('',#16380);
#16380 = CARTESIAN_POINT('',(-1.775,-2.0946,0.8396));
#16381 = LINE('',#16382,#16383);
#16382 = CARTESIAN_POINT('',(-1.775,-1.6946,0.9996));
#16383 = VECTOR('',#16384,1.);
#16384 = DIRECTION('',(0.,-0.928476690885,-0.371390676354));
#16385 = ORIENTED_EDGE('',*,*,#16386,.T.);
#16386 = EDGE_CURVE('',#16379,#16346,#16387,.T.);
#16387 = LINE('',#16388,#16389);
#16388 = CARTESIAN_POINT('',(-1.775,-2.0946,0.8396));
#16389 = VECTOR('',#16390,1.);
#16390 = DIRECTION('',(0.,0.,-1.));
#16391 = PLANE('',#16392);
#16392 = AXIS2_PLACEMENT_3D('',#16393,#16394,#16395);
#16393 = CARTESIAN_POINT('',(-1.775,1.293108022955E-02,1.127283611688));
#16394 = DIRECTION('',(1.,-9.003329844341E-33,-9.245679891946E-32));
#16395 = DIRECTION('',(9.245679891946E-32,0.,1.));
#16396 = ADVANCED_FACE('',(#16397),#16408,.F.);
#16397 = FACE_BOUND('',#16398,.F.);
#16398 = EDGE_LOOP('',(#16399,#16400,#16401,#16402));
#16399 = ORIENTED_EDGE('',*,*,#16314,.F.);
#16400 = ORIENTED_EDGE('',*,*,#14731,.T.);
#16401 = ORIENTED_EDGE('',*,*,#16370,.T.);
#16402 = ORIENTED_EDGE('',*,*,#16403,.F.);
#16403 = EDGE_CURVE('',#16315,#16371,#16404,.T.);
#16404 = LINE('',#16405,#16406);
#16405 = CARTESIAN_POINT('',(-1.975,-1.6946,0.9996));
#16406 = VECTOR('',#16407,1.);
#16407 = DIRECTION('',(1.,0.,0.));
#16408 = PLANE('',#16409);
#16409 = AXIS2_PLACEMENT_3D('',#16410,#16411,#16412);
#16410 = CARTESIAN_POINT('',(-1.975,0.7054,0.9996));
#16411 = DIRECTION('',(0.,0.,-1.));
#16412 = DIRECTION('',(0.,-1.,0.));
#16413 = ADVANCED_FACE('',(#16414),#16439,.F.);
#16414 = FACE_BOUND('',#16415,.F.);
#16415 = EDGE_LOOP('',(#16416,#16424,#16432,#16438));
#16416 = ORIENTED_EDGE('',*,*,#16417,.F.);
#16417 = EDGE_CURVE('',#16418,#14758,#16420,.T.);
#16418 = VERTEX_POINT('',#16419);
#16419 = CARTESIAN_POINT('',(-3.225,-2.0946,0.6696));
#16420 = LINE('',#16421,#16422);
#16421 = CARTESIAN_POINT('',(-3.225,-2.0946,0.6696));
#16422 = VECTOR('',#16423,1.);
#16423 = DIRECTION('',(0.,1.,0.));
#16424 = ORIENTED_EDGE('',*,*,#16425,.T.);
#16425 = EDGE_CURVE('',#16418,#16426,#16428,.T.);
#16426 = VERTEX_POINT('',#16427);
#16427 = CARTESIAN_POINT('',(-3.025,-2.0946,0.6696));
#16428 = LINE('',#16429,#16430);
#16429 = CARTESIAN_POINT('',(-3.225,-2.0946,0.6696));
#16430 = VECTOR('',#16431,1.);
#16431 = DIRECTION('',(1.,0.,0.));
#16432 = ORIENTED_EDGE('',*,*,#16433,.T.);
#16433 = EDGE_CURVE('',#16426,#14756,#16434,.T.);
#16434 = LINE('',#16435,#16436);
#16435 = CARTESIAN_POINT('',(-3.025,-2.0946,0.6696));
#16436 = VECTOR('',#16437,1.);
#16437 = DIRECTION('',(0.,1.,0.));
#16438 = ORIENTED_EDGE('',*,*,#14755,.T.);
#16439 = PLANE('',#16440);
#16440 = AXIS2_PLACEMENT_3D('',#16441,#16442,#16443);
#16441 = CARTESIAN_POINT('',(-3.225,-2.0946,0.6696));
#16442 = DIRECTION('',(0.,0.,1.));
#16443 = DIRECTION('',(0.,1.,0.));
#16444 = ADVANCED_FACE('',(#16445),#16471,.T.);
#16445 = FACE_BOUND('',#16446,.T.);
#16446 = EDGE_LOOP('',(#16447,#16448,#16449,#16457,#16465));
#16447 = ORIENTED_EDGE('',*,*,#16433,.T.);
#16448 = ORIENTED_EDGE('',*,*,#14781,.T.);
#16449 = ORIENTED_EDGE('',*,*,#16450,.T.);
#16450 = EDGE_CURVE('',#14774,#16451,#16453,.T.);
#16451 = VERTEX_POINT('',#16452);
#16452 = CARTESIAN_POINT('',(-3.025,-1.6946,0.9996));
#16453 = LINE('',#16454,#16455);
#16454 = CARTESIAN_POINT('',(-3.025,0.7054,0.9996));
#16455 = VECTOR('',#16456,1.);
#16456 = DIRECTION('',(0.,-1.,0.));
#16457 = ORIENTED_EDGE('',*,*,#16458,.T.);
#16458 = EDGE_CURVE('',#16451,#16459,#16461,.T.);
#16459 = VERTEX_POINT('',#16460);
#16460 = CARTESIAN_POINT('',(-3.025,-2.0946,0.8396));
#16461 = LINE('',#16462,#16463);
#16462 = CARTESIAN_POINT('',(-3.025,-1.6946,0.9996));
#16463 = VECTOR('',#16464,1.);
#16464 = DIRECTION('',(0.,-0.928476690885,-0.371390676354));
#16465 = ORIENTED_EDGE('',*,*,#16466,.T.);
#16466 = EDGE_CURVE('',#16459,#16426,#16467,.T.);
#16467 = LINE('',#16468,#16469);
#16468 = CARTESIAN_POINT('',(-3.025,-2.0946,0.8396));
#16469 = VECTOR('',#16470,1.);
#16470 = DIRECTION('',(0.,0.,-1.));
#16471 = PLANE('',#16472);
#16472 = AXIS2_PLACEMENT_3D('',#16473,#16474,#16475);
#16473 = CARTESIAN_POINT('',(-3.025,1.293108022955E-02,1.127283611688));
#16474 = DIRECTION('',(1.,-9.003329844341E-33,-9.245679891946E-32));
#16475 = DIRECTION('',(9.245679891946E-32,0.,1.));
#16476 = ADVANCED_FACE('',(#16477),#16495,.F.);
#16477 = FACE_BOUND('',#16478,.F.);
#16478 = EDGE_LOOP('',(#16479,#16487,#16488,#16489));
#16479 = ORIENTED_EDGE('',*,*,#16480,.F.);
#16480 = EDGE_CURVE('',#14766,#16481,#16483,.T.);
#16481 = VERTEX_POINT('',#16482);
#16482 = CARTESIAN_POINT('',(-3.225,-1.6946,0.9996));
#16483 = LINE('',#16484,#16485);
#16484 = CARTESIAN_POINT('',(-3.225,0.7054,0.9996));
#16485 = VECTOR('',#16486,1.);
#16486 = DIRECTION('',(0.,-1.,0.));
#16487 = ORIENTED_EDGE('',*,*,#14773,.T.);
#16488 = ORIENTED_EDGE('',*,*,#16450,.T.);
#16489 = ORIENTED_EDGE('',*,*,#16490,.F.);
#16490 = EDGE_CURVE('',#16481,#16451,#16491,.T.);
#16491 = LINE('',#16492,#16493);
#16492 = CARTESIAN_POINT('',(-3.225,-1.6946,0.9996));
#16493 = VECTOR('',#16494,1.);
#16494 = DIRECTION('',(1.,0.,0.));
#16495 = PLANE('',#16496);
#16496 = AXIS2_PLACEMENT_3D('',#16497,#16498,#16499);
#16497 = CARTESIAN_POINT('',(-3.225,0.7054,0.9996));
#16498 = DIRECTION('',(0.,0.,-1.));
#16499 = DIRECTION('',(0.,-1.,0.));
#16500 = ADVANCED_FACE('',(#16501),#16520,.F.);
#16501 = FACE_BOUND('',#16502,.F.);
#16502 = EDGE_LOOP('',(#16503,#16504,#16505,#16506,#16514));
#16503 = ORIENTED_EDGE('',*,*,#16417,.T.);
#16504 = ORIENTED_EDGE('',*,*,#14765,.T.);
#16505 = ORIENTED_EDGE('',*,*,#16480,.T.);
#16506 = ORIENTED_EDGE('',*,*,#16507,.T.);
#16507 = EDGE_CURVE('',#16481,#16508,#16510,.T.);
#16508 = VERTEX_POINT('',#16509);
#16509 = CARTESIAN_POINT('',(-3.225,-2.0946,0.8396));
#16510 = LINE('',#16511,#16512);
#16511 = CARTESIAN_POINT('',(-3.225,-1.6946,0.9996));
#16512 = VECTOR('',#16513,1.);
#16513 = DIRECTION('',(0.,-0.928476690885,-0.371390676354));
#16514 = ORIENTED_EDGE('',*,*,#16515,.T.);
#16515 = EDGE_CURVE('',#16508,#16418,#16516,.T.);
#16516 = LINE('',#16517,#16518);
#16517 = CARTESIAN_POINT('',(-3.225,-2.0946,0.8396));
#16518 = VECTOR('',#16519,1.);
#16519 = DIRECTION('',(0.,0.,-1.));
#16520 = PLANE('',#16521);
#16521 = AXIS2_PLACEMENT_3D('',#16522,#16523,#16524);
#16522 = CARTESIAN_POINT('',(-3.225,1.293108022955E-02,1.127283611688));
#16523 = DIRECTION('',(1.,-9.003329844341E-33,-9.245679891946E-32));
#16524 = DIRECTION('',(9.245679891946E-32,0.,1.));
#16525 = ADVANCED_FACE('',(#16526),#16559,.F.);
#16526 = FACE_BOUND('',#16527,.F.);
#16527 = EDGE_LOOP('',(#16528,#16536,#16537,#16545,#16553));
#16528 = ORIENTED_EDGE('',*,*,#16529,.T.);
#16529 = EDGE_CURVE('',#16530,#14790,#16532,.T.);
#16530 = VERTEX_POINT('',#16531);
#16531 = CARTESIAN_POINT('',(3.025,-2.0946,0.6696));
#16532 = LINE('',#16533,#16534);
#16533 = CARTESIAN_POINT('',(3.025,-2.0946,0.6696));
#16534 = VECTOR('',#16535,1.);
#16535 = DIRECTION('',(0.,1.,0.));
#16536 = ORIENTED_EDGE('',*,*,#14789,.T.);
#16537 = ORIENTED_EDGE('',*,*,#16538,.T.);
#16538 = EDGE_CURVE('',#14792,#16539,#16541,.T.);
#16539 = VERTEX_POINT('',#16540);
#16540 = CARTESIAN_POINT('',(3.025,-1.6946,0.9996));
#16541 = LINE('',#16542,#16543);
#16542 = CARTESIAN_POINT('',(3.025,0.7054,0.9996));
#16543 = VECTOR('',#16544,1.);
#16544 = DIRECTION('',(0.,-1.,0.));
#16545 = ORIENTED_EDGE('',*,*,#16546,.T.);
#16546 = EDGE_CURVE('',#16539,#16547,#16549,.T.);
#16547 = VERTEX_POINT('',#16548);
#16548 = CARTESIAN_POINT('',(3.025,-2.0946,0.8396));
#16549 = LINE('',#16550,#16551);
#16550 = CARTESIAN_POINT('',(3.025,-1.6946,0.9996));
#16551 = VECTOR('',#16552,1.);
#16552 = DIRECTION('',(0.,-0.928476690885,-0.371390676354));
#16553 = ORIENTED_EDGE('',*,*,#16554,.T.);
#16554 = EDGE_CURVE('',#16547,#16530,#16555,.T.);
#16555 = LINE('',#16556,#16557);
#16556 = CARTESIAN_POINT('',(3.025,-2.0946,0.8396));
#16557 = VECTOR('',#16558,1.);
#16558 = DIRECTION('',(0.,0.,-1.));
#16559 = PLANE('',#16560);
#16560 = AXIS2_PLACEMENT_3D('',#16561,#16562,#16563);
#16561 = CARTESIAN_POINT('',(3.025,1.293108022955E-02,1.127283611688));
#16562 = DIRECTION('',(1.,-9.003329844341E-33,-9.245679891946E-32));
#16563 = DIRECTION('',(9.245679891946E-32,0.,1.));
#16564 = ADVANCED_FACE('',(#16565),#16583,.F.);
#16565 = FACE_BOUND('',#16566,.F.);
#16566 = EDGE_LOOP('',(#16567,#16568,#16576,#16582));
#16567 = ORIENTED_EDGE('',*,*,#16529,.F.);
#16568 = ORIENTED_EDGE('',*,*,#16569,.T.);
#16569 = EDGE_CURVE('',#16530,#16570,#16572,.T.);
#16570 = VERTEX_POINT('',#16571);
#16571 = CARTESIAN_POINT('',(3.225,-2.0946,0.6696));
#16572 = LINE('',#16573,#16574);
#16573 = CARTESIAN_POINT('',(3.025,-2.0946,0.6696));
#16574 = VECTOR('',#16575,1.);
#16575 = DIRECTION('',(1.,0.,0.));
#16576 = ORIENTED_EDGE('',*,*,#16577,.T.);
#16577 = EDGE_CURVE('',#16570,#14808,#16578,.T.);
#16578 = LINE('',#16579,#16580);
#16579 = CARTESIAN_POINT('',(3.225,-2.0946,0.6696));
#16580 = VECTOR('',#16581,1.);
#16581 = DIRECTION('',(0.,1.,0.));
#16582 = ORIENTED_EDGE('',*,*,#14815,.T.);
#16583 = PLANE('',#16584);
#16584 = AXIS2_PLACEMENT_3D('',#16585,#16586,#16587);
#16585 = CARTESIAN_POINT('',(3.025,-2.0946,0.6696));
#16586 = DIRECTION('',(0.,0.,1.));
#16587 = DIRECTION('',(0.,1.,0.));
#16588 = ADVANCED_FACE('',(#16589),#16615,.T.);
#16589 = FACE_BOUND('',#16590,.T.);
#16590 = EDGE_LOOP('',(#16591,#16592,#16593,#16601,#16609));
#16591 = ORIENTED_EDGE('',*,*,#16577,.T.);
#16592 = ORIENTED_EDGE('',*,*,#14807,.T.);
#16593 = ORIENTED_EDGE('',*,*,#16594,.T.);
#16594 = EDGE_CURVE('',#14800,#16595,#16597,.T.);
#16595 = VERTEX_POINT('',#16596);
#16596 = CARTESIAN_POINT('',(3.225,-1.6946,0.9996));
#16597 = LINE('',#16598,#16599);
#16598 = CARTESIAN_POINT('',(3.225,0.7054,0.9996));
#16599 = VECTOR('',#16600,1.);
#16600 = DIRECTION('',(0.,-1.,0.));
#16601 = ORIENTED_EDGE('',*,*,#16602,.T.);
#16602 = EDGE_CURVE('',#16595,#16603,#16605,.T.);
#16603 = VERTEX_POINT('',#16604);
#16604 = CARTESIAN_POINT('',(3.225,-2.0946,0.8396));
#16605 = LINE('',#16606,#16607);
#16606 = CARTESIAN_POINT('',(3.225,-1.6946,0.9996));
#16607 = VECTOR('',#16608,1.);
#16608 = DIRECTION('',(0.,-0.928476690885,-0.371390676354));
#16609 = ORIENTED_EDGE('',*,*,#16610,.T.);
#16610 = EDGE_CURVE('',#16603,#16570,#16611,.T.);
#16611 = LINE('',#16612,#16613);
#16612 = CARTESIAN_POINT('',(3.225,-2.0946,0.8396));
#16613 = VECTOR('',#16614,1.);
#16614 = DIRECTION('',(0.,0.,-1.));
#16615 = PLANE('',#16616);
#16616 = AXIS2_PLACEMENT_3D('',#16617,#16618,#16619);
#16617 = CARTESIAN_POINT('',(3.225,1.293108022955E-02,1.127283611688));
#16618 = DIRECTION('',(1.,-9.003329844341E-33,-9.245679891946E-32));
#16619 = DIRECTION('',(9.245679891946E-32,0.,1.));
#16620 = ADVANCED_FACE('',(#16621),#16632,.F.);
#16621 = FACE_BOUND('',#16622,.F.);
#16622 = EDGE_LOOP('',(#16623,#16624,#16625,#16626));
#16623 = ORIENTED_EDGE('',*,*,#16538,.F.);
#16624 = ORIENTED_EDGE('',*,*,#14799,.T.);
#16625 = ORIENTED_EDGE('',*,*,#16594,.T.);
#16626 = ORIENTED_EDGE('',*,*,#16627,.F.);
#16627 = EDGE_CURVE('',#16539,#16595,#16628,.T.);
#16628 = LINE('',#16629,#16630);
#16629 = CARTESIAN_POINT('',(3.025,-1.6946,0.9996));
#16630 = VECTOR('',#16631,1.);
#16631 = DIRECTION('',(1.,0.,0.));
#16632 = PLANE('',#16633);
#16633 = AXIS2_PLACEMENT_3D('',#16634,#16635,#16636);
#16634 = CARTESIAN_POINT('',(3.025,0.7054,0.9996));
#16635 = DIRECTION('',(0.,0.,-1.));
#16636 = DIRECTION('',(0.,-1.,0.));
#16637 = ADVANCED_FACE('',(#16638),#16671,.F.);
#16638 = FACE_BOUND('',#16639,.F.);
#16639 = EDGE_LOOP('',(#16640,#16648,#16649,#16657,#16665));
#16640 = ORIENTED_EDGE('',*,*,#16641,.T.);
#16641 = EDGE_CURVE('',#16642,#14824,#16644,.T.);
#16642 = VERTEX_POINT('',#16643);
#16643 = CARTESIAN_POINT('',(1.775,-2.0946,0.6696));
#16644 = LINE('',#16645,#16646);
#16645 = CARTESIAN_POINT('',(1.775,-2.0946,0.6696));
#16646 = VECTOR('',#16647,1.);
#16647 = DIRECTION('',(0.,1.,0.));
#16648 = ORIENTED_EDGE('',*,*,#14823,.T.);
#16649 = ORIENTED_EDGE('',*,*,#16650,.T.);
#16650 = EDGE_CURVE('',#14826,#16651,#16653,.T.);
#16651 = VERTEX_POINT('',#16652);
#16652 = CARTESIAN_POINT('',(1.775,-1.6946,0.9996));
#16653 = LINE('',#16654,#16655);
#16654 = CARTESIAN_POINT('',(1.775,0.7054,0.9996));
#16655 = VECTOR('',#16656,1.);
#16656 = DIRECTION('',(0.,-1.,0.));
#16657 = ORIENTED_EDGE('',*,*,#16658,.T.);
#16658 = EDGE_CURVE('',#16651,#16659,#16661,.T.);
#16659 = VERTEX_POINT('',#16660);
#16660 = CARTESIAN_POINT('',(1.775,-2.0946,0.8396));
#16661 = LINE('',#16662,#16663);
#16662 = CARTESIAN_POINT('',(1.775,-1.6946,0.9996));
#16663 = VECTOR('',#16664,1.);
#16664 = DIRECTION('',(0.,-0.928476690885,-0.371390676354));
#16665 = ORIENTED_EDGE('',*,*,#16666,.T.);
#16666 = EDGE_CURVE('',#16659,#16642,#16667,.T.);
#16667 = LINE('',#16668,#16669);
#16668 = CARTESIAN_POINT('',(1.775,-2.0946,0.8396));
#16669 = VECTOR('',#16670,1.);
#16670 = DIRECTION('',(0.,0.,-1.));
#16671 = PLANE('',#16672);
#16672 = AXIS2_PLACEMENT_3D('',#16673,#16674,#16675);
#16673 = CARTESIAN_POINT('',(1.775,1.293108022955E-02,1.127283611688));
#16674 = DIRECTION('',(1.,-9.003329844341E-33,-9.245679891946E-32));
#16675 = DIRECTION('',(9.245679891946E-32,0.,1.));
#16676 = ADVANCED_FACE('',(#16677),#16695,.F.);
#16677 = FACE_BOUND('',#16678,.F.);
#16678 = EDGE_LOOP('',(#16679,#16680,#16688,#16694));
#16679 = ORIENTED_EDGE('',*,*,#16641,.F.);
#16680 = ORIENTED_EDGE('',*,*,#16681,.T.);
#16681 = EDGE_CURVE('',#16642,#16682,#16684,.T.);
#16682 = VERTEX_POINT('',#16683);
#16683 = CARTESIAN_POINT('',(1.975,-2.0946,0.6696));
#16684 = LINE('',#16685,#16686);
#16685 = CARTESIAN_POINT('',(1.775,-2.0946,0.6696));
#16686 = VECTOR('',#16687,1.);
#16687 = DIRECTION('',(1.,0.,0.));
#16688 = ORIENTED_EDGE('',*,*,#16689,.T.);
#16689 = EDGE_CURVE('',#16682,#14842,#16690,.T.);
#16690 = LINE('',#16691,#16692);
#16691 = CARTESIAN_POINT('',(1.975,-2.0946,0.6696));
#16692 = VECTOR('',#16693,1.);
#16693 = DIRECTION('',(0.,1.,0.));
#16694 = ORIENTED_EDGE('',*,*,#14849,.T.);
#16695 = PLANE('',#16696);
#16696 = AXIS2_PLACEMENT_3D('',#16697,#16698,#16699);
#16697 = CARTESIAN_POINT('',(1.775,-2.0946,0.6696));
#16698 = DIRECTION('',(0.,0.,1.));
#16699 = DIRECTION('',(0.,1.,0.));
#16700 = ADVANCED_FACE('',(#16701),#16727,.T.);
#16701 = FACE_BOUND('',#16702,.T.);
#16702 = EDGE_LOOP('',(#16703,#16704,#16705,#16713,#16721));
#16703 = ORIENTED_EDGE('',*,*,#16689,.T.);
#16704 = ORIENTED_EDGE('',*,*,#14841,.T.);
#16705 = ORIENTED_EDGE('',*,*,#16706,.T.);
#16706 = EDGE_CURVE('',#14834,#16707,#16709,.T.);
#16707 = VERTEX_POINT('',#16708);
#16708 = CARTESIAN_POINT('',(1.975,-1.6946,0.9996));
#16709 = LINE('',#16710,#16711);
#16710 = CARTESIAN_POINT('',(1.975,0.7054,0.9996));
#16711 = VECTOR('',#16712,1.);
#16712 = DIRECTION('',(0.,-1.,0.));
#16713 = ORIENTED_EDGE('',*,*,#16714,.T.);
#16714 = EDGE_CURVE('',#16707,#16715,#16717,.T.);
#16715 = VERTEX_POINT('',#16716);
#16716 = CARTESIAN_POINT('',(1.975,-2.0946,0.8396));
#16717 = LINE('',#16718,#16719);
#16718 = CARTESIAN_POINT('',(1.975,-1.6946,0.9996));
#16719 = VECTOR('',#16720,1.);
#16720 = DIRECTION('',(0.,-0.928476690885,-0.371390676354));
#16721 = ORIENTED_EDGE('',*,*,#16722,.T.);
#16722 = EDGE_CURVE('',#16715,#16682,#16723,.T.);
#16723 = LINE('',#16724,#16725);
#16724 = CARTESIAN_POINT('',(1.975,-2.0946,0.8396));
#16725 = VECTOR('',#16726,1.);
#16726 = DIRECTION('',(0.,0.,-1.));
#16727 = PLANE('',#16728);
#16728 = AXIS2_PLACEMENT_3D('',#16729,#16730,#16731);
#16729 = CARTESIAN_POINT('',(1.975,1.293108022955E-02,1.127283611688));
#16730 = DIRECTION('',(1.,-9.003329844341E-33,-9.245679891946E-32));
#16731 = DIRECTION('',(9.245679891946E-32,0.,1.));
#16732 = ADVANCED_FACE('',(#16733),#16744,.F.);
#16733 = FACE_BOUND('',#16734,.F.);
#16734 = EDGE_LOOP('',(#16735,#16736,#16737,#16738));
#16735 = ORIENTED_EDGE('',*,*,#16650,.F.);
#16736 = ORIENTED_EDGE('',*,*,#14833,.T.);
#16737 = ORIENTED_EDGE('',*,*,#16706,.T.);
#16738 = ORIENTED_EDGE('',*,*,#16739,.F.);
#16739 = EDGE_CURVE('',#16651,#16707,#16740,.T.);
#16740 = LINE('',#16741,#16742);
#16741 = CARTESIAN_POINT('',(1.775,-1.6946,0.9996));
#16742 = VECTOR('',#16743,1.);
#16743 = DIRECTION('',(1.,0.,0.));
#16744 = PLANE('',#16745);
#16745 = AXIS2_PLACEMENT_3D('',#16746,#16747,#16748);
#16746 = CARTESIAN_POINT('',(1.775,0.7054,0.9996));
#16747 = DIRECTION('',(0.,0.,-1.));
#16748 = DIRECTION('',(0.,-1.,0.));
#16749 = ADVANCED_FACE('',(#16750),#16756,.F.);
#16750 = FACE_BOUND('',#16751,.F.);
#16751 = EDGE_LOOP('',(#16752,#16753,#16754,#16755));
#16752 = ORIENTED_EDGE('',*,*,#14932,.T.);
#16753 = ORIENTED_EDGE('',*,*,#14873,.T.);
#16754 = ORIENTED_EDGE('',*,*,#16065,.F.);
#16755 = ORIENTED_EDGE('',*,*,#15050,.F.);
#16756 = PLANE('',#16757);
#16757 = AXIS2_PLACEMENT_3D('',#16758,#16759,#16760);
#16758 = CARTESIAN_POINT('',(3.025,-1.8446,1.6696));
#16759 = DIRECTION('',(0.,-1.,0.));
#16760 = DIRECTION('',(0.,0.,1.));
#16761 = ADVANCED_FACE('',(#16762),#16768,.F.);
#16762 = FACE_BOUND('',#16763,.F.);
#16763 = EDGE_LOOP('',(#16764,#16765,#16766,#16767));
#16764 = ORIENTED_EDGE('',*,*,#15002,.T.);
#16765 = ORIENTED_EDGE('',*,*,#15075,.T.);
#16766 = ORIENTED_EDGE('',*,*,#15980,.F.);
#16767 = ORIENTED_EDGE('',*,*,#14965,.F.);
#16768 = PLANE('',#16769);
#16769 = AXIS2_PLACEMENT_3D('',#16770,#16771,#16772);
#16770 = CARTESIAN_POINT('',(-3.225,-1.8446,1.6696));
#16771 = DIRECTION('',(0.,-1.,0.));
#16772 = DIRECTION('',(0.,0.,1.));
#16773 = ADVANCED_FACE('',(#16774),#16780,.F.);
#16774 = FACE_BOUND('',#16775,.F.);
#16775 = EDGE_LOOP('',(#16776,#16777,#16778,#16779));
#16776 = ORIENTED_EDGE('',*,*,#15166,.T.);
#16777 = ORIENTED_EDGE('',*,*,#15107,.T.);
#16778 = ORIENTED_EDGE('',*,*,#16048,.F.);
#16779 = ORIENTED_EDGE('',*,*,#15284,.F.);
#16780 = PLANE('',#16781);
#16781 = AXIS2_PLACEMENT_3D('',#16782,#16783,#16784);
#16782 = CARTESIAN_POINT('',(1.775,-1.8446,1.6696));
#16783 = DIRECTION('',(0.,-1.,0.));
#16784 = DIRECTION('',(0.,0.,1.));
#16785 = ADVANCED_FACE('',(#16786),#16792,.F.);
#16786 = FACE_BOUND('',#16787,.F.);
#16787 = EDGE_LOOP('',(#16788,#16789,#16790,#16791));
#16788 = ORIENTED_EDGE('',*,*,#15236,.T.);
#16789 = ORIENTED_EDGE('',*,*,#15309,.T.);
#16790 = ORIENTED_EDGE('',*,*,#15997,.F.);
#16791 = ORIENTED_EDGE('',*,*,#15199,.F.);
#16792 = PLANE('',#16793);
#16793 = AXIS2_PLACEMENT_3D('',#16794,#16795,#16796);
#16794 = CARTESIAN_POINT('',(-1.975,-1.8446,1.6696));
#16795 = DIRECTION('',(0.,-1.,0.));
#16796 = DIRECTION('',(0.,0.,1.));
#16797 = ADVANCED_FACE('',(#16798),#16804,.F.);
#16798 = FACE_BOUND('',#16799,.F.);
#16799 = EDGE_LOOP('',(#16800,#16801,#16802,#16803));
#16800 = ORIENTED_EDGE('',*,*,#15400,.T.);
#16801 = ORIENTED_EDGE('',*,*,#15341,.T.);
#16802 = ORIENTED_EDGE('',*,*,#16031,.F.);
#16803 = ORIENTED_EDGE('',*,*,#15518,.F.);
#16804 = PLANE('',#16805);
#16805 = AXIS2_PLACEMENT_3D('',#16806,#16807,#16808);
#16806 = CARTESIAN_POINT('',(0.525,-1.8446,1.6696));
#16807 = DIRECTION('',(0.,-1.,0.));
#16808 = DIRECTION('',(0.,0.,1.));
#16809 = ADVANCED_FACE('',(#16810),#16816,.F.);
#16810 = FACE_BOUND('',#16811,.F.);
#16811 = EDGE_LOOP('',(#16812,#16813,#16814,#16815));
#16812 = ORIENTED_EDGE('',*,*,#15470,.T.);
#16813 = ORIENTED_EDGE('',*,*,#15543,.T.);
#16814 = ORIENTED_EDGE('',*,*,#16014,.F.);
#16815 = ORIENTED_EDGE('',*,*,#15433,.F.);
#16816 = PLANE('',#16817);
#16817 = AXIS2_PLACEMENT_3D('',#16818,#16819,#16820);
#16818 = CARTESIAN_POINT('',(-0.725,-1.8446,1.6696));
#16819 = DIRECTION('',(0.,-1.,0.));
#16820 = DIRECTION('',(0.,0.,1.));
#16821 = ADVANCED_FACE('',(#16822),#16833,.F.);
#16822 = FACE_BOUND('',#16823,.F.);
#16823 = EDGE_LOOP('',(#16824,#16830,#16831,#16832));
#16824 = ORIENTED_EDGE('',*,*,#16825,.T.);
#16825 = EDGE_CURVE('',#16099,#16155,#16826,.T.);
#16826 = LINE('',#16827,#16828);
#16827 = CARTESIAN_POINT('',(0.525,-2.0946,0.8396));
#16828 = VECTOR('',#16829,1.);
#16829 = DIRECTION('',(1.,0.,0.));
#16830 = ORIENTED_EDGE('',*,*,#16162,.T.);
#16831 = ORIENTED_EDGE('',*,*,#16121,.F.);
#16832 = ORIENTED_EDGE('',*,*,#16106,.F.);
#16833 = PLANE('',#16834);
#16834 = AXIS2_PLACEMENT_3D('',#16835,#16836,#16837);
#16835 = CARTESIAN_POINT('',(0.525,-2.0946,0.8396));
#16836 = DIRECTION('',(0.,1.,0.));
#16837 = DIRECTION('',(0.,0.,-1.));
#16838 = ADVANCED_FACE('',(#16839),#16845,.F.);
#16839 = FACE_BOUND('',#16840,.F.);
#16840 = EDGE_LOOP('',(#16841,#16842,#16843,#16844));
#16841 = ORIENTED_EDGE('',*,*,#16179,.T.);
#16842 = ORIENTED_EDGE('',*,*,#16154,.T.);
#16843 = ORIENTED_EDGE('',*,*,#16825,.F.);
#16844 = ORIENTED_EDGE('',*,*,#16098,.F.);
#16845 = PLANE('',#16846);
#16846 = AXIS2_PLACEMENT_3D('',#16847,#16848,#16849);
#16847 = CARTESIAN_POINT('',(0.525,-1.6946,0.9996));
#16848 = DIRECTION('',(0.,0.371390676354,-0.928476690885));
#16849 = DIRECTION('',(0.,-0.928476690885,-0.371390676354));
#16850 = ADVANCED_FACE('',(#16851),#16862,.F.);
#16851 = FACE_BOUND('',#16852,.F.);
#16852 = EDGE_LOOP('',(#16853,#16859,#16860,#16861));
#16853 = ORIENTED_EDGE('',*,*,#16854,.T.);
#16854 = EDGE_CURVE('',#16211,#16267,#16855,.T.);
#16855 = LINE('',#16856,#16857);
#16856 = CARTESIAN_POINT('',(-0.725,-2.0946,0.8396));
#16857 = VECTOR('',#16858,1.);
#16858 = DIRECTION('',(1.,0.,0.));
#16859 = ORIENTED_EDGE('',*,*,#16274,.T.);
#16860 = ORIENTED_EDGE('',*,*,#16233,.F.);
#16861 = ORIENTED_EDGE('',*,*,#16218,.F.);
#16862 = PLANE('',#16863);
#16863 = AXIS2_PLACEMENT_3D('',#16864,#16865,#16866);
#16864 = CARTESIAN_POINT('',(-0.725,-2.0946,0.8396));
#16865 = DIRECTION('',(0.,1.,0.));
#16866 = DIRECTION('',(0.,0.,-1.));
#16867 = ADVANCED_FACE('',(#16868),#16874,.F.);
#16868 = FACE_BOUND('',#16869,.F.);
#16869 = EDGE_LOOP('',(#16870,#16871,#16872,#16873));
#16870 = ORIENTED_EDGE('',*,*,#16291,.T.);
#16871 = ORIENTED_EDGE('',*,*,#16266,.T.);
#16872 = ORIENTED_EDGE('',*,*,#16854,.F.);
#16873 = ORIENTED_EDGE('',*,*,#16210,.F.);
#16874 = PLANE('',#16875);
#16875 = AXIS2_PLACEMENT_3D('',#16876,#16877,#16878);
#16876 = CARTESIAN_POINT('',(-0.725,-1.6946,0.9996));
#16877 = DIRECTION('',(0.,0.371390676354,-0.928476690885));
#16878 = DIRECTION('',(0.,-0.928476690885,-0.371390676354));
#16879 = ADVANCED_FACE('',(#16880),#16891,.F.);
#16880 = FACE_BOUND('',#16881,.F.);
#16881 = EDGE_LOOP('',(#16882,#16888,#16889,#16890));
#16882 = ORIENTED_EDGE('',*,*,#16883,.T.);
#16883 = EDGE_CURVE('',#16323,#16379,#16884,.T.);
#16884 = LINE('',#16885,#16886);
#16885 = CARTESIAN_POINT('',(-1.975,-2.0946,0.8396));
#16886 = VECTOR('',#16887,1.);
#16887 = DIRECTION('',(1.,0.,0.));
#16888 = ORIENTED_EDGE('',*,*,#16386,.T.);
#16889 = ORIENTED_EDGE('',*,*,#16345,.F.);
#16890 = ORIENTED_EDGE('',*,*,#16330,.F.);
#16891 = PLANE('',#16892);
#16892 = AXIS2_PLACEMENT_3D('',#16893,#16894,#16895);
#16893 = CARTESIAN_POINT('',(-1.975,-2.0946,0.8396));
#16894 = DIRECTION('',(0.,1.,0.));
#16895 = DIRECTION('',(0.,0.,-1.));
#16896 = ADVANCED_FACE('',(#16897),#16903,.F.);
#16897 = FACE_BOUND('',#16898,.F.);
#16898 = EDGE_LOOP('',(#16899,#16900,#16901,#16902));
#16899 = ORIENTED_EDGE('',*,*,#16403,.T.);
#16900 = ORIENTED_EDGE('',*,*,#16378,.T.);
#16901 = ORIENTED_EDGE('',*,*,#16883,.F.);
#16902 = ORIENTED_EDGE('',*,*,#16322,.F.);
#16903 = PLANE('',#16904);
#16904 = AXIS2_PLACEMENT_3D('',#16905,#16906,#16907);
#16905 = CARTESIAN_POINT('',(-1.975,-1.6946,0.9996));
#16906 = DIRECTION('',(0.,0.371390676354,-0.928476690885));
#16907 = DIRECTION('',(0.,-0.928476690885,-0.371390676354));
#16908 = ADVANCED_FACE('',(#16909),#16920,.F.);
#16909 = FACE_BOUND('',#16910,.F.);
#16910 = EDGE_LOOP('',(#16911,#16917,#16918,#16919));
#16911 = ORIENTED_EDGE('',*,*,#16912,.T.);
#16912 = EDGE_CURVE('',#16508,#16459,#16913,.T.);
#16913 = LINE('',#16914,#16915);
#16914 = CARTESIAN_POINT('',(-3.225,-2.0946,0.8396));
#16915 = VECTOR('',#16916,1.);
#16916 = DIRECTION('',(1.,0.,0.));
#16917 = ORIENTED_EDGE('',*,*,#16466,.T.);
#16918 = ORIENTED_EDGE('',*,*,#16425,.F.);
#16919 = ORIENTED_EDGE('',*,*,#16515,.F.);
#16920 = PLANE('',#16921);
#16921 = AXIS2_PLACEMENT_3D('',#16922,#16923,#16924);
#16922 = CARTESIAN_POINT('',(-3.225,-2.0946,0.8396));
#16923 = DIRECTION('',(0.,1.,0.));
#16924 = DIRECTION('',(0.,0.,-1.));
#16925 = ADVANCED_FACE('',(#16926),#16932,.F.);
#16926 = FACE_BOUND('',#16927,.F.);
#16927 = EDGE_LOOP('',(#16928,#16929,#16930,#16931));
#16928 = ORIENTED_EDGE('',*,*,#16490,.T.);
#16929 = ORIENTED_EDGE('',*,*,#16458,.T.);
#16930 = ORIENTED_EDGE('',*,*,#16912,.F.);
#16931 = ORIENTED_EDGE('',*,*,#16507,.F.);
#16932 = PLANE('',#16933);
#16933 = AXIS2_PLACEMENT_3D('',#16934,#16935,#16936);
#16934 = CARTESIAN_POINT('',(-3.225,-1.6946,0.9996));
#16935 = DIRECTION('',(0.,0.371390676354,-0.928476690885));
#16936 = DIRECTION('',(0.,-0.928476690885,-0.371390676354));
#16937 = ADVANCED_FACE('',(#16938),#16949,.F.);
#16938 = FACE_BOUND('',#16939,.F.);
#16939 = EDGE_LOOP('',(#16940,#16946,#16947,#16948));
#16940 = ORIENTED_EDGE('',*,*,#16941,.T.);
#16941 = EDGE_CURVE('',#16547,#16603,#16942,.T.);
#16942 = LINE('',#16943,#16944);
#16943 = CARTESIAN_POINT('',(3.025,-2.0946,0.8396));
#16944 = VECTOR('',#16945,1.);
#16945 = DIRECTION('',(1.,0.,0.));
#16946 = ORIENTED_EDGE('',*,*,#16610,.T.);
#16947 = ORIENTED_EDGE('',*,*,#16569,.F.);
#16948 = ORIENTED_EDGE('',*,*,#16554,.F.);
#16949 = PLANE('',#16950);
#16950 = AXIS2_PLACEMENT_3D('',#16951,#16952,#16953);
#16951 = CARTESIAN_POINT('',(3.025,-2.0946,0.8396));
#16952 = DIRECTION('',(0.,1.,0.));
#16953 = DIRECTION('',(0.,0.,-1.));
#16954 = ADVANCED_FACE('',(#16955),#16961,.F.);
#16955 = FACE_BOUND('',#16956,.F.);
#16956 = EDGE_LOOP('',(#16957,#16958,#16959,#16960));
#16957 = ORIENTED_EDGE('',*,*,#16627,.T.);
#16958 = ORIENTED_EDGE('',*,*,#16602,.T.);
#16959 = ORIENTED_EDGE('',*,*,#16941,.F.);
#16960 = ORIENTED_EDGE('',*,*,#16546,.F.);
#16961 = PLANE('',#16962);
#16962 = AXIS2_PLACEMENT_3D('',#16963,#16964,#16965);
#16963 = CARTESIAN_POINT('',(3.025,-1.6946,0.9996));
#16964 = DIRECTION('',(0.,0.371390676354,-0.928476690885));
#16965 = DIRECTION('',(0.,-0.928476690885,-0.371390676354));
#16966 = ADVANCED_FACE('',(#16967),#16978,.F.);
#16967 = FACE_BOUND('',#16968,.F.);
#16968 = EDGE_LOOP('',(#16969,#16975,#16976,#16977));
#16969 = ORIENTED_EDGE('',*,*,#16970,.T.);
#16970 = EDGE_CURVE('',#16659,#16715,#16971,.T.);
#16971 = LINE('',#16972,#16973);
#16972 = CARTESIAN_POINT('',(1.775,-2.0946,0.8396));
#16973 = VECTOR('',#16974,1.);
#16974 = DIRECTION('',(1.,0.,0.));
#16975 = ORIENTED_EDGE('',*,*,#16722,.T.);
#16976 = ORIENTED_EDGE('',*,*,#16681,.F.);
#16977 = ORIENTED_EDGE('',*,*,#16666,.F.);
#16978 = PLANE('',#16979);
#16979 = AXIS2_PLACEMENT_3D('',#16980,#16981,#16982);
#16980 = CARTESIAN_POINT('',(1.775,-2.0946,0.8396));
#16981 = DIRECTION('',(0.,1.,0.));
#16982 = DIRECTION('',(0.,0.,-1.));
#16983 = ADVANCED_FACE('',(#16984),#16990,.F.);
#16984 = FACE_BOUND('',#16985,.F.);
#16985 = EDGE_LOOP('',(#16986,#16987,#16988,#16989));
#16986 = ORIENTED_EDGE('',*,*,#16739,.T.);
#16987 = ORIENTED_EDGE('',*,*,#16714,.T.);
#16988 = ORIENTED_EDGE('',*,*,#16970,.F.);
#16989 = ORIENTED_EDGE('',*,*,#16658,.F.);
#16990 = PLANE('',#16991);
#16991 = AXIS2_PLACEMENT_3D('',#16992,#16993,#16994);
#16992 = CARTESIAN_POINT('',(1.775,-1.6946,0.9996));
#16993 = DIRECTION('',(0.,0.371390676354,-0.928476690885));
#16994 = DIRECTION('',(0.,-0.928476690885,-0.371390676354));
#16995 = ( GEOMETRIC_REPRESENTATION_CONTEXT(3) 
GLOBAL_UNCERTAINTY_ASSIGNED_CONTEXT((#16999)) 
GLOBAL_UNIT_ASSIGNED_CONTEXT((#16996,#16997,#16998)) 
REPRESENTATION_CONTEXT('Context #1',
  '3D Context with UNIT and UNCERTAINTY') );
#16996 = ( LENGTH_UNIT() NAMED_UNIT(*) SI_UNIT(.MILLI.,.METRE.) );
#16997 = ( NAMED_UNIT(*) PLANE_ANGLE_UNIT() SI_UNIT($,.RADIAN.) );
#16998 = ( NAMED_UNIT(*) SI_UNIT($,.STERADIAN.) SOLID_ANGLE_UNIT() );
#16999 = UNCERTAINTY_MEASURE_WITH_UNIT(LENGTH_MEASURE(1.E-07),#16996,
  'distance_accuracy_value','confusion accuracy');
#17000 = CONTEXT_DEPENDENT_SHAPE_REPRESENTATION(#17001,#17003);
#17001 = ( REPRESENTATION_RELATIONSHIP('','',#8631,#10) 
REPRESENTATION_RELATIONSHIP_WITH_TRANSFORMATION(#17002) 
SHAPE_REPRESENTATION_RELATIONSHIP() );
#17002 = ITEM_DEFINED_TRANSFORMATION('','',#11,#103);
#17003 = PRODUCT_DEFINITION_SHAPE('Placement','Placement of an item',
  #17004);
#17004 = NEXT_ASSEMBLY_USAGE_OCCURRENCE('23','J1','',#5,#8626,$);
#17005 = PRODUCT_RELATED_PRODUCT_CATEGORY('part',$,(#8628));
#17006 = CONTEXT_DEPENDENT_SHAPE_REPRESENTATION(#17007,#17009);
#17007 = ( REPRESENTATION_RELATIONSHIP('','',#1991,#10) 
REPRESENTATION_RELATIONSHIP_WITH_TRANSFORMATION(#17008) 
SHAPE_REPRESENTATION_RELATIONSHIP() );
#17008 = ITEM_DEFINED_TRANSFORMATION('','',#11,#107);
#17009 = PRODUCT_DEFINITION_SHAPE('Placement','Placement of an item',
  #17010);
#17010 = NEXT_ASSEMBLY_USAGE_OCCURRENCE('24','R6','',#5,#1986,$);
#17011 = CONTEXT_DEPENDENT_SHAPE_REPRESENTATION(#17012,#17014);
#17012 = ( REPRESENTATION_RELATIONSHIP('','',#240,#10) 
REPRESENTATION_RELATIONSHIP_WITH_TRANSFORMATION(#17013) 
SHAPE_REPRESENTATION_RELATIONSHIP() );
#17013 = ITEM_DEFINED_TRANSFORMATION('','',#11,#111);
#17014 = PRODUCT_DEFINITION_SHAPE('Placement','Placement of an item',
  #17015);
#17015 = NEXT_ASSEMBLY_USAGE_OCCURRENCE('25','C33','',#5,#235,$);
#17016 = CONTEXT_DEPENDENT_SHAPE_REPRESENTATION(#17017,#17019);
#17017 = ( REPRESENTATION_RELATIONSHIP('','',#7039,#10) 
REPRESENTATION_RELATIONSHIP_WITH_TRANSFORMATION(#17018) 
SHAPE_REPRESENTATION_RELATIONSHIP() );
#17018 = ITEM_DEFINED_TRANSFORMATION('','',#11,#115);
#17019 = PRODUCT_DEFINITION_SHAPE('Placement','Placement of an item',
  #17020);
#17020 = NEXT_ASSEMBLY_USAGE_OCCURRENCE('26','D3','',#5,#7034,$);
#17021 = CONTEXT_DEPENDENT_SHAPE_REPRESENTATION(#17022,#17024);
#17022 = ( REPRESENTATION_RELATIONSHIP('','',#1991,#10) 
REPRESENTATION_RELATIONSHIP_WITH_TRANSFORMATION(#17023) 
SHAPE_REPRESENTATION_RELATIONSHIP() );
#17023 = ITEM_DEFINED_TRANSFORMATION('','',#11,#119);
#17024 = PRODUCT_DEFINITION_SHAPE('Placement','Placement of an item',
  #17025);
#17025 = NEXT_ASSEMBLY_USAGE_OCCURRENCE('27','R2','',#5,#1986,$);
#17026 = CONTEXT_DEPENDENT_SHAPE_REPRESENTATION(#17027,#17029);
#17027 = ( REPRESENTATION_RELATIONSHIP('','',#1118,#10) 
REPRESENTATION_RELATIONSHIP_WITH_TRANSFORMATION(#17028) 
SHAPE_REPRESENTATION_RELATIONSHIP() );
#17028 = ITEM_DEFINED_TRANSFORMATION('','',#11,#123);
#17029 = PRODUCT_DEFINITION_SHAPE('Placement','Placement of an item',
  #17030);
#17030 = NEXT_ASSEMBLY_USAGE_OCCURRENCE('28','L10','',#5,#1113,$);
#17031 = CONTEXT_DEPENDENT_SHAPE_REPRESENTATION(#17032,#17034);
#17032 = ( REPRESENTATION_RELATIONSHIP('','',#240,#10) 
REPRESENTATION_RELATIONSHIP_WITH_TRANSFORMATION(#17033) 
SHAPE_REPRESENTATION_RELATIONSHIP() );
#17033 = ITEM_DEFINED_TRANSFORMATION('','',#11,#127);
#17034 = PRODUCT_DEFINITION_SHAPE('Placement','Placement of an item',
  #17035);
#17035 = NEXT_ASSEMBLY_USAGE_OCCURRENCE('29','C9','',#5,#235,$);
#17036 = CONTEXT_DEPENDENT_SHAPE_REPRESENTATION(#17037,#17039);
#17037 = ( REPRESENTATION_RELATIONSHIP('','',#240,#10) 
REPRESENTATION_RELATIONSHIP_WITH_TRANSFORMATION(#17038) 
SHAPE_REPRESENTATION_RELATIONSHIP() );
#17038 = ITEM_DEFINED_TRANSFORMATION('','',#11,#131);
#17039 = PRODUCT_DEFINITION_SHAPE('Placement','Placement of an item',
  #17040);
#17040 = NEXT_ASSEMBLY_USAGE_OCCURRENCE('30','C14','',#5,#235,$);
#17041 = CONTEXT_DEPENDENT_SHAPE_REPRESENTATION(#17042,#17044);
#17042 = ( REPRESENTATION_RELATIONSHIP('','',#240,#10) 
REPRESENTATION_RELATIONSHIP_WITH_TRANSFORMATION(#17043) 
SHAPE_REPRESENTATION_RELATIONSHIP() );
#17043 = ITEM_DEFINED_TRANSFORMATION('','',#11,#135);
#17044 = PRODUCT_DEFINITION_SHAPE('Placement','Placement of an item',
  #17045);
#17045 = NEXT_ASSEMBLY_USAGE_OCCURRENCE('31','C4','',#5,#235,$);
#17046 = CONTEXT_DEPENDENT_SHAPE_REPRESENTATION(#17047,#17049);
#17047 = ( REPRESENTATION_RELATIONSHIP('','',#240,#10) 
REPRESENTATION_RELATIONSHIP_WITH_TRANSFORMATION(#17048) 
SHAPE_REPRESENTATION_RELATIONSHIP() );
#17048 = ITEM_DEFINED_TRANSFORMATION('','',#11,#139);
#17049 = PRODUCT_DEFINITION_SHAPE('Placement','Placement of an item',
  #17050);
#17050 = NEXT_ASSEMBLY_USAGE_OCCURRENCE('32','C7','',#5,#235,$);
#17051 = CONTEXT_DEPENDENT_SHAPE_REPRESENTATION(#17052,#17054);
#17052 = ( REPRESENTATION_RELATIONSHIP('','',#6151,#10) 
REPRESENTATION_RELATIONSHIP_WITH_TRANSFORMATION(#17053) 
SHAPE_REPRESENTATION_RELATIONSHIP() );
#17053 = ITEM_DEFINED_TRANSFORMATION('','',#11,#143);
#17054 = PRODUCT_DEFINITION_SHAPE('Placement','Placement of an item',
  #17055);
#17055 = NEXT_ASSEMBLY_USAGE_OCCURRENCE('33','C3','',#5,#6146,$);
#17056 = CONTEXT_DEPENDENT_SHAPE_REPRESENTATION(#17057,#17059);
#17057 = ( REPRESENTATION_RELATIONSHIP('','',#240,#10) 
REPRESENTATION_RELATIONSHIP_WITH_TRANSFORMATION(#17058) 
SHAPE_REPRESENTATION_RELATIONSHIP() );
#17058 = ITEM_DEFINED_TRANSFORMATION('','',#11,#147);
#17059 = PRODUCT_DEFINITION_SHAPE('Placement','Placement of an item',
  #17060);
#17060 = NEXT_ASSEMBLY_USAGE_OCCURRENCE('34','C31','',#5,#235,$);
#17061 = CONTEXT_DEPENDENT_SHAPE_REPRESENTATION(#17062,#17064);
#17062 = ( REPRESENTATION_RELATIONSHIP('','',#1118,#10) 
REPRESENTATION_RELATIONSHIP_WITH_TRANSFORMATION(#17063) 
SHAPE_REPRESENTATION_RELATIONSHIP() );
#17063 = ITEM_DEFINED_TRANSFORMATION('','',#11,#151);
#17064 = PRODUCT_DEFINITION_SHAPE('Placement','Placement of an item',
  #17065);
#17065 = NEXT_ASSEMBLY_USAGE_OCCURRENCE('35','L11','',#5,#1113,$);
#17066 = CONTEXT_DEPENDENT_SHAPE_REPRESENTATION(#17067,#17069);
#17067 = ( REPRESENTATION_RELATIONSHIP('','',#1991,#10) 
REPRESENTATION_RELATIONSHIP_WITH_TRANSFORMATION(#17068) 
SHAPE_REPRESENTATION_RELATIONSHIP() );
#17068 = ITEM_DEFINED_TRANSFORMATION('','',#11,#155);
#17069 = PRODUCT_DEFINITION_SHAPE('Placement','Placement of an item',
  #17070);
#17070 = NEXT_ASSEMBLY_USAGE_OCCURRENCE('36','R23','',#5,#1986,$);
#17071 = SHAPE_DEFINITION_REPRESENTATION(#17072,#17078);
#17072 = PRODUCT_DEFINITION_SHAPE('','',#17073);
#17073 = PRODUCT_DEFINITION('design','',#17074,#17077);
#17074 = PRODUCT_DEFINITION_FORMATION('','',#17075);
#17075 = PRODUCT('R_0805_2012Metric','R_0805_2012Metric','',(#17076));
#17076 = PRODUCT_CONTEXT('',#2,'mechanical');
#17077 = PRODUCT_DEFINITION_CONTEXT('part definition',#2,'design');
#17078 = ADVANCED_BREP_SHAPE_REPRESENTATION('',(#11,#17079),#17869);
#17079 = MANIFOLD_SOLID_BREP('',#17080);
#17080 = CLOSED_SHELL('',(#17081,#17121,#17204,#17229,#17254,#17321,
    #17338,#17355,#17404,#17421,#17438,#17487,#17504,#17573,#17604,
    #17628,#17697,#17721,#17738,#17755,#17772,#17789,#17806,#17823,
    #17840,#17857));
#17081 = ADVANCED_FACE('',(#17082),#17116,.F.);
#17082 = FACE_BOUND('',#17083,.F.);
#17083 = EDGE_LOOP('',(#17084,#17094,#17102,#17110));
#17084 = ORIENTED_EDGE('',*,*,#17085,.F.);
#17085 = EDGE_CURVE('',#17086,#17088,#17090,.T.);
#17086 = VERTEX_POINT('',#17087);
#17087 = CARTESIAN_POINT('',(-1.,-0.6,4.5E-02));
#17088 = VERTEX_POINT('',#17089);
#17089 = CARTESIAN_POINT('',(-1.,-0.6,0.405));
#17090 = LINE('',#17091,#17092);
#17091 = CARTESIAN_POINT('',(-1.,-0.6,0.));
#17092 = VECTOR('',#17093,1.);
#17093 = DIRECTION('',(0.,0.,1.));
#17094 = ORIENTED_EDGE('',*,*,#17095,.T.);
#17095 = EDGE_CURVE('',#17086,#17096,#17098,.T.);
#17096 = VERTEX_POINT('',#17097);
#17097 = CARTESIAN_POINT('',(-1.,0.6,4.5E-02));
#17098 = LINE('',#17099,#17100);
#17099 = CARTESIAN_POINT('',(-1.,-0.6,4.5E-02));
#17100 = VECTOR('',#17101,1.);
#17101 = DIRECTION('',(0.,1.,0.));
#17102 = ORIENTED_EDGE('',*,*,#17103,.T.);
#17103 = EDGE_CURVE('',#17096,#17104,#17106,.T.);
#17104 = VERTEX_POINT('',#17105);
#17105 = CARTESIAN_POINT('',(-1.,0.6,0.405));
#17106 = LINE('',#17107,#17108);
#17107 = CARTESIAN_POINT('',(-1.,0.6,0.));
#17108 = VECTOR('',#17109,1.);
#17109 = DIRECTION('',(0.,0.,1.));
#17110 = ORIENTED_EDGE('',*,*,#17111,.F.);
#17111 = EDGE_CURVE('',#17088,#17104,#17112,.T.);
#17112 = LINE('',#17113,#17114);
#17113 = CARTESIAN_POINT('',(-1.,-0.6,0.405));
#17114 = VECTOR('',#17115,1.);
#17115 = DIRECTION('',(0.,1.,0.));
#17116 = PLANE('',#17117);
#17117 = AXIS2_PLACEMENT_3D('',#17118,#17119,#17120);
#17118 = CARTESIAN_POINT('',(-1.,-0.6,0.));
#17119 = DIRECTION('',(1.,0.,0.));
#17120 = DIRECTION('',(0.,0.,1.));
#17121 = ADVANCED_FACE('',(#17122),#17199,.F.);
#17122 = FACE_BOUND('',#17123,.F.);
#17123 = EDGE_LOOP('',(#17124,#17134,#17141,#17142,#17151,#17159,#17168,
    #17176,#17184,#17192));
#17124 = ORIENTED_EDGE('',*,*,#17125,.F.);
#17125 = EDGE_CURVE('',#17126,#17128,#17130,.T.);
#17126 = VERTEX_POINT('',#17127);
#17127 = CARTESIAN_POINT('',(-0.955,-0.6,-2.775557561563E-17));
#17128 = VERTEX_POINT('',#17129);
#17129 = CARTESIAN_POINT('',(-0.745,-0.6,-2.775557561563E-17));
#17130 = LINE('',#17131,#17132);
#17131 = CARTESIAN_POINT('',(-1.,-0.6,0.));
#17132 = VECTOR('',#17133,1.);
#17133 = DIRECTION('',(1.,0.,0.));
#17134 = ORIENTED_EDGE('',*,*,#17135,.F.);
#17135 = EDGE_CURVE('',#17086,#17126,#17136,.T.);
#17136 = CIRCLE('',#17137,4.5E-02);
#17137 = AXIS2_PLACEMENT_3D('',#17138,#17139,#17140);
#17138 = CARTESIAN_POINT('',(-0.955,-0.6,4.5E-02));
#17139 = DIRECTION('',(0.,-1.,0.));
#17140 = DIRECTION('',(0.,0.,1.));
#17141 = ORIENTED_EDGE('',*,*,#17085,.T.);
#17142 = ORIENTED_EDGE('',*,*,#17143,.T.);
#17143 = EDGE_CURVE('',#17088,#17144,#17146,.T.);
#17144 = VERTEX_POINT('',#17145);
#17145 = CARTESIAN_POINT('',(-0.955,-0.6,0.45));
#17146 = CIRCLE('',#17147,4.5E-02);
#17147 = AXIS2_PLACEMENT_3D('',#17148,#17149,#17150);
#17148 = CARTESIAN_POINT('',(-0.955,-0.6,0.405));
#17149 = DIRECTION('',(0.,1.,0.));
#17150 = DIRECTION('',(0.,-0.,1.));
#17151 = ORIENTED_EDGE('',*,*,#17152,.T.);
#17152 = EDGE_CURVE('',#17144,#17153,#17155,.T.);
#17153 = VERTEX_POINT('',#17154);
#17154 = CARTESIAN_POINT('',(-0.745,-0.6,0.45));
#17155 = LINE('',#17156,#17157);
#17156 = CARTESIAN_POINT('',(-1.,-0.6,0.45));
#17157 = VECTOR('',#17158,1.);
#17158 = DIRECTION('',(1.,0.,0.));
#17159 = ORIENTED_EDGE('',*,*,#17160,.F.);
#17160 = EDGE_CURVE('',#17161,#17153,#17163,.T.);
#17161 = VERTEX_POINT('',#17162);
#17162 = CARTESIAN_POINT('',(-0.7,-0.6,0.405));
#17163 = CIRCLE('',#17164,4.5E-02);
#17164 = AXIS2_PLACEMENT_3D('',#17165,#17166,#17167);
#17165 = CARTESIAN_POINT('',(-0.745,-0.6,0.405));
#17166 = DIRECTION('',(0.,-1.,0.));
#17167 = DIRECTION('',(0.,0.,1.));
#17168 = ORIENTED_EDGE('',*,*,#17169,.F.);
#17169 = EDGE_CURVE('',#17170,#17161,#17172,.T.);
#17170 = VERTEX_POINT('',#17171);
#17171 = CARTESIAN_POINT('',(-0.955,-0.6,0.405));
#17172 = LINE('',#17173,#17174);
#17173 = CARTESIAN_POINT('',(-0.955,-0.6,0.405));
#17174 = VECTOR('',#17175,1.);
#17175 = DIRECTION('',(1.,0.,0.));
#17176 = ORIENTED_EDGE('',*,*,#17177,.F.);
#17177 = EDGE_CURVE('',#17178,#17170,#17180,.T.);
#17178 = VERTEX_POINT('',#17179);
#17179 = CARTESIAN_POINT('',(-0.955,-0.6,4.5E-02));
#17180 = LINE('',#17181,#17182);
#17181 = CARTESIAN_POINT('',(-0.955,-0.6,4.5E-02));
#17182 = VECTOR('',#17183,1.);
#17183 = DIRECTION('',(0.,0.,1.));
#17184 = ORIENTED_EDGE('',*,*,#17185,.T.);
#17185 = EDGE_CURVE('',#17178,#17186,#17188,.T.);
#17186 = VERTEX_POINT('',#17187);
#17187 = CARTESIAN_POINT('',(-0.7,-0.6,4.5E-02));
#17188 = LINE('',#17189,#17190);
#17189 = CARTESIAN_POINT('',(-0.955,-0.6,4.5E-02));
#17190 = VECTOR('',#17191,1.);
#17191 = DIRECTION('',(1.,0.,0.));
#17192 = ORIENTED_EDGE('',*,*,#17193,.T.);
#17193 = EDGE_CURVE('',#17186,#17128,#17194,.T.);
#17194 = CIRCLE('',#17195,4.5E-02);
#17195 = AXIS2_PLACEMENT_3D('',#17196,#17197,#17198);
#17196 = CARTESIAN_POINT('',(-0.745,-0.6,4.5E-02));
#17197 = DIRECTION('',(0.,1.,0.));
#17198 = DIRECTION('',(0.,-0.,1.));
#17199 = PLANE('',#17200);
#17200 = AXIS2_PLACEMENT_3D('',#17201,#17202,#17203);
#17201 = CARTESIAN_POINT('',(-1.,-0.6,0.));
#17202 = DIRECTION('',(0.,1.,0.));
#17203 = DIRECTION('',(0.,-0.,1.));
#17204 = ADVANCED_FACE('',(#17205),#17224,.T.);
#17205 = FACE_BOUND('',#17206,.T.);
#17206 = EDGE_LOOP('',(#17207,#17208,#17217,#17223));
#17207 = ORIENTED_EDGE('',*,*,#17095,.T.);
#17208 = ORIENTED_EDGE('',*,*,#17209,.T.);
#17209 = EDGE_CURVE('',#17096,#17210,#17212,.T.);
#17210 = VERTEX_POINT('',#17211);
#17211 = CARTESIAN_POINT('',(-0.955,0.6,-2.775557561563E-17));
#17212 = CIRCLE('',#17213,4.5E-02);
#17213 = AXIS2_PLACEMENT_3D('',#17214,#17215,#17216);
#17214 = CARTESIAN_POINT('',(-0.955,0.6,4.5E-02));
#17215 = DIRECTION('',(0.,-1.,0.));
#17216 = DIRECTION('',(0.,0.,1.));
#17217 = ORIENTED_EDGE('',*,*,#17218,.F.);
#17218 = EDGE_CURVE('',#17126,#17210,#17219,.T.);
#17219 = LINE('',#17220,#17221);
#17220 = CARTESIAN_POINT('',(-0.955,-0.6,-2.775557561563E-17));
#17221 = VECTOR('',#17222,1.);
#17222 = DIRECTION('',(0.,1.,0.));
#17223 = ORIENTED_EDGE('',*,*,#17135,.F.);
#17224 = CYLINDRICAL_SURFACE('',#17225,4.5E-02);
#17225 = AXIS2_PLACEMENT_3D('',#17226,#17227,#17228);
#17226 = CARTESIAN_POINT('',(-0.955,-0.6,4.5E-02));
#17227 = DIRECTION('',(0.,1.,0.));
#17228 = DIRECTION('',(-1.,0.,0.));
#17229 = ADVANCED_FACE('',(#17230),#17249,.T.);
#17230 = FACE_BOUND('',#17231,.T.);
#17231 = EDGE_LOOP('',(#17232,#17233,#17241,#17248));
#17232 = ORIENTED_EDGE('',*,*,#17143,.T.);
#17233 = ORIENTED_EDGE('',*,*,#17234,.T.);
#17234 = EDGE_CURVE('',#17144,#17235,#17237,.T.);
#17235 = VERTEX_POINT('',#17236);
#17236 = CARTESIAN_POINT('',(-0.955,0.6,0.45));
#17237 = LINE('',#17238,#17239);
#17238 = CARTESIAN_POINT('',(-0.955,-0.6,0.45));
#17239 = VECTOR('',#17240,1.);
#17240 = DIRECTION('',(0.,1.,0.));
#17241 = ORIENTED_EDGE('',*,*,#17242,.F.);
#17242 = EDGE_CURVE('',#17104,#17235,#17243,.T.);
#17243 = CIRCLE('',#17244,4.5E-02);
#17244 = AXIS2_PLACEMENT_3D('',#17245,#17246,#17247);
#17245 = CARTESIAN_POINT('',(-0.955,0.6,0.405));
#17246 = DIRECTION('',(0.,1.,0.));
#17247 = DIRECTION('',(0.,-0.,1.));
#17248 = ORIENTED_EDGE('',*,*,#17111,.F.);
#17249 = CYLINDRICAL_SURFACE('',#17250,4.5E-02);
#17250 = AXIS2_PLACEMENT_3D('',#17251,#17252,#17253);
#17251 = CARTESIAN_POINT('',(-0.955,-0.6,0.405));
#17252 = DIRECTION('',(0.,1.,0.));
#17253 = DIRECTION('',(-1.,0.,0.));
#17254 = ADVANCED_FACE('',(#17255),#17316,.T.);
#17255 = FACE_BOUND('',#17256,.T.);
#17256 = EDGE_LOOP('',(#17257,#17265,#17266,#17267,#17268,#17276,#17285,
    #17293,#17301,#17309));
#17257 = ORIENTED_EDGE('',*,*,#17258,.F.);
#17258 = EDGE_CURVE('',#17210,#17259,#17261,.T.);
#17259 = VERTEX_POINT('',#17260);
#17260 = CARTESIAN_POINT('',(-0.745,0.6,-2.775557561563E-17));
#17261 = LINE('',#17262,#17263);
#17262 = CARTESIAN_POINT('',(-1.,0.6,0.));
#17263 = VECTOR('',#17264,1.);
#17264 = DIRECTION('',(1.,0.,0.));
#17265 = ORIENTED_EDGE('',*,*,#17209,.F.);
#17266 = ORIENTED_EDGE('',*,*,#17103,.T.);
#17267 = ORIENTED_EDGE('',*,*,#17242,.T.);
#17268 = ORIENTED_EDGE('',*,*,#17269,.T.);
#17269 = EDGE_CURVE('',#17235,#17270,#17272,.T.);
#17270 = VERTEX_POINT('',#17271);
#17271 = CARTESIAN_POINT('',(-0.745,0.6,0.45));
#17272 = LINE('',#17273,#17274);
#17273 = CARTESIAN_POINT('',(-1.,0.6,0.45));
#17274 = VECTOR('',#17275,1.);
#17275 = DIRECTION('',(1.,0.,0.));
#17276 = ORIENTED_EDGE('',*,*,#17277,.F.);
#17277 = EDGE_CURVE('',#17278,#17270,#17280,.T.);
#17278 = VERTEX_POINT('',#17279);
#17279 = CARTESIAN_POINT('',(-0.7,0.6,0.405));
#17280 = CIRCLE('',#17281,4.5E-02);
#17281 = AXIS2_PLACEMENT_3D('',#17282,#17283,#17284);
#17282 = CARTESIAN_POINT('',(-0.745,0.6,0.405));
#17283 = DIRECTION('',(0.,-1.,0.));
#17284 = DIRECTION('',(0.,0.,1.));
#17285 = ORIENTED_EDGE('',*,*,#17286,.F.);
#17286 = EDGE_CURVE('',#17287,#17278,#17289,.T.);
#17287 = VERTEX_POINT('',#17288);
#17288 = CARTESIAN_POINT('',(-0.955,0.6,0.405));
#17289 = LINE('',#17290,#17291);
#17290 = CARTESIAN_POINT('',(-0.955,0.6,0.405));
#17291 = VECTOR('',#17292,1.);
#17292 = DIRECTION('',(1.,0.,0.));
#17293 = ORIENTED_EDGE('',*,*,#17294,.F.);
#17294 = EDGE_CURVE('',#17295,#17287,#17297,.T.);
#17295 = VERTEX_POINT('',#17296);
#17296 = CARTESIAN_POINT('',(-0.955,0.6,4.5E-02));
#17297 = LINE('',#17298,#17299);
#17298 = CARTESIAN_POINT('',(-0.955,0.6,4.5E-02));
#17299 = VECTOR('',#17300,1.);
#17300 = DIRECTION('',(0.,0.,1.));
#17301 = ORIENTED_EDGE('',*,*,#17302,.T.);
#17302 = EDGE_CURVE('',#17295,#17303,#17305,.T.);
#17303 = VERTEX_POINT('',#17304);
#17304 = CARTESIAN_POINT('',(-0.7,0.6,4.5E-02));
#17305 = LINE('',#17306,#17307);
#17306 = CARTESIAN_POINT('',(-0.955,0.6,4.5E-02));
#17307 = VECTOR('',#17308,1.);
#17308 = DIRECTION('',(1.,0.,0.));
#17309 = ORIENTED_EDGE('',*,*,#17310,.T.);
#17310 = EDGE_CURVE('',#17303,#17259,#17311,.T.);
#17311 = CIRCLE('',#17312,4.5E-02);
#17312 = AXIS2_PLACEMENT_3D('',#17313,#17314,#17315);
#17313 = CARTESIAN_POINT('',(-0.745,0.6,4.5E-02));
#17314 = DIRECTION('',(0.,1.,0.));
#17315 = DIRECTION('',(0.,-0.,1.));
#17316 = PLANE('',#17317);
#17317 = AXIS2_PLACEMENT_3D('',#17318,#17319,#17320);
#17318 = CARTESIAN_POINT('',(-1.,0.6,0.));
#17319 = DIRECTION('',(0.,1.,0.));
#17320 = DIRECTION('',(0.,-0.,1.));
#17321 = ADVANCED_FACE('',(#17322),#17333,.F.);
#17322 = FACE_BOUND('',#17323,.F.);
#17323 = EDGE_LOOP('',(#17324,#17325,#17326,#17327));
#17324 = ORIENTED_EDGE('',*,*,#17258,.F.);
#17325 = ORIENTED_EDGE('',*,*,#17218,.F.);
#17326 = ORIENTED_EDGE('',*,*,#17125,.T.);
#17327 = ORIENTED_EDGE('',*,*,#17328,.T.);
#17328 = EDGE_CURVE('',#17128,#17259,#17329,.T.);
#17329 = LINE('',#17330,#17331);
#17330 = CARTESIAN_POINT('',(-0.745,-0.6,-2.775557561563E-17));
#17331 = VECTOR('',#17332,1.);
#17332 = DIRECTION('',(0.,1.,0.));
#17333 = PLANE('',#17334);
#17334 = AXIS2_PLACEMENT_3D('',#17335,#17336,#17337);
#17335 = CARTESIAN_POINT('',(-1.,-0.6,0.));
#17336 = DIRECTION('',(0.,0.,1.));
#17337 = DIRECTION('',(1.,0.,-0.));
#17338 = ADVANCED_FACE('',(#17339),#17350,.T.);
#17339 = FACE_BOUND('',#17340,.T.);
#17340 = EDGE_LOOP('',(#17341,#17342,#17343,#17344));
#17341 = ORIENTED_EDGE('',*,*,#17193,.T.);
#17342 = ORIENTED_EDGE('',*,*,#17328,.T.);
#17343 = ORIENTED_EDGE('',*,*,#17310,.F.);
#17344 = ORIENTED_EDGE('',*,*,#17345,.F.);
#17345 = EDGE_CURVE('',#17186,#17303,#17346,.T.);
#17346 = LINE('',#17347,#17348);
#17347 = CARTESIAN_POINT('',(-0.7,-0.6,4.5E-02));
#17348 = VECTOR('',#17349,1.);
#17349 = DIRECTION('',(0.,1.,0.));
#17350 = CYLINDRICAL_SURFACE('',#17351,4.5E-02);
#17351 = AXIS2_PLACEMENT_3D('',#17352,#17353,#17354);
#17352 = CARTESIAN_POINT('',(-0.745,-0.6,4.5E-02));
#17353 = DIRECTION('',(0.,1.,0.));
#17354 = DIRECTION('',(1.,0.,0.));
#17355 = ADVANCED_FACE('',(#17356),#17399,.F.);
#17356 = FACE_BOUND('',#17357,.F.);
#17357 = EDGE_LOOP('',(#17358,#17359,#17360,#17361,#17369,#17377,#17385,
    #17393));
#17358 = ORIENTED_EDGE('',*,*,#17185,.F.);
#17359 = ORIENTED_EDGE('',*,*,#17177,.T.);
#17360 = ORIENTED_EDGE('',*,*,#17169,.T.);
#17361 = ORIENTED_EDGE('',*,*,#17362,.T.);
#17362 = EDGE_CURVE('',#17161,#17363,#17365,.T.);
#17363 = VERTEX_POINT('',#17364);
#17364 = CARTESIAN_POINT('',(0.7,-0.6,0.405));
#17365 = LINE('',#17366,#17367);
#17366 = CARTESIAN_POINT('',(-0.7,-0.6,0.405));
#17367 = VECTOR('',#17368,1.);
#17368 = DIRECTION('',(1.,0.,0.));
#17369 = ORIENTED_EDGE('',*,*,#17370,.T.);
#17370 = EDGE_CURVE('',#17363,#17371,#17373,.T.);
#17371 = VERTEX_POINT('',#17372);
#17372 = CARTESIAN_POINT('',(0.955,-0.6,0.405));
#17373 = LINE('',#17374,#17375);
#17374 = CARTESIAN_POINT('',(-0.955,-0.6,0.405));
#17375 = VECTOR('',#17376,1.);
#17376 = DIRECTION('',(1.,0.,0.));
#17377 = ORIENTED_EDGE('',*,*,#17378,.F.);
#17378 = EDGE_CURVE('',#17379,#17371,#17381,.T.);
#17379 = VERTEX_POINT('',#17380);
#17380 = CARTESIAN_POINT('',(0.955,-0.6,4.5E-02));
#17381 = LINE('',#17382,#17383);
#17382 = CARTESIAN_POINT('',(0.955,-0.6,4.5E-02));
#17383 = VECTOR('',#17384,1.);
#17384 = DIRECTION('',(0.,0.,1.));
#17385 = ORIENTED_EDGE('',*,*,#17386,.F.);
#17386 = EDGE_CURVE('',#17387,#17379,#17389,.T.);
#17387 = VERTEX_POINT('',#17388);
#17388 = CARTESIAN_POINT('',(0.7,-0.6,4.5E-02));
#17389 = LINE('',#17390,#17391);
#17390 = CARTESIAN_POINT('',(-0.955,-0.6,4.5E-02));
#17391 = VECTOR('',#17392,1.);
#17392 = DIRECTION('',(1.,0.,0.));
#17393 = ORIENTED_EDGE('',*,*,#17394,.F.);
#17394 = EDGE_CURVE('',#17186,#17387,#17395,.T.);
#17395 = LINE('',#17396,#17397);
#17396 = CARTESIAN_POINT('',(-0.955,-0.6,4.5E-02));
#17397 = VECTOR('',#17398,1.);
#17398 = DIRECTION('',(1.,0.,0.));
#17399 = PLANE('',#17400);
#17400 = AXIS2_PLACEMENT_3D('',#17401,#17402,#17403);
#17401 = CARTESIAN_POINT('',(-0.955,-0.6,4.5E-02));
#17402 = DIRECTION('',(0.,1.,0.));
#17403 = DIRECTION('',(0.,-0.,1.));
#17404 = ADVANCED_FACE('',(#17405),#17416,.T.);
#17405 = FACE_BOUND('',#17406,.T.);
#17406 = EDGE_LOOP('',(#17407,#17408,#17409,#17410));
#17407 = ORIENTED_EDGE('',*,*,#17269,.F.);
#17408 = ORIENTED_EDGE('',*,*,#17234,.F.);
#17409 = ORIENTED_EDGE('',*,*,#17152,.T.);
#17410 = ORIENTED_EDGE('',*,*,#17411,.T.);
#17411 = EDGE_CURVE('',#17153,#17270,#17412,.T.);
#17412 = LINE('',#17413,#17414);
#17413 = CARTESIAN_POINT('',(-0.745,-0.6,0.45));
#17414 = VECTOR('',#17415,1.);
#17415 = DIRECTION('',(0.,1.,0.));
#17416 = PLANE('',#17417);
#17417 = AXIS2_PLACEMENT_3D('',#17418,#17419,#17420);
#17418 = CARTESIAN_POINT('',(-1.,-0.6,0.45));
#17419 = DIRECTION('',(0.,0.,1.));
#17420 = DIRECTION('',(1.,0.,-0.));
#17421 = ADVANCED_FACE('',(#17422),#17433,.T.);
#17422 = FACE_BOUND('',#17423,.T.);
#17423 = EDGE_LOOP('',(#17424,#17430,#17431,#17432));
#17424 = ORIENTED_EDGE('',*,*,#17425,.T.);
#17425 = EDGE_CURVE('',#17161,#17278,#17426,.T.);
#17426 = LINE('',#17427,#17428);
#17427 = CARTESIAN_POINT('',(-0.7,-0.6,0.405));
#17428 = VECTOR('',#17429,1.);
#17429 = DIRECTION('',(0.,1.,0.));
#17430 = ORIENTED_EDGE('',*,*,#17277,.T.);
#17431 = ORIENTED_EDGE('',*,*,#17411,.F.);
#17432 = ORIENTED_EDGE('',*,*,#17160,.F.);
#17433 = CYLINDRICAL_SURFACE('',#17434,4.5E-02);
#17434 = AXIS2_PLACEMENT_3D('',#17435,#17436,#17437);
#17435 = CARTESIAN_POINT('',(-0.745,-0.6,0.405));
#17436 = DIRECTION('',(0.,1.,0.));
#17437 = DIRECTION('',(1.,0.,0.));
#17438 = ADVANCED_FACE('',(#17439),#17482,.T.);
#17439 = FACE_BOUND('',#17440,.T.);
#17440 = EDGE_LOOP('',(#17441,#17442,#17443,#17444,#17452,#17460,#17468,
    #17476));
#17441 = ORIENTED_EDGE('',*,*,#17302,.F.);
#17442 = ORIENTED_EDGE('',*,*,#17294,.T.);
#17443 = ORIENTED_EDGE('',*,*,#17286,.T.);
#17444 = ORIENTED_EDGE('',*,*,#17445,.T.);
#17445 = EDGE_CURVE('',#17278,#17446,#17448,.T.);
#17446 = VERTEX_POINT('',#17447);
#17447 = CARTESIAN_POINT('',(0.7,0.6,0.405));
#17448 = LINE('',#17449,#17450);
#17449 = CARTESIAN_POINT('',(-0.7,0.6,0.405));
#17450 = VECTOR('',#17451,1.);
#17451 = DIRECTION('',(1.,0.,0.));
#17452 = ORIENTED_EDGE('',*,*,#17453,.T.);
#17453 = EDGE_CURVE('',#17446,#17454,#17456,.T.);
#17454 = VERTEX_POINT('',#17455);
#17455 = CARTESIAN_POINT('',(0.955,0.6,0.405));
#17456 = LINE('',#17457,#17458);
#17457 = CARTESIAN_POINT('',(-0.955,0.6,0.405));
#17458 = VECTOR('',#17459,1.);
#17459 = DIRECTION('',(1.,0.,0.));
#17460 = ORIENTED_EDGE('',*,*,#17461,.F.);
#17461 = EDGE_CURVE('',#17462,#17454,#17464,.T.);
#17462 = VERTEX_POINT('',#17463);
#17463 = CARTESIAN_POINT('',(0.955,0.6,4.5E-02));
#17464 = LINE('',#17465,#17466);
#17465 = CARTESIAN_POINT('',(0.955,0.6,4.5E-02));
#17466 = VECTOR('',#17467,1.);
#17467 = DIRECTION('',(0.,0.,1.));
#17468 = ORIENTED_EDGE('',*,*,#17469,.F.);
#17469 = EDGE_CURVE('',#17470,#17462,#17472,.T.);
#17470 = VERTEX_POINT('',#17471);
#17471 = CARTESIAN_POINT('',(0.7,0.6,4.5E-02));
#17472 = LINE('',#17473,#17474);
#17473 = CARTESIAN_POINT('',(-0.955,0.6,4.5E-02));
#17474 = VECTOR('',#17475,1.);
#17475 = DIRECTION('',(1.,0.,0.));
#17476 = ORIENTED_EDGE('',*,*,#17477,.F.);
#17477 = EDGE_CURVE('',#17303,#17470,#17478,.T.);
#17478 = LINE('',#17479,#17480);
#17479 = CARTESIAN_POINT('',(-0.955,0.6,4.5E-02));
#17480 = VECTOR('',#17481,1.);
#17481 = DIRECTION('',(1.,0.,0.));
#17482 = PLANE('',#17483);
#17483 = AXIS2_PLACEMENT_3D('',#17484,#17485,#17486);
#17484 = CARTESIAN_POINT('',(-0.955,0.6,4.5E-02));
#17485 = DIRECTION('',(0.,1.,0.));
#17486 = DIRECTION('',(0.,-0.,1.));
#17487 = ADVANCED_FACE('',(#17488),#17499,.F.);
#17488 = FACE_BOUND('',#17489,.F.);
#17489 = EDGE_LOOP('',(#17490,#17491,#17492,#17498));
#17490 = ORIENTED_EDGE('',*,*,#17345,.F.);
#17491 = ORIENTED_EDGE('',*,*,#17394,.T.);
#17492 = ORIENTED_EDGE('',*,*,#17493,.T.);
#17493 = EDGE_CURVE('',#17387,#17470,#17494,.T.);
#17494 = LINE('',#17495,#17496);
#17495 = CARTESIAN_POINT('',(0.7,-0.6,4.5E-02));
#17496 = VECTOR('',#17497,1.);
#17497 = DIRECTION('',(0.,1.,0.));
#17498 = ORIENTED_EDGE('',*,*,#17477,.F.);
#17499 = PLANE('',#17500);
#17500 = AXIS2_PLACEMENT_3D('',#17501,#17502,#17503);
#17501 = CARTESIAN_POINT('',(-0.955,-0.6,4.5E-02));
#17502 = DIRECTION('',(0.,0.,1.));
#17503 = DIRECTION('',(1.,0.,-0.));
#17504 = ADVANCED_FACE('',(#17505),#17568,.F.);
#17505 = FACE_BOUND('',#17506,.F.);
#17506 = EDGE_LOOP('',(#17507,#17517,#17524,#17525,#17526,#17527,#17536,
    #17544,#17553,#17561));
#17507 = ORIENTED_EDGE('',*,*,#17508,.F.);
#17508 = EDGE_CURVE('',#17509,#17511,#17513,.T.);
#17509 = VERTEX_POINT('',#17510);
#17510 = CARTESIAN_POINT('',(0.745,-0.6,-2.775557561563E-17));
#17511 = VERTEX_POINT('',#17512);
#17512 = CARTESIAN_POINT('',(0.955,-0.6,-2.775557561563E-17));
#17513 = LINE('',#17514,#17515);
#17514 = CARTESIAN_POINT('',(0.7,-0.6,0.));
#17515 = VECTOR('',#17516,1.);
#17516 = DIRECTION('',(1.,0.,0.));
#17517 = ORIENTED_EDGE('',*,*,#17518,.F.);
#17518 = EDGE_CURVE('',#17387,#17509,#17519,.T.);
#17519 = CIRCLE('',#17520,4.5E-02);
#17520 = AXIS2_PLACEMENT_3D('',#17521,#17522,#17523);
#17521 = CARTESIAN_POINT('',(0.745,-0.6,4.5E-02));
#17522 = DIRECTION('',(0.,-1.,0.));
#17523 = DIRECTION('',(0.,0.,1.));
#17524 = ORIENTED_EDGE('',*,*,#17386,.T.);
#17525 = ORIENTED_EDGE('',*,*,#17378,.T.);
#17526 = ORIENTED_EDGE('',*,*,#17370,.F.);
#17527 = ORIENTED_EDGE('',*,*,#17528,.T.);
#17528 = EDGE_CURVE('',#17363,#17529,#17531,.T.);
#17529 = VERTEX_POINT('',#17530);
#17530 = CARTESIAN_POINT('',(0.745,-0.6,0.45));
#17531 = CIRCLE('',#17532,4.5E-02);
#17532 = AXIS2_PLACEMENT_3D('',#17533,#17534,#17535);
#17533 = CARTESIAN_POINT('',(0.745,-0.6,0.405));
#17534 = DIRECTION('',(0.,1.,0.));
#17535 = DIRECTION('',(0.,-0.,1.));
#17536 = ORIENTED_EDGE('',*,*,#17537,.T.);
#17537 = EDGE_CURVE('',#17529,#17538,#17540,.T.);
#17538 = VERTEX_POINT('',#17539);
#17539 = CARTESIAN_POINT('',(0.955,-0.6,0.45));
#17540 = LINE('',#17541,#17542);
#17541 = CARTESIAN_POINT('',(0.7,-0.6,0.45));
#17542 = VECTOR('',#17543,1.);
#17543 = DIRECTION('',(1.,0.,0.));
#17544 = ORIENTED_EDGE('',*,*,#17545,.F.);
#17545 = EDGE_CURVE('',#17546,#17538,#17548,.T.);
#17546 = VERTEX_POINT('',#17547);
#17547 = CARTESIAN_POINT('',(1.,-0.6,0.405));
#17548 = CIRCLE('',#17549,4.5E-02);
#17549 = AXIS2_PLACEMENT_3D('',#17550,#17551,#17552);
#17550 = CARTESIAN_POINT('',(0.955,-0.6,0.405));
#17551 = DIRECTION('',(0.,-1.,0.));
#17552 = DIRECTION('',(0.,0.,1.));
#17553 = ORIENTED_EDGE('',*,*,#17554,.F.);
#17554 = EDGE_CURVE('',#17555,#17546,#17557,.T.);
#17555 = VERTEX_POINT('',#17556);
#17556 = CARTESIAN_POINT('',(1.,-0.6,4.5E-02));
#17557 = LINE('',#17558,#17559);
#17558 = CARTESIAN_POINT('',(1.,-0.6,0.));
#17559 = VECTOR('',#17560,1.);
#17560 = DIRECTION('',(0.,0.,1.));
#17561 = ORIENTED_EDGE('',*,*,#17562,.T.);
#17562 = EDGE_CURVE('',#17555,#17511,#17563,.T.);
#17563 = CIRCLE('',#17564,4.5E-02);
#17564 = AXIS2_PLACEMENT_3D('',#17565,#17566,#17567);
#17565 = CARTESIAN_POINT('',(0.955,-0.6,4.5E-02));
#17566 = DIRECTION('',(0.,1.,0.));
#17567 = DIRECTION('',(0.,-0.,1.));
#17568 = PLANE('',#17569);
#17569 = AXIS2_PLACEMENT_3D('',#17570,#17571,#17572);
#17570 = CARTESIAN_POINT('',(0.7,-0.6,0.));
#17571 = DIRECTION('',(0.,1.,0.));
#17572 = DIRECTION('',(0.,-0.,1.));
#17573 = ADVANCED_FACE('',(#17574),#17599,.F.);
#17574 = FACE_BOUND('',#17575,.F.);
#17575 = EDGE_LOOP('',(#17576,#17577,#17585,#17593));
#17576 = ORIENTED_EDGE('',*,*,#17362,.F.);
#17577 = ORIENTED_EDGE('',*,*,#17578,.T.);
#17578 = EDGE_CURVE('',#17161,#17579,#17581,.T.);
#17579 = VERTEX_POINT('',#17580);
#17580 = CARTESIAN_POINT('',(-0.7,-0.6,0.45));
#17581 = LINE('',#17582,#17583);
#17582 = CARTESIAN_POINT('',(-0.7,-0.6,0.405));
#17583 = VECTOR('',#17584,1.);
#17584 = DIRECTION('',(0.,0.,1.));
#17585 = ORIENTED_EDGE('',*,*,#17586,.T.);
#17586 = EDGE_CURVE('',#17579,#17587,#17589,.T.);
#17587 = VERTEX_POINT('',#17588);
#17588 = CARTESIAN_POINT('',(0.7,-0.6,0.45));
#17589 = LINE('',#17590,#17591);
#17590 = CARTESIAN_POINT('',(-0.7,-0.6,0.45));
#17591 = VECTOR('',#17592,1.);
#17592 = DIRECTION('',(1.,0.,0.));
#17593 = ORIENTED_EDGE('',*,*,#17594,.F.);
#17594 = EDGE_CURVE('',#17363,#17587,#17595,.T.);
#17595 = LINE('',#17596,#17597);
#17596 = CARTESIAN_POINT('',(0.7,-0.6,0.405));
#17597 = VECTOR('',#17598,1.);
#17598 = DIRECTION('',(0.,0.,1.));
#17599 = PLANE('',#17600);
#17600 = AXIS2_PLACEMENT_3D('',#17601,#17602,#17603);
#17601 = CARTESIAN_POINT('',(-0.7,-0.6,0.405));
#17602 = DIRECTION('',(0.,1.,0.));
#17603 = DIRECTION('',(0.,-0.,1.));
#17604 = ADVANCED_FACE('',(#17605),#17623,.F.);
#17605 = FACE_BOUND('',#17606,.F.);
#17606 = EDGE_LOOP('',(#17607,#17608,#17609,#17617));
#17607 = ORIENTED_EDGE('',*,*,#17578,.F.);
#17608 = ORIENTED_EDGE('',*,*,#17425,.T.);
#17609 = ORIENTED_EDGE('',*,*,#17610,.T.);
#17610 = EDGE_CURVE('',#17278,#17611,#17613,.T.);
#17611 = VERTEX_POINT('',#17612);
#17612 = CARTESIAN_POINT('',(-0.7,0.6,0.45));
#17613 = LINE('',#17614,#17615);
#17614 = CARTESIAN_POINT('',(-0.7,0.6,0.405));
#17615 = VECTOR('',#17616,1.);
#17616 = DIRECTION('',(0.,0.,1.));
#17617 = ORIENTED_EDGE('',*,*,#17618,.F.);
#17618 = EDGE_CURVE('',#17579,#17611,#17619,.T.);
#17619 = LINE('',#17620,#17621);
#17620 = CARTESIAN_POINT('',(-0.7,-0.6,0.45));
#17621 = VECTOR('',#17622,1.);
#17622 = DIRECTION('',(0.,1.,0.));
#17623 = PLANE('',#17624);
#17624 = AXIS2_PLACEMENT_3D('',#17625,#17626,#17627);
#17625 = CARTESIAN_POINT('',(-0.7,-0.6,0.405));
#17626 = DIRECTION('',(1.,0.,0.));
#17627 = DIRECTION('',(0.,0.,1.));
#17628 = ADVANCED_FACE('',(#17629),#17692,.T.);
#17629 = FACE_BOUND('',#17630,.T.);
#17630 = EDGE_LOOP('',(#17631,#17641,#17648,#17649,#17650,#17651,#17660,
    #17668,#17677,#17685));
#17631 = ORIENTED_EDGE('',*,*,#17632,.F.);
#17632 = EDGE_CURVE('',#17633,#17635,#17637,.T.);
#17633 = VERTEX_POINT('',#17634);
#17634 = CARTESIAN_POINT('',(0.745,0.6,-2.775557561563E-17));
#17635 = VERTEX_POINT('',#17636);
#17636 = CARTESIAN_POINT('',(0.955,0.6,-2.775557561563E-17));
#17637 = LINE('',#17638,#17639);
#17638 = CARTESIAN_POINT('',(0.7,0.6,0.));
#17639 = VECTOR('',#17640,1.);
#17640 = DIRECTION('',(1.,0.,0.));
#17641 = ORIENTED_EDGE('',*,*,#17642,.F.);
#17642 = EDGE_CURVE('',#17470,#17633,#17643,.T.);
#17643 = CIRCLE('',#17644,4.5E-02);
#17644 = AXIS2_PLACEMENT_3D('',#17645,#17646,#17647);
#17645 = CARTESIAN_POINT('',(0.745,0.6,4.5E-02));
#17646 = DIRECTION('',(0.,-1.,0.));
#17647 = DIRECTION('',(0.,0.,1.));
#17648 = ORIENTED_EDGE('',*,*,#17469,.T.);
#17649 = ORIENTED_EDGE('',*,*,#17461,.T.);
#17650 = ORIENTED_EDGE('',*,*,#17453,.F.);
#17651 = ORIENTED_EDGE('',*,*,#17652,.T.);
#17652 = EDGE_CURVE('',#17446,#17653,#17655,.T.);
#17653 = VERTEX_POINT('',#17654);
#17654 = CARTESIAN_POINT('',(0.745,0.6,0.45));
#17655 = CIRCLE('',#17656,4.5E-02);
#17656 = AXIS2_PLACEMENT_3D('',#17657,#17658,#17659);
#17657 = CARTESIAN_POINT('',(0.745,0.6,0.405));
#17658 = DIRECTION('',(0.,1.,0.));
#17659 = DIRECTION('',(0.,-0.,1.));
#17660 = ORIENTED_EDGE('',*,*,#17661,.T.);
#17661 = EDGE_CURVE('',#17653,#17662,#17664,.T.);
#17662 = VERTEX_POINT('',#17663);
#17663 = CARTESIAN_POINT('',(0.955,0.6,0.45));
#17664 = LINE('',#17665,#17666);
#17665 = CARTESIAN_POINT('',(0.7,0.6,0.45));
#17666 = VECTOR('',#17667,1.);
#17667 = DIRECTION('',(1.,0.,0.));
#17668 = ORIENTED_EDGE('',*,*,#17669,.F.);
#17669 = EDGE_CURVE('',#17670,#17662,#17672,.T.);
#17670 = VERTEX_POINT('',#17671);
#17671 = CARTESIAN_POINT('',(1.,0.6,0.405));
#17672 = CIRCLE('',#17673,4.5E-02);
#17673 = AXIS2_PLACEMENT_3D('',#17674,#17675,#17676);
#17674 = CARTESIAN_POINT('',(0.955,0.6,0.405));
#17675 = DIRECTION('',(0.,-1.,0.));
#17676 = DIRECTION('',(0.,0.,1.));
#17677 = ORIENTED_EDGE('',*,*,#17678,.F.);
#17678 = EDGE_CURVE('',#17679,#17670,#17681,.T.);
#17679 = VERTEX_POINT('',#17680);
#17680 = CARTESIAN_POINT('',(1.,0.6,4.5E-02));
#17681 = LINE('',#17682,#17683);
#17682 = CARTESIAN_POINT('',(1.,0.6,0.));
#17683 = VECTOR('',#17684,1.);
#17684 = DIRECTION('',(0.,0.,1.));
#17685 = ORIENTED_EDGE('',*,*,#17686,.T.);
#17686 = EDGE_CURVE('',#17679,#17635,#17687,.T.);
#17687 = CIRCLE('',#17688,4.5E-02);
#17688 = AXIS2_PLACEMENT_3D('',#17689,#17690,#17691);
#17689 = CARTESIAN_POINT('',(0.955,0.6,4.5E-02));
#17690 = DIRECTION('',(0.,1.,0.));
#17691 = DIRECTION('',(0.,-0.,1.));
#17692 = PLANE('',#17693);
#17693 = AXIS2_PLACEMENT_3D('',#17694,#17695,#17696);
#17694 = CARTESIAN_POINT('',(0.7,0.6,0.));
#17695 = DIRECTION('',(0.,1.,0.));
#17696 = DIRECTION('',(0.,-0.,1.));
#17697 = ADVANCED_FACE('',(#17698),#17716,.T.);
#17698 = FACE_BOUND('',#17699,.T.);
#17699 = EDGE_LOOP('',(#17700,#17701,#17702,#17710));
#17700 = ORIENTED_EDGE('',*,*,#17445,.F.);
#17701 = ORIENTED_EDGE('',*,*,#17610,.T.);
#17702 = ORIENTED_EDGE('',*,*,#17703,.T.);
#17703 = EDGE_CURVE('',#17611,#17704,#17706,.T.);
#17704 = VERTEX_POINT('',#17705);
#17705 = CARTESIAN_POINT('',(0.7,0.6,0.45));
#17706 = LINE('',#17707,#17708);
#17707 = CARTESIAN_POINT('',(-0.7,0.6,0.45));
#17708 = VECTOR('',#17709,1.);
#17709 = DIRECTION('',(1.,0.,0.));
#17710 = ORIENTED_EDGE('',*,*,#17711,.F.);
#17711 = EDGE_CURVE('',#17446,#17704,#17712,.T.);
#17712 = LINE('',#17713,#17714);
#17713 = CARTESIAN_POINT('',(0.7,0.6,0.405));
#17714 = VECTOR('',#17715,1.);
#17715 = DIRECTION('',(0.,0.,1.));
#17716 = PLANE('',#17717);
#17717 = AXIS2_PLACEMENT_3D('',#17718,#17719,#17720);
#17718 = CARTESIAN_POINT('',(-0.7,0.6,0.405));
#17719 = DIRECTION('',(0.,1.,0.));
#17720 = DIRECTION('',(0.,-0.,1.));
#17721 = ADVANCED_FACE('',(#17722),#17733,.T.);
#17722 = FACE_BOUND('',#17723,.T.);
#17723 = EDGE_LOOP('',(#17724,#17725,#17726,#17732));
#17724 = ORIENTED_EDGE('',*,*,#17493,.T.);
#17725 = ORIENTED_EDGE('',*,*,#17642,.T.);
#17726 = ORIENTED_EDGE('',*,*,#17727,.F.);
#17727 = EDGE_CURVE('',#17509,#17633,#17728,.T.);
#17728 = LINE('',#17729,#17730);
#17729 = CARTESIAN_POINT('',(0.745,-0.6,-2.775557561563E-17));
#17730 = VECTOR('',#17731,1.);
#17731 = DIRECTION('',(0.,1.,0.));
#17732 = ORIENTED_EDGE('',*,*,#17518,.F.);
#17733 = CYLINDRICAL_SURFACE('',#17734,4.5E-02);
#17734 = AXIS2_PLACEMENT_3D('',#17735,#17736,#17737);
#17735 = CARTESIAN_POINT('',(0.745,-0.6,4.5E-02));
#17736 = DIRECTION('',(0.,1.,0.));
#17737 = DIRECTION('',(-1.,0.,0.));
#17738 = ADVANCED_FACE('',(#17739),#17750,.F.);
#17739 = FACE_BOUND('',#17740,.F.);
#17740 = EDGE_LOOP('',(#17741,#17742,#17743,#17744));
#17741 = ORIENTED_EDGE('',*,*,#17632,.F.);
#17742 = ORIENTED_EDGE('',*,*,#17727,.F.);
#17743 = ORIENTED_EDGE('',*,*,#17508,.T.);
#17744 = ORIENTED_EDGE('',*,*,#17745,.T.);
#17745 = EDGE_CURVE('',#17511,#17635,#17746,.T.);
#17746 = LINE('',#17747,#17748);
#17747 = CARTESIAN_POINT('',(0.955,-0.6,-2.775557561563E-17));
#17748 = VECTOR('',#17749,1.);
#17749 = DIRECTION('',(0.,1.,0.));
#17750 = PLANE('',#17751);
#17751 = AXIS2_PLACEMENT_3D('',#17752,#17753,#17754);
#17752 = CARTESIAN_POINT('',(0.7,-0.6,0.));
#17753 = DIRECTION('',(0.,0.,1.));
#17754 = DIRECTION('',(1.,0.,-0.));
#17755 = ADVANCED_FACE('',(#17756),#17767,.T.);
#17756 = FACE_BOUND('',#17757,.T.);
#17757 = EDGE_LOOP('',(#17758,#17759,#17760,#17761));
#17758 = ORIENTED_EDGE('',*,*,#17562,.T.);
#17759 = ORIENTED_EDGE('',*,*,#17745,.T.);
#17760 = ORIENTED_EDGE('',*,*,#17686,.F.);
#17761 = ORIENTED_EDGE('',*,*,#17762,.F.);
#17762 = EDGE_CURVE('',#17555,#17679,#17763,.T.);
#17763 = LINE('',#17764,#17765);
#17764 = CARTESIAN_POINT('',(1.,-0.6,4.5E-02));
#17765 = VECTOR('',#17766,1.);
#17766 = DIRECTION('',(0.,1.,0.));
#17767 = CYLINDRICAL_SURFACE('',#17768,4.5E-02);
#17768 = AXIS2_PLACEMENT_3D('',#17769,#17770,#17771);
#17769 = CARTESIAN_POINT('',(0.955,-0.6,4.5E-02));
#17770 = DIRECTION('',(0.,1.,0.));
#17771 = DIRECTION('',(1.,0.,0.));
#17772 = ADVANCED_FACE('',(#17773),#17784,.T.);
#17773 = FACE_BOUND('',#17774,.T.);
#17774 = EDGE_LOOP('',(#17775,#17776,#17777,#17778));
#17775 = ORIENTED_EDGE('',*,*,#17554,.F.);
#17776 = ORIENTED_EDGE('',*,*,#17762,.T.);
#17777 = ORIENTED_EDGE('',*,*,#17678,.T.);
#17778 = ORIENTED_EDGE('',*,*,#17779,.F.);
#17779 = EDGE_CURVE('',#17546,#17670,#17780,.T.);
#17780 = LINE('',#17781,#17782);
#17781 = CARTESIAN_POINT('',(1.,-0.6,0.405));
#17782 = VECTOR('',#17783,1.);
#17783 = DIRECTION('',(0.,1.,0.));
#17784 = PLANE('',#17785);
#17785 = AXIS2_PLACEMENT_3D('',#17786,#17787,#17788);
#17786 = CARTESIAN_POINT('',(1.,-0.6,0.));
#17787 = DIRECTION('',(1.,0.,0.));
#17788 = DIRECTION('',(0.,0.,1.));
#17789 = ADVANCED_FACE('',(#17790),#17801,.T.);
#17790 = FACE_BOUND('',#17791,.T.);
#17791 = EDGE_LOOP('',(#17792,#17793,#17794,#17800));
#17792 = ORIENTED_EDGE('',*,*,#17779,.T.);
#17793 = ORIENTED_EDGE('',*,*,#17669,.T.);
#17794 = ORIENTED_EDGE('',*,*,#17795,.F.);
#17795 = EDGE_CURVE('',#17538,#17662,#17796,.T.);
#17796 = LINE('',#17797,#17798);
#17797 = CARTESIAN_POINT('',(0.955,-0.6,0.45));
#17798 = VECTOR('',#17799,1.);
#17799 = DIRECTION('',(0.,1.,0.));
#17800 = ORIENTED_EDGE('',*,*,#17545,.F.);
#17801 = CYLINDRICAL_SURFACE('',#17802,4.5E-02);
#17802 = AXIS2_PLACEMENT_3D('',#17803,#17804,#17805);
#17803 = CARTESIAN_POINT('',(0.955,-0.6,0.405));
#17804 = DIRECTION('',(0.,1.,0.));
#17805 = DIRECTION('',(1.,0.,0.));
#17806 = ADVANCED_FACE('',(#17807),#17818,.T.);
#17807 = FACE_BOUND('',#17808,.T.);
#17808 = EDGE_LOOP('',(#17809,#17810,#17816,#17817));
#17809 = ORIENTED_EDGE('',*,*,#17661,.F.);
#17810 = ORIENTED_EDGE('',*,*,#17811,.F.);
#17811 = EDGE_CURVE('',#17529,#17653,#17812,.T.);
#17812 = LINE('',#17813,#17814);
#17813 = CARTESIAN_POINT('',(0.745,-0.6,0.45));
#17814 = VECTOR('',#17815,1.);
#17815 = DIRECTION('',(0.,1.,0.));
#17816 = ORIENTED_EDGE('',*,*,#17537,.T.);
#17817 = ORIENTED_EDGE('',*,*,#17795,.T.);
#17818 = PLANE('',#17819);
#17819 = AXIS2_PLACEMENT_3D('',#17820,#17821,#17822);
#17820 = CARTESIAN_POINT('',(0.7,-0.6,0.45));
#17821 = DIRECTION('',(0.,0.,1.));
#17822 = DIRECTION('',(1.,0.,-0.));
#17823 = ADVANCED_FACE('',(#17824),#17835,.T.);
#17824 = FACE_BOUND('',#17825,.T.);
#17825 = EDGE_LOOP('',(#17826,#17827,#17828,#17829));
#17826 = ORIENTED_EDGE('',*,*,#17528,.T.);
#17827 = ORIENTED_EDGE('',*,*,#17811,.T.);
#17828 = ORIENTED_EDGE('',*,*,#17652,.F.);
#17829 = ORIENTED_EDGE('',*,*,#17830,.F.);
#17830 = EDGE_CURVE('',#17363,#17446,#17831,.T.);
#17831 = LINE('',#17832,#17833);
#17832 = CARTESIAN_POINT('',(0.7,-0.6,0.405));
#17833 = VECTOR('',#17834,1.);
#17834 = DIRECTION('',(0.,1.,0.));
#17835 = CYLINDRICAL_SURFACE('',#17836,4.5E-02);
#17836 = AXIS2_PLACEMENT_3D('',#17837,#17838,#17839);
#17837 = CARTESIAN_POINT('',(0.745,-0.6,0.405));
#17838 = DIRECTION('',(0.,1.,0.));
#17839 = DIRECTION('',(-1.,0.,0.));
#17840 = ADVANCED_FACE('',(#17841),#17852,.T.);
#17841 = FACE_BOUND('',#17842,.T.);
#17842 = EDGE_LOOP('',(#17843,#17844,#17845,#17846));
#17843 = ORIENTED_EDGE('',*,*,#17594,.F.);
#17844 = ORIENTED_EDGE('',*,*,#17830,.T.);
#17845 = ORIENTED_EDGE('',*,*,#17711,.T.);
#17846 = ORIENTED_EDGE('',*,*,#17847,.F.);
#17847 = EDGE_CURVE('',#17587,#17704,#17848,.T.);
#17848 = LINE('',#17849,#17850);
#17849 = CARTESIAN_POINT('',(0.7,-0.6,0.45));
#17850 = VECTOR('',#17851,1.);
#17851 = DIRECTION('',(0.,1.,0.));
#17852 = PLANE('',#17853);
#17853 = AXIS2_PLACEMENT_3D('',#17854,#17855,#17856);
#17854 = CARTESIAN_POINT('',(0.7,-0.6,0.405));
#17855 = DIRECTION('',(1.,0.,0.));
#17856 = DIRECTION('',(0.,0.,1.));
#17857 = ADVANCED_FACE('',(#17858),#17864,.T.);
#17858 = FACE_BOUND('',#17859,.T.);
#17859 = EDGE_LOOP('',(#17860,#17861,#17862,#17863));
#17860 = ORIENTED_EDGE('',*,*,#17618,.F.);
#17861 = ORIENTED_EDGE('',*,*,#17586,.T.);
#17862 = ORIENTED_EDGE('',*,*,#17847,.T.);
#17863 = ORIENTED_EDGE('',*,*,#17703,.F.);
#17864 = PLANE('',#17865);
#17865 = AXIS2_PLACEMENT_3D('',#17866,#17867,#17868);
#17866 = CARTESIAN_POINT('',(-0.7,-0.6,0.45));
#17867 = DIRECTION('',(0.,0.,1.));
#17868 = DIRECTION('',(1.,0.,-0.));
#17869 = ( GEOMETRIC_REPRESENTATION_CONTEXT(3) 
GLOBAL_UNCERTAINTY_ASSIGNED_CONTEXT((#17873)) 
GLOBAL_UNIT_ASSIGNED_CONTEXT((#17870,#17871,#17872)) 
REPRESENTATION_CONTEXT('Context #1',
  '3D Context with UNIT and UNCERTAINTY') );
#17870 = ( LENGTH_UNIT() NAMED_UNIT(*) SI_UNIT(.MILLI.,.METRE.) );
#17871 = ( NAMED_UNIT(*) PLANE_ANGLE_UNIT() SI_UNIT($,.RADIAN.) );
#17872 = ( NAMED_UNIT(*) SI_UNIT($,.STERADIAN.) SOLID_ANGLE_UNIT() );
#17873 = UNCERTAINTY_MEASURE_WITH_UNIT(LENGTH_MEASURE(1.E-07),#17870,
  'distance_accuracy_value','confusion accuracy');
#17874 = CONTEXT_DEPENDENT_SHAPE_REPRESENTATION(#17875,#17877);
#17875 = ( REPRESENTATION_RELATIONSHIP('','',#17078,#10) 
REPRESENTATION_RELATIONSHIP_WITH_TRANSFORMATION(#17876) 
SHAPE_REPRESENTATION_RELATIONSHIP() );
#17876 = ITEM_DEFINED_TRANSFORMATION('','',#11,#159);
#17877 = PRODUCT_DEFINITION_SHAPE('Placement','Placement of an item',
  #17878);
#17878 = NEXT_ASSEMBLY_USAGE_OCCURRENCE('37','R8','',#5,#17073,$);
#17879 = PRODUCT_RELATED_PRODUCT_CATEGORY('part',$,(#17075));
#17880 = CONTEXT_DEPENDENT_SHAPE_REPRESENTATION(#17881,#17883);
#17881 = ( REPRESENTATION_RELATIONSHIP('','',#1991,#10) 
REPRESENTATION_RELATIONSHIP_WITH_TRANSFORMATION(#17882) 
SHAPE_REPRESENTATION_RELATIONSHIP() );
#17882 = ITEM_DEFINED_TRANSFORMATION('','',#11,#163);
#17883 = PRODUCT_DEFINITION_SHAPE('Placement','Placement of an item',
  #17884);
#17884 = NEXT_ASSEMBLY_USAGE_OCCURRENCE('38','R20','',#5,#1986,$);
#17885 = CONTEXT_DEPENDENT_SHAPE_REPRESENTATION(#17886,#17888);
#17886 = ( REPRESENTATION_RELATIONSHIP('','',#240,#10) 
REPRESENTATION_RELATIONSHIP_WITH_TRANSFORMATION(#17887) 
SHAPE_REPRESENTATION_RELATIONSHIP() );
#17887 = ITEM_DEFINED_TRANSFORMATION('','',#11,#167);
#17888 = PRODUCT_DEFINITION_SHAPE('Placement','Placement of an item',
  #17889);
#17889 = NEXT_ASSEMBLY_USAGE_OCCURRENCE('39','C17','',#5,#235,$);
#17890 = CONTEXT_DEPENDENT_SHAPE_REPRESENTATION(#17891,#17893);
#17891 = ( REPRESENTATION_RELATIONSHIP('','',#240,#10) 
REPRESENTATION_RELATIONSHIP_WITH_TRANSFORMATION(#17892) 
SHAPE_REPRESENTATION_RELATIONSHIP() );
#17892 = ITEM_DEFINED_TRANSFORMATION('','',#11,#171);
#17893 = PRODUCT_DEFINITION_SHAPE('Placement','Placement of an item',
  #17894);
#17894 = NEXT_ASSEMBLY_USAGE_OCCURRENCE('40','C27','',#5,#235,$);
#17895 = CONTEXT_DEPENDENT_SHAPE_REPRESENTATION(#17896,#17898);
#17896 = ( REPRESENTATION_RELATIONSHIP('','',#1118,#10) 
REPRESENTATION_RELATIONSHIP_WITH_TRANSFORMATION(#17897) 
SHAPE_REPRESENTATION_RELATIONSHIP() );
#17897 = ITEM_DEFINED_TRANSFORMATION('','',#11,#175);
#17898 = PRODUCT_DEFINITION_SHAPE('Placement','Placement of an item',
  #17899);
#17899 = NEXT_ASSEMBLY_USAGE_OCCURRENCE('41','L7','',#5,#1113,$);
#17900 = CONTEXT_DEPENDENT_SHAPE_REPRESENTATION(#17901,#17903);
#17901 = ( REPRESENTATION_RELATIONSHIP('','',#240,#10) 
REPRESENTATION_RELATIONSHIP_WITH_TRANSFORMATION(#17902) 
SHAPE_REPRESENTATION_RELATIONSHIP() );
#17902 = ITEM_DEFINED_TRANSFORMATION('','',#11,#179);
#17903 = PRODUCT_DEFINITION_SHAPE('Placement','Placement of an item',
  #17904);
#17904 = NEXT_ASSEMBLY_USAGE_OCCURRENCE('42','C16','',#5,#235,$);
#17905 = CONTEXT_DEPENDENT_SHAPE_REPRESENTATION(#17906,#17908);
#17906 = ( REPRESENTATION_RELATIONSHIP('','',#240,#10) 
REPRESENTATION_RELATIONSHIP_WITH_TRANSFORMATION(#17907) 
SHAPE_REPRESENTATION_RELATIONSHIP() );
#17907 = ITEM_DEFINED_TRANSFORMATION('','',#11,#183);
#17908 = PRODUCT_DEFINITION_SHAPE('Placement','Placement of an item',
  #17909);
#17909 = NEXT_ASSEMBLY_USAGE_OCCURRENCE('43','C28','',#5,#235,$);
#17910 = CONTEXT_DEPENDENT_SHAPE_REPRESENTATION(#17911,#17913);
#17911 = ( REPRESENTATION_RELATIONSHIP('','',#2800,#10) 
REPRESENTATION_RELATIONSHIP_WITH_TRANSFORMATION(#17912) 
SHAPE_REPRESENTATION_RELATIONSHIP() );
#17912 = ITEM_DEFINED_TRANSFORMATION('','',#11,#187);
#17913 = PRODUCT_DEFINITION_SHAPE('Placement','Placement of an item',
  #17914);
#17914 = NEXT_ASSEMBLY_USAGE_OCCURRENCE('44','U7','',#5,#2795,$);
#17915 = CONTEXT_DEPENDENT_SHAPE_REPRESENTATION(#17916,#17918);
#17916 = ( REPRESENTATION_RELATIONSHIP('','',#1991,#10) 
REPRESENTATION_RELATIONSHIP_WITH_TRANSFORMATION(#17917) 
SHAPE_REPRESENTATION_RELATIONSHIP() );
#17917 = ITEM_DEFINED_TRANSFORMATION('','',#11,#191);
#17918 = PRODUCT_DEFINITION_SHAPE('Placement','Placement of an item',
  #17919);
#17919 = NEXT_ASSEMBLY_USAGE_OCCURRENCE('45','R4','',#5,#1986,$);
#17920 = SHAPE_DEFINITION_REPRESENTATION(#17921,#17927);
#17921 = PRODUCT_DEFINITION_SHAPE('','',#17922);
#17922 = PRODUCT_DEFINITION('design','',#17923,#17926);
#17923 = PRODUCT_DEFINITION_FORMATION('','',#17924);
#17924 = PRODUCT('Crystal_SMD_Abracon_ABM3B-4Pin_5.0x3.2mm',
  'Crystal_SMD_Abracon_ABM3B-4Pin_5.0x3.2mm','',(#17925));
#17925 = PRODUCT_CONTEXT('',#2,'mechanical');
#17926 = PRODUCT_DEFINITION_CONTEXT('part definition',#2,'design');
#17927 = ADVANCED_BREP_SHAPE_REPRESENTATION('',(#11,#17928),#20001);
#17928 = MANIFOLD_SOLID_BREP('',#17929);
#17929 = CLOSED_SHELL('',(#17930,#17970,#18337,#18386,#18515,#18556,
    #18596,#18620,#18644,#18668,#18692,#18716,#18740,#18773,#18790,
    #18831,#18871,#18895,#18919,#18943,#18967,#18991,#19015,#19048,
    #19065,#19106,#19146,#19170,#19194,#19218,#19242,#19266,#19290,
    #19314,#19347,#19359,#19399,#19423,#19447,#19471,#19495,#19519,
    #19543,#19576,#19594,#19626,#19650,#19675,#19699,#19724,#19748,
    #19773,#19790,#19808,#19831,#19843,#19861,#19884,#19896,#19914,
    #19938,#19950,#19973,#19985));
#17930 = ADVANCED_FACE('',(#17931),#17965,.T.);
#17931 = FACE_BOUND('',#17932,.T.);
#17932 = EDGE_LOOP('',(#17933,#17943,#17951,#17959));
#17933 = ORIENTED_EDGE('',*,*,#17934,.F.);
#17934 = EDGE_CURVE('',#17935,#17937,#17939,.T.);
#17935 = VERTEX_POINT('',#17936);
#17936 = CARTESIAN_POINT('',(-2.2,1.6,2.E-02));
#17937 = VERTEX_POINT('',#17938);
#17938 = CARTESIAN_POINT('',(2.2,1.6,2.E-02));
#17939 = LINE('',#17940,#17941);
#17940 = CARTESIAN_POINT('',(-2.5,1.6,2.E-02));
#17941 = VECTOR('',#17942,1.);
#17942 = DIRECTION('',(1.,0.,0.));
#17943 = ORIENTED_EDGE('',*,*,#17944,.T.);
#17944 = EDGE_CURVE('',#17935,#17945,#17947,.T.);
#17945 = VERTEX_POINT('',#17946);
#17946 = CARTESIAN_POINT('',(-2.2,1.6,0.8));
#17947 = LINE('',#17948,#17949);
#17948 = CARTESIAN_POINT('',(-2.2,1.6,2.E-02));
#17949 = VECTOR('',#17950,1.);
#17950 = DIRECTION('',(0.,0.,1.));
#17951 = ORIENTED_EDGE('',*,*,#17952,.T.);
#17952 = EDGE_CURVE('',#17945,#17953,#17955,.T.);
#17953 = VERTEX_POINT('',#17954);
#17954 = CARTESIAN_POINT('',(2.2,1.6,0.8));
#17955 = LINE('',#17956,#17957);
#17956 = CARTESIAN_POINT('',(-2.5,1.6,0.8));
#17957 = VECTOR('',#17958,1.);
#17958 = DIRECTION('',(1.,0.,0.));
#17959 = ORIENTED_EDGE('',*,*,#17960,.F.);
#17960 = EDGE_CURVE('',#17937,#17953,#17961,.T.);
#17961 = LINE('',#17962,#17963);
#17962 = CARTESIAN_POINT('',(2.2,1.6,2.E-02));
#17963 = VECTOR('',#17964,1.);
#17964 = DIRECTION('',(-2.22044604925E-16,2.465190328816E-32,1.));
#17965 = PLANE('',#17966);
#17966 = AXIS2_PLACEMENT_3D('',#17967,#17968,#17969);
#17967 = CARTESIAN_POINT('',(-2.5,1.6,2.E-02));
#17968 = DIRECTION('',(0.,1.,0.));
#17969 = DIRECTION('',(1.,0.,0.));
#17970 = ADVANCED_FACE('',(#17971),#18332,.F.);
#17971 = FACE_BOUND('',#17972,.F.);
#17972 = EDGE_LOOP('',(#17973,#17974,#17983,#17991,#17999,#18007,#18015,
    #18023,#18031,#18039,#18047,#18056,#18064,#18073,#18081,#18089,
    #18097,#18105,#18113,#18121,#18129,#18137,#18145,#18154,#18162,
    #18171,#18179,#18187,#18195,#18203,#18211,#18219,#18227,#18235,
    #18244,#18252,#18261,#18269,#18277,#18285,#18293,#18301,#18309,
    #18317,#18325));
#17973 = ORIENTED_EDGE('',*,*,#17934,.F.);
#17974 = ORIENTED_EDGE('',*,*,#17975,.F.);
#17975 = EDGE_CURVE('',#17976,#17935,#17978,.T.);
#17976 = VERTEX_POINT('',#17977);
#17977 = CARTESIAN_POINT('',(-2.200667409058,1.58,2.E-02));
#17978 = CIRCLE('',#17979,0.3);
#17979 = AXIS2_PLACEMENT_3D('',#17980,#17981,#17982);
#17980 = CARTESIAN_POINT('',(-2.5,1.6,2.E-02));
#17981 = DIRECTION('',(0.,0.,1.));
#17982 = DIRECTION('',(1.,0.,-0.));
#17983 = ORIENTED_EDGE('',*,*,#17984,.T.);
#17984 = EDGE_CURVE('',#17976,#17985,#17987,.T.);
#17985 = VERTEX_POINT('',#17986);
#17986 = CARTESIAN_POINT('',(-2.15,1.58,2.E-02));
#17987 = LINE('',#17988,#17989);
#17988 = CARTESIAN_POINT('',(-1.075,1.58,2.E-02));
#17989 = VECTOR('',#17990,1.);
#17990 = DIRECTION('',(1.,1.2E-16,-0.));
#17991 = ORIENTED_EDGE('',*,*,#17992,.T.);
#17992 = EDGE_CURVE('',#17985,#17993,#17995,.T.);
#17993 = VERTEX_POINT('',#17994);
#17994 = CARTESIAN_POINT('',(-2.15,1.5,2.E-02));
#17995 = LINE('',#17996,#17997);
#17996 = CARTESIAN_POINT('',(-2.15,0.75,2.E-02));
#17997 = VECTOR('',#17998,1.);
#17998 = DIRECTION('',(1.2E-16,-1.,0.));
#17999 = ORIENTED_EDGE('',*,*,#18000,.T.);
#18000 = EDGE_CURVE('',#17993,#18001,#18003,.T.);
#18001 = VERTEX_POINT('',#18002);
#18002 = CARTESIAN_POINT('',(-1.3,1.5,2.E-02));
#18003 = LINE('',#18004,#18005);
#18004 = CARTESIAN_POINT('',(-0.65,1.5,2.E-02));
#18005 = VECTOR('',#18006,1.);
#18006 = DIRECTION('',(1.,1.2E-16,-0.));
#18007 = ORIENTED_EDGE('',*,*,#18008,.T.);
#18008 = EDGE_CURVE('',#18001,#18009,#18011,.T.);
#18009 = VERTEX_POINT('',#18010);
#18010 = CARTESIAN_POINT('',(-1.3,0.7,2.E-02));
#18011 = LINE('',#18012,#18013);
#18012 = CARTESIAN_POINT('',(-1.3,0.35,2.E-02));
#18013 = VECTOR('',#18014,1.);
#18014 = DIRECTION('',(1.2E-16,-1.,0.));
#18015 = ORIENTED_EDGE('',*,*,#18016,.T.);
#18016 = EDGE_CURVE('',#18009,#18017,#18019,.T.);
#18017 = VERTEX_POINT('',#18018);
#18018 = CARTESIAN_POINT('',(-2.4,0.7,2.E-02));
#18019 = LINE('',#18020,#18021);
#18020 = CARTESIAN_POINT('',(-1.2,0.7,2.E-02));
#18021 = VECTOR('',#18022,1.);
#18022 = DIRECTION('',(-1.,-1.2E-16,0.));
#18023 = ORIENTED_EDGE('',*,*,#18024,.T.);
#18024 = EDGE_CURVE('',#18017,#18025,#18027,.T.);
#18025 = VERTEX_POINT('',#18026);
#18026 = CARTESIAN_POINT('',(-2.4,1.25,2.E-02));
#18027 = LINE('',#18028,#18029);
#18028 = CARTESIAN_POINT('',(-2.4,0.625,2.E-02));
#18029 = VECTOR('',#18030,1.);
#18030 = DIRECTION('',(-1.2E-16,1.,0.));
#18031 = ORIENTED_EDGE('',*,*,#18032,.F.);
#18032 = EDGE_CURVE('',#18033,#18025,#18035,.T.);
#18033 = VERTEX_POINT('',#18034);
#18034 = CARTESIAN_POINT('',(-2.48,1.25,2.E-02));
#18035 = LINE('',#18036,#18037);
#18036 = CARTESIAN_POINT('',(-1.2,1.25,2.E-02));
#18037 = VECTOR('',#18038,1.);
#18038 = DIRECTION('',(1.,1.2E-16,-0.));
#18039 = ORIENTED_EDGE('',*,*,#18040,.F.);
#18040 = EDGE_CURVE('',#18041,#18033,#18043,.T.);
#18041 = VERTEX_POINT('',#18042);
#18042 = CARTESIAN_POINT('',(-2.48,1.300667409058,2.E-02));
#18043 = LINE('',#18044,#18045);
#18044 = CARTESIAN_POINT('',(-2.48,0.625,2.E-02));
#18045 = VECTOR('',#18046,1.);
#18046 = DIRECTION('',(1.2E-16,-1.,0.));
#18047 = ORIENTED_EDGE('',*,*,#18048,.F.);
#18048 = EDGE_CURVE('',#18049,#18041,#18051,.T.);
#18049 = VERTEX_POINT('',#18050);
#18050 = CARTESIAN_POINT('',(-2.5,1.3,2.E-02));
#18051 = CIRCLE('',#18052,0.3);
#18052 = AXIS2_PLACEMENT_3D('',#18053,#18054,#18055);
#18053 = CARTESIAN_POINT('',(-2.5,1.6,2.E-02));
#18054 = DIRECTION('',(0.,0.,1.));
#18055 = DIRECTION('',(1.,0.,-0.));
#18056 = ORIENTED_EDGE('',*,*,#18057,.F.);
#18057 = EDGE_CURVE('',#18058,#18049,#18060,.T.);
#18058 = VERTEX_POINT('',#18059);
#18059 = CARTESIAN_POINT('',(-2.5,-1.3,2.E-02));
#18060 = LINE('',#18061,#18062);
#18061 = CARTESIAN_POINT('',(-2.5,-1.6,2.E-02));
#18062 = VECTOR('',#18063,1.);
#18063 = DIRECTION('',(0.,1.,0.));
#18064 = ORIENTED_EDGE('',*,*,#18065,.T.);
#18065 = EDGE_CURVE('',#18058,#18066,#18068,.T.);
#18066 = VERTEX_POINT('',#18067);
#18067 = CARTESIAN_POINT('',(-2.48,-1.300667409058,2.E-02));
#18068 = CIRCLE('',#18069,0.3);
#18069 = AXIS2_PLACEMENT_3D('',#18070,#18071,#18072);
#18070 = CARTESIAN_POINT('',(-2.5,-1.6,2.E-02));
#18071 = DIRECTION('',(0.,4.440892098501E-16,-1.));
#18072 = DIRECTION('',(1.,0.,0.));
#18073 = ORIENTED_EDGE('',*,*,#18074,.T.);
#18074 = EDGE_CURVE('',#18066,#18075,#18077,.T.);
#18075 = VERTEX_POINT('',#18076);
#18076 = CARTESIAN_POINT('',(-2.48,-1.25,2.E-02));
#18077 = LINE('',#18078,#18079);
#18078 = CARTESIAN_POINT('',(-2.48,-0.625,2.E-02));
#18079 = VECTOR('',#18080,1.);
#18080 = DIRECTION('',(0.,1.,0.));
#18081 = ORIENTED_EDGE('',*,*,#18082,.T.);
#18082 = EDGE_CURVE('',#18075,#18083,#18085,.T.);
#18083 = VERTEX_POINT('',#18084);
#18084 = CARTESIAN_POINT('',(-2.4,-1.25,2.E-02));
#18085 = LINE('',#18086,#18087);
#18086 = CARTESIAN_POINT('',(-1.2,-1.25,2.E-02));
#18087 = VECTOR('',#18088,1.);
#18088 = DIRECTION('',(1.,0.,-0.));
#18089 = ORIENTED_EDGE('',*,*,#18090,.F.);
#18090 = EDGE_CURVE('',#18091,#18083,#18093,.T.);
#18091 = VERTEX_POINT('',#18092);
#18092 = CARTESIAN_POINT('',(-2.4,-0.7,2.E-02));
#18093 = LINE('',#18094,#18095);
#18094 = CARTESIAN_POINT('',(-2.4,-0.625,2.E-02));
#18095 = VECTOR('',#18096,1.);
#18096 = DIRECTION('',(0.,-1.,0.));
#18097 = ORIENTED_EDGE('',*,*,#18098,.F.);
#18098 = EDGE_CURVE('',#18099,#18091,#18101,.T.);
#18099 = VERTEX_POINT('',#18100);
#18100 = CARTESIAN_POINT('',(-1.512132034356,-0.7,2.E-02));
#18101 = LINE('',#18102,#18103);
#18102 = CARTESIAN_POINT('',(-1.2,-0.7,2.E-02));
#18103 = VECTOR('',#18104,1.);
#18104 = DIRECTION('',(-1.,0.,0.));
#18105 = ORIENTED_EDGE('',*,*,#18106,.F.);
#18106 = EDGE_CURVE('',#18107,#18099,#18109,.T.);
#18107 = VERTEX_POINT('',#18108);
#18108 = CARTESIAN_POINT('',(-1.3,-0.912132034356,2.E-02));
#18109 = LINE('',#18110,#18111);
#18110 = CARTESIAN_POINT('',(-1.309099025767,-0.903033008589,2.E-02));
#18111 = VECTOR('',#18112,1.);
#18112 = DIRECTION('',(-0.707106781187,0.707106781187,0.));
#18113 = ORIENTED_EDGE('',*,*,#18114,.F.);
#18114 = EDGE_CURVE('',#18115,#18107,#18117,.T.);
#18115 = VERTEX_POINT('',#18116);
#18116 = CARTESIAN_POINT('',(-1.3,-1.5,2.E-02));
#18117 = LINE('',#18118,#18119);
#18118 = CARTESIAN_POINT('',(-1.3,-0.456066017178,2.E-02));
#18119 = VECTOR('',#18120,1.);
#18120 = DIRECTION('',(0.,1.,0.));
#18121 = ORIENTED_EDGE('',*,*,#18122,.F.);
#18122 = EDGE_CURVE('',#18123,#18115,#18125,.T.);
#18123 = VERTEX_POINT('',#18124);
#18124 = CARTESIAN_POINT('',(-2.15,-1.5,2.E-02));
#18125 = LINE('',#18126,#18127);
#18126 = CARTESIAN_POINT('',(-0.65,-1.5,2.E-02));
#18127 = VECTOR('',#18128,1.);
#18128 = DIRECTION('',(1.,0.,-0.));
#18129 = ORIENTED_EDGE('',*,*,#18130,.F.);
#18130 = EDGE_CURVE('',#18131,#18123,#18133,.T.);
#18131 = VERTEX_POINT('',#18132);
#18132 = CARTESIAN_POINT('',(-2.15,-1.58,2.E-02));
#18133 = LINE('',#18134,#18135);
#18134 = CARTESIAN_POINT('',(-2.15,-0.75,2.E-02));
#18135 = VECTOR('',#18136,1.);
#18136 = DIRECTION('',(0.,1.,0.));
#18137 = ORIENTED_EDGE('',*,*,#18138,.F.);
#18138 = EDGE_CURVE('',#18139,#18131,#18141,.T.);
#18139 = VERTEX_POINT('',#18140);
#18140 = CARTESIAN_POINT('',(-2.200667409058,-1.58,2.E-02));
#18141 = LINE('',#18142,#18143);
#18142 = CARTESIAN_POINT('',(-1.075,-1.58,2.E-02));
#18143 = VECTOR('',#18144,1.);
#18144 = DIRECTION('',(1.,0.,-0.));
#18145 = ORIENTED_EDGE('',*,*,#18146,.T.);
#18146 = EDGE_CURVE('',#18139,#18147,#18149,.T.);
#18147 = VERTEX_POINT('',#18148);
#18148 = CARTESIAN_POINT('',(-2.2,-1.6,2.E-02));
#18149 = CIRCLE('',#18150,0.3);
#18150 = AXIS2_PLACEMENT_3D('',#18151,#18152,#18153);
#18151 = CARTESIAN_POINT('',(-2.5,-1.6,2.E-02));
#18152 = DIRECTION('',(0.,4.440892098501E-16,-1.));
#18153 = DIRECTION('',(1.,0.,0.));
#18154 = ORIENTED_EDGE('',*,*,#18155,.F.);
#18155 = EDGE_CURVE('',#18156,#18147,#18158,.T.);
#18156 = VERTEX_POINT('',#18157);
#18157 = CARTESIAN_POINT('',(2.2,-1.6,2.E-02));
#18158 = LINE('',#18159,#18160);
#18159 = CARTESIAN_POINT('',(2.5,-1.6,2.E-02));
#18160 = VECTOR('',#18161,1.);
#18161 = DIRECTION('',(-1.,0.,0.));
#18162 = ORIENTED_EDGE('',*,*,#18163,.F.);
#18163 = EDGE_CURVE('',#18164,#18156,#18166,.T.);
#18164 = VERTEX_POINT('',#18165);
#18165 = CARTESIAN_POINT('',(2.200667409058,-1.58,2.E-02));
#18166 = CIRCLE('',#18167,0.3);
#18167 = AXIS2_PLACEMENT_3D('',#18168,#18169,#18170);
#18168 = CARTESIAN_POINT('',(2.5,-1.6,2.E-02));
#18169 = DIRECTION('',(-2.22044604925E-16,-4.440892098501E-16,1.));
#18170 = DIRECTION('',(-1.,-2.22044604925E-16,-2.22044604925E-16));
#18171 = ORIENTED_EDGE('',*,*,#18172,.T.);
#18172 = EDGE_CURVE('',#18164,#18173,#18175,.T.);
#18173 = VERTEX_POINT('',#18174);
#18174 = CARTESIAN_POINT('',(2.15,-1.58,2.E-02));
#18175 = LINE('',#18176,#18177);
#18176 = CARTESIAN_POINT('',(1.075,-1.58,2.E-02));
#18177 = VECTOR('',#18178,1.);
#18178 = DIRECTION('',(-1.,-1.2E-16,0.));
#18179 = ORIENTED_EDGE('',*,*,#18180,.T.);
#18180 = EDGE_CURVE('',#18173,#18181,#18183,.T.);
#18181 = VERTEX_POINT('',#18182);
#18182 = CARTESIAN_POINT('',(2.15,-1.5,2.E-02));
#18183 = LINE('',#18184,#18185);
#18184 = CARTESIAN_POINT('',(2.15,-0.75,2.E-02));
#18185 = VECTOR('',#18186,1.);
#18186 = DIRECTION('',(-1.2E-16,1.,0.));
#18187 = ORIENTED_EDGE('',*,*,#18188,.T.);
#18188 = EDGE_CURVE('',#18181,#18189,#18191,.T.);
#18189 = VERTEX_POINT('',#18190);
#18190 = CARTESIAN_POINT('',(1.3,-1.5,2.E-02));
#18191 = LINE('',#18192,#18193);
#18192 = CARTESIAN_POINT('',(0.65,-1.5,2.E-02));
#18193 = VECTOR('',#18194,1.);
#18194 = DIRECTION('',(-1.,-1.2E-16,0.));
#18195 = ORIENTED_EDGE('',*,*,#18196,.T.);
#18196 = EDGE_CURVE('',#18189,#18197,#18199,.T.);
#18197 = VERTEX_POINT('',#18198);
#18198 = CARTESIAN_POINT('',(1.3,-0.7,2.E-02));
#18199 = LINE('',#18200,#18201);
#18200 = CARTESIAN_POINT('',(1.3,-0.35,2.E-02));
#18201 = VECTOR('',#18202,1.);
#18202 = DIRECTION('',(-1.2E-16,1.,0.));
#18203 = ORIENTED_EDGE('',*,*,#18204,.T.);
#18204 = EDGE_CURVE('',#18197,#18205,#18207,.T.);
#18205 = VERTEX_POINT('',#18206);
#18206 = CARTESIAN_POINT('',(2.4,-0.7,2.E-02));
#18207 = LINE('',#18208,#18209);
#18208 = CARTESIAN_POINT('',(1.2,-0.7,2.E-02));
#18209 = VECTOR('',#18210,1.);
#18210 = DIRECTION('',(1.,1.2E-16,-0.));
#18211 = ORIENTED_EDGE('',*,*,#18212,.T.);
#18212 = EDGE_CURVE('',#18205,#18213,#18215,.T.);
#18213 = VERTEX_POINT('',#18214);
#18214 = CARTESIAN_POINT('',(2.4,-1.25,2.E-02));
#18215 = LINE('',#18216,#18217);
#18216 = CARTESIAN_POINT('',(2.4,-0.625,2.E-02));
#18217 = VECTOR('',#18218,1.);
#18218 = DIRECTION('',(1.2E-16,-1.,0.));
#18219 = ORIENTED_EDGE('',*,*,#18220,.F.);
#18220 = EDGE_CURVE('',#18221,#18213,#18223,.T.);
#18221 = VERTEX_POINT('',#18222);
#18222 = CARTESIAN_POINT('',(2.48,-1.25,2.E-02));
#18223 = LINE('',#18224,#18225);
#18224 = CARTESIAN_POINT('',(1.2,-1.25,2.E-02));
#18225 = VECTOR('',#18226,1.);
#18226 = DIRECTION('',(-1.,-1.2E-16,0.));
#18227 = ORIENTED_EDGE('',*,*,#18228,.F.);
#18228 = EDGE_CURVE('',#18229,#18221,#18231,.T.);
#18229 = VERTEX_POINT('',#18230);
#18230 = CARTESIAN_POINT('',(2.48,-1.300667409058,2.E-02));
#18231 = LINE('',#18232,#18233);
#18232 = CARTESIAN_POINT('',(2.48,-0.625,2.E-02));
#18233 = VECTOR('',#18234,1.);
#18234 = DIRECTION('',(-1.2E-16,1.,0.));
#18235 = ORIENTED_EDGE('',*,*,#18236,.F.);
#18236 = EDGE_CURVE('',#18237,#18229,#18239,.T.);
#18237 = VERTEX_POINT('',#18238);
#18238 = CARTESIAN_POINT('',(2.5,-1.3,2.E-02));
#18239 = CIRCLE('',#18240,0.3);
#18240 = AXIS2_PLACEMENT_3D('',#18241,#18242,#18243);
#18241 = CARTESIAN_POINT('',(2.5,-1.6,2.E-02));
#18242 = DIRECTION('',(-2.22044604925E-16,-4.440892098501E-16,1.));
#18243 = DIRECTION('',(-1.,-2.22044604925E-16,-2.22044604925E-16));
#18244 = ORIENTED_EDGE('',*,*,#18245,.F.);
#18245 = EDGE_CURVE('',#18246,#18237,#18248,.T.);
#18246 = VERTEX_POINT('',#18247);
#18247 = CARTESIAN_POINT('',(2.5,1.3,2.E-02));
#18248 = LINE('',#18249,#18250);
#18249 = CARTESIAN_POINT('',(2.5,1.6,2.E-02));
#18250 = VECTOR('',#18251,1.);
#18251 = DIRECTION('',(0.,-1.,0.));
#18252 = ORIENTED_EDGE('',*,*,#18253,.T.);
#18253 = EDGE_CURVE('',#18246,#18254,#18256,.T.);
#18254 = VERTEX_POINT('',#18255);
#18255 = CARTESIAN_POINT('',(2.48,1.300667409058,2.E-02));
#18256 = CIRCLE('',#18257,0.3);
#18257 = AXIS2_PLACEMENT_3D('',#18258,#18259,#18260);
#18258 = CARTESIAN_POINT('',(2.5,1.6,2.E-02));
#18259 = DIRECTION('',(2.22044604925E-16,-2.465190328816E-32,-1.));
#18260 = DIRECTION('',(-1.,2.22044604925E-16,-2.22044604925E-16));
#18261 = ORIENTED_EDGE('',*,*,#18262,.T.);
#18262 = EDGE_CURVE('',#18254,#18263,#18265,.T.);
#18263 = VERTEX_POINT('',#18264);
#18264 = CARTESIAN_POINT('',(2.48,1.25,2.E-02));
#18265 = LINE('',#18266,#18267);
#18266 = CARTESIAN_POINT('',(2.48,0.625,2.E-02));
#18267 = VECTOR('',#18268,1.);
#18268 = DIRECTION('',(-1.224646799147E-16,-1.,0.));
#18269 = ORIENTED_EDGE('',*,*,#18270,.T.);
#18270 = EDGE_CURVE('',#18263,#18271,#18273,.T.);
#18271 = VERTEX_POINT('',#18272);
#18272 = CARTESIAN_POINT('',(2.4,1.25,2.E-02));
#18273 = LINE('',#18274,#18275);
#18274 = CARTESIAN_POINT('',(1.2,1.25,2.E-02));
#18275 = VECTOR('',#18276,1.);
#18276 = DIRECTION('',(-1.,1.224646799147E-16,0.));
#18277 = ORIENTED_EDGE('',*,*,#18278,.F.);
#18278 = EDGE_CURVE('',#18279,#18271,#18281,.T.);
#18279 = VERTEX_POINT('',#18280);
#18280 = CARTESIAN_POINT('',(2.4,0.7,2.E-02));
#18281 = LINE('',#18282,#18283);
#18282 = CARTESIAN_POINT('',(2.4,0.625,2.E-02));
#18283 = VECTOR('',#18284,1.);
#18284 = DIRECTION('',(1.224646799147E-16,1.,-0.));
#18285 = ORIENTED_EDGE('',*,*,#18286,.F.);
#18286 = EDGE_CURVE('',#18287,#18279,#18289,.T.);
#18287 = VERTEX_POINT('',#18288);
#18288 = CARTESIAN_POINT('',(1.3,0.7,2.E-02));
#18289 = LINE('',#18290,#18291);
#18290 = CARTESIAN_POINT('',(1.2,0.7,2.E-02));
#18291 = VECTOR('',#18292,1.);
#18292 = DIRECTION('',(1.,-1.224646799147E-16,0.));
#18293 = ORIENTED_EDGE('',*,*,#18294,.F.);
#18294 = EDGE_CURVE('',#18295,#18287,#18297,.T.);
#18295 = VERTEX_POINT('',#18296);
#18296 = CARTESIAN_POINT('',(1.3,1.5,2.E-02));
#18297 = LINE('',#18298,#18299);
#18298 = CARTESIAN_POINT('',(1.3,0.35,2.E-02));
#18299 = VECTOR('',#18300,1.);
#18300 = DIRECTION('',(-1.224646799147E-16,-1.,0.));
#18301 = ORIENTED_EDGE('',*,*,#18302,.F.);
#18302 = EDGE_CURVE('',#18303,#18295,#18305,.T.);
#18303 = VERTEX_POINT('',#18304);
#18304 = CARTESIAN_POINT('',(2.15,1.5,2.E-02));
#18305 = LINE('',#18306,#18307);
#18306 = CARTESIAN_POINT('',(0.65,1.5,2.E-02));
#18307 = VECTOR('',#18308,1.);
#18308 = DIRECTION('',(-1.,1.224646799147E-16,0.));
#18309 = ORIENTED_EDGE('',*,*,#18310,.F.);
#18310 = EDGE_CURVE('',#18311,#18303,#18313,.T.);
#18311 = VERTEX_POINT('',#18312);
#18312 = CARTESIAN_POINT('',(2.15,1.58,2.E-02));
#18313 = LINE('',#18314,#18315);
#18314 = CARTESIAN_POINT('',(2.15,0.75,2.E-02));
#18315 = VECTOR('',#18316,1.);
#18316 = DIRECTION('',(-1.224646799147E-16,-1.,0.));
#18317 = ORIENTED_EDGE('',*,*,#18318,.F.);
#18318 = EDGE_CURVE('',#18319,#18311,#18321,.T.);
#18319 = VERTEX_POINT('',#18320);
#18320 = CARTESIAN_POINT('',(2.200667409058,1.58,2.E-02));
#18321 = LINE('',#18322,#18323);
#18322 = CARTESIAN_POINT('',(1.075,1.58,2.E-02));
#18323 = VECTOR('',#18324,1.);
#18324 = DIRECTION('',(-1.,1.224646799147E-16,0.));
#18325 = ORIENTED_EDGE('',*,*,#18326,.T.);
#18326 = EDGE_CURVE('',#18319,#17937,#18327,.T.);
#18327 = CIRCLE('',#18328,0.3);
#18328 = AXIS2_PLACEMENT_3D('',#18329,#18330,#18331);
#18329 = CARTESIAN_POINT('',(2.5,1.6,2.E-02));
#18330 = DIRECTION('',(2.22044604925E-16,-2.465190328816E-32,-1.));
#18331 = DIRECTION('',(-1.,2.22044604925E-16,-2.22044604925E-16));
#18332 = PLANE('',#18333);
#18333 = AXIS2_PLACEMENT_3D('',#18334,#18335,#18336);
#18334 = CARTESIAN_POINT('',(-8.881784197001E-16,0.,2.E-02));
#18335 = DIRECTION('',(0.,0.,1.));
#18336 = DIRECTION('',(1.,0.,-0.));
#18337 = ADVANCED_FACE('',(#18338),#18381,.F.);
#18338 = FACE_BOUND('',#18339,.F.);
#18339 = EDGE_LOOP('',(#18340,#18341,#18342,#18350,#18359,#18365,#18366,
    #18374));
#18340 = ORIENTED_EDGE('',*,*,#17960,.F.);
#18341 = ORIENTED_EDGE('',*,*,#18326,.F.);
#18342 = ORIENTED_EDGE('',*,*,#18343,.F.);
#18343 = EDGE_CURVE('',#18344,#18319,#18346,.T.);
#18344 = VERTEX_POINT('',#18345);
#18345 = CARTESIAN_POINT('',(2.200667409058,1.58,0.6));
#18346 = LINE('',#18347,#18348);
#18347 = CARTESIAN_POINT('',(2.200667409058,1.58,2.E-02));
#18348 = VECTOR('',#18349,1.);
#18349 = DIRECTION('',(2.22044604925E-16,-2.465190328816E-32,-1.));
#18350 = ORIENTED_EDGE('',*,*,#18351,.F.);
#18351 = EDGE_CURVE('',#18352,#18344,#18354,.T.);
#18352 = VERTEX_POINT('',#18353);
#18353 = CARTESIAN_POINT('',(2.48,1.300667409058,0.6));
#18354 = CIRCLE('',#18355,0.3);
#18355 = AXIS2_PLACEMENT_3D('',#18356,#18357,#18358);
#18356 = CARTESIAN_POINT('',(2.5,1.6,0.6));
#18357 = DIRECTION('',(2.22044604925E-16,-2.465190328816E-32,-1.));
#18358 = DIRECTION('',(-1.,2.22044604925E-16,-2.22044604925E-16));
#18359 = ORIENTED_EDGE('',*,*,#18360,.T.);
#18360 = EDGE_CURVE('',#18352,#18254,#18361,.T.);
#18361 = LINE('',#18362,#18363);
#18362 = CARTESIAN_POINT('',(2.48,1.300667409058,2.E-02));
#18363 = VECTOR('',#18364,1.);
#18364 = DIRECTION('',(2.22044604925E-16,-2.465190328816E-32,-1.));
#18365 = ORIENTED_EDGE('',*,*,#18253,.F.);
#18366 = ORIENTED_EDGE('',*,*,#18367,.F.);
#18367 = EDGE_CURVE('',#18368,#18246,#18370,.T.);
#18368 = VERTEX_POINT('',#18369);
#18369 = CARTESIAN_POINT('',(2.5,1.3,0.8));
#18370 = LINE('',#18371,#18372);
#18371 = CARTESIAN_POINT('',(2.5,1.3,2.E-02));
#18372 = VECTOR('',#18373,1.);
#18373 = DIRECTION('',(2.22044604925E-16,-2.465190328816E-32,-1.));
#18374 = ORIENTED_EDGE('',*,*,#18375,.T.);
#18375 = EDGE_CURVE('',#18368,#17953,#18376,.T.);
#18376 = CIRCLE('',#18377,0.3);
#18377 = AXIS2_PLACEMENT_3D('',#18378,#18379,#18380);
#18378 = CARTESIAN_POINT('',(2.5,1.6,0.8));
#18379 = DIRECTION('',(2.22044604925E-16,-2.465190328816E-32,-1.));
#18380 = DIRECTION('',(-1.,2.22044604925E-16,-2.22044604925E-16));
#18381 = CYLINDRICAL_SURFACE('',#18382,0.3);
#18382 = AXIS2_PLACEMENT_3D('',#18383,#18384,#18385);
#18383 = CARTESIAN_POINT('',(2.5,1.6,2.E-02));
#18384 = DIRECTION('',(2.22044604925E-16,-2.465190328816E-32,-1.));
#18385 = DIRECTION('',(-1.,2.22044604925E-16,-2.22044604925E-16));
#18386 = ADVANCED_FACE('',(#18387,#18440),#18510,.T.);
#18387 = FACE_BOUND('',#18388,.T.);
#18388 = EDGE_LOOP('',(#18389,#18390,#18399,#18407,#18416,#18424,#18433,
    #18439));
#18389 = ORIENTED_EDGE('',*,*,#17952,.F.);
#18390 = ORIENTED_EDGE('',*,*,#18391,.T.);
#18391 = EDGE_CURVE('',#17945,#18392,#18394,.T.);
#18392 = VERTEX_POINT('',#18393);
#18393 = CARTESIAN_POINT('',(-2.5,1.3,0.8));
#18394 = CIRCLE('',#18395,0.3);
#18395 = AXIS2_PLACEMENT_3D('',#18396,#18397,#18398);
#18396 = CARTESIAN_POINT('',(-2.5,1.6,0.8));
#18397 = DIRECTION('',(0.,0.,-1.));
#18398 = DIRECTION('',(1.,0.,0.));
#18399 = ORIENTED_EDGE('',*,*,#18400,.F.);
#18400 = EDGE_CURVE('',#18401,#18392,#18403,.T.);
#18401 = VERTEX_POINT('',#18402);
#18402 = CARTESIAN_POINT('',(-2.5,-1.3,0.8));
#18403 = LINE('',#18404,#18405);
#18404 = CARTESIAN_POINT('',(-2.5,-1.6,0.8));
#18405 = VECTOR('',#18406,1.);
#18406 = DIRECTION('',(0.,1.,0.));
#18407 = ORIENTED_EDGE('',*,*,#18408,.T.);
#18408 = EDGE_CURVE('',#18401,#18409,#18411,.T.);
#18409 = VERTEX_POINT('',#18410);
#18410 = CARTESIAN_POINT('',(-2.2,-1.6,0.8));
#18411 = CIRCLE('',#18412,0.3);
#18412 = AXIS2_PLACEMENT_3D('',#18413,#18414,#18415);
#18413 = CARTESIAN_POINT('',(-2.5,-1.6,0.8));
#18414 = DIRECTION('',(0.,4.440892098501E-16,-1.));
#18415 = DIRECTION('',(1.,0.,0.));
#18416 = ORIENTED_EDGE('',*,*,#18417,.F.);
#18417 = EDGE_CURVE('',#18418,#18409,#18420,.T.);
#18418 = VERTEX_POINT('',#18419);
#18419 = CARTESIAN_POINT('',(2.2,-1.6,0.8));
#18420 = LINE('',#18421,#18422);
#18421 = CARTESIAN_POINT('',(2.5,-1.6,0.8));
#18422 = VECTOR('',#18423,1.);
#18423 = DIRECTION('',(-1.,0.,0.));
#18424 = ORIENTED_EDGE('',*,*,#18425,.T.);
#18425 = EDGE_CURVE('',#18418,#18426,#18428,.T.);
#18426 = VERTEX_POINT('',#18427);
#18427 = CARTESIAN_POINT('',(2.5,-1.3,0.8));
#18428 = CIRCLE('',#18429,0.3);
#18429 = AXIS2_PLACEMENT_3D('',#18430,#18431,#18432);
#18430 = CARTESIAN_POINT('',(2.5,-1.6,0.8));
#18431 = DIRECTION('',(2.22044604925E-16,4.440892098501E-16,-1.));
#18432 = DIRECTION('',(-1.,-2.22044604925E-16,-2.22044604925E-16));
#18433 = ORIENTED_EDGE('',*,*,#18434,.F.);
#18434 = EDGE_CURVE('',#18368,#18426,#18435,.T.);
#18435 = LINE('',#18436,#18437);
#18436 = CARTESIAN_POINT('',(2.5,1.6,0.8));
#18437 = VECTOR('',#18438,1.);
#18438 = DIRECTION('',(0.,-1.,0.));
#18439 = ORIENTED_EDGE('',*,*,#18375,.T.);
#18440 = FACE_BOUND('',#18441,.T.);
#18441 = EDGE_LOOP('',(#18442,#18453,#18461,#18470,#18478,#18487,#18495,
    #18504));
#18442 = ORIENTED_EDGE('',*,*,#18443,.F.);
#18443 = EDGE_CURVE('',#18444,#18446,#18448,.T.);
#18444 = VERTEX_POINT('',#18445);
#18445 = CARTESIAN_POINT('',(-2.2,-1.,0.8));
#18446 = VERTEX_POINT('',#18447);
#18447 = CARTESIAN_POINT('',(-1.9,-1.3,0.8));
#18448 = CIRCLE('',#18449,0.3);
#18449 = AXIS2_PLACEMENT_3D('',#18450,#18451,#18452);
#18450 = CARTESIAN_POINT('',(-1.9,-1.,0.8));
#18451 = DIRECTION('',(0.,0.,1.));
#18452 = DIRECTION('',(1.,0.,-0.));
#18453 = ORIENTED_EDGE('',*,*,#18454,.T.);
#18454 = EDGE_CURVE('',#18444,#18455,#18457,.T.);
#18455 = VERTEX_POINT('',#18456);
#18456 = CARTESIAN_POINT('',(-2.2,1.,0.8));
#18457 = LINE('',#18458,#18459);
#18458 = CARTESIAN_POINT('',(-2.2,-1.,0.8));
#18459 = VECTOR('',#18460,1.);
#18460 = DIRECTION('',(0.,1.,0.));
#18461 = ORIENTED_EDGE('',*,*,#18462,.F.);
#18462 = EDGE_CURVE('',#18463,#18455,#18465,.T.);
#18463 = VERTEX_POINT('',#18464);
#18464 = CARTESIAN_POINT('',(-1.9,1.3,0.8));
#18465 = CIRCLE('',#18466,0.3);
#18466 = AXIS2_PLACEMENT_3D('',#18467,#18468,#18469);
#18467 = CARTESIAN_POINT('',(-1.9,1.,0.8));
#18468 = DIRECTION('',(0.,0.,1.));
#18469 = DIRECTION('',(1.,0.,-0.));
#18470 = ORIENTED_EDGE('',*,*,#18471,.T.);
#18471 = EDGE_CURVE('',#18463,#18472,#18474,.T.);
#18472 = VERTEX_POINT('',#18473);
#18473 = CARTESIAN_POINT('',(1.9,1.3,0.8));
#18474 = LINE('',#18475,#18476);
#18475 = CARTESIAN_POINT('',(-1.9,1.3,0.8));
#18476 = VECTOR('',#18477,1.);
#18477 = DIRECTION('',(1.,0.,0.));
#18478 = ORIENTED_EDGE('',*,*,#18479,.F.);
#18479 = EDGE_CURVE('',#18480,#18472,#18482,.T.);
#18480 = VERTEX_POINT('',#18481);
#18481 = CARTESIAN_POINT('',(2.2,1.,0.8));
#18482 = CIRCLE('',#18483,0.3);
#18483 = AXIS2_PLACEMENT_3D('',#18484,#18485,#18486);
#18484 = CARTESIAN_POINT('',(1.9,1.,0.8));
#18485 = DIRECTION('',(0.,0.,1.));
#18486 = DIRECTION('',(1.,0.,-0.));
#18487 = ORIENTED_EDGE('',*,*,#18488,.T.);
#18488 = EDGE_CURVE('',#18480,#18489,#18491,.T.);
#18489 = VERTEX_POINT('',#18490);
#18490 = CARTESIAN_POINT('',(2.2,-1.,0.8));
#18491 = LINE('',#18492,#18493);
#18492 = CARTESIAN_POINT('',(2.2,1.,0.8));
#18493 = VECTOR('',#18494,1.);
#18494 = DIRECTION('',(0.,-1.,0.));
#18495 = ORIENTED_EDGE('',*,*,#18496,.F.);
#18496 = EDGE_CURVE('',#18497,#18489,#18499,.T.);
#18497 = VERTEX_POINT('',#18498);
#18498 = CARTESIAN_POINT('',(1.9,-1.3,0.8));
#18499 = CIRCLE('',#18500,0.3);
#18500 = AXIS2_PLACEMENT_3D('',#18501,#18502,#18503);
#18501 = CARTESIAN_POINT('',(1.9,-1.,0.8));
#18502 = DIRECTION('',(0.,0.,1.));
#18503 = DIRECTION('',(1.,0.,-0.));
#18504 = ORIENTED_EDGE('',*,*,#18505,.T.);
#18505 = EDGE_CURVE('',#18497,#18446,#18506,.T.);
#18506 = LINE('',#18507,#18508);
#18507 = CARTESIAN_POINT('',(1.9,-1.3,0.8));
#18508 = VECTOR('',#18509,1.);
#18509 = DIRECTION('',(-1.,0.,0.));
#18510 = PLANE('',#18511);
#18511 = AXIS2_PLACEMENT_3D('',#18512,#18513,#18514);
#18512 = CARTESIAN_POINT('',(-8.881784197001E-16,0.,0.8));
#18513 = DIRECTION('',(0.,0.,1.));
#18514 = DIRECTION('',(1.,0.,-0.));
#18515 = ADVANCED_FACE('',(#18516),#18551,.F.);
#18516 = FACE_BOUND('',#18517,.F.);
#18517 = EDGE_LOOP('',(#18518,#18519,#18525,#18526,#18534,#18543,#18549,
    #18550));
#18518 = ORIENTED_EDGE('',*,*,#18391,.T.);
#18519 = ORIENTED_EDGE('',*,*,#18520,.T.);
#18520 = EDGE_CURVE('',#18392,#18049,#18521,.T.);
#18521 = LINE('',#18522,#18523);
#18522 = CARTESIAN_POINT('',(-2.5,1.3,2.E-02));
#18523 = VECTOR('',#18524,1.);
#18524 = DIRECTION('',(-0.,-0.,-1.));
#18525 = ORIENTED_EDGE('',*,*,#18048,.T.);
#18526 = ORIENTED_EDGE('',*,*,#18527,.F.);
#18527 = EDGE_CURVE('',#18528,#18041,#18530,.T.);
#18528 = VERTEX_POINT('',#18529);
#18529 = CARTESIAN_POINT('',(-2.48,1.300667409058,0.6));
#18530 = LINE('',#18531,#18532);
#18531 = CARTESIAN_POINT('',(-2.48,1.300667409058,2.E-02));
#18532 = VECTOR('',#18533,1.);
#18533 = DIRECTION('',(-0.,-0.,-1.));
#18534 = ORIENTED_EDGE('',*,*,#18535,.F.);
#18535 = EDGE_CURVE('',#18536,#18528,#18538,.T.);
#18536 = VERTEX_POINT('',#18537);
#18537 = CARTESIAN_POINT('',(-2.200667409058,1.58,0.6));
#18538 = CIRCLE('',#18539,0.3);
#18539 = AXIS2_PLACEMENT_3D('',#18540,#18541,#18542);
#18540 = CARTESIAN_POINT('',(-2.5,1.6,0.6));
#18541 = DIRECTION('',(0.,0.,-1.));
#18542 = DIRECTION('',(1.,0.,0.));
#18543 = ORIENTED_EDGE('',*,*,#18544,.T.);
#18544 = EDGE_CURVE('',#18536,#17976,#18545,.T.);
#18545 = LINE('',#18546,#18547);
#18546 = CARTESIAN_POINT('',(-2.200667409058,1.58,2.E-02));
#18547 = VECTOR('',#18548,1.);
#18548 = DIRECTION('',(-0.,-0.,-1.));
#18549 = ORIENTED_EDGE('',*,*,#17975,.T.);
#18550 = ORIENTED_EDGE('',*,*,#17944,.T.);
#18551 = CYLINDRICAL_SURFACE('',#18552,0.3);
#18552 = AXIS2_PLACEMENT_3D('',#18553,#18554,#18555);
#18553 = CARTESIAN_POINT('',(-2.5,1.6,2.E-02));
#18554 = DIRECTION('',(-0.,-0.,-1.));
#18555 = DIRECTION('',(1.,0.,0.));
#18556 = ADVANCED_FACE('',(#18557),#18591,.T.);
#18557 = FACE_BOUND('',#18558,.T.);
#18558 = EDGE_LOOP('',(#18559,#18569,#18575,#18576,#18577,#18585));
#18559 = ORIENTED_EDGE('',*,*,#18560,.F.);
#18560 = EDGE_CURVE('',#18561,#18563,#18565,.T.);
#18561 = VERTEX_POINT('',#18562);
#18562 = CARTESIAN_POINT('',(2.15,1.58,0.));
#18563 = VERTEX_POINT('',#18564);
#18564 = CARTESIAN_POINT('',(2.23,1.58,0.));
#18565 = LINE('',#18566,#18567);
#18566 = CARTESIAN_POINT('',(2.15,1.58,0.));
#18567 = VECTOR('',#18568,1.);
#18568 = DIRECTION('',(1.,-1.224646799147E-16,0.));
#18569 = ORIENTED_EDGE('',*,*,#18570,.T.);
#18570 = EDGE_CURVE('',#18561,#18311,#18571,.T.);
#18571 = LINE('',#18572,#18573);
#18572 = CARTESIAN_POINT('',(2.15,1.58,0.));
#18573 = VECTOR('',#18574,1.);
#18574 = DIRECTION('',(0.,0.,1.));
#18575 = ORIENTED_EDGE('',*,*,#18318,.F.);
#18576 = ORIENTED_EDGE('',*,*,#18343,.F.);
#18577 = ORIENTED_EDGE('',*,*,#18578,.T.);
#18578 = EDGE_CURVE('',#18344,#18579,#18581,.T.);
#18579 = VERTEX_POINT('',#18580);
#18580 = CARTESIAN_POINT('',(2.23,1.58,0.6));
#18581 = LINE('',#18582,#18583);
#18582 = CARTESIAN_POINT('',(2.15,1.58,0.6));
#18583 = VECTOR('',#18584,1.);
#18584 = DIRECTION('',(1.,-1.224646799147E-16,0.));
#18585 = ORIENTED_EDGE('',*,*,#18586,.F.);
#18586 = EDGE_CURVE('',#18563,#18579,#18587,.T.);
#18587 = LINE('',#18588,#18589);
#18588 = CARTESIAN_POINT('',(2.23,1.58,0.));
#18589 = VECTOR('',#18590,1.);
#18590 = DIRECTION('',(0.,0.,1.));
#18591 = PLANE('',#18592);
#18592 = AXIS2_PLACEMENT_3D('',#18593,#18594,#18595);
#18593 = CARTESIAN_POINT('',(2.15,1.58,0.));
#18594 = DIRECTION('',(1.224646799147E-16,1.,0.));
#18595 = DIRECTION('',(1.,-1.224646799147E-16,0.));
#18596 = ADVANCED_FACE('',(#18597),#18615,.T.);
#18597 = FACE_BOUND('',#18598,.T.);
#18598 = EDGE_LOOP('',(#18599,#18607,#18613,#18614));
#18599 = ORIENTED_EDGE('',*,*,#18600,.F.);
#18600 = EDGE_CURVE('',#18601,#18561,#18603,.T.);
#18601 = VERTEX_POINT('',#18602);
#18602 = CARTESIAN_POINT('',(2.15,1.5,0.));
#18603 = LINE('',#18604,#18605);
#18604 = CARTESIAN_POINT('',(2.15,1.5,0.));
#18605 = VECTOR('',#18606,1.);
#18606 = DIRECTION('',(1.224646799147E-16,1.,0.));
#18607 = ORIENTED_EDGE('',*,*,#18608,.T.);
#18608 = EDGE_CURVE('',#18601,#18303,#18609,.T.);
#18609 = LINE('',#18610,#18611);
#18610 = CARTESIAN_POINT('',(2.15,1.5,0.));
#18611 = VECTOR('',#18612,1.);
#18612 = DIRECTION('',(0.,0.,1.));
#18613 = ORIENTED_EDGE('',*,*,#18310,.F.);
#18614 = ORIENTED_EDGE('',*,*,#18570,.F.);
#18615 = PLANE('',#18616);
#18616 = AXIS2_PLACEMENT_3D('',#18617,#18618,#18619);
#18617 = CARTESIAN_POINT('',(2.15,1.5,0.));
#18618 = DIRECTION('',(-1.,1.224646799147E-16,0.));
#18619 = DIRECTION('',(1.224646799147E-16,1.,0.));
#18620 = ADVANCED_FACE('',(#18621),#18639,.T.);
#18621 = FACE_BOUND('',#18622,.T.);
#18622 = EDGE_LOOP('',(#18623,#18631,#18637,#18638));
#18623 = ORIENTED_EDGE('',*,*,#18624,.F.);
#18624 = EDGE_CURVE('',#18625,#18601,#18627,.T.);
#18625 = VERTEX_POINT('',#18626);
#18626 = CARTESIAN_POINT('',(1.3,1.5,0.));
#18627 = LINE('',#18628,#18629);
#18628 = CARTESIAN_POINT('',(1.3,1.5,0.));
#18629 = VECTOR('',#18630,1.);
#18630 = DIRECTION('',(1.,-1.224646799147E-16,0.));
#18631 = ORIENTED_EDGE('',*,*,#18632,.T.);
#18632 = EDGE_CURVE('',#18625,#18295,#18633,.T.);
#18633 = LINE('',#18634,#18635);
#18634 = CARTESIAN_POINT('',(1.3,1.5,0.));
#18635 = VECTOR('',#18636,1.);
#18636 = DIRECTION('',(0.,0.,1.));
#18637 = ORIENTED_EDGE('',*,*,#18302,.F.);
#18638 = ORIENTED_EDGE('',*,*,#18608,.F.);
#18639 = PLANE('',#18640);
#18640 = AXIS2_PLACEMENT_3D('',#18641,#18642,#18643);
#18641 = CARTESIAN_POINT('',(1.3,1.5,0.));
#18642 = DIRECTION('',(1.224646799147E-16,1.,0.));
#18643 = DIRECTION('',(1.,-1.224646799147E-16,0.));
#18644 = ADVANCED_FACE('',(#18645),#18663,.T.);
#18645 = FACE_BOUND('',#18646,.T.);
#18646 = EDGE_LOOP('',(#18647,#18655,#18661,#18662));
#18647 = ORIENTED_EDGE('',*,*,#18648,.F.);
#18648 = EDGE_CURVE('',#18649,#18625,#18651,.T.);
#18649 = VERTEX_POINT('',#18650);
#18650 = CARTESIAN_POINT('',(1.3,0.7,0.));
#18651 = LINE('',#18652,#18653);
#18652 = CARTESIAN_POINT('',(1.3,0.7,0.));
#18653 = VECTOR('',#18654,1.);
#18654 = DIRECTION('',(1.224646799147E-16,1.,0.));
#18655 = ORIENTED_EDGE('',*,*,#18656,.T.);
#18656 = EDGE_CURVE('',#18649,#18287,#18657,.T.);
#18657 = LINE('',#18658,#18659);
#18658 = CARTESIAN_POINT('',(1.3,0.7,0.));
#18659 = VECTOR('',#18660,1.);
#18660 = DIRECTION('',(0.,0.,1.));
#18661 = ORIENTED_EDGE('',*,*,#18294,.F.);
#18662 = ORIENTED_EDGE('',*,*,#18632,.F.);
#18663 = PLANE('',#18664);
#18664 = AXIS2_PLACEMENT_3D('',#18665,#18666,#18667);
#18665 = CARTESIAN_POINT('',(1.3,0.7,0.));
#18666 = DIRECTION('',(-1.,1.224646799147E-16,0.));
#18667 = DIRECTION('',(1.224646799147E-16,1.,0.));
#18668 = ADVANCED_FACE('',(#18669),#18687,.T.);
#18669 = FACE_BOUND('',#18670,.T.);
#18670 = EDGE_LOOP('',(#18671,#18679,#18685,#18686));
#18671 = ORIENTED_EDGE('',*,*,#18672,.F.);
#18672 = EDGE_CURVE('',#18673,#18649,#18675,.T.);
#18673 = VERTEX_POINT('',#18674);
#18674 = CARTESIAN_POINT('',(2.4,0.7,0.));
#18675 = LINE('',#18676,#18677);
#18676 = CARTESIAN_POINT('',(2.4,0.7,0.));
#18677 = VECTOR('',#18678,1.);
#18678 = DIRECTION('',(-1.,1.224646799147E-16,0.));
#18679 = ORIENTED_EDGE('',*,*,#18680,.T.);
#18680 = EDGE_CURVE('',#18673,#18279,#18681,.T.);
#18681 = LINE('',#18682,#18683);
#18682 = CARTESIAN_POINT('',(2.4,0.7,0.));
#18683 = VECTOR('',#18684,1.);
#18684 = DIRECTION('',(0.,0.,1.));
#18685 = ORIENTED_EDGE('',*,*,#18286,.F.);
#18686 = ORIENTED_EDGE('',*,*,#18656,.F.);
#18687 = PLANE('',#18688);
#18688 = AXIS2_PLACEMENT_3D('',#18689,#18690,#18691);
#18689 = CARTESIAN_POINT('',(2.4,0.7,0.));
#18690 = DIRECTION('',(-1.224646799147E-16,-1.,0.));
#18691 = DIRECTION('',(-1.,1.224646799147E-16,0.));
#18692 = ADVANCED_FACE('',(#18693),#18711,.T.);
#18693 = FACE_BOUND('',#18694,.T.);
#18694 = EDGE_LOOP('',(#18695,#18703,#18709,#18710));
#18695 = ORIENTED_EDGE('',*,*,#18696,.F.);
#18696 = EDGE_CURVE('',#18697,#18673,#18699,.T.);
#18697 = VERTEX_POINT('',#18698);
#18698 = CARTESIAN_POINT('',(2.4,1.25,0.));
#18699 = LINE('',#18700,#18701);
#18700 = CARTESIAN_POINT('',(2.4,1.25,0.));
#18701 = VECTOR('',#18702,1.);
#18702 = DIRECTION('',(-1.224646799147E-16,-1.,0.));
#18703 = ORIENTED_EDGE('',*,*,#18704,.T.);
#18704 = EDGE_CURVE('',#18697,#18271,#18705,.T.);
#18705 = LINE('',#18706,#18707);
#18706 = CARTESIAN_POINT('',(2.4,1.25,0.));
#18707 = VECTOR('',#18708,1.);
#18708 = DIRECTION('',(0.,0.,1.));
#18709 = ORIENTED_EDGE('',*,*,#18278,.F.);
#18710 = ORIENTED_EDGE('',*,*,#18680,.F.);
#18711 = PLANE('',#18712);
#18712 = AXIS2_PLACEMENT_3D('',#18713,#18714,#18715);
#18713 = CARTESIAN_POINT('',(2.4,1.25,0.));
#18714 = DIRECTION('',(1.,-1.224646799147E-16,0.));
#18715 = DIRECTION('',(-1.224646799147E-16,-1.,0.));
#18716 = ADVANCED_FACE('',(#18717),#18735,.F.);
#18717 = FACE_BOUND('',#18718,.F.);
#18718 = EDGE_LOOP('',(#18719,#18727,#18728,#18729));
#18719 = ORIENTED_EDGE('',*,*,#18720,.F.);
#18720 = EDGE_CURVE('',#18697,#18721,#18723,.T.);
#18721 = VERTEX_POINT('',#18722);
#18722 = CARTESIAN_POINT('',(2.48,1.25,0.));
#18723 = LINE('',#18724,#18725);
#18724 = CARTESIAN_POINT('',(2.4,1.25,0.));
#18725 = VECTOR('',#18726,1.);
#18726 = DIRECTION('',(1.,-1.224646799147E-16,0.));
#18727 = ORIENTED_EDGE('',*,*,#18704,.T.);
#18728 = ORIENTED_EDGE('',*,*,#18270,.F.);
#18729 = ORIENTED_EDGE('',*,*,#18730,.F.);
#18730 = EDGE_CURVE('',#18721,#18263,#18731,.T.);
#18731 = LINE('',#18732,#18733);
#18732 = CARTESIAN_POINT('',(2.48,1.25,0.));
#18733 = VECTOR('',#18734,1.);
#18734 = DIRECTION('',(0.,0.,1.));
#18735 = PLANE('',#18736);
#18736 = AXIS2_PLACEMENT_3D('',#18737,#18738,#18739);
#18737 = CARTESIAN_POINT('',(2.4,1.25,0.));
#18738 = DIRECTION('',(1.224646799147E-16,1.,0.));
#18739 = DIRECTION('',(1.,-1.224646799147E-16,0.));
#18740 = ADVANCED_FACE('',(#18741),#18768,.F.);
#18741 = FACE_BOUND('',#18742,.F.);
#18742 = EDGE_LOOP('',(#18743,#18751,#18752,#18753,#18754,#18762));
#18743 = ORIENTED_EDGE('',*,*,#18744,.F.);
#18744 = EDGE_CURVE('',#18721,#18745,#18747,.T.);
#18745 = VERTEX_POINT('',#18746);
#18746 = CARTESIAN_POINT('',(2.48,1.33,0.));
#18747 = LINE('',#18748,#18749);
#18748 = CARTESIAN_POINT('',(2.48,1.25,0.));
#18749 = VECTOR('',#18750,1.);
#18750 = DIRECTION('',(1.224646799147E-16,1.,0.));
#18751 = ORIENTED_EDGE('',*,*,#18730,.T.);
#18752 = ORIENTED_EDGE('',*,*,#18262,.F.);
#18753 = ORIENTED_EDGE('',*,*,#18360,.F.);
#18754 = ORIENTED_EDGE('',*,*,#18755,.T.);
#18755 = EDGE_CURVE('',#18352,#18756,#18758,.T.);
#18756 = VERTEX_POINT('',#18757);
#18757 = CARTESIAN_POINT('',(2.48,1.33,0.6));
#18758 = LINE('',#18759,#18760);
#18759 = CARTESIAN_POINT('',(2.48,1.25,0.6));
#18760 = VECTOR('',#18761,1.);
#18761 = DIRECTION('',(1.224646799147E-16,1.,0.));
#18762 = ORIENTED_EDGE('',*,*,#18763,.F.);
#18763 = EDGE_CURVE('',#18745,#18756,#18764,.T.);
#18764 = LINE('',#18765,#18766);
#18765 = CARTESIAN_POINT('',(2.48,1.33,0.));
#18766 = VECTOR('',#18767,1.);
#18767 = DIRECTION('',(0.,0.,1.));
#18768 = PLANE('',#18769);
#18769 = AXIS2_PLACEMENT_3D('',#18770,#18771,#18772);
#18770 = CARTESIAN_POINT('',(2.48,1.25,0.));
#18771 = DIRECTION('',(-1.,1.224646799147E-16,0.));
#18772 = DIRECTION('',(1.224646799147E-16,1.,0.));
#18773 = ADVANCED_FACE('',(#18774),#18785,.T.);
#18774 = FACE_BOUND('',#18775,.T.);
#18775 = EDGE_LOOP('',(#18776,#18777,#18778,#18779));
#18776 = ORIENTED_EDGE('',*,*,#18245,.F.);
#18777 = ORIENTED_EDGE('',*,*,#18367,.F.);
#18778 = ORIENTED_EDGE('',*,*,#18434,.T.);
#18779 = ORIENTED_EDGE('',*,*,#18780,.T.);
#18780 = EDGE_CURVE('',#18426,#18237,#18781,.T.);
#18781 = LINE('',#18782,#18783);
#18782 = CARTESIAN_POINT('',(2.5,-1.3,2.E-02));
#18783 = VECTOR('',#18784,1.);
#18784 = DIRECTION('',(2.22044604925E-16,4.440892098501E-16,-1.));
#18785 = PLANE('',#18786);
#18786 = AXIS2_PLACEMENT_3D('',#18787,#18788,#18789);
#18787 = CARTESIAN_POINT('',(2.5,1.6,2.E-02));
#18788 = DIRECTION('',(1.,0.,0.));
#18789 = DIRECTION('',(0.,-1.,0.));
#18790 = ADVANCED_FACE('',(#18791),#18826,.F.);
#18791 = FACE_BOUND('',#18792,.F.);
#18792 = EDGE_LOOP('',(#18793,#18794,#18795,#18796,#18804,#18813,#18819,
    #18820));
#18793 = ORIENTED_EDGE('',*,*,#18425,.T.);
#18794 = ORIENTED_EDGE('',*,*,#18780,.T.);
#18795 = ORIENTED_EDGE('',*,*,#18236,.T.);
#18796 = ORIENTED_EDGE('',*,*,#18797,.F.);
#18797 = EDGE_CURVE('',#18798,#18229,#18800,.T.);
#18798 = VERTEX_POINT('',#18799);
#18799 = CARTESIAN_POINT('',(2.48,-1.300667409058,0.6));
#18800 = LINE('',#18801,#18802);
#18801 = CARTESIAN_POINT('',(2.48,-1.300667409058,2.E-02));
#18802 = VECTOR('',#18803,1.);
#18803 = DIRECTION('',(2.22044604925E-16,4.440892098501E-16,-1.));
#18804 = ORIENTED_EDGE('',*,*,#18805,.F.);
#18805 = EDGE_CURVE('',#18806,#18798,#18808,.T.);
#18806 = VERTEX_POINT('',#18807);
#18807 = CARTESIAN_POINT('',(2.200667409058,-1.58,0.6));
#18808 = CIRCLE('',#18809,0.3);
#18809 = AXIS2_PLACEMENT_3D('',#18810,#18811,#18812);
#18810 = CARTESIAN_POINT('',(2.5,-1.6,0.6));
#18811 = DIRECTION('',(2.22044604925E-16,4.440892098501E-16,-1.));
#18812 = DIRECTION('',(-1.,-2.22044604925E-16,-2.22044604925E-16));
#18813 = ORIENTED_EDGE('',*,*,#18814,.T.);
#18814 = EDGE_CURVE('',#18806,#18164,#18815,.T.);
#18815 = LINE('',#18816,#18817);
#18816 = CARTESIAN_POINT('',(2.200667409058,-1.58,2.E-02));
#18817 = VECTOR('',#18818,1.);
#18818 = DIRECTION('',(2.22044604925E-16,4.440892098501E-16,-1.));
#18819 = ORIENTED_EDGE('',*,*,#18163,.T.);
#18820 = ORIENTED_EDGE('',*,*,#18821,.T.);
#18821 = EDGE_CURVE('',#18156,#18418,#18822,.T.);
#18822 = LINE('',#18823,#18824);
#18823 = CARTESIAN_POINT('',(2.2,-1.6,2.E-02));
#18824 = VECTOR('',#18825,1.);
#18825 = DIRECTION('',(-2.22044604925E-16,-4.440892098501E-16,1.));
#18826 = CYLINDRICAL_SURFACE('',#18827,0.3);
#18827 = AXIS2_PLACEMENT_3D('',#18828,#18829,#18830);
#18828 = CARTESIAN_POINT('',(2.5,-1.6,2.E-02));
#18829 = DIRECTION('',(2.22044604925E-16,4.440892098501E-16,-1.));
#18830 = DIRECTION('',(-1.,-2.22044604925E-16,-2.22044604925E-16));
#18831 = ADVANCED_FACE('',(#18832),#18866,.F.);
#18832 = FACE_BOUND('',#18833,.T.);
#18833 = EDGE_LOOP('',(#18834,#18844,#18850,#18851,#18852,#18860));
#18834 = ORIENTED_EDGE('',*,*,#18835,.F.);
#18835 = EDGE_CURVE('',#18836,#18838,#18840,.T.);
#18836 = VERTEX_POINT('',#18837);
#18837 = CARTESIAN_POINT('',(2.48,-1.25,0.));
#18838 = VERTEX_POINT('',#18839);
#18839 = CARTESIAN_POINT('',(2.48,-1.33,0.));
#18840 = LINE('',#18841,#18842);
#18841 = CARTESIAN_POINT('',(2.48,-1.25,0.));
#18842 = VECTOR('',#18843,1.);
#18843 = DIRECTION('',(1.2E-16,-1.,0.));
#18844 = ORIENTED_EDGE('',*,*,#18845,.T.);
#18845 = EDGE_CURVE('',#18836,#18221,#18846,.T.);
#18846 = LINE('',#18847,#18848);
#18847 = CARTESIAN_POINT('',(2.48,-1.25,0.));
#18848 = VECTOR('',#18849,1.);
#18849 = DIRECTION('',(0.,0.,1.));
#18850 = ORIENTED_EDGE('',*,*,#18228,.F.);
#18851 = ORIENTED_EDGE('',*,*,#18797,.F.);
#18852 = ORIENTED_EDGE('',*,*,#18853,.T.);
#18853 = EDGE_CURVE('',#18798,#18854,#18856,.T.);
#18854 = VERTEX_POINT('',#18855);
#18855 = CARTESIAN_POINT('',(2.48,-1.33,0.6));
#18856 = LINE('',#18857,#18858);
#18857 = CARTESIAN_POINT('',(2.48,-1.25,0.6));
#18858 = VECTOR('',#18859,1.);
#18859 = DIRECTION('',(1.2E-16,-1.,0.));
#18860 = ORIENTED_EDGE('',*,*,#18861,.F.);
#18861 = EDGE_CURVE('',#18838,#18854,#18862,.T.);
#18862 = LINE('',#18863,#18864);
#18863 = CARTESIAN_POINT('',(2.48,-1.33,0.));
#18864 = VECTOR('',#18865,1.);
#18865 = DIRECTION('',(0.,0.,1.));
#18866 = PLANE('',#18867);
#18867 = AXIS2_PLACEMENT_3D('',#18868,#18869,#18870);
#18868 = CARTESIAN_POINT('',(2.48,-1.25,0.));
#18869 = DIRECTION('',(-1.,-1.2E-16,-0.));
#18870 = DIRECTION('',(-1.2E-16,1.,0.));
#18871 = ADVANCED_FACE('',(#18872),#18890,.F.);
#18872 = FACE_BOUND('',#18873,.T.);
#18873 = EDGE_LOOP('',(#18874,#18882,#18888,#18889));
#18874 = ORIENTED_EDGE('',*,*,#18875,.F.);
#18875 = EDGE_CURVE('',#18876,#18836,#18878,.T.);
#18876 = VERTEX_POINT('',#18877);
#18877 = CARTESIAN_POINT('',(2.4,-1.25,0.));
#18878 = LINE('',#18879,#18880);
#18879 = CARTESIAN_POINT('',(2.4,-1.25,0.));
#18880 = VECTOR('',#18881,1.);
#18881 = DIRECTION('',(1.,1.2E-16,0.));
#18882 = ORIENTED_EDGE('',*,*,#18883,.T.);
#18883 = EDGE_CURVE('',#18876,#18213,#18884,.T.);
#18884 = LINE('',#18885,#18886);
#18885 = CARTESIAN_POINT('',(2.4,-1.25,0.));
#18886 = VECTOR('',#18887,1.);
#18887 = DIRECTION('',(0.,0.,1.));
#18888 = ORIENTED_EDGE('',*,*,#18220,.F.);
#18889 = ORIENTED_EDGE('',*,*,#18845,.F.);
#18890 = PLANE('',#18891);
#18891 = AXIS2_PLACEMENT_3D('',#18892,#18893,#18894);
#18892 = CARTESIAN_POINT('',(2.4,-1.25,0.));
#18893 = DIRECTION('',(1.2E-16,-1.,0.));
#18894 = DIRECTION('',(-1.,-1.2E-16,0.));
#18895 = ADVANCED_FACE('',(#18896),#18914,.T.);
#18896 = FACE_BOUND('',#18897,.F.);
#18897 = EDGE_LOOP('',(#18898,#18906,#18907,#18908));
#18898 = ORIENTED_EDGE('',*,*,#18899,.F.);
#18899 = EDGE_CURVE('',#18876,#18900,#18902,.T.);
#18900 = VERTEX_POINT('',#18901);
#18901 = CARTESIAN_POINT('',(2.4,-0.7,0.));
#18902 = LINE('',#18903,#18904);
#18903 = CARTESIAN_POINT('',(2.4,-1.25,0.));
#18904 = VECTOR('',#18905,1.);
#18905 = DIRECTION('',(-1.2E-16,1.,0.));
#18906 = ORIENTED_EDGE('',*,*,#18883,.T.);
#18907 = ORIENTED_EDGE('',*,*,#18212,.F.);
#18908 = ORIENTED_EDGE('',*,*,#18909,.F.);
#18909 = EDGE_CURVE('',#18900,#18205,#18910,.T.);
#18910 = LINE('',#18911,#18912);
#18911 = CARTESIAN_POINT('',(2.4,-0.7,0.));
#18912 = VECTOR('',#18913,1.);
#18913 = DIRECTION('',(0.,0.,1.));
#18914 = PLANE('',#18915);
#18915 = AXIS2_PLACEMENT_3D('',#18916,#18917,#18918);
#18916 = CARTESIAN_POINT('',(2.4,-1.25,0.));
#18917 = DIRECTION('',(1.,1.2E-16,0.));
#18918 = DIRECTION('',(1.2E-16,-1.,0.));
#18919 = ADVANCED_FACE('',(#18920),#18938,.T.);
#18920 = FACE_BOUND('',#18921,.F.);
#18921 = EDGE_LOOP('',(#18922,#18930,#18931,#18932));
#18922 = ORIENTED_EDGE('',*,*,#18923,.F.);
#18923 = EDGE_CURVE('',#18900,#18924,#18926,.T.);
#18924 = VERTEX_POINT('',#18925);
#18925 = CARTESIAN_POINT('',(1.3,-0.7,0.));
#18926 = LINE('',#18927,#18928);
#18927 = CARTESIAN_POINT('',(2.4,-0.7,0.));
#18928 = VECTOR('',#18929,1.);
#18929 = DIRECTION('',(-1.,-1.2E-16,-0.));
#18930 = ORIENTED_EDGE('',*,*,#18909,.T.);
#18931 = ORIENTED_EDGE('',*,*,#18204,.F.);
#18932 = ORIENTED_EDGE('',*,*,#18933,.F.);
#18933 = EDGE_CURVE('',#18924,#18197,#18934,.T.);
#18934 = LINE('',#18935,#18936);
#18935 = CARTESIAN_POINT('',(1.3,-0.7,0.));
#18936 = VECTOR('',#18937,1.);
#18937 = DIRECTION('',(0.,0.,1.));
#18938 = PLANE('',#18939);
#18939 = AXIS2_PLACEMENT_3D('',#18940,#18941,#18942);
#18940 = CARTESIAN_POINT('',(2.4,-0.7,0.));
#18941 = DIRECTION('',(-1.2E-16,1.,0.));
#18942 = DIRECTION('',(1.,1.2E-16,0.));
#18943 = ADVANCED_FACE('',(#18944),#18962,.T.);
#18944 = FACE_BOUND('',#18945,.F.);
#18945 = EDGE_LOOP('',(#18946,#18954,#18955,#18956));
#18946 = ORIENTED_EDGE('',*,*,#18947,.F.);
#18947 = EDGE_CURVE('',#18924,#18948,#18950,.T.);
#18948 = VERTEX_POINT('',#18949);
#18949 = CARTESIAN_POINT('',(1.3,-1.5,0.));
#18950 = LINE('',#18951,#18952);
#18951 = CARTESIAN_POINT('',(1.3,-0.7,0.));
#18952 = VECTOR('',#18953,1.);
#18953 = DIRECTION('',(1.2E-16,-1.,0.));
#18954 = ORIENTED_EDGE('',*,*,#18933,.T.);
#18955 = ORIENTED_EDGE('',*,*,#18196,.F.);
#18956 = ORIENTED_EDGE('',*,*,#18957,.F.);
#18957 = EDGE_CURVE('',#18948,#18189,#18958,.T.);
#18958 = LINE('',#18959,#18960);
#18959 = CARTESIAN_POINT('',(1.3,-1.5,0.));
#18960 = VECTOR('',#18961,1.);
#18961 = DIRECTION('',(0.,0.,1.));
#18962 = PLANE('',#18963);
#18963 = AXIS2_PLACEMENT_3D('',#18964,#18965,#18966);
#18964 = CARTESIAN_POINT('',(1.3,-0.7,0.));
#18965 = DIRECTION('',(-1.,-1.2E-16,-0.));
#18966 = DIRECTION('',(-1.2E-16,1.,0.));
#18967 = ADVANCED_FACE('',(#18968),#18986,.T.);
#18968 = FACE_BOUND('',#18969,.F.);
#18969 = EDGE_LOOP('',(#18970,#18978,#18979,#18980));
#18970 = ORIENTED_EDGE('',*,*,#18971,.F.);
#18971 = EDGE_CURVE('',#18948,#18972,#18974,.T.);
#18972 = VERTEX_POINT('',#18973);
#18973 = CARTESIAN_POINT('',(2.15,-1.5,0.));
#18974 = LINE('',#18975,#18976);
#18975 = CARTESIAN_POINT('',(1.3,-1.5,0.));
#18976 = VECTOR('',#18977,1.);
#18977 = DIRECTION('',(1.,1.2E-16,0.));
#18978 = ORIENTED_EDGE('',*,*,#18957,.T.);
#18979 = ORIENTED_EDGE('',*,*,#18188,.F.);
#18980 = ORIENTED_EDGE('',*,*,#18981,.F.);
#18981 = EDGE_CURVE('',#18972,#18181,#18982,.T.);
#18982 = LINE('',#18983,#18984);
#18983 = CARTESIAN_POINT('',(2.15,-1.5,0.));
#18984 = VECTOR('',#18985,1.);
#18985 = DIRECTION('',(0.,0.,1.));
#18986 = PLANE('',#18987);
#18987 = AXIS2_PLACEMENT_3D('',#18988,#18989,#18990);
#18988 = CARTESIAN_POINT('',(1.3,-1.5,0.));
#18989 = DIRECTION('',(1.2E-16,-1.,0.));
#18990 = DIRECTION('',(-1.,-1.2E-16,0.));
#18991 = ADVANCED_FACE('',(#18992),#19010,.T.);
#18992 = FACE_BOUND('',#18993,.F.);
#18993 = EDGE_LOOP('',(#18994,#19002,#19003,#19004));
#18994 = ORIENTED_EDGE('',*,*,#18995,.F.);
#18995 = EDGE_CURVE('',#18972,#18996,#18998,.T.);
#18996 = VERTEX_POINT('',#18997);
#18997 = CARTESIAN_POINT('',(2.15,-1.58,0.));
#18998 = LINE('',#18999,#19000);
#18999 = CARTESIAN_POINT('',(2.15,-1.5,0.));
#19000 = VECTOR('',#19001,1.);
#19001 = DIRECTION('',(1.2E-16,-1.,0.));
#19002 = ORIENTED_EDGE('',*,*,#18981,.T.);
#19003 = ORIENTED_EDGE('',*,*,#18180,.F.);
#19004 = ORIENTED_EDGE('',*,*,#19005,.F.);
#19005 = EDGE_CURVE('',#18996,#18173,#19006,.T.);
#19006 = LINE('',#19007,#19008);
#19007 = CARTESIAN_POINT('',(2.15,-1.58,0.));
#19008 = VECTOR('',#19009,1.);
#19009 = DIRECTION('',(0.,0.,1.));
#19010 = PLANE('',#19011);
#19011 = AXIS2_PLACEMENT_3D('',#19012,#19013,#19014);
#19012 = CARTESIAN_POINT('',(2.15,-1.5,0.));
#19013 = DIRECTION('',(-1.,-1.2E-16,-0.));
#19014 = DIRECTION('',(-1.2E-16,1.,0.));
#19015 = ADVANCED_FACE('',(#19016),#19043,.T.);
#19016 = FACE_BOUND('',#19017,.F.);
#19017 = EDGE_LOOP('',(#19018,#19026,#19027,#19028,#19029,#19037));
#19018 = ORIENTED_EDGE('',*,*,#19019,.F.);
#19019 = EDGE_CURVE('',#18996,#19020,#19022,.T.);
#19020 = VERTEX_POINT('',#19021);
#19021 = CARTESIAN_POINT('',(2.23,-1.58,0.));
#19022 = LINE('',#19023,#19024);
#19023 = CARTESIAN_POINT('',(2.15,-1.58,0.));
#19024 = VECTOR('',#19025,1.);
#19025 = DIRECTION('',(1.,1.2E-16,0.));
#19026 = ORIENTED_EDGE('',*,*,#19005,.T.);
#19027 = ORIENTED_EDGE('',*,*,#18172,.F.);
#19028 = ORIENTED_EDGE('',*,*,#18814,.F.);
#19029 = ORIENTED_EDGE('',*,*,#19030,.T.);
#19030 = EDGE_CURVE('',#18806,#19031,#19033,.T.);
#19031 = VERTEX_POINT('',#19032);
#19032 = CARTESIAN_POINT('',(2.23,-1.58,0.6));
#19033 = LINE('',#19034,#19035);
#19034 = CARTESIAN_POINT('',(2.15,-1.58,0.6));
#19035 = VECTOR('',#19036,1.);
#19036 = DIRECTION('',(1.,1.2E-16,0.));
#19037 = ORIENTED_EDGE('',*,*,#19038,.F.);
#19038 = EDGE_CURVE('',#19020,#19031,#19039,.T.);
#19039 = LINE('',#19040,#19041);
#19040 = CARTESIAN_POINT('',(2.23,-1.58,0.));
#19041 = VECTOR('',#19042,1.);
#19042 = DIRECTION('',(0.,0.,1.));
#19043 = PLANE('',#19044);
#19044 = AXIS2_PLACEMENT_3D('',#19045,#19046,#19047);
#19045 = CARTESIAN_POINT('',(2.15,-1.58,0.));
#19046 = DIRECTION('',(1.2E-16,-1.,0.));
#19047 = DIRECTION('',(-1.,-1.2E-16,0.));
#19048 = ADVANCED_FACE('',(#19049),#19060,.T.);
#19049 = FACE_BOUND('',#19050,.T.);
#19050 = EDGE_LOOP('',(#19051,#19052,#19053,#19054));
#19051 = ORIENTED_EDGE('',*,*,#18155,.F.);
#19052 = ORIENTED_EDGE('',*,*,#18821,.T.);
#19053 = ORIENTED_EDGE('',*,*,#18417,.T.);
#19054 = ORIENTED_EDGE('',*,*,#19055,.F.);
#19055 = EDGE_CURVE('',#18147,#18409,#19056,.T.);
#19056 = LINE('',#19057,#19058);
#19057 = CARTESIAN_POINT('',(-2.2,-1.6,2.E-02));
#19058 = VECTOR('',#19059,1.);
#19059 = DIRECTION('',(0.,-4.440892098501E-16,1.));
#19060 = PLANE('',#19061);
#19061 = AXIS2_PLACEMENT_3D('',#19062,#19063,#19064);
#19062 = CARTESIAN_POINT('',(2.5,-1.6,2.E-02));
#19063 = DIRECTION('',(0.,-1.,0.));
#19064 = DIRECTION('',(-1.,0.,0.));
#19065 = ADVANCED_FACE('',(#19066),#19101,.F.);
#19066 = FACE_BOUND('',#19067,.F.);
#19067 = EDGE_LOOP('',(#19068,#19069,#19070,#19078,#19087,#19093,#19094,
    #19100));
#19068 = ORIENTED_EDGE('',*,*,#19055,.F.);
#19069 = ORIENTED_EDGE('',*,*,#18146,.F.);
#19070 = ORIENTED_EDGE('',*,*,#19071,.F.);
#19071 = EDGE_CURVE('',#19072,#18139,#19074,.T.);
#19072 = VERTEX_POINT('',#19073);
#19073 = CARTESIAN_POINT('',(-2.200667409058,-1.58,0.6));
#19074 = LINE('',#19075,#19076);
#19075 = CARTESIAN_POINT('',(-2.200667409058,-1.58,2.E-02));
#19076 = VECTOR('',#19077,1.);
#19077 = DIRECTION('',(0.,4.440892098501E-16,-1.));
#19078 = ORIENTED_EDGE('',*,*,#19079,.F.);
#19079 = EDGE_CURVE('',#19080,#19072,#19082,.T.);
#19080 = VERTEX_POINT('',#19081);
#19081 = CARTESIAN_POINT('',(-2.48,-1.300667409058,0.6));
#19082 = CIRCLE('',#19083,0.3);
#19083 = AXIS2_PLACEMENT_3D('',#19084,#19085,#19086);
#19084 = CARTESIAN_POINT('',(-2.5,-1.6,0.6));
#19085 = DIRECTION('',(0.,4.440892098501E-16,-1.));
#19086 = DIRECTION('',(1.,0.,0.));
#19087 = ORIENTED_EDGE('',*,*,#19088,.T.);
#19088 = EDGE_CURVE('',#19080,#18066,#19089,.T.);
#19089 = LINE('',#19090,#19091);
#19090 = CARTESIAN_POINT('',(-2.48,-1.300667409058,2.E-02));
#19091 = VECTOR('',#19092,1.);
#19092 = DIRECTION('',(0.,4.440892098501E-16,-1.));
#19093 = ORIENTED_EDGE('',*,*,#18065,.F.);
#19094 = ORIENTED_EDGE('',*,*,#19095,.F.);
#19095 = EDGE_CURVE('',#18401,#18058,#19096,.T.);
#19096 = LINE('',#19097,#19098);
#19097 = CARTESIAN_POINT('',(-2.5,-1.3,2.E-02));
#19098 = VECTOR('',#19099,1.);
#19099 = DIRECTION('',(0.,4.440892098501E-16,-1.));
#19100 = ORIENTED_EDGE('',*,*,#18408,.T.);
#19101 = CYLINDRICAL_SURFACE('',#19102,0.3);
#19102 = AXIS2_PLACEMENT_3D('',#19103,#19104,#19105);
#19103 = CARTESIAN_POINT('',(-2.5,-1.6,2.E-02));
#19104 = DIRECTION('',(0.,4.440892098501E-16,-1.));
#19105 = DIRECTION('',(1.,0.,0.));
#19106 = ADVANCED_FACE('',(#19107),#19141,.T.);
#19107 = FACE_BOUND('',#19108,.T.);
#19108 = EDGE_LOOP('',(#19109,#19119,#19125,#19126,#19127,#19135));
#19109 = ORIENTED_EDGE('',*,*,#19110,.F.);
#19110 = EDGE_CURVE('',#19111,#19113,#19115,.T.);
#19111 = VERTEX_POINT('',#19112);
#19112 = CARTESIAN_POINT('',(-2.15,-1.58,0.));
#19113 = VERTEX_POINT('',#19114);
#19114 = CARTESIAN_POINT('',(-2.23,-1.58,0.));
#19115 = LINE('',#19116,#19117);
#19116 = CARTESIAN_POINT('',(-2.15,-1.58,0.));
#19117 = VECTOR('',#19118,1.);
#19118 = DIRECTION('',(-1.,0.,0.));
#19119 = ORIENTED_EDGE('',*,*,#19120,.T.);
#19120 = EDGE_CURVE('',#19111,#18131,#19121,.T.);
#19121 = LINE('',#19122,#19123);
#19122 = CARTESIAN_POINT('',(-2.15,-1.58,0.));
#19123 = VECTOR('',#19124,1.);
#19124 = DIRECTION('',(0.,0.,1.));
#19125 = ORIENTED_EDGE('',*,*,#18138,.F.);
#19126 = ORIENTED_EDGE('',*,*,#19071,.F.);
#19127 = ORIENTED_EDGE('',*,*,#19128,.T.);
#19128 = EDGE_CURVE('',#19072,#19129,#19131,.T.);
#19129 = VERTEX_POINT('',#19130);
#19130 = CARTESIAN_POINT('',(-2.23,-1.58,0.6));
#19131 = LINE('',#19132,#19133);
#19132 = CARTESIAN_POINT('',(-2.15,-1.58,0.6));
#19133 = VECTOR('',#19134,1.);
#19134 = DIRECTION('',(-1.,0.,0.));
#19135 = ORIENTED_EDGE('',*,*,#19136,.F.);
#19136 = EDGE_CURVE('',#19113,#19129,#19137,.T.);
#19137 = LINE('',#19138,#19139);
#19138 = CARTESIAN_POINT('',(-2.23,-1.58,0.));
#19139 = VECTOR('',#19140,1.);
#19140 = DIRECTION('',(0.,0.,1.));
#19141 = PLANE('',#19142);
#19142 = AXIS2_PLACEMENT_3D('',#19143,#19144,#19145);
#19143 = CARTESIAN_POINT('',(-2.15,-1.58,0.));
#19144 = DIRECTION('',(0.,-1.,0.));
#19145 = DIRECTION('',(-1.,0.,0.));
#19146 = ADVANCED_FACE('',(#19147),#19165,.T.);
#19147 = FACE_BOUND('',#19148,.T.);
#19148 = EDGE_LOOP('',(#19149,#19157,#19163,#19164));
#19149 = ORIENTED_EDGE('',*,*,#19150,.F.);
#19150 = EDGE_CURVE('',#19151,#19111,#19153,.T.);
#19151 = VERTEX_POINT('',#19152);
#19152 = CARTESIAN_POINT('',(-2.15,-1.5,0.));
#19153 = LINE('',#19154,#19155);
#19154 = CARTESIAN_POINT('',(-2.15,-1.5,0.));
#19155 = VECTOR('',#19156,1.);
#19156 = DIRECTION('',(0.,-1.,0.));
#19157 = ORIENTED_EDGE('',*,*,#19158,.T.);
#19158 = EDGE_CURVE('',#19151,#18123,#19159,.T.);
#19159 = LINE('',#19160,#19161);
#19160 = CARTESIAN_POINT('',(-2.15,-1.5,0.));
#19161 = VECTOR('',#19162,1.);
#19162 = DIRECTION('',(0.,0.,1.));
#19163 = ORIENTED_EDGE('',*,*,#18130,.F.);
#19164 = ORIENTED_EDGE('',*,*,#19120,.F.);
#19165 = PLANE('',#19166);
#19166 = AXIS2_PLACEMENT_3D('',#19167,#19168,#19169);
#19167 = CARTESIAN_POINT('',(-2.15,-1.5,0.));
#19168 = DIRECTION('',(1.,0.,0.));
#19169 = DIRECTION('',(0.,-1.,0.));
#19170 = ADVANCED_FACE('',(#19171),#19189,.T.);
#19171 = FACE_BOUND('',#19172,.T.);
#19172 = EDGE_LOOP('',(#19173,#19181,#19187,#19188));
#19173 = ORIENTED_EDGE('',*,*,#19174,.F.);
#19174 = EDGE_CURVE('',#19175,#19151,#19177,.T.);
#19175 = VERTEX_POINT('',#19176);
#19176 = CARTESIAN_POINT('',(-1.3,-1.5,0.));
#19177 = LINE('',#19178,#19179);
#19178 = CARTESIAN_POINT('',(-1.3,-1.5,0.));
#19179 = VECTOR('',#19180,1.);
#19180 = DIRECTION('',(-1.,0.,0.));
#19181 = ORIENTED_EDGE('',*,*,#19182,.T.);
#19182 = EDGE_CURVE('',#19175,#18115,#19183,.T.);
#19183 = LINE('',#19184,#19185);
#19184 = CARTESIAN_POINT('',(-1.3,-1.5,0.));
#19185 = VECTOR('',#19186,1.);
#19186 = DIRECTION('',(0.,0.,1.));
#19187 = ORIENTED_EDGE('',*,*,#18122,.F.);
#19188 = ORIENTED_EDGE('',*,*,#19158,.F.);
#19189 = PLANE('',#19190);
#19190 = AXIS2_PLACEMENT_3D('',#19191,#19192,#19193);
#19191 = CARTESIAN_POINT('',(-1.3,-1.5,0.));
#19192 = DIRECTION('',(0.,-1.,0.));
#19193 = DIRECTION('',(-1.,0.,0.));
#19194 = ADVANCED_FACE('',(#19195),#19213,.T.);
#19195 = FACE_BOUND('',#19196,.T.);
#19196 = EDGE_LOOP('',(#19197,#19205,#19211,#19212));
#19197 = ORIENTED_EDGE('',*,*,#19198,.F.);
#19198 = EDGE_CURVE('',#19199,#19175,#19201,.T.);
#19199 = VERTEX_POINT('',#19200);
#19200 = CARTESIAN_POINT('',(-1.3,-0.912132034356,0.));
#19201 = LINE('',#19202,#19203);
#19202 = CARTESIAN_POINT('',(-1.3,-0.912132034356,0.));
#19203 = VECTOR('',#19204,1.);
#19204 = DIRECTION('',(0.,-1.,0.));
#19205 = ORIENTED_EDGE('',*,*,#19206,.T.);
#19206 = EDGE_CURVE('',#19199,#18107,#19207,.T.);
#19207 = LINE('',#19208,#19209);
#19208 = CARTESIAN_POINT('',(-1.3,-0.912132034356,0.));
#19209 = VECTOR('',#19210,1.);
#19210 = DIRECTION('',(0.,0.,1.));
#19211 = ORIENTED_EDGE('',*,*,#18114,.F.);
#19212 = ORIENTED_EDGE('',*,*,#19182,.F.);
#19213 = PLANE('',#19214);
#19214 = AXIS2_PLACEMENT_3D('',#19215,#19216,#19217);
#19215 = CARTESIAN_POINT('',(-1.3,-0.912132034356,0.));
#19216 = DIRECTION('',(1.,0.,0.));
#19217 = DIRECTION('',(0.,-1.,0.));
#19218 = ADVANCED_FACE('',(#19219),#19237,.T.);
#19219 = FACE_BOUND('',#19220,.T.);
#19220 = EDGE_LOOP('',(#19221,#19229,#19235,#19236));
#19221 = ORIENTED_EDGE('',*,*,#19222,.F.);
#19222 = EDGE_CURVE('',#19223,#19199,#19225,.T.);
#19223 = VERTEX_POINT('',#19224);
#19224 = CARTESIAN_POINT('',(-1.512132034356,-0.7,0.));
#19225 = LINE('',#19226,#19227);
#19226 = CARTESIAN_POINT('',(-1.512132034356,-0.7,0.));
#19227 = VECTOR('',#19228,1.);
#19228 = DIRECTION('',(0.707106781187,-0.707106781187,0.));
#19229 = ORIENTED_EDGE('',*,*,#19230,.T.);
#19230 = EDGE_CURVE('',#19223,#18099,#19231,.T.);
#19231 = LINE('',#19232,#19233);
#19232 = CARTESIAN_POINT('',(-1.512132034356,-0.7,0.));
#19233 = VECTOR('',#19234,1.);
#19234 = DIRECTION('',(0.,0.,1.));
#19235 = ORIENTED_EDGE('',*,*,#18106,.F.);
#19236 = ORIENTED_EDGE('',*,*,#19206,.F.);
#19237 = PLANE('',#19238);
#19238 = AXIS2_PLACEMENT_3D('',#19239,#19240,#19241);
#19239 = CARTESIAN_POINT('',(-1.512132034356,-0.7,0.));
#19240 = DIRECTION('',(0.707106781187,0.707106781187,0.));
#19241 = DIRECTION('',(0.707106781187,-0.707106781187,0.));
#19242 = ADVANCED_FACE('',(#19243),#19261,.T.);
#19243 = FACE_BOUND('',#19244,.T.);
#19244 = EDGE_LOOP('',(#19245,#19253,#19259,#19260));
#19245 = ORIENTED_EDGE('',*,*,#19246,.F.);
#19246 = EDGE_CURVE('',#19247,#19223,#19249,.T.);
#19247 = VERTEX_POINT('',#19248);
#19248 = CARTESIAN_POINT('',(-2.4,-0.7,0.));
#19249 = LINE('',#19250,#19251);
#19250 = CARTESIAN_POINT('',(-2.4,-0.7,0.));
#19251 = VECTOR('',#19252,1.);
#19252 = DIRECTION('',(1.,0.,0.));
#19253 = ORIENTED_EDGE('',*,*,#19254,.T.);
#19254 = EDGE_CURVE('',#19247,#18091,#19255,.T.);
#19255 = LINE('',#19256,#19257);
#19256 = CARTESIAN_POINT('',(-2.4,-0.7,0.));
#19257 = VECTOR('',#19258,1.);
#19258 = DIRECTION('',(0.,0.,1.));
#19259 = ORIENTED_EDGE('',*,*,#18098,.F.);
#19260 = ORIENTED_EDGE('',*,*,#19230,.F.);
#19261 = PLANE('',#19262);
#19262 = AXIS2_PLACEMENT_3D('',#19263,#19264,#19265);
#19263 = CARTESIAN_POINT('',(-2.4,-0.7,0.));
#19264 = DIRECTION('',(0.,1.,0.));
#19265 = DIRECTION('',(1.,0.,0.));
#19266 = ADVANCED_FACE('',(#19267),#19285,.T.);
#19267 = FACE_BOUND('',#19268,.T.);
#19268 = EDGE_LOOP('',(#19269,#19277,#19283,#19284));
#19269 = ORIENTED_EDGE('',*,*,#19270,.F.);
#19270 = EDGE_CURVE('',#19271,#19247,#19273,.T.);
#19271 = VERTEX_POINT('',#19272);
#19272 = CARTESIAN_POINT('',(-2.4,-1.25,0.));
#19273 = LINE('',#19274,#19275);
#19274 = CARTESIAN_POINT('',(-2.4,-1.25,0.));
#19275 = VECTOR('',#19276,1.);
#19276 = DIRECTION('',(0.,1.,0.));
#19277 = ORIENTED_EDGE('',*,*,#19278,.T.);
#19278 = EDGE_CURVE('',#19271,#18083,#19279,.T.);
#19279 = LINE('',#19280,#19281);
#19280 = CARTESIAN_POINT('',(-2.4,-1.25,0.));
#19281 = VECTOR('',#19282,1.);
#19282 = DIRECTION('',(0.,0.,1.));
#19283 = ORIENTED_EDGE('',*,*,#18090,.F.);
#19284 = ORIENTED_EDGE('',*,*,#19254,.F.);
#19285 = PLANE('',#19286);
#19286 = AXIS2_PLACEMENT_3D('',#19287,#19288,#19289);
#19287 = CARTESIAN_POINT('',(-2.4,-1.25,0.));
#19288 = DIRECTION('',(-1.,0.,0.));
#19289 = DIRECTION('',(0.,1.,0.));
#19290 = ADVANCED_FACE('',(#19291),#19309,.F.);
#19291 = FACE_BOUND('',#19292,.F.);
#19292 = EDGE_LOOP('',(#19293,#19301,#19302,#19303));
#19293 = ORIENTED_EDGE('',*,*,#19294,.F.);
#19294 = EDGE_CURVE('',#19271,#19295,#19297,.T.);
#19295 = VERTEX_POINT('',#19296);
#19296 = CARTESIAN_POINT('',(-2.48,-1.25,0.));
#19297 = LINE('',#19298,#19299);
#19298 = CARTESIAN_POINT('',(-2.4,-1.25,0.));
#19299 = VECTOR('',#19300,1.);
#19300 = DIRECTION('',(-1.,0.,0.));
#19301 = ORIENTED_EDGE('',*,*,#19278,.T.);
#19302 = ORIENTED_EDGE('',*,*,#18082,.F.);
#19303 = ORIENTED_EDGE('',*,*,#19304,.F.);
#19304 = EDGE_CURVE('',#19295,#18075,#19305,.T.);
#19305 = LINE('',#19306,#19307);
#19306 = CARTESIAN_POINT('',(-2.48,-1.25,0.));
#19307 = VECTOR('',#19308,1.);
#19308 = DIRECTION('',(0.,0.,1.));
#19309 = PLANE('',#19310);
#19310 = AXIS2_PLACEMENT_3D('',#19311,#19312,#19313);
#19311 = CARTESIAN_POINT('',(-2.4,-1.25,0.));
#19312 = DIRECTION('',(0.,-1.,0.));
#19313 = DIRECTION('',(-1.,0.,0.));
#19314 = ADVANCED_FACE('',(#19315),#19342,.F.);
#19315 = FACE_BOUND('',#19316,.F.);
#19316 = EDGE_LOOP('',(#19317,#19325,#19326,#19327,#19328,#19336));
#19317 = ORIENTED_EDGE('',*,*,#19318,.F.);
#19318 = EDGE_CURVE('',#19295,#19319,#19321,.T.);
#19319 = VERTEX_POINT('',#19320);
#19320 = CARTESIAN_POINT('',(-2.48,-1.33,0.));
#19321 = LINE('',#19322,#19323);
#19322 = CARTESIAN_POINT('',(-2.48,-1.25,0.));
#19323 = VECTOR('',#19324,1.);
#19324 = DIRECTION('',(0.,-1.,0.));
#19325 = ORIENTED_EDGE('',*,*,#19304,.T.);
#19326 = ORIENTED_EDGE('',*,*,#18074,.F.);
#19327 = ORIENTED_EDGE('',*,*,#19088,.F.);
#19328 = ORIENTED_EDGE('',*,*,#19329,.T.);
#19329 = EDGE_CURVE('',#19080,#19330,#19332,.T.);
#19330 = VERTEX_POINT('',#19331);
#19331 = CARTESIAN_POINT('',(-2.48,-1.33,0.6));
#19332 = LINE('',#19333,#19334);
#19333 = CARTESIAN_POINT('',(-2.48,-1.25,0.6));
#19334 = VECTOR('',#19335,1.);
#19335 = DIRECTION('',(0.,-1.,0.));
#19336 = ORIENTED_EDGE('',*,*,#19337,.F.);
#19337 = EDGE_CURVE('',#19319,#19330,#19338,.T.);
#19338 = LINE('',#19339,#19340);
#19339 = CARTESIAN_POINT('',(-2.48,-1.33,0.));
#19340 = VECTOR('',#19341,1.);
#19341 = DIRECTION('',(0.,0.,1.));
#19342 = PLANE('',#19343);
#19343 = AXIS2_PLACEMENT_3D('',#19344,#19345,#19346);
#19344 = CARTESIAN_POINT('',(-2.48,-1.25,0.));
#19345 = DIRECTION('',(1.,0.,0.));
#19346 = DIRECTION('',(0.,-1.,0.));
#19347 = ADVANCED_FACE('',(#19348),#19354,.T.);
#19348 = FACE_BOUND('',#19349,.T.);
#19349 = EDGE_LOOP('',(#19350,#19351,#19352,#19353));
#19350 = ORIENTED_EDGE('',*,*,#18057,.F.);
#19351 = ORIENTED_EDGE('',*,*,#19095,.F.);
#19352 = ORIENTED_EDGE('',*,*,#18400,.T.);
#19353 = ORIENTED_EDGE('',*,*,#18520,.T.);
#19354 = PLANE('',#19355);
#19355 = AXIS2_PLACEMENT_3D('',#19356,#19357,#19358);
#19356 = CARTESIAN_POINT('',(-2.5,-1.6,2.E-02));
#19357 = DIRECTION('',(-1.,0.,0.));
#19358 = DIRECTION('',(0.,1.,0.));
#19359 = ADVANCED_FACE('',(#19360),#19394,.F.);
#19360 = FACE_BOUND('',#19361,.T.);
#19361 = EDGE_LOOP('',(#19362,#19372,#19378,#19379,#19380,#19388));
#19362 = ORIENTED_EDGE('',*,*,#19363,.F.);
#19363 = EDGE_CURVE('',#19364,#19366,#19368,.T.);
#19364 = VERTEX_POINT('',#19365);
#19365 = CARTESIAN_POINT('',(-2.48,1.25,0.));
#19366 = VERTEX_POINT('',#19367);
#19367 = CARTESIAN_POINT('',(-2.48,1.33,0.));
#19368 = LINE('',#19369,#19370);
#19369 = CARTESIAN_POINT('',(-2.48,1.25,0.));
#19370 = VECTOR('',#19371,1.);
#19371 = DIRECTION('',(-1.2E-16,1.,0.));
#19372 = ORIENTED_EDGE('',*,*,#19373,.T.);
#19373 = EDGE_CURVE('',#19364,#18033,#19374,.T.);
#19374 = LINE('',#19375,#19376);
#19375 = CARTESIAN_POINT('',(-2.48,1.25,0.));
#19376 = VECTOR('',#19377,1.);
#19377 = DIRECTION('',(0.,0.,1.));
#19378 = ORIENTED_EDGE('',*,*,#18040,.F.);
#19379 = ORIENTED_EDGE('',*,*,#18527,.F.);
#19380 = ORIENTED_EDGE('',*,*,#19381,.T.);
#19381 = EDGE_CURVE('',#18528,#19382,#19384,.T.);
#19382 = VERTEX_POINT('',#19383);
#19383 = CARTESIAN_POINT('',(-2.48,1.33,0.6));
#19384 = LINE('',#19385,#19386);
#19385 = CARTESIAN_POINT('',(-2.48,1.25,0.6));
#19386 = VECTOR('',#19387,1.);
#19387 = DIRECTION('',(-1.2E-16,1.,0.));
#19388 = ORIENTED_EDGE('',*,*,#19389,.F.);
#19389 = EDGE_CURVE('',#19366,#19382,#19390,.T.);
#19390 = LINE('',#19391,#19392);
#19391 = CARTESIAN_POINT('',(-2.48,1.33,0.));
#19392 = VECTOR('',#19393,1.);
#19393 = DIRECTION('',(0.,0.,1.));
#19394 = PLANE('',#19395);
#19395 = AXIS2_PLACEMENT_3D('',#19396,#19397,#19398);
#19396 = CARTESIAN_POINT('',(-2.48,1.25,0.));
#19397 = DIRECTION('',(1.,1.2E-16,0.));
#19398 = DIRECTION('',(1.2E-16,-1.,0.));
#19399 = ADVANCED_FACE('',(#19400),#19418,.F.);
#19400 = FACE_BOUND('',#19401,.T.);
#19401 = EDGE_LOOP('',(#19402,#19410,#19416,#19417));
#19402 = ORIENTED_EDGE('',*,*,#19403,.F.);
#19403 = EDGE_CURVE('',#19404,#19364,#19406,.T.);
#19404 = VERTEX_POINT('',#19405);
#19405 = CARTESIAN_POINT('',(-2.4,1.25,0.));
#19406 = LINE('',#19407,#19408);
#19407 = CARTESIAN_POINT('',(-2.4,1.25,0.));
#19408 = VECTOR('',#19409,1.);
#19409 = DIRECTION('',(-1.,-1.2E-16,0.));
#19410 = ORIENTED_EDGE('',*,*,#19411,.T.);
#19411 = EDGE_CURVE('',#19404,#18025,#19412,.T.);
#19412 = LINE('',#19413,#19414);
#19413 = CARTESIAN_POINT('',(-2.4,1.25,0.));
#19414 = VECTOR('',#19415,1.);
#19415 = DIRECTION('',(0.,0.,1.));
#19416 = ORIENTED_EDGE('',*,*,#18032,.F.);
#19417 = ORIENTED_EDGE('',*,*,#19373,.F.);
#19418 = PLANE('',#19419);
#19419 = AXIS2_PLACEMENT_3D('',#19420,#19421,#19422);
#19420 = CARTESIAN_POINT('',(-2.4,1.25,0.));
#19421 = DIRECTION('',(-1.2E-16,1.,0.));
#19422 = DIRECTION('',(1.,1.2E-16,0.));
#19423 = ADVANCED_FACE('',(#19424),#19442,.T.);
#19424 = FACE_BOUND('',#19425,.F.);
#19425 = EDGE_LOOP('',(#19426,#19434,#19435,#19436));
#19426 = ORIENTED_EDGE('',*,*,#19427,.F.);
#19427 = EDGE_CURVE('',#19404,#19428,#19430,.T.);
#19428 = VERTEX_POINT('',#19429);
#19429 = CARTESIAN_POINT('',(-2.4,0.7,0.));
#19430 = LINE('',#19431,#19432);
#19431 = CARTESIAN_POINT('',(-2.4,1.25,0.));
#19432 = VECTOR('',#19433,1.);
#19433 = DIRECTION('',(1.2E-16,-1.,0.));
#19434 = ORIENTED_EDGE('',*,*,#19411,.T.);
#19435 = ORIENTED_EDGE('',*,*,#18024,.F.);
#19436 = ORIENTED_EDGE('',*,*,#19437,.F.);
#19437 = EDGE_CURVE('',#19428,#18017,#19438,.T.);
#19438 = LINE('',#19439,#19440);
#19439 = CARTESIAN_POINT('',(-2.4,0.7,0.));
#19440 = VECTOR('',#19441,1.);
#19441 = DIRECTION('',(0.,0.,1.));
#19442 = PLANE('',#19443);
#19443 = AXIS2_PLACEMENT_3D('',#19444,#19445,#19446);
#19444 = CARTESIAN_POINT('',(-2.4,1.25,0.));
#19445 = DIRECTION('',(-1.,-1.2E-16,0.));
#19446 = DIRECTION('',(-1.2E-16,1.,0.));
#19447 = ADVANCED_FACE('',(#19448),#19466,.T.);
#19448 = FACE_BOUND('',#19449,.F.);
#19449 = EDGE_LOOP('',(#19450,#19458,#19459,#19460));
#19450 = ORIENTED_EDGE('',*,*,#19451,.F.);
#19451 = EDGE_CURVE('',#19428,#19452,#19454,.T.);
#19452 = VERTEX_POINT('',#19453);
#19453 = CARTESIAN_POINT('',(-1.3,0.7,0.));
#19454 = LINE('',#19455,#19456);
#19455 = CARTESIAN_POINT('',(-2.4,0.7,0.));
#19456 = VECTOR('',#19457,1.);
#19457 = DIRECTION('',(1.,1.2E-16,0.));
#19458 = ORIENTED_EDGE('',*,*,#19437,.T.);
#19459 = ORIENTED_EDGE('',*,*,#18016,.F.);
#19460 = ORIENTED_EDGE('',*,*,#19461,.F.);
#19461 = EDGE_CURVE('',#19452,#18009,#19462,.T.);
#19462 = LINE('',#19463,#19464);
#19463 = CARTESIAN_POINT('',(-1.3,0.7,0.));
#19464 = VECTOR('',#19465,1.);
#19465 = DIRECTION('',(0.,0.,1.));
#19466 = PLANE('',#19467);
#19467 = AXIS2_PLACEMENT_3D('',#19468,#19469,#19470);
#19468 = CARTESIAN_POINT('',(-2.4,0.7,0.));
#19469 = DIRECTION('',(1.2E-16,-1.,0.));
#19470 = DIRECTION('',(-1.,-1.2E-16,0.));
#19471 = ADVANCED_FACE('',(#19472),#19490,.T.);
#19472 = FACE_BOUND('',#19473,.F.);
#19473 = EDGE_LOOP('',(#19474,#19482,#19483,#19484));
#19474 = ORIENTED_EDGE('',*,*,#19475,.F.);
#19475 = EDGE_CURVE('',#19452,#19476,#19478,.T.);
#19476 = VERTEX_POINT('',#19477);
#19477 = CARTESIAN_POINT('',(-1.3,1.5,0.));
#19478 = LINE('',#19479,#19480);
#19479 = CARTESIAN_POINT('',(-1.3,0.7,0.));
#19480 = VECTOR('',#19481,1.);
#19481 = DIRECTION('',(-1.2E-16,1.,0.));
#19482 = ORIENTED_EDGE('',*,*,#19461,.T.);
#19483 = ORIENTED_EDGE('',*,*,#18008,.F.);
#19484 = ORIENTED_EDGE('',*,*,#19485,.F.);
#19485 = EDGE_CURVE('',#19476,#18001,#19486,.T.);
#19486 = LINE('',#19487,#19488);
#19487 = CARTESIAN_POINT('',(-1.3,1.5,0.));
#19488 = VECTOR('',#19489,1.);
#19489 = DIRECTION('',(0.,0.,1.));
#19490 = PLANE('',#19491);
#19491 = AXIS2_PLACEMENT_3D('',#19492,#19493,#19494);
#19492 = CARTESIAN_POINT('',(-1.3,0.7,0.));
#19493 = DIRECTION('',(1.,1.2E-16,0.));
#19494 = DIRECTION('',(1.2E-16,-1.,0.));
#19495 = ADVANCED_FACE('',(#19496),#19514,.T.);
#19496 = FACE_BOUND('',#19497,.F.);
#19497 = EDGE_LOOP('',(#19498,#19506,#19507,#19508));
#19498 = ORIENTED_EDGE('',*,*,#19499,.F.);
#19499 = EDGE_CURVE('',#19476,#19500,#19502,.T.);
#19500 = VERTEX_POINT('',#19501);
#19501 = CARTESIAN_POINT('',(-2.15,1.5,0.));
#19502 = LINE('',#19503,#19504);
#19503 = CARTESIAN_POINT('',(-1.3,1.5,0.));
#19504 = VECTOR('',#19505,1.);
#19505 = DIRECTION('',(-1.,-1.2E-16,0.));
#19506 = ORIENTED_EDGE('',*,*,#19485,.T.);
#19507 = ORIENTED_EDGE('',*,*,#18000,.F.);
#19508 = ORIENTED_EDGE('',*,*,#19509,.F.);
#19509 = EDGE_CURVE('',#19500,#17993,#19510,.T.);
#19510 = LINE('',#19511,#19512);
#19511 = CARTESIAN_POINT('',(-2.15,1.5,0.));
#19512 = VECTOR('',#19513,1.);
#19513 = DIRECTION('',(0.,0.,1.));
#19514 = PLANE('',#19515);
#19515 = AXIS2_PLACEMENT_3D('',#19516,#19517,#19518);
#19516 = CARTESIAN_POINT('',(-1.3,1.5,0.));
#19517 = DIRECTION('',(-1.2E-16,1.,0.));
#19518 = DIRECTION('',(1.,1.2E-16,0.));
#19519 = ADVANCED_FACE('',(#19520),#19538,.T.);
#19520 = FACE_BOUND('',#19521,.F.);
#19521 = EDGE_LOOP('',(#19522,#19530,#19531,#19532));
#19522 = ORIENTED_EDGE('',*,*,#19523,.F.);
#19523 = EDGE_CURVE('',#19500,#19524,#19526,.T.);
#19524 = VERTEX_POINT('',#19525);
#19525 = CARTESIAN_POINT('',(-2.15,1.58,0.));
#19526 = LINE('',#19527,#19528);
#19527 = CARTESIAN_POINT('',(-2.15,1.5,0.));
#19528 = VECTOR('',#19529,1.);
#19529 = DIRECTION('',(-1.2E-16,1.,0.));
#19530 = ORIENTED_EDGE('',*,*,#19509,.T.);
#19531 = ORIENTED_EDGE('',*,*,#17992,.F.);
#19532 = ORIENTED_EDGE('',*,*,#19533,.F.);
#19533 = EDGE_CURVE('',#19524,#17985,#19534,.T.);
#19534 = LINE('',#19535,#19536);
#19535 = CARTESIAN_POINT('',(-2.15,1.58,0.));
#19536 = VECTOR('',#19537,1.);
#19537 = DIRECTION('',(0.,0.,1.));
#19538 = PLANE('',#19539);
#19539 = AXIS2_PLACEMENT_3D('',#19540,#19541,#19542);
#19540 = CARTESIAN_POINT('',(-2.15,1.5,0.));
#19541 = DIRECTION('',(1.,1.2E-16,0.));
#19542 = DIRECTION('',(1.2E-16,-1.,0.));
#19543 = ADVANCED_FACE('',(#19544),#19571,.T.);
#19544 = FACE_BOUND('',#19545,.F.);
#19545 = EDGE_LOOP('',(#19546,#19554,#19555,#19556,#19557,#19565));
#19546 = ORIENTED_EDGE('',*,*,#19547,.F.);
#19547 = EDGE_CURVE('',#19524,#19548,#19550,.T.);
#19548 = VERTEX_POINT('',#19549);
#19549 = CARTESIAN_POINT('',(-2.23,1.58,0.));
#19550 = LINE('',#19551,#19552);
#19551 = CARTESIAN_POINT('',(-2.15,1.58,0.));
#19552 = VECTOR('',#19553,1.);
#19553 = DIRECTION('',(-1.,-1.2E-16,0.));
#19554 = ORIENTED_EDGE('',*,*,#19533,.T.);
#19555 = ORIENTED_EDGE('',*,*,#17984,.F.);
#19556 = ORIENTED_EDGE('',*,*,#18544,.F.);
#19557 = ORIENTED_EDGE('',*,*,#19558,.T.);
#19558 = EDGE_CURVE('',#18536,#19559,#19561,.T.);
#19559 = VERTEX_POINT('',#19560);
#19560 = CARTESIAN_POINT('',(-2.23,1.58,0.6));
#19561 = LINE('',#19562,#19563);
#19562 = CARTESIAN_POINT('',(-2.15,1.58,0.6));
#19563 = VECTOR('',#19564,1.);
#19564 = DIRECTION('',(-1.,-1.2E-16,0.));
#19565 = ORIENTED_EDGE('',*,*,#19566,.F.);
#19566 = EDGE_CURVE('',#19548,#19559,#19567,.T.);
#19567 = LINE('',#19568,#19569);
#19568 = CARTESIAN_POINT('',(-2.23,1.58,0.));
#19569 = VECTOR('',#19570,1.);
#19570 = DIRECTION('',(0.,0.,1.));
#19571 = PLANE('',#19572);
#19572 = AXIS2_PLACEMENT_3D('',#19573,#19574,#19575);
#19573 = CARTESIAN_POINT('',(-2.15,1.58,0.));
#19574 = DIRECTION('',(-1.2E-16,1.,0.));
#19575 = DIRECTION('',(1.,1.2E-16,0.));
#19576 = ADVANCED_FACE('',(#19577),#19589,.T.);
#19577 = FACE_BOUND('',#19578,.T.);
#19578 = EDGE_LOOP('',(#19579,#19580,#19581,#19588));
#19579 = ORIENTED_EDGE('',*,*,#18351,.F.);
#19580 = ORIENTED_EDGE('',*,*,#18755,.T.);
#19581 = ORIENTED_EDGE('',*,*,#19582,.F.);
#19582 = EDGE_CURVE('',#18579,#18756,#19583,.T.);
#19583 = CIRCLE('',#19584,0.25);
#19584 = AXIS2_PLACEMENT_3D('',#19585,#19586,#19587);
#19585 = CARTESIAN_POINT('',(2.48,1.58,0.6));
#19586 = DIRECTION('',(0.,0.,1.));
#19587 = DIRECTION('',(-1.,1.224646799147E-16,0.));
#19588 = ORIENTED_EDGE('',*,*,#18578,.F.);
#19589 = PLANE('',#19590);
#19590 = AXIS2_PLACEMENT_3D('',#19591,#19592,#19593);
#19591 = CARTESIAN_POINT('',(1.872270095623,1.114477554698,0.6));
#19592 = DIRECTION('',(0.,0.,1.));
#19593 = DIRECTION('',(-1.,1.224646799147E-16,0.));
#19594 = ADVANCED_FACE('',(#19595),#19621,.T.);
#19595 = FACE_BOUND('',#19596,.T.);
#19596 = EDGE_LOOP('',(#19597,#19598,#19606,#19615));
#19597 = ORIENTED_EDGE('',*,*,#18443,.T.);
#19598 = ORIENTED_EDGE('',*,*,#19599,.T.);
#19599 = EDGE_CURVE('',#18446,#19600,#19602,.T.);
#19600 = VERTEX_POINT('',#19601);
#19601 = CARTESIAN_POINT('',(-1.9,-1.3,1.1));
#19602 = LINE('',#19603,#19604);
#19603 = CARTESIAN_POINT('',(-1.9,-1.3,0.8));
#19604 = VECTOR('',#19605,1.);
#19605 = DIRECTION('',(0.,0.,1.));
#19606 = ORIENTED_EDGE('',*,*,#19607,.F.);
#19607 = EDGE_CURVE('',#19608,#19600,#19610,.T.);
#19608 = VERTEX_POINT('',#19609);
#19609 = CARTESIAN_POINT('',(-2.2,-1.,1.1));
#19610 = CIRCLE('',#19611,0.3);
#19611 = AXIS2_PLACEMENT_3D('',#19612,#19613,#19614);
#19612 = CARTESIAN_POINT('',(-1.9,-1.,1.1));
#19613 = DIRECTION('',(0.,0.,1.));
#19614 = DIRECTION('',(1.,0.,-0.));
#19615 = ORIENTED_EDGE('',*,*,#19616,.F.);
#19616 = EDGE_CURVE('',#18444,#19608,#19617,.T.);
#19617 = LINE('',#19618,#19619);
#19618 = CARTESIAN_POINT('',(-2.2,-1.,0.8));
#19619 = VECTOR('',#19620,1.);
#19620 = DIRECTION('',(0.,0.,1.));
#19621 = CYLINDRICAL_SURFACE('',#19622,0.3);
#19622 = AXIS2_PLACEMENT_3D('',#19623,#19624,#19625);
#19623 = CARTESIAN_POINT('',(-1.9,-1.,0.8));
#19624 = DIRECTION('',(-0.,-0.,-1.));
#19625 = DIRECTION('',(1.,0.,0.));
#19626 = ADVANCED_FACE('',(#19627),#19645,.T.);
#19627 = FACE_BOUND('',#19628,.T.);
#19628 = EDGE_LOOP('',(#19629,#19637,#19643,#19644));
#19629 = ORIENTED_EDGE('',*,*,#19630,.T.);
#19630 = EDGE_CURVE('',#18497,#19631,#19633,.T.);
#19631 = VERTEX_POINT('',#19632);
#19632 = CARTESIAN_POINT('',(1.9,-1.3,1.1));
#19633 = LINE('',#19634,#19635);
#19634 = CARTESIAN_POINT('',(1.9,-1.3,0.8));
#19635 = VECTOR('',#19636,1.);
#19636 = DIRECTION('',(0.,0.,1.));
#19637 = ORIENTED_EDGE('',*,*,#19638,.T.);
#19638 = EDGE_CURVE('',#19631,#19600,#19639,.T.);
#19639 = LINE('',#19640,#19641);
#19640 = CARTESIAN_POINT('',(1.9,-1.3,1.1));
#19641 = VECTOR('',#19642,1.);
#19642 = DIRECTION('',(-1.,0.,0.));
#19643 = ORIENTED_EDGE('',*,*,#19599,.F.);
#19644 = ORIENTED_EDGE('',*,*,#18505,.F.);
#19645 = PLANE('',#19646);
#19646 = AXIS2_PLACEMENT_3D('',#19647,#19648,#19649);
#19647 = CARTESIAN_POINT('',(1.9,-1.3,0.8));
#19648 = DIRECTION('',(0.,-1.,0.));
#19649 = DIRECTION('',(-1.,0.,0.));
#19650 = ADVANCED_FACE('',(#19651),#19670,.T.);
#19651 = FACE_BOUND('',#19652,.T.);
#19652 = EDGE_LOOP('',(#19653,#19654,#19662,#19669));
#19653 = ORIENTED_EDGE('',*,*,#18496,.T.);
#19654 = ORIENTED_EDGE('',*,*,#19655,.T.);
#19655 = EDGE_CURVE('',#18489,#19656,#19658,.T.);
#19656 = VERTEX_POINT('',#19657);
#19657 = CARTESIAN_POINT('',(2.2,-1.,1.1));
#19658 = LINE('',#19659,#19660);
#19659 = CARTESIAN_POINT('',(2.2,-1.,0.8));
#19660 = VECTOR('',#19661,1.);
#19661 = DIRECTION('',(0.,0.,1.));
#19662 = ORIENTED_EDGE('',*,*,#19663,.F.);
#19663 = EDGE_CURVE('',#19631,#19656,#19664,.T.);
#19664 = CIRCLE('',#19665,0.3);
#19665 = AXIS2_PLACEMENT_3D('',#19666,#19667,#19668);
#19666 = CARTESIAN_POINT('',(1.9,-1.,1.1));
#19667 = DIRECTION('',(0.,0.,1.));
#19668 = DIRECTION('',(1.,0.,-0.));
#19669 = ORIENTED_EDGE('',*,*,#19630,.F.);
#19670 = CYLINDRICAL_SURFACE('',#19671,0.3);
#19671 = AXIS2_PLACEMENT_3D('',#19672,#19673,#19674);
#19672 = CARTESIAN_POINT('',(1.9,-1.,0.8));
#19673 = DIRECTION('',(-0.,-0.,-1.));
#19674 = DIRECTION('',(1.,0.,0.));
#19675 = ADVANCED_FACE('',(#19676),#19694,.T.);
#19676 = FACE_BOUND('',#19677,.T.);
#19677 = EDGE_LOOP('',(#19678,#19686,#19692,#19693));
#19678 = ORIENTED_EDGE('',*,*,#19679,.T.);
#19679 = EDGE_CURVE('',#18480,#19680,#19682,.T.);
#19680 = VERTEX_POINT('',#19681);
#19681 = CARTESIAN_POINT('',(2.2,1.,1.1));
#19682 = LINE('',#19683,#19684);
#19683 = CARTESIAN_POINT('',(2.2,1.,0.8));
#19684 = VECTOR('',#19685,1.);
#19685 = DIRECTION('',(0.,0.,1.));
#19686 = ORIENTED_EDGE('',*,*,#19687,.T.);
#19687 = EDGE_CURVE('',#19680,#19656,#19688,.T.);
#19688 = LINE('',#19689,#19690);
#19689 = CARTESIAN_POINT('',(2.2,1.,1.1));
#19690 = VECTOR('',#19691,1.);
#19691 = DIRECTION('',(0.,-1.,0.));
#19692 = ORIENTED_EDGE('',*,*,#19655,.F.);
#19693 = ORIENTED_EDGE('',*,*,#18488,.F.);
#19694 = PLANE('',#19695);
#19695 = AXIS2_PLACEMENT_3D('',#19696,#19697,#19698);
#19696 = CARTESIAN_POINT('',(2.2,1.,0.8));
#19697 = DIRECTION('',(1.,0.,0.));
#19698 = DIRECTION('',(0.,-1.,0.));
#19699 = ADVANCED_FACE('',(#19700),#19719,.T.);
#19700 = FACE_BOUND('',#19701,.T.);
#19701 = EDGE_LOOP('',(#19702,#19703,#19711,#19718));
#19702 = ORIENTED_EDGE('',*,*,#18479,.T.);
#19703 = ORIENTED_EDGE('',*,*,#19704,.T.);
#19704 = EDGE_CURVE('',#18472,#19705,#19707,.T.);
#19705 = VERTEX_POINT('',#19706);
#19706 = CARTESIAN_POINT('',(1.9,1.3,1.1));
#19707 = LINE('',#19708,#19709);
#19708 = CARTESIAN_POINT('',(1.9,1.3,0.8));
#19709 = VECTOR('',#19710,1.);
#19710 = DIRECTION('',(0.,0.,1.));
#19711 = ORIENTED_EDGE('',*,*,#19712,.F.);
#19712 = EDGE_CURVE('',#19680,#19705,#19713,.T.);
#19713 = CIRCLE('',#19714,0.3);
#19714 = AXIS2_PLACEMENT_3D('',#19715,#19716,#19717);
#19715 = CARTESIAN_POINT('',(1.9,1.,1.1));
#19716 = DIRECTION('',(0.,0.,1.));
#19717 = DIRECTION('',(1.,0.,-0.));
#19718 = ORIENTED_EDGE('',*,*,#19679,.F.);
#19719 = CYLINDRICAL_SURFACE('',#19720,0.3);
#19720 = AXIS2_PLACEMENT_3D('',#19721,#19722,#19723);
#19721 = CARTESIAN_POINT('',(1.9,1.,0.8));
#19722 = DIRECTION('',(-0.,-0.,-1.));
#19723 = DIRECTION('',(1.,0.,0.));
#19724 = ADVANCED_FACE('',(#19725),#19743,.T.);
#19725 = FACE_BOUND('',#19726,.T.);
#19726 = EDGE_LOOP('',(#19727,#19735,#19741,#19742));
#19727 = ORIENTED_EDGE('',*,*,#19728,.T.);
#19728 = EDGE_CURVE('',#18463,#19729,#19731,.T.);
#19729 = VERTEX_POINT('',#19730);
#19730 = CARTESIAN_POINT('',(-1.9,1.3,1.1));
#19731 = LINE('',#19732,#19733);
#19732 = CARTESIAN_POINT('',(-1.9,1.3,0.8));
#19733 = VECTOR('',#19734,1.);
#19734 = DIRECTION('',(0.,0.,1.));
#19735 = ORIENTED_EDGE('',*,*,#19736,.T.);
#19736 = EDGE_CURVE('',#19729,#19705,#19737,.T.);
#19737 = LINE('',#19738,#19739);
#19738 = CARTESIAN_POINT('',(-1.9,1.3,1.1));
#19739 = VECTOR('',#19740,1.);
#19740 = DIRECTION('',(1.,0.,0.));
#19741 = ORIENTED_EDGE('',*,*,#19704,.F.);
#19742 = ORIENTED_EDGE('',*,*,#18471,.F.);
#19743 = PLANE('',#19744);
#19744 = AXIS2_PLACEMENT_3D('',#19745,#19746,#19747);
#19745 = CARTESIAN_POINT('',(-1.9,1.3,0.8));
#19746 = DIRECTION('',(0.,1.,0.));
#19747 = DIRECTION('',(1.,0.,0.));
#19748 = ADVANCED_FACE('',(#19749),#19768,.T.);
#19749 = FACE_BOUND('',#19750,.T.);
#19750 = EDGE_LOOP('',(#19751,#19752,#19760,#19767));
#19751 = ORIENTED_EDGE('',*,*,#18462,.T.);
#19752 = ORIENTED_EDGE('',*,*,#19753,.T.);
#19753 = EDGE_CURVE('',#18455,#19754,#19756,.T.);
#19754 = VERTEX_POINT('',#19755);
#19755 = CARTESIAN_POINT('',(-2.2,1.,1.1));
#19756 = LINE('',#19757,#19758);
#19757 = CARTESIAN_POINT('',(-2.2,1.,0.8));
#19758 = VECTOR('',#19759,1.);
#19759 = DIRECTION('',(0.,0.,1.));
#19760 = ORIENTED_EDGE('',*,*,#19761,.F.);
#19761 = EDGE_CURVE('',#19729,#19754,#19762,.T.);
#19762 = CIRCLE('',#19763,0.3);
#19763 = AXIS2_PLACEMENT_3D('',#19764,#19765,#19766);
#19764 = CARTESIAN_POINT('',(-1.9,1.,1.1));
#19765 = DIRECTION('',(0.,0.,1.));
#19766 = DIRECTION('',(1.,0.,-0.));
#19767 = ORIENTED_EDGE('',*,*,#19728,.F.);
#19768 = CYLINDRICAL_SURFACE('',#19769,0.3);
#19769 = AXIS2_PLACEMENT_3D('',#19770,#19771,#19772);
#19770 = CARTESIAN_POINT('',(-1.9,1.,0.8));
#19771 = DIRECTION('',(-0.,-0.,-1.));
#19772 = DIRECTION('',(1.,0.,0.));
#19773 = ADVANCED_FACE('',(#19774),#19785,.T.);
#19774 = FACE_BOUND('',#19775,.T.);
#19775 = EDGE_LOOP('',(#19776,#19777,#19783,#19784));
#19776 = ORIENTED_EDGE('',*,*,#19616,.T.);
#19777 = ORIENTED_EDGE('',*,*,#19778,.T.);
#19778 = EDGE_CURVE('',#19608,#19754,#19779,.T.);
#19779 = LINE('',#19780,#19781);
#19780 = CARTESIAN_POINT('',(-2.2,-1.,1.1));
#19781 = VECTOR('',#19782,1.);
#19782 = DIRECTION('',(0.,1.,0.));
#19783 = ORIENTED_EDGE('',*,*,#19753,.F.);
#19784 = ORIENTED_EDGE('',*,*,#18454,.F.);
#19785 = PLANE('',#19786);
#19786 = AXIS2_PLACEMENT_3D('',#19787,#19788,#19789);
#19787 = CARTESIAN_POINT('',(-2.2,-1.,0.8));
#19788 = DIRECTION('',(-1.,0.,0.));
#19789 = DIRECTION('',(0.,1.,0.));
#19790 = ADVANCED_FACE('',(#19791),#19803,.T.);
#19791 = FACE_BOUND('',#19792,.F.);
#19792 = EDGE_LOOP('',(#19793,#19794,#19795,#19802));
#19793 = ORIENTED_EDGE('',*,*,#18535,.T.);
#19794 = ORIENTED_EDGE('',*,*,#19381,.T.);
#19795 = ORIENTED_EDGE('',*,*,#19796,.F.);
#19796 = EDGE_CURVE('',#19559,#19382,#19797,.T.);
#19797 = CIRCLE('',#19798,0.25);
#19798 = AXIS2_PLACEMENT_3D('',#19799,#19800,#19801);
#19799 = CARTESIAN_POINT('',(-2.48,1.58,0.6));
#19800 = DIRECTION('',(0.,0.,-1.));
#19801 = DIRECTION('',(1.,1.2E-16,0.));
#19802 = ORIENTED_EDGE('',*,*,#19558,.F.);
#19803 = PLANE('',#19804);
#19804 = AXIS2_PLACEMENT_3D('',#19805,#19806,#19807);
#19805 = CARTESIAN_POINT('',(-1.872270095623,1.114477554698,0.6));
#19806 = DIRECTION('',(0.,0.,1.));
#19807 = DIRECTION('',(-1.,-1.2E-16,0.));
#19808 = ADVANCED_FACE('',(#19809),#19826,.F.);
#19809 = FACE_BOUND('',#19810,.T.);
#19810 = EDGE_LOOP('',(#19811,#19812,#19813,#19814,#19815,#19816,#19823,
    #19824,#19825));
#19811 = ORIENTED_EDGE('',*,*,#18672,.T.);
#19812 = ORIENTED_EDGE('',*,*,#18648,.T.);
#19813 = ORIENTED_EDGE('',*,*,#18624,.T.);
#19814 = ORIENTED_EDGE('',*,*,#18600,.T.);
#19815 = ORIENTED_EDGE('',*,*,#18560,.T.);
#19816 = ORIENTED_EDGE('',*,*,#19817,.T.);
#19817 = EDGE_CURVE('',#18563,#18745,#19818,.T.);
#19818 = CIRCLE('',#19819,0.25);
#19819 = AXIS2_PLACEMENT_3D('',#19820,#19821,#19822);
#19820 = CARTESIAN_POINT('',(2.48,1.58,0.));
#19821 = DIRECTION('',(0.,0.,1.));
#19822 = DIRECTION('',(-1.,1.224646799147E-16,0.));
#19823 = ORIENTED_EDGE('',*,*,#18744,.F.);
#19824 = ORIENTED_EDGE('',*,*,#18720,.F.);
#19825 = ORIENTED_EDGE('',*,*,#18696,.T.);
#19826 = PLANE('',#19827);
#19827 = AXIS2_PLACEMENT_3D('',#19828,#19829,#19830);
#19828 = CARTESIAN_POINT('',(1.872270095623,1.114477554698,0.));
#19829 = DIRECTION('',(0.,0.,1.));
#19830 = DIRECTION('',(-1.,1.224646799147E-16,0.));
#19831 = ADVANCED_FACE('',(#19832),#19838,.F.);
#19832 = FACE_BOUND('',#19833,.F.);
#19833 = EDGE_LOOP('',(#19834,#19835,#19836,#19837));
#19834 = ORIENTED_EDGE('',*,*,#19817,.T.);
#19835 = ORIENTED_EDGE('',*,*,#18763,.T.);
#19836 = ORIENTED_EDGE('',*,*,#19582,.F.);
#19837 = ORIENTED_EDGE('',*,*,#18586,.F.);
#19838 = CYLINDRICAL_SURFACE('',#19839,0.25);
#19839 = AXIS2_PLACEMENT_3D('',#19840,#19841,#19842);
#19840 = CARTESIAN_POINT('',(2.48,1.58,0.));
#19841 = DIRECTION('',(0.,0.,-1.));
#19842 = DIRECTION('',(-1.,1.224646799147E-16,0.));
#19843 = ADVANCED_FACE('',(#19844),#19856,.T.);
#19844 = FACE_BOUND('',#19845,.F.);
#19845 = EDGE_LOOP('',(#19846,#19847,#19848,#19855));
#19846 = ORIENTED_EDGE('',*,*,#18805,.T.);
#19847 = ORIENTED_EDGE('',*,*,#18853,.T.);
#19848 = ORIENTED_EDGE('',*,*,#19849,.F.);
#19849 = EDGE_CURVE('',#19031,#18854,#19850,.T.);
#19850 = CIRCLE('',#19851,0.25);
#19851 = AXIS2_PLACEMENT_3D('',#19852,#19853,#19854);
#19852 = CARTESIAN_POINT('',(2.48,-1.58,0.6));
#19853 = DIRECTION('',(0.,0.,-1.));
#19854 = DIRECTION('',(-1.,-1.2E-16,-0.));
#19855 = ORIENTED_EDGE('',*,*,#19030,.F.);
#19856 = PLANE('',#19857);
#19857 = AXIS2_PLACEMENT_3D('',#19858,#19859,#19860);
#19858 = CARTESIAN_POINT('',(1.872270095623,-1.114477554698,0.6));
#19859 = DIRECTION('',(0.,0.,1.));
#19860 = DIRECTION('',(1.,1.2E-16,-0.));
#19861 = ADVANCED_FACE('',(#19862),#19879,.F.);
#19862 = FACE_BOUND('',#19863,.F.);
#19863 = EDGE_LOOP('',(#19864,#19865,#19866,#19867,#19868,#19869,#19876,
    #19877,#19878));
#19864 = ORIENTED_EDGE('',*,*,#18923,.T.);
#19865 = ORIENTED_EDGE('',*,*,#18947,.T.);
#19866 = ORIENTED_EDGE('',*,*,#18971,.T.);
#19867 = ORIENTED_EDGE('',*,*,#18995,.T.);
#19868 = ORIENTED_EDGE('',*,*,#19019,.T.);
#19869 = ORIENTED_EDGE('',*,*,#19870,.T.);
#19870 = EDGE_CURVE('',#19020,#18838,#19871,.T.);
#19871 = CIRCLE('',#19872,0.25);
#19872 = AXIS2_PLACEMENT_3D('',#19873,#19874,#19875);
#19873 = CARTESIAN_POINT('',(2.48,-1.58,0.));
#19874 = DIRECTION('',(0.,0.,-1.));
#19875 = DIRECTION('',(-1.,-1.2E-16,-0.));
#19876 = ORIENTED_EDGE('',*,*,#18835,.F.);
#19877 = ORIENTED_EDGE('',*,*,#18875,.F.);
#19878 = ORIENTED_EDGE('',*,*,#18899,.T.);
#19879 = PLANE('',#19880);
#19880 = AXIS2_PLACEMENT_3D('',#19881,#19882,#19883);
#19881 = CARTESIAN_POINT('',(1.872270095623,-1.114477554698,0.));
#19882 = DIRECTION('',(0.,0.,1.));
#19883 = DIRECTION('',(1.,1.2E-16,-0.));
#19884 = ADVANCED_FACE('',(#19885),#19891,.F.);
#19885 = FACE_BOUND('',#19886,.F.);
#19886 = EDGE_LOOP('',(#19887,#19888,#19889,#19890));
#19887 = ORIENTED_EDGE('',*,*,#19038,.T.);
#19888 = ORIENTED_EDGE('',*,*,#19849,.T.);
#19889 = ORIENTED_EDGE('',*,*,#18861,.F.);
#19890 = ORIENTED_EDGE('',*,*,#19870,.F.);
#19891 = CYLINDRICAL_SURFACE('',#19892,0.25);
#19892 = AXIS2_PLACEMENT_3D('',#19893,#19894,#19895);
#19893 = CARTESIAN_POINT('',(2.48,-1.58,0.));
#19894 = DIRECTION('',(0.,0.,-1.));
#19895 = DIRECTION('',(-1.,-1.2E-16,-0.));
#19896 = ADVANCED_FACE('',(#19897),#19909,.T.);
#19897 = FACE_BOUND('',#19898,.T.);
#19898 = EDGE_LOOP('',(#19899,#19900,#19901,#19908));
#19899 = ORIENTED_EDGE('',*,*,#19079,.F.);
#19900 = ORIENTED_EDGE('',*,*,#19329,.T.);
#19901 = ORIENTED_EDGE('',*,*,#19902,.F.);
#19902 = EDGE_CURVE('',#19129,#19330,#19903,.T.);
#19903 = CIRCLE('',#19904,0.25);
#19904 = AXIS2_PLACEMENT_3D('',#19905,#19906,#19907);
#19905 = CARTESIAN_POINT('',(-2.48,-1.58,0.6));
#19906 = DIRECTION('',(0.,0.,1.));
#19907 = DIRECTION('',(1.,0.,-0.));
#19908 = ORIENTED_EDGE('',*,*,#19128,.F.);
#19909 = PLANE('',#19910);
#19910 = AXIS2_PLACEMENT_3D('',#19911,#19912,#19913);
#19911 = CARTESIAN_POINT('',(-1.89297893981,-1.130137963671,0.6));
#19912 = DIRECTION('',(0.,0.,1.));
#19913 = DIRECTION('',(1.,0.,-0.));
#19914 = ADVANCED_FACE('',(#19915),#19933,.F.);
#19915 = FACE_BOUND('',#19916,.T.);
#19916 = EDGE_LOOP('',(#19917,#19918,#19919,#19920,#19921,#19922,#19923,
    #19924,#19931,#19932));
#19917 = ORIENTED_EDGE('',*,*,#19270,.T.);
#19918 = ORIENTED_EDGE('',*,*,#19246,.T.);
#19919 = ORIENTED_EDGE('',*,*,#19222,.T.);
#19920 = ORIENTED_EDGE('',*,*,#19198,.T.);
#19921 = ORIENTED_EDGE('',*,*,#19174,.T.);
#19922 = ORIENTED_EDGE('',*,*,#19150,.T.);
#19923 = ORIENTED_EDGE('',*,*,#19110,.T.);
#19924 = ORIENTED_EDGE('',*,*,#19925,.T.);
#19925 = EDGE_CURVE('',#19113,#19319,#19926,.T.);
#19926 = CIRCLE('',#19927,0.25);
#19927 = AXIS2_PLACEMENT_3D('',#19928,#19929,#19930);
#19928 = CARTESIAN_POINT('',(-2.48,-1.58,0.));
#19929 = DIRECTION('',(0.,0.,1.));
#19930 = DIRECTION('',(1.,0.,-0.));
#19931 = ORIENTED_EDGE('',*,*,#19318,.F.);
#19932 = ORIENTED_EDGE('',*,*,#19294,.F.);
#19933 = PLANE('',#19934);
#19934 = AXIS2_PLACEMENT_3D('',#19935,#19936,#19937);
#19935 = CARTESIAN_POINT('',(-1.89297893981,-1.130137963671,0.));
#19936 = DIRECTION('',(0.,0.,1.));
#19937 = DIRECTION('',(1.,0.,-0.));
#19938 = ADVANCED_FACE('',(#19939),#19945,.F.);
#19939 = FACE_BOUND('',#19940,.F.);
#19940 = EDGE_LOOP('',(#19941,#19942,#19943,#19944));
#19941 = ORIENTED_EDGE('',*,*,#19925,.T.);
#19942 = ORIENTED_EDGE('',*,*,#19337,.T.);
#19943 = ORIENTED_EDGE('',*,*,#19902,.F.);
#19944 = ORIENTED_EDGE('',*,*,#19136,.F.);
#19945 = CYLINDRICAL_SURFACE('',#19946,0.25);
#19946 = AXIS2_PLACEMENT_3D('',#19947,#19948,#19949);
#19947 = CARTESIAN_POINT('',(-2.48,-1.58,0.));
#19948 = DIRECTION('',(-0.,-0.,-1.));
#19949 = DIRECTION('',(1.,0.,0.));
#19950 = ADVANCED_FACE('',(#19951),#19968,.F.);
#19951 = FACE_BOUND('',#19952,.F.);
#19952 = EDGE_LOOP('',(#19953,#19954,#19955,#19956,#19957,#19958,#19965,
    #19966,#19967));
#19953 = ORIENTED_EDGE('',*,*,#19451,.T.);
#19954 = ORIENTED_EDGE('',*,*,#19475,.T.);
#19955 = ORIENTED_EDGE('',*,*,#19499,.T.);
#19956 = ORIENTED_EDGE('',*,*,#19523,.T.);
#19957 = ORIENTED_EDGE('',*,*,#19547,.T.);
#19958 = ORIENTED_EDGE('',*,*,#19959,.T.);
#19959 = EDGE_CURVE('',#19548,#19366,#19960,.T.);
#19960 = CIRCLE('',#19961,0.25);
#19961 = AXIS2_PLACEMENT_3D('',#19962,#19963,#19964);
#19962 = CARTESIAN_POINT('',(-2.48,1.58,0.));
#19963 = DIRECTION('',(0.,0.,-1.));
#19964 = DIRECTION('',(1.,1.2E-16,0.));
#19965 = ORIENTED_EDGE('',*,*,#19363,.F.);
#19966 = ORIENTED_EDGE('',*,*,#19403,.F.);
#19967 = ORIENTED_EDGE('',*,*,#19427,.T.);
#19968 = PLANE('',#19969);
#19969 = AXIS2_PLACEMENT_3D('',#19970,#19971,#19972);
#19970 = CARTESIAN_POINT('',(-1.872270095623,1.114477554698,0.));
#19971 = DIRECTION('',(0.,0.,1.));
#19972 = DIRECTION('',(-1.,-1.2E-16,0.));
#19973 = ADVANCED_FACE('',(#19974),#19980,.F.);
#19974 = FACE_BOUND('',#19975,.F.);
#19975 = EDGE_LOOP('',(#19976,#19977,#19978,#19979));
#19976 = ORIENTED_EDGE('',*,*,#19566,.T.);
#19977 = ORIENTED_EDGE('',*,*,#19796,.T.);
#19978 = ORIENTED_EDGE('',*,*,#19389,.F.);
#19979 = ORIENTED_EDGE('',*,*,#19959,.F.);
#19980 = CYLINDRICAL_SURFACE('',#19981,0.25);
#19981 = AXIS2_PLACEMENT_3D('',#19982,#19983,#19984);
#19982 = CARTESIAN_POINT('',(-2.48,1.58,0.));
#19983 = DIRECTION('',(-0.,-0.,-1.));
#19984 = DIRECTION('',(1.,1.2E-16,-0.));
#19985 = ADVANCED_FACE('',(#19986),#19996,.T.);
#19986 = FACE_BOUND('',#19987,.F.);
#19987 = EDGE_LOOP('',(#19988,#19989,#19990,#19991,#19992,#19993,#19994,
    #19995));
#19988 = ORIENTED_EDGE('',*,*,#19778,.T.);
#19989 = ORIENTED_EDGE('',*,*,#19761,.F.);
#19990 = ORIENTED_EDGE('',*,*,#19736,.T.);
#19991 = ORIENTED_EDGE('',*,*,#19712,.F.);
#19992 = ORIENTED_EDGE('',*,*,#19687,.T.);
#19993 = ORIENTED_EDGE('',*,*,#19663,.F.);
#19994 = ORIENTED_EDGE('',*,*,#19638,.T.);
#19995 = ORIENTED_EDGE('',*,*,#19607,.F.);
#19996 = PLANE('',#19997);
#19997 = AXIS2_PLACEMENT_3D('',#19998,#19999,#20000);
#19998 = CARTESIAN_POINT('',(-2.E-17,-8.E-17,1.1));
#19999 = DIRECTION('',(0.,0.,1.));
#20000 = DIRECTION('',(1.,0.,-0.));
#20001 = ( GEOMETRIC_REPRESENTATION_CONTEXT(3) 
GLOBAL_UNCERTAINTY_ASSIGNED_CONTEXT((#20005)) 
GLOBAL_UNIT_ASSIGNED_CONTEXT((#20002,#20003,#20004)) 
REPRESENTATION_CONTEXT('Context #1',
  '3D Context with UNIT and UNCERTAINTY') );
#20002 = ( LENGTH_UNIT() NAMED_UNIT(*) SI_UNIT(.MILLI.,.METRE.) );
#20003 = ( NAMED_UNIT(*) PLANE_ANGLE_UNIT() SI_UNIT($,.RADIAN.) );
#20004 = ( NAMED_UNIT(*) SI_UNIT($,.STERADIAN.) SOLID_ANGLE_UNIT() );
#20005 = UNCERTAINTY_MEASURE_WITH_UNIT(LENGTH_MEASURE(1.E-07),#20002,
  'distance_accuracy_value','confusion accuracy');
#20006 = CONTEXT_DEPENDENT_SHAPE_REPRESENTATION(#20007,#20009);
#20007 = ( REPRESENTATION_RELATIONSHIP('','',#17927,#10) 
REPRESENTATION_RELATIONSHIP_WITH_TRANSFORMATION(#20008) 
SHAPE_REPRESENTATION_RELATIONSHIP() );
#20008 = ITEM_DEFINED_TRANSFORMATION('','',#11,#195);
#20009 = PRODUCT_DEFINITION_SHAPE('Placement','Placement of an item',
  #20010);
#20010 = NEXT_ASSEMBLY_USAGE_OCCURRENCE('46','Y2','',#5,#17922,$);
#20011 = PRODUCT_RELATED_PRODUCT_CATEGORY('part',$,(#17924));
#20012 = CONTEXT_DEPENDENT_SHAPE_REPRESENTATION(#20013,#20015);
#20013 = ( REPRESENTATION_RELATIONSHIP('','',#240,#10) 
REPRESENTATION_RELATIONSHIP_WITH_TRANSFORMATION(#20014) 
SHAPE_REPRESENTATION_RELATIONSHIP() );
#20014 = ITEM_DEFINED_TRANSFORMATION('','',#11,#199);
#20015 = PRODUCT_DEFINITION_SHAPE('Placement','Placement of an item',
  #20016);
#20016 = NEXT_ASSEMBLY_USAGE_OCCURRENCE('47','C12','',#5,#235,$);
#20017 = CONTEXT_DEPENDENT_SHAPE_REPRESENTATION(#20018,#20020);
#20018 = ( REPRESENTATION_RELATIONSHIP('','',#6151,#10) 
REPRESENTATION_RELATIONSHIP_WITH_TRANSFORMATION(#20019) 
SHAPE_REPRESENTATION_RELATIONSHIP() );
#20019 = ITEM_DEFINED_TRANSFORMATION('','',#11,#203);
#20020 = PRODUCT_DEFINITION_SHAPE('Placement','Placement of an item',
  #20021);
#20021 = NEXT_ASSEMBLY_USAGE_OCCURRENCE('48','C5','',#5,#6146,$);
#20022 = CONTEXT_DEPENDENT_SHAPE_REPRESENTATION(#20023,#20025);
#20023 = ( REPRESENTATION_RELATIONSHIP('','',#1118,#10) 
REPRESENTATION_RELATIONSHIP_WITH_TRANSFORMATION(#20024) 
SHAPE_REPRESENTATION_RELATIONSHIP() );
#20024 = ITEM_DEFINED_TRANSFORMATION('','',#11,#207);
#20025 = PRODUCT_DEFINITION_SHAPE('Placement','Placement of an item',
  #20026);
#20026 = NEXT_ASSEMBLY_USAGE_OCCURRENCE('49','L8','',#5,#1113,$);
#20027 = CONTEXT_DEPENDENT_SHAPE_REPRESENTATION(#20028,#20030);
#20028 = ( REPRESENTATION_RELATIONSHIP('','',#1118,#10) 
REPRESENTATION_RELATIONSHIP_WITH_TRANSFORMATION(#20029) 
SHAPE_REPRESENTATION_RELATIONSHIP() );
#20029 = ITEM_DEFINED_TRANSFORMATION('','',#11,#211);
#20030 = PRODUCT_DEFINITION_SHAPE('Placement','Placement of an item',
  #20031);
#20031 = NEXT_ASSEMBLY_USAGE_OCCURRENCE('50','L9','',#5,#1113,$);
#20032 = CONTEXT_DEPENDENT_SHAPE_REPRESENTATION(#20033,#20035);
#20033 = ( REPRESENTATION_RELATIONSHIP('','',#240,#10) 
REPRESENTATION_RELATIONSHIP_WITH_TRANSFORMATION(#20034) 
SHAPE_REPRESENTATION_RELATIONSHIP() );
#20034 = ITEM_DEFINED_TRANSFORMATION('','',#11,#215);
#20035 = PRODUCT_DEFINITION_SHAPE('Placement','Placement of an item',
  #20036);
#20036 = NEXT_ASSEMBLY_USAGE_OCCURRENCE('51','C29','',#5,#235,$);
#20037 = CONTEXT_DEPENDENT_SHAPE_REPRESENTATION(#20038,#20040);
#20038 = ( REPRESENTATION_RELATIONSHIP('','',#1991,#10) 
REPRESENTATION_RELATIONSHIP_WITH_TRANSFORMATION(#20039) 
SHAPE_REPRESENTATION_RELATIONSHIP() );
#20039 = ITEM_DEFINED_TRANSFORMATION('','',#11,#219);
#20040 = PRODUCT_DEFINITION_SHAPE('Placement','Placement of an item',
  #20041);
#20041 = NEXT_ASSEMBLY_USAGE_OCCURRENCE('52','R5','',#5,#1986,$);
#20042 = SHAPE_DEFINITION_REPRESENTATION(#20043,#20049);
#20043 = PRODUCT_DEFINITION_SHAPE('','',#20044);
#20044 = PRODUCT_DEFINITION('design','',#20045,#20048);
#20045 = PRODUCT_DEFINITION_FORMATION('','',#20046);
#20046 = PRODUCT('kibot_0qtka35l_PCB','kibot_0qtka35l_PCB','',(#20047));
#20047 = PRODUCT_CONTEXT('',#2,'mechanical');
#20048 = PRODUCT_DEFINITION_CONTEXT('part definition',#2,'design');
#20049 = ADVANCED_BREP_SHAPE_REPRESENTATION('',(#11,#20050),#22060);
#20050 = MANIFOLD_SOLID_BREP('',#20051);
#20051 = CLOSED_SHELL('',(#20052,#20092,#20123,#20154,#20659,#21164,
    #21181,#21198,#21215,#21232,#21249,#21266,#21283,#21300,#21317,
    #21334,#21351,#21368,#21385,#21402,#21419,#21436,#21453,#21470,
    #21487,#21504,#21521,#21538,#21555,#21572,#21589,#21606,#21623,
    #21640,#21657,#21674,#21691,#21708,#21725,#21737,#21754,#21771,
    #21788,#21805,#21822,#21839,#21856,#21873,#21890,#21907,#21924,
    #21941,#21958,#21975,#21992,#22009,#22026,#22043));
#20052 = ADVANCED_FACE('',(#20053),#20087,.T.);
#20053 = FACE_BOUND('',#20054,.T.);
#20054 = EDGE_LOOP('',(#20055,#20065,#20073,#20081));
#20055 = ORIENTED_EDGE('',*,*,#20056,.T.);
#20056 = EDGE_CURVE('',#20057,#20059,#20061,.T.);
#20057 = VERTEX_POINT('',#20058);
#20058 = CARTESIAN_POINT('',(175.443,-79.946,0.));
#20059 = VERTEX_POINT('',#20060);
#20060 = CARTESIAN_POINT('',(175.443,-79.946,1.51));
#20061 = LINE('',#20062,#20063);
#20062 = CARTESIAN_POINT('',(175.443,-79.946,0.));
#20063 = VECTOR('',#20064,1.);
#20064 = DIRECTION('',(0.,0.,1.));
#20065 = ORIENTED_EDGE('',*,*,#20066,.T.);
#20066 = EDGE_CURVE('',#20059,#20067,#20069,.T.);
#20067 = VERTEX_POINT('',#20068);
#20068 = CARTESIAN_POINT('',(168.993,-79.946,1.51));
#20069 = LINE('',#20070,#20071);
#20070 = CARTESIAN_POINT('',(175.443,-79.946,1.51));
#20071 = VECTOR('',#20072,1.);
#20072 = DIRECTION('',(-1.,0.,0.));
#20073 = ORIENTED_EDGE('',*,*,#20074,.F.);
#20074 = EDGE_CURVE('',#20075,#20067,#20077,.T.);
#20075 = VERTEX_POINT('',#20076);
#20076 = CARTESIAN_POINT('',(168.993,-79.946,0.));
#20077 = LINE('',#20078,#20079);
#20078 = CARTESIAN_POINT('',(168.993,-79.946,0.));
#20079 = VECTOR('',#20080,1.);
#20080 = DIRECTION('',(0.,0.,1.));
#20081 = ORIENTED_EDGE('',*,*,#20082,.F.);
#20082 = EDGE_CURVE('',#20057,#20075,#20083,.T.);
#20083 = LINE('',#20084,#20085);
#20084 = CARTESIAN_POINT('',(175.443,-79.946,0.));
#20085 = VECTOR('',#20086,1.);
#20086 = DIRECTION('',(-1.,0.,0.));
#20087 = PLANE('',#20088);
#20088 = AXIS2_PLACEMENT_3D('',#20089,#20090,#20091);
#20089 = CARTESIAN_POINT('',(175.443,-79.946,0.));
#20090 = DIRECTION('',(0.,-1.,0.));
#20091 = DIRECTION('',(-1.,0.,0.));
#20092 = ADVANCED_FACE('',(#20093),#20118,.T.);
#20093 = FACE_BOUND('',#20094,.T.);
#20094 = EDGE_LOOP('',(#20095,#20105,#20111,#20112));
#20095 = ORIENTED_EDGE('',*,*,#20096,.T.);
#20096 = EDGE_CURVE('',#20097,#20099,#20101,.T.);
#20097 = VERTEX_POINT('',#20098);
#20098 = CARTESIAN_POINT('',(175.443,-74.921,0.));
#20099 = VERTEX_POINT('',#20100);
#20100 = CARTESIAN_POINT('',(175.443,-74.921,1.51));
#20101 = LINE('',#20102,#20103);
#20102 = CARTESIAN_POINT('',(175.443,-74.921,0.));
#20103 = VECTOR('',#20104,1.);
#20104 = DIRECTION('',(0.,0.,1.));
#20105 = ORIENTED_EDGE('',*,*,#20106,.T.);
#20106 = EDGE_CURVE('',#20099,#20059,#20107,.T.);
#20107 = LINE('',#20108,#20109);
#20108 = CARTESIAN_POINT('',(175.443,-74.921,1.51));
#20109 = VECTOR('',#20110,1.);
#20110 = DIRECTION('',(0.,-1.,0.));
#20111 = ORIENTED_EDGE('',*,*,#20056,.F.);
#20112 = ORIENTED_EDGE('',*,*,#20113,.F.);
#20113 = EDGE_CURVE('',#20097,#20057,#20114,.T.);
#20114 = LINE('',#20115,#20116);
#20115 = CARTESIAN_POINT('',(175.443,-74.921,0.));
#20116 = VECTOR('',#20117,1.);
#20117 = DIRECTION('',(0.,-1.,0.));
#20118 = PLANE('',#20119);
#20119 = AXIS2_PLACEMENT_3D('',#20120,#20121,#20122);
#20120 = CARTESIAN_POINT('',(175.443,-74.921,0.));
#20121 = DIRECTION('',(1.,0.,-0.));
#20122 = DIRECTION('',(0.,-1.,0.));
#20123 = ADVANCED_FACE('',(#20124),#20149,.T.);
#20124 = FACE_BOUND('',#20125,.T.);
#20125 = EDGE_LOOP('',(#20126,#20127,#20135,#20143));
#20126 = ORIENTED_EDGE('',*,*,#20074,.T.);
#20127 = ORIENTED_EDGE('',*,*,#20128,.T.);
#20128 = EDGE_CURVE('',#20067,#20129,#20131,.T.);
#20129 = VERTEX_POINT('',#20130);
#20130 = CARTESIAN_POINT('',(168.993,-84.896,1.51));
#20131 = LINE('',#20132,#20133);
#20132 = CARTESIAN_POINT('',(168.993,-79.946,1.51));
#20133 = VECTOR('',#20134,1.);
#20134 = DIRECTION('',(0.,-1.,0.));
#20135 = ORIENTED_EDGE('',*,*,#20136,.F.);
#20136 = EDGE_CURVE('',#20137,#20129,#20139,.T.);
#20137 = VERTEX_POINT('',#20138);
#20138 = CARTESIAN_POINT('',(168.993,-84.896,0.));
#20139 = LINE('',#20140,#20141);
#20140 = CARTESIAN_POINT('',(168.993,-84.896,0.));
#20141 = VECTOR('',#20142,1.);
#20142 = DIRECTION('',(0.,0.,1.));
#20143 = ORIENTED_EDGE('',*,*,#20144,.F.);
#20144 = EDGE_CURVE('',#20075,#20137,#20145,.T.);
#20145 = LINE('',#20146,#20147);
#20146 = CARTESIAN_POINT('',(168.993,-79.946,0.));
#20147 = VECTOR('',#20148,1.);
#20148 = DIRECTION('',(0.,-1.,0.));
#20149 = PLANE('',#20150);
#20150 = AXIS2_PLACEMENT_3D('',#20151,#20152,#20153);
#20151 = CARTESIAN_POINT('',(168.993,-79.946,0.));
#20152 = DIRECTION('',(1.,0.,-0.));
#20153 = DIRECTION('',(0.,-1.,0.));
#20154 = ADVANCED_FACE('',(#20155,#20445,#20456,#20467,#20478,#20489,
    #20500,#20511,#20522,#20533,#20544,#20555,#20566,#20577,#20588,
    #20599,#20610,#20621,#20632,#20643),#20654,.F.);
#20155 = FACE_BOUND('',#20156,.F.);
#20156 = EDGE_LOOP('',(#20157,#20158,#20159,#20167,#20176,#20185,#20193,
    #20202,#20211,#20219,#20228,#20237,#20245,#20254,#20263,#20271,
    #20280,#20289,#20297,#20305,#20313,#20322,#20330,#20339,#20347,
    #20356,#20364,#20373,#20381,#20390,#20398,#20406,#20414,#20422,
    #20430,#20438,#20444));
#20157 = ORIENTED_EDGE('',*,*,#20082,.F.);
#20158 = ORIENTED_EDGE('',*,*,#20113,.F.);
#20159 = ORIENTED_EDGE('',*,*,#20160,.F.);
#20160 = EDGE_CURVE('',#20161,#20097,#20163,.T.);
#20161 = VERTEX_POINT('',#20162);
#20162 = CARTESIAN_POINT('',(169.44299999999,-74.921,0.));
#20163 = LINE('',#20164,#20165);
#20164 = CARTESIAN_POINT('',(125.443,-74.921,0.));
#20165 = VECTOR('',#20166,1.);
#20166 = DIRECTION('',(1.,0.,0.));
#20167 = ORIENTED_EDGE('',*,*,#20168,.T.);
#20168 = EDGE_CURVE('',#20161,#20169,#20171,.T.);
#20169 = VERTEX_POINT('',#20170);
#20170 = CARTESIAN_POINT('',(167.943,-76.421,0.));
#20171 = CIRCLE('',#20172,1.5);
#20172 = AXIS2_PLACEMENT_3D('',#20173,#20174,#20175);
#20173 = CARTESIAN_POINT('',(167.943,-74.921,0.));
#20174 = DIRECTION('',(-0.,0.,-1.));
#20175 = DIRECTION('',(-0.,-1.,0.));
#20176 = ORIENTED_EDGE('',*,*,#20177,.T.);
#20177 = EDGE_CURVE('',#20169,#20178,#20180,.T.);
#20178 = VERTEX_POINT('',#20179);
#20179 = CARTESIAN_POINT('',(166.443,-74.921,0.));
#20180 = CIRCLE('',#20181,1.5);
#20181 = AXIS2_PLACEMENT_3D('',#20182,#20183,#20184);
#20182 = CARTESIAN_POINT('',(167.943,-74.921,0.));
#20183 = DIRECTION('',(-0.,0.,-1.));
#20184 = DIRECTION('',(-0.,-1.,0.));
#20185 = ORIENTED_EDGE('',*,*,#20186,.F.);
#20186 = EDGE_CURVE('',#20187,#20178,#20189,.T.);
#20187 = VERTEX_POINT('',#20188);
#20188 = CARTESIAN_POINT('',(159.44299999999,-74.921,0.));
#20189 = LINE('',#20190,#20191);
#20190 = CARTESIAN_POINT('',(125.443,-74.921,0.));
#20191 = VECTOR('',#20192,1.);
#20192 = DIRECTION('',(1.,0.,0.));
#20193 = ORIENTED_EDGE('',*,*,#20194,.T.);
#20194 = EDGE_CURVE('',#20187,#20195,#20197,.T.);
#20195 = VERTEX_POINT('',#20196);
#20196 = CARTESIAN_POINT('',(157.943,-76.421,0.));
#20197 = CIRCLE('',#20198,1.5);
#20198 = AXIS2_PLACEMENT_3D('',#20199,#20200,#20201);
#20199 = CARTESIAN_POINT('',(157.943,-74.921,0.));
#20200 = DIRECTION('',(-0.,0.,-1.));
#20201 = DIRECTION('',(-0.,-1.,0.));
#20202 = ORIENTED_EDGE('',*,*,#20203,.T.);
#20203 = EDGE_CURVE('',#20195,#20204,#20206,.T.);
#20204 = VERTEX_POINT('',#20205);
#20205 = CARTESIAN_POINT('',(156.443,-74.921,0.));
#20206 = CIRCLE('',#20207,1.5);
#20207 = AXIS2_PLACEMENT_3D('',#20208,#20209,#20210);
#20208 = CARTESIAN_POINT('',(157.943,-74.921,0.));
#20209 = DIRECTION('',(-0.,0.,-1.));
#20210 = DIRECTION('',(-0.,-1.,0.));
#20211 = ORIENTED_EDGE('',*,*,#20212,.F.);
#20212 = EDGE_CURVE('',#20213,#20204,#20215,.T.);
#20213 = VERTEX_POINT('',#20214);
#20214 = CARTESIAN_POINT('',(149.443,-74.921,0.));
#20215 = LINE('',#20216,#20217);
#20216 = CARTESIAN_POINT('',(125.443,-74.921,0.));
#20217 = VECTOR('',#20218,1.);
#20218 = DIRECTION('',(1.,0.,0.));
#20219 = ORIENTED_EDGE('',*,*,#20220,.T.);
#20220 = EDGE_CURVE('',#20213,#20221,#20223,.T.);
#20221 = VERTEX_POINT('',#20222);
#20222 = CARTESIAN_POINT('',(147.943,-76.421,0.));
#20223 = CIRCLE('',#20224,1.5);
#20224 = AXIS2_PLACEMENT_3D('',#20225,#20226,#20227);
#20225 = CARTESIAN_POINT('',(147.943,-74.921,0.));
#20226 = DIRECTION('',(-0.,0.,-1.));
#20227 = DIRECTION('',(-0.,-1.,0.));
#20228 = ORIENTED_EDGE('',*,*,#20229,.T.);
#20229 = EDGE_CURVE('',#20221,#20230,#20232,.T.);
#20230 = VERTEX_POINT('',#20231);
#20231 = CARTESIAN_POINT('',(146.443,-74.921,0.));
#20232 = CIRCLE('',#20233,1.5);
#20233 = AXIS2_PLACEMENT_3D('',#20234,#20235,#20236);
#20234 = CARTESIAN_POINT('',(147.943,-74.921,0.));
#20235 = DIRECTION('',(-0.,0.,-1.));
#20236 = DIRECTION('',(-0.,-1.,0.));
#20237 = ORIENTED_EDGE('',*,*,#20238,.F.);
#20238 = EDGE_CURVE('',#20239,#20230,#20241,.T.);
#20239 = VERTEX_POINT('',#20240);
#20240 = CARTESIAN_POINT('',(139.443,-74.921,0.));
#20241 = LINE('',#20242,#20243);
#20242 = CARTESIAN_POINT('',(125.443,-74.921,0.));
#20243 = VECTOR('',#20244,1.);
#20244 = DIRECTION('',(1.,0.,0.));
#20245 = ORIENTED_EDGE('',*,*,#20246,.T.);
#20246 = EDGE_CURVE('',#20239,#20247,#20249,.T.);
#20247 = VERTEX_POINT('',#20248);
#20248 = CARTESIAN_POINT('',(137.943,-76.421,0.));
#20249 = CIRCLE('',#20250,1.5);
#20250 = AXIS2_PLACEMENT_3D('',#20251,#20252,#20253);
#20251 = CARTESIAN_POINT('',(137.943,-74.921,0.));
#20252 = DIRECTION('',(-0.,0.,-1.));
#20253 = DIRECTION('',(-0.,-1.,0.));
#20254 = ORIENTED_EDGE('',*,*,#20255,.T.);
#20255 = EDGE_CURVE('',#20247,#20256,#20258,.T.);
#20256 = VERTEX_POINT('',#20257);
#20257 = CARTESIAN_POINT('',(136.443,-74.921,0.));
#20258 = CIRCLE('',#20259,1.5);
#20259 = AXIS2_PLACEMENT_3D('',#20260,#20261,#20262);
#20260 = CARTESIAN_POINT('',(137.943,-74.921,0.));
#20261 = DIRECTION('',(-0.,0.,-1.));
#20262 = DIRECTION('',(-0.,-1.,0.));
#20263 = ORIENTED_EDGE('',*,*,#20264,.F.);
#20264 = EDGE_CURVE('',#20265,#20256,#20267,.T.);
#20265 = VERTEX_POINT('',#20266);
#20266 = CARTESIAN_POINT('',(129.44299999999,-74.921,0.));
#20267 = LINE('',#20268,#20269);
#20268 = CARTESIAN_POINT('',(125.443,-74.921,0.));
#20269 = VECTOR('',#20270,1.);
#20270 = DIRECTION('',(1.,0.,0.));
#20271 = ORIENTED_EDGE('',*,*,#20272,.T.);
#20272 = EDGE_CURVE('',#20265,#20273,#20275,.T.);
#20273 = VERTEX_POINT('',#20274);
#20274 = CARTESIAN_POINT('',(127.943,-76.421,0.));
#20275 = CIRCLE('',#20276,1.5);
#20276 = AXIS2_PLACEMENT_3D('',#20277,#20278,#20279);
#20277 = CARTESIAN_POINT('',(127.943,-74.921,0.));
#20278 = DIRECTION('',(-0.,0.,-1.));
#20279 = DIRECTION('',(-9.473903143468E-15,-1.,0.));
#20280 = ORIENTED_EDGE('',*,*,#20281,.T.);
#20281 = EDGE_CURVE('',#20273,#20282,#20284,.T.);
#20282 = VERTEX_POINT('',#20283);
#20283 = CARTESIAN_POINT('',(126.443,-74.921,0.));
#20284 = CIRCLE('',#20285,1.5);
#20285 = AXIS2_PLACEMENT_3D('',#20286,#20287,#20288);
#20286 = CARTESIAN_POINT('',(127.943,-74.921,0.));
#20287 = DIRECTION('',(-0.,0.,-1.));
#20288 = DIRECTION('',(-9.473903143468E-15,-1.,0.));
#20289 = ORIENTED_EDGE('',*,*,#20290,.F.);
#20290 = EDGE_CURVE('',#20291,#20282,#20293,.T.);
#20291 = VERTEX_POINT('',#20292);
#20292 = CARTESIAN_POINT('',(125.443,-74.921,0.));
#20293 = LINE('',#20294,#20295);
#20294 = CARTESIAN_POINT('',(125.443,-74.921,0.));
#20295 = VECTOR('',#20296,1.);
#20296 = DIRECTION('',(1.,0.,0.));
#20297 = ORIENTED_EDGE('',*,*,#20298,.F.);
#20298 = EDGE_CURVE('',#20299,#20291,#20301,.T.);
#20299 = VERTEX_POINT('',#20300);
#20300 = CARTESIAN_POINT('',(125.443,-104.921,0.));
#20301 = LINE('',#20302,#20303);
#20302 = CARTESIAN_POINT('',(125.443,-104.921,0.));
#20303 = VECTOR('',#20304,1.);
#20304 = DIRECTION('',(0.,1.,0.));
#20305 = ORIENTED_EDGE('',*,*,#20306,.F.);
#20306 = EDGE_CURVE('',#20307,#20299,#20309,.T.);
#20307 = VERTEX_POINT('',#20308);
#20308 = CARTESIAN_POINT('',(126.443,-104.921,0.));
#20309 = LINE('',#20310,#20311);
#20310 = CARTESIAN_POINT('',(175.443,-104.921,0.));
#20311 = VECTOR('',#20312,1.);
#20312 = DIRECTION('',(-1.,0.,0.));
#20313 = ORIENTED_EDGE('',*,*,#20314,.T.);
#20314 = EDGE_CURVE('',#20307,#20315,#20317,.T.);
#20315 = VERTEX_POINT('',#20316);
#20316 = CARTESIAN_POINT('',(129.443,-104.921,0.));
#20317 = CIRCLE('',#20318,1.5);
#20318 = AXIS2_PLACEMENT_3D('',#20319,#20320,#20321);
#20319 = CARTESIAN_POINT('',(127.943,-104.921,0.));
#20320 = DIRECTION('',(-0.,0.,-1.));
#20321 = DIRECTION('',(-9.473903143468E-15,-1.,0.));
#20322 = ORIENTED_EDGE('',*,*,#20323,.F.);
#20323 = EDGE_CURVE('',#20324,#20315,#20326,.T.);
#20324 = VERTEX_POINT('',#20325);
#20325 = CARTESIAN_POINT('',(136.443,-104.921,0.));
#20326 = LINE('',#20327,#20328);
#20327 = CARTESIAN_POINT('',(175.443,-104.921,0.));
#20328 = VECTOR('',#20329,1.);
#20329 = DIRECTION('',(-1.,0.,0.));
#20330 = ORIENTED_EDGE('',*,*,#20331,.T.);
#20331 = EDGE_CURVE('',#20324,#20332,#20334,.T.);
#20332 = VERTEX_POINT('',#20333);
#20333 = CARTESIAN_POINT('',(139.443,-104.921,0.));
#20334 = CIRCLE('',#20335,1.5);
#20335 = AXIS2_PLACEMENT_3D('',#20336,#20337,#20338);
#20336 = CARTESIAN_POINT('',(137.943,-104.921,0.));
#20337 = DIRECTION('',(-0.,0.,-1.));
#20338 = DIRECTION('',(-0.,-1.,0.));
#20339 = ORIENTED_EDGE('',*,*,#20340,.F.);
#20340 = EDGE_CURVE('',#20341,#20332,#20343,.T.);
#20341 = VERTEX_POINT('',#20342);
#20342 = CARTESIAN_POINT('',(146.443,-104.921,0.));
#20343 = LINE('',#20344,#20345);
#20344 = CARTESIAN_POINT('',(175.443,-104.921,0.));
#20345 = VECTOR('',#20346,1.);
#20346 = DIRECTION('',(-1.,0.,0.));
#20347 = ORIENTED_EDGE('',*,*,#20348,.T.);
#20348 = EDGE_CURVE('',#20341,#20349,#20351,.T.);
#20349 = VERTEX_POINT('',#20350);
#20350 = CARTESIAN_POINT('',(149.443,-104.921,0.));
#20351 = CIRCLE('',#20352,1.5);
#20352 = AXIS2_PLACEMENT_3D('',#20353,#20354,#20355);
#20353 = CARTESIAN_POINT('',(147.943,-104.921,0.));
#20354 = DIRECTION('',(-0.,0.,-1.));
#20355 = DIRECTION('',(-0.,-1.,0.));
#20356 = ORIENTED_EDGE('',*,*,#20357,.F.);
#20357 = EDGE_CURVE('',#20358,#20349,#20360,.T.);
#20358 = VERTEX_POINT('',#20359);
#20359 = CARTESIAN_POINT('',(156.44299999999,-104.921,0.));
#20360 = LINE('',#20361,#20362);
#20361 = CARTESIAN_POINT('',(175.443,-104.921,0.));
#20362 = VECTOR('',#20363,1.);
#20363 = DIRECTION('',(-1.,0.,0.));
#20364 = ORIENTED_EDGE('',*,*,#20365,.T.);
#20365 = EDGE_CURVE('',#20358,#20366,#20368,.T.);
#20366 = VERTEX_POINT('',#20367);
#20367 = CARTESIAN_POINT('',(159.443,-104.921,0.));
#20368 = CIRCLE('',#20369,1.5);
#20369 = AXIS2_PLACEMENT_3D('',#20370,#20371,#20372);
#20370 = CARTESIAN_POINT('',(157.943,-104.921,0.));
#20371 = DIRECTION('',(-0.,0.,-1.));
#20372 = DIRECTION('',(-0.,-1.,0.));
#20373 = ORIENTED_EDGE('',*,*,#20374,.F.);
#20374 = EDGE_CURVE('',#20375,#20366,#20377,.T.);
#20375 = VERTEX_POINT('',#20376);
#20376 = CARTESIAN_POINT('',(166.443,-104.921,0.));
#20377 = LINE('',#20378,#20379);
#20378 = CARTESIAN_POINT('',(175.443,-104.921,0.));
#20379 = VECTOR('',#20380,1.);
#20380 = DIRECTION('',(-1.,0.,0.));
#20381 = ORIENTED_EDGE('',*,*,#20382,.T.);
#20382 = EDGE_CURVE('',#20375,#20383,#20385,.T.);
#20383 = VERTEX_POINT('',#20384);
#20384 = CARTESIAN_POINT('',(169.443,-104.921,0.));
#20385 = CIRCLE('',#20386,1.5);
#20386 = AXIS2_PLACEMENT_3D('',#20387,#20388,#20389);
#20387 = CARTESIAN_POINT('',(167.943,-104.921,0.));
#20388 = DIRECTION('',(-0.,0.,-1.));
#20389 = DIRECTION('',(-0.,-1.,0.));
#20390 = ORIENTED_EDGE('',*,*,#20391,.F.);
#20391 = EDGE_CURVE('',#20392,#20383,#20394,.T.);
#20392 = VERTEX_POINT('',#20393);
#20393 = CARTESIAN_POINT('',(175.443,-104.921,0.));
#20394 = LINE('',#20395,#20396);
#20395 = CARTESIAN_POINT('',(175.443,-104.921,0.));
#20396 = VECTOR('',#20397,1.);
#20397 = DIRECTION('',(-1.,0.,0.));
#20398 = ORIENTED_EDGE('',*,*,#20399,.F.);
#20399 = EDGE_CURVE('',#20400,#20392,#20402,.T.);
#20400 = VERTEX_POINT('',#20401);
#20401 = CARTESIAN_POINT('',(175.443,-99.896,0.));
#20402 = LINE('',#20403,#20404);
#20403 = CARTESIAN_POINT('',(175.443,-99.896,0.));
#20404 = VECTOR('',#20405,1.);
#20405 = DIRECTION('',(0.,-1.,0.));
#20406 = ORIENTED_EDGE('',*,*,#20407,.F.);
#20407 = EDGE_CURVE('',#20408,#20400,#20410,.T.);
#20408 = VERTEX_POINT('',#20409);
#20409 = CARTESIAN_POINT('',(168.993,-99.896,0.));
#20410 = LINE('',#20411,#20412);
#20411 = CARTESIAN_POINT('',(168.993,-99.896,0.));
#20412 = VECTOR('',#20413,1.);
#20413 = DIRECTION('',(1.,0.,0.));
#20414 = ORIENTED_EDGE('',*,*,#20415,.F.);
#20415 = EDGE_CURVE('',#20416,#20408,#20418,.T.);
#20416 = VERTEX_POINT('',#20417);
#20417 = CARTESIAN_POINT('',(168.993,-94.946,0.));
#20418 = LINE('',#20419,#20420);
#20419 = CARTESIAN_POINT('',(168.993,-94.946,0.));
#20420 = VECTOR('',#20421,1.);
#20421 = DIRECTION('',(0.,-1.,0.));
#20422 = ORIENTED_EDGE('',*,*,#20423,.F.);
#20423 = EDGE_CURVE('',#20424,#20416,#20426,.T.);
#20424 = VERTEX_POINT('',#20425);
#20425 = CARTESIAN_POINT('',(175.443,-94.946,0.));
#20426 = LINE('',#20427,#20428);
#20427 = CARTESIAN_POINT('',(175.443,-94.946,0.));
#20428 = VECTOR('',#20429,1.);
#20429 = DIRECTION('',(-1.,0.,0.));
#20430 = ORIENTED_EDGE('',*,*,#20431,.F.);
#20431 = EDGE_CURVE('',#20432,#20424,#20434,.T.);
#20432 = VERTEX_POINT('',#20433);
#20433 = CARTESIAN_POINT('',(175.443,-84.896,0.));
#20434 = LINE('',#20435,#20436);
#20435 = CARTESIAN_POINT('',(175.443,-84.896,0.));
#20436 = VECTOR('',#20437,1.);
#20437 = DIRECTION('',(0.,-1.,0.));
#20438 = ORIENTED_EDGE('',*,*,#20439,.F.);
#20439 = EDGE_CURVE('',#20137,#20432,#20440,.T.);
#20440 = LINE('',#20441,#20442);
#20441 = CARTESIAN_POINT('',(168.993,-84.896,0.));
#20442 = VECTOR('',#20443,1.);
#20443 = DIRECTION('',(1.,0.,0.));
#20444 = ORIENTED_EDGE('',*,*,#20144,.F.);
#20445 = FACE_BOUND('',#20446,.F.);
#20446 = EDGE_LOOP('',(#20447));
#20447 = ORIENTED_EDGE('',*,*,#20448,.T.);
#20448 = EDGE_CURVE('',#20449,#20449,#20451,.T.);
#20449 = VERTEX_POINT('',#20450);
#20450 = CARTESIAN_POINT('',(152.861,-93.48,0.));
#20451 = CIRCLE('',#20452,0.1);
#20452 = AXIS2_PLACEMENT_3D('',#20453,#20454,#20455);
#20453 = CARTESIAN_POINT('',(152.861,-93.38,0.));
#20454 = DIRECTION('',(-0.,0.,-1.));
#20455 = DIRECTION('',(-0.,-1.,0.));
#20456 = FACE_BOUND('',#20457,.F.);
#20457 = EDGE_LOOP('',(#20458));
#20458 = ORIENTED_EDGE('',*,*,#20459,.T.);
#20459 = EDGE_CURVE('',#20460,#20460,#20462,.T.);
#20460 = VERTEX_POINT('',#20461);
#20461 = CARTESIAN_POINT('',(167.368,-100.446,0.));
#20462 = CIRCLE('',#20463,0.15);
#20463 = AXIS2_PLACEMENT_3D('',#20464,#20465,#20466);
#20464 = CARTESIAN_POINT('',(167.368,-100.296,0.));
#20465 = DIRECTION('',(-0.,0.,-1.));
#20466 = DIRECTION('',(-0.,-1.,0.));
#20467 = FACE_BOUND('',#20468,.F.);
#20468 = EDGE_LOOP('',(#20469));
#20469 = ORIENTED_EDGE('',*,*,#20470,.T.);
#20470 = EDGE_CURVE('',#20471,#20471,#20473,.T.);
#20471 = VERTEX_POINT('',#20472);
#20472 = CARTESIAN_POINT('',(153.461,-93.48,0.));
#20473 = CIRCLE('',#20474,0.1);
#20474 = AXIS2_PLACEMENT_3D('',#20475,#20476,#20477);
#20475 = CARTESIAN_POINT('',(153.461,-93.38,0.));
#20476 = DIRECTION('',(-0.,0.,-1.));
#20477 = DIRECTION('',(-0.,-1.,0.));
#20478 = FACE_BOUND('',#20479,.F.);
#20479 = EDGE_LOOP('',(#20480));
#20480 = ORIENTED_EDGE('',*,*,#20481,.T.);
#20481 = EDGE_CURVE('',#20482,#20482,#20484,.T.);
#20482 = VERTEX_POINT('',#20483);
#20483 = CARTESIAN_POINT('',(154.061,-93.48,0.));
#20484 = CIRCLE('',#20485,9.999999999998E-02);
#20485 = AXIS2_PLACEMENT_3D('',#20486,#20487,#20488);
#20486 = CARTESIAN_POINT('',(154.061,-93.38,0.));
#20487 = DIRECTION('',(-0.,0.,-1.));
#20488 = DIRECTION('',(-0.,-1.,0.));
#20489 = FACE_BOUND('',#20490,.F.);
#20490 = EDGE_LOOP('',(#20491));
#20491 = ORIENTED_EDGE('',*,*,#20492,.T.);
#20492 = EDGE_CURVE('',#20493,#20493,#20495,.T.);
#20493 = VERTEX_POINT('',#20494);
#20494 = CARTESIAN_POINT('',(167.368,-94.696,0.));
#20495 = CIRCLE('',#20496,0.15);
#20496 = AXIS2_PLACEMENT_3D('',#20497,#20498,#20499);
#20497 = CARTESIAN_POINT('',(167.368,-94.546,0.));
#20498 = DIRECTION('',(-0.,0.,-1.));
#20499 = DIRECTION('',(-0.,-1.,0.));
#20500 = FACE_BOUND('',#20501,.F.);
#20501 = EDGE_LOOP('',(#20502));
#20502 = ORIENTED_EDGE('',*,*,#20503,.T.);
#20503 = EDGE_CURVE('',#20504,#20504,#20506,.T.);
#20504 = VERTEX_POINT('',#20505);
#20505 = CARTESIAN_POINT('',(138.441,-86.505,0.));
#20506 = CIRCLE('',#20507,9.999999999999E-02);
#20507 = AXIS2_PLACEMENT_3D('',#20508,#20509,#20510);
#20508 = CARTESIAN_POINT('',(138.441,-86.405,0.));
#20509 = DIRECTION('',(-0.,0.,-1.));
#20510 = DIRECTION('',(-0.,-1.,0.));
#20511 = FACE_BOUND('',#20512,.F.);
#20512 = EDGE_LOOP('',(#20513));
#20513 = ORIENTED_EDGE('',*,*,#20514,.T.);
#20514 = EDGE_CURVE('',#20515,#20515,#20517,.T.);
#20515 = VERTEX_POINT('',#20516);
#20516 = CARTESIAN_POINT('',(139.641,-86.505,0.));
#20517 = CIRCLE('',#20518,0.1);
#20518 = AXIS2_PLACEMENT_3D('',#20519,#20520,#20521);
#20519 = CARTESIAN_POINT('',(139.641,-86.405,0.));
#20520 = DIRECTION('',(-0.,0.,-1.));
#20521 = DIRECTION('',(-2.842170943041E-13,-1.,0.));
#20522 = FACE_BOUND('',#20523,.F.);
#20523 = EDGE_LOOP('',(#20524));
#20524 = ORIENTED_EDGE('',*,*,#20525,.T.);
#20525 = EDGE_CURVE('',#20526,#20526,#20528,.T.);
#20526 = VERTEX_POINT('',#20527);
#20527 = CARTESIAN_POINT('',(140.841,-86.505,0.));
#20528 = CIRCLE('',#20529,1.E-01);
#20529 = AXIS2_PLACEMENT_3D('',#20530,#20531,#20532);
#20530 = CARTESIAN_POINT('',(140.841,-86.405,0.));
#20531 = DIRECTION('',(-0.,0.,-1.));
#20532 = DIRECTION('',(-0.,-1.,0.));
#20533 = FACE_BOUND('',#20534,.F.);
#20534 = EDGE_LOOP('',(#20535));
#20535 = ORIENTED_EDGE('',*,*,#20536,.T.);
#20536 = EDGE_CURVE('',#20537,#20537,#20539,.T.);
#20537 = VERTEX_POINT('',#20538);
#20538 = CARTESIAN_POINT('',(138.441,-84.955,0.));
#20539 = CIRCLE('',#20540,9.999999999999E-02);
#20540 = AXIS2_PLACEMENT_3D('',#20541,#20542,#20543);
#20541 = CARTESIAN_POINT('',(138.441,-84.855,0.));
#20542 = DIRECTION('',(-0.,0.,-1.));
#20543 = DIRECTION('',(-0.,-1.,0.));
#20544 = FACE_BOUND('',#20545,.F.);
#20545 = EDGE_LOOP('',(#20546));
#20546 = ORIENTED_EDGE('',*,*,#20547,.T.);
#20547 = EDGE_CURVE('',#20548,#20548,#20550,.T.);
#20548 = VERTEX_POINT('',#20549);
#20549 = CARTESIAN_POINT('',(139.641,-84.955,0.));
#20550 = CIRCLE('',#20551,0.1);
#20551 = AXIS2_PLACEMENT_3D('',#20552,#20553,#20554);
#20552 = CARTESIAN_POINT('',(139.641,-84.855,0.));
#20553 = DIRECTION('',(-0.,0.,-1.));
#20554 = DIRECTION('',(-2.842170943041E-13,-1.,0.));
#20555 = FACE_BOUND('',#20556,.F.);
#20556 = EDGE_LOOP('',(#20557));
#20557 = ORIENTED_EDGE('',*,*,#20558,.T.);
#20558 = EDGE_CURVE('',#20559,#20559,#20561,.T.);
#20559 = VERTEX_POINT('',#20560);
#20560 = CARTESIAN_POINT('',(140.841,-84.955,0.));
#20561 = CIRCLE('',#20562,1.E-01);
#20562 = AXIS2_PLACEMENT_3D('',#20563,#20564,#20565);
#20563 = CARTESIAN_POINT('',(140.841,-84.855,0.));
#20564 = DIRECTION('',(-0.,0.,-1.));
#20565 = DIRECTION('',(-0.,-1.,0.));
#20566 = FACE_BOUND('',#20567,.F.);
#20567 = EDGE_LOOP('',(#20568));
#20568 = ORIENTED_EDGE('',*,*,#20569,.T.);
#20569 = EDGE_CURVE('',#20570,#20570,#20572,.T.);
#20570 = VERTEX_POINT('',#20571);
#20571 = CARTESIAN_POINT('',(142.041,-86.505,0.));
#20572 = CIRCLE('',#20573,1.E-01);
#20573 = AXIS2_PLACEMENT_3D('',#20574,#20575,#20576);
#20574 = CARTESIAN_POINT('',(142.041,-86.405,0.));
#20575 = DIRECTION('',(-0.,0.,-1.));
#20576 = DIRECTION('',(-0.,-1.,0.));
#20577 = FACE_BOUND('',#20578,.F.);
#20578 = EDGE_LOOP('',(#20579));
#20579 = ORIENTED_EDGE('',*,*,#20580,.T.);
#20580 = EDGE_CURVE('',#20581,#20581,#20583,.T.);
#20581 = VERTEX_POINT('',#20582);
#20582 = CARTESIAN_POINT('',(142.041,-84.955,0.));
#20583 = CIRCLE('',#20584,1.E-01);
#20584 = AXIS2_PLACEMENT_3D('',#20585,#20586,#20587);
#20585 = CARTESIAN_POINT('',(142.041,-84.855,0.));
#20586 = DIRECTION('',(-0.,0.,-1.));
#20587 = DIRECTION('',(-0.,-1.,0.));
#20588 = FACE_BOUND('',#20589,.F.);
#20589 = EDGE_LOOP('',(#20590));
#20590 = ORIENTED_EDGE('',*,*,#20591,.T.);
#20591 = EDGE_CURVE('',#20592,#20592,#20594,.T.);
#20592 = VERTEX_POINT('',#20593);
#20593 = CARTESIAN_POINT('',(138.441,-83.405,0.));
#20594 = CIRCLE('',#20595,9.999999999999E-02);
#20595 = AXIS2_PLACEMENT_3D('',#20596,#20597,#20598);
#20596 = CARTESIAN_POINT('',(138.441,-83.305,0.));
#20597 = DIRECTION('',(-0.,0.,-1.));
#20598 = DIRECTION('',(-0.,-1.,0.));
#20599 = FACE_BOUND('',#20600,.F.);
#20600 = EDGE_LOOP('',(#20601));
#20601 = ORIENTED_EDGE('',*,*,#20602,.T.);
#20602 = EDGE_CURVE('',#20603,#20603,#20605,.T.);
#20603 = VERTEX_POINT('',#20604);
#20604 = CARTESIAN_POINT('',(139.641,-83.405,0.));
#20605 = CIRCLE('',#20606,0.1);
#20606 = AXIS2_PLACEMENT_3D('',#20607,#20608,#20609);
#20607 = CARTESIAN_POINT('',(139.641,-83.305,0.));
#20608 = DIRECTION('',(-0.,0.,-1.));
#20609 = DIRECTION('',(-2.842170943041E-13,-1.,0.));
#20610 = FACE_BOUND('',#20611,.F.);
#20611 = EDGE_LOOP('',(#20612));
#20612 = ORIENTED_EDGE('',*,*,#20613,.T.);
#20613 = EDGE_CURVE('',#20614,#20614,#20616,.T.);
#20614 = VERTEX_POINT('',#20615);
#20615 = CARTESIAN_POINT('',(140.841,-83.405,0.));
#20616 = CIRCLE('',#20617,1.E-01);
#20617 = AXIS2_PLACEMENT_3D('',#20618,#20619,#20620);
#20618 = CARTESIAN_POINT('',(140.841,-83.305,0.));
#20619 = DIRECTION('',(-0.,0.,-1.));
#20620 = DIRECTION('',(-0.,-1.,0.));
#20621 = FACE_BOUND('',#20622,.F.);
#20622 = EDGE_LOOP('',(#20623));
#20623 = ORIENTED_EDGE('',*,*,#20624,.T.);
#20624 = EDGE_CURVE('',#20625,#20625,#20627,.T.);
#20625 = VERTEX_POINT('',#20626);
#20626 = CARTESIAN_POINT('',(142.041,-83.405,0.));
#20627 = CIRCLE('',#20628,1.E-01);
#20628 = AXIS2_PLACEMENT_3D('',#20629,#20630,#20631);
#20629 = CARTESIAN_POINT('',(142.041,-83.305,0.));
#20630 = DIRECTION('',(-0.,0.,-1.));
#20631 = DIRECTION('',(-0.,-1.,0.));
#20632 = FACE_BOUND('',#20633,.F.);
#20633 = EDGE_LOOP('',(#20634));
#20634 = ORIENTED_EDGE('',*,*,#20635,.T.);
#20635 = EDGE_CURVE('',#20636,#20636,#20638,.T.);
#20636 = VERTEX_POINT('',#20637);
#20637 = CARTESIAN_POINT('',(167.368,-85.446,0.));
#20638 = CIRCLE('',#20639,0.15);
#20639 = AXIS2_PLACEMENT_3D('',#20640,#20641,#20642);
#20640 = CARTESIAN_POINT('',(167.368,-85.296,0.));
#20641 = DIRECTION('',(-0.,0.,-1.));
#20642 = DIRECTION('',(-0.,-1.,0.));
#20643 = FACE_BOUND('',#20644,.F.);
#20644 = EDGE_LOOP('',(#20645));
#20645 = ORIENTED_EDGE('',*,*,#20646,.T.);
#20646 = EDGE_CURVE('',#20647,#20647,#20649,.T.);
#20647 = VERTEX_POINT('',#20648);
#20648 = CARTESIAN_POINT('',(167.368,-79.696,0.));
#20649 = CIRCLE('',#20650,0.15);
#20650 = AXIS2_PLACEMENT_3D('',#20651,#20652,#20653);
#20651 = CARTESIAN_POINT('',(167.368,-79.546,0.));
#20652 = DIRECTION('',(-0.,0.,-1.));
#20653 = DIRECTION('',(-0.,-1.,0.));
#20654 = PLANE('',#20655);
#20655 = AXIS2_PLACEMENT_3D('',#20656,#20657,#20658);
#20656 = CARTESIAN_POINT('',(0.,0.,0.));
#20657 = DIRECTION('',(0.,0.,1.));
#20658 = DIRECTION('',(1.,0.,-0.));
#20659 = ADVANCED_FACE('',(#20660,#20950,#20961,#20972,#20983,#20994,
    #21005,#21016,#21027,#21038,#21049,#21060,#21071,#21082,#21093,
    #21104,#21115,#21126,#21137,#21148),#21159,.T.);
#20660 = FACE_BOUND('',#20661,.T.);
#20661 = EDGE_LOOP('',(#20662,#20663,#20664,#20672,#20681,#20690,#20698,
    #20707,#20716,#20724,#20733,#20742,#20750,#20759,#20768,#20776,
    #20785,#20794,#20802,#20810,#20818,#20827,#20835,#20844,#20852,
    #20861,#20869,#20878,#20886,#20895,#20903,#20911,#20919,#20927,
    #20935,#20943,#20949));
#20662 = ORIENTED_EDGE('',*,*,#20066,.F.);
#20663 = ORIENTED_EDGE('',*,*,#20106,.F.);
#20664 = ORIENTED_EDGE('',*,*,#20665,.F.);
#20665 = EDGE_CURVE('',#20666,#20099,#20668,.T.);
#20666 = VERTEX_POINT('',#20667);
#20667 = CARTESIAN_POINT('',(169.44299999999,-74.921,1.51));
#20668 = LINE('',#20669,#20670);
#20669 = CARTESIAN_POINT('',(125.443,-74.921,1.51));
#20670 = VECTOR('',#20671,1.);
#20671 = DIRECTION('',(1.,0.,0.));
#20672 = ORIENTED_EDGE('',*,*,#20673,.T.);
#20673 = EDGE_CURVE('',#20666,#20674,#20676,.T.);
#20674 = VERTEX_POINT('',#20675);
#20675 = CARTESIAN_POINT('',(167.943,-76.421,1.51));
#20676 = CIRCLE('',#20677,1.5);
#20677 = AXIS2_PLACEMENT_3D('',#20678,#20679,#20680);
#20678 = CARTESIAN_POINT('',(167.943,-74.921,1.51));
#20679 = DIRECTION('',(-0.,0.,-1.));
#20680 = DIRECTION('',(-0.,-1.,0.));
#20681 = ORIENTED_EDGE('',*,*,#20682,.T.);
#20682 = EDGE_CURVE('',#20674,#20683,#20685,.T.);
#20683 = VERTEX_POINT('',#20684);
#20684 = CARTESIAN_POINT('',(166.443,-74.921,1.51));
#20685 = CIRCLE('',#20686,1.5);
#20686 = AXIS2_PLACEMENT_3D('',#20687,#20688,#20689);
#20687 = CARTESIAN_POINT('',(167.943,-74.921,1.51));
#20688 = DIRECTION('',(-0.,0.,-1.));
#20689 = DIRECTION('',(-0.,-1.,0.));
#20690 = ORIENTED_EDGE('',*,*,#20691,.F.);
#20691 = EDGE_CURVE('',#20692,#20683,#20694,.T.);
#20692 = VERTEX_POINT('',#20693);
#20693 = CARTESIAN_POINT('',(159.44299999999,-74.921,1.51));
#20694 = LINE('',#20695,#20696);
#20695 = CARTESIAN_POINT('',(125.443,-74.921,1.51));
#20696 = VECTOR('',#20697,1.);
#20697 = DIRECTION('',(1.,0.,0.));
#20698 = ORIENTED_EDGE('',*,*,#20699,.T.);
#20699 = EDGE_CURVE('',#20692,#20700,#20702,.T.);
#20700 = VERTEX_POINT('',#20701);
#20701 = CARTESIAN_POINT('',(157.943,-76.421,1.51));
#20702 = CIRCLE('',#20703,1.5);
#20703 = AXIS2_PLACEMENT_3D('',#20704,#20705,#20706);
#20704 = CARTESIAN_POINT('',(157.943,-74.921,1.51));
#20705 = DIRECTION('',(-0.,0.,-1.));
#20706 = DIRECTION('',(-0.,-1.,0.));
#20707 = ORIENTED_EDGE('',*,*,#20708,.T.);
#20708 = EDGE_CURVE('',#20700,#20709,#20711,.T.);
#20709 = VERTEX_POINT('',#20710);
#20710 = CARTESIAN_POINT('',(156.443,-74.921,1.51));
#20711 = CIRCLE('',#20712,1.5);
#20712 = AXIS2_PLACEMENT_3D('',#20713,#20714,#20715);
#20713 = CARTESIAN_POINT('',(157.943,-74.921,1.51));
#20714 = DIRECTION('',(-0.,0.,-1.));
#20715 = DIRECTION('',(-0.,-1.,0.));
#20716 = ORIENTED_EDGE('',*,*,#20717,.F.);
#20717 = EDGE_CURVE('',#20718,#20709,#20720,.T.);
#20718 = VERTEX_POINT('',#20719);
#20719 = CARTESIAN_POINT('',(149.443,-74.921,1.51));
#20720 = LINE('',#20721,#20722);
#20721 = CARTESIAN_POINT('',(125.443,-74.921,1.51));
#20722 = VECTOR('',#20723,1.);
#20723 = DIRECTION('',(1.,0.,0.));
#20724 = ORIENTED_EDGE('',*,*,#20725,.T.);
#20725 = EDGE_CURVE('',#20718,#20726,#20728,.T.);
#20726 = VERTEX_POINT('',#20727);
#20727 = CARTESIAN_POINT('',(147.943,-76.421,1.51));
#20728 = CIRCLE('',#20729,1.5);
#20729 = AXIS2_PLACEMENT_3D('',#20730,#20731,#20732);
#20730 = CARTESIAN_POINT('',(147.943,-74.921,1.51));
#20731 = DIRECTION('',(-0.,0.,-1.));
#20732 = DIRECTION('',(-0.,-1.,0.));
#20733 = ORIENTED_EDGE('',*,*,#20734,.T.);
#20734 = EDGE_CURVE('',#20726,#20735,#20737,.T.);
#20735 = VERTEX_POINT('',#20736);
#20736 = CARTESIAN_POINT('',(146.443,-74.921,1.51));
#20737 = CIRCLE('',#20738,1.5);
#20738 = AXIS2_PLACEMENT_3D('',#20739,#20740,#20741);
#20739 = CARTESIAN_POINT('',(147.943,-74.921,1.51));
#20740 = DIRECTION('',(-0.,0.,-1.));
#20741 = DIRECTION('',(-0.,-1.,0.));
#20742 = ORIENTED_EDGE('',*,*,#20743,.F.);
#20743 = EDGE_CURVE('',#20744,#20735,#20746,.T.);
#20744 = VERTEX_POINT('',#20745);
#20745 = CARTESIAN_POINT('',(139.443,-74.921,1.51));
#20746 = LINE('',#20747,#20748);
#20747 = CARTESIAN_POINT('',(125.443,-74.921,1.51));
#20748 = VECTOR('',#20749,1.);
#20749 = DIRECTION('',(1.,0.,0.));
#20750 = ORIENTED_EDGE('',*,*,#20751,.T.);
#20751 = EDGE_CURVE('',#20744,#20752,#20754,.T.);
#20752 = VERTEX_POINT('',#20753);
#20753 = CARTESIAN_POINT('',(137.943,-76.421,1.51));
#20754 = CIRCLE('',#20755,1.5);
#20755 = AXIS2_PLACEMENT_3D('',#20756,#20757,#20758);
#20756 = CARTESIAN_POINT('',(137.943,-74.921,1.51));
#20757 = DIRECTION('',(-0.,0.,-1.));
#20758 = DIRECTION('',(-0.,-1.,0.));
#20759 = ORIENTED_EDGE('',*,*,#20760,.T.);
#20760 = EDGE_CURVE('',#20752,#20761,#20763,.T.);
#20761 = VERTEX_POINT('',#20762);
#20762 = CARTESIAN_POINT('',(136.443,-74.921,1.51));
#20763 = CIRCLE('',#20764,1.5);
#20764 = AXIS2_PLACEMENT_3D('',#20765,#20766,#20767);
#20765 = CARTESIAN_POINT('',(137.943,-74.921,1.51));
#20766 = DIRECTION('',(-0.,0.,-1.));
#20767 = DIRECTION('',(-0.,-1.,0.));
#20768 = ORIENTED_EDGE('',*,*,#20769,.F.);
#20769 = EDGE_CURVE('',#20770,#20761,#20772,.T.);
#20770 = VERTEX_POINT('',#20771);
#20771 = CARTESIAN_POINT('',(129.44299999999,-74.921,1.51));
#20772 = LINE('',#20773,#20774);
#20773 = CARTESIAN_POINT('',(125.443,-74.921,1.51));
#20774 = VECTOR('',#20775,1.);
#20775 = DIRECTION('',(1.,0.,0.));
#20776 = ORIENTED_EDGE('',*,*,#20777,.T.);
#20777 = EDGE_CURVE('',#20770,#20778,#20780,.T.);
#20778 = VERTEX_POINT('',#20779);
#20779 = CARTESIAN_POINT('',(127.943,-76.421,1.51));
#20780 = CIRCLE('',#20781,1.5);
#20781 = AXIS2_PLACEMENT_3D('',#20782,#20783,#20784);
#20782 = CARTESIAN_POINT('',(127.943,-74.921,1.51));
#20783 = DIRECTION('',(-0.,0.,-1.));
#20784 = DIRECTION('',(-9.473903143468E-15,-1.,0.));
#20785 = ORIENTED_EDGE('',*,*,#20786,.T.);
#20786 = EDGE_CURVE('',#20778,#20787,#20789,.T.);
#20787 = VERTEX_POINT('',#20788);
#20788 = CARTESIAN_POINT('',(126.443,-74.921,1.51));
#20789 = CIRCLE('',#20790,1.5);
#20790 = AXIS2_PLACEMENT_3D('',#20791,#20792,#20793);
#20791 = CARTESIAN_POINT('',(127.943,-74.921,1.51));
#20792 = DIRECTION('',(-0.,0.,-1.));
#20793 = DIRECTION('',(-9.473903143468E-15,-1.,0.));
#20794 = ORIENTED_EDGE('',*,*,#20795,.F.);
#20795 = EDGE_CURVE('',#20796,#20787,#20798,.T.);
#20796 = VERTEX_POINT('',#20797);
#20797 = CARTESIAN_POINT('',(125.443,-74.921,1.51));
#20798 = LINE('',#20799,#20800);
#20799 = CARTESIAN_POINT('',(125.443,-74.921,1.51));
#20800 = VECTOR('',#20801,1.);
#20801 = DIRECTION('',(1.,0.,0.));
#20802 = ORIENTED_EDGE('',*,*,#20803,.F.);
#20803 = EDGE_CURVE('',#20804,#20796,#20806,.T.);
#20804 = VERTEX_POINT('',#20805);
#20805 = CARTESIAN_POINT('',(125.443,-104.921,1.51));
#20806 = LINE('',#20807,#20808);
#20807 = CARTESIAN_POINT('',(125.443,-104.921,1.51));
#20808 = VECTOR('',#20809,1.);
#20809 = DIRECTION('',(0.,1.,0.));
#20810 = ORIENTED_EDGE('',*,*,#20811,.F.);
#20811 = EDGE_CURVE('',#20812,#20804,#20814,.T.);
#20812 = VERTEX_POINT('',#20813);
#20813 = CARTESIAN_POINT('',(126.443,-104.921,1.51));
#20814 = LINE('',#20815,#20816);
#20815 = CARTESIAN_POINT('',(175.443,-104.921,1.51));
#20816 = VECTOR('',#20817,1.);
#20817 = DIRECTION('',(-1.,0.,0.));
#20818 = ORIENTED_EDGE('',*,*,#20819,.T.);
#20819 = EDGE_CURVE('',#20812,#20820,#20822,.T.);
#20820 = VERTEX_POINT('',#20821);
#20821 = CARTESIAN_POINT('',(129.443,-104.921,1.51));
#20822 = CIRCLE('',#20823,1.5);
#20823 = AXIS2_PLACEMENT_3D('',#20824,#20825,#20826);
#20824 = CARTESIAN_POINT('',(127.943,-104.921,1.51));
#20825 = DIRECTION('',(-0.,0.,-1.));
#20826 = DIRECTION('',(-9.473903143468E-15,-1.,0.));
#20827 = ORIENTED_EDGE('',*,*,#20828,.F.);
#20828 = EDGE_CURVE('',#20829,#20820,#20831,.T.);
#20829 = VERTEX_POINT('',#20830);
#20830 = CARTESIAN_POINT('',(136.443,-104.921,1.51));
#20831 = LINE('',#20832,#20833);
#20832 = CARTESIAN_POINT('',(175.443,-104.921,1.51));
#20833 = VECTOR('',#20834,1.);
#20834 = DIRECTION('',(-1.,0.,0.));
#20835 = ORIENTED_EDGE('',*,*,#20836,.T.);
#20836 = EDGE_CURVE('',#20829,#20837,#20839,.T.);
#20837 = VERTEX_POINT('',#20838);
#20838 = CARTESIAN_POINT('',(139.443,-104.921,1.51));
#20839 = CIRCLE('',#20840,1.5);
#20840 = AXIS2_PLACEMENT_3D('',#20841,#20842,#20843);
#20841 = CARTESIAN_POINT('',(137.943,-104.921,1.51));
#20842 = DIRECTION('',(-0.,0.,-1.));
#20843 = DIRECTION('',(-0.,-1.,0.));
#20844 = ORIENTED_EDGE('',*,*,#20845,.F.);
#20845 = EDGE_CURVE('',#20846,#20837,#20848,.T.);
#20846 = VERTEX_POINT('',#20847);
#20847 = CARTESIAN_POINT('',(146.443,-104.921,1.51));
#20848 = LINE('',#20849,#20850);
#20849 = CARTESIAN_POINT('',(175.443,-104.921,1.51));
#20850 = VECTOR('',#20851,1.);
#20851 = DIRECTION('',(-1.,0.,0.));
#20852 = ORIENTED_EDGE('',*,*,#20853,.T.);
#20853 = EDGE_CURVE('',#20846,#20854,#20856,.T.);
#20854 = VERTEX_POINT('',#20855);
#20855 = CARTESIAN_POINT('',(149.443,-104.921,1.51));
#20856 = CIRCLE('',#20857,1.5);
#20857 = AXIS2_PLACEMENT_3D('',#20858,#20859,#20860);
#20858 = CARTESIAN_POINT('',(147.943,-104.921,1.51));
#20859 = DIRECTION('',(-0.,0.,-1.));
#20860 = DIRECTION('',(-0.,-1.,0.));
#20861 = ORIENTED_EDGE('',*,*,#20862,.F.);
#20862 = EDGE_CURVE('',#20863,#20854,#20865,.T.);
#20863 = VERTEX_POINT('',#20864);
#20864 = CARTESIAN_POINT('',(156.44299999999,-104.921,1.51));
#20865 = LINE('',#20866,#20867);
#20866 = CARTESIAN_POINT('',(175.443,-104.921,1.51));
#20867 = VECTOR('',#20868,1.);
#20868 = DIRECTION('',(-1.,0.,0.));
#20869 = ORIENTED_EDGE('',*,*,#20870,.T.);
#20870 = EDGE_CURVE('',#20863,#20871,#20873,.T.);
#20871 = VERTEX_POINT('',#20872);
#20872 = CARTESIAN_POINT('',(159.443,-104.921,1.51));
#20873 = CIRCLE('',#20874,1.5);
#20874 = AXIS2_PLACEMENT_3D('',#20875,#20876,#20877);
#20875 = CARTESIAN_POINT('',(157.943,-104.921,1.51));
#20876 = DIRECTION('',(-0.,0.,-1.));
#20877 = DIRECTION('',(-0.,-1.,0.));
#20878 = ORIENTED_EDGE('',*,*,#20879,.F.);
#20879 = EDGE_CURVE('',#20880,#20871,#20882,.T.);
#20880 = VERTEX_POINT('',#20881);
#20881 = CARTESIAN_POINT('',(166.443,-104.921,1.51));
#20882 = LINE('',#20883,#20884);
#20883 = CARTESIAN_POINT('',(175.443,-104.921,1.51));
#20884 = VECTOR('',#20885,1.);
#20885 = DIRECTION('',(-1.,0.,0.));
#20886 = ORIENTED_EDGE('',*,*,#20887,.T.);
#20887 = EDGE_CURVE('',#20880,#20888,#20890,.T.);
#20888 = VERTEX_POINT('',#20889);
#20889 = CARTESIAN_POINT('',(169.443,-104.921,1.51));
#20890 = CIRCLE('',#20891,1.5);
#20891 = AXIS2_PLACEMENT_3D('',#20892,#20893,#20894);
#20892 = CARTESIAN_POINT('',(167.943,-104.921,1.51));
#20893 = DIRECTION('',(-0.,0.,-1.));
#20894 = DIRECTION('',(-0.,-1.,0.));
#20895 = ORIENTED_EDGE('',*,*,#20896,.F.);
#20896 = EDGE_CURVE('',#20897,#20888,#20899,.T.);
#20897 = VERTEX_POINT('',#20898);
#20898 = CARTESIAN_POINT('',(175.443,-104.921,1.51));
#20899 = LINE('',#20900,#20901);
#20900 = CARTESIAN_POINT('',(175.443,-104.921,1.51));
#20901 = VECTOR('',#20902,1.);
#20902 = DIRECTION('',(-1.,0.,0.));
#20903 = ORIENTED_EDGE('',*,*,#20904,.F.);
#20904 = EDGE_CURVE('',#20905,#20897,#20907,.T.);
#20905 = VERTEX_POINT('',#20906);
#20906 = CARTESIAN_POINT('',(175.443,-99.896,1.51));
#20907 = LINE('',#20908,#20909);
#20908 = CARTESIAN_POINT('',(175.443,-99.896,1.51));
#20909 = VECTOR('',#20910,1.);
#20910 = DIRECTION('',(0.,-1.,0.));
#20911 = ORIENTED_EDGE('',*,*,#20912,.F.);
#20912 = EDGE_CURVE('',#20913,#20905,#20915,.T.);
#20913 = VERTEX_POINT('',#20914);
#20914 = CARTESIAN_POINT('',(168.993,-99.896,1.51));
#20915 = LINE('',#20916,#20917);
#20916 = CARTESIAN_POINT('',(168.993,-99.896,1.51));
#20917 = VECTOR('',#20918,1.);
#20918 = DIRECTION('',(1.,0.,0.));
#20919 = ORIENTED_EDGE('',*,*,#20920,.F.);
#20920 = EDGE_CURVE('',#20921,#20913,#20923,.T.);
#20921 = VERTEX_POINT('',#20922);
#20922 = CARTESIAN_POINT('',(168.993,-94.946,1.51));
#20923 = LINE('',#20924,#20925);
#20924 = CARTESIAN_POINT('',(168.993,-94.946,1.51));
#20925 = VECTOR('',#20926,1.);
#20926 = DIRECTION('',(0.,-1.,0.));
#20927 = ORIENTED_EDGE('',*,*,#20928,.F.);
#20928 = EDGE_CURVE('',#20929,#20921,#20931,.T.);
#20929 = VERTEX_POINT('',#20930);
#20930 = CARTESIAN_POINT('',(175.443,-94.946,1.51));
#20931 = LINE('',#20932,#20933);
#20932 = CARTESIAN_POINT('',(175.443,-94.946,1.51));
#20933 = VECTOR('',#20934,1.);
#20934 = DIRECTION('',(-1.,0.,0.));
#20935 = ORIENTED_EDGE('',*,*,#20936,.F.);
#20936 = EDGE_CURVE('',#20937,#20929,#20939,.T.);
#20937 = VERTEX_POINT('',#20938);
#20938 = CARTESIAN_POINT('',(175.443,-84.896,1.51));
#20939 = LINE('',#20940,#20941);
#20940 = CARTESIAN_POINT('',(175.443,-84.896,1.51));
#20941 = VECTOR('',#20942,1.);
#20942 = DIRECTION('',(0.,-1.,0.));
#20943 = ORIENTED_EDGE('',*,*,#20944,.F.);
#20944 = EDGE_CURVE('',#20129,#20937,#20945,.T.);
#20945 = LINE('',#20946,#20947);
#20946 = CARTESIAN_POINT('',(168.993,-84.896,1.51));
#20947 = VECTOR('',#20948,1.);
#20948 = DIRECTION('',(1.,0.,0.));
#20949 = ORIENTED_EDGE('',*,*,#20128,.F.);
#20950 = FACE_BOUND('',#20951,.T.);
#20951 = EDGE_LOOP('',(#20952));
#20952 = ORIENTED_EDGE('',*,*,#20953,.T.);
#20953 = EDGE_CURVE('',#20954,#20954,#20956,.T.);
#20954 = VERTEX_POINT('',#20955);
#20955 = CARTESIAN_POINT('',(152.861,-93.48,1.51));
#20956 = CIRCLE('',#20957,0.1);
#20957 = AXIS2_PLACEMENT_3D('',#20958,#20959,#20960);
#20958 = CARTESIAN_POINT('',(152.861,-93.38,1.51));
#20959 = DIRECTION('',(-0.,0.,-1.));
#20960 = DIRECTION('',(-0.,-1.,0.));
#20961 = FACE_BOUND('',#20962,.T.);
#20962 = EDGE_LOOP('',(#20963));
#20963 = ORIENTED_EDGE('',*,*,#20964,.T.);
#20964 = EDGE_CURVE('',#20965,#20965,#20967,.T.);
#20965 = VERTEX_POINT('',#20966);
#20966 = CARTESIAN_POINT('',(167.368,-100.446,1.51));
#20967 = CIRCLE('',#20968,0.15);
#20968 = AXIS2_PLACEMENT_3D('',#20969,#20970,#20971);
#20969 = CARTESIAN_POINT('',(167.368,-100.296,1.51));
#20970 = DIRECTION('',(-0.,0.,-1.));
#20971 = DIRECTION('',(-0.,-1.,0.));
#20972 = FACE_BOUND('',#20973,.T.);
#20973 = EDGE_LOOP('',(#20974));
#20974 = ORIENTED_EDGE('',*,*,#20975,.T.);
#20975 = EDGE_CURVE('',#20976,#20976,#20978,.T.);
#20976 = VERTEX_POINT('',#20977);
#20977 = CARTESIAN_POINT('',(153.461,-93.48,1.51));
#20978 = CIRCLE('',#20979,0.1);
#20979 = AXIS2_PLACEMENT_3D('',#20980,#20981,#20982);
#20980 = CARTESIAN_POINT('',(153.461,-93.38,1.51));
#20981 = DIRECTION('',(-0.,0.,-1.));
#20982 = DIRECTION('',(-0.,-1.,0.));
#20983 = FACE_BOUND('',#20984,.T.);
#20984 = EDGE_LOOP('',(#20985));
#20985 = ORIENTED_EDGE('',*,*,#20986,.T.);
#20986 = EDGE_CURVE('',#20987,#20987,#20989,.T.);
#20987 = VERTEX_POINT('',#20988);
#20988 = CARTESIAN_POINT('',(154.061,-93.48,1.51));
#20989 = CIRCLE('',#20990,9.999999999998E-02);
#20990 = AXIS2_PLACEMENT_3D('',#20991,#20992,#20993);
#20991 = CARTESIAN_POINT('',(154.061,-93.38,1.51));
#20992 = DIRECTION('',(-0.,0.,-1.));
#20993 = DIRECTION('',(-0.,-1.,0.));
#20994 = FACE_BOUND('',#20995,.T.);
#20995 = EDGE_LOOP('',(#20996));
#20996 = ORIENTED_EDGE('',*,*,#20997,.T.);
#20997 = EDGE_CURVE('',#20998,#20998,#21000,.T.);
#20998 = VERTEX_POINT('',#20999);
#20999 = CARTESIAN_POINT('',(167.368,-94.696,1.51));
#21000 = CIRCLE('',#21001,0.15);
#21001 = AXIS2_PLACEMENT_3D('',#21002,#21003,#21004);
#21002 = CARTESIAN_POINT('',(167.368,-94.546,1.51));
#21003 = DIRECTION('',(-0.,0.,-1.));
#21004 = DIRECTION('',(-0.,-1.,0.));
#21005 = FACE_BOUND('',#21006,.T.);
#21006 = EDGE_LOOP('',(#21007));
#21007 = ORIENTED_EDGE('',*,*,#21008,.T.);
#21008 = EDGE_CURVE('',#21009,#21009,#21011,.T.);
#21009 = VERTEX_POINT('',#21010);
#21010 = CARTESIAN_POINT('',(138.441,-86.505,1.51));
#21011 = CIRCLE('',#21012,9.999999999999E-02);
#21012 = AXIS2_PLACEMENT_3D('',#21013,#21014,#21015);
#21013 = CARTESIAN_POINT('',(138.441,-86.405,1.51));
#21014 = DIRECTION('',(-0.,0.,-1.));
#21015 = DIRECTION('',(-0.,-1.,0.));
#21016 = FACE_BOUND('',#21017,.T.);
#21017 = EDGE_LOOP('',(#21018));
#21018 = ORIENTED_EDGE('',*,*,#21019,.T.);
#21019 = EDGE_CURVE('',#21020,#21020,#21022,.T.);
#21020 = VERTEX_POINT('',#21021);
#21021 = CARTESIAN_POINT('',(139.641,-86.505,1.51));
#21022 = CIRCLE('',#21023,0.1);
#21023 = AXIS2_PLACEMENT_3D('',#21024,#21025,#21026);
#21024 = CARTESIAN_POINT('',(139.641,-86.405,1.51));
#21025 = DIRECTION('',(-0.,0.,-1.));
#21026 = DIRECTION('',(-2.842170943041E-13,-1.,0.));
#21027 = FACE_BOUND('',#21028,.T.);
#21028 = EDGE_LOOP('',(#21029));
#21029 = ORIENTED_EDGE('',*,*,#21030,.T.);
#21030 = EDGE_CURVE('',#21031,#21031,#21033,.T.);
#21031 = VERTEX_POINT('',#21032);
#21032 = CARTESIAN_POINT('',(140.841,-86.505,1.51));
#21033 = CIRCLE('',#21034,1.E-01);
#21034 = AXIS2_PLACEMENT_3D('',#21035,#21036,#21037);
#21035 = CARTESIAN_POINT('',(140.841,-86.405,1.51));
#21036 = DIRECTION('',(-0.,0.,-1.));
#21037 = DIRECTION('',(-0.,-1.,0.));
#21038 = FACE_BOUND('',#21039,.T.);
#21039 = EDGE_LOOP('',(#21040));
#21040 = ORIENTED_EDGE('',*,*,#21041,.T.);
#21041 = EDGE_CURVE('',#21042,#21042,#21044,.T.);
#21042 = VERTEX_POINT('',#21043);
#21043 = CARTESIAN_POINT('',(138.441,-84.955,1.51));
#21044 = CIRCLE('',#21045,9.999999999999E-02);
#21045 = AXIS2_PLACEMENT_3D('',#21046,#21047,#21048);
#21046 = CARTESIAN_POINT('',(138.441,-84.855,1.51));
#21047 = DIRECTION('',(-0.,0.,-1.));
#21048 = DIRECTION('',(-0.,-1.,0.));
#21049 = FACE_BOUND('',#21050,.T.);
#21050 = EDGE_LOOP('',(#21051));
#21051 = ORIENTED_EDGE('',*,*,#21052,.T.);
#21052 = EDGE_CURVE('',#21053,#21053,#21055,.T.);
#21053 = VERTEX_POINT('',#21054);
#21054 = CARTESIAN_POINT('',(139.641,-84.955,1.51));
#21055 = CIRCLE('',#21056,0.1);
#21056 = AXIS2_PLACEMENT_3D('',#21057,#21058,#21059);
#21057 = CARTESIAN_POINT('',(139.641,-84.855,1.51));
#21058 = DIRECTION('',(-0.,0.,-1.));
#21059 = DIRECTION('',(-2.842170943041E-13,-1.,0.));
#21060 = FACE_BOUND('',#21061,.T.);
#21061 = EDGE_LOOP('',(#21062));
#21062 = ORIENTED_EDGE('',*,*,#21063,.T.);
#21063 = EDGE_CURVE('',#21064,#21064,#21066,.T.);
#21064 = VERTEX_POINT('',#21065);
#21065 = CARTESIAN_POINT('',(140.841,-84.955,1.51));
#21066 = CIRCLE('',#21067,1.E-01);
#21067 = AXIS2_PLACEMENT_3D('',#21068,#21069,#21070);
#21068 = CARTESIAN_POINT('',(140.841,-84.855,1.51));
#21069 = DIRECTION('',(-0.,0.,-1.));
#21070 = DIRECTION('',(-0.,-1.,0.));
#21071 = FACE_BOUND('',#21072,.T.);
#21072 = EDGE_LOOP('',(#21073));
#21073 = ORIENTED_EDGE('',*,*,#21074,.T.);
#21074 = EDGE_CURVE('',#21075,#21075,#21077,.T.);
#21075 = VERTEX_POINT('',#21076);
#21076 = CARTESIAN_POINT('',(142.041,-86.505,1.51));
#21077 = CIRCLE('',#21078,1.E-01);
#21078 = AXIS2_PLACEMENT_3D('',#21079,#21080,#21081);
#21079 = CARTESIAN_POINT('',(142.041,-86.405,1.51));
#21080 = DIRECTION('',(-0.,0.,-1.));
#21081 = DIRECTION('',(-0.,-1.,0.));
#21082 = FACE_BOUND('',#21083,.T.);
#21083 = EDGE_LOOP('',(#21084));
#21084 = ORIENTED_EDGE('',*,*,#21085,.T.);
#21085 = EDGE_CURVE('',#21086,#21086,#21088,.T.);
#21086 = VERTEX_POINT('',#21087);
#21087 = CARTESIAN_POINT('',(142.041,-84.955,1.51));
#21088 = CIRCLE('',#21089,1.E-01);
#21089 = AXIS2_PLACEMENT_3D('',#21090,#21091,#21092);
#21090 = CARTESIAN_POINT('',(142.041,-84.855,1.51));
#21091 = DIRECTION('',(-0.,0.,-1.));
#21092 = DIRECTION('',(-0.,-1.,0.));
#21093 = FACE_BOUND('',#21094,.T.);
#21094 = EDGE_LOOP('',(#21095));
#21095 = ORIENTED_EDGE('',*,*,#21096,.T.);
#21096 = EDGE_CURVE('',#21097,#21097,#21099,.T.);
#21097 = VERTEX_POINT('',#21098);
#21098 = CARTESIAN_POINT('',(138.441,-83.405,1.51));
#21099 = CIRCLE('',#21100,9.999999999999E-02);
#21100 = AXIS2_PLACEMENT_3D('',#21101,#21102,#21103);
#21101 = CARTESIAN_POINT('',(138.441,-83.305,1.51));
#21102 = DIRECTION('',(-0.,0.,-1.));
#21103 = DIRECTION('',(-0.,-1.,0.));
#21104 = FACE_BOUND('',#21105,.T.);
#21105 = EDGE_LOOP('',(#21106));
#21106 = ORIENTED_EDGE('',*,*,#21107,.T.);
#21107 = EDGE_CURVE('',#21108,#21108,#21110,.T.);
#21108 = VERTEX_POINT('',#21109);
#21109 = CARTESIAN_POINT('',(139.641,-83.405,1.51));
#21110 = CIRCLE('',#21111,0.1);
#21111 = AXIS2_PLACEMENT_3D('',#21112,#21113,#21114);
#21112 = CARTESIAN_POINT('',(139.641,-83.305,1.51));
#21113 = DIRECTION('',(-0.,0.,-1.));
#21114 = DIRECTION('',(-2.842170943041E-13,-1.,0.));
#21115 = FACE_BOUND('',#21116,.T.);
#21116 = EDGE_LOOP('',(#21117));
#21117 = ORIENTED_EDGE('',*,*,#21118,.T.);
#21118 = EDGE_CURVE('',#21119,#21119,#21121,.T.);
#21119 = VERTEX_POINT('',#21120);
#21120 = CARTESIAN_POINT('',(140.841,-83.405,1.51));
#21121 = CIRCLE('',#21122,1.E-01);
#21122 = AXIS2_PLACEMENT_3D('',#21123,#21124,#21125);
#21123 = CARTESIAN_POINT('',(140.841,-83.305,1.51));
#21124 = DIRECTION('',(-0.,0.,-1.));
#21125 = DIRECTION('',(-0.,-1.,0.));
#21126 = FACE_BOUND('',#21127,.T.);
#21127 = EDGE_LOOP('',(#21128));
#21128 = ORIENTED_EDGE('',*,*,#21129,.T.);
#21129 = EDGE_CURVE('',#21130,#21130,#21132,.T.);
#21130 = VERTEX_POINT('',#21131);
#21131 = CARTESIAN_POINT('',(142.041,-83.405,1.51));
#21132 = CIRCLE('',#21133,1.E-01);
#21133 = AXIS2_PLACEMENT_3D('',#21134,#21135,#21136);
#21134 = CARTESIAN_POINT('',(142.041,-83.305,1.51));
#21135 = DIRECTION('',(-0.,0.,-1.));
#21136 = DIRECTION('',(-0.,-1.,0.));
#21137 = FACE_BOUND('',#21138,.T.);
#21138 = EDGE_LOOP('',(#21139));
#21139 = ORIENTED_EDGE('',*,*,#21140,.T.);
#21140 = EDGE_CURVE('',#21141,#21141,#21143,.T.);
#21141 = VERTEX_POINT('',#21142);
#21142 = CARTESIAN_POINT('',(167.368,-85.446,1.51));
#21143 = CIRCLE('',#21144,0.15);
#21144 = AXIS2_PLACEMENT_3D('',#21145,#21146,#21147);
#21145 = CARTESIAN_POINT('',(167.368,-85.296,1.51));
#21146 = DIRECTION('',(-0.,0.,-1.));
#21147 = DIRECTION('',(-0.,-1.,0.));
#21148 = FACE_BOUND('',#21149,.T.);
#21149 = EDGE_LOOP('',(#21150));
#21150 = ORIENTED_EDGE('',*,*,#21151,.T.);
#21151 = EDGE_CURVE('',#21152,#21152,#21154,.T.);
#21152 = VERTEX_POINT('',#21153);
#21153 = CARTESIAN_POINT('',(167.368,-79.696,1.51));
#21154 = CIRCLE('',#21155,0.15);
#21155 = AXIS2_PLACEMENT_3D('',#21156,#21157,#21158);
#21156 = CARTESIAN_POINT('',(167.368,-79.546,1.51));
#21157 = DIRECTION('',(-0.,0.,-1.));
#21158 = DIRECTION('',(-0.,-1.,0.));
#21159 = PLANE('',#21160);
#21160 = AXIS2_PLACEMENT_3D('',#21161,#21162,#21163);
#21161 = CARTESIAN_POINT('',(0.,0.,1.51));
#21162 = DIRECTION('',(0.,0.,1.));
#21163 = DIRECTION('',(1.,0.,-0.));
#21164 = ADVANCED_FACE('',(#21165),#21176,.T.);
#21165 = FACE_BOUND('',#21166,.T.);
#21166 = EDGE_LOOP('',(#21167,#21168,#21174,#21175));
#21167 = ORIENTED_EDGE('',*,*,#20160,.F.);
#21168 = ORIENTED_EDGE('',*,*,#21169,.F.);
#21169 = EDGE_CURVE('',#20666,#20161,#21170,.T.);
#21170 = LINE('',#21171,#21172);
#21171 = CARTESIAN_POINT('',(169.443,-74.921,-4.6E-02));
#21172 = VECTOR('',#21173,1.);
#21173 = DIRECTION('',(-0.,-0.,-1.));
#21174 = ORIENTED_EDGE('',*,*,#20665,.T.);
#21175 = ORIENTED_EDGE('',*,*,#20096,.F.);
#21176 = PLANE('',#21177);
#21177 = AXIS2_PLACEMENT_3D('',#21178,#21179,#21180);
#21178 = CARTESIAN_POINT('',(125.443,-74.921,0.));
#21179 = DIRECTION('',(0.,1.,0.));
#21180 = DIRECTION('',(1.,0.,0.));
#21181 = ADVANCED_FACE('',(#21182),#21193,.T.);
#21182 = FACE_BOUND('',#21183,.T.);
#21183 = EDGE_LOOP('',(#21184,#21185,#21186,#21192));
#21184 = ORIENTED_EDGE('',*,*,#20136,.T.);
#21185 = ORIENTED_EDGE('',*,*,#20944,.T.);
#21186 = ORIENTED_EDGE('',*,*,#21187,.F.);
#21187 = EDGE_CURVE('',#20432,#20937,#21188,.T.);
#21188 = LINE('',#21189,#21190);
#21189 = CARTESIAN_POINT('',(175.443,-84.896,0.));
#21190 = VECTOR('',#21191,1.);
#21191 = DIRECTION('',(0.,0.,1.));
#21192 = ORIENTED_EDGE('',*,*,#20439,.F.);
#21193 = PLANE('',#21194);
#21194 = AXIS2_PLACEMENT_3D('',#21195,#21196,#21197);
#21195 = CARTESIAN_POINT('',(168.993,-84.896,0.));
#21196 = DIRECTION('',(0.,1.,0.));
#21197 = DIRECTION('',(1.,0.,0.));
#21198 = ADVANCED_FACE('',(#21199),#21210,.T.);
#21199 = FACE_BOUND('',#21200,.T.);
#21200 = EDGE_LOOP('',(#21201,#21202,#21203,#21209));
#21201 = ORIENTED_EDGE('',*,*,#21187,.T.);
#21202 = ORIENTED_EDGE('',*,*,#20936,.T.);
#21203 = ORIENTED_EDGE('',*,*,#21204,.F.);
#21204 = EDGE_CURVE('',#20424,#20929,#21205,.T.);
#21205 = LINE('',#21206,#21207);
#21206 = CARTESIAN_POINT('',(175.443,-94.946,0.));
#21207 = VECTOR('',#21208,1.);
#21208 = DIRECTION('',(0.,0.,1.));
#21209 = ORIENTED_EDGE('',*,*,#20431,.F.);
#21210 = PLANE('',#21211);
#21211 = AXIS2_PLACEMENT_3D('',#21212,#21213,#21214);
#21212 = CARTESIAN_POINT('',(175.443,-84.896,0.));
#21213 = DIRECTION('',(1.,0.,-0.));
#21214 = DIRECTION('',(0.,-1.,0.));
#21215 = ADVANCED_FACE('',(#21216),#21227,.T.);
#21216 = FACE_BOUND('',#21217,.T.);
#21217 = EDGE_LOOP('',(#21218,#21219,#21220,#21226));
#21218 = ORIENTED_EDGE('',*,*,#21204,.T.);
#21219 = ORIENTED_EDGE('',*,*,#20928,.T.);
#21220 = ORIENTED_EDGE('',*,*,#21221,.F.);
#21221 = EDGE_CURVE('',#20416,#20921,#21222,.T.);
#21222 = LINE('',#21223,#21224);
#21223 = CARTESIAN_POINT('',(168.993,-94.946,0.));
#21224 = VECTOR('',#21225,1.);
#21225 = DIRECTION('',(0.,0.,1.));
#21226 = ORIENTED_EDGE('',*,*,#20423,.F.);
#21227 = PLANE('',#21228);
#21228 = AXIS2_PLACEMENT_3D('',#21229,#21230,#21231);
#21229 = CARTESIAN_POINT('',(175.443,-94.946,0.));
#21230 = DIRECTION('',(0.,-1.,0.));
#21231 = DIRECTION('',(-1.,0.,0.));
#21232 = ADVANCED_FACE('',(#21233),#21244,.T.);
#21233 = FACE_BOUND('',#21234,.T.);
#21234 = EDGE_LOOP('',(#21235,#21236,#21237,#21243));
#21235 = ORIENTED_EDGE('',*,*,#21221,.T.);
#21236 = ORIENTED_EDGE('',*,*,#20920,.T.);
#21237 = ORIENTED_EDGE('',*,*,#21238,.F.);
#21238 = EDGE_CURVE('',#20408,#20913,#21239,.T.);
#21239 = LINE('',#21240,#21241);
#21240 = CARTESIAN_POINT('',(168.993,-99.896,0.));
#21241 = VECTOR('',#21242,1.);
#21242 = DIRECTION('',(0.,0.,1.));
#21243 = ORIENTED_EDGE('',*,*,#20415,.F.);
#21244 = PLANE('',#21245);
#21245 = AXIS2_PLACEMENT_3D('',#21246,#21247,#21248);
#21246 = CARTESIAN_POINT('',(168.993,-94.946,0.));
#21247 = DIRECTION('',(1.,0.,-0.));
#21248 = DIRECTION('',(0.,-1.,0.));
#21249 = ADVANCED_FACE('',(#21250),#21261,.T.);
#21250 = FACE_BOUND('',#21251,.T.);
#21251 = EDGE_LOOP('',(#21252,#21253,#21254,#21260));
#21252 = ORIENTED_EDGE('',*,*,#21238,.T.);
#21253 = ORIENTED_EDGE('',*,*,#20912,.T.);
#21254 = ORIENTED_EDGE('',*,*,#21255,.F.);
#21255 = EDGE_CURVE('',#20400,#20905,#21256,.T.);
#21256 = LINE('',#21257,#21258);
#21257 = CARTESIAN_POINT('',(175.443,-99.896,0.));
#21258 = VECTOR('',#21259,1.);
#21259 = DIRECTION('',(0.,0.,1.));
#21260 = ORIENTED_EDGE('',*,*,#20407,.F.);
#21261 = PLANE('',#21262);
#21262 = AXIS2_PLACEMENT_3D('',#21263,#21264,#21265);
#21263 = CARTESIAN_POINT('',(168.993,-99.896,0.));
#21264 = DIRECTION('',(0.,1.,0.));
#21265 = DIRECTION('',(1.,0.,0.));
#21266 = ADVANCED_FACE('',(#21267),#21278,.T.);
#21267 = FACE_BOUND('',#21268,.T.);
#21268 = EDGE_LOOP('',(#21269,#21270,#21271,#21277));
#21269 = ORIENTED_EDGE('',*,*,#21255,.T.);
#21270 = ORIENTED_EDGE('',*,*,#20904,.T.);
#21271 = ORIENTED_EDGE('',*,*,#21272,.F.);
#21272 = EDGE_CURVE('',#20392,#20897,#21273,.T.);
#21273 = LINE('',#21274,#21275);
#21274 = CARTESIAN_POINT('',(175.443,-104.921,0.));
#21275 = VECTOR('',#21276,1.);
#21276 = DIRECTION('',(0.,0.,1.));
#21277 = ORIENTED_EDGE('',*,*,#20399,.F.);
#21278 = PLANE('',#21279);
#21279 = AXIS2_PLACEMENT_3D('',#21280,#21281,#21282);
#21280 = CARTESIAN_POINT('',(175.443,-99.896,0.));
#21281 = DIRECTION('',(1.,0.,-0.));
#21282 = DIRECTION('',(0.,-1.,0.));
#21283 = ADVANCED_FACE('',(#21284),#21295,.T.);
#21284 = FACE_BOUND('',#21285,.T.);
#21285 = EDGE_LOOP('',(#21286,#21287,#21288,#21289));
#21286 = ORIENTED_EDGE('',*,*,#20391,.F.);
#21287 = ORIENTED_EDGE('',*,*,#21272,.T.);
#21288 = ORIENTED_EDGE('',*,*,#20896,.T.);
#21289 = ORIENTED_EDGE('',*,*,#21290,.T.);
#21290 = EDGE_CURVE('',#20888,#20383,#21291,.T.);
#21291 = LINE('',#21292,#21293);
#21292 = CARTESIAN_POINT('',(169.443,-104.921,-4.6E-02));
#21293 = VECTOR('',#21294,1.);
#21294 = DIRECTION('',(-0.,-0.,-1.));
#21295 = PLANE('',#21296);
#21296 = AXIS2_PLACEMENT_3D('',#21297,#21298,#21299);
#21297 = CARTESIAN_POINT('',(175.443,-104.921,0.));
#21298 = DIRECTION('',(0.,-1.,0.));
#21299 = DIRECTION('',(-1.,0.,0.));
#21300 = ADVANCED_FACE('',(#21301),#21312,.F.);
#21301 = FACE_BOUND('',#21302,.T.);
#21302 = EDGE_LOOP('',(#21303,#21304,#21305,#21311));
#21303 = ORIENTED_EDGE('',*,*,#21290,.F.);
#21304 = ORIENTED_EDGE('',*,*,#20887,.F.);
#21305 = ORIENTED_EDGE('',*,*,#21306,.T.);
#21306 = EDGE_CURVE('',#20880,#20375,#21307,.T.);
#21307 = LINE('',#21308,#21309);
#21308 = CARTESIAN_POINT('',(166.443,-104.921,-4.6E-02));
#21309 = VECTOR('',#21310,1.);
#21310 = DIRECTION('',(-0.,-0.,-1.));
#21311 = ORIENTED_EDGE('',*,*,#20382,.T.);
#21312 = CYLINDRICAL_SURFACE('',#21313,1.5);
#21313 = AXIS2_PLACEMENT_3D('',#21314,#21315,#21316);
#21314 = CARTESIAN_POINT('',(167.943,-104.921,-4.6E-02));
#21315 = DIRECTION('',(-0.,-0.,-1.));
#21316 = DIRECTION('',(-0.,-1.,0.));
#21317 = ADVANCED_FACE('',(#21318),#21329,.T.);
#21318 = FACE_BOUND('',#21319,.T.);
#21319 = EDGE_LOOP('',(#21320,#21321,#21322,#21323));
#21320 = ORIENTED_EDGE('',*,*,#20374,.F.);
#21321 = ORIENTED_EDGE('',*,*,#21306,.F.);
#21322 = ORIENTED_EDGE('',*,*,#20879,.T.);
#21323 = ORIENTED_EDGE('',*,*,#21324,.T.);
#21324 = EDGE_CURVE('',#20871,#20366,#21325,.T.);
#21325 = LINE('',#21326,#21327);
#21326 = CARTESIAN_POINT('',(159.443,-104.921,-4.6E-02));
#21327 = VECTOR('',#21328,1.);
#21328 = DIRECTION('',(-0.,-0.,-1.));
#21329 = PLANE('',#21330);
#21330 = AXIS2_PLACEMENT_3D('',#21331,#21332,#21333);
#21331 = CARTESIAN_POINT('',(175.443,-104.921,0.));
#21332 = DIRECTION('',(0.,-1.,0.));
#21333 = DIRECTION('',(-1.,0.,0.));
#21334 = ADVANCED_FACE('',(#21335),#21346,.F.);
#21335 = FACE_BOUND('',#21336,.T.);
#21336 = EDGE_LOOP('',(#21337,#21338,#21339,#21345));
#21337 = ORIENTED_EDGE('',*,*,#21324,.F.);
#21338 = ORIENTED_EDGE('',*,*,#20870,.F.);
#21339 = ORIENTED_EDGE('',*,*,#21340,.T.);
#21340 = EDGE_CURVE('',#20863,#20358,#21341,.T.);
#21341 = LINE('',#21342,#21343);
#21342 = CARTESIAN_POINT('',(156.443,-104.921,-4.6E-02));
#21343 = VECTOR('',#21344,1.);
#21344 = DIRECTION('',(-0.,-0.,-1.));
#21345 = ORIENTED_EDGE('',*,*,#20365,.T.);
#21346 = CYLINDRICAL_SURFACE('',#21347,1.5);
#21347 = AXIS2_PLACEMENT_3D('',#21348,#21349,#21350);
#21348 = CARTESIAN_POINT('',(157.943,-104.921,-4.6E-02));
#21349 = DIRECTION('',(-0.,-0.,-1.));
#21350 = DIRECTION('',(-0.,-1.,0.));
#21351 = ADVANCED_FACE('',(#21352),#21363,.T.);
#21352 = FACE_BOUND('',#21353,.T.);
#21353 = EDGE_LOOP('',(#21354,#21355,#21356,#21357));
#21354 = ORIENTED_EDGE('',*,*,#20357,.F.);
#21355 = ORIENTED_EDGE('',*,*,#21340,.F.);
#21356 = ORIENTED_EDGE('',*,*,#20862,.T.);
#21357 = ORIENTED_EDGE('',*,*,#21358,.T.);
#21358 = EDGE_CURVE('',#20854,#20349,#21359,.T.);
#21359 = LINE('',#21360,#21361);
#21360 = CARTESIAN_POINT('',(149.443,-104.921,-4.6E-02));
#21361 = VECTOR('',#21362,1.);
#21362 = DIRECTION('',(-0.,-0.,-1.));
#21363 = PLANE('',#21364);
#21364 = AXIS2_PLACEMENT_3D('',#21365,#21366,#21367);
#21365 = CARTESIAN_POINT('',(175.443,-104.921,0.));
#21366 = DIRECTION('',(0.,-1.,0.));
#21367 = DIRECTION('',(-1.,0.,0.));
#21368 = ADVANCED_FACE('',(#21369),#21380,.F.);
#21369 = FACE_BOUND('',#21370,.T.);
#21370 = EDGE_LOOP('',(#21371,#21372,#21373,#21379));
#21371 = ORIENTED_EDGE('',*,*,#21358,.F.);
#21372 = ORIENTED_EDGE('',*,*,#20853,.F.);
#21373 = ORIENTED_EDGE('',*,*,#21374,.T.);
#21374 = EDGE_CURVE('',#20846,#20341,#21375,.T.);
#21375 = LINE('',#21376,#21377);
#21376 = CARTESIAN_POINT('',(146.443,-104.921,-4.6E-02));
#21377 = VECTOR('',#21378,1.);
#21378 = DIRECTION('',(-0.,-0.,-1.));
#21379 = ORIENTED_EDGE('',*,*,#20348,.T.);
#21380 = CYLINDRICAL_SURFACE('',#21381,1.5);
#21381 = AXIS2_PLACEMENT_3D('',#21382,#21383,#21384);
#21382 = CARTESIAN_POINT('',(147.943,-104.921,-4.6E-02));
#21383 = DIRECTION('',(-0.,-0.,-1.));
#21384 = DIRECTION('',(-0.,-1.,0.));
#21385 = ADVANCED_FACE('',(#21386),#21397,.T.);
#21386 = FACE_BOUND('',#21387,.T.);
#21387 = EDGE_LOOP('',(#21388,#21389,#21390,#21391));
#21388 = ORIENTED_EDGE('',*,*,#20340,.F.);
#21389 = ORIENTED_EDGE('',*,*,#21374,.F.);
#21390 = ORIENTED_EDGE('',*,*,#20845,.T.);
#21391 = ORIENTED_EDGE('',*,*,#21392,.T.);
#21392 = EDGE_CURVE('',#20837,#20332,#21393,.T.);
#21393 = LINE('',#21394,#21395);
#21394 = CARTESIAN_POINT('',(139.443,-104.921,-4.6E-02));
#21395 = VECTOR('',#21396,1.);
#21396 = DIRECTION('',(-0.,-0.,-1.));
#21397 = PLANE('',#21398);
#21398 = AXIS2_PLACEMENT_3D('',#21399,#21400,#21401);
#21399 = CARTESIAN_POINT('',(175.443,-104.921,0.));
#21400 = DIRECTION('',(0.,-1.,0.));
#21401 = DIRECTION('',(-1.,0.,0.));
#21402 = ADVANCED_FACE('',(#21403),#21414,.F.);
#21403 = FACE_BOUND('',#21404,.T.);
#21404 = EDGE_LOOP('',(#21405,#21406,#21407,#21413));
#21405 = ORIENTED_EDGE('',*,*,#21392,.F.);
#21406 = ORIENTED_EDGE('',*,*,#20836,.F.);
#21407 = ORIENTED_EDGE('',*,*,#21408,.T.);
#21408 = EDGE_CURVE('',#20829,#20324,#21409,.T.);
#21409 = LINE('',#21410,#21411);
#21410 = CARTESIAN_POINT('',(136.443,-104.921,-4.6E-02));
#21411 = VECTOR('',#21412,1.);
#21412 = DIRECTION('',(-0.,-0.,-1.));
#21413 = ORIENTED_EDGE('',*,*,#20331,.T.);
#21414 = CYLINDRICAL_SURFACE('',#21415,1.5);
#21415 = AXIS2_PLACEMENT_3D('',#21416,#21417,#21418);
#21416 = CARTESIAN_POINT('',(137.943,-104.921,-4.6E-02));
#21417 = DIRECTION('',(-0.,-0.,-1.));
#21418 = DIRECTION('',(-0.,-1.,0.));
#21419 = ADVANCED_FACE('',(#21420),#21431,.T.);
#21420 = FACE_BOUND('',#21421,.T.);
#21421 = EDGE_LOOP('',(#21422,#21423,#21424,#21425));
#21422 = ORIENTED_EDGE('',*,*,#20323,.F.);
#21423 = ORIENTED_EDGE('',*,*,#21408,.F.);
#21424 = ORIENTED_EDGE('',*,*,#20828,.T.);
#21425 = ORIENTED_EDGE('',*,*,#21426,.T.);
#21426 = EDGE_CURVE('',#20820,#20315,#21427,.T.);
#21427 = LINE('',#21428,#21429);
#21428 = CARTESIAN_POINT('',(129.443,-104.921,-4.6E-02));
#21429 = VECTOR('',#21430,1.);
#21430 = DIRECTION('',(-0.,-0.,-1.));
#21431 = PLANE('',#21432);
#21432 = AXIS2_PLACEMENT_3D('',#21433,#21434,#21435);
#21433 = CARTESIAN_POINT('',(175.443,-104.921,0.));
#21434 = DIRECTION('',(0.,-1.,0.));
#21435 = DIRECTION('',(-1.,0.,0.));
#21436 = ADVANCED_FACE('',(#21437),#21448,.F.);
#21437 = FACE_BOUND('',#21438,.T.);
#21438 = EDGE_LOOP('',(#21439,#21440,#21441,#21447));
#21439 = ORIENTED_EDGE('',*,*,#21426,.F.);
#21440 = ORIENTED_EDGE('',*,*,#20819,.F.);
#21441 = ORIENTED_EDGE('',*,*,#21442,.T.);
#21442 = EDGE_CURVE('',#20812,#20307,#21443,.T.);
#21443 = LINE('',#21444,#21445);
#21444 = CARTESIAN_POINT('',(126.443,-104.921,-4.6E-02));
#21445 = VECTOR('',#21446,1.);
#21446 = DIRECTION('',(-0.,-0.,-1.));
#21447 = ORIENTED_EDGE('',*,*,#20314,.T.);
#21448 = CYLINDRICAL_SURFACE('',#21449,1.5);
#21449 = AXIS2_PLACEMENT_3D('',#21450,#21451,#21452);
#21450 = CARTESIAN_POINT('',(127.943,-104.921,-4.6E-02));
#21451 = DIRECTION('',(-0.,-0.,-1.));
#21452 = DIRECTION('',(-9.473903143468E-15,-1.,0.));
#21453 = ADVANCED_FACE('',(#21454),#21465,.T.);
#21454 = FACE_BOUND('',#21455,.T.);
#21455 = EDGE_LOOP('',(#21456,#21457,#21458,#21459));
#21456 = ORIENTED_EDGE('',*,*,#20306,.F.);
#21457 = ORIENTED_EDGE('',*,*,#21442,.F.);
#21458 = ORIENTED_EDGE('',*,*,#20811,.T.);
#21459 = ORIENTED_EDGE('',*,*,#21460,.F.);
#21460 = EDGE_CURVE('',#20299,#20804,#21461,.T.);
#21461 = LINE('',#21462,#21463);
#21462 = CARTESIAN_POINT('',(125.443,-104.921,0.));
#21463 = VECTOR('',#21464,1.);
#21464 = DIRECTION('',(0.,0.,1.));
#21465 = PLANE('',#21466);
#21466 = AXIS2_PLACEMENT_3D('',#21467,#21468,#21469);
#21467 = CARTESIAN_POINT('',(175.443,-104.921,0.));
#21468 = DIRECTION('',(0.,-1.,0.));
#21469 = DIRECTION('',(-1.,0.,0.));
#21470 = ADVANCED_FACE('',(#21471),#21482,.T.);
#21471 = FACE_BOUND('',#21472,.T.);
#21472 = EDGE_LOOP('',(#21473,#21474,#21475,#21481));
#21473 = ORIENTED_EDGE('',*,*,#21460,.T.);
#21474 = ORIENTED_EDGE('',*,*,#20803,.T.);
#21475 = ORIENTED_EDGE('',*,*,#21476,.F.);
#21476 = EDGE_CURVE('',#20291,#20796,#21477,.T.);
#21477 = LINE('',#21478,#21479);
#21478 = CARTESIAN_POINT('',(125.443,-74.921,0.));
#21479 = VECTOR('',#21480,1.);
#21480 = DIRECTION('',(0.,0.,1.));
#21481 = ORIENTED_EDGE('',*,*,#20298,.F.);
#21482 = PLANE('',#21483);
#21483 = AXIS2_PLACEMENT_3D('',#21484,#21485,#21486);
#21484 = CARTESIAN_POINT('',(125.443,-104.921,0.));
#21485 = DIRECTION('',(-1.,0.,0.));
#21486 = DIRECTION('',(0.,1.,0.));
#21487 = ADVANCED_FACE('',(#21488),#21499,.T.);
#21488 = FACE_BOUND('',#21489,.T.);
#21489 = EDGE_LOOP('',(#21490,#21491,#21492,#21493));
#21490 = ORIENTED_EDGE('',*,*,#20290,.F.);
#21491 = ORIENTED_EDGE('',*,*,#21476,.T.);
#21492 = ORIENTED_EDGE('',*,*,#20795,.T.);
#21493 = ORIENTED_EDGE('',*,*,#21494,.T.);
#21494 = EDGE_CURVE('',#20787,#20282,#21495,.T.);
#21495 = LINE('',#21496,#21497);
#21496 = CARTESIAN_POINT('',(126.443,-74.921,-4.6E-02));
#21497 = VECTOR('',#21498,1.);
#21498 = DIRECTION('',(-0.,-0.,-1.));
#21499 = PLANE('',#21500);
#21500 = AXIS2_PLACEMENT_3D('',#21501,#21502,#21503);
#21501 = CARTESIAN_POINT('',(125.443,-74.921,0.));
#21502 = DIRECTION('',(0.,1.,0.));
#21503 = DIRECTION('',(1.,0.,0.));
#21504 = ADVANCED_FACE('',(#21505),#21516,.F.);
#21505 = FACE_BOUND('',#21506,.T.);
#21506 = EDGE_LOOP('',(#21507,#21513,#21514,#21515));
#21507 = ORIENTED_EDGE('',*,*,#21508,.F.);
#21508 = EDGE_CURVE('',#20273,#20778,#21509,.T.);
#21509 = LINE('',#21510,#21511);
#21510 = CARTESIAN_POINT('',(127.943,-76.421,-4.6E-02));
#21511 = VECTOR('',#21512,1.);
#21512 = DIRECTION('',(0.,0.,1.));
#21513 = ORIENTED_EDGE('',*,*,#20281,.T.);
#21514 = ORIENTED_EDGE('',*,*,#21494,.F.);
#21515 = ORIENTED_EDGE('',*,*,#20786,.F.);
#21516 = CYLINDRICAL_SURFACE('',#21517,1.5);
#21517 = AXIS2_PLACEMENT_3D('',#21518,#21519,#21520);
#21518 = CARTESIAN_POINT('',(127.943,-74.921,-4.6E-02));
#21519 = DIRECTION('',(-0.,-0.,-1.));
#21520 = DIRECTION('',(-9.473903143468E-15,-1.,0.));
#21521 = ADVANCED_FACE('',(#21522),#21533,.F.);
#21522 = FACE_BOUND('',#21523,.T.);
#21523 = EDGE_LOOP('',(#21524,#21525,#21526,#21527));
#21524 = ORIENTED_EDGE('',*,*,#20272,.T.);
#21525 = ORIENTED_EDGE('',*,*,#21508,.T.);
#21526 = ORIENTED_EDGE('',*,*,#20777,.F.);
#21527 = ORIENTED_EDGE('',*,*,#21528,.T.);
#21528 = EDGE_CURVE('',#20770,#20265,#21529,.T.);
#21529 = LINE('',#21530,#21531);
#21530 = CARTESIAN_POINT('',(129.443,-74.921,-4.6E-02));
#21531 = VECTOR('',#21532,1.);
#21532 = DIRECTION('',(-0.,-0.,-1.));
#21533 = CYLINDRICAL_SURFACE('',#21534,1.5);
#21534 = AXIS2_PLACEMENT_3D('',#21535,#21536,#21537);
#21535 = CARTESIAN_POINT('',(127.943,-74.921,-4.6E-02));
#21536 = DIRECTION('',(-0.,-0.,-1.));
#21537 = DIRECTION('',(-9.473903143468E-15,-1.,0.));
#21538 = ADVANCED_FACE('',(#21539),#21550,.T.);
#21539 = FACE_BOUND('',#21540,.T.);
#21540 = EDGE_LOOP('',(#21541,#21542,#21543,#21544));
#21541 = ORIENTED_EDGE('',*,*,#20264,.F.);
#21542 = ORIENTED_EDGE('',*,*,#21528,.F.);
#21543 = ORIENTED_EDGE('',*,*,#20769,.T.);
#21544 = ORIENTED_EDGE('',*,*,#21545,.T.);
#21545 = EDGE_CURVE('',#20761,#20256,#21546,.T.);
#21546 = LINE('',#21547,#21548);
#21547 = CARTESIAN_POINT('',(136.443,-74.921,-4.6E-02));
#21548 = VECTOR('',#21549,1.);
#21549 = DIRECTION('',(-0.,-0.,-1.));
#21550 = PLANE('',#21551);
#21551 = AXIS2_PLACEMENT_3D('',#21552,#21553,#21554);
#21552 = CARTESIAN_POINT('',(125.443,-74.921,0.));
#21553 = DIRECTION('',(0.,1.,0.));
#21554 = DIRECTION('',(1.,0.,0.));
#21555 = ADVANCED_FACE('',(#21556),#21567,.F.);
#21556 = FACE_BOUND('',#21557,.T.);
#21557 = EDGE_LOOP('',(#21558,#21564,#21565,#21566));
#21558 = ORIENTED_EDGE('',*,*,#21559,.F.);
#21559 = EDGE_CURVE('',#20247,#20752,#21560,.T.);
#21560 = LINE('',#21561,#21562);
#21561 = CARTESIAN_POINT('',(137.943,-76.421,-4.6E-02));
#21562 = VECTOR('',#21563,1.);
#21563 = DIRECTION('',(0.,0.,1.));
#21564 = ORIENTED_EDGE('',*,*,#20255,.T.);
#21565 = ORIENTED_EDGE('',*,*,#21545,.F.);
#21566 = ORIENTED_EDGE('',*,*,#20760,.F.);
#21567 = CYLINDRICAL_SURFACE('',#21568,1.5);
#21568 = AXIS2_PLACEMENT_3D('',#21569,#21570,#21571);
#21569 = CARTESIAN_POINT('',(137.943,-74.921,-4.6E-02));
#21570 = DIRECTION('',(-0.,-0.,-1.));
#21571 = DIRECTION('',(-0.,-1.,0.));
#21572 = ADVANCED_FACE('',(#21573),#21584,.F.);
#21573 = FACE_BOUND('',#21574,.T.);
#21574 = EDGE_LOOP('',(#21575,#21576,#21577,#21578));
#21575 = ORIENTED_EDGE('',*,*,#20246,.T.);
#21576 = ORIENTED_EDGE('',*,*,#21559,.T.);
#21577 = ORIENTED_EDGE('',*,*,#20751,.F.);
#21578 = ORIENTED_EDGE('',*,*,#21579,.T.);
#21579 = EDGE_CURVE('',#20744,#20239,#21580,.T.);
#21580 = LINE('',#21581,#21582);
#21581 = CARTESIAN_POINT('',(139.443,-74.921,-4.6E-02));
#21582 = VECTOR('',#21583,1.);
#21583 = DIRECTION('',(-0.,-0.,-1.));
#21584 = CYLINDRICAL_SURFACE('',#21585,1.5);
#21585 = AXIS2_PLACEMENT_3D('',#21586,#21587,#21588);
#21586 = CARTESIAN_POINT('',(137.943,-74.921,-4.6E-02));
#21587 = DIRECTION('',(-0.,-0.,-1.));
#21588 = DIRECTION('',(-0.,-1.,0.));
#21589 = ADVANCED_FACE('',(#21590),#21601,.T.);
#21590 = FACE_BOUND('',#21591,.T.);
#21591 = EDGE_LOOP('',(#21592,#21593,#21594,#21595));
#21592 = ORIENTED_EDGE('',*,*,#20238,.F.);
#21593 = ORIENTED_EDGE('',*,*,#21579,.F.);
#21594 = ORIENTED_EDGE('',*,*,#20743,.T.);
#21595 = ORIENTED_EDGE('',*,*,#21596,.T.);
#21596 = EDGE_CURVE('',#20735,#20230,#21597,.T.);
#21597 = LINE('',#21598,#21599);
#21598 = CARTESIAN_POINT('',(146.443,-74.921,-4.6E-02));
#21599 = VECTOR('',#21600,1.);
#21600 = DIRECTION('',(-0.,-0.,-1.));
#21601 = PLANE('',#21602);
#21602 = AXIS2_PLACEMENT_3D('',#21603,#21604,#21605);
#21603 = CARTESIAN_POINT('',(125.443,-74.921,0.));
#21604 = DIRECTION('',(0.,1.,0.));
#21605 = DIRECTION('',(1.,0.,0.));
#21606 = ADVANCED_FACE('',(#21607),#21618,.F.);
#21607 = FACE_BOUND('',#21608,.T.);
#21608 = EDGE_LOOP('',(#21609,#21615,#21616,#21617));
#21609 = ORIENTED_EDGE('',*,*,#21610,.F.);
#21610 = EDGE_CURVE('',#20221,#20726,#21611,.T.);
#21611 = LINE('',#21612,#21613);
#21612 = CARTESIAN_POINT('',(147.943,-76.421,-4.6E-02));
#21613 = VECTOR('',#21614,1.);
#21614 = DIRECTION('',(0.,0.,1.));
#21615 = ORIENTED_EDGE('',*,*,#20229,.T.);
#21616 = ORIENTED_EDGE('',*,*,#21596,.F.);
#21617 = ORIENTED_EDGE('',*,*,#20734,.F.);
#21618 = CYLINDRICAL_SURFACE('',#21619,1.5);
#21619 = AXIS2_PLACEMENT_3D('',#21620,#21621,#21622);
#21620 = CARTESIAN_POINT('',(147.943,-74.921,-4.6E-02));
#21621 = DIRECTION('',(-0.,-0.,-1.));
#21622 = DIRECTION('',(-0.,-1.,0.));
#21623 = ADVANCED_FACE('',(#21624),#21635,.F.);
#21624 = FACE_BOUND('',#21625,.T.);
#21625 = EDGE_LOOP('',(#21626,#21627,#21628,#21629));
#21626 = ORIENTED_EDGE('',*,*,#20220,.T.);
#21627 = ORIENTED_EDGE('',*,*,#21610,.T.);
#21628 = ORIENTED_EDGE('',*,*,#20725,.F.);
#21629 = ORIENTED_EDGE('',*,*,#21630,.T.);
#21630 = EDGE_CURVE('',#20718,#20213,#21631,.T.);
#21631 = LINE('',#21632,#21633);
#21632 = CARTESIAN_POINT('',(149.443,-74.921,-4.6E-02));
#21633 = VECTOR('',#21634,1.);
#21634 = DIRECTION('',(-0.,-0.,-1.));
#21635 = CYLINDRICAL_SURFACE('',#21636,1.5);
#21636 = AXIS2_PLACEMENT_3D('',#21637,#21638,#21639);
#21637 = CARTESIAN_POINT('',(147.943,-74.921,-4.6E-02));
#21638 = DIRECTION('',(-0.,-0.,-1.));
#21639 = DIRECTION('',(-0.,-1.,0.));
#21640 = ADVANCED_FACE('',(#21641),#21652,.T.);
#21641 = FACE_BOUND('',#21642,.T.);
#21642 = EDGE_LOOP('',(#21643,#21644,#21645,#21646));
#21643 = ORIENTED_EDGE('',*,*,#20212,.F.);
#21644 = ORIENTED_EDGE('',*,*,#21630,.F.);
#21645 = ORIENTED_EDGE('',*,*,#20717,.T.);
#21646 = ORIENTED_EDGE('',*,*,#21647,.T.);
#21647 = EDGE_CURVE('',#20709,#20204,#21648,.T.);
#21648 = LINE('',#21649,#21650);
#21649 = CARTESIAN_POINT('',(156.443,-74.921,-4.6E-02));
#21650 = VECTOR('',#21651,1.);
#21651 = DIRECTION('',(-0.,-0.,-1.));
#21652 = PLANE('',#21653);
#21653 = AXIS2_PLACEMENT_3D('',#21654,#21655,#21656);
#21654 = CARTESIAN_POINT('',(125.443,-74.921,0.));
#21655 = DIRECTION('',(0.,1.,0.));
#21656 = DIRECTION('',(1.,0.,0.));
#21657 = ADVANCED_FACE('',(#21658),#21669,.F.);
#21658 = FACE_BOUND('',#21659,.T.);
#21659 = EDGE_LOOP('',(#21660,#21666,#21667,#21668));
#21660 = ORIENTED_EDGE('',*,*,#21661,.F.);
#21661 = EDGE_CURVE('',#20195,#20700,#21662,.T.);
#21662 = LINE('',#21663,#21664);
#21663 = CARTESIAN_POINT('',(157.943,-76.421,-4.6E-02));
#21664 = VECTOR('',#21665,1.);
#21665 = DIRECTION('',(0.,0.,1.));
#21666 = ORIENTED_EDGE('',*,*,#20203,.T.);
#21667 = ORIENTED_EDGE('',*,*,#21647,.F.);
#21668 = ORIENTED_EDGE('',*,*,#20708,.F.);
#21669 = CYLINDRICAL_SURFACE('',#21670,1.5);
#21670 = AXIS2_PLACEMENT_3D('',#21671,#21672,#21673);
#21671 = CARTESIAN_POINT('',(157.943,-74.921,-4.6E-02));
#21672 = DIRECTION('',(-0.,-0.,-1.));
#21673 = DIRECTION('',(-0.,-1.,0.));
#21674 = ADVANCED_FACE('',(#21675),#21686,.F.);
#21675 = FACE_BOUND('',#21676,.T.);
#21676 = EDGE_LOOP('',(#21677,#21678,#21679,#21680));
#21677 = ORIENTED_EDGE('',*,*,#20194,.T.);
#21678 = ORIENTED_EDGE('',*,*,#21661,.T.);
#21679 = ORIENTED_EDGE('',*,*,#20699,.F.);
#21680 = ORIENTED_EDGE('',*,*,#21681,.T.);
#21681 = EDGE_CURVE('',#20692,#20187,#21682,.T.);
#21682 = LINE('',#21683,#21684);
#21683 = CARTESIAN_POINT('',(159.443,-74.921,-4.6E-02));
#21684 = VECTOR('',#21685,1.);
#21685 = DIRECTION('',(-0.,-0.,-1.));
#21686 = CYLINDRICAL_SURFACE('',#21687,1.5);
#21687 = AXIS2_PLACEMENT_3D('',#21688,#21689,#21690);
#21688 = CARTESIAN_POINT('',(157.943,-74.921,-4.6E-02));
#21689 = DIRECTION('',(-0.,-0.,-1.));
#21690 = DIRECTION('',(-0.,-1.,0.));
#21691 = ADVANCED_FACE('',(#21692),#21703,.T.);
#21692 = FACE_BOUND('',#21693,.T.);
#21693 = EDGE_LOOP('',(#21694,#21695,#21696,#21697));
#21694 = ORIENTED_EDGE('',*,*,#20186,.F.);
#21695 = ORIENTED_EDGE('',*,*,#21681,.F.);
#21696 = ORIENTED_EDGE('',*,*,#20691,.T.);
#21697 = ORIENTED_EDGE('',*,*,#21698,.T.);
#21698 = EDGE_CURVE('',#20683,#20178,#21699,.T.);
#21699 = LINE('',#21700,#21701);
#21700 = CARTESIAN_POINT('',(166.443,-74.921,-4.6E-02));
#21701 = VECTOR('',#21702,1.);
#21702 = DIRECTION('',(-0.,-0.,-1.));
#21703 = PLANE('',#21704);
#21704 = AXIS2_PLACEMENT_3D('',#21705,#21706,#21707);
#21705 = CARTESIAN_POINT('',(125.443,-74.921,0.));
#21706 = DIRECTION('',(0.,1.,0.));
#21707 = DIRECTION('',(1.,0.,0.));
#21708 = ADVANCED_FACE('',(#21709),#21720,.F.);
#21709 = FACE_BOUND('',#21710,.T.);
#21710 = EDGE_LOOP('',(#21711,#21717,#21718,#21719));
#21711 = ORIENTED_EDGE('',*,*,#21712,.F.);
#21712 = EDGE_CURVE('',#20169,#20674,#21713,.T.);
#21713 = LINE('',#21714,#21715);
#21714 = CARTESIAN_POINT('',(167.943,-76.421,-4.6E-02));
#21715 = VECTOR('',#21716,1.);
#21716 = DIRECTION('',(0.,0.,1.));
#21717 = ORIENTED_EDGE('',*,*,#20177,.T.);
#21718 = ORIENTED_EDGE('',*,*,#21698,.F.);
#21719 = ORIENTED_EDGE('',*,*,#20682,.F.);
#21720 = CYLINDRICAL_SURFACE('',#21721,1.5);
#21721 = AXIS2_PLACEMENT_3D('',#21722,#21723,#21724);
#21722 = CARTESIAN_POINT('',(167.943,-74.921,-4.6E-02));
#21723 = DIRECTION('',(-0.,-0.,-1.));
#21724 = DIRECTION('',(-0.,-1.,0.));
#21725 = ADVANCED_FACE('',(#21726),#21732,.F.);
#21726 = FACE_BOUND('',#21727,.T.);
#21727 = EDGE_LOOP('',(#21728,#21729,#21730,#21731));
#21728 = ORIENTED_EDGE('',*,*,#20168,.T.);
#21729 = ORIENTED_EDGE('',*,*,#21712,.T.);
#21730 = ORIENTED_EDGE('',*,*,#20673,.F.);
#21731 = ORIENTED_EDGE('',*,*,#21169,.T.);
#21732 = CYLINDRICAL_SURFACE('',#21733,1.5);
#21733 = AXIS2_PLACEMENT_3D('',#21734,#21735,#21736);
#21734 = CARTESIAN_POINT('',(167.943,-74.921,-4.6E-02));
#21735 = DIRECTION('',(-0.,-0.,-1.));
#21736 = DIRECTION('',(-0.,-1.,0.));
#21737 = ADVANCED_FACE('',(#21738),#21749,.F.);
#21738 = FACE_BOUND('',#21739,.T.);
#21739 = EDGE_LOOP('',(#21740,#21741,#21747,#21748));
#21740 = ORIENTED_EDGE('',*,*,#20448,.T.);
#21741 = ORIENTED_EDGE('',*,*,#21742,.T.);
#21742 = EDGE_CURVE('',#20449,#20954,#21743,.T.);
#21743 = LINE('',#21744,#21745);
#21744 = CARTESIAN_POINT('',(152.861,-93.48,-4.6E-02));
#21745 = VECTOR('',#21746,1.);
#21746 = DIRECTION('',(0.,0.,1.));
#21747 = ORIENTED_EDGE('',*,*,#20953,.F.);
#21748 = ORIENTED_EDGE('',*,*,#21742,.F.);
#21749 = CYLINDRICAL_SURFACE('',#21750,0.1);
#21750 = AXIS2_PLACEMENT_3D('',#21751,#21752,#21753);
#21751 = CARTESIAN_POINT('',(152.861,-93.38,-4.6E-02));
#21752 = DIRECTION('',(-0.,-0.,-1.));
#21753 = DIRECTION('',(-0.,-1.,0.));
#21754 = ADVANCED_FACE('',(#21755),#21766,.F.);
#21755 = FACE_BOUND('',#21756,.T.);
#21756 = EDGE_LOOP('',(#21757,#21758,#21764,#21765));
#21757 = ORIENTED_EDGE('',*,*,#20459,.T.);
#21758 = ORIENTED_EDGE('',*,*,#21759,.T.);
#21759 = EDGE_CURVE('',#20460,#20965,#21760,.T.);
#21760 = LINE('',#21761,#21762);
#21761 = CARTESIAN_POINT('',(167.368,-100.446,-4.6E-02));
#21762 = VECTOR('',#21763,1.);
#21763 = DIRECTION('',(0.,0.,1.));
#21764 = ORIENTED_EDGE('',*,*,#20964,.F.);
#21765 = ORIENTED_EDGE('',*,*,#21759,.F.);
#21766 = CYLINDRICAL_SURFACE('',#21767,0.15);
#21767 = AXIS2_PLACEMENT_3D('',#21768,#21769,#21770);
#21768 = CARTESIAN_POINT('',(167.368,-100.296,-4.6E-02));
#21769 = DIRECTION('',(-0.,-0.,-1.));
#21770 = DIRECTION('',(-0.,-1.,0.));
#21771 = ADVANCED_FACE('',(#21772),#21783,.F.);
#21772 = FACE_BOUND('',#21773,.T.);
#21773 = EDGE_LOOP('',(#21774,#21775,#21781,#21782));
#21774 = ORIENTED_EDGE('',*,*,#20470,.T.);
#21775 = ORIENTED_EDGE('',*,*,#21776,.T.);
#21776 = EDGE_CURVE('',#20471,#20976,#21777,.T.);
#21777 = LINE('',#21778,#21779);
#21778 = CARTESIAN_POINT('',(153.461,-93.48,-4.6E-02));
#21779 = VECTOR('',#21780,1.);
#21780 = DIRECTION('',(0.,0.,1.));
#21781 = ORIENTED_EDGE('',*,*,#20975,.F.);
#21782 = ORIENTED_EDGE('',*,*,#21776,.F.);
#21783 = CYLINDRICAL_SURFACE('',#21784,0.1);
#21784 = AXIS2_PLACEMENT_3D('',#21785,#21786,#21787);
#21785 = CARTESIAN_POINT('',(153.461,-93.38,-4.6E-02));
#21786 = DIRECTION('',(-0.,-0.,-1.));
#21787 = DIRECTION('',(-0.,-1.,0.));
#21788 = ADVANCED_FACE('',(#21789),#21800,.F.);
#21789 = FACE_BOUND('',#21790,.T.);
#21790 = EDGE_LOOP('',(#21791,#21792,#21798,#21799));
#21791 = ORIENTED_EDGE('',*,*,#20481,.T.);
#21792 = ORIENTED_EDGE('',*,*,#21793,.T.);
#21793 = EDGE_CURVE('',#20482,#20987,#21794,.T.);
#21794 = LINE('',#21795,#21796);
#21795 = CARTESIAN_POINT('',(154.061,-93.48,-4.6E-02));
#21796 = VECTOR('',#21797,1.);
#21797 = DIRECTION('',(0.,0.,1.));
#21798 = ORIENTED_EDGE('',*,*,#20986,.F.);
#21799 = ORIENTED_EDGE('',*,*,#21793,.F.);
#21800 = CYLINDRICAL_SURFACE('',#21801,9.999999999998E-02);
#21801 = AXIS2_PLACEMENT_3D('',#21802,#21803,#21804);
#21802 = CARTESIAN_POINT('',(154.061,-93.38,-4.6E-02));
#21803 = DIRECTION('',(-0.,-0.,-1.));
#21804 = DIRECTION('',(-0.,-1.,0.));
#21805 = ADVANCED_FACE('',(#21806),#21817,.F.);
#21806 = FACE_BOUND('',#21807,.T.);
#21807 = EDGE_LOOP('',(#21808,#21809,#21815,#21816));
#21808 = ORIENTED_EDGE('',*,*,#20492,.T.);
#21809 = ORIENTED_EDGE('',*,*,#21810,.T.);
#21810 = EDGE_CURVE('',#20493,#20998,#21811,.T.);
#21811 = LINE('',#21812,#21813);
#21812 = CARTESIAN_POINT('',(167.368,-94.696,-4.6E-02));
#21813 = VECTOR('',#21814,1.);
#21814 = DIRECTION('',(0.,0.,1.));
#21815 = ORIENTED_EDGE('',*,*,#20997,.F.);
#21816 = ORIENTED_EDGE('',*,*,#21810,.F.);
#21817 = CYLINDRICAL_SURFACE('',#21818,0.15);
#21818 = AXIS2_PLACEMENT_3D('',#21819,#21820,#21821);
#21819 = CARTESIAN_POINT('',(167.368,-94.546,-4.6E-02));
#21820 = DIRECTION('',(-0.,-0.,-1.));
#21821 = DIRECTION('',(-0.,-1.,0.));
#21822 = ADVANCED_FACE('',(#21823),#21834,.F.);
#21823 = FACE_BOUND('',#21824,.T.);
#21824 = EDGE_LOOP('',(#21825,#21826,#21832,#21833));
#21825 = ORIENTED_EDGE('',*,*,#20503,.T.);
#21826 = ORIENTED_EDGE('',*,*,#21827,.T.);
#21827 = EDGE_CURVE('',#20504,#21009,#21828,.T.);
#21828 = LINE('',#21829,#21830);
#21829 = CARTESIAN_POINT('',(138.441,-86.505,-4.6E-02));
#21830 = VECTOR('',#21831,1.);
#21831 = DIRECTION('',(0.,0.,1.));
#21832 = ORIENTED_EDGE('',*,*,#21008,.F.);
#21833 = ORIENTED_EDGE('',*,*,#21827,.F.);
#21834 = CYLINDRICAL_SURFACE('',#21835,9.999999999999E-02);
#21835 = AXIS2_PLACEMENT_3D('',#21836,#21837,#21838);
#21836 = CARTESIAN_POINT('',(138.441,-86.405,-4.6E-02));
#21837 = DIRECTION('',(-0.,-0.,-1.));
#21838 = DIRECTION('',(-0.,-1.,0.));
#21839 = ADVANCED_FACE('',(#21840),#21851,.F.);
#21840 = FACE_BOUND('',#21841,.T.);
#21841 = EDGE_LOOP('',(#21842,#21843,#21849,#21850));
#21842 = ORIENTED_EDGE('',*,*,#20514,.T.);
#21843 = ORIENTED_EDGE('',*,*,#21844,.T.);
#21844 = EDGE_CURVE('',#20515,#21020,#21845,.T.);
#21845 = LINE('',#21846,#21847);
#21846 = CARTESIAN_POINT('',(139.641,-86.505,-4.6E-02));
#21847 = VECTOR('',#21848,1.);
#21848 = DIRECTION('',(0.,0.,1.));
#21849 = ORIENTED_EDGE('',*,*,#21019,.F.);
#21850 = ORIENTED_EDGE('',*,*,#21844,.F.);
#21851 = CYLINDRICAL_SURFACE('',#21852,0.1);
#21852 = AXIS2_PLACEMENT_3D('',#21853,#21854,#21855);
#21853 = CARTESIAN_POINT('',(139.641,-86.405,-4.6E-02));
#21854 = DIRECTION('',(-0.,-0.,-1.));
#21855 = DIRECTION('',(-2.842170943041E-13,-1.,0.));
#21856 = ADVANCED_FACE('',(#21857),#21868,.F.);
#21857 = FACE_BOUND('',#21858,.T.);
#21858 = EDGE_LOOP('',(#21859,#21860,#21866,#21867));
#21859 = ORIENTED_EDGE('',*,*,#20525,.T.);
#21860 = ORIENTED_EDGE('',*,*,#21861,.T.);
#21861 = EDGE_CURVE('',#20526,#21031,#21862,.T.);
#21862 = LINE('',#21863,#21864);
#21863 = CARTESIAN_POINT('',(140.841,-86.505,-4.6E-02));
#21864 = VECTOR('',#21865,1.);
#21865 = DIRECTION('',(0.,0.,1.));
#21866 = ORIENTED_EDGE('',*,*,#21030,.F.);
#21867 = ORIENTED_EDGE('',*,*,#21861,.F.);
#21868 = CYLINDRICAL_SURFACE('',#21869,1.E-01);
#21869 = AXIS2_PLACEMENT_3D('',#21870,#21871,#21872);
#21870 = CARTESIAN_POINT('',(140.841,-86.405,-4.6E-02));
#21871 = DIRECTION('',(-0.,-0.,-1.));
#21872 = DIRECTION('',(-0.,-1.,0.));
#21873 = ADVANCED_FACE('',(#21874),#21885,.F.);
#21874 = FACE_BOUND('',#21875,.T.);
#21875 = EDGE_LOOP('',(#21876,#21877,#21883,#21884));
#21876 = ORIENTED_EDGE('',*,*,#20536,.T.);
#21877 = ORIENTED_EDGE('',*,*,#21878,.T.);
#21878 = EDGE_CURVE('',#20537,#21042,#21879,.T.);
#21879 = LINE('',#21880,#21881);
#21880 = CARTESIAN_POINT('',(138.441,-84.955,-4.6E-02));
#21881 = VECTOR('',#21882,1.);
#21882 = DIRECTION('',(0.,0.,1.));
#21883 = ORIENTED_EDGE('',*,*,#21041,.F.);
#21884 = ORIENTED_EDGE('',*,*,#21878,.F.);
#21885 = CYLINDRICAL_SURFACE('',#21886,9.999999999999E-02);
#21886 = AXIS2_PLACEMENT_3D('',#21887,#21888,#21889);
#21887 = CARTESIAN_POINT('',(138.441,-84.855,-4.6E-02));
#21888 = DIRECTION('',(-0.,-0.,-1.));
#21889 = DIRECTION('',(-0.,-1.,0.));
#21890 = ADVANCED_FACE('',(#21891),#21902,.F.);
#21891 = FACE_BOUND('',#21892,.T.);
#21892 = EDGE_LOOP('',(#21893,#21894,#21900,#21901));
#21893 = ORIENTED_EDGE('',*,*,#20547,.T.);
#21894 = ORIENTED_EDGE('',*,*,#21895,.T.);
#21895 = EDGE_CURVE('',#20548,#21053,#21896,.T.);
#21896 = LINE('',#21897,#21898);
#21897 = CARTESIAN_POINT('',(139.641,-84.955,-4.6E-02));
#21898 = VECTOR('',#21899,1.);
#21899 = DIRECTION('',(0.,0.,1.));
#21900 = ORIENTED_EDGE('',*,*,#21052,.F.);
#21901 = ORIENTED_EDGE('',*,*,#21895,.F.);
#21902 = CYLINDRICAL_SURFACE('',#21903,0.1);
#21903 = AXIS2_PLACEMENT_3D('',#21904,#21905,#21906);
#21904 = CARTESIAN_POINT('',(139.641,-84.855,-4.6E-02));
#21905 = DIRECTION('',(-0.,-0.,-1.));
#21906 = DIRECTION('',(-2.842170943041E-13,-1.,0.));
#21907 = ADVANCED_FACE('',(#21908),#21919,.F.);
#21908 = FACE_BOUND('',#21909,.T.);
#21909 = EDGE_LOOP('',(#21910,#21911,#21917,#21918));
#21910 = ORIENTED_EDGE('',*,*,#20558,.T.);
#21911 = ORIENTED_EDGE('',*,*,#21912,.T.);
#21912 = EDGE_CURVE('',#20559,#21064,#21913,.T.);
#21913 = LINE('',#21914,#21915);
#21914 = CARTESIAN_POINT('',(140.841,-84.955,-4.6E-02));
#21915 = VECTOR('',#21916,1.);
#21916 = DIRECTION('',(0.,0.,1.));
#21917 = ORIENTED_EDGE('',*,*,#21063,.F.);
#21918 = ORIENTED_EDGE('',*,*,#21912,.F.);
#21919 = CYLINDRICAL_SURFACE('',#21920,1.E-01);
#21920 = AXIS2_PLACEMENT_3D('',#21921,#21922,#21923);
#21921 = CARTESIAN_POINT('',(140.841,-84.855,-4.6E-02));
#21922 = DIRECTION('',(-0.,-0.,-1.));
#21923 = DIRECTION('',(-0.,-1.,0.));
#21924 = ADVANCED_FACE('',(#21925),#21936,.F.);
#21925 = FACE_BOUND('',#21926,.T.);
#21926 = EDGE_LOOP('',(#21927,#21928,#21934,#21935));
#21927 = ORIENTED_EDGE('',*,*,#20569,.T.);
#21928 = ORIENTED_EDGE('',*,*,#21929,.T.);
#21929 = EDGE_CURVE('',#20570,#21075,#21930,.T.);
#21930 = LINE('',#21931,#21932);
#21931 = CARTESIAN_POINT('',(142.041,-86.505,-4.6E-02));
#21932 = VECTOR('',#21933,1.);
#21933 = DIRECTION('',(0.,0.,1.));
#21934 = ORIENTED_EDGE('',*,*,#21074,.F.);
#21935 = ORIENTED_EDGE('',*,*,#21929,.F.);
#21936 = CYLINDRICAL_SURFACE('',#21937,1.E-01);
#21937 = AXIS2_PLACEMENT_3D('',#21938,#21939,#21940);
#21938 = CARTESIAN_POINT('',(142.041,-86.405,-4.6E-02));
#21939 = DIRECTION('',(-0.,-0.,-1.));
#21940 = DIRECTION('',(-0.,-1.,0.));
#21941 = ADVANCED_FACE('',(#21942),#21953,.F.);
#21942 = FACE_BOUND('',#21943,.T.);
#21943 = EDGE_LOOP('',(#21944,#21945,#21951,#21952));
#21944 = ORIENTED_EDGE('',*,*,#20580,.T.);
#21945 = ORIENTED_EDGE('',*,*,#21946,.T.);
#21946 = EDGE_CURVE('',#20581,#21086,#21947,.T.);
#21947 = LINE('',#21948,#21949);
#21948 = CARTESIAN_POINT('',(142.041,-84.955,-4.6E-02));
#21949 = VECTOR('',#21950,1.);
#21950 = DIRECTION('',(0.,0.,1.));
#21951 = ORIENTED_EDGE('',*,*,#21085,.F.);
#21952 = ORIENTED_EDGE('',*,*,#21946,.F.);
#21953 = CYLINDRICAL_SURFACE('',#21954,1.E-01);
#21954 = AXIS2_PLACEMENT_3D('',#21955,#21956,#21957);
#21955 = CARTESIAN_POINT('',(142.041,-84.855,-4.6E-02));
#21956 = DIRECTION('',(-0.,-0.,-1.));
#21957 = DIRECTION('',(-0.,-1.,0.));
#21958 = ADVANCED_FACE('',(#21959),#21970,.F.);
#21959 = FACE_BOUND('',#21960,.T.);
#21960 = EDGE_LOOP('',(#21961,#21962,#21968,#21969));
#21961 = ORIENTED_EDGE('',*,*,#20591,.T.);
#21962 = ORIENTED_EDGE('',*,*,#21963,.T.);
#21963 = EDGE_CURVE('',#20592,#21097,#21964,.T.);
#21964 = LINE('',#21965,#21966);
#21965 = CARTESIAN_POINT('',(138.441,-83.405,-4.6E-02));
#21966 = VECTOR('',#21967,1.);
#21967 = DIRECTION('',(0.,0.,1.));
#21968 = ORIENTED_EDGE('',*,*,#21096,.F.);
#21969 = ORIENTED_EDGE('',*,*,#21963,.F.);
#21970 = CYLINDRICAL_SURFACE('',#21971,9.999999999999E-02);
#21971 = AXIS2_PLACEMENT_3D('',#21972,#21973,#21974);
#21972 = CARTESIAN_POINT('',(138.441,-83.305,-4.6E-02));
#21973 = DIRECTION('',(-0.,-0.,-1.));
#21974 = DIRECTION('',(-0.,-1.,0.));
#21975 = ADVANCED_FACE('',(#21976),#21987,.F.);
#21976 = FACE_BOUND('',#21977,.T.);
#21977 = EDGE_LOOP('',(#21978,#21979,#21985,#21986));
#21978 = ORIENTED_EDGE('',*,*,#20602,.T.);
#21979 = ORIENTED_EDGE('',*,*,#21980,.T.);
#21980 = EDGE_CURVE('',#20603,#21108,#21981,.T.);
#21981 = LINE('',#21982,#21983);
#21982 = CARTESIAN_POINT('',(139.641,-83.405,-4.6E-02));
#21983 = VECTOR('',#21984,1.);
#21984 = DIRECTION('',(0.,0.,1.));
#21985 = ORIENTED_EDGE('',*,*,#21107,.F.);
#21986 = ORIENTED_EDGE('',*,*,#21980,.F.);
#21987 = CYLINDRICAL_SURFACE('',#21988,0.1);
#21988 = AXIS2_PLACEMENT_3D('',#21989,#21990,#21991);
#21989 = CARTESIAN_POINT('',(139.641,-83.305,-4.6E-02));
#21990 = DIRECTION('',(-0.,-0.,-1.));
#21991 = DIRECTION('',(-2.842170943041E-13,-1.,0.));
#21992 = ADVANCED_FACE('',(#21993),#22004,.F.);
#21993 = FACE_BOUND('',#21994,.T.);
#21994 = EDGE_LOOP('',(#21995,#21996,#22002,#22003));
#21995 = ORIENTED_EDGE('',*,*,#20613,.T.);
#21996 = ORIENTED_EDGE('',*,*,#21997,.T.);
#21997 = EDGE_CURVE('',#20614,#21119,#21998,.T.);
#21998 = LINE('',#21999,#22000);
#21999 = CARTESIAN_POINT('',(140.841,-83.405,-4.6E-02));
#22000 = VECTOR('',#22001,1.);
#22001 = DIRECTION('',(0.,0.,1.));
#22002 = ORIENTED_EDGE('',*,*,#21118,.F.);
#22003 = ORIENTED_EDGE('',*,*,#21997,.F.);
#22004 = CYLINDRICAL_SURFACE('',#22005,1.E-01);
#22005 = AXIS2_PLACEMENT_3D('',#22006,#22007,#22008);
#22006 = CARTESIAN_POINT('',(140.841,-83.305,-4.6E-02));
#22007 = DIRECTION('',(-0.,-0.,-1.));
#22008 = DIRECTION('',(-0.,-1.,0.));
#22009 = ADVANCED_FACE('',(#22010),#22021,.F.);
#22010 = FACE_BOUND('',#22011,.T.);
#22011 = EDGE_LOOP('',(#22012,#22013,#22019,#22020));
#22012 = ORIENTED_EDGE('',*,*,#20624,.T.);
#22013 = ORIENTED_EDGE('',*,*,#22014,.T.);
#22014 = EDGE_CURVE('',#20625,#21130,#22015,.T.);
#22015 = LINE('',#22016,#22017);
#22016 = CARTESIAN_POINT('',(142.041,-83.405,-4.6E-02));
#22017 = VECTOR('',#22018,1.);
#22018 = DIRECTION('',(0.,0.,1.));
#22019 = ORIENTED_EDGE('',*,*,#21129,.F.);
#22020 = ORIENTED_EDGE('',*,*,#22014,.F.);
#22021 = CYLINDRICAL_SURFACE('',#22022,1.E-01);
#22022 = AXIS2_PLACEMENT_3D('',#22023,#22024,#22025);
#22023 = CARTESIAN_POINT('',(142.041,-83.305,-4.6E-02));
#22024 = DIRECTION('',(-0.,-0.,-1.));
#22025 = DIRECTION('',(-0.,-1.,0.));
#22026 = ADVANCED_FACE('',(#22027),#22038,.F.);
#22027 = FACE_BOUND('',#22028,.T.);
#22028 = EDGE_LOOP('',(#22029,#22030,#22036,#22037));
#22029 = ORIENTED_EDGE('',*,*,#20635,.T.);
#22030 = ORIENTED_EDGE('',*,*,#22031,.T.);
#22031 = EDGE_CURVE('',#20636,#21141,#22032,.T.);
#22032 = LINE('',#22033,#22034);
#22033 = CARTESIAN_POINT('',(167.368,-85.446,-4.6E-02));
#22034 = VECTOR('',#22035,1.);
#22035 = DIRECTION('',(0.,0.,1.));
#22036 = ORIENTED_EDGE('',*,*,#21140,.F.);
#22037 = ORIENTED_EDGE('',*,*,#22031,.F.);
#22038 = CYLINDRICAL_SURFACE('',#22039,0.15);
#22039 = AXIS2_PLACEMENT_3D('',#22040,#22041,#22042);
#22040 = CARTESIAN_POINT('',(167.368,-85.296,-4.6E-02));
#22041 = DIRECTION('',(-0.,-0.,-1.));
#22042 = DIRECTION('',(-0.,-1.,0.));
#22043 = ADVANCED_FACE('',(#22044),#22055,.F.);
#22044 = FACE_BOUND('',#22045,.T.);
#22045 = EDGE_LOOP('',(#22046,#22047,#22053,#22054));
#22046 = ORIENTED_EDGE('',*,*,#20646,.T.);
#22047 = ORIENTED_EDGE('',*,*,#22048,.T.);
#22048 = EDGE_CURVE('',#20647,#21152,#22049,.T.);
#22049 = LINE('',#22050,#22051);
#22050 = CARTESIAN_POINT('',(167.368,-79.696,-4.6E-02));
#22051 = VECTOR('',#22052,1.);
#22052 = DIRECTION('',(0.,0.,1.));
#22053 = ORIENTED_EDGE('',*,*,#21151,.F.);
#22054 = ORIENTED_EDGE('',*,*,#22048,.F.);
#22055 = CYLINDRICAL_SURFACE('',#22056,0.15);
#22056 = AXIS2_PLACEMENT_3D('',#22057,#22058,#22059);
#22057 = CARTESIAN_POINT('',(167.368,-79.546,-4.6E-02));
#22058 = DIRECTION('',(-0.,-0.,-1.));
#22059 = DIRECTION('',(-0.,-1.,0.));
#22060 = ( GEOMETRIC_REPRESENTATION_CONTEXT(3) 
GLOBAL_UNCERTAINTY_ASSIGNED_CONTEXT((#22064)) 
GLOBAL_UNIT_ASSIGNED_CONTEXT((#22061,#22062,#22063)) 
REPRESENTATION_CONTEXT('Context #1',
  '3D Context with UNIT and UNCERTAINTY') );
#22061 = ( LENGTH_UNIT() NAMED_UNIT(*) SI_UNIT(.MILLI.,.METRE.) );
#22062 = ( NAMED_UNIT(*) PLANE_ANGLE_UNIT() SI_UNIT($,.RADIAN.) );
#22063 = ( NAMED_UNIT(*) SI_UNIT($,.STERADIAN.) SOLID_ANGLE_UNIT() );
#22064 = UNCERTAINTY_MEASURE_WITH_UNIT(LENGTH_MEASURE(1.E-07),#22061,
  'distance_accuracy_value','confusion accuracy');
#22065 = CONTEXT_DEPENDENT_SHAPE_REPRESENTATION(#22066,#22068);
#22066 = ( REPRESENTATION_RELATIONSHIP('','',#20049,#10) 
REPRESENTATION_RELATIONSHIP_WITH_TRANSFORMATION(#22067) 
SHAPE_REPRESENTATION_RELATIONSHIP() );
#22067 = ITEM_DEFINED_TRANSFORMATION('','',#11,#223);
#22068 = PRODUCT_DEFINITION_SHAPE('Placement','Placement of an item',
  #22069);
#22069 = NEXT_ASSEMBLY_USAGE_OCCURRENCE('53','=>[0:1:1:11]','',#5,#20044
  ,$);
#22070 = PRODUCT_RELATED_PRODUCT_CATEGORY('part',$,(#20046));
#22071 = MECHANICAL_DESIGN_GEOMETRIC_PRESENTATION_REPRESENTATION('',(
    #22072),#22060);
#22072 = STYLED_ITEM('color',(#22073),#20050);
#22073 = PRESENTATION_STYLE_ASSIGNMENT((#22074));
#22074 = SURFACE_STYLE_USAGE(.BOTH.,#22075);
#22075 = SURFACE_SIDE_STYLE('',(#22076));
#22076 = SURFACE_STYLE_FILL_AREA(#22077);
#22077 = FILL_AREA_STYLE('',(#22078));
#22078 = FILL_AREA_STYLE_COLOUR('',#22079);
#22079 = COLOUR_RGB('',0.277846546019,0.436627062838,0.370214030736);
ENDSEC;
END-ISO-10303-21;
